[PSMID, RunName, ScanNumber, PeakListFileName, ScanId, Protein1, Name1, Description1, Decoy 1, Protein2, Name2, Description2, Decoy 2, PepSeq1, PepSeq2, PepPos1, PepPos2, LinkPos1, LinkPos2, ProteinSite1, ProteinSite2, Crosslinker, CrosslinkerModMass, Charge, ExpMz, CalcMz, Score, DIA12_CV486075:20251228_A2_N1_Mueller_MS_TechHub_IMP_THIDDIAXL003_Cas9_PhoX_DIA12_CV486075_250ng_FAIMS_003, DIA12_CV486075:20251228_A2_N1_Mueller_MS_TechHub_IMP_THIDDIAXL003_Cas9_PhoX_DIA12_CV486075_250ng_FAIMS_002, DIA12_CV486075:20251228_A2_N1_Mueller_MS_TechHub_IMP_THIDDIAXL003_Cas9_PhoX_DIA12_CV486075_250ng_FAIMS_001]
Scan: 103843 Run: DIA12_CV486075:20251228_A2_N1_Mueller_MS_TechHub_IMP_THIDDIAXL003_Cas9_PhoX_DIA12_CV486075_250ng_FAIMS_001 P1_NSDKLIAR P2_KYGGFDSPTVAYSVLVVAK 4 1,DIA12_CV486075:20251228_A2_N1_Mueller_MS_TechHub_IMP_THIDDIAXL003_Cas9_PhoX_DIA12_CV486075_250ng_FAIMS_001,103843,,,Q99ZW2,,,false,Q99ZW2,Q99ZW2,,false,KYGGFDSPTVAYSVLVVAK,NSDKLIAR,1130,1115,1,4,1130,1118,,-1,3,0,1.007276,112.561409
Scan: 72191 Run: DIA12_CV486075:20251228_A2_N1_Mueller_MS_TechHub_IMP_THIDDIAXL003_Cas9_PhoX_DIA12_CV486075_250ng_FAIMS_001 P1_KTEVQTGGFSKESILPK P2_KLINGIR 11 1,DIA12_CV486075:20251228_A2_N1_Mueller_MS_TechHub_IMP_THIDDIAXL003_Cas9_PhoX_DIA12_CV486075_250ng_FAIMS_001,72191,,,Q99ZW2,,,false,Q99ZW2,Q99ZW2,,false,KLINGIR,KTEVQTGGFSKESILPK,665,1097,1,11,665,1107,,-1,4,0,1.007276,112.561409
Scan: 951567 Run: DIA12_CV486075:20251228_A2_N1_Mueller_MS_TechHub_IMP_THIDDIAXL003_Cas9_PhoX_DIA12_CV486075_250ng_FAIMS_002 P1_MTNFDKNLPNEK P2_KDLIIK 6 1,DIA12_CV486075:20251228_A2_N1_Mueller_MS_TechHub_IMP_THIDDIAXL003_Cas9_PhoX_DIA12_CV486075_250ng_FAIMS_002,951567,,,Q99ZW2,,,false,Q99ZW2,Q99ZW2,,false,KDLIIK,MTNFDKNLPNEK,1192,495,1,6,1192,500,,-1,3,0,1.007276,112.561409
Scan: 1308381 Run: DIA12_CV486075:20251228_A2_N1_Mueller_MS_TechHub_IMP_THIDDIAXL003_Cas9_PhoX_DIA12_CV486075_250ng_FAIMS_003 P1_SSFEKNPIDFLEAK P2_KDLIIK 5 1,DIA12_CV486075:20251228_A2_N1_Mueller_MS_TechHub_IMP_THIDDIAXL003_Cas9_PhoX_DIA12_CV486075_250ng_FAIMS_003,1308381,,,Q99ZW2,,,false,Q99ZW2,Q99ZW2,,false,KDLIIK,SSFEKNPIDFLEAK,1192,1172,1,5,1192,1176,,-1,3,0,1.007276,112.561409
Scan: 1309666 Run: DIA12_CV486075:20251228_A2_N1_Mueller_MS_TechHub_IMP_THIDDIAXL003_Cas9_PhoX_DIA12_CV486075_250ng_FAIMS_003 P1_VILADANLDKVLSAYNK P2_SSFEKNPIDFLEAK 10 5,DIA12_CV486075:20251228_A2_N1_Mueller_MS_TechHub_IMP_THIDDIAXL003_Cas9_PhoX_DIA12_CV486075_250ng_FAIMS_003,1309666,,,Q99ZW2,,,false,Q99ZW2,Q99ZW2,,false,SSFEKNPIDFLEAK,VILADANLDKVLSAYNK,1172,1280,5,10,1176,1289,,-1,4,0,1.007276,112.561409
Scan: 1143043 Run: DIA12_CV486075:20251228_A2_N1_Mueller_MS_TechHub_IMP_THIDDIAXL003_Cas9_PhoX_DIA12_CV486075_250ng_FAIMS_002 P1_GKSDNVPSEEVVK P2_FKVLGNTDR 2 2,DIA12_CV486075:20251228_A2_N1_Mueller_MS_TechHub_IMP_THIDDIAXL003_Cas9_PhoX_DIA12_CV486075_250ng_FAIMS_002,1143043,,,Q99ZW2,,,false,Q99ZW2,Q99ZW2,,false,FKVLGNTDR,GKSDNVPSEEVVK,32,865,2,2,33,866,,-1,3,0,1.007276,112.561409
Scan: 36627 Run: DIA12_CV486075:20251228_A2_N1_Mueller_MS_TechHub_IMP_THIDDIAXL003_Cas9_PhoX_DIA12_CV486075_250ng_FAIMS_001 P1_SSFEKNPIDFLEAK P2_KTEVQTGGFSK 5 1,DIA12_CV486075:20251228_A2_N1_Mueller_MS_TechHub_IMP_THIDDIAXL003_Cas9_PhoX_DIA12_CV486075_250ng_FAIMS_001,36627,,,Q99ZW2,,,false,Q99ZW2,Q99ZW2,,false,KTEVQTGGFSK,SSFEKNPIDFLEAK,1097,1172,1,5,1097,1176,,-1,3,0,1.007276,111.249283
Scan: 260314 Run: DIA12_CV486075:20251228_A2_N1_Mueller_MS_TechHub_IMP_THIDDIAXL003_Cas9_PhoX_DIA12_CV486075_250ng_FAIMS_001 P1_YKEIFFDQSK P2_KLINGIR 2 1,DIA12_CV486075:20251228_A2_N1_Mueller_MS_TechHub_IMP_THIDDIAXL003_Cas9_PhoX_DIA12_CV486075_250ng_FAIMS_001,260314,,,Q99ZW2,,,false,Q99ZW2,Q99ZW2,,false,KLINGIR,YKEIFFDQSK,665,347,1,2,665,348,,-1,3,0,1.007276,110.998707
Scan: 1739127 Run: DIA12_CV486075:20251228_A2_N1_Mueller_MS_TechHub_IMP_THIDDIAXL003_Cas9_PhoX_DIA12_CV486075_250ng_FAIMS_003 P1_SEQEIGKATAK P2_GKSDNVPSEEVVK 7 2,DIA12_CV486075:20251228_A2_N1_Mueller_MS_TechHub_IMP_THIDDIAXL003_Cas9_PhoX_DIA12_CV486075_250ng_FAIMS_003,1739127,,,Q99ZW2,,,false,Q99ZW2,Q99ZW2,,false,GKSDNVPSEEVVK,SEQEIGKATAK,865,1025,2,7,866,1031,,-1,3,0,1.007276,110.946487
Scan: 227985 Run: DIA12_CV486075:20251228_A2_N1_Mueller_MS_TechHub_IMP_THIDDIAXL003_Cas9_PhoX_DIA12_CV486075_250ng_FAIMS_001 P1_SNFDLAEDAKLQLSK P2_KVTVK 10 1,DIA12_CV486075:20251228_A2_N1_Mueller_MS_TechHub_IMP_THIDDIAXL003_Cas9_PhoX_DIA12_CV486075_250ng_FAIMS_001,227985,,,Q99ZW2,,,false,Q99ZW2,Q99ZW2,,false,KVTVK,SNFDLAEDAKLQLSK,558,254,1,10,558,263,,-1,3,0,1.007276,110.886723
Scan: 802252 Run: DIA12_CV486075:20251228_A2_N1_Mueller_MS_TechHub_IMP_THIDDIAXL003_Cas9_PhoX_DIA12_CV486075_250ng_FAIMS_002 P1_KLVDSTDK P2_KFDNLTK 1 1,DIA12_CV486075:20251228_A2_N1_Mueller_MS_TechHub_IMP_THIDDIAXL003_Cas9_PhoX_DIA12_CV486075_250ng_FAIMS_002,802252,,,Q99ZW2,,,false,Q99ZW2,Q99ZW2,,false,KFDNLTK,KLVDSTDK,896,141,1,1,896,141,,-1,3,0,1.007276,110.703506
Scan: 851929 Run: DIA12_CV486075:20251228_A2_N1_Mueller_MS_TechHub_IMP_THIDDIAXL003_Cas9_PhoX_DIA12_CV486075_250ng_FAIMS_002 P1_YKEIFFDQSK P2_NSDKLIAR 2 4,DIA12_CV486075:20251228_A2_N1_Mueller_MS_TechHub_IMP_THIDDIAXL003_Cas9_PhoX_DIA12_CV486075_250ng_FAIMS_002,851929,,,Q99ZW2,,,false,Q99ZW2,Q99ZW2,,false,NSDKLIAR,YKEIFFDQSK,1115,347,4,2,1118,348,,-1,3,0,1.007276,110.329224
Scan: 258739 Run: DIA12_CV486075:20251228_A2_N1_Mueller_MS_TechHub_IMP_THIDDIAXL003_Cas9_PhoX_DIA12_CV486075_250ng_FAIMS_001 P1_YKEIFFDQSK P2_KSEETITPWNFEEVVDK 2 1,DIA12_CV486075:20251228_A2_N1_Mueller_MS_TechHub_IMP_THIDDIAXL003_Cas9_PhoX_DIA12_CV486075_250ng_FAIMS_001,258739,,,Q99ZW2,,,false,Q99ZW2,Q99ZW2,,false,KSEETITPWNFEEVVDK,YKEIFFDQSK,468,347,1,2,468,348,,-1,4,0,1.007276,110.287529
Scan: 8064 Run: DIA12_CV486075:20251228_A2_N1_Mueller_MS_TechHub_IMP_THIDDIAXL003_Cas9_PhoX_DIA12_CV486075_250ng_FAIMS_001 P1_YDENDKLIR P2_LESEFVYGDYKVYDVR 6 11,DIA12_CV486075:20251228_A2_N1_Mueller_MS_TechHub_IMP_THIDDIAXL003_Cas9_PhoX_DIA12_CV486075_250ng_FAIMS_001,8064,,,Q99ZW2,,,false,Q99ZW2,Q99ZW2,,false,LESEFVYGDYKVYDVR,YDENDKLIR,1004,943,11,6,1014,948,,-1,4,0,1.007276,110.134861
Scan: 1186415 Run: DIA12_CV486075:20251228_A2_N1_Mueller_MS_TechHub_IMP_THIDDIAXL003_Cas9_PhoX_DIA12_CV486075_250ng_FAIMS_002 P1_SKLVSDFR P2_QLKEDYFK 2 3,DIA12_CV486075:20251228_A2_N1_Mueller_MS_TechHub_IMP_THIDDIAXL003_Cas9_PhoX_DIA12_CV486075_250ng_FAIMS_002,1186415,,,Q99ZW2,,,false,Q99ZW2,Q99ZW2,,false,QLKEDYFK,SKLVSDFR,563,960,3,2,565,961,,-1,3,0,1.007276,110.132668
Scan: 1108066 Run: DIA12_CV486075:20251228_A2_N1_Mueller_MS_TechHub_IMP_THIDDIAXL003_Cas9_PhoX_DIA12_CV486075_250ng_FAIMS_002 P1_KFDNLTK P2_ENQTTQKGQK 1 7,DIA12_CV486075:20251228_A2_N1_Mueller_MS_TechHub_IMP_THIDDIAXL003_Cas9_PhoX_DIA12_CV486075_250ng_FAIMS_002,1108066,,,Q99ZW2,,,false,Q99ZW2,Q99ZW2,,false,ENQTTQKGQK,KFDNLTK,766,896,7,1,772,896,,-1,3,0,1.007276,110.113491
Scan: 303782 Run: DIA12_CV486075:20251228_A2_N1_Mueller_MS_TechHub_IMP_THIDDIAXL003_Cas9_PhoX_DIA12_CV486075_250ng_FAIMS_001 P1_VILADANLDKVLSAYNK P2_KSEETITPWNFEEVVDK 10 1,DIA12_CV486075:20251228_A2_N1_Mueller_MS_TechHub_IMP_THIDDIAXL003_Cas9_PhoX_DIA12_CV486075_250ng_FAIMS_001,303782,,,Q99ZW2,,,false,Q99ZW2,Q99ZW2,,false,KSEETITPWNFEEVVDK,VILADANLDKVLSAYNK,468,1280,1,10,468,1289,,-1,4,0,1.007276,110.081425
Scan: 899045 Run: DIA12_CV486075:20251228_A2_N1_Mueller_MS_TechHub_IMP_THIDDIAXL003_Cas9_PhoX_DIA12_CV486075_250ng_FAIMS_002 P1_SSFEKNPIDFLEAK P2_KSEETITPWNFEEVVDK 5 1,DIA12_CV486075:20251228_A2_N1_Mueller_MS_TechHub_IMP_THIDDIAXL003_Cas9_PhoX_DIA12_CV486075_250ng_FAIMS_002,899045,,,Q99ZW2,,,false,Q99ZW2,Q99ZW2,,false,KSEETITPWNFEEVVDK,SSFEKNPIDFLEAK,468,1172,1,5,468,1176,,-1,4,0,1.007276,110.056438
Scan: 709150 Run: DIA12_CV486075:20251228_A2_N1_Mueller_MS_TechHub_IMP_THIDDIAXL003_Cas9_PhoX_DIA12_CV486075_250ng_FAIMS_002 P1_SSFEKNPIDFLEAK P2_NSDKLIAR 5 4,DIA12_CV486075:20251228_A2_N1_Mueller_MS_TechHub_IMP_THIDDIAXL003_Cas9_PhoX_DIA12_CV486075_250ng_FAIMS_002,709150,,,Q99ZW2,,,false,Q99ZW2,Q99ZW2,,false,NSDKLIAR,SSFEKNPIDFLEAK,1115,1172,4,5,1118,1176,,-1,3,0,1.007276,110.039478
Scan: 431816 Run: DIA12_CV486075:20251228_A2_N1_Mueller_MS_TechHub_IMP_THIDDIAXL003_Cas9_PhoX_DIA12_CV486075_250ng_FAIMS_001 P1_KLINGIR P2_KGILQTVK 1 1,DIA12_CV486075:20251228_A2_N1_Mueller_MS_TechHub_IMP_THIDDIAXL003_Cas9_PhoX_DIA12_CV486075_250ng_FAIMS_001,431816,,,Q99ZW2,,,false,Q99ZW2,Q99ZW2,,false,KGILQTVK,KLINGIR,735,665,1,1,735,665,,-1,3,0,1.007276,109.834976
Scan: 244342 Run: DIA12_CV486075:20251228_A2_N1_Mueller_MS_TechHub_IMP_THIDDIAXL003_Cas9_PhoX_DIA12_CV486075_250ng_FAIMS_001 P1_KAIVDLLFK P2_FKVLGNTDR 1 2,DIA12_CV486075:20251228_A2_N1_Mueller_MS_TechHub_IMP_THIDDIAXL003_Cas9_PhoX_DIA12_CV486075_250ng_FAIMS_001,244342,,,Q99ZW2,,,false,Q99ZW2,Q99ZW2,,false,FKVLGNTDR,KAIVDLLFK,32,546,2,1,33,546,,-1,3,0,1.007276,109.747669
Scan: 215338 Run: DIA12_CV486075:20251228_A2_N1_Mueller_MS_TechHub_IMP_THIDDIAXL003_Cas9_PhoX_DIA12_CV486075_250ng_FAIMS_001 P1_TILDFLKSDGFANR P2_LENLIAQLPGEKK 7 12,DIA12_CV486075:20251228_A2_N1_Mueller_MS_TechHub_IMP_THIDDIAXL003_Cas9_PhoX_DIA12_CV486075_250ng_FAIMS_001,215338,,,Q99ZW2,,,false,Q99ZW2,Q99ZW2,,false,LENLIAQLPGEKK,TILDFLKSDGFANR,222,678,12,7,233,684,,-1,4,0,1.007276,109.690952
Scan: 1497042 Run: DIA12_CV486075:20251228_A2_N1_Mueller_MS_TechHub_IMP_THIDDIAXL003_Cas9_PhoX_DIA12_CV486075_250ng_FAIMS_003 P1_KSEETITPWNFEEVVDK P2_KDLIIK 1 1,DIA12_CV486075:20251228_A2_N1_Mueller_MS_TechHub_IMP_THIDDIAXL003_Cas9_PhoX_DIA12_CV486075_250ng_FAIMS_003,1497042,,,Q99ZW2,,,false,Q99ZW2,Q99ZW2,,false,KDLIIK,KSEETITPWNFEEVVDK,1192,468,1,1,1192,468,,-1,4,0,1.007276,108.978344
Scan: 1043085 Run: DIA12_CV486075:20251228_A2_N1_Mueller_MS_TechHub_IMP_THIDDIAXL003_Cas9_PhoX_DIA12_CV486075_250ng_FAIMS_002 P1_TILDFLKSDGFANR P2_SEETITPWNFEEVVDKGASAQSFIER 7 16,DIA12_CV486075:20251228_A2_N1_Mueller_MS_TechHub_IMP_THIDDIAXL003_Cas9_PhoX_DIA12_CV486075_250ng_FAIMS_002,1043085,,,Q99ZW2,,,false,Q99ZW2,Q99ZW2,,false,SEETITPWNFEEVVDKGASAQSFIER,TILDFLKSDGFANR,469,678,16,7,484,684,,-1,4,0,1.007276,108.913086
Scan: 950958 Run: DIA12_CV486075:20251228_A2_N1_Mueller_MS_TechHub_IMP_THIDDIAXL003_Cas9_PhoX_DIA12_CV486075_250ng_FAIMS_002 P1_SSFEKNPIDFLEAK P2_MTNFDKNLPNEK 5 6,DIA12_CV486075:20251228_A2_N1_Mueller_MS_TechHub_IMP_THIDDIAXL003_Cas9_PhoX_DIA12_CV486075_250ng_FAIMS_002,950958,,,Q99ZW2,,,false,Q99ZW2,Q99ZW2,,false,MTNFDKNLPNEK,SSFEKNPIDFLEAK,495,1172,6,5,500,1176,,-1,4,0,1.007276,108.906509
Scan: 492010 Run: DIA12_CV486075:20251228_A2_N1_Mueller_MS_TechHub_IMP_THIDDIAXL003_Cas9_PhoX_DIA12_CV486075_250ng_FAIMS_001 P1_YKEIFFDQSK P2_GILQTVKVVDELVK 2 7,DIA12_CV486075:20251228_A2_N1_Mueller_MS_TechHub_IMP_THIDDIAXL003_Cas9_PhoX_DIA12_CV486075_250ng_FAIMS_001,492010,,,Q99ZW2,,,false,Q99ZW2,Q99ZW2,,false,GILQTVKVVDELVK,YKEIFFDQSK,736,347,7,2,742,348,,-1,4,0,1.007276,108.899353
Scan: 378006 Run: DIA12_CV486075:20251228_A2_N1_Mueller_MS_TechHub_IMP_THIDDIAXL003_Cas9_PhoX_DIA12_CV486075_250ng_FAIMS_001 P1_NSDKLIAR P2_KPAFLSGEQK 4 1,DIA12_CV486075:20251228_A2_N1_Mueller_MS_TechHub_IMP_THIDDIAXL003_Cas9_PhoX_DIA12_CV486075_250ng_FAIMS_001,378006,,,Q99ZW2,,,false,Q99ZW2,Q99ZW2,,false,KPAFLSGEQK,NSDKLIAR,536,1115,1,4,536,1118,,-1,3,0,1.007276,108.856236
Scan: 255209 Run: DIA12_CV486075:20251228_A2_N1_Mueller_MS_TechHub_IMP_THIDDIAXL003_Cas9_PhoX_DIA12_CV486075_250ng_FAIMS_001 P1_YKEIFFDQSK P2_KDLIIK 2 1,DIA12_CV486075:20251228_A2_N1_Mueller_MS_TechHub_IMP_THIDDIAXL003_Cas9_PhoX_DIA12_CV486075_250ng_FAIMS_001,255209,,,Q99ZW2,,,false,Q99ZW2,Q99ZW2,,false,KDLIIK,YKEIFFDQSK,1192,347,1,2,1192,348,,-1,3,0,1.007276,108.699638
Scan: 1187625 Run: DIA12_CV486075:20251228_A2_N1_Mueller_MS_TechHub_IMP_THIDDIAXL003_Cas9_PhoX_DIA12_CV486075_250ng_FAIMS_002 P1_SKLVSDFR P2_KDFQFYK 2 1,DIA12_CV486075:20251228_A2_N1_Mueller_MS_TechHub_IMP_THIDDIAXL003_Cas9_PhoX_DIA12_CV486075_250ng_FAIMS_002,1187625,,,Q99ZW2,,,false,Q99ZW2,Q99ZW2,,false,KDFQFYK,SKLVSDFR,968,960,1,2,968,961,,-1,3,0,1.007276,108.247482
Scan: 444920 Run: DIA12_CV486075:20251228_A2_N1_Mueller_MS_TechHub_IMP_THIDDIAXL003_Cas9_PhoX_DIA12_CV486075_250ng_FAIMS_001 P1_TILDFLKSDGFANR P2_IEKILTFR 7 3,DIA12_CV486075:20251228_A2_N1_Mueller_MS_TechHub_IMP_THIDDIAXL003_Cas9_PhoX_DIA12_CV486075_250ng_FAIMS_001,444920,,,Q99ZW2,,,false,Q99ZW2,Q99ZW2,,false,IEKILTFR,TILDFLKSDGFANR,440,678,3,7,442,684,,-1,3,0,1.007276,108.030609
Scan: 1633823 Run: DIA12_CV486075:20251228_A2_N1_Mueller_MS_TechHub_IMP_THIDDIAXL003_Cas9_PhoX_DIA12_CV486075_250ng_FAIMS_003 P1_QSGKTILDFLK P2_KDWDPK 4 1,DIA12_CV486075:20251228_A2_N1_Mueller_MS_TechHub_IMP_THIDDIAXL003_Cas9_PhoX_DIA12_CV486075_250ng_FAIMS_003,1633823,,,Q99ZW2,,,false,Q99ZW2,Q99ZW2,,false,KDWDPK,QSGKTILDFLK,1124,674,1,4,1124,677,,-1,3,0,1.007276,107.87553
Scan: 975508 Run: DIA12_CV486075:20251228_A2_N1_Mueller_MS_TechHub_IMP_THIDDIAXL003_Cas9_PhoX_DIA12_CV486075_250ng_FAIMS_002 P1_NSDKLIAR P2_KPAFLSGEQK 4 1,DIA12_CV486075:20251228_A2_N1_Mueller_MS_TechHub_IMP_THIDDIAXL003_Cas9_PhoX_DIA12_CV486075_250ng_FAIMS_002,975508,,,Q99ZW2,,,false,Q99ZW2,Q99ZW2,,false,KPAFLSGEQK,NSDKLIAR,536,1115,1,4,536,1118,,-1,4,0,1.007276,107.87257
Scan: 62961 Run: DIA12_CV486075:20251228_A2_N1_Mueller_MS_TechHub_IMP_THIDDIAXL003_Cas9_PhoX_DIA12_CV486075_250ng_FAIMS_001 P1_NSDKLIAR P2_KTEVQTGGFSKESILPK 4 11,DIA12_CV486075:20251228_A2_N1_Mueller_MS_TechHub_IMP_THIDDIAXL003_Cas9_PhoX_DIA12_CV486075_250ng_FAIMS_001,62961,,,Q99ZW2,,,false,Q99ZW2,Q99ZW2,,false,KTEVQTGGFSKESILPK,NSDKLIAR,1097,1115,11,4,1107,1118,,-1,3,0,1.007276,107.841164
Scan: 304365 Run: DIA12_CV486075:20251228_A2_N1_Mueller_MS_TechHub_IMP_THIDDIAXL003_Cas9_PhoX_DIA12_CV486075_250ng_FAIMS_001 P1_KSEETITPWNFEEVVDK P2_KFKVLGNTDR 1 1,DIA12_CV486075:20251228_A2_N1_Mueller_MS_TechHub_IMP_THIDDIAXL003_Cas9_PhoX_DIA12_CV486075_250ng_FAIMS_001,304365,,,Q99ZW2,,,false,Q99ZW2,Q99ZW2,,false,KFKVLGNTDR,KSEETITPWNFEEVVDK,31,468,1,1,31,468,,-1,4,0,1.007276,107.656391
Scan: 1783630 Run: DIA12_CV486075:20251228_A2_N1_Mueller_MS_TechHub_IMP_THIDDIAXL003_Cas9_PhoX_DIA12_CV486075_250ng_FAIMS_003 P1_SKLVSDFR P2_IEKILTFR 2 3,DIA12_CV486075:20251228_A2_N1_Mueller_MS_TechHub_IMP_THIDDIAXL003_Cas9_PhoX_DIA12_CV486075_250ng_FAIMS_003,1783630,,,Q99ZW2,,,false,Q99ZW2,Q99ZW2,,false,IEKILTFR,SKLVSDFR,440,960,3,2,442,961,,-1,3,0,1.007276,107.576382
Scan: 310733 Run: DIA12_CV486075:20251228_A2_N1_Mueller_MS_TechHub_IMP_THIDDIAXL003_Cas9_PhoX_DIA12_CV486075_250ng_FAIMS_001 P1_KSEETITPWNFEEVVDK P2_KLINGIR 1 1,DIA12_CV486075:20251228_A2_N1_Mueller_MS_TechHub_IMP_THIDDIAXL003_Cas9_PhoX_DIA12_CV486075_250ng_FAIMS_001,310733,,,Q99ZW2,,,false,Q99ZW2,Q99ZW2,,false,KLINGIR,KSEETITPWNFEEVVDK,665,468,1,1,665,468,,-1,4,0,1.007276,107.510746
Scan: 708531 Run: DIA12_CV486075:20251228_A2_N1_Mueller_MS_TechHub_IMP_THIDDIAXL003_Cas9_PhoX_DIA12_CV486075_250ng_FAIMS_002 P1_TEVQTGGFSKESILPK P2_SSFEKNPIDFLEAK 10 5,DIA12_CV486075:20251228_A2_N1_Mueller_MS_TechHub_IMP_THIDDIAXL003_Cas9_PhoX_DIA12_CV486075_250ng_FAIMS_002,708531,,,Q99ZW2,,,false,Q99ZW2,Q99ZW2,,false,SSFEKNPIDFLEAK,TEVQTGGFSKESILPK,1172,1098,5,10,1176,1107,,-1,4,0,1.007276,107.490765
Scan: 1311785 Run: DIA12_CV486075:20251228_A2_N1_Mueller_MS_TechHub_IMP_THIDDIAXL003_Cas9_PhoX_DIA12_CV486075_250ng_FAIMS_003 P1_SSFEKNPIDFLEAK P2_KSEETITPWNFEEVVDKGASAQSFIER 5 17,DIA12_CV486075:20251228_A2_N1_Mueller_MS_TechHub_IMP_THIDDIAXL003_Cas9_PhoX_DIA12_CV486075_250ng_FAIMS_003,1311785,,,Q99ZW2,,,false,Q99ZW2,Q99ZW2,,false,KSEETITPWNFEEVVDKGASAQSFIER,SSFEKNPIDFLEAK,468,1172,17,5,484,1176,,-1,5,0,1.007276,107.483322
Scan: 734087 Run: DIA12_CV486075:20251228_A2_N1_Mueller_MS_TechHub_IMP_THIDDIAXL003_Cas9_PhoX_DIA12_CV486075_250ng_FAIMS_002 P1_QSGKTILDFLK P2_KDLIIK 4 1,DIA12_CV486075:20251228_A2_N1_Mueller_MS_TechHub_IMP_THIDDIAXL003_Cas9_PhoX_DIA12_CV486075_250ng_FAIMS_002,734087,,,Q99ZW2,,,false,Q99ZW2,Q99ZW2,,false,KDLIIK,QSGKTILDFLK,1192,674,1,4,1192,677,,-1,3,0,1.007276,107.44598
Scan: 960561 Run: DIA12_CV486075:20251228_A2_N1_Mueller_MS_TechHub_IMP_THIDDIAXL003_Cas9_PhoX_DIA12_CV486075_250ng_FAIMS_002 P1_YKEIFFDQSK P2_VLPKHSLLYEYFTVYNELTK 2 4,DIA12_CV486075:20251228_A2_N1_Mueller_MS_TechHub_IMP_THIDDIAXL003_Cas9_PhoX_DIA12_CV486075_250ng_FAIMS_002,960561,,,Q99ZW2,,,false,Q99ZW2,Q99ZW2,,false,VLPKHSLLYEYFTVYNELTK,YKEIFFDQSK,507,347,4,2,510,348,,-1,4,0,1.007276,107.440533
Scan: 1293014 Run: DIA12_CV486075:20251228_A2_N1_Mueller_MS_TechHub_IMP_THIDDIAXL003_Cas9_PhoX_DIA12_CV486075_250ng_FAIMS_003 P1_SNFDLAEDAKLQLSK P2_KDWDPK 10 1,DIA12_CV486075:20251228_A2_N1_Mueller_MS_TechHub_IMP_THIDDIAXL003_Cas9_PhoX_DIA12_CV486075_250ng_FAIMS_003,1293014,,,Q99ZW2,,,false,Q99ZW2,Q99ZW2,,false,KDWDPK,SNFDLAEDAKLQLSK,1124,254,1,10,1124,263,,-1,3,0,1.007276,107.402176
Scan: 1506181 Run: DIA12_CV486075:20251228_A2_N1_Mueller_MS_TechHub_IMP_THIDDIAXL003_Cas9_PhoX_DIA12_CV486075_250ng_FAIMS_003 P1_KSEETITPWNFEEVVDK P2_DKQSGK 1 2,DIA12_CV486075:20251228_A2_N1_Mueller_MS_TechHub_IMP_THIDDIAXL003_Cas9_PhoX_DIA12_CV486075_250ng_FAIMS_003,1506181,,,Q99ZW2,,,false,Q99ZW2,Q99ZW2,,false,DKQSGK,KSEETITPWNFEEVVDK,672,468,2,1,673,468,,-1,3,0,1.007276,107.400719
Scan: 715578 Run: DIA12_CV486075:20251228_A2_N1_Mueller_MS_TechHub_IMP_THIDDIAXL003_Cas9_PhoX_DIA12_CV486075_250ng_FAIMS_002 P1_SSFEKNPIDFLEAK P2_KPAFLSGEQK 5 1,DIA12_CV486075:20251228_A2_N1_Mueller_MS_TechHub_IMP_THIDDIAXL003_Cas9_PhoX_DIA12_CV486075_250ng_FAIMS_002,715578,,,Q99ZW2,,,false,Q99ZW2,Q99ZW2,,false,KPAFLSGEQK,SSFEKNPIDFLEAK,536,1172,1,5,536,1176,,-1,3,0,1.007276,107.390163
Scan: 1377671 Run: DIA12_CV486075:20251228_A2_N1_Mueller_MS_TechHub_IMP_THIDDIAXL003_Cas9_PhoX_DIA12_CV486075_250ng_FAIMS_003 P1_VILADANLDKVLSAYNK P2_DLIIKLPK 10 5,DIA12_CV486075:20251228_A2_N1_Mueller_MS_TechHub_IMP_THIDDIAXL003_Cas9_PhoX_DIA12_CV486075_250ng_FAIMS_003,1377671,,,Q99ZW2,,,false,Q99ZW2,Q99ZW2,,false,DLIIKLPK,VILADANLDKVLSAYNK,1193,1280,5,10,1197,1289,,-1,4,0,1.007276,107.217278
Scan: 1769851 Run: DIA12_CV486075:20251228_A2_N1_Mueller_MS_TechHub_IMP_THIDDIAXL003_Cas9_PhoX_DIA12_CV486075_250ng_FAIMS_003 P1_QITKHVAQILDSR P2_EVKVITLK 4 3,DIA12_CV486075:20251228_A2_N1_Mueller_MS_TechHub_IMP_THIDDIAXL003_Cas9_PhoX_DIA12_CV486075_250ng_FAIMS_003,1769851,,,Q99ZW2,,,false,Q99ZW2,Q99ZW2,,false,EVKVITLK,QITKHVAQILDSR,952,926,3,4,954,929,,-1,3,0,1.007276,107.174709
Scan: 430911 Run: DIA12_CV486075:20251228_A2_N1_Mueller_MS_TechHub_IMP_THIDDIAXL003_Cas9_PhoX_DIA12_CV486075_250ng_FAIMS_001 P1_KLINGIR P2_DKQSGK 1 2,DIA12_CV486075:20251228_A2_N1_Mueller_MS_TechHub_IMP_THIDDIAXL003_Cas9_PhoX_DIA12_CV486075_250ng_FAIMS_001,430911,,,Q99ZW2,,,false,Q99ZW2,Q99ZW2,,false,DKQSGK,KLINGIR,672,665,2,1,673,665,,-1,3,0,1.007276,107.033871
Scan: 1756564 Run: DIA12_CV486075:20251228_A2_N1_Mueller_MS_TechHub_IMP_THIDDIAXL003_Cas9_PhoX_DIA12_CV486075_250ng_FAIMS_003 P1_KFDNLTK P2_EVKVITLK 1 3,DIA12_CV486075:20251228_A2_N1_Mueller_MS_TechHub_IMP_THIDDIAXL003_Cas9_PhoX_DIA12_CV486075_250ng_FAIMS_003,1756564,,,Q99ZW2,,,false,Q99ZW2,Q99ZW2,,false,EVKVITLK,KFDNLTK,952,896,3,1,954,896,,-1,3,0,1.007276,106.915363
Scan: 1438200 Run: DIA12_CV486075:20251228_A2_N1_Mueller_MS_TechHub_IMP_THIDDIAXL003_Cas9_PhoX_DIA12_CV486075_250ng_FAIMS_003 P1_IEKILTFR P2_FKVLGNTDR 3 2,DIA12_CV486075:20251228_A2_N1_Mueller_MS_TechHub_IMP_THIDDIAXL003_Cas9_PhoX_DIA12_CV486075_250ng_FAIMS_003,1438200,,,Q99ZW2,,,false,Q99ZW2,Q99ZW2,,false,FKVLGNTDR,IEKILTFR,32,440,2,3,33,442,,-1,3,0,1.007276,106.907261
Scan: 1265938 Run: DIA12_CV486075:20251228_A2_N1_Mueller_MS_TechHub_IMP_THIDDIAXL003_Cas9_PhoX_DIA12_CV486075_250ng_FAIMS_003 P1_VLPKHSLLYEYFTVYNELTK P2_TEVQTGGFSKESILPK 4 10,DIA12_CV486075:20251228_A2_N1_Mueller_MS_TechHub_IMP_THIDDIAXL003_Cas9_PhoX_DIA12_CV486075_250ng_FAIMS_003,1265938,,,Q99ZW2,,,false,Q99ZW2,Q99ZW2,,false,TEVQTGGFSKESILPK,VLPKHSLLYEYFTVYNELTK,1098,507,10,4,1107,510,,-1,4,0,1.007276,106.876556
Scan: 1455346 Run: DIA12_CV486075:20251228_A2_N1_Mueller_MS_TechHub_IMP_THIDDIAXL003_Cas9_PhoX_DIA12_CV486075_250ng_FAIMS_003 P1_YKEIFFDQSK P2_DKQSGK 2 2,DIA12_CV486075:20251228_A2_N1_Mueller_MS_TechHub_IMP_THIDDIAXL003_Cas9_PhoX_DIA12_CV486075_250ng_FAIMS_003,1455346,,,Q99ZW2,,,false,Q99ZW2,Q99ZW2,,false,DKQSGK,YKEIFFDQSK,672,347,2,2,673,348,,-1,4,0,1.007276,106.811607
Scan: 980161 Run: DIA12_CV486075:20251228_A2_N1_Mueller_MS_TechHub_IMP_THIDDIAXL003_Cas9_PhoX_DIA12_CV486075_250ng_FAIMS_002 P1_KPAFLSGEQK P2_IEKILTFR 1 3,DIA12_CV486075:20251228_A2_N1_Mueller_MS_TechHub_IMP_THIDDIAXL003_Cas9_PhoX_DIA12_CV486075_250ng_FAIMS_002,980161,,,Q99ZW2,,,false,Q99ZW2,Q99ZW2,,false,IEKILTFR,KPAFLSGEQK,440,536,3,1,442,536,,-1,3,0,1.007276,106.674004
Scan: 663458 Run: DIA12_CV486075:20251228_A2_N1_Mueller_MS_TechHub_IMP_THIDDIAXL003_Cas9_PhoX_DIA12_CV486075_250ng_FAIMS_002 P1_TEVQTGGFSKESILPK P2_KYGGFDSPTVAYSVLVVAK 10 1,DIA12_CV486075:20251228_A2_N1_Mueller_MS_TechHub_IMP_THIDDIAXL003_Cas9_PhoX_DIA12_CV486075_250ng_FAIMS_002,663458,,,Q99ZW2,,,false,Q99ZW2,Q99ZW2,,false,KYGGFDSPTVAYSVLVVAK,TEVQTGGFSKESILPK,1130,1098,1,10,1130,1107,,-1,4,0,1.007276,106.653873
Scan: 413243 Run: DIA12_CV486075:20251228_A2_N1_Mueller_MS_TechHub_IMP_THIDDIAXL003_Cas9_PhoX_DIA12_CV486075_250ng_FAIMS_001 P1_QLKEDYFK P2_KLINGIR 3 1,DIA12_CV486075:20251228_A2_N1_Mueller_MS_TechHub_IMP_THIDDIAXL003_Cas9_PhoX_DIA12_CV486075_250ng_FAIMS_001,413243,,,Q99ZW2,,,false,Q99ZW2,Q99ZW2,,false,KLINGIR,QLKEDYFK,665,563,1,3,665,565,,-1,3,0,1.007276,106.608089
Scan: 633638 Run: DIA12_CV486075:20251228_A2_N1_Mueller_MS_TechHub_IMP_THIDDIAXL003_Cas9_PhoX_DIA12_CV486075_250ng_FAIMS_002 P1_NSDKLIAR P2_KTEVQTGGFSK 4 1,DIA12_CV486075:20251228_A2_N1_Mueller_MS_TechHub_IMP_THIDDIAXL003_Cas9_PhoX_DIA12_CV486075_250ng_FAIMS_002,633638,,,Q99ZW2,,,false,Q99ZW2,Q99ZW2,,false,KTEVQTGGFSK,NSDKLIAR,1097,1115,1,4,1097,1118,,-1,3,0,1.007276,106.559818
Scan: 1192194 Run: DIA12_CV486075:20251228_A2_N1_Mueller_MS_TechHub_IMP_THIDDIAXL003_Cas9_PhoX_DIA12_CV486075_250ng_FAIMS_002 P1_SKLVSDFR P2_KDFQFYK 2 1,DIA12_CV486075:20251228_A2_N1_Mueller_MS_TechHub_IMP_THIDDIAXL003_Cas9_PhoX_DIA12_CV486075_250ng_FAIMS_002,1192194,,,Q99ZW2,,,false,Q99ZW2,Q99ZW2,,false,KDFQFYK,SKLVSDFR,968,960,1,2,968,961,,-1,4,0,1.007276,106.44746
Scan: 1305590 Run: DIA12_CV486075:20251228_A2_N1_Mueller_MS_TechHub_IMP_THIDDIAXL003_Cas9_PhoX_DIA12_CV486075_250ng_FAIMS_003 P1_SSFEKNPIDFLEAK P2_SEQEIGKATAK 5 7,DIA12_CV486075:20251228_A2_N1_Mueller_MS_TechHub_IMP_THIDDIAXL003_Cas9_PhoX_DIA12_CV486075_250ng_FAIMS_003,1305590,,,Q99ZW2,,,false,Q99ZW2,Q99ZW2,,false,SEQEIGKATAK,SSFEKNPIDFLEAK,1025,1172,7,5,1031,1176,,-1,3,0,1.007276,106.437405
Scan: 958147 Run: DIA12_CV486075:20251228_A2_N1_Mueller_MS_TechHub_IMP_THIDDIAXL003_Cas9_PhoX_DIA12_CV486075_250ng_FAIMS_002 P1_NSDKLIAR P2_NLPNEKVLPK 4 6,DIA12_CV486075:20251228_A2_N1_Mueller_MS_TechHub_IMP_THIDDIAXL003_Cas9_PhoX_DIA12_CV486075_250ng_FAIMS_002,958147,,,Q99ZW2,,,false,Q99ZW2,Q99ZW2,,false,NLPNEKVLPK,NSDKLIAR,501,1115,6,4,506,1118,,-1,3,0,1.007276,106.360962
Scan: 1121917 Run: DIA12_CV486075:20251228_A2_N1_Mueller_MS_TechHub_IMP_THIDDIAXL003_Cas9_PhoX_DIA12_CV486075_250ng_FAIMS_002 P1_KLINGIR P2_ELGSQILKEHPVENTQLQNEK 1 8,DIA12_CV486075:20251228_A2_N1_Mueller_MS_TechHub_IMP_THIDDIAXL003_Cas9_PhoX_DIA12_CV486075_250ng_FAIMS_002,1121917,,,Q99ZW2,,,false,Q99ZW2,Q99ZW2,,false,ELGSQILKEHPVENTQLQNEK,KLINGIR,790,665,8,1,797,665,,-1,4,0,1.007276,106.277359
Scan: 709819 Run: DIA12_CV486075:20251228_A2_N1_Mueller_MS_TechHub_IMP_THIDDIAXL003_Cas9_PhoX_DIA12_CV486075_250ng_FAIMS_002 P1_SSFEKNPIDFLEAK P2_KDWDPK 5 1,DIA12_CV486075:20251228_A2_N1_Mueller_MS_TechHub_IMP_THIDDIAXL003_Cas9_PhoX_DIA12_CV486075_250ng_FAIMS_002,709819,,,Q99ZW2,,,false,Q99ZW2,Q99ZW2,,false,KDWDPK,SSFEKNPIDFLEAK,1124,1172,1,5,1124,1176,,-1,3,0,1.007276,106.275578
Scan: 1037020 Run: DIA12_CV486075:20251228_A2_N1_Mueller_MS_TechHub_IMP_THIDDIAXL003_Cas9_PhoX_DIA12_CV486075_250ng_FAIMS_002 P1_QSGKTILDFLK P2_FKVLGNTDR 4 2,DIA12_CV486075:20251228_A2_N1_Mueller_MS_TechHub_IMP_THIDDIAXL003_Cas9_PhoX_DIA12_CV486075_250ng_FAIMS_002,1037020,,,Q99ZW2,,,false,Q99ZW2,Q99ZW2,,false,FKVLGNTDR,QSGKTILDFLK,32,674,2,4,33,677,,-1,4,0,1.007276,106.03326
Scan: 1292306 Run: DIA12_CV486075:20251228_A2_N1_Mueller_MS_TechHub_IMP_THIDDIAXL003_Cas9_PhoX_DIA12_CV486075_250ng_FAIMS_003 P1_RNSDKLIAR P2_KDWDPK 5 1,DIA12_CV486075:20251228_A2_N1_Mueller_MS_TechHub_IMP_THIDDIAXL003_Cas9_PhoX_DIA12_CV486075_250ng_FAIMS_003,1292306,,,Q99ZW2,,,false,Q99ZW2,Q99ZW2,,false,KDWDPK,RNSDKLIAR,1124,1114,1,5,1124,1118,,-1,4,0,1.007276,106.024036
Scan: 164841 Run: DIA12_CV486075:20251228_A2_N1_Mueller_MS_TechHub_IMP_THIDDIAXL003_Cas9_PhoX_DIA12_CV486075_250ng_FAIMS_001 P1_LKGSPEDNEQK P2_KDFQFYK 2 1,DIA12_CV486075:20251228_A2_N1_Mueller_MS_TechHub_IMP_THIDDIAXL003_Cas9_PhoX_DIA12_CV486075_250ng_FAIMS_001,164841,,,Q99ZW2,,,false,Q99ZW2,Q99ZW2,,false,KDFQFYK,LKGSPEDNEQK,968,1245,1,2,968,1246,,-1,3,0,1.007276,105.965385
Scan: 1488586 Run: DIA12_CV486075:20251228_A2_N1_Mueller_MS_TechHub_IMP_THIDDIAXL003_Cas9_PhoX_DIA12_CV486075_250ng_FAIMS_003 P1_IEKILTFR P2_DKQSGK 3 2,DIA12_CV486075:20251228_A2_N1_Mueller_MS_TechHub_IMP_THIDDIAXL003_Cas9_PhoX_DIA12_CV486075_250ng_FAIMS_003,1488586,,,Q99ZW2,,,false,Q99ZW2,Q99ZW2,,false,DKQSGK,IEKILTFR,672,440,2,3,673,442,,-1,3,0,1.007276,105.909248
Scan: 960478 Run: DIA12_CV486075:20251228_A2_N1_Mueller_MS_TechHub_IMP_THIDDIAXL003_Cas9_PhoX_DIA12_CV486075_250ng_FAIMS_002 P1_VLPKHSLLYEYFTVYNELTK P2_FKVLGNTDR 4 2,DIA12_CV486075:20251228_A2_N1_Mueller_MS_TechHub_IMP_THIDDIAXL003_Cas9_PhoX_DIA12_CV486075_250ng_FAIMS_002,960478,,,Q99ZW2,,,false,Q99ZW2,Q99ZW2,,false,FKVLGNTDR,VLPKHSLLYEYFTVYNELTK,32,507,2,4,33,510,,-1,4,0,1.007276,105.902683
Scan: 1110284 Run: DIA12_CV486075:20251228_A2_N1_Mueller_MS_TechHub_IMP_THIDDIAXL003_Cas9_PhoX_DIA12_CV486075_250ng_FAIMS_002 P1_GQKNSR P2_DKQSGK 3 2,DIA12_CV486075:20251228_A2_N1_Mueller_MS_TechHub_IMP_THIDDIAXL003_Cas9_PhoX_DIA12_CV486075_250ng_FAIMS_002,1110284,,,Q99ZW2,,,false,Q99ZW2,Q99ZW2,,false,DKQSGK,GQKNSR,672,773,2,3,673,775,,-1,3,0,1.007276,105.833542
Scan: 1722151 Run: DIA12_CV486075:20251228_A2_N1_Mueller_MS_TechHub_IMP_THIDDIAXL003_Cas9_PhoX_DIA12_CV486075_250ng_FAIMS_003 P1_SKLVSDFR P2_ELGSQILKEHPVENTQLQNEK 2 8,DIA12_CV486075:20251228_A2_N1_Mueller_MS_TechHub_IMP_THIDDIAXL003_Cas9_PhoX_DIA12_CV486075_250ng_FAIMS_003,1722151,,,Q99ZW2,,,false,Q99ZW2,Q99ZW2,,false,ELGSQILKEHPVENTQLQNEK,SKLVSDFR,790,960,8,2,797,961,,-1,4,0,1.007276,105.831627
Scan: 1185124 Run: DIA12_CV486075:20251228_A2_N1_Mueller_MS_TechHub_IMP_THIDDIAXL003_Cas9_PhoX_DIA12_CV486075_250ng_FAIMS_002 P1_SKLVSDFR P2_SEQEIGKATAK 2 7,DIA12_CV486075:20251228_A2_N1_Mueller_MS_TechHub_IMP_THIDDIAXL003_Cas9_PhoX_DIA12_CV486075_250ng_FAIMS_002,1185124,,,Q99ZW2,,,false,Q99ZW2,Q99ZW2,,false,SEQEIGKATAK,SKLVSDFR,1025,960,7,2,1031,961,,-1,3,0,1.007276,105.827225
Scan: 1146969 Run: DIA12_CV486075:20251228_A2_N1_Mueller_MS_TechHub_IMP_THIDDIAXL003_Cas9_PhoX_DIA12_CV486075_250ng_FAIMS_002 P1_YDENDKLIR P2_GKSDNVPSEEVVK 6 2,DIA12_CV486075:20251228_A2_N1_Mueller_MS_TechHub_IMP_THIDDIAXL003_Cas9_PhoX_DIA12_CV486075_250ng_FAIMS_002,1146969,,,Q99ZW2,,,false,Q99ZW2,Q99ZW2,,false,GKSDNVPSEEVVK,YDENDKLIR,865,943,2,6,866,948,,-1,3,0,1.007276,105.800083
Scan: 1290862 Run: DIA12_CV486075:20251228_A2_N1_Mueller_MS_TechHub_IMP_THIDDIAXL003_Cas9_PhoX_DIA12_CV486075_250ng_FAIMS_003 P1_KKDWDPK P2_DKQSGK 1 2,DIA12_CV486075:20251228_A2_N1_Mueller_MS_TechHub_IMP_THIDDIAXL003_Cas9_PhoX_DIA12_CV486075_250ng_FAIMS_003,1290862,,,Q99ZW2,,,false,Q99ZW2,Q99ZW2,,false,DKQSGK,KKDWDPK,672,1123,2,1,673,1123,,-1,4,0,1.007276,105.408875
Scan: 841805 Run: DIA12_CV486075:20251228_A2_N1_Mueller_MS_TechHub_IMP_THIDDIAXL003_Cas9_PhoX_DIA12_CV486075_250ng_FAIMS_002 P1_KAIVDLLFK P2_FKVLGNTDR 1 2,DIA12_CV486075:20251228_A2_N1_Mueller_MS_TechHub_IMP_THIDDIAXL003_Cas9_PhoX_DIA12_CV486075_250ng_FAIMS_002,841805,,,Q99ZW2,,,false,Q99ZW2,Q99ZW2,,false,FKVLGNTDR,KAIVDLLFK,32,546,2,1,33,546,,-1,4,0,1.007276,105.387302
Scan: 1582689 Run: DIA12_CV486075:20251228_A2_N1_Mueller_MS_TechHub_IMP_THIDDIAXL003_Cas9_PhoX_DIA12_CV486075_250ng_FAIMS_003 P1_KPAFLSGEQK P2_GILQTVKVVDELVK 1 7,DIA12_CV486075:20251228_A2_N1_Mueller_MS_TechHub_IMP_THIDDIAXL003_Cas9_PhoX_DIA12_CV486075_250ng_FAIMS_003,1582689,,,Q99ZW2,,,false,Q99ZW2,Q99ZW2,,false,GILQTVKVVDELVK,KPAFLSGEQK,736,536,7,1,742,536,,-1,4,0,1.007276,105.291008
Scan: 1085371 Run: DIA12_CV486075:20251228_A2_N1_Mueller_MS_TechHub_IMP_THIDDIAXL003_Cas9_PhoX_DIA12_CV486075_250ng_FAIMS_002 P1_KTEVQTGGFSK P2_GILQTVKVVDELVK 1 7,DIA12_CV486075:20251228_A2_N1_Mueller_MS_TechHub_IMP_THIDDIAXL003_Cas9_PhoX_DIA12_CV486075_250ng_FAIMS_002,1085371,,,Q99ZW2,,,false,Q99ZW2,Q99ZW2,,false,GILQTVKVVDELVK,KTEVQTGGFSK,736,1097,7,1,742,1097,,-1,3,0,1.007276,105.096153
Scan: 1744220 Run: DIA12_CV486075:20251228_A2_N1_Mueller_MS_TechHub_IMP_THIDDIAXL003_Cas9_PhoX_DIA12_CV486075_250ng_FAIMS_003 P1_GKSDNVPSEEVVK P2_GGLSELDKAGFIK 2 8,DIA12_CV486075:20251228_A2_N1_Mueller_MS_TechHub_IMP_THIDDIAXL003_Cas9_PhoX_DIA12_CV486075_250ng_FAIMS_003,1744220,,,Q99ZW2,,,false,Q99ZW2,Q99ZW2,,false,GGLSELDKAGFIK,GKSDNVPSEEVVK,906,865,8,2,913,866,,-1,3,0,1.007276,105.060001
Scan: 90418 Run: DIA12_CV486075:20251228_A2_N1_Mueller_MS_TechHub_IMP_THIDDIAXL003_Cas9_PhoX_DIA12_CV486075_250ng_FAIMS_001 P1_NSDKLIAR P2_KLINGIR 4 1,DIA12_CV486075:20251228_A2_N1_Mueller_MS_TechHub_IMP_THIDDIAXL003_Cas9_PhoX_DIA12_CV486075_250ng_FAIMS_001,90418,,,Q99ZW2,,,false,Q99ZW2,Q99ZW2,,false,KLINGIR,NSDKLIAR,665,1115,1,4,665,1118,,-1,3,0,1.007276,104.708527
Scan: 1081913 Run: DIA12_CV486075:20251228_A2_N1_Mueller_MS_TechHub_IMP_THIDDIAXL003_Cas9_PhoX_DIA12_CV486075_250ng_FAIMS_002 P1_QSGKTILDFLK P2_KGILQTVK 4 1,DIA12_CV486075:20251228_A2_N1_Mueller_MS_TechHub_IMP_THIDDIAXL003_Cas9_PhoX_DIA12_CV486075_250ng_FAIMS_002,1081913,,,Q99ZW2,,,false,Q99ZW2,Q99ZW2,,false,KGILQTVK,QSGKTILDFLK,735,674,1,4,735,677,,-1,4,0,1.007276,104.68642
Scan: 1450657 Run: DIA12_CV486075:20251228_A2_N1_Mueller_MS_TechHub_IMP_THIDDIAXL003_Cas9_PhoX_DIA12_CV486075_250ng_FAIMS_003 P1_YKEIFFDQSK P2_VILADANLDKVLSAYNK 2 10,DIA12_CV486075:20251228_A2_N1_Mueller_MS_TechHub_IMP_THIDDIAXL003_Cas9_PhoX_DIA12_CV486075_250ng_FAIMS_003,1450657,,,Q99ZW2,,,false,Q99ZW2,Q99ZW2,,false,VILADANLDKVLSAYNK,YKEIFFDQSK,1280,347,10,2,1289,348,,-1,4,0,1.007276,104.665081
Scan: 1292272 Run: DIA12_CV486075:20251228_A2_N1_Mueller_MS_TechHub_IMP_THIDDIAXL003_Cas9_PhoX_DIA12_CV486075_250ng_FAIMS_003 P1_NSDKLIAR P2_KDWDPK 4 1,DIA12_CV486075:20251228_A2_N1_Mueller_MS_TechHub_IMP_THIDDIAXL003_Cas9_PhoX_DIA12_CV486075_250ng_FAIMS_003,1292272,,,Q99ZW2,,,false,Q99ZW2,Q99ZW2,,false,KDWDPK,NSDKLIAR,1124,1115,1,4,1124,1118,,-1,4,0,1.007276,104.652401
Scan: 1541573 Run: DIA12_CV486075:20251228_A2_N1_Mueller_MS_TechHub_IMP_THIDDIAXL003_Cas9_PhoX_DIA12_CV486075_250ng_FAIMS_003 P1_SEETITPWNFEEVVDKGASAQSFIER P2_NLPNEKVLPK 16 6,DIA12_CV486075:20251228_A2_N1_Mueller_MS_TechHub_IMP_THIDDIAXL003_Cas9_PhoX_DIA12_CV486075_250ng_FAIMS_003,1541573,,,Q99ZW2,,,false,Q99ZW2,Q99ZW2,,false,NLPNEKVLPK,SEETITPWNFEEVVDKGASAQSFIER,501,469,6,16,506,484,,-1,4,0,1.007276,104.528553
Scan: 259320 Run: DIA12_CV486075:20251228_A2_N1_Mueller_MS_TechHub_IMP_THIDDIAXL003_Cas9_PhoX_DIA12_CV486075_250ng_FAIMS_001 P1_YKEIFFDQSK P2_KPAFLSGEQK 2 1,DIA12_CV486075:20251228_A2_N1_Mueller_MS_TechHub_IMP_THIDDIAXL003_Cas9_PhoX_DIA12_CV486075_250ng_FAIMS_001,259320,,,Q99ZW2,,,false,Q99ZW2,Q99ZW2,,false,KPAFLSGEQK,YKEIFFDQSK,536,347,1,2,536,348,,-1,3,0,1.007276,104.522488
Scan: 1235457 Run: DIA12_CV486075:20251228_A2_N1_Mueller_MS_TechHub_IMP_THIDDIAXL003_Cas9_PhoX_DIA12_CV486075_250ng_FAIMS_003 P1_KTEVQTGGFSK P2_KGILQTVK 1 1,DIA12_CV486075:20251228_A2_N1_Mueller_MS_TechHub_IMP_THIDDIAXL003_Cas9_PhoX_DIA12_CV486075_250ng_FAIMS_003,1235457,,,Q99ZW2,,,false,Q99ZW2,Q99ZW2,,false,KGILQTVK,KTEVQTGGFSK,735,1097,1,1,735,1097,,-1,3,0,1.007276,104.520584
Scan: 974170 Run: DIA12_CV486075:20251228_A2_N1_Mueller_MS_TechHub_IMP_THIDDIAXL003_Cas9_PhoX_DIA12_CV486075_250ng_FAIMS_002 P1_LESEFVYGDYKVYDVR P2_KPAFLSGEQK 11 1,DIA12_CV486075:20251228_A2_N1_Mueller_MS_TechHub_IMP_THIDDIAXL003_Cas9_PhoX_DIA12_CV486075_250ng_FAIMS_002,974170,,,Q99ZW2,,,false,Q99ZW2,Q99ZW2,,false,KPAFLSGEQK,LESEFVYGDYKVYDVR,536,1004,1,11,536,1014,,-1,4,0,1.007276,104.50869
Scan: 732518 Run: DIA12_CV486075:20251228_A2_N1_Mueller_MS_TechHub_IMP_THIDDIAXL003_Cas9_PhoX_DIA12_CV486075_250ng_FAIMS_002 P1_KVTVK P2_GYKEVK 1 3,DIA12_CV486075:20251228_A2_N1_Mueller_MS_TechHub_IMP_THIDDIAXL003_Cas9_PhoX_DIA12_CV486075_250ng_FAIMS_002,732518,,,Q99ZW2,,,false,Q99ZW2,Q99ZW2,,false,GYKEVK,KVTVK,1186,558,3,1,1188,558,,-1,3,0,1.007276,104.415493
Scan: 87954 Run: DIA12_CV486075:20251228_A2_N1_Mueller_MS_TechHub_IMP_THIDDIAXL003_Cas9_PhoX_DIA12_CV486075_250ng_FAIMS_001 P1_YKEIFFDQSK P2_NSDKLIAR 2 4,DIA12_CV486075:20251228_A2_N1_Mueller_MS_TechHub_IMP_THIDDIAXL003_Cas9_PhoX_DIA12_CV486075_250ng_FAIMS_001,87954,,,Q99ZW2,,,false,Q99ZW2,Q99ZW2,,false,NSDKLIAR,YKEIFFDQSK,1115,347,4,2,1118,348,,-1,4,0,1.007276,104.28661
Scan: 404200 Run: DIA12_CV486075:20251228_A2_N1_Mueller_MS_TechHub_IMP_THIDDIAXL003_Cas9_PhoX_DIA12_CV486075_250ng_FAIMS_001 P1_NSDKLIAR P2_KAIVDLLFK 4 1,DIA12_CV486075:20251228_A2_N1_Mueller_MS_TechHub_IMP_THIDDIAXL003_Cas9_PhoX_DIA12_CV486075_250ng_FAIMS_001,404200,,,Q99ZW2,,,false,Q99ZW2,Q99ZW2,,false,KAIVDLLFK,NSDKLIAR,546,1115,1,4,546,1118,,-1,3,0,1.007276,104.283661
Scan: 410917 Run: DIA12_CV486075:20251228_A2_N1_Mueller_MS_TechHub_IMP_THIDDIAXL003_Cas9_PhoX_DIA12_CV486075_250ng_FAIMS_001 P1_KVTVK P2_DKQSGK 1 2,DIA12_CV486075:20251228_A2_N1_Mueller_MS_TechHub_IMP_THIDDIAXL003_Cas9_PhoX_DIA12_CV486075_250ng_FAIMS_001,410917,,,Q99ZW2,,,false,Q99ZW2,Q99ZW2,,false,DKQSGK,KVTVK,672,558,2,1,673,558,,-1,3,0,1.007276,104.233086
Scan: 1194307 Run: DIA12_CV486075:20251228_A2_N1_Mueller_MS_TechHub_IMP_THIDDIAXL003_Cas9_PhoX_DIA12_CV486075_250ng_FAIMS_002 P1_SKLVSDFR P2_DFQFYKVR 2 6,DIA12_CV486075:20251228_A2_N1_Mueller_MS_TechHub_IMP_THIDDIAXL003_Cas9_PhoX_DIA12_CV486075_250ng_FAIMS_002,1194307,,,Q99ZW2,,,false,Q99ZW2,Q99ZW2,,false,DFQFYKVR,SKLVSDFR,969,960,6,2,974,961,,-1,3,0,1.007276,104.101246
Scan: 260689 Run: DIA12_CV486075:20251228_A2_N1_Mueller_MS_TechHub_IMP_THIDDIAXL003_Cas9_PhoX_DIA12_CV486075_250ng_FAIMS_001 P1_YKEIFFDQSK P2_KGILQTVK 2 1,DIA12_CV486075:20251228_A2_N1_Mueller_MS_TechHub_IMP_THIDDIAXL003_Cas9_PhoX_DIA12_CV486075_250ng_FAIMS_001,260689,,,Q99ZW2,,,false,Q99ZW2,Q99ZW2,,false,KGILQTVK,YKEIFFDQSK,735,347,1,2,735,348,,-1,3,0,1.007276,104.037582
Scan: 1450927 Run: DIA12_CV486075:20251228_A2_N1_Mueller_MS_TechHub_IMP_THIDDIAXL003_Cas9_PhoX_DIA12_CV486075_250ng_FAIMS_003 P1_YKEIFFDQSK P2_KLVDSTDK 2 1,DIA12_CV486075:20251228_A2_N1_Mueller_MS_TechHub_IMP_THIDDIAXL003_Cas9_PhoX_DIA12_CV486075_250ng_FAIMS_003,1450927,,,Q99ZW2,,,false,Q99ZW2,Q99ZW2,,false,KLVDSTDK,YKEIFFDQSK,141,347,1,2,141,348,,-1,3,0,1.007276,103.854015
Scan: 603461 Run: DIA12_CV486075:20251228_A2_N1_Mueller_MS_TechHub_IMP_THIDDIAXL003_Cas9_PhoX_DIA12_CV486075_250ng_FAIMS_002 P1_LESEFVYGDYKVYDVR P2_KMIAK 11 1,DIA12_CV486075:20251228_A2_N1_Mueller_MS_TechHub_IMP_THIDDIAXL003_Cas9_PhoX_DIA12_CV486075_250ng_FAIMS_002,603461,,,Q99ZW2,,,false,Q99ZW2,Q99ZW2,,false,KMIAK,LESEFVYGDYKVYDVR,1020,1004,1,11,1020,1014,,-1,4,0,1.007276,103.832291
Scan: 83240 Run: DIA12_CV486075:20251228_A2_N1_Mueller_MS_TechHub_IMP_THIDDIAXL003_Cas9_PhoX_DIA12_CV486075_250ng_FAIMS_001 P1_NSDKLIAR P2_KDWDPK 4 1,DIA12_CV486075:20251228_A2_N1_Mueller_MS_TechHub_IMP_THIDDIAXL003_Cas9_PhoX_DIA12_CV486075_250ng_FAIMS_001,83240,,,Q99ZW2,,,false,Q99ZW2,Q99ZW2,,false,KDWDPK,NSDKLIAR,1124,1115,1,4,1124,1118,,-1,3,0,1.007276,103.801563
Scan: 1540821 Run: DIA12_CV486075:20251228_A2_N1_Mueller_MS_TechHub_IMP_THIDDIAXL003_Cas9_PhoX_DIA12_CV486075_250ng_FAIMS_003 P1_SEETITPWNFEEVVDKGASAQSFIER P2_MTNFDKNLPNEK 16 6,DIA12_CV486075:20251228_A2_N1_Mueller_MS_TechHub_IMP_THIDDIAXL003_Cas9_PhoX_DIA12_CV486075_250ng_FAIMS_003,1540821,,,Q99ZW2,,,false,Q99ZW2,Q99ZW2,,false,MTNFDKNLPNEK,SEETITPWNFEEVVDKGASAQSFIER,495,469,6,16,500,484,,-1,4,0,1.007276,103.732723
Scan: 1436903 Run: DIA12_CV486075:20251228_A2_N1_Mueller_MS_TechHub_IMP_THIDDIAXL003_Cas9_PhoX_DIA12_CV486075_250ng_FAIMS_003 P1_KDLIIK P2_FKVLGNTDR 1 2,DIA12_CV486075:20251228_A2_N1_Mueller_MS_TechHub_IMP_THIDDIAXL003_Cas9_PhoX_DIA12_CV486075_250ng_FAIMS_003,1436903,,,Q99ZW2,,,false,Q99ZW2,Q99ZW2,,false,FKVLGNTDR,KDLIIK,32,1192,2,1,33,1192,,-1,3,0,1.007276,103.731899
Scan: 692842 Run: DIA12_CV486075:20251228_A2_N1_Mueller_MS_TechHub_IMP_THIDDIAXL003_Cas9_PhoX_DIA12_CV486075_250ng_FAIMS_002 P1_LPKYSLFELENGR P2_KKDWDPK 3 1,DIA12_CV486075:20251228_A2_N1_Mueller_MS_TechHub_IMP_THIDDIAXL003_Cas9_PhoX_DIA12_CV486075_250ng_FAIMS_002,692842,,,Q99ZW2,,,false,Q99ZW2,Q99ZW2,,false,KKDWDPK,LPKYSLFELENGR,1123,1198,1,3,1123,1200,,-1,4,0,1.007276,103.700459
Scan: 1010577 Run: DIA12_CV486075:20251228_A2_N1_Mueller_MS_TechHub_IMP_THIDDIAXL003_Cas9_PhoX_DIA12_CV486075_250ng_FAIMS_002 P1_QLKEDYFK P2_KVTVK 3 1,DIA12_CV486075:20251228_A2_N1_Mueller_MS_TechHub_IMP_THIDDIAXL003_Cas9_PhoX_DIA12_CV486075_250ng_FAIMS_002,1010577,,,Q99ZW2,,,false,Q99ZW2,Q99ZW2,,false,KVTVK,QLKEDYFK,558,563,1,3,558,565,,-1,3,0,1.007276,103.588131
Scan: 6249 Run: DIA12_CV486075:20251228_A2_N1_Mueller_MS_TechHub_IMP_THIDDIAXL003_Cas9_PhoX_DIA12_CV486075_250ng_FAIMS_001 P1_MIAKSEQEIGK P2_LESEFVYGDYKVYDVR 4 11,DIA12_CV486075:20251228_A2_N1_Mueller_MS_TechHub_IMP_THIDDIAXL003_Cas9_PhoX_DIA12_CV486075_250ng_FAIMS_001,6249,,,Q99ZW2,,,false,Q99ZW2,Q99ZW2,,false,LESEFVYGDYKVYDVR,MIAKSEQEIGK,1004,1021,11,4,1014,1024,,-1,4,0,1.007276,103.443916
Scan: 1451441 Run: DIA12_CV486075:20251228_A2_N1_Mueller_MS_TechHub_IMP_THIDDIAXL003_Cas9_PhoX_DIA12_CV486075_250ng_FAIMS_003 P1_YKEIFFDQSK P2_SNFDLAEDAKLQLSK 2 10,DIA12_CV486075:20251228_A2_N1_Mueller_MS_TechHub_IMP_THIDDIAXL003_Cas9_PhoX_DIA12_CV486075_250ng_FAIMS_003,1451441,,,Q99ZW2,,,false,Q99ZW2,Q99ZW2,,false,SNFDLAEDAKLQLSK,YKEIFFDQSK,254,347,10,2,263,348,,-1,4,0,1.007276,103.419075
Scan: 545678 Run: DIA12_CV486075:20251228_A2_N1_Mueller_MS_TechHub_IMP_THIDDIAXL003_Cas9_PhoX_DIA12_CV486075_250ng_FAIMS_001 P1_YKEIFFDQSK P2_GKSDNVPSEEVVK 2 2,DIA12_CV486075:20251228_A2_N1_Mueller_MS_TechHub_IMP_THIDDIAXL003_Cas9_PhoX_DIA12_CV486075_250ng_FAIMS_001,545678,,,Q99ZW2,,,false,Q99ZW2,Q99ZW2,,false,GKSDNVPSEEVVK,YKEIFFDQSK,865,347,2,2,866,348,,-1,3,0,1.007276,103.416134
Scan: 374406 Run: DIA12_CV486075:20251228_A2_N1_Mueller_MS_TechHub_IMP_THIDDIAXL003_Cas9_PhoX_DIA12_CV486075_250ng_FAIMS_001 P1_VKYVTEGMR P2_KPAFLSGEQK 2 1,DIA12_CV486075:20251228_A2_N1_Mueller_MS_TechHub_IMP_THIDDIAXL003_Cas9_PhoX_DIA12_CV486075_250ng_FAIMS_001,374406,,,Q99ZW2,,,false,Q99ZW2,Q99ZW2,,false,KPAFLSGEQK,VKYVTEGMR,536,527,1,2,536,528,,-1,4,0,1.007276,103.371727
Scan: 667053 Run: DIA12_CV486075:20251228_A2_N1_Mueller_MS_TechHub_IMP_THIDDIAXL003_Cas9_PhoX_DIA12_CV486075_250ng_FAIMS_002 P1_KTEVQTGGFSKESILPK P2_FKVLGNTDR 11 2,DIA12_CV486075:20251228_A2_N1_Mueller_MS_TechHub_IMP_THIDDIAXL003_Cas9_PhoX_DIA12_CV486075_250ng_FAIMS_002,667053,,,Q99ZW2,,,false,Q99ZW2,Q99ZW2,,false,FKVLGNTDR,KTEVQTGGFSKESILPK,32,1097,2,11,33,1107,,-1,4,0,1.007276,103.309265
Scan: 701976 Run: DIA12_CV486075:20251228_A2_N1_Mueller_MS_TechHub_IMP_THIDDIAXL003_Cas9_PhoX_DIA12_CV486075_250ng_FAIMS_002 P1_KYGGFDSPTVAYSVLVVAK P2_KDWDPK 1 1,DIA12_CV486075:20251228_A2_N1_Mueller_MS_TechHub_IMP_THIDDIAXL003_Cas9_PhoX_DIA12_CV486075_250ng_FAIMS_002,701976,,,Q99ZW2,,,false,Q99ZW2,Q99ZW2,,false,KDWDPK,KYGGFDSPTVAYSVLVVAK,1124,1130,1,1,1124,1130,,-1,3,0,1.007276,103.29261
Scan: 544340 Run: DIA12_CV486075:20251228_A2_N1_Mueller_MS_TechHub_IMP_THIDDIAXL003_Cas9_PhoX_DIA12_CV486075_250ng_FAIMS_001 P1_KRPLIETNGETGEIVWDK P2_GKSDNVPSEEVVK 1 2,DIA12_CV486075:20251228_A2_N1_Mueller_MS_TechHub_IMP_THIDDIAXL003_Cas9_PhoX_DIA12_CV486075_250ng_FAIMS_001,544340,,,Q99ZW2,,,false,Q99ZW2,Q99ZW2,,false,GKSDNVPSEEVVK,KRPLIETNGETGEIVWDK,865,1059,2,1,866,1059,,-1,4,0,1.007276,103.161251
Scan: 1453401 Run: DIA12_CV486075:20251228_A2_N1_Mueller_MS_TechHub_IMP_THIDDIAXL003_Cas9_PhoX_DIA12_CV486075_250ng_FAIMS_003 P1_YKEIFFDQSK P2_IEKILTFR 2 3,DIA12_CV486075:20251228_A2_N1_Mueller_MS_TechHub_IMP_THIDDIAXL003_Cas9_PhoX_DIA12_CV486075_250ng_FAIMS_003,1453401,,,Q99ZW2,,,false,Q99ZW2,Q99ZW2,,false,IEKILTFR,YKEIFFDQSK,440,347,3,2,442,348,,-1,4,0,1.007276,103.107189
Scan: 1308424 Run: DIA12_CV486075:20251228_A2_N1_Mueller_MS_TechHub_IMP_THIDDIAXL003_Cas9_PhoX_DIA12_CV486075_250ng_FAIMS_003 P1_SSFEKNPIDFLEAK P2_KDLIIK 5 1,DIA12_CV486075:20251228_A2_N1_Mueller_MS_TechHub_IMP_THIDDIAXL003_Cas9_PhoX_DIA12_CV486075_250ng_FAIMS_003,1308424,,,Q99ZW2,,,false,Q99ZW2,Q99ZW2,,false,KDLIIK,SSFEKNPIDFLEAK,1192,1172,1,5,1192,1176,,-1,4,0,1.007276,103.054062
Scan: 22081 Run: DIA12_CV486075:20251228_A2_N1_Mueller_MS_TechHub_IMP_THIDDIAXL003_Cas9_PhoX_DIA12_CV486075_250ng_FAIMS_001 P1_YKEIFFDQSK P2_KRPLIETNGETGEIVWDK 2 1,DIA12_CV486075:20251228_A2_N1_Mueller_MS_TechHub_IMP_THIDDIAXL003_Cas9_PhoX_DIA12_CV486075_250ng_FAIMS_001,22081,,,Q99ZW2,,,false,Q99ZW2,Q99ZW2,,false,KRPLIETNGETGEIVWDK,YKEIFFDQSK,1059,347,1,2,1059,348,,-1,4,0,1.007276,103.050518
Scan: 660415 Run: DIA12_CV486075:20251228_A2_N1_Mueller_MS_TechHub_IMP_THIDDIAXL003_Cas9_PhoX_DIA12_CV486075_250ng_FAIMS_002 P1_NSDKLIAR P2_KTEVQTGGFSKESILPK 4 11,DIA12_CV486075:20251228_A2_N1_Mueller_MS_TechHub_IMP_THIDDIAXL003_Cas9_PhoX_DIA12_CV486075_250ng_FAIMS_002,660415,,,Q99ZW2,,,false,Q99ZW2,Q99ZW2,,false,KTEVQTGGFSKESILPK,NSDKLIAR,1097,1115,11,4,1107,1118,,-1,5,0,1.007276,103.046036
Scan: 857067 Run: DIA12_CV486075:20251228_A2_N1_Mueller_MS_TechHub_IMP_THIDDIAXL003_Cas9_PhoX_DIA12_CV486075_250ng_FAIMS_002 P1_YKEIFFDQSK P2_KAIVDLLFK 2 1,DIA12_CV486075:20251228_A2_N1_Mueller_MS_TechHub_IMP_THIDDIAXL003_Cas9_PhoX_DIA12_CV486075_250ng_FAIMS_002,857067,,,Q99ZW2,,,false,Q99ZW2,Q99ZW2,,false,KAIVDLLFK,YKEIFFDQSK,546,347,1,2,546,348,,-1,3,0,1.007276,102.967827
Scan: 489030 Run: DIA12_CV486075:20251228_A2_N1_Mueller_MS_TechHub_IMP_THIDDIAXL003_Cas9_PhoX_DIA12_CV486075_250ng_FAIMS_001 P1_KTEVQTGGFSKESILPK P2_GILQTVKVVDELVK 11 7,DIA12_CV486075:20251228_A2_N1_Mueller_MS_TechHub_IMP_THIDDIAXL003_Cas9_PhoX_DIA12_CV486075_250ng_FAIMS_001,489030,,,Q99ZW2,,,false,Q99ZW2,Q99ZW2,,false,GILQTVKVVDELVK,KTEVQTGGFSKESILPK,736,1097,7,11,742,1107,,-1,4,0,1.007276,102.956757
Scan: 1582974 Run: DIA12_CV486075:20251228_A2_N1_Mueller_MS_TechHub_IMP_THIDDIAXL003_Cas9_PhoX_DIA12_CV486075_250ng_FAIMS_003 P1_KPAFLSGEQK P2_ENQTTQKGQK 1 7,DIA12_CV486075:20251228_A2_N1_Mueller_MS_TechHub_IMP_THIDDIAXL003_Cas9_PhoX_DIA12_CV486075_250ng_FAIMS_003,1582974,,,Q99ZW2,,,false,Q99ZW2,Q99ZW2,,false,ENQTTQKGQK,KPAFLSGEQK,766,536,7,1,772,536,,-1,3,0,1.007276,102.818375
Scan: 1509280 Run: DIA12_CV486075:20251228_A2_N1_Mueller_MS_TechHub_IMP_THIDDIAXL003_Cas9_PhoX_DIA12_CV486075_250ng_FAIMS_003 P1_SKLVSDFR P2_KSEETITPWNFEEVVDK 2 1,DIA12_CV486075:20251228_A2_N1_Mueller_MS_TechHub_IMP_THIDDIAXL003_Cas9_PhoX_DIA12_CV486075_250ng_FAIMS_003,1509280,,,Q99ZW2,,,false,Q99ZW2,Q99ZW2,,false,KSEETITPWNFEEVVDK,SKLVSDFR,468,960,1,2,468,961,,-1,4,0,1.007276,102.797283
Scan: 983916 Run: DIA12_CV486075:20251228_A2_N1_Mueller_MS_TechHub_IMP_THIDDIAXL003_Cas9_PhoX_DIA12_CV486075_250ng_FAIMS_002 P1_QLKEDYFK P2_KPAFLSGEQK 3 1,DIA12_CV486075:20251228_A2_N1_Mueller_MS_TechHub_IMP_THIDDIAXL003_Cas9_PhoX_DIA12_CV486075_250ng_FAIMS_002,983916,,,Q99ZW2,,,false,Q99ZW2,Q99ZW2,,false,KPAFLSGEQK,QLKEDYFK,536,563,1,3,536,565,,-1,4,0,1.007276,102.792229
Scan: 1008174 Run: DIA12_CV486075:20251228_A2_N1_Mueller_MS_TechHub_IMP_THIDDIAXL003_Cas9_PhoX_DIA12_CV486075_250ng_FAIMS_002 P1_KVTVK P2_AIVDLLFKTNR 1 8,DIA12_CV486075:20251228_A2_N1_Mueller_MS_TechHub_IMP_THIDDIAXL003_Cas9_PhoX_DIA12_CV486075_250ng_FAIMS_002,1008174,,,Q99ZW2,,,false,Q99ZW2,Q99ZW2,,false,AIVDLLFKTNR,KVTVK,547,558,8,1,554,558,,-1,3,0,1.007276,102.736012
Scan: 1581303 Run: DIA12_CV486075:20251228_A2_N1_Mueller_MS_TechHub_IMP_THIDDIAXL003_Cas9_PhoX_DIA12_CV486075_250ng_FAIMS_003 P1_QLKEDYFK P2_KPAFLSGEQK 3 1,DIA12_CV486075:20251228_A2_N1_Mueller_MS_TechHub_IMP_THIDDIAXL003_Cas9_PhoX_DIA12_CV486075_250ng_FAIMS_003,1581303,,,Q99ZW2,,,false,Q99ZW2,Q99ZW2,,false,KPAFLSGEQK,QLKEDYFK,536,563,1,3,536,565,,-1,3,0,1.007276,102.685032
Scan: 1001525 Run: DIA12_CV486075:20251228_A2_N1_Mueller_MS_TechHub_IMP_THIDDIAXL003_Cas9_PhoX_DIA12_CV486075_250ng_FAIMS_002 P1_SEQEIGKATAK P2_KAIVDLLFK 7 1,DIA12_CV486075:20251228_A2_N1_Mueller_MS_TechHub_IMP_THIDDIAXL003_Cas9_PhoX_DIA12_CV486075_250ng_FAIMS_002,1001525,,,Q99ZW2,,,false,Q99ZW2,Q99ZW2,,false,KAIVDLLFK,SEQEIGKATAK,546,1025,1,7,546,1031,,-1,3,0,1.007276,102.64642
Scan: 603542 Run: DIA12_CV486075:20251228_A2_N1_Mueller_MS_TechHub_IMP_THIDDIAXL003_Cas9_PhoX_DIA12_CV486075_250ng_FAIMS_002 P1_LESEFVYGDYKVYDVR P2_KMIAK 11 1,DIA12_CV486075:20251228_A2_N1_Mueller_MS_TechHub_IMP_THIDDIAXL003_Cas9_PhoX_DIA12_CV486075_250ng_FAIMS_002,603542,,,Q99ZW2,,,false,Q99ZW2,Q99ZW2,,false,KMIAK,LESEFVYGDYKVYDVR,1020,1004,1,11,1020,1014,,-1,3,0,1.007276,102.646252
Scan: 93031 Run: DIA12_CV486075:20251228_A2_N1_Mueller_MS_TechHub_IMP_THIDDIAXL003_Cas9_PhoX_DIA12_CV486075_250ng_FAIMS_001 P1_SDKNR P2_NSDKLIAR 3 4,DIA12_CV486075:20251228_A2_N1_Mueller_MS_TechHub_IMP_THIDDIAXL003_Cas9_PhoX_DIA12_CV486075_250ng_FAIMS_001,93031,,,Q99ZW2,,,false,Q99ZW2,Q99ZW2,,false,NSDKLIAR,SDKNR,1115,860,4,3,1118,862,,-1,3,0,1.007276,102.613918
Scan: 857884 Run: DIA12_CV486075:20251228_A2_N1_Mueller_MS_TechHub_IMP_THIDDIAXL003_Cas9_PhoX_DIA12_CV486075_250ng_FAIMS_002 P1_YKEIFFDQSK P2_DKQSGK 2 2,DIA12_CV486075:20251228_A2_N1_Mueller_MS_TechHub_IMP_THIDDIAXL003_Cas9_PhoX_DIA12_CV486075_250ng_FAIMS_002,857884,,,Q99ZW2,,,false,Q99ZW2,Q99ZW2,,false,DKQSGK,YKEIFFDQSK,672,347,2,2,673,348,,-1,3,0,1.007276,102.577263
Scan: 716437 Run: DIA12_CV486075:20251228_A2_N1_Mueller_MS_TechHub_IMP_THIDDIAXL003_Cas9_PhoX_DIA12_CV486075_250ng_FAIMS_002 P1_SSFEKNPIDFLEAK P2_KLINGIR 5 1,DIA12_CV486075:20251228_A2_N1_Mueller_MS_TechHub_IMP_THIDDIAXL003_Cas9_PhoX_DIA12_CV486075_250ng_FAIMS_002,716437,,,Q99ZW2,,,false,Q99ZW2,Q99ZW2,,false,KLINGIR,SSFEKNPIDFLEAK,665,1172,1,5,665,1176,,-1,3,0,1.007276,102.499783
Scan: 660235 Run: DIA12_CV486075:20251228_A2_N1_Mueller_MS_TechHub_IMP_THIDDIAXL003_Cas9_PhoX_DIA12_CV486075_250ng_FAIMS_002 P1_TEVQTGGFSKESILPK P2_NSDKLIAR 10 4,DIA12_CV486075:20251228_A2_N1_Mueller_MS_TechHub_IMP_THIDDIAXL003_Cas9_PhoX_DIA12_CV486075_250ng_FAIMS_002,660235,,,Q99ZW2,,,false,Q99ZW2,Q99ZW2,,false,NSDKLIAR,TEVQTGGFSKESILPK,1115,1098,4,10,1118,1107,,-1,3,0,1.007276,102.486343
Scan: 66643 Run: DIA12_CV486075:20251228_A2_N1_Mueller_MS_TechHub_IMP_THIDDIAXL003_Cas9_PhoX_DIA12_CV486075_250ng_FAIMS_001 P1_SSFEKNPIDFLEAK P2_KTEVQTGGFSKESILPK 5 11,DIA12_CV486075:20251228_A2_N1_Mueller_MS_TechHub_IMP_THIDDIAXL003_Cas9_PhoX_DIA12_CV486075_250ng_FAIMS_001,66643,,,Q99ZW2,,,false,Q99ZW2,Q99ZW2,,false,KTEVQTGGFSKESILPK,SSFEKNPIDFLEAK,1097,1172,11,5,1107,1176,,-1,4,0,1.007276,102.480526
Scan: 429556 Run: DIA12_CV486075:20251228_A2_N1_Mueller_MS_TechHub_IMP_THIDDIAXL003_Cas9_PhoX_DIA12_CV486075_250ng_FAIMS_001 P1_KLINGIR P2_FKVLGNTDR 1 2,DIA12_CV486075:20251228_A2_N1_Mueller_MS_TechHub_IMP_THIDDIAXL003_Cas9_PhoX_DIA12_CV486075_250ng_FAIMS_001,429556,,,Q99ZW2,,,false,Q99ZW2,Q99ZW2,,false,FKVLGNTDR,KLINGIR,32,665,2,1,33,665,,-1,3,0,1.007276,102.472679
Scan: 1330064 Run: DIA12_CV486075:20251228_A2_N1_Mueller_MS_TechHub_IMP_THIDDIAXL003_Cas9_PhoX_DIA12_CV486075_250ng_FAIMS_003 P1_GYKEVK P2_DKQSGK 3 2,DIA12_CV486075:20251228_A2_N1_Mueller_MS_TechHub_IMP_THIDDIAXL003_Cas9_PhoX_DIA12_CV486075_250ng_FAIMS_003,1330064,,,Q99ZW2,,,false,Q99ZW2,Q99ZW2,,false,DKQSGK,GYKEVK,672,1186,2,3,673,1188,,-1,3,0,1.007276,102.419579
Scan: 594485 Run: DIA12_CV486075:20251228_A2_N1_Mueller_MS_TechHub_IMP_THIDDIAXL003_Cas9_PhoX_DIA12_CV486075_250ng_FAIMS_001 P1_KDFQFYK P2_GQKNSR 1 3,DIA12_CV486075:20251228_A2_N1_Mueller_MS_TechHub_IMP_THIDDIAXL003_Cas9_PhoX_DIA12_CV486075_250ng_FAIMS_001,594485,,,Q99ZW2,,,false,Q99ZW2,Q99ZW2,,false,GQKNSR,KDFQFYK,773,968,3,1,775,968,,-1,3,0,1.007276,102.413719
Scan: 670263 Run: DIA12_CV486075:20251228_A2_N1_Mueller_MS_TechHub_IMP_THIDDIAXL003_Cas9_PhoX_DIA12_CV486075_250ng_FAIMS_002 P1_KTEVQTGGFSKESILPK P2_DKQSGK 11 2,DIA12_CV486075:20251228_A2_N1_Mueller_MS_TechHub_IMP_THIDDIAXL003_Cas9_PhoX_DIA12_CV486075_250ng_FAIMS_002,670263,,,Q99ZW2,,,false,Q99ZW2,Q99ZW2,,false,DKQSGK,KTEVQTGGFSKESILPK,672,1097,2,11,673,1107,,-1,3,0,1.007276,102.322155
Scan: 738703 Run: DIA12_CV486075:20251228_A2_N1_Mueller_MS_TechHub_IMP_THIDDIAXL003_Cas9_PhoX_DIA12_CV486075_250ng_FAIMS_002 P1_EDIQKAQVSGQGDSLHEHIANLAGSPAIK P2_DLIIKLPK 5 5,DIA12_CV486075:20251228_A2_N1_Mueller_MS_TechHub_IMP_THIDDIAXL003_Cas9_PhoX_DIA12_CV486075_250ng_FAIMS_002,738703,,,Q99ZW2,,,false,Q99ZW2,Q99ZW2,,false,DLIIKLPK,EDIQKAQVSGQGDSLHEHIANLAGSPAIK,1193,706,5,5,1197,710,,-1,4,0,1.007276,102.294746
Scan: 382746 Run: DIA12_CV486075:20251228_A2_N1_Mueller_MS_TechHub_IMP_THIDDIAXL003_Cas9_PhoX_DIA12_CV486075_250ng_FAIMS_001 P1_KPAFLSGEQK P2_IEKILTFR 1 3,DIA12_CV486075:20251228_A2_N1_Mueller_MS_TechHub_IMP_THIDDIAXL003_Cas9_PhoX_DIA12_CV486075_250ng_FAIMS_001,382746,,,Q99ZW2,,,false,Q99ZW2,Q99ZW2,,false,IEKILTFR,KPAFLSGEQK,440,536,3,1,442,536,,-1,4,0,1.007276,102.275467
Scan: 1010403 Run: DIA12_CV486075:20251228_A2_N1_Mueller_MS_TechHub_IMP_THIDDIAXL003_Cas9_PhoX_DIA12_CV486075_250ng_FAIMS_002 P1_QLKEDYFK P2_IEKILTFR 3 3,DIA12_CV486075:20251228_A2_N1_Mueller_MS_TechHub_IMP_THIDDIAXL003_Cas9_PhoX_DIA12_CV486075_250ng_FAIMS_002,1010403,,,Q99ZW2,,,false,Q99ZW2,Q99ZW2,,false,IEKILTFR,QLKEDYFK,440,563,3,3,442,565,,-1,3,0,1.007276,102.243237
Scan: 1158483 Run: DIA12_CV486075:20251228_A2_N1_Mueller_MS_TechHub_IMP_THIDDIAXL003_Cas9_PhoX_DIA12_CV486075_250ng_FAIMS_002 P1_KFDNLTK P2_IEKILTFR 1 3,DIA12_CV486075:20251228_A2_N1_Mueller_MS_TechHub_IMP_THIDDIAXL003_Cas9_PhoX_DIA12_CV486075_250ng_FAIMS_002,1158483,,,Q99ZW2,,,false,Q99ZW2,Q99ZW2,,false,IEKILTFR,KFDNLTK,440,896,3,1,442,896,,-1,3,0,1.007276,102.210136
Scan: 429254 Run: DIA12_CV486075:20251228_A2_N1_Mueller_MS_TechHub_IMP_THIDDIAXL003_Cas9_PhoX_DIA12_CV486075_250ng_FAIMS_001 P1_KLINGIR P2_DLIIKLPK 1 5,DIA12_CV486075:20251228_A2_N1_Mueller_MS_TechHub_IMP_THIDDIAXL003_Cas9_PhoX_DIA12_CV486075_250ng_FAIMS_001,429254,,,Q99ZW2,,,false,Q99ZW2,Q99ZW2,,false,DLIIKLPK,KLINGIR,1193,665,5,1,1197,665,,-1,4,0,1.007276,102.193825
Scan: 437387 Run: DIA12_CV486075:20251228_A2_N1_Mueller_MS_TechHub_IMP_THIDDIAXL003_Cas9_PhoX_DIA12_CV486075_250ng_FAIMS_001 P1_SSFEKNPIDFLEAK P2_DKQSGK 5 2,DIA12_CV486075:20251228_A2_N1_Mueller_MS_TechHub_IMP_THIDDIAXL003_Cas9_PhoX_DIA12_CV486075_250ng_FAIMS_001,437387,,,Q99ZW2,,,false,Q99ZW2,Q99ZW2,,false,DKQSGK,SSFEKNPIDFLEAK,672,1172,2,5,673,1176,,-1,4,0,1.007276,102.168175
Scan: 1605199 Run: DIA12_CV486075:20251228_A2_N1_Mueller_MS_TechHub_IMP_THIDDIAXL003_Cas9_PhoX_DIA12_CV486075_250ng_FAIMS_003 P1_NSDKLIAR P2_KVTVK 4 1,DIA12_CV486075:20251228_A2_N1_Mueller_MS_TechHub_IMP_THIDDIAXL003_Cas9_PhoX_DIA12_CV486075_250ng_FAIMS_003,1605199,,,Q99ZW2,,,false,Q99ZW2,Q99ZW2,,false,KVTVK,NSDKLIAR,558,1115,1,4,558,1118,,-1,3,0,1.007276,102.114746
Scan: 1556899 Run: DIA12_CV486075:20251228_A2_N1_Mueller_MS_TechHub_IMP_THIDDIAXL003_Cas9_PhoX_DIA12_CV486075_250ng_FAIMS_003 P1_VLPKHSLLYEYFTVYNELTK P2_KDLIIK 4 1,DIA12_CV486075:20251228_A2_N1_Mueller_MS_TechHub_IMP_THIDDIAXL003_Cas9_PhoX_DIA12_CV486075_250ng_FAIMS_003,1556899,,,Q99ZW2,,,false,Q99ZW2,Q99ZW2,,false,KDLIIK,VLPKHSLLYEYFTVYNELTK,1192,507,1,4,1192,510,,-1,4,0,1.007276,101.99794
Scan: 715812 Run: DIA12_CV486075:20251228_A2_N1_Mueller_MS_TechHub_IMP_THIDDIAXL003_Cas9_PhoX_DIA12_CV486075_250ng_FAIMS_002 P1_SSFEKNPIDFLEAK P2_KVTVK 5 1,DIA12_CV486075:20251228_A2_N1_Mueller_MS_TechHub_IMP_THIDDIAXL003_Cas9_PhoX_DIA12_CV486075_250ng_FAIMS_002,715812,,,Q99ZW2,,,false,Q99ZW2,Q99ZW2,,false,KVTVK,SSFEKNPIDFLEAK,558,1172,1,5,558,1176,,-1,3,0,1.007276,101.990543
Scan: 1440869 Run: DIA12_CV486075:20251228_A2_N1_Mueller_MS_TechHub_IMP_THIDDIAXL003_Cas9_PhoX_DIA12_CV486075_250ng_FAIMS_003 P1_KDFQFYK P2_FKVLGNTDR 1 2,DIA12_CV486075:20251228_A2_N1_Mueller_MS_TechHub_IMP_THIDDIAXL003_Cas9_PhoX_DIA12_CV486075_250ng_FAIMS_003,1440869,,,Q99ZW2,,,false,Q99ZW2,Q99ZW2,,false,FKVLGNTDR,KDFQFYK,32,968,2,1,33,968,,-1,4,0,1.007276,101.947483
Scan: 95235 Run: DIA12_CV486075:20251228_A2_N1_Mueller_MS_TechHub_IMP_THIDDIAXL003_Cas9_PhoX_DIA12_CV486075_250ng_FAIMS_001 P1_SSFEKNPIDFLEAK P2_KKDWDPK 5 1,DIA12_CV486075:20251228_A2_N1_Mueller_MS_TechHub_IMP_THIDDIAXL003_Cas9_PhoX_DIA12_CV486075_250ng_FAIMS_001,95235,,,Q99ZW2,,,false,Q99ZW2,Q99ZW2,,false,KKDWDPK,SSFEKNPIDFLEAK,1123,1172,1,5,1123,1176,,-1,4,0,1.007276,101.869694
Scan: 413555 Run: DIA12_CV486075:20251228_A2_N1_Mueller_MS_TechHub_IMP_THIDDIAXL003_Cas9_PhoX_DIA12_CV486075_250ng_FAIMS_001 P1_QLKEDYFK P2_QITKHVAQILDSR 3 4,DIA12_CV486075:20251228_A2_N1_Mueller_MS_TechHub_IMP_THIDDIAXL003_Cas9_PhoX_DIA12_CV486075_250ng_FAIMS_001,413555,,,Q99ZW2,,,false,Q99ZW2,Q99ZW2,,false,QITKHVAQILDSR,QLKEDYFK,926,563,4,3,929,565,,-1,4,0,1.007276,101.862648
Scan: 1210608 Run: DIA12_CV486075:20251228_A2_N1_Mueller_MS_TechHub_IMP_THIDDIAXL003_Cas9_PhoX_DIA12_CV486075_250ng_FAIMS_003 P1_SEQEIGKATAK P2_IEKILTFR 7 3,DIA12_CV486075:20251228_A2_N1_Mueller_MS_TechHub_IMP_THIDDIAXL003_Cas9_PhoX_DIA12_CV486075_250ng_FAIMS_003,1210608,,,Q99ZW2,,,false,Q99ZW2,Q99ZW2,,false,IEKILTFR,SEQEIGKATAK,440,1025,3,7,442,1031,,-1,3,0,1.007276,101.798683
Scan: 569909 Run: DIA12_CV486075:20251228_A2_N1_Mueller_MS_TechHub_IMP_THIDDIAXL003_Cas9_PhoX_DIA12_CV486075_250ng_FAIMS_001 P1_VITLKSK P2_KIFGAR 5 1,DIA12_CV486075:20251228_A2_N1_Mueller_MS_TechHub_IMP_THIDDIAXL003_Cas9_PhoX_DIA12_CV486075_250ng_FAIMS_001,569909,,,decoy:Q99ZW2,decoy,decoy,true,Q99ZW2,Q99ZW2,,false,KIFGAR,VITLKSK,914,955,1,5,914,959,,-1,3,0,1.007276,101.784904
Scan: 514030 Run: DIA12_CV486075:20251228_A2_N1_Mueller_MS_TechHub_IMP_THIDDIAXL003_Cas9_PhoX_DIA12_CV486075_250ng_FAIMS_001 P1_TEVQTGGFSKESILPK P2_IEEGIKELGSQILK 10 6,DIA12_CV486075:20251228_A2_N1_Mueller_MS_TechHub_IMP_THIDDIAXL003_Cas9_PhoX_DIA12_CV486075_250ng_FAIMS_001,514030,,,Q99ZW2,,,false,Q99ZW2,Q99ZW2,,false,IEEGIKELGSQILK,TEVQTGGFSKESILPK,784,1098,6,10,789,1107,,-1,4,0,1.007276,101.778736
Scan: 387631 Run: DIA12_CV486075:20251228_A2_N1_Mueller_MS_TechHub_IMP_THIDDIAXL003_Cas9_PhoX_DIA12_CV486075_250ng_FAIMS_001 P1_KPAFLSGEQK P2_KGILQTVK 1 1,DIA12_CV486075:20251228_A2_N1_Mueller_MS_TechHub_IMP_THIDDIAXL003_Cas9_PhoX_DIA12_CV486075_250ng_FAIMS_001,387631,,,Q99ZW2,,,false,Q99ZW2,Q99ZW2,,false,KGILQTVK,KPAFLSGEQK,735,536,1,1,735,536,,-1,3,0,1.007276,101.764168
Scan: 987963 Run: DIA12_CV486075:20251228_A2_N1_Mueller_MS_TechHub_IMP_THIDDIAXL003_Cas9_PhoX_DIA12_CV486075_250ng_FAIMS_002 P1_QEGSLFAPKK P2_LESEFVYGDYKVYDVR 9 11,DIA12_CV486075:20251228_A2_N1_Mueller_MS_TechHub_IMP_THIDDIAXL003_Cas9_PhoX_DIA12_CV486075_250ng_FAIMS_002,987963,,,Q99ZW2,,,false,decoy:Q99ZW2,decoy,decoy,true,LESEFVYGDYKVYDVR,QEGSLFAPKK,1004,536,11,9,1014,544,,-1,4,0,1.007276,101.750271
Scan: 306540 Run: DIA12_CV486075:20251228_A2_N1_Mueller_MS_TechHub_IMP_THIDDIAXL003_Cas9_PhoX_DIA12_CV486075_250ng_FAIMS_001 P1_KSEETITPWNFEEVVDK P2_IEKILTFR 1 3,DIA12_CV486075:20251228_A2_N1_Mueller_MS_TechHub_IMP_THIDDIAXL003_Cas9_PhoX_DIA12_CV486075_250ng_FAIMS_001,306540,,,Q99ZW2,,,false,Q99ZW2,Q99ZW2,,false,IEKILTFR,KSEETITPWNFEEVVDK,440,468,3,1,442,468,,-1,4,0,1.007276,101.66153
Scan: 449730 Run: DIA12_CV486075:20251228_A2_N1_Mueller_MS_TechHub_IMP_THIDDIAXL003_Cas9_PhoX_DIA12_CV486075_250ng_FAIMS_001 P1_TILDFLKSDGFANR P2_SKLVSDFR 7 2,DIA12_CV486075:20251228_A2_N1_Mueller_MS_TechHub_IMP_THIDDIAXL003_Cas9_PhoX_DIA12_CV486075_250ng_FAIMS_001,449730,,,Q99ZW2,,,false,Q99ZW2,Q99ZW2,,false,SKLVSDFR,TILDFLKSDGFANR,960,678,2,7,961,684,,-1,4,0,1.007276,101.658684
Scan: 684440 Run: DIA12_CV486075:20251228_A2_N1_Mueller_MS_TechHub_IMP_THIDDIAXL003_Cas9_PhoX_DIA12_CV486075_250ng_FAIMS_002 P1_NSDKLIAR P2_DKPIR 4 2,DIA12_CV486075:20251228_A2_N1_Mueller_MS_TechHub_IMP_THIDDIAXL003_Cas9_PhoX_DIA12_CV486075_250ng_FAIMS_002,684440,,,Q99ZW2,,,false,Q99ZW2,Q99ZW2,,false,DKPIR,NSDKLIAR,1299,1115,2,4,1300,1118,,-1,3,0,1.007276,101.630207
Scan: 537530 Run: DIA12_CV486075:20251228_A2_N1_Mueller_MS_TechHub_IMP_THIDDIAXL003_Cas9_PhoX_DIA12_CV486075_250ng_FAIMS_001 P1_QITKHVAQILDSR P2_EHPVENTQLQNEKLYLYYLQNGR 4 13,DIA12_CV486075:20251228_A2_N1_Mueller_MS_TechHub_IMP_THIDDIAXL003_Cas9_PhoX_DIA12_CV486075_250ng_FAIMS_001,537530,,,Q99ZW2,,,false,Q99ZW2,Q99ZW2,,false,EHPVENTQLQNEKLYLYYLQNGR,QITKHVAQILDSR,798,926,13,4,810,929,,-1,5,0,1.007276,101.607792
Scan: 703405 Run: DIA12_CV486075:20251228_A2_N1_Mueller_MS_TechHub_IMP_THIDDIAXL003_Cas9_PhoX_DIA12_CV486075_250ng_FAIMS_002 P1_KYGGFDSPTVAYSVLVVAK P2_KLINGIR 1 1,DIA12_CV486075:20251228_A2_N1_Mueller_MS_TechHub_IMP_THIDDIAXL003_Cas9_PhoX_DIA12_CV486075_250ng_FAIMS_002,703405,,,Q99ZW2,,,false,Q99ZW2,Q99ZW2,,false,KLINGIR,KYGGFDSPTVAYSVLVVAK,665,1130,1,1,665,1130,,-1,3,0,1.007276,101.597485
Scan: 1143987 Run: DIA12_CV486075:20251228_A2_N1_Mueller_MS_TechHub_IMP_THIDDIAXL003_Cas9_PhoX_DIA12_CV486075_250ng_FAIMS_002 P1_KPAFLSGEQK P2_GKSDNVPSEEVVK 1 2,DIA12_CV486075:20251228_A2_N1_Mueller_MS_TechHub_IMP_THIDDIAXL003_Cas9_PhoX_DIA12_CV486075_250ng_FAIMS_002,1143987,,,Q99ZW2,,,false,Q99ZW2,Q99ZW2,,false,GKSDNVPSEEVVK,KPAFLSGEQK,865,536,2,1,866,536,,-1,3,0,1.007276,101.547119
Scan: 1293046 Run: DIA12_CV486075:20251228_A2_N1_Mueller_MS_TechHub_IMP_THIDDIAXL003_Cas9_PhoX_DIA12_CV486075_250ng_FAIMS_003 P1_KDWDPK P2_IEKILTFR 1 3,DIA12_CV486075:20251228_A2_N1_Mueller_MS_TechHub_IMP_THIDDIAXL003_Cas9_PhoX_DIA12_CV486075_250ng_FAIMS_003,1293046,,,Q99ZW2,,,false,Q99ZW2,Q99ZW2,,false,IEKILTFR,KDWDPK,440,1124,3,1,442,1124,,-1,3,0,1.007276,101.507805
Scan: 1081429 Run: DIA12_CV486075:20251228_A2_N1_Mueller_MS_TechHub_IMP_THIDDIAXL003_Cas9_PhoX_DIA12_CV486075_250ng_FAIMS_002 P1_KGILQTVK P2_IEKILTFR 1 3,DIA12_CV486075:20251228_A2_N1_Mueller_MS_TechHub_IMP_THIDDIAXL003_Cas9_PhoX_DIA12_CV486075_250ng_FAIMS_002,1081429,,,Q99ZW2,,,false,Q99ZW2,Q99ZW2,,false,IEKILTFR,KGILQTVK,440,735,3,1,442,735,,-1,4,0,1.007276,101.444733
Scan: 1261769 Run: DIA12_CV486075:20251228_A2_N1_Mueller_MS_TechHub_IMP_THIDDIAXL003_Cas9_PhoX_DIA12_CV486075_250ng_FAIMS_003 P1_TEVQTGGFSKESILPK P2_SSFEKNPIDFLEAK 10 5,DIA12_CV486075:20251228_A2_N1_Mueller_MS_TechHub_IMP_THIDDIAXL003_Cas9_PhoX_DIA12_CV486075_250ng_FAIMS_003,1261769,,,Q99ZW2,,,false,Q99ZW2,Q99ZW2,,false,SSFEKNPIDFLEAK,TEVQTGGFSKESILPK,1172,1098,5,10,1176,1107,,-1,3,0,1.007276,101.431068
Scan: 779417 Run: DIA12_CV486075:20251228_A2_N1_Mueller_MS_TechHub_IMP_THIDDIAXL003_Cas9_PhoX_DIA12_CV486075_250ng_FAIMS_002 P1_VILADANLDKVLSAYNK P2_NSDKLIAR 10 4,DIA12_CV486075:20251228_A2_N1_Mueller_MS_TechHub_IMP_THIDDIAXL003_Cas9_PhoX_DIA12_CV486075_250ng_FAIMS_002,779417,,,Q99ZW2,,,false,Q99ZW2,Q99ZW2,,false,NSDKLIAR,VILADANLDKVLSAYNK,1115,1280,4,10,1118,1289,,-1,4,0,1.007276,101.407654
Scan: 670219 Run: DIA12_CV486075:20251228_A2_N1_Mueller_MS_TechHub_IMP_THIDDIAXL003_Cas9_PhoX_DIA12_CV486075_250ng_FAIMS_002 P1_TEVQTGGFSKESILPK P2_DKQSGK 10 2,DIA12_CV486075:20251228_A2_N1_Mueller_MS_TechHub_IMP_THIDDIAXL003_Cas9_PhoX_DIA12_CV486075_250ng_FAIMS_002,670219,,,Q99ZW2,,,false,Q99ZW2,Q99ZW2,,false,DKQSGK,TEVQTGGFSKESILPK,672,1098,2,10,673,1107,,-1,3,0,1.007276,101.394539
Scan: 142351 Run: DIA12_CV486075:20251228_A2_N1_Mueller_MS_TechHub_IMP_THIDDIAXL003_Cas9_PhoX_DIA12_CV486075_250ng_FAIMS_001 P1_LPKYSLFELENGR P2_KTEVQTGGFSKESILPK 3 11,DIA12_CV486075:20251228_A2_N1_Mueller_MS_TechHub_IMP_THIDDIAXL003_Cas9_PhoX_DIA12_CV486075_250ng_FAIMS_001,142351,,,Q99ZW2,,,false,Q99ZW2,Q99ZW2,,false,KTEVQTGGFSKESILPK,LPKYSLFELENGR,1097,1198,11,3,1107,1200,,-1,4,0,1.007276,101.289974
Scan: 243995 Run: DIA12_CV486075:20251228_A2_N1_Mueller_MS_TechHub_IMP_THIDDIAXL003_Cas9_PhoX_DIA12_CV486075_250ng_FAIMS_001 P1_KPAFLSGEQK P2_FKVLGNTDR 1 2,DIA12_CV486075:20251228_A2_N1_Mueller_MS_TechHub_IMP_THIDDIAXL003_Cas9_PhoX_DIA12_CV486075_250ng_FAIMS_001,243995,,,Q99ZW2,,,false,Q99ZW2,Q99ZW2,,false,FKVLGNTDR,KPAFLSGEQK,32,536,2,1,33,536,,-1,3,0,1.007276,101.274399
Scan: 1108546 Run: DIA12_CV486075:20251228_A2_N1_Mueller_MS_TechHub_IMP_THIDDIAXL003_Cas9_PhoX_DIA12_CV486075_250ng_FAIMS_002 P1_ENQTTQKGQK P2_DFQFYKVR 7 6,DIA12_CV486075:20251228_A2_N1_Mueller_MS_TechHub_IMP_THIDDIAXL003_Cas9_PhoX_DIA12_CV486075_250ng_FAIMS_002,1108546,,,Q99ZW2,,,false,Q99ZW2,Q99ZW2,,false,DFQFYKVR,ENQTTQKGQK,969,766,6,7,974,772,,-1,3,0,1.007276,101.249588
Scan: 1119043 Run: DIA12_CV486075:20251228_A2_N1_Mueller_MS_TechHub_IMP_THIDDIAXL003_Cas9_PhoX_DIA12_CV486075_250ng_FAIMS_002 P1_VLSAYNKHR P2_ELGSQILKEHPVENTQLQNEK 7 8,DIA12_CV486075:20251228_A2_N1_Mueller_MS_TechHub_IMP_THIDDIAXL003_Cas9_PhoX_DIA12_CV486075_250ng_FAIMS_002,1119043,,,Q99ZW2,,,false,Q99ZW2,Q99ZW2,,false,ELGSQILKEHPVENTQLQNEK,VLSAYNKHR,790,1290,8,7,797,1296,,-1,4,0,1.007276,101.219551
Scan: 983273 Run: DIA12_CV486075:20251228_A2_N1_Mueller_MS_TechHub_IMP_THIDDIAXL003_Cas9_PhoX_DIA12_CV486075_250ng_FAIMS_002 P1_KPAFLSGEQK P2_KAIVDLLFK 1 1,DIA12_CV486075:20251228_A2_N1_Mueller_MS_TechHub_IMP_THIDDIAXL003_Cas9_PhoX_DIA12_CV486075_250ng_FAIMS_002,983273,,,Q99ZW2,,,false,Q99ZW2,Q99ZW2,,false,KAIVDLLFK,KPAFLSGEQK,546,536,1,1,546,536,,-1,3,0,1.007276,101.182846
Scan: 1493283 Run: DIA12_CV486075:20251228_A2_N1_Mueller_MS_TechHub_IMP_THIDDIAXL003_Cas9_PhoX_DIA12_CV486075_250ng_FAIMS_003 P1_KVTVK P2_KNLIGALLFDSGETAEATR 1 1,DIA12_CV486075:20251228_A2_N1_Mueller_MS_TechHub_IMP_THIDDIAXL003_Cas9_PhoX_DIA12_CV486075_250ng_FAIMS_003,1493283,,,Q99ZW2,,,false,Q99ZW2,Q99ZW2,,false,KNLIGALLFDSGETAEATR,KVTVK,45,558,1,1,45,558,,-1,3,0,1.007276,101.144054
Scan: 732330 Run: DIA12_CV486075:20251228_A2_N1_Mueller_MS_TechHub_IMP_THIDDIAXL003_Cas9_PhoX_DIA12_CV486075_250ng_FAIMS_002 P1_KDLIIK P2_GYKEVK 1 3,DIA12_CV486075:20251228_A2_N1_Mueller_MS_TechHub_IMP_THIDDIAXL003_Cas9_PhoX_DIA12_CV486075_250ng_FAIMS_002,732330,,,Q99ZW2,,,false,Q99ZW2,Q99ZW2,,false,GYKEVK,KDLIIK,1186,1192,3,1,1188,1192,,-1,3,0,1.007276,101.128567
Scan: 680864 Run: DIA12_CV486075:20251228_A2_N1_Mueller_MS_TechHub_IMP_THIDDIAXL003_Cas9_PhoX_DIA12_CV486075_250ng_FAIMS_002 P1_NSDKLIAR P2_KDWDPKK 4 1,DIA12_CV486075:20251228_A2_N1_Mueller_MS_TechHub_IMP_THIDDIAXL003_Cas9_PhoX_DIA12_CV486075_250ng_FAIMS_002,680864,,,Q99ZW2,,,false,Q99ZW2,Q99ZW2,,false,KDWDPKK,NSDKLIAR,1124,1115,1,4,1124,1118,,-1,3,0,1.007276,101.121895
Scan: 293548 Run: DIA12_CV486075:20251228_A2_N1_Mueller_MS_TechHub_IMP_THIDDIAXL003_Cas9_PhoX_DIA12_CV486075_250ng_FAIMS_001 P1_KLINGIR P2_IEKILTFR 1 3,DIA12_CV486075:20251228_A2_N1_Mueller_MS_TechHub_IMP_THIDDIAXL003_Cas9_PhoX_DIA12_CV486075_250ng_FAIMS_001,293548,,,Q99ZW2,,,false,Q99ZW2,Q99ZW2,,false,IEKILTFR,KLINGIR,440,665,3,1,442,665,,-1,3,0,1.007276,101.080185
Scan: 309387 Run: DIA12_CV486075:20251228_A2_N1_Mueller_MS_TechHub_IMP_THIDDIAXL003_Cas9_PhoX_DIA12_CV486075_250ng_FAIMS_001 P1_KSEETITPWNFEEVVDK P2_KPAFLSGEQK 1 1,DIA12_CV486075:20251228_A2_N1_Mueller_MS_TechHub_IMP_THIDDIAXL003_Cas9_PhoX_DIA12_CV486075_250ng_FAIMS_001,309387,,,Q99ZW2,,,false,Q99ZW2,Q99ZW2,,false,KPAFLSGEQK,KSEETITPWNFEEVVDK,536,468,1,1,536,468,,-1,4,0,1.007276,101.06765
Scan: 493797 Run: DIA12_CV486075:20251228_A2_N1_Mueller_MS_TechHub_IMP_THIDDIAXL003_Cas9_PhoX_DIA12_CV486075_250ng_FAIMS_001 P1_MTNFDKNLPNEK P2_GILQTVKVVDELVK 6 7,DIA12_CV486075:20251228_A2_N1_Mueller_MS_TechHub_IMP_THIDDIAXL003_Cas9_PhoX_DIA12_CV486075_250ng_FAIMS_001,493797,,,Q99ZW2,,,false,Q99ZW2,Q99ZW2,,false,GILQTVKVVDELVK,MTNFDKNLPNEK,736,495,7,6,742,500,,-1,4,0,1.007276,101.04258
Scan: 694172 Run: DIA12_CV486075:20251228_A2_N1_Mueller_MS_TechHub_IMP_THIDDIAXL003_Cas9_PhoX_DIA12_CV486075_250ng_FAIMS_002 P1_KTEVQTGGFSKESILPK P2_KDWDPK 11 1,DIA12_CV486075:20251228_A2_N1_Mueller_MS_TechHub_IMP_THIDDIAXL003_Cas9_PhoX_DIA12_CV486075_250ng_FAIMS_002,694172,,,Q99ZW2,,,false,Q99ZW2,Q99ZW2,,false,KDWDPK,KTEVQTGGFSKESILPK,1124,1097,1,11,1124,1107,,-1,3,0,1.007276,100.985325
Scan: 590022 Run: DIA12_CV486075:20251228_A2_N1_Mueller_MS_TechHub_IMP_THIDDIAXL003_Cas9_PhoX_DIA12_CV486075_250ng_FAIMS_001 P1_SKLVSDFR P2_EVKVITLK 2 3,DIA12_CV486075:20251228_A2_N1_Mueller_MS_TechHub_IMP_THIDDIAXL003_Cas9_PhoX_DIA12_CV486075_250ng_FAIMS_001,590022,,,Q99ZW2,,,false,Q99ZW2,Q99ZW2,,false,EVKVITLK,SKLVSDFR,952,960,3,2,954,961,,-1,3,0,1.007276,100.93195
Scan: 1259458 Run: DIA12_CV486075:20251228_A2_N1_Mueller_MS_TechHub_IMP_THIDDIAXL003_Cas9_PhoX_DIA12_CV486075_250ng_FAIMS_003 P1_TEVQTGGFSKESILPK P2_KDWDPK 10 1,DIA12_CV486075:20251228_A2_N1_Mueller_MS_TechHub_IMP_THIDDIAXL003_Cas9_PhoX_DIA12_CV486075_250ng_FAIMS_003,1259458,,,Q99ZW2,,,false,Q99ZW2,Q99ZW2,,false,KDWDPK,TEVQTGGFSKESILPK,1124,1098,1,10,1124,1107,,-1,3,0,1.007276,100.881737
Scan: 437202 Run: DIA12_CV486075:20251228_A2_N1_Mueller_MS_TechHub_IMP_THIDDIAXL003_Cas9_PhoX_DIA12_CV486075_250ng_FAIMS_001 P1_KTEVQTGGFSKESILPK P2_DKQSGK 11 2,DIA12_CV486075:20251228_A2_N1_Mueller_MS_TechHub_IMP_THIDDIAXL003_Cas9_PhoX_DIA12_CV486075_250ng_FAIMS_001,437202,,,Q99ZW2,,,false,Q99ZW2,Q99ZW2,,false,DKQSGK,KTEVQTGGFSKESILPK,672,1097,2,11,673,1107,,-1,4,0,1.007276,100.878468
Scan: 1537476 Run: DIA12_CV486075:20251228_A2_N1_Mueller_MS_TechHub_IMP_THIDDIAXL003_Cas9_PhoX_DIA12_CV486075_250ng_FAIMS_003 P1_SEETITPWNFEEVVDKGASAQSFIER P2_DLIIKLPK 16 5,DIA12_CV486075:20251228_A2_N1_Mueller_MS_TechHub_IMP_THIDDIAXL003_Cas9_PhoX_DIA12_CV486075_250ng_FAIMS_003,1537476,,,Q99ZW2,,,false,Q99ZW2,Q99ZW2,,false,DLIIKLPK,SEETITPWNFEEVVDKGASAQSFIER,1193,469,5,16,1197,484,,-1,4,0,1.007276,100.871326
Scan: 62759 Run: DIA12_CV486075:20251228_A2_N1_Mueller_MS_TechHub_IMP_THIDDIAXL003_Cas9_PhoX_DIA12_CV486075_250ng_FAIMS_001 P1_TEVQTGGFSKESILPK P2_RNSDKLIAR 10 5,DIA12_CV486075:20251228_A2_N1_Mueller_MS_TechHub_IMP_THIDDIAXL003_Cas9_PhoX_DIA12_CV486075_250ng_FAIMS_001,62759,,,Q99ZW2,,,false,Q99ZW2,Q99ZW2,,false,RNSDKLIAR,TEVQTGGFSKESILPK,1114,1098,5,10,1118,1107,,-1,4,0,1.007276,100.83765
Scan: 62919 Run: DIA12_CV486075:20251228_A2_N1_Mueller_MS_TechHub_IMP_THIDDIAXL003_Cas9_PhoX_DIA12_CV486075_250ng_FAIMS_001 P1_TEVQTGGFSKESILPK P2_NSDKLIAR 10 4,DIA12_CV486075:20251228_A2_N1_Mueller_MS_TechHub_IMP_THIDDIAXL003_Cas9_PhoX_DIA12_CV486075_250ng_FAIMS_001,62919,,,Q99ZW2,,,false,Q99ZW2,Q99ZW2,,false,NSDKLIAR,TEVQTGGFSKESILPK,1115,1098,4,10,1118,1107,,-1,4,0,1.007276,100.791973
Scan: 839058 Run: DIA12_CV486075:20251228_A2_N1_Mueller_MS_TechHub_IMP_THIDDIAXL003_Cas9_PhoX_DIA12_CV486075_250ng_FAIMS_002 P1_NSDKLIAR P2_FKVLGNTDR 4 2,DIA12_CV486075:20251228_A2_N1_Mueller_MS_TechHub_IMP_THIDDIAXL003_Cas9_PhoX_DIA12_CV486075_250ng_FAIMS_002,839058,,,Q99ZW2,,,false,Q99ZW2,Q99ZW2,,false,FKVLGNTDR,NSDKLIAR,32,1115,2,4,33,1118,,-1,3,0,1.007276,100.78595
Scan: 1644786 Run: DIA12_CV486075:20251228_A2_N1_Mueller_MS_TechHub_IMP_THIDDIAXL003_Cas9_PhoX_DIA12_CV486075_250ng_FAIMS_003 P1_TILDFLKSDGFANR P2_KDFQFYK 7 1,DIA12_CV486075:20251228_A2_N1_Mueller_MS_TechHub_IMP_THIDDIAXL003_Cas9_PhoX_DIA12_CV486075_250ng_FAIMS_003,1644786,,,Q99ZW2,,,false,Q99ZW2,Q99ZW2,,false,KDFQFYK,TILDFLKSDGFANR,968,678,1,7,968,684,,-1,4,0,1.007276,100.763184
Scan: 1486198 Run: DIA12_CV486075:20251228_A2_N1_Mueller_MS_TechHub_IMP_THIDDIAXL003_Cas9_PhoX_DIA12_CV486075_250ng_FAIMS_003 P1_KLVDSTDK P2_IEKILTFR 1 3,DIA12_CV486075:20251228_A2_N1_Mueller_MS_TechHub_IMP_THIDDIAXL003_Cas9_PhoX_DIA12_CV486075_250ng_FAIMS_003,1486198,,,Q99ZW2,,,false,Q99ZW2,Q99ZW2,,false,IEKILTFR,KLVDSTDK,440,141,3,1,442,141,,-1,3,0,1.007276,100.749073
Scan: 489162 Run: DIA12_CV486075:20251228_A2_N1_Mueller_MS_TechHub_IMP_THIDDIAXL003_Cas9_PhoX_DIA12_CV486075_250ng_FAIMS_001 P1_TEVQTGGFSKESILPK P2_GILQTVKVVDELVK 10 7,DIA12_CV486075:20251228_A2_N1_Mueller_MS_TechHub_IMP_THIDDIAXL003_Cas9_PhoX_DIA12_CV486075_250ng_FAIMS_001,489162,,,Q99ZW2,,,false,Q99ZW2,Q99ZW2,,false,GILQTVKVVDELVK,TEVQTGGFSKESILPK,736,1098,7,10,742,1107,,-1,4,0,1.007276,100.697544
Scan: 92703 Run: DIA12_CV486075:20251228_A2_N1_Mueller_MS_TechHub_IMP_THIDDIAXL003_Cas9_PhoX_DIA12_CV486075_250ng_FAIMS_001 P1_NSDKLIAR P2_GQKNSR 4 3,DIA12_CV486075:20251228_A2_N1_Mueller_MS_TechHub_IMP_THIDDIAXL003_Cas9_PhoX_DIA12_CV486075_250ng_FAIMS_001,92703,,,Q99ZW2,,,false,Q99ZW2,Q99ZW2,,false,GQKNSR,NSDKLIAR,773,1115,3,4,775,1118,,-1,3,0,1.007276,100.683739
Scan: 903999 Run: DIA12_CV486075:20251228_A2_N1_Mueller_MS_TechHub_IMP_THIDDIAXL003_Cas9_PhoX_DIA12_CV486075_250ng_FAIMS_002 P1_KSEETITPWNFEEVVDK P2_IEKILTFR 1 3,DIA12_CV486075:20251228_A2_N1_Mueller_MS_TechHub_IMP_THIDDIAXL003_Cas9_PhoX_DIA12_CV486075_250ng_FAIMS_002,903999,,,Q99ZW2,,,false,Q99ZW2,Q99ZW2,,false,IEKILTFR,KSEETITPWNFEEVVDK,440,468,3,1,442,468,,-1,3,0,1.007276,100.63348
Scan: 605588 Run: DIA12_CV486075:20251228_A2_N1_Mueller_MS_TechHub_IMP_THIDDIAXL003_Cas9_PhoX_DIA12_CV486075_250ng_FAIMS_002 P1_LESEFVYGDYKVYDVR P2_EVKVITLK 11 3,DIA12_CV486075:20251228_A2_N1_Mueller_MS_TechHub_IMP_THIDDIAXL003_Cas9_PhoX_DIA12_CV486075_250ng_FAIMS_002,605588,,,Q99ZW2,,,false,Q99ZW2,Q99ZW2,,false,EVKVITLK,LESEFVYGDYKVYDVR,952,1004,3,11,954,1014,,-1,4,0,1.007276,100.572731
Scan: 1398526 Run: DIA12_CV486075:20251228_A2_N1_Mueller_MS_TechHub_IMP_THIDDIAXL003_Cas9_PhoX_DIA12_CV486075_250ng_FAIMS_003 P1_NSDKLIAR P2_KLVDSTDK 4 1,DIA12_CV486075:20251228_A2_N1_Mueller_MS_TechHub_IMP_THIDDIAXL003_Cas9_PhoX_DIA12_CV486075_250ng_FAIMS_003,1398526,,,Q99ZW2,,,false,Q99ZW2,Q99ZW2,,false,KLVDSTDK,NSDKLIAR,141,1115,1,4,141,1118,,-1,3,0,1.007276,100.570259
Scan: 1546287 Run: DIA12_CV486075:20251228_A2_N1_Mueller_MS_TechHub_IMP_THIDDIAXL003_Cas9_PhoX_DIA12_CV486075_250ng_FAIMS_003 P1_SEETITPWNFEEVVDKGASAQSFIER P2_EVKVITLK 16 3,DIA12_CV486075:20251228_A2_N1_Mueller_MS_TechHub_IMP_THIDDIAXL003_Cas9_PhoX_DIA12_CV486075_250ng_FAIMS_003,1546287,,,Q99ZW2,,,false,Q99ZW2,Q99ZW2,,false,EVKVITLK,SEETITPWNFEEVVDKGASAQSFIER,952,469,3,16,954,484,,-1,4,0,1.007276,100.491333
Scan: 689381 Run: DIA12_CV486075:20251228_A2_N1_Mueller_MS_TechHub_IMP_THIDDIAXL003_Cas9_PhoX_DIA12_CV486075_250ng_FAIMS_002 P1_NSDKLIAR P2_KGILQTVK 4 1,DIA12_CV486075:20251228_A2_N1_Mueller_MS_TechHub_IMP_THIDDIAXL003_Cas9_PhoX_DIA12_CV486075_250ng_FAIMS_002,689381,,,Q99ZW2,,,false,Q99ZW2,Q99ZW2,,false,KGILQTVK,NSDKLIAR,735,1115,1,4,735,1118,,-1,3,0,1.007276,100.429497
Scan: 1550539 Run: DIA12_CV486075:20251228_A2_N1_Mueller_MS_TechHub_IMP_THIDDIAXL003_Cas9_PhoX_DIA12_CV486075_250ng_FAIMS_003 P1_MTNFDKNLPNEK P2_IEKILTFR 6 3,DIA12_CV486075:20251228_A2_N1_Mueller_MS_TechHub_IMP_THIDDIAXL003_Cas9_PhoX_DIA12_CV486075_250ng_FAIMS_003,1550539,,,Q99ZW2,,,false,Q99ZW2,Q99ZW2,,false,IEKILTFR,MTNFDKNLPNEK,440,495,3,6,442,500,,-1,3,0,1.007276,100.345425
Scan: 639510 Run: DIA12_CV486075:20251228_A2_N1_Mueller_MS_TechHub_IMP_THIDDIAXL003_Cas9_PhoX_DIA12_CV486075_250ng_FAIMS_002 P1_SKLVSDFR P2_KTEVQTGGFSK 2 1,DIA12_CV486075:20251228_A2_N1_Mueller_MS_TechHub_IMP_THIDDIAXL003_Cas9_PhoX_DIA12_CV486075_250ng_FAIMS_002,639510,,,Q99ZW2,,,false,Q99ZW2,Q99ZW2,,false,KTEVQTGGFSK,SKLVSDFR,1097,960,1,2,1097,961,,-1,3,0,1.007276,100.341526
Scan: 1623136 Run: DIA12_CV486075:20251228_A2_N1_Mueller_MS_TechHub_IMP_THIDDIAXL003_Cas9_PhoX_DIA12_CV486075_250ng_FAIMS_003 P1_KLINGIR P2_KDWDPK 1 1,DIA12_CV486075:20251228_A2_N1_Mueller_MS_TechHub_IMP_THIDDIAXL003_Cas9_PhoX_DIA12_CV486075_250ng_FAIMS_003,1623136,,,Q99ZW2,,,false,Q99ZW2,Q99ZW2,,false,KDWDPK,KLINGIR,1124,665,1,1,1124,665,,-1,4,0,1.007276,100.243092
Scan: 244021 Run: DIA12_CV486075:20251228_A2_N1_Mueller_MS_TechHub_IMP_THIDDIAXL003_Cas9_PhoX_DIA12_CV486075_250ng_FAIMS_001 P1_KPAFLSGEQK P2_FKVLGNTDR 1 2,DIA12_CV486075:20251228_A2_N1_Mueller_MS_TechHub_IMP_THIDDIAXL003_Cas9_PhoX_DIA12_CV486075_250ng_FAIMS_001,244021,,,Q99ZW2,,,false,Q99ZW2,Q99ZW2,,false,FKVLGNTDR,KPAFLSGEQK,32,536,2,1,33,536,,-1,4,0,1.007276,100.198948
Scan: 353580 Run: DIA12_CV486075:20251228_A2_N1_Mueller_MS_TechHub_IMP_THIDDIAXL003_Cas9_PhoX_DIA12_CV486075_250ng_FAIMS_001 P1_SSFEKNPIDFLEAK P2_MTNFDKNLPNEK 5 6,DIA12_CV486075:20251228_A2_N1_Mueller_MS_TechHub_IMP_THIDDIAXL003_Cas9_PhoX_DIA12_CV486075_250ng_FAIMS_001,353580,,,Q99ZW2,,,false,Q99ZW2,Q99ZW2,,false,MTNFDKNLPNEK,SSFEKNPIDFLEAK,495,1172,6,5,500,1176,,-1,3,0,1.007276,100.194485
Scan: 314008 Run: DIA12_CV486075:20251228_A2_N1_Mueller_MS_TechHub_IMP_THIDDIAXL003_Cas9_PhoX_DIA12_CV486075_250ng_FAIMS_001 P1_MNTKYDENDK P2_KSEETITPWNFEEVVDK 4 1,DIA12_CV486075:20251228_A2_N1_Mueller_MS_TechHub_IMP_THIDDIAXL003_Cas9_PhoX_DIA12_CV486075_250ng_FAIMS_001,314008,,,Q99ZW2,,,false,Q99ZW2,Q99ZW2,,false,KSEETITPWNFEEVVDK,MNTKYDENDK,468,939,1,4,468,942,,-1,4,0,1.007276,100.1171
Scan: 743561 Run: DIA12_CV486075:20251228_A2_N1_Mueller_MS_TechHub_IMP_THIDDIAXL003_Cas9_PhoX_DIA12_CV486075_250ng_FAIMS_002 P1_SEETITPWNFEEVVDKGASAQSFIER P2_LPKYSLFELENGR 16 3,DIA12_CV486075:20251228_A2_N1_Mueller_MS_TechHub_IMP_THIDDIAXL003_Cas9_PhoX_DIA12_CV486075_250ng_FAIMS_002,743561,,,Q99ZW2,,,false,Q99ZW2,Q99ZW2,,false,LPKYSLFELENGR,SEETITPWNFEEVVDKGASAQSFIER,1198,469,3,16,1200,484,,-1,4,0,1.007276,100.107159
Scan: 21755 Run: DIA12_CV486075:20251228_A2_N1_Mueller_MS_TechHub_IMP_THIDDIAXL003_Cas9_PhoX_DIA12_CV486075_250ng_FAIMS_001 P1_VILADANLDKVLSAYNK P2_KRPLIETNGETGEIVWDK 10 1,DIA12_CV486075:20251228_A2_N1_Mueller_MS_TechHub_IMP_THIDDIAXL003_Cas9_PhoX_DIA12_CV486075_250ng_FAIMS_001,21755,,,Q99ZW2,,,false,Q99ZW2,Q99ZW2,,false,KRPLIETNGETGEIVWDK,VILADANLDKVLSAYNK,1059,1280,1,10,1059,1289,,-1,4,0,1.007276,100.098572
Scan: 985103 Run: DIA12_CV486075:20251228_A2_N1_Mueller_MS_TechHub_IMP_THIDDIAXL003_Cas9_PhoX_DIA12_CV486075_250ng_FAIMS_002 P1_KPAFLSGEQK P2_KGILQTVK 1 1,DIA12_CV486075:20251228_A2_N1_Mueller_MS_TechHub_IMP_THIDDIAXL003_Cas9_PhoX_DIA12_CV486075_250ng_FAIMS_002,985103,,,Q99ZW2,,,false,Q99ZW2,Q99ZW2,,false,KGILQTVK,KPAFLSGEQK,735,536,1,1,735,536,,-1,4,0,1.007276,100.095379
Scan: 309799 Run: DIA12_CV486075:20251228_A2_N1_Mueller_MS_TechHub_IMP_THIDDIAXL003_Cas9_PhoX_DIA12_CV486075_250ng_FAIMS_001 P1_KSEETITPWNFEEVVDK P2_KAIVDLLFK 1 1,DIA12_CV486075:20251228_A2_N1_Mueller_MS_TechHub_IMP_THIDDIAXL003_Cas9_PhoX_DIA12_CV486075_250ng_FAIMS_001,309799,,,Q99ZW2,,,false,Q99ZW2,Q99ZW2,,false,KAIVDLLFK,KSEETITPWNFEEVVDK,546,468,1,1,546,468,,-1,4,0,1.007276,100.060383
Scan: 1732121 Run: DIA12_CV486075:20251228_A2_N1_Mueller_MS_TechHub_IMP_THIDDIAXL003_Cas9_PhoX_DIA12_CV486075_250ng_FAIMS_003 P1_ENQTTQKGQK P2_EHPVENTQLQNEKLYLYYLQNGR 7 13,DIA12_CV486075:20251228_A2_N1_Mueller_MS_TechHub_IMP_THIDDIAXL003_Cas9_PhoX_DIA12_CV486075_250ng_FAIMS_003,1732121,,,Q99ZW2,,,false,Q99ZW2,Q99ZW2,,false,EHPVENTQLQNEKLYLYYLQNGR,ENQTTQKGQK,798,766,13,7,810,772,,-1,4,0,1.007276,100.048046
Scan: 140251 Run: DIA12_CV486075:20251228_A2_N1_Mueller_MS_TechHub_IMP_THIDDIAXL003_Cas9_PhoX_DIA12_CV486075_250ng_FAIMS_001 P1_TEVQTGGFSKESILPK P2_DLIIKLPK 10 5,DIA12_CV486075:20251228_A2_N1_Mueller_MS_TechHub_IMP_THIDDIAXL003_Cas9_PhoX_DIA12_CV486075_250ng_FAIMS_001,140251,,,Q99ZW2,,,false,Q99ZW2,Q99ZW2,,false,DLIIKLPK,TEVQTGGFSKESILPK,1193,1098,5,10,1197,1107,,-1,4,0,1.007276,99.936745
Scan: 1113715 Run: DIA12_CV486075:20251228_A2_N1_Mueller_MS_TechHub_IMP_THIDDIAXL003_Cas9_PhoX_DIA12_CV486075_250ng_FAIMS_002 P1_IEEGIKELGSQILK P2_EHPVENTQLQNEKLYLYYLQNGR 6 13,DIA12_CV486075:20251228_A2_N1_Mueller_MS_TechHub_IMP_THIDDIAXL003_Cas9_PhoX_DIA12_CV486075_250ng_FAIMS_002,1113715,,,Q99ZW2,,,false,Q99ZW2,Q99ZW2,,false,EHPVENTQLQNEKLYLYYLQNGR,IEEGIKELGSQILK,798,784,13,6,810,789,,-1,4,0,1.007276,99.846207
Scan: 839101 Run: DIA12_CV486075:20251228_A2_N1_Mueller_MS_TechHub_IMP_THIDDIAXL003_Cas9_PhoX_DIA12_CV486075_250ng_FAIMS_002 P1_NSDKLIAR P2_FKVLGNTDR 4 2,DIA12_CV486075:20251228_A2_N1_Mueller_MS_TechHub_IMP_THIDDIAXL003_Cas9_PhoX_DIA12_CV486075_250ng_FAIMS_002,839101,,,Q99ZW2,,,false,Q99ZW2,Q99ZW2,,false,FKVLGNTDR,NSDKLIAR,32,1115,2,4,33,1118,,-1,4,0,1.007276,99.762028
Scan: 1162621 Run: DIA12_CV486075:20251228_A2_N1_Mueller_MS_TechHub_IMP_THIDDIAXL003_Cas9_PhoX_DIA12_CV486075_250ng_FAIMS_002 P1_GKSDNVPSEEVVK P2_FDNLTKAER 2 6,DIA12_CV486075:20251228_A2_N1_Mueller_MS_TechHub_IMP_THIDDIAXL003_Cas9_PhoX_DIA12_CV486075_250ng_FAIMS_002,1162621,,,Q99ZW2,,,false,Q99ZW2,Q99ZW2,,false,FDNLTKAER,GKSDNVPSEEVVK,897,865,6,2,902,866,,-1,3,0,1.007276,99.748764
Scan: 1106241 Run: DIA12_CV486075:20251228_A2_N1_Mueller_MS_TechHub_IMP_THIDDIAXL003_Cas9_PhoX_DIA12_CV486075_250ng_FAIMS_002 P1_SEQEIGKATAK P2_ENQTTQKGQK 7 7,DIA12_CV486075:20251228_A2_N1_Mueller_MS_TechHub_IMP_THIDDIAXL003_Cas9_PhoX_DIA12_CV486075_250ng_FAIMS_002,1106241,,,Q99ZW2,,,false,Q99ZW2,Q99ZW2,,false,ENQTTQKGQK,SEQEIGKATAK,766,1025,7,7,772,1031,,-1,3,0,1.007276,99.627426
Scan: 1741931 Run: DIA12_CV486075:20251228_A2_N1_Mueller_MS_TechHub_IMP_THIDDIAXL003_Cas9_PhoX_DIA12_CV486075_250ng_FAIMS_003 P1_GKSDNVPSEEVVK P2_DKQSGK 2 2,DIA12_CV486075:20251228_A2_N1_Mueller_MS_TechHub_IMP_THIDDIAXL003_Cas9_PhoX_DIA12_CV486075_250ng_FAIMS_003,1741931,,,Q99ZW2,,,false,Q99ZW2,Q99ZW2,,false,DKQSGK,GKSDNVPSEEVVK,672,865,2,2,673,866,,-1,3,0,1.007276,99.60408
Scan: 1124773 Run: DIA12_CV486075:20251228_A2_N1_Mueller_MS_TechHub_IMP_THIDDIAXL003_Cas9_PhoX_DIA12_CV486075_250ng_FAIMS_002 P1_KDFQFYK P2_ELGSQILKEHPVENTQLQNEK 1 8,DIA12_CV486075:20251228_A2_N1_Mueller_MS_TechHub_IMP_THIDDIAXL003_Cas9_PhoX_DIA12_CV486075_250ng_FAIMS_002,1124773,,,Q99ZW2,,,false,Q99ZW2,Q99ZW2,,false,ELGSQILKEHPVENTQLQNEK,KDFQFYK,790,968,8,1,797,968,,-1,4,0,1.007276,99.537708
Scan: 514644 Run: DIA12_CV486075:20251228_A2_N1_Mueller_MS_TechHub_IMP_THIDDIAXL003_Cas9_PhoX_DIA12_CV486075_250ng_FAIMS_001 P1_IEEGIKELGSQILK P2_FKVLGNTDR 6 2,DIA12_CV486075:20251228_A2_N1_Mueller_MS_TechHub_IMP_THIDDIAXL003_Cas9_PhoX_DIA12_CV486075_250ng_FAIMS_001,514644,,,Q99ZW2,,,false,Q99ZW2,Q99ZW2,,false,FKVLGNTDR,IEEGIKELGSQILK,32,784,2,6,33,789,,-1,4,0,1.007276,99.531147
Scan: 1002614 Run: DIA12_CV486075:20251228_A2_N1_Mueller_MS_TechHub_IMP_THIDDIAXL003_Cas9_PhoX_DIA12_CV486075_250ng_FAIMS_002 P1_TILDFLKSDGFANR P2_KAIVDLLFK 7 1,DIA12_CV486075:20251228_A2_N1_Mueller_MS_TechHub_IMP_THIDDIAXL003_Cas9_PhoX_DIA12_CV486075_250ng_FAIMS_002,1002614,,,Q99ZW2,,,false,Q99ZW2,Q99ZW2,,false,KAIVDLLFK,TILDFLKSDGFANR,546,678,1,7,546,684,,-1,3,0,1.007276,99.400883
Scan: 72006 Run: DIA12_CV486075:20251228_A2_N1_Mueller_MS_TechHub_IMP_THIDDIAXL003_Cas9_PhoX_DIA12_CV486075_250ng_FAIMS_001 P1_TEVQTGGFSKESILPK P2_KLINGIR 10 1,DIA12_CV486075:20251228_A2_N1_Mueller_MS_TechHub_IMP_THIDDIAXL003_Cas9_PhoX_DIA12_CV486075_250ng_FAIMS_001,72006,,,Q99ZW2,,,false,Q99ZW2,Q99ZW2,,false,KLINGIR,TEVQTGGFSKESILPK,665,1098,1,10,665,1107,,-1,3,0,1.007276,99.362892
Scan: 484980 Run: DIA12_CV486075:20251228_A2_N1_Mueller_MS_TechHub_IMP_THIDDIAXL003_Cas9_PhoX_DIA12_CV486075_250ng_FAIMS_001 P1_KGILQTVK P2_EVKVITLK 1 3,DIA12_CV486075:20251228_A2_N1_Mueller_MS_TechHub_IMP_THIDDIAXL003_Cas9_PhoX_DIA12_CV486075_250ng_FAIMS_001,484980,,,Q99ZW2,,,false,Q99ZW2,Q99ZW2,,false,EVKVITLK,KGILQTVK,952,735,3,1,954,735,,-1,3,0,1.007276,99.349346
Scan: 1451911 Run: DIA12_CV486075:20251228_A2_N1_Mueller_MS_TechHub_IMP_THIDDIAXL003_Cas9_PhoX_DIA12_CV486075_250ng_FAIMS_003 P1_YKEIFFDQSK P2_FKVLGNTDR 2 2,DIA12_CV486075:20251228_A2_N1_Mueller_MS_TechHub_IMP_THIDDIAXL003_Cas9_PhoX_DIA12_CV486075_250ng_FAIMS_003,1451911,,,Q99ZW2,,,false,Q99ZW2,Q99ZW2,,false,FKVLGNTDR,YKEIFFDQSK,32,347,2,2,33,348,,-1,4,0,1.007276,99.321159
Scan: 670253 Run: DIA12_CV486075:20251228_A2_N1_Mueller_MS_TechHub_IMP_THIDDIAXL003_Cas9_PhoX_DIA12_CV486075_250ng_FAIMS_002 P1_TEVQTGGFSKESILPK P2_DKQSGK 10 2,DIA12_CV486075:20251228_A2_N1_Mueller_MS_TechHub_IMP_THIDDIAXL003_Cas9_PhoX_DIA12_CV486075_250ng_FAIMS_002,670253,,,Q99ZW2,,,false,Q99ZW2,Q99ZW2,,false,DKQSGK,TEVQTGGFSKESILPK,672,1098,2,10,673,1107,,-1,4,0,1.007276,99.267235
Scan: 694980 Run: DIA12_CV486075:20251228_A2_N1_Mueller_MS_TechHub_IMP_THIDDIAXL003_Cas9_PhoX_DIA12_CV486075_250ng_FAIMS_002 P1_NSDKLIAR P2_KDWDPKK 4 1,DIA12_CV486075:20251228_A2_N1_Mueller_MS_TechHub_IMP_THIDDIAXL003_Cas9_PhoX_DIA12_CV486075_250ng_FAIMS_002,694980,,,Q99ZW2,,,false,Q99ZW2,Q99ZW2,,false,KDWDPKK,NSDKLIAR,1124,1115,1,4,1124,1118,,-1,4,0,1.007276,99.224442
Scan: 525336 Run: DIA12_CV486075:20251228_A2_N1_Mueller_MS_TechHub_IMP_THIDDIAXL003_Cas9_PhoX_DIA12_CV486075_250ng_FAIMS_001 P1_KGILQTVK P2_ELGSQILKEHPVENTQLQNEK 1 8,DIA12_CV486075:20251228_A2_N1_Mueller_MS_TechHub_IMP_THIDDIAXL003_Cas9_PhoX_DIA12_CV486075_250ng_FAIMS_001,525336,,,Q99ZW2,,,false,Q99ZW2,Q99ZW2,,false,ELGSQILKEHPVENTQLQNEK,KGILQTVK,790,735,8,1,797,735,,-1,4,0,1.007276,99.220963
Scan: 489286 Run: DIA12_CV486075:20251228_A2_N1_Mueller_MS_TechHub_IMP_THIDDIAXL003_Cas9_PhoX_DIA12_CV486075_250ng_FAIMS_001 P1_VLEDVVKVTQLIGK P2_TEVQTGGFSKESILPK 7 10,DIA12_CV486075:20251228_A2_N1_Mueller_MS_TechHub_IMP_THIDDIAXL003_Cas9_PhoX_DIA12_CV486075_250ng_FAIMS_001,489286,,,Q99ZW2,,,false,decoy:Q99ZW2,decoy,decoy,true,TEVQTGGFSKESILPK,VLEDVVKVTQLIGK,1098,736,10,7,1107,742,,-1,4,0,1.007276,99.171547
Scan: 733275 Run: DIA12_CV486075:20251228_A2_N1_Mueller_MS_TechHub_IMP_THIDDIAXL003_Cas9_PhoX_DIA12_CV486075_250ng_FAIMS_002 P1_KDLIIK P2_EKIEK 1 2,DIA12_CV486075:20251228_A2_N1_Mueller_MS_TechHub_IMP_THIDDIAXL003_Cas9_PhoX_DIA12_CV486075_250ng_FAIMS_002,733275,,,Q99ZW2,,,false,Q99ZW2,Q99ZW2,,false,EKIEK,KDLIIK,438,1192,2,1,439,1192,,-1,3,0,1.007276,99.158924
Scan: 1486088 Run: DIA12_CV486075:20251228_A2_N1_Mueller_MS_TechHub_IMP_THIDDIAXL003_Cas9_PhoX_DIA12_CV486075_250ng_FAIMS_003 P1_KDLIIK P2_IEKILTFR 1 3,DIA12_CV486075:20251228_A2_N1_Mueller_MS_TechHub_IMP_THIDDIAXL003_Cas9_PhoX_DIA12_CV486075_250ng_FAIMS_003,1486088,,,Q99ZW2,,,false,Q99ZW2,Q99ZW2,,false,IEKILTFR,KDLIIK,440,1192,3,1,442,1192,,-1,3,0,1.007276,99.136211
Scan: 271333 Run: DIA12_CV486075:20251228_A2_N1_Mueller_MS_TechHub_IMP_THIDDIAXL003_Cas9_PhoX_DIA12_CV486075_250ng_FAIMS_001 P1_KPAFLSGEQK P2_EIFFDQSKNGYAGYIDGGASQEEFYK 1 8,DIA12_CV486075:20251228_A2_N1_Mueller_MS_TechHub_IMP_THIDDIAXL003_Cas9_PhoX_DIA12_CV486075_250ng_FAIMS_001,271333,,,Q99ZW2,,,false,Q99ZW2,Q99ZW2,,false,EIFFDQSKNGYAGYIDGGASQEEFYK,KPAFLSGEQK,349,536,8,1,356,536,,-1,4,0,1.007276,99.040142
Scan: 840922 Run: DIA12_CV486075:20251228_A2_N1_Mueller_MS_TechHub_IMP_THIDDIAXL003_Cas9_PhoX_DIA12_CV486075_250ng_FAIMS_002 P1_KSEETITPWNFEEVVDK P2_FKVLGNTDR 1 2,DIA12_CV486075:20251228_A2_N1_Mueller_MS_TechHub_IMP_THIDDIAXL003_Cas9_PhoX_DIA12_CV486075_250ng_FAIMS_002,840922,,,Q99ZW2,,,false,Q99ZW2,Q99ZW2,,false,FKVLGNTDR,KSEETITPWNFEEVVDK,32,468,2,1,33,468,,-1,3,0,1.007276,99.011597
Scan: 1742750 Run: DIA12_CV486075:20251228_A2_N1_Mueller_MS_TechHub_IMP_THIDDIAXL003_Cas9_PhoX_DIA12_CV486075_250ng_FAIMS_003 P1_GQKNSR P2_GKSDNVPSEEVVK 3 2,DIA12_CV486075:20251228_A2_N1_Mueller_MS_TechHub_IMP_THIDDIAXL003_Cas9_PhoX_DIA12_CV486075_250ng_FAIMS_003,1742750,,,Q99ZW2,,,false,Q99ZW2,Q99ZW2,,false,GKSDNVPSEEVVK,GQKNSR,865,773,2,3,866,775,,-1,3,0,1.007276,99.003799
Scan: 115685 Run: DIA12_CV486075:20251228_A2_N1_Mueller_MS_TechHub_IMP_THIDDIAXL003_Cas9_PhoX_DIA12_CV486075_250ng_FAIMS_001 P1_YKEIFFDQSK P2_SSFEKNPIDFLEAK 2 5,DIA12_CV486075:20251228_A2_N1_Mueller_MS_TechHub_IMP_THIDDIAXL003_Cas9_PhoX_DIA12_CV486075_250ng_FAIMS_001,115685,,,Q99ZW2,,,false,Q99ZW2,Q99ZW2,,false,SSFEKNPIDFLEAK,YKEIFFDQSK,1172,347,5,2,1176,348,,-1,3,0,1.007276,98.974056
Scan: 695372 Run: DIA12_CV486075:20251228_A2_N1_Mueller_MS_TechHub_IMP_THIDDIAXL003_Cas9_PhoX_DIA12_CV486075_250ng_FAIMS_002 P1_KYGGFDSPTVAYSVLVVAK P2_KKDWDPK 1 2,DIA12_CV486075:20251228_A2_N1_Mueller_MS_TechHub_IMP_THIDDIAXL003_Cas9_PhoX_DIA12_CV486075_250ng_FAIMS_002,695372,,,Q99ZW2,,,false,Q99ZW2,Q99ZW2,,false,KKDWDPK,KYGGFDSPTVAYSVLVVAK,1123,1130,2,1,1124,1130,,-1,4,0,1.007276,98.970436
Scan: 902320 Run: DIA12_CV486075:20251228_A2_N1_Mueller_MS_TechHub_IMP_THIDDIAXL003_Cas9_PhoX_DIA12_CV486075_250ng_FAIMS_002 P1_KSEETITPWNFEEVVDK P2_FKVLGNTDR 1 2,DIA12_CV486075:20251228_A2_N1_Mueller_MS_TechHub_IMP_THIDDIAXL003_Cas9_PhoX_DIA12_CV486075_250ng_FAIMS_002,902320,,,Q99ZW2,,,false,Q99ZW2,Q99ZW2,,false,FKVLGNTDR,KSEETITPWNFEEVVDK,32,468,2,1,33,468,,-1,4,0,1.007276,98.936493
Scan: 85805 Run: DIA12_CV486075:20251228_A2_N1_Mueller_MS_TechHub_IMP_THIDDIAXL003_Cas9_PhoX_DIA12_CV486075_250ng_FAIMS_001 P1_NSDKLIAR P2_KDLIIK 4 1,DIA12_CV486075:20251228_A2_N1_Mueller_MS_TechHub_IMP_THIDDIAXL003_Cas9_PhoX_DIA12_CV486075_250ng_FAIMS_001,85805,,,Q99ZW2,,,false,Q99ZW2,Q99ZW2,,false,KDLIIK,NSDKLIAR,1192,1115,1,4,1192,1118,,-1,3,0,1.007276,98.853718
Scan: 300844 Run: DIA12_CV486075:20251228_A2_N1_Mueller_MS_TechHub_IMP_THIDDIAXL003_Cas9_PhoX_DIA12_CV486075_250ng_FAIMS_001 P1_NSDKLIAR P2_KSEETITPWNFEEVVDK 4 1,DIA12_CV486075:20251228_A2_N1_Mueller_MS_TechHub_IMP_THIDDIAXL003_Cas9_PhoX_DIA12_CV486075_250ng_FAIMS_001,300844,,,Q99ZW2,,,false,Q99ZW2,Q99ZW2,,false,KSEETITPWNFEEVVDK,NSDKLIAR,468,1115,1,4,468,1118,,-1,3,0,1.007276,98.847942
Scan: 859014 Run: DIA12_CV486075:20251228_A2_N1_Mueller_MS_TechHub_IMP_THIDDIAXL003_Cas9_PhoX_DIA12_CV486075_250ng_FAIMS_002 P1_YKEIFFDQSK P2_YDENDKLIR 2 6,DIA12_CV486075:20251228_A2_N1_Mueller_MS_TechHub_IMP_THIDDIAXL003_Cas9_PhoX_DIA12_CV486075_250ng_FAIMS_002,859014,,,Q99ZW2,,,false,Q99ZW2,Q99ZW2,,false,YDENDKLIR,YKEIFFDQSK,943,347,6,2,948,348,,-1,3,0,1.007276,98.816643
Scan: 361071 Run: DIA12_CV486075:20251228_A2_N1_Mueller_MS_TechHub_IMP_THIDDIAXL003_Cas9_PhoX_DIA12_CV486075_250ng_FAIMS_001 P1_NLPNEKVLPK P2_KLINGIR 6 1,DIA12_CV486075:20251228_A2_N1_Mueller_MS_TechHub_IMP_THIDDIAXL003_Cas9_PhoX_DIA12_CV486075_250ng_FAIMS_001,361071,,,Q99ZW2,,,false,Q99ZW2,Q99ZW2,,false,KLINGIR,NLPNEKVLPK,665,501,1,6,665,506,,-1,4,0,1.007276,98.750336
Scan: 429664 Run: DIA12_CV486075:20251228_A2_N1_Mueller_MS_TechHub_IMP_THIDDIAXL003_Cas9_PhoX_DIA12_CV486075_250ng_FAIMS_001 P1_KLINGIR P2_EKIEK 1 2,DIA12_CV486075:20251228_A2_N1_Mueller_MS_TechHub_IMP_THIDDIAXL003_Cas9_PhoX_DIA12_CV486075_250ng_FAIMS_001,429664,,,Q99ZW2,,,false,Q99ZW2,Q99ZW2,,false,EKIEK,KLINGIR,438,665,2,1,439,665,,-1,3,0,1.007276,98.665894
Scan: 1010708 Run: DIA12_CV486075:20251228_A2_N1_Mueller_MS_TechHub_IMP_THIDDIAXL003_Cas9_PhoX_DIA12_CV486075_250ng_FAIMS_002 P1_QLKEDYFK P2_DKQSGK 3 2,DIA12_CV486075:20251228_A2_N1_Mueller_MS_TechHub_IMP_THIDDIAXL003_Cas9_PhoX_DIA12_CV486075_250ng_FAIMS_002,1010708,,,Q99ZW2,,,false,Q99ZW2,Q99ZW2,,false,DKQSGK,QLKEDYFK,672,563,2,3,673,565,,-1,3,0,1.007276,98.631378
Scan: 38907 Run: DIA12_CV486075:20251228_A2_N1_Mueller_MS_TechHub_IMP_THIDDIAXL003_Cas9_PhoX_DIA12_CV486075_250ng_FAIMS_001 P1_KTEVQTGGFSK P2_KSEETITPWNFEEVVDK 1 1,DIA12_CV486075:20251228_A2_N1_Mueller_MS_TechHub_IMP_THIDDIAXL003_Cas9_PhoX_DIA12_CV486075_250ng_FAIMS_001,38907,,,Q99ZW2,,,false,Q99ZW2,Q99ZW2,,false,KSEETITPWNFEEVVDK,KTEVQTGGFSK,468,1097,1,1,468,1097,,-1,4,0,1.007276,98.625088
Scan: 95721 Run: DIA12_CV486075:20251228_A2_N1_Mueller_MS_TechHub_IMP_THIDDIAXL003_Cas9_PhoX_DIA12_CV486075_250ng_FAIMS_001 P1_KPAFLSGEQK P2_KKDWDPK 1 1,DIA12_CV486075:20251228_A2_N1_Mueller_MS_TechHub_IMP_THIDDIAXL003_Cas9_PhoX_DIA12_CV486075_250ng_FAIMS_001,95721,,,Q99ZW2,,,false,Q99ZW2,Q99ZW2,,false,KKDWDPK,KPAFLSGEQK,1123,536,1,1,1123,536,,-1,4,0,1.007276,98.606937
Scan: 1145865 Run: DIA12_CV486075:20251228_A2_N1_Mueller_MS_TechHub_IMP_THIDDIAXL003_Cas9_PhoX_DIA12_CV486075_250ng_FAIMS_002 P1_NKDSR P2_GKSDNVPSEEVVKK 2 2,DIA12_CV486075:20251228_A2_N1_Mueller_MS_TechHub_IMP_THIDDIAXL003_Cas9_PhoX_DIA12_CV486075_250ng_FAIMS_002,1145865,,,Q99ZW2,,,false,decoy:Q99ZW2,decoy,decoy,true,GKSDNVPSEEVVKK,NKDSR,865,860,2,2,866,861,,-1,3,0,1.007276,98.60289
Scan: 587217 Run: DIA12_CV486075:20251228_A2_N1_Mueller_MS_TechHub_IMP_THIDDIAXL003_Cas9_PhoX_DIA12_CV486075_250ng_FAIMS_001 P1_YDENDKLIR P2_SKLVSDFR 6 2,DIA12_CV486075:20251228_A2_N1_Mueller_MS_TechHub_IMP_THIDDIAXL003_Cas9_PhoX_DIA12_CV486075_250ng_FAIMS_001,587217,,,Q99ZW2,,,false,Q99ZW2,Q99ZW2,,false,SKLVSDFR,YDENDKLIR,960,943,2,6,961,948,,-1,3,0,1.007276,98.4958
Scan: 1143518 Run: DIA12_CV486075:20251228_A2_N1_Mueller_MS_TechHub_IMP_THIDDIAXL003_Cas9_PhoX_DIA12_CV486075_250ng_FAIMS_002 P1_IEKILTFR P2_GKSDNVPSEEVVK 3 2,DIA12_CV486075:20251228_A2_N1_Mueller_MS_TechHub_IMP_THIDDIAXL003_Cas9_PhoX_DIA12_CV486075_250ng_FAIMS_002,1143518,,,Q99ZW2,,,false,Q99ZW2,Q99ZW2,,false,GKSDNVPSEEVVK,IEKILTFR,865,440,2,3,866,442,,-1,3,0,1.007276,98.458355
Scan: 695845 Run: DIA12_CV486075:20251228_A2_N1_Mueller_MS_TechHub_IMP_THIDDIAXL003_Cas9_PhoX_DIA12_CV486075_250ng_FAIMS_002 P1_KDWDPK P2_DKQSGK 1 2,DIA12_CV486075:20251228_A2_N1_Mueller_MS_TechHub_IMP_THIDDIAXL003_Cas9_PhoX_DIA12_CV486075_250ng_FAIMS_002,695845,,,Q99ZW2,,,false,Q99ZW2,Q99ZW2,,false,DKQSGK,KDWDPK,672,1124,2,1,673,1124,,-1,3,0,1.007276,98.457829
Scan: 842337 Run: DIA12_CV486075:20251228_A2_N1_Mueller_MS_TechHub_IMP_THIDDIAXL003_Cas9_PhoX_DIA12_CV486075_250ng_FAIMS_002 P1_KGILQTVK P2_FKVLGNTDR 1 2,DIA12_CV486075:20251228_A2_N1_Mueller_MS_TechHub_IMP_THIDDIAXL003_Cas9_PhoX_DIA12_CV486075_250ng_FAIMS_002,842337,,,Q99ZW2,,,false,Q99ZW2,Q99ZW2,,false,FKVLGNTDR,KGILQTVK,32,735,2,1,33,735,,-1,3,0,1.007276,98.435116
Scan: 1026890 Run: DIA12_CV486075:20251228_A2_N1_Mueller_MS_TechHub_IMP_THIDDIAXL003_Cas9_PhoX_DIA12_CV486075_250ng_FAIMS_002 P1_VLSAYNKHR P2_KLINGIR 7 1,DIA12_CV486075:20251228_A2_N1_Mueller_MS_TechHub_IMP_THIDDIAXL003_Cas9_PhoX_DIA12_CV486075_250ng_FAIMS_002,1026890,,,Q99ZW2,,,false,Q99ZW2,Q99ZW2,,false,KLINGIR,VLSAYNKHR,665,1290,1,7,665,1296,,-1,3,0,1.007276,98.368126
Scan: 635833 Run: DIA12_CV486075:20251228_A2_N1_Mueller_MS_TechHub_IMP_THIDDIAXL003_Cas9_PhoX_DIA12_CV486075_250ng_FAIMS_002 P1_YKEIFFDQSK P2_KTEVQTGGFSK 2 1,DIA12_CV486075:20251228_A2_N1_Mueller_MS_TechHub_IMP_THIDDIAXL003_Cas9_PhoX_DIA12_CV486075_250ng_FAIMS_002,635833,,,Q99ZW2,,,false,Q99ZW2,Q99ZW2,,false,KTEVQTGGFSK,YKEIFFDQSK,1097,347,1,2,1097,348,,-1,3,0,1.007276,98.28532
Scan: 1093050 Run: DIA12_CV486075:20251228_A2_N1_Mueller_MS_TechHub_IMP_THIDDIAXL003_Cas9_PhoX_DIA12_CV486075_250ng_FAIMS_002 P1_QSGKTILDFLK P2_GILQTVKVVDELVK 4 7,DIA12_CV486075:20251228_A2_N1_Mueller_MS_TechHub_IMP_THIDDIAXL003_Cas9_PhoX_DIA12_CV486075_250ng_FAIMS_002,1093050,,,Q99ZW2,,,false,Q99ZW2,Q99ZW2,,false,GILQTVKVVDELVK,QSGKTILDFLK,736,674,7,4,742,677,,-1,4,0,1.007276,98.262444
Scan: 873434 Run: DIA12_CV486075:20251228_A2_N1_Mueller_MS_TechHub_IMP_THIDDIAXL003_Cas9_PhoX_DIA12_CV486075_250ng_FAIMS_002 P1_KDLIIK P2_FIKPILEK 1 3,DIA12_CV486075:20251228_A2_N1_Mueller_MS_TechHub_IMP_THIDDIAXL003_Cas9_PhoX_DIA12_CV486075_250ng_FAIMS_002,873434,,,Q99ZW2,,,false,Q99ZW2,Q99ZW2,,false,FIKPILEK,KDLIIK,375,1192,3,1,377,1192,,-1,3,0,1.007276,98.223114
Scan: 1290012 Run: DIA12_CV486075:20251228_A2_N1_Mueller_MS_TechHub_IMP_THIDDIAXL003_Cas9_PhoX_DIA12_CV486075_250ng_FAIMS_003 P1_KYGGFDSPTVAYSVLVVAK P2_KKDWDPK 1 1,DIA12_CV486075:20251228_A2_N1_Mueller_MS_TechHub_IMP_THIDDIAXL003_Cas9_PhoX_DIA12_CV486075_250ng_FAIMS_003,1290012,,,Q99ZW2,,,false,Q99ZW2,Q99ZW2,,false,KKDWDPK,KYGGFDSPTVAYSVLVVAK,1123,1130,1,1,1123,1130,,-1,4,0,1.007276,98.222488
Scan: 1598312 Run: DIA12_CV486075:20251228_A2_N1_Mueller_MS_TechHub_IMP_THIDDIAXL003_Cas9_PhoX_DIA12_CV486075_250ng_FAIMS_003 P1_KVTVK P2_KPAFLSGEQKK 1 10,DIA12_CV486075:20251228_A2_N1_Mueller_MS_TechHub_IMP_THIDDIAXL003_Cas9_PhoX_DIA12_CV486075_250ng_FAIMS_003,1598312,,,Q99ZW2,,,false,Q99ZW2,Q99ZW2,,false,KPAFLSGEQKK,KVTVK,536,558,10,1,545,558,,-1,3,0,1.007276,98.204235
Scan: 1359526 Run: DIA12_CV486075:20251228_A2_N1_Mueller_MS_TechHub_IMP_THIDDIAXL003_Cas9_PhoX_DIA12_CV486075_250ng_FAIMS_003 P1_SKLVSDFR P2_LKGSPEDNEQK 2 2,DIA12_CV486075:20251228_A2_N1_Mueller_MS_TechHub_IMP_THIDDIAXL003_Cas9_PhoX_DIA12_CV486075_250ng_FAIMS_003,1359526,,,Q99ZW2,,,false,Q99ZW2,Q99ZW2,,false,LKGSPEDNEQK,SKLVSDFR,1245,960,2,2,1246,961,,-1,3,0,1.007276,98.196621
Scan: 888736 Run: DIA12_CV486075:20251228_A2_N1_Mueller_MS_TechHub_IMP_THIDDIAXL003_Cas9_PhoX_DIA12_CV486075_250ng_FAIMS_002 P1_IEKILTFR P2_DKPIR 3 2,DIA12_CV486075:20251228_A2_N1_Mueller_MS_TechHub_IMP_THIDDIAXL003_Cas9_PhoX_DIA12_CV486075_250ng_FAIMS_002,888736,,,Q99ZW2,,,false,Q99ZW2,Q99ZW2,,false,DKPIR,IEKILTFR,1299,440,2,3,1300,442,,-1,3,0,1.007276,98.149929
Scan: 1008101 Run: DIA12_CV486075:20251228_A2_N1_Mueller_MS_TechHub_IMP_THIDDIAXL003_Cas9_PhoX_DIA12_CV486075_250ng_FAIMS_002 P1_KVTVK P2_KAIVDLLFK 1 1,DIA12_CV486075:20251228_A2_N1_Mueller_MS_TechHub_IMP_THIDDIAXL003_Cas9_PhoX_DIA12_CV486075_250ng_FAIMS_002,1008101,,,Q99ZW2,,,false,Q99ZW2,Q99ZW2,,false,KAIVDLLFK,KVTVK,546,558,1,1,546,558,,-1,3,0,1.007276,98.114754
Scan: 6594 Run: DIA12_CV486075:20251228_A2_N1_Mueller_MS_TechHub_IMP_THIDDIAXL003_Cas9_PhoX_DIA12_CV486075_250ng_FAIMS_001 P1_LESEFVYGDYKVYDVR P2_FKVLGNTDR 11 2,DIA12_CV486075:20251228_A2_N1_Mueller_MS_TechHub_IMP_THIDDIAXL003_Cas9_PhoX_DIA12_CV486075_250ng_FAIMS_001,6594,,,Q99ZW2,,,false,Q99ZW2,Q99ZW2,,false,FKVLGNTDR,LESEFVYGDYKVYDVR,32,1004,2,11,33,1014,,-1,4,0,1.007276,98.101299
Scan: 894103 Run: DIA12_CV486075:20251228_A2_N1_Mueller_MS_TechHub_IMP_THIDDIAXL003_Cas9_PhoX_DIA12_CV486075_250ng_FAIMS_002 P1_KTEVQTGGFSK P2_KNLIGALLFDSGETAEATR 1 1,DIA12_CV486075:20251228_A2_N1_Mueller_MS_TechHub_IMP_THIDDIAXL003_Cas9_PhoX_DIA12_CV486075_250ng_FAIMS_002,894103,,,Q99ZW2,,,false,Q99ZW2,Q99ZW2,,false,KNLIGALLFDSGETAEATR,KTEVQTGGFSK,45,1097,1,1,45,1097,,-1,4,0,1.007276,98.090458
Scan: 147076 Run: DIA12_CV486075:20251228_A2_N1_Mueller_MS_TechHub_IMP_THIDDIAXL003_Cas9_PhoX_DIA12_CV486075_250ng_FAIMS_001 P1_SKLVSDFR P2_LPKYSLFELENGR 2 3,DIA12_CV486075:20251228_A2_N1_Mueller_MS_TechHub_IMP_THIDDIAXL003_Cas9_PhoX_DIA12_CV486075_250ng_FAIMS_001,147076,,,Q99ZW2,,,false,Q99ZW2,Q99ZW2,,false,LPKYSLFELENGR,SKLVSDFR,1198,960,3,2,1200,961,,-1,4,0,1.007276,98.066891
Scan: 208880 Run: DIA12_CV486075:20251228_A2_N1_Mueller_MS_TechHub_IMP_THIDDIAXL003_Cas9_PhoX_DIA12_CV486075_250ng_FAIMS_001 P1_LSKSR P2_IEKILTFR 3 3,DIA12_CV486075:20251228_A2_N1_Mueller_MS_TechHub_IMP_THIDDIAXL003_Cas9_PhoX_DIA12_CV486075_250ng_FAIMS_001,208880,,,Q99ZW2,,,false,Q99ZW2,Q99ZW2,,false,IEKILTFR,LSKSR,440,216,3,3,442,218,,-1,3,0,1.007276,98.028126
Scan: 1571950 Run: DIA12_CV486075:20251228_A2_N1_Mueller_MS_TechHub_IMP_THIDDIAXL003_Cas9_PhoX_DIA12_CV486075_250ng_FAIMS_003 P1_SEQEIGKATAK P2_KPAFLSGEQK 7 1,DIA12_CV486075:20251228_A2_N1_Mueller_MS_TechHub_IMP_THIDDIAXL003_Cas9_PhoX_DIA12_CV486075_250ng_FAIMS_003,1571950,,,Q99ZW2,,,false,Q99ZW2,Q99ZW2,,false,KPAFLSGEQK,SEQEIGKATAK,536,1025,1,7,536,1031,,-1,3,0,1.007276,98.002972
Scan: 1573998 Run: DIA12_CV486075:20251228_A2_N1_Mueller_MS_TechHub_IMP_THIDDIAXL003_Cas9_PhoX_DIA12_CV486075_250ng_FAIMS_003 P1_KPAFLSGEQK P2_GYKEVK 1 3,DIA12_CV486075:20251228_A2_N1_Mueller_MS_TechHub_IMP_THIDDIAXL003_Cas9_PhoX_DIA12_CV486075_250ng_FAIMS_003,1573998,,,Q99ZW2,,,false,Q99ZW2,Q99ZW2,,false,GYKEVK,KPAFLSGEQK,1186,536,3,1,1188,536,,-1,3,0,1.007276,97.993404
Scan: 687908 Run: DIA12_CV486075:20251228_A2_N1_Mueller_MS_TechHub_IMP_THIDDIAXL003_Cas9_PhoX_DIA12_CV486075_250ng_FAIMS_002 P1_NSDKLIAR P2_KLINGIR 4 1,DIA12_CV486075:20251228_A2_N1_Mueller_MS_TechHub_IMP_THIDDIAXL003_Cas9_PhoX_DIA12_CV486075_250ng_FAIMS_002,687908,,,Q99ZW2,,,false,Q99ZW2,Q99ZW2,,false,KLINGIR,NSDKLIAR,665,1115,1,4,665,1118,,-1,4,0,1.007276,97.980995
Scan: 226148 Run: DIA12_CV486075:20251228_A2_N1_Mueller_MS_TechHub_IMP_THIDDIAXL003_Cas9_PhoX_DIA12_CV486075_250ng_FAIMS_001 P1_SNFDLAEDAKLQLSK P2_KLVDSTDK 10 1,DIA12_CV486075:20251228_A2_N1_Mueller_MS_TechHub_IMP_THIDDIAXL003_Cas9_PhoX_DIA12_CV486075_250ng_FAIMS_001,226148,,,Q99ZW2,,,false,Q99ZW2,Q99ZW2,,false,KLVDSTDK,SNFDLAEDAKLQLSK,141,254,1,10,141,263,,-1,4,0,1.007276,97.944481
Scan: 587031 Run: DIA12_CV486075:20251228_A2_N1_Mueller_MS_TechHub_IMP_THIDDIAXL003_Cas9_PhoX_DIA12_CV486075_250ng_FAIMS_001 P1_YDENDKLIR P2_DKQSGK 6 2,DIA12_CV486075:20251228_A2_N1_Mueller_MS_TechHub_IMP_THIDDIAXL003_Cas9_PhoX_DIA12_CV486075_250ng_FAIMS_001,587031,,,Q99ZW2,,,false,Q99ZW2,Q99ZW2,,false,DKQSGK,YDENDKLIR,672,943,2,6,673,948,,-1,3,0,1.007276,97.851624
Scan: 310691 Run: DIA12_CV486075:20251228_A2_N1_Mueller_MS_TechHub_IMP_THIDDIAXL003_Cas9_PhoX_DIA12_CV486075_250ng_FAIMS_001 P1_KSEETITPWNFEEVVDK P2_KLINGIR 1 1,DIA12_CV486075:20251228_A2_N1_Mueller_MS_TechHub_IMP_THIDDIAXL003_Cas9_PhoX_DIA12_CV486075_250ng_FAIMS_001,310691,,,Q99ZW2,,,false,Q99ZW2,Q99ZW2,,false,KLINGIR,KSEETITPWNFEEVVDK,665,468,1,1,665,468,,-1,3,0,1.007276,97.836403
Scan: 1541806 Run: DIA12_CV486075:20251228_A2_N1_Mueller_MS_TechHub_IMP_THIDDIAXL003_Cas9_PhoX_DIA12_CV486075_250ng_FAIMS_003 P1_VLPKHSLLYEYFTVYNELTK P2_KSEETITPWNFEEVVDKGASAQSFIER 4 17,DIA12_CV486075:20251228_A2_N1_Mueller_MS_TechHub_IMP_THIDDIAXL003_Cas9_PhoX_DIA12_CV486075_250ng_FAIMS_003,1541806,,,Q99ZW2,,,false,Q99ZW2,Q99ZW2,,false,KSEETITPWNFEEVVDKGASAQSFIER,VLPKHSLLYEYFTVYNELTK,468,507,17,4,484,510,,-1,5,0,1.007276,97.764622
Scan: 794218 Run: DIA12_CV486075:20251228_A2_N1_Mueller_MS_TechHub_IMP_THIDDIAXL003_Cas9_PhoX_DIA12_CV486075_250ng_FAIMS_002 P1_YTSTKEVLDATLIHQSITGLYETR P2_NSDKLIAR 5 4,DIA12_CV486075:20251228_A2_N1_Mueller_MS_TechHub_IMP_THIDDIAXL003_Cas9_PhoX_DIA12_CV486075_250ng_FAIMS_002,794218,,,Q99ZW2,,,false,Q99ZW2,Q99ZW2,,false,NSDKLIAR,YTSTKEVLDATLIHQSITGLYETR,1115,1336,4,5,1118,1340,,-1,4,0,1.007276,97.686954
Scan: 770482 Run: DIA12_CV486075:20251228_A2_N1_Mueller_MS_TechHub_IMP_THIDDIAXL003_Cas9_PhoX_DIA12_CV486075_250ng_FAIMS_002 P1_KDFQFYK P2_GSPEDNEQKQLFVEQHK 1 9,DIA12_CV486075:20251228_A2_N1_Mueller_MS_TechHub_IMP_THIDDIAXL003_Cas9_PhoX_DIA12_CV486075_250ng_FAIMS_002,770482,,,Q99ZW2,,,false,Q99ZW2,Q99ZW2,,false,GSPEDNEQKQLFVEQHK,KDFQFYK,1247,968,9,1,1255,968,,-1,3,0,1.007276,97.666298
Scan: 484335 Run: DIA12_CV486075:20251228_A2_N1_Mueller_MS_TechHub_IMP_THIDDIAXL003_Cas9_PhoX_DIA12_CV486075_250ng_FAIMS_001 P1_VTVKQLK P2_KGILQTVK 4 1,DIA12_CV486075:20251228_A2_N1_Mueller_MS_TechHub_IMP_THIDDIAXL003_Cas9_PhoX_DIA12_CV486075_250ng_FAIMS_001,484335,,,Q99ZW2,,,false,Q99ZW2,Q99ZW2,,false,KGILQTVK,VTVKQLK,735,559,1,4,735,562,,-1,3,0,1.007276,97.664734
Scan: 1549593 Run: DIA12_CV486075:20251228_A2_N1_Mueller_MS_TechHub_IMP_THIDDIAXL003_Cas9_PhoX_DIA12_CV486075_250ng_FAIMS_003 P1_MTNFDKNLPNEK P2_DLIIKLPK 6 5,DIA12_CV486075:20251228_A2_N1_Mueller_MS_TechHub_IMP_THIDDIAXL003_Cas9_PhoX_DIA12_CV486075_250ng_FAIMS_003,1549593,,,Q99ZW2,,,false,Q99ZW2,Q99ZW2,,false,DLIIKLPK,MTNFDKNLPNEK,1193,495,5,6,1197,500,,-1,3,0,1.007276,97.662014
Scan: 1555529 Run: DIA12_CV486075:20251228_A2_N1_Mueller_MS_TechHub_IMP_THIDDIAXL003_Cas9_PhoX_DIA12_CV486075_250ng_FAIMS_003 P1_NLPNEKVLPK P2_KTEVQTGGFSKESILPK 6 11,DIA12_CV486075:20251228_A2_N1_Mueller_MS_TechHub_IMP_THIDDIAXL003_Cas9_PhoX_DIA12_CV486075_250ng_FAIMS_003,1555529,,,Q99ZW2,,,false,Q99ZW2,Q99ZW2,,false,KTEVQTGGFSKESILPK,NLPNEKVLPK,1097,501,11,6,1107,506,,-1,4,0,1.007276,97.652557
Scan: 1579250 Run: DIA12_CV486075:20251228_A2_N1_Mueller_MS_TechHub_IMP_THIDDIAXL003_Cas9_PhoX_DIA12_CV486075_250ng_FAIMS_003 P1_VKYVTEGMR P2_KPAFLSGEQK 2 1,DIA12_CV486075:20251228_A2_N1_Mueller_MS_TechHub_IMP_THIDDIAXL003_Cas9_PhoX_DIA12_CV486075_250ng_FAIMS_003,1579250,,,Q99ZW2,,,false,Q99ZW2,Q99ZW2,,false,KPAFLSGEQK,VKYVTEGMR,536,527,1,2,536,528,,-1,3,0,1.007276,97.643993
Scan: 1486551 Run: DIA12_CV486075:20251228_A2_N1_Mueller_MS_TechHub_IMP_THIDDIAXL003_Cas9_PhoX_DIA12_CV486075_250ng_FAIMS_003 P1_YKEIFFDQSK P2_IEKILTFR 2 3,DIA12_CV486075:20251228_A2_N1_Mueller_MS_TechHub_IMP_THIDDIAXL003_Cas9_PhoX_DIA12_CV486075_250ng_FAIMS_003,1486551,,,Q99ZW2,,,false,Q99ZW2,Q99ZW2,,false,IEKILTFR,YKEIFFDQSK,440,347,3,2,442,348,,-1,3,0,1.007276,97.598415
Scan: 92577 Run: DIA12_CV486075:20251228_A2_N1_Mueller_MS_TechHub_IMP_THIDDIAXL003_Cas9_PhoX_DIA12_CV486075_250ng_FAIMS_001 P1_NSDKLIAR P2_ENQTTQKGQK 4 7,DIA12_CV486075:20251228_A2_N1_Mueller_MS_TechHub_IMP_THIDDIAXL003_Cas9_PhoX_DIA12_CV486075_250ng_FAIMS_001,92577,,,Q99ZW2,,,false,Q99ZW2,Q99ZW2,,false,ENQTTQKGQK,NSDKLIAR,766,1115,7,4,772,1118,,-1,3,0,1.007276,97.540874
Scan: 1234903 Run: DIA12_CV486075:20251228_A2_N1_Mueller_MS_TechHub_IMP_THIDDIAXL003_Cas9_PhoX_DIA12_CV486075_250ng_FAIMS_003 P1_KTEVQTGGFSK P2_DKQSGK 1 2,DIA12_CV486075:20251228_A2_N1_Mueller_MS_TechHub_IMP_THIDDIAXL003_Cas9_PhoX_DIA12_CV486075_250ng_FAIMS_003,1234903,,,Q99ZW2,,,false,Q99ZW2,Q99ZW2,,false,DKQSGK,KTEVQTGGFSK,672,1097,2,1,673,1097,,-1,3,0,1.007276,97.52787
Scan: 761118 Run: DIA12_CV486075:20251228_A2_N1_Mueller_MS_TechHub_IMP_THIDDIAXL003_Cas9_PhoX_DIA12_CV486075_250ng_FAIMS_002 P1_LKGSPEDNEQK P2_ENQTTQKGQK 2 7,DIA12_CV486075:20251228_A2_N1_Mueller_MS_TechHub_IMP_THIDDIAXL003_Cas9_PhoX_DIA12_CV486075_250ng_FAIMS_002,761118,,,Q99ZW2,,,false,Q99ZW2,Q99ZW2,,false,ENQTTQKGQK,LKGSPEDNEQK,766,1245,7,2,772,1246,,-1,3,0,1.007276,97.511871
Scan: 208704 Run: DIA12_CV486075:20251228_A2_N1_Mueller_MS_TechHub_IMP_THIDDIAXL003_Cas9_PhoX_DIA12_CV486075_250ng_FAIMS_001 P1_SKSLR P2_IEKILTFR 2 3,DIA12_CV486075:20251228_A2_N1_Mueller_MS_TechHub_IMP_THIDDIAXL003_Cas9_PhoX_DIA12_CV486075_250ng_FAIMS_001,208704,,,Q99ZW2,,,false,decoy:Q99ZW2,decoy,decoy,true,IEKILTFR,SKSLR,440,216,3,2,442,217,,-1,3,0,1.007276,97.50919
Scan: 1408051 Run: DIA12_CV486075:20251228_A2_N1_Mueller_MS_TechHub_IMP_THIDDIAXL003_Cas9_PhoX_DIA12_CV486075_250ng_FAIMS_003 P1_LENLIAQLPGEKK P2_KTEVQTGGFSK 12 1,DIA12_CV486075:20251228_A2_N1_Mueller_MS_TechHub_IMP_THIDDIAXL003_Cas9_PhoX_DIA12_CV486075_250ng_FAIMS_003,1408051,,,Q99ZW2,,,false,Q99ZW2,Q99ZW2,,false,KTEVQTGGFSK,LENLIAQLPGEKK,1097,222,1,12,1097,233,,-1,4,0,1.007276,97.485332
Scan: 1183019 Run: DIA12_CV486075:20251228_A2_N1_Mueller_MS_TechHub_IMP_THIDDIAXL003_Cas9_PhoX_DIA12_CV486075_250ng_FAIMS_002 P1_YDENDKLIR P2_LESEFVYGDYKVYDVR 6 11,DIA12_CV486075:20251228_A2_N1_Mueller_MS_TechHub_IMP_THIDDIAXL003_Cas9_PhoX_DIA12_CV486075_250ng_FAIMS_002,1183019,,,Q99ZW2,,,false,Q99ZW2,Q99ZW2,,false,LESEFVYGDYKVYDVR,YDENDKLIR,1004,943,11,6,1014,948,,-1,3,0,1.007276,97.470303
Scan: 855275 Run: DIA12_CV486075:20251228_A2_N1_Mueller_MS_TechHub_IMP_THIDDIAXL003_Cas9_PhoX_DIA12_CV486075_250ng_FAIMS_002 P1_YKEIFFDQSK P2_FIKPILEK 2 3,DIA12_CV486075:20251228_A2_N1_Mueller_MS_TechHub_IMP_THIDDIAXL003_Cas9_PhoX_DIA12_CV486075_250ng_FAIMS_002,855275,,,Q99ZW2,,,false,Q99ZW2,Q99ZW2,,false,FIKPILEK,YKEIFFDQSK,375,347,3,2,377,348,,-1,3,0,1.007276,97.452881
Scan: 1159105 Run: DIA12_CV486075:20251228_A2_N1_Mueller_MS_TechHub_IMP_THIDDIAXL003_Cas9_PhoX_DIA12_CV486075_250ng_FAIMS_002 P1_YDENDKLIR P2_KFDNLTK 6 1,DIA12_CV486075:20251228_A2_N1_Mueller_MS_TechHub_IMP_THIDDIAXL003_Cas9_PhoX_DIA12_CV486075_250ng_FAIMS_002,1159105,,,Q99ZW2,,,false,Q99ZW2,Q99ZW2,,false,KFDNLTK,YDENDKLIR,896,943,1,6,896,948,,-1,3,0,1.007276,97.439251
Scan: 115536 Run: DIA12_CV486075:20251228_A2_N1_Mueller_MS_TechHub_IMP_THIDDIAXL003_Cas9_PhoX_DIA12_CV486075_250ng_FAIMS_001 P1_SSFEKNPIDFLEAK P2_FKVLGNTDR 5 2,DIA12_CV486075:20251228_A2_N1_Mueller_MS_TechHub_IMP_THIDDIAXL003_Cas9_PhoX_DIA12_CV486075_250ng_FAIMS_001,115536,,,Q99ZW2,,,false,Q99ZW2,Q99ZW2,,false,FKVLGNTDR,SSFEKNPIDFLEAK,32,1172,2,5,33,1176,,-1,4,0,1.007276,97.431065
Scan: 225176 Run: DIA12_CV486075:20251228_A2_N1_Mueller_MS_TechHub_IMP_THIDDIAXL003_Cas9_PhoX_DIA12_CV486075_250ng_FAIMS_001 P1_SNFDLAEDAKLQLSK P2_NSDKLIAR 10 4,DIA12_CV486075:20251228_A2_N1_Mueller_MS_TechHub_IMP_THIDDIAXL003_Cas9_PhoX_DIA12_CV486075_250ng_FAIMS_001,225176,,,Q99ZW2,,,false,Q99ZW2,Q99ZW2,,false,NSDKLIAR,SNFDLAEDAKLQLSK,1115,254,4,10,1118,263,,-1,4,0,1.007276,97.424961
Scan: 1637517 Run: DIA12_CV486075:20251228_A2_N1_Mueller_MS_TechHub_IMP_THIDDIAXL003_Cas9_PhoX_DIA12_CV486075_250ng_FAIMS_003 P1_TILDFLKSDGFANR P2_TEVQTGGFSKESILPK 7 10,DIA12_CV486075:20251228_A2_N1_Mueller_MS_TechHub_IMP_THIDDIAXL003_Cas9_PhoX_DIA12_CV486075_250ng_FAIMS_003,1637517,,,Q99ZW2,,,false,Q99ZW2,Q99ZW2,,false,TEVQTGGFSKESILPK,TILDFLKSDGFANR,1098,678,10,7,1107,684,,-1,4,0,1.007276,97.409935
Scan: 1769157 Run: DIA12_CV486075:20251228_A2_N1_Mueller_MS_TechHub_IMP_THIDDIAXL003_Cas9_PhoX_DIA12_CV486075_250ng_FAIMS_003 P1_QLLNAKLITQR P2_QITKHVAQILDSR 6 4,DIA12_CV486075:20251228_A2_N1_Mueller_MS_TechHub_IMP_THIDDIAXL003_Cas9_PhoX_DIA12_CV486075_250ng_FAIMS_003,1769157,,,Q99ZW2,,,false,Q99ZW2,Q99ZW2,,false,QITKHVAQILDSR,QLLNAKLITQR,926,885,4,6,929,890,,-1,4,0,1.007276,97.383305
Scan: 115059 Run: DIA12_CV486075:20251228_A2_N1_Mueller_MS_TechHub_IMP_THIDDIAXL003_Cas9_PhoX_DIA12_CV486075_250ng_FAIMS_001 P1_SSFEKNPIDFLEAK P2_EQAENIIHLFTLTNLGAPAAFKYFDTTIDR 5 22,DIA12_CV486075:20251228_A2_N1_Mueller_MS_TechHub_IMP_THIDDIAXL003_Cas9_PhoX_DIA12_CV486075_250ng_FAIMS_001,115059,,,Q99ZW2,,,false,Q99ZW2,Q99ZW2,,false,EQAENIIHLFTLTNLGAPAAFKYFDTTIDR,SSFEKNPIDFLEAK,1304,1172,22,5,1325,1176,,-1,5,0,1.007276,97.299858
Scan: 1770393 Run: DIA12_CV486075:20251228_A2_N1_Mueller_MS_TechHub_IMP_THIDDIAXL003_Cas9_PhoX_DIA12_CV486075_250ng_FAIMS_003 P1_QITKHVAQILDSR P2_KDFQFYK 4 1,DIA12_CV486075:20251228_A2_N1_Mueller_MS_TechHub_IMP_THIDDIAXL003_Cas9_PhoX_DIA12_CV486075_250ng_FAIMS_003,1770393,,,Q99ZW2,,,false,Q99ZW2,Q99ZW2,,false,KDFQFYK,QITKHVAQILDSR,968,926,1,4,968,929,,-1,3,0,1.007276,97.282478
Scan: 1584371 Run: DIA12_CV486075:20251228_A2_N1_Mueller_MS_TechHub_IMP_THIDDIAXL003_Cas9_PhoX_DIA12_CV486075_250ng_FAIMS_003 P1_KPAFLSGEQK P2_KFDNLTK 1 1,DIA12_CV486075:20251228_A2_N1_Mueller_MS_TechHub_IMP_THIDDIAXL003_Cas9_PhoX_DIA12_CV486075_250ng_FAIMS_003,1584371,,,Q99ZW2,,,false,Q99ZW2,Q99ZW2,,false,KFDNLTK,KPAFLSGEQK,896,536,1,1,896,536,,-1,4,0,1.007276,97.254963
Scan: 976144 Run: DIA12_CV486075:20251228_A2_N1_Mueller_MS_TechHub_IMP_THIDDIAXL003_Cas9_PhoX_DIA12_CV486075_250ng_FAIMS_002 P1_KYGGFDSPTVAYSVLVVAK P2_KPAFLSGEQK 1 1,DIA12_CV486075:20251228_A2_N1_Mueller_MS_TechHub_IMP_THIDDIAXL003_Cas9_PhoX_DIA12_CV486075_250ng_FAIMS_002,976144,,,Q99ZW2,,,false,Q99ZW2,Q99ZW2,,false,KPAFLSGEQK,KYGGFDSPTVAYSVLVVAK,536,1130,1,1,536,1130,,-1,3,0,1.007276,97.221111
Scan: 1501643 Run: DIA12_CV486075:20251228_A2_N1_Mueller_MS_TechHub_IMP_THIDDIAXL003_Cas9_PhoX_DIA12_CV486075_250ng_FAIMS_003 P1_KSEETITPWNFEEVVDK P2_EKIEKILTFR 1 5,DIA12_CV486075:20251228_A2_N1_Mueller_MS_TechHub_IMP_THIDDIAXL003_Cas9_PhoX_DIA12_CV486075_250ng_FAIMS_003,1501643,,,Q99ZW2,,,false,Q99ZW2,Q99ZW2,,false,EKIEKILTFR,KSEETITPWNFEEVVDK,438,468,5,1,442,468,,-1,4,0,1.007276,97.219769
Scan: 1290879 Run: DIA12_CV486075:20251228_A2_N1_Mueller_MS_TechHub_IMP_THIDDIAXL003_Cas9_PhoX_DIA12_CV486075_250ng_FAIMS_003 P1_KKDWDPK P2_DKQSGK 1 2,DIA12_CV486075:20251228_A2_N1_Mueller_MS_TechHub_IMP_THIDDIAXL003_Cas9_PhoX_DIA12_CV486075_250ng_FAIMS_003,1290879,,,Q99ZW2,,,false,Q99ZW2,Q99ZW2,,false,DKQSGK,KKDWDPK,672,1123,2,1,673,1123,,-1,3,0,1.007276,97.206635
Scan: 716805 Run: DIA12_CV486075:20251228_A2_N1_Mueller_MS_TechHub_IMP_THIDDIAXL003_Cas9_PhoX_DIA12_CV486075_250ng_FAIMS_002 P1_SSFEKNPIDFLEAK P2_DKQSGK 5 2,DIA12_CV486075:20251228_A2_N1_Mueller_MS_TechHub_IMP_THIDDIAXL003_Cas9_PhoX_DIA12_CV486075_250ng_FAIMS_002,716805,,,Q99ZW2,,,false,Q99ZW2,Q99ZW2,,false,DKQSGK,SSFEKNPIDFLEAK,672,1172,2,5,673,1176,,-1,3,0,1.007276,97.178997
Scan: 1600346 Run: DIA12_CV486075:20251228_A2_N1_Mueller_MS_TechHub_IMP_THIDDIAXL003_Cas9_PhoX_DIA12_CV486075_250ng_FAIMS_003 P1_SKLVSDFR P2_KAIVDLLFK 2 1,DIA12_CV486075:20251228_A2_N1_Mueller_MS_TechHub_IMP_THIDDIAXL003_Cas9_PhoX_DIA12_CV486075_250ng_FAIMS_003,1600346,,,Q99ZW2,,,false,Q99ZW2,Q99ZW2,,false,KAIVDLLFK,SKLVSDFR,546,960,1,2,546,961,,-1,3,0,1.007276,97.148273
Scan: 78935 Run: DIA12_CV486075:20251228_A2_N1_Mueller_MS_TechHub_IMP_THIDDIAXL003_Cas9_PhoX_DIA12_CV486075_250ng_FAIMS_001 P1_SSFEKNPIDFLEAK P2_ESILPKR 5 6,DIA12_CV486075:20251228_A2_N1_Mueller_MS_TechHub_IMP_THIDDIAXL003_Cas9_PhoX_DIA12_CV486075_250ng_FAIMS_001,78935,,,Q99ZW2,,,false,Q99ZW2,Q99ZW2,,false,ESILPKR,SSFEKNPIDFLEAK,1108,1172,6,5,1113,1176,,-1,4,0,1.007276,97.144188
Scan: 344868 Run: DIA12_CV486075:20251228_A2_N1_Mueller_MS_TechHub_IMP_THIDDIAXL003_Cas9_PhoX_DIA12_CV486075_250ng_FAIMS_001 P1_SEETITPWNFEEVVDKGASAQSFIER P2_IEKILTFR 16 3,DIA12_CV486075:20251228_A2_N1_Mueller_MS_TechHub_IMP_THIDDIAXL003_Cas9_PhoX_DIA12_CV486075_250ng_FAIMS_001,344868,,,Q99ZW2,,,false,Q99ZW2,Q99ZW2,,false,IEKILTFR,SEETITPWNFEEVVDKGASAQSFIER,440,469,3,16,442,484,,-1,4,0,1.007276,97.132599
Scan: 605309 Run: DIA12_CV486075:20251228_A2_N1_Mueller_MS_TechHub_IMP_THIDDIAXL003_Cas9_PhoX_DIA12_CV486075_250ng_FAIMS_002 P1_QITKHVAQILDSR P2_LESEFVYGDYKVYDVR 4 11,DIA12_CV486075:20251228_A2_N1_Mueller_MS_TechHub_IMP_THIDDIAXL003_Cas9_PhoX_DIA12_CV486075_250ng_FAIMS_002,605309,,,Q99ZW2,,,false,Q99ZW2,Q99ZW2,,false,LESEFVYGDYKVYDVR,QITKHVAQILDSR,1004,926,11,4,1014,929,,-1,4,0,1.007276,97.122459
Scan: 37088 Run: DIA12_CV486075:20251228_A2_N1_Mueller_MS_TechHub_IMP_THIDDIAXL003_Cas9_PhoX_DIA12_CV486075_250ng_FAIMS_001 P1_KTEVQTGGFSK P2_DLIIKLPK 1 5,DIA12_CV486075:20251228_A2_N1_Mueller_MS_TechHub_IMP_THIDDIAXL003_Cas9_PhoX_DIA12_CV486075_250ng_FAIMS_001,37088,,,Q99ZW2,,,false,Q99ZW2,Q99ZW2,,false,DLIIKLPK,KTEVQTGGFSK,1193,1097,5,1,1197,1097,,-1,3,0,1.007276,97.08036
Scan: 737917 Run: DIA12_CV486075:20251228_A2_N1_Mueller_MS_TechHub_IMP_THIDDIAXL003_Cas9_PhoX_DIA12_CV486075_250ng_FAIMS_002 P1_KKDWDPK P2_DLIIKLPK 1 5,DIA12_CV486075:20251228_A2_N1_Mueller_MS_TechHub_IMP_THIDDIAXL003_Cas9_PhoX_DIA12_CV486075_250ng_FAIMS_002,737917,,,Q99ZW2,,,false,Q99ZW2,Q99ZW2,,false,DLIIKLPK,KKDWDPK,1193,1123,5,1,1197,1123,,-1,3,0,1.007276,97.049335
Scan: 555975 Run: DIA12_CV486075:20251228_A2_N1_Mueller_MS_TechHub_IMP_THIDDIAXL003_Cas9_PhoX_DIA12_CV486075_250ng_FAIMS_001 P1_SDNVPSEEVVKK P2_NSDKLIAR 11 4,DIA12_CV486075:20251228_A2_N1_Mueller_MS_TechHub_IMP_THIDDIAXL003_Cas9_PhoX_DIA12_CV486075_250ng_FAIMS_001,555975,,,Q99ZW2,,,false,Q99ZW2,Q99ZW2,,false,NSDKLIAR,SDNVPSEEVVKK,1115,867,4,11,1118,877,,-1,3,0,1.007276,97.030411
Scan: 1544708 Run: DIA12_CV486075:20251228_A2_N1_Mueller_MS_TechHub_IMP_THIDDIAXL003_Cas9_PhoX_DIA12_CV486075_250ng_FAIMS_003 P1_SEETITPWNFEEVVDKGASAQSFIER P2_QSGKTILDFLK 16 4,DIA12_CV486075:20251228_A2_N1_Mueller_MS_TechHub_IMP_THIDDIAXL003_Cas9_PhoX_DIA12_CV486075_250ng_FAIMS_003,1544708,,,Q99ZW2,,,false,Q99ZW2,Q99ZW2,,false,QSGKTILDFLK,SEETITPWNFEEVVDKGASAQSFIER,674,469,4,16,677,484,,-1,4,0,1.007276,96.965378
Scan: 261299 Run: DIA12_CV486075:20251228_A2_N1_Mueller_MS_TechHub_IMP_THIDDIAXL003_Cas9_PhoX_DIA12_CV486075_250ng_FAIMS_001 P1_YKEIFFDQSK P2_KFDNLTK 2 1,DIA12_CV486075:20251228_A2_N1_Mueller_MS_TechHub_IMP_THIDDIAXL003_Cas9_PhoX_DIA12_CV486075_250ng_FAIMS_001,261299,,,Q99ZW2,,,false,Q99ZW2,Q99ZW2,,false,KFDNLTK,YKEIFFDQSK,896,347,1,2,896,348,,-1,3,0,1.007276,96.937302
Scan: 801958 Run: DIA12_CV486075:20251228_A2_N1_Mueller_MS_TechHub_IMP_THIDDIAXL003_Cas9_PhoX_DIA12_CV486075_250ng_FAIMS_002 P1_TILDFLKSDGFANR P2_KLVDSTDK 7 1,DIA12_CV486075:20251228_A2_N1_Mueller_MS_TechHub_IMP_THIDDIAXL003_Cas9_PhoX_DIA12_CV486075_250ng_FAIMS_002,801958,,,Q99ZW2,,,false,Q99ZW2,Q99ZW2,,false,KLVDSTDK,TILDFLKSDGFANR,141,678,1,7,141,684,,-1,4,0,1.007276,96.915905
Scan: 1409435 Run: DIA12_CV486075:20251228_A2_N1_Mueller_MS_TechHub_IMP_THIDDIAXL003_Cas9_PhoX_DIA12_CV486075_250ng_FAIMS_003 P1_YKEIFFDQSK P2_LENLIAQLPGEKK 2 12,DIA12_CV486075:20251228_A2_N1_Mueller_MS_TechHub_IMP_THIDDIAXL003_Cas9_PhoX_DIA12_CV486075_250ng_FAIMS_003,1409435,,,Q99ZW2,,,false,Q99ZW2,Q99ZW2,,false,LENLIAQLPGEKK,YKEIFFDQSK,222,347,12,2,233,348,,-1,4,0,1.007276,96.912926
Scan: 733214 Run: DIA12_CV486075:20251228_A2_N1_Mueller_MS_TechHub_IMP_THIDDIAXL003_Cas9_PhoX_DIA12_CV486075_250ng_FAIMS_002 P1_YKEIFFDQSK P2_KDLIIK 2 1,DIA12_CV486075:20251228_A2_N1_Mueller_MS_TechHub_IMP_THIDDIAXL003_Cas9_PhoX_DIA12_CV486075_250ng_FAIMS_002,733214,,,Q99ZW2,,,false,Q99ZW2,Q99ZW2,,false,KDLIIK,YKEIFFDQSK,1192,347,1,2,1192,348,,-1,4,0,1.007276,96.874325
Scan: 781891 Run: DIA12_CV486075:20251228_A2_N1_Mueller_MS_TechHub_IMP_THIDDIAXL003_Cas9_PhoX_DIA12_CV486075_250ng_FAIMS_002 P1_VILADANLDKVLSAYNK P2_KGILQTVK 10 1,DIA12_CV486075:20251228_A2_N1_Mueller_MS_TechHub_IMP_THIDDIAXL003_Cas9_PhoX_DIA12_CV486075_250ng_FAIMS_002,781891,,,Q99ZW2,,,false,Q99ZW2,Q99ZW2,,false,KGILQTVK,VILADANLDKVLSAYNK,735,1280,1,10,735,1289,,-1,4,0,1.007276,96.865936
Scan: 1585128 Run: DIA12_CV486075:20251228_A2_N1_Mueller_MS_TechHub_IMP_THIDDIAXL003_Cas9_PhoX_DIA12_CV486075_250ng_FAIMS_003 P1_KPAFLSGEQK P2_KDFQFYK 1 1,DIA12_CV486075:20251228_A2_N1_Mueller_MS_TechHub_IMP_THIDDIAXL003_Cas9_PhoX_DIA12_CV486075_250ng_FAIMS_003,1585128,,,Q99ZW2,,,false,Q99ZW2,Q99ZW2,,false,KDFQFYK,KPAFLSGEQK,968,536,1,1,968,536,,-1,3,0,1.007276,96.848057
Scan: 510316 Run: DIA12_CV486075:20251228_A2_N1_Mueller_MS_TechHub_IMP_THIDDIAXL003_Cas9_PhoX_DIA12_CV486075_250ng_FAIMS_001 P1_KGILQTVK P2_ENQTTQKGQK 1 7,DIA12_CV486075:20251228_A2_N1_Mueller_MS_TechHub_IMP_THIDDIAXL003_Cas9_PhoX_DIA12_CV486075_250ng_FAIMS_001,510316,,,Q99ZW2,,,false,Q99ZW2,Q99ZW2,,false,ENQTTQKGQK,KGILQTVK,766,735,7,1,772,735,,-1,3,0,1.007276,96.836544
Scan: 1142441 Run: DIA12_CV486075:20251228_A2_N1_Mueller_MS_TechHub_IMP_THIDDIAXL003_Cas9_PhoX_DIA12_CV486075_250ng_FAIMS_002 P1_KDLIIK P2_GKSDNVPSEEVVK 1 2,DIA12_CV486075:20251228_A2_N1_Mueller_MS_TechHub_IMP_THIDDIAXL003_Cas9_PhoX_DIA12_CV486075_250ng_FAIMS_002,1142441,,,Q99ZW2,,,false,Q99ZW2,Q99ZW2,,false,GKSDNVPSEEVVK,KDLIIK,865,1192,2,1,866,1192,,-1,3,0,1.007276,96.814674
Scan: 491872 Run: DIA12_CV486075:20251228_A2_N1_Mueller_MS_TechHub_IMP_THIDDIAXL003_Cas9_PhoX_DIA12_CV486075_250ng_FAIMS_001 P1_GILQTVKVVDELVK P2_FKVLGNTDR 7 2,DIA12_CV486075:20251228_A2_N1_Mueller_MS_TechHub_IMP_THIDDIAXL003_Cas9_PhoX_DIA12_CV486075_250ng_FAIMS_001,491872,,,Q99ZW2,,,false,Q99ZW2,Q99ZW2,,false,FKVLGNTDR,GILQTVKVVDELVK,32,736,2,7,33,742,,-1,4,0,1.007276,96.749775
Scan: 1118183 Run: DIA12_CV486075:20251228_A2_N1_Mueller_MS_TechHub_IMP_THIDDIAXL003_Cas9_PhoX_DIA12_CV486075_250ng_FAIMS_002 P1_KKDWDPK P2_ELGSQILKEHPVENTQLQNEK 1 8,DIA12_CV486075:20251228_A2_N1_Mueller_MS_TechHub_IMP_THIDDIAXL003_Cas9_PhoX_DIA12_CV486075_250ng_FAIMS_002,1118183,,,Q99ZW2,,,false,Q99ZW2,Q99ZW2,,false,ELGSQILKEHPVENTQLQNEK,KKDWDPK,790,1123,8,1,797,1123,,-1,4,0,1.007276,96.728584
Scan: 1768852 Run: DIA12_CV486075:20251228_A2_N1_Mueller_MS_TechHub_IMP_THIDDIAXL003_Cas9_PhoX_DIA12_CV486075_250ng_FAIMS_003 P1_QITKHVAQILDSR P2_DDSIDNKVLTR 4 7,DIA12_CV486075:20251228_A2_N1_Mueller_MS_TechHub_IMP_THIDDIAXL003_Cas9_PhoX_DIA12_CV486075_250ng_FAIMS_003,1768852,,,Q99ZW2,,,false,Q99ZW2,Q99ZW2,,false,DDSIDNKVLTR,QITKHVAQILDSR,849,926,7,4,855,929,,-1,4,0,1.007276,96.688702
Scan: 977377 Run: DIA12_CV486075:20251228_A2_N1_Mueller_MS_TechHub_IMP_THIDDIAXL003_Cas9_PhoX_DIA12_CV486075_250ng_FAIMS_002 P1_LKGSPEDNEQK P2_KPAFLSGEQK 2 1,DIA12_CV486075:20251228_A2_N1_Mueller_MS_TechHub_IMP_THIDDIAXL003_Cas9_PhoX_DIA12_CV486075_250ng_FAIMS_002,977377,,,Q99ZW2,,,false,Q99ZW2,Q99ZW2,,false,KPAFLSGEQK,LKGSPEDNEQK,536,1245,1,2,536,1246,,-1,3,0,1.007276,96.648716
Scan: 781386 Run: DIA12_CV486075:20251228_A2_N1_Mueller_MS_TechHub_IMP_THIDDIAXL003_Cas9_PhoX_DIA12_CV486075_250ng_FAIMS_002 P1_VILADANLDKVLSAYNK P2_KAIVDLLFK 10 1,DIA12_CV486075:20251228_A2_N1_Mueller_MS_TechHub_IMP_THIDDIAXL003_Cas9_PhoX_DIA12_CV486075_250ng_FAIMS_002,781386,,,Q99ZW2,,,false,Q99ZW2,Q99ZW2,,false,KAIVDLLFK,VILADANLDKVLSAYNK,546,1280,1,10,546,1289,,-1,4,0,1.007276,96.648331
Scan: 439100 Run: DIA12_CV486075:20251228_A2_N1_Mueller_MS_TechHub_IMP_THIDDIAXL003_Cas9_PhoX_DIA12_CV486075_250ng_FAIMS_001 P1_QSGKTILDFLK P2_KDLIIK 4 1,DIA12_CV486075:20251228_A2_N1_Mueller_MS_TechHub_IMP_THIDDIAXL003_Cas9_PhoX_DIA12_CV486075_250ng_FAIMS_001,439100,,,Q99ZW2,,,false,Q99ZW2,Q99ZW2,,false,KDLIIK,QSGKTILDFLK,1192,674,1,4,1192,677,,-1,4,0,1.007276,96.609375
Scan: 560247 Run: DIA12_CV486075:20251228_A2_N1_Mueller_MS_TechHub_IMP_THIDDIAXL003_Cas9_PhoX_DIA12_CV486075_250ng_FAIMS_001 P1_QLLNAKLITQR P2_ENQTTQKGQK 6 7,DIA12_CV486075:20251228_A2_N1_Mueller_MS_TechHub_IMP_THIDDIAXL003_Cas9_PhoX_DIA12_CV486075_250ng_FAIMS_001,560247,,,Q99ZW2,,,false,Q99ZW2,Q99ZW2,,false,ENQTTQKGQK,QLLNAKLITQR,766,885,7,6,772,890,,-1,3,0,1.007276,96.586277
Scan: 769664 Run: DIA12_CV486075:20251228_A2_N1_Mueller_MS_TechHub_IMP_THIDDIAXL003_Cas9_PhoX_DIA12_CV486075_250ng_FAIMS_002 P1_VLSAYNKHR P2_GSPEDNEQKQLFVEQHK 7 9,DIA12_CV486075:20251228_A2_N1_Mueller_MS_TechHub_IMP_THIDDIAXL003_Cas9_PhoX_DIA12_CV486075_250ng_FAIMS_002,769664,,,Q99ZW2,,,false,Q99ZW2,Q99ZW2,,false,GSPEDNEQKQLFVEQHK,VLSAYNKHR,1247,1290,9,7,1255,1296,,-1,4,0,1.007276,96.548313
Scan: 1610885 Run: DIA12_CV486075:20251228_A2_N1_Mueller_MS_TechHub_IMP_THIDDIAXL003_Cas9_PhoX_DIA12_CV486075_250ng_FAIMS_003 P1_VTVKQLK P2_KIECFDSVEISGVEDR 4 1,DIA12_CV486075:20251228_A2_N1_Mueller_MS_TechHub_IMP_THIDDIAXL003_Cas9_PhoX_DIA12_CV486075_250ng_FAIMS_003,1610885,,,Q99ZW2,,,false,Q99ZW2,Q99ZW2,,false,KIECFDSVEISGVEDR,VTVKQLK,571,559,1,4,571,562,,-1,3,0,1.007276,96.539566
Scan: 415584 Run: DIA12_CV486075:20251228_A2_N1_Mueller_MS_TechHub_IMP_THIDDIAXL003_Cas9_PhoX_DIA12_CV486075_250ng_FAIMS_001 P1_KPAFLSGEQK P2_KIECFDSVEISGVEDR 1 1,DIA12_CV486075:20251228_A2_N1_Mueller_MS_TechHub_IMP_THIDDIAXL003_Cas9_PhoX_DIA12_CV486075_250ng_FAIMS_001,415584,,,Q99ZW2,,,false,Q99ZW2,Q99ZW2,,false,KIECFDSVEISGVEDR,KPAFLSGEQK,571,536,1,1,571,536,,-1,3,0,1.007276,96.533985
Scan: 1634728 Run: DIA12_CV486075:20251228_A2_N1_Mueller_MS_TechHub_IMP_THIDDIAXL003_Cas9_PhoX_DIA12_CV486075_250ng_FAIMS_003 P1_QSGKTILDFLK P2_QLKEDYFK 4 3,DIA12_CV486075:20251228_A2_N1_Mueller_MS_TechHub_IMP_THIDDIAXL003_Cas9_PhoX_DIA12_CV486075_250ng_FAIMS_003,1634728,,,Q99ZW2,,,false,Q99ZW2,Q99ZW2,,false,QLKEDYFK,QSGKTILDFLK,563,674,3,4,565,677,,-1,3,0,1.007276,96.507828
Scan: 1754048 Run: DIA12_CV486075:20251228_A2_N1_Mueller_MS_TechHub_IMP_THIDDIAXL003_Cas9_PhoX_DIA12_CV486075_250ng_FAIMS_003 P1_SSFEKNPIDFLEAK P2_QLLNAKLITQR 5 6,DIA12_CV486075:20251228_A2_N1_Mueller_MS_TechHub_IMP_THIDDIAXL003_Cas9_PhoX_DIA12_CV486075_250ng_FAIMS_003,1754048,,,Q99ZW2,,,false,Q99ZW2,Q99ZW2,,false,QLLNAKLITQR,SSFEKNPIDFLEAK,885,1172,6,5,890,1176,,-1,4,0,1.007276,96.48595
Scan: 1743073 Run: DIA12_CV486075:20251228_A2_N1_Mueller_MS_TechHub_IMP_THIDDIAXL003_Cas9_PhoX_DIA12_CV486075_250ng_FAIMS_003 P1_GKSDNVPSEEVVK P2_EHPVENTQLQNEKLYLYYLQNGR 2 13,DIA12_CV486075:20251228_A2_N1_Mueller_MS_TechHub_IMP_THIDDIAXL003_Cas9_PhoX_DIA12_CV486075_250ng_FAIMS_003,1743073,,,Q99ZW2,,,false,Q99ZW2,Q99ZW2,,false,EHPVENTQLQNEKLYLYYLQNGR,GKSDNVPSEEVVK,798,865,13,2,810,866,,-1,4,0,1.007276,96.481457
Scan: 163146 Run: DIA12_CV486075:20251228_A2_N1_Mueller_MS_TechHub_IMP_THIDDIAXL003_Cas9_PhoX_DIA12_CV486075_250ng_FAIMS_001 P1_LKGSPEDNEQK P2_DKQSGK 2 2,DIA12_CV486075:20251228_A2_N1_Mueller_MS_TechHub_IMP_THIDDIAXL003_Cas9_PhoX_DIA12_CV486075_250ng_FAIMS_001,163146,,,Q99ZW2,,,false,Q99ZW2,Q99ZW2,,false,DKQSGK,LKGSPEDNEQK,672,1245,2,2,673,1246,,-1,3,0,1.007276,96.469013
Scan: 632997 Run: DIA12_CV486075:20251228_A2_N1_Mueller_MS_TechHub_IMP_THIDDIAXL003_Cas9_PhoX_DIA12_CV486075_250ng_FAIMS_002 P1_SEQEIGKATAK P2_KTEVQTGGFSK 7 1,DIA12_CV486075:20251228_A2_N1_Mueller_MS_TechHub_IMP_THIDDIAXL003_Cas9_PhoX_DIA12_CV486075_250ng_FAIMS_002,632997,,,Q99ZW2,,,false,Q99ZW2,Q99ZW2,,false,KTEVQTGGFSK,SEQEIGKATAK,1097,1025,1,7,1097,1031,,-1,3,0,1.007276,96.450951
Scan: 1497989 Run: DIA12_CV486075:20251228_A2_N1_Mueller_MS_TechHub_IMP_THIDDIAXL003_Cas9_PhoX_DIA12_CV486075_250ng_FAIMS_003 P1_KSEETITPWNFEEVVDK P2_DLIIKLPK 1 5,DIA12_CV486075:20251228_A2_N1_Mueller_MS_TechHub_IMP_THIDDIAXL003_Cas9_PhoX_DIA12_CV486075_250ng_FAIMS_003,1497989,,,Q99ZW2,,,false,Q99ZW2,Q99ZW2,,false,DLIIKLPK,KSEETITPWNFEEVVDK,1193,468,5,1,1197,468,,-1,3,0,1.007276,96.361904
Scan: 1599362 Run: DIA12_CV486075:20251228_A2_N1_Mueller_MS_TechHub_IMP_THIDDIAXL003_Cas9_PhoX_DIA12_CV486075_250ng_FAIMS_003 P1_KAIVDLLFK P2_DLIIKLPK 1 5,DIA12_CV486075:20251228_A2_N1_Mueller_MS_TechHub_IMP_THIDDIAXL003_Cas9_PhoX_DIA12_CV486075_250ng_FAIMS_003,1599362,,,Q99ZW2,,,false,Q99ZW2,Q99ZW2,,false,DLIIKLPK,KAIVDLLFK,1193,546,5,1,1197,546,,-1,3,0,1.007276,96.344013
Scan: 537003 Run: DIA12_CV486075:20251228_A2_N1_Mueller_MS_TechHub_IMP_THIDDIAXL003_Cas9_PhoX_DIA12_CV486075_250ng_FAIMS_001 P1_KGILQTVK P2_EHPVENTQLQNEKLYLYYLQNGR 1 13,DIA12_CV486075:20251228_A2_N1_Mueller_MS_TechHub_IMP_THIDDIAXL003_Cas9_PhoX_DIA12_CV486075_250ng_FAIMS_001,537003,,,Q99ZW2,,,false,Q99ZW2,Q99ZW2,,false,EHPVENTQLQNEKLYLYYLQNGR,KGILQTVK,798,735,13,1,810,735,,-1,4,0,1.007276,96.299099
Scan: 1158226 Run: DIA12_CV486075:20251228_A2_N1_Mueller_MS_TechHub_IMP_THIDDIAXL003_Cas9_PhoX_DIA12_CV486075_250ng_FAIMS_002 P1_QLLNAKLITQR P2_KDFQFYK 6 1,DIA12_CV486075:20251228_A2_N1_Mueller_MS_TechHub_IMP_THIDDIAXL003_Cas9_PhoX_DIA12_CV486075_250ng_FAIMS_002,1158226,,,Q99ZW2,,,false,Q99ZW2,Q99ZW2,,false,KDFQFYK,QLLNAKLITQR,968,885,1,6,968,890,,-1,4,0,1.007276,96.291885
Scan: 709505 Run: DIA12_CV486075:20251228_A2_N1_Mueller_MS_TechHub_IMP_THIDDIAXL003_Cas9_PhoX_DIA12_CV486075_250ng_FAIMS_002 P1_SSFEKNPIDFLEAK P2_KKDWDPK 5 1,DIA12_CV486075:20251228_A2_N1_Mueller_MS_TechHub_IMP_THIDDIAXL003_Cas9_PhoX_DIA12_CV486075_250ng_FAIMS_002,709505,,,Q99ZW2,,,false,Q99ZW2,Q99ZW2,,false,KKDWDPK,SSFEKNPIDFLEAK,1123,1172,1,5,1123,1176,,-1,3,0,1.007276,96.288742
Scan: 1028527 Run: DIA12_CV486075:20251228_A2_N1_Mueller_MS_TechHub_IMP_THIDDIAXL003_Cas9_PhoX_DIA12_CV486075_250ng_FAIMS_002 P1_QSGKTILDFLK P2_KLINGIR 4 1,DIA12_CV486075:20251228_A2_N1_Mueller_MS_TechHub_IMP_THIDDIAXL003_Cas9_PhoX_DIA12_CV486075_250ng_FAIMS_002,1028527,,,Q99ZW2,,,false,Q99ZW2,Q99ZW2,,false,KLINGIR,QSGKTILDFLK,665,674,1,4,665,677,,-1,3,0,1.007276,96.283428
Scan: 14746 Run: DIA12_CV486075:20251228_A2_N1_Mueller_MS_TechHub_IMP_THIDDIAXL003_Cas9_PhoX_DIA12_CV486075_250ng_FAIMS_001 P1_SEQEIGKATAK P2_NSDKLIAR 7 4,DIA12_CV486075:20251228_A2_N1_Mueller_MS_TechHub_IMP_THIDDIAXL003_Cas9_PhoX_DIA12_CV486075_250ng_FAIMS_001,14746,,,Q99ZW2,,,false,Q99ZW2,Q99ZW2,,false,NSDKLIAR,SEQEIGKATAK,1115,1025,4,7,1118,1031,,-1,3,0,1.007276,96.235374
Scan: 428000 Run: DIA12_CV486075:20251228_A2_N1_Mueller_MS_TechHub_IMP_THIDDIAXL003_Cas9_PhoX_DIA12_CV486075_250ng_FAIMS_001 P1_KLINGIR P2_ESILPKR 1 6,DIA12_CV486075:20251228_A2_N1_Mueller_MS_TechHub_IMP_THIDDIAXL003_Cas9_PhoX_DIA12_CV486075_250ng_FAIMS_001,428000,,,Q99ZW2,,,false,Q99ZW2,Q99ZW2,,false,ESILPKR,KLINGIR,1108,665,6,1,1113,665,,-1,3,0,1.007276,96.234497
Scan: 510464 Run: DIA12_CV486075:20251228_A2_N1_Mueller_MS_TechHub_IMP_THIDDIAXL003_Cas9_PhoX_DIA12_CV486075_250ng_FAIMS_001 P1_GQKNSR P2_ENQTTQKGQK 3 7,DIA12_CV486075:20251228_A2_N1_Mueller_MS_TechHub_IMP_THIDDIAXL003_Cas9_PhoX_DIA12_CV486075_250ng_FAIMS_001,510464,,,Q99ZW2,,,false,Q99ZW2,Q99ZW2,,false,ENQTTQKGQK,GQKNSR,766,773,7,3,772,775,,-1,3,0,1.007276,96.222252
Scan: 676845 Run: DIA12_CV486075:20251228_A2_N1_Mueller_MS_TechHub_IMP_THIDDIAXL003_Cas9_PhoX_DIA12_CV486075_250ng_FAIMS_002 P1_KLINGIR P2_ESILPKR 1 6,DIA12_CV486075:20251228_A2_N1_Mueller_MS_TechHub_IMP_THIDDIAXL003_Cas9_PhoX_DIA12_CV486075_250ng_FAIMS_002,676845,,,Q99ZW2,,,false,Q99ZW2,Q99ZW2,,false,ESILPKR,KLINGIR,1108,665,6,1,1113,665,,-1,4,0,1.007276,96.215439
Scan: 853421 Run: DIA12_CV486075:20251228_A2_N1_Mueller_MS_TechHub_IMP_THIDDIAXL003_Cas9_PhoX_DIA12_CV486075_250ng_FAIMS_002 P1_YKEIFFDQSK P2_DKPIR 2 2,DIA12_CV486075:20251228_A2_N1_Mueller_MS_TechHub_IMP_THIDDIAXL003_Cas9_PhoX_DIA12_CV486075_250ng_FAIMS_002,853421,,,Q99ZW2,,,false,Q99ZW2,Q99ZW2,,false,DKPIR,YKEIFFDQSK,1299,347,2,2,1300,348,,-1,3,0,1.007276,96.15453
Scan: 1010757 Run: DIA12_CV486075:20251228_A2_N1_Mueller_MS_TechHub_IMP_THIDDIAXL003_Cas9_PhoX_DIA12_CV486075_250ng_FAIMS_002 P1_QLKEDYFK P2_KGILQTVK 3 1,DIA12_CV486075:20251228_A2_N1_Mueller_MS_TechHub_IMP_THIDDIAXL003_Cas9_PhoX_DIA12_CV486075_250ng_FAIMS_002,1010757,,,Q99ZW2,,,false,Q99ZW2,Q99ZW2,,false,KGILQTVK,QLKEDYFK,735,563,1,3,735,565,,-1,3,0,1.007276,96.151714
Scan: 1338856 Run: DIA12_CV486075:20251228_A2_N1_Mueller_MS_TechHub_IMP_THIDDIAXL003_Cas9_PhoX_DIA12_CV486075_250ng_FAIMS_003 P1_LPKYSLFELENGR P2_KYGGFDSPTVAYSVLVVAK 3 1,DIA12_CV486075:20251228_A2_N1_Mueller_MS_TechHub_IMP_THIDDIAXL003_Cas9_PhoX_DIA12_CV486075_250ng_FAIMS_003,1338856,,,Q99ZW2,,,false,Q99ZW2,Q99ZW2,,false,KYGGFDSPTVAYSVLVVAK,LPKYSLFELENGR,1130,1198,1,3,1130,1200,,-1,4,0,1.007276,96.113274
Scan: 1157901 Run: DIA12_CV486075:20251228_A2_N1_Mueller_MS_TechHub_IMP_THIDDIAXL003_Cas9_PhoX_DIA12_CV486075_250ng_FAIMS_002 P1_QLLNAKLITQR P2_KFDNLTK 6 1,DIA12_CV486075:20251228_A2_N1_Mueller_MS_TechHub_IMP_THIDDIAXL003_Cas9_PhoX_DIA12_CV486075_250ng_FAIMS_002,1157901,,,Q99ZW2,,,false,Q99ZW2,Q99ZW2,,false,KFDNLTK,QLLNAKLITQR,896,885,1,6,896,890,,-1,3,0,1.007276,96.095638
Scan: 780 Run: DIA12_CV486075:20251228_A2_N1_Mueller_MS_TechHub_IMP_THIDDIAXL003_Cas9_PhoX_DIA12_CV486075_250ng_FAIMS_001 P1_YPKLESEFVYGDYK P2_KRPLIETNGETGEIVWDK 3 1,DIA12_CV486075:20251228_A2_N1_Mueller_MS_TechHub_IMP_THIDDIAXL003_Cas9_PhoX_DIA12_CV486075_250ng_FAIMS_001,780,,,Q99ZW2,,,false,Q99ZW2,Q99ZW2,,false,KRPLIETNGETGEIVWDK,YPKLESEFVYGDYK,1059,1001,1,3,1059,1003,,-1,4,0,1.007276,96.091873
Scan: 380625 Run: DIA12_CV486075:20251228_A2_N1_Mueller_MS_TechHub_IMP_THIDDIAXL003_Cas9_PhoX_DIA12_CV486075_250ng_FAIMS_001 P1_LVDSTDKADLR P2_KPAFLSGEQK 7 1,DIA12_CV486075:20251228_A2_N1_Mueller_MS_TechHub_IMP_THIDDIAXL003_Cas9_PhoX_DIA12_CV486075_250ng_FAIMS_001,380625,,,Q99ZW2,,,false,Q99ZW2,Q99ZW2,,false,KPAFLSGEQK,LVDSTDKADLR,536,142,1,7,536,148,,-1,3,0,1.007276,96.085304
Scan: 242786 Run: DIA12_CV486075:20251228_A2_N1_Mueller_MS_TechHub_IMP_THIDDIAXL003_Cas9_PhoX_DIA12_CV486075_250ng_FAIMS_001 P1_YKEIFFDQSK P2_FKVLGNTDR 2 2,DIA12_CV486075:20251228_A2_N1_Mueller_MS_TechHub_IMP_THIDDIAXL003_Cas9_PhoX_DIA12_CV486075_250ng_FAIMS_001,242786,,,Q99ZW2,,,false,Q99ZW2,Q99ZW2,,false,FKVLGNTDR,YKEIFFDQSK,32,347,2,2,33,348,,-1,3,0,1.007276,96.075096
Scan: 412470 Run: DIA12_CV486075:20251228_A2_N1_Mueller_MS_TechHub_IMP_THIDDIAXL003_Cas9_PhoX_DIA12_CV486075_250ng_FAIMS_001 P1_KVTVKQLK P2_KIECFDSVEISGVEDR 5 1,DIA12_CV486075:20251228_A2_N1_Mueller_MS_TechHub_IMP_THIDDIAXL003_Cas9_PhoX_DIA12_CV486075_250ng_FAIMS_001,412470,,,Q99ZW2,,,false,Q99ZW2,Q99ZW2,,false,KIECFDSVEISGVEDR,KVTVKQLK,571,558,1,5,571,562,,-1,4,0,1.007276,95.991623
Scan: 1440559 Run: DIA12_CV486075:20251228_A2_N1_Mueller_MS_TechHub_IMP_THIDDIAXL003_Cas9_PhoX_DIA12_CV486075_250ng_FAIMS_003 P1_QLLNAKLITQR P2_FKVLGNTDR 6 2,DIA12_CV486075:20251228_A2_N1_Mueller_MS_TechHub_IMP_THIDDIAXL003_Cas9_PhoX_DIA12_CV486075_250ng_FAIMS_003,1440559,,,Q99ZW2,,,false,Q99ZW2,Q99ZW2,,false,FKVLGNTDR,QLLNAKLITQR,32,885,2,6,33,890,,-1,4,0,1.007276,95.915154
Scan: 1158628 Run: DIA12_CV486075:20251228_A2_N1_Mueller_MS_TechHub_IMP_THIDDIAXL003_Cas9_PhoX_DIA12_CV486075_250ng_FAIMS_002 P1_QSGKTILDFLK P2_KFDNLTK 4 1,DIA12_CV486075:20251228_A2_N1_Mueller_MS_TechHub_IMP_THIDDIAXL003_Cas9_PhoX_DIA12_CV486075_250ng_FAIMS_002,1158628,,,Q99ZW2,,,false,Q99ZW2,Q99ZW2,,false,KFDNLTK,QSGKTILDFLK,896,674,1,4,896,677,,-1,3,0,1.007276,95.86755
Scan: 1284944 Run: DIA12_CV486075:20251228_A2_N1_Mueller_MS_TechHub_IMP_THIDDIAXL003_Cas9_PhoX_DIA12_CV486075_250ng_FAIMS_003 P1_QLKEDYFK P2_NSDKLIAR 3 4,DIA12_CV486075:20251228_A2_N1_Mueller_MS_TechHub_IMP_THIDDIAXL003_Cas9_PhoX_DIA12_CV486075_250ng_FAIMS_003,1284944,,,Q99ZW2,,,false,Q99ZW2,Q99ZW2,,false,NSDKLIAR,QLKEDYFK,1115,563,4,3,1118,565,,-1,3,0,1.007276,95.835205
Scan: 1257870 Run: DIA12_CV486075:20251228_A2_N1_Mueller_MS_TechHub_IMP_THIDDIAXL003_Cas9_PhoX_DIA12_CV486075_250ng_FAIMS_003 P1_NSDKLIAR P2_KTEVQTGGFSKESILPK 4 11,DIA12_CV486075:20251228_A2_N1_Mueller_MS_TechHub_IMP_THIDDIAXL003_Cas9_PhoX_DIA12_CV486075_250ng_FAIMS_003,1257870,,,Q99ZW2,,,false,Q99ZW2,Q99ZW2,,false,KTEVQTGGFSKESILPK,NSDKLIAR,1097,1115,11,4,1107,1118,,-1,4,0,1.007276,95.819817
Scan: 1231524 Run: DIA12_CV486075:20251228_A2_N1_Mueller_MS_TechHub_IMP_THIDDIAXL003_Cas9_PhoX_DIA12_CV486075_250ng_FAIMS_003 P1_SSFEKNPIDFLEAK P2_KTEVQTGGFSK 5 1,DIA12_CV486075:20251228_A2_N1_Mueller_MS_TechHub_IMP_THIDDIAXL003_Cas9_PhoX_DIA12_CV486075_250ng_FAIMS_003,1231524,,,Q99ZW2,,,false,Q99ZW2,Q99ZW2,,false,KTEVQTGGFSK,SSFEKNPIDFLEAK,1097,1172,1,5,1097,1176,,-1,4,0,1.007276,95.767334
Scan: 1334855 Run: DIA12_CV486075:20251228_A2_N1_Mueller_MS_TechHub_IMP_THIDDIAXL003_Cas9_PhoX_DIA12_CV486075_250ng_FAIMS_003 P1_KTEVQTGGFSKESILPK P2_KDLIIKLPK 1 6,DIA12_CV486075:20251228_A2_N1_Mueller_MS_TechHub_IMP_THIDDIAXL003_Cas9_PhoX_DIA12_CV486075_250ng_FAIMS_003,1334855,,,Q99ZW2,,,false,Q99ZW2,Q99ZW2,,false,KDLIIKLPK,KTEVQTGGFSKESILPK,1192,1097,6,1,1197,1097,,-1,4,0,1.007276,95.745777
Scan: 1638409 Run: DIA12_CV486075:20251228_A2_N1_Mueller_MS_TechHub_IMP_THIDDIAXL003_Cas9_PhoX_DIA12_CV486075_250ng_FAIMS_003 P1_VILADANLDKVLSAYNK P2_TILDFLKSDGFANR 10 7,DIA12_CV486075:20251228_A2_N1_Mueller_MS_TechHub_IMP_THIDDIAXL003_Cas9_PhoX_DIA12_CV486075_250ng_FAIMS_003,1638409,,,Q99ZW2,,,false,Q99ZW2,Q99ZW2,,false,TILDFLKSDGFANR,VILADANLDKVLSAYNK,678,1280,7,10,684,1289,,-1,4,0,1.007276,95.724102
Scan: 1449642 Run: DIA12_CV486075:20251228_A2_N1_Mueller_MS_TechHub_IMP_THIDDIAXL003_Cas9_PhoX_DIA12_CV486075_250ng_FAIMS_003 P1_YKEIFFDQSK P2_KKDWDPK 2 1,DIA12_CV486075:20251228_A2_N1_Mueller_MS_TechHub_IMP_THIDDIAXL003_Cas9_PhoX_DIA12_CV486075_250ng_FAIMS_003,1449642,,,Q99ZW2,,,false,Q99ZW2,Q99ZW2,,false,KKDWDPK,YKEIFFDQSK,1123,347,1,2,1123,348,,-1,3,0,1.007276,95.628494
Scan: 7794 Run: DIA12_CV486075:20251228_A2_N1_Mueller_MS_TechHub_IMP_THIDDIAXL003_Cas9_PhoX_DIA12_CV486075_250ng_FAIMS_001 P1_LESEFVYGDYKVYDVR P2_AGFIKR 11 5,DIA12_CV486075:20251228_A2_N1_Mueller_MS_TechHub_IMP_THIDDIAXL003_Cas9_PhoX_DIA12_CV486075_250ng_FAIMS_001,7794,,,Q99ZW2,,,false,Q99ZW2,Q99ZW2,,false,AGFIKR,LESEFVYGDYKVYDVR,914,1004,5,11,918,1014,,-1,4,0,1.007276,95.614365
Scan: 1690189 Run: DIA12_CV486075:20251228_A2_N1_Mueller_MS_TechHub_IMP_THIDDIAXL003_Cas9_PhoX_DIA12_CV486075_250ng_FAIMS_003 P1_GILQTVKVVDELVK P2_DKQSGK 7 2,DIA12_CV486075:20251228_A2_N1_Mueller_MS_TechHub_IMP_THIDDIAXL003_Cas9_PhoX_DIA12_CV486075_250ng_FAIMS_003,1690189,,,Q99ZW2,,,false,Q99ZW2,Q99ZW2,,false,DKQSGK,GILQTVKVVDELVK,672,736,2,7,673,742,,-1,4,0,1.007276,95.606525
Scan: 703614 Run: DIA12_CV486075:20251228_A2_N1_Mueller_MS_TechHub_IMP_THIDDIAXL003_Cas9_PhoX_DIA12_CV486075_250ng_FAIMS_002 P1_KYGGFDSPTVAYSVLVVAK P2_DKQSGK 1 2,DIA12_CV486075:20251228_A2_N1_Mueller_MS_TechHub_IMP_THIDDIAXL003_Cas9_PhoX_DIA12_CV486075_250ng_FAIMS_002,703614,,,Q99ZW2,,,false,Q99ZW2,Q99ZW2,,false,DKQSGK,KYGGFDSPTVAYSVLVVAK,672,1130,2,1,673,1130,,-1,3,0,1.007276,95.586369
Scan: 300175 Run: DIA12_CV486075:20251228_A2_N1_Mueller_MS_TechHub_IMP_THIDDIAXL003_Cas9_PhoX_DIA12_CV486075_250ng_FAIMS_001 P1_KTEVQTGGFSKESILPK P2_KSEETITPWNFEEVVDK 11 1,DIA12_CV486075:20251228_A2_N1_Mueller_MS_TechHub_IMP_THIDDIAXL003_Cas9_PhoX_DIA12_CV486075_250ng_FAIMS_001,300175,,,Q99ZW2,,,false,Q99ZW2,Q99ZW2,,false,KSEETITPWNFEEVVDK,KTEVQTGGFSKESILPK,468,1097,1,11,468,1107,,-1,4,0,1.007276,95.553459
Scan: 430500 Run: DIA12_CV486075:20251228_A2_N1_Mueller_MS_TechHub_IMP_THIDDIAXL003_Cas9_PhoX_DIA12_CV486075_250ng_FAIMS_001 P1_VTVKQLK P2_KLINGIR 4 1,DIA12_CV486075:20251228_A2_N1_Mueller_MS_TechHub_IMP_THIDDIAXL003_Cas9_PhoX_DIA12_CV486075_250ng_FAIMS_001,430500,,,Q99ZW2,,,false,Q99ZW2,Q99ZW2,,false,KLINGIR,VTVKQLK,665,559,1,4,665,562,,-1,3,0,1.007276,95.52655
Scan: 38011 Run: DIA12_CV486075:20251228_A2_N1_Mueller_MS_TechHub_IMP_THIDDIAXL003_Cas9_PhoX_DIA12_CV486075_250ng_FAIMS_001 P1_KTEVQTGGFSK P2_KLVDSTDK 1 1,DIA12_CV486075:20251228_A2_N1_Mueller_MS_TechHub_IMP_THIDDIAXL003_Cas9_PhoX_DIA12_CV486075_250ng_FAIMS_001,38011,,,Q99ZW2,,,false,Q99ZW2,Q99ZW2,,false,KLVDSTDK,KTEVQTGGFSK,141,1097,1,1,141,1097,,-1,3,0,1.007276,95.442074
Scan: 1307230 Run: DIA12_CV486075:20251228_A2_N1_Mueller_MS_TechHub_IMP_THIDDIAXL003_Cas9_PhoX_DIA12_CV486075_250ng_FAIMS_003 P1_SSFEKNPIDFLEAK P2_KDWDPK 5 1,DIA12_CV486075:20251228_A2_N1_Mueller_MS_TechHub_IMP_THIDDIAXL003_Cas9_PhoX_DIA12_CV486075_250ng_FAIMS_003,1307230,,,Q99ZW2,,,false,Q99ZW2,Q99ZW2,,false,KDWDPK,SSFEKNPIDFLEAK,1124,1172,1,5,1124,1176,,-1,4,0,1.007276,95.419132
Scan: 437519 Run: DIA12_CV486075:20251228_A2_N1_Mueller_MS_TechHub_IMP_THIDDIAXL003_Cas9_PhoX_DIA12_CV486075_250ng_FAIMS_001 P1_DKQSGK P2_DKPIR 2 2,DIA12_CV486075:20251228_A2_N1_Mueller_MS_TechHub_IMP_THIDDIAXL003_Cas9_PhoX_DIA12_CV486075_250ng_FAIMS_001,437519,,,Q99ZW2,,,false,Q99ZW2,Q99ZW2,,false,DKPIR,DKQSGK,1299,672,2,2,1300,673,,-1,3,0,1.007276,95.411411
Scan: 1108274 Run: DIA12_CV486075:20251228_A2_N1_Mueller_MS_TechHub_IMP_THIDDIAXL003_Cas9_PhoX_DIA12_CV486075_250ng_FAIMS_002 P1_SKLVSDFR P2_ENQTTQKGQK 2 7,DIA12_CV486075:20251228_A2_N1_Mueller_MS_TechHub_IMP_THIDDIAXL003_Cas9_PhoX_DIA12_CV486075_250ng_FAIMS_002,1108274,,,Q99ZW2,,,false,Q99ZW2,Q99ZW2,,false,ENQTTQKGQK,SKLVSDFR,766,960,7,2,772,961,,-1,3,0,1.007276,95.353954
Scan: 1436793 Run: DIA12_CV486075:20251228_A2_N1_Mueller_MS_TechHub_IMP_THIDDIAXL003_Cas9_PhoX_DIA12_CV486075_250ng_FAIMS_003 P1_SSFEKNPIDFLEAK P2_FKVLGNTDR 5 2,DIA12_CV486075:20251228_A2_N1_Mueller_MS_TechHub_IMP_THIDDIAXL003_Cas9_PhoX_DIA12_CV486075_250ng_FAIMS_003,1436793,,,Q99ZW2,,,false,Q99ZW2,Q99ZW2,,false,FKVLGNTDR,SSFEKNPIDFLEAK,32,1172,2,5,33,1176,,-1,3,0,1.007276,95.315971
Scan: 897497 Run: DIA12_CV486075:20251228_A2_N1_Mueller_MS_TechHub_IMP_THIDDIAXL003_Cas9_PhoX_DIA12_CV486075_250ng_FAIMS_002 P1_TEVQTGGFSKESILPK P2_KSEETITPWNFEEVVDK 10 1,DIA12_CV486075:20251228_A2_N1_Mueller_MS_TechHub_IMP_THIDDIAXL003_Cas9_PhoX_DIA12_CV486075_250ng_FAIMS_002,897497,,,Q99ZW2,,,false,Q99ZW2,Q99ZW2,,false,KSEETITPWNFEEVVDK,TEVQTGGFSKESILPK,468,1098,1,10,468,1107,,-1,4,0,1.007276,95.314327
Scan: 911011 Run: DIA12_CV486075:20251228_A2_N1_Mueller_MS_TechHub_IMP_THIDDIAXL003_Cas9_PhoX_DIA12_CV486075_250ng_FAIMS_002 P1_KSEETITPWNFEEVVDK P2_GQKNSR 1 3,DIA12_CV486075:20251228_A2_N1_Mueller_MS_TechHub_IMP_THIDDIAXL003_Cas9_PhoX_DIA12_CV486075_250ng_FAIMS_002,911011,,,Q99ZW2,,,false,Q99ZW2,Q99ZW2,,false,GQKNSR,KSEETITPWNFEEVVDK,773,468,3,1,775,468,,-1,3,0,1.007276,95.298683
Scan: 855826 Run: DIA12_CV486075:20251228_A2_N1_Mueller_MS_TechHub_IMP_THIDDIAXL003_Cas9_PhoX_DIA12_CV486075_250ng_FAIMS_002 P1_YKEIFFDQSK P2_QEDFYPFLKDNR 2 9,DIA12_CV486075:20251228_A2_N1_Mueller_MS_TechHub_IMP_THIDDIAXL003_Cas9_PhoX_DIA12_CV486075_250ng_FAIMS_002,855826,,,Q99ZW2,,,false,Q99ZW2,Q99ZW2,,false,QEDFYPFLKDNR,YKEIFFDQSK,426,347,9,2,434,348,,-1,4,0,1.007276,95.261421
Scan: 1599941 Run: DIA12_CV486075:20251228_A2_N1_Mueller_MS_TechHub_IMP_THIDDIAXL003_Cas9_PhoX_DIA12_CV486075_250ng_FAIMS_003 P1_VTVKQLK P2_KAIVDLLFK 4 1,DIA12_CV486075:20251228_A2_N1_Mueller_MS_TechHub_IMP_THIDDIAXL003_Cas9_PhoX_DIA12_CV486075_250ng_FAIMS_003,1599941,,,Q99ZW2,,,false,Q99ZW2,Q99ZW2,,false,KAIVDLLFK,VTVKQLK,546,559,1,4,546,562,,-1,3,0,1.007276,95.212727
Scan: 1509036 Run: DIA12_CV486075:20251228_A2_N1_Mueller_MS_TechHub_IMP_THIDDIAXL003_Cas9_PhoX_DIA12_CV486075_250ng_FAIMS_003 P1_KSEETITPWNFEEVVDK P2_EVKVITLK 1 3,DIA12_CV486075:20251228_A2_N1_Mueller_MS_TechHub_IMP_THIDDIAXL003_Cas9_PhoX_DIA12_CV486075_250ng_FAIMS_003,1509036,,,Q99ZW2,,,false,Q99ZW2,Q99ZW2,,false,EVKVITLK,KSEETITPWNFEEVVDK,952,468,3,1,954,468,,-1,4,0,1.007276,95.205383
Scan: 1583442 Run: DIA12_CV486075:20251228_A2_N1_Mueller_MS_TechHub_IMP_THIDDIAXL003_Cas9_PhoX_DIA12_CV486075_250ng_FAIMS_003 P1_KPAFLSGEQK P2_EHPVENTQLQNEKLYLYYLQNGR 1 13,DIA12_CV486075:20251228_A2_N1_Mueller_MS_TechHub_IMP_THIDDIAXL003_Cas9_PhoX_DIA12_CV486075_250ng_FAIMS_003,1583442,,,Q99ZW2,,,false,Q99ZW2,Q99ZW2,,false,EHPVENTQLQNEKLYLYYLQNGR,KPAFLSGEQK,798,536,13,1,810,536,,-1,4,0,1.007276,95.200108
Scan: 546319 Run: DIA12_CV486075:20251228_A2_N1_Mueller_MS_TechHub_IMP_THIDDIAXL003_Cas9_PhoX_DIA12_CV486075_250ng_FAIMS_001 P1_VLPKHSLLYEYFTVYNELTK P2_GKSDNVPSEEVVK 4 2,DIA12_CV486075:20251228_A2_N1_Mueller_MS_TechHub_IMP_THIDDIAXL003_Cas9_PhoX_DIA12_CV486075_250ng_FAIMS_001,546319,,,Q99ZW2,,,false,Q99ZW2,Q99ZW2,,false,GKSDNVPSEEVVK,VLPKHSLLYEYFTVYNELTK,865,507,2,4,866,510,,-1,4,0,1.007276,95.183147
Scan: 94395 Run: DIA12_CV486075:20251228_A2_N1_Mueller_MS_TechHub_IMP_THIDDIAXL003_Cas9_PhoX_DIA12_CV486075_250ng_FAIMS_001 P1_TEVQTGGFSKESILPK P2_KKDWDPK 10 1,DIA12_CV486075:20251228_A2_N1_Mueller_MS_TechHub_IMP_THIDDIAXL003_Cas9_PhoX_DIA12_CV486075_250ng_FAIMS_001,94395,,,Q99ZW2,,,false,Q99ZW2,Q99ZW2,,false,KKDWDPK,TEVQTGGFSKESILPK,1123,1098,1,10,1123,1107,,-1,4,0,1.007276,95.173771
Scan: 665725 Run: DIA12_CV486075:20251228_A2_N1_Mueller_MS_TechHub_IMP_THIDDIAXL003_Cas9_PhoX_DIA12_CV486075_250ng_FAIMS_002 P1_KTEVQTGGFSKESILPK P2_DLIIKLPK 11 5,DIA12_CV486075:20251228_A2_N1_Mueller_MS_TechHub_IMP_THIDDIAXL003_Cas9_PhoX_DIA12_CV486075_250ng_FAIMS_002,665725,,,Q99ZW2,,,false,Q99ZW2,Q99ZW2,,false,DLIIKLPK,KTEVQTGGFSKESILPK,1193,1097,5,11,1197,1107,,-1,4,0,1.007276,95.137966
Scan: 361087 Run: DIA12_CV486075:20251228_A2_N1_Mueller_MS_TechHub_IMP_THIDDIAXL003_Cas9_PhoX_DIA12_CV486075_250ng_FAIMS_001 P1_NLPNEKVLPK P2_KLINGIR 6 1,DIA12_CV486075:20251228_A2_N1_Mueller_MS_TechHub_IMP_THIDDIAXL003_Cas9_PhoX_DIA12_CV486075_250ng_FAIMS_001,361087,,,Q99ZW2,,,false,Q99ZW2,Q99ZW2,,false,KLINGIR,NLPNEKVLPK,665,501,1,6,665,506,,-1,3,0,1.007276,95.137669
Scan: 1454743 Run: DIA12_CV486075:20251228_A2_N1_Mueller_MS_TechHub_IMP_THIDDIAXL003_Cas9_PhoX_DIA12_CV486075_250ng_FAIMS_003 P1_YKEIFFDQSK P2_QLKEDYFK 2 3,DIA12_CV486075:20251228_A2_N1_Mueller_MS_TechHub_IMP_THIDDIAXL003_Cas9_PhoX_DIA12_CV486075_250ng_FAIMS_003,1454743,,,Q99ZW2,,,false,Q99ZW2,Q99ZW2,,false,QLKEDYFK,YKEIFFDQSK,563,347,3,2,565,348,,-1,3,0,1.007276,95.118431
Scan: 8688 Run: DIA12_CV486075:20251228_A2_N1_Mueller_MS_TechHub_IMP_THIDDIAXL003_Cas9_PhoX_DIA12_CV486075_250ng_FAIMS_001 P1_LESEFVYGDYKVYDVR P2_AIMKK 11 4,DIA12_CV486075:20251228_A2_N1_Mueller_MS_TechHub_IMP_THIDDIAXL003_Cas9_PhoX_DIA12_CV486075_250ng_FAIMS_001,8688,,,decoy:Q99ZW2,decoy,decoy,true,Q99ZW2,Q99ZW2,,false,AIMKK,LESEFVYGDYKVYDVR,1020,1004,4,11,1023,1014,,-1,3,0,1.007276,95.101398
Scan: 1599253 Run: DIA12_CV486075:20251228_A2_N1_Mueller_MS_TechHub_IMP_THIDDIAXL003_Cas9_PhoX_DIA12_CV486075_250ng_FAIMS_003 P1_KDLIIK P2_KAIVDLLFK 1 1,DIA12_CV486075:20251228_A2_N1_Mueller_MS_TechHub_IMP_THIDDIAXL003_Cas9_PhoX_DIA12_CV486075_250ng_FAIMS_003,1599253,,,Q99ZW2,,,false,Q99ZW2,Q99ZW2,,false,KAIVDLLFK,KDLIIK,546,1192,1,1,546,1192,,-1,3,0,1.007276,95.077816
Scan: 589011 Run: DIA12_CV486075:20251228_A2_N1_Mueller_MS_TechHub_IMP_THIDDIAXL003_Cas9_PhoX_DIA12_CV486075_250ng_FAIMS_001 P1_SKLVSDFR P2_KLINGIR 2 1,DIA12_CV486075:20251228_A2_N1_Mueller_MS_TechHub_IMP_THIDDIAXL003_Cas9_PhoX_DIA12_CV486075_250ng_FAIMS_001,589011,,,Q99ZW2,,,false,Q99ZW2,Q99ZW2,,false,KLINGIR,SKLVSDFR,665,960,1,2,665,961,,-1,4,0,1.007276,95.020325
Scan: 298197 Run: DIA12_CV486075:20251228_A2_N1_Mueller_MS_TechHub_IMP_THIDDIAXL003_Cas9_PhoX_DIA12_CV486075_250ng_FAIMS_001 P1_KSEETITPWNFEEVVDK P2_KNLIGALLFDSGETAEATR 1 1,DIA12_CV486075:20251228_A2_N1_Mueller_MS_TechHub_IMP_THIDDIAXL003_Cas9_PhoX_DIA12_CV486075_250ng_FAIMS_001,298197,,,Q99ZW2,,,false,Q99ZW2,Q99ZW2,,false,KNLIGALLFDSGETAEATR,KSEETITPWNFEEVVDK,45,468,1,1,45,468,,-1,4,0,1.007276,95.010521
Scan: 760517 Run: DIA12_CV486075:20251228_A2_N1_Mueller_MS_TechHub_IMP_THIDDIAXL003_Cas9_PhoX_DIA12_CV486075_250ng_FAIMS_002 P1_VTVKQLK P2_LKGSPEDNEQK 4 2,DIA12_CV486075:20251228_A2_N1_Mueller_MS_TechHub_IMP_THIDDIAXL003_Cas9_PhoX_DIA12_CV486075_250ng_FAIMS_002,760517,,,Q99ZW2,,,false,Q99ZW2,Q99ZW2,,false,LKGSPEDNEQK,VTVKQLK,1245,559,2,4,1246,562,,-1,3,0,1.007276,95.000092
Scan: 1280664 Run: DIA12_CV486075:20251228_A2_N1_Mueller_MS_TechHub_IMP_THIDDIAXL003_Cas9_PhoX_DIA12_CV486075_250ng_FAIMS_003 P1_NSDKLIAR P2_KDLIIK 4 1,DIA12_CV486075:20251228_A2_N1_Mueller_MS_TechHub_IMP_THIDDIAXL003_Cas9_PhoX_DIA12_CV486075_250ng_FAIMS_003,1280664,,,Q99ZW2,,,false,Q99ZW2,Q99ZW2,,false,KDLIIK,NSDKLIAR,1192,1115,1,4,1192,1118,,-1,4,0,1.007276,94.99371
Scan: 575473 Run: DIA12_CV486075:20251228_A2_N1_Mueller_MS_TechHub_IMP_THIDDIAXL003_Cas9_PhoX_DIA12_CV486075_250ng_FAIMS_001 P1_QITKHVAQILDSR P2_KDFQFYK 4 1,DIA12_CV486075:20251228_A2_N1_Mueller_MS_TechHub_IMP_THIDDIAXL003_Cas9_PhoX_DIA12_CV486075_250ng_FAIMS_001,575473,,,Q99ZW2,,,false,Q99ZW2,Q99ZW2,,false,KDFQFYK,QITKHVAQILDSR,968,926,1,4,968,929,,-1,4,0,1.007276,94.98748
Scan: 620520 Run: DIA12_CV486075:20251228_A2_N1_Mueller_MS_TechHub_IMP_THIDDIAXL003_Cas9_PhoX_DIA12_CV486075_250ng_FAIMS_002 P1_QSGKTILDFLK P2_KRPLIETNGETGEIVWDK 4 1,DIA12_CV486075:20251228_A2_N1_Mueller_MS_TechHub_IMP_THIDDIAXL003_Cas9_PhoX_DIA12_CV486075_250ng_FAIMS_002,620520,,,Q99ZW2,,,false,Q99ZW2,Q99ZW2,,false,KRPLIETNGETGEIVWDK,QSGKTILDFLK,1059,674,1,4,1059,677,,-1,4,0,1.007276,94.984348
Scan: 1191735 Run: DIA12_CV486075:20251228_A2_N1_Mueller_MS_TechHub_IMP_THIDDIAXL003_Cas9_PhoX_DIA12_CV486075_250ng_FAIMS_002 P1_KLINGIR P2_KDFQFYK 1 1,DIA12_CV486075:20251228_A2_N1_Mueller_MS_TechHub_IMP_THIDDIAXL003_Cas9_PhoX_DIA12_CV486075_250ng_FAIMS_002,1191735,,,Q99ZW2,,,false,Q99ZW2,Q99ZW2,,false,KDFQFYK,KLINGIR,968,665,1,1,968,665,,-1,3,0,1.007276,94.983746
Scan: 1741720 Run: DIA12_CV486075:20251228_A2_N1_Mueller_MS_TechHub_IMP_THIDDIAXL003_Cas9_PhoX_DIA12_CV486075_250ng_FAIMS_003 P1_KVTVK P2_GKSDNVPSEEVVK 1 2,DIA12_CV486075:20251228_A2_N1_Mueller_MS_TechHub_IMP_THIDDIAXL003_Cas9_PhoX_DIA12_CV486075_250ng_FAIMS_003,1741720,,,Q99ZW2,,,false,Q99ZW2,Q99ZW2,,false,GKSDNVPSEEVVK,KVTVK,865,558,2,1,866,558,,-1,3,0,1.007276,94.974854
Scan: 1008367 Run: DIA12_CV486075:20251228_A2_N1_Mueller_MS_TechHub_IMP_THIDDIAXL003_Cas9_PhoX_DIA12_CV486075_250ng_FAIMS_002 P1_KVTVK P2_GQKNSR 1 3,DIA12_CV486075:20251228_A2_N1_Mueller_MS_TechHub_IMP_THIDDIAXL003_Cas9_PhoX_DIA12_CV486075_250ng_FAIMS_002,1008367,,,Q99ZW2,,,false,Q99ZW2,Q99ZW2,,false,GQKNSR,KVTVK,773,558,3,1,775,558,,-1,3,0,1.007276,94.901806
Scan: 1113149 Run: DIA12_CV486075:20251228_A2_N1_Mueller_MS_TechHub_IMP_THIDDIAXL003_Cas9_PhoX_DIA12_CV486075_250ng_FAIMS_002 P1_QSGKTILDFLK P2_IEEGIKELGSQILK 4 6,DIA12_CV486075:20251228_A2_N1_Mueller_MS_TechHub_IMP_THIDDIAXL003_Cas9_PhoX_DIA12_CV486075_250ng_FAIMS_002,1113149,,,Q99ZW2,,,false,Q99ZW2,Q99ZW2,,false,IEEGIKELGSQILK,QSGKTILDFLK,784,674,6,4,789,677,,-1,4,0,1.007276,94.896709
Scan: 852818 Run: DIA12_CV486075:20251228_A2_N1_Mueller_MS_TechHub_IMP_THIDDIAXL003_Cas9_PhoX_DIA12_CV486075_250ng_FAIMS_002 P1_YKEIFFDQSK P2_DLIIKLPK 2 5,DIA12_CV486075:20251228_A2_N1_Mueller_MS_TechHub_IMP_THIDDIAXL003_Cas9_PhoX_DIA12_CV486075_250ng_FAIMS_002,852818,,,Q99ZW2,,,false,Q99ZW2,Q99ZW2,,false,DLIIKLPK,YKEIFFDQSK,1193,347,5,2,1197,348,,-1,3,0,1.007276,94.840599
Scan: 117507 Run: DIA12_CV486075:20251228_A2_N1_Mueller_MS_TechHub_IMP_THIDDIAXL003_Cas9_PhoX_DIA12_CV486075_250ng_FAIMS_001 P1_SSFEKNPIDFLEAK P2_NLPNEKVLPK 5 6,DIA12_CV486075:20251228_A2_N1_Mueller_MS_TechHub_IMP_THIDDIAXL003_Cas9_PhoX_DIA12_CV486075_250ng_FAIMS_001,117507,,,Q99ZW2,,,false,Q99ZW2,Q99ZW2,,false,NLPNEKVLPK,SSFEKNPIDFLEAK,501,1172,6,5,506,1176,,-1,4,0,1.007276,94.807865
Scan: 593622 Run: DIA12_CV486075:20251228_A2_N1_Mueller_MS_TechHub_IMP_THIDDIAXL003_Cas9_PhoX_DIA12_CV486075_250ng_FAIMS_001 P1_LKGSPEDNEQK P2_KDFQFYK 2 1,DIA12_CV486075:20251228_A2_N1_Mueller_MS_TechHub_IMP_THIDDIAXL003_Cas9_PhoX_DIA12_CV486075_250ng_FAIMS_001,593622,,,Q99ZW2,,,false,Q99ZW2,Q99ZW2,,false,KDFQFYK,LKGSPEDNEQK,968,1245,1,2,968,1246,,-1,4,0,1.007276,94.78474
Scan: 586444 Run: DIA12_CV486075:20251228_A2_N1_Mueller_MS_TechHub_IMP_THIDDIAXL003_Cas9_PhoX_DIA12_CV486075_250ng_FAIMS_001 P1_YDENDKLIR P2_IEKILTFR 6 3,DIA12_CV486075:20251228_A2_N1_Mueller_MS_TechHub_IMP_THIDDIAXL003_Cas9_PhoX_DIA12_CV486075_250ng_FAIMS_001,586444,,,Q99ZW2,,,false,Q99ZW2,Q99ZW2,,false,IEKILTFR,YDENDKLIR,440,943,3,6,442,948,,-1,3,0,1.007276,94.773235
Scan: 959528 Run: DIA12_CV486075:20251228_A2_N1_Mueller_MS_TechHub_IMP_THIDDIAXL003_Cas9_PhoX_DIA12_CV486075_250ng_FAIMS_002 P1_VLPKHSLLYEYFTVYNELTK P2_KDLIIK 4 1,DIA12_CV486075:20251228_A2_N1_Mueller_MS_TechHub_IMP_THIDDIAXL003_Cas9_PhoX_DIA12_CV486075_250ng_FAIMS_002,959528,,,Q99ZW2,,,false,Q99ZW2,Q99ZW2,,false,KDLIIK,VLPKHSLLYEYFTVYNELTK,1192,507,1,4,1192,510,,-1,3,0,1.007276,94.747139
Scan: 1619340 Run: DIA12_CV486075:20251228_A2_N1_Mueller_MS_TechHub_IMP_THIDDIAXL003_Cas9_PhoX_DIA12_CV486075_250ng_FAIMS_003 P1_LKTYAHLFDDK P2_FKVLGNTDR 2 2,DIA12_CV486075:20251228_A2_N1_Mueller_MS_TechHub_IMP_THIDDIAXL003_Cas9_PhoX_DIA12_CV486075_250ng_FAIMS_003,1619340,,,Q99ZW2,,,false,Q99ZW2,Q99ZW2,,false,FKVLGNTDR,LKTYAHLFDDK,32,636,2,2,33,637,,-1,3,0,1.007276,94.691368
Scan: 1013522 Run: DIA12_CV486075:20251228_A2_N1_Mueller_MS_TechHub_IMP_THIDDIAXL003_Cas9_PhoX_DIA12_CV486075_250ng_FAIMS_002 P1_KVTVKQLK P2_KIECFDSVEISGVEDR 5 1,DIA12_CV486075:20251228_A2_N1_Mueller_MS_TechHub_IMP_THIDDIAXL003_Cas9_PhoX_DIA12_CV486075_250ng_FAIMS_002,1013522,,,Q99ZW2,,,false,Q99ZW2,Q99ZW2,,false,KIECFDSVEISGVEDR,KVTVKQLK,571,558,1,5,571,562,,-1,3,0,1.007276,94.691097
Scan: 1507517 Run: DIA12_CV486075:20251228_A2_N1_Mueller_MS_TechHub_IMP_THIDDIAXL003_Cas9_PhoX_DIA12_CV486075_250ng_FAIMS_003 P1_KSEETITPWNFEEVVDK P2_KGILQTVK 1 1,DIA12_CV486075:20251228_A2_N1_Mueller_MS_TechHub_IMP_THIDDIAXL003_Cas9_PhoX_DIA12_CV486075_250ng_FAIMS_003,1507517,,,Q99ZW2,,,false,Q99ZW2,Q99ZW2,,false,KGILQTVK,KSEETITPWNFEEVVDK,735,468,1,1,735,468,,-1,4,0,1.007276,94.678921
Scan: 1535743 Run: DIA12_CV486075:20251228_A2_N1_Mueller_MS_TechHub_IMP_THIDDIAXL003_Cas9_PhoX_DIA12_CV486075_250ng_FAIMS_003 P1_TEVQTGGFSKESILPK P2_SEETITPWNFEEVVDKGASAQSFIER 10 16,DIA12_CV486075:20251228_A2_N1_Mueller_MS_TechHub_IMP_THIDDIAXL003_Cas9_PhoX_DIA12_CV486075_250ng_FAIMS_003,1535743,,,Q99ZW2,,,false,Q99ZW2,Q99ZW2,,false,SEETITPWNFEEVVDKGASAQSFIER,TEVQTGGFSKESILPK,469,1098,16,10,484,1107,,-1,5,0,1.007276,94.67667
Scan: 438981 Run: DIA12_CV486075:20251228_A2_N1_Mueller_MS_TechHub_IMP_THIDDIAXL003_Cas9_PhoX_DIA12_CV486075_250ng_FAIMS_001 P1_SSFEKNPIDFLEAK P2_QSGKTILDFLK 5 4,DIA12_CV486075:20251228_A2_N1_Mueller_MS_TechHub_IMP_THIDDIAXL003_Cas9_PhoX_DIA12_CV486075_250ng_FAIMS_001,438981,,,Q99ZW2,,,false,Q99ZW2,Q99ZW2,,false,QSGKTILDFLK,SSFEKNPIDFLEAK,674,1172,4,5,677,1176,,-1,3,0,1.007276,94.667103
Scan: 1634592 Run: DIA12_CV486075:20251228_A2_N1_Mueller_MS_TechHub_IMP_THIDDIAXL003_Cas9_PhoX_DIA12_CV486075_250ng_FAIMS_003 P1_QSGKTILDFLK P2_IEKILTFR 4 3,DIA12_CV486075:20251228_A2_N1_Mueller_MS_TechHub_IMP_THIDDIAXL003_Cas9_PhoX_DIA12_CV486075_250ng_FAIMS_003,1634592,,,Q99ZW2,,,false,Q99ZW2,Q99ZW2,,false,IEKILTFR,QSGKTILDFLK,440,674,3,4,442,677,,-1,3,0,1.007276,94.624439
Scan: 1583215 Run: DIA12_CV486075:20251228_A2_N1_Mueller_MS_TechHub_IMP_THIDDIAXL003_Cas9_PhoX_DIA12_CV486075_250ng_FAIMS_003 P1_KPAFLSGEQK P2_IEEGIKELGSQILK 1 6,DIA12_CV486075:20251228_A2_N1_Mueller_MS_TechHub_IMP_THIDDIAXL003_Cas9_PhoX_DIA12_CV486075_250ng_FAIMS_003,1583215,,,Q99ZW2,,,false,Q99ZW2,Q99ZW2,,false,IEEGIKELGSQILK,KPAFLSGEQK,784,536,6,1,789,536,,-1,4,0,1.007276,94.602913
Scan: 977803 Run: DIA12_CV486075:20251228_A2_N1_Mueller_MS_TechHub_IMP_THIDDIAXL003_Cas9_PhoX_DIA12_CV486075_250ng_FAIMS_002 P1_KPAFLSGEQK P2_DKPIR 1 2,DIA12_CV486075:20251228_A2_N1_Mueller_MS_TechHub_IMP_THIDDIAXL003_Cas9_PhoX_DIA12_CV486075_250ng_FAIMS_002,977803,,,Q99ZW2,,,false,Q99ZW2,Q99ZW2,,false,DKPIR,KPAFLSGEQK,1299,536,2,1,1300,536,,-1,3,0,1.007276,94.558918
Scan: 1507469 Run: DIA12_CV486075:20251228_A2_N1_Mueller_MS_TechHub_IMP_THIDDIAXL003_Cas9_PhoX_DIA12_CV486075_250ng_FAIMS_003 P1_KSEETITPWNFEEVVDK P2_KGILQTVK 1 1,DIA12_CV486075:20251228_A2_N1_Mueller_MS_TechHub_IMP_THIDDIAXL003_Cas9_PhoX_DIA12_CV486075_250ng_FAIMS_003,1507469,,,Q99ZW2,,,false,Q99ZW2,Q99ZW2,,false,KGILQTVK,KSEETITPWNFEEVVDK,735,468,1,1,735,468,,-1,3,0,1.007276,94.542782
Scan: 1559066 Run: DIA12_CV486075:20251228_A2_N1_Mueller_MS_TechHub_IMP_THIDDIAXL003_Cas9_PhoX_DIA12_CV486075_250ng_FAIMS_003 P1_VLPKHSLLYEYFTVYNELTK P2_MTNFDKNLPNEK 4 6,DIA12_CV486075:20251228_A2_N1_Mueller_MS_TechHub_IMP_THIDDIAXL003_Cas9_PhoX_DIA12_CV486075_250ng_FAIMS_003,1559066,,,Q99ZW2,,,false,Q99ZW2,Q99ZW2,,false,MTNFDKNLPNEK,VLPKHSLLYEYFTVYNELTK,495,507,6,4,500,510,,-1,4,0,1.007276,94.538284
Scan: 351526 Run: DIA12_CV486075:20251228_A2_N1_Mueller_MS_TechHub_IMP_THIDDIAXL003_Cas9_PhoX_DIA12_CV486075_250ng_FAIMS_001 P1_SKLVSDFR P2_SEETITPWNFEEVVDKGASAQSFIER 2 16,DIA12_CV486075:20251228_A2_N1_Mueller_MS_TechHub_IMP_THIDDIAXL003_Cas9_PhoX_DIA12_CV486075_250ng_FAIMS_001,351526,,,Q99ZW2,,,false,Q99ZW2,Q99ZW2,,false,SEETITPWNFEEVVDKGASAQSFIER,SKLVSDFR,469,960,16,2,484,961,,-1,4,0,1.007276,94.53091
Scan: 444194 Run: DIA12_CV486075:20251228_A2_N1_Mueller_MS_TechHub_IMP_THIDDIAXL003_Cas9_PhoX_DIA12_CV486075_250ng_FAIMS_001 P1_TILDFLKSDGFANR P2_FKVLGNTDR 7 2,DIA12_CV486075:20251228_A2_N1_Mueller_MS_TechHub_IMP_THIDDIAXL003_Cas9_PhoX_DIA12_CV486075_250ng_FAIMS_001,444194,,,Q99ZW2,,,false,Q99ZW2,Q99ZW2,,false,FKVLGNTDR,TILDFLKSDGFANR,32,678,2,7,33,684,,-1,4,0,1.007276,94.526119
Scan: 1185903 Run: DIA12_CV486075:20251228_A2_N1_Mueller_MS_TechHub_IMP_THIDDIAXL003_Cas9_PhoX_DIA12_CV486075_250ng_FAIMS_002 P1_SKLVSDFR P2_LSKSR 2 3,DIA12_CV486075:20251228_A2_N1_Mueller_MS_TechHub_IMP_THIDDIAXL003_Cas9_PhoX_DIA12_CV486075_250ng_FAIMS_002,1185903,,,Q99ZW2,,,false,Q99ZW2,Q99ZW2,,false,LSKSR,SKLVSDFR,216,960,3,2,218,961,,-1,3,0,1.007276,94.517857
Scan: 1766577 Run: DIA12_CV486075:20251228_A2_N1_Mueller_MS_TechHub_IMP_THIDDIAXL003_Cas9_PhoX_DIA12_CV486075_250ng_FAIMS_003 P1_QITKHVAQILDSR P2_KLVDSTDK 4 1,DIA12_CV486075:20251228_A2_N1_Mueller_MS_TechHub_IMP_THIDDIAXL003_Cas9_PhoX_DIA12_CV486075_250ng_FAIMS_003,1766577,,,Q99ZW2,,,false,Q99ZW2,Q99ZW2,,false,KLVDSTDK,QITKHVAQILDSR,141,926,1,4,141,929,,-1,4,0,1.007276,94.482185
Scan: 1740832 Run: DIA12_CV486075:20251228_A2_N1_Mueller_MS_TechHub_IMP_THIDDIAXL003_Cas9_PhoX_DIA12_CV486075_250ng_FAIMS_003 P1_GKSDNVPSEEVVK P2_EIFFDQSKNGYAGYIDGGASQEEFYK 2 8,DIA12_CV486075:20251228_A2_N1_Mueller_MS_TechHub_IMP_THIDDIAXL003_Cas9_PhoX_DIA12_CV486075_250ng_FAIMS_003,1740832,,,Q99ZW2,,,false,Q99ZW2,Q99ZW2,,false,EIFFDQSKNGYAGYIDGGASQEEFYK,GKSDNVPSEEVVK,349,865,8,2,356,866,,-1,4,0,1.007276,94.463223
Scan: 1113867 Run: DIA12_CV486075:20251228_A2_N1_Mueller_MS_TechHub_IMP_THIDDIAXL003_Cas9_PhoX_DIA12_CV486075_250ng_FAIMS_002 P1_IEEGIKELGSQILK P2_GKSDNVPSEEVVK 6 2,DIA12_CV486075:20251228_A2_N1_Mueller_MS_TechHub_IMP_THIDDIAXL003_Cas9_PhoX_DIA12_CV486075_250ng_FAIMS_002,1113867,,,Q99ZW2,,,false,Q99ZW2,Q99ZW2,,false,GKSDNVPSEEVVK,IEEGIKELGSQILK,865,784,2,6,866,789,,-1,4,0,1.007276,94.453003
Scan: 843139 Run: DIA12_CV486075:20251228_A2_N1_Mueller_MS_TechHub_IMP_THIDDIAXL003_Cas9_PhoX_DIA12_CV486075_250ng_FAIMS_002 P1_KFDNLTK P2_FKVLGNTDR 1 2,DIA12_CV486075:20251228_A2_N1_Mueller_MS_TechHub_IMP_THIDDIAXL003_Cas9_PhoX_DIA12_CV486075_250ng_FAIMS_002,843139,,,Q99ZW2,,,false,Q99ZW2,Q99ZW2,,false,FKVLGNTDR,KFDNLTK,32,896,2,1,33,896,,-1,3,0,1.007276,94.415989
Scan: 886446 Run: DIA12_CV486075:20251228_A2_N1_Mueller_MS_TechHub_IMP_THIDDIAXL003_Cas9_PhoX_DIA12_CV486075_250ng_FAIMS_002 P1_SEETITPWNFEEVVDKGASAQSFIER P2_QEDFYPFLKDNR 16 9,DIA12_CV486075:20251228_A2_N1_Mueller_MS_TechHub_IMP_THIDDIAXL003_Cas9_PhoX_DIA12_CV486075_250ng_FAIMS_002,886446,,,Q99ZW2,,,false,Q99ZW2,Q99ZW2,,false,QEDFYPFLKDNR,SEETITPWNFEEVVDKGASAQSFIER,426,469,9,16,434,484,,-1,4,0,1.007276,94.349373
Scan: 250733 Run: DIA12_CV486075:20251228_A2_N1_Mueller_MS_TechHub_IMP_THIDDIAXL003_Cas9_PhoX_DIA12_CV486075_250ng_FAIMS_001 P1_YDEHHQDLTLLKALVR P2_SEETITPWNFEEVVDKGASAQSFIER 12 16,DIA12_CV486075:20251228_A2_N1_Mueller_MS_TechHub_IMP_THIDDIAXL003_Cas9_PhoX_DIA12_CV486075_250ng_FAIMS_001,250733,,,Q99ZW2,,,false,Q99ZW2,Q99ZW2,,false,SEETITPWNFEEVVDKGASAQSFIER,YDEHHQDLTLLKALVR,469,325,16,12,484,336,,-1,5,0,1.007276,94.346443
Scan: 459158 Run: DIA12_CV486075:20251228_A2_N1_Mueller_MS_TechHub_IMP_THIDDIAXL003_Cas9_PhoX_DIA12_CV486075_250ng_FAIMS_001 P1_KLINGIR P2_EDIQKAQVSGQGDSLHEHIANLAGSPAIKK 1 5,DIA12_CV486075:20251228_A2_N1_Mueller_MS_TechHub_IMP_THIDDIAXL003_Cas9_PhoX_DIA12_CV486075_250ng_FAIMS_001,459158,,,Q99ZW2,,,false,Q99ZW2,Q99ZW2,,false,EDIQKAQVSGQGDSLHEHIANLAGSPAIKK,KLINGIR,706,665,5,1,710,665,,-1,5,0,1.007276,94.320099
Scan: 810998 Run: DIA12_CV486075:20251228_A2_N1_Mueller_MS_TechHub_IMP_THIDDIAXL003_Cas9_PhoX_DIA12_CV486075_250ng_FAIMS_002 P1_NSDKLIAR P2_LENLIAQLPGEKK 4 12,DIA12_CV486075:20251228_A2_N1_Mueller_MS_TechHub_IMP_THIDDIAXL003_Cas9_PhoX_DIA12_CV486075_250ng_FAIMS_002,810998,,,Q99ZW2,,,false,Q99ZW2,Q99ZW2,,false,LENLIAQLPGEKK,NSDKLIAR,222,1115,12,4,233,1118,,-1,4,0,1.007276,94.315712
Scan: 635709 Run: DIA12_CV486075:20251228_A2_N1_Mueller_MS_TechHub_IMP_THIDDIAXL003_Cas9_PhoX_DIA12_CV486075_250ng_FAIMS_002 P1_KTEVQTGGFSK P2_FKVLGNTDR 1 2,DIA12_CV486075:20251228_A2_N1_Mueller_MS_TechHub_IMP_THIDDIAXL003_Cas9_PhoX_DIA12_CV486075_250ng_FAIMS_002,635709,,,Q99ZW2,,,false,Q99ZW2,Q99ZW2,,false,FKVLGNTDR,KTEVQTGGFSK,32,1097,2,1,33,1097,,-1,3,0,1.007276,94.294678
Scan: 589651 Run: DIA12_CV486075:20251228_A2_N1_Mueller_MS_TechHub_IMP_THIDDIAXL003_Cas9_PhoX_DIA12_CV486075_250ng_FAIMS_001 P1_SKLVSDFR P2_IEEGIKELGSQILK 2 6,DIA12_CV486075:20251228_A2_N1_Mueller_MS_TechHub_IMP_THIDDIAXL003_Cas9_PhoX_DIA12_CV486075_250ng_FAIMS_001,589651,,,Q99ZW2,,,false,Q99ZW2,Q99ZW2,,false,IEEGIKELGSQILK,SKLVSDFR,784,960,6,2,789,961,,-1,4,0,1.007276,94.286713
Scan: 1420787 Run: DIA12_CV486075:20251228_A2_N1_Mueller_MS_TechHub_IMP_THIDDIAXL003_Cas9_PhoX_DIA12_CV486075_250ng_FAIMS_003 P1_SSFEKNPIDFLEAK P2_SNFDLAEDAKLQLSK 5 10,DIA12_CV486075:20251228_A2_N1_Mueller_MS_TechHub_IMP_THIDDIAXL003_Cas9_PhoX_DIA12_CV486075_250ng_FAIMS_003,1420787,,,Q99ZW2,,,false,Q99ZW2,Q99ZW2,,false,SNFDLAEDAKLQLSK,SSFEKNPIDFLEAK,254,1172,10,5,263,1176,,-1,4,0,1.007276,94.19191
Scan: 14007 Run: DIA12_CV486075:20251228_A2_N1_Mueller_MS_TechHub_IMP_THIDDIAXL003_Cas9_PhoX_DIA12_CV486075_250ng_FAIMS_001 P1_SEQEIGKATAK P2_LESEFVYGDYKVYDVR 7 11,DIA12_CV486075:20251228_A2_N1_Mueller_MS_TechHub_IMP_THIDDIAXL003_Cas9_PhoX_DIA12_CV486075_250ng_FAIMS_001,14007,,,Q99ZW2,,,false,Q99ZW2,Q99ZW2,,false,LESEFVYGDYKVYDVR,SEQEIGKATAK,1004,1025,11,7,1014,1031,,-1,4,0,1.007276,94.178524
Scan: 1764456 Run: DIA12_CV486075:20251228_A2_N1_Mueller_MS_TechHub_IMP_THIDDIAXL003_Cas9_PhoX_DIA12_CV486075_250ng_FAIMS_003 P1_GGLSELDKAGFIK P2_EVKVITLK 8 3,DIA12_CV486075:20251228_A2_N1_Mueller_MS_TechHub_IMP_THIDDIAXL003_Cas9_PhoX_DIA12_CV486075_250ng_FAIMS_003,1764456,,,Q99ZW2,,,false,Q99ZW2,Q99ZW2,,false,EVKVITLK,GGLSELDKAGFIK,952,906,3,8,954,913,,-1,3,0,1.007276,94.172173
Scan: 514833 Run: DIA12_CV486075:20251228_A2_N1_Mueller_MS_TechHub_IMP_THIDDIAXL003_Cas9_PhoX_DIA12_CV486075_250ng_FAIMS_001 P1_YKEIFFDQSK P2_IEEGIKELGSQILK 2 6,DIA12_CV486075:20251228_A2_N1_Mueller_MS_TechHub_IMP_THIDDIAXL003_Cas9_PhoX_DIA12_CV486075_250ng_FAIMS_001,514833,,,Q99ZW2,,,false,Q99ZW2,Q99ZW2,,false,IEEGIKELGSQILK,YKEIFFDQSK,784,347,6,2,789,348,,-1,4,0,1.007276,94.131531
Scan: 360811 Run: DIA12_CV486075:20251228_A2_N1_Mueller_MS_TechHub_IMP_THIDDIAXL003_Cas9_PhoX_DIA12_CV486075_250ng_FAIMS_001 P1_NLPNEKVLPK P2_KSEETITPWNFEEVVDK 6 1,DIA12_CV486075:20251228_A2_N1_Mueller_MS_TechHub_IMP_THIDDIAXL003_Cas9_PhoX_DIA12_CV486075_250ng_FAIMS_001,360811,,,Q99ZW2,,,false,Q99ZW2,Q99ZW2,,false,KSEETITPWNFEEVVDK,NLPNEKVLPK,468,501,1,6,468,506,,-1,4,0,1.007276,94.070507
Scan: 974565 Run: DIA12_CV486075:20251228_A2_N1_Mueller_MS_TechHub_IMP_THIDDIAXL003_Cas9_PhoX_DIA12_CV486075_250ng_FAIMS_002 P1_SEQEIGKATAK P2_KPAFLSGEQK 7 1,DIA12_CV486075:20251228_A2_N1_Mueller_MS_TechHub_IMP_THIDDIAXL003_Cas9_PhoX_DIA12_CV486075_250ng_FAIMS_002,974565,,,Q99ZW2,,,false,Q99ZW2,Q99ZW2,,false,KPAFLSGEQK,SEQEIGKATAK,536,1025,1,7,536,1031,,-1,4,0,1.007276,94.0518
Scan: 1201499 Run: DIA12_CV486075:20251228_A2_N1_Mueller_MS_TechHub_IMP_THIDDIAXL003_Cas9_PhoX_DIA12_CV486075_250ng_FAIMS_003 P1_YKEIFFDQSK P2_LESEFVYGDYKVYDVR 2 11,DIA12_CV486075:20251228_A2_N1_Mueller_MS_TechHub_IMP_THIDDIAXL003_Cas9_PhoX_DIA12_CV486075_250ng_FAIMS_003,1201499,,,Q99ZW2,,,false,Q99ZW2,Q99ZW2,,false,LESEFVYGDYKVYDVR,YKEIFFDQSK,1004,347,11,2,1014,348,,-1,4,0,1.007276,94.031235
Scan: 1314453 Run: DIA12_CV486075:20251228_A2_N1_Mueller_MS_TechHub_IMP_THIDDIAXL003_Cas9_PhoX_DIA12_CV486075_250ng_FAIMS_003 P1_SSFEKNPIDFLEAK P2_QSGKTILDFLK 5 4,DIA12_CV486075:20251228_A2_N1_Mueller_MS_TechHub_IMP_THIDDIAXL003_Cas9_PhoX_DIA12_CV486075_250ng_FAIMS_003,1314453,,,Q99ZW2,,,false,Q99ZW2,Q99ZW2,,false,QSGKTILDFLK,SSFEKNPIDFLEAK,674,1172,4,5,677,1176,,-1,4,0,1.007276,94.019138
Scan: 1236822 Run: DIA12_CV486075:20251228_A2_N1_Mueller_MS_TechHub_IMP_THIDDIAXL003_Cas9_PhoX_DIA12_CV486075_250ng_FAIMS_003 P1_KTEVQTGGFSK P2_EVKVITLK 1 3,DIA12_CV486075:20251228_A2_N1_Mueller_MS_TechHub_IMP_THIDDIAXL003_Cas9_PhoX_DIA12_CV486075_250ng_FAIMS_003,1236822,,,Q99ZW2,,,false,Q99ZW2,Q99ZW2,,false,EVKVITLK,KTEVQTGGFSK,952,1097,3,1,954,1097,,-1,3,0,1.007276,94.017372
Scan: 1449757 Run: DIA12_CV486075:20251228_A2_N1_Mueller_MS_TechHub_IMP_THIDDIAXL003_Cas9_PhoX_DIA12_CV486075_250ng_FAIMS_003 P1_YKEIFFDQSK P2_KDWDPK 2 1,DIA12_CV486075:20251228_A2_N1_Mueller_MS_TechHub_IMP_THIDDIAXL003_Cas9_PhoX_DIA12_CV486075_250ng_FAIMS_003,1449757,,,Q99ZW2,,,false,Q99ZW2,Q99ZW2,,false,KDWDPK,YKEIFFDQSK,1124,347,1,2,1124,348,,-1,3,0,1.007276,93.978409
Scan: 1782923 Run: DIA12_CV486075:20251228_A2_N1_Mueller_MS_TechHub_IMP_THIDDIAXL003_Cas9_PhoX_DIA12_CV486075_250ng_FAIMS_003 P1_SKLVSDFR P2_NPIDFLEAKGYK 2 9,DIA12_CV486075:20251228_A2_N1_Mueller_MS_TechHub_IMP_THIDDIAXL003_Cas9_PhoX_DIA12_CV486075_250ng_FAIMS_003,1782923,,,Q99ZW2,,,false,Q99ZW2,Q99ZW2,,false,NPIDFLEAKGYK,SKLVSDFR,1177,960,9,2,1185,961,,-1,3,0,1.007276,93.94738
Scan: 1308953 Run: DIA12_CV486075:20251228_A2_N1_Mueller_MS_TechHub_IMP_THIDDIAXL003_Cas9_PhoX_DIA12_CV486075_250ng_FAIMS_003 P1_SSFEKNPIDFLEAK P2_DLIIKLPK 5 5,DIA12_CV486075:20251228_A2_N1_Mueller_MS_TechHub_IMP_THIDDIAXL003_Cas9_PhoX_DIA12_CV486075_250ng_FAIMS_003,1308953,,,Q99ZW2,,,false,Q99ZW2,Q99ZW2,,false,DLIIKLPK,SSFEKNPIDFLEAK,1193,1172,5,5,1197,1176,,-1,3,0,1.007276,93.937057
Scan: 1026707 Run: DIA12_CV486075:20251228_A2_N1_Mueller_MS_TechHub_IMP_THIDDIAXL003_Cas9_PhoX_DIA12_CV486075_250ng_FAIMS_002 P1_KLINGIR P2_DLIIKLPK 1 5,DIA12_CV486075:20251228_A2_N1_Mueller_MS_TechHub_IMP_THIDDIAXL003_Cas9_PhoX_DIA12_CV486075_250ng_FAIMS_002,1026707,,,Q99ZW2,,,false,Q99ZW2,Q99ZW2,,false,DLIIKLPK,KLINGIR,1193,665,5,1,1197,665,,-1,3,0,1.007276,93.926804
Scan: 711772 Run: DIA12_CV486075:20251228_A2_N1_Mueller_MS_TechHub_IMP_THIDDIAXL003_Cas9_PhoX_DIA12_CV486075_250ng_FAIMS_002 P1_SSFEKNPIDFLEAK P2_LPKYSLFELENGR 5 3,DIA12_CV486075:20251228_A2_N1_Mueller_MS_TechHub_IMP_THIDDIAXL003_Cas9_PhoX_DIA12_CV486075_250ng_FAIMS_002,711772,,,Q99ZW2,,,false,Q99ZW2,Q99ZW2,,false,LPKYSLFELENGR,SSFEKNPIDFLEAK,1198,1172,3,5,1200,1176,,-1,4,0,1.007276,93.92337
Scan: 1191802 Run: DIA12_CV486075:20251228_A2_N1_Mueller_MS_TechHub_IMP_THIDDIAXL003_Cas9_PhoX_DIA12_CV486075_250ng_FAIMS_002 P1_KGILQTVK P2_KDFQFYK 1 1,DIA12_CV486075:20251228_A2_N1_Mueller_MS_TechHub_IMP_THIDDIAXL003_Cas9_PhoX_DIA12_CV486075_250ng_FAIMS_002,1191802,,,Q99ZW2,,,false,Q99ZW2,Q99ZW2,,false,KDFQFYK,KGILQTVK,968,735,1,1,968,735,,-1,3,0,1.007276,93.89587
Scan: 1234537 Run: DIA12_CV486075:20251228_A2_N1_Mueller_MS_TechHub_IMP_THIDDIAXL003_Cas9_PhoX_DIA12_CV486075_250ng_FAIMS_003 P1_QLKEDYFK P2_KTEVQTGGFSK 3 1,DIA12_CV486075:20251228_A2_N1_Mueller_MS_TechHub_IMP_THIDDIAXL003_Cas9_PhoX_DIA12_CV486075_250ng_FAIMS_003,1234537,,,Q99ZW2,,,false,Q99ZW2,Q99ZW2,,false,KTEVQTGGFSK,QLKEDYFK,1097,563,1,3,1097,565,,-1,3,0,1.007276,93.859661
Scan: 586721 Run: DIA12_CV486075:20251228_A2_N1_Mueller_MS_TechHub_IMP_THIDDIAXL003_Cas9_PhoX_DIA12_CV486075_250ng_FAIMS_001 P1_YDENDKLIR P2_KSEETITPWNFEEVVDK 6 1,DIA12_CV486075:20251228_A2_N1_Mueller_MS_TechHub_IMP_THIDDIAXL003_Cas9_PhoX_DIA12_CV486075_250ng_FAIMS_001,586721,,,Q99ZW2,,,false,Q99ZW2,Q99ZW2,,false,KSEETITPWNFEEVVDK,YDENDKLIR,468,943,1,6,468,948,,-1,3,0,1.007276,93.837193
Scan: 410761 Run: DIA12_CV486075:20251228_A2_N1_Mueller_MS_TechHub_IMP_THIDDIAXL003_Cas9_PhoX_DIA12_CV486075_250ng_FAIMS_001 P1_KVTVK P2_KVTVK 1 1,DIA12_CV486075:20251228_A2_N1_Mueller_MS_TechHub_IMP_THIDDIAXL003_Cas9_PhoX_DIA12_CV486075_250ng_FAIMS_001,410761,,,Q99ZW2,,,false,Q99ZW2,Q99ZW2,,false,KVTVK,KVTVK,558,558,1,1,558,558,,-1,3,0,1.007276,93.814461
Scan: 1166508 Run: DIA12_CV486075:20251228_A2_N1_Mueller_MS_TechHub_IMP_THIDDIAXL003_Cas9_PhoX_DIA12_CV486075_250ng_FAIMS_002 P1_GGLSELDKAGFIK P2_FDNLTKAER 8 6,DIA12_CV486075:20251228_A2_N1_Mueller_MS_TechHub_IMP_THIDDIAXL003_Cas9_PhoX_DIA12_CV486075_250ng_FAIMS_002,1166508,,,Q99ZW2,,,false,Q99ZW2,Q99ZW2,,false,FDNLTKAER,GGLSELDKAGFIK,897,906,6,8,902,913,,-1,3,0,1.007276,93.800098
Scan: 568016 Run: DIA12_CV486075:20251228_A2_N1_Mueller_MS_TechHub_IMP_THIDDIAXL003_Cas9_PhoX_DIA12_CV486075_250ng_FAIMS_001 P1_SEETITPWNFEEVVDKGASAQSFIER P2_GGLSELDKAGFIK 16 8,DIA12_CV486075:20251228_A2_N1_Mueller_MS_TechHub_IMP_THIDDIAXL003_Cas9_PhoX_DIA12_CV486075_250ng_FAIMS_001,568016,,,Q99ZW2,,,false,Q99ZW2,Q99ZW2,,false,GGLSELDKAGFIK,SEETITPWNFEEVVDKGASAQSFIER,906,469,8,16,913,484,,-1,4,0,1.007276,93.778736
Scan: 78989 Run: DIA12_CV486075:20251228_A2_N1_Mueller_MS_TechHub_IMP_THIDDIAXL003_Cas9_PhoX_DIA12_CV486075_250ng_FAIMS_001 P1_KDLIIK P2_ESILPKR 1 6,DIA12_CV486075:20251228_A2_N1_Mueller_MS_TechHub_IMP_THIDDIAXL003_Cas9_PhoX_DIA12_CV486075_250ng_FAIMS_001,78989,,,Q99ZW2,,,false,Q99ZW2,Q99ZW2,,false,ESILPKR,KDLIIK,1108,1192,6,1,1113,1192,,-1,3,0,1.007276,93.774742
Scan: 806334 Run: DIA12_CV486075:20251228_A2_N1_Mueller_MS_TechHub_IMP_THIDDIAXL003_Cas9_PhoX_DIA12_CV486075_250ng_FAIMS_002 P1_LSKSR P2_KLINGIR 3 1,DIA12_CV486075:20251228_A2_N1_Mueller_MS_TechHub_IMP_THIDDIAXL003_Cas9_PhoX_DIA12_CV486075_250ng_FAIMS_002,806334,,,Q99ZW2,,,false,Q99ZW2,Q99ZW2,,false,KLINGIR,LSKSR,665,216,1,3,665,218,,-1,3,0,1.007276,93.768349
Scan: 692329 Run: DIA12_CV486075:20251228_A2_N1_Mueller_MS_TechHub_IMP_THIDDIAXL003_Cas9_PhoX_DIA12_CV486075_250ng_FAIMS_002 P1_NSDKLIAR P2_KKDWDPK 4 1,DIA12_CV486075:20251228_A2_N1_Mueller_MS_TechHub_IMP_THIDDIAXL003_Cas9_PhoX_DIA12_CV486075_250ng_FAIMS_002,692329,,,Q99ZW2,,,false,Q99ZW2,Q99ZW2,,false,KKDWDPK,NSDKLIAR,1123,1115,1,4,1123,1118,,-1,4,0,1.007276,93.759678
Scan: 1043755 Run: DIA12_CV486075:20251228_A2_N1_Mueller_MS_TechHub_IMP_THIDDIAXL003_Cas9_PhoX_DIA12_CV486075_250ng_FAIMS_002 P1_TILDFLKSDGFANR P2_KAIVDLLFK 7 1,DIA12_CV486075:20251228_A2_N1_Mueller_MS_TechHub_IMP_THIDDIAXL003_Cas9_PhoX_DIA12_CV486075_250ng_FAIMS_002,1043755,,,Q99ZW2,,,false,Q99ZW2,Q99ZW2,,false,KAIVDLLFK,TILDFLKSDGFANR,546,678,1,7,546,684,,-1,4,0,1.007276,93.758026
Scan: 1009727 Run: DIA12_CV486075:20251228_A2_N1_Mueller_MS_TechHub_IMP_THIDDIAXL003_Cas9_PhoX_DIA12_CV486075_250ng_FAIMS_002 P1_VTVKQLK P2_FKVLGNTDR 4 2,DIA12_CV486075:20251228_A2_N1_Mueller_MS_TechHub_IMP_THIDDIAXL003_Cas9_PhoX_DIA12_CV486075_250ng_FAIMS_002,1009727,,,Q99ZW2,,,false,Q99ZW2,Q99ZW2,,false,FKVLGNTDR,VTVKQLK,32,559,2,4,33,562,,-1,3,0,1.007276,93.740696
Scan: 637020 Run: DIA12_CV486075:20251228_A2_N1_Mueller_MS_TechHub_IMP_THIDDIAXL003_Cas9_PhoX_DIA12_CV486075_250ng_FAIMS_002 P1_KVTVK P2_KTEVQTGGFSK 1 1,DIA12_CV486075:20251228_A2_N1_Mueller_MS_TechHub_IMP_THIDDIAXL003_Cas9_PhoX_DIA12_CV486075_250ng_FAIMS_002,637020,,,Q99ZW2,,,false,Q99ZW2,Q99ZW2,,false,KTEVQTGGFSK,KVTVK,1097,558,1,1,1097,558,,-1,3,0,1.007276,93.737392
Scan: 573519 Run: DIA12_CV486075:20251228_A2_N1_Mueller_MS_TechHub_IMP_THIDDIAXL003_Cas9_PhoX_DIA12_CV486075_250ng_FAIMS_001 P1_QITKHVAQILDSR P2_GQKNSR 4 3,DIA12_CV486075:20251228_A2_N1_Mueller_MS_TechHub_IMP_THIDDIAXL003_Cas9_PhoX_DIA12_CV486075_250ng_FAIMS_001,573519,,,Q99ZW2,,,false,Q99ZW2,Q99ZW2,,false,GQKNSR,QITKHVAQILDSR,773,926,3,4,775,929,,-1,3,0,1.007276,93.715233
Scan: 708948 Run: DIA12_CV486075:20251228_A2_N1_Mueller_MS_TechHub_IMP_THIDDIAXL003_Cas9_PhoX_DIA12_CV486075_250ng_FAIMS_002 P1_SSFEKNPIDFLEAK P2_ESILPKR 5 6,DIA12_CV486075:20251228_A2_N1_Mueller_MS_TechHub_IMP_THIDDIAXL003_Cas9_PhoX_DIA12_CV486075_250ng_FAIMS_002,708948,,,Q99ZW2,,,false,Q99ZW2,Q99ZW2,,false,ESILPKR,SSFEKNPIDFLEAK,1108,1172,6,5,1113,1176,,-1,3,0,1.007276,93.643597
Scan: 1651222 Run: DIA12_CV486075:20251228_A2_N1_Mueller_MS_TechHub_IMP_THIDDIAXL003_Cas9_PhoX_DIA12_CV486075_250ng_FAIMS_003 P1_YKEIFFDQSK P2_EDIQKAQVSGQGDSLHEHIANLAGSPAIK 2 5,DIA12_CV486075:20251228_A2_N1_Mueller_MS_TechHub_IMP_THIDDIAXL003_Cas9_PhoX_DIA12_CV486075_250ng_FAIMS_003,1651222,,,Q99ZW2,,,false,Q99ZW2,Q99ZW2,,false,EDIQKAQVSGQGDSLHEHIANLAGSPAIK,YKEIFFDQSK,706,347,5,2,710,348,,-1,5,0,1.007276,93.63773
Scan: 1372524 Run: DIA12_CV486075:20251228_A2_N1_Mueller_MS_TechHub_IMP_THIDDIAXL003_Cas9_PhoX_DIA12_CV486075_250ng_FAIMS_003 P1_KPAFLSGEQK P2_HYLDEIIEQISEFSKR 1 15,DIA12_CV486075:20251228_A2_N1_Mueller_MS_TechHub_IMP_THIDDIAXL003_Cas9_PhoX_DIA12_CV486075_250ng_FAIMS_003,1372524,,,Q99ZW2,,,false,Q99ZW2,Q99ZW2,,false,HYLDEIIEQISEFSKR,KPAFLSGEQK,1264,536,15,1,1278,536,,-1,4,0,1.007276,93.600803
Scan: 94135 Run: DIA12_CV486075:20251228_A2_N1_Mueller_MS_TechHub_IMP_THIDDIAXL003_Cas9_PhoX_DIA12_CV486075_250ng_FAIMS_001 P1_SEQEIGKATAK P2_KKDWDPK 7 1,DIA12_CV486075:20251228_A2_N1_Mueller_MS_TechHub_IMP_THIDDIAXL003_Cas9_PhoX_DIA12_CV486075_250ng_FAIMS_001,94135,,,Q99ZW2,,,false,Q99ZW2,Q99ZW2,,false,KKDWDPK,SEQEIGKATAK,1123,1025,1,7,1123,1031,,-1,3,0,1.007276,93.544956
Scan: 301288 Run: DIA12_CV486075:20251228_A2_N1_Mueller_MS_TechHub_IMP_THIDDIAXL003_Cas9_PhoX_DIA12_CV486075_250ng_FAIMS_001 P1_KSEETITPWNFEEVVDK P2_KKDWDPK 1 1,DIA12_CV486075:20251228_A2_N1_Mueller_MS_TechHub_IMP_THIDDIAXL003_Cas9_PhoX_DIA12_CV486075_250ng_FAIMS_001,301288,,,Q99ZW2,,,false,Q99ZW2,Q99ZW2,,false,KKDWDPK,KSEETITPWNFEEVVDK,1123,468,1,1,1123,468,,-1,3,0,1.007276,93.538361
Scan: 1356672 Run: DIA12_CV486075:20251228_A2_N1_Mueller_MS_TechHub_IMP_THIDDIAXL003_Cas9_PhoX_DIA12_CV486075_250ng_FAIMS_003 P1_LKGSPEDNEQK P2_GYKEVK 2 3,DIA12_CV486075:20251228_A2_N1_Mueller_MS_TechHub_IMP_THIDDIAXL003_Cas9_PhoX_DIA12_CV486075_250ng_FAIMS_003,1356672,,,Q99ZW2,,,false,Q99ZW2,Q99ZW2,,false,GYKEVK,LKGSPEDNEQK,1186,1245,3,2,1188,1246,,-1,3,0,1.007276,93.536228
Scan: 546917 Run: DIA12_CV486075:20251228_A2_N1_Mueller_MS_TechHub_IMP_THIDDIAXL003_Cas9_PhoX_DIA12_CV486075_250ng_FAIMS_001 P1_QLKEDYFK P2_GKSDNVPSEEVVK 3 2,DIA12_CV486075:20251228_A2_N1_Mueller_MS_TechHub_IMP_THIDDIAXL003_Cas9_PhoX_DIA12_CV486075_250ng_FAIMS_001,546917,,,Q99ZW2,,,false,Q99ZW2,Q99ZW2,,false,GKSDNVPSEEVVK,QLKEDYFK,865,563,2,3,866,565,,-1,3,0,1.007276,93.528774
Scan: 1769798 Run: DIA12_CV486075:20251228_A2_N1_Mueller_MS_TechHub_IMP_THIDDIAXL003_Cas9_PhoX_DIA12_CV486075_250ng_FAIMS_003 P1_QITKHVAQILDSR P2_EVKVITLK 4 3,DIA12_CV486075:20251228_A2_N1_Mueller_MS_TechHub_IMP_THIDDIAXL003_Cas9_PhoX_DIA12_CV486075_250ng_FAIMS_003,1769798,,,Q99ZW2,,,false,Q99ZW2,Q99ZW2,,false,EVKVITLK,QITKHVAQILDSR,952,926,3,4,954,929,,-1,4,0,1.007276,93.510658
Scan: 428941 Run: DIA12_CV486075:20251228_A2_N1_Mueller_MS_TechHub_IMP_THIDDIAXL003_Cas9_PhoX_DIA12_CV486075_250ng_FAIMS_001 P1_SSFEKNPIDFLEAK P2_KLINGIR 5 1,DIA12_CV486075:20251228_A2_N1_Mueller_MS_TechHub_IMP_THIDDIAXL003_Cas9_PhoX_DIA12_CV486075_250ng_FAIMS_001,428941,,,Q99ZW2,,,false,Q99ZW2,Q99ZW2,,false,KLINGIR,SSFEKNPIDFLEAK,665,1172,1,5,665,1176,,-1,4,0,1.007276,93.494637
Scan: 1605215 Run: DIA12_CV486075:20251228_A2_N1_Mueller_MS_TechHub_IMP_THIDDIAXL003_Cas9_PhoX_DIA12_CV486075_250ng_FAIMS_003 P1_KVTVK P2_KDLIIK 1 1,DIA12_CV486075:20251228_A2_N1_Mueller_MS_TechHub_IMP_THIDDIAXL003_Cas9_PhoX_DIA12_CV486075_250ng_FAIMS_003,1605215,,,Q99ZW2,,,false,Q99ZW2,Q99ZW2,,false,KDLIIK,KVTVK,1192,558,1,1,1192,558,,-1,3,0,1.007276,93.479111
Scan: 1165578 Run: DIA12_CV486075:20251228_A2_N1_Mueller_MS_TechHub_IMP_THIDDIAXL003_Cas9_PhoX_DIA12_CV486075_250ng_FAIMS_002 P1_GQKNSR P2_GGLSELDKAGFIK 3 8,DIA12_CV486075:20251228_A2_N1_Mueller_MS_TechHub_IMP_THIDDIAXL003_Cas9_PhoX_DIA12_CV486075_250ng_FAIMS_002,1165578,,,Q99ZW2,,,false,Q99ZW2,Q99ZW2,,false,GGLSELDKAGFIK,GQKNSR,906,773,8,3,913,775,,-1,3,0,1.007276,93.470917
Scan: 613057 Run: DIA12_CV486075:20251228_A2_N1_Mueller_MS_TechHub_IMP_THIDDIAXL003_Cas9_PhoX_DIA12_CV486075_250ng_FAIMS_002 P1_YKEIFFDQSK P2_SEQEIGKATAK 2 7,DIA12_CV486075:20251228_A2_N1_Mueller_MS_TechHub_IMP_THIDDIAXL003_Cas9_PhoX_DIA12_CV486075_250ng_FAIMS_002,613057,,,Q99ZW2,,,false,Q99ZW2,Q99ZW2,,false,SEQEIGKATAK,YKEIFFDQSK,1025,347,7,2,1031,348,,-1,3,0,1.007276,93.461578
Scan: 886051 Run: DIA12_CV486075:20251228_A2_N1_Mueller_MS_TechHub_IMP_THIDDIAXL003_Cas9_PhoX_DIA12_CV486075_250ng_FAIMS_002 P1_YKEIFFDQSK P2_RQEDFYPFLKDNR 2 10,DIA12_CV486075:20251228_A2_N1_Mueller_MS_TechHub_IMP_THIDDIAXL003_Cas9_PhoX_DIA12_CV486075_250ng_FAIMS_002,886051,,,Q99ZW2,,,false,Q99ZW2,Q99ZW2,,false,RQEDFYPFLKDNR,YKEIFFDQSK,425,347,10,2,434,348,,-1,4,0,1.007276,93.432133
Scan: 378451 Run: DIA12_CV486075:20251228_A2_N1_Mueller_MS_TechHub_IMP_THIDDIAXL003_Cas9_PhoX_DIA12_CV486075_250ng_FAIMS_001 P1_KPAFLSGEQK P2_KKDWDPK 1 2,DIA12_CV486075:20251228_A2_N1_Mueller_MS_TechHub_IMP_THIDDIAXL003_Cas9_PhoX_DIA12_CV486075_250ng_FAIMS_001,378451,,,Q99ZW2,,,false,Q99ZW2,Q99ZW2,,false,KKDWDPK,KPAFLSGEQK,1123,536,2,1,1124,536,,-1,4,0,1.007276,93.417542
Scan: 162415 Run: DIA12_CV486075:20251228_A2_N1_Mueller_MS_TechHub_IMP_THIDDIAXL003_Cas9_PhoX_DIA12_CV486075_250ng_FAIMS_001 P1_VILADANLDKVLSAYNK P2_LKGSPEDNEQK 10 2,DIA12_CV486075:20251228_A2_N1_Mueller_MS_TechHub_IMP_THIDDIAXL003_Cas9_PhoX_DIA12_CV486075_250ng_FAIMS_001,162415,,,Q99ZW2,,,false,Q99ZW2,Q99ZW2,,false,LKGSPEDNEQK,VILADANLDKVLSAYNK,1245,1280,2,10,1246,1289,,-1,4,0,1.007276,93.411747
Scan: 1184853 Run: DIA12_CV486075:20251228_A2_N1_Mueller_MS_TechHub_IMP_THIDDIAXL003_Cas9_PhoX_DIA12_CV486075_250ng_FAIMS_002 P1_EVKVITLK P2_DFQFYKVR 3 6,DIA12_CV486075:20251228_A2_N1_Mueller_MS_TechHub_IMP_THIDDIAXL003_Cas9_PhoX_DIA12_CV486075_250ng_FAIMS_002,1184853,,,Q99ZW2,,,false,Q99ZW2,Q99ZW2,,false,DFQFYKVR,EVKVITLK,969,952,6,3,974,954,,-1,3,0,1.007276,93.390965
Scan: 758156 Run: DIA12_CV486075:20251228_A2_N1_Mueller_MS_TechHub_IMP_THIDDIAXL003_Cas9_PhoX_DIA12_CV486075_250ng_FAIMS_002 P1_YVNFLYLASHYEKLK P2_KDFQFYK 13 1,DIA12_CV486075:20251228_A2_N1_Mueller_MS_TechHub_IMP_THIDDIAXL003_Cas9_PhoX_DIA12_CV486075_250ng_FAIMS_002,758156,,,Q99ZW2,,,false,Q99ZW2,Q99ZW2,,false,KDFQFYK,YVNFLYLASHYEKLK,968,1232,1,13,968,1244,,-1,4,0,1.007276,93.355927
Scan: 1167707 Run: DIA12_CV486075:20251228_A2_N1_Mueller_MS_TechHub_IMP_THIDDIAXL003_Cas9_PhoX_DIA12_CV486075_250ng_FAIMS_002 P1_VITLKSK P2_AGFIKR 5 5,DIA12_CV486075:20251228_A2_N1_Mueller_MS_TechHub_IMP_THIDDIAXL003_Cas9_PhoX_DIA12_CV486075_250ng_FAIMS_002,1167707,,,Q99ZW2,,,false,Q99ZW2,Q99ZW2,,false,AGFIKR,VITLKSK,914,955,5,5,918,959,,-1,3,0,1.007276,93.355904
Scan: 731492 Run: DIA12_CV486075:20251228_A2_N1_Mueller_MS_TechHub_IMP_THIDDIAXL003_Cas9_PhoX_DIA12_CV486075_250ng_FAIMS_002 P1_NPIDFLEAKGYK P2_KDLIIK 9 1,DIA12_CV486075:20251228_A2_N1_Mueller_MS_TechHub_IMP_THIDDIAXL003_Cas9_PhoX_DIA12_CV486075_250ng_FAIMS_002,731492,,,Q99ZW2,,,false,Q99ZW2,Q99ZW2,,false,KDLIIK,NPIDFLEAKGYK,1192,1177,1,9,1192,1185,,-1,3,0,1.007276,93.352734
Scan: 1338375 Run: DIA12_CV486075:20251228_A2_N1_Mueller_MS_TechHub_IMP_THIDDIAXL003_Cas9_PhoX_DIA12_CV486075_250ng_FAIMS_003 P1_LPKYSLFELENGR P2_KDWDPK 3 1,DIA12_CV486075:20251228_A2_N1_Mueller_MS_TechHub_IMP_THIDDIAXL003_Cas9_PhoX_DIA12_CV486075_250ng_FAIMS_003,1338375,,,Q99ZW2,,,false,Q99ZW2,Q99ZW2,,false,KDWDPK,LPKYSLFELENGR,1124,1198,1,3,1124,1200,,-1,3,0,1.007276,93.322731
Scan: 1334121 Run: DIA12_CV486075:20251228_A2_N1_Mueller_MS_TechHub_IMP_THIDDIAXL003_Cas9_PhoX_DIA12_CV486075_250ng_FAIMS_003 P1_SEETITPWNFEEVVDKGASAQSFIER P2_IILDKK 16 5,DIA12_CV486075:20251228_A2_N1_Mueller_MS_TechHub_IMP_THIDDIAXL003_Cas9_PhoX_DIA12_CV486075_250ng_FAIMS_003,1334121,,,decoy:Q99ZW2,decoy,decoy,true,Q99ZW2,Q99ZW2,,false,IILDKK,SEETITPWNFEEVVDKGASAQSFIER,1192,469,5,16,1196,484,,-1,4,0,1.007276,93.314816
Scan: 88426 Run: DIA12_CV486075:20251228_A2_N1_Mueller_MS_TechHub_IMP_THIDDIAXL003_Cas9_PhoX_DIA12_CV486075_250ng_FAIMS_001 P1_NSDKLIAR P2_IEKILTFR 4 3,DIA12_CV486075:20251228_A2_N1_Mueller_MS_TechHub_IMP_THIDDIAXL003_Cas9_PhoX_DIA12_CV486075_250ng_FAIMS_001,88426,,,Q99ZW2,,,false,Q99ZW2,Q99ZW2,,false,IEKILTFR,NSDKLIAR,440,1115,3,4,442,1118,,-1,3,0,1.007276,93.294323
Scan: 1445926 Run: DIA12_CV486075:20251228_A2_N1_Mueller_MS_TechHub_IMP_THIDDIAXL003_Cas9_PhoX_DIA12_CV486075_250ng_FAIMS_003 P1_YDEHHQDLTLLKALVR P2_KPAFLSGEQK 12 1,DIA12_CV486075:20251228_A2_N1_Mueller_MS_TechHub_IMP_THIDDIAXL003_Cas9_PhoX_DIA12_CV486075_250ng_FAIMS_003,1445926,,,Q99ZW2,,,false,Q99ZW2,Q99ZW2,,false,KPAFLSGEQK,YDEHHQDLTLLKALVR,536,325,1,12,536,336,,-1,4,0,1.007276,93.289192
Scan: 1763519 Run: DIA12_CV486075:20251228_A2_N1_Mueller_MS_TechHub_IMP_THIDDIAXL003_Cas9_PhoX_DIA12_CV486075_250ng_FAIMS_003 P1_QLLNAKLITQR P2_GGLSELDKAGFIK 6 8,DIA12_CV486075:20251228_A2_N1_Mueller_MS_TechHub_IMP_THIDDIAXL003_Cas9_PhoX_DIA12_CV486075_250ng_FAIMS_003,1763519,,,Q99ZW2,,,false,Q99ZW2,Q99ZW2,,false,GGLSELDKAGFIK,QLLNAKLITQR,906,885,8,6,913,890,,-1,4,0,1.007276,93.269646
Scan: 1711442 Run: DIA12_CV486075:20251228_A2_N1_Mueller_MS_TechHub_IMP_THIDDIAXL003_Cas9_PhoX_DIA12_CV486075_250ng_FAIMS_003 P1_QLLNAKLITQR P2_IEEGIKELGSQILK 6 6,DIA12_CV486075:20251228_A2_N1_Mueller_MS_TechHub_IMP_THIDDIAXL003_Cas9_PhoX_DIA12_CV486075_250ng_FAIMS_003,1711442,,,Q99ZW2,,,false,Q99ZW2,Q99ZW2,,false,IEEGIKELGSQILK,QLLNAKLITQR,784,885,6,6,789,890,,-1,4,0,1.007276,93.075802
Scan: 1158732 Run: DIA12_CV486075:20251228_A2_N1_Mueller_MS_TechHub_IMP_THIDDIAXL003_Cas9_PhoX_DIA12_CV486075_250ng_FAIMS_002 P1_KFDNLTK P2_GILQTVKVVDELVK 1 7,DIA12_CV486075:20251228_A2_N1_Mueller_MS_TechHub_IMP_THIDDIAXL003_Cas9_PhoX_DIA12_CV486075_250ng_FAIMS_002,1158732,,,Q99ZW2,,,false,Q99ZW2,Q99ZW2,,false,GILQTVKVVDELVK,KFDNLTK,736,896,7,1,742,896,,-1,4,0,1.007276,93.031288
Scan: 1185518 Run: DIA12_CV486075:20251228_A2_N1_Mueller_MS_TechHub_IMP_THIDDIAXL003_Cas9_PhoX_DIA12_CV486075_250ng_FAIMS_002 P1_SKLVSDFR P2_KDLIIK 2 1,DIA12_CV486075:20251228_A2_N1_Mueller_MS_TechHub_IMP_THIDDIAXL003_Cas9_PhoX_DIA12_CV486075_250ng_FAIMS_002,1185518,,,Q99ZW2,,,false,Q99ZW2,Q99ZW2,,false,KDLIIK,SKLVSDFR,1192,960,1,2,1192,961,,-1,3,0,1.007276,93.015713
Scan: 1685222 Run: DIA12_CV486075:20251228_A2_N1_Mueller_MS_TechHub_IMP_THIDDIAXL003_Cas9_PhoX_DIA12_CV486075_250ng_FAIMS_003 P1_GILQTVKVVDELVK P2_DLIIKLPK 7 5,DIA12_CV486075:20251228_A2_N1_Mueller_MS_TechHub_IMP_THIDDIAXL003_Cas9_PhoX_DIA12_CV486075_250ng_FAIMS_003,1685222,,,Q99ZW2,,,false,Q99ZW2,Q99ZW2,,false,DLIIKLPK,GILQTVKVVDELVK,1193,736,5,7,1197,742,,-1,4,0,1.007276,93.013191
Scan: 115715 Run: DIA12_CV486075:20251228_A2_N1_Mueller_MS_TechHub_IMP_THIDDIAXL003_Cas9_PhoX_DIA12_CV486075_250ng_FAIMS_001 P1_YKEIFFDQSK P2_SSFEKNPIDFLEAK 2 5,DIA12_CV486075:20251228_A2_N1_Mueller_MS_TechHub_IMP_THIDDIAXL003_Cas9_PhoX_DIA12_CV486075_250ng_FAIMS_001,115715,,,Q99ZW2,,,false,Q99ZW2,Q99ZW2,,false,SSFEKNPIDFLEAK,YKEIFFDQSK,1172,347,5,2,1176,348,,-1,4,0,1.007276,93.003815
Scan: 1159216 Run: DIA12_CV486075:20251228_A2_N1_Mueller_MS_TechHub_IMP_THIDDIAXL003_Cas9_PhoX_DIA12_CV486075_250ng_FAIMS_002 P1_KFDNLTK P2_KDFQFYK 1 1,DIA12_CV486075:20251228_A2_N1_Mueller_MS_TechHub_IMP_THIDDIAXL003_Cas9_PhoX_DIA12_CV486075_250ng_FAIMS_002,1159216,,,Q99ZW2,,,false,Q99ZW2,Q99ZW2,,false,KDFQFYK,KFDNLTK,968,896,1,1,968,896,,-1,3,0,1.007276,92.938026
Scan: 348813 Run: DIA12_CV486075:20251228_A2_N1_Mueller_MS_TechHub_IMP_THIDDIAXL003_Cas9_PhoX_DIA12_CV486075_250ng_FAIMS_001 P1_SEETITPWNFEEVVDKGASAQSFIER P2_KLINGIR 16 1,DIA12_CV486075:20251228_A2_N1_Mueller_MS_TechHub_IMP_THIDDIAXL003_Cas9_PhoX_DIA12_CV486075_250ng_FAIMS_001,348813,,,Q99ZW2,,,false,Q99ZW2,Q99ZW2,,false,KLINGIR,SEETITPWNFEEVVDKGASAQSFIER,665,469,1,16,665,484,,-1,4,0,1.007276,92.933971
Scan: 611787 Run: DIA12_CV486075:20251228_A2_N1_Mueller_MS_TechHub_IMP_THIDDIAXL003_Cas9_PhoX_DIA12_CV486075_250ng_FAIMS_002 P1_SEQEIGKATAK P2_KRPLIETNGETGEIVWDK 7 1,DIA12_CV486075:20251228_A2_N1_Mueller_MS_TechHub_IMP_THIDDIAXL003_Cas9_PhoX_DIA12_CV486075_250ng_FAIMS_002,611787,,,Q99ZW2,,,false,Q99ZW2,Q99ZW2,,false,KRPLIETNGETGEIVWDK,SEQEIGKATAK,1059,1025,1,7,1059,1031,,-1,3,0,1.007276,92.899799
Scan: 1560096 Run: DIA12_CV486075:20251228_A2_N1_Mueller_MS_TechHub_IMP_THIDDIAXL003_Cas9_PhoX_DIA12_CV486075_250ng_FAIMS_003 P1_VLPKHSLLYEYFTVYNELTK P2_KGILQTVK 4 1,DIA12_CV486075:20251228_A2_N1_Mueller_MS_TechHub_IMP_THIDDIAXL003_Cas9_PhoX_DIA12_CV486075_250ng_FAIMS_003,1560096,,,Q99ZW2,,,false,Q99ZW2,Q99ZW2,,false,KGILQTVK,VLPKHSLLYEYFTVYNELTK,735,507,1,4,735,510,,-1,4,0,1.007276,92.868172
Scan: 1263467 Run: DIA12_CV486075:20251228_A2_N1_Mueller_MS_TechHub_IMP_THIDDIAXL003_Cas9_PhoX_DIA12_CV486075_250ng_FAIMS_003 P1_KTEVQTGGFSKESILPK P2_KDLIIKLPK 11 6,DIA12_CV486075:20251228_A2_N1_Mueller_MS_TechHub_IMP_THIDDIAXL003_Cas9_PhoX_DIA12_CV486075_250ng_FAIMS_003,1263467,,,Q99ZW2,,,false,Q99ZW2,Q99ZW2,,false,KDLIIKLPK,KTEVQTGGFSKESILPK,1192,1097,6,11,1197,1107,,-1,3,0,1.007276,92.78286
Scan: 801700 Run: DIA12_CV486075:20251228_A2_N1_Mueller_MS_TechHub_IMP_THIDDIAXL003_Cas9_PhoX_DIA12_CV486075_250ng_FAIMS_002 P1_LSKSR P2_KLVDSTDK 3 1,DIA12_CV486075:20251228_A2_N1_Mueller_MS_TechHub_IMP_THIDDIAXL003_Cas9_PhoX_DIA12_CV486075_250ng_FAIMS_002,801700,,,Q99ZW2,,,false,Q99ZW2,Q99ZW2,,false,KLVDSTDK,LSKSR,141,216,1,3,141,218,,-1,3,0,1.007276,92.748077
Scan: 260032 Run: DIA12_CV486075:20251228_A2_N1_Mueller_MS_TechHub_IMP_THIDDIAXL003_Cas9_PhoX_DIA12_CV486075_250ng_FAIMS_001 P1_YKEIFFDQSK P2_FNASLGTYHDLLKIIK 2 13,DIA12_CV486075:20251228_A2_N1_Mueller_MS_TechHub_IMP_THIDDIAXL003_Cas9_PhoX_DIA12_CV486075_250ng_FAIMS_001,260032,,,Q99ZW2,,,false,Q99ZW2,Q99ZW2,,false,FNASLGTYHDLLKIIK,YKEIFFDQSK,587,347,13,2,599,348,,-1,4,0,1.007276,92.744366
Scan: 1340371 Run: DIA12_CV486075:20251228_A2_N1_Mueller_MS_TechHub_IMP_THIDDIAXL003_Cas9_PhoX_DIA12_CV486075_250ng_FAIMS_003 P1_YKEIFFDQSK P2_LPKYSLFELENGR 2 3,DIA12_CV486075:20251228_A2_N1_Mueller_MS_TechHub_IMP_THIDDIAXL003_Cas9_PhoX_DIA12_CV486075_250ng_FAIMS_003,1340371,,,Q99ZW2,,,false,Q99ZW2,Q99ZW2,,false,LPKYSLFELENGR,YKEIFFDQSK,1198,347,3,2,1200,348,,-1,4,0,1.007276,92.714115
Scan: 427522 Run: DIA12_CV486075:20251228_A2_N1_Mueller_MS_TechHub_IMP_THIDDIAXL003_Cas9_PhoX_DIA12_CV486075_250ng_FAIMS_001 P1_SEQEIGKATAK P2_KLINGIR 7 1,DIA12_CV486075:20251228_A2_N1_Mueller_MS_TechHub_IMP_THIDDIAXL003_Cas9_PhoX_DIA12_CV486075_250ng_FAIMS_001,427522,,,Q99ZW2,,,false,Q99ZW2,Q99ZW2,,false,KLINGIR,SEQEIGKATAK,665,1025,1,7,665,1031,,-1,3,0,1.007276,92.711933
Scan: 1358899 Run: DIA12_CV486075:20251228_A2_N1_Mueller_MS_TechHub_IMP_THIDDIAXL003_Cas9_PhoX_DIA12_CV486075_250ng_FAIMS_003 P1_LKGSPEDNEQK P2_EHPVENTQLQNEKLYLYYLQNGR 2 13,DIA12_CV486075:20251228_A2_N1_Mueller_MS_TechHub_IMP_THIDDIAXL003_Cas9_PhoX_DIA12_CV486075_250ng_FAIMS_003,1358899,,,Q99ZW2,,,false,Q99ZW2,Q99ZW2,,false,EHPVENTQLQNEKLYLYYLQNGR,LKGSPEDNEQK,798,1245,13,2,810,1246,,-1,4,0,1.007276,92.687172
Scan: 1651126 Run: DIA12_CV486075:20251228_A2_N1_Mueller_MS_TechHub_IMP_THIDDIAXL003_Cas9_PhoX_DIA12_CV486075_250ng_FAIMS_003 P1_FKVLGNTDR P2_EDIQKAQVSGQGDSLHEHIANLAGSPAIK 2 5,DIA12_CV486075:20251228_A2_N1_Mueller_MS_TechHub_IMP_THIDDIAXL003_Cas9_PhoX_DIA12_CV486075_250ng_FAIMS_003,1651126,,,Q99ZW2,,,false,Q99ZW2,Q99ZW2,,false,EDIQKAQVSGQGDSLHEHIANLAGSPAIK,FKVLGNTDR,706,32,5,2,710,33,,-1,5,0,1.007276,92.67934
Scan: 1146012 Run: DIA12_CV486075:20251228_A2_N1_Mueller_MS_TechHub_IMP_THIDDIAXL003_Cas9_PhoX_DIA12_CV486075_250ng_FAIMS_002 P1_SDKNR P2_GKSDNVPSEEVVKK 3 2,DIA12_CV486075:20251228_A2_N1_Mueller_MS_TechHub_IMP_THIDDIAXL003_Cas9_PhoX_DIA12_CV486075_250ng_FAIMS_002,1146012,,,Q99ZW2,,,false,Q99ZW2,Q99ZW2,,false,GKSDNVPSEEVVKK,SDKNR,865,860,2,3,866,862,,-1,3,0,1.007276,92.672779
Scan: 976706 Run: DIA12_CV486075:20251228_A2_N1_Mueller_MS_TechHub_IMP_THIDDIAXL003_Cas9_PhoX_DIA12_CV486075_250ng_FAIMS_002 P1_KPAFLSGEQK P2_KDLIIK 1 1,DIA12_CV486075:20251228_A2_N1_Mueller_MS_TechHub_IMP_THIDDIAXL003_Cas9_PhoX_DIA12_CV486075_250ng_FAIMS_002,976706,,,Q99ZW2,,,false,Q99ZW2,Q99ZW2,,false,KDLIIK,KPAFLSGEQK,1192,536,1,1,1192,536,,-1,3,0,1.007276,92.663429
Scan: 244802 Run: DIA12_CV486075:20251228_A2_N1_Mueller_MS_TechHub_IMP_THIDDIAXL003_Cas9_PhoX_DIA12_CV486075_250ng_FAIMS_001 P1_FKVLGNTDR P2_EDIQKAQVSGQGDSLHEHIANLAGSPAIK 2 5,DIA12_CV486075:20251228_A2_N1_Mueller_MS_TechHub_IMP_THIDDIAXL003_Cas9_PhoX_DIA12_CV486075_250ng_FAIMS_001,244802,,,Q99ZW2,,,false,Q99ZW2,Q99ZW2,,false,EDIQKAQVSGQGDSLHEHIANLAGSPAIK,FKVLGNTDR,706,32,5,2,710,33,,-1,4,0,1.007276,92.642559
Scan: 587168 Run: DIA12_CV486075:20251228_A2_N1_Mueller_MS_TechHub_IMP_THIDDIAXL003_Cas9_PhoX_DIA12_CV486075_250ng_FAIMS_001 P1_YDENDKLIR P2_EVKVITLK 6 3,DIA12_CV486075:20251228_A2_N1_Mueller_MS_TechHub_IMP_THIDDIAXL003_Cas9_PhoX_DIA12_CV486075_250ng_FAIMS_001,587168,,,Q99ZW2,,,false,Q99ZW2,Q99ZW2,,false,EVKVITLK,YDENDKLIR,952,943,3,6,954,948,,-1,3,0,1.007276,92.637623
Scan: 1034673 Run: DIA12_CV486075:20251228_A2_N1_Mueller_MS_TechHub_IMP_THIDDIAXL003_Cas9_PhoX_DIA12_CV486075_250ng_FAIMS_002 P1_NSDKLIAR P2_DKQSGK 4 2,DIA12_CV486075:20251228_A2_N1_Mueller_MS_TechHub_IMP_THIDDIAXL003_Cas9_PhoX_DIA12_CV486075_250ng_FAIMS_002,1034673,,,Q99ZW2,,,false,Q99ZW2,Q99ZW2,,false,DKQSGK,NSDKLIAR,672,1115,2,4,673,1118,,-1,3,0,1.007276,92.634083
Scan: 1377147 Run: DIA12_CV486075:20251228_A2_N1_Mueller_MS_TechHub_IMP_THIDDIAXL003_Cas9_PhoX_DIA12_CV486075_250ng_FAIMS_003 P1_VILADANLDKVLSAYNK P2_KKDWDPK 10 1,DIA12_CV486075:20251228_A2_N1_Mueller_MS_TechHub_IMP_THIDDIAXL003_Cas9_PhoX_DIA12_CV486075_250ng_FAIMS_003,1377147,,,Q99ZW2,,,false,Q99ZW2,Q99ZW2,,false,KKDWDPK,VILADANLDKVLSAYNK,1123,1280,1,10,1123,1289,,-1,4,0,1.007276,92.625412
Scan: 96067 Run: DIA12_CV486075:20251228_A2_N1_Mueller_MS_TechHub_IMP_THIDDIAXL003_Cas9_PhoX_DIA12_CV486075_250ng_FAIMS_001 P1_KKDWDPK P2_EDIQKAQVSGQGDSLHEHIANLAGSPAIK 1 5,DIA12_CV486075:20251228_A2_N1_Mueller_MS_TechHub_IMP_THIDDIAXL003_Cas9_PhoX_DIA12_CV486075_250ng_FAIMS_001,96067,,,Q99ZW2,,,false,Q99ZW2,Q99ZW2,,false,EDIQKAQVSGQGDSLHEHIANLAGSPAIK,KKDWDPK,706,1123,5,1,710,1123,,-1,4,0,1.007276,92.599182
Scan: 1502984 Run: DIA12_CV486075:20251228_A2_N1_Mueller_MS_TechHub_IMP_THIDDIAXL003_Cas9_PhoX_DIA12_CV486075_250ng_FAIMS_003 P1_MTNFDKNLPNEK P2_KSEETITPWNFEEVVDK 6 1,DIA12_CV486075:20251228_A2_N1_Mueller_MS_TechHub_IMP_THIDDIAXL003_Cas9_PhoX_DIA12_CV486075_250ng_FAIMS_003,1502984,,,Q99ZW2,,,false,Q99ZW2,Q99ZW2,,false,KSEETITPWNFEEVVDK,MTNFDKNLPNEK,468,495,1,6,468,500,,-1,4,0,1.007276,92.536427
Scan: 948285 Run: DIA12_CV486075:20251228_A2_N1_Mueller_MS_TechHub_IMP_THIDDIAXL003_Cas9_PhoX_DIA12_CV486075_250ng_FAIMS_002 P1_VVDELVKVMGR P2_SEETITPWNFEEVVDKGASAQSFIER 7 16,DIA12_CV486075:20251228_A2_N1_Mueller_MS_TechHub_IMP_THIDDIAXL003_Cas9_PhoX_DIA12_CV486075_250ng_FAIMS_002,948285,,,Q99ZW2,,,false,Q99ZW2,Q99ZW2,,false,SEETITPWNFEEVVDKGASAQSFIER,VVDELVKVMGR,469,743,16,7,484,749,,-1,4,0,1.007276,92.53587
Scan: 39297 Run: DIA12_CV486075:20251228_A2_N1_Mueller_MS_TechHub_IMP_THIDDIAXL003_Cas9_PhoX_DIA12_CV486075_250ng_FAIMS_001 P1_KTEVQTGGFSK P2_KPAFLSGEQK 1 1,DIA12_CV486075:20251228_A2_N1_Mueller_MS_TechHub_IMP_THIDDIAXL003_Cas9_PhoX_DIA12_CV486075_250ng_FAIMS_001,39297,,,Q99ZW2,,,false,Q99ZW2,Q99ZW2,,false,KPAFLSGEQK,KTEVQTGGFSK,536,1097,1,1,536,1097,,-1,3,0,1.007276,92.444447
Scan: 291479 Run: DIA12_CV486075:20251228_A2_N1_Mueller_MS_TechHub_IMP_THIDDIAXL003_Cas9_PhoX_DIA12_CV486075_250ng_FAIMS_001 P1_IEKILTFR P2_FKVLGNTDR 3 2,DIA12_CV486075:20251228_A2_N1_Mueller_MS_TechHub_IMP_THIDDIAXL003_Cas9_PhoX_DIA12_CV486075_250ng_FAIMS_001,291479,,,Q99ZW2,,,false,Q99ZW2,Q99ZW2,,false,FKVLGNTDR,IEKILTFR,32,440,2,3,33,442,,-1,4,0,1.007276,92.433136
Scan: 1081662 Run: DIA12_CV486075:20251228_A2_N1_Mueller_MS_TechHub_IMP_THIDDIAXL003_Cas9_PhoX_DIA12_CV486075_250ng_FAIMS_002 P1_KGILQTVK P2_KAIVDLLFK 1 1,DIA12_CV486075:20251228_A2_N1_Mueller_MS_TechHub_IMP_THIDDIAXL003_Cas9_PhoX_DIA12_CV486075_250ng_FAIMS_002,1081662,,,Q99ZW2,,,false,Q99ZW2,Q99ZW2,,false,KAIVDLLFK,KGILQTVK,546,735,1,1,546,735,,-1,3,0,1.007276,92.429935
Scan: 1028028 Run: DIA12_CV486075:20251228_A2_N1_Mueller_MS_TechHub_IMP_THIDDIAXL003_Cas9_PhoX_DIA12_CV486075_250ng_FAIMS_002 P1_LKTYAHLFDDK P2_KLINGIR 2 1,DIA12_CV486075:20251228_A2_N1_Mueller_MS_TechHub_IMP_THIDDIAXL003_Cas9_PhoX_DIA12_CV486075_250ng_FAIMS_002,1028028,,,Q99ZW2,,,false,Q99ZW2,Q99ZW2,,false,KLINGIR,LKTYAHLFDDK,665,636,1,2,665,637,,-1,4,0,1.007276,92.42659
Scan: 68314 Run: DIA12_CV486075:20251228_A2_N1_Mueller_MS_TechHub_IMP_THIDDIAXL003_Cas9_PhoX_DIA12_CV486075_250ng_FAIMS_001 P1_KTEVQTGGFSKESILPK P2_DLIIKLPK 11 5,DIA12_CV486075:20251228_A2_N1_Mueller_MS_TechHub_IMP_THIDDIAXL003_Cas9_PhoX_DIA12_CV486075_250ng_FAIMS_001,68314,,,Q99ZW2,,,false,Q99ZW2,Q99ZW2,,false,DLIIKLPK,KTEVQTGGFSKESILPK,1193,1097,5,11,1197,1107,,-1,3,0,1.007276,92.384823
Scan: 707368 Run: DIA12_CV486075:20251228_A2_N1_Mueller_MS_TechHub_IMP_THIDDIAXL003_Cas9_PhoX_DIA12_CV486075_250ng_FAIMS_002 P1_LKSVK P2_KDWDPK 2 1,DIA12_CV486075:20251228_A2_N1_Mueller_MS_TechHub_IMP_THIDDIAXL003_Cas9_PhoX_DIA12_CV486075_250ng_FAIMS_002,707368,,,Q99ZW2,,,false,Q99ZW2,Q99ZW2,,false,KDWDPK,LKSVK,1124,1157,1,2,1124,1158,,-1,3,0,1.007276,92.368904
Scan: 96782 Run: DIA12_CV486075:20251228_A2_N1_Mueller_MS_TechHub_IMP_THIDDIAXL003_Cas9_PhoX_DIA12_CV486075_250ng_FAIMS_001 P1_KTEVQTGGFSKESILPK P2_KKDWDPK 11 2,DIA12_CV486075:20251228_A2_N1_Mueller_MS_TechHub_IMP_THIDDIAXL003_Cas9_PhoX_DIA12_CV486075_250ng_FAIMS_001,96782,,,Q99ZW2,,,false,Q99ZW2,Q99ZW2,,false,KKDWDPK,KTEVQTGGFSKESILPK,1123,1097,2,11,1124,1107,,-1,4,0,1.007276,92.325806
Scan: 590035 Run: DIA12_CV486075:20251228_A2_N1_Mueller_MS_TechHub_IMP_THIDDIAXL003_Cas9_PhoX_DIA12_CV486075_250ng_FAIMS_001 P1_SKLVSDFR P2_EVKVITLK 2 3,DIA12_CV486075:20251228_A2_N1_Mueller_MS_TechHub_IMP_THIDDIAXL003_Cas9_PhoX_DIA12_CV486075_250ng_FAIMS_001,590035,,,Q99ZW2,,,false,Q99ZW2,Q99ZW2,,false,EVKVITLK,SKLVSDFR,952,960,3,2,954,961,,-1,4,0,1.007276,92.324619
Scan: 945656 Run: DIA12_CV486075:20251228_A2_N1_Mueller_MS_TechHub_IMP_THIDDIAXL003_Cas9_PhoX_DIA12_CV486075_250ng_FAIMS_002 P1_SEETITPWNFEEVVDKGASAQSFIER P2_KAIVDLLFK 16 1,DIA12_CV486075:20251228_A2_N1_Mueller_MS_TechHub_IMP_THIDDIAXL003_Cas9_PhoX_DIA12_CV486075_250ng_FAIMS_002,945656,,,Q99ZW2,,,false,Q99ZW2,Q99ZW2,,false,KAIVDLLFK,SEETITPWNFEEVVDKGASAQSFIER,546,469,1,16,546,484,,-1,4,0,1.007276,92.316063
Scan: 1082622 Run: DIA12_CV486075:20251228_A2_N1_Mueller_MS_TechHub_IMP_THIDDIAXL003_Cas9_PhoX_DIA12_CV486075_250ng_FAIMS_002 P1_KGILQTVK P2_DFQFYKVR 1 6,DIA12_CV486075:20251228_A2_N1_Mueller_MS_TechHub_IMP_THIDDIAXL003_Cas9_PhoX_DIA12_CV486075_250ng_FAIMS_002,1082622,,,Q99ZW2,,,false,Q99ZW2,Q99ZW2,,false,DFQFYKVR,KGILQTVK,969,735,6,1,974,735,,-1,3,0,1.007276,92.298443
Scan: 1763581 Run: DIA12_CV486075:20251228_A2_N1_Mueller_MS_TechHub_IMP_THIDDIAXL003_Cas9_PhoX_DIA12_CV486075_250ng_FAIMS_003 P1_KFDNLTK P2_GGLSELDKAGFIK 1 8,DIA12_CV486075:20251228_A2_N1_Mueller_MS_TechHub_IMP_THIDDIAXL003_Cas9_PhoX_DIA12_CV486075_250ng_FAIMS_003,1763581,,,Q99ZW2,,,false,Q99ZW2,Q99ZW2,,false,GGLSELDKAGFIK,KFDNLTK,906,896,8,1,913,896,,-1,3,0,1.007276,92.248352
Scan: 1335105 Run: DIA12_CV486075:20251228_A2_N1_Mueller_MS_TechHub_IMP_THIDDIAXL003_Cas9_PhoX_DIA12_CV486075_250ng_FAIMS_003 P1_TEVQTGGFSKESILPK P2_DLIIKLPK 10 5,DIA12_CV486075:20251228_A2_N1_Mueller_MS_TechHub_IMP_THIDDIAXL003_Cas9_PhoX_DIA12_CV486075_250ng_FAIMS_003,1335105,,,Q99ZW2,,,false,Q99ZW2,Q99ZW2,,false,DLIIKLPK,TEVQTGGFSKESILPK,1193,1098,5,10,1197,1107,,-1,3,0,1.007276,92.236782
Scan: 1233608 Run: DIA12_CV486075:20251228_A2_N1_Mueller_MS_TechHub_IMP_THIDDIAXL003_Cas9_PhoX_DIA12_CV486075_250ng_FAIMS_003 P1_KTEVQTGGFSK P2_IEKILTFR 1 3,DIA12_CV486075:20251228_A2_N1_Mueller_MS_TechHub_IMP_THIDDIAXL003_Cas9_PhoX_DIA12_CV486075_250ng_FAIMS_003,1233608,,,Q99ZW2,,,false,Q99ZW2,Q99ZW2,,false,IEKILTFR,KTEVQTGGFSK,440,1097,3,1,442,1097,,-1,3,0,1.007276,92.236561
Scan: 633844 Run: DIA12_CV486075:20251228_A2_N1_Mueller_MS_TechHub_IMP_THIDDIAXL003_Cas9_PhoX_DIA12_CV486075_250ng_FAIMS_002 P1_KTEVQTGGFSK P2_KKDWDPK 1 1,DIA12_CV486075:20251228_A2_N1_Mueller_MS_TechHub_IMP_THIDDIAXL003_Cas9_PhoX_DIA12_CV486075_250ng_FAIMS_002,633844,,,Q99ZW2,,,false,Q99ZW2,Q99ZW2,,false,KKDWDPK,KTEVQTGGFSK,1123,1097,1,1,1123,1097,,-1,3,0,1.007276,92.211231
Scan: 889740 Run: DIA12_CV486075:20251228_A2_N1_Mueller_MS_TechHub_IMP_THIDDIAXL003_Cas9_PhoX_DIA12_CV486075_250ng_FAIMS_002 P1_SEETITPWNFEEVVDKGASAQSFIER P2_EKIEKILTFR 16 5,DIA12_CV486075:20251228_A2_N1_Mueller_MS_TechHub_IMP_THIDDIAXL003_Cas9_PhoX_DIA12_CV486075_250ng_FAIMS_002,889740,,,Q99ZW2,,,false,Q99ZW2,Q99ZW2,,false,EKIEKILTFR,SEETITPWNFEEVVDKGASAQSFIER,438,469,5,16,442,484,,-1,4,0,1.007276,92.193542
Scan: 1717816 Run: DIA12_CV486075:20251228_A2_N1_Mueller_MS_TechHub_IMP_THIDDIAXL003_Cas9_PhoX_DIA12_CV486075_250ng_FAIMS_003 P1_IEKILTFR P2_ELGSQILKEHPVENTQLQNEK 3 8,DIA12_CV486075:20251228_A2_N1_Mueller_MS_TechHub_IMP_THIDDIAXL003_Cas9_PhoX_DIA12_CV486075_250ng_FAIMS_003,1717816,,,Q99ZW2,,,false,Q99ZW2,Q99ZW2,,false,ELGSQILKEHPVENTQLQNEK,IEKILTFR,790,440,8,3,797,442,,-1,4,0,1.007276,92.187366
Scan: 1379639 Run: DIA12_CV486075:20251228_A2_N1_Mueller_MS_TechHub_IMP_THIDDIAXL003_Cas9_PhoX_DIA12_CV486075_250ng_FAIMS_003 P1_VILADANLDKVLSAYNK P2_GKSDNVPSEEVVK 10 2,DIA12_CV486075:20251228_A2_N1_Mueller_MS_TechHub_IMP_THIDDIAXL003_Cas9_PhoX_DIA12_CV486075_250ng_FAIMS_003,1379639,,,Q99ZW2,,,false,Q99ZW2,Q99ZW2,,false,GKSDNVPSEEVVK,VILADANLDKVLSAYNK,865,1280,2,10,866,1289,,-1,4,0,1.007276,92.177292
Scan: 428321 Run: DIA12_CV486075:20251228_A2_N1_Mueller_MS_TechHub_IMP_THIDDIAXL003_Cas9_PhoX_DIA12_CV486075_250ng_FAIMS_001 P1_KLINGIR P2_KKDWDPK 1 2,DIA12_CV486075:20251228_A2_N1_Mueller_MS_TechHub_IMP_THIDDIAXL003_Cas9_PhoX_DIA12_CV486075_250ng_FAIMS_001,428321,,,Q99ZW2,,,false,Q99ZW2,Q99ZW2,,false,KKDWDPK,KLINGIR,1123,665,2,1,1124,665,,-1,3,0,1.007276,92.14019
Scan: 1291860 Run: DIA12_CV486075:20251228_A2_N1_Mueller_MS_TechHub_IMP_THIDDIAXL003_Cas9_PhoX_DIA12_CV486075_250ng_FAIMS_003 P1_KTEVQTGGFSKESILPK P2_KDWDPKK 11 1,DIA12_CV486075:20251228_A2_N1_Mueller_MS_TechHub_IMP_THIDDIAXL003_Cas9_PhoX_DIA12_CV486075_250ng_FAIMS_003,1291860,,,Q99ZW2,,,false,Q99ZW2,Q99ZW2,,false,KDWDPKK,KTEVQTGGFSKESILPK,1124,1097,1,11,1124,1107,,-1,4,0,1.007276,92.139835
Scan: 1766786 Run: DIA12_CV486075:20251228_A2_N1_Mueller_MS_TechHub_IMP_THIDDIAXL003_Cas9_PhoX_DIA12_CV486075_250ng_FAIMS_003 P1_QITKHVAQILDSR P2_FKVLGNTDR 4 2,DIA12_CV486075:20251228_A2_N1_Mueller_MS_TechHub_IMP_THIDDIAXL003_Cas9_PhoX_DIA12_CV486075_250ng_FAIMS_003,1766786,,,Q99ZW2,,,false,Q99ZW2,Q99ZW2,,false,FKVLGNTDR,QITKHVAQILDSR,32,926,2,4,33,929,,-1,4,0,1.007276,92.133076
Scan: 1574500 Run: DIA12_CV486075:20251228_A2_N1_Mueller_MS_TechHub_IMP_THIDDIAXL003_Cas9_PhoX_DIA12_CV486075_250ng_FAIMS_003 P1_KPAFLSGEQK P2_GNELALPSKYVNFLYLASHYEK 1 9,DIA12_CV486075:20251228_A2_N1_Mueller_MS_TechHub_IMP_THIDDIAXL003_Cas9_PhoX_DIA12_CV486075_250ng_FAIMS_003,1574500,,,Q99ZW2,,,false,Q99ZW2,Q99ZW2,,false,GNELALPSKYVNFLYLASHYEK,KPAFLSGEQK,1223,536,9,1,1231,536,,-1,4,0,1.007276,92.129181
Scan: 839861 Run: DIA12_CV486075:20251228_A2_N1_Mueller_MS_TechHub_IMP_THIDDIAXL003_Cas9_PhoX_DIA12_CV486075_250ng_FAIMS_002 P1_KLVDSTDK P2_FKVLGNTDR 1 2,DIA12_CV486075:20251228_A2_N1_Mueller_MS_TechHub_IMP_THIDDIAXL003_Cas9_PhoX_DIA12_CV486075_250ng_FAIMS_002,839861,,,Q99ZW2,,,false,Q99ZW2,Q99ZW2,,false,FKVLGNTDR,KLVDSTDK,32,141,2,1,33,141,,-1,3,0,1.007276,92.088387
Scan: 1158523 Run: DIA12_CV486075:20251228_A2_N1_Mueller_MS_TechHub_IMP_THIDDIAXL003_Cas9_PhoX_DIA12_CV486075_250ng_FAIMS_002 P1_KFDNLTK P2_KAIVDLLFK 1 1,DIA12_CV486075:20251228_A2_N1_Mueller_MS_TechHub_IMP_THIDDIAXL003_Cas9_PhoX_DIA12_CV486075_250ng_FAIMS_002,1158523,,,Q99ZW2,,,false,Q99ZW2,Q99ZW2,,false,KAIVDLLFK,KFDNLTK,546,896,1,1,546,896,,-1,3,0,1.007276,92.086491
Scan: 544608 Run: DIA12_CV486075:20251228_A2_N1_Mueller_MS_TechHub_IMP_THIDDIAXL003_Cas9_PhoX_DIA12_CV486075_250ng_FAIMS_001 P1_KTEVQTGGFSK P2_GKSDNVPSEEVVK 1 2,DIA12_CV486075:20251228_A2_N1_Mueller_MS_TechHub_IMP_THIDDIAXL003_Cas9_PhoX_DIA12_CV486075_250ng_FAIMS_001,544608,,,Q99ZW2,,,false,Q99ZW2,Q99ZW2,,false,GKSDNVPSEEVVK,KTEVQTGGFSK,865,1097,2,1,866,1097,,-1,3,0,1.007276,92.081116
Scan: 987569 Run: DIA12_CV486075:20251228_A2_N1_Mueller_MS_TechHub_IMP_THIDDIAXL003_Cas9_PhoX_DIA12_CV486075_250ng_FAIMS_002 P1_YDENDKLIR P2_KPAFLSGEQK 6 1,DIA12_CV486075:20251228_A2_N1_Mueller_MS_TechHub_IMP_THIDDIAXL003_Cas9_PhoX_DIA12_CV486075_250ng_FAIMS_002,987569,,,Q99ZW2,,,false,Q99ZW2,Q99ZW2,,false,KPAFLSGEQK,YDENDKLIR,536,943,1,6,536,948,,-1,3,0,1.007276,92.06002
Scan: 190043 Run: DIA12_CV486075:20251228_A2_N1_Mueller_MS_TechHub_IMP_THIDDIAXL003_Cas9_PhoX_DIA12_CV486075_250ng_FAIMS_001 P1_YKEIFFDQSK P2_HPIFGNIVDEVAYHEKYPTIYHLR 2 16,DIA12_CV486075:20251228_A2_N1_Mueller_MS_TechHub_IMP_THIDDIAXL003_Cas9_PhoX_DIA12_CV486075_250ng_FAIMS_001,190043,,,Q99ZW2,,,false,Q99ZW2,Q99ZW2,,false,HPIFGNIVDEVAYHEKYPTIYHLR,YKEIFFDQSK,116,347,16,2,131,348,,-1,5,0,1.007276,92.010273
Scan: 1576987 Run: DIA12_CV486075:20251228_A2_N1_Mueller_MS_TechHub_IMP_THIDDIAXL003_Cas9_PhoX_DIA12_CV486075_250ng_FAIMS_003 P1_KPAFLSGEQK P2_FIKPILEK 1 3,DIA12_CV486075:20251228_A2_N1_Mueller_MS_TechHub_IMP_THIDDIAXL003_Cas9_PhoX_DIA12_CV486075_250ng_FAIMS_003,1576987,,,Q99ZW2,,,false,Q99ZW2,Q99ZW2,,false,FIKPILEK,KPAFLSGEQK,375,536,3,1,377,536,,-1,3,0,1.007276,91.967686
Scan: 1692172 Run: DIA12_CV486075:20251228_A2_N1_Mueller_MS_TechHub_IMP_THIDDIAXL003_Cas9_PhoX_DIA12_CV486075_250ng_FAIMS_003 P1_KGILQTVK P2_GILQTVKVVDELVK 1 7,DIA12_CV486075:20251228_A2_N1_Mueller_MS_TechHub_IMP_THIDDIAXL003_Cas9_PhoX_DIA12_CV486075_250ng_FAIMS_003,1692172,,,Q99ZW2,,,false,Q99ZW2,Q99ZW2,,false,GILQTVKVVDELVK,KGILQTVK,736,735,7,1,742,735,,-1,4,0,1.007276,91.945194
Scan: 1329132 Run: DIA12_CV486075:20251228_A2_N1_Mueller_MS_TechHub_IMP_THIDDIAXL003_Cas9_PhoX_DIA12_CV486075_250ng_FAIMS_003 P1_NPIDFLEAKGYK P2_DLIIKLPK 9 5,DIA12_CV486075:20251228_A2_N1_Mueller_MS_TechHub_IMP_THIDDIAXL003_Cas9_PhoX_DIA12_CV486075_250ng_FAIMS_003,1329132,,,Q99ZW2,,,false,Q99ZW2,Q99ZW2,,false,DLIIKLPK,NPIDFLEAKGYK,1193,1177,5,9,1197,1185,,-1,4,0,1.007276,91.944923
Scan: 1445401 Run: DIA12_CV486075:20251228_A2_N1_Mueller_MS_TechHub_IMP_THIDDIAXL003_Cas9_PhoX_DIA12_CV486075_250ng_FAIMS_003 P1_YDEHHQDLTLLKALVR P2_IEKILTFR 12 3,DIA12_CV486075:20251228_A2_N1_Mueller_MS_TechHub_IMP_THIDDIAXL003_Cas9_PhoX_DIA12_CV486075_250ng_FAIMS_003,1445401,,,Q99ZW2,,,false,Q99ZW2,Q99ZW2,,false,IEKILTFR,YDEHHQDLTLLKALVR,440,325,3,12,442,336,,-1,5,0,1.007276,91.901241
Scan: 1291804 Run: DIA12_CV486075:20251228_A2_N1_Mueller_MS_TechHub_IMP_THIDDIAXL003_Cas9_PhoX_DIA12_CV486075_250ng_FAIMS_003 P1_TEVQTGGFSKESILPK P2_KKDWDPK 10 2,DIA12_CV486075:20251228_A2_N1_Mueller_MS_TechHub_IMP_THIDDIAXL003_Cas9_PhoX_DIA12_CV486075_250ng_FAIMS_003,1291804,,,Q99ZW2,,,false,Q99ZW2,Q99ZW2,,false,KKDWDPK,TEVQTGGFSKESILPK,1123,1098,2,10,1124,1107,,-1,4,0,1.007276,91.865837
Scan: 1002946 Run: DIA12_CV486075:20251228_A2_N1_Mueller_MS_TechHub_IMP_THIDDIAXL003_Cas9_PhoX_DIA12_CV486075_250ng_FAIMS_002 P1_KDFQFYK P2_KAIVDLLFK 1 1,DIA12_CV486075:20251228_A2_N1_Mueller_MS_TechHub_IMP_THIDDIAXL003_Cas9_PhoX_DIA12_CV486075_250ng_FAIMS_002,1002946,,,Q99ZW2,,,false,Q99ZW2,Q99ZW2,,false,KAIVDLLFK,KDFQFYK,546,968,1,1,546,968,,-1,3,0,1.007276,91.817543
Scan: 182637 Run: DIA12_CV486075:20251228_A2_N1_Mueller_MS_TechHub_IMP_THIDDIAXL003_Cas9_PhoX_DIA12_CV486075_250ng_FAIMS_001 P1_VILADANLDKVLSAYNK P2_KDLIIK 10 1,DIA12_CV486075:20251228_A2_N1_Mueller_MS_TechHub_IMP_THIDDIAXL003_Cas9_PhoX_DIA12_CV486075_250ng_FAIMS_001,182637,,,Q99ZW2,,,false,Q99ZW2,Q99ZW2,,false,KDLIIK,VILADANLDKVLSAYNK,1192,1280,1,10,1192,1289,,-1,4,0,1.007276,91.803101
Scan: 1196023 Run: DIA12_CV486075:20251228_A2_N1_Mueller_MS_TechHub_IMP_THIDDIAXL003_Cas9_PhoX_DIA12_CV486075_250ng_FAIMS_003 P1_YPKLESEFVYGDYK P2_KVTVK 3 1,DIA12_CV486075:20251228_A2_N1_Mueller_MS_TechHub_IMP_THIDDIAXL003_Cas9_PhoX_DIA12_CV486075_250ng_FAIMS_003,1196023,,,Q99ZW2,,,false,Q99ZW2,Q99ZW2,,false,KVTVK,YPKLESEFVYGDYK,558,1001,1,3,558,1003,,-1,3,0,1.007276,91.802414
Scan: 1172717 Run: DIA12_CV486075:20251228_A2_N1_Mueller_MS_TechHub_IMP_THIDDIAXL003_Cas9_PhoX_DIA12_CV486075_250ng_FAIMS_002 P1_VITLKSK P2_QITKHVAQILDSR 5 4,DIA12_CV486075:20251228_A2_N1_Mueller_MS_TechHub_IMP_THIDDIAXL003_Cas9_PhoX_DIA12_CV486075_250ng_FAIMS_002,1172717,,,Q99ZW2,,,false,Q99ZW2,Q99ZW2,,false,QITKHVAQILDSR,VITLKSK,926,955,4,5,929,959,,-1,3,0,1.007276,91.772282
Scan: 890408 Run: DIA12_CV486075:20251228_A2_N1_Mueller_MS_TechHub_IMP_THIDDIAXL003_Cas9_PhoX_DIA12_CV486075_250ng_FAIMS_002 P1_NLPNEKVLPK P2_IEKILTFR 6 3,DIA12_CV486075:20251228_A2_N1_Mueller_MS_TechHub_IMP_THIDDIAXL003_Cas9_PhoX_DIA12_CV486075_250ng_FAIMS_002,890408,,,Q99ZW2,,,false,Q99ZW2,Q99ZW2,,false,IEKILTFR,NLPNEKVLPK,440,501,3,6,442,506,,-1,3,0,1.007276,91.748158
Scan: 1231828 Run: DIA12_CV486075:20251228_A2_N1_Mueller_MS_TechHub_IMP_THIDDIAXL003_Cas9_PhoX_DIA12_CV486075_250ng_FAIMS_003 P1_KTEVQTGGFSK P2_KDLIIK 1 1,DIA12_CV486075:20251228_A2_N1_Mueller_MS_TechHub_IMP_THIDDIAXL003_Cas9_PhoX_DIA12_CV486075_250ng_FAIMS_003,1231828,,,Q99ZW2,,,false,Q99ZW2,Q99ZW2,,false,KDLIIK,KTEVQTGGFSK,1192,1097,1,1,1192,1097,,-1,3,0,1.007276,91.727177
Scan: 1573360 Run: DIA12_CV486075:20251228_A2_N1_Mueller_MS_TechHub_IMP_THIDDIAXL003_Cas9_PhoX_DIA12_CV486075_250ng_FAIMS_003 P1_KPAFLSGEQK P2_KDWDPK 1 1,DIA12_CV486075:20251228_A2_N1_Mueller_MS_TechHub_IMP_THIDDIAXL003_Cas9_PhoX_DIA12_CV486075_250ng_FAIMS_003,1573360,,,Q99ZW2,,,false,Q99ZW2,Q99ZW2,,false,KDWDPK,KPAFLSGEQK,1124,536,1,1,1124,536,,-1,4,0,1.007276,91.710724
Scan: 1236416 Run: DIA12_CV486075:20251228_A2_N1_Mueller_MS_TechHub_IMP_THIDDIAXL003_Cas9_PhoX_DIA12_CV486075_250ng_FAIMS_003 P1_QLLNAKLITQR P2_KTEVQTGGFSK 6 1,DIA12_CV486075:20251228_A2_N1_Mueller_MS_TechHub_IMP_THIDDIAXL003_Cas9_PhoX_DIA12_CV486075_250ng_FAIMS_003,1236416,,,Q99ZW2,,,false,Q99ZW2,Q99ZW2,,false,KTEVQTGGFSK,QLLNAKLITQR,1097,885,1,6,1097,890,,-1,3,0,1.007276,91.704807
Scan: 1316065 Run: DIA12_CV486075:20251228_A2_N1_Mueller_MS_TechHub_IMP_THIDDIAXL003_Cas9_PhoX_DIA12_CV486075_250ng_FAIMS_003 P1_SSFEKNPIDFLEAK P2_GKSDNVPSEEVVK 5 2,DIA12_CV486075:20251228_A2_N1_Mueller_MS_TechHub_IMP_THIDDIAXL003_Cas9_PhoX_DIA12_CV486075_250ng_FAIMS_003,1316065,,,Q99ZW2,,,false,Q99ZW2,Q99ZW2,,false,GKSDNVPSEEVVK,SSFEKNPIDFLEAK,865,1172,2,5,866,1176,,-1,4,0,1.007276,91.698795
Scan: 290322 Run: DIA12_CV486075:20251228_A2_N1_Mueller_MS_TechHub_IMP_THIDDIAXL003_Cas9_PhoX_DIA12_CV486075_250ng_FAIMS_001 P1_YKEIFFDQSK P2_EKIEK 2 2,DIA12_CV486075:20251228_A2_N1_Mueller_MS_TechHub_IMP_THIDDIAXL003_Cas9_PhoX_DIA12_CV486075_250ng_FAIMS_001,290322,,,Q99ZW2,,,false,Q99ZW2,Q99ZW2,,false,EKIEK,YKEIFFDQSK,438,347,2,2,439,348,,-1,3,0,1.007276,91.686562
Scan: 846895 Run: DIA12_CV486075:20251228_A2_N1_Mueller_MS_TechHub_IMP_THIDDIAXL003_Cas9_PhoX_DIA12_CV486075_250ng_FAIMS_002 P1_YKEIFFDQSK P2_YDEHHQDLTLLKALVR 2 12,DIA12_CV486075:20251228_A2_N1_Mueller_MS_TechHub_IMP_THIDDIAXL003_Cas9_PhoX_DIA12_CV486075_250ng_FAIMS_002,846895,,,Q99ZW2,,,false,Q99ZW2,Q99ZW2,,false,YDEHHQDLTLLKALVR,YKEIFFDQSK,325,347,12,2,336,348,,-1,4,0,1.007276,91.68203
Scan: 588475 Run: DIA12_CV486075:20251228_A2_N1_Mueller_MS_TechHub_IMP_THIDDIAXL003_Cas9_PhoX_DIA12_CV486075_250ng_FAIMS_001 P1_SKLVSDFR P2_FKVLGNTDR 2 2,DIA12_CV486075:20251228_A2_N1_Mueller_MS_TechHub_IMP_THIDDIAXL003_Cas9_PhoX_DIA12_CV486075_250ng_FAIMS_001,588475,,,Q99ZW2,,,false,Q99ZW2,Q99ZW2,,false,FKVLGNTDR,SKLVSDFR,32,960,2,2,33,961,,-1,3,0,1.007276,91.648064
Scan: 1721782 Run: DIA12_CV486075:20251228_A2_N1_Mueller_MS_TechHub_IMP_THIDDIAXL003_Cas9_PhoX_DIA12_CV486075_250ng_FAIMS_003 P1_KFDNLTK P2_ELGSQILKEHPVENTQLQNEK 1 8,DIA12_CV486075:20251228_A2_N1_Mueller_MS_TechHub_IMP_THIDDIAXL003_Cas9_PhoX_DIA12_CV486075_250ng_FAIMS_003,1721782,,,Q99ZW2,,,false,Q99ZW2,Q99ZW2,,false,ELGSQILKEHPVENTQLQNEK,KFDNLTK,790,896,8,1,797,896,,-1,4,0,1.007276,91.628857
Scan: 244911 Run: DIA12_CV486075:20251228_A2_N1_Mueller_MS_TechHub_IMP_THIDDIAXL003_Cas9_PhoX_DIA12_CV486075_250ng_FAIMS_001 P1_KGILQTVK P2_FKVLGNTDR 1 2,DIA12_CV486075:20251228_A2_N1_Mueller_MS_TechHub_IMP_THIDDIAXL003_Cas9_PhoX_DIA12_CV486075_250ng_FAIMS_001,244911,,,Q99ZW2,,,false,Q99ZW2,Q99ZW2,,false,FKVLGNTDR,KGILQTVK,32,735,2,1,33,735,,-1,4,0,1.007276,91.596142
Scan: 843510 Run: DIA12_CV486075:20251228_A2_N1_Mueller_MS_TechHub_IMP_THIDDIAXL003_Cas9_PhoX_DIA12_CV486075_250ng_FAIMS_002 P1_FKVLGNTDR P2_DFQFYKVR 2 6,DIA12_CV486075:20251228_A2_N1_Mueller_MS_TechHub_IMP_THIDDIAXL003_Cas9_PhoX_DIA12_CV486075_250ng_FAIMS_002,843510,,,Q99ZW2,,,false,Q99ZW2,Q99ZW2,,false,DFQFYKVR,FKVLGNTDR,969,32,6,2,974,33,,-1,3,0,1.007276,91.48365
Scan: 872131 Run: DIA12_CV486075:20251228_A2_N1_Mueller_MS_TechHub_IMP_THIDDIAXL003_Cas9_PhoX_DIA12_CV486075_250ng_FAIMS_002 P1_NSDKLIAR P2_NGYAGYIDGGASQEEFYKFIKPILEK 4 18,DIA12_CV486075:20251228_A2_N1_Mueller_MS_TechHub_IMP_THIDDIAXL003_Cas9_PhoX_DIA12_CV486075_250ng_FAIMS_002,872131,,,Q99ZW2,,,false,Q99ZW2,Q99ZW2,,false,NGYAGYIDGGASQEEFYKFIKPILEK,NSDKLIAR,357,1115,18,4,374,1118,,-1,4,0,1.007276,91.47617
Scan: 1013765 Run: DIA12_CV486075:20251228_A2_N1_Mueller_MS_TechHub_IMP_THIDDIAXL003_Cas9_PhoX_DIA12_CV486075_250ng_FAIMS_002 P1_KLINGIR P2_KIECFDSVEISGVEDR 1 1,DIA12_CV486075:20251228_A2_N1_Mueller_MS_TechHub_IMP_THIDDIAXL003_Cas9_PhoX_DIA12_CV486075_250ng_FAIMS_002,1013765,,,Q99ZW2,,,false,Q99ZW2,Q99ZW2,,false,KIECFDSVEISGVEDR,KLINGIR,571,665,1,1,571,665,,-1,3,0,1.007276,91.439831
Scan: 1011449 Run: DIA12_CV486075:20251228_A2_N1_Mueller_MS_TechHub_IMP_THIDDIAXL003_Cas9_PhoX_DIA12_CV486075_250ng_FAIMS_002 P1_IEKILTFR P2_FYDEKLQK 3 5,DIA12_CV486075:20251228_A2_N1_Mueller_MS_TechHub_IMP_THIDDIAXL003_Cas9_PhoX_DIA12_CV486075_250ng_FAIMS_002,1011449,,,decoy:Q99ZW2,decoy,decoy,true,Q99ZW2,Q99ZW2,,false,FYDEKLQK,IEKILTFR,563,440,5,3,567,442,,-1,3,0,1.007276,91.372837
Scan: 543320 Run: DIA12_CV486075:20251228_A2_N1_Mueller_MS_TechHub_IMP_THIDDIAXL003_Cas9_PhoX_DIA12_CV486075_250ng_FAIMS_001 P1_KDFQFYK P2_DDSIDNKVLTR 1 7,DIA12_CV486075:20251228_A2_N1_Mueller_MS_TechHub_IMP_THIDDIAXL003_Cas9_PhoX_DIA12_CV486075_250ng_FAIMS_001,543320,,,Q99ZW2,,,false,Q99ZW2,Q99ZW2,,false,DDSIDNKVLTR,KDFQFYK,849,968,7,1,855,968,,-1,3,0,1.007276,91.355686
Scan: 838631 Run: DIA12_CV486075:20251228_A2_N1_Mueller_MS_TechHub_IMP_THIDDIAXL003_Cas9_PhoX_DIA12_CV486075_250ng_FAIMS_002 P1_SEQEIGKATAK P2_FKVLGNTDR 7 2,DIA12_CV486075:20251228_A2_N1_Mueller_MS_TechHub_IMP_THIDDIAXL003_Cas9_PhoX_DIA12_CV486075_250ng_FAIMS_002,838631,,,Q99ZW2,,,false,Q99ZW2,Q99ZW2,,false,FKVLGNTDR,SEQEIGKATAK,32,1025,2,7,33,1031,,-1,4,0,1.007276,91.337517
Scan: 512158 Run: DIA12_CV486075:20251228_A2_N1_Mueller_MS_TechHub_IMP_THIDDIAXL003_Cas9_PhoX_DIA12_CV486075_250ng_FAIMS_001 P1_GQKNSR P2_FKVLGNTDR 3 2,DIA12_CV486075:20251228_A2_N1_Mueller_MS_TechHub_IMP_THIDDIAXL003_Cas9_PhoX_DIA12_CV486075_250ng_FAIMS_001,512158,,,Q99ZW2,,,false,Q99ZW2,Q99ZW2,,false,FKVLGNTDR,GQKNSR,32,773,2,3,33,775,,-1,3,0,1.007276,91.324451
Scan: 633061 Run: DIA12_CV486075:20251228_A2_N1_Mueller_MS_TechHub_IMP_THIDDIAXL003_Cas9_PhoX_DIA12_CV486075_250ng_FAIMS_002 P1_KTEVQTGGFSK P2_KRPLIETNGETGEIVWDK 1 1,DIA12_CV486075:20251228_A2_N1_Mueller_MS_TechHub_IMP_THIDDIAXL003_Cas9_PhoX_DIA12_CV486075_250ng_FAIMS_002,633061,,,Q99ZW2,,,false,Q99ZW2,Q99ZW2,,false,KRPLIETNGETGEIVWDK,KTEVQTGGFSK,1059,1097,1,1,1059,1097,,-1,4,0,1.007276,91.269154
Scan: 1108384 Run: DIA12_CV486075:20251228_A2_N1_Mueller_MS_TechHub_IMP_THIDDIAXL003_Cas9_PhoX_DIA12_CV486075_250ng_FAIMS_002 P1_KDFQFYK P2_ENQTTQKGQK 1 7,DIA12_CV486075:20251228_A2_N1_Mueller_MS_TechHub_IMP_THIDDIAXL003_Cas9_PhoX_DIA12_CV486075_250ng_FAIMS_002,1108384,,,Q99ZW2,,,false,Q99ZW2,Q99ZW2,,false,ENQTTQKGQK,KDFQFYK,766,968,7,1,772,968,,-1,3,0,1.007276,91.258076
Scan: 1139642 Run: DIA12_CV486075:20251228_A2_N1_Mueller_MS_TechHub_IMP_THIDDIAXL003_Cas9_PhoX_DIA12_CV486075_250ng_FAIMS_002 P1_ELGSQILKEHPVENTQLQNEK P2_DDSIDNKVLTR 8 7,DIA12_CV486075:20251228_A2_N1_Mueller_MS_TechHub_IMP_THIDDIAXL003_Cas9_PhoX_DIA12_CV486075_250ng_FAIMS_002,1139642,,,Q99ZW2,,,false,Q99ZW2,Q99ZW2,,false,DDSIDNKVLTR,ELGSQILKEHPVENTQLQNEK,849,790,7,8,855,797,,-1,4,0,1.007276,91.224697
Scan: 543880 Run: DIA12_CV486075:20251228_A2_N1_Mueller_MS_TechHub_IMP_THIDDIAXL003_Cas9_PhoX_DIA12_CV486075_250ng_FAIMS_001 P1_SDKNR P2_GKSDNVPSEEVVK 3 2,DIA12_CV486075:20251228_A2_N1_Mueller_MS_TechHub_IMP_THIDDIAXL003_Cas9_PhoX_DIA12_CV486075_250ng_FAIMS_001,543880,,,Q99ZW2,,,false,Q99ZW2,Q99ZW2,,false,GKSDNVPSEEVVK,SDKNR,865,860,2,3,866,862,,-1,4,0,1.007276,91.20256
Scan: 1507808 Run: DIA12_CV486075:20251228_A2_N1_Mueller_MS_TechHub_IMP_THIDDIAXL003_Cas9_PhoX_DIA12_CV486075_250ng_FAIMS_003 P1_KSEETITPWNFEEVVDK P2_GILQTVKVVDELVK 1 7,DIA12_CV486075:20251228_A2_N1_Mueller_MS_TechHub_IMP_THIDDIAXL003_Cas9_PhoX_DIA12_CV486075_250ng_FAIMS_003,1507808,,,Q99ZW2,,,false,Q99ZW2,Q99ZW2,,false,GILQTVKVVDELVK,KSEETITPWNFEEVVDK,736,468,7,1,742,468,,-1,4,0,1.007276,91.186119
Scan: 164278 Run: DIA12_CV486075:20251228_A2_N1_Mueller_MS_TechHub_IMP_THIDDIAXL003_Cas9_PhoX_DIA12_CV486075_250ng_FAIMS_001 P1_LKGSPEDNEQK P2_DDSIDNKVLTR 2 7,DIA12_CV486075:20251228_A2_N1_Mueller_MS_TechHub_IMP_THIDDIAXL003_Cas9_PhoX_DIA12_CV486075_250ng_FAIMS_001,164278,,,Q99ZW2,,,false,Q99ZW2,Q99ZW2,,false,DDSIDNKVLTR,LKGSPEDNEQK,849,1245,7,2,855,1246,,-1,3,0,1.007276,91.13504
Scan: 1289477 Run: DIA12_CV486075:20251228_A2_N1_Mueller_MS_TechHub_IMP_THIDDIAXL003_Cas9_PhoX_DIA12_CV486075_250ng_FAIMS_003 P1_KTEVQTGGFSKESILPK P2_KPDWDKKK 11 1,DIA12_CV486075:20251228_A2_N1_Mueller_MS_TechHub_IMP_THIDDIAXL003_Cas9_PhoX_DIA12_CV486075_250ng_FAIMS_003,1289477,,,decoy:Q99ZW2,decoy,decoy,true,Q99ZW2,Q99ZW2,,false,KPDWDKKK,KTEVQTGGFSKESILPK,1123,1097,1,11,1123,1107,,-1,4,0,1.007276,91.115562
Scan: 690597 Run: DIA12_CV486075:20251228_A2_N1_Mueller_MS_TechHub_IMP_THIDDIAXL003_Cas9_PhoX_DIA12_CV486075_250ng_FAIMS_002 P1_NSDKLIAR P2_KFDNLTK 4 1,DIA12_CV486075:20251228_A2_N1_Mueller_MS_TechHub_IMP_THIDDIAXL003_Cas9_PhoX_DIA12_CV486075_250ng_FAIMS_002,690597,,,Q99ZW2,,,false,Q99ZW2,Q99ZW2,,false,KFDNLTK,NSDKLIAR,896,1115,1,4,896,1118,,-1,3,0,1.007276,91.052746
Scan: 16126 Run: DIA12_CV486075:20251228_A2_N1_Mueller_MS_TechHub_IMP_THIDDIAXL003_Cas9_PhoX_DIA12_CV486075_250ng_FAIMS_001 P1_SEQEIGKATAK P2_KVTVK 7 1,DIA12_CV486075:20251228_A2_N1_Mueller_MS_TechHub_IMP_THIDDIAXL003_Cas9_PhoX_DIA12_CV486075_250ng_FAIMS_001,16126,,,Q99ZW2,,,false,Q99ZW2,Q99ZW2,,false,KVTVK,SEQEIGKATAK,558,1025,1,7,558,1031,,-1,3,0,1.007276,91.037857
Scan: 145463 Run: DIA12_CV486075:20251228_A2_N1_Mueller_MS_TechHub_IMP_THIDDIAXL003_Cas9_PhoX_DIA12_CV486075_250ng_FAIMS_001 P1_LPKYSLFELENGR P2_FKVLGNTDR 3 2,DIA12_CV486075:20251228_A2_N1_Mueller_MS_TechHub_IMP_THIDDIAXL003_Cas9_PhoX_DIA12_CV486075_250ng_FAIMS_001,145463,,,Q99ZW2,,,false,Q99ZW2,Q99ZW2,,false,FKVLGNTDR,LPKYSLFELENGR,32,1198,2,3,33,1200,,-1,4,0,1.007276,91.012966
Scan: 69650 Run: DIA12_CV486075:20251228_A2_N1_Mueller_MS_TechHub_IMP_THIDDIAXL003_Cas9_PhoX_DIA12_CV486075_250ng_FAIMS_001 P1_TEVQTGGFSKESILPK P2_FKVLGNTDR 10 2,DIA12_CV486075:20251228_A2_N1_Mueller_MS_TechHub_IMP_THIDDIAXL003_Cas9_PhoX_DIA12_CV486075_250ng_FAIMS_001,69650,,,Q99ZW2,,,false,Q99ZW2,Q99ZW2,,false,FKVLGNTDR,TEVQTGGFSKESILPK,32,1098,2,10,33,1107,,-1,4,0,1.007276,90.955025
Scan: 226785 Run: DIA12_CV486075:20251228_A2_N1_Mueller_MS_TechHub_IMP_THIDDIAXL003_Cas9_PhoX_DIA12_CV486075_250ng_FAIMS_001 P1_SNFDLAEDAKLQLSK P2_FKVLGNTDR 10 2,DIA12_CV486075:20251228_A2_N1_Mueller_MS_TechHub_IMP_THIDDIAXL003_Cas9_PhoX_DIA12_CV486075_250ng_FAIMS_001,226785,,,Q99ZW2,,,false,Q99ZW2,Q99ZW2,,false,FKVLGNTDR,SNFDLAEDAKLQLSK,32,254,2,10,33,263,,-1,4,0,1.007276,90.951229
Scan: 204005 Run: DIA12_CV486075:20251228_A2_N1_Mueller_MS_TechHub_IMP_THIDDIAXL003_Cas9_PhoX_DIA12_CV486075_250ng_FAIMS_001 P1_KLVDSTDK P2_HPIFGNIVDEVAYHEKYPTIYHLR 1 16,DIA12_CV486075:20251228_A2_N1_Mueller_MS_TechHub_IMP_THIDDIAXL003_Cas9_PhoX_DIA12_CV486075_250ng_FAIMS_001,204005,,,Q99ZW2,,,false,Q99ZW2,Q99ZW2,,false,HPIFGNIVDEVAYHEKYPTIYHLR,KLVDSTDK,116,141,16,1,131,141,,-1,4,0,1.007276,90.935265
Scan: 1290525 Run: DIA12_CV486075:20251228_A2_N1_Mueller_MS_TechHub_IMP_THIDDIAXL003_Cas9_PhoX_DIA12_CV486075_250ng_FAIMS_003 P1_YKEIFFDQSK P2_KKDWDPK 2 1,DIA12_CV486075:20251228_A2_N1_Mueller_MS_TechHub_IMP_THIDDIAXL003_Cas9_PhoX_DIA12_CV486075_250ng_FAIMS_003,1290525,,,Q99ZW2,,,false,Q99ZW2,Q99ZW2,,false,KKDWDPK,YKEIFFDQSK,1123,347,1,2,1123,348,,-1,4,0,1.007276,90.923912
Scan: 415381 Run: DIA12_CV486075:20251228_A2_N1_Mueller_MS_TechHub_IMP_THIDDIAXL003_Cas9_PhoX_DIA12_CV486075_250ng_FAIMS_001 P1_MTNFDKNLPNEK P2_KIECFDSVEISGVEDR 6 1,DIA12_CV486075:20251228_A2_N1_Mueller_MS_TechHub_IMP_THIDDIAXL003_Cas9_PhoX_DIA12_CV486075_250ng_FAIMS_001,415381,,,Q99ZW2,,,false,Q99ZW2,Q99ZW2,,false,KIECFDSVEISGVEDR,MTNFDKNLPNEK,571,495,1,6,571,500,,-1,4,0,1.007276,90.893421
Scan: 243794 Run: DIA12_CV486075:20251228_A2_N1_Mueller_MS_TechHub_IMP_THIDDIAXL003_Cas9_PhoX_DIA12_CV486075_250ng_FAIMS_001 P1_NLPNEKVLPK P2_FKVLGNTDR 6 2,DIA12_CV486075:20251228_A2_N1_Mueller_MS_TechHub_IMP_THIDDIAXL003_Cas9_PhoX_DIA12_CV486075_250ng_FAIMS_001,243794,,,Q99ZW2,,,false,Q99ZW2,Q99ZW2,,false,FKVLGNTDR,NLPNEKVLPK,32,501,2,6,33,506,,-1,3,0,1.007276,90.874191
Scan: 1440746 Run: DIA12_CV486075:20251228_A2_N1_Mueller_MS_TechHub_IMP_THIDDIAXL003_Cas9_PhoX_DIA12_CV486075_250ng_FAIMS_003 P1_FKVLGNTDR P2_EVKVITLK 2 3,DIA12_CV486075:20251228_A2_N1_Mueller_MS_TechHub_IMP_THIDDIAXL003_Cas9_PhoX_DIA12_CV486075_250ng_FAIMS_003,1440746,,,Q99ZW2,,,false,Q99ZW2,Q99ZW2,,false,EVKVITLK,FKVLGNTDR,952,32,3,2,954,33,,-1,3,0,1.007276,90.863445
Scan: 1501263 Run: DIA12_CV486075:20251228_A2_N1_Mueller_MS_TechHub_IMP_THIDDIAXL003_Cas9_PhoX_DIA12_CV486075_250ng_FAIMS_003 P1_KSEETITPWNFEEVVDK P2_EKIEKILTFR 1 2,DIA12_CV486075:20251228_A2_N1_Mueller_MS_TechHub_IMP_THIDDIAXL003_Cas9_PhoX_DIA12_CV486075_250ng_FAIMS_003,1501263,,,Q99ZW2,,,false,Q99ZW2,Q99ZW2,,false,EKIEKILTFR,KSEETITPWNFEEVVDK,438,468,2,1,439,468,,-1,4,0,1.007276,90.852776
Scan: 902410 Run: DIA12_CV486075:20251228_A2_N1_Mueller_MS_TechHub_IMP_THIDDIAXL003_Cas9_PhoX_DIA12_CV486075_250ng_FAIMS_002 P1_KSEETITPWNFEEVVDK P2_KFKVLGNTDR 1 3,DIA12_CV486075:20251228_A2_N1_Mueller_MS_TechHub_IMP_THIDDIAXL003_Cas9_PhoX_DIA12_CV486075_250ng_FAIMS_002,902410,,,Q99ZW2,,,false,Q99ZW2,Q99ZW2,,false,KFKVLGNTDR,KSEETITPWNFEEVVDK,31,468,3,1,33,468,,-1,4,0,1.007276,90.800655
Scan: 1085418 Run: DIA12_CV486075:20251228_A2_N1_Mueller_MS_TechHub_IMP_THIDDIAXL003_Cas9_PhoX_DIA12_CV486075_250ng_FAIMS_002 P1_KTEVQTGGFSK P2_GILQTVKVVDELVK 1 7,DIA12_CV486075:20251228_A2_N1_Mueller_MS_TechHub_IMP_THIDDIAXL003_Cas9_PhoX_DIA12_CV486075_250ng_FAIMS_002,1085418,,,Q99ZW2,,,false,Q99ZW2,Q99ZW2,,false,GILQTVKVVDELVK,KTEVQTGGFSK,736,1097,7,1,742,1097,,-1,4,0,1.007276,90.78978
Scan: 1744478 Run: DIA12_CV486075:20251228_A2_N1_Mueller_MS_TechHub_IMP_THIDDIAXL003_Cas9_PhoX_DIA12_CV486075_250ng_FAIMS_003 P1_VITLKSK P2_GKSDNVPSEEVVK 5 2,DIA12_CV486075:20251228_A2_N1_Mueller_MS_TechHub_IMP_THIDDIAXL003_Cas9_PhoX_DIA12_CV486075_250ng_FAIMS_003,1744478,,,Q99ZW2,,,false,Q99ZW2,Q99ZW2,,false,GKSDNVPSEEVVK,VITLKSK,865,955,2,5,866,959,,-1,3,0,1.007276,90.785339
Scan: 1311527 Run: DIA12_CV486075:20251228_A2_N1_Mueller_MS_TechHub_IMP_THIDDIAXL003_Cas9_PhoX_DIA12_CV486075_250ng_FAIMS_003 P1_SSFEKNPIDFLEAK P2_SEETITPWNFEEVVDKGASAQSFIER 5 16,DIA12_CV486075:20251228_A2_N1_Mueller_MS_TechHub_IMP_THIDDIAXL003_Cas9_PhoX_DIA12_CV486075_250ng_FAIMS_003,1311527,,,Q99ZW2,,,false,Q99ZW2,Q99ZW2,,false,SEETITPWNFEEVVDKGASAQSFIER,SSFEKNPIDFLEAK,469,1172,16,5,484,1176,,-1,4,0,1.007276,90.733601
Scan: 66749 Run: DIA12_CV486075:20251228_A2_N1_Mueller_MS_TechHub_IMP_THIDDIAXL003_Cas9_PhoX_DIA12_CV486075_250ng_FAIMS_001 P1_SSFEKNPIDFLEAK P2_KTEVQTGGFSKESILPK 5 11,DIA12_CV486075:20251228_A2_N1_Mueller_MS_TechHub_IMP_THIDDIAXL003_Cas9_PhoX_DIA12_CV486075_250ng_FAIMS_001,66749,,,Q99ZW2,,,false,Q99ZW2,Q99ZW2,,false,KTEVQTGGFSKESILPK,SSFEKNPIDFLEAK,1097,1172,11,5,1107,1176,,-1,5,0,1.007276,90.730953
Scan: 1108752 Run: DIA12_CV486075:20251228_A2_N1_Mueller_MS_TechHub_IMP_THIDDIAXL003_Cas9_PhoX_DIA12_CV486075_250ng_FAIMS_002 P1_LKGSPEDNEQK P2_GQKNSR 2 3,DIA12_CV486075:20251228_A2_N1_Mueller_MS_TechHub_IMP_THIDDIAXL003_Cas9_PhoX_DIA12_CV486075_250ng_FAIMS_002,1108752,,,Q99ZW2,,,false,Q99ZW2,Q99ZW2,,false,GQKNSR,LKGSPEDNEQK,773,1245,3,2,775,1246,,-1,3,0,1.007276,90.693562
Scan: 1027841 Run: DIA12_CV486075:20251228_A2_N1_Mueller_MS_TechHub_IMP_THIDDIAXL003_Cas9_PhoX_DIA12_CV486075_250ng_FAIMS_002 P1_KLINGIR P2_KAIVDLLFK 1 1,DIA12_CV486075:20251228_A2_N1_Mueller_MS_TechHub_IMP_THIDDIAXL003_Cas9_PhoX_DIA12_CV486075_250ng_FAIMS_002,1027841,,,Q99ZW2,,,false,Q99ZW2,Q99ZW2,,false,KAIVDLLFK,KLINGIR,546,665,1,1,546,665,,-1,3,0,1.007276,90.681629
Scan: 1336760 Run: DIA12_CV486075:20251228_A2_N1_Mueller_MS_TechHub_IMP_THIDDIAXL003_Cas9_PhoX_DIA12_CV486075_250ng_FAIMS_003 P1_SEQEIGKATAK P2_LPKYSLFELENGR 7 3,DIA12_CV486075:20251228_A2_N1_Mueller_MS_TechHub_IMP_THIDDIAXL003_Cas9_PhoX_DIA12_CV486075_250ng_FAIMS_003,1336760,,,Q99ZW2,,,false,Q99ZW2,Q99ZW2,,false,LPKYSLFELENGR,SEQEIGKATAK,1198,1025,3,7,1200,1031,,-1,3,0,1.007276,90.670288
Scan: 1169906 Run: DIA12_CV486075:20251228_A2_N1_Mueller_MS_TechHub_IMP_THIDDIAXL003_Cas9_PhoX_DIA12_CV486075_250ng_FAIMS_002 P1_SEETITPWNFEEVVDKGASAQSFIER P2_QITKHVAQILDSR 16 4,DIA12_CV486075:20251228_A2_N1_Mueller_MS_TechHub_IMP_THIDDIAXL003_Cas9_PhoX_DIA12_CV486075_250ng_FAIMS_002,1169906,,,Q99ZW2,,,false,Q99ZW2,Q99ZW2,,false,QITKHVAQILDSR,SEETITPWNFEEVVDKGASAQSFIER,926,469,4,16,929,484,,-1,4,0,1.007276,90.663509
Scan: 1044920 Run: DIA12_CV486075:20251228_A2_N1_Mueller_MS_TechHub_IMP_THIDDIAXL003_Cas9_PhoX_DIA12_CV486075_250ng_FAIMS_002 P1_TILDFLKSDGFANR P2_QSGKTILDFLK 7 4,DIA12_CV486075:20251228_A2_N1_Mueller_MS_TechHub_IMP_THIDDIAXL003_Cas9_PhoX_DIA12_CV486075_250ng_FAIMS_002,1044920,,,Q99ZW2,,,false,Q99ZW2,Q99ZW2,,false,QSGKTILDFLK,TILDFLKSDGFANR,674,678,4,7,677,684,,-1,4,0,1.007276,90.661079
Scan: 633674 Run: DIA12_CV486075:20251228_A2_N1_Mueller_MS_TechHub_IMP_THIDDIAXL003_Cas9_PhoX_DIA12_CV486075_250ng_FAIMS_002 P1_NSDKLIAR P2_KTEVQTGGFSK 4 1,DIA12_CV486075:20251228_A2_N1_Mueller_MS_TechHub_IMP_THIDDIAXL003_Cas9_PhoX_DIA12_CV486075_250ng_FAIMS_002,633674,,,Q99ZW2,,,false,Q99ZW2,Q99ZW2,,false,KTEVQTGGFSK,NSDKLIAR,1097,1115,1,4,1097,1118,,-1,4,0,1.007276,90.643536
Scan: 690881 Run: DIA12_CV486075:20251228_A2_N1_Mueller_MS_TechHub_IMP_THIDDIAXL003_Cas9_PhoX_DIA12_CV486075_250ng_FAIMS_002 P1_NSDKLIAR P2_KDFQFYK 4 1,DIA12_CV486075:20251228_A2_N1_Mueller_MS_TechHub_IMP_THIDDIAXL003_Cas9_PhoX_DIA12_CV486075_250ng_FAIMS_002,690881,,,Q99ZW2,,,false,Q99ZW2,Q99ZW2,,false,KDFQFYK,NSDKLIAR,968,1115,1,4,968,1118,,-1,3,0,1.007276,90.606255
Scan: 1422312 Run: DIA12_CV486075:20251228_A2_N1_Mueller_MS_TechHub_IMP_THIDDIAXL003_Cas9_PhoX_DIA12_CV486075_250ng_FAIMS_003 P1_SNFDLAEDAKLQLSK P2_FIKPILEK 10 3,DIA12_CV486075:20251228_A2_N1_Mueller_MS_TechHub_IMP_THIDDIAXL003_Cas9_PhoX_DIA12_CV486075_250ng_FAIMS_003,1422312,,,Q99ZW2,,,false,Q99ZW2,Q99ZW2,,false,FIKPILEK,SNFDLAEDAKLQLSK,375,254,3,10,377,263,,-1,3,0,1.007276,90.600719
Scan: 1285943 Run: DIA12_CV486075:20251228_A2_N1_Mueller_MS_TechHub_IMP_THIDDIAXL003_Cas9_PhoX_DIA12_CV486075_250ng_FAIMS_003 P1_QSGKTILDFLK P2_NSDKLIAR 4 4,DIA12_CV486075:20251228_A2_N1_Mueller_MS_TechHub_IMP_THIDDIAXL003_Cas9_PhoX_DIA12_CV486075_250ng_FAIMS_003,1285943,,,Q99ZW2,,,false,Q99ZW2,Q99ZW2,,false,NSDKLIAR,QSGKTILDFLK,1115,674,4,4,1118,677,,-1,4,0,1.007276,90.54454
Scan: 887950 Run: DIA12_CV486075:20251228_A2_N1_Mueller_MS_TechHub_IMP_THIDDIAXL003_Cas9_PhoX_DIA12_CV486075_250ng_FAIMS_002 P1_SEETITPWNFEEVVDKGASAQSFIER P2_EKIEKILTFR 16 2,DIA12_CV486075:20251228_A2_N1_Mueller_MS_TechHub_IMP_THIDDIAXL003_Cas9_PhoX_DIA12_CV486075_250ng_FAIMS_002,887950,,,Q99ZW2,,,false,Q99ZW2,Q99ZW2,,false,EKIEKILTFR,SEETITPWNFEEVVDKGASAQSFIER,438,469,2,16,439,484,,-1,4,0,1.007276,90.540535
Scan: 900692 Run: DIA12_CV486075:20251228_A2_N1_Mueller_MS_TechHub_IMP_THIDDIAXL003_Cas9_PhoX_DIA12_CV486075_250ng_FAIMS_002 P1_KSEETITPWNFEEVVDK P2_KDLIIKLPK 1 6,DIA12_CV486075:20251228_A2_N1_Mueller_MS_TechHub_IMP_THIDDIAXL003_Cas9_PhoX_DIA12_CV486075_250ng_FAIMS_002,900692,,,Q99ZW2,,,false,Q99ZW2,Q99ZW2,,false,KDLIIKLPK,KSEETITPWNFEEVVDK,1192,468,6,1,1197,468,,-1,4,0,1.007276,90.499298
Scan: 977855 Run: DIA12_CV486075:20251228_A2_N1_Mueller_MS_TechHub_IMP_THIDDIAXL003_Cas9_PhoX_DIA12_CV486075_250ng_FAIMS_002 P1_KPAFLSGEQK P2_HPIFGNIVDEVAYHEKYPTIYHLR 1 16,DIA12_CV486075:20251228_A2_N1_Mueller_MS_TechHub_IMP_THIDDIAXL003_Cas9_PhoX_DIA12_CV486075_250ng_FAIMS_002,977855,,,Q99ZW2,,,false,Q99ZW2,Q99ZW2,,false,HPIFGNIVDEVAYHEKYPTIYHLR,KPAFLSGEQK,116,536,16,1,131,536,,-1,5,0,1.007276,90.471386
Scan: 619903 Run: DIA12_CV486075:20251228_A2_N1_Mueller_MS_TechHub_IMP_THIDDIAXL003_Cas9_PhoX_DIA12_CV486075_250ng_FAIMS_002 P1_KSEETITPWNFEEVVDK P2_KRPLIETNGETGEIVWDK 1 1,DIA12_CV486075:20251228_A2_N1_Mueller_MS_TechHub_IMP_THIDDIAXL003_Cas9_PhoX_DIA12_CV486075_250ng_FAIMS_002,619903,,,Q99ZW2,,,false,Q99ZW2,Q99ZW2,,false,KRPLIETNGETGEIVWDK,KSEETITPWNFEEVVDK,1059,468,1,1,1059,468,,-1,4,0,1.007276,90.468521
Scan: 839214 Run: DIA12_CV486075:20251228_A2_N1_Mueller_MS_TechHub_IMP_THIDDIAXL003_Cas9_PhoX_DIA12_CV486075_250ng_FAIMS_002 P1_KKDWDPK P2_FKVLGNTDR 1 2,DIA12_CV486075:20251228_A2_N1_Mueller_MS_TechHub_IMP_THIDDIAXL003_Cas9_PhoX_DIA12_CV486075_250ng_FAIMS_002,839214,,,Q99ZW2,,,false,Q99ZW2,Q99ZW2,,false,FKVLGNTDR,KKDWDPK,32,1123,2,1,33,1123,,-1,4,0,1.007276,90.459129
Scan: 483415 Run: DIA12_CV486075:20251228_A2_N1_Mueller_MS_TechHub_IMP_THIDDIAXL003_Cas9_PhoX_DIA12_CV486075_250ng_FAIMS_001 P1_KGILQTVK P2_KDLIIK 1 1,DIA12_CV486075:20251228_A2_N1_Mueller_MS_TechHub_IMP_THIDDIAXL003_Cas9_PhoX_DIA12_CV486075_250ng_FAIMS_001,483415,,,Q99ZW2,,,false,Q99ZW2,Q99ZW2,,false,KDLIIK,KGILQTVK,1192,735,1,1,1192,735,,-1,3,0,1.007276,90.44265
Scan: 1558542 Run: DIA12_CV486075:20251228_A2_N1_Mueller_MS_TechHub_IMP_THIDDIAXL003_Cas9_PhoX_DIA12_CV486075_250ng_FAIMS_003 P1_VLPKHSLLYEYFTVYNELTK P2_KSEETITPWNFEEVVDK 4 1,DIA12_CV486075:20251228_A2_N1_Mueller_MS_TechHub_IMP_THIDDIAXL003_Cas9_PhoX_DIA12_CV486075_250ng_FAIMS_003,1558542,,,Q99ZW2,,,false,Q99ZW2,Q99ZW2,,false,KSEETITPWNFEEVVDK,VLPKHSLLYEYFTVYNELTK,468,507,1,4,468,510,,-1,4,0,1.007276,90.400585
Scan: 1341062 Run: DIA12_CV486075:20251228_A2_N1_Mueller_MS_TechHub_IMP_THIDDIAXL003_Cas9_PhoX_DIA12_CV486075_250ng_FAIMS_003 P1_LPKYSLFELENGR P2_KPAFLSGEQK 3 1,DIA12_CV486075:20251228_A2_N1_Mueller_MS_TechHub_IMP_THIDDIAXL003_Cas9_PhoX_DIA12_CV486075_250ng_FAIMS_003,1341062,,,Q99ZW2,,,false,Q99ZW2,Q99ZW2,,false,KPAFLSGEQK,LPKYSLFELENGR,536,1198,1,3,536,1200,,-1,4,0,1.007276,90.386101
Scan: 1719507 Run: DIA12_CV486075:20251228_A2_N1_Mueller_MS_TechHub_IMP_THIDDIAXL003_Cas9_PhoX_DIA12_CV486075_250ng_FAIMS_003 P1_ELGSQILKEHPVENTQLQNEK P2_DKQSGK 8 2,DIA12_CV486075:20251228_A2_N1_Mueller_MS_TechHub_IMP_THIDDIAXL003_Cas9_PhoX_DIA12_CV486075_250ng_FAIMS_003,1719507,,,Q99ZW2,,,false,Q99ZW2,Q99ZW2,,false,DKQSGK,ELGSQILKEHPVENTQLQNEK,672,790,2,8,673,797,,-1,4,0,1.007276,90.376266
Scan: 358251 Run: DIA12_CV486075:20251228_A2_N1_Mueller_MS_TechHub_IMP_THIDDIAXL003_Cas9_PhoX_DIA12_CV486075_250ng_FAIMS_001 P1_MTNFDKNLPNEK P2_KLINGIR 6 1,DIA12_CV486075:20251228_A2_N1_Mueller_MS_TechHub_IMP_THIDDIAXL003_Cas9_PhoX_DIA12_CV486075_250ng_FAIMS_001,358251,,,Q99ZW2,,,false,Q99ZW2,Q99ZW2,,false,KLINGIR,MTNFDKNLPNEK,665,495,1,6,665,500,,-1,4,0,1.007276,90.369915
Scan: 1026445 Run: DIA12_CV486075:20251228_A2_N1_Mueller_MS_TechHub_IMP_THIDDIAXL003_Cas9_PhoX_DIA12_CV486075_250ng_FAIMS_002 P1_KLINGIR P2_KDLIIK 1 1,DIA12_CV486075:20251228_A2_N1_Mueller_MS_TechHub_IMP_THIDDIAXL003_Cas9_PhoX_DIA12_CV486075_250ng_FAIMS_002,1026445,,,Q99ZW2,,,false,Q99ZW2,Q99ZW2,,false,KDLIIK,KLINGIR,1192,665,1,1,1192,665,,-1,3,0,1.007276,90.346863
Scan: 1261090 Run: DIA12_CV486075:20251228_A2_N1_Mueller_MS_TechHub_IMP_THIDDIAXL003_Cas9_PhoX_DIA12_CV486075_250ng_FAIMS_003 P1_KYGGFDSPTVAYSVLVVAK P2_KTEVQTGGFSKESILPK 1 11,DIA12_CV486075:20251228_A2_N1_Mueller_MS_TechHub_IMP_THIDDIAXL003_Cas9_PhoX_DIA12_CV486075_250ng_FAIMS_003,1261090,,,Q99ZW2,,,false,Q99ZW2,Q99ZW2,,false,KTEVQTGGFSKESILPK,KYGGFDSPTVAYSVLVVAK,1097,1130,11,1,1107,1130,,-1,4,0,1.007276,90.331017
Scan: 1782869 Run: DIA12_CV486075:20251228_A2_N1_Mueller_MS_TechHub_IMP_THIDDIAXL003_Cas9_PhoX_DIA12_CV486075_250ng_FAIMS_003 P1_SKLVSDFR P2_KDWDPK 2 1,DIA12_CV486075:20251228_A2_N1_Mueller_MS_TechHub_IMP_THIDDIAXL003_Cas9_PhoX_DIA12_CV486075_250ng_FAIMS_003,1782869,,,Q99ZW2,,,false,Q99ZW2,Q99ZW2,,false,KDWDPK,SKLVSDFR,1124,960,1,2,1124,961,,-1,3,0,1.007276,90.329491
Scan: 1486532 Run: DIA12_CV486075:20251228_A2_N1_Mueller_MS_TechHub_IMP_THIDDIAXL003_Cas9_PhoX_DIA12_CV486075_250ng_FAIMS_003 P1_QQLPEKYK P2_IEKILTFR 6 3,DIA12_CV486075:20251228_A2_N1_Mueller_MS_TechHub_IMP_THIDDIAXL003_Cas9_PhoX_DIA12_CV486075_250ng_FAIMS_003,1486532,,,Q99ZW2,,,false,Q99ZW2,Q99ZW2,,false,IEKILTFR,QQLPEKYK,440,341,3,6,442,346,,-1,3,0,1.007276,90.319538
Scan: 775240 Run: DIA12_CV486075:20251228_A2_N1_Mueller_MS_TechHub_IMP_THIDDIAXL003_Cas9_PhoX_DIA12_CV486075_250ng_FAIMS_002 P1_KLINGIR P2_HYLDEIIEQISEFSKR 1 15,DIA12_CV486075:20251228_A2_N1_Mueller_MS_TechHub_IMP_THIDDIAXL003_Cas9_PhoX_DIA12_CV486075_250ng_FAIMS_002,775240,,,Q99ZW2,,,false,Q99ZW2,Q99ZW2,,false,HYLDEIIEQISEFSKR,KLINGIR,1264,665,15,1,1278,665,,-1,4,0,1.007276,90.308781
Scan: 853596 Run: DIA12_CV486075:20251228_A2_N1_Mueller_MS_TechHub_IMP_THIDDIAXL003_Cas9_PhoX_DIA12_CV486075_250ng_FAIMS_002 P1_YKEIFFDQSK P2_LVDSTDKADLR 2 7,DIA12_CV486075:20251228_A2_N1_Mueller_MS_TechHub_IMP_THIDDIAXL003_Cas9_PhoX_DIA12_CV486075_250ng_FAIMS_002,853596,,,Q99ZW2,,,false,Q99ZW2,Q99ZW2,,false,LVDSTDKADLR,YKEIFFDQSK,142,347,7,2,148,348,,-1,3,0,1.007276,90.288082
Scan: 1693902 Run: DIA12_CV486075:20251228_A2_N1_Mueller_MS_TechHub_IMP_THIDDIAXL003_Cas9_PhoX_DIA12_CV486075_250ng_FAIMS_003 P1_GILQTVKVVDELVK P2_EVKVITLK 7 3,DIA12_CV486075:20251228_A2_N1_Mueller_MS_TechHub_IMP_THIDDIAXL003_Cas9_PhoX_DIA12_CV486075_250ng_FAIMS_003,1693902,,,Q99ZW2,,,false,Q99ZW2,Q99ZW2,,false,EVKVITLK,GILQTVKVVDELVK,952,736,3,7,954,742,,-1,3,0,1.007276,90.266716
Scan: 1782260 Run: DIA12_CV486075:20251228_A2_N1_Mueller_MS_TechHub_IMP_THIDDIAXL003_Cas9_PhoX_DIA12_CV486075_250ng_FAIMS_003 P1_KDFQFYK P2_EVKVITLK 1 3,DIA12_CV486075:20251228_A2_N1_Mueller_MS_TechHub_IMP_THIDDIAXL003_Cas9_PhoX_DIA12_CV486075_250ng_FAIMS_003,1782260,,,Q99ZW2,,,false,Q99ZW2,Q99ZW2,,false,EVKVITLK,KDFQFYK,952,968,3,1,954,968,,-1,3,0,1.007276,90.261955
Scan: 858487 Run: DIA12_CV486075:20251228_A2_N1_Mueller_MS_TechHub_IMP_THIDDIAXL003_Cas9_PhoX_DIA12_CV486075_250ng_FAIMS_002 P1_YKEIFFDQSK P2_SDKNR 2 3,DIA12_CV486075:20251228_A2_N1_Mueller_MS_TechHub_IMP_THIDDIAXL003_Cas9_PhoX_DIA12_CV486075_250ng_FAIMS_002,858487,,,Q99ZW2,,,false,Q99ZW2,Q99ZW2,,false,SDKNR,YKEIFFDQSK,860,347,3,2,862,348,,-1,3,0,1.007276,90.218418
Scan: 1788228 Run: DIA12_CV486075:20251228_A2_N1_Mueller_MS_TechHub_IMP_THIDDIAXL003_Cas9_PhoX_DIA12_CV486075_250ng_FAIMS_003 P1_KDLIIK P2_KDFQFYK 1 1,DIA12_CV486075:20251228_A2_N1_Mueller_MS_TechHub_IMP_THIDDIAXL003_Cas9_PhoX_DIA12_CV486075_250ng_FAIMS_003,1788228,,,Q99ZW2,,,false,Q99ZW2,Q99ZW2,,false,KDFQFYK,KDLIIK,968,1192,1,1,968,1192,,-1,3,0,1.007276,90.195141
Scan: 859163 Run: DIA12_CV486075:20251228_A2_N1_Mueller_MS_TechHub_IMP_THIDDIAXL003_Cas9_PhoX_DIA12_CV486075_250ng_FAIMS_002 P1_YKEIFFDQSK P2_KDFQFYK 2 1,DIA12_CV486075:20251228_A2_N1_Mueller_MS_TechHub_IMP_THIDDIAXL003_Cas9_PhoX_DIA12_CV486075_250ng_FAIMS_002,859163,,,Q99ZW2,,,false,Q99ZW2,Q99ZW2,,false,KDFQFYK,YKEIFFDQSK,968,347,1,2,968,348,,-1,3,0,1.007276,90.193455
Scan: 1123215 Run: DIA12_CV486075:20251228_A2_N1_Mueller_MS_TechHub_IMP_THIDDIAXL003_Cas9_PhoX_DIA12_CV486075_250ng_FAIMS_002 P1_GQKNSR P2_ELGSQILKEHPVENTQLQNEK 3 8,DIA12_CV486075:20251228_A2_N1_Mueller_MS_TechHub_IMP_THIDDIAXL003_Cas9_PhoX_DIA12_CV486075_250ng_FAIMS_002,1123215,,,Q99ZW2,,,false,Q99ZW2,Q99ZW2,,false,ELGSQILKEHPVENTQLQNEK,GQKNSR,790,773,8,3,797,775,,-1,4,0,1.007276,90.183048
Scan: 621394 Run: DIA12_CV486075:20251228_A2_N1_Mueller_MS_TechHub_IMP_THIDDIAXL003_Cas9_PhoX_DIA12_CV486075_250ng_FAIMS_002 P1_SKLVSDFR P2_KRPLIETNGETGEIVWDK 2 1,DIA12_CV486075:20251228_A2_N1_Mueller_MS_TechHub_IMP_THIDDIAXL003_Cas9_PhoX_DIA12_CV486075_250ng_FAIMS_002,621394,,,Q99ZW2,,,false,Q99ZW2,Q99ZW2,,false,KRPLIETNGETGEIVWDK,SKLVSDFR,1059,960,1,2,1059,961,,-1,4,0,1.007276,90.17482
Scan: 1268089 Run: DIA12_CV486075:20251228_A2_N1_Mueller_MS_TechHub_IMP_THIDDIAXL003_Cas9_PhoX_DIA12_CV486075_250ng_FAIMS_003 P1_TEVQTGGFSKESILPK P2_QSGKTILDFLK 10 4,DIA12_CV486075:20251228_A2_N1_Mueller_MS_TechHub_IMP_THIDDIAXL003_Cas9_PhoX_DIA12_CV486075_250ng_FAIMS_003,1268089,,,Q99ZW2,,,false,Q99ZW2,Q99ZW2,,false,QSGKTILDFLK,TEVQTGGFSKESILPK,674,1098,4,10,677,1107,,-1,4,0,1.007276,90.151691
Scan: 1304816 Run: DIA12_CV486075:20251228_A2_N1_Mueller_MS_TechHub_IMP_THIDDIAXL003_Cas9_PhoX_DIA12_CV486075_250ng_FAIMS_003 P1_QLKEDYFK P2_LKSVK 3 2,DIA12_CV486075:20251228_A2_N1_Mueller_MS_TechHub_IMP_THIDDIAXL003_Cas9_PhoX_DIA12_CV486075_250ng_FAIMS_003,1304816,,,Q99ZW2,,,false,Q99ZW2,Q99ZW2,,false,LKSVK,QLKEDYFK,1157,563,2,3,1158,565,,-1,3,0,1.007276,90.146622
Scan: 512758 Run: DIA12_CV486075:20251228_A2_N1_Mueller_MS_TechHub_IMP_THIDDIAXL003_Cas9_PhoX_DIA12_CV486075_250ng_FAIMS_001 P1_QLKEDYFK P2_GQKNSR 3 3,DIA12_CV486075:20251228_A2_N1_Mueller_MS_TechHub_IMP_THIDDIAXL003_Cas9_PhoX_DIA12_CV486075_250ng_FAIMS_001,512758,,,Q99ZW2,,,false,Q99ZW2,Q99ZW2,,false,GQKNSR,QLKEDYFK,773,563,3,3,775,565,,-1,3,0,1.007276,90.132061
Scan: 1379103 Run: DIA12_CV486075:20251228_A2_N1_Mueller_MS_TechHub_IMP_THIDDIAXL003_Cas9_PhoX_DIA12_CV486075_250ng_FAIMS_003 P1_VILADANLDKVLSAYNK P2_QLKEDYFK 10 3,DIA12_CV486075:20251228_A2_N1_Mueller_MS_TechHub_IMP_THIDDIAXL003_Cas9_PhoX_DIA12_CV486075_250ng_FAIMS_003,1379103,,,Q99ZW2,,,false,Q99ZW2,Q99ZW2,,false,QLKEDYFK,VILADANLDKVLSAYNK,563,1280,3,10,565,1289,,-1,4,0,1.007276,90.094536
Scan: 1037564 Run: DIA12_CV486075:20251228_A2_N1_Mueller_MS_TechHub_IMP_THIDDIAXL003_Cas9_PhoX_DIA12_CV486075_250ng_FAIMS_002 P1_QSGKTILDFLK P2_KGILQTVK 4 1,DIA12_CV486075:20251228_A2_N1_Mueller_MS_TechHub_IMP_THIDDIAXL003_Cas9_PhoX_DIA12_CV486075_250ng_FAIMS_002,1037564,,,Q99ZW2,,,false,Q99ZW2,Q99ZW2,,false,KGILQTVK,QSGKTILDFLK,735,674,1,4,735,677,,-1,3,0,1.007276,90.089287
Scan: 293374 Run: DIA12_CV486075:20251228_A2_N1_Mueller_MS_TechHub_IMP_THIDDIAXL003_Cas9_PhoX_DIA12_CV486075_250ng_FAIMS_001 P1_KAIVDLLFK P2_IEKILTFR 1 3,DIA12_CV486075:20251228_A2_N1_Mueller_MS_TechHub_IMP_THIDDIAXL003_Cas9_PhoX_DIA12_CV486075_250ng_FAIMS_001,293374,,,Q99ZW2,,,false,Q99ZW2,Q99ZW2,,false,IEKILTFR,KAIVDLLFK,440,546,3,1,442,546,,-1,3,0,1.007276,90.056652
Scan: 946506 Run: DIA12_CV486075:20251228_A2_N1_Mueller_MS_TechHub_IMP_THIDDIAXL003_Cas9_PhoX_DIA12_CV486075_250ng_FAIMS_002 P1_KSEETITPWNFEEVVDKGASAQSFIER P2_KLINGIR 17 1,DIA12_CV486075:20251228_A2_N1_Mueller_MS_TechHub_IMP_THIDDIAXL003_Cas9_PhoX_DIA12_CV486075_250ng_FAIMS_002,946506,,,Q99ZW2,,,false,Q99ZW2,Q99ZW2,,false,KLINGIR,KSEETITPWNFEEVVDKGASAQSFIER,665,468,1,17,665,484,,-1,4,0,1.007276,90.038395
Scan: 944200 Run: DIA12_CV486075:20251228_A2_N1_Mueller_MS_TechHub_IMP_THIDDIAXL003_Cas9_PhoX_DIA12_CV486075_250ng_FAIMS_002 P1_NLPNEKVLPK P2_KSEETITPWNFEEVVDKGASAQSFIER 6 17,DIA12_CV486075:20251228_A2_N1_Mueller_MS_TechHub_IMP_THIDDIAXL003_Cas9_PhoX_DIA12_CV486075_250ng_FAIMS_002,944200,,,Q99ZW2,,,false,Q99ZW2,Q99ZW2,,false,KSEETITPWNFEEVVDKGASAQSFIER,NLPNEKVLPK,468,501,17,6,484,506,,-1,4,0,1.007276,90.035477
Scan: 1638949 Run: DIA12_CV486075:20251228_A2_N1_Mueller_MS_TechHub_IMP_THIDDIAXL003_Cas9_PhoX_DIA12_CV486075_250ng_FAIMS_003 P1_TILDFLKSDGFANR P2_SNFDLAEDAKLQLSK 7 10,DIA12_CV486075:20251228_A2_N1_Mueller_MS_TechHub_IMP_THIDDIAXL003_Cas9_PhoX_DIA12_CV486075_250ng_FAIMS_003,1638949,,,Q99ZW2,,,false,Q99ZW2,Q99ZW2,,false,SNFDLAEDAKLQLSK,TILDFLKSDGFANR,254,678,10,7,263,684,,-1,4,0,1.007276,90.000565
Scan: 76137 Run: DIA12_CV486075:20251228_A2_N1_Mueller_MS_TechHub_IMP_THIDDIAXL003_Cas9_PhoX_DIA12_CV486075_250ng_FAIMS_001 P1_KPLISER P2_KLINGIR 1 1,DIA12_CV486075:20251228_A2_N1_Mueller_MS_TechHub_IMP_THIDDIAXL003_Cas9_PhoX_DIA12_CV486075_250ng_FAIMS_001,76137,,,Q99ZW2,,,false,decoy:Q99ZW2,decoy,decoy,true,KLINGIR,KPLISER,665,1108,1,1,665,1108,,-1,4,0,1.007276,89.991112
Scan: 1231786 Run: DIA12_CV486075:20251228_A2_N1_Mueller_MS_TechHub_IMP_THIDDIAXL003_Cas9_PhoX_DIA12_CV486075_250ng_FAIMS_003 P1_KTEVQTGGFSK P2_GYKEVK 1 3,DIA12_CV486075:20251228_A2_N1_Mueller_MS_TechHub_IMP_THIDDIAXL003_Cas9_PhoX_DIA12_CV486075_250ng_FAIMS_003,1231786,,,Q99ZW2,,,false,Q99ZW2,Q99ZW2,,false,GYKEVK,KTEVQTGGFSK,1186,1097,3,1,1188,1097,,-1,3,0,1.007276,89.981659
Scan: 487641 Run: DIA12_CV486075:20251228_A2_N1_Mueller_MS_TechHub_IMP_THIDDIAXL003_Cas9_PhoX_DIA12_CV486075_250ng_FAIMS_001 P1_KRPLIETNGETGEIVWDK P2_GILQTVKVVDELVK 1 7,DIA12_CV486075:20251228_A2_N1_Mueller_MS_TechHub_IMP_THIDDIAXL003_Cas9_PhoX_DIA12_CV486075_250ng_FAIMS_001,487641,,,Q99ZW2,,,false,Q99ZW2,Q99ZW2,,false,GILQTVKVVDELVK,KRPLIETNGETGEIVWDK,736,1059,7,1,742,1059,,-1,4,0,1.007276,89.928417
Scan: 513146 Run: DIA12_CV486075:20251228_A2_N1_Mueller_MS_TechHub_IMP_THIDDIAXL003_Cas9_PhoX_DIA12_CV486075_250ng_FAIMS_001 P1_SDKNR P2_GQKNSR 3 3,DIA12_CV486075:20251228_A2_N1_Mueller_MS_TechHub_IMP_THIDDIAXL003_Cas9_PhoX_DIA12_CV486075_250ng_FAIMS_001,513146,,,Q99ZW2,,,false,Q99ZW2,Q99ZW2,,false,GQKNSR,SDKNR,773,860,3,3,775,862,,-1,3,0,1.007276,89.923279
Scan: 1107989 Run: DIA12_CV486075:20251228_A2_N1_Mueller_MS_TechHub_IMP_THIDDIAXL003_Cas9_PhoX_DIA12_CV486075_250ng_FAIMS_002 P1_ENQTTQKGQK P2_DDSIDNKVLTR 7 7,DIA12_CV486075:20251228_A2_N1_Mueller_MS_TechHub_IMP_THIDDIAXL003_Cas9_PhoX_DIA12_CV486075_250ng_FAIMS_002,1107989,,,Q99ZW2,,,false,Q99ZW2,Q99ZW2,,false,DDSIDNKVLTR,ENQTTQKGQK,849,766,7,7,855,772,,-1,3,0,1.007276,89.853733
Scan: 16502 Run: DIA12_CV486075:20251228_A2_N1_Mueller_MS_TechHub_IMP_THIDDIAXL003_Cas9_PhoX_DIA12_CV486075_250ng_FAIMS_001 P1_SEQEIGKATAK P2_ELGSQILKEHPVENTQLQNEK 7 8,DIA12_CV486075:20251228_A2_N1_Mueller_MS_TechHub_IMP_THIDDIAXL003_Cas9_PhoX_DIA12_CV486075_250ng_FAIMS_001,16502,,,Q99ZW2,,,false,Q99ZW2,Q99ZW2,,false,ELGSQILKEHPVENTQLQNEK,SEQEIGKATAK,790,1025,8,7,797,1031,,-1,4,0,1.007276,89.829048
Scan: 36428 Run: DIA12_CV486075:20251228_A2_N1_Mueller_MS_TechHub_IMP_THIDDIAXL003_Cas9_PhoX_DIA12_CV486075_250ng_FAIMS_001 P1_KTEVQTGGFSK P2_KKDWDPK 1 1,DIA12_CV486075:20251228_A2_N1_Mueller_MS_TechHub_IMP_THIDDIAXL003_Cas9_PhoX_DIA12_CV486075_250ng_FAIMS_001,36428,,,Q99ZW2,,,false,Q99ZW2,Q99ZW2,,false,KKDWDPK,KTEVQTGGFSK,1123,1097,1,1,1123,1097,,-1,4,0,1.007276,89.824409
Scan: 587066 Run: DIA12_CV486075:20251228_A2_N1_Mueller_MS_TechHub_IMP_THIDDIAXL003_Cas9_PhoX_DIA12_CV486075_250ng_FAIMS_001 P1_YDENDKLIR P2_KGILQTVK 6 1,DIA12_CV486075:20251228_A2_N1_Mueller_MS_TechHub_IMP_THIDDIAXL003_Cas9_PhoX_DIA12_CV486075_250ng_FAIMS_001,587066,,,Q99ZW2,,,false,Q99ZW2,Q99ZW2,,false,KGILQTVK,YDENDKLIR,735,943,1,6,735,948,,-1,3,0,1.007276,89.813927
Scan: 509058 Run: DIA12_CV486075:20251228_A2_N1_Mueller_MS_TechHub_IMP_THIDDIAXL003_Cas9_PhoX_DIA12_CV486075_250ng_FAIMS_001 P1_KDWDPK P2_ENQTTQKGQK 1 7,DIA12_CV486075:20251228_A2_N1_Mueller_MS_TechHub_IMP_THIDDIAXL003_Cas9_PhoX_DIA12_CV486075_250ng_FAIMS_001,509058,,,Q99ZW2,,,false,Q99ZW2,Q99ZW2,,false,ENQTTQKGQK,KDWDPK,766,1124,7,1,772,1124,,-1,3,0,1.007276,89.785301
Scan: 1684860 Run: DIA12_CV486075:20251228_A2_N1_Mueller_MS_TechHub_IMP_THIDDIAXL003_Cas9_PhoX_DIA12_CV486075_250ng_FAIMS_003 P1_KDLIIK P2_GILQTVKVVDELVK 1 7,DIA12_CV486075:20251228_A2_N1_Mueller_MS_TechHub_IMP_THIDDIAXL003_Cas9_PhoX_DIA12_CV486075_250ng_FAIMS_003,1684860,,,Q99ZW2,,,false,Q99ZW2,Q99ZW2,,false,GILQTVKVVDELVK,KDLIIK,736,1192,7,1,742,1192,,-1,3,0,1.007276,89.746773
Scan: 741774 Run: DIA12_CV486075:20251228_A2_N1_Mueller_MS_TechHub_IMP_THIDDIAXL003_Cas9_PhoX_DIA12_CV486075_250ng_FAIMS_002 P1_LPKYSLFELENGR P2_GYKEVK 3 3,DIA12_CV486075:20251228_A2_N1_Mueller_MS_TechHub_IMP_THIDDIAXL003_Cas9_PhoX_DIA12_CV486075_250ng_FAIMS_002,741774,,,Q99ZW2,,,false,Q99ZW2,Q99ZW2,,false,GYKEVK,LPKYSLFELENGR,1186,1198,3,3,1188,1200,,-1,3,0,1.007276,89.727314
Scan: 290878 Run: DIA12_CV486075:20251228_A2_N1_Mueller_MS_TechHub_IMP_THIDDIAXL003_Cas9_PhoX_DIA12_CV486075_250ng_FAIMS_001 P1_KLINGIR P2_HSIKK 1 4,DIA12_CV486075:20251228_A2_N1_Mueller_MS_TechHub_IMP_THIDDIAXL003_Cas9_PhoX_DIA12_CV486075_250ng_FAIMS_001,290878,,,Q99ZW2,,,false,Q99ZW2,Q99ZW2,,false,HSIKK,KLINGIR,41,665,4,1,44,665,,-1,3,0,1.007276,89.716709
Scan: 593316 Run: DIA12_CV486075:20251228_A2_N1_Mueller_MS_TechHub_IMP_THIDDIAXL003_Cas9_PhoX_DIA12_CV486075_250ng_FAIMS_001 P1_SEQEIGKATAK P2_KDFQFYK 7 1,DIA12_CV486075:20251228_A2_N1_Mueller_MS_TechHub_IMP_THIDDIAXL003_Cas9_PhoX_DIA12_CV486075_250ng_FAIMS_001,593316,,,Q99ZW2,,,false,Q99ZW2,Q99ZW2,,false,KDFQFYK,SEQEIGKATAK,968,1025,1,7,968,1031,,-1,3,0,1.007276,89.695866
Scan: 1264598 Run: DIA12_CV486075:20251228_A2_N1_Mueller_MS_TechHub_IMP_THIDDIAXL003_Cas9_PhoX_DIA12_CV486075_250ng_FAIMS_003 P1_YKEIFFDQSK P2_TEVQTGGFSKESILPK 2 10,DIA12_CV486075:20251228_A2_N1_Mueller_MS_TechHub_IMP_THIDDIAXL003_Cas9_PhoX_DIA12_CV486075_250ng_FAIMS_003,1264598,,,Q99ZW2,,,false,Q99ZW2,Q99ZW2,,false,TEVQTGGFSKESILPK,YKEIFFDQSK,1098,347,10,2,1107,348,,-1,4,0,1.007276,89.690746
Scan: 1398655 Run: DIA12_CV486075:20251228_A2_N1_Mueller_MS_TechHub_IMP_THIDDIAXL003_Cas9_PhoX_DIA12_CV486075_250ng_FAIMS_003 P1_KLVDSTDK P2_DLIIKLPK 1 5,DIA12_CV486075:20251228_A2_N1_Mueller_MS_TechHub_IMP_THIDDIAXL003_Cas9_PhoX_DIA12_CV486075_250ng_FAIMS_003,1398655,,,Q99ZW2,,,false,Q99ZW2,Q99ZW2,,false,DLIIKLPK,KLVDSTDK,1193,141,5,1,1197,141,,-1,3,0,1.007276,89.670582
Scan: 1605269 Run: DIA12_CV486075:20251228_A2_N1_Mueller_MS_TechHub_IMP_THIDDIAXL003_Cas9_PhoX_DIA12_CV486075_250ng_FAIMS_003 P1_KVTVK P2_DKPIR 1 2,DIA12_CV486075:20251228_A2_N1_Mueller_MS_TechHub_IMP_THIDDIAXL003_Cas9_PhoX_DIA12_CV486075_250ng_FAIMS_003,1605269,,,Q99ZW2,,,false,Q99ZW2,Q99ZW2,,false,DKPIR,KVTVK,1299,558,2,1,1300,558,,-1,3,0,1.007276,89.636032
Scan: 163390 Run: DIA12_CV486075:20251228_A2_N1_Mueller_MS_TechHub_IMP_THIDDIAXL003_Cas9_PhoX_DIA12_CV486075_250ng_FAIMS_001 P1_LKGSPEDNEQK P2_KGILQTVK 2 1,DIA12_CV486075:20251228_A2_N1_Mueller_MS_TechHub_IMP_THIDDIAXL003_Cas9_PhoX_DIA12_CV486075_250ng_FAIMS_001,163390,,,Q99ZW2,,,false,Q99ZW2,Q99ZW2,,false,KGILQTVK,LKGSPEDNEQK,735,1245,1,2,735,1246,,-1,3,0,1.007276,89.623024
Scan: 1037912 Run: DIA12_CV486075:20251228_A2_N1_Mueller_MS_TechHub_IMP_THIDDIAXL003_Cas9_PhoX_DIA12_CV486075_250ng_FAIMS_002 P1_QSGKTILDFLK P2_KDFQFYK 4 1,DIA12_CV486075:20251228_A2_N1_Mueller_MS_TechHub_IMP_THIDDIAXL003_Cas9_PhoX_DIA12_CV486075_250ng_FAIMS_002,1037912,,,Q99ZW2,,,false,Q99ZW2,Q99ZW2,,false,KDFQFYK,QSGKTILDFLK,968,674,1,4,968,677,,-1,3,0,1.007276,89.617287
Scan: 254910 Run: DIA12_CV486075:20251228_A2_N1_Mueller_MS_TechHub_IMP_THIDDIAXL003_Cas9_PhoX_DIA12_CV486075_250ng_FAIMS_001 P1_YKEIFFDQSK P2_KKDWDPK 2 2,DIA12_CV486075:20251228_A2_N1_Mueller_MS_TechHub_IMP_THIDDIAXL003_Cas9_PhoX_DIA12_CV486075_250ng_FAIMS_001,254910,,,Q99ZW2,,,false,Q99ZW2,Q99ZW2,,false,KKDWDPK,YKEIFFDQSK,1123,347,2,2,1124,348,,-1,3,0,1.007276,89.555122
Scan: 1627122 Run: DIA12_CV486075:20251228_A2_N1_Mueller_MS_TechHub_IMP_THIDDIAXL003_Cas9_PhoX_DIA12_CV486075_250ng_FAIMS_003 P1_KLINGIR P2_EVKVITLK 1 3,DIA12_CV486075:20251228_A2_N1_Mueller_MS_TechHub_IMP_THIDDIAXL003_Cas9_PhoX_DIA12_CV486075_250ng_FAIMS_003,1627122,,,Q99ZW2,,,false,Q99ZW2,Q99ZW2,,false,EVKVITLK,KLINGIR,952,665,3,1,954,665,,-1,3,0,1.007276,89.551525
Scan: 136486 Run: DIA12_CV486075:20251228_A2_N1_Mueller_MS_TechHub_IMP_THIDDIAXL003_Cas9_PhoX_DIA12_CV486075_250ng_FAIMS_001 P1_KDLIIK P2_DKQSGK 1 2,DIA12_CV486075:20251228_A2_N1_Mueller_MS_TechHub_IMP_THIDDIAXL003_Cas9_PhoX_DIA12_CV486075_250ng_FAIMS_001,136486,,,Q99ZW2,,,false,Q99ZW2,Q99ZW2,,false,DKQSGK,KDLIIK,672,1192,2,1,673,1192,,-1,3,0,1.007276,89.549667
Scan: 1266215 Run: DIA12_CV486075:20251228_A2_N1_Mueller_MS_TechHub_IMP_THIDDIAXL003_Cas9_PhoX_DIA12_CV486075_250ng_FAIMS_003 P1_KTEVQTGGFSKESILPK P2_KPAFLSGEQK 11 1,DIA12_CV486075:20251228_A2_N1_Mueller_MS_TechHub_IMP_THIDDIAXL003_Cas9_PhoX_DIA12_CV486075_250ng_FAIMS_003,1266215,,,Q99ZW2,,,false,Q99ZW2,Q99ZW2,,false,KPAFLSGEQK,KTEVQTGGFSKESILPK,536,1097,1,11,536,1107,,-1,4,0,1.007276,89.54958
Scan: 1739797 Run: DIA12_CV486075:20251228_A2_N1_Mueller_MS_TechHub_IMP_THIDDIAXL003_Cas9_PhoX_DIA12_CV486075_250ng_FAIMS_003 P1_KKDWDPK P2_GKSDNVPSEEVVK 1 2,DIA12_CV486075:20251228_A2_N1_Mueller_MS_TechHub_IMP_THIDDIAXL003_Cas9_PhoX_DIA12_CV486075_250ng_FAIMS_003,1739797,,,Q99ZW2,,,false,Q99ZW2,Q99ZW2,,false,GKSDNVPSEEVVK,KKDWDPK,865,1123,2,1,866,1123,,-1,3,0,1.007276,89.536076
Scan: 84960 Run: DIA12_CV486075:20251228_A2_N1_Mueller_MS_TechHub_IMP_THIDDIAXL003_Cas9_PhoX_DIA12_CV486075_250ng_FAIMS_001 P1_NSDKLIAR P2_KYGGFDSPTVAYSVLVVAK 4 1,DIA12_CV486075:20251228_A2_N1_Mueller_MS_TechHub_IMP_THIDDIAXL003_Cas9_PhoX_DIA12_CV486075_250ng_FAIMS_001,84960,,,Q99ZW2,,,false,Q99ZW2,Q99ZW2,,false,KYGGFDSPTVAYSVLVVAK,NSDKLIAR,1130,1115,1,4,1130,1118,,-1,4,0,1.007276,89.516891
Scan: 1180716 Run: DIA12_CV486075:20251228_A2_N1_Mueller_MS_TechHub_IMP_THIDDIAXL003_Cas9_PhoX_DIA12_CV486075_250ng_FAIMS_002 P1_LESEFVYGDYKVYDVR P2_ILKDNEDYR 11 3,DIA12_CV486075:20251228_A2_N1_Mueller_MS_TechHub_IMP_THIDDIAXL003_Cas9_PhoX_DIA12_CV486075_250ng_FAIMS_002,1180716,,,decoy:Q99ZW2,decoy,decoy,true,Q99ZW2,Q99ZW2,,false,ILKDNEDYR,LESEFVYGDYKVYDVR,943,1004,3,11,945,1014,,-1,3,0,1.007276,89.509151
Scan: 547974 Run: DIA12_CV486075:20251228_A2_N1_Mueller_MS_TechHub_IMP_THIDDIAXL003_Cas9_PhoX_DIA12_CV486075_250ng_FAIMS_001 P1_GKSDNVPSEEVVK P2_ELGSQILKEHPVENTQLQNEK 2 8,DIA12_CV486075:20251228_A2_N1_Mueller_MS_TechHub_IMP_THIDDIAXL003_Cas9_PhoX_DIA12_CV486075_250ng_FAIMS_001,547974,,,Q99ZW2,,,false,Q99ZW2,Q99ZW2,,false,ELGSQILKEHPVENTQLQNEK,GKSDNVPSEEVVK,790,865,8,2,797,866,,-1,4,0,1.007276,89.504398
Scan: 36472 Run: DIA12_CV486075:20251228_A2_N1_Mueller_MS_TechHub_IMP_THIDDIAXL003_Cas9_PhoX_DIA12_CV486075_250ng_FAIMS_001 P1_KTEVQTGGFSK P2_KDWDPK 1 1,DIA12_CV486075:20251228_A2_N1_Mueller_MS_TechHub_IMP_THIDDIAXL003_Cas9_PhoX_DIA12_CV486075_250ng_FAIMS_001,36472,,,Q99ZW2,,,false,Q99ZW2,Q99ZW2,,false,KDWDPK,KTEVQTGGFSK,1124,1097,1,1,1124,1097,,-1,3,0,1.007276,89.50156
Scan: 694889 Run: DIA12_CV486075:20251228_A2_N1_Mueller_MS_TechHub_IMP_THIDDIAXL003_Cas9_PhoX_DIA12_CV486075_250ng_FAIMS_002 P1_NSDKLIAR P2_KKDWDPK 4 2,DIA12_CV486075:20251228_A2_N1_Mueller_MS_TechHub_IMP_THIDDIAXL003_Cas9_PhoX_DIA12_CV486075_250ng_FAIMS_002,694889,,,Q99ZW2,,,false,Q99ZW2,Q99ZW2,,false,KKDWDPK,NSDKLIAR,1123,1115,2,4,1124,1118,,-1,4,0,1.007276,89.453285
Scan: 291497 Run: DIA12_CV486075:20251228_A2_N1_Mueller_MS_TechHub_IMP_THIDDIAXL003_Cas9_PhoX_DIA12_CV486075_250ng_FAIMS_001 P1_FKVLGNTDR P2_EKIEKILTFR 2 5,DIA12_CV486075:20251228_A2_N1_Mueller_MS_TechHub_IMP_THIDDIAXL003_Cas9_PhoX_DIA12_CV486075_250ng_FAIMS_001,291497,,,Q99ZW2,,,false,Q99ZW2,Q99ZW2,,false,EKIEKILTFR,FKVLGNTDR,438,32,5,2,442,33,,-1,4,0,1.007276,89.436176
Scan: 1089914 Run: DIA12_CV486075:20251228_A2_N1_Mueller_MS_TechHub_IMP_THIDDIAXL003_Cas9_PhoX_DIA12_CV486075_250ng_FAIMS_002 P1_IEKILTFR P2_GILQTVKVVDELVK 3 7,DIA12_CV486075:20251228_A2_N1_Mueller_MS_TechHub_IMP_THIDDIAXL003_Cas9_PhoX_DIA12_CV486075_250ng_FAIMS_002,1089914,,,Q99ZW2,,,false,Q99ZW2,Q99ZW2,,false,GILQTVKVVDELVK,IEKILTFR,736,440,7,3,742,442,,-1,4,0,1.007276,89.392052
Scan: 1742659 Run: DIA12_CV486075:20251228_A2_N1_Mueller_MS_TechHub_IMP_THIDDIAXL003_Cas9_PhoX_DIA12_CV486075_250ng_FAIMS_003 P1_GKSDNVPSEEVVK P2_ENQTTQKGQK 2 7,DIA12_CV486075:20251228_A2_N1_Mueller_MS_TechHub_IMP_THIDDIAXL003_Cas9_PhoX_DIA12_CV486075_250ng_FAIMS_003,1742659,,,Q99ZW2,,,false,Q99ZW2,Q99ZW2,,false,ENQTTQKGQK,GKSDNVPSEEVVK,766,865,7,2,772,866,,-1,3,0,1.007276,89.389496
Scan: 1764593 Run: DIA12_CV486075:20251228_A2_N1_Mueller_MS_TechHub_IMP_THIDDIAXL003_Cas9_PhoX_DIA12_CV486075_250ng_FAIMS_003 P1_VITLKSK P2_GGLSELDKAGFIK 5 8,DIA12_CV486075:20251228_A2_N1_Mueller_MS_TechHub_IMP_THIDDIAXL003_Cas9_PhoX_DIA12_CV486075_250ng_FAIMS_003,1764593,,,Q99ZW2,,,false,Q99ZW2,Q99ZW2,,false,GGLSELDKAGFIK,VITLKSK,906,955,8,5,913,959,,-1,3,0,1.007276,89.364376
Scan: 1537798 Run: DIA12_CV486075:20251228_A2_N1_Mueller_MS_TechHub_IMP_THIDDIAXL003_Cas9_PhoX_DIA12_CV486075_250ng_FAIMS_003 P1_KSEETITPWNFEEVVDKGASAQSFIER P2_DLIIKLPK 17 5,DIA12_CV486075:20251228_A2_N1_Mueller_MS_TechHub_IMP_THIDDIAXL003_Cas9_PhoX_DIA12_CV486075_250ng_FAIMS_003,1537798,,,Q99ZW2,,,false,Q99ZW2,Q99ZW2,,false,DLIIKLPK,KSEETITPWNFEEVVDKGASAQSFIER,1193,468,5,17,1197,484,,-1,5,0,1.007276,89.352882
Scan: 405402 Run: DIA12_CV486075:20251228_A2_N1_Mueller_MS_TechHub_IMP_THIDDIAXL003_Cas9_PhoX_DIA12_CV486075_250ng_FAIMS_001 P1_KAIVDLLFK P2_EVKVITLK 1 3,DIA12_CV486075:20251228_A2_N1_Mueller_MS_TechHub_IMP_THIDDIAXL003_Cas9_PhoX_DIA12_CV486075_250ng_FAIMS_001,405402,,,Q99ZW2,,,false,Q99ZW2,Q99ZW2,,false,EVKVITLK,KAIVDLLFK,952,546,3,1,954,546,,-1,3,0,1.007276,89.312092
Scan: 340821 Run: DIA12_CV486075:20251228_A2_N1_Mueller_MS_TechHub_IMP_THIDDIAXL003_Cas9_PhoX_DIA12_CV486075_250ng_FAIMS_001 P1_TEVQTGGFSKESILPK P2_KSEETITPWNFEEVVDKGASAQSFIER 10 17,DIA12_CV486075:20251228_A2_N1_Mueller_MS_TechHub_IMP_THIDDIAXL003_Cas9_PhoX_DIA12_CV486075_250ng_FAIMS_001,340821,,,Q99ZW2,,,false,Q99ZW2,Q99ZW2,,false,KSEETITPWNFEEVVDKGASAQSFIER,TEVQTGGFSKESILPK,468,1098,17,10,484,1107,,-1,5,0,1.007276,89.298904
Scan: 414601 Run: DIA12_CV486075:20251228_A2_N1_Mueller_MS_TechHub_IMP_THIDDIAXL003_Cas9_PhoX_DIA12_CV486075_250ng_FAIMS_001 P1_QITKHVAQILDSR P2_FYDEKLQK 4 5,DIA12_CV486075:20251228_A2_N1_Mueller_MS_TechHub_IMP_THIDDIAXL003_Cas9_PhoX_DIA12_CV486075_250ng_FAIMS_001,414601,,,decoy:Q99ZW2,decoy,decoy,true,Q99ZW2,Q99ZW2,,false,FYDEKLQK,QITKHVAQILDSR,563,926,5,4,567,929,,-1,4,0,1.007276,89.28199
Scan: 293774 Run: DIA12_CV486075:20251228_A2_N1_Mueller_MS_TechHub_IMP_THIDDIAXL003_Cas9_PhoX_DIA12_CV486075_250ng_FAIMS_001 P1_TILDFLKSDGFANR P2_IEKILTFR 7 3,DIA12_CV486075:20251228_A2_N1_Mueller_MS_TechHub_IMP_THIDDIAXL003_Cas9_PhoX_DIA12_CV486075_250ng_FAIMS_001,293774,,,Q99ZW2,,,false,Q99ZW2,Q99ZW2,,false,IEKILTFR,TILDFLKSDGFANR,440,678,3,7,442,684,,-1,4,0,1.007276,89.235195
Scan: 984641 Run: DIA12_CV486075:20251228_A2_N1_Mueller_MS_TechHub_IMP_THIDDIAXL003_Cas9_PhoX_DIA12_CV486075_250ng_FAIMS_002 P1_KPAFLSGEQK P2_DKQSGK 1 2,DIA12_CV486075:20251228_A2_N1_Mueller_MS_TechHub_IMP_THIDDIAXL003_Cas9_PhoX_DIA12_CV486075_250ng_FAIMS_002,984641,,,Q99ZW2,,,false,Q99ZW2,Q99ZW2,,false,DKQSGK,KPAFLSGEQK,672,536,2,1,673,536,,-1,3,0,1.007276,89.22588
Scan: 1575521 Run: DIA12_CV486075:20251228_A2_N1_Mueller_MS_TechHub_IMP_THIDDIAXL003_Cas9_PhoX_DIA12_CV486075_250ng_FAIMS_003 P1_LVDSTDKADLR P2_KPAFLSGEQK 7 1,DIA12_CV486075:20251228_A2_N1_Mueller_MS_TechHub_IMP_THIDDIAXL003_Cas9_PhoX_DIA12_CV486075_250ng_FAIMS_003,1575521,,,Q99ZW2,,,false,Q99ZW2,Q99ZW2,,false,KPAFLSGEQK,LVDSTDKADLR,536,142,1,7,536,148,,-1,4,0,1.007276,89.179745
Scan: 297237 Run: DIA12_CV486075:20251228_A2_N1_Mueller_MS_TechHub_IMP_THIDDIAXL003_Cas9_PhoX_DIA12_CV486075_250ng_FAIMS_001 P1_KNLIGALLFDSGETAEATR P2_FKVLGNTDR 1 2,DIA12_CV486075:20251228_A2_N1_Mueller_MS_TechHub_IMP_THIDDIAXL003_Cas9_PhoX_DIA12_CV486075_250ng_FAIMS_001,297237,,,Q99ZW2,,,false,Q99ZW2,Q99ZW2,,false,FKVLGNTDR,KNLIGALLFDSGETAEATR,32,45,2,1,33,45,,-1,4,0,1.007276,89.163395
Scan: 1643458 Run: DIA12_CV486075:20251228_A2_N1_Mueller_MS_TechHub_IMP_THIDDIAXL003_Cas9_PhoX_DIA12_CV486075_250ng_FAIMS_003 P1_TILDFLKSDGFANR P2_ELGSQILKEHPVENTQLQNEK 7 8,DIA12_CV486075:20251228_A2_N1_Mueller_MS_TechHub_IMP_THIDDIAXL003_Cas9_PhoX_DIA12_CV486075_250ng_FAIMS_003,1643458,,,Q99ZW2,,,false,Q99ZW2,Q99ZW2,,false,ELGSQILKEHPVENTQLQNEK,TILDFLKSDGFANR,790,678,8,7,797,684,,-1,4,0,1.007276,89.159016
Scan: 1539153 Run: DIA12_CV486075:20251228_A2_N1_Mueller_MS_TechHub_IMP_THIDDIAXL003_Cas9_PhoX_DIA12_CV486075_250ng_FAIMS_003 P1_SEETITPWNFEEVVDKGASAQSFIER P2_FIKPILEK 16 3,DIA12_CV486075:20251228_A2_N1_Mueller_MS_TechHub_IMP_THIDDIAXL003_Cas9_PhoX_DIA12_CV486075_250ng_FAIMS_003,1539153,,,Q99ZW2,,,false,Q99ZW2,Q99ZW2,,false,FIKPILEK,SEETITPWNFEEVVDKGASAQSFIER,375,469,3,16,377,484,,-1,4,0,1.007276,89.152302
Scan: 1009435 Run: DIA12_CV486075:20251228_A2_N1_Mueller_MS_TechHub_IMP_THIDDIAXL003_Cas9_PhoX_DIA12_CV486075_250ng_FAIMS_002 P1_LQKVTVK P2_KIECFDSVEISGVEDR 3 1,DIA12_CV486075:20251228_A2_N1_Mueller_MS_TechHub_IMP_THIDDIAXL003_Cas9_PhoX_DIA12_CV486075_250ng_FAIMS_002,1009435,,,Q99ZW2,,,false,decoy:Q99ZW2,decoy,decoy,true,KIECFDSVEISGVEDR,LQKVTVK,571,559,1,3,571,561,,-1,3,0,1.007276,89.124557
Scan: 1561265 Run: DIA12_CV486075:20251228_A2_N1_Mueller_MS_TechHub_IMP_THIDDIAXL003_Cas9_PhoX_DIA12_CV486075_250ng_FAIMS_003 P1_VLPKHSLLYEYFTVYNELTK P2_SKLVSDFR 4 2,DIA12_CV486075:20251228_A2_N1_Mueller_MS_TechHub_IMP_THIDDIAXL003_Cas9_PhoX_DIA12_CV486075_250ng_FAIMS_003,1561265,,,Q99ZW2,,,false,Q99ZW2,Q99ZW2,,false,SKLVSDFR,VLPKHSLLYEYFTVYNELTK,960,507,2,4,961,510,,-1,4,0,1.007276,89.089127
Scan: 543851 Run: DIA12_CV486075:20251228_A2_N1_Mueller_MS_TechHub_IMP_THIDDIAXL003_Cas9_PhoX_DIA12_CV486075_250ng_FAIMS_001 P1_SDKNR P2_GKSDNVPSEEVVK 3 2,DIA12_CV486075:20251228_A2_N1_Mueller_MS_TechHub_IMP_THIDDIAXL003_Cas9_PhoX_DIA12_CV486075_250ng_FAIMS_001,543851,,,Q99ZW2,,,false,Q99ZW2,Q99ZW2,,false,GKSDNVPSEEVVK,SDKNR,865,860,2,3,866,862,,-1,3,0,1.007276,89.072006
Scan: 1599966 Run: DIA12_CV486075:20251228_A2_N1_Mueller_MS_TechHub_IMP_THIDDIAXL003_Cas9_PhoX_DIA12_CV486075_250ng_FAIMS_003 P1_VMKQLK P2_KAIVDLLFK 3 1,DIA12_CV486075:20251228_A2_N1_Mueller_MS_TechHub_IMP_THIDDIAXL003_Cas9_PhoX_DIA12_CV486075_250ng_FAIMS_003,1599966,,,Q99ZW2,,,false,Q99ZW2,Q99ZW2,,false,KAIVDLLFK,VMKQLK,546,647,1,3,546,649,,-1,3,0,1.007276,89.041405
Scan: 1542573 Run: DIA12_CV486075:20251228_A2_N1_Mueller_MS_TechHub_IMP_THIDDIAXL003_Cas9_PhoX_DIA12_CV486075_250ng_FAIMS_003 P1_KSEETITPWNFEEVVDKGASAQSFIER P2_KPAFLSGEQK 17 1,DIA12_CV486075:20251228_A2_N1_Mueller_MS_TechHub_IMP_THIDDIAXL003_Cas9_PhoX_DIA12_CV486075_250ng_FAIMS_003,1542573,,,Q99ZW2,,,false,Q99ZW2,Q99ZW2,,false,KPAFLSGEQK,KSEETITPWNFEEVVDKGASAQSFIER,536,468,1,17,536,484,,-1,4,0,1.007276,88.999905
Scan: 92135 Run: DIA12_CV486075:20251228_A2_N1_Mueller_MS_TechHub_IMP_THIDDIAXL003_Cas9_PhoX_DIA12_CV486075_250ng_FAIMS_001 P1_NSDKLIAR P2_GILQTVKVVDELVK 4 7,DIA12_CV486075:20251228_A2_N1_Mueller_MS_TechHub_IMP_THIDDIAXL003_Cas9_PhoX_DIA12_CV486075_250ng_FAIMS_001,92135,,,Q99ZW2,,,false,Q99ZW2,Q99ZW2,,false,GILQTVKVVDELVK,NSDKLIAR,736,1115,7,4,742,1118,,-1,3,0,1.007276,88.984478
Scan: 1649574 Run: DIA12_CV486075:20251228_A2_N1_Mueller_MS_TechHub_IMP_THIDDIAXL003_Cas9_PhoX_DIA12_CV486075_250ng_FAIMS_003 P1_KDLIIK P2_EDIQKAQVSGQGDSLHEHIANLAGSPAIK 1 5,DIA12_CV486075:20251228_A2_N1_Mueller_MS_TechHub_IMP_THIDDIAXL003_Cas9_PhoX_DIA12_CV486075_250ng_FAIMS_003,1649574,,,Q99ZW2,,,false,Q99ZW2,Q99ZW2,,false,EDIQKAQVSGQGDSLHEHIANLAGSPAIK,KDLIIK,706,1192,5,1,710,1192,,-1,4,0,1.007276,88.917747
Scan: 1634476 Run: DIA12_CV486075:20251228_A2_N1_Mueller_MS_TechHub_IMP_THIDDIAXL003_Cas9_PhoX_DIA12_CV486075_250ng_FAIMS_003 P1_QSGKTILDFLK P2_FKVLGNTDR 4 2,DIA12_CV486075:20251228_A2_N1_Mueller_MS_TechHub_IMP_THIDDIAXL003_Cas9_PhoX_DIA12_CV486075_250ng_FAIMS_003,1634476,,,Q99ZW2,,,false,Q99ZW2,Q99ZW2,,false,FKVLGNTDR,QSGKTILDFLK,32,674,2,4,33,677,,-1,3,0,1.007276,88.855392
Scan: 805408 Run: DIA12_CV486075:20251228_A2_N1_Mueller_MS_TechHub_IMP_THIDDIAXL003_Cas9_PhoX_DIA12_CV486075_250ng_FAIMS_002 P1_LVDSTDKADLR P2_ELGSQILKEHPVENTQLQNEK 7 8,DIA12_CV486075:20251228_A2_N1_Mueller_MS_TechHub_IMP_THIDDIAXL003_Cas9_PhoX_DIA12_CV486075_250ng_FAIMS_002,805408,,,Q99ZW2,,,false,Q99ZW2,Q99ZW2,,false,ELGSQILKEHPVENTQLQNEK,LVDSTDKADLR,790,142,8,7,797,148,,-1,4,0,1.007276,88.841991
Scan: 1508298 Run: DIA12_CV486075:20251228_A2_N1_Mueller_MS_TechHub_IMP_THIDDIAXL003_Cas9_PhoX_DIA12_CV486075_250ng_FAIMS_003 P1_VVDELVKVMGR P2_KSEETITPWNFEEVVDK 7 1,DIA12_CV486075:20251228_A2_N1_Mueller_MS_TechHub_IMP_THIDDIAXL003_Cas9_PhoX_DIA12_CV486075_250ng_FAIMS_003,1508298,,,Q99ZW2,,,false,Q99ZW2,Q99ZW2,,false,KSEETITPWNFEEVVDK,VVDELVKVMGR,468,743,1,7,468,749,,-1,4,0,1.007276,88.841713
Scan: 585743 Run: DIA12_CV486075:20251228_A2_N1_Mueller_MS_TechHub_IMP_THIDDIAXL003_Cas9_PhoX_DIA12_CV486075_250ng_FAIMS_001 P1_YDENDKLIR P2_SEQEIGKATAK 6 7,DIA12_CV486075:20251228_A2_N1_Mueller_MS_TechHub_IMP_THIDDIAXL003_Cas9_PhoX_DIA12_CV486075_250ng_FAIMS_001,585743,,,Q99ZW2,,,false,Q99ZW2,Q99ZW2,,false,SEQEIGKATAK,YDENDKLIR,1025,943,7,6,1031,948,,-1,3,0,1.007276,88.828602
Scan: 97207 Run: DIA12_CV486075:20251228_A2_N1_Mueller_MS_TechHub_IMP_THIDDIAXL003_Cas9_PhoX_DIA12_CV486075_250ng_FAIMS_001 P1_KDWDPK P2_ESILPKR 1 6,DIA12_CV486075:20251228_A2_N1_Mueller_MS_TechHub_IMP_THIDDIAXL003_Cas9_PhoX_DIA12_CV486075_250ng_FAIMS_001,97207,,,Q99ZW2,,,false,Q99ZW2,Q99ZW2,,false,ESILPKR,KDWDPK,1108,1124,6,1,1113,1124,,-1,3,0,1.007276,88.805283
Scan: 109918 Run: DIA12_CV486075:20251228_A2_N1_Mueller_MS_TechHub_IMP_THIDDIAXL003_Cas9_PhoX_DIA12_CV486075_250ng_FAIMS_001 P1_VEKGK P2_KDLIIK 3 1,DIA12_CV486075:20251228_A2_N1_Mueller_MS_TechHub_IMP_THIDDIAXL003_Cas9_PhoX_DIA12_CV486075_250ng_FAIMS_001,109918,,,Q99ZW2,,,false,Q99ZW2,Q99ZW2,,false,KDLIIK,VEKGK,1192,1149,1,3,1192,1151,,-1,3,0,1.007276,88.7831
Scan: 573122 Run: DIA12_CV486075:20251228_A2_N1_Mueller_MS_TechHub_IMP_THIDDIAXL003_Cas9_PhoX_DIA12_CV486075_250ng_FAIMS_001 P1_QITKHVAQILDSR P2_KLINGIR 4 1,DIA12_CV486075:20251228_A2_N1_Mueller_MS_TechHub_IMP_THIDDIAXL003_Cas9_PhoX_DIA12_CV486075_250ng_FAIMS_001,573122,,,Q99ZW2,,,false,Q99ZW2,Q99ZW2,,false,KLINGIR,QITKHVAQILDSR,665,926,1,4,665,929,,-1,4,0,1.007276,88.764149
Scan: 1138825 Run: DIA12_CV486075:20251228_A2_N1_Mueller_MS_TechHub_IMP_THIDDIAXL003_Cas9_PhoX_DIA12_CV486075_250ng_FAIMS_002 P1_SEETITPWNFEEVVDKGASAQSFIER P2_DDSIDNKVLTR 16 7,DIA12_CV486075:20251228_A2_N1_Mueller_MS_TechHub_IMP_THIDDIAXL003_Cas9_PhoX_DIA12_CV486075_250ng_FAIMS_002,1138825,,,Q99ZW2,,,false,Q99ZW2,Q99ZW2,,false,DDSIDNKVLTR,SEETITPWNFEEVVDKGASAQSFIER,849,469,7,16,855,484,,-1,4,0,1.007276,88.736374
Scan: 300613 Run: DIA12_CV486075:20251228_A2_N1_Mueller_MS_TechHub_IMP_THIDDIAXL003_Cas9_PhoX_DIA12_CV486075_250ng_FAIMS_001 P1_KSEETITPWNFEEVVDK P2_ESILPKR 1 6,DIA12_CV486075:20251228_A2_N1_Mueller_MS_TechHub_IMP_THIDDIAXL003_Cas9_PhoX_DIA12_CV486075_250ng_FAIMS_001,300613,,,Q99ZW2,,,false,Q99ZW2,Q99ZW2,,false,ESILPKR,KSEETITPWNFEEVVDK,1108,468,6,1,1113,468,,-1,3,0,1.007276,88.712666
Scan: 1045848 Run: DIA12_CV486075:20251228_A2_N1_Mueller_MS_TechHub_IMP_THIDDIAXL003_Cas9_PhoX_DIA12_CV486075_250ng_FAIMS_002 P1_TILDFLKSDGFANR P2_IEEGIKELGSQILK 7 6,DIA12_CV486075:20251228_A2_N1_Mueller_MS_TechHub_IMP_THIDDIAXL003_Cas9_PhoX_DIA12_CV486075_250ng_FAIMS_002,1045848,,,Q99ZW2,,,false,Q99ZW2,Q99ZW2,,false,IEEGIKELGSQILK,TILDFLKSDGFANR,784,678,6,7,789,684,,-1,4,0,1.007276,88.694382
Scan: 83409 Run: DIA12_CV486075:20251228_A2_N1_Mueller_MS_TechHub_IMP_THIDDIAXL003_Cas9_PhoX_DIA12_CV486075_250ng_FAIMS_001 P1_RNSDKLIAR P2_KDWDPK 5 1,DIA12_CV486075:20251228_A2_N1_Mueller_MS_TechHub_IMP_THIDDIAXL003_Cas9_PhoX_DIA12_CV486075_250ng_FAIMS_001,83409,,,Q99ZW2,,,false,Q99ZW2,Q99ZW2,,false,KDWDPK,RNSDKLIAR,1124,1114,1,5,1124,1118,,-1,3,0,1.007276,88.687443
Scan: 690155 Run: DIA12_CV486075:20251228_A2_N1_Mueller_MS_TechHub_IMP_THIDDIAXL003_Cas9_PhoX_DIA12_CV486075_250ng_FAIMS_002 P1_NSDKLIAR P2_GQKNSR 4 3,DIA12_CV486075:20251228_A2_N1_Mueller_MS_TechHub_IMP_THIDDIAXL003_Cas9_PhoX_DIA12_CV486075_250ng_FAIMS_002,690155,,,Q99ZW2,,,false,Q99ZW2,Q99ZW2,,false,GQKNSR,NSDKLIAR,773,1115,3,4,775,1118,,-1,4,0,1.007276,88.662785
Scan: 841920 Run: DIA12_CV486075:20251228_A2_N1_Mueller_MS_TechHub_IMP_THIDDIAXL003_Cas9_PhoX_DIA12_CV486075_250ng_FAIMS_002 P1_KVTVK P2_FKVLGNTDR 1 2,DIA12_CV486075:20251228_A2_N1_Mueller_MS_TechHub_IMP_THIDDIAXL003_Cas9_PhoX_DIA12_CV486075_250ng_FAIMS_002,841920,,,Q99ZW2,,,false,Q99ZW2,Q99ZW2,,false,FKVLGNTDR,KVTVK,32,558,2,1,33,558,,-1,3,0,1.007276,88.638153
Scan: 1704632 Run: DIA12_CV486075:20251228_A2_N1_Mueller_MS_TechHub_IMP_THIDDIAXL003_Cas9_PhoX_DIA12_CV486075_250ng_FAIMS_003 P1_FKVLGNTDR P2_ENQTTQKGQK 2 7,DIA12_CV486075:20251228_A2_N1_Mueller_MS_TechHub_IMP_THIDDIAXL003_Cas9_PhoX_DIA12_CV486075_250ng_FAIMS_003,1704632,,,Q99ZW2,,,false,Q99ZW2,Q99ZW2,,false,ENQTTQKGQK,FKVLGNTDR,766,32,7,2,772,33,,-1,3,0,1.007276,88.621876
Scan: 1310863 Run: DIA12_CV486075:20251228_A2_N1_Mueller_MS_TechHub_IMP_THIDDIAXL003_Cas9_PhoX_DIA12_CV486075_250ng_FAIMS_003 P1_SSFEKNPIDFLEAK P2_EIFFDQSKNGYAGYIDGGASQEEFYK 5 8,DIA12_CV486075:20251228_A2_N1_Mueller_MS_TechHub_IMP_THIDDIAXL003_Cas9_PhoX_DIA12_CV486075_250ng_FAIMS_003,1310863,,,Q99ZW2,,,false,Q99ZW2,Q99ZW2,,false,EIFFDQSKNGYAGYIDGGASQEEFYK,SSFEKNPIDFLEAK,349,1172,8,5,356,1176,,-1,4,0,1.007276,88.589268
Scan: 20330 Run: DIA12_CV486075:20251228_A2_N1_Mueller_MS_TechHub_IMP_THIDDIAXL003_Cas9_PhoX_DIA12_CV486075_250ng_FAIMS_001 P1_SEQEIGKATAK P2_KRPLIETNGETGEIVWDK 7 1,DIA12_CV486075:20251228_A2_N1_Mueller_MS_TechHub_IMP_THIDDIAXL003_Cas9_PhoX_DIA12_CV486075_250ng_FAIMS_001,20330,,,Q99ZW2,,,false,Q99ZW2,Q99ZW2,,false,KRPLIETNGETGEIVWDK,SEQEIGKATAK,1059,1025,1,7,1059,1031,,-1,4,0,1.007276,88.565289
Scan: 1560894 Run: DIA12_CV486075:20251228_A2_N1_Mueller_MS_TechHub_IMP_THIDDIAXL003_Cas9_PhoX_DIA12_CV486075_250ng_FAIMS_003 P1_VLPKHSLLYEYFTVYNELTK P2_GGLSELDKAGFIK 4 8,DIA12_CV486075:20251228_A2_N1_Mueller_MS_TechHub_IMP_THIDDIAXL003_Cas9_PhoX_DIA12_CV486075_250ng_FAIMS_003,1560894,,,Q99ZW2,,,false,Q99ZW2,Q99ZW2,,false,GGLSELDKAGFIK,VLPKHSLLYEYFTVYNELTK,906,507,8,4,913,510,,-1,4,0,1.007276,88.550655
Scan: 1705636 Run: DIA12_CV486075:20251228_A2_N1_Mueller_MS_TechHub_IMP_THIDDIAXL003_Cas9_PhoX_DIA12_CV486075_250ng_FAIMS_003 P1_VITLKSK P2_ENQTTQKGQK 5 7,DIA12_CV486075:20251228_A2_N1_Mueller_MS_TechHub_IMP_THIDDIAXL003_Cas9_PhoX_DIA12_CV486075_250ng_FAIMS_003,1705636,,,Q99ZW2,,,false,Q99ZW2,Q99ZW2,,false,ENQTTQKGQK,VITLKSK,766,955,7,5,772,959,,-1,3,0,1.007276,88.51561
Scan: 36448 Run: DIA12_CV486075:20251228_A2_N1_Mueller_MS_TechHub_IMP_THIDDIAXL003_Cas9_PhoX_DIA12_CV486075_250ng_FAIMS_001 P1_KTEVQTGGFSKESILPK P2_KDWDPKK 1 1,DIA12_CV486075:20251228_A2_N1_Mueller_MS_TechHub_IMP_THIDDIAXL003_Cas9_PhoX_DIA12_CV486075_250ng_FAIMS_001,36448,,,Q99ZW2,,,false,Q99ZW2,Q99ZW2,,false,KDWDPKK,KTEVQTGGFSKESILPK,1124,1097,1,1,1124,1097,,-1,4,0,1.007276,88.503727
Scan: 136731 Run: DIA12_CV486075:20251228_A2_N1_Mueller_MS_TechHub_IMP_THIDDIAXL003_Cas9_PhoX_DIA12_CV486075_250ng_FAIMS_001 P1_KFDNLTK P2_KDLIIK 1 1,DIA12_CV486075:20251228_A2_N1_Mueller_MS_TechHub_IMP_THIDDIAXL003_Cas9_PhoX_DIA12_CV486075_250ng_FAIMS_001,136731,,,Q99ZW2,,,false,Q99ZW2,Q99ZW2,,false,KDLIIK,KFDNLTK,1192,896,1,1,1192,896,,-1,3,0,1.007276,88.431889
Scan: 1552957 Run: DIA12_CV486075:20251228_A2_N1_Mueller_MS_TechHub_IMP_THIDDIAXL003_Cas9_PhoX_DIA12_CV486075_250ng_FAIMS_003 P1_MTNFDKNLPNEK P2_KVTVK 6 1,DIA12_CV486075:20251228_A2_N1_Mueller_MS_TechHub_IMP_THIDDIAXL003_Cas9_PhoX_DIA12_CV486075_250ng_FAIMS_003,1552957,,,Q99ZW2,,,false,Q99ZW2,Q99ZW2,,false,KVTVK,MTNFDKNLPNEK,558,495,1,6,558,500,,-1,3,0,1.007276,88.412331
Scan: 684130 Run: DIA12_CV486075:20251228_A2_N1_Mueller_MS_TechHub_IMP_THIDDIAXL003_Cas9_PhoX_DIA12_CV486075_250ng_FAIMS_002 P1_NSDKLIAR P2_LKGSPEDNEQK 4 2,DIA12_CV486075:20251228_A2_N1_Mueller_MS_TechHub_IMP_THIDDIAXL003_Cas9_PhoX_DIA12_CV486075_250ng_FAIMS_002,684130,,,Q99ZW2,,,false,Q99ZW2,Q99ZW2,,false,LKGSPEDNEQK,NSDKLIAR,1245,1115,2,4,1246,1118,,-1,3,0,1.007276,88.371399
Scan: 1056642 Run: DIA12_CV486075:20251228_A2_N1_Mueller_MS_TechHub_IMP_THIDDIAXL003_Cas9_PhoX_DIA12_CV486075_250ng_FAIMS_002 P1_KLINGIR P2_EDIQKAQVSGQGDSLHEHIANLAGSPAIK 1 5,DIA12_CV486075:20251228_A2_N1_Mueller_MS_TechHub_IMP_THIDDIAXL003_Cas9_PhoX_DIA12_CV486075_250ng_FAIMS_002,1056642,,,Q99ZW2,,,false,Q99ZW2,Q99ZW2,,false,EDIQKAQVSGQGDSLHEHIANLAGSPAIK,KLINGIR,706,665,5,1,710,665,,-1,4,0,1.007276,88.360069
Scan: 1704367 Run: DIA12_CV486075:20251228_A2_N1_Mueller_MS_TechHub_IMP_THIDDIAXL003_Cas9_PhoX_DIA12_CV486075_250ng_FAIMS_003 P1_KLVDSTDK P2_ENQTTQKGQK 1 7,DIA12_CV486075:20251228_A2_N1_Mueller_MS_TechHub_IMP_THIDDIAXL003_Cas9_PhoX_DIA12_CV486075_250ng_FAIMS_003,1704367,,,Q99ZW2,,,false,Q99ZW2,Q99ZW2,,false,ENQTTQKGQK,KLVDSTDK,766,141,7,1,772,141,,-1,3,0,1.007276,88.339104
Scan: 41582 Run: DIA12_CV486075:20251228_A2_N1_Mueller_MS_TechHub_IMP_THIDDIAXL003_Cas9_PhoX_DIA12_CV486075_250ng_FAIMS_001 P1_KTEVQTGGFSK P2_KFDNLTK 1 1,DIA12_CV486075:20251228_A2_N1_Mueller_MS_TechHub_IMP_THIDDIAXL003_Cas9_PhoX_DIA12_CV486075_250ng_FAIMS_001,41582,,,Q99ZW2,,,false,Q99ZW2,Q99ZW2,,false,KFDNLTK,KTEVQTGGFSK,896,1097,1,1,896,1097,,-1,3,0,1.007276,88.299568
Scan: 1584780 Run: DIA12_CV486075:20251228_A2_N1_Mueller_MS_TechHub_IMP_THIDDIAXL003_Cas9_PhoX_DIA12_CV486075_250ng_FAIMS_003 P1_QITKHVAQILDSR P2_KPAFLSGEQK 4 1,DIA12_CV486075:20251228_A2_N1_Mueller_MS_TechHub_IMP_THIDDIAXL003_Cas9_PhoX_DIA12_CV486075_250ng_FAIMS_003,1584780,,,Q99ZW2,,,false,Q99ZW2,Q99ZW2,,false,KPAFLSGEQK,QITKHVAQILDSR,536,926,1,4,536,929,,-1,4,0,1.007276,88.266418
Scan: 1008956 Run: DIA12_CV486075:20251228_A2_N1_Mueller_MS_TechHub_IMP_THIDDIAXL003_Cas9_PhoX_DIA12_CV486075_250ng_FAIMS_002 P1_LQKVTVK P2_FKVLGNTDR 3 2,DIA12_CV486075:20251228_A2_N1_Mueller_MS_TechHub_IMP_THIDDIAXL003_Cas9_PhoX_DIA12_CV486075_250ng_FAIMS_002,1008956,,,Q99ZW2,,,false,decoy:Q99ZW2,decoy,decoy,true,FKVLGNTDR,LQKVTVK,32,559,2,3,33,561,,-1,3,0,1.007276,88.264996
Scan: 1423502 Run: DIA12_CV486075:20251228_A2_N1_Mueller_MS_TechHub_IMP_THIDDIAXL003_Cas9_PhoX_DIA12_CV486075_250ng_FAIMS_003 P1_SNFDLAEDAKLQLSK P2_ELGSQILKEHPVENTQLQNEK 10 8,DIA12_CV486075:20251228_A2_N1_Mueller_MS_TechHub_IMP_THIDDIAXL003_Cas9_PhoX_DIA12_CV486075_250ng_FAIMS_003,1423502,,,Q99ZW2,,,false,Q99ZW2,Q99ZW2,,false,ELGSQILKEHPVENTQLQNEK,SNFDLAEDAKLQLSK,790,254,8,10,797,263,,-1,4,0,1.007276,88.220577
Scan: 1640793 Run: DIA12_CV486075:20251228_A2_N1_Mueller_MS_TechHub_IMP_THIDDIAXL003_Cas9_PhoX_DIA12_CV486075_250ng_FAIMS_003 P1_TILDFLKSDGFANR P2_NLPNEKVLPK 7 6,DIA12_CV486075:20251228_A2_N1_Mueller_MS_TechHub_IMP_THIDDIAXL003_Cas9_PhoX_DIA12_CV486075_250ng_FAIMS_003,1640793,,,Q99ZW2,,,false,Q99ZW2,Q99ZW2,,false,NLPNEKVLPK,TILDFLKSDGFANR,501,678,6,7,506,684,,-1,4,0,1.007276,88.206741
Scan: 503747 Run: DIA12_CV486075:20251228_A2_N1_Mueller_MS_TechHub_IMP_THIDDIAXL003_Cas9_PhoX_DIA12_CV486075_250ng_FAIMS_001 P1_VVDELVKVMGR P2_MTNFDKNLPNEK 7 6,DIA12_CV486075:20251228_A2_N1_Mueller_MS_TechHub_IMP_THIDDIAXL003_Cas9_PhoX_DIA12_CV486075_250ng_FAIMS_001,503747,,,Q99ZW2,,,false,Q99ZW2,Q99ZW2,,false,MTNFDKNLPNEK,VVDELVKVMGR,495,743,6,7,500,749,,-1,3,0,1.007276,88.196762
Scan: 1709869 Run: DIA12_CV486075:20251228_A2_N1_Mueller_MS_TechHub_IMP_THIDDIAXL003_Cas9_PhoX_DIA12_CV486075_250ng_FAIMS_003 P1_IEKILTFR P2_IEEGIKELGSQILK 3 6,DIA12_CV486075:20251228_A2_N1_Mueller_MS_TechHub_IMP_THIDDIAXL003_Cas9_PhoX_DIA12_CV486075_250ng_FAIMS_003,1709869,,,Q99ZW2,,,false,Q99ZW2,Q99ZW2,,false,IEEGIKELGSQILK,IEKILTFR,784,440,6,3,789,442,,-1,4,0,1.007276,88.196728
Scan: 947380 Run: DIA12_CV486075:20251228_A2_N1_Mueller_MS_TechHub_IMP_THIDDIAXL003_Cas9_PhoX_DIA12_CV486075_250ng_FAIMS_002 P1_KSEETITPWNFEEVVDKGASAQSFIER P2_EDIQKAQVSGQGDSLHEHIANLAGSPAIK 17 5,DIA12_CV486075:20251228_A2_N1_Mueller_MS_TechHub_IMP_THIDDIAXL003_Cas9_PhoX_DIA12_CV486075_250ng_FAIMS_002,947380,,,Q99ZW2,,,false,Q99ZW2,Q99ZW2,,false,EDIQKAQVSGQGDSLHEHIANLAGSPAIK,KSEETITPWNFEEVVDKGASAQSFIER,706,468,5,17,710,484,,-1,6,0,1.007276,88.193481
Scan: 694284 Run: DIA12_CV486075:20251228_A2_N1_Mueller_MS_TechHub_IMP_THIDDIAXL003_Cas9_PhoX_DIA12_CV486075_250ng_FAIMS_002 P1_KTEVQTGGFSKESILPK P2_KKDWDPK 11 2,DIA12_CV486075:20251228_A2_N1_Mueller_MS_TechHub_IMP_THIDDIAXL003_Cas9_PhoX_DIA12_CV486075_250ng_FAIMS_002,694284,,,Q99ZW2,,,false,Q99ZW2,Q99ZW2,,false,KKDWDPK,KTEVQTGGFSKESILPK,1123,1097,2,11,1124,1107,,-1,3,0,1.007276,88.168747
Scan: 1217676 Run: DIA12_CV486075:20251228_A2_N1_Mueller_MS_TechHub_IMP_THIDDIAXL003_Cas9_PhoX_DIA12_CV486075_250ng_FAIMS_003 P1_KRPLIETNGETGEIVWDK P2_KPAFLSGEQK 1 1,DIA12_CV486075:20251228_A2_N1_Mueller_MS_TechHub_IMP_THIDDIAXL003_Cas9_PhoX_DIA12_CV486075_250ng_FAIMS_003,1217676,,,Q99ZW2,,,false,Q99ZW2,Q99ZW2,,false,KPAFLSGEQK,KRPLIETNGETGEIVWDK,536,1059,1,1,536,1059,,-1,4,0,1.007276,88.130135
Scan: 135584 Run: DIA12_CV486075:20251228_A2_N1_Mueller_MS_TechHub_IMP_THIDDIAXL003_Cas9_PhoX_DIA12_CV486075_250ng_FAIMS_001 P1_LPKYSLFELENGR P2_KDLIIK 3 1,DIA12_CV486075:20251228_A2_N1_Mueller_MS_TechHub_IMP_THIDDIAXL003_Cas9_PhoX_DIA12_CV486075_250ng_FAIMS_001,135584,,,Q99ZW2,,,false,Q99ZW2,Q99ZW2,,false,KDLIIK,LPKYSLFELENGR,1192,1198,1,3,1192,1200,,-1,3,0,1.007276,88.112816
Scan: 1139187 Run: DIA12_CV486075:20251228_A2_N1_Mueller_MS_TechHub_IMP_THIDDIAXL003_Cas9_PhoX_DIA12_CV486075_250ng_FAIMS_002 P1_DKQSGK P2_DDSIDNKVLTR 2 7,DIA12_CV486075:20251228_A2_N1_Mueller_MS_TechHub_IMP_THIDDIAXL003_Cas9_PhoX_DIA12_CV486075_250ng_FAIMS_002,1139187,,,Q99ZW2,,,false,Q99ZW2,Q99ZW2,,false,DDSIDNKVLTR,DKQSGK,849,672,7,2,855,673,,-1,3,0,1.007276,88.111195
Scan: 1162496 Run: DIA12_CV486075:20251228_A2_N1_Mueller_MS_TechHub_IMP_THIDDIAXL003_Cas9_PhoX_DIA12_CV486075_250ng_FAIMS_002 P1_KFDNLTKAER P2_ELGSQILKEHPVENTQLQNEK 7 8,DIA12_CV486075:20251228_A2_N1_Mueller_MS_TechHub_IMP_THIDDIAXL003_Cas9_PhoX_DIA12_CV486075_250ng_FAIMS_002,1162496,,,Q99ZW2,,,false,Q99ZW2,Q99ZW2,,false,ELGSQILKEHPVENTQLQNEK,KFDNLTKAER,790,896,8,7,797,902,,-1,4,0,1.007276,87.953922
Scan: 1378040 Run: DIA12_CV486075:20251228_A2_N1_Mueller_MS_TechHub_IMP_THIDDIAXL003_Cas9_PhoX_DIA12_CV486075_250ng_FAIMS_003 P1_VILADANLDKVLSAYNK P2_KLVDSTDK 10 1,DIA12_CV486075:20251228_A2_N1_Mueller_MS_TechHub_IMP_THIDDIAXL003_Cas9_PhoX_DIA12_CV486075_250ng_FAIMS_003,1378040,,,Q99ZW2,,,false,Q99ZW2,Q99ZW2,,false,KLVDSTDK,VILADANLDKVLSAYNK,141,1280,1,10,141,1289,,-1,4,0,1.007276,87.950432
Scan: 1422582 Run: DIA12_CV486075:20251228_A2_N1_Mueller_MS_TechHub_IMP_THIDDIAXL003_Cas9_PhoX_DIA12_CV486075_250ng_FAIMS_003 P1_VLPKHSLLYEYFTVYNELTK P2_SNFDLAEDAKLQLSK 4 10,DIA12_CV486075:20251228_A2_N1_Mueller_MS_TechHub_IMP_THIDDIAXL003_Cas9_PhoX_DIA12_CV486075_250ng_FAIMS_003,1422582,,,Q99ZW2,,,false,Q99ZW2,Q99ZW2,,false,SNFDLAEDAKLQLSK,VLPKHSLLYEYFTVYNELTK,254,507,10,4,263,510,,-1,4,0,1.007276,87.924915
Scan: 1717717 Run: DIA12_CV486075:20251228_A2_N1_Mueller_MS_TechHub_IMP_THIDDIAXL003_Cas9_PhoX_DIA12_CV486075_250ng_FAIMS_003 P1_FIKPILEK P2_ELGSQILKEHPVENTQLQNEK 3 8,DIA12_CV486075:20251228_A2_N1_Mueller_MS_TechHub_IMP_THIDDIAXL003_Cas9_PhoX_DIA12_CV486075_250ng_FAIMS_003,1717717,,,Q99ZW2,,,false,Q99ZW2,Q99ZW2,,false,ELGSQILKEHPVENTQLQNEK,FIKPILEK,790,375,8,3,797,377,,-1,4,0,1.007276,87.885674
Scan: 1367175 Run: DIA12_CV486075:20251228_A2_N1_Mueller_MS_TechHub_IMP_THIDDIAXL003_Cas9_PhoX_DIA12_CV486075_250ng_FAIMS_003 P1_GSPEDNEQKQLFVEQHK P2_FKVLGNTDR 9 2,DIA12_CV486075:20251228_A2_N1_Mueller_MS_TechHub_IMP_THIDDIAXL003_Cas9_PhoX_DIA12_CV486075_250ng_FAIMS_003,1367175,,,Q99ZW2,,,false,Q99ZW2,Q99ZW2,,false,FKVLGNTDR,GSPEDNEQKQLFVEQHK,32,1247,2,9,33,1255,,-1,4,0,1.007276,87.870262
Scan: 701652 Run: DIA12_CV486075:20251228_A2_N1_Mueller_MS_TechHub_IMP_THIDDIAXL003_Cas9_PhoX_DIA12_CV486075_250ng_FAIMS_002 P1_KYGGFDSPTVAYSVLVVAK P2_KKDWDPK 1 1,DIA12_CV486075:20251228_A2_N1_Mueller_MS_TechHub_IMP_THIDDIAXL003_Cas9_PhoX_DIA12_CV486075_250ng_FAIMS_002,701652,,,Q99ZW2,,,false,Q99ZW2,Q99ZW2,,false,KKDWDPK,KYGGFDSPTVAYSVLVVAK,1123,1130,1,1,1123,1130,,-1,3,0,1.007276,87.869255
Scan: 1740209 Run: DIA12_CV486075:20251228_A2_N1_Mueller_MS_TechHub_IMP_THIDDIAXL003_Cas9_PhoX_DIA12_CV486075_250ng_FAIMS_003 P1_LVDSTDKADLR P2_GKSDNVPSEEVVK 7 2,DIA12_CV486075:20251228_A2_N1_Mueller_MS_TechHub_IMP_THIDDIAXL003_Cas9_PhoX_DIA12_CV486075_250ng_FAIMS_003,1740209,,,Q99ZW2,,,false,Q99ZW2,Q99ZW2,,false,GKSDNVPSEEVVK,LVDSTDKADLR,865,142,2,7,866,148,,-1,3,0,1.007276,87.853107
Scan: 255099 Run: DIA12_CV486075:20251228_A2_N1_Mueller_MS_TechHub_IMP_THIDDIAXL003_Cas9_PhoX_DIA12_CV486075_250ng_FAIMS_001 P1_YKEIFFDQSK P2_VEKGK 2 3,DIA12_CV486075:20251228_A2_N1_Mueller_MS_TechHub_IMP_THIDDIAXL003_Cas9_PhoX_DIA12_CV486075_250ng_FAIMS_001,255099,,,Q99ZW2,,,false,Q99ZW2,Q99ZW2,,false,VEKGK,YKEIFFDQSK,1149,347,3,2,1151,348,,-1,3,0,1.007276,87.818897
Scan: 513134 Run: DIA12_CV486075:20251228_A2_N1_Mueller_MS_TechHub_IMP_THIDDIAXL003_Cas9_PhoX_DIA12_CV486075_250ng_FAIMS_001 P1_NKDSR P2_GQKNSR 2 3,DIA12_CV486075:20251228_A2_N1_Mueller_MS_TechHub_IMP_THIDDIAXL003_Cas9_PhoX_DIA12_CV486075_250ng_FAIMS_001,513134,,,Q99ZW2,,,false,decoy:Q99ZW2,decoy,decoy,true,GQKNSR,NKDSR,773,860,3,2,775,861,,-1,3,0,1.007276,87.78767
Scan: 1339930 Run: DIA12_CV486075:20251228_A2_N1_Mueller_MS_TechHub_IMP_THIDDIAXL003_Cas9_PhoX_DIA12_CV486075_250ng_FAIMS_003 P1_LPKYSLFELENGR P2_LKGSPEDNEQK 3 2,DIA12_CV486075:20251228_A2_N1_Mueller_MS_TechHub_IMP_THIDDIAXL003_Cas9_PhoX_DIA12_CV486075_250ng_FAIMS_003,1339930,,,Q99ZW2,,,false,Q99ZW2,Q99ZW2,,false,LKGSPEDNEQK,LPKYSLFELENGR,1245,1198,2,3,1246,1200,,-1,3,0,1.007276,87.768532
Scan: 1111304 Run: DIA12_CV486075:20251228_A2_N1_Mueller_MS_TechHub_IMP_THIDDIAXL003_Cas9_PhoX_DIA12_CV486075_250ng_FAIMS_002 P1_KRPLIETNGETGEIVWDK P2_IEEGIKELGSQILK 1 6,DIA12_CV486075:20251228_A2_N1_Mueller_MS_TechHub_IMP_THIDDIAXL003_Cas9_PhoX_DIA12_CV486075_250ng_FAIMS_002,1111304,,,Q99ZW2,,,false,Q99ZW2,Q99ZW2,,false,IEEGIKELGSQILK,KRPLIETNGETGEIVWDK,784,1059,6,1,789,1059,,-1,4,0,1.007276,87.756546
Scan: 1356491 Run: DIA12_CV486075:20251228_A2_N1_Mueller_MS_TechHub_IMP_THIDDIAXL003_Cas9_PhoX_DIA12_CV486075_250ng_FAIMS_003 P1_SSFEKNPIDFLEAK P2_LKGSPEDNEQK 5 2,DIA12_CV486075:20251228_A2_N1_Mueller_MS_TechHub_IMP_THIDDIAXL003_Cas9_PhoX_DIA12_CV486075_250ng_FAIMS_003,1356491,,,Q99ZW2,,,false,Q99ZW2,Q99ZW2,,false,LKGSPEDNEQK,SSFEKNPIDFLEAK,1245,1172,2,5,1246,1176,,-1,4,0,1.007276,87.716251
Scan: 1139778 Run: DIA12_CV486075:20251228_A2_N1_Mueller_MS_TechHub_IMP_THIDDIAXL003_Cas9_PhoX_DIA12_CV486075_250ng_FAIMS_002 P1_GKSDNVPSEEVVK P2_DDSIDNKVLTR 2 7,DIA12_CV486075:20251228_A2_N1_Mueller_MS_TechHub_IMP_THIDDIAXL003_Cas9_PhoX_DIA12_CV486075_250ng_FAIMS_002,1139778,,,Q99ZW2,,,false,Q99ZW2,Q99ZW2,,false,DDSIDNKVLTR,GKSDNVPSEEVVK,849,865,7,2,855,866,,-1,3,0,1.007276,87.709454
Scan: 715058 Run: DIA12_CV486075:20251228_A2_N1_Mueller_MS_TechHub_IMP_THIDDIAXL003_Cas9_PhoX_DIA12_CV486075_250ng_FAIMS_002 P1_VLPKHSLLYEYFTVYNELTK P2_SSFEKNPIDFLEAK 4 5,DIA12_CV486075:20251228_A2_N1_Mueller_MS_TechHub_IMP_THIDDIAXL003_Cas9_PhoX_DIA12_CV486075_250ng_FAIMS_002,715058,,,Q99ZW2,,,false,Q99ZW2,Q99ZW2,,false,SSFEKNPIDFLEAK,VLPKHSLLYEYFTVYNELTK,1172,507,5,4,1176,510,,-1,4,0,1.007276,87.708088
Scan: 1686409 Run: DIA12_CV486075:20251228_A2_N1_Mueller_MS_TechHub_IMP_THIDDIAXL003_Cas9_PhoX_DIA12_CV486075_250ng_FAIMS_003 P1_LVDSTDKADLR P2_GILQTVKVVDELVK 7 7,DIA12_CV486075:20251228_A2_N1_Mueller_MS_TechHub_IMP_THIDDIAXL003_Cas9_PhoX_DIA12_CV486075_250ng_FAIMS_003,1686409,,,Q99ZW2,,,false,Q99ZW2,Q99ZW2,,false,GILQTVKVVDELVK,LVDSTDKADLR,736,142,7,7,742,148,,-1,4,0,1.007276,87.6978
Scan: 1578581 Run: DIA12_CV486075:20251228_A2_N1_Mueller_MS_TechHub_IMP_THIDDIAXL003_Cas9_PhoX_DIA12_CV486075_250ng_FAIMS_003 P1_NLPNEKVLPK P2_KPAFLSGEQK 6 1,DIA12_CV486075:20251228_A2_N1_Mueller_MS_TechHub_IMP_THIDDIAXL003_Cas9_PhoX_DIA12_CV486075_250ng_FAIMS_003,1578581,,,Q99ZW2,,,false,Q99ZW2,Q99ZW2,,false,KPAFLSGEQK,NLPNEKVLPK,536,501,1,6,536,506,,-1,3,0,1.007276,87.647198
Scan: 88463 Run: DIA12_CV486075:20251228_A2_N1_Mueller_MS_TechHub_IMP_THIDDIAXL003_Cas9_PhoX_DIA12_CV486075_250ng_FAIMS_001 P1_NSDKLIAR P2_EKIEKILTFR 4 5,DIA12_CV486075:20251228_A2_N1_Mueller_MS_TechHub_IMP_THIDDIAXL003_Cas9_PhoX_DIA12_CV486075_250ng_FAIMS_001,88463,,,Q99ZW2,,,false,Q99ZW2,Q99ZW2,,false,EKIEKILTFR,NSDKLIAR,438,1115,5,4,442,1118,,-1,3,0,1.007276,87.621384
Scan: 1506552 Run: DIA12_CV486075:20251228_A2_N1_Mueller_MS_TechHub_IMP_THIDDIAXL003_Cas9_PhoX_DIA12_CV486075_250ng_FAIMS_003 P1_QSGKTILDFLK P2_KSEETITPWNFEEVVDK 4 1,DIA12_CV486075:20251228_A2_N1_Mueller_MS_TechHub_IMP_THIDDIAXL003_Cas9_PhoX_DIA12_CV486075_250ng_FAIMS_003,1506552,,,Q99ZW2,,,false,Q99ZW2,Q99ZW2,,false,KSEETITPWNFEEVVDK,QSGKTILDFLK,468,674,1,4,468,677,,-1,4,0,1.007276,87.600967
Scan: 1264129 Run: DIA12_CV486075:20251228_A2_N1_Mueller_MS_TechHub_IMP_THIDDIAXL003_Cas9_PhoX_DIA12_CV486075_250ng_FAIMS_003 P1_TEVQTGGFSKESILPK P2_GNELALPSKYVNFLYLASHYEK 10 9,DIA12_CV486075:20251228_A2_N1_Mueller_MS_TechHub_IMP_THIDDIAXL003_Cas9_PhoX_DIA12_CV486075_250ng_FAIMS_003,1264129,,,Q99ZW2,,,false,Q99ZW2,Q99ZW2,,false,GNELALPSKYVNFLYLASHYEK,TEVQTGGFSKESILPK,1223,1098,9,10,1231,1107,,-1,5,0,1.007276,87.56229
Scan: 1025746 Run: DIA12_CV486075:20251228_A2_N1_Mueller_MS_TechHub_IMP_THIDDIAXL003_Cas9_PhoX_DIA12_CV486075_250ng_FAIMS_002 P1_KLINGIR P2_KKDWDPK 1 2,DIA12_CV486075:20251228_A2_N1_Mueller_MS_TechHub_IMP_THIDDIAXL003_Cas9_PhoX_DIA12_CV486075_250ng_FAIMS_002,1025746,,,Q99ZW2,,,false,Q99ZW2,Q99ZW2,,false,KKDWDPK,KLINGIR,1123,665,2,1,1124,665,,-1,4,0,1.007276,87.553654
Scan: 1108244 Run: DIA12_CV486075:20251228_A2_N1_Mueller_MS_TechHub_IMP_THIDDIAXL003_Cas9_PhoX_DIA12_CV486075_250ng_FAIMS_002 P1_SKLVSDFRK P2_ENQTTQKGQK 2 7,DIA12_CV486075:20251228_A2_N1_Mueller_MS_TechHub_IMP_THIDDIAXL003_Cas9_PhoX_DIA12_CV486075_250ng_FAIMS_002,1108244,,,Q99ZW2,,,false,Q99ZW2,Q99ZW2,,false,ENQTTQKGQK,SKLVSDFRK,766,960,7,2,772,961,,-1,4,0,1.007276,87.535492
Scan: 942407 Run: DIA12_CV486075:20251228_A2_N1_Mueller_MS_TechHub_IMP_THIDDIAXL003_Cas9_PhoX_DIA12_CV486075_250ng_FAIMS_002 P1_KSEETITPWNFEEVVDKGASAQSFIER P2_IEKILTFR 17 3,DIA12_CV486075:20251228_A2_N1_Mueller_MS_TechHub_IMP_THIDDIAXL003_Cas9_PhoX_DIA12_CV486075_250ng_FAIMS_002,942407,,,Q99ZW2,,,false,Q99ZW2,Q99ZW2,,false,IEKILTFR,KSEETITPWNFEEVVDKGASAQSFIER,440,468,3,17,442,484,,-1,4,0,1.007276,87.520355
Scan: 1339467 Run: DIA12_CV486075:20251228_A2_N1_Mueller_MS_TechHub_IMP_THIDDIAXL003_Cas9_PhoX_DIA12_CV486075_250ng_FAIMS_003 P1_LPKYSLFELENGR P2_GNELALPSKYVNFLYLASHYEK 3 9,DIA12_CV486075:20251228_A2_N1_Mueller_MS_TechHub_IMP_THIDDIAXL003_Cas9_PhoX_DIA12_CV486075_250ng_FAIMS_003,1339467,,,Q99ZW2,,,false,Q99ZW2,Q99ZW2,,false,GNELALPSKYVNFLYLASHYEK,LPKYSLFELENGR,1223,1198,9,3,1231,1200,,-1,5,0,1.007276,87.491753
Scan: 1266355 Run: DIA12_CV486075:20251228_A2_N1_Mueller_MS_TechHub_IMP_THIDDIAXL003_Cas9_PhoX_DIA12_CV486075_250ng_FAIMS_003 P1_TEVQTGGFSKESILPK P2_KPAFLSGEQK 10 1,DIA12_CV486075:20251228_A2_N1_Mueller_MS_TechHub_IMP_THIDDIAXL003_Cas9_PhoX_DIA12_CV486075_250ng_FAIMS_003,1266355,,,Q99ZW2,,,false,Q99ZW2,Q99ZW2,,false,KPAFLSGEQK,TEVQTGGFSKESILPK,536,1098,1,10,536,1107,,-1,4,0,1.007276,87.491219
Scan: 1783290 Run: DIA12_CV486075:20251228_A2_N1_Mueller_MS_TechHub_IMP_THIDDIAXL003_Cas9_PhoX_DIA12_CV486075_250ng_FAIMS_003 P1_SKLVSDFR P2_KLVDSTDK 2 1,DIA12_CV486075:20251228_A2_N1_Mueller_MS_TechHub_IMP_THIDDIAXL003_Cas9_PhoX_DIA12_CV486075_250ng_FAIMS_003,1783290,,,Q99ZW2,,,false,Q99ZW2,Q99ZW2,,false,KLVDSTDK,SKLVSDFR,141,960,1,2,141,961,,-1,3,0,1.007276,87.473663
Scan: 1036778 Run: DIA12_CV486075:20251228_A2_N1_Mueller_MS_TechHub_IMP_THIDDIAXL003_Cas9_PhoX_DIA12_CV486075_250ng_FAIMS_002 P1_QSGKTILDFLK P2_DKPIR 4 2,DIA12_CV486075:20251228_A2_N1_Mueller_MS_TechHub_IMP_THIDDIAXL003_Cas9_PhoX_DIA12_CV486075_250ng_FAIMS_002,1036778,,,Q99ZW2,,,false,Q99ZW2,Q99ZW2,,false,DKPIR,QSGKTILDFLK,1299,674,2,4,1300,677,,-1,3,0,1.007276,87.465782
Scan: 1583549 Run: DIA12_CV486075:20251228_A2_N1_Mueller_MS_TechHub_IMP_THIDDIAXL003_Cas9_PhoX_DIA12_CV486075_250ng_FAIMS_003 P1_KPAFLSGEQK P2_DDSIDNKVLTR 1 7,DIA12_CV486075:20251228_A2_N1_Mueller_MS_TechHub_IMP_THIDDIAXL003_Cas9_PhoX_DIA12_CV486075_250ng_FAIMS_003,1583549,,,Q99ZW2,,,false,Q99ZW2,Q99ZW2,,false,DDSIDNKVLTR,KPAFLSGEQK,849,536,7,1,855,536,,-1,3,0,1.007276,87.446545
Scan: 594210 Run: DIA12_CV486075:20251228_A2_N1_Mueller_MS_TechHub_IMP_THIDDIAXL003_Cas9_PhoX_DIA12_CV486075_250ng_FAIMS_001 P1_KVTVK P2_KDFQFYK 1 1,DIA12_CV486075:20251228_A2_N1_Mueller_MS_TechHub_IMP_THIDDIAXL003_Cas9_PhoX_DIA12_CV486075_250ng_FAIMS_001,594210,,,Q99ZW2,,,false,Q99ZW2,Q99ZW2,,false,KDFQFYK,KVTVK,968,558,1,1,968,558,,-1,3,0,1.007276,87.431797
Scan: 695478 Run: DIA12_CV486075:20251228_A2_N1_Mueller_MS_TechHub_IMP_THIDDIAXL003_Cas9_PhoX_DIA12_CV486075_250ng_FAIMS_002 P1_SSFEKNPIDFLEAK P2_KKDWDPK 5 2,DIA12_CV486075:20251228_A2_N1_Mueller_MS_TechHub_IMP_THIDDIAXL003_Cas9_PhoX_DIA12_CV486075_250ng_FAIMS_002,695478,,,Q99ZW2,,,false,Q99ZW2,Q99ZW2,,false,KKDWDPK,SSFEKNPIDFLEAK,1123,1172,2,5,1124,1176,,-1,4,0,1.007276,87.42804
Scan: 1610906 Run: DIA12_CV486075:20251228_A2_N1_Mueller_MS_TechHub_IMP_THIDDIAXL003_Cas9_PhoX_DIA12_CV486075_250ng_FAIMS_003 P1_VTVKQLK P2_KIECFDSVEISGVEDR 4 1,DIA12_CV486075:20251228_A2_N1_Mueller_MS_TechHub_IMP_THIDDIAXL003_Cas9_PhoX_DIA12_CV486075_250ng_FAIMS_003,1610906,,,Q99ZW2,,,false,Q99ZW2,Q99ZW2,,false,KIECFDSVEISGVEDR,VTVKQLK,571,559,1,4,571,562,,-1,4,0,1.007276,87.418056
Scan: 806304 Run: DIA12_CV486075:20251228_A2_N1_Mueller_MS_TechHub_IMP_THIDDIAXL003_Cas9_PhoX_DIA12_CV486075_250ng_FAIMS_002 P1_LSKSR P2_FKVLGNTDR 3 2,DIA12_CV486075:20251228_A2_N1_Mueller_MS_TechHub_IMP_THIDDIAXL003_Cas9_PhoX_DIA12_CV486075_250ng_FAIMS_002,806304,,,Q99ZW2,,,false,Q99ZW2,Q99ZW2,,false,FKVLGNTDR,LSKSR,32,216,2,3,33,218,,-1,3,0,1.007276,87.413559
Scan: 545385 Run: DIA12_CV486075:20251228_A2_N1_Mueller_MS_TechHub_IMP_THIDDIAXL003_Cas9_PhoX_DIA12_CV486075_250ng_FAIMS_001 P1_LSKSR P2_GKSDNVPSEEVVK 3 2,DIA12_CV486075:20251228_A2_N1_Mueller_MS_TechHub_IMP_THIDDIAXL003_Cas9_PhoX_DIA12_CV486075_250ng_FAIMS_001,545385,,,Q99ZW2,,,false,Q99ZW2,Q99ZW2,,false,GKSDNVPSEEVVK,LSKSR,865,216,2,3,866,218,,-1,3,0,1.007276,87.342999
Scan: 840414 Run: DIA12_CV486075:20251228_A2_N1_Mueller_MS_TechHub_IMP_THIDDIAXL003_Cas9_PhoX_DIA12_CV486075_250ng_FAIMS_002 P1_FKVLGNTDR P2_FIKPILEK 2 3,DIA12_CV486075:20251228_A2_N1_Mueller_MS_TechHub_IMP_THIDDIAXL003_Cas9_PhoX_DIA12_CV486075_250ng_FAIMS_002,840414,,,Q99ZW2,,,false,Q99ZW2,Q99ZW2,,false,FIKPILEK,FKVLGNTDR,375,32,3,2,377,33,,-1,3,0,1.007276,87.34071
Scan: 1573313 Run: DIA12_CV486075:20251228_A2_N1_Mueller_MS_TechHub_IMP_THIDDIAXL003_Cas9_PhoX_DIA12_CV486075_250ng_FAIMS_003 P1_KPAFLSGEQK P2_KKDWDPK 1 2,DIA12_CV486075:20251228_A2_N1_Mueller_MS_TechHub_IMP_THIDDIAXL003_Cas9_PhoX_DIA12_CV486075_250ng_FAIMS_003,1573313,,,Q99ZW2,,,false,Q99ZW2,Q99ZW2,,false,KKDWDPK,KPAFLSGEQK,1123,536,2,1,1124,536,,-1,3,0,1.007276,87.270454
Scan: 702062 Run: DIA12_CV486075:20251228_A2_N1_Mueller_MS_TechHub_IMP_THIDDIAXL003_Cas9_PhoX_DIA12_CV486075_250ng_FAIMS_002 P1_KYGGFDSPTVAYSVLVVAK P2_KDWDPK 1 1,DIA12_CV486075:20251228_A2_N1_Mueller_MS_TechHub_IMP_THIDDIAXL003_Cas9_PhoX_DIA12_CV486075_250ng_FAIMS_002,702062,,,Q99ZW2,,,false,Q99ZW2,Q99ZW2,,false,KDWDPK,KYGGFDSPTVAYSVLVVAK,1124,1130,1,1,1124,1130,,-1,4,0,1.007276,87.259529
Scan: 1162685 Run: DIA12_CV486075:20251228_A2_N1_Mueller_MS_TechHub_IMP_THIDDIAXL003_Cas9_PhoX_DIA12_CV486075_250ng_FAIMS_002 P1_KFDNLTKAER P2_GKSDNVPSEEVVK 7 2,DIA12_CV486075:20251228_A2_N1_Mueller_MS_TechHub_IMP_THIDDIAXL003_Cas9_PhoX_DIA12_CV486075_250ng_FAIMS_002,1162685,,,Q99ZW2,,,false,Q99ZW2,Q99ZW2,,false,GKSDNVPSEEVVK,KFDNLTKAER,865,896,2,7,866,902,,-1,3,0,1.007276,87.259186
Scan: 1233956 Run: DIA12_CV486075:20251228_A2_N1_Mueller_MS_TechHub_IMP_THIDDIAXL003_Cas9_PhoX_DIA12_CV486075_250ng_FAIMS_003 P1_MTNFDKNLPNEK P2_KTEVQTGGFSK 6 1,DIA12_CV486075:20251228_A2_N1_Mueller_MS_TechHub_IMP_THIDDIAXL003_Cas9_PhoX_DIA12_CV486075_250ng_FAIMS_003,1233956,,,Q99ZW2,,,false,Q99ZW2,Q99ZW2,,false,KTEVQTGGFSK,MTNFDKNLPNEK,1097,495,1,6,1097,500,,-1,4,0,1.007276,87.24585
Scan: 1109016 Run: DIA12_CV486075:20251228_A2_N1_Mueller_MS_TechHub_IMP_THIDDIAXL003_Cas9_PhoX_DIA12_CV486075_250ng_FAIMS_002 P1_KLVDSTDK P2_GQKNSR 1 3,DIA12_CV486075:20251228_A2_N1_Mueller_MS_TechHub_IMP_THIDDIAXL003_Cas9_PhoX_DIA12_CV486075_250ng_FAIMS_002,1109016,,,Q99ZW2,,,false,Q99ZW2,Q99ZW2,,false,GQKNSR,KLVDSTDK,773,141,3,1,775,141,,-1,3,0,1.007276,87.235512
Scan: 1436151 Run: DIA12_CV486075:20251228_A2_N1_Mueller_MS_TechHub_IMP_THIDDIAXL003_Cas9_PhoX_DIA12_CV486075_250ng_FAIMS_003 P1_KRPLIETNGETGEIVWDK P2_FKVLGNTDR 1 2,DIA12_CV486075:20251228_A2_N1_Mueller_MS_TechHub_IMP_THIDDIAXL003_Cas9_PhoX_DIA12_CV486075_250ng_FAIMS_003,1436151,,,Q99ZW2,,,false,Q99ZW2,Q99ZW2,,false,FKVLGNTDR,KRPLIETNGETGEIVWDK,32,1059,2,1,33,1059,,-1,4,0,1.007276,87.223644
Scan: 571147 Run: DIA12_CV486075:20251228_A2_N1_Mueller_MS_TechHub_IMP_THIDDIAXL003_Cas9_PhoX_DIA12_CV486075_250ng_FAIMS_001 P1_QITKHVAQILDSR P2_KDLIIK 4 1,DIA12_CV486075:20251228_A2_N1_Mueller_MS_TechHub_IMP_THIDDIAXL003_Cas9_PhoX_DIA12_CV486075_250ng_FAIMS_001,571147,,,Q99ZW2,,,false,Q99ZW2,Q99ZW2,,false,KDLIIK,QITKHVAQILDSR,1192,926,1,4,1192,929,,-1,4,0,1.007276,87.213181
Scan: 1027873 Run: DIA12_CV486075:20251228_A2_N1_Mueller_MS_TechHub_IMP_THIDDIAXL003_Cas9_PhoX_DIA12_CV486075_250ng_FAIMS_002 P1_KVTVK P2_KLINGIR 1 1,DIA12_CV486075:20251228_A2_N1_Mueller_MS_TechHub_IMP_THIDDIAXL003_Cas9_PhoX_DIA12_CV486075_250ng_FAIMS_002,1027873,,,Q99ZW2,,,false,Q99ZW2,Q99ZW2,,false,KLINGIR,KVTVK,665,558,1,1,665,558,,-1,3,0,1.007276,87.202332
Scan: 1637728 Run: DIA12_CV486075:20251228_A2_N1_Mueller_MS_TechHub_IMP_THIDDIAXL003_Cas9_PhoX_DIA12_CV486075_250ng_FAIMS_003 P1_TILDFLKSDGFANR P2_NPIDFLEAKGYK 7 9,DIA12_CV486075:20251228_A2_N1_Mueller_MS_TechHub_IMP_THIDDIAXL003_Cas9_PhoX_DIA12_CV486075_250ng_FAIMS_003,1637728,,,Q99ZW2,,,false,Q99ZW2,Q99ZW2,,false,NPIDFLEAKGYK,TILDFLKSDGFANR,1177,678,9,7,1185,684,,-1,4,0,1.007276,87.200729
Scan: 549641 Run: DIA12_CV486075:20251228_A2_N1_Mueller_MS_TechHub_IMP_THIDDIAXL003_Cas9_PhoX_DIA12_CV486075_250ng_FAIMS_001 P1_SKLVSDFR P2_GKSDNVPSEEVVK 2 2,DIA12_CV486075:20251228_A2_N1_Mueller_MS_TechHub_IMP_THIDDIAXL003_Cas9_PhoX_DIA12_CV486075_250ng_FAIMS_001,549641,,,Q99ZW2,,,false,Q99ZW2,Q99ZW2,,false,GKSDNVPSEEVVK,SKLVSDFR,865,960,2,2,866,961,,-1,3,0,1.007276,87.17477
Scan: 1788911 Run: DIA12_CV486075:20251228_A2_N1_Mueller_MS_TechHub_IMP_THIDDIAXL003_Cas9_PhoX_DIA12_CV486075_250ng_FAIMS_003 P1_KDFQFYK P2_IEKILTFR 1 3,DIA12_CV486075:20251228_A2_N1_Mueller_MS_TechHub_IMP_THIDDIAXL003_Cas9_PhoX_DIA12_CV486075_250ng_FAIMS_003,1788911,,,Q99ZW2,,,false,Q99ZW2,Q99ZW2,,false,IEKILTFR,KDFQFYK,440,968,3,1,442,968,,-1,3,0,1.007276,87.151875
Scan: 1652499 Run: DIA12_CV486075:20251228_A2_N1_Mueller_MS_TechHub_IMP_THIDDIAXL003_Cas9_PhoX_DIA12_CV486075_250ng_FAIMS_003 P1_KNLIGALLFDSGETAEATR P2_EDIQKAQVSGQGDSLHEHIANLAGSPAIK 1 5,DIA12_CV486075:20251228_A2_N1_Mueller_MS_TechHub_IMP_THIDDIAXL003_Cas9_PhoX_DIA12_CV486075_250ng_FAIMS_003,1652499,,,Q99ZW2,,,false,Q99ZW2,Q99ZW2,,false,EDIQKAQVSGQGDSLHEHIANLAGSPAIK,KNLIGALLFDSGETAEATR,706,45,5,1,710,45,,-1,5,0,1.007276,87.087597
Scan: 1744553 Run: DIA12_CV486075:20251228_A2_N1_Mueller_MS_TechHub_IMP_THIDDIAXL003_Cas9_PhoX_DIA12_CV486075_250ng_FAIMS_003 P1_KDFQFYK P2_GKSDNVPSEEVVK 1 2,DIA12_CV486075:20251228_A2_N1_Mueller_MS_TechHub_IMP_THIDDIAXL003_Cas9_PhoX_DIA12_CV486075_250ng_FAIMS_003,1744553,,,Q99ZW2,,,false,Q99ZW2,Q99ZW2,,false,GKSDNVPSEEVVK,KDFQFYK,865,968,2,1,866,968,,-1,3,0,1.007276,87.082531
Scan: 1626021 Run: DIA12_CV486075:20251228_A2_N1_Mueller_MS_TechHub_IMP_THIDDIAXL003_Cas9_PhoX_DIA12_CV486075_250ng_FAIMS_003 P1_KLINGIR P2_EDIQKAQVSGQGDSLHEHIANLAGSPAIKK 1 5,DIA12_CV486075:20251228_A2_N1_Mueller_MS_TechHub_IMP_THIDDIAXL003_Cas9_PhoX_DIA12_CV486075_250ng_FAIMS_003,1626021,,,Q99ZW2,,,false,Q99ZW2,Q99ZW2,,false,EDIQKAQVSGQGDSLHEHIANLAGSPAIKK,KLINGIR,706,665,5,1,710,665,,-1,6,0,1.007276,87.062759
Scan: 784580 Run: DIA12_CV486075:20251228_A2_N1_Mueller_MS_TechHub_IMP_THIDDIAXL003_Cas9_PhoX_DIA12_CV486075_250ng_FAIMS_002 P1_VLSAYNKHR P2_DKPIR 7 2,DIA12_CV486075:20251228_A2_N1_Mueller_MS_TechHub_IMP_THIDDIAXL003_Cas9_PhoX_DIA12_CV486075_250ng_FAIMS_002,784580,,,Q99ZW2,,,false,Q99ZW2,Q99ZW2,,false,DKPIR,VLSAYNKHR,1299,1290,2,7,1300,1296,,-1,4,0,1.007276,87.029854
Scan: 688337 Run: DIA12_CV486075:20251228_A2_N1_Mueller_MS_TechHub_IMP_THIDDIAXL003_Cas9_PhoX_DIA12_CV486075_250ng_FAIMS_002 P1_RNSDKLIAR P2_DKQSGK 5 2,DIA12_CV486075:20251228_A2_N1_Mueller_MS_TechHub_IMP_THIDDIAXL003_Cas9_PhoX_DIA12_CV486075_250ng_FAIMS_002,688337,,,Q99ZW2,,,false,Q99ZW2,Q99ZW2,,false,DKQSGK,RNSDKLIAR,672,1114,2,5,673,1118,,-1,4,0,1.007276,86.999977
Scan: 975796 Run: DIA12_CV486075:20251228_A2_N1_Mueller_MS_TechHub_IMP_THIDDIAXL003_Cas9_PhoX_DIA12_CV486075_250ng_FAIMS_002 P1_KPAFLSGEQK P2_KKDWDPK 1 1,DIA12_CV486075:20251228_A2_N1_Mueller_MS_TechHub_IMP_THIDDIAXL003_Cas9_PhoX_DIA12_CV486075_250ng_FAIMS_002,975796,,,Q99ZW2,,,false,Q99ZW2,Q99ZW2,,false,KKDWDPK,KPAFLSGEQK,1123,536,1,1,1123,536,,-1,3,0,1.007276,86.95182
Scan: 484529 Run: DIA12_CV486075:20251228_A2_N1_Mueller_MS_TechHub_IMP_THIDDIAXL003_Cas9_PhoX_DIA12_CV486075_250ng_FAIMS_001 P1_TILDFLKSDGFANR P2_KGILQTVK 7 1,DIA12_CV486075:20251228_A2_N1_Mueller_MS_TechHub_IMP_THIDDIAXL003_Cas9_PhoX_DIA12_CV486075_250ng_FAIMS_001,484529,,,Q99ZW2,,,false,Q99ZW2,Q99ZW2,,false,KGILQTVK,TILDFLKSDGFANR,735,678,1,7,735,684,,-1,4,0,1.007276,86.942482
Scan: 1258878 Run: DIA12_CV486075:20251228_A2_N1_Mueller_MS_TechHub_IMP_THIDDIAXL003_Cas9_PhoX_DIA12_CV486075_250ng_FAIMS_003 P1_KTEVQTGGFSKESILPK P2_KKDWDPK 11 1,DIA12_CV486075:20251228_A2_N1_Mueller_MS_TechHub_IMP_THIDDIAXL003_Cas9_PhoX_DIA12_CV486075_250ng_FAIMS_003,1258878,,,Q99ZW2,,,false,Q99ZW2,Q99ZW2,,false,KKDWDPK,KTEVQTGGFSKESILPK,1123,1097,1,11,1123,1107,,-1,4,0,1.007276,86.896564
Scan: 826607 Run: DIA12_CV486075:20251228_A2_N1_Mueller_MS_TechHub_IMP_THIDDIAXL003_Cas9_PhoX_DIA12_CV486075_250ng_FAIMS_002 P1_SNFDLAEDAKLQLSK P2_SKLVSDFR 10 2,DIA12_CV486075:20251228_A2_N1_Mueller_MS_TechHub_IMP_THIDDIAXL003_Cas9_PhoX_DIA12_CV486075_250ng_FAIMS_002,826607,,,Q99ZW2,,,false,Q99ZW2,Q99ZW2,,false,SKLVSDFR,SNFDLAEDAKLQLSK,960,254,2,10,961,263,,-1,4,0,1.007276,86.849171
Scan: 589860 Run: DIA12_CV486075:20251228_A2_N1_Mueller_MS_TechHub_IMP_THIDDIAXL003_Cas9_PhoX_DIA12_CV486075_250ng_FAIMS_001 P1_SKLVSDFR P2_QLLNAKLITQR 2 6,DIA12_CV486075:20251228_A2_N1_Mueller_MS_TechHub_IMP_THIDDIAXL003_Cas9_PhoX_DIA12_CV486075_250ng_FAIMS_001,589860,,,Q99ZW2,,,false,Q99ZW2,Q99ZW2,,false,QLLNAKLITQR,SKLVSDFR,885,960,6,2,890,961,,-1,4,0,1.007276,86.82502
Scan: 372722 Run: DIA12_CV486075:20251228_A2_N1_Mueller_MS_TechHub_IMP_THIDDIAXL003_Cas9_PhoX_DIA12_CV486075_250ng_FAIMS_001 P1_HSLLYEYFTVYNELTKVK P2_FKVLGNTDR 16 2,DIA12_CV486075:20251228_A2_N1_Mueller_MS_TechHub_IMP_THIDDIAXL003_Cas9_PhoX_DIA12_CV486075_250ng_FAIMS_001,372722,,,Q99ZW2,,,false,Q99ZW2,Q99ZW2,,false,FKVLGNTDR,HSLLYEYFTVYNELTKVK,32,511,2,16,33,526,,-1,4,0,1.007276,86.820747
Scan: 588307 Run: DIA12_CV486075:20251228_A2_N1_Mueller_MS_TechHub_IMP_THIDDIAXL003_Cas9_PhoX_DIA12_CV486075_250ng_FAIMS_001 P1_VILADANLDKVLSAYNK P2_SKLVSDFR 10 2,DIA12_CV486075:20251228_A2_N1_Mueller_MS_TechHub_IMP_THIDDIAXL003_Cas9_PhoX_DIA12_CV486075_250ng_FAIMS_001,588307,,,Q99ZW2,,,false,Q99ZW2,Q99ZW2,,false,SKLVSDFR,VILADANLDKVLSAYNK,960,1280,2,10,961,1289,,-1,4,0,1.007276,86.814594
Scan: 955667 Run: DIA12_CV486075:20251228_A2_N1_Mueller_MS_TechHub_IMP_THIDDIAXL003_Cas9_PhoX_DIA12_CV486075_250ng_FAIMS_002 P1_MTNFDKNLPNEK P2_KLINGIR 6 1,DIA12_CV486075:20251228_A2_N1_Mueller_MS_TechHub_IMP_THIDDIAXL003_Cas9_PhoX_DIA12_CV486075_250ng_FAIMS_002,955667,,,Q99ZW2,,,false,Q99ZW2,Q99ZW2,,false,KLINGIR,MTNFDKNLPNEK,665,495,1,6,665,500,,-1,3,0,1.007276,86.798443
Scan: 1499044 Run: DIA12_CV486075:20251228_A2_N1_Mueller_MS_TechHub_IMP_THIDDIAXL003_Cas9_PhoX_DIA12_CV486075_250ng_FAIMS_003 P1_LVDSTDKADLR P2_KSEETITPWNFEEVVDK 7 1,DIA12_CV486075:20251228_A2_N1_Mueller_MS_TechHub_IMP_THIDDIAXL003_Cas9_PhoX_DIA12_CV486075_250ng_FAIMS_003,1499044,,,Q99ZW2,,,false,Q99ZW2,Q99ZW2,,false,KSEETITPWNFEEVVDK,LVDSTDKADLR,468,142,1,7,468,148,,-1,4,0,1.007276,86.786816
Scan: 1001549 Run: DIA12_CV486075:20251228_A2_N1_Mueller_MS_TechHub_IMP_THIDDIAXL003_Cas9_PhoX_DIA12_CV486075_250ng_FAIMS_002 P1_KTEVQTGGFSK P2_KAIVDLLFK 1 1,DIA12_CV486075:20251228_A2_N1_Mueller_MS_TechHub_IMP_THIDDIAXL003_Cas9_PhoX_DIA12_CV486075_250ng_FAIMS_002,1001549,,,Q99ZW2,,,false,Q99ZW2,Q99ZW2,,false,KAIVDLLFK,KTEVQTGGFSK,546,1097,1,1,546,1097,,-1,3,0,1.007276,86.781891
Scan: 1634826 Run: DIA12_CV486075:20251228_A2_N1_Mueller_MS_TechHub_IMP_THIDDIAXL003_Cas9_PhoX_DIA12_CV486075_250ng_FAIMS_003 P1_QSGKTILDFLK P2_KLINGIR 4 1,DIA12_CV486075:20251228_A2_N1_Mueller_MS_TechHub_IMP_THIDDIAXL003_Cas9_PhoX_DIA12_CV486075_250ng_FAIMS_003,1634826,,,Q99ZW2,,,false,Q99ZW2,Q99ZW2,,false,KLINGIR,QSGKTILDFLK,665,674,1,4,665,677,,-1,4,0,1.007276,86.743565
Scan: 112275 Run: DIA12_CV486075:20251228_A2_N1_Mueller_MS_TechHub_IMP_THIDDIAXL003_Cas9_PhoX_DIA12_CV486075_250ng_FAIMS_001 P1_SSFEKNPIDFLEAK P2_KKDWDPK 5 2,DIA12_CV486075:20251228_A2_N1_Mueller_MS_TechHub_IMP_THIDDIAXL003_Cas9_PhoX_DIA12_CV486075_250ng_FAIMS_001,112275,,,Q99ZW2,,,false,Q99ZW2,Q99ZW2,,false,KKDWDPK,SSFEKNPIDFLEAK,1123,1172,2,5,1124,1176,,-1,3,0,1.007276,86.735085
Scan: 1139496 Run: DIA12_CV486075:20251228_A2_N1_Mueller_MS_TechHub_IMP_THIDDIAXL003_Cas9_PhoX_DIA12_CV486075_250ng_FAIMS_002 P1_GQKNSR P2_DDSIDNKVLTR 3 7,DIA12_CV486075:20251228_A2_N1_Mueller_MS_TechHub_IMP_THIDDIAXL003_Cas9_PhoX_DIA12_CV486075_250ng_FAIMS_002,1139496,,,Q99ZW2,,,false,Q99ZW2,Q99ZW2,,false,DDSIDNKVLTR,GQKNSR,849,773,7,3,855,775,,-1,3,0,1.007276,86.692505
Scan: 985624 Run: DIA12_CV486075:20251228_A2_N1_Mueller_MS_TechHub_IMP_THIDDIAXL003_Cas9_PhoX_DIA12_CV486075_250ng_FAIMS_002 P1_KPAFLSGEQK P2_GQKNSR 1 3,DIA12_CV486075:20251228_A2_N1_Mueller_MS_TechHub_IMP_THIDDIAXL003_Cas9_PhoX_DIA12_CV486075_250ng_FAIMS_002,985624,,,Q99ZW2,,,false,Q99ZW2,Q99ZW2,,false,GQKNSR,KPAFLSGEQK,773,536,3,1,775,536,,-1,3,0,1.007276,86.663616
Scan: 1548265 Run: DIA12_CV486075:20251228_A2_N1_Mueller_MS_TechHub_IMP_THIDDIAXL003_Cas9_PhoX_DIA12_CV486075_250ng_FAIMS_003 P1_MTNFDKNLPNEK P2_KKDWDPK 6 1,DIA12_CV486075:20251228_A2_N1_Mueller_MS_TechHub_IMP_THIDDIAXL003_Cas9_PhoX_DIA12_CV486075_250ng_FAIMS_003,1548265,,,Q99ZW2,,,false,Q99ZW2,Q99ZW2,,false,KKDWDPK,MTNFDKNLPNEK,1123,495,1,6,1123,500,,-1,3,0,1.007276,86.660145
Scan: 121001 Run: DIA12_CV486075:20251228_A2_N1_Mueller_MS_TechHub_IMP_THIDDIAXL003_Cas9_PhoX_DIA12_CV486075_250ng_FAIMS_001 P1_SSFEKNPIDFLEAK P2_IEEGIKELGSQILK 5 6,DIA12_CV486075:20251228_A2_N1_Mueller_MS_TechHub_IMP_THIDDIAXL003_Cas9_PhoX_DIA12_CV486075_250ng_FAIMS_001,121001,,,Q99ZW2,,,false,Q99ZW2,Q99ZW2,,false,IEEGIKELGSQILK,SSFEKNPIDFLEAK,784,1172,6,5,789,1176,,-1,4,0,1.007276,86.635525
Scan: 1402782 Run: DIA12_CV486075:20251228_A2_N1_Mueller_MS_TechHub_IMP_THIDDIAXL003_Cas9_PhoX_DIA12_CV486075_250ng_FAIMS_003 P1_LVDSTDKADLR P2_KVTVK 7 1,DIA12_CV486075:20251228_A2_N1_Mueller_MS_TechHub_IMP_THIDDIAXL003_Cas9_PhoX_DIA12_CV486075_250ng_FAIMS_003,1402782,,,Q99ZW2,,,false,Q99ZW2,Q99ZW2,,false,KVTVK,LVDSTDKADLR,558,142,1,7,558,148,,-1,3,0,1.007276,86.632744
Scan: 140886 Run: DIA12_CV486075:20251228_A2_N1_Mueller_MS_TechHub_IMP_THIDDIAXL003_Cas9_PhoX_DIA12_CV486075_250ng_FAIMS_001 P1_SEETITPWNFEEVVDKGASAQSFIER P2_KDLIIKLPK 16 6,DIA12_CV486075:20251228_A2_N1_Mueller_MS_TechHub_IMP_THIDDIAXL003_Cas9_PhoX_DIA12_CV486075_250ng_FAIMS_001,140886,,,Q99ZW2,,,false,Q99ZW2,Q99ZW2,,false,KDLIIKLPK,SEETITPWNFEEVVDKGASAQSFIER,1192,469,6,16,1197,484,,-1,4,0,1.007276,86.612415
Scan: 260514 Run: DIA12_CV486075:20251228_A2_N1_Mueller_MS_TechHub_IMP_THIDDIAXL003_Cas9_PhoX_DIA12_CV486075_250ng_FAIMS_001 P1_YKEIFFDQSK P2_QSGKTILDFLK 2 4,DIA12_CV486075:20251228_A2_N1_Mueller_MS_TechHub_IMP_THIDDIAXL003_Cas9_PhoX_DIA12_CV486075_250ng_FAIMS_001,260514,,,Q99ZW2,,,false,Q99ZW2,Q99ZW2,,false,QSGKTILDFLK,YKEIFFDQSK,674,347,4,2,677,348,,-1,4,0,1.007276,86.611317
Scan: 1178868 Run: DIA12_CV486075:20251228_A2_N1_Mueller_MS_TechHub_IMP_THIDDIAXL003_Cas9_PhoX_DIA12_CV486075_250ng_FAIMS_002 P1_MNTKYDENDK P2_KLINGIR 4 1,DIA12_CV486075:20251228_A2_N1_Mueller_MS_TechHub_IMP_THIDDIAXL003_Cas9_PhoX_DIA12_CV486075_250ng_FAIMS_002,1178868,,,Q99ZW2,,,false,Q99ZW2,Q99ZW2,,false,KLINGIR,MNTKYDENDK,665,939,1,4,665,942,,-1,3,0,1.007276,86.600288
Scan: 521968 Run: DIA12_CV486075:20251228_A2_N1_Mueller_MS_TechHub_IMP_THIDDIAXL003_Cas9_PhoX_DIA12_CV486075_250ng_FAIMS_001 P1_KLVDSTDK P2_ELGSQILKEHPVENTQLQNEK 1 8,DIA12_CV486075:20251228_A2_N1_Mueller_MS_TechHub_IMP_THIDDIAXL003_Cas9_PhoX_DIA12_CV486075_250ng_FAIMS_001,521968,,,Q99ZW2,,,false,Q99ZW2,Q99ZW2,,false,ELGSQILKEHPVENTQLQNEK,KLVDSTDK,790,141,8,1,797,141,,-1,4,0,1.007276,86.560265
Scan: 784599 Run: DIA12_CV486075:20251228_A2_N1_Mueller_MS_TechHub_IMP_THIDDIAXL003_Cas9_PhoX_DIA12_CV486075_250ng_FAIMS_002 P1_VLSAYNKHR P2_DKPIR 7 2,DIA12_CV486075:20251228_A2_N1_Mueller_MS_TechHub_IMP_THIDDIAXL003_Cas9_PhoX_DIA12_CV486075_250ng_FAIMS_002,784599,,,Q99ZW2,,,false,Q99ZW2,Q99ZW2,,false,DKPIR,VLSAYNKHR,1299,1290,2,7,1300,1296,,-1,3,0,1.007276,86.531487
Scan: 1440296 Run: DIA12_CV486075:20251228_A2_N1_Mueller_MS_TechHub_IMP_THIDDIAXL003_Cas9_PhoX_DIA12_CV486075_250ng_FAIMS_003 P1_FKVLGNTDR P2_ELGSQILKEHPVENTQLQNEK 2 8,DIA12_CV486075:20251228_A2_N1_Mueller_MS_TechHub_IMP_THIDDIAXL003_Cas9_PhoX_DIA12_CV486075_250ng_FAIMS_003,1440296,,,Q99ZW2,,,false,Q99ZW2,Q99ZW2,,false,ELGSQILKEHPVENTQLQNEK,FKVLGNTDR,790,32,8,2,797,33,,-1,4,0,1.007276,86.487835
Scan: 1685947 Run: DIA12_CV486075:20251228_A2_N1_Mueller_MS_TechHub_IMP_THIDDIAXL003_Cas9_PhoX_DIA12_CV486075_250ng_FAIMS_003 P1_VILADANLDKVLSAYNK P2_GILQTVKVVDELVK 10 7,DIA12_CV486075:20251228_A2_N1_Mueller_MS_TechHub_IMP_THIDDIAXL003_Cas9_PhoX_DIA12_CV486075_250ng_FAIMS_003,1685947,,,Q99ZW2,,,false,Q99ZW2,Q99ZW2,,false,GILQTVKVVDELVK,VILADANLDKVLSAYNK,736,1280,7,10,742,1289,,-1,4,0,1.007276,86.465263
Scan: 1393498 Run: DIA12_CV486075:20251228_A2_N1_Mueller_MS_TechHub_IMP_THIDDIAXL003_Cas9_PhoX_DIA12_CV486075_250ng_FAIMS_003 P1_YTSTKEVLDATLIHQSITGLYETR P2_FKVLGNTDR 5 2,DIA12_CV486075:20251228_A2_N1_Mueller_MS_TechHub_IMP_THIDDIAXL003_Cas9_PhoX_DIA12_CV486075_250ng_FAIMS_003,1393498,,,Q99ZW2,,,false,Q99ZW2,Q99ZW2,,false,FKVLGNTDR,YTSTKEVLDATLIHQSITGLYETR,32,1336,2,5,33,1340,,-1,4,0,1.007276,86.461349
Scan: 446168 Run: DIA12_CV486075:20251228_A2_N1_Mueller_MS_TechHub_IMP_THIDDIAXL003_Cas9_PhoX_DIA12_CV486075_250ng_FAIMS_001 P1_TILDFLKSDGFANR P2_KPAFLSGEQK 7 1,DIA12_CV486075:20251228_A2_N1_Mueller_MS_TechHub_IMP_THIDDIAXL003_Cas9_PhoX_DIA12_CV486075_250ng_FAIMS_001,446168,,,Q99ZW2,,,false,Q99ZW2,Q99ZW2,,false,KPAFLSGEQK,TILDFLKSDGFANR,536,678,1,7,536,684,,-1,4,0,1.007276,86.422958
Scan: 738039 Run: DIA12_CV486075:20251228_A2_N1_Mueller_MS_TechHub_IMP_THIDDIAXL003_Cas9_PhoX_DIA12_CV486075_250ng_FAIMS_002 P1_FKVLGNTDR P2_DLIIKLPK 2 5,DIA12_CV486075:20251228_A2_N1_Mueller_MS_TechHub_IMP_THIDDIAXL003_Cas9_PhoX_DIA12_CV486075_250ng_FAIMS_002,738039,,,Q99ZW2,,,false,Q99ZW2,Q99ZW2,,false,DLIIKLPK,FKVLGNTDR,1193,32,5,2,1197,33,,-1,3,0,1.007276,86.359547
Scan: 1195967 Run: DIA12_CV486075:20251228_A2_N1_Mueller_MS_TechHub_IMP_THIDDIAXL003_Cas9_PhoX_DIA12_CV486075_250ng_FAIMS_003 P1_YPKLESEFVYGDYK P2_KPAFLSGEQK 3 1,DIA12_CV486075:20251228_A2_N1_Mueller_MS_TechHub_IMP_THIDDIAXL003_Cas9_PhoX_DIA12_CV486075_250ng_FAIMS_003,1195967,,,Q99ZW2,,,false,Q99ZW2,Q99ZW2,,false,KPAFLSGEQK,YPKLESEFVYGDYK,536,1001,1,3,536,1003,,-1,4,0,1.007276,86.345074
Scan: 903559 Run: DIA12_CV486075:20251228_A2_N1_Mueller_MS_TechHub_IMP_THIDDIAXL003_Cas9_PhoX_DIA12_CV486075_250ng_FAIMS_002 P1_RQEDFYPFLKDNR P2_KSEETITPWNFEEVVDK 10 1,DIA12_CV486075:20251228_A2_N1_Mueller_MS_TechHub_IMP_THIDDIAXL003_Cas9_PhoX_DIA12_CV486075_250ng_FAIMS_002,903559,,,Q99ZW2,,,false,Q99ZW2,Q99ZW2,,false,KSEETITPWNFEEVVDK,RQEDFYPFLKDNR,468,425,1,10,468,434,,-1,4,0,1.007276,86.307812
Scan: 1001943 Run: DIA12_CV486075:20251228_A2_N1_Mueller_MS_TechHub_IMP_THIDDIAXL003_Cas9_PhoX_DIA12_CV486075_250ng_FAIMS_002 P1_KAIVDLLFK P2_DKPIR 1 2,DIA12_CV486075:20251228_A2_N1_Mueller_MS_TechHub_IMP_THIDDIAXL003_Cas9_PhoX_DIA12_CV486075_250ng_FAIMS_002,1001943,,,Q99ZW2,,,false,Q99ZW2,Q99ZW2,,false,DKPIR,KAIVDLLFK,1299,546,2,1,1300,546,,-1,3,0,1.007276,86.295967
Scan: 427788 Run: DIA12_CV486075:20251228_A2_N1_Mueller_MS_TechHub_IMP_THIDDIAXL003_Cas9_PhoX_DIA12_CV486075_250ng_FAIMS_001 P1_TEVQTGGFSKESILPK P2_KLINGIR 10 1,DIA12_CV486075:20251228_A2_N1_Mueller_MS_TechHub_IMP_THIDDIAXL003_Cas9_PhoX_DIA12_CV486075_250ng_FAIMS_001,427788,,,Q99ZW2,,,false,Q99ZW2,Q99ZW2,,false,KLINGIR,TEVQTGGFSKESILPK,665,1098,1,10,665,1107,,-1,4,0,1.007276,86.289707
Scan: 1359283 Run: DIA12_CV486075:20251228_A2_N1_Mueller_MS_TechHub_IMP_THIDDIAXL003_Cas9_PhoX_DIA12_CV486075_250ng_FAIMS_003 P1_LKGSPEDNEQK P2_GKSDNVPSEEVVK 2 2,DIA12_CV486075:20251228_A2_N1_Mueller_MS_TechHub_IMP_THIDDIAXL003_Cas9_PhoX_DIA12_CV486075_250ng_FAIMS_003,1359283,,,Q99ZW2,,,false,Q99ZW2,Q99ZW2,,false,GKSDNVPSEEVVK,LKGSPEDNEQK,865,1245,2,2,866,1246,,-1,3,0,1.007276,86.268791
Scan: 1366333 Run: DIA12_CV486075:20251228_A2_N1_Mueller_MS_TechHub_IMP_THIDDIAXL003_Cas9_PhoX_DIA12_CV486075_250ng_FAIMS_003 P1_KDLIIK P2_GSPEDNEQKQLFVEQHK 1 9,DIA12_CV486075:20251228_A2_N1_Mueller_MS_TechHub_IMP_THIDDIAXL003_Cas9_PhoX_DIA12_CV486075_250ng_FAIMS_003,1366333,,,Q99ZW2,,,false,Q99ZW2,Q99ZW2,,false,GSPEDNEQKQLFVEQHK,KDLIIK,1247,1192,9,1,1255,1192,,-1,4,0,1.007276,86.253323
Scan: 560497 Run: DIA12_CV486075:20251228_A2_N1_Mueller_MS_TechHub_IMP_THIDDIAXL003_Cas9_PhoX_DIA12_CV486075_250ng_FAIMS_001 P1_QLLNAKLITQR P2_KFDNLTK 6 1,DIA12_CV486075:20251228_A2_N1_Mueller_MS_TechHub_IMP_THIDDIAXL003_Cas9_PhoX_DIA12_CV486075_250ng_FAIMS_001,560497,,,Q99ZW2,,,false,Q99ZW2,Q99ZW2,,false,KFDNLTK,QLLNAKLITQR,896,885,1,6,896,890,,-1,4,0,1.007276,86.226021
Scan: 143264 Run: DIA12_CV486075:20251228_A2_N1_Mueller_MS_TechHub_IMP_THIDDIAXL003_Cas9_PhoX_DIA12_CV486075_250ng_FAIMS_001 P1_LPKYSLFELENGR P2_KKDWDPK 3 1,DIA12_CV486075:20251228_A2_N1_Mueller_MS_TechHub_IMP_THIDDIAXL003_Cas9_PhoX_DIA12_CV486075_250ng_FAIMS_001,143264,,,Q99ZW2,,,false,Q99ZW2,Q99ZW2,,false,KKDWDPK,LPKYSLFELENGR,1123,1198,1,3,1123,1200,,-1,3,0,1.007276,86.225441
Scan: 1027132 Run: DIA12_CV486075:20251228_A2_N1_Mueller_MS_TechHub_IMP_THIDDIAXL003_Cas9_PhoX_DIA12_CV486075_250ng_FAIMS_002 P1_KLINGIR P2_IEKILTFR 1 3,DIA12_CV486075:20251228_A2_N1_Mueller_MS_TechHub_IMP_THIDDIAXL003_Cas9_PhoX_DIA12_CV486075_250ng_FAIMS_002,1027132,,,Q99ZW2,,,false,Q99ZW2,Q99ZW2,,false,IEKILTFR,KLINGIR,440,665,3,1,442,665,,-1,4,0,1.007276,86.220173
Scan: 1157727 Run: DIA12_CV486075:20251228_A2_N1_Mueller_MS_TechHub_IMP_THIDDIAXL003_Cas9_PhoX_DIA12_CV486075_250ng_FAIMS_002 P1_QLLNAKLITQR P2_GQKNSR 6 3,DIA12_CV486075:20251228_A2_N1_Mueller_MS_TechHub_IMP_THIDDIAXL003_Cas9_PhoX_DIA12_CV486075_250ng_FAIMS_002,1157727,,,Q99ZW2,,,false,Q99ZW2,Q99ZW2,,false,GQKNSR,QLLNAKLITQR,773,885,3,6,775,890,,-1,3,0,1.007276,86.198021
Scan: 814034 Run: DIA12_CV486075:20251228_A2_N1_Mueller_MS_TechHub_IMP_THIDDIAXL003_Cas9_PhoX_DIA12_CV486075_250ng_FAIMS_002 P1_RLENLIAQLPGEKK P2_IEEGIKELGSQILK 13 6,DIA12_CV486075:20251228_A2_N1_Mueller_MS_TechHub_IMP_THIDDIAXL003_Cas9_PhoX_DIA12_CV486075_250ng_FAIMS_002,814034,,,Q99ZW2,,,false,Q99ZW2,Q99ZW2,,false,IEEGIKELGSQILK,RLENLIAQLPGEKK,784,221,6,13,789,233,,-1,4,0,1.007276,86.168274
Scan: 1264900 Run: DIA12_CV486075:20251228_A2_N1_Mueller_MS_TechHub_IMP_THIDDIAXL003_Cas9_PhoX_DIA12_CV486075_250ng_FAIMS_003 P1_TEVQTGGFSKESILPK P2_IEKILTFR 10 3,DIA12_CV486075:20251228_A2_N1_Mueller_MS_TechHub_IMP_THIDDIAXL003_Cas9_PhoX_DIA12_CV486075_250ng_FAIMS_003,1264900,,,Q99ZW2,,,false,Q99ZW2,Q99ZW2,,false,IEKILTFR,TEVQTGGFSKESILPK,440,1098,3,10,442,1107,,-1,4,0,1.007276,86.150433
Scan: 1686352 Run: DIA12_CV486075:20251228_A2_N1_Mueller_MS_TechHub_IMP_THIDDIAXL003_Cas9_PhoX_DIA12_CV486075_250ng_FAIMS_003 P1_LDAKDTSDVLR P2_GILQTVKVVDELVK 4 7,DIA12_CV486075:20251228_A2_N1_Mueller_MS_TechHub_IMP_THIDDIAXL003_Cas9_PhoX_DIA12_CV486075_250ng_FAIMS_003,1686352,,,Q99ZW2,,,false,decoy:Q99ZW2,decoy,decoy,true,GILQTVKVVDELVK,LDAKDTSDVLR,736,142,7,4,742,145,,-1,4,0,1.007276,86.087452
Scan: 941345 Run: DIA12_CV486075:20251228_A2_N1_Mueller_MS_TechHub_IMP_THIDDIAXL003_Cas9_PhoX_DIA12_CV486075_250ng_FAIMS_002 P1_SEETITPWNFEEVVDKGASAQSFIER P2_FKVLGNTDR 16 2,DIA12_CV486075:20251228_A2_N1_Mueller_MS_TechHub_IMP_THIDDIAXL003_Cas9_PhoX_DIA12_CV486075_250ng_FAIMS_002,941345,,,Q99ZW2,,,false,Q99ZW2,Q99ZW2,,false,FKVLGNTDR,SEETITPWNFEEVVDKGASAQSFIER,32,469,2,16,33,484,,-1,4,0,1.007276,86.087017
Scan: 1153728 Run: DIA12_CV486075:20251228_A2_N1_Mueller_MS_TechHub_IMP_THIDDIAXL003_Cas9_PhoX_DIA12_CV486075_250ng_FAIMS_002 P1_SDNVPSEEVVKK P2_MKNYWR 11 2,DIA12_CV486075:20251228_A2_N1_Mueller_MS_TechHub_IMP_THIDDIAXL003_Cas9_PhoX_DIA12_CV486075_250ng_FAIMS_002,1153728,,,Q99ZW2,,,false,Q99ZW2,Q99ZW2,,false,MKNYWR,SDNVPSEEVVKK,879,867,2,11,880,877,,-1,4,0,1.007276,86.075653
Scan: 1639154 Run: DIA12_CV486075:20251228_A2_N1_Mueller_MS_TechHub_IMP_THIDDIAXL003_Cas9_PhoX_DIA12_CV486075_250ng_FAIMS_003 P1_YKEIFFDQSK P2_TILDFLKSDGFANR 2 7,DIA12_CV486075:20251228_A2_N1_Mueller_MS_TechHub_IMP_THIDDIAXL003_Cas9_PhoX_DIA12_CV486075_250ng_FAIMS_003,1639154,,,Q99ZW2,,,false,Q99ZW2,Q99ZW2,,false,TILDFLKSDGFANR,YKEIFFDQSK,678,347,7,2,684,348,,-1,4,0,1.007276,86.038906
Scan: 1265091 Run: DIA12_CV486075:20251228_A2_N1_Mueller_MS_TechHub_IMP_THIDDIAXL003_Cas9_PhoX_DIA12_CV486075_250ng_FAIMS_003 P1_KTEVQTGGFSKESILPK P2_KNLIGALLFDSGETAEATR 11 1,DIA12_CV486075:20251228_A2_N1_Mueller_MS_TechHub_IMP_THIDDIAXL003_Cas9_PhoX_DIA12_CV486075_250ng_FAIMS_003,1265091,,,Q99ZW2,,,false,Q99ZW2,Q99ZW2,,false,KNLIGALLFDSGETAEATR,KTEVQTGGFSKESILPK,45,1097,1,11,45,1107,,-1,4,0,1.007276,85.995373
Scan: 840268 Run: DIA12_CV486075:20251228_A2_N1_Mueller_MS_TechHub_IMP_THIDDIAXL003_Cas9_PhoX_DIA12_CV486075_250ng_FAIMS_002 P1_FKVLGNTDR P2_EIFFDQSKNGYAGYIDGGASQEEFYK 2 8,DIA12_CV486075:20251228_A2_N1_Mueller_MS_TechHub_IMP_THIDDIAXL003_Cas9_PhoX_DIA12_CV486075_250ng_FAIMS_002,840268,,,Q99ZW2,,,false,Q99ZW2,Q99ZW2,,false,EIFFDQSKNGYAGYIDGGASQEEFYK,FKVLGNTDR,349,32,8,2,356,33,,-1,4,0,1.007276,85.967121
Scan: 1764185 Run: DIA12_CV486075:20251228_A2_N1_Mueller_MS_TechHub_IMP_THIDDIAXL003_Cas9_PhoX_DIA12_CV486075_250ng_FAIMS_003 P1_QITKHVAQILDSR P2_GGLSELDKAGFIK 4 8,DIA12_CV486075:20251228_A2_N1_Mueller_MS_TechHub_IMP_THIDDIAXL003_Cas9_PhoX_DIA12_CV486075_250ng_FAIMS_003,1764185,,,Q99ZW2,,,false,Q99ZW2,Q99ZW2,,false,GGLSELDKAGFIK,QITKHVAQILDSR,906,926,8,4,913,929,,-1,4,0,1.007276,85.929089
Scan: 984781 Run: DIA12_CV486075:20251228_A2_N1_Mueller_MS_TechHub_IMP_THIDDIAXL003_Cas9_PhoX_DIA12_CV486075_250ng_FAIMS_002 P1_QSGKTILDFLK P2_KPAFLSGEQK 4 1,DIA12_CV486075:20251228_A2_N1_Mueller_MS_TechHub_IMP_THIDDIAXL003_Cas9_PhoX_DIA12_CV486075_250ng_FAIMS_002,984781,,,Q99ZW2,,,false,Q99ZW2,Q99ZW2,,false,KPAFLSGEQK,QSGKTILDFLK,536,674,1,4,536,677,,-1,4,0,1.007276,85.800365
Scan: 1092321 Run: DIA12_CV486075:20251228_A2_N1_Mueller_MS_TechHub_IMP_THIDDIAXL003_Cas9_PhoX_DIA12_CV486075_250ng_FAIMS_002 P1_KLINGIR P2_GILQTVKVVDELVK 1 7,DIA12_CV486075:20251228_A2_N1_Mueller_MS_TechHub_IMP_THIDDIAXL003_Cas9_PhoX_DIA12_CV486075_250ng_FAIMS_002,1092321,,,Q99ZW2,,,false,Q99ZW2,Q99ZW2,,false,GILQTVKVVDELVK,KLINGIR,736,665,7,1,742,665,,-1,4,0,1.007276,85.797916
Scan: 1567672 Run: DIA12_CV486075:20251228_A2_N1_Mueller_MS_TechHub_IMP_THIDDIAXL003_Cas9_PhoX_DIA12_CV486075_250ng_FAIMS_003 P1_KPAFLSGEQK P2_HSLLYEYFTVYNELTKVK 1 16,DIA12_CV486075:20251228_A2_N1_Mueller_MS_TechHub_IMP_THIDDIAXL003_Cas9_PhoX_DIA12_CV486075_250ng_FAIMS_003,1567672,,,Q99ZW2,,,false,Q99ZW2,Q99ZW2,,false,HSLLYEYFTVYNELTKVK,KPAFLSGEQK,511,536,16,1,526,536,,-1,4,0,1.007276,85.778084
Scan: 289797 Run: DIA12_CV486075:20251228_A2_N1_Mueller_MS_TechHub_IMP_THIDDIAXL003_Cas9_PhoX_DIA12_CV486075_250ng_FAIMS_001 P1_QSGKTILDFLK P2_QEDFYPFLKDNR 4 9,DIA12_CV486075:20251228_A2_N1_Mueller_MS_TechHub_IMP_THIDDIAXL003_Cas9_PhoX_DIA12_CV486075_250ng_FAIMS_001,289797,,,Q99ZW2,,,false,Q99ZW2,Q99ZW2,,false,QEDFYPFLKDNR,QSGKTILDFLK,426,674,9,4,434,677,,-1,4,0,1.007276,85.727203
Scan: 979994 Run: DIA12_CV486075:20251228_A2_N1_Mueller_MS_TechHub_IMP_THIDDIAXL003_Cas9_PhoX_DIA12_CV486075_250ng_FAIMS_002 P1_RQEDFYPFLKDNR P2_KPAFLSGEQK 10 1,DIA12_CV486075:20251228_A2_N1_Mueller_MS_TechHub_IMP_THIDDIAXL003_Cas9_PhoX_DIA12_CV486075_250ng_FAIMS_002,979994,,,Q99ZW2,,,false,Q99ZW2,Q99ZW2,,false,KPAFLSGEQK,RQEDFYPFLKDNR,536,425,1,10,536,434,,-1,4,0,1.007276,85.675655
Scan: 1310118 Run: DIA12_CV486075:20251228_A2_N1_Mueller_MS_TechHub_IMP_THIDDIAXL003_Cas9_PhoX_DIA12_CV486075_250ng_FAIMS_003 P1_SSFEKNPIDFLEAK P2_LENLIAQLPGEKK 5 12,DIA12_CV486075:20251228_A2_N1_Mueller_MS_TechHub_IMP_THIDDIAXL003_Cas9_PhoX_DIA12_CV486075_250ng_FAIMS_003,1310118,,,Q99ZW2,,,false,Q99ZW2,Q99ZW2,,false,LENLIAQLPGEKK,SSFEKNPIDFLEAK,222,1172,12,5,233,1176,,-1,4,0,1.007276,85.644321
Scan: 93103 Run: DIA12_CV486075:20251228_A2_N1_Mueller_MS_TechHub_IMP_THIDDIAXL003_Cas9_PhoX_DIA12_CV486075_250ng_FAIMS_001 P1_NSDKLIAR P2_MKNYWR 4 2,DIA12_CV486075:20251228_A2_N1_Mueller_MS_TechHub_IMP_THIDDIAXL003_Cas9_PhoX_DIA12_CV486075_250ng_FAIMS_001,93103,,,Q99ZW2,,,false,Q99ZW2,Q99ZW2,,false,MKNYWR,NSDKLIAR,879,1115,2,4,880,1118,,-1,3,0,1.007276,85.642292
Scan: 1634958 Run: DIA12_CV486075:20251228_A2_N1_Mueller_MS_TechHub_IMP_THIDDIAXL003_Cas9_PhoX_DIA12_CV486075_250ng_FAIMS_003 P1_QSGKTILDFLK P2_DKQSGK 4 2,DIA12_CV486075:20251228_A2_N1_Mueller_MS_TechHub_IMP_THIDDIAXL003_Cas9_PhoX_DIA12_CV486075_250ng_FAIMS_003,1634958,,,Q99ZW2,,,false,Q99ZW2,Q99ZW2,,false,DKQSGK,QSGKTILDFLK,672,674,2,4,673,677,,-1,3,0,1.007276,85.64138
Scan: 1484795 Run: DIA12_CV486075:20251228_A2_N1_Mueller_MS_TechHub_IMP_THIDDIAXL003_Cas9_PhoX_DIA12_CV486075_250ng_FAIMS_003 P1_QEDFYPFLKDNR P2_KGILQTVK 9 1,DIA12_CV486075:20251228_A2_N1_Mueller_MS_TechHub_IMP_THIDDIAXL003_Cas9_PhoX_DIA12_CV486075_250ng_FAIMS_003,1484795,,,Q99ZW2,,,false,Q99ZW2,Q99ZW2,,false,KGILQTVK,QEDFYPFLKDNR,735,426,1,9,735,434,,-1,4,0,1.007276,85.626911
Scan: 1357941 Run: DIA12_CV486075:20251228_A2_N1_Mueller_MS_TechHub_IMP_THIDDIAXL003_Cas9_PhoX_DIA12_CV486075_250ng_FAIMS_003 P1_LQKVTVK P2_LKGSPEDNEQK 3 2,DIA12_CV486075:20251228_A2_N1_Mueller_MS_TechHub_IMP_THIDDIAXL003_Cas9_PhoX_DIA12_CV486075_250ng_FAIMS_003,1357941,,,Q99ZW2,,,false,decoy:Q99ZW2,decoy,decoy,true,LKGSPEDNEQK,LQKVTVK,1245,559,2,3,1246,561,,-1,3,0,1.007276,85.596241
Scan: 1359554 Run: DIA12_CV486075:20251228_A2_N1_Mueller_MS_TechHub_IMP_THIDDIAXL003_Cas9_PhoX_DIA12_CV486075_250ng_FAIMS_003 P1_SKLVSDFR P2_LKGSPEDNEQK 2 2,DIA12_CV486075:20251228_A2_N1_Mueller_MS_TechHub_IMP_THIDDIAXL003_Cas9_PhoX_DIA12_CV486075_250ng_FAIMS_003,1359554,,,Q99ZW2,,,false,Q99ZW2,Q99ZW2,,false,LKGSPEDNEQK,SKLVSDFR,1245,960,2,2,1246,961,,-1,4,0,1.007276,85.563267
Scan: 1715466 Run: DIA12_CV486075:20251228_A2_N1_Mueller_MS_TechHub_IMP_THIDDIAXL003_Cas9_PhoX_DIA12_CV486075_250ng_FAIMS_003 P1_NSDKLIAR P2_ELGSQILKEHPVENTQLQNEK 4 8,DIA12_CV486075:20251228_A2_N1_Mueller_MS_TechHub_IMP_THIDDIAXL003_Cas9_PhoX_DIA12_CV486075_250ng_FAIMS_003,1715466,,,Q99ZW2,,,false,Q99ZW2,Q99ZW2,,false,ELGSQILKEHPVENTQLQNEK,NSDKLIAR,790,1115,8,4,797,1118,,-1,4,0,1.007276,85.551514
Scan: 813275 Run: DIA12_CV486075:20251228_A2_N1_Mueller_MS_TechHub_IMP_THIDDIAXL003_Cas9_PhoX_DIA12_CV486075_250ng_FAIMS_002 P1_LENLIAQLPGEKK P2_KGILQTVK 12 1,DIA12_CV486075:20251228_A2_N1_Mueller_MS_TechHub_IMP_THIDDIAXL003_Cas9_PhoX_DIA12_CV486075_250ng_FAIMS_002,813275,,,Q99ZW2,,,false,Q99ZW2,Q99ZW2,,false,KGILQTVK,LENLIAQLPGEKK,735,222,1,12,735,233,,-1,4,0,1.007276,85.531193
Scan: 1561167 Run: DIA12_CV486075:20251228_A2_N1_Mueller_MS_TechHub_IMP_THIDDIAXL003_Cas9_PhoX_DIA12_CV486075_250ng_FAIMS_003 P1_YDENDKLIR P2_VLPKHSLLYEYFTVYNELTK 6 4,DIA12_CV486075:20251228_A2_N1_Mueller_MS_TechHub_IMP_THIDDIAXL003_Cas9_PhoX_DIA12_CV486075_250ng_FAIMS_003,1561167,,,Q99ZW2,,,false,Q99ZW2,Q99ZW2,,false,VLPKHSLLYEYFTVYNELTK,YDENDKLIR,507,943,4,6,510,948,,-1,4,0,1.007276,85.526867
Scan: 1140686 Run: DIA12_CV486075:20251228_A2_N1_Mueller_MS_TechHub_IMP_THIDDIAXL003_Cas9_PhoX_DIA12_CV486075_250ng_FAIMS_002 P1_SKLVSDFR P2_DDSIDNKVLTR 2 7,DIA12_CV486075:20251228_A2_N1_Mueller_MS_TechHub_IMP_THIDDIAXL003_Cas9_PhoX_DIA12_CV486075_250ng_FAIMS_002,1140686,,,Q99ZW2,,,false,Q99ZW2,Q99ZW2,,false,DDSIDNKVLTR,SKLVSDFR,849,960,7,2,855,961,,-1,3,0,1.007276,85.497314
Scan: 70881 Run: DIA12_CV486075:20251228_A2_N1_Mueller_MS_TechHub_IMP_THIDDIAXL003_Cas9_PhoX_DIA12_CV486075_250ng_FAIMS_001 P1_NLPNEKVLPK P2_KTEVQTGGFSKESILPK 6 11,DIA12_CV486075:20251228_A2_N1_Mueller_MS_TechHub_IMP_THIDDIAXL003_Cas9_PhoX_DIA12_CV486075_250ng_FAIMS_001,70881,,,Q99ZW2,,,false,Q99ZW2,Q99ZW2,,false,KTEVQTGGFSKESILPK,NLPNEKVLPK,1097,501,11,6,1107,506,,-1,3,0,1.007276,85.492844
Scan: 1709160 Run: DIA12_CV486075:20251228_A2_N1_Mueller_MS_TechHub_IMP_THIDDIAXL003_Cas9_PhoX_DIA12_CV486075_250ng_FAIMS_003 P1_KLVDSTDK P2_IEEGIKELGSQILK 1 6,DIA12_CV486075:20251228_A2_N1_Mueller_MS_TechHub_IMP_THIDDIAXL003_Cas9_PhoX_DIA12_CV486075_250ng_FAIMS_003,1709160,,,Q99ZW2,,,false,Q99ZW2,Q99ZW2,,false,IEEGIKELGSQILK,KLVDSTDK,784,141,6,1,789,141,,-1,4,0,1.007276,85.441219
Scan: 907683 Run: DIA12_CV486075:20251228_A2_N1_Mueller_MS_TechHub_IMP_THIDDIAXL003_Cas9_PhoX_DIA12_CV486075_250ng_FAIMS_002 P1_KSEETITPWNFEEVVDK P2_KIECFDSVEISGVEDR 1 1,DIA12_CV486075:20251228_A2_N1_Mueller_MS_TechHub_IMP_THIDDIAXL003_Cas9_PhoX_DIA12_CV486075_250ng_FAIMS_002,907683,,,Q99ZW2,,,false,Q99ZW2,Q99ZW2,,false,KIECFDSVEISGVEDR,KSEETITPWNFEEVVDK,571,468,1,1,571,468,,-1,4,0,1.007276,85.436134
Scan: 758992 Run: DIA12_CV486075:20251228_A2_N1_Mueller_MS_TechHub_IMP_THIDDIAXL003_Cas9_PhoX_DIA12_CV486075_250ng_FAIMS_002 P1_LKGSPEDNEQK P2_KDWDPK 2 1,DIA12_CV486075:20251228_A2_N1_Mueller_MS_TechHub_IMP_THIDDIAXL003_Cas9_PhoX_DIA12_CV486075_250ng_FAIMS_002,758992,,,Q99ZW2,,,false,Q99ZW2,Q99ZW2,,false,KDWDPK,LKGSPEDNEQK,1124,1245,1,2,1124,1246,,-1,3,0,1.007276,85.371159
Scan: 138838 Run: DIA12_CV486075:20251228_A2_N1_Mueller_MS_TechHub_IMP_THIDDIAXL003_Cas9_PhoX_DIA12_CV486075_250ng_FAIMS_001 P1_LPKYSLFELENGR P2_IILDKK 3 5,DIA12_CV486075:20251228_A2_N1_Mueller_MS_TechHub_IMP_THIDDIAXL003_Cas9_PhoX_DIA12_CV486075_250ng_FAIMS_001,138838,,,decoy:Q99ZW2,decoy,decoy,true,Q99ZW2,Q99ZW2,,false,IILDKK,LPKYSLFELENGR,1192,1198,5,3,1196,1200,,-1,3,0,1.007276,85.362495
Scan: 35585 Run: DIA12_CV486075:20251228_A2_N1_Mueller_MS_TechHub_IMP_THIDDIAXL003_Cas9_PhoX_DIA12_CV486075_250ng_FAIMS_001 P1_SEQEIGKATAK P2_KTEVQTGGFSK 7 1,DIA12_CV486075:20251228_A2_N1_Mueller_MS_TechHub_IMP_THIDDIAXL003_Cas9_PhoX_DIA12_CV486075_250ng_FAIMS_001,35585,,,Q99ZW2,,,false,Q99ZW2,Q99ZW2,,false,KTEVQTGGFSK,SEQEIGKATAK,1097,1025,1,7,1097,1031,,-1,4,0,1.007276,85.362091
Scan: 843423 Run: DIA12_CV486075:20251228_A2_N1_Mueller_MS_TechHub_IMP_THIDDIAXL003_Cas9_PhoX_DIA12_CV486075_250ng_FAIMS_002 P1_KDFQFYK P2_FKVLGNTDR 1 2,DIA12_CV486075:20251228_A2_N1_Mueller_MS_TechHub_IMP_THIDDIAXL003_Cas9_PhoX_DIA12_CV486075_250ng_FAIMS_002,843423,,,Q99ZW2,,,false,Q99ZW2,Q99ZW2,,false,FKVLGNTDR,KDFQFYK,32,968,2,1,33,968,,-1,3,0,1.007276,85.343845
Scan: 1718921 Run: DIA12_CV486075:20251228_A2_N1_Mueller_MS_TechHub_IMP_THIDDIAXL003_Cas9_PhoX_DIA12_CV486075_250ng_FAIMS_003 P1_KAIVDLLFK P2_ELGSQILKEHPVENTQLQNEK 1 8,DIA12_CV486075:20251228_A2_N1_Mueller_MS_TechHub_IMP_THIDDIAXL003_Cas9_PhoX_DIA12_CV486075_250ng_FAIMS_003,1718921,,,Q99ZW2,,,false,Q99ZW2,Q99ZW2,,false,ELGSQILKEHPVENTQLQNEK,KAIVDLLFK,790,546,8,1,797,546,,-1,4,0,1.007276,85.334225
Scan: 757902 Run: DIA12_CV486075:20251228_A2_N1_Mueller_MS_TechHub_IMP_THIDDIAXL003_Cas9_PhoX_DIA12_CV486075_250ng_FAIMS_002 P1_YVNFLYLASHYEKLK P2_KDLIIK 13 1,DIA12_CV486075:20251228_A2_N1_Mueller_MS_TechHub_IMP_THIDDIAXL003_Cas9_PhoX_DIA12_CV486075_250ng_FAIMS_002,757902,,,Q99ZW2,,,false,Q99ZW2,Q99ZW2,,false,KDLIIK,YVNFLYLASHYEKLK,1192,1232,1,13,1192,1244,,-1,4,0,1.007276,85.333721
Scan: 1225298 Run: DIA12_CV486075:20251228_A2_N1_Mueller_MS_TechHub_IMP_THIDDIAXL003_Cas9_PhoX_DIA12_CV486075_250ng_FAIMS_003 P1_TEVQTGGFSKESILPK P2_KRPLIETNGETGEIVWDKGR 10 18,DIA12_CV486075:20251228_A2_N1_Mueller_MS_TechHub_IMP_THIDDIAXL003_Cas9_PhoX_DIA12_CV486075_250ng_FAIMS_003,1225298,,,Q99ZW2,,,false,Q99ZW2,Q99ZW2,,false,KRPLIETNGETGEIVWDKGR,TEVQTGGFSKESILPK,1059,1098,18,10,1076,1107,,-1,5,0,1.007276,85.292311
Scan: 587250 Run: DIA12_CV486075:20251228_A2_N1_Mueller_MS_TechHub_IMP_THIDDIAXL003_Cas9_PhoX_DIA12_CV486075_250ng_FAIMS_001 P1_KDLIIK P2_EVKVITLK 1 3,DIA12_CV486075:20251228_A2_N1_Mueller_MS_TechHub_IMP_THIDDIAXL003_Cas9_PhoX_DIA12_CV486075_250ng_FAIMS_001,587250,,,Q99ZW2,,,false,Q99ZW2,Q99ZW2,,false,EVKVITLK,KDLIIK,952,1192,3,1,954,1192,,-1,3,0,1.007276,85.26823
Scan: 856800 Run: DIA12_CV486075:20251228_A2_N1_Mueller_MS_TechHub_IMP_THIDDIAXL003_Cas9_PhoX_DIA12_CV486075_250ng_FAIMS_002 P1_YKEIFFDQSK P2_KPAFLSGEQK 2 1,DIA12_CV486075:20251228_A2_N1_Mueller_MS_TechHub_IMP_THIDDIAXL003_Cas9_PhoX_DIA12_CV486075_250ng_FAIMS_002,856800,,,Q99ZW2,,,false,Q99ZW2,Q99ZW2,,false,KPAFLSGEQK,YKEIFFDQSK,536,347,1,2,536,348,,-1,4,0,1.007276,85.245047
Scan: 613898 Run: DIA12_CV486075:20251228_A2_N1_Mueller_MS_TechHub_IMP_THIDDIAXL003_Cas9_PhoX_DIA12_CV486075_250ng_FAIMS_002 P1_SEQEIGKATAK P2_GQKNSR 7 3,DIA12_CV486075:20251228_A2_N1_Mueller_MS_TechHub_IMP_THIDDIAXL003_Cas9_PhoX_DIA12_CV486075_250ng_FAIMS_002,613898,,,Q99ZW2,,,false,Q99ZW2,Q99ZW2,,false,GQKNSR,SEQEIGKATAK,773,1025,3,7,775,1031,,-1,3,0,1.007276,85.236298
Scan: 412296 Run: DIA12_CV486075:20251228_A2_N1_Mueller_MS_TechHub_IMP_THIDDIAXL003_Cas9_PhoX_DIA12_CV486075_250ng_FAIMS_001 P1_YKEIFFDQSK P2_VTVKQLK 2 4,DIA12_CV486075:20251228_A2_N1_Mueller_MS_TechHub_IMP_THIDDIAXL003_Cas9_PhoX_DIA12_CV486075_250ng_FAIMS_001,412296,,,Q99ZW2,,,false,Q99ZW2,Q99ZW2,,false,VTVKQLK,YKEIFFDQSK,559,347,4,2,562,348,,-1,4,0,1.007276,85.199152
Scan: 857928 Run: DIA12_CV486075:20251228_A2_N1_Mueller_MS_TechHub_IMP_THIDDIAXL003_Cas9_PhoX_DIA12_CV486075_250ng_FAIMS_002 P1_YKEIFFDQSK P2_GSQKDK 2 4,DIA12_CV486075:20251228_A2_N1_Mueller_MS_TechHub_IMP_THIDDIAXL003_Cas9_PhoX_DIA12_CV486075_250ng_FAIMS_002,857928,,,decoy:Q99ZW2,decoy,decoy,true,Q99ZW2,Q99ZW2,,false,GSQKDK,YKEIFFDQSK,672,347,4,2,675,348,,-1,3,0,1.007276,85.187756
Scan: 256115 Run: DIA12_CV486075:20251228_A2_N1_Mueller_MS_TechHub_IMP_THIDDIAXL003_Cas9_PhoX_DIA12_CV486075_250ng_FAIMS_001 P1_YKEIFFDQSK P2_LDAKDTSDVLR 2 4,DIA12_CV486075:20251228_A2_N1_Mueller_MS_TechHub_IMP_THIDDIAXL003_Cas9_PhoX_DIA12_CV486075_250ng_FAIMS_001,256115,,,decoy:Q99ZW2,decoy,decoy,true,Q99ZW2,Q99ZW2,,false,LDAKDTSDVLR,YKEIFFDQSK,142,347,4,2,145,348,,-1,3,0,1.007276,85.178553
Scan: 1635369 Run: DIA12_CV486075:20251228_A2_N1_Mueller_MS_TechHub_IMP_THIDDIAXL003_Cas9_PhoX_DIA12_CV486075_250ng_FAIMS_003 P1_QSGKTILDFLK P2_KDFQFYK 4 1,DIA12_CV486075:20251228_A2_N1_Mueller_MS_TechHub_IMP_THIDDIAXL003_Cas9_PhoX_DIA12_CV486075_250ng_FAIMS_003,1635369,,,Q99ZW2,,,false,Q99ZW2,Q99ZW2,,false,KDFQFYK,QSGKTILDFLK,968,674,1,4,968,677,,-1,4,0,1.007276,85.169044
Scan: 1709743 Run: DIA12_CV486075:20251228_A2_N1_Mueller_MS_TechHub_IMP_THIDDIAXL003_Cas9_PhoX_DIA12_CV486075_250ng_FAIMS_003 P1_YKEIFFDQSK P2_IEEGIKELGSQILK 2 6,DIA12_CV486075:20251228_A2_N1_Mueller_MS_TechHub_IMP_THIDDIAXL003_Cas9_PhoX_DIA12_CV486075_250ng_FAIMS_003,1709743,,,Q99ZW2,,,false,Q99ZW2,Q99ZW2,,false,IEEGIKELGSQILK,YKEIFFDQSK,784,347,6,2,789,348,,-1,3,0,1.007276,85.154018
Scan: 509553 Run: DIA12_CV486075:20251228_A2_N1_Mueller_MS_TechHub_IMP_THIDDIAXL003_Cas9_PhoX_DIA12_CV486075_250ng_FAIMS_001 P1_LVDSTDKADLR P2_ENQTTQKGQK 7 7,DIA12_CV486075:20251228_A2_N1_Mueller_MS_TechHub_IMP_THIDDIAXL003_Cas9_PhoX_DIA12_CV486075_250ng_FAIMS_001,509553,,,Q99ZW2,,,false,Q99ZW2,Q99ZW2,,false,ENQTTQKGQK,LVDSTDKADLR,766,142,7,7,772,148,,-1,3,0,1.007276,85.151655
Scan: 1272541 Run: DIA12_CV486075:20251228_A2_N1_Mueller_MS_TechHub_IMP_THIDDIAXL003_Cas9_PhoX_DIA12_CV486075_250ng_FAIMS_003 P1_SEETITPWNFEEVVDKGASAQSFIER P2_LEESFLVEEDKK 16 11,DIA12_CV486075:20251228_A2_N1_Mueller_MS_TechHub_IMP_THIDDIAXL003_Cas9_PhoX_DIA12_CV486075_250ng_FAIMS_003,1272541,,,Q99ZW2,,,false,Q99ZW2,Q99ZW2,,false,LEESFLVEEDKK,SEETITPWNFEEVVDKGASAQSFIER,101,469,11,16,111,484,,-1,4,0,1.007276,85.088755
Scan: 858435 Run: DIA12_CV486075:20251228_A2_N1_Mueller_MS_TechHub_IMP_THIDDIAXL003_Cas9_PhoX_DIA12_CV486075_250ng_FAIMS_002 P1_YKEIFFDQSK P2_DDSIDNKVLTR 2 7,DIA12_CV486075:20251228_A2_N1_Mueller_MS_TechHub_IMP_THIDDIAXL003_Cas9_PhoX_DIA12_CV486075_250ng_FAIMS_002,858435,,,Q99ZW2,,,false,Q99ZW2,Q99ZW2,,false,DDSIDNKVLTR,YKEIFFDQSK,849,347,7,2,855,348,,-1,3,0,1.007276,85.085169
Scan: 1185967 Run: DIA12_CV486075:20251228_A2_N1_Mueller_MS_TechHub_IMP_THIDDIAXL003_Cas9_PhoX_DIA12_CV486075_250ng_FAIMS_002 P1_YKEIFFDQSK P2_SKLVSDFR 2 2,DIA12_CV486075:20251228_A2_N1_Mueller_MS_TechHub_IMP_THIDDIAXL003_Cas9_PhoX_DIA12_CV486075_250ng_FAIMS_002,1185967,,,Q99ZW2,,,false,Q99ZW2,Q99ZW2,,false,SKLVSDFR,YKEIFFDQSK,960,347,2,2,961,348,,-1,4,0,1.007276,85.079926
Scan: 1598887 Run: DIA12_CV486075:20251228_A2_N1_Mueller_MS_TechHub_IMP_THIDDIAXL003_Cas9_PhoX_DIA12_CV486075_250ng_FAIMS_003 P1_SKLVSDFR P2_KPAFLSGEQKK 2 10,DIA12_CV486075:20251228_A2_N1_Mueller_MS_TechHub_IMP_THIDDIAXL003_Cas9_PhoX_DIA12_CV486075_250ng_FAIMS_003,1598887,,,Q99ZW2,,,false,Q99ZW2,Q99ZW2,,false,KPAFLSGEQKK,SKLVSDFR,536,960,10,2,545,961,,-1,4,0,1.007276,85.074036
Scan: 1751145 Run: DIA12_CV486075:20251228_A2_N1_Mueller_MS_TechHub_IMP_THIDDIAXL003_Cas9_PhoX_DIA12_CV486075_250ng_FAIMS_003 P1_SDNVPSEEVVKK P2_MKNYWR 11 2,DIA12_CV486075:20251228_A2_N1_Mueller_MS_TechHub_IMP_THIDDIAXL003_Cas9_PhoX_DIA12_CV486075_250ng_FAIMS_003,1751145,,,Q99ZW2,,,false,Q99ZW2,Q99ZW2,,false,MKNYWR,SDNVPSEEVVKK,879,867,2,11,880,877,,-1,3,0,1.007276,85.063238
Scan: 1203054 Run: DIA12_CV486075:20251228_A2_N1_Mueller_MS_TechHub_IMP_THIDDIAXL003_Cas9_PhoX_DIA12_CV486075_250ng_FAIMS_003 P1_LESEFVYGDYKVYDVR P2_EVKVITLK 11 3,DIA12_CV486075:20251228_A2_N1_Mueller_MS_TechHub_IMP_THIDDIAXL003_Cas9_PhoX_DIA12_CV486075_250ng_FAIMS_003,1203054,,,Q99ZW2,,,false,Q99ZW2,Q99ZW2,,false,EVKVITLK,LESEFVYGDYKVYDVR,952,1004,3,11,954,1014,,-1,3,0,1.007276,85.060854
Scan: 1146071 Run: DIA12_CV486075:20251228_A2_N1_Mueller_MS_TechHub_IMP_THIDDIAXL003_Cas9_PhoX_DIA12_CV486075_250ng_FAIMS_002 P1_SDKNR P2_GKSDNVPSEEVVKK 3 2,DIA12_CV486075:20251228_A2_N1_Mueller_MS_TechHub_IMP_THIDDIAXL003_Cas9_PhoX_DIA12_CV486075_250ng_FAIMS_002,1146071,,,Q99ZW2,,,false,Q99ZW2,Q99ZW2,,false,GKSDNVPSEEVVKK,SDKNR,865,860,2,3,866,862,,-1,4,0,1.007276,84.98764
Scan: 842999 Run: DIA12_CV486075:20251228_A2_N1_Mueller_MS_TechHub_IMP_THIDDIAXL003_Cas9_PhoX_DIA12_CV486075_250ng_FAIMS_002 P1_GKSDNVPSEEVVK P2_FKVLGNTDR 2 2,DIA12_CV486075:20251228_A2_N1_Mueller_MS_TechHub_IMP_THIDDIAXL003_Cas9_PhoX_DIA12_CV486075_250ng_FAIMS_002,842999,,,Q99ZW2,,,false,Q99ZW2,Q99ZW2,,false,FKVLGNTDR,GKSDNVPSEEVVK,32,865,2,2,33,866,,-1,4,0,1.007276,84.959146
Scan: 1259504 Run: DIA12_CV486075:20251228_A2_N1_Mueller_MS_TechHub_IMP_THIDDIAXL003_Cas9_PhoX_DIA12_CV486075_250ng_FAIMS_003 P1_TEVQTGGFSKESILPK P2_KDWDPK 10 1,DIA12_CV486075:20251228_A2_N1_Mueller_MS_TechHub_IMP_THIDDIAXL003_Cas9_PhoX_DIA12_CV486075_250ng_FAIMS_003,1259504,,,Q99ZW2,,,false,Q99ZW2,Q99ZW2,,false,KDWDPK,TEVQTGGFSKESILPK,1124,1098,1,10,1124,1107,,-1,4,0,1.007276,84.950796
Scan: 243262 Run: DIA12_CV486075:20251228_A2_N1_Mueller_MS_TechHub_IMP_THIDDIAXL003_Cas9_PhoX_DIA12_CV486075_250ng_FAIMS_001 P1_FKVLGNTDR P2_EKIEKILTFR 2 2,DIA12_CV486075:20251228_A2_N1_Mueller_MS_TechHub_IMP_THIDDIAXL003_Cas9_PhoX_DIA12_CV486075_250ng_FAIMS_001,243262,,,Q99ZW2,,,false,Q99ZW2,Q99ZW2,,false,EKIEKILTFR,FKVLGNTDR,438,32,2,2,439,33,,-1,4,0,1.007276,84.944696
Scan: 1466052 Run: DIA12_CV486075:20251228_A2_N1_Mueller_MS_TechHub_IMP_THIDDIAXL003_Cas9_PhoX_DIA12_CV486075_250ng_FAIMS_003 P1_FIKPILEK P2_EIFFDQSKNGYAGYIDGGASQEEFYK 3 8,DIA12_CV486075:20251228_A2_N1_Mueller_MS_TechHub_IMP_THIDDIAXL003_Cas9_PhoX_DIA12_CV486075_250ng_FAIMS_003,1466052,,,Q99ZW2,,,false,Q99ZW2,Q99ZW2,,false,EIFFDQSKNGYAGYIDGGASQEEFYK,FIKPILEK,349,375,8,3,356,377,,-1,4,0,1.007276,84.930939
Scan: 247286 Run: DIA12_CV486075:20251228_A2_N1_Mueller_MS_TechHub_IMP_THIDDIAXL003_Cas9_PhoX_DIA12_CV486075_250ng_FAIMS_001 P1_YDEHHQDLTLLKALVR P2_NSDKLIAR 12 4,DIA12_CV486075:20251228_A2_N1_Mueller_MS_TechHub_IMP_THIDDIAXL003_Cas9_PhoX_DIA12_CV486075_250ng_FAIMS_001,247286,,,Q99ZW2,,,false,Q99ZW2,Q99ZW2,,false,NSDKLIAR,YDEHHQDLTLLKALVR,1115,325,4,12,1118,336,,-1,4,0,1.007276,84.929539
Scan: 93254 Run: DIA12_CV486075:20251228_A2_N1_Mueller_MS_TechHub_IMP_THIDDIAXL003_Cas9_PhoX_DIA12_CV486075_250ng_FAIMS_001 P1_NSDKLIAR P2_KIFGAR 4 1,DIA12_CV486075:20251228_A2_N1_Mueller_MS_TechHub_IMP_THIDDIAXL003_Cas9_PhoX_DIA12_CV486075_250ng_FAIMS_001,93254,,,decoy:Q99ZW2,decoy,decoy,true,Q99ZW2,Q99ZW2,,false,KIFGAR,NSDKLIAR,914,1115,1,4,914,1118,,-1,3,0,1.007276,84.906485
Scan: 1658700 Run: DIA12_CV486075:20251228_A2_N1_Mueller_MS_TechHub_IMP_THIDDIAXL003_Cas9_PhoX_DIA12_CV486075_250ng_FAIMS_003 P1_EDIQKAQVSGQGDSLHEHIANLAGSPAIK P2_DDSIDNKVLTR 5 7,DIA12_CV486075:20251228_A2_N1_Mueller_MS_TechHub_IMP_THIDDIAXL003_Cas9_PhoX_DIA12_CV486075_250ng_FAIMS_003,1658700,,,Q99ZW2,,,false,Q99ZW2,Q99ZW2,,false,DDSIDNKVLTR,EDIQKAQVSGQGDSLHEHIANLAGSPAIK,849,706,7,5,855,710,,-1,5,0,1.007276,84.903286
Scan: 813549 Run: DIA12_CV486075:20251228_A2_N1_Mueller_MS_TechHub_IMP_THIDDIAXL003_Cas9_PhoX_DIA12_CV486075_250ng_FAIMS_002 P1_LENLIAQLPGEKK P2_ENQTTQKGQK 12 7,DIA12_CV486075:20251228_A2_N1_Mueller_MS_TechHub_IMP_THIDDIAXL003_Cas9_PhoX_DIA12_CV486075_250ng_FAIMS_002,813549,,,Q99ZW2,,,false,Q99ZW2,Q99ZW2,,false,ENQTTQKGQK,LENLIAQLPGEKK,766,222,7,12,772,233,,-1,3,0,1.007276,84.90246
Scan: 1265017 Run: DIA12_CV486075:20251228_A2_N1_Mueller_MS_TechHub_IMP_THIDDIAXL003_Cas9_PhoX_DIA12_CV486075_250ng_FAIMS_003 P1_TEVQTGGFSKESILPK P2_KNLIGALLFDSGETAEATR 10 1,DIA12_CV486075:20251228_A2_N1_Mueller_MS_TechHub_IMP_THIDDIAXL003_Cas9_PhoX_DIA12_CV486075_250ng_FAIMS_003,1265017,,,Q99ZW2,,,false,Q99ZW2,Q99ZW2,,false,KNLIGALLFDSGETAEATR,TEVQTGGFSKESILPK,45,1098,1,10,45,1107,,-1,4,0,1.007276,84.889681
Scan: 40635 Run: DIA12_CV486075:20251228_A2_N1_Mueller_MS_TechHub_IMP_THIDDIAXL003_Cas9_PhoX_DIA12_CV486075_250ng_FAIMS_001 P1_KTEVQTGGFSK P2_KGILQTVK 1 1,DIA12_CV486075:20251228_A2_N1_Mueller_MS_TechHub_IMP_THIDDIAXL003_Cas9_PhoX_DIA12_CV486075_250ng_FAIMS_001,40635,,,Q99ZW2,,,false,Q99ZW2,Q99ZW2,,false,KGILQTVK,KTEVQTGGFSK,735,1097,1,1,735,1097,,-1,4,0,1.007276,84.88891
Scan: 37871 Run: DIA12_CV486075:20251228_A2_N1_Mueller_MS_TechHub_IMP_THIDDIAXL003_Cas9_PhoX_DIA12_CV486075_250ng_FAIMS_001 P1_VLSAYNKHR P2_KTEVQTGGFSK 7 1,DIA12_CV486075:20251228_A2_N1_Mueller_MS_TechHub_IMP_THIDDIAXL003_Cas9_PhoX_DIA12_CV486075_250ng_FAIMS_001,37871,,,Q99ZW2,,,false,Q99ZW2,Q99ZW2,,false,KTEVQTGGFSK,VLSAYNKHR,1097,1290,1,7,1097,1296,,-1,4,0,1.007276,84.865431
Scan: 605743 Run: DIA12_CV486075:20251228_A2_N1_Mueller_MS_TechHub_IMP_THIDDIAXL003_Cas9_PhoX_DIA12_CV486075_250ng_FAIMS_002 P1_SKLVSDFR P2_LESEFVYGDYKVYDVR 2 11,DIA12_CV486075:20251228_A2_N1_Mueller_MS_TechHub_IMP_THIDDIAXL003_Cas9_PhoX_DIA12_CV486075_250ng_FAIMS_002,605743,,,Q99ZW2,,,false,Q99ZW2,Q99ZW2,,false,LESEFVYGDYKVYDVR,SKLVSDFR,1004,960,11,2,1014,961,,-1,4,0,1.007276,84.863697
Scan: 1108047 Run: DIA12_CV486075:20251228_A2_N1_Mueller_MS_TechHub_IMP_THIDDIAXL003_Cas9_PhoX_DIA12_CV486075_250ng_FAIMS_002 P1_SDNVPSEEVVKK P2_ENQTTQKGQK 11 7,DIA12_CV486075:20251228_A2_N1_Mueller_MS_TechHub_IMP_THIDDIAXL003_Cas9_PhoX_DIA12_CV486075_250ng_FAIMS_002,1108047,,,Q99ZW2,,,false,Q99ZW2,Q99ZW2,,false,ENQTTQKGQK,SDNVPSEEVVKK,766,867,7,11,772,877,,-1,4,0,1.007276,84.859068
Scan: 1187439 Run: DIA12_CV486075:20251228_A2_N1_Mueller_MS_TechHub_IMP_THIDDIAXL003_Cas9_PhoX_DIA12_CV486075_250ng_FAIMS_002 P1_SKLVSDFRK P2_EVKVITLK 2 3,DIA12_CV486075:20251228_A2_N1_Mueller_MS_TechHub_IMP_THIDDIAXL003_Cas9_PhoX_DIA12_CV486075_250ng_FAIMS_002,1187439,,,Q99ZW2,,,false,Q99ZW2,Q99ZW2,,false,EVKVITLK,SKLVSDFRK,952,960,3,2,954,961,,-1,3,0,1.007276,84.851309
Scan: 1289980 Run: DIA12_CV486075:20251228_A2_N1_Mueller_MS_TechHub_IMP_THIDDIAXL003_Cas9_PhoX_DIA12_CV486075_250ng_FAIMS_003 P1_KKDWDPK P2_KDWDPK 1 1,DIA12_CV486075:20251228_A2_N1_Mueller_MS_TechHub_IMP_THIDDIAXL003_Cas9_PhoX_DIA12_CV486075_250ng_FAIMS_003,1289980,,,Q99ZW2,,,false,Q99ZW2,Q99ZW2,,false,KDWDPK,KKDWDPK,1124,1123,1,1,1124,1123,,-1,3,0,1.007276,84.847689
Scan: 1720517 Run: DIA12_CV486075:20251228_A2_N1_Mueller_MS_TechHub_IMP_THIDDIAXL003_Cas9_PhoX_DIA12_CV486075_250ng_FAIMS_003 P1_QGKQTTQNEK P2_ELGSQILKEHPVENTQLQNEK 3 8,DIA12_CV486075:20251228_A2_N1_Mueller_MS_TechHub_IMP_THIDDIAXL003_Cas9_PhoX_DIA12_CV486075_250ng_FAIMS_003,1720517,,,Q99ZW2,,,false,decoy:Q99ZW2,decoy,decoy,true,ELGSQILKEHPVENTQLQNEK,QGKQTTQNEK,790,766,8,3,797,768,,-1,4,0,1.007276,84.844337
Scan: 483628 Run: DIA12_CV486075:20251228_A2_N1_Mueller_MS_TechHub_IMP_THIDDIAXL003_Cas9_PhoX_DIA12_CV486075_250ng_FAIMS_001 P1_LSKSR P2_KGILQTVK 3 1,DIA12_CV486075:20251228_A2_N1_Mueller_MS_TechHub_IMP_THIDDIAXL003_Cas9_PhoX_DIA12_CV486075_250ng_FAIMS_001,483628,,,Q99ZW2,,,false,Q99ZW2,Q99ZW2,,false,KGILQTVK,LSKSR,735,216,1,3,735,218,,-1,3,0,1.007276,84.765331
Scan: 679919 Run: DIA12_CV486075:20251228_A2_N1_Mueller_MS_TechHub_IMP_THIDDIAXL003_Cas9_PhoX_DIA12_CV486075_250ng_FAIMS_002 P1_NSDKLIAR P2_ESILPKR 4 6,DIA12_CV486075:20251228_A2_N1_Mueller_MS_TechHub_IMP_THIDDIAXL003_Cas9_PhoX_DIA12_CV486075_250ng_FAIMS_002,679919,,,Q99ZW2,,,false,Q99ZW2,Q99ZW2,,false,ESILPKR,NSDKLIAR,1108,1115,6,4,1113,1118,,-1,3,0,1.007276,84.738447
Scan: 1420522 Run: DIA12_CV486075:20251228_A2_N1_Mueller_MS_TechHub_IMP_THIDDIAXL003_Cas9_PhoX_DIA12_CV486075_250ng_FAIMS_003 P1_SNFDLAEDAKLQLSK P2_KDWDPK 10 1,DIA12_CV486075:20251228_A2_N1_Mueller_MS_TechHub_IMP_THIDDIAXL003_Cas9_PhoX_DIA12_CV486075_250ng_FAIMS_003,1420522,,,Q99ZW2,,,false,Q99ZW2,Q99ZW2,,false,KDWDPK,SNFDLAEDAKLQLSK,1124,254,1,10,1124,263,,-1,4,0,1.007276,84.727779
Scan: 1283317 Run: DIA12_CV486075:20251228_A2_N1_Mueller_MS_TechHub_IMP_THIDDIAXL003_Cas9_PhoX_DIA12_CV486075_250ng_FAIMS_003 P1_NSDKLIAR P2_IEKILTFR 4 3,DIA12_CV486075:20251228_A2_N1_Mueller_MS_TechHub_IMP_THIDDIAXL003_Cas9_PhoX_DIA12_CV486075_250ng_FAIMS_003,1283317,,,Q99ZW2,,,false,Q99ZW2,Q99ZW2,,false,IEKILTFR,NSDKLIAR,440,1115,3,4,442,1118,,-1,4,0,1.007276,84.721716
Scan: 1191563 Run: DIA12_CV486075:20251228_A2_N1_Mueller_MS_TechHub_IMP_THIDDIAXL003_Cas9_PhoX_DIA12_CV486075_250ng_FAIMS_002 P1_KPAFLSGEQK P2_KDFQFYK 1 1,DIA12_CV486075:20251228_A2_N1_Mueller_MS_TechHub_IMP_THIDDIAXL003_Cas9_PhoX_DIA12_CV486075_250ng_FAIMS_002,1191563,,,Q99ZW2,,,false,Q99ZW2,Q99ZW2,,false,KDFQFYK,KPAFLSGEQK,968,536,1,1,968,536,,-1,4,0,1.007276,84.697962
Scan: 806128 Run: DIA12_CV486075:20251228_A2_N1_Mueller_MS_TechHub_IMP_THIDDIAXL003_Cas9_PhoX_DIA12_CV486075_250ng_FAIMS_002 P1_SKSLR P2_FKVLGNTDR 2 2,DIA12_CV486075:20251228_A2_N1_Mueller_MS_TechHub_IMP_THIDDIAXL003_Cas9_PhoX_DIA12_CV486075_250ng_FAIMS_002,806128,,,Q99ZW2,,,false,decoy:Q99ZW2,decoy,decoy,true,FKVLGNTDR,SKSLR,32,216,2,2,33,217,,-1,3,0,1.007276,84.686184
Scan: 1498870 Run: DIA12_CV486075:20251228_A2_N1_Mueller_MS_TechHub_IMP_THIDDIAXL003_Cas9_PhoX_DIA12_CV486075_250ng_FAIMS_003 P1_KSEETITPWNFEEVVDK P2_KLVDSTDK 1 1,DIA12_CV486075:20251228_A2_N1_Mueller_MS_TechHub_IMP_THIDDIAXL003_Cas9_PhoX_DIA12_CV486075_250ng_FAIMS_003,1498870,,,Q99ZW2,,,false,Q99ZW2,Q99ZW2,,false,KLVDSTDK,KSEETITPWNFEEVVDK,141,468,1,1,141,468,,-1,4,0,1.007276,84.679392
Scan: 1544083 Run: DIA12_CV486075:20251228_A2_N1_Mueller_MS_TechHub_IMP_THIDDIAXL003_Cas9_PhoX_DIA12_CV486075_250ng_FAIMS_003 P1_KSEETITPWNFEEVVDKGASAQSFIER P2_KLINGIR 17 1,DIA12_CV486075:20251228_A2_N1_Mueller_MS_TechHub_IMP_THIDDIAXL003_Cas9_PhoX_DIA12_CV486075_250ng_FAIMS_003,1544083,,,Q99ZW2,,,false,Q99ZW2,Q99ZW2,,false,KLINGIR,KSEETITPWNFEEVVDKGASAQSFIER,665,468,1,17,665,484,,-1,5,0,1.007276,84.645123
Scan: 91205 Run: DIA12_CV486075:20251228_A2_N1_Mueller_MS_TechHub_IMP_THIDDIAXL003_Cas9_PhoX_DIA12_CV486075_250ng_FAIMS_001 P1_NSDKLIAR P2_EDIQKAQVSGQGDSLHEHIANLAGSPAIK 4 5,DIA12_CV486075:20251228_A2_N1_Mueller_MS_TechHub_IMP_THIDDIAXL003_Cas9_PhoX_DIA12_CV486075_250ng_FAIMS_001,91205,,,Q99ZW2,,,false,Q99ZW2,Q99ZW2,,false,EDIQKAQVSGQGDSLHEHIANLAGSPAIK,NSDKLIAR,706,1115,5,4,710,1118,,-1,4,0,1.007276,84.634155
Scan: 1274236 Run: DIA12_CV486075:20251228_A2_N1_Mueller_MS_TechHub_IMP_THIDDIAXL003_Cas9_PhoX_DIA12_CV486075_250ng_FAIMS_003 P1_NLPNEKVLPK P2_ESILPKR 6 6,DIA12_CV486075:20251228_A2_N1_Mueller_MS_TechHub_IMP_THIDDIAXL003_Cas9_PhoX_DIA12_CV486075_250ng_FAIMS_003,1274236,,,Q99ZW2,,,false,Q99ZW2,Q99ZW2,,false,ESILPKR,NLPNEKVLPK,1108,501,6,6,1113,506,,-1,3,0,1.007276,84.623802
Scan: 513922 Run: DIA12_CV486075:20251228_A2_N1_Mueller_MS_TechHub_IMP_THIDDIAXL003_Cas9_PhoX_DIA12_CV486075_250ng_FAIMS_001 P1_KTEVQTGGFSK P2_IEEGIKELGSQILK 1 6,DIA12_CV486075:20251228_A2_N1_Mueller_MS_TechHub_IMP_THIDDIAXL003_Cas9_PhoX_DIA12_CV486075_250ng_FAIMS_001,513922,,,Q99ZW2,,,false,Q99ZW2,Q99ZW2,,false,IEEGIKELGSQILK,KTEVQTGGFSK,784,1097,6,1,789,1097,,-1,4,0,1.007276,84.615471
Scan: 288753 Run: DIA12_CV486075:20251228_A2_N1_Mueller_MS_TechHub_IMP_THIDDIAXL003_Cas9_PhoX_DIA12_CV486075_250ng_FAIMS_001 P1_QEDFYPFLKDNR P2_IEKILTFR 9 3,DIA12_CV486075:20251228_A2_N1_Mueller_MS_TechHub_IMP_THIDDIAXL003_Cas9_PhoX_DIA12_CV486075_250ng_FAIMS_001,288753,,,Q99ZW2,,,false,Q99ZW2,Q99ZW2,,false,IEKILTFR,QEDFYPFLKDNR,440,426,3,9,442,434,,-1,4,0,1.007276,84.574059
Scan: 91969 Run: DIA12_CV486075:20251228_A2_N1_Mueller_MS_TechHub_IMP_THIDDIAXL003_Cas9_PhoX_DIA12_CV486075_250ng_FAIMS_001 P1_NSDKLIAR P2_KGILQTVK 4 1,DIA12_CV486075:20251228_A2_N1_Mueller_MS_TechHub_IMP_THIDDIAXL003_Cas9_PhoX_DIA12_CV486075_250ng_FAIMS_001,91969,,,Q99ZW2,,,false,Q99ZW2,Q99ZW2,,false,KGILQTVK,NSDKLIAR,735,1115,1,4,735,1118,,-1,4,0,1.007276,84.568171
Scan: 545238 Run: DIA12_CV486075:20251228_A2_N1_Mueller_MS_TechHub_IMP_THIDDIAXL003_Cas9_PhoX_DIA12_CV486075_250ng_FAIMS_001 P1_VLSAYNKHR P2_GKSDNVPSEEVVK 7 2,DIA12_CV486075:20251228_A2_N1_Mueller_MS_TechHub_IMP_THIDDIAXL003_Cas9_PhoX_DIA12_CV486075_250ng_FAIMS_001,545238,,,Q99ZW2,,,false,Q99ZW2,Q99ZW2,,false,GKSDNVPSEEVVK,VLSAYNKHR,865,1290,2,7,866,1296,,-1,4,0,1.007276,84.553204
Scan: 610968 Run: DIA12_CV486075:20251228_A2_N1_Mueller_MS_TechHub_IMP_THIDDIAXL003_Cas9_PhoX_DIA12_CV486075_250ng_FAIMS_002 P1_YPKLESEFVYGDYK P2_SEQEIGKATAK 3 7,DIA12_CV486075:20251228_A2_N1_Mueller_MS_TechHub_IMP_THIDDIAXL003_Cas9_PhoX_DIA12_CV486075_250ng_FAIMS_002,610968,,,Q99ZW2,,,false,Q99ZW2,Q99ZW2,,false,SEQEIGKATAK,YPKLESEFVYGDYK,1025,1001,7,3,1031,1003,,-1,3,0,1.007276,84.538774
Scan: 1763181 Run: DIA12_CV486075:20251228_A2_N1_Mueller_MS_TechHub_IMP_THIDDIAXL003_Cas9_PhoX_DIA12_CV486075_250ng_FAIMS_003 P1_GKSDNVPSEEVVK P2_GGLSELDKAGFIK 2 8,DIA12_CV486075:20251228_A2_N1_Mueller_MS_TechHub_IMP_THIDDIAXL003_Cas9_PhoX_DIA12_CV486075_250ng_FAIMS_003,1763181,,,Q99ZW2,,,false,Q99ZW2,Q99ZW2,,false,GGLSELDKAGFIK,GKSDNVPSEEVVK,906,865,8,2,913,866,,-1,4,0,1.007276,84.522013
Scan: 628517 Run: DIA12_CV486075:20251228_A2_N1_Mueller_MS_TechHub_IMP_THIDDIAXL003_Cas9_PhoX_DIA12_CV486075_250ng_FAIMS_002 P1_RPLIETNGETGEIVWDKGR P2_KAIVDLLFK 17 1,DIA12_CV486075:20251228_A2_N1_Mueller_MS_TechHub_IMP_THIDDIAXL003_Cas9_PhoX_DIA12_CV486075_250ng_FAIMS_002,628517,,,Q99ZW2,,,false,Q99ZW2,Q99ZW2,,false,KAIVDLLFK,RPLIETNGETGEIVWDKGR,546,1060,1,17,546,1076,,-1,4,0,1.007276,84.515793
Scan: 303085 Run: DIA12_CV486075:20251228_A2_N1_Mueller_MS_TechHub_IMP_THIDDIAXL003_Cas9_PhoX_DIA12_CV486075_250ng_FAIMS_001 P1_KSEETITPWNFEEVVDK P2_DLIIKLPK 1 5,DIA12_CV486075:20251228_A2_N1_Mueller_MS_TechHub_IMP_THIDDIAXL003_Cas9_PhoX_DIA12_CV486075_250ng_FAIMS_001,303085,,,Q99ZW2,,,false,Q99ZW2,Q99ZW2,,false,DLIIKLPK,KSEETITPWNFEEVVDK,1193,468,5,1,1197,468,,-1,4,0,1.007276,84.502523
Scan: 586180 Run: DIA12_CV486075:20251228_A2_N1_Mueller_MS_TechHub_IMP_THIDDIAXL003_Cas9_PhoX_DIA12_CV486075_250ng_FAIMS_001 P1_YDENDKLIR P2_FKVLGNTDR 6 2,DIA12_CV486075:20251228_A2_N1_Mueller_MS_TechHub_IMP_THIDDIAXL003_Cas9_PhoX_DIA12_CV486075_250ng_FAIMS_001,586180,,,Q99ZW2,,,false,Q99ZW2,Q99ZW2,,false,FKVLGNTDR,YDENDKLIR,32,943,2,6,33,948,,-1,3,0,1.007276,84.468443
Scan: 411547 Run: DIA12_CV486075:20251228_A2_N1_Mueller_MS_TechHub_IMP_THIDDIAXL003_Cas9_PhoX_DIA12_CV486075_250ng_FAIMS_001 P1_YKEIFFDQSK P2_LQKVTVK 2 3,DIA12_CV486075:20251228_A2_N1_Mueller_MS_TechHub_IMP_THIDDIAXL003_Cas9_PhoX_DIA12_CV486075_250ng_FAIMS_001,411547,,,decoy:Q99ZW2,decoy,decoy,true,Q99ZW2,Q99ZW2,,false,LQKVTVK,YKEIFFDQSK,559,347,3,2,561,348,,-1,4,0,1.007276,84.446775
Scan: 134096 Run: DIA12_CV486075:20251228_A2_N1_Mueller_MS_TechHub_IMP_THIDDIAXL003_Cas9_PhoX_DIA12_CV486075_250ng_FAIMS_001 P1_NPIDFLEAKGYK P2_KDLIIK 9 1,DIA12_CV486075:20251228_A2_N1_Mueller_MS_TechHub_IMP_THIDDIAXL003_Cas9_PhoX_DIA12_CV486075_250ng_FAIMS_001,134096,,,Q99ZW2,,,false,Q99ZW2,Q99ZW2,,false,KDLIIK,NPIDFLEAKGYK,1192,1177,1,9,1192,1185,,-1,4,0,1.007276,84.432766
Scan: 1398596 Run: DIA12_CV486075:20251228_A2_N1_Mueller_MS_TechHub_IMP_THIDDIAXL003_Cas9_PhoX_DIA12_CV486075_250ng_FAIMS_003 P1_KLVDSTDK P2_KDLIIK 1 1,DIA12_CV486075:20251228_A2_N1_Mueller_MS_TechHub_IMP_THIDDIAXL003_Cas9_PhoX_DIA12_CV486075_250ng_FAIMS_003,1398596,,,Q99ZW2,,,false,Q99ZW2,Q99ZW2,,false,KDLIIK,KLVDSTDK,1192,141,1,1,1192,141,,-1,3,0,1.007276,84.431644
Scan: 404990 Run: DIA12_CV486075:20251228_A2_N1_Mueller_MS_TechHub_IMP_THIDDIAXL003_Cas9_PhoX_DIA12_CV486075_250ng_FAIMS_001 P1_KAIVDLLFK P2_KAIVDLLFK 1 1,DIA12_CV486075:20251228_A2_N1_Mueller_MS_TechHub_IMP_THIDDIAXL003_Cas9_PhoX_DIA12_CV486075_250ng_FAIMS_001,404990,,,Q99ZW2,,,false,Q99ZW2,Q99ZW2,,false,KAIVDLLFK,KAIVDLLFK,546,546,1,1,546,546,,-1,3,0,1.007276,84.368109
Scan: 8837 Run: DIA12_CV486075:20251228_A2_N1_Mueller_MS_TechHub_IMP_THIDDIAXL003_Cas9_PhoX_DIA12_CV486075_250ng_FAIMS_001 P1_KLINGIR P2_AIMKK 1 4,DIA12_CV486075:20251228_A2_N1_Mueller_MS_TechHub_IMP_THIDDIAXL003_Cas9_PhoX_DIA12_CV486075_250ng_FAIMS_001,8837,,,decoy:Q99ZW2,decoy,decoy,true,Q99ZW2,Q99ZW2,,false,AIMKK,KLINGIR,1020,665,4,1,1023,665,,-1,3,0,1.007276,84.347134
Scan: 40061 Run: DIA12_CV486075:20251228_A2_N1_Mueller_MS_TechHub_IMP_THIDDIAXL003_Cas9_PhoX_DIA12_CV486075_250ng_FAIMS_001 P1_TILDFLKSDGFANR P2_KTEVQTGGFSK 7 1,DIA12_CV486075:20251228_A2_N1_Mueller_MS_TechHub_IMP_THIDDIAXL003_Cas9_PhoX_DIA12_CV486075_250ng_FAIMS_001,40061,,,Q99ZW2,,,false,Q99ZW2,Q99ZW2,,false,KTEVQTGGFSK,TILDFLKSDGFANR,1097,678,1,7,1097,684,,-1,4,0,1.007276,84.290228
Scan: 1211152 Run: DIA12_CV486075:20251228_A2_N1_Mueller_MS_TechHub_IMP_THIDDIAXL003_Cas9_PhoX_DIA12_CV486075_250ng_FAIMS_003 P1_SEQEIGKATAK P2_DKQSGK 7 2,DIA12_CV486075:20251228_A2_N1_Mueller_MS_TechHub_IMP_THIDDIAXL003_Cas9_PhoX_DIA12_CV486075_250ng_FAIMS_003,1211152,,,Q99ZW2,,,false,Q99ZW2,Q99ZW2,,false,DKQSGK,SEQEIGKATAK,672,1025,2,7,673,1031,,-1,3,0,1.007276,84.231527
Scan: 1350758 Run: DIA12_CV486075:20251228_A2_N1_Mueller_MS_TechHub_IMP_THIDDIAXL003_Cas9_PhoX_DIA12_CV486075_250ng_FAIMS_003 P1_NSDKLIAR P2_GNELALPSKYVNFLYLASHYEK 4 9,DIA12_CV486075:20251228_A2_N1_Mueller_MS_TechHub_IMP_THIDDIAXL003_Cas9_PhoX_DIA12_CV486075_250ng_FAIMS_003,1350758,,,Q99ZW2,,,false,Q99ZW2,Q99ZW2,,false,GNELALPSKYVNFLYLASHYEK,NSDKLIAR,1223,1115,9,4,1231,1118,,-1,4,0,1.007276,84.230263
Scan: 1110245 Run: DIA12_CV486075:20251228_A2_N1_Mueller_MS_TechHub_IMP_THIDDIAXL003_Cas9_PhoX_DIA12_CV486075_250ng_FAIMS_002 P1_SNKQGR P2_KLINGIR 3 1,DIA12_CV486075:20251228_A2_N1_Mueller_MS_TechHub_IMP_THIDDIAXL003_Cas9_PhoX_DIA12_CV486075_250ng_FAIMS_002,1110245,,,Q99ZW2,,,false,decoy:Q99ZW2,decoy,decoy,true,KLINGIR,SNKQGR,665,773,1,3,665,775,,-1,3,0,1.007276,84.138369
Scan: 802163 Run: DIA12_CV486075:20251228_A2_N1_Mueller_MS_TechHub_IMP_THIDDIAXL003_Cas9_PhoX_DIA12_CV486075_250ng_FAIMS_002 P1_KLVDSTDK P2_GKSDNVPSEEVVK 1 2,DIA12_CV486075:20251228_A2_N1_Mueller_MS_TechHub_IMP_THIDDIAXL003_Cas9_PhoX_DIA12_CV486075_250ng_FAIMS_002,802163,,,Q99ZW2,,,false,Q99ZW2,Q99ZW2,,false,GKSDNVPSEEVVK,KLVDSTDK,865,141,2,1,866,141,,-1,3,0,1.007276,84.12122
Scan: 1263701 Run: DIA12_CV486075:20251228_A2_N1_Mueller_MS_TechHub_IMP_THIDDIAXL003_Cas9_PhoX_DIA12_CV486075_250ng_FAIMS_003 P1_TEVQTGGFSKESILPK P2_KDLIIKLPK 10 6,DIA12_CV486075:20251228_A2_N1_Mueller_MS_TechHub_IMP_THIDDIAXL003_Cas9_PhoX_DIA12_CV486075_250ng_FAIMS_003,1263701,,,Q99ZW2,,,false,Q99ZW2,Q99ZW2,,false,KDLIIKLPK,TEVQTGGFSKESILPK,1192,1098,6,10,1197,1107,,-1,4,0,1.007276,84.082848
Scan: 1090062 Run: DIA12_CV486075:20251228_A2_N1_Mueller_MS_TechHub_IMP_THIDDIAXL003_Cas9_PhoX_DIA12_CV486075_250ng_FAIMS_002 P1_KNLIGALLFDSGETAEATR P2_GILQTVKVVDELVK 1 7,DIA12_CV486075:20251228_A2_N1_Mueller_MS_TechHub_IMP_THIDDIAXL003_Cas9_PhoX_DIA12_CV486075_250ng_FAIMS_002,1090062,,,Q99ZW2,,,false,Q99ZW2,Q99ZW2,,false,GILQTVKVVDELVK,KNLIGALLFDSGETAEATR,736,45,7,1,742,45,,-1,4,0,1.007276,84.059837
Scan: 1185344 Run: DIA12_CV486075:20251228_A2_N1_Mueller_MS_TechHub_IMP_THIDDIAXL003_Cas9_PhoX_DIA12_CV486075_250ng_FAIMS_002 P1_TEVQTGGFSKESILPK P2_SKLVSDFR 10 2,DIA12_CV486075:20251228_A2_N1_Mueller_MS_TechHub_IMP_THIDDIAXL003_Cas9_PhoX_DIA12_CV486075_250ng_FAIMS_002,1185344,,,Q99ZW2,,,false,Q99ZW2,Q99ZW2,,false,SKLVSDFR,TEVQTGGFSKESILPK,960,1098,2,10,961,1107,,-1,4,0,1.007276,84.040817
Scan: 386953 Run: DIA12_CV486075:20251228_A2_N1_Mueller_MS_TechHub_IMP_THIDDIAXL003_Cas9_PhoX_DIA12_CV486075_250ng_FAIMS_001 P1_KPAFLSGEQK P2_KLINGIR 1 1,DIA12_CV486075:20251228_A2_N1_Mueller_MS_TechHub_IMP_THIDDIAXL003_Cas9_PhoX_DIA12_CV486075_250ng_FAIMS_001,386953,,,Q99ZW2,,,false,Q99ZW2,Q99ZW2,,false,KLINGIR,KPAFLSGEQK,665,536,1,1,665,536,,-1,3,0,1.007276,84.028425
Scan: 1273757 Run: DIA12_CV486075:20251228_A2_N1_Mueller_MS_TechHub_IMP_THIDDIAXL003_Cas9_PhoX_DIA12_CV486075_250ng_FAIMS_003 P1_KYGGFDSPTVAYSVLVVAK P2_ESILPKR 1 6,DIA12_CV486075:20251228_A2_N1_Mueller_MS_TechHub_IMP_THIDDIAXL003_Cas9_PhoX_DIA12_CV486075_250ng_FAIMS_003,1273757,,,Q99ZW2,,,false,Q99ZW2,Q99ZW2,,false,ESILPKR,KYGGFDSPTVAYSVLVVAK,1108,1130,6,1,1113,1130,,-1,4,0,1.007276,84.021774
Scan: 209006 Run: DIA12_CV486075:20251228_A2_N1_Mueller_MS_TechHub_IMP_THIDDIAXL003_Cas9_PhoX_DIA12_CV486075_250ng_FAIMS_001 P1_LSKSR P2_KFDNLTK 3 1,DIA12_CV486075:20251228_A2_N1_Mueller_MS_TechHub_IMP_THIDDIAXL003_Cas9_PhoX_DIA12_CV486075_250ng_FAIMS_001,209006,,,Q99ZW2,,,false,Q99ZW2,Q99ZW2,,false,KFDNLTK,LSKSR,896,216,1,3,896,218,,-1,3,0,1.007276,83.9876
Scan: 97621 Run: DIA12_CV486075:20251228_A2_N1_Mueller_MS_TechHub_IMP_THIDDIAXL003_Cas9_PhoX_DIA12_CV486075_250ng_FAIMS_001 P1_RNSDKLIAR P2_KKDWDPK 5 2,DIA12_CV486075:20251228_A2_N1_Mueller_MS_TechHub_IMP_THIDDIAXL003_Cas9_PhoX_DIA12_CV486075_250ng_FAIMS_001,97621,,,Q99ZW2,,,false,Q99ZW2,Q99ZW2,,false,KKDWDPK,RNSDKLIAR,1123,1114,2,5,1124,1118,,-1,5,0,1.007276,83.972982
Scan: 685580 Run: DIA12_CV486075:20251228_A2_N1_Mueller_MS_TechHub_IMP_THIDDIAXL003_Cas9_PhoX_DIA12_CV486075_250ng_FAIMS_002 P1_NSDKLIAR P2_FIKPILEK 4 3,DIA12_CV486075:20251228_A2_N1_Mueller_MS_TechHub_IMP_THIDDIAXL003_Cas9_PhoX_DIA12_CV486075_250ng_FAIMS_002,685580,,,Q99ZW2,,,false,Q99ZW2,Q99ZW2,,false,FIKPILEK,NSDKLIAR,375,1115,3,4,377,1118,,-1,3,0,1.007276,83.942789
Scan: 73330 Run: DIA12_CV486075:20251228_A2_N1_Mueller_MS_TechHub_IMP_THIDDIAXL003_Cas9_PhoX_DIA12_CV486075_250ng_FAIMS_001 P1_KTEVQTGGFSKESILPK P2_EDIQKAQVSGQGDSLHEHIANLAGSPAIK 11 5,DIA12_CV486075:20251228_A2_N1_Mueller_MS_TechHub_IMP_THIDDIAXL003_Cas9_PhoX_DIA12_CV486075_250ng_FAIMS_001,73330,,,Q99ZW2,,,false,Q99ZW2,Q99ZW2,,false,EDIQKAQVSGQGDSLHEHIANLAGSPAIK,KTEVQTGGFSKESILPK,706,1097,5,11,710,1107,,-1,5,0,1.007276,83.941084
Scan: 115143 Run: DIA12_CV486075:20251228_A2_N1_Mueller_MS_TechHub_IMP_THIDDIAXL003_Cas9_PhoX_DIA12_CV486075_250ng_FAIMS_001 P1_SSFEKNPIDFLEAK P2_SKSLR 5 2,DIA12_CV486075:20251228_A2_N1_Mueller_MS_TechHub_IMP_THIDDIAXL003_Cas9_PhoX_DIA12_CV486075_250ng_FAIMS_001,115143,,,decoy:Q99ZW2,decoy,decoy,true,Q99ZW2,Q99ZW2,,false,SKSLR,SSFEKNPIDFLEAK,216,1172,2,5,217,1176,,-1,3,0,1.007276,83.926016
Scan: 1008185 Run: DIA12_CV486075:20251228_A2_N1_Mueller_MS_TechHub_IMP_THIDDIAXL003_Cas9_PhoX_DIA12_CV486075_250ng_FAIMS_002 P1_KVTVK P2_KVTVK 1 1,DIA12_CV486075:20251228_A2_N1_Mueller_MS_TechHub_IMP_THIDDIAXL003_Cas9_PhoX_DIA12_CV486075_250ng_FAIMS_002,1008185,,,Q99ZW2,,,false,Q99ZW2,Q99ZW2,,false,KVTVK,KVTVK,558,558,1,1,558,558,,-1,2,0,1.007276,83.925337
Scan: 1337425 Run: DIA12_CV486075:20251228_A2_N1_Mueller_MS_TechHub_IMP_THIDDIAXL003_Cas9_PhoX_DIA12_CV486075_250ng_FAIMS_003 P1_TEVQTGGFSKESILPK P2_LPKYSLFELENGR 10 3,DIA12_CV486075:20251228_A2_N1_Mueller_MS_TechHub_IMP_THIDDIAXL003_Cas9_PhoX_DIA12_CV486075_250ng_FAIMS_003,1337425,,,Q99ZW2,,,false,Q99ZW2,Q99ZW2,,false,LPKYSLFELENGR,TEVQTGGFSKESILPK,1198,1098,3,10,1200,1107,,-1,4,0,1.007276,83.897903
Scan: 597806 Run: DIA12_CV486075:20251228_A2_N1_Mueller_MS_TechHub_IMP_THIDDIAXL003_Cas9_PhoX_DIA12_CV486075_250ng_FAIMS_002 P1_YPKLESEFVYGDYK P2_AIMKK 3 4,DIA12_CV486075:20251228_A2_N1_Mueller_MS_TechHub_IMP_THIDDIAXL003_Cas9_PhoX_DIA12_CV486075_250ng_FAIMS_002,597806,,,decoy:Q99ZW2,decoy,decoy,true,Q99ZW2,Q99ZW2,,false,AIMKK,YPKLESEFVYGDYK,1020,1001,4,3,1023,1003,,-1,3,0,1.007276,83.860964
Scan: 1000133 Run: DIA12_CV486075:20251228_A2_N1_Mueller_MS_TechHub_IMP_THIDDIAXL003_Cas9_PhoX_DIA12_CV486075_250ng_FAIMS_002 P1_KPAFLSGEQKK P2_FKVLGNTDR 10 2,DIA12_CV486075:20251228_A2_N1_Mueller_MS_TechHub_IMP_THIDDIAXL003_Cas9_PhoX_DIA12_CV486075_250ng_FAIMS_002,1000133,,,Q99ZW2,,,false,Q99ZW2,Q99ZW2,,false,FKVLGNTDR,KPAFLSGEQKK,32,536,2,10,33,545,,-1,4,0,1.007276,83.859221
Scan: 868517 Run: DIA12_CV486075:20251228_A2_N1_Mueller_MS_TechHub_IMP_THIDDIAXL003_Cas9_PhoX_DIA12_CV486075_250ng_FAIMS_002 P1_QQLPEKYK P2_EIFFDQSKNGYAGYIDGGASQEEFYK 6 8,DIA12_CV486075:20251228_A2_N1_Mueller_MS_TechHub_IMP_THIDDIAXL003_Cas9_PhoX_DIA12_CV486075_250ng_FAIMS_002,868517,,,Q99ZW2,,,false,Q99ZW2,Q99ZW2,,false,EIFFDQSKNGYAGYIDGGASQEEFYK,QQLPEKYK,349,341,8,6,356,346,,-1,4,0,1.007276,83.849329
Scan: 1144328 Run: DIA12_CV486075:20251228_A2_N1_Mueller_MS_TechHub_IMP_THIDDIAXL003_Cas9_PhoX_DIA12_CV486075_250ng_FAIMS_002 P1_VTVKQLK P2_GKSDNVPSEEVVK 4 2,DIA12_CV486075:20251228_A2_N1_Mueller_MS_TechHub_IMP_THIDDIAXL003_Cas9_PhoX_DIA12_CV486075_250ng_FAIMS_002,1144328,,,Q99ZW2,,,false,Q99ZW2,Q99ZW2,,false,GKSDNVPSEEVVK,VTVKQLK,865,559,2,4,866,562,,-1,3,0,1.007276,83.838659
Scan: 1054419 Run: DIA12_CV486075:20251228_A2_N1_Mueller_MS_TechHub_IMP_THIDDIAXL003_Cas9_PhoX_DIA12_CV486075_250ng_FAIMS_002 P1_EKIEKILTFR P2_EDIQKAQVSGQGDSLHEHIANLAGSPAIK 5 5,DIA12_CV486075:20251228_A2_N1_Mueller_MS_TechHub_IMP_THIDDIAXL003_Cas9_PhoX_DIA12_CV486075_250ng_FAIMS_002,1054419,,,Q99ZW2,,,false,Q99ZW2,Q99ZW2,,false,EDIQKAQVSGQGDSLHEHIANLAGSPAIK,EKIEKILTFR,706,438,5,5,710,442,,-1,4,0,1.007276,83.829805
Scan: 696075 Run: DIA12_CV486075:20251228_A2_N1_Mueller_MS_TechHub_IMP_THIDDIAXL003_Cas9_PhoX_DIA12_CV486075_250ng_FAIMS_002 P1_KDWDPK P2_GQKNSR 1 3,DIA12_CV486075:20251228_A2_N1_Mueller_MS_TechHub_IMP_THIDDIAXL003_Cas9_PhoX_DIA12_CV486075_250ng_FAIMS_002,696075,,,Q99ZW2,,,false,Q99ZW2,Q99ZW2,,false,GQKNSR,KDWDPK,773,1124,3,1,775,1124,,-1,3,0,1.007276,83.829723
Scan: 894205 Run: DIA12_CV486075:20251228_A2_N1_Mueller_MS_TechHub_IMP_THIDDIAXL003_Cas9_PhoX_DIA12_CV486075_250ng_FAIMS_002 P1_SSFEKNPIDFLEAK P2_KNLIGALLFDSGETAEATR 5 1,DIA12_CV486075:20251228_A2_N1_Mueller_MS_TechHub_IMP_THIDDIAXL003_Cas9_PhoX_DIA12_CV486075_250ng_FAIMS_002,894205,,,Q99ZW2,,,false,Q99ZW2,Q99ZW2,,false,KNLIGALLFDSGETAEATR,SSFEKNPIDFLEAK,45,1172,1,5,45,1176,,-1,4,0,1.007276,83.826654
Scan: 1688272 Run: DIA12_CV486075:20251228_A2_N1_Mueller_MS_TechHub_IMP_THIDDIAXL003_Cas9_PhoX_DIA12_CV486075_250ng_FAIMS_003 P1_SEETITPWNFEEVVDKGASAQSFIER P2_GILQTVKVVDELVK 16 7,DIA12_CV486075:20251228_A2_N1_Mueller_MS_TechHub_IMP_THIDDIAXL003_Cas9_PhoX_DIA12_CV486075_250ng_FAIMS_003,1688272,,,Q99ZW2,,,false,Q99ZW2,Q99ZW2,,false,GILQTVKVVDELVK,SEETITPWNFEEVVDKGASAQSFIER,736,469,7,16,742,484,,-1,4,0,1.007276,83.813211
Scan: 111815 Run: DIA12_CV486075:20251228_A2_N1_Mueller_MS_TechHub_IMP_THIDDIAXL003_Cas9_PhoX_DIA12_CV486075_250ng_FAIMS_001 P1_SSFEKNPIDFLEAK P2_NSDKLIAR 5 4,DIA12_CV486075:20251228_A2_N1_Mueller_MS_TechHub_IMP_THIDDIAXL003_Cas9_PhoX_DIA12_CV486075_250ng_FAIMS_001,111815,,,Q99ZW2,,,false,Q99ZW2,Q99ZW2,,false,NSDKLIAR,SSFEKNPIDFLEAK,1115,1172,4,5,1118,1176,,-1,4,0,1.007276,83.812647
Scan: 94744 Run: DIA12_CV486075:20251228_A2_N1_Mueller_MS_TechHub_IMP_THIDDIAXL003_Cas9_PhoX_DIA12_CV486075_250ng_FAIMS_001 P1_KKDWDPK P2_ESILPKR 1 6,DIA12_CV486075:20251228_A2_N1_Mueller_MS_TechHub_IMP_THIDDIAXL003_Cas9_PhoX_DIA12_CV486075_250ng_FAIMS_001,94744,,,Q99ZW2,,,false,Q99ZW2,Q99ZW2,,false,ESILPKR,KKDWDPK,1108,1123,6,1,1113,1123,,-1,3,0,1.007276,83.772886
Scan: 513108 Run: DIA12_CV486075:20251228_A2_N1_Mueller_MS_TechHub_IMP_THIDDIAXL003_Cas9_PhoX_DIA12_CV486075_250ng_FAIMS_001 P1_GQKNSR P2_DDSIDNKVLTR 3 7,DIA12_CV486075:20251228_A2_N1_Mueller_MS_TechHub_IMP_THIDDIAXL003_Cas9_PhoX_DIA12_CV486075_250ng_FAIMS_001,513108,,,Q99ZW2,,,false,Q99ZW2,Q99ZW2,,false,DDSIDNKVLTR,GQKNSR,849,773,7,3,855,775,,-1,4,0,1.007276,83.747362
Scan: 1078598 Run: DIA12_CV486075:20251228_A2_N1_Mueller_MS_TechHub_IMP_THIDDIAXL003_Cas9_PhoX_DIA12_CV486075_250ng_FAIMS_002 P1_FKVLGNTDR P2_AQVSGQGDSLHEHIANLAGSPAIKK 2 24,DIA12_CV486075:20251228_A2_N1_Mueller_MS_TechHub_IMP_THIDDIAXL003_Cas9_PhoX_DIA12_CV486075_250ng_FAIMS_002,1078598,,,Q99ZW2,,,false,Q99ZW2,Q99ZW2,,false,AQVSGQGDSLHEHIANLAGSPAIKK,FKVLGNTDR,711,32,24,2,734,33,,-1,5,0,1.007276,83.739489
Scan: 1558327 Run: DIA12_CV486075:20251228_A2_N1_Mueller_MS_TechHub_IMP_THIDDIAXL003_Cas9_PhoX_DIA12_CV486075_250ng_FAIMS_003 P1_VLPKHSLLYEYFTVYNELTK P2_IEKILTFR 4 3,DIA12_CV486075:20251228_A2_N1_Mueller_MS_TechHub_IMP_THIDDIAXL003_Cas9_PhoX_DIA12_CV486075_250ng_FAIMS_003,1558327,,,Q99ZW2,,,false,Q99ZW2,Q99ZW2,,false,IEKILTFR,VLPKHSLLYEYFTVYNELTK,440,507,3,4,442,510,,-1,4,0,1.007276,83.738764
Scan: 254228 Run: DIA12_CV486075:20251228_A2_N1_Mueller_MS_TechHub_IMP_THIDDIAXL003_Cas9_PhoX_DIA12_CV486075_250ng_FAIMS_001 P1_YKEIFFDQSK P2_LEESFLVEEDKK 2 11,DIA12_CV486075:20251228_A2_N1_Mueller_MS_TechHub_IMP_THIDDIAXL003_Cas9_PhoX_DIA12_CV486075_250ng_FAIMS_001,254228,,,Q99ZW2,,,false,Q99ZW2,Q99ZW2,,false,LEESFLVEEDKK,YKEIFFDQSK,101,347,11,2,111,348,,-1,3,0,1.007276,83.696472
Scan: 259830 Run: DIA12_CV486075:20251228_A2_N1_Mueller_MS_TechHub_IMP_THIDDIAXL003_Cas9_PhoX_DIA12_CV486075_250ng_FAIMS_001 P1_YKEIFFDQSK P2_VTVKQLK 2 4,DIA12_CV486075:20251228_A2_N1_Mueller_MS_TechHub_IMP_THIDDIAXL003_Cas9_PhoX_DIA12_CV486075_250ng_FAIMS_001,259830,,,Q99ZW2,,,false,Q99ZW2,Q99ZW2,,false,VTVKQLK,YKEIFFDQSK,559,347,4,2,562,348,,-1,3,0,1.007276,83.689554
Scan: 1678173 Run: DIA12_CV486075:20251228_A2_N1_Mueller_MS_TechHub_IMP_THIDDIAXL003_Cas9_PhoX_DIA12_CV486075_250ng_FAIMS_003 P1_KKDWDPK P2_KGILQTVK 1 1,DIA12_CV486075:20251228_A2_N1_Mueller_MS_TechHub_IMP_THIDDIAXL003_Cas9_PhoX_DIA12_CV486075_250ng_FAIMS_003,1678173,,,Q99ZW2,,,false,Q99ZW2,Q99ZW2,,false,KGILQTVK,KKDWDPK,735,1123,1,1,735,1123,,-1,4,0,1.007276,83.686867
Scan: 585839 Run: DIA12_CV486075:20251228_A2_N1_Mueller_MS_TechHub_IMP_THIDDIAXL003_Cas9_PhoX_DIA12_CV486075_250ng_FAIMS_001 P1_YDENDKLIR P2_KDLIIK 6 1,DIA12_CV486075:20251228_A2_N1_Mueller_MS_TechHub_IMP_THIDDIAXL003_Cas9_PhoX_DIA12_CV486075_250ng_FAIMS_001,585839,,,Q99ZW2,,,false,Q99ZW2,Q99ZW2,,false,KDLIIK,YDENDKLIR,1192,943,1,6,1192,948,,-1,3,0,1.007276,83.681503
Scan: 596610 Run: DIA12_CV486075:20251228_A2_N1_Mueller_MS_TechHub_IMP_THIDDIAXL003_Cas9_PhoX_DIA12_CV486075_250ng_FAIMS_001 P1_NSDKLIAR P2_DFQFYKVR 4 6,DIA12_CV486075:20251228_A2_N1_Mueller_MS_TechHub_IMP_THIDDIAXL003_Cas9_PhoX_DIA12_CV486075_250ng_FAIMS_001,596610,,,Q99ZW2,,,false,Q99ZW2,Q99ZW2,,false,DFQFYKVR,NSDKLIAR,969,1115,6,4,974,1118,,-1,3,0,1.007276,83.656839
Scan: 1439462 Run: DIA12_CV486075:20251228_A2_N1_Mueller_MS_TechHub_IMP_THIDDIAXL003_Cas9_PhoX_DIA12_CV486075_250ng_FAIMS_003 P1_QLKEDYFK P2_FKVLGNTDR 3 2,DIA12_CV486075:20251228_A2_N1_Mueller_MS_TechHub_IMP_THIDDIAXL003_Cas9_PhoX_DIA12_CV486075_250ng_FAIMS_003,1439462,,,Q99ZW2,,,false,Q99ZW2,Q99ZW2,,false,FKVLGNTDR,QLKEDYFK,32,563,2,3,33,565,,-1,3,0,1.007276,83.646341
Scan: 1194269 Run: DIA12_CV486075:20251228_A2_N1_Mueller_MS_TechHub_IMP_THIDDIAXL003_Cas9_PhoX_DIA12_CV486075_250ng_FAIMS_002 P1_GQKNSR P2_DFQFYKVR 3 6,DIA12_CV486075:20251228_A2_N1_Mueller_MS_TechHub_IMP_THIDDIAXL003_Cas9_PhoX_DIA12_CV486075_250ng_FAIMS_002,1194269,,,Q99ZW2,,,false,Q99ZW2,Q99ZW2,,false,DFQFYKVR,GQKNSR,969,773,6,3,974,775,,-1,3,0,1.007276,83.638401
Scan: 342746 Run: DIA12_CV486075:20251228_A2_N1_Mueller_MS_TechHub_IMP_THIDDIAXL003_Cas9_PhoX_DIA12_CV486075_250ng_FAIMS_001 P1_KSEETITPWNFEEVVDKGASAQSFIER P2_DLIIKLPK 17 5,DIA12_CV486075:20251228_A2_N1_Mueller_MS_TechHub_IMP_THIDDIAXL003_Cas9_PhoX_DIA12_CV486075_250ng_FAIMS_001,342746,,,Q99ZW2,,,false,Q99ZW2,Q99ZW2,,false,DLIIKLPK,KSEETITPWNFEEVVDKGASAQSFIER,1193,468,5,17,1197,484,,-1,4,0,1.007276,83.624422
Scan: 588455 Run: DIA12_CV486075:20251228_A2_N1_Mueller_MS_TechHub_IMP_THIDDIAXL003_Cas9_PhoX_DIA12_CV486075_250ng_FAIMS_001 P1_SKSLR P2_SKLVSDFR 2 2,DIA12_CV486075:20251228_A2_N1_Mueller_MS_TechHub_IMP_THIDDIAXL003_Cas9_PhoX_DIA12_CV486075_250ng_FAIMS_001,588455,,,Q99ZW2,,,false,decoy:Q99ZW2,decoy,decoy,true,SKLVSDFR,SKSLR,960,216,2,2,961,217,,-1,3,0,1.007276,83.617504
Scan: 510133 Run: DIA12_CV486075:20251228_A2_N1_Mueller_MS_TechHub_IMP_THIDDIAXL003_Cas9_PhoX_DIA12_CV486075_250ng_FAIMS_001 P1_VTVKQLK P2_ENQTTQKGQK 4 7,DIA12_CV486075:20251228_A2_N1_Mueller_MS_TechHub_IMP_THIDDIAXL003_Cas9_PhoX_DIA12_CV486075_250ng_FAIMS_001,510133,,,Q99ZW2,,,false,Q99ZW2,Q99ZW2,,false,ENQTTQKGQK,VTVKQLK,766,559,7,4,772,562,,-1,3,0,1.007276,83.597559
Scan: 1186555 Run: DIA12_CV486075:20251228_A2_N1_Mueller_MS_TechHub_IMP_THIDDIAXL003_Cas9_PhoX_DIA12_CV486075_250ng_FAIMS_002 P1_SKLVSDFR P2_QSGKTILDFLK 2 4,DIA12_CV486075:20251228_A2_N1_Mueller_MS_TechHub_IMP_THIDDIAXL003_Cas9_PhoX_DIA12_CV486075_250ng_FAIMS_002,1186555,,,Q99ZW2,,,false,Q99ZW2,Q99ZW2,,false,QSGKTILDFLK,SKLVSDFR,674,960,4,2,677,961,,-1,4,0,1.007276,83.588795
Scan: 738735 Run: DIA12_CV486075:20251228_A2_N1_Mueller_MS_TechHub_IMP_THIDDIAXL003_Cas9_PhoX_DIA12_CV486075_250ng_FAIMS_002 P1_EDIQKAQVSGQGDSLHEHIANLAGSPAIK P2_DLIIKLPK 5 5,DIA12_CV486075:20251228_A2_N1_Mueller_MS_TechHub_IMP_THIDDIAXL003_Cas9_PhoX_DIA12_CV486075_250ng_FAIMS_002,738735,,,Q99ZW2,,,false,Q99ZW2,Q99ZW2,,false,DLIIKLPK,EDIQKAQVSGQGDSLHEHIANLAGSPAIK,1193,706,5,5,1197,710,,-1,5,0,1.007276,83.567202
Scan: 1186469 Run: DIA12_CV486075:20251228_A2_N1_Mueller_MS_TechHub_IMP_THIDDIAXL003_Cas9_PhoX_DIA12_CV486075_250ng_FAIMS_002 P1_SKLVSDFR P2_KLINGIR 2 1,DIA12_CV486075:20251228_A2_N1_Mueller_MS_TechHub_IMP_THIDDIAXL003_Cas9_PhoX_DIA12_CV486075_250ng_FAIMS_002,1186469,,,Q99ZW2,,,false,Q99ZW2,Q99ZW2,,false,KLINGIR,SKLVSDFR,665,960,1,2,665,961,,-1,3,0,1.007276,83.552935
Scan: 36085 Run: DIA12_CV486075:20251228_A2_N1_Mueller_MS_TechHub_IMP_THIDDIAXL003_Cas9_PhoX_DIA12_CV486075_250ng_FAIMS_001 P1_KTEVQTGGFSK P2_ESILPKR 1 6,DIA12_CV486075:20251228_A2_N1_Mueller_MS_TechHub_IMP_THIDDIAXL003_Cas9_PhoX_DIA12_CV486075_250ng_FAIMS_001,36085,,,Q99ZW2,,,false,Q99ZW2,Q99ZW2,,false,ESILPKR,KTEVQTGGFSK,1108,1097,6,1,1113,1097,,-1,3,0,1.007276,83.535147
Scan: 1758958 Run: DIA12_CV486075:20251228_A2_N1_Mueller_MS_TechHub_IMP_THIDDIAXL003_Cas9_PhoX_DIA12_CV486075_250ng_FAIMS_003 P1_TLNDFKK P2_GGLSELDKAGFIK 6 8,DIA12_CV486075:20251228_A2_N1_Mueller_MS_TechHub_IMP_THIDDIAXL003_Cas9_PhoX_DIA12_CV486075_250ng_FAIMS_003,1758958,,,Q99ZW2,,,false,decoy:Q99ZW2,decoy,decoy,true,GGLSELDKAGFIK,TLNDFKK,906,896,8,6,913,901,,-1,3,0,1.007276,83.534159
Scan: 290896 Run: DIA12_CV486075:20251228_A2_N1_Mueller_MS_TechHub_IMP_THIDDIAXL003_Cas9_PhoX_DIA12_CV486075_250ng_FAIMS_001 P1_SSFEKNPIDFLEAK P2_EIKEK 5 3,DIA12_CV486075:20251228_A2_N1_Mueller_MS_TechHub_IMP_THIDDIAXL003_Cas9_PhoX_DIA12_CV486075_250ng_FAIMS_001,290896,,,decoy:Q99ZW2,decoy,decoy,true,Q99ZW2,Q99ZW2,,false,EIKEK,SSFEKNPIDFLEAK,438,1172,3,5,440,1176,,-1,3,0,1.007276,83.5303
Scan: 1232469 Run: DIA12_CV486075:20251228_A2_N1_Mueller_MS_TechHub_IMP_THIDDIAXL003_Cas9_PhoX_DIA12_CV486075_250ng_FAIMS_003 P1_LKGSPEDNEQK P2_KTEVQTGGFSK 2 1,DIA12_CV486075:20251228_A2_N1_Mueller_MS_TechHub_IMP_THIDDIAXL003_Cas9_PhoX_DIA12_CV486075_250ng_FAIMS_003,1232469,,,Q99ZW2,,,false,Q99ZW2,Q99ZW2,,false,KTEVQTGGFSK,LKGSPEDNEQK,1097,1245,1,2,1097,1246,,-1,3,0,1.007276,83.495478
Scan: 1002588 Run: DIA12_CV486075:20251228_A2_N1_Mueller_MS_TechHub_IMP_THIDDIAXL003_Cas9_PhoX_DIA12_CV486075_250ng_FAIMS_002 P1_LFDLITKGSQK P2_KAIVDLLFK 7 1,DIA12_CV486075:20251228_A2_N1_Mueller_MS_TechHub_IMP_THIDDIAXL003_Cas9_PhoX_DIA12_CV486075_250ng_FAIMS_002,1002588,,,Q99ZW2,,,false,decoy:Q99ZW2,decoy,decoy,true,KAIVDLLFK,LFDLITKGSQK,546,674,1,7,546,680,,-1,3,0,1.007276,83.489788
Scan: 540605 Run: DIA12_CV486075:20251228_A2_N1_Mueller_MS_TechHub_IMP_THIDDIAXL003_Cas9_PhoX_DIA12_CV486075_250ng_FAIMS_001 P1_KRPLIETNGETGEIVWDK P2_DDSIDNKVLTR 1 7,DIA12_CV486075:20251228_A2_N1_Mueller_MS_TechHub_IMP_THIDDIAXL003_Cas9_PhoX_DIA12_CV486075_250ng_FAIMS_001,540605,,,Q99ZW2,,,false,Q99ZW2,Q99ZW2,,false,DDSIDNKVLTR,KRPLIETNGETGEIVWDK,849,1059,7,1,855,1059,,-1,4,0,1.007276,83.488237
Scan: 1718425 Run: DIA12_CV486075:20251228_A2_N1_Mueller_MS_TechHub_IMP_THIDDIAXL003_Cas9_PhoX_DIA12_CV486075_250ng_FAIMS_003 P1_KPAFLSGEQK P2_ELGSQILKEHPVENTQLQNEK 1 8,DIA12_CV486075:20251228_A2_N1_Mueller_MS_TechHub_IMP_THIDDIAXL003_Cas9_PhoX_DIA12_CV486075_250ng_FAIMS_003,1718425,,,Q99ZW2,,,false,Q99ZW2,Q99ZW2,,false,ELGSQILKEHPVENTQLQNEK,KPAFLSGEQK,790,536,8,1,797,536,,-1,4,0,1.007276,83.478043
Scan: 1399353 Run: DIA12_CV486075:20251228_A2_N1_Mueller_MS_TechHub_IMP_THIDDIAXL003_Cas9_PhoX_DIA12_CV486075_250ng_FAIMS_003 P1_VTVKQLK P2_KLVDSTDK 4 1,DIA12_CV486075:20251228_A2_N1_Mueller_MS_TechHub_IMP_THIDDIAXL003_Cas9_PhoX_DIA12_CV486075_250ng_FAIMS_003,1399353,,,Q99ZW2,,,false,Q99ZW2,Q99ZW2,,false,KLVDSTDK,VTVKQLK,141,559,1,4,141,562,,-1,3,0,1.007276,83.476824
Scan: 76156 Run: DIA12_CV486075:20251228_A2_N1_Mueller_MS_TechHub_IMP_THIDDIAXL003_Cas9_PhoX_DIA12_CV486075_250ng_FAIMS_001 P1_KPLISER P2_KLINGIR 1 1,DIA12_CV486075:20251228_A2_N1_Mueller_MS_TechHub_IMP_THIDDIAXL003_Cas9_PhoX_DIA12_CV486075_250ng_FAIMS_001,76156,,,Q99ZW2,,,false,decoy:Q99ZW2,decoy,decoy,true,KLINGIR,KPLISER,665,1108,1,1,665,1108,,-1,3,0,1.007276,83.465023
Scan: 1234833 Run: DIA12_CV486075:20251228_A2_N1_Mueller_MS_TechHub_IMP_THIDDIAXL003_Cas9_PhoX_DIA12_CV486075_250ng_FAIMS_003 P1_KTEVQTGGFSK P2_KLINGIR 1 1,DIA12_CV486075:20251228_A2_N1_Mueller_MS_TechHub_IMP_THIDDIAXL003_Cas9_PhoX_DIA12_CV486075_250ng_FAIMS_003,1234833,,,Q99ZW2,,,false,Q99ZW2,Q99ZW2,,false,KLINGIR,KTEVQTGGFSK,665,1097,1,1,665,1097,,-1,3,0,1.007276,83.41997
Scan: 257068 Run: DIA12_CV486075:20251228_A2_N1_Mueller_MS_TechHub_IMP_THIDDIAXL003_Cas9_PhoX_DIA12_CV486075_250ng_FAIMS_001 P1_YKEIFFDQSK P2_YDEHHQDLTLLKALVR 2 12,DIA12_CV486075:20251228_A2_N1_Mueller_MS_TechHub_IMP_THIDDIAXL003_Cas9_PhoX_DIA12_CV486075_250ng_FAIMS_001,257068,,,Q99ZW2,,,false,Q99ZW2,Q99ZW2,,false,YDEHHQDLTLLKALVR,YKEIFFDQSK,325,347,12,2,336,348,,-1,5,0,1.007276,83.417044
Scan: 1048340 Run: DIA12_CV486075:20251228_A2_N1_Mueller_MS_TechHub_IMP_THIDDIAXL003_Cas9_PhoX_DIA12_CV486075_250ng_FAIMS_002 P1_KTEVQTGGFSK P2_EDIQKAQVSGQGDSLHEHIANLAGSPAIK 1 5,DIA12_CV486075:20251228_A2_N1_Mueller_MS_TechHub_IMP_THIDDIAXL003_Cas9_PhoX_DIA12_CV486075_250ng_FAIMS_002,1048340,,,Q99ZW2,,,false,Q99ZW2,Q99ZW2,,false,EDIQKAQVSGQGDSLHEHIANLAGSPAIK,KTEVQTGGFSK,706,1097,5,1,710,1097,,-1,4,0,1.007276,83.413614
Scan: 213531 Run: DIA12_CV486075:20251228_A2_N1_Mueller_MS_TechHub_IMP_THIDDIAXL003_Cas9_PhoX_DIA12_CV486075_250ng_FAIMS_001 P1_NSDKLIAR P2_LENLIAQLPGEKK 4 12,DIA12_CV486075:20251228_A2_N1_Mueller_MS_TechHub_IMP_THIDDIAXL003_Cas9_PhoX_DIA12_CV486075_250ng_FAIMS_001,213531,,,Q99ZW2,,,false,Q99ZW2,Q99ZW2,,false,LENLIAQLPGEKK,NSDKLIAR,222,1115,12,4,233,1118,,-1,3,0,1.007276,83.39525
Scan: 1142700 Run: DIA12_CV486075:20251228_A2_N1_Mueller_MS_TechHub_IMP_THIDDIAXL003_Cas9_PhoX_DIA12_CV486075_250ng_FAIMS_002 P1_GKSDNVPSEEVVK P2_DKPIR 2 2,DIA12_CV486075:20251228_A2_N1_Mueller_MS_TechHub_IMP_THIDDIAXL003_Cas9_PhoX_DIA12_CV486075_250ng_FAIMS_002,1142700,,,Q99ZW2,,,false,Q99ZW2,Q99ZW2,,false,DKPIR,GKSDNVPSEEVVK,1299,865,2,2,1300,866,,-1,3,0,1.007276,83.382013
Scan: 1153897 Run: DIA12_CV486075:20251228_A2_N1_Mueller_MS_TechHub_IMP_THIDDIAXL003_Cas9_PhoX_DIA12_CV486075_250ng_FAIMS_002 P1_SDNVPSEEVVKK P2_KFDNLTK 11 1,DIA12_CV486075:20251228_A2_N1_Mueller_MS_TechHub_IMP_THIDDIAXL003_Cas9_PhoX_DIA12_CV486075_250ng_FAIMS_002,1153897,,,Q99ZW2,,,false,Q99ZW2,Q99ZW2,,false,KFDNLTK,SDNVPSEEVVKK,896,867,1,11,896,877,,-1,3,0,1.007276,83.37414
Scan: 483968 Run: DIA12_CV486075:20251228_A2_N1_Mueller_MS_TechHub_IMP_THIDDIAXL003_Cas9_PhoX_DIA12_CV486075_250ng_FAIMS_001 P1_KGILQTVK P2_IEKILTFR 1 3,DIA12_CV486075:20251228_A2_N1_Mueller_MS_TechHub_IMP_THIDDIAXL003_Cas9_PhoX_DIA12_CV486075_250ng_FAIMS_001,483968,,,Q99ZW2,,,false,Q99ZW2,Q99ZW2,,false,IEKILTFR,KGILQTVK,440,735,3,1,442,735,,-1,3,0,1.007276,83.283123
Scan: 1187353 Run: DIA12_CV486075:20251228_A2_N1_Mueller_MS_TechHub_IMP_THIDDIAXL003_Cas9_PhoX_DIA12_CV486075_250ng_FAIMS_002 P1_SKLVSDFR P2_QITKHVAQILDSR 2 4,DIA12_CV486075:20251228_A2_N1_Mueller_MS_TechHub_IMP_THIDDIAXL003_Cas9_PhoX_DIA12_CV486075_250ng_FAIMS_002,1187353,,,Q99ZW2,,,false,Q99ZW2,Q99ZW2,,false,QITKHVAQILDSR,SKLVSDFR,926,960,4,2,929,961,,-1,4,0,1.007276,83.280592
Scan: 1788665 Run: DIA12_CV486075:20251228_A2_N1_Mueller_MS_TechHub_IMP_THIDDIAXL003_Cas9_PhoX_DIA12_CV486075_250ng_FAIMS_003 P1_KDFQFYK P2_GSPEDNEQKQLFVEQHK 1 9,DIA12_CV486075:20251228_A2_N1_Mueller_MS_TechHub_IMP_THIDDIAXL003_Cas9_PhoX_DIA12_CV486075_250ng_FAIMS_003,1788665,,,Q99ZW2,,,false,Q99ZW2,Q99ZW2,,false,GSPEDNEQKQLFVEQHK,KDFQFYK,1247,968,9,1,1255,968,,-1,4,0,1.007276,83.271814
Scan: 1782490 Run: DIA12_CV486075:20251228_A2_N1_Mueller_MS_TechHub_IMP_THIDDIAXL003_Cas9_PhoX_DIA12_CV486075_250ng_FAIMS_003 P1_YKEIFFDQSK P2_VITLKSK 2 5,DIA12_CV486075:20251228_A2_N1_Mueller_MS_TechHub_IMP_THIDDIAXL003_Cas9_PhoX_DIA12_CV486075_250ng_FAIMS_003,1782490,,,Q99ZW2,,,false,Q99ZW2,Q99ZW2,,false,VITLKSK,YKEIFFDQSK,955,347,5,2,959,348,,-1,3,0,1.007276,83.265615
Scan: 1185568 Run: DIA12_CV486075:20251228_A2_N1_Mueller_MS_TechHub_IMP_THIDDIAXL003_Cas9_PhoX_DIA12_CV486075_250ng_FAIMS_002 P1_SKLVSDFR P2_DLIIKLPK 2 5,DIA12_CV486075:20251228_A2_N1_Mueller_MS_TechHub_IMP_THIDDIAXL003_Cas9_PhoX_DIA12_CV486075_250ng_FAIMS_002,1185568,,,Q99ZW2,,,false,Q99ZW2,Q99ZW2,,false,DLIIKLPK,SKLVSDFR,1193,960,5,2,1197,961,,-1,3,0,1.007276,83.228815
Scan: 565028 Run: DIA12_CV486075:20251228_A2_N1_Mueller_MS_TechHub_IMP_THIDDIAXL003_Cas9_PhoX_DIA12_CV486075_250ng_FAIMS_001 P1_GQKNSR P2_FDNLTKAER 3 6,DIA12_CV486075:20251228_A2_N1_Mueller_MS_TechHub_IMP_THIDDIAXL003_Cas9_PhoX_DIA12_CV486075_250ng_FAIMS_001,565028,,,Q99ZW2,,,false,Q99ZW2,Q99ZW2,,false,FDNLTKAER,GQKNSR,897,773,6,3,902,775,,-1,3,0,1.007276,83.215275
Scan: 245768 Run: DIA12_CV486075:20251228_A2_N1_Mueller_MS_TechHub_IMP_THIDDIAXL003_Cas9_PhoX_DIA12_CV486075_250ng_FAIMS_001 P1_KIFGAR P2_FKVLGNTDR 1 2,DIA12_CV486075:20251228_A2_N1_Mueller_MS_TechHub_IMP_THIDDIAXL003_Cas9_PhoX_DIA12_CV486075_250ng_FAIMS_001,245768,,,Q99ZW2,,,false,decoy:Q99ZW2,decoy,decoy,true,FKVLGNTDR,KIFGAR,32,914,2,1,33,914,,-1,3,0,1.007276,83.205505
Scan: 1038235 Run: DIA12_CV486075:20251228_A2_N1_Mueller_MS_TechHub_IMP_THIDDIAXL003_Cas9_PhoX_DIA12_CV486075_250ng_FAIMS_002 P1_SSFEKNPIDFLEAK P2_LFDLITKGSQK 5 7,DIA12_CV486075:20251228_A2_N1_Mueller_MS_TechHub_IMP_THIDDIAXL003_Cas9_PhoX_DIA12_CV486075_250ng_FAIMS_002,1038235,,,decoy:Q99ZW2,decoy,decoy,true,Q99ZW2,Q99ZW2,,false,LFDLITKGSQK,SSFEKNPIDFLEAK,674,1172,7,5,680,1176,,-1,3,0,1.007276,83.164257
Scan: 1392627 Run: DIA12_CV486075:20251228_A2_N1_Mueller_MS_TechHub_IMP_THIDDIAXL003_Cas9_PhoX_DIA12_CV486075_250ng_FAIMS_003 P1_YTSTKEVLDATLIHQSITGLYETR P2_KYGGFDSPTVAYSVLVVAK 5 1,DIA12_CV486075:20251228_A2_N1_Mueller_MS_TechHub_IMP_THIDDIAXL003_Cas9_PhoX_DIA12_CV486075_250ng_FAIMS_003,1392627,,,Q99ZW2,,,false,Q99ZW2,Q99ZW2,,false,KYGGFDSPTVAYSVLVVAK,YTSTKEVLDATLIHQSITGLYETR,1130,1336,1,5,1130,1340,,-1,5,0,1.007276,83.160444
Scan: 839917 Run: DIA12_CV486075:20251228_A2_N1_Mueller_MS_TechHub_IMP_THIDDIAXL003_Cas9_PhoX_DIA12_CV486075_250ng_FAIMS_002 P1_LVDSTDKADLR P2_FKVLGNTDR 7 2,DIA12_CV486075:20251228_A2_N1_Mueller_MS_TechHub_IMP_THIDDIAXL003_Cas9_PhoX_DIA12_CV486075_250ng_FAIMS_002,839917,,,Q99ZW2,,,false,Q99ZW2,Q99ZW2,,false,FKVLGNTDR,LVDSTDKADLR,32,142,2,7,33,148,,-1,3,0,1.007276,83.151237
Scan: 1545945 Run: DIA12_CV486075:20251228_A2_N1_Mueller_MS_TechHub_IMP_THIDDIAXL003_Cas9_PhoX_DIA12_CV486075_250ng_FAIMS_003 P1_SEETITPWNFEEVVDKGASAQSFIER P2_KFDNLTK 16 1,DIA12_CV486075:20251228_A2_N1_Mueller_MS_TechHub_IMP_THIDDIAXL003_Cas9_PhoX_DIA12_CV486075_250ng_FAIMS_003,1545945,,,Q99ZW2,,,false,Q99ZW2,Q99ZW2,,false,KFDNLTK,SEETITPWNFEEVVDKGASAQSFIER,896,469,1,16,896,484,,-1,4,0,1.007276,83.149651
Scan: 1046846 Run: DIA12_CV486075:20251228_A2_N1_Mueller_MS_TechHub_IMP_THIDDIAXL003_Cas9_PhoX_DIA12_CV486075_250ng_FAIMS_002 P1_TILDFLKSDGFANR P2_EVKVITLK 7 3,DIA12_CV486075:20251228_A2_N1_Mueller_MS_TechHub_IMP_THIDDIAXL003_Cas9_PhoX_DIA12_CV486075_250ng_FAIMS_002,1046846,,,Q99ZW2,,,false,Q99ZW2,Q99ZW2,,false,EVKVITLK,TILDFLKSDGFANR,952,678,3,7,954,684,,-1,4,0,1.007276,83.128368
Scan: 784223 Run: DIA12_CV486075:20251228_A2_N1_Mueller_MS_TechHub_IMP_THIDDIAXL003_Cas9_PhoX_DIA12_CV486075_250ng_FAIMS_002 P1_VLSAYNKHR P2_NSDKLIAR 7 4,DIA12_CV486075:20251228_A2_N1_Mueller_MS_TechHub_IMP_THIDDIAXL003_Cas9_PhoX_DIA12_CV486075_250ng_FAIMS_002,784223,,,Q99ZW2,,,false,Q99ZW2,Q99ZW2,,false,NSDKLIAR,VLSAYNKHR,1115,1290,4,7,1118,1296,,-1,3,0,1.007276,83.106133
Scan: 1291137 Run: DIA12_CV486075:20251228_A2_N1_Mueller_MS_TechHub_IMP_THIDDIAXL003_Cas9_PhoX_DIA12_CV486075_250ng_FAIMS_003 P1_KKDWDPK P2_ENQTTQKGQK 1 7,DIA12_CV486075:20251228_A2_N1_Mueller_MS_TechHub_IMP_THIDDIAXL003_Cas9_PhoX_DIA12_CV486075_250ng_FAIMS_003,1291137,,,Q99ZW2,,,false,Q99ZW2,Q99ZW2,,false,ENQTTQKGQK,KKDWDPK,766,1123,7,1,772,1123,,-1,3,0,1.007276,83.104322
Scan: 1336248 Run: DIA12_CV486075:20251228_A2_N1_Mueller_MS_TechHub_IMP_THIDDIAXL003_Cas9_PhoX_DIA12_CV486075_250ng_FAIMS_003 P1_KDLIIKLPK P2_EDIQKAQVSGQGDSLHEHIANLAGSPAIK 6 5,DIA12_CV486075:20251228_A2_N1_Mueller_MS_TechHub_IMP_THIDDIAXL003_Cas9_PhoX_DIA12_CV486075_250ng_FAIMS_003,1336248,,,Q99ZW2,,,false,Q99ZW2,Q99ZW2,,false,EDIQKAQVSGQGDSLHEHIANLAGSPAIK,KDLIIKLPK,706,1192,5,6,710,1197,,-1,4,0,1.007276,83.099836
Scan: 689592 Run: DIA12_CV486075:20251228_A2_N1_Mueller_MS_TechHub_IMP_THIDDIAXL003_Cas9_PhoX_DIA12_CV486075_250ng_FAIMS_002 P1_NSDKLIAR P2_GILQTVKVVDELVK 4 7,DIA12_CV486075:20251228_A2_N1_Mueller_MS_TechHub_IMP_THIDDIAXL003_Cas9_PhoX_DIA12_CV486075_250ng_FAIMS_002,689592,,,Q99ZW2,,,false,Q99ZW2,Q99ZW2,,false,GILQTVKVVDELVK,NSDKLIAR,736,1115,7,4,742,1118,,-1,4,0,1.007276,83.098516
Scan: 64461 Run: DIA12_CV486075:20251228_A2_N1_Mueller_MS_TechHub_IMP_THIDDIAXL003_Cas9_PhoX_DIA12_CV486075_250ng_FAIMS_001 P1_KTEVQTGGFSKESILPK P2_KDWDPK 11 1,DIA12_CV486075:20251228_A2_N1_Mueller_MS_TechHub_IMP_THIDDIAXL003_Cas9_PhoX_DIA12_CV486075_250ng_FAIMS_001,64461,,,Q99ZW2,,,false,Q99ZW2,Q99ZW2,,false,KDWDPK,KTEVQTGGFSKESILPK,1124,1097,1,11,1124,1107,,-1,4,0,1.007276,82.995752
Scan: 675308 Run: DIA12_CV486075:20251228_A2_N1_Mueller_MS_TechHub_IMP_THIDDIAXL003_Cas9_PhoX_DIA12_CV486075_250ng_FAIMS_002 P1_VLPKHSLLYEYFTVYNELTK P2_LEESFLVEEDKK 4 11,DIA12_CV486075:20251228_A2_N1_Mueller_MS_TechHub_IMP_THIDDIAXL003_Cas9_PhoX_DIA12_CV486075_250ng_FAIMS_002,675308,,,Q99ZW2,,,false,Q99ZW2,Q99ZW2,,false,LEESFLVEEDKK,VLPKHSLLYEYFTVYNELTK,101,507,11,4,111,510,,-1,4,0,1.007276,82.949215
Scan: 597529 Run: DIA12_CV486075:20251228_A2_N1_Mueller_MS_TechHub_IMP_THIDDIAXL003_Cas9_PhoX_DIA12_CV486075_250ng_FAIMS_002 P1_YPKLESEFVYGDYK P2_KMIAK 3 1,DIA12_CV486075:20251228_A2_N1_Mueller_MS_TechHub_IMP_THIDDIAXL003_Cas9_PhoX_DIA12_CV486075_250ng_FAIMS_002,597529,,,Q99ZW2,,,false,Q99ZW2,Q99ZW2,,false,KMIAK,YPKLESEFVYGDYK,1020,1001,1,3,1020,1003,,-1,3,0,1.007276,82.943504
Scan: 1330036 Run: DIA12_CV486075:20251228_A2_N1_Mueller_MS_TechHub_IMP_THIDDIAXL003_Cas9_PhoX_DIA12_CV486075_250ng_FAIMS_003 P1_KLINGIR P2_GYKEVK 1 3,DIA12_CV486075:20251228_A2_N1_Mueller_MS_TechHub_IMP_THIDDIAXL003_Cas9_PhoX_DIA12_CV486075_250ng_FAIMS_003,1330036,,,Q99ZW2,,,false,Q99ZW2,Q99ZW2,,false,GYKEVK,KLINGIR,1186,665,3,1,1188,665,,-1,3,0,1.007276,82.933102
Scan: 1376683 Run: DIA12_CV486075:20251228_A2_N1_Mueller_MS_TechHub_IMP_THIDDIAXL003_Cas9_PhoX_DIA12_CV486075_250ng_FAIMS_003 P1_VILADANLDKVLSAYNK P2_SEQEIGKATAK 10 7,DIA12_CV486075:20251228_A2_N1_Mueller_MS_TechHub_IMP_THIDDIAXL003_Cas9_PhoX_DIA12_CV486075_250ng_FAIMS_003,1376683,,,Q99ZW2,,,false,Q99ZW2,Q99ZW2,,false,SEQEIGKATAK,VILADANLDKVLSAYNK,1025,1280,7,10,1031,1289,,-1,4,0,1.007276,82.908859
Scan: 79157 Run: DIA12_CV486075:20251228_A2_N1_Mueller_MS_TechHub_IMP_THIDDIAXL003_Cas9_PhoX_DIA12_CV486075_250ng_FAIMS_001 P1_IEKILTFR P2_ESILPKR 3 6,DIA12_CV486075:20251228_A2_N1_Mueller_MS_TechHub_IMP_THIDDIAXL003_Cas9_PhoX_DIA12_CV486075_250ng_FAIMS_001,79157,,,Q99ZW2,,,false,Q99ZW2,Q99ZW2,,false,ESILPKR,IEKILTFR,1108,440,6,3,1113,442,,-1,3,0,1.007276,82.82703
Scan: 1218154 Run: DIA12_CV486075:20251228_A2_N1_Mueller_MS_TechHub_IMP_THIDDIAXL003_Cas9_PhoX_DIA12_CV486075_250ng_FAIMS_003 P1_QGKQTTQNEK P2_KRPLIETNGETGEIVWDK 3 1,DIA12_CV486075:20251228_A2_N1_Mueller_MS_TechHub_IMP_THIDDIAXL003_Cas9_PhoX_DIA12_CV486075_250ng_FAIMS_003,1218154,,,Q99ZW2,,,false,decoy:Q99ZW2,decoy,decoy,true,KRPLIETNGETGEIVWDK,QGKQTTQNEK,1059,766,1,3,1059,768,,-1,4,0,1.007276,82.804298
Scan: 1049354 Run: DIA12_CV486075:20251228_A2_N1_Mueller_MS_TechHub_IMP_THIDDIAXL003_Cas9_PhoX_DIA12_CV486075_250ng_FAIMS_002 P1_TEVQTGGFSKESILPK P2_EDIQKAQVSGQGDSLHEHIANLAGSPAIK 10 5,DIA12_CV486075:20251228_A2_N1_Mueller_MS_TechHub_IMP_THIDDIAXL003_Cas9_PhoX_DIA12_CV486075_250ng_FAIMS_002,1049354,,,Q99ZW2,,,false,Q99ZW2,Q99ZW2,,false,EDIQKAQVSGQGDSLHEHIANLAGSPAIK,TEVQTGGFSKESILPK,706,1098,5,10,710,1107,,-1,5,0,1.007276,82.796629
Scan: 512224 Run: DIA12_CV486075:20251228_A2_N1_Mueller_MS_TechHub_IMP_THIDDIAXL003_Cas9_PhoX_DIA12_CV486075_250ng_FAIMS_001 P1_YKEIFFDQSK P2_GQKNSR 2 3,DIA12_CV486075:20251228_A2_N1_Mueller_MS_TechHub_IMP_THIDDIAXL003_Cas9_PhoX_DIA12_CV486075_250ng_FAIMS_001,512224,,,Q99ZW2,,,false,Q99ZW2,Q99ZW2,,false,GQKNSR,YKEIFFDQSK,773,347,3,2,775,348,,-1,3,0,1.007276,82.749062
Scan: 1450891 Run: DIA12_CV486075:20251228_A2_N1_Mueller_MS_TechHub_IMP_THIDDIAXL003_Cas9_PhoX_DIA12_CV486075_250ng_FAIMS_003 P1_YKEIFFDQSK P2_HPIFGNIVDEVAYHEKYPTIYHLR 2 16,DIA12_CV486075:20251228_A2_N1_Mueller_MS_TechHub_IMP_THIDDIAXL003_Cas9_PhoX_DIA12_CV486075_250ng_FAIMS_003,1450891,,,Q99ZW2,,,false,Q99ZW2,Q99ZW2,,false,HPIFGNIVDEVAYHEKYPTIYHLR,YKEIFFDQSK,116,347,16,2,131,348,,-1,4,0,1.007276,82.739798
Scan: 88378 Run: DIA12_CV486075:20251228_A2_N1_Mueller_MS_TechHub_IMP_THIDDIAXL003_Cas9_PhoX_DIA12_CV486075_250ng_FAIMS_001 P1_NSDKLIAR P2_EKIEKILTFR 4 2,DIA12_CV486075:20251228_A2_N1_Mueller_MS_TechHub_IMP_THIDDIAXL003_Cas9_PhoX_DIA12_CV486075_250ng_FAIMS_001,88378,,,Q99ZW2,,,false,Q99ZW2,Q99ZW2,,false,EKIEKILTFR,NSDKLIAR,438,1115,2,4,439,1118,,-1,3,0,1.007276,82.734282
Scan: 732482 Run: DIA12_CV486075:20251228_A2_N1_Mueller_MS_TechHub_IMP_THIDDIAXL003_Cas9_PhoX_DIA12_CV486075_250ng_FAIMS_002 P1_GYKEVK P2_FKVLGNTDR 3 2,DIA12_CV486075:20251228_A2_N1_Mueller_MS_TechHub_IMP_THIDDIAXL003_Cas9_PhoX_DIA12_CV486075_250ng_FAIMS_002,732482,,,Q99ZW2,,,false,Q99ZW2,Q99ZW2,,false,FKVLGNTDR,GYKEVK,32,1186,2,3,33,1188,,-1,3,0,1.007276,82.691399
Scan: 1210807 Run: DIA12_CV486075:20251228_A2_N1_Mueller_MS_TechHub_IMP_THIDDIAXL003_Cas9_PhoX_DIA12_CV486075_250ng_FAIMS_003 P1_SEQEIGKATAK P2_SEETITPWNFEEVVDKGASAQSFIER 7 16,DIA12_CV486075:20251228_A2_N1_Mueller_MS_TechHub_IMP_THIDDIAXL003_Cas9_PhoX_DIA12_CV486075_250ng_FAIMS_003,1210807,,,Q99ZW2,,,false,Q99ZW2,Q99ZW2,,false,SEETITPWNFEEVVDKGASAQSFIER,SEQEIGKATAK,469,1025,16,7,484,1031,,-1,4,0,1.007276,82.687714
Scan: 1557496 Run: DIA12_CV486075:20251228_A2_N1_Mueller_MS_TechHub_IMP_THIDDIAXL003_Cas9_PhoX_DIA12_CV486075_250ng_FAIMS_003 P1_VLPKHSLLYEYFTVYNELTK P2_LKGSPEDNEQK 4 2,DIA12_CV486075:20251228_A2_N1_Mueller_MS_TechHub_IMP_THIDDIAXL003_Cas9_PhoX_DIA12_CV486075_250ng_FAIMS_003,1557496,,,Q99ZW2,,,false,Q99ZW2,Q99ZW2,,false,LKGSPEDNEQK,VLPKHSLLYEYFTVYNELTK,1245,507,2,4,1246,510,,-1,4,0,1.007276,82.683779
Scan: 1211835 Run: DIA12_CV486075:20251228_A2_N1_Mueller_MS_TechHub_IMP_THIDDIAXL003_Cas9_PhoX_DIA12_CV486075_250ng_FAIMS_003 P1_KMIAK P2_ATAKYFFYSNIMNFFK 1 4,DIA12_CV486075:20251228_A2_N1_Mueller_MS_TechHub_IMP_THIDDIAXL003_Cas9_PhoX_DIA12_CV486075_250ng_FAIMS_003,1211835,,,Q99ZW2,,,false,Q99ZW2,Q99ZW2,,false,ATAKYFFYSNIMNFFK,KMIAK,1032,1020,4,1,1035,1020,,-1,4,0,1.007276,82.661686
Scan: 1409392 Run: DIA12_CV486075:20251228_A2_N1_Mueller_MS_TechHub_IMP_THIDDIAXL003_Cas9_PhoX_DIA12_CV486075_250ng_FAIMS_003 P1_RLENLIAQLPGEKK P2_FKVLGNTDR 13 2,DIA12_CV486075:20251228_A2_N1_Mueller_MS_TechHub_IMP_THIDDIAXL003_Cas9_PhoX_DIA12_CV486075_250ng_FAIMS_003,1409392,,,Q99ZW2,,,false,Q99ZW2,Q99ZW2,,false,FKVLGNTDR,RLENLIAQLPGEKK,32,221,2,13,33,233,,-1,4,0,1.007276,82.65114
Scan: 804916 Run: DIA12_CV486075:20251228_A2_N1_Mueller_MS_TechHub_IMP_THIDDIAXL003_Cas9_PhoX_DIA12_CV486075_250ng_FAIMS_002 P1_LVDSTDKADLR P2_LSKSR 7 3,DIA12_CV486075:20251228_A2_N1_Mueller_MS_TechHub_IMP_THIDDIAXL003_Cas9_PhoX_DIA12_CV486075_250ng_FAIMS_002,804916,,,Q99ZW2,,,false,Q99ZW2,Q99ZW2,,false,LSKSR,LVDSTDKADLR,216,142,3,7,218,148,,-1,3,0,1.007276,82.650948
Scan: 194108 Run: DIA12_CV486075:20251228_A2_N1_Mueller_MS_TechHub_IMP_THIDDIAXL003_Cas9_PhoX_DIA12_CV486075_250ng_FAIMS_001 P1_NSDKLIAR P2_EQAENIIHLFTLTNLGAPAAFKYFDTTIDR 4 22,DIA12_CV486075:20251228_A2_N1_Mueller_MS_TechHub_IMP_THIDDIAXL003_Cas9_PhoX_DIA12_CV486075_250ng_FAIMS_001,194108,,,Q99ZW2,,,false,Q99ZW2,Q99ZW2,,false,EQAENIIHLFTLTNLGAPAAFKYFDTTIDR,NSDKLIAR,1304,1115,22,4,1325,1118,,-1,5,0,1.007276,82.628387
Scan: 1539874 Run: DIA12_CV486075:20251228_A2_N1_Mueller_MS_TechHub_IMP_THIDDIAXL003_Cas9_PhoX_DIA12_CV486075_250ng_FAIMS_003 P1_KSEETITPWNFEEVVDKGASAQSFIER P2_IEKILTFR 17 3,DIA12_CV486075:20251228_A2_N1_Mueller_MS_TechHub_IMP_THIDDIAXL003_Cas9_PhoX_DIA12_CV486075_250ng_FAIMS_003,1539874,,,Q99ZW2,,,false,Q99ZW2,Q99ZW2,,false,IEKILTFR,KSEETITPWNFEEVVDKGASAQSFIER,440,468,3,17,442,484,,-1,5,0,1.007276,82.615438
Scan: 36494 Run: DIA12_CV486075:20251228_A2_N1_Mueller_MS_TechHub_IMP_THIDDIAXL003_Cas9_PhoX_DIA12_CV486075_250ng_FAIMS_001 P1_KTEVQTGGFSK P2_KDWDPK 1 1,DIA12_CV486075:20251228_A2_N1_Mueller_MS_TechHub_IMP_THIDDIAXL003_Cas9_PhoX_DIA12_CV486075_250ng_FAIMS_001,36494,,,Q99ZW2,,,false,Q99ZW2,Q99ZW2,,false,KDWDPK,KTEVQTGGFSK,1124,1097,1,1,1124,1097,,-1,4,0,1.007276,82.613762
Scan: 1167198 Run: DIA12_CV486075:20251228_A2_N1_Mueller_MS_TechHub_IMP_THIDDIAXL003_Cas9_PhoX_DIA12_CV486075_250ng_FAIMS_002 P1_KDFQFYK P2_GGLSELDKAGFIK 1 8,DIA12_CV486075:20251228_A2_N1_Mueller_MS_TechHub_IMP_THIDDIAXL003_Cas9_PhoX_DIA12_CV486075_250ng_FAIMS_002,1167198,,,Q99ZW2,,,false,Q99ZW2,Q99ZW2,,false,GGLSELDKAGFIK,KDFQFYK,906,968,8,1,913,968,,-1,3,0,1.007276,82.60424
Scan: 1399462 Run: DIA12_CV486075:20251228_A2_N1_Mueller_MS_TechHub_IMP_THIDDIAXL003_Cas9_PhoX_DIA12_CV486075_250ng_FAIMS_003 P1_KLVDSTDK P2_KGILQTVK 1 1,DIA12_CV486075:20251228_A2_N1_Mueller_MS_TechHub_IMP_THIDDIAXL003_Cas9_PhoX_DIA12_CV486075_250ng_FAIMS_003,1399462,,,Q99ZW2,,,false,Q99ZW2,Q99ZW2,,false,KGILQTVK,KLVDSTDK,735,141,1,1,735,141,,-1,3,0,1.007276,82.595118
Scan: 383428 Run: DIA12_CV486075:20251228_A2_N1_Mueller_MS_TechHub_IMP_THIDDIAXL003_Cas9_PhoX_DIA12_CV486075_250ng_FAIMS_001 P1_MTNFDKNLPNEK P2_KPAFLSGEQK 6 1,DIA12_CV486075:20251228_A2_N1_Mueller_MS_TechHub_IMP_THIDDIAXL003_Cas9_PhoX_DIA12_CV486075_250ng_FAIMS_001,383428,,,Q99ZW2,,,false,Q99ZW2,Q99ZW2,,false,KPAFLSGEQK,MTNFDKNLPNEK,536,495,1,6,536,500,,-1,3,0,1.007276,82.575291
Scan: 1140288 Run: DIA12_CV486075:20251228_A2_N1_Mueller_MS_TechHub_IMP_THIDDIAXL003_Cas9_PhoX_DIA12_CV486075_250ng_FAIMS_002 P1_QLLNAKLITQR P2_DDSIDNKVLTR 6 7,DIA12_CV486075:20251228_A2_N1_Mueller_MS_TechHub_IMP_THIDDIAXL003_Cas9_PhoX_DIA12_CV486075_250ng_FAIMS_002,1140288,,,Q99ZW2,,,false,Q99ZW2,Q99ZW2,,false,DDSIDNKVLTR,QLLNAKLITQR,849,885,7,6,855,890,,-1,4,0,1.007276,82.574869
Scan: 941093 Run: DIA12_CV486075:20251228_A2_N1_Mueller_MS_TechHub_IMP_THIDDIAXL003_Cas9_PhoX_DIA12_CV486075_250ng_FAIMS_002 P1_SEETITPWNFEEVVDKGASAQSFIER P2_KFKVLGNTDR 16 1,DIA12_CV486075:20251228_A2_N1_Mueller_MS_TechHub_IMP_THIDDIAXL003_Cas9_PhoX_DIA12_CV486075_250ng_FAIMS_002,941093,,,Q99ZW2,,,false,Q99ZW2,Q99ZW2,,false,KFKVLGNTDR,SEETITPWNFEEVVDKGASAQSFIER,31,469,1,16,31,484,,-1,4,0,1.007276,82.571306
Scan: 1422493 Run: DIA12_CV486075:20251228_A2_N1_Mueller_MS_TechHub_IMP_THIDDIAXL003_Cas9_PhoX_DIA12_CV486075_250ng_FAIMS_003 P1_SNFDLAEDAKLQLSK P2_KNLIGALLFDSGETAEATR 10 1,DIA12_CV486075:20251228_A2_N1_Mueller_MS_TechHub_IMP_THIDDIAXL003_Cas9_PhoX_DIA12_CV486075_250ng_FAIMS_003,1422493,,,Q99ZW2,,,false,Q99ZW2,Q99ZW2,,false,KNLIGALLFDSGETAEATR,SNFDLAEDAKLQLSK,45,254,1,10,45,263,,-1,4,0,1.007276,82.565611
Scan: 570127 Run: DIA12_CV486075:20251228_A2_N1_Mueller_MS_TechHub_IMP_THIDDIAXL003_Cas9_PhoX_DIA12_CV486075_250ng_FAIMS_001 P1_MKNYWR P2_AGFIKR 2 5,DIA12_CV486075:20251228_A2_N1_Mueller_MS_TechHub_IMP_THIDDIAXL003_Cas9_PhoX_DIA12_CV486075_250ng_FAIMS_001,570127,,,Q99ZW2,,,false,Q99ZW2,Q99ZW2,,false,AGFIKR,MKNYWR,914,879,5,2,918,880,,-1,3,0,1.007276,82.563513
Scan: 604950 Run: DIA12_CV486075:20251228_A2_N1_Mueller_MS_TechHub_IMP_THIDDIAXL003_Cas9_PhoX_DIA12_CV486075_250ng_FAIMS_002 P1_LESEFVYGDYKVYDVR P2_ELGSQILKEHPVENTQLQNEK 11 8,DIA12_CV486075:20251228_A2_N1_Mueller_MS_TechHub_IMP_THIDDIAXL003_Cas9_PhoX_DIA12_CV486075_250ng_FAIMS_002,604950,,,Q99ZW2,,,false,Q99ZW2,Q99ZW2,,false,ELGSQILKEHPVENTQLQNEK,LESEFVYGDYKVYDVR,790,1004,8,11,797,1014,,-1,4,0,1.007276,82.542807
Scan: 1341423 Run: DIA12_CV486075:20251228_A2_N1_Mueller_MS_TechHub_IMP_THIDDIAXL003_Cas9_PhoX_DIA12_CV486075_250ng_FAIMS_003 P1_LPKYSLFELENGR P2_KLINGIR 3 1,DIA12_CV486075:20251228_A2_N1_Mueller_MS_TechHub_IMP_THIDDIAXL003_Cas9_PhoX_DIA12_CV486075_250ng_FAIMS_003,1341423,,,Q99ZW2,,,false,Q99ZW2,Q99ZW2,,false,KLINGIR,LPKYSLFELENGR,665,1198,1,3,665,1200,,-1,4,0,1.007276,82.538954
Scan: 1704153 Run: DIA12_CV486075:20251228_A2_N1_Mueller_MS_TechHub_IMP_THIDDIAXL003_Cas9_PhoX_DIA12_CV486075_250ng_FAIMS_003 P1_KDLIIK P2_ENQTTQKGQK 1 7,DIA12_CV486075:20251228_A2_N1_Mueller_MS_TechHub_IMP_THIDDIAXL003_Cas9_PhoX_DIA12_CV486075_250ng_FAIMS_003,1704153,,,Q99ZW2,,,false,Q99ZW2,Q99ZW2,,false,ENQTTQKGQK,KDLIIK,766,1192,7,1,772,1192,,-1,3,0,1.007276,82.527185
Scan: 1755564 Run: DIA12_CV486075:20251228_A2_N1_Mueller_MS_TechHub_IMP_THIDDIAXL003_Cas9_PhoX_DIA12_CV486075_250ng_FAIMS_003 P1_SKLVSDFR P2_QLLNAKLITQR 2 6,DIA12_CV486075:20251228_A2_N1_Mueller_MS_TechHub_IMP_THIDDIAXL003_Cas9_PhoX_DIA12_CV486075_250ng_FAIMS_003,1755564,,,Q99ZW2,,,false,Q99ZW2,Q99ZW2,,false,QLLNAKLITQR,SKLVSDFR,885,960,6,2,890,961,,-1,3,0,1.007276,82.512403
Scan: 135620 Run: DIA12_CV486075:20251228_A2_N1_Mueller_MS_TechHub_IMP_THIDDIAXL003_Cas9_PhoX_DIA12_CV486075_250ng_FAIMS_001 P1_LKGSPEDNEQK P2_KDLIIK 2 1,DIA12_CV486075:20251228_A2_N1_Mueller_MS_TechHub_IMP_THIDDIAXL003_Cas9_PhoX_DIA12_CV486075_250ng_FAIMS_001,135620,,,Q99ZW2,,,false,Q99ZW2,Q99ZW2,,false,KDLIIK,LKGSPEDNEQK,1192,1245,1,2,1192,1246,,-1,3,0,1.007276,82.487377
Scan: 1556153 Run: DIA12_CV486075:20251228_A2_N1_Mueller_MS_TechHub_IMP_THIDDIAXL003_Cas9_PhoX_DIA12_CV486075_250ng_FAIMS_003 P1_VLPKHSLLYEYFTVYNELTK P2_SEQEIGKATAK 4 7,DIA12_CV486075:20251228_A2_N1_Mueller_MS_TechHub_IMP_THIDDIAXL003_Cas9_PhoX_DIA12_CV486075_250ng_FAIMS_003,1556153,,,Q99ZW2,,,false,Q99ZW2,Q99ZW2,,false,SEQEIGKATAK,VLPKHSLLYEYFTVYNELTK,1025,507,7,4,1031,510,,-1,4,0,1.007276,82.486231
Scan: 1119540 Run: DIA12_CV486075:20251228_A2_N1_Mueller_MS_TechHub_IMP_THIDDIAXL003_Cas9_PhoX_DIA12_CV486075_250ng_FAIMS_002 P1_KNGLFGNLIALSLGLTPNFK P2_ELGSQILKEHPVENTQLQNEK 1 8,DIA12_CV486075:20251228_A2_N1_Mueller_MS_TechHub_IMP_THIDDIAXL003_Cas9_PhoX_DIA12_CV486075_250ng_FAIMS_002,1119540,,,Q99ZW2,,,false,Q99ZW2,Q99ZW2,,false,ELGSQILKEHPVENTQLQNEK,KNGLFGNLIALSLGLTPNFK,790,234,8,1,797,234,,-1,4,0,1.007276,82.420704
Scan: 1441841 Run: DIA12_CV486075:20251228_A2_N1_Mueller_MS_TechHub_IMP_THIDDIAXL003_Cas9_PhoX_DIA12_CV486075_250ng_FAIMS_003 P1_YDEHHQDLTLLKALVR P2_TEVQTGGFSKESILPK 12 10,DIA12_CV486075:20251228_A2_N1_Mueller_MS_TechHub_IMP_THIDDIAXL003_Cas9_PhoX_DIA12_CV486075_250ng_FAIMS_003,1441841,,,Q99ZW2,,,false,Q99ZW2,Q99ZW2,,false,TEVQTGGFSKESILPK,YDEHHQDLTLLKALVR,1098,325,10,12,1107,336,,-1,5,0,1.007276,82.415094
Scan: 1280367 Run: DIA12_CV486075:20251228_A2_N1_Mueller_MS_TechHub_IMP_THIDDIAXL003_Cas9_PhoX_DIA12_CV486075_250ng_FAIMS_003 P1_SSFEKNPIDFLEAK P2_RNSDKLIAR 5 5,DIA12_CV486075:20251228_A2_N1_Mueller_MS_TechHub_IMP_THIDDIAXL003_Cas9_PhoX_DIA12_CV486075_250ng_FAIMS_003,1280367,,,Q99ZW2,,,false,Q99ZW2,Q99ZW2,,false,RNSDKLIAR,SSFEKNPIDFLEAK,1114,1172,5,5,1118,1176,,-1,4,0,1.007276,82.411924
Scan: 1544962 Run: DIA12_CV486075:20251228_A2_N1_Mueller_MS_TechHub_IMP_THIDDIAXL003_Cas9_PhoX_DIA12_CV486075_250ng_FAIMS_003 P1_SEETITPWNFEEVVDKGASAQSFIER P2_KGILQTVK 16 1,DIA12_CV486075:20251228_A2_N1_Mueller_MS_TechHub_IMP_THIDDIAXL003_Cas9_PhoX_DIA12_CV486075_250ng_FAIMS_003,1544962,,,Q99ZW2,,,false,Q99ZW2,Q99ZW2,,false,KGILQTVK,SEETITPWNFEEVVDKGASAQSFIER,735,469,1,16,735,484,,-1,4,0,1.007276,82.390259
Scan: 1545198 Run: DIA12_CV486075:20251228_A2_N1_Mueller_MS_TechHub_IMP_THIDDIAXL003_Cas9_PhoX_DIA12_CV486075_250ng_FAIMS_003 P1_KSEETITPWNFEEVVDKGASAQSFIER P2_GILQTVKVVDELVK 17 7,DIA12_CV486075:20251228_A2_N1_Mueller_MS_TechHub_IMP_THIDDIAXL003_Cas9_PhoX_DIA12_CV486075_250ng_FAIMS_003,1545198,,,Q99ZW2,,,false,Q99ZW2,Q99ZW2,,false,GILQTVKVVDELVK,KSEETITPWNFEEVVDKGASAQSFIER,736,468,7,17,742,484,,-1,5,0,1.007276,82.325314
Scan: 1372500 Run: DIA12_CV486075:20251228_A2_N1_Mueller_MS_TechHub_IMP_THIDDIAXL003_Cas9_PhoX_DIA12_CV486075_250ng_FAIMS_003 P1_KPAFLSGEQK P2_HYLDEIIEQISEFSKR 1 15,DIA12_CV486075:20251228_A2_N1_Mueller_MS_TechHub_IMP_THIDDIAXL003_Cas9_PhoX_DIA12_CV486075_250ng_FAIMS_003,1372500,,,Q99ZW2,,,false,Q99ZW2,Q99ZW2,,false,HYLDEIIEQISEFSKR,KPAFLSGEQK,1264,536,15,1,1278,536,,-1,5,0,1.007276,82.320063
Scan: 1377187 Run: DIA12_CV486075:20251228_A2_N1_Mueller_MS_TechHub_IMP_THIDDIAXL003_Cas9_PhoX_DIA12_CV486075_250ng_FAIMS_003 P1_VILADANLDKVLSAYNK P2_KDWDPK 10 1,DIA12_CV486075:20251228_A2_N1_Mueller_MS_TechHub_IMP_THIDDIAXL003_Cas9_PhoX_DIA12_CV486075_250ng_FAIMS_003,1377187,,,Q99ZW2,,,false,Q99ZW2,Q99ZW2,,false,KDWDPK,VILADANLDKVLSAYNK,1124,1280,1,10,1124,1289,,-1,4,0,1.007276,82.302391
Scan: 1605393 Run: DIA12_CV486075:20251228_A2_N1_Mueller_MS_TechHub_IMP_THIDDIAXL003_Cas9_PhoX_DIA12_CV486075_250ng_FAIMS_003 P1_KVTVK P2_IEKILTFR 1 3,DIA12_CV486075:20251228_A2_N1_Mueller_MS_TechHub_IMP_THIDDIAXL003_Cas9_PhoX_DIA12_CV486075_250ng_FAIMS_003,1605393,,,Q99ZW2,,,false,Q99ZW2,Q99ZW2,,false,IEKILTFR,KVTVK,440,558,3,1,442,558,,-1,3,0,1.007276,82.270538
Scan: 618390 Run: DIA12_CV486075:20251228_A2_N1_Mueller_MS_TechHub_IMP_THIDDIAXL003_Cas9_PhoX_DIA12_CV486075_250ng_FAIMS_002 P1_NSDKLIAR P2_KRPLIETNGETGEIVWDK 4 1,DIA12_CV486075:20251228_A2_N1_Mueller_MS_TechHub_IMP_THIDDIAXL003_Cas9_PhoX_DIA12_CV486075_250ng_FAIMS_002,618390,,,Q99ZW2,,,false,Q99ZW2,Q99ZW2,,false,KRPLIETNGETGEIVWDK,NSDKLIAR,1059,1115,1,4,1059,1118,,-1,4,0,1.007276,82.269461
Scan: 67421 Run: DIA12_CV486075:20251228_A2_N1_Mueller_MS_TechHub_IMP_THIDDIAXL003_Cas9_PhoX_DIA12_CV486075_250ng_FAIMS_001 P1_TEVQTGGFSKESILPK P2_KDLIIK 10 1,DIA12_CV486075:20251228_A2_N1_Mueller_MS_TechHub_IMP_THIDDIAXL003_Cas9_PhoX_DIA12_CV486075_250ng_FAIMS_001,67421,,,Q99ZW2,,,false,Q99ZW2,Q99ZW2,,false,KDLIIK,TEVQTGGFSKESILPK,1192,1098,1,10,1192,1107,,-1,3,0,1.007276,82.261246
Scan: 1739650 Run: DIA12_CV486075:20251228_A2_N1_Mueller_MS_TechHub_IMP_THIDDIAXL003_Cas9_PhoX_DIA12_CV486075_250ng_FAIMS_003 P1_NSDKLIAR P2_GKSDNVPSEEVVK 4 2,DIA12_CV486075:20251228_A2_N1_Mueller_MS_TechHub_IMP_THIDDIAXL003_Cas9_PhoX_DIA12_CV486075_250ng_FAIMS_003,1739650,,,Q99ZW2,,,false,Q99ZW2,Q99ZW2,,false,GKSDNVPSEEVVK,NSDKLIAR,865,1115,2,4,866,1118,,-1,4,0,1.007276,82.240879
Scan: 109903 Run: DIA12_CV486075:20251228_A2_N1_Mueller_MS_TechHub_IMP_THIDDIAXL003_Cas9_PhoX_DIA12_CV486075_250ng_FAIMS_001 P1_VEKGK P2_NSDKLIAR 3 4,DIA12_CV486075:20251228_A2_N1_Mueller_MS_TechHub_IMP_THIDDIAXL003_Cas9_PhoX_DIA12_CV486075_250ng_FAIMS_001,109903,,,Q99ZW2,,,false,Q99ZW2,Q99ZW2,,false,NSDKLIAR,VEKGK,1115,1149,4,3,1118,1151,,-1,3,0,1.007276,82.231495
Scan: 545150 Run: DIA12_CV486075:20251228_A2_N1_Mueller_MS_TechHub_IMP_THIDDIAXL003_Cas9_PhoX_DIA12_CV486075_250ng_FAIMS_001 P1_LKGSPEDNEQK P2_GKSDNVPSEEVVK 2 2,DIA12_CV486075:20251228_A2_N1_Mueller_MS_TechHub_IMP_THIDDIAXL003_Cas9_PhoX_DIA12_CV486075_250ng_FAIMS_001,545150,,,Q99ZW2,,,false,Q99ZW2,Q99ZW2,,false,GKSDNVPSEEVVK,LKGSPEDNEQK,865,1245,2,2,866,1246,,-1,4,0,1.007276,82.215279
Scan: 1289968 Run: DIA12_CV486075:20251228_A2_N1_Mueller_MS_TechHub_IMP_THIDDIAXL003_Cas9_PhoX_DIA12_CV486075_250ng_FAIMS_003 P1_KKDWDPK P2_KKDWDPK 1 1,DIA12_CV486075:20251228_A2_N1_Mueller_MS_TechHub_IMP_THIDDIAXL003_Cas9_PhoX_DIA12_CV486075_250ng_FAIMS_003,1289968,,,Q99ZW2,,,false,Q99ZW2,Q99ZW2,,false,KKDWDPK,KKDWDPK,1123,1123,1,1,1123,1123,,-1,3,0,1.007276,82.204781
Scan: 588807 Run: DIA12_CV486075:20251228_A2_N1_Mueller_MS_TechHub_IMP_THIDDIAXL003_Cas9_PhoX_DIA12_CV486075_250ng_FAIMS_001 P1_SKLVSDFR P2_NLPNEKVLPK 2 6,DIA12_CV486075:20251228_A2_N1_Mueller_MS_TechHub_IMP_THIDDIAXL003_Cas9_PhoX_DIA12_CV486075_250ng_FAIMS_001,588807,,,Q99ZW2,,,false,Q99ZW2,Q99ZW2,,false,NLPNEKVLPK,SKLVSDFR,501,960,6,2,506,961,,-1,3,0,1.007276,82.201752
Scan: 293938 Run: DIA12_CV486075:20251228_A2_N1_Mueller_MS_TechHub_IMP_THIDDIAXL003_Cas9_PhoX_DIA12_CV486075_250ng_FAIMS_001 P1_IEKILTFR P2_GQKNSR 3 3,DIA12_CV486075:20251228_A2_N1_Mueller_MS_TechHub_IMP_THIDDIAXL003_Cas9_PhoX_DIA12_CV486075_250ng_FAIMS_001,293938,,,Q99ZW2,,,false,Q99ZW2,Q99ZW2,,false,GQKNSR,IEKILTFR,773,440,3,3,775,442,,-1,3,0,1.007276,82.190916
Scan: 840720 Run: DIA12_CV486075:20251228_A2_N1_Mueller_MS_TechHub_IMP_THIDDIAXL003_Cas9_PhoX_DIA12_CV486075_250ng_FAIMS_002 P1_HSIKK P2_FKVLGNTDR 4 2,DIA12_CV486075:20251228_A2_N1_Mueller_MS_TechHub_IMP_THIDDIAXL003_Cas9_PhoX_DIA12_CV486075_250ng_FAIMS_002,840720,,,Q99ZW2,,,false,Q99ZW2,Q99ZW2,,false,FKVLGNTDR,HSIKK,32,41,2,4,33,44,,-1,3,0,1.007276,82.169041
Scan: 732127 Run: DIA12_CV486075:20251228_A2_N1_Mueller_MS_TechHub_IMP_THIDDIAXL003_Cas9_PhoX_DIA12_CV486075_250ng_FAIMS_002 P1_SEETITPWNFEEVVDKGASAQSFIER P2_NPIDFLEAKGYK 16 9,DIA12_CV486075:20251228_A2_N1_Mueller_MS_TechHub_IMP_THIDDIAXL003_Cas9_PhoX_DIA12_CV486075_250ng_FAIMS_002,732127,,,Q99ZW2,,,false,Q99ZW2,Q99ZW2,,false,NPIDFLEAKGYK,SEETITPWNFEEVVDKGASAQSFIER,1177,469,9,16,1185,484,,-1,4,0,1.007276,82.114973
Scan: 588626 Run: DIA12_CV486075:20251228_A2_N1_Mueller_MS_TechHub_IMP_THIDDIAXL003_Cas9_PhoX_DIA12_CV486075_250ng_FAIMS_001 P1_SKLVSDFR P2_FIKPILEK 2 3,DIA12_CV486075:20251228_A2_N1_Mueller_MS_TechHub_IMP_THIDDIAXL003_Cas9_PhoX_DIA12_CV486075_250ng_FAIMS_001,588626,,,Q99ZW2,,,false,Q99ZW2,Q99ZW2,,false,FIKPILEK,SKLVSDFR,375,960,3,2,377,961,,-1,3,0,1.007276,82.046255
Scan: 87519 Run: DIA12_CV486075:20251228_A2_N1_Mueller_MS_TechHub_IMP_THIDDIAXL003_Cas9_PhoX_DIA12_CV486075_250ng_FAIMS_001 P1_SNFDLAEDAKLQLSK P2_NSDKLIAR 10 4,DIA12_CV486075:20251228_A2_N1_Mueller_MS_TechHub_IMP_THIDDIAXL003_Cas9_PhoX_DIA12_CV486075_250ng_FAIMS_001,87519,,,Q99ZW2,,,false,Q99ZW2,Q99ZW2,,false,NSDKLIAR,SNFDLAEDAKLQLSK,1115,254,4,10,1118,263,,-1,3,0,1.007276,82.039343
Scan: 1293349 Run: DIA12_CV486075:20251228_A2_N1_Mueller_MS_TechHub_IMP_THIDDIAXL003_Cas9_PhoX_DIA12_CV486075_250ng_FAIMS_003 P1_KKDWDPK P2_EDIQKAQVSGQGDSLHEHIANLAGSPAIK 2 5,DIA12_CV486075:20251228_A2_N1_Mueller_MS_TechHub_IMP_THIDDIAXL003_Cas9_PhoX_DIA12_CV486075_250ng_FAIMS_003,1293349,,,Q99ZW2,,,false,Q99ZW2,Q99ZW2,,false,EDIQKAQVSGQGDSLHEHIANLAGSPAIK,KKDWDPK,706,1123,5,2,710,1124,,-1,4,0,1.007276,82.024597
Scan: 1211182 Run: DIA12_CV486075:20251228_A2_N1_Mueller_MS_TechHub_IMP_THIDDIAXL003_Cas9_PhoX_DIA12_CV486075_250ng_FAIMS_003 P1_SEQEIGKATAK P2_KGILQTVK 7 1,DIA12_CV486075:20251228_A2_N1_Mueller_MS_TechHub_IMP_THIDDIAXL003_Cas9_PhoX_DIA12_CV486075_250ng_FAIMS_003,1211182,,,Q99ZW2,,,false,Q99ZW2,Q99ZW2,,false,KGILQTVK,SEQEIGKATAK,735,1025,1,7,735,1031,,-1,3,0,1.007276,82.017054
Scan: 162640 Run: DIA12_CV486075:20251228_A2_N1_Mueller_MS_TechHub_IMP_THIDDIAXL003_Cas9_PhoX_DIA12_CV486075_250ng_FAIMS_001 P1_LKGSPEDNEQK P2_FKVLGNTDR 2 2,DIA12_CV486075:20251228_A2_N1_Mueller_MS_TechHub_IMP_THIDDIAXL003_Cas9_PhoX_DIA12_CV486075_250ng_FAIMS_001,162640,,,Q99ZW2,,,false,Q99ZW2,Q99ZW2,,false,FKVLGNTDR,LKGSPEDNEQK,32,1245,2,2,33,1246,,-1,4,0,1.007276,82.016359
Scan: 1598327 Run: DIA12_CV486075:20251228_A2_N1_Mueller_MS_TechHub_IMP_THIDDIAXL003_Cas9_PhoX_DIA12_CV486075_250ng_FAIMS_003 P1_KVTVK P2_KPAFLSGEQKK 1 10,DIA12_CV486075:20251228_A2_N1_Mueller_MS_TechHub_IMP_THIDDIAXL003_Cas9_PhoX_DIA12_CV486075_250ng_FAIMS_003,1598327,,,Q99ZW2,,,false,Q99ZW2,Q99ZW2,,false,KPAFLSGEQKK,KVTVK,536,558,10,1,545,558,,-1,4,0,1.007276,81.998777
Scan: 410385 Run: DIA12_CV486075:20251228_A2_N1_Mueller_MS_TechHub_IMP_THIDDIAXL003_Cas9_PhoX_DIA12_CV486075_250ng_FAIMS_001 P1_VLSAYNKHR P2_KVTVK 7 1,DIA12_CV486075:20251228_A2_N1_Mueller_MS_TechHub_IMP_THIDDIAXL003_Cas9_PhoX_DIA12_CV486075_250ng_FAIMS_001,410385,,,Q99ZW2,,,false,Q99ZW2,Q99ZW2,,false,KVTVK,VLSAYNKHR,558,1290,1,7,558,1296,,-1,3,0,1.007276,81.965008
Scan: 695149 Run: DIA12_CV486075:20251228_A2_N1_Mueller_MS_TechHub_IMP_THIDDIAXL003_Cas9_PhoX_DIA12_CV486075_250ng_FAIMS_002 P1_NSDKLIARK P2_KDWDPK 4 1,DIA12_CV486075:20251228_A2_N1_Mueller_MS_TechHub_IMP_THIDDIAXL003_Cas9_PhoX_DIA12_CV486075_250ng_FAIMS_002,695149,,,Q99ZW2,,,false,Q99ZW2,Q99ZW2,,false,KDWDPK,NSDKLIARK,1124,1115,1,4,1124,1118,,-1,3,0,1.007276,81.952267
Scan: 216310 Run: DIA12_CV486075:20251228_A2_N1_Mueller_MS_TechHub_IMP_THIDDIAXL003_Cas9_PhoX_DIA12_CV486075_250ng_FAIMS_001 P1_LENLIAQLPGEKK P2_GQKNSR 12 3,DIA12_CV486075:20251228_A2_N1_Mueller_MS_TechHub_IMP_THIDDIAXL003_Cas9_PhoX_DIA12_CV486075_250ng_FAIMS_001,216310,,,Q99ZW2,,,false,Q99ZW2,Q99ZW2,,false,GQKNSR,LENLIAQLPGEKK,773,222,3,12,775,233,,-1,4,0,1.007276,81.93457
Scan: 428141 Run: DIA12_CV486075:20251228_A2_N1_Mueller_MS_TechHub_IMP_THIDDIAXL003_Cas9_PhoX_DIA12_CV486075_250ng_FAIMS_001 P1_KLINGIR P2_KKDWDPK 1 1,DIA12_CV486075:20251228_A2_N1_Mueller_MS_TechHub_IMP_THIDDIAXL003_Cas9_PhoX_DIA12_CV486075_250ng_FAIMS_001,428141,,,Q99ZW2,,,false,Q99ZW2,Q99ZW2,,false,KKDWDPK,KLINGIR,1123,665,1,1,1123,665,,-1,4,0,1.007276,81.930559
Scan: 135682 Run: DIA12_CV486075:20251228_A2_N1_Mueller_MS_TechHub_IMP_THIDDIAXL003_Cas9_PhoX_DIA12_CV486075_250ng_FAIMS_001 P1_KDLIIK P2_DKPIR 1 2,DIA12_CV486075:20251228_A2_N1_Mueller_MS_TechHub_IMP_THIDDIAXL003_Cas9_PhoX_DIA12_CV486075_250ng_FAIMS_001,135682,,,Q99ZW2,,,false,Q99ZW2,Q99ZW2,,false,DKPIR,KDLIIK,1299,1192,2,1,1300,1192,,-1,3,0,1.007276,81.930141
Scan: 540703 Run: DIA12_CV486075:20251228_A2_N1_Mueller_MS_TechHub_IMP_THIDDIAXL003_Cas9_PhoX_DIA12_CV486075_250ng_FAIMS_001 P1_NSDKLIAR P2_DDSIDNKVLTR 4 7,DIA12_CV486075:20251228_A2_N1_Mueller_MS_TechHub_IMP_THIDDIAXL003_Cas9_PhoX_DIA12_CV486075_250ng_FAIMS_001,540703,,,Q99ZW2,,,false,Q99ZW2,Q99ZW2,,false,DDSIDNKVLTR,NSDKLIAR,849,1115,7,4,855,1118,,-1,3,0,1.007276,81.857414
Scan: 344009 Run: DIA12_CV486075:20251228_A2_N1_Mueller_MS_TechHub_IMP_THIDDIAXL003_Cas9_PhoX_DIA12_CV486075_250ng_FAIMS_001 P1_YKEIFFDQSK P2_SEETITPWNFEEVVDKGASAQSFIER 2 16,DIA12_CV486075:20251228_A2_N1_Mueller_MS_TechHub_IMP_THIDDIAXL003_Cas9_PhoX_DIA12_CV486075_250ng_FAIMS_001,344009,,,Q99ZW2,,,false,Q99ZW2,Q99ZW2,,false,SEETITPWNFEEVVDKGASAQSFIER,YKEIFFDQSK,469,347,16,2,484,348,,-1,4,0,1.007276,81.80991
Scan: 389462 Run: DIA12_CV486075:20251228_A2_N1_Mueller_MS_TechHub_IMP_THIDDIAXL003_Cas9_PhoX_DIA12_CV486075_250ng_FAIMS_001 P1_KPAFLSGEQK P2_KFDNLTK 1 1,DIA12_CV486075:20251228_A2_N1_Mueller_MS_TechHub_IMP_THIDDIAXL003_Cas9_PhoX_DIA12_CV486075_250ng_FAIMS_001,389462,,,Q99ZW2,,,false,Q99ZW2,Q99ZW2,,false,KFDNLTK,KPAFLSGEQK,896,536,1,1,896,536,,-1,3,0,1.007276,81.801889
Scan: 141215 Run: DIA12_CV486075:20251228_A2_N1_Mueller_MS_TechHub_IMP_THIDDIAXL003_Cas9_PhoX_DIA12_CV486075_250ng_FAIMS_001 P1_TILDFLKSDGFANR P2_DLIIKLPK 7 5,DIA12_CV486075:20251228_A2_N1_Mueller_MS_TechHub_IMP_THIDDIAXL003_Cas9_PhoX_DIA12_CV486075_250ng_FAIMS_001,141215,,,Q99ZW2,,,false,Q99ZW2,Q99ZW2,,false,DLIIKLPK,TILDFLKSDGFANR,1193,678,5,7,1197,684,,-1,4,0,1.007276,81.795883
Scan: 593432 Run: DIA12_CV486075:20251228_A2_N1_Mueller_MS_TechHub_IMP_THIDDIAXL003_Cas9_PhoX_DIA12_CV486075_250ng_FAIMS_001 P1_KDFQFYK P2_DLIIKLPK 1 5,DIA12_CV486075:20251228_A2_N1_Mueller_MS_TechHub_IMP_THIDDIAXL003_Cas9_PhoX_DIA12_CV486075_250ng_FAIMS_001,593432,,,Q99ZW2,,,false,Q99ZW2,Q99ZW2,,false,DLIIKLPK,KDFQFYK,1193,968,5,1,1197,968,,-1,3,0,1.007276,81.78581
Scan: 1543425 Run: DIA12_CV486075:20251228_A2_N1_Mueller_MS_TechHub_IMP_THIDDIAXL003_Cas9_PhoX_DIA12_CV486075_250ng_FAIMS_003 P1_SEETITPWNFEEVVDKGASAQSFIER P2_QLKEDYFK 16 3,DIA12_CV486075:20251228_A2_N1_Mueller_MS_TechHub_IMP_THIDDIAXL003_Cas9_PhoX_DIA12_CV486075_250ng_FAIMS_003,1543425,,,Q99ZW2,,,false,Q99ZW2,Q99ZW2,,false,QLKEDYFK,SEETITPWNFEEVVDKGASAQSFIER,563,469,3,16,565,484,,-1,4,0,1.007276,81.770706
Scan: 508420 Run: DIA12_CV486075:20251228_A2_N1_Mueller_MS_TechHub_IMP_THIDDIAXL003_Cas9_PhoX_DIA12_CV486075_250ng_FAIMS_001 P1_SKLVSDFR P2_QGKQTTQNEK 2 3,DIA12_CV486075:20251228_A2_N1_Mueller_MS_TechHub_IMP_THIDDIAXL003_Cas9_PhoX_DIA12_CV486075_250ng_FAIMS_001,508420,,,decoy:Q99ZW2,decoy,decoy,true,Q99ZW2,Q99ZW2,,false,QGKQTTQNEK,SKLVSDFR,766,960,3,2,768,961,,-1,3,0,1.007276,81.721163
Scan: 1186009 Run: DIA12_CV486075:20251228_A2_N1_Mueller_MS_TechHub_IMP_THIDDIAXL003_Cas9_PhoX_DIA12_CV486075_250ng_FAIMS_002 P1_SKLVSDFR P2_EIFFDQSKNGYAGYIDGGASQEEFYK 2 8,DIA12_CV486075:20251228_A2_N1_Mueller_MS_TechHub_IMP_THIDDIAXL003_Cas9_PhoX_DIA12_CV486075_250ng_FAIMS_002,1186009,,,Q99ZW2,,,false,Q99ZW2,Q99ZW2,,false,EIFFDQSKNGYAGYIDGGASQEEFYK,SKLVSDFR,349,960,8,2,356,961,,-1,4,0,1.007276,81.710146
Scan: 846825 Run: DIA12_CV486075:20251228_A2_N1_Mueller_MS_TechHub_IMP_THIDDIAXL003_Cas9_PhoX_DIA12_CV486075_250ng_FAIMS_002 P1_YDEHHQDLTLLKALVR P2_FKVLGNTDR 12 2,DIA12_CV486075:20251228_A2_N1_Mueller_MS_TechHub_IMP_THIDDIAXL003_Cas9_PhoX_DIA12_CV486075_250ng_FAIMS_002,846825,,,Q99ZW2,,,false,Q99ZW2,Q99ZW2,,false,FKVLGNTDR,YDEHHQDLTLLKALVR,32,325,2,12,33,336,,-1,4,0,1.007276,81.693375
Scan: 1440822 Run: DIA12_CV486075:20251228_A2_N1_Mueller_MS_TechHub_IMP_THIDDIAXL003_Cas9_PhoX_DIA12_CV486075_250ng_FAIMS_003 P1_SKLVSDFR P2_FKVLGNTDR 2 2,DIA12_CV486075:20251228_A2_N1_Mueller_MS_TechHub_IMP_THIDDIAXL003_Cas9_PhoX_DIA12_CV486075_250ng_FAIMS_003,1440822,,,Q99ZW2,,,false,Q99ZW2,Q99ZW2,,false,FKVLGNTDR,SKLVSDFR,32,960,2,2,33,961,,-1,4,0,1.007276,81.657276
Scan: 1158306 Run: DIA12_CV486075:20251228_A2_N1_Mueller_MS_TechHub_IMP_THIDDIAXL003_Cas9_PhoX_DIA12_CV486075_250ng_FAIMS_002 P1_SEQEIGKATAK P2_KFDNLTK 7 1,DIA12_CV486075:20251228_A2_N1_Mueller_MS_TechHub_IMP_THIDDIAXL003_Cas9_PhoX_DIA12_CV486075_250ng_FAIMS_002,1158306,,,Q99ZW2,,,false,Q99ZW2,Q99ZW2,,false,KFDNLTK,SEQEIGKATAK,896,1025,1,7,896,1031,,-1,3,0,1.007276,81.62254
Scan: 1390282 Run: DIA12_CV486075:20251228_A2_N1_Mueller_MS_TechHub_IMP_THIDDIAXL003_Cas9_PhoX_DIA12_CV486075_250ng_FAIMS_003 P1_KPAFLSGEQK P2_EQAENIIHLFTLTNLGAPAAFKYFDTTIDR 1 22,DIA12_CV486075:20251228_A2_N1_Mueller_MS_TechHub_IMP_THIDDIAXL003_Cas9_PhoX_DIA12_CV486075_250ng_FAIMS_003,1390282,,,Q99ZW2,,,false,Q99ZW2,Q99ZW2,,false,EQAENIIHLFTLTNLGAPAAFKYFDTTIDR,KPAFLSGEQK,1304,536,22,1,1325,536,,-1,5,0,1.007276,81.601307
Scan: 1496199 Run: DIA12_CV486075:20251228_A2_N1_Mueller_MS_TechHub_IMP_THIDDIAXL003_Cas9_PhoX_DIA12_CV486075_250ng_FAIMS_003 P1_KSEETITPWNFEEVVDK P2_KKDWDPK 1 1,DIA12_CV486075:20251228_A2_N1_Mueller_MS_TechHub_IMP_THIDDIAXL003_Cas9_PhoX_DIA12_CV486075_250ng_FAIMS_003,1496199,,,Q99ZW2,,,false,Q99ZW2,Q99ZW2,,false,KKDWDPK,KSEETITPWNFEEVVDK,1123,468,1,1,1123,468,,-1,4,0,1.007276,81.599741
Scan: 495281 Run: DIA12_CV486075:20251228_A2_N1_Mueller_MS_TechHub_IMP_THIDDIAXL003_Cas9_PhoX_DIA12_CV486075_250ng_FAIMS_001 P1_GILQTVKVVDELVK P2_DKQSGK 7 2,DIA12_CV486075:20251228_A2_N1_Mueller_MS_TechHub_IMP_THIDDIAXL003_Cas9_PhoX_DIA12_CV486075_250ng_FAIMS_001,495281,,,Q99ZW2,,,false,Q99ZW2,Q99ZW2,,false,DKQSGK,GILQTVKVVDELVK,672,736,2,7,673,742,,-1,3,0,1.007276,81.558674
Scan: 760531 Run: DIA12_CV486075:20251228_A2_N1_Mueller_MS_TechHub_IMP_THIDDIAXL003_Cas9_PhoX_DIA12_CV486075_250ng_FAIMS_002 P1_LKGSPEDNEQK P2_KLINGIR 2 1,DIA12_CV486075:20251228_A2_N1_Mueller_MS_TechHub_IMP_THIDDIAXL003_Cas9_PhoX_DIA12_CV486075_250ng_FAIMS_002,760531,,,Q99ZW2,,,false,Q99ZW2,Q99ZW2,,false,KLINGIR,LKGSPEDNEQK,665,1245,1,2,665,1246,,-1,3,0,1.007276,81.556816
Scan: 1340837 Run: DIA12_CV486075:20251228_A2_N1_Mueller_MS_TechHub_IMP_THIDDIAXL003_Cas9_PhoX_DIA12_CV486075_250ng_FAIMS_003 P1_LPKYSLFELENGR P2_KSEETITPWNFEEVVDK 3 1,DIA12_CV486075:20251228_A2_N1_Mueller_MS_TechHub_IMP_THIDDIAXL003_Cas9_PhoX_DIA12_CV486075_250ng_FAIMS_003,1340837,,,Q99ZW2,,,false,Q99ZW2,Q99ZW2,,false,KSEETITPWNFEEVVDK,LPKYSLFELENGR,468,1198,1,3,468,1200,,-1,4,0,1.007276,81.542948
Scan: 86698 Run: DIA12_CV486075:20251228_A2_N1_Mueller_MS_TechHub_IMP_THIDDIAXL003_Cas9_PhoX_DIA12_CV486075_250ng_FAIMS_001 P1_NSDKLIAR P2_LKGSPEDNEQK 4 2,DIA12_CV486075:20251228_A2_N1_Mueller_MS_TechHub_IMP_THIDDIAXL003_Cas9_PhoX_DIA12_CV486075_250ng_FAIMS_001,86698,,,Q99ZW2,,,false,Q99ZW2,Q99ZW2,,false,LKGSPEDNEQK,NSDKLIAR,1245,1115,2,4,1246,1118,,-1,4,0,1.007276,81.502237
Scan: 1399539 Run: DIA12_CV486075:20251228_A2_N1_Mueller_MS_TechHub_IMP_THIDDIAXL003_Cas9_PhoX_DIA12_CV486075_250ng_FAIMS_003 P1_KLVDSTDK P2_DDSIDNKVLTR 1 7,DIA12_CV486075:20251228_A2_N1_Mueller_MS_TechHub_IMP_THIDDIAXL003_Cas9_PhoX_DIA12_CV486075_250ng_FAIMS_003,1399539,,,Q99ZW2,,,false,Q99ZW2,Q99ZW2,,false,DDSIDNKVLTR,KLVDSTDK,849,141,7,1,855,141,,-1,3,0,1.007276,81.493992
Scan: 293488 Run: DIA12_CV486075:20251228_A2_N1_Mueller_MS_TechHub_IMP_THIDDIAXL003_Cas9_PhoX_DIA12_CV486075_250ng_FAIMS_001 P1_VTVKQLK P2_IEKILTFR 4 3,DIA12_CV486075:20251228_A2_N1_Mueller_MS_TechHub_IMP_THIDDIAXL003_Cas9_PhoX_DIA12_CV486075_250ng_FAIMS_001,293488,,,Q99ZW2,,,false,Q99ZW2,Q99ZW2,,false,IEKILTFR,VTVKQLK,440,559,3,4,442,562,,-1,3,0,1.007276,81.490051
Scan: 1082219 Run: DIA12_CV486075:20251228_A2_N1_Mueller_MS_TechHub_IMP_THIDDIAXL003_Cas9_PhoX_DIA12_CV486075_250ng_FAIMS_002 P1_SDKNR P2_KGILQTVK 3 1,DIA12_CV486075:20251228_A2_N1_Mueller_MS_TechHub_IMP_THIDDIAXL003_Cas9_PhoX_DIA12_CV486075_250ng_FAIMS_002,1082219,,,Q99ZW2,,,false,Q99ZW2,Q99ZW2,,false,KGILQTVK,SDKNR,735,860,1,3,735,862,,-1,3,0,1.007276,81.484953
Scan: 639316 Run: DIA12_CV486075:20251228_A2_N1_Mueller_MS_TechHub_IMP_THIDDIAXL003_Cas9_PhoX_DIA12_CV486075_250ng_FAIMS_002 P1_YDENDKLIR P2_KTEVQTGGFSK 6 1,DIA12_CV486075:20251228_A2_N1_Mueller_MS_TechHub_IMP_THIDDIAXL003_Cas9_PhoX_DIA12_CV486075_250ng_FAIMS_002,639316,,,Q99ZW2,,,false,Q99ZW2,Q99ZW2,,false,KTEVQTGGFSK,YDENDKLIR,1097,943,1,6,1097,948,,-1,3,0,1.007276,81.460268
Scan: 1309056 Run: DIA12_CV486075:20251228_A2_N1_Mueller_MS_TechHub_IMP_THIDDIAXL003_Cas9_PhoX_DIA12_CV486075_250ng_FAIMS_003 P1_SSFEKNPIDFLEAK P2_DLIIKLPK 5 5,DIA12_CV486075:20251228_A2_N1_Mueller_MS_TechHub_IMP_THIDDIAXL003_Cas9_PhoX_DIA12_CV486075_250ng_FAIMS_003,1309056,,,Q99ZW2,,,false,Q99ZW2,Q99ZW2,,false,DLIIKLPK,SSFEKNPIDFLEAK,1193,1172,5,5,1197,1176,,-1,4,0,1.007276,81.456776
Scan: 1782815 Run: DIA12_CV486075:20251228_A2_N1_Mueller_MS_TechHub_IMP_THIDDIAXL003_Cas9_PhoX_DIA12_CV486075_250ng_FAIMS_003 P1_SKLVSDFR P2_NSDKLIAR 2 4,DIA12_CV486075:20251228_A2_N1_Mueller_MS_TechHub_IMP_THIDDIAXL003_Cas9_PhoX_DIA12_CV486075_250ng_FAIMS_003,1782815,,,Q99ZW2,,,false,Q99ZW2,Q99ZW2,,false,NSDKLIAR,SKLVSDFR,1115,960,4,2,1118,961,,-1,3,0,1.007276,81.438652
Scan: 1504968 Run: DIA12_CV486075:20251228_A2_N1_Mueller_MS_TechHub_IMP_THIDDIAXL003_Cas9_PhoX_DIA12_CV486075_250ng_FAIMS_003 P1_QLKEDYFK P2_KSEETITPWNFEEVVDK 3 1,DIA12_CV486075:20251228_A2_N1_Mueller_MS_TechHub_IMP_THIDDIAXL003_Cas9_PhoX_DIA12_CV486075_250ng_FAIMS_003,1504968,,,Q99ZW2,,,false,Q99ZW2,Q99ZW2,,false,KSEETITPWNFEEVVDK,QLKEDYFK,468,563,1,3,468,565,,-1,4,0,1.007276,81.417841
Scan: 1035199 Run: DIA12_CV486075:20251228_A2_N1_Mueller_MS_TechHub_IMP_THIDDIAXL003_Cas9_PhoX_DIA12_CV486075_250ng_FAIMS_002 P1_EDIQKAQVSGQGDSLHEHIANLAGSPAIK P2_DKQSGK 5 2,DIA12_CV486075:20251228_A2_N1_Mueller_MS_TechHub_IMP_THIDDIAXL003_Cas9_PhoX_DIA12_CV486075_250ng_FAIMS_002,1035199,,,Q99ZW2,,,false,Q99ZW2,Q99ZW2,,false,DKQSGK,EDIQKAQVSGQGDSLHEHIANLAGSPAIK,672,706,2,5,673,710,,-1,4,0,1.007276,81.410223
Scan: 363606 Run: DIA12_CV486075:20251228_A2_N1_Mueller_MS_TechHub_IMP_THIDDIAXL003_Cas9_PhoX_DIA12_CV486075_250ng_FAIMS_001 P1_VLPKHSLLYEYFTVYNELTK P2_KNLIGALLFDSGETAEATR 4 1,DIA12_CV486075:20251228_A2_N1_Mueller_MS_TechHub_IMP_THIDDIAXL003_Cas9_PhoX_DIA12_CV486075_250ng_FAIMS_001,363606,,,Q99ZW2,,,false,Q99ZW2,Q99ZW2,,false,KNLIGALLFDSGETAEATR,VLPKHSLLYEYFTVYNELTK,45,507,1,4,45,510,,-1,4,0,1.007276,81.409573
Scan: 733389 Run: DIA12_CV486075:20251228_A2_N1_Mueller_MS_TechHub_IMP_THIDDIAXL003_Cas9_PhoX_DIA12_CV486075_250ng_FAIMS_002 P1_SEETITPWNFEEVVDKGASAQSFIER P2_KDLIIK 16 1,DIA12_CV486075:20251228_A2_N1_Mueller_MS_TechHub_IMP_THIDDIAXL003_Cas9_PhoX_DIA12_CV486075_250ng_FAIMS_002,733389,,,Q99ZW2,,,false,Q99ZW2,Q99ZW2,,false,KDLIIK,SEETITPWNFEEVVDKGASAQSFIER,1192,469,1,16,1192,484,,-1,4,0,1.007276,81.406828
Scan: 684397 Run: DIA12_CV486075:20251228_A2_N1_Mueller_MS_TechHub_IMP_THIDDIAXL003_Cas9_PhoX_DIA12_CV486075_250ng_FAIMS_002 P1_VLSAYNKHR P2_NSDKLIAR 7 4,DIA12_CV486075:20251228_A2_N1_Mueller_MS_TechHub_IMP_THIDDIAXL003_Cas9_PhoX_DIA12_CV486075_250ng_FAIMS_002,684397,,,Q99ZW2,,,false,Q99ZW2,Q99ZW2,,false,NSDKLIAR,VLSAYNKHR,1115,1290,4,7,1118,1296,,-1,4,0,1.007276,81.405506
Scan: 596737 Run: DIA12_CV486075:20251228_A2_N1_Mueller_MS_TechHub_IMP_THIDDIAXL003_Cas9_PhoX_DIA12_CV486075_250ng_FAIMS_001 P1_IEKILTFR P2_DFQFYKVR 3 6,DIA12_CV486075:20251228_A2_N1_Mueller_MS_TechHub_IMP_THIDDIAXL003_Cas9_PhoX_DIA12_CV486075_250ng_FAIMS_001,596737,,,Q99ZW2,,,false,Q99ZW2,Q99ZW2,,false,DFQFYKVR,IEKILTFR,969,440,6,3,974,442,,-1,3,0,1.007276,81.380642
Scan: 1196241 Run: DIA12_CV486075:20251228_A2_N1_Mueller_MS_TechHub_IMP_THIDDIAXL003_Cas9_PhoX_DIA12_CV486075_250ng_FAIMS_003 P1_YPKLESEFVYGDYK P2_SKLVSDFR 3 2,DIA12_CV486075:20251228_A2_N1_Mueller_MS_TechHub_IMP_THIDDIAXL003_Cas9_PhoX_DIA12_CV486075_250ng_FAIMS_003,1196241,,,Q99ZW2,,,false,Q99ZW2,Q99ZW2,,false,SKLVSDFR,YPKLESEFVYGDYK,960,1001,2,3,961,1003,,-1,4,0,1.007276,81.357597
Scan: 1134722 Run: DIA12_CV486075:20251228_A2_N1_Mueller_MS_TechHub_IMP_THIDDIAXL003_Cas9_PhoX_DIA12_CV486075_250ng_FAIMS_002 P1_GQKNSR P2_EHPVENTQLQNEKLYLYYLQNGR 3 13,DIA12_CV486075:20251228_A2_N1_Mueller_MS_TechHub_IMP_THIDDIAXL003_Cas9_PhoX_DIA12_CV486075_250ng_FAIMS_002,1134722,,,Q99ZW2,,,false,Q99ZW2,Q99ZW2,,false,EHPVENTQLQNEKLYLYYLQNGR,GQKNSR,798,773,13,3,810,775,,-1,4,0,1.007276,81.350338
Scan: 353184 Run: DIA12_CV486075:20251228_A2_N1_Mueller_MS_TechHub_IMP_THIDDIAXL003_Cas9_PhoX_DIA12_CV486075_250ng_FAIMS_001 P1_NSDKLIAR P2_MTNFDKNLPNEK 4 6,DIA12_CV486075:20251228_A2_N1_Mueller_MS_TechHub_IMP_THIDDIAXL003_Cas9_PhoX_DIA12_CV486075_250ng_FAIMS_001,353184,,,Q99ZW2,,,false,Q99ZW2,Q99ZW2,,false,MTNFDKNLPNEK,NSDKLIAR,495,1115,6,4,500,1118,,-1,3,0,1.007276,81.326942
Scan: 1159028 Run: DIA12_CV486075:20251228_A2_N1_Mueller_MS_TechHub_IMP_THIDDIAXL003_Cas9_PhoX_DIA12_CV486075_250ng_FAIMS_002 P1_KFDNLTK P2_AGFIKR 1 5,DIA12_CV486075:20251228_A2_N1_Mueller_MS_TechHub_IMP_THIDDIAXL003_Cas9_PhoX_DIA12_CV486075_250ng_FAIMS_002,1159028,,,Q99ZW2,,,false,Q99ZW2,Q99ZW2,,false,AGFIKR,KFDNLTK,914,896,5,1,918,896,,-1,3,0,1.007276,81.252428
Scan: 1372362 Run: DIA12_CV486075:20251228_A2_N1_Mueller_MS_TechHub_IMP_THIDDIAXL003_Cas9_PhoX_DIA12_CV486075_250ng_FAIMS_003 P1_HYLDEIIEQISEFSKR P2_FKVLGNTDR 15 2,DIA12_CV486075:20251228_A2_N1_Mueller_MS_TechHub_IMP_THIDDIAXL003_Cas9_PhoX_DIA12_CV486075_250ng_FAIMS_003,1372362,,,Q99ZW2,,,false,Q99ZW2,Q99ZW2,,false,FKVLGNTDR,HYLDEIIEQISEFSKR,32,1264,2,15,33,1278,,-1,4,0,1.007276,81.215118
Scan: 1134651 Run: DIA12_CV486075:20251228_A2_N1_Mueller_MS_TechHub_IMP_THIDDIAXL003_Cas9_PhoX_DIA12_CV486075_250ng_FAIMS_002 P1_QGKQTTQNEK P2_EHPVENTQLQNEKLYLYYLQNGR 3 13,DIA12_CV486075:20251228_A2_N1_Mueller_MS_TechHub_IMP_THIDDIAXL003_Cas9_PhoX_DIA12_CV486075_250ng_FAIMS_002,1134651,,,Q99ZW2,,,false,decoy:Q99ZW2,decoy,decoy,true,EHPVENTQLQNEKLYLYYLQNGR,QGKQTTQNEK,798,766,13,3,810,768,,-1,4,0,1.007276,81.14146
Scan: 612365 Run: DIA12_CV486075:20251228_A2_N1_Mueller_MS_TechHub_IMP_THIDDIAXL003_Cas9_PhoX_DIA12_CV486075_250ng_FAIMS_002 P1_SEQEIGKATAK P2_KDWDPK 7 1,DIA12_CV486075:20251228_A2_N1_Mueller_MS_TechHub_IMP_THIDDIAXL003_Cas9_PhoX_DIA12_CV486075_250ng_FAIMS_002,612365,,,Q99ZW2,,,false,Q99ZW2,Q99ZW2,,false,KDWDPK,SEQEIGKATAK,1124,1025,1,7,1124,1031,,-1,3,0,1.007276,81.13549
Scan: 638580 Run: DIA12_CV486075:20251228_A2_N1_Mueller_MS_TechHub_IMP_THIDDIAXL003_Cas9_PhoX_DIA12_CV486075_250ng_FAIMS_002 P1_KTEVQTGGFSK P2_GQKNSR 1 3,DIA12_CV486075:20251228_A2_N1_Mueller_MS_TechHub_IMP_THIDDIAXL003_Cas9_PhoX_DIA12_CV486075_250ng_FAIMS_002,638580,,,Q99ZW2,,,false,Q99ZW2,Q99ZW2,,false,GQKNSR,KTEVQTGGFSK,773,1097,3,1,775,1097,,-1,3,0,1.007276,81.132206
Scan: 960831 Run: DIA12_CV486075:20251228_A2_N1_Mueller_MS_TechHub_IMP_THIDDIAXL003_Cas9_PhoX_DIA12_CV486075_250ng_FAIMS_002 P1_VLPKHSLLYEYFTVYNELTK P2_EKIEKILTFR 4 2,DIA12_CV486075:20251228_A2_N1_Mueller_MS_TechHub_IMP_THIDDIAXL003_Cas9_PhoX_DIA12_CV486075_250ng_FAIMS_002,960831,,,Q99ZW2,,,false,Q99ZW2,Q99ZW2,,false,EKIEKILTFR,VLPKHSLLYEYFTVYNELTK,438,507,2,4,439,510,,-1,4,0,1.007276,81.058552
Scan: 142870 Run: DIA12_CV486075:20251228_A2_N1_Mueller_MS_TechHub_IMP_THIDDIAXL003_Cas9_PhoX_DIA12_CV486075_250ng_FAIMS_001 P1_LPKYSLFELENGR P2_ESILPKR 3 6,DIA12_CV486075:20251228_A2_N1_Mueller_MS_TechHub_IMP_THIDDIAXL003_Cas9_PhoX_DIA12_CV486075_250ng_FAIMS_001,142870,,,Q99ZW2,,,false,Q99ZW2,Q99ZW2,,false,ESILPKR,LPKYSLFELENGR,1108,1198,6,3,1113,1200,,-1,3,0,1.007276,81.027845
Scan: 1718598 Run: DIA12_CV486075:20251228_A2_N1_Mueller_MS_TechHub_IMP_THIDDIAXL003_Cas9_PhoX_DIA12_CV486075_250ng_FAIMS_003 P1_KPAFLSGEQK P2_ELGSQILKEHPVENTQLQNEK 1 8,DIA12_CV486075:20251228_A2_N1_Mueller_MS_TechHub_IMP_THIDDIAXL003_Cas9_PhoX_DIA12_CV486075_250ng_FAIMS_003,1718598,,,Q99ZW2,,,false,Q99ZW2,Q99ZW2,,false,ELGSQILKEHPVENTQLQNEK,KPAFLSGEQK,790,536,8,1,797,536,,-1,5,0,1.007276,81.011284
Scan: 73041 Run: DIA12_CV486075:20251228_A2_N1_Mueller_MS_TechHub_IMP_THIDDIAXL003_Cas9_PhoX_DIA12_CV486075_250ng_FAIMS_001 P1_KTEVQTGGFSKESILPK P2_GSQKDK 11 4,DIA12_CV486075:20251228_A2_N1_Mueller_MS_TechHub_IMP_THIDDIAXL003_Cas9_PhoX_DIA12_CV486075_250ng_FAIMS_001,73041,,,decoy:Q99ZW2,decoy,decoy,true,Q99ZW2,Q99ZW2,,false,GSQKDK,KTEVQTGGFSKESILPK,672,1097,4,11,675,1107,,-1,4,0,1.007276,80.973349
Scan: 1456616 Run: DIA12_CV486075:20251228_A2_N1_Mueller_MS_TechHub_IMP_THIDDIAXL003_Cas9_PhoX_DIA12_CV486075_250ng_FAIMS_003 P1_YKEIFFDQSK P2_KDFQFYK 2 1,DIA12_CV486075:20251228_A2_N1_Mueller_MS_TechHub_IMP_THIDDIAXL003_Cas9_PhoX_DIA12_CV486075_250ng_FAIMS_003,1456616,,,Q99ZW2,,,false,Q99ZW2,Q99ZW2,,false,KDFQFYK,YKEIFFDQSK,968,347,1,2,968,348,,-1,4,0,1.007276,80.937517
Scan: 98114 Run: DIA12_CV486075:20251228_A2_N1_Mueller_MS_TechHub_IMP_THIDDIAXL003_Cas9_PhoX_DIA12_CV486075_250ng_FAIMS_001 P1_KKDWDPK P2_DLIIKLPK 2 5,DIA12_CV486075:20251228_A2_N1_Mueller_MS_TechHub_IMP_THIDDIAXL003_Cas9_PhoX_DIA12_CV486075_250ng_FAIMS_001,98114,,,Q99ZW2,,,false,Q99ZW2,Q99ZW2,,false,DLIIKLPK,KKDWDPK,1193,1123,5,2,1197,1124,,-1,3,0,1.007276,80.932657
Scan: 986259 Run: DIA12_CV486075:20251228_A2_N1_Mueller_MS_TechHub_IMP_THIDDIAXL003_Cas9_PhoX_DIA12_CV486075_250ng_FAIMS_002 P1_SDKNR P2_KPAFLSGEQK 3 1,DIA12_CV486075:20251228_A2_N1_Mueller_MS_TechHub_IMP_THIDDIAXL003_Cas9_PhoX_DIA12_CV486075_250ng_FAIMS_002,986259,,,Q99ZW2,,,false,Q99ZW2,Q99ZW2,,false,KPAFLSGEQK,SDKNR,536,860,1,3,536,862,,-1,3,0,1.007276,80.927292
Scan: 1123256 Run: DIA12_CV486075:20251228_A2_N1_Mueller_MS_TechHub_IMP_THIDDIAXL003_Cas9_PhoX_DIA12_CV486075_250ng_FAIMS_002 P1_SNKQGR P2_ELGSQILKEHPVENTQLQNEK 3 8,DIA12_CV486075:20251228_A2_N1_Mueller_MS_TechHub_IMP_THIDDIAXL003_Cas9_PhoX_DIA12_CV486075_250ng_FAIMS_002,1123256,,,Q99ZW2,,,false,decoy:Q99ZW2,decoy,decoy,true,ELGSQILKEHPVENTQLQNEK,SNKQGR,790,773,8,3,797,775,,-1,4,0,1.007276,80.888845
Scan: 1448986 Run: DIA12_CV486075:20251228_A2_N1_Mueller_MS_TechHub_IMP_THIDDIAXL003_Cas9_PhoX_DIA12_CV486075_250ng_FAIMS_003 P1_YKEIFFDQSK P2_KTEVQTGGFSKESILPK 2 11,DIA12_CV486075:20251228_A2_N1_Mueller_MS_TechHub_IMP_THIDDIAXL003_Cas9_PhoX_DIA12_CV486075_250ng_FAIMS_003,1448986,,,Q99ZW2,,,false,Q99ZW2,Q99ZW2,,false,KTEVQTGGFSKESILPK,YKEIFFDQSK,1097,347,11,2,1107,348,,-1,4,0,1.007276,80.885242
Scan: 217363 Run: DIA12_CV486075:20251228_A2_N1_Mueller_MS_TechHub_IMP_THIDDIAXL003_Cas9_PhoX_DIA12_CV486075_250ng_FAIMS_001 P1_LENLIAQLPGEKK P2_KDFQFYK 12 1,DIA12_CV486075:20251228_A2_N1_Mueller_MS_TechHub_IMP_THIDDIAXL003_Cas9_PhoX_DIA12_CV486075_250ng_FAIMS_001,217363,,,Q99ZW2,,,false,Q99ZW2,Q99ZW2,,false,KDFQFYK,LENLIAQLPGEKK,968,222,1,12,968,233,,-1,4,0,1.007276,80.86915
Scan: 208971 Run: DIA12_CV486075:20251228_A2_N1_Mueller_MS_TechHub_IMP_THIDDIAXL003_Cas9_PhoX_DIA12_CV486075_250ng_FAIMS_001 P1_LSKSR P2_DDSIDNKVLTR 3 7,DIA12_CV486075:20251228_A2_N1_Mueller_MS_TechHub_IMP_THIDDIAXL003_Cas9_PhoX_DIA12_CV486075_250ng_FAIMS_001,208971,,,Q99ZW2,,,false,Q99ZW2,Q99ZW2,,false,DDSIDNKVLTR,LSKSR,849,216,7,3,855,218,,-1,3,0,1.007276,80.8647
Scan: 960870 Run: DIA12_CV486075:20251228_A2_N1_Mueller_MS_TechHub_IMP_THIDDIAXL003_Cas9_PhoX_DIA12_CV486075_250ng_FAIMS_002 P1_VLPKHSLLYEYFTVYNELTK P2_EKIEKILTFR 4 5,DIA12_CV486075:20251228_A2_N1_Mueller_MS_TechHub_IMP_THIDDIAXL003_Cas9_PhoX_DIA12_CV486075_250ng_FAIMS_002,960870,,,Q99ZW2,,,false,Q99ZW2,Q99ZW2,,false,EKIEKILTFR,VLPKHSLLYEYFTVYNELTK,438,507,5,4,442,510,,-1,4,0,1.007276,80.832617
Scan: 1492891 Run: DIA12_CV486075:20251228_A2_N1_Mueller_MS_TechHub_IMP_THIDDIAXL003_Cas9_PhoX_DIA12_CV486075_250ng_FAIMS_003 P1_KNLIGALLFDSGETAEATR P2_IEKILTFR 1 3,DIA12_CV486075:20251228_A2_N1_Mueller_MS_TechHub_IMP_THIDDIAXL003_Cas9_PhoX_DIA12_CV486075_250ng_FAIMS_003,1492891,,,Q99ZW2,,,false,Q99ZW2,Q99ZW2,,false,IEKILTFR,KNLIGALLFDSGETAEATR,440,45,3,1,442,45,,-1,4,0,1.007276,80.809732
Scan: 1689558 Run: DIA12_CV486075:20251228_A2_N1_Mueller_MS_TechHub_IMP_THIDDIAXL003_Cas9_PhoX_DIA12_CV486075_250ng_FAIMS_003 P1_LKTYAHLFDDK P2_GILQTVKVVDELVK 2 7,DIA12_CV486075:20251228_A2_N1_Mueller_MS_TechHub_IMP_THIDDIAXL003_Cas9_PhoX_DIA12_CV486075_250ng_FAIMS_003,1689558,,,Q99ZW2,,,false,Q99ZW2,Q99ZW2,,false,GILQTVKVVDELVK,LKTYAHLFDDK,736,636,7,2,742,637,,-1,4,0,1.007276,80.760275
Scan: 690048 Run: DIA12_CV486075:20251228_A2_N1_Mueller_MS_TechHub_IMP_THIDDIAXL003_Cas9_PhoX_DIA12_CV486075_250ng_FAIMS_002 P1_NSDKLIAR P2_ENQTTQKGQK 4 7,DIA12_CV486075:20251228_A2_N1_Mueller_MS_TechHub_IMP_THIDDIAXL003_Cas9_PhoX_DIA12_CV486075_250ng_FAIMS_002,690048,,,Q99ZW2,,,false,Q99ZW2,Q99ZW2,,false,ENQTTQKGQK,NSDKLIAR,766,1115,7,4,772,1118,,-1,4,0,1.007276,80.753361
Scan: 1420361 Run: DIA12_CV486075:20251228_A2_N1_Mueller_MS_TechHub_IMP_THIDDIAXL003_Cas9_PhoX_DIA12_CV486075_250ng_FAIMS_003 P1_SNFDLAEDAKLQLSK P2_KKDWDPK 10 1,DIA12_CV486075:20251228_A2_N1_Mueller_MS_TechHub_IMP_THIDDIAXL003_Cas9_PhoX_DIA12_CV486075_250ng_FAIMS_003,1420361,,,Q99ZW2,,,false,Q99ZW2,Q99ZW2,,false,KKDWDPK,SNFDLAEDAKLQLSK,1123,254,1,10,1123,263,,-1,4,0,1.007276,80.694645
Scan: 135196 Run: DIA12_CV486075:20251228_A2_N1_Mueller_MS_TechHub_IMP_THIDDIAXL003_Cas9_PhoX_DIA12_CV486075_250ng_FAIMS_001 P1_VEKYGK P2_DKQSGK 3 2,DIA12_CV486075:20251228_A2_N1_Mueller_MS_TechHub_IMP_THIDDIAXL003_Cas9_PhoX_DIA12_CV486075_250ng_FAIMS_001,135196,,,Q99ZW2,,,false,decoy:Q99ZW2,decoy,decoy,true,DKQSGK,VEKYGK,672,1186,2,3,673,1188,,-1,3,0,1.007276,80.643694
Scan: 1652634 Run: DIA12_CV486075:20251228_A2_N1_Mueller_MS_TechHub_IMP_THIDDIAXL003_Cas9_PhoX_DIA12_CV486075_250ng_FAIMS_003 P1_KSEETITPWNFEEVVDK P2_EDIQKAQVSGQGDSLHEHIANLAGSPAIK 1 5,DIA12_CV486075:20251228_A2_N1_Mueller_MS_TechHub_IMP_THIDDIAXL003_Cas9_PhoX_DIA12_CV486075_250ng_FAIMS_003,1652634,,,Q99ZW2,,,false,Q99ZW2,Q99ZW2,,false,EDIQKAQVSGQGDSLHEHIANLAGSPAIK,KSEETITPWNFEEVVDK,706,468,5,1,710,468,,-1,5,0,1.007276,80.610403
Scan: 1704687 Run: DIA12_CV486075:20251228_A2_N1_Mueller_MS_TechHub_IMP_THIDDIAXL003_Cas9_PhoX_DIA12_CV486075_250ng_FAIMS_003 P1_YKEIFFDQSK P2_ENQTTQKGQK 2 7,DIA12_CV486075:20251228_A2_N1_Mueller_MS_TechHub_IMP_THIDDIAXL003_Cas9_PhoX_DIA12_CV486075_250ng_FAIMS_003,1704687,,,Q99ZW2,,,false,Q99ZW2,Q99ZW2,,false,ENQTTQKGQK,YKEIFFDQSK,766,347,7,2,772,348,,-1,3,0,1.007276,80.593473
Scan: 1380038 Run: DIA12_CV486075:20251228_A2_N1_Mueller_MS_TechHub_IMP_THIDDIAXL003_Cas9_PhoX_DIA12_CV486075_250ng_FAIMS_003 P1_VILADANLDKVLSAYNK P2_EVKVITLK 10 3,DIA12_CV486075:20251228_A2_N1_Mueller_MS_TechHub_IMP_THIDDIAXL003_Cas9_PhoX_DIA12_CV486075_250ng_FAIMS_003,1380038,,,Q99ZW2,,,false,Q99ZW2,Q99ZW2,,false,EVKVITLK,VILADANLDKVLSAYNK,952,1280,3,10,954,1289,,-1,4,0,1.007276,80.583666
Scan: 97178 Run: DIA12_CV486075:20251228_A2_N1_Mueller_MS_TechHub_IMP_THIDDIAXL003_Cas9_PhoX_DIA12_CV486075_250ng_FAIMS_001 P1_KKDWDPK P2_ESILPKR 2 6,DIA12_CV486075:20251228_A2_N1_Mueller_MS_TechHub_IMP_THIDDIAXL003_Cas9_PhoX_DIA12_CV486075_250ng_FAIMS_001,97178,,,Q99ZW2,,,false,Q99ZW2,Q99ZW2,,false,ESILPKR,KKDWDPK,1108,1123,6,2,1113,1124,,-1,3,0,1.007276,80.575087
Scan: 1483129 Run: DIA12_CV486075:20251228_A2_N1_Mueller_MS_TechHub_IMP_THIDDIAXL003_Cas9_PhoX_DIA12_CV486075_250ng_FAIMS_003 P1_RQEDFYPFLKDNR P2_KLVDSTDK 10 1,DIA12_CV486075:20251228_A2_N1_Mueller_MS_TechHub_IMP_THIDDIAXL003_Cas9_PhoX_DIA12_CV486075_250ng_FAIMS_003,1483129,,,Q99ZW2,,,false,Q99ZW2,Q99ZW2,,false,KLVDSTDK,RQEDFYPFLKDNR,141,425,1,10,141,434,,-1,4,0,1.007276,80.539568
Scan: 87158 Run: DIA12_CV486075:20251228_A2_N1_Mueller_MS_TechHub_IMP_THIDDIAXL003_Cas9_PhoX_DIA12_CV486075_250ng_FAIMS_001 P1_RNSDKLIAR P2_EQAENIIHLFTLTNLGAPAAFKYFDTTIDR 5 22,DIA12_CV486075:20251228_A2_N1_Mueller_MS_TechHub_IMP_THIDDIAXL003_Cas9_PhoX_DIA12_CV486075_250ng_FAIMS_001,87158,,,Q99ZW2,,,false,Q99ZW2,Q99ZW2,,false,EQAENIIHLFTLTNLGAPAAFKYFDTTIDR,RNSDKLIAR,1304,1114,22,5,1325,1118,,-1,5,0,1.007276,80.487858
Scan: 1546534 Run: DIA12_CV486075:20251228_A2_N1_Mueller_MS_TechHub_IMP_THIDDIAXL003_Cas9_PhoX_DIA12_CV486075_250ng_FAIMS_003 P1_SEETITPWNFEEVVDKGASAQSFIER P2_KDFQFYK 16 1,DIA12_CV486075:20251228_A2_N1_Mueller_MS_TechHub_IMP_THIDDIAXL003_Cas9_PhoX_DIA12_CV486075_250ng_FAIMS_003,1546534,,,Q99ZW2,,,false,Q99ZW2,Q99ZW2,,false,KDFQFYK,SEETITPWNFEEVVDKGASAQSFIER,968,469,1,16,968,484,,-1,4,0,1.007276,80.471792
Scan: 118044 Run: DIA12_CV486075:20251228_A2_N1_Mueller_MS_TechHub_IMP_THIDDIAXL003_Cas9_PhoX_DIA12_CV486075_250ng_FAIMS_001 P1_VKYVTEGMR P2_SSFEKNPIDFLEAK 2 5,DIA12_CV486075:20251228_A2_N1_Mueller_MS_TechHub_IMP_THIDDIAXL003_Cas9_PhoX_DIA12_CV486075_250ng_FAIMS_001,118044,,,Q99ZW2,,,false,Q99ZW2,Q99ZW2,,false,SSFEKNPIDFLEAK,VKYVTEGMR,1172,527,5,2,1176,528,,-1,3,0,1.007276,80.467005
Scan: 614479 Run: DIA12_CV486075:20251228_A2_N1_Mueller_MS_TechHub_IMP_THIDDIAXL003_Cas9_PhoX_DIA12_CV486075_250ng_FAIMS_002 P1_MIAKSEQEIGK P2_ATAKYFFYSNIMNFFK 4 4,DIA12_CV486075:20251228_A2_N1_Mueller_MS_TechHub_IMP_THIDDIAXL003_Cas9_PhoX_DIA12_CV486075_250ng_FAIMS_002,614479,,,Q99ZW2,,,false,Q99ZW2,Q99ZW2,,false,ATAKYFFYSNIMNFFK,MIAKSEQEIGK,1032,1021,4,4,1035,1024,,-1,4,0,1.007276,80.449715
Scan: 385877 Run: DIA12_CV486075:20251228_A2_N1_Mueller_MS_TechHub_IMP_THIDDIAXL003_Cas9_PhoX_DIA12_CV486075_250ng_FAIMS_001 P1_KPAFLSGEQK P2_KAIVDLLFK 1 1,DIA12_CV486075:20251228_A2_N1_Mueller_MS_TechHub_IMP_THIDDIAXL003_Cas9_PhoX_DIA12_CV486075_250ng_FAIMS_001,385877,,,Q99ZW2,,,false,Q99ZW2,Q99ZW2,,false,KAIVDLLFK,KPAFLSGEQK,546,536,1,1,546,536,,-1,4,0,1.007276,80.445219
Scan: 62094 Run: DIA12_CV486075:20251228_A2_N1_Mueller_MS_TechHub_IMP_THIDDIAXL003_Cas9_PhoX_DIA12_CV486075_250ng_FAIMS_001 P1_TEVQTGGFSKESILPK P2_KRPLIETNGETGEIVWDK 10 1,DIA12_CV486075:20251228_A2_N1_Mueller_MS_TechHub_IMP_THIDDIAXL003_Cas9_PhoX_DIA12_CV486075_250ng_FAIMS_001,62094,,,Q99ZW2,,,false,Q99ZW2,Q99ZW2,,false,KRPLIETNGETGEIVWDK,TEVQTGGFSKESILPK,1059,1098,1,10,1059,1107,,-1,4,0,1.007276,80.42695
Scan: 513010 Run: DIA12_CV486075:20251228_A2_N1_Mueller_MS_TechHub_IMP_THIDDIAXL003_Cas9_PhoX_DIA12_CV486075_250ng_FAIMS_001 P1_IEEGIKELGSQILK P2_GQKNSR 6 3,DIA12_CV486075:20251228_A2_N1_Mueller_MS_TechHub_IMP_THIDDIAXL003_Cas9_PhoX_DIA12_CV486075_250ng_FAIMS_001,513010,,,Q99ZW2,,,false,Q99ZW2,Q99ZW2,,false,GQKNSR,IEEGIKELGSQILK,773,784,3,6,775,789,,-1,3,0,1.007276,80.409941
Scan: 801126 Run: DIA12_CV486075:20251228_A2_N1_Mueller_MS_TechHub_IMP_THIDDIAXL003_Cas9_PhoX_DIA12_CV486075_250ng_FAIMS_002 P1_KLVDSTDK P2_GYKEVK 1 3,DIA12_CV486075:20251228_A2_N1_Mueller_MS_TechHub_IMP_THIDDIAXL003_Cas9_PhoX_DIA12_CV486075_250ng_FAIMS_002,801126,,,Q99ZW2,,,false,Q99ZW2,Q99ZW2,,false,GYKEVK,KLVDSTDK,1186,141,3,1,1188,141,,-1,3,0,1.007276,80.39744
Scan: 37893 Run: DIA12_CV486075:20251228_A2_N1_Mueller_MS_TechHub_IMP_THIDDIAXL003_Cas9_PhoX_DIA12_CV486075_250ng_FAIMS_001 P1_KTEVQTGGFSK P2_DKPIR 1 2,DIA12_CV486075:20251228_A2_N1_Mueller_MS_TechHub_IMP_THIDDIAXL003_Cas9_PhoX_DIA12_CV486075_250ng_FAIMS_001,37893,,,Q99ZW2,,,false,Q99ZW2,Q99ZW2,,false,DKPIR,KTEVQTGGFSK,1299,1097,2,1,1300,1097,,-1,3,0,1.007276,80.392319
Scan: 1185199 Run: DIA12_CV486075:20251228_A2_N1_Mueller_MS_TechHub_IMP_THIDDIAXL003_Cas9_PhoX_DIA12_CV486075_250ng_FAIMS_002 P1_SKLVSDFR P2_RPLIETNGETGEIVWDKGR 2 17,DIA12_CV486075:20251228_A2_N1_Mueller_MS_TechHub_IMP_THIDDIAXL003_Cas9_PhoX_DIA12_CV486075_250ng_FAIMS_002,1185199,,,Q99ZW2,,,false,Q99ZW2,Q99ZW2,,false,RPLIETNGETGEIVWDKGR,SKLVSDFR,1060,960,17,2,1076,961,,-1,4,0,1.007276,80.391521
Scan: 515418 Run: DIA12_CV486075:20251228_A2_N1_Mueller_MS_TechHub_IMP_THIDDIAXL003_Cas9_PhoX_DIA12_CV486075_250ng_FAIMS_001 P1_LKTYAHLFDDK P2_IEEGIKELGSQILK 2 6,DIA12_CV486075:20251228_A2_N1_Mueller_MS_TechHub_IMP_THIDDIAXL003_Cas9_PhoX_DIA12_CV486075_250ng_FAIMS_001,515418,,,Q99ZW2,,,false,Q99ZW2,Q99ZW2,,false,IEEGIKELGSQILK,LKTYAHLFDDK,784,636,6,2,789,637,,-1,4,0,1.007276,80.380074
Scan: 886917 Run: DIA12_CV486075:20251228_A2_N1_Mueller_MS_TechHub_IMP_THIDDIAXL003_Cas9_PhoX_DIA12_CV486075_250ng_FAIMS_002 P1_RQEDFYPFLKDNR P2_KAIVDLLFK 10 1,DIA12_CV486075:20251228_A2_N1_Mueller_MS_TechHub_IMP_THIDDIAXL003_Cas9_PhoX_DIA12_CV486075_250ng_FAIMS_002,886917,,,Q99ZW2,,,false,Q99ZW2,Q99ZW2,,false,KAIVDLLFK,RQEDFYPFLKDNR,546,425,1,10,546,434,,-1,4,0,1.007276,80.372311
Scan: 31271 Run: DIA12_CV486075:20251228_A2_N1_Mueller_MS_TechHub_IMP_THIDDIAXL003_Cas9_PhoX_DIA12_CV486075_250ng_FAIMS_001 P1_RPLIETNGETGEIVWDKGR P2_KFDNLTK 17 1,DIA12_CV486075:20251228_A2_N1_Mueller_MS_TechHub_IMP_THIDDIAXL003_Cas9_PhoX_DIA12_CV486075_250ng_FAIMS_001,31271,,,Q99ZW2,,,false,Q99ZW2,Q99ZW2,,false,KFDNLTK,RPLIETNGETGEIVWDKGR,896,1060,1,17,896,1076,,-1,4,0,1.007276,80.353273
Scan: 604172 Run: DIA12_CV486075:20251228_A2_N1_Mueller_MS_TechHub_IMP_THIDDIAXL003_Cas9_PhoX_DIA12_CV486075_250ng_FAIMS_002 P1_LESEFVYGDYKVYDVR P2_IEKILTFR 11 3,DIA12_CV486075:20251228_A2_N1_Mueller_MS_TechHub_IMP_THIDDIAXL003_Cas9_PhoX_DIA12_CV486075_250ng_FAIMS_002,604172,,,Q99ZW2,,,false,Q99ZW2,Q99ZW2,,false,IEKILTFR,LESEFVYGDYKVYDVR,440,1004,3,11,442,1014,,-1,4,0,1.007276,80.326342
Scan: 495904 Run: DIA12_CV486075:20251228_A2_N1_Mueller_MS_TechHub_IMP_THIDDIAXL003_Cas9_PhoX_DIA12_CV486075_250ng_FAIMS_001 P1_TILDFLKSDGFANR P2_GILQTVKVVDELVK 7 7,DIA12_CV486075:20251228_A2_N1_Mueller_MS_TechHub_IMP_THIDDIAXL003_Cas9_PhoX_DIA12_CV486075_250ng_FAIMS_001,495904,,,Q99ZW2,,,false,Q99ZW2,Q99ZW2,,false,GILQTVKVVDELVK,TILDFLKSDGFANR,736,678,7,7,742,684,,-1,4,0,1.007276,80.290615
Scan: 1604883 Run: DIA12_CV486075:20251228_A2_N1_Mueller_MS_TechHub_IMP_THIDDIAXL003_Cas9_PhoX_DIA12_CV486075_250ng_FAIMS_003 P1_GILQTVKVVDELVK P2_AIVDLLFKTNR 7 8,DIA12_CV486075:20251228_A2_N1_Mueller_MS_TechHub_IMP_THIDDIAXL003_Cas9_PhoX_DIA12_CV486075_250ng_FAIMS_003,1604883,,,Q99ZW2,,,false,Q99ZW2,Q99ZW2,,false,AIVDLLFKTNR,GILQTVKVVDELVK,547,736,8,7,554,742,,-1,4,0,1.007276,80.282383
Scan: 1105660 Run: DIA12_CV486075:20251228_A2_N1_Mueller_MS_TechHub_IMP_THIDDIAXL003_Cas9_PhoX_DIA12_CV486075_250ng_FAIMS_002 P1_QGKQTTQNEK P2_KFDNLTK 3 1,DIA12_CV486075:20251228_A2_N1_Mueller_MS_TechHub_IMP_THIDDIAXL003_Cas9_PhoX_DIA12_CV486075_250ng_FAIMS_002,1105660,,,Q99ZW2,,,false,decoy:Q99ZW2,decoy,decoy,true,KFDNLTK,QGKQTTQNEK,896,766,1,3,896,768,,-1,3,0,1.007276,80.272158
Scan: 811248 Run: DIA12_CV486075:20251228_A2_N1_Mueller_MS_TechHub_IMP_THIDDIAXL003_Cas9_PhoX_DIA12_CV486075_250ng_FAIMS_002 P1_LENLIAQLPGEKK P2_KKDWDPK 12 1,DIA12_CV486075:20251228_A2_N1_Mueller_MS_TechHub_IMP_THIDDIAXL003_Cas9_PhoX_DIA12_CV486075_250ng_FAIMS_002,811248,,,Q99ZW2,,,false,Q99ZW2,Q99ZW2,,false,KKDWDPK,LENLIAQLPGEKK,1123,222,1,12,1123,233,,-1,4,0,1.007276,80.247395
Scan: 1768511 Run: DIA12_CV486075:20251228_A2_N1_Mueller_MS_TechHub_IMP_THIDDIAXL003_Cas9_PhoX_DIA12_CV486075_250ng_FAIMS_003 P1_QITKHVAQILDSR P2_ELGSQILKEHPVENTQLQNEK 4 8,DIA12_CV486075:20251228_A2_N1_Mueller_MS_TechHub_IMP_THIDDIAXL003_Cas9_PhoX_DIA12_CV486075_250ng_FAIMS_003,1768511,,,Q99ZW2,,,false,Q99ZW2,Q99ZW2,,false,ELGSQILKEHPVENTQLQNEK,QITKHVAQILDSR,790,926,8,4,797,929,,-1,5,0,1.007276,80.244398
Scan: 1575352 Run: DIA12_CV486075:20251228_A2_N1_Mueller_MS_TechHub_IMP_THIDDIAXL003_Cas9_PhoX_DIA12_CV486075_250ng_FAIMS_003 P1_KPAFLSGEQK P2_KLVDSTDK 1 1,DIA12_CV486075:20251228_A2_N1_Mueller_MS_TechHub_IMP_THIDDIAXL003_Cas9_PhoX_DIA12_CV486075_250ng_FAIMS_003,1575352,,,Q99ZW2,,,false,Q99ZW2,Q99ZW2,,false,KLVDSTDK,KPAFLSGEQK,141,536,1,1,141,536,,-1,3,0,1.007276,80.241211
Scan: 1267219 Run: DIA12_CV486075:20251228_A2_N1_Mueller_MS_TechHub_IMP_THIDDIAXL003_Cas9_PhoX_DIA12_CV486075_250ng_FAIMS_003 P1_KTEVQTGGFSKESILPK P2_KLINGIR 11 1,DIA12_CV486075:20251228_A2_N1_Mueller_MS_TechHub_IMP_THIDDIAXL003_Cas9_PhoX_DIA12_CV486075_250ng_FAIMS_003,1267219,,,Q99ZW2,,,false,Q99ZW2,Q99ZW2,,false,KLINGIR,KTEVQTGGFSKESILPK,665,1097,1,11,665,1107,,-1,3,0,1.007276,80.186733
Scan: 359903 Run: DIA12_CV486075:20251228_A2_N1_Mueller_MS_TechHub_IMP_THIDDIAXL003_Cas9_PhoX_DIA12_CV486075_250ng_FAIMS_001 P1_MTNFDKNLPNEK P2_ILKDNEDYR 6 3,DIA12_CV486075:20251228_A2_N1_Mueller_MS_TechHub_IMP_THIDDIAXL003_Cas9_PhoX_DIA12_CV486075_250ng_FAIMS_001,359903,,,decoy:Q99ZW2,decoy,decoy,true,Q99ZW2,Q99ZW2,,false,ILKDNEDYR,MTNFDKNLPNEK,943,495,3,6,945,500,,-1,3,0,1.007276,80.179344
Scan: 261603 Run: DIA12_CV486075:20251228_A2_N1_Mueller_MS_TechHub_IMP_THIDDIAXL003_Cas9_PhoX_DIA12_CV486075_250ng_FAIMS_001 P1_YKEIFFDQSK P2_EVKVITLK 2 3,DIA12_CV486075:20251228_A2_N1_Mueller_MS_TechHub_IMP_THIDDIAXL003_Cas9_PhoX_DIA12_CV486075_250ng_FAIMS_001,261603,,,Q99ZW2,,,false,Q99ZW2,Q99ZW2,,false,EVKVITLK,YKEIFFDQSK,952,347,3,2,954,348,,-1,3,0,1.007276,80.174009
Scan: 1719575 Run: DIA12_CV486075:20251228_A2_N1_Mueller_MS_TechHub_IMP_THIDDIAXL003_Cas9_PhoX_DIA12_CV486075_250ng_FAIMS_003 P1_QSGKTILDFLK P2_ELGSQILKEHPVENTQLQNEK 4 8,DIA12_CV486075:20251228_A2_N1_Mueller_MS_TechHub_IMP_THIDDIAXL003_Cas9_PhoX_DIA12_CV486075_250ng_FAIMS_003,1719575,,,Q99ZW2,,,false,Q99ZW2,Q99ZW2,,false,ELGSQILKEHPVENTQLQNEK,QSGKTILDFLK,790,674,8,4,797,677,,-1,4,0,1.007276,80.159666
Scan: 1010231 Run: DIA12_CV486075:20251228_A2_N1_Mueller_MS_TechHub_IMP_THIDDIAXL003_Cas9_PhoX_DIA12_CV486075_250ng_FAIMS_002 P1_QLKEDYFK P2_KDLIIK 3 1,DIA12_CV486075:20251228_A2_N1_Mueller_MS_TechHub_IMP_THIDDIAXL003_Cas9_PhoX_DIA12_CV486075_250ng_FAIMS_002,1010231,,,Q99ZW2,,,false,Q99ZW2,Q99ZW2,,false,KDLIIK,QLKEDYFK,1192,563,1,3,1192,565,,-1,3,0,1.007276,80.116467
Scan: 718877 Run: DIA12_CV486075:20251228_A2_N1_Mueller_MS_TechHub_IMP_THIDDIAXL003_Cas9_PhoX_DIA12_CV486075_250ng_FAIMS_002 P1_YDENDKLIR P2_SSFEKNPIDFLEAK 6 5,DIA12_CV486075:20251228_A2_N1_Mueller_MS_TechHub_IMP_THIDDIAXL003_Cas9_PhoX_DIA12_CV486075_250ng_FAIMS_002,718877,,,Q99ZW2,,,false,Q99ZW2,Q99ZW2,,false,SSFEKNPIDFLEAK,YDENDKLIR,1172,943,5,6,1176,948,,-1,4,0,1.007276,80.111076
Scan: 1329929 Run: DIA12_CV486075:20251228_A2_N1_Mueller_MS_TechHub_IMP_THIDDIAXL003_Cas9_PhoX_DIA12_CV486075_250ng_FAIMS_003 P1_VEKYGK P2_FKVLGNTDR 3 2,DIA12_CV486075:20251228_A2_N1_Mueller_MS_TechHub_IMP_THIDDIAXL003_Cas9_PhoX_DIA12_CV486075_250ng_FAIMS_003,1329929,,,Q99ZW2,,,false,decoy:Q99ZW2,decoy,decoy,true,FKVLGNTDR,VEKYGK,32,1186,2,3,33,1188,,-1,3,0,1.007276,80.098909
Scan: 594461 Run: DIA12_CV486075:20251228_A2_N1_Mueller_MS_TechHub_IMP_THIDDIAXL003_Cas9_PhoX_DIA12_CV486075_250ng_FAIMS_001 P1_KDFQFYK P2_ENQTTQKGQK 1 7,DIA12_CV486075:20251228_A2_N1_Mueller_MS_TechHub_IMP_THIDDIAXL003_Cas9_PhoX_DIA12_CV486075_250ng_FAIMS_001,594461,,,Q99ZW2,,,false,Q99ZW2,Q99ZW2,,false,ENQTTQKGQK,KDFQFYK,766,968,7,1,772,968,,-1,4,0,1.007276,80.097916
Scan: 1599161 Run: DIA12_CV486075:20251228_A2_N1_Mueller_MS_TechHub_IMP_THIDDIAXL003_Cas9_PhoX_DIA12_CV486075_250ng_FAIMS_003 P1_SSFEKNPIDFLEAK P2_KAIVDLLFK 5 1,DIA12_CV486075:20251228_A2_N1_Mueller_MS_TechHub_IMP_THIDDIAXL003_Cas9_PhoX_DIA12_CV486075_250ng_FAIMS_003,1599161,,,Q99ZW2,,,false,Q99ZW2,Q99ZW2,,false,KAIVDLLFK,SSFEKNPIDFLEAK,546,1172,1,5,546,1176,,-1,3,0,1.007276,80.095545
Scan: 1635294 Run: DIA12_CV486075:20251228_A2_N1_Mueller_MS_TechHub_IMP_THIDDIAXL003_Cas9_PhoX_DIA12_CV486075_250ng_FAIMS_003 P1_QSGKTILDFLK P2_EVKVITLK 4 3,DIA12_CV486075:20251228_A2_N1_Mueller_MS_TechHub_IMP_THIDDIAXL003_Cas9_PhoX_DIA12_CV486075_250ng_FAIMS_003,1635294,,,Q99ZW2,,,false,Q99ZW2,Q99ZW2,,false,EVKVITLK,QSGKTILDFLK,952,674,3,4,954,677,,-1,3,0,1.007276,79.997818
Scan: 1224762 Run: DIA12_CV486075:20251228_A2_N1_Mueller_MS_TechHub_IMP_THIDDIAXL003_Cas9_PhoX_DIA12_CV486075_250ng_FAIMS_003 P1_SEQEIGKATAK P2_RPLIETNGETGEIVWDKGR 7 17,DIA12_CV486075:20251228_A2_N1_Mueller_MS_TechHub_IMP_THIDDIAXL003_Cas9_PhoX_DIA12_CV486075_250ng_FAIMS_003,1224762,,,Q99ZW2,,,false,Q99ZW2,Q99ZW2,,false,RPLIETNGETGEIVWDKGR,SEQEIGKATAK,1060,1025,17,7,1076,1031,,-1,4,0,1.007276,79.994961
Scan: 260244 Run: DIA12_CV486075:20251228_A2_N1_Mueller_MS_TechHub_IMP_THIDDIAXL003_Cas9_PhoX_DIA12_CV486075_250ng_FAIMS_001 P1_YKEIFFDQSK P2_VMKQLK 2 3,DIA12_CV486075:20251228_A2_N1_Mueller_MS_TechHub_IMP_THIDDIAXL003_Cas9_PhoX_DIA12_CV486075_250ng_FAIMS_001,260244,,,Q99ZW2,,,false,Q99ZW2,Q99ZW2,,false,VMKQLK,YKEIFFDQSK,647,347,3,2,649,348,,-1,3,0,1.007276,79.944941
Scan: 1599413 Run: DIA12_CV486075:20251228_A2_N1_Mueller_MS_TechHub_IMP_THIDDIAXL003_Cas9_PhoX_DIA12_CV486075_250ng_FAIMS_003 P1_KLVDSTDK P2_KAIVDLLFK 1 1,DIA12_CV486075:20251228_A2_N1_Mueller_MS_TechHub_IMP_THIDDIAXL003_Cas9_PhoX_DIA12_CV486075_250ng_FAIMS_003,1599413,,,Q99ZW2,,,false,Q99ZW2,Q99ZW2,,false,KAIVDLLFK,KLVDSTDK,546,141,1,1,546,141,,-1,3,0,1.007276,79.910721
Scan: 825279 Run: DIA12_CV486075:20251228_A2_N1_Mueller_MS_TechHub_IMP_THIDDIAXL003_Cas9_PhoX_DIA12_CV486075_250ng_FAIMS_002 P1_SNFDLAEDAKLQLSK P2_KPAFLSGEQK 10 1,DIA12_CV486075:20251228_A2_N1_Mueller_MS_TechHub_IMP_THIDDIAXL003_Cas9_PhoX_DIA12_CV486075_250ng_FAIMS_002,825279,,,Q99ZW2,,,false,Q99ZW2,Q99ZW2,,false,KPAFLSGEQK,SNFDLAEDAKLQLSK,536,254,1,10,536,263,,-1,4,0,1.007276,79.910189
Scan: 1383328 Run: DIA12_CV486075:20251228_A2_N1_Mueller_MS_TechHub_IMP_THIDDIAXL003_Cas9_PhoX_DIA12_CV486075_250ng_FAIMS_003 P1_KKDWDPK P2_HPIFGNIVDEVAYHEKYPTIYHLR 1 16,DIA12_CV486075:20251228_A2_N1_Mueller_MS_TechHub_IMP_THIDDIAXL003_Cas9_PhoX_DIA12_CV486075_250ng_FAIMS_003,1383328,,,Q99ZW2,,,false,Q99ZW2,Q99ZW2,,false,HPIFGNIVDEVAYHEKYPTIYHLR,KKDWDPK,116,1123,16,1,131,1123,,-1,4,0,1.007276,79.858704
Scan: 1701324 Run: DIA12_CV486075:20251228_A2_N1_Mueller_MS_TechHub_IMP_THIDDIAXL003_Cas9_PhoX_DIA12_CV486075_250ng_FAIMS_003 P1_QGKQTTQNEK P2_KTEVQTGGFSKESILPK 3 11,DIA12_CV486075:20251228_A2_N1_Mueller_MS_TechHub_IMP_THIDDIAXL003_Cas9_PhoX_DIA12_CV486075_250ng_FAIMS_003,1701324,,,Q99ZW2,,,false,decoy:Q99ZW2,decoy,decoy,true,KTEVQTGGFSKESILPK,QGKQTTQNEK,1097,766,11,3,1107,768,,-1,3,0,1.007276,79.807898
Scan: 1758355 Run: DIA12_CV486075:20251228_A2_N1_Mueller_MS_TechHub_IMP_THIDDIAXL003_Cas9_PhoX_DIA12_CV486075_250ng_FAIMS_003 P1_TLNDFKK P2_DLIIKLPK 6 5,DIA12_CV486075:20251228_A2_N1_Mueller_MS_TechHub_IMP_THIDDIAXL003_Cas9_PhoX_DIA12_CV486075_250ng_FAIMS_003,1758355,,,Q99ZW2,,,false,decoy:Q99ZW2,decoy,decoy,true,DLIIKLPK,TLNDFKK,1193,896,5,6,1197,901,,-1,3,0,1.007276,79.806583
Scan: 1351841 Run: DIA12_CV486075:20251228_A2_N1_Mueller_MS_TechHub_IMP_THIDDIAXL003_Cas9_PhoX_DIA12_CV486075_250ng_FAIMS_003 P1_GNELALPSKYVNFLYLASHYEK P2_GKSDNVPSEEVVK 9 2,DIA12_CV486075:20251228_A2_N1_Mueller_MS_TechHub_IMP_THIDDIAXL003_Cas9_PhoX_DIA12_CV486075_250ng_FAIMS_003,1351841,,,Q99ZW2,,,false,Q99ZW2,Q99ZW2,,false,GKSDNVPSEEVVK,GNELALPSKYVNFLYLASHYEK,865,1223,2,9,866,1231,,-1,4,0,1.007276,79.724472
Scan: 1312576 Run: DIA12_CV486075:20251228_A2_N1_Mueller_MS_TechHub_IMP_THIDDIAXL003_Cas9_PhoX_DIA12_CV486075_250ng_FAIMS_003 P1_VLPKHSLLYEYFTVYNELTK P2_SSFEKNPIDFLEAK 4 5,DIA12_CV486075:20251228_A2_N1_Mueller_MS_TechHub_IMP_THIDDIAXL003_Cas9_PhoX_DIA12_CV486075_250ng_FAIMS_003,1312576,,,Q99ZW2,,,false,Q99ZW2,Q99ZW2,,false,SSFEKNPIDFLEAK,VLPKHSLLYEYFTVYNELTK,1172,507,5,4,1176,510,,-1,5,0,1.007276,79.695068
Scan: 806158 Run: DIA12_CV486075:20251228_A2_N1_Mueller_MS_TechHub_IMP_THIDDIAXL003_Cas9_PhoX_DIA12_CV486075_250ng_FAIMS_002 P1_SKSLR P2_KLINGIR 2 1,DIA12_CV486075:20251228_A2_N1_Mueller_MS_TechHub_IMP_THIDDIAXL003_Cas9_PhoX_DIA12_CV486075_250ng_FAIMS_002,806158,,,Q99ZW2,,,false,decoy:Q99ZW2,decoy,decoy,true,KLINGIR,SKSLR,665,216,1,2,665,217,,-1,3,0,1.007276,79.653135
Scan: 266221 Run: DIA12_CV486075:20251228_A2_N1_Mueller_MS_TechHub_IMP_THIDDIAXL003_Cas9_PhoX_DIA12_CV486075_250ng_FAIMS_001 P1_SQDFFIEKYK P2_FKVLGNTDR 8 2,DIA12_CV486075:20251228_A2_N1_Mueller_MS_TechHub_IMP_THIDDIAXL003_Cas9_PhoX_DIA12_CV486075_250ng_FAIMS_001,266221,,,Q99ZW2,,,false,decoy:Q99ZW2,decoy,decoy,true,FKVLGNTDR,SQDFFIEKYK,32,347,2,8,33,354,,-1,3,0,1.007276,79.651035
Scan: 891717 Run: DIA12_CV486075:20251228_A2_N1_Mueller_MS_TechHub_IMP_THIDDIAXL003_Cas9_PhoX_DIA12_CV486075_250ng_FAIMS_002 P1_KDFQFYK P2_IEKILTFR 1 3,DIA12_CV486075:20251228_A2_N1_Mueller_MS_TechHub_IMP_THIDDIAXL003_Cas9_PhoX_DIA12_CV486075_250ng_FAIMS_002,891717,,,Q99ZW2,,,false,Q99ZW2,Q99ZW2,,false,IEKILTFR,KDFQFYK,440,968,3,1,442,968,,-1,4,0,1.007276,79.649948
Scan: 1341736 Run: DIA12_CV486075:20251228_A2_N1_Mueller_MS_TechHub_IMP_THIDDIAXL003_Cas9_PhoX_DIA12_CV486075_250ng_FAIMS_003 P1_LPKYSLFELENGR P2_GILQTVKVVDELVK 3 7,DIA12_CV486075:20251228_A2_N1_Mueller_MS_TechHub_IMP_THIDDIAXL003_Cas9_PhoX_DIA12_CV486075_250ng_FAIMS_003,1341736,,,Q99ZW2,,,false,Q99ZW2,Q99ZW2,,false,GILQTVKVVDELVK,LPKYSLFELENGR,736,1198,7,3,742,1200,,-1,4,0,1.007276,79.640413
Scan: 1634116 Run: DIA12_CV486075:20251228_A2_N1_Mueller_MS_TechHub_IMP_THIDDIAXL003_Cas9_PhoX_DIA12_CV486075_250ng_FAIMS_003 P1_QSGKTILDFLK P2_DLIIKLPK 4 5,DIA12_CV486075:20251228_A2_N1_Mueller_MS_TechHub_IMP_THIDDIAXL003_Cas9_PhoX_DIA12_CV486075_250ng_FAIMS_003,1634116,,,Q99ZW2,,,false,Q99ZW2,Q99ZW2,,false,DLIIKLPK,QSGKTILDFLK,1193,674,5,4,1197,677,,-1,3,0,1.007276,79.636909
Scan: 1608257 Run: DIA12_CV486075:20251228_A2_N1_Mueller_MS_TechHub_IMP_THIDDIAXL003_Cas9_PhoX_DIA12_CV486075_250ng_FAIMS_003 P1_QLKEDYFK P2_IEEGIKELGSQILK 3 6,DIA12_CV486075:20251228_A2_N1_Mueller_MS_TechHub_IMP_THIDDIAXL003_Cas9_PhoX_DIA12_CV486075_250ng_FAIMS_003,1608257,,,Q99ZW2,,,false,Q99ZW2,Q99ZW2,,false,IEEGIKELGSQILK,QLKEDYFK,784,563,6,3,789,565,,-1,4,0,1.007276,79.627785
Scan: 1093571 Run: DIA12_CV486075:20251228_A2_N1_Mueller_MS_TechHub_IMP_THIDDIAXL003_Cas9_PhoX_DIA12_CV486075_250ng_FAIMS_002 P1_GILQTVKVVDELVK P2_EDIQKAQVSGQGDSLHEHIANLAGSPAIK 7 5,DIA12_CV486075:20251228_A2_N1_Mueller_MS_TechHub_IMP_THIDDIAXL003_Cas9_PhoX_DIA12_CV486075_250ng_FAIMS_002,1093571,,,Q99ZW2,,,false,Q99ZW2,Q99ZW2,,false,EDIQKAQVSGQGDSLHEHIANLAGSPAIK,GILQTVKVVDELVK,706,736,5,7,710,742,,-1,4,0,1.007276,79.616814
Scan: 1651778 Run: DIA12_CV486075:20251228_A2_N1_Mueller_MS_TechHub_IMP_THIDDIAXL003_Cas9_PhoX_DIA12_CV486075_250ng_FAIMS_003 P1_IEKILTFR P2_EDIQKAQVSGQGDSLHEHIANLAGSPAIK 3 5,DIA12_CV486075:20251228_A2_N1_Mueller_MS_TechHub_IMP_THIDDIAXL003_Cas9_PhoX_DIA12_CV486075_250ng_FAIMS_003,1651778,,,Q99ZW2,,,false,Q99ZW2,Q99ZW2,,false,EDIQKAQVSGQGDSLHEHIANLAGSPAIK,IEKILTFR,706,440,5,3,710,442,,-1,5,0,1.007276,79.60742
Scan: 513121 Run: DIA12_CV486075:20251228_A2_N1_Mueller_MS_TechHub_IMP_THIDDIAXL003_Cas9_PhoX_DIA12_CV486075_250ng_FAIMS_001 P1_SNKQGR P2_DDSIDNKVLTR 3 7,DIA12_CV486075:20251228_A2_N1_Mueller_MS_TechHub_IMP_THIDDIAXL003_Cas9_PhoX_DIA12_CV486075_250ng_FAIMS_001,513121,,,Q99ZW2,,,false,decoy:Q99ZW2,decoy,decoy,true,DDSIDNKVLTR,SNKQGR,849,773,7,3,855,775,,-1,4,0,1.007276,79.585661
Scan: 1484294 Run: DIA12_CV486075:20251228_A2_N1_Mueller_MS_TechHub_IMP_THIDDIAXL003_Cas9_PhoX_DIA12_CV486075_250ng_FAIMS_003 P1_RQEDFYPFLKDNR P2_KPAFLSGEQK 10 1,DIA12_CV486075:20251228_A2_N1_Mueller_MS_TechHub_IMP_THIDDIAXL003_Cas9_PhoX_DIA12_CV486075_250ng_FAIMS_003,1484294,,,Q99ZW2,,,false,Q99ZW2,Q99ZW2,,false,KPAFLSGEQK,RQEDFYPFLKDNR,536,425,1,10,536,434,,-1,3,0,1.007276,79.48543
Scan: 1740604 Run: DIA12_CV486075:20251228_A2_N1_Mueller_MS_TechHub_IMP_THIDDIAXL003_Cas9_PhoX_DIA12_CV486075_250ng_FAIMS_003 P1_YKEIFFDQSK P2_GKSDNVPSEEVVK 2 2,DIA12_CV486075:20251228_A2_N1_Mueller_MS_TechHub_IMP_THIDDIAXL003_Cas9_PhoX_DIA12_CV486075_250ng_FAIMS_003,1740604,,,Q99ZW2,,,false,Q99ZW2,Q99ZW2,,false,GKSDNVPSEEVVK,YKEIFFDQSK,865,347,2,2,866,348,,-1,4,0,1.007276,79.475517
Scan: 1309797 Run: DIA12_CV486075:20251228_A2_N1_Mueller_MS_TechHub_IMP_THIDDIAXL003_Cas9_PhoX_DIA12_CV486075_250ng_FAIMS_003 P1_VLSAYNKHR P2_SSFEKNPIDFLEAK 7 5,DIA12_CV486075:20251228_A2_N1_Mueller_MS_TechHub_IMP_THIDDIAXL003_Cas9_PhoX_DIA12_CV486075_250ng_FAIMS_003,1309797,,,Q99ZW2,,,false,Q99ZW2,Q99ZW2,,false,SSFEKNPIDFLEAK,VLSAYNKHR,1172,1290,5,7,1176,1296,,-1,4,0,1.007276,79.434797
Scan: 427228 Run: DIA12_CV486075:20251228_A2_N1_Mueller_MS_TechHub_IMP_THIDDIAXL003_Cas9_PhoX_DIA12_CV486075_250ng_FAIMS_001 P1_VMKQLK P2_KDLIIK 3 1,DIA12_CV486075:20251228_A2_N1_Mueller_MS_TechHub_IMP_THIDDIAXL003_Cas9_PhoX_DIA12_CV486075_250ng_FAIMS_001,427228,,,Q99ZW2,,,false,Q99ZW2,Q99ZW2,,false,KDLIIK,VMKQLK,1192,647,1,3,1192,649,,-1,3,0,1.007276,79.404161
Scan: 560953 Run: DIA12_CV486075:20251228_A2_N1_Mueller_MS_TechHub_IMP_THIDDIAXL003_Cas9_PhoX_DIA12_CV486075_250ng_FAIMS_001 P1_KFDNLTK P2_DLIIKLPK 1 5,DIA12_CV486075:20251228_A2_N1_Mueller_MS_TechHub_IMP_THIDDIAXL003_Cas9_PhoX_DIA12_CV486075_250ng_FAIMS_001,560953,,,Q99ZW2,,,false,Q99ZW2,Q99ZW2,,false,DLIIKLPK,KFDNLTK,1193,896,5,1,1197,896,,-1,3,0,1.007276,79.375999
Scan: 1184788 Run: DIA12_CV486075:20251228_A2_N1_Mueller_MS_TechHub_IMP_THIDDIAXL003_Cas9_PhoX_DIA12_CV486075_250ng_FAIMS_002 P1_ILKDNEDYR P2_EVKVITLK 3 3,DIA12_CV486075:20251228_A2_N1_Mueller_MS_TechHub_IMP_THIDDIAXL003_Cas9_PhoX_DIA12_CV486075_250ng_FAIMS_002,1184788,,,Q99ZW2,,,false,decoy:Q99ZW2,decoy,decoy,true,EVKVITLK,ILKDNEDYR,952,943,3,3,954,945,,-1,3,0,1.007276,79.359636
Scan: 941260 Run: DIA12_CV486075:20251228_A2_N1_Mueller_MS_TechHub_IMP_THIDDIAXL003_Cas9_PhoX_DIA12_CV486075_250ng_FAIMS_002 P1_KSEETITPWNFEEVVDKGASAQSFIER P2_FKVLGNTDR 17 2,DIA12_CV486075:20251228_A2_N1_Mueller_MS_TechHub_IMP_THIDDIAXL003_Cas9_PhoX_DIA12_CV486075_250ng_FAIMS_002,941260,,,Q99ZW2,,,false,Q99ZW2,Q99ZW2,,false,FKVLGNTDR,KSEETITPWNFEEVVDKGASAQSFIER,32,468,2,17,33,484,,-1,4,0,1.007276,79.344727
Scan: 452081 Run: DIA12_CV486075:20251228_A2_N1_Mueller_MS_TechHub_IMP_THIDDIAXL003_Cas9_PhoX_DIA12_CV486075_250ng_FAIMS_001 P1_KTEVQTGGFSKESILPK P2_EDIQKAQVSGQGDSLHEHIANLAGSPAIK 11 5,DIA12_CV486075:20251228_A2_N1_Mueller_MS_TechHub_IMP_THIDDIAXL003_Cas9_PhoX_DIA12_CV486075_250ng_FAIMS_001,452081,,,Q99ZW2,,,false,Q99ZW2,Q99ZW2,,false,EDIQKAQVSGQGDSLHEHIANLAGSPAIK,KTEVQTGGFSKESILPK,706,1097,5,11,710,1107,,-1,6,0,1.007276,79.343596
Scan: 1193956 Run: DIA12_CV486075:20251228_A2_N1_Mueller_MS_TechHub_IMP_THIDDIAXL003_Cas9_PhoX_DIA12_CV486075_250ng_FAIMS_002 P1_YFQFDKK P2_SKLVSDFR 6 2,DIA12_CV486075:20251228_A2_N1_Mueller_MS_TechHub_IMP_THIDDIAXL003_Cas9_PhoX_DIA12_CV486075_250ng_FAIMS_002,1193956,,,Q99ZW2,,,false,decoy:Q99ZW2,decoy,decoy,true,SKLVSDFR,YFQFDKK,960,968,2,6,961,973,,-1,4,0,1.007276,79.322493
Scan: 216692 Run: DIA12_CV486075:20251228_A2_N1_Mueller_MS_TechHub_IMP_THIDDIAXL003_Cas9_PhoX_DIA12_CV486075_250ng_FAIMS_001 P1_LENLIAQLPGEKK P2_ELGSQILKEHPVENTQLQNEK 12 8,DIA12_CV486075:20251228_A2_N1_Mueller_MS_TechHub_IMP_THIDDIAXL003_Cas9_PhoX_DIA12_CV486075_250ng_FAIMS_001,216692,,,Q99ZW2,,,false,Q99ZW2,Q99ZW2,,false,ELGSQILKEHPVENTQLQNEK,LENLIAQLPGEKK,790,222,8,12,797,233,,-1,4,0,1.007276,79.319342
Scan: 1739816 Run: DIA12_CV486075:20251228_A2_N1_Mueller_MS_TechHub_IMP_THIDDIAXL003_Cas9_PhoX_DIA12_CV486075_250ng_FAIMS_003 P1_KDWDPK P2_GKSDNVPSEEVVK 1 2,DIA12_CV486075:20251228_A2_N1_Mueller_MS_TechHub_IMP_THIDDIAXL003_Cas9_PhoX_DIA12_CV486075_250ng_FAIMS_003,1739816,,,Q99ZW2,,,false,Q99ZW2,Q99ZW2,,false,GKSDNVPSEEVVK,KDWDPK,865,1124,2,1,866,1124,,-1,3,0,1.007276,79.307152
Scan: 1694324 Run: DIA12_CV486075:20251228_A2_N1_Mueller_MS_TechHub_IMP_THIDDIAXL003_Cas9_PhoX_DIA12_CV486075_250ng_FAIMS_003 P1_KDFQFYK P2_GILQTVKVVDELVK 1 7,DIA12_CV486075:20251228_A2_N1_Mueller_MS_TechHub_IMP_THIDDIAXL003_Cas9_PhoX_DIA12_CV486075_250ng_FAIMS_003,1694324,,,Q99ZW2,,,false,Q99ZW2,Q99ZW2,,false,GILQTVKVVDELVK,KDFQFYK,736,968,7,1,742,968,,-1,4,0,1.007276,79.278477
Scan: 541672 Run: DIA12_CV486075:20251228_A2_N1_Mueller_MS_TechHub_IMP_THIDDIAXL003_Cas9_PhoX_DIA12_CV486075_250ng_FAIMS_001 P1_KLINGIR P2_DDSIDNKVLTR 1 7,DIA12_CV486075:20251228_A2_N1_Mueller_MS_TechHub_IMP_THIDDIAXL003_Cas9_PhoX_DIA12_CV486075_250ng_FAIMS_001,541672,,,Q99ZW2,,,false,Q99ZW2,Q99ZW2,,false,DDSIDNKVLTR,KLINGIR,849,665,7,1,855,665,,-1,3,0,1.007276,79.269194
Scan: 826782 Run: DIA12_CV486075:20251228_A2_N1_Mueller_MS_TechHub_IMP_THIDDIAXL003_Cas9_PhoX_DIA12_CV486075_250ng_FAIMS_002 P1_KFKVLGNTDR P2_KFKVLGNTDR 1 1,DIA12_CV486075:20251228_A2_N1_Mueller_MS_TechHub_IMP_THIDDIAXL003_Cas9_PhoX_DIA12_CV486075_250ng_FAIMS_002,826782,,,Q99ZW2,,,false,Q99ZW2,Q99ZW2,,false,KFKVLGNTDR,KFKVLGNTDR,31,31,1,1,31,31,,-1,3,0,1.007276,79.252096
Scan: 981226 Run: DIA12_CV486075:20251228_A2_N1_Mueller_MS_TechHub_IMP_THIDDIAXL003_Cas9_PhoX_DIA12_CV486075_250ng_FAIMS_002 P1_VLPKHSLLYEYFTVYNELTK P2_KPAFLSGEQK 4 1,DIA12_CV486075:20251228_A2_N1_Mueller_MS_TechHub_IMP_THIDDIAXL003_Cas9_PhoX_DIA12_CV486075_250ng_FAIMS_002,981226,,,Q99ZW2,,,false,Q99ZW2,Q99ZW2,,false,KPAFLSGEQK,VLPKHSLLYEYFTVYNELTK,536,507,1,4,536,510,,-1,4,0,1.007276,79.24728
Scan: 208793 Run: DIA12_CV486075:20251228_A2_N1_Mueller_MS_TechHub_IMP_THIDDIAXL003_Cas9_PhoX_DIA12_CV486075_250ng_FAIMS_001 P1_SKSLR P2_DDSIDNKVLTR 2 7,DIA12_CV486075:20251228_A2_N1_Mueller_MS_TechHub_IMP_THIDDIAXL003_Cas9_PhoX_DIA12_CV486075_250ng_FAIMS_001,208793,,,Q99ZW2,,,false,decoy:Q99ZW2,decoy,decoy,true,DDSIDNKVLTR,SKSLR,849,216,7,2,855,217,,-1,3,0,1.007276,79.239708
Scan: 1581768 Run: DIA12_CV486075:20251228_A2_N1_Mueller_MS_TechHub_IMP_THIDDIAXL003_Cas9_PhoX_DIA12_CV486075_250ng_FAIMS_003 P1_KPAFLSGEQK P2_KLINGIR 1 1,DIA12_CV486075:20251228_A2_N1_Mueller_MS_TechHub_IMP_THIDDIAXL003_Cas9_PhoX_DIA12_CV486075_250ng_FAIMS_003,1581768,,,Q99ZW2,,,false,Q99ZW2,Q99ZW2,,false,KLINGIR,KPAFLSGEQK,665,536,1,1,665,536,,-1,4,0,1.007276,79.228994
Scan: 510050 Run: DIA12_CV486075:20251228_A2_N1_Mueller_MS_TechHub_IMP_THIDDIAXL003_Cas9_PhoX_DIA12_CV486075_250ng_FAIMS_001 P1_KSEETITPWNFEEVVDKGASAQSFIER P2_ENQTTQKGQK 17 7,DIA12_CV486075:20251228_A2_N1_Mueller_MS_TechHub_IMP_THIDDIAXL003_Cas9_PhoX_DIA12_CV486075_250ng_FAIMS_001,510050,,,Q99ZW2,,,false,Q99ZW2,Q99ZW2,,false,ENQTTQKGQK,KSEETITPWNFEEVVDKGASAQSFIER,766,468,7,17,772,484,,-1,4,0,1.007276,79.217382
Scan: 1021974 Run: DIA12_CV486075:20251228_A2_N1_Mueller_MS_TechHub_IMP_THIDDIAXL003_Cas9_PhoX_DIA12_CV486075_250ng_FAIMS_002 P1_LKTYAHLFDDK P2_KAIVDLLFK 2 1,DIA12_CV486075:20251228_A2_N1_Mueller_MS_TechHub_IMP_THIDDIAXL003_Cas9_PhoX_DIA12_CV486075_250ng_FAIMS_002,1021974,,,Q99ZW2,,,false,Q99ZW2,Q99ZW2,,false,KAIVDLLFK,LKTYAHLFDDK,546,636,1,2,546,637,,-1,4,0,1.007276,79.179237
Scan: 1553327 Run: DIA12_CV486075:20251228_A2_N1_Mueller_MS_TechHub_IMP_THIDDIAXL003_Cas9_PhoX_DIA12_CV486075_250ng_FAIMS_003 P1_MTNFDKNLPNEK P2_DKQSGK 6 2,DIA12_CV486075:20251228_A2_N1_Mueller_MS_TechHub_IMP_THIDDIAXL003_Cas9_PhoX_DIA12_CV486075_250ng_FAIMS_003,1553327,,,Q99ZW2,,,false,Q99ZW2,Q99ZW2,,false,DKQSGK,MTNFDKNLPNEK,672,495,2,6,673,500,,-1,3,0,1.007276,79.146069
