LinkID,PeptidePairIDs,PSMIDs,Protein1,Name1,Description1,Decoy1,Protein2,Name2,Description2,Decoy2,fromSite,ToSite,Croslinkers,Score,isDecoy,isTT,isTD,isDD,count PSMs,count peptide pairs,fdrGroup,fdr,ifdr,PEP,DIA12_CV486075:20251228_A2_N1_Mueller_MS_TechHub_IMP_THIDDIAXL003_Cas9_PhoX_DIA12_CV486075_250ng_FAIMS_003,DIA12_CV486075:20251228_A2_N1_Mueller_MS_TechHub_IMP_THIDDIAXL003_Cas9_PhoX_DIA12_CV486075_250ng_FAIMS_002,DIA12_CV486075:20251228_A2_N1_Mueller_MS_TechHub_IMP_THIDDIAXL003_Cas9_PhoX_DIA12_CV486075_250ng_FAIMS_001,,Protein1FDR,Protein2FDR,PPIFDR,,top pep fdr,top psm fdr,,PPI id
624,410;1688;1611;1365;731;531;423;825,Scan: 83602 Run: DIA12_CV486075:20251228_A2_N1_Mueller_MS_TechHub_IMP_THIDDIAXL003_Cas9_PhoX_DIA12_CV486075_250ng_FAIMS_001 P1_RNSDKLIAR P2_KDWDPKK 5 1;Scan: 680988 Run: DIA12_CV486075:20251228_A2_N1_Mueller_MS_TechHub_IMP_THIDDIAXL003_Cas9_PhoX_DIA12_CV486075_250ng_FAIMS_002 P1_RNSDKLIAR P2_KDWDPKK 5 1;Scan: 97571 Run: DIA12_CV486075:20251228_A2_N1_Mueller_MS_TechHub_IMP_THIDDIAXL003_Cas9_PhoX_DIA12_CV486075_250ng_FAIMS_001 P1_RNSDKLIAR P2_KDWDPKK 5 1;Scan: 680864 Run: DIA12_CV486075:20251228_A2_N1_Mueller_MS_TechHub_IMP_THIDDIAXL003_Cas9_PhoX_DIA12_CV486075_250ng_FAIMS_002 P1_NSDKLIAR P2_KDWDPKK 4 1;Scan: 694980 Run: DIA12_CV486075:20251228_A2_N1_Mueller_MS_TechHub_IMP_THIDDIAXL003_Cas9_PhoX_DIA12_CV486075_250ng_FAIMS_002 P1_NSDKLIAR P2_KDWDPKK 4 1;Scan: 83240 Run: DIA12_CV486075:20251228_A2_N1_Mueller_MS_TechHub_IMP_THIDDIAXL003_Cas9_PhoX_DIA12_CV486075_250ng_FAIMS_001 P1_NSDKLIAR P2_KDWDPK 4 1;Scan: 1292272 Run: DIA12_CV486075:20251228_A2_N1_Mueller_MS_TechHub_IMP_THIDDIAXL003_Cas9_PhoX_DIA12_CV486075_250ng_FAIMS_003 P1_NSDKLIAR P2_KDWDPK 4 1;Scan: 83409 Run: DIA12_CV486075:20251228_A2_N1_Mueller_MS_TechHub_IMP_THIDDIAXL003_Cas9_PhoX_DIA12_CV486075_250ng_FAIMS_001 P1_RNSDKLIAR P2_KDWDPK 5 1;Scan: 1278249 Run: DIA12_CV486075:20251228_A2_N1_Mueller_MS_TechHub_IMP_THIDDIAXL003_Cas9_PhoX_DIA12_CV486075_250ng_FAIMS_003 P1_RNSDKLIAR P2_KDWDPK 5 1;Scan: 83503 Run: DIA12_CV486075:20251228_A2_N1_Mueller_MS_TechHub_IMP_THIDDIAXL003_Cas9_PhoX_DIA12_CV486075_250ng_FAIMS_001 P1_NSDKLIAR P2_KKDWDPK 4 2;Scan: 694889 Run: DIA12_CV486075:20251228_A2_N1_Mueller_MS_TechHub_IMP_THIDDIAXL003_Cas9_PhoX_DIA12_CV486075_250ng_FAIMS_002 P1_NSDKLIAR P2_KKDWDPK 4 2;Scan: 97660 Run: DIA12_CV486075:20251228_A2_N1_Mueller_MS_TechHub_IMP_THIDDIAXL003_Cas9_PhoX_DIA12_CV486075_250ng_FAIMS_001 P1_RNSDKLIAR P2_KKDWDPK 5 2;Scan: 97621 Run: DIA12_CV486075:20251228_A2_N1_Mueller_MS_TechHub_IMP_THIDDIAXL003_Cas9_PhoX_DIA12_CV486075_250ng_FAIMS_001 P1_RNSDKLIAR P2_KKDWDPK 5 2;Scan: 695149 Run: DIA12_CV486075:20251228_A2_N1_Mueller_MS_TechHub_IMP_THIDDIAXL003_Cas9_PhoX_DIA12_CV486075_250ng_FAIMS_002 P1_NSDKLIARK P2_KDWDPK 4 1;Scan: 1278340 Run: DIA12_CV486075:20251228_A2_N1_Mueller_MS_TechHub_IMP_THIDDIAXL003_Cas9_PhoX_DIA12_CV486075_250ng_FAIMS_003 P1_NSDKLIARK P2_KDWDPK 4 1;Scan: 1278221 Run: DIA12_CV486075:20251228_A2_N1_Mueller_MS_TechHub_IMP_THIDDIAXL003_Cas9_PhoX_DIA12_CV486075_250ng_FAIMS_003 P1_NSDKLIAR P2_KKDWDPKK 4 2,Q99ZW2,null,,false,Q99ZW2,null,,false,1124,1118,,39.403833,false,true,false,false,16,8,Self,0,0,0.001076,10.105794,11.056593,10.434279,,0,0,0,,0,0,,0
53,841;649;460;772;487;65,Scan: 661976 Run: DIA12_CV486075:20251228_A2_N1_Mueller_MS_TechHub_IMP_THIDDIAXL003_Cas9_PhoX_DIA12_CV486075_250ng_FAIMS_002 P1_KTEVQTGGFSKESILPK P2_KDWDPK 11 1;Scan: 64461 Run: DIA12_CV486075:20251228_A2_N1_Mueller_MS_TechHub_IMP_THIDDIAXL003_Cas9_PhoX_DIA12_CV486075_250ng_FAIMS_001 P1_KTEVQTGGFSKESILPK P2_KDWDPK 11 1;Scan: 694284 Run: DIA12_CV486075:20251228_A2_N1_Mueller_MS_TechHub_IMP_THIDDIAXL003_Cas9_PhoX_DIA12_CV486075_250ng_FAIMS_002 P1_KTEVQTGGFSKESILPK P2_KKDWDPK 11 2;Scan: 96782 Run: DIA12_CV486075:20251228_A2_N1_Mueller_MS_TechHub_IMP_THIDDIAXL003_Cas9_PhoX_DIA12_CV486075_250ng_FAIMS_001 P1_KTEVQTGGFSKESILPK P2_KKDWDPK 11 2;Scan: 1259458 Run: DIA12_CV486075:20251228_A2_N1_Mueller_MS_TechHub_IMP_THIDDIAXL003_Cas9_PhoX_DIA12_CV486075_250ng_FAIMS_003 P1_TEVQTGGFSKESILPK P2_KDWDPK 10 1;Scan: 694388 Run: DIA12_CV486075:20251228_A2_N1_Mueller_MS_TechHub_IMP_THIDDIAXL003_Cas9_PhoX_DIA12_CV486075_250ng_FAIMS_002 P1_TEVQTGGFSKESILPK P2_KDWDPK 10 1;Scan: 1291804 Run: DIA12_CV486075:20251228_A2_N1_Mueller_MS_TechHub_IMP_THIDDIAXL003_Cas9_PhoX_DIA12_CV486075_250ng_FAIMS_003 P1_TEVQTGGFSKESILPK P2_KKDWDPK 10 2;Scan: 1291860 Run: DIA12_CV486075:20251228_A2_N1_Mueller_MS_TechHub_IMP_THIDDIAXL003_Cas9_PhoX_DIA12_CV486075_250ng_FAIMS_003 P1_KTEVQTGGFSKESILPK P2_KDWDPKK 11 1;Scan: 694449 Run: DIA12_CV486075:20251228_A2_N1_Mueller_MS_TechHub_IMP_THIDDIAXL003_Cas9_PhoX_DIA12_CV486075_250ng_FAIMS_002 P1_KTEVQTGGFSKESILPK P2_KKDWDPKK 11 2,Q99ZW2,null,,false,Q99ZW2,null,,false,1124,1107,,28.836151,false,true,false,false,9,6,Self,0,0.000381,0.001078,9.783086,9.836029,9.857293,,0,0,0,,0,0,,0
817,1435;1736;1730;1117,Scan: 62961 Run: DIA12_CV486075:20251228_A2_N1_Mueller_MS_TechHub_IMP_THIDDIAXL003_Cas9_PhoX_DIA12_CV486075_250ng_FAIMS_001 P1_NSDKLIAR P2_KTEVQTGGFSKESILPK 4 11;Scan: 1257870 Run: DIA12_CV486075:20251228_A2_N1_Mueller_MS_TechHub_IMP_THIDDIAXL003_Cas9_PhoX_DIA12_CV486075_250ng_FAIMS_003 P1_NSDKLIAR P2_KTEVQTGGFSKESILPK 4 11;Scan: 660415 Run: DIA12_CV486075:20251228_A2_N1_Mueller_MS_TechHub_IMP_THIDDIAXL003_Cas9_PhoX_DIA12_CV486075_250ng_FAIMS_002 P1_NSDKLIAR P2_KTEVQTGGFSKESILPK 4 11;Scan: 660235 Run: DIA12_CV486075:20251228_A2_N1_Mueller_MS_TechHub_IMP_THIDDIAXL003_Cas9_PhoX_DIA12_CV486075_250ng_FAIMS_002 P1_TEVQTGGFSKESILPK P2_NSDKLIAR 10 4;Scan: 62919 Run: DIA12_CV486075:20251228_A2_N1_Mueller_MS_TechHub_IMP_THIDDIAXL003_Cas9_PhoX_DIA12_CV486075_250ng_FAIMS_001 P1_TEVQTGGFSKESILPK P2_NSDKLIAR 10 4;Scan: 679427 Run: DIA12_CV486075:20251228_A2_N1_Mueller_MS_TechHub_IMP_THIDDIAXL003_Cas9_PhoX_DIA12_CV486075_250ng_FAIMS_002 P1_TEVQTGGFSKESILPK P2_RNSDKLIAR 10 5;Scan: 1258127 Run: DIA12_CV486075:20251228_A2_N1_Mueller_MS_TechHub_IMP_THIDDIAXL003_Cas9_PhoX_DIA12_CV486075_250ng_FAIMS_003 P1_RNSDKLIAR P2_KTEVQTGGFSKESILPK 5 11,Q99ZW2,null,,false,Q99ZW2,null,,false,1107,1118,,27.222107,false,true,false,false,7,4,Self,0,0.00044,0.001079,10.654342,10.312254,10.561948,,0,0,0,,0,0,,0
59,478;1077;787;71,Scan: 1293111 Run: DIA12_CV486075:20251228_A2_N1_Mueller_MS_TechHub_IMP_THIDDIAXL003_Cas9_PhoX_DIA12_CV486075_250ng_FAIMS_003 P1_KLINGIR P2_KDWDPK 1 1;Scan: 1623136 Run: DIA12_CV486075:20251228_A2_N1_Mueller_MS_TechHub_IMP_THIDDIAXL003_Cas9_PhoX_DIA12_CV486075_250ng_FAIMS_003 P1_KLINGIR P2_KDWDPK 1 1;Scan: 428321 Run: DIA12_CV486075:20251228_A2_N1_Mueller_MS_TechHub_IMP_THIDDIAXL003_Cas9_PhoX_DIA12_CV486075_250ng_FAIMS_001 P1_KLINGIR P2_KKDWDPK 1 2;Scan: 1025746 Run: DIA12_CV486075:20251228_A2_N1_Mueller_MS_TechHub_IMP_THIDDIAXL003_Cas9_PhoX_DIA12_CV486075_250ng_FAIMS_002 P1_KLINGIR P2_KKDWDPK 1 2;Scan: 1025835 Run: DIA12_CV486075:20251228_A2_N1_Mueller_MS_TechHub_IMP_THIDDIAXL003_Cas9_PhoX_DIA12_CV486075_250ng_FAIMS_002 P1_KLINGIR P2_KDWDPKK 1 1;Scan: 98265 Run: DIA12_CV486075:20251228_A2_N1_Mueller_MS_TechHub_IMP_THIDDIAXL003_Cas9_PhoX_DIA12_CV486075_250ng_FAIMS_001 P1_KLINGIR P2_KDWDPKK 1 1;Scan: 1623240 Run: DIA12_CV486075:20251228_A2_N1_Mueller_MS_TechHub_IMP_THIDDIAXL003_Cas9_PhoX_DIA12_CV486075_250ng_FAIMS_003 P1_KLINGIR P2_KKDWDPKK 1 2,Q99ZW2,null,,false,Q99ZW2,null,,false,1124,665,,25.726832,false,true,false,false,7,4,Self,0,0.000494,0.00108,10.175424,9.893551,9.746024,,0,0,0,,0,0,,0
704,1007;736;512;939,Scan: 68314 Run: DIA12_CV486075:20251228_A2_N1_Mueller_MS_TechHub_IMP_THIDDIAXL003_Cas9_PhoX_DIA12_CV486075_250ng_FAIMS_001 P1_KTEVQTGGFSKESILPK P2_DLIIKLPK 11 5;Scan: 665725 Run: DIA12_CV486075:20251228_A2_N1_Mueller_MS_TechHub_IMP_THIDDIAXL003_Cas9_PhoX_DIA12_CV486075_250ng_FAIMS_002 P1_KTEVQTGGFSKESILPK P2_DLIIKLPK 11 5;Scan: 68660 Run: DIA12_CV486075:20251228_A2_N1_Mueller_MS_TechHub_IMP_THIDDIAXL003_Cas9_PhoX_DIA12_CV486075_250ng_FAIMS_001 P1_TEVQTGGFSKESILPK P2_DLIIKLPK 10 5;Scan: 140251 Run: DIA12_CV486075:20251228_A2_N1_Mueller_MS_TechHub_IMP_THIDDIAXL003_Cas9_PhoX_DIA12_CV486075_250ng_FAIMS_001 P1_TEVQTGGFSKESILPK P2_DLIIKLPK 10 5;Scan: 1263467 Run: DIA12_CV486075:20251228_A2_N1_Mueller_MS_TechHub_IMP_THIDDIAXL003_Cas9_PhoX_DIA12_CV486075_250ng_FAIMS_003 P1_KTEVQTGGFSKESILPK P2_KDLIIKLPK 11 6;Scan: 1263417 Run: DIA12_CV486075:20251228_A2_N1_Mueller_MS_TechHub_IMP_THIDDIAXL003_Cas9_PhoX_DIA12_CV486075_250ng_FAIMS_003 P1_KTEVQTGGFSKESILPK P2_KDLIIKLPK 11 6;Scan: 1263701 Run: DIA12_CV486075:20251228_A2_N1_Mueller_MS_TechHub_IMP_THIDDIAXL003_Cas9_PhoX_DIA12_CV486075_250ng_FAIMS_003 P1_TEVQTGGFSKESILPK P2_KDLIIKLPK 10 6,Q99ZW2,null,,false,Q99ZW2,null,,false,1197,1107,,25.603213,false,true,false,false,7,4,Self,0,0.000498,0.00108,9.730676,9.705833,9.978736,,0,0,0,,0,0,,0
781,1675;750;1577;1058,Scan: 73330 Run: DIA12_CV486075:20251228_A2_N1_Mueller_MS_TechHub_IMP_THIDDIAXL003_Cas9_PhoX_DIA12_CV486075_250ng_FAIMS_001 P1_KTEVQTGGFSKESILPK P2_EDIQKAQVSGQGDSLHEHIANLAGSPAIK 11 5;Scan: 1268408 Run: DIA12_CV486075:20251228_A2_N1_Mueller_MS_TechHub_IMP_THIDDIAXL003_Cas9_PhoX_DIA12_CV486075_250ng_FAIMS_003 P1_KTEVQTGGFSKESILPK P2_EDIQKAQVSGQGDSLHEHIANLAGSPAIK 11 5;Scan: 1049354 Run: DIA12_CV486075:20251228_A2_N1_Mueller_MS_TechHub_IMP_THIDDIAXL003_Cas9_PhoX_DIA12_CV486075_250ng_FAIMS_002 P1_TEVQTGGFSKESILPK P2_EDIQKAQVSGQGDSLHEHIANLAGSPAIK 10 5;Scan: 1268687 Run: DIA12_CV486075:20251228_A2_N1_Mueller_MS_TechHub_IMP_THIDDIAXL003_Cas9_PhoX_DIA12_CV486075_250ng_FAIMS_003 P1_TEVQTGGFSKESILPK P2_EDIQKAQVSGQGDSLHEHIANLAGSPAIK 10 5;Scan: 452174 Run: DIA12_CV486075:20251228_A2_N1_Mueller_MS_TechHub_IMP_THIDDIAXL003_Cas9_PhoX_DIA12_CV486075_250ng_FAIMS_001 P1_TEVQTGGFSKESILPK P2_EDIQKAQVSGQGDSLHEHIANLAGSPAIKK 10 5;Scan: 1647247 Run: DIA12_CV486075:20251228_A2_N1_Mueller_MS_TechHub_IMP_THIDDIAXL003_Cas9_PhoX_DIA12_CV486075_250ng_FAIMS_003 P1_KTEVQTGGFSKESILPK P2_EDIQKAQVSGQGDSLHEHIANLAGSPAIKK 11 5,Q99ZW2,null,,false,Q99ZW2,null,,false,710,1107,,24.626785,false,true,false,false,6,4,Self,0,0.000533,0.001082,10.182502,10.440104,10.273921,,0,0,0,,0,0,,0
1048,128;686;1467,Scan: 1258988 Run: DIA12_CV486075:20251228_A2_N1_Mueller_MS_TechHub_IMP_THIDDIAXL003_Cas9_PhoX_DIA12_CV486075_250ng_FAIMS_003 P1_KTEVQTGGFSKESILPK P2_KKDWDPK 11 1;Scan: 94408 Run: DIA12_CV486075:20251228_A2_N1_Mueller_MS_TechHub_IMP_THIDDIAXL003_Cas9_PhoX_DIA12_CV486075_250ng_FAIMS_001 P1_KTEVQTGGFSKESILPK P2_KKDWDPK 11 1;Scan: 1258941 Run: DIA12_CV486075:20251228_A2_N1_Mueller_MS_TechHub_IMP_THIDDIAXL003_Cas9_PhoX_DIA12_CV486075_250ng_FAIMS_003 P1_KTEVQTGGFSKESILPK P2_KKDWDPK 11 1;Scan: 661226 Run: DIA12_CV486075:20251228_A2_N1_Mueller_MS_TechHub_IMP_THIDDIAXL003_Cas9_PhoX_DIA12_CV486075_250ng_FAIMS_002 P1_TEVQTGGFSKESILPK P2_KKDWDPK 10 1;Scan: 1258708 Run: DIA12_CV486075:20251228_A2_N1_Mueller_MS_TechHub_IMP_THIDDIAXL003_Cas9_PhoX_DIA12_CV486075_250ng_FAIMS_003 P1_TEVQTGGFSKESILPK P2_KKDWDPK 10 1;Scan: 1259111 Run: DIA12_CV486075:20251228_A2_N1_Mueller_MS_TechHub_IMP_THIDDIAXL003_Cas9_PhoX_DIA12_CV486075_250ng_FAIMS_003 P1_KTEVQTGGFSKESILPK P2_KKDWDPKK 11 1,Q99ZW2,null,,false,Q99ZW2,null,,false,1123,1107,,23.83573,false,true,false,false,6,3,Self,0,0.000562,0.001083,9.97639,9.751838,9.901285,,0,0,0,,0,0,,0
1546,1742;1771,Scan: 1056642 Run: DIA12_CV486075:20251228_A2_N1_Mueller_MS_TechHub_IMP_THIDDIAXL003_Cas9_PhoX_DIA12_CV486075_250ng_FAIMS_002 P1_KLINGIR P2_EDIQKAQVSGQGDSLHEHIANLAGSPAIK 1 5;Scan: 1654220 Run: DIA12_CV486075:20251228_A2_N1_Mueller_MS_TechHub_IMP_THIDDIAXL003_Cas9_PhoX_DIA12_CV486075_250ng_FAIMS_003 P1_KLINGIR P2_EDIQKAQVSGQGDSLHEHIANLAGSPAIK 1 5;Scan: 1654540 Run: DIA12_CV486075:20251228_A2_N1_Mueller_MS_TechHub_IMP_THIDDIAXL003_Cas9_PhoX_DIA12_CV486075_250ng_FAIMS_003 P1_KLINGIR P2_EDIQKAQVSGQGDSLHEHIANLAGSPAIK 1 5;Scan: 431199 Run: DIA12_CV486075:20251228_A2_N1_Mueller_MS_TechHub_IMP_THIDDIAXL003_Cas9_PhoX_DIA12_CV486075_250ng_FAIMS_001 P1_KLINGIR P2_EDIQKAQVSGQGDSLHEHIANLAGSPAIKK 1 5;Scan: 1626021 Run: DIA12_CV486075:20251228_A2_N1_Mueller_MS_TechHub_IMP_THIDDIAXL003_Cas9_PhoX_DIA12_CV486075_250ng_FAIMS_003 P1_KLINGIR P2_EDIQKAQVSGQGDSLHEHIANLAGSPAIKK 1 5,Q99ZW2,null,,false,Q99ZW2,null,,false,710,665,,23.682966,false,true,false,false,5,2,Self,0,0.000567,0.001083,11.063871,10.607495,10.555317,,0,0,0,,0,0,,0
259,1854;810;324,Scan: 903999 Run: DIA12_CV486075:20251228_A2_N1_Mueller_MS_TechHub_IMP_THIDDIAXL003_Cas9_PhoX_DIA12_CV486075_250ng_FAIMS_002 P1_KSEETITPWNFEEVVDK P2_IEKILTFR 1 3;Scan: 306540 Run: DIA12_CV486075:20251228_A2_N1_Mueller_MS_TechHub_IMP_THIDDIAXL003_Cas9_PhoX_DIA12_CV486075_250ng_FAIMS_001 P1_KSEETITPWNFEEVVDK P2_IEKILTFR 1 3;Scan: 1501750 Run: DIA12_CV486075:20251228_A2_N1_Mueller_MS_TechHub_IMP_THIDDIAXL003_Cas9_PhoX_DIA12_CV486075_250ng_FAIMS_003 P1_KSEETITPWNFEEVVDK P2_EKIEKILTFR 1 5;Scan: 1501643 Run: DIA12_CV486075:20251228_A2_N1_Mueller_MS_TechHub_IMP_THIDDIAXL003_Cas9_PhoX_DIA12_CV486075_250ng_FAIMS_003 P1_KSEETITPWNFEEVVDK P2_EKIEKILTFR 1 5;Scan: 1486852 Run: DIA12_CV486075:20251228_A2_N1_Mueller_MS_TechHub_IMP_THIDDIAXL003_Cas9_PhoX_DIA12_CV486075_250ng_FAIMS_003 P1_KSEETITPWNFEEVVDKGASAQSFIER P2_IEKILTFR 1 3,Q99ZW2,null,,false,Q99ZW2,null,,false,442,468,,22.936941,false,true,false,false,5,3,Self,0,0.000594,0.001086,10.627501,10.648641,10.89722,,0,0,0,,0,0,,0
602,1715;570;783,Scan: 709819 Run: DIA12_CV486075:20251228_A2_N1_Mueller_MS_TechHub_IMP_THIDDIAXL003_Cas9_PhoX_DIA12_CV486075_250ng_FAIMS_002 P1_SSFEKNPIDFLEAK P2_KDWDPK 5 1;Scan: 1307230 Run: DIA12_CV486075:20251228_A2_N1_Mueller_MS_TechHub_IMP_THIDDIAXL003_Cas9_PhoX_DIA12_CV486075_250ng_FAIMS_003 P1_SSFEKNPIDFLEAK P2_KDWDPK 5 1;Scan: 112275 Run: DIA12_CV486075:20251228_A2_N1_Mueller_MS_TechHub_IMP_THIDDIAXL003_Cas9_PhoX_DIA12_CV486075_250ng_FAIMS_001 P1_SSFEKNPIDFLEAK P2_KKDWDPK 5 2;Scan: 695478 Run: DIA12_CV486075:20251228_A2_N1_Mueller_MS_TechHub_IMP_THIDDIAXL003_Cas9_PhoX_DIA12_CV486075_250ng_FAIMS_002 P1_SSFEKNPIDFLEAK P2_KKDWDPK 5 2;Scan: 112462 Run: DIA12_CV486075:20251228_A2_N1_Mueller_MS_TechHub_IMP_THIDDIAXL003_Cas9_PhoX_DIA12_CV486075_250ng_FAIMS_001 P1_SSFEKNPIDFLEAK P2_KKDWDPKK 5 2,Q99ZW2,null,,false,Q99ZW2,null,,false,1124,1176,,22.17336,false,true,false,false,5,3,Self,0,0.000622,0.001087,10.248461,10.513094,9.668558,,0,0,0,,0,0,,0
1152,1054;1;1650,Scan: 942407 Run: DIA12_CV486075:20251228_A2_N1_Mueller_MS_TechHub_IMP_THIDDIAXL003_Cas9_PhoX_DIA12_CV486075_250ng_FAIMS_002 P1_KSEETITPWNFEEVVDKGASAQSFIER P2_IEKILTFR 17 3;Scan: 1539874 Run: DIA12_CV486075:20251228_A2_N1_Mueller_MS_TechHub_IMP_THIDDIAXL003_Cas9_PhoX_DIA12_CV486075_250ng_FAIMS_003 P1_KSEETITPWNFEEVVDKGASAQSFIER P2_IEKILTFR 17 3;Scan: 889740 Run: DIA12_CV486075:20251228_A2_N1_Mueller_MS_TechHub_IMP_THIDDIAXL003_Cas9_PhoX_DIA12_CV486075_250ng_FAIMS_002 P1_SEETITPWNFEEVVDKGASAQSFIER P2_EKIEKILTFR 16 5;Scan: 345216 Run: DIA12_CV486075:20251228_A2_N1_Mueller_MS_TechHub_IMP_THIDDIAXL003_Cas9_PhoX_DIA12_CV486075_250ng_FAIMS_001 P1_SEETITPWNFEEVVDKGASAQSFIER P2_EKIEKILTFR 16 5;Scan: 344868 Run: DIA12_CV486075:20251228_A2_N1_Mueller_MS_TechHub_IMP_THIDDIAXL003_Cas9_PhoX_DIA12_CV486075_250ng_FAIMS_001 P1_SEETITPWNFEEVVDKGASAQSFIER P2_IEKILTFR 16 3,Q99ZW2,null,,false,Q99ZW2,null,,false,442,484,,22.145853,false,true,false,false,5,3,Self,0,0.000623,0.001087,9.730464,10.217391,10.140986,,0,0,0,,0,0,,0
1545,1890;1801,Scan: 1267219 Run: DIA12_CV486075:20251228_A2_N1_Mueller_MS_TechHub_IMP_THIDDIAXL003_Cas9_PhoX_DIA12_CV486075_250ng_FAIMS_003 P1_KTEVQTGGFSKESILPK P2_KLINGIR 11 1;Scan: 72191 Run: DIA12_CV486075:20251228_A2_N1_Mueller_MS_TechHub_IMP_THIDDIAXL003_Cas9_PhoX_DIA12_CV486075_250ng_FAIMS_001 P1_KTEVQTGGFSKESILPK P2_KLINGIR 11 1;Scan: 72006 Run: DIA12_CV486075:20251228_A2_N1_Mueller_MS_TechHub_IMP_THIDDIAXL003_Cas9_PhoX_DIA12_CV486075_250ng_FAIMS_001 P1_TEVQTGGFSKESILPK P2_KLINGIR 10 1;Scan: 427788 Run: DIA12_CV486075:20251228_A2_N1_Mueller_MS_TechHub_IMP_THIDDIAXL003_Cas9_PhoX_DIA12_CV486075_250ng_FAIMS_001 P1_TEVQTGGFSKESILPK P2_KLINGIR 10 1,Q99ZW2,null,,false,Q99ZW2,null,,false,665,1107,,21.463338,false,true,false,false,4,2,Self,0,0.000648,0.001089,11.032248,10.156028,10.947224,,0,0,0,,0,0,,0
1538,1892;1579,Scan: 66643 Run: DIA12_CV486075:20251228_A2_N1_Mueller_MS_TechHub_IMP_THIDDIAXL003_Cas9_PhoX_DIA12_CV486075_250ng_FAIMS_001 P1_SSFEKNPIDFLEAK P2_KTEVQTGGFSKESILPK 5 11;Scan: 66749 Run: DIA12_CV486075:20251228_A2_N1_Mueller_MS_TechHub_IMP_THIDDIAXL003_Cas9_PhoX_DIA12_CV486075_250ng_FAIMS_001 P1_SSFEKNPIDFLEAK P2_KTEVQTGGFSKESILPK 5 11;Scan: 1306075 Run: DIA12_CV486075:20251228_A2_N1_Mueller_MS_TechHub_IMP_THIDDIAXL003_Cas9_PhoX_DIA12_CV486075_250ng_FAIMS_003 P1_TEVQTGGFSKESILPK P2_SSFEKNPIDFLEAK 10 5;Scan: 708531 Run: DIA12_CV486075:20251228_A2_N1_Mueller_MS_TechHub_IMP_THIDDIAXL003_Cas9_PhoX_DIA12_CV486075_250ng_FAIMS_002 P1_TEVQTGGFSKESILPK P2_SSFEKNPIDFLEAK 10 5,Q99ZW2,null,,false,Q99ZW2,null,,false,1176,1107,,21.403713,false,true,false,false,4,2,Self,0,0.00065,0.001089,10.07991,10.742044,11.000373,,0,0,0,,0,0,,0
1250,552;36,Scan: 784599 Run: DIA12_CV486075:20251228_A2_N1_Mueller_MS_TechHub_IMP_THIDDIAXL003_Cas9_PhoX_DIA12_CV486075_250ng_FAIMS_002 P1_VLSAYNKHR P2_DKPIR 7 2;Scan: 784580 Run: DIA12_CV486075:20251228_A2_N1_Mueller_MS_TechHub_IMP_THIDDIAXL003_Cas9_PhoX_DIA12_CV486075_250ng_FAIMS_002 P1_VLSAYNKHR P2_DKPIR 7 2;Scan: 187179 Run: DIA12_CV486075:20251228_A2_N1_Mueller_MS_TechHub_IMP_THIDDIAXL003_Cas9_PhoX_DIA12_CV486075_250ng_FAIMS_001 P1_VLSAYNKHR P2_DKPIR 7 2;Scan: 188197 Run: DIA12_CV486075:20251228_A2_N1_Mueller_MS_TechHub_IMP_THIDDIAXL003_Cas9_PhoX_DIA12_CV486075_250ng_FAIMS_001 P1_VLSAYNKHR P2_DKPIREQAENIIHLFTLTNLGAPAAFK 7 2;Scan: 1382076 Run: DIA12_CV486075:20251228_A2_N1_Mueller_MS_TechHub_IMP_THIDDIAXL003_Cas9_PhoX_DIA12_CV486075_250ng_FAIMS_003 P1_VLSAYNKHR P2_DKPIREQAENIIHLFTLTNLGAPAAFK 7 2,Q99ZW2,null,,false,Q99ZW2,null,,false,1300,1296,,21.202158,false,true,false,false,5,2,Self,0,0.000657,0.001089,9.297791,9.665857,9.503114,,0,0,0,,0,0,,0
1220,1733;1828,Scan: 1383406 Run: DIA12_CV486075:20251228_A2_N1_Mueller_MS_TechHub_IMP_THIDDIAXL003_Cas9_PhoX_DIA12_CV486075_250ng_FAIMS_003 P1_KLVDSTDK P2_HPIFGNIVDEVAYHEKYPTIYHLR 1 16;Scan: 786018 Run: DIA12_CV486075:20251228_A2_N1_Mueller_MS_TechHub_IMP_THIDDIAXL003_Cas9_PhoX_DIA12_CV486075_250ng_FAIMS_002 P1_KLVDSTDK P2_HPIFGNIVDEVAYHEKYPTIYHLR 1 16;Scan: 1383725 Run: DIA12_CV486075:20251228_A2_N1_Mueller_MS_TechHub_IMP_THIDDIAXL003_Cas9_PhoX_DIA12_CV486075_250ng_FAIMS_003 P1_KLVDSTDK P2_HPIFGNIVDEVAYHEKYPTIYHLR 1 16;Scan: 188983 Run: DIA12_CV486075:20251228_A2_N1_Mueller_MS_TechHub_IMP_THIDDIAXL003_Cas9_PhoX_DIA12_CV486075_250ng_FAIMS_001 P1_KLVDSTDKADLR P2_HPIFGNIVDEVAYHEKYPTIYHLR 1 16,Q99ZW2,null,,false,Q99ZW2,null,,false,131,141,,20.994666,false,true,false,false,4,2,Self,0,0.000664,0.001091,10.358196,10.763228,10.553707,,0,0,0,,0,0,,0
1381,1753;385,Scan: 1085371 Run: DIA12_CV486075:20251228_A2_N1_Mueller_MS_TechHub_IMP_THIDDIAXL003_Cas9_PhoX_DIA12_CV486075_250ng_FAIMS_002 P1_KTEVQTGGFSK P2_GILQTVKVVDELVK 1 7;Scan: 40843 Run: DIA12_CV486075:20251228_A2_N1_Mueller_MS_TechHub_IMP_THIDDIAXL003_Cas9_PhoX_DIA12_CV486075_250ng_FAIMS_001 P1_KTEVQTGGFSK P2_GILQTVKVVDELVK 1 7;Scan: 1682944 Run: DIA12_CV486075:20251228_A2_N1_Mueller_MS_TechHub_IMP_THIDDIAXL003_Cas9_PhoX_DIA12_CV486075_250ng_FAIMS_003 P1_KTEVQTGGFSK P2_KGILQTVKVVDELVK 1 8;Scan: 1235788 Run: DIA12_CV486075:20251228_A2_N1_Mueller_MS_TechHub_IMP_THIDDIAXL003_Cas9_PhoX_DIA12_CV486075_250ng_FAIMS_003 P1_KTEVQTGGFSK P2_KGILQTVKVVDELVK 1 8,Q99ZW2,null,,false,Q99ZW2,null,,false,742,1097,,20.562863,false,true,false,false,4,2,Self,0,0.00068,0.001093,10.131991,11.139828,10.352702,,0,0,0,,0,0,,0
455,1789;1118;576,Scan: 381636 Run: DIA12_CV486075:20251228_A2_N1_Mueller_MS_TechHub_IMP_THIDDIAXL003_Cas9_PhoX_DIA12_CV486075_250ng_FAIMS_001 P1_KPAFLSGEQK P2_FKVLGNTDR 1 2;Scan: 244021 Run: DIA12_CV486075:20251228_A2_N1_Mueller_MS_TechHub_IMP_THIDDIAXL003_Cas9_PhoX_DIA12_CV486075_250ng_FAIMS_001 P1_KPAFLSGEQK P2_FKVLGNTDR 1 2;Scan: 244123 Run: DIA12_CV486075:20251228_A2_N1_Mueller_MS_TechHub_IMP_THIDDIAXL003_Cas9_PhoX_DIA12_CV486075_250ng_FAIMS_001 P1_KPAFLSGEQKK P2_FKVLGNTDR 1 2;Scan: 381720 Run: DIA12_CV486075:20251228_A2_N1_Mueller_MS_TechHub_IMP_THIDDIAXL003_Cas9_PhoX_DIA12_CV486075_250ng_FAIMS_001 P1_KPAFLSGEQK P2_KFKVLGNTDR 1 3,Q99ZW2,null,,false,Q99ZW2,null,,false,33,536,,20.512696,false,true,false,false,4,3,Self,0,0.000682,0.001094,,,11.223495,,0,0,0,,0,0,,0
1326,1839;798,Scan: 980161 Run: DIA12_CV486075:20251228_A2_N1_Mueller_MS_TechHub_IMP_THIDDIAXL003_Cas9_PhoX_DIA12_CV486075_250ng_FAIMS_002 P1_KPAFLSGEQK P2_IEKILTFR 1 3;Scan: 382746 Run: DIA12_CV486075:20251228_A2_N1_Mueller_MS_TechHub_IMP_THIDDIAXL003_Cas9_PhoX_DIA12_CV486075_250ng_FAIMS_001 P1_KPAFLSGEQK P2_IEKILTFR 1 3;Scan: 382779 Run: DIA12_CV486075:20251228_A2_N1_Mueller_MS_TechHub_IMP_THIDDIAXL003_Cas9_PhoX_DIA12_CV486075_250ng_FAIMS_001 P1_KPAFLSGEQK P2_EKIEKILTFR 1 5;Scan: 382798 Run: DIA12_CV486075:20251228_A2_N1_Mueller_MS_TechHub_IMP_THIDDIAXL003_Cas9_PhoX_DIA12_CV486075_250ng_FAIMS_001 P1_KPAFLSGEQK P2_EKIEKILTFR 1 5,Q99ZW2,null,,false,Q99ZW2,null,,false,442,536,,20.422087,false,true,false,false,4,2,Self,0,0.000685,0.001094,9.491279,10.906141,10.586062,,0,0,0,,0,0,,0
1459,1725;300,Scan: 946506 Run: DIA12_CV486075:20251228_A2_N1_Mueller_MS_TechHub_IMP_THIDDIAXL003_Cas9_PhoX_DIA12_CV486075_250ng_FAIMS_002 P1_KSEETITPWNFEEVVDKGASAQSFIER P2_KLINGIR 17 1;Scan: 1544083 Run: DIA12_CV486075:20251228_A2_N1_Mueller_MS_TechHub_IMP_THIDDIAXL003_Cas9_PhoX_DIA12_CV486075_250ng_FAIMS_003 P1_KSEETITPWNFEEVVDKGASAQSFIER P2_KLINGIR 17 1;Scan: 348813 Run: DIA12_CV486075:20251228_A2_N1_Mueller_MS_TechHub_IMP_THIDDIAXL003_Cas9_PhoX_DIA12_CV486075_250ng_FAIMS_001 P1_SEETITPWNFEEVVDKGASAQSFIER P2_KLINGIR 16 1;Scan: 946392 Run: DIA12_CV486075:20251228_A2_N1_Mueller_MS_TechHub_IMP_THIDDIAXL003_Cas9_PhoX_DIA12_CV486075_250ng_FAIMS_002 P1_SEETITPWNFEEVVDKGASAQSFIER P2_KLINGIR 16 1,Q99ZW2,null,,false,Q99ZW2,null,,false,665,484,,20.360113,false,true,false,false,4,2,Self,0,0.000687,0.001094,10.395346,10.289565,10.597047,,0,0,0,,0,0,,0
1350,1366;372,Scan: 1438200 Run: DIA12_CV486075:20251228_A2_N1_Mueller_MS_TechHub_IMP_THIDDIAXL003_Cas9_PhoX_DIA12_CV486075_250ng_FAIMS_003 P1_IEKILTFR P2_FKVLGNTDR 3 2;Scan: 291479 Run: DIA12_CV486075:20251228_A2_N1_Mueller_MS_TechHub_IMP_THIDDIAXL003_Cas9_PhoX_DIA12_CV486075_250ng_FAIMS_001 P1_IEKILTFR P2_FKVLGNTDR 3 2;Scan: 1438226 Run: DIA12_CV486075:20251228_A2_N1_Mueller_MS_TechHub_IMP_THIDDIAXL003_Cas9_PhoX_DIA12_CV486075_250ng_FAIMS_003 P1_FKVLGNTDR P2_EKIEKILTFR 2 5;Scan: 291497 Run: DIA12_CV486075:20251228_A2_N1_Mueller_MS_TechHub_IMP_THIDDIAXL003_Cas9_PhoX_DIA12_CV486075_250ng_FAIMS_001 P1_FKVLGNTDR P2_EKIEKILTFR 2 5,Q99ZW2,null,,false,Q99ZW2,null,,false,442,33,,20.14369,false,true,false,false,4,2,Self,0,0.000695,0.001094,10.877724,,10.019552,,0,0,0,,0,0,,0
369,1735;1262;466,Scan: 378006 Run: DIA12_CV486075:20251228_A2_N1_Mueller_MS_TechHub_IMP_THIDDIAXL003_Cas9_PhoX_DIA12_CV486075_250ng_FAIMS_001 P1_NSDKLIAR P2_KPAFLSGEQK 4 1;Scan: 975508 Run: DIA12_CV486075:20251228_A2_N1_Mueller_MS_TechHub_IMP_THIDDIAXL003_Cas9_PhoX_DIA12_CV486075_250ng_FAIMS_002 P1_NSDKLIAR P2_KPAFLSGEQK 4 1;Scan: 1572986 Run: DIA12_CV486075:20251228_A2_N1_Mueller_MS_TechHub_IMP_THIDDIAXL003_Cas9_PhoX_DIA12_CV486075_250ng_FAIMS_003 P1_RNSDKLIAR P2_KPAFLSGEQK 5 1;Scan: 1573008 Run: DIA12_CV486075:20251228_A2_N1_Mueller_MS_TechHub_IMP_THIDDIAXL003_Cas9_PhoX_DIA12_CV486075_250ng_FAIMS_003 P1_NSDKLIAR P2_KPAFLSGEQKK 4 1,Q99ZW2,null,,false,Q99ZW2,null,,false,536,1118,,20.118578,false,true,false,false,4,3,Self,0,0.000696,0.001094,9.84644,10.311426,10.579458,,0,0,0,,0,0,,0
1353,1528;1011,Scan: 851929 Run: DIA12_CV486075:20251228_A2_N1_Mueller_MS_TechHub_IMP_THIDDIAXL003_Cas9_PhoX_DIA12_CV486075_250ng_FAIMS_002 P1_YKEIFFDQSK P2_NSDKLIAR 2 4;Scan: 87954 Run: DIA12_CV486075:20251228_A2_N1_Mueller_MS_TechHub_IMP_THIDDIAXL003_Cas9_PhoX_DIA12_CV486075_250ng_FAIMS_001 P1_YKEIFFDQSK P2_NSDKLIAR 2 4;Scan: 87968 Run: DIA12_CV486075:20251228_A2_N1_Mueller_MS_TechHub_IMP_THIDDIAXL003_Cas9_PhoX_DIA12_CV486075_250ng_FAIMS_001 P1_YKEIFFDQSK P2_RNSDKLIAR 2 5;Scan: 254577 Run: DIA12_CV486075:20251228_A2_N1_Mueller_MS_TechHub_IMP_THIDDIAXL003_Cas9_PhoX_DIA12_CV486075_250ng_FAIMS_001 P1_YKEIFFDQSK P2_RNSDKLIAR 2 5,Q99ZW2,null,,false,Q99ZW2,null,,false,1118,348,,20.068642,false,true,false,false,4,2,Self,0,0.000698,0.001095,9.712993,10.604889,10.033659,,0,0,0,,0,0,,0
1252,1713;117,Scan: 982674 Run: DIA12_CV486075:20251228_A2_N1_Mueller_MS_TechHub_IMP_THIDDIAXL003_Cas9_PhoX_DIA12_CV486075_250ng_FAIMS_002 P1_KPAFLSGEQK P2_KPAFLSGEQK 1 1;Scan: 1580102 Run: DIA12_CV486075:20251228_A2_N1_Mueller_MS_TechHub_IMP_THIDDIAXL003_Cas9_PhoX_DIA12_CV486075_250ng_FAIMS_003 P1_KPAFLSGEQK P2_KPAFLSGEQK 1 1;Scan: 1580316 Run: DIA12_CV486075:20251228_A2_N1_Mueller_MS_TechHub_IMP_THIDDIAXL003_Cas9_PhoX_DIA12_CV486075_250ng_FAIMS_003 P1_KPAFLSGEQKK P2_KPAFLSGEQK 1 1;Scan: 385463 Run: DIA12_CV486075:20251228_A2_N1_Mueller_MS_TechHub_IMP_THIDDIAXL003_Cas9_PhoX_DIA12_CV486075_250ng_FAIMS_001 P1_KPAFLSGEQKK P2_KPAFLSGEQK 1 1,Q99ZW2,null,,false,Q99ZW2,null,,false,536,536,,19.985856,false,true,false,false,4,2,Self,0,0.000701,0.001096,10.948609,10.244133,9.337555,,0,0,0,,0,0,,0
685,98;1515;911,Scan: 981645 Run: DIA12_CV486075:20251228_A2_N1_Mueller_MS_TechHub_IMP_THIDDIAXL003_Cas9_PhoX_DIA12_CV486075_250ng_FAIMS_002 P1_VLPKHSLLYEYFTVYNELTKVKYVTEGMR P2_KPAFLSGEQK 20 1;Scan: 981618 Run: DIA12_CV486075:20251228_A2_N1_Mueller_MS_TechHub_IMP_THIDDIAXL003_Cas9_PhoX_DIA12_CV486075_250ng_FAIMS_002 P1_VLPKHSLLYEYFTVYNELTKVKYVTEGMR P2_KPAFLSGEQK 20 1;Scan: 1567672 Run: DIA12_CV486075:20251228_A2_N1_Mueller_MS_TechHub_IMP_THIDDIAXL003_Cas9_PhoX_DIA12_CV486075_250ng_FAIMS_003 P1_KPAFLSGEQK P2_HSLLYEYFTVYNELTKVK 1 16;Scan: 1567752 Run: DIA12_CV486075:20251228_A2_N1_Mueller_MS_TechHub_IMP_THIDDIAXL003_Cas9_PhoX_DIA12_CV486075_250ng_FAIMS_003 P1_KPAFLSGEQK P2_HSLLYEYFTVYNELTKVKYVTEGMR 1 16,Q99ZW2,null,,false,Q99ZW2,null,,false,526,536,,19.973012,false,true,false,false,4,3,Self,0,0.000701,0.001096,10.024162,10.871031,8.946611,,0,0,0,,0,0,,0
1382,1542;1057,Scan: 709505 Run: DIA12_CV486075:20251228_A2_N1_Mueller_MS_TechHub_IMP_THIDDIAXL003_Cas9_PhoX_DIA12_CV486075_250ng_FAIMS_002 P1_SSFEKNPIDFLEAK P2_KKDWDPK 5 1;Scan: 1306994 Run: DIA12_CV486075:20251228_A2_N1_Mueller_MS_TechHub_IMP_THIDDIAXL003_Cas9_PhoX_DIA12_CV486075_250ng_FAIMS_003 P1_SSFEKNPIDFLEAK P2_KKDWDPK 5 1;Scan: 709620 Run: DIA12_CV486075:20251228_A2_N1_Mueller_MS_TechHub_IMP_THIDDIAXL003_Cas9_PhoX_DIA12_CV486075_250ng_FAIMS_002 P1_SSFEKNPIDFLEAK P2_KKDWDPKK 5 1;Scan: 692693 Run: DIA12_CV486075:20251228_A2_N1_Mueller_MS_TechHub_IMP_THIDDIAXL003_Cas9_PhoX_DIA12_CV486075_250ng_FAIMS_002 P1_SSFEKNPIDFLEAK P2_KKDWDPKK 5 1,Q99ZW2,null,,false,Q99ZW2,null,,false,1123,1176,,19.907312,false,true,false,false,4,2,Self,0,0.000704,0.001099,10.04238,10.185445,9.831354,,0,0,0,,0,0,,0
1287,916;55,Scan: 1550539 Run: DIA12_CV486075:20251228_A2_N1_Mueller_MS_TechHub_IMP_THIDDIAXL003_Cas9_PhoX_DIA12_CV486075_250ng_FAIMS_003 P1_MTNFDKNLPNEK P2_IEKILTFR 6 3;Scan: 1550569 Run: DIA12_CV486075:20251228_A2_N1_Mueller_MS_TechHub_IMP_THIDDIAXL003_Cas9_PhoX_DIA12_CV486075_250ng_FAIMS_003 P1_MTNFDKNLPNEK P2_IEKILTFR 6 3;Scan: 355715 Run: DIA12_CV486075:20251228_A2_N1_Mueller_MS_TechHub_IMP_THIDDIAXL003_Cas9_PhoX_DIA12_CV486075_250ng_FAIMS_001 P1_MTNFDKNLPNEK P2_EKIEKILTFR 6 5;Scan: 890095 Run: DIA12_CV486075:20251228_A2_N1_Mueller_MS_TechHub_IMP_THIDDIAXL003_Cas9_PhoX_DIA12_CV486075_250ng_FAIMS_002 P1_MTNFDKNLPNEK P2_EKIEKILTFR 6 5,Q99ZW2,null,,false,Q99ZW2,null,,false,442,500,,19.892759,false,true,false,false,4,2,Self,0,0.000704,0.001099,10.964094,9.304033,9.773058,,0,0,0,,0,0,,0
1307,1500;709,Scan: 709150 Run: DIA12_CV486075:20251228_A2_N1_Mueller_MS_TechHub_IMP_THIDDIAXL003_Cas9_PhoX_DIA12_CV486075_250ng_FAIMS_002 P1_SSFEKNPIDFLEAK P2_NSDKLIAR 5 4;Scan: 111815 Run: DIA12_CV486075:20251228_A2_N1_Mueller_MS_TechHub_IMP_THIDDIAXL003_Cas9_PhoX_DIA12_CV486075_250ng_FAIMS_001 P1_SSFEKNPIDFLEAK P2_NSDKLIAR 5 4;Scan: 85465 Run: DIA12_CV486075:20251228_A2_N1_Mueller_MS_TechHub_IMP_THIDDIAXL003_Cas9_PhoX_DIA12_CV486075_250ng_FAIMS_001 P1_SSFEKNPIDFLEAK P2_RNSDKLIAR 5 5;Scan: 1306756 Run: DIA12_CV486075:20251228_A2_N1_Mueller_MS_TechHub_IMP_THIDDIAXL003_Cas9_PhoX_DIA12_CV486075_250ng_FAIMS_003 P1_SSFEKNPIDFLEAK P2_RNSDKLIAR 5 5,Q99ZW2,null,,false,Q99ZW2,null,,false,1118,1176,,19.851999,false,true,false,false,4,2,Self,0,0.000706,0.001099,9.570021,10.446741,10.010913,,0,0,0,,0,0,,0
1295,1464;132,Scan: 103843 Run: DIA12_CV486075:20251228_A2_N1_Mueller_MS_TechHub_IMP_THIDDIAXL003_Cas9_PhoX_DIA12_CV486075_250ng_FAIMS_001 P1_NSDKLIAR P2_KYGGFDSPTVAYSVLVVAK 4 1;Scan: 84960 Run: DIA12_CV486075:20251228_A2_N1_Mueller_MS_TechHub_IMP_THIDDIAXL003_Cas9_PhoX_DIA12_CV486075_250ng_FAIMS_001 P1_NSDKLIAR P2_KYGGFDSPTVAYSVLVVAK 4 1;Scan: 104036 Run: DIA12_CV486075:20251228_A2_N1_Mueller_MS_TechHub_IMP_THIDDIAXL003_Cas9_PhoX_DIA12_CV486075_250ng_FAIMS_001 P1_RNSDKLIAR P2_KYGGFDSPTVAYSVLVVAK 5 1;Scan: 85071 Run: DIA12_CV486075:20251228_A2_N1_Mueller_MS_TechHub_IMP_THIDDIAXL003_Cas9_PhoX_DIA12_CV486075_250ng_FAIMS_001 P1_RNSDKLIAR P2_KYGGFDSPTVAYSVLVVAK 5 1,Q99ZW2,null,,false,Q99ZW2,null,,false,1130,1118,,19.727344,false,true,false,false,4,2,Self,0,0.00071,0.001099,,,10.329764,,0,0,0,,0,0,,0
870,341;1526;1184,Scan: 680378 Run: DIA12_CV486075:20251228_A2_N1_Mueller_MS_TechHub_IMP_THIDDIAXL003_Cas9_PhoX_DIA12_CV486075_250ng_FAIMS_002 P1_NSDKLIAR P2_KKDWDPK 4 1;Scan: 692329 Run: DIA12_CV486075:20251228_A2_N1_Mueller_MS_TechHub_IMP_THIDDIAXL003_Cas9_PhoX_DIA12_CV486075_250ng_FAIMS_002 P1_NSDKLIAR P2_KKDWDPK 4 1;Scan: 83018 Run: DIA12_CV486075:20251228_A2_N1_Mueller_MS_TechHub_IMP_THIDDIAXL003_Cas9_PhoX_DIA12_CV486075_250ng_FAIMS_001 P1_RNSDKLIAR P2_KKDWDPK 5 1;Scan: 82892 Run: DIA12_CV486075:20251228_A2_N1_Mueller_MS_TechHub_IMP_THIDDIAXL003_Cas9_PhoX_DIA12_CV486075_250ng_FAIMS_001 P1_NSDKLIAR P2_KKDWDPKK 4 1,Q99ZW2,null,,false,Q99ZW2,null,,false,1123,1118,,19.678908,false,true,false,false,4,3,Self,0,0.000712,0.0011,8.944179,10.09107,10.033206,,0,0,0,,0,0,,0
1334,465;854,Scan: 1146012 Run: DIA12_CV486075:20251228_A2_N1_Mueller_MS_TechHub_IMP_THIDDIAXL003_Cas9_PhoX_DIA12_CV486075_250ng_FAIMS_002 P1_SDKNR P2_GKSDNVPSEEVVKK 3 2;Scan: 1146071 Run: DIA12_CV486075:20251228_A2_N1_Mueller_MS_TechHub_IMP_THIDDIAXL003_Cas9_PhoX_DIA12_CV486075_250ng_FAIMS_002 P1_SDKNR P2_GKSDNVPSEEVVKK 3 2;Scan: 543851 Run: DIA12_CV486075:20251228_A2_N1_Mueller_MS_TechHub_IMP_THIDDIAXL003_Cas9_PhoX_DIA12_CV486075_250ng_FAIMS_001 P1_SDKNR P2_GKSDNVPSEEVVK 3 2;Scan: 548544 Run: DIA12_CV486075:20251228_A2_N1_Mueller_MS_TechHub_IMP_THIDDIAXL003_Cas9_PhoX_DIA12_CV486075_250ng_FAIMS_001 P1_SDKNR P2_GKSDNVPSEEVVK 3 2,Q99ZW2,null,,false,Q99ZW2,null,,false,866,862,,19.44096,false,true,false,false,4,2,Self,0,0.000721,0.001107,,10.096039,9.675729,,0,0,0,,0,0,,0
953,534;1320,Scan: 1054419 Run: DIA12_CV486075:20251228_A2_N1_Mueller_MS_TechHub_IMP_THIDDIAXL003_Cas9_PhoX_DIA12_CV486075_250ng_FAIMS_002 P1_EKIEKILTFR P2_EDIQKAQVSGQGDSLHEHIANLAGSPAIK 5 5;Scan: 1651887 Run: DIA12_CV486075:20251228_A2_N1_Mueller_MS_TechHub_IMP_THIDDIAXL003_Cas9_PhoX_DIA12_CV486075_250ng_FAIMS_003 P1_EKIEKILTFR P2_EDIQKAQVSGQGDSLHEHIANLAGSPAIK 5 5;Scan: 1651990 Run: DIA12_CV486075:20251228_A2_N1_Mueller_MS_TechHub_IMP_THIDDIAXL003_Cas9_PhoX_DIA12_CV486075_250ng_FAIMS_003 P1_EKIEKILTFR P2_EDIQKAQVSGQGDSLHEHIANLAGSPAIK 5 5;Scan: 1651778 Run: DIA12_CV486075:20251228_A2_N1_Mueller_MS_TechHub_IMP_THIDDIAXL003_Cas9_PhoX_DIA12_CV486075_250ng_FAIMS_003 P1_IEKILTFR P2_EDIQKAQVSGQGDSLHEHIANLAGSPAIK 3 5,Q99ZW2,null,,false,Q99ZW2,null,,false,710,442,,19.43182,false,true,false,false,4,2,Self,0,0.000721,0.001107,9.900614,9.581034,,,0,0,0,,0,0,,0
1273,796;156,Scan: 88426 Run: DIA12_CV486075:20251228_A2_N1_Mueller_MS_TechHub_IMP_THIDDIAXL003_Cas9_PhoX_DIA12_CV486075_250ng_FAIMS_001 P1_NSDKLIAR P2_IEKILTFR 4 3;Scan: 1283317 Run: DIA12_CV486075:20251228_A2_N1_Mueller_MS_TechHub_IMP_THIDDIAXL003_Cas9_PhoX_DIA12_CV486075_250ng_FAIMS_003 P1_NSDKLIAR P2_IEKILTFR 4 3;Scan: 88463 Run: DIA12_CV486075:20251228_A2_N1_Mueller_MS_TechHub_IMP_THIDDIAXL003_Cas9_PhoX_DIA12_CV486075_250ng_FAIMS_001 P1_NSDKLIAR P2_EKIEKILTFR 4 5;Scan: 685914 Run: DIA12_CV486075:20251228_A2_N1_Mueller_MS_TechHub_IMP_THIDDIAXL003_Cas9_PhoX_DIA12_CV486075_250ng_FAIMS_002 P1_NSDKLIAR P2_EKIEKILTFR 4 5,Q99ZW2,null,,false,Q99ZW2,null,,false,442,1118,,19.383251,false,true,false,false,4,2,Self,0,0.000723,0.001109,9.61158,9.62738,10.138097,,0,0,0,,0,0,,0
1322,154;515,Scan: 1162621 Run: DIA12_CV486075:20251228_A2_N1_Mueller_MS_TechHub_IMP_THIDDIAXL003_Cas9_PhoX_DIA12_CV486075_250ng_FAIMS_002 P1_GKSDNVPSEEVVK P2_FDNLTKAER 2 6;Scan: 1162650 Run: DIA12_CV486075:20251228_A2_N1_Mueller_MS_TechHub_IMP_THIDDIAXL003_Cas9_PhoX_DIA12_CV486075_250ng_FAIMS_002 P1_GKSDNVPSEEVVK P2_FDNLTKAER 2 6;Scan: 1162685 Run: DIA12_CV486075:20251228_A2_N1_Mueller_MS_TechHub_IMP_THIDDIAXL003_Cas9_PhoX_DIA12_CV486075_250ng_FAIMS_002 P1_KFDNLTKAER P2_GKSDNVPSEEVVK 7 2;Scan: 1760156 Run: DIA12_CV486075:20251228_A2_N1_Mueller_MS_TechHub_IMP_THIDDIAXL003_Cas9_PhoX_DIA12_CV486075_250ng_FAIMS_003 P1_KFDNLTKAER P2_GKSDNVPSEEVVK 7 2,Q99ZW2,null,,false,Q99ZW2,null,,false,866,902,,19.380469,false,true,false,false,4,2,Self,0,0.000723,0.001109,9.788298,10.126734,,,0,0,0,,0,0,,0
1303,622;177,Scan: 1166508 Run: DIA12_CV486075:20251228_A2_N1_Mueller_MS_TechHub_IMP_THIDDIAXL003_Cas9_PhoX_DIA12_CV486075_250ng_FAIMS_002 P1_GGLSELDKAGFIK P2_FDNLTKAER 8 6;Scan: 1760646 Run: DIA12_CV486075:20251228_A2_N1_Mueller_MS_TechHub_IMP_THIDDIAXL003_Cas9_PhoX_DIA12_CV486075_250ng_FAIMS_003 P1_GGLSELDKAGFIK P2_FDNLTKAER 8 6;Scan: 569133 Run: DIA12_CV486075:20251228_A2_N1_Mueller_MS_TechHub_IMP_THIDDIAXL003_Cas9_PhoX_DIA12_CV486075_250ng_FAIMS_001 P1_KFDNLTKAER P2_GGLSELDKAGFIK 7 8;Scan: 569171 Run: DIA12_CV486075:20251228_A2_N1_Mueller_MS_TechHub_IMP_THIDDIAXL003_Cas9_PhoX_DIA12_CV486075_250ng_FAIMS_001 P1_KFDNLTKAER P2_GGLSELDKAGFIK 7 8,Q99ZW2,null,,false,Q99ZW2,null,,false,913,902,,19.343551,false,true,false,false,4,2,Self,0,0.000724,0.001109,9.530942,9.971737,9.823621,,0,0,0,,0,0,,0
1272,734;118,Scan: 670263 Run: DIA12_CV486075:20251228_A2_N1_Mueller_MS_TechHub_IMP_THIDDIAXL003_Cas9_PhoX_DIA12_CV486075_250ng_FAIMS_002 P1_KTEVQTGGFSKESILPK P2_DKQSGK 11 2;Scan: 72950 Run: DIA12_CV486075:20251228_A2_N1_Mueller_MS_TechHub_IMP_THIDDIAXL003_Cas9_PhoX_DIA12_CV486075_250ng_FAIMS_001 P1_KTEVQTGGFSKESILPK P2_DKQSGK 11 2;Scan: 670219 Run: DIA12_CV486075:20251228_A2_N1_Mueller_MS_TechHub_IMP_THIDDIAXL003_Cas9_PhoX_DIA12_CV486075_250ng_FAIMS_002 P1_TEVQTGGFSKESILPK P2_DKQSGK 10 2;Scan: 670253 Run: DIA12_CV486075:20251228_A2_N1_Mueller_MS_TechHub_IMP_THIDDIAXL003_Cas9_PhoX_DIA12_CV486075_250ng_FAIMS_002 P1_TEVQTGGFSKESILPK P2_DKQSGK 10 2,Q99ZW2,null,,false,Q99ZW2,null,,false,673,1107,,19.325835,false,true,false,false,4,2,Self,0,0.000725,0.001109,,10.057267,9.582373,,0,0,0,,0,0,,0
392,1194;588;495,Scan: 1271886 Run: DIA12_CV486075:20251228_A2_N1_Mueller_MS_TechHub_IMP_THIDDIAXL003_Cas9_PhoX_DIA12_CV486075_250ng_FAIMS_003 P1_YDEHHQDLTLLKALVR P2_LEESFLVEEDKKHER 12 11;Scan: 247166 Run: DIA12_CV486075:20251228_A2_N1_Mueller_MS_TechHub_IMP_THIDDIAXL003_Cas9_PhoX_DIA12_CV486075_250ng_FAIMS_001 P1_YDEHHQDLTLLKALVR P2_LEESFLVEEDKKHER 12 11;Scan: 844492 Run: DIA12_CV486075:20251228_A2_N1_Mueller_MS_TechHub_IMP_THIDDIAXL003_Cas9_PhoX_DIA12_CV486075_250ng_FAIMS_002 P1_YDEHHQDLTLLKALVR P2_LEESFLVEEDKK 12 11;Scan: 77144 Run: DIA12_CV486075:20251228_A2_N1_Mueller_MS_TechHub_IMP_THIDDIAXL003_Cas9_PhoX_DIA12_CV486075_250ng_FAIMS_001 P1_RYDEHHQDLTLLKALVR P2_LEESFLVEEDKKHER 13 11,Q99ZW2,null,,false,Q99ZW2,null,,false,111,336,,19.3245,false,true,false,false,4,3,Self,0,0.000725,0.001109,9.808407,9.517928,9.839785,,0,0,0,,0,0,,0
1276,723;471,Scan: 1013522 Run: DIA12_CV486075:20251228_A2_N1_Mueller_MS_TechHub_IMP_THIDDIAXL003_Cas9_PhoX_DIA12_CV486075_250ng_FAIMS_002 P1_KVTVKQLK P2_KIECFDSVEISGVEDR 5 1;Scan: 412470 Run: DIA12_CV486075:20251228_A2_N1_Mueller_MS_TechHub_IMP_THIDDIAXL003_Cas9_PhoX_DIA12_CV486075_250ng_FAIMS_001 P1_KVTVKQLK P2_KIECFDSVEISGVEDR 5 1;Scan: 1610885 Run: DIA12_CV486075:20251228_A2_N1_Mueller_MS_TechHub_IMP_THIDDIAXL003_Cas9_PhoX_DIA12_CV486075_250ng_FAIMS_003 P1_VTVKQLK P2_KIECFDSVEISGVEDR 4 1;Scan: 1610906 Run: DIA12_CV486075:20251228_A2_N1_Mueller_MS_TechHub_IMP_THIDDIAXL003_Cas9_PhoX_DIA12_CV486075_250ng_FAIMS_003 P1_VTVKQLK P2_KIECFDSVEISGVEDR 4 1,Q99ZW2,null,,false,Q99ZW2,null,,false,571,562,,19.283015,false,true,false,false,4,2,Self,0,0.000726,0.001109,9.556748,9.956857,9.579058,,0,0,0,,0,0,,0
1262,679;288,Scan: 701976 Run: DIA12_CV486075:20251228_A2_N1_Mueller_MS_TechHub_IMP_THIDDIAXL003_Cas9_PhoX_DIA12_CV486075_250ng_FAIMS_002 P1_KYGGFDSPTVAYSVLVVAK P2_KDWDPK 1 1;Scan: 702062 Run: DIA12_CV486075:20251228_A2_N1_Mueller_MS_TechHub_IMP_THIDDIAXL003_Cas9_PhoX_DIA12_CV486075_250ng_FAIMS_002 P1_KYGGFDSPTVAYSVLVVAK P2_KDWDPK 1 1;Scan: 695372 Run: DIA12_CV486075:20251228_A2_N1_Mueller_MS_TechHub_IMP_THIDDIAXL003_Cas9_PhoX_DIA12_CV486075_250ng_FAIMS_002 P1_KYGGFDSPTVAYSVLVVAK P2_KKDWDPK 1 2;Scan: 695398 Run: DIA12_CV486075:20251228_A2_N1_Mueller_MS_TechHub_IMP_THIDDIAXL003_Cas9_PhoX_DIA12_CV486075_250ng_FAIMS_002 P1_KYGGFDSPTVAYSVLVVAK P2_KKDWDPK 1 2,Q99ZW2,null,,false,Q99ZW2,null,,false,1124,1130,,19.210687,false,true,false,false,4,2,Self,0,0.000729,0.001111,,9.9403,,,0,0,0,,0,0,,0
1268,211;28,Scan: 91205 Run: DIA12_CV486075:20251228_A2_N1_Mueller_MS_TechHub_IMP_THIDDIAXL003_Cas9_PhoX_DIA12_CV486075_250ng_FAIMS_001 P1_NSDKLIAR P2_EDIQKAQVSGQGDSLHEHIANLAGSPAIK 4 5;Scan: 453252 Run: DIA12_CV486075:20251228_A2_N1_Mueller_MS_TechHub_IMP_THIDDIAXL003_Cas9_PhoX_DIA12_CV486075_250ng_FAIMS_001 P1_NSDKLIAR P2_EDIQKAQVSGQGDSLHEHIANLAGSPAIK 4 5;Scan: 453369 Run: DIA12_CV486075:20251228_A2_N1_Mueller_MS_TechHub_IMP_THIDDIAXL003_Cas9_PhoX_DIA12_CV486075_250ng_FAIMS_001 P1_RNSDKLIAR P2_EDIQKAQVSGQGDSLHEHIANLAGSPAIK 5 5;Scan: 1050829 Run: DIA12_CV486075:20251228_A2_N1_Mueller_MS_TechHub_IMP_THIDDIAXL003_Cas9_PhoX_DIA12_CV486075_250ng_FAIMS_002 P1_RNSDKLIAR P2_EDIQKAQVSGQGDSLHEHIANLAGSPAIK 5 5,Q99ZW2,null,,false,Q99ZW2,null,,false,710,1118,,19.117748,false,true,false,false,4,2,Self,0,0.000732,0.001111,9.44278,9.672186,9.897591,,0,0,0,,0,0,,0
1270,225;5,Scan: 1573313 Run: DIA12_CV486075:20251228_A2_N1_Mueller_MS_TechHub_IMP_THIDDIAXL003_Cas9_PhoX_DIA12_CV486075_250ng_FAIMS_003 P1_KPAFLSGEQK P2_KKDWDPK 1 2;Scan: 378451 Run: DIA12_CV486075:20251228_A2_N1_Mueller_MS_TechHub_IMP_THIDDIAXL003_Cas9_PhoX_DIA12_CV486075_250ng_FAIMS_001 P1_KPAFLSGEQK P2_KKDWDPK 1 2;Scan: 1573384 Run: DIA12_CV486075:20251228_A2_N1_Mueller_MS_TechHub_IMP_THIDDIAXL003_Cas9_PhoX_DIA12_CV486075_250ng_FAIMS_003 P1_KPAFLSGEQK P2_KDWDPK 1 1;Scan: 1573360 Run: DIA12_CV486075:20251228_A2_N1_Mueller_MS_TechHub_IMP_THIDDIAXL003_Cas9_PhoX_DIA12_CV486075_250ng_FAIMS_003 P1_KPAFLSGEQK P2_KDWDPK 1 1,Q99ZW2,null,,false,Q99ZW2,null,,false,1124,536,,19.044004,false,true,false,false,4,2,Self,0,0.000735,0.001111,9.739112,,9.363671,,0,0,0,,0,0,,0
175,1110;656;231;222,Scan: 342746 Run: DIA12_CV486075:20251228_A2_N1_Mueller_MS_TechHub_IMP_THIDDIAXL003_Cas9_PhoX_DIA12_CV486075_250ng_FAIMS_001 P1_KSEETITPWNFEEVVDKGASAQSFIER P2_DLIIKLPK 17 5;Scan: 1537476 Run: DIA12_CV486075:20251228_A2_N1_Mueller_MS_TechHub_IMP_THIDDIAXL003_Cas9_PhoX_DIA12_CV486075_250ng_FAIMS_003 P1_SEETITPWNFEEVVDKGASAQSFIER P2_DLIIKLPK 16 5;Scan: 1335796 Run: DIA12_CV486075:20251228_A2_N1_Mueller_MS_TechHub_IMP_THIDDIAXL003_Cas9_PhoX_DIA12_CV486075_250ng_FAIMS_003 P1_KSEETITPWNFEEVVDKGASAQSFIER P2_KDLIIKLPK 17 6;Scan: 140886 Run: DIA12_CV486075:20251228_A2_N1_Mueller_MS_TechHub_IMP_THIDDIAXL003_Cas9_PhoX_DIA12_CV486075_250ng_FAIMS_001 P1_SEETITPWNFEEVVDKGASAQSFIER P2_KDLIIKLPK 16 6,Q99ZW2,null,,false,Q99ZW2,null,,false,1197,484,,19.022892,false,true,false,false,4,4,Self,0,0.000736,0.001111,9.544941,,9.766993,,0,0,0,,0,0,,0
1214,1866;1809,Scan: 840922 Run: DIA12_CV486075:20251228_A2_N1_Mueller_MS_TechHub_IMP_THIDDIAXL003_Cas9_PhoX_DIA12_CV486075_250ng_FAIMS_002 P1_KSEETITPWNFEEVVDK P2_FKVLGNTDR 1 2;Scan: 902320 Run: DIA12_CV486075:20251228_A2_N1_Mueller_MS_TechHub_IMP_THIDDIAXL003_Cas9_PhoX_DIA12_CV486075_250ng_FAIMS_002 P1_KSEETITPWNFEEVVDK P2_FKVLGNTDR 1 2;Scan: 902410 Run: DIA12_CV486075:20251228_A2_N1_Mueller_MS_TechHub_IMP_THIDDIAXL003_Cas9_PhoX_DIA12_CV486075_250ng_FAIMS_002 P1_KSEETITPWNFEEVVDK P2_KFKVLGNTDR 1 3,Q99ZW2,null,,false,Q99ZW2,null,,false,33,468,,18.679546,false,true,false,false,3,2,Self,0,0.000748,0.001122,,11.138359,,,0,0,0,,0,0,,0
505,1858;641,Scan: 1652634 Run: DIA12_CV486075:20251228_A2_N1_Mueller_MS_TechHub_IMP_THIDDIAXL003_Cas9_PhoX_DIA12_CV486075_250ng_FAIMS_003 P1_KSEETITPWNFEEVVDK P2_EDIQKAQVSGQGDSLHEHIANLAGSPAIK 1 5;Scan: 1506791 Run: DIA12_CV486075:20251228_A2_N1_Mueller_MS_TechHub_IMP_THIDDIAXL003_Cas9_PhoX_DIA12_CV486075_250ng_FAIMS_003 P1_KSEETITPWNFEEVVDK P2_EDIQKAQVSGQGDSLHEHIANLAGSPAIK 1 5;Scan: 457923 Run: DIA12_CV486075:20251228_A2_N1_Mueller_MS_TechHub_IMP_THIDDIAXL003_Cas9_PhoX_DIA12_CV486075_250ng_FAIMS_001 P1_KSEETITPWNFEEVVDK P2_EDIQKAQVSGQGDSLHEHIANLAGSPAIKK 1 5,Q99ZW2,null,,false,Q99ZW2,null,,false,710,468,,18.446843,false,true,false,false,3,2,Self,0,0.000756,0.001126,11.632153,,9.539832,,0,0,0,,0,0,,0
1234,788;1878,Scan: 1311527 Run: DIA12_CV486075:20251228_A2_N1_Mueller_MS_TechHub_IMP_THIDDIAXL003_Cas9_PhoX_DIA12_CV486075_250ng_FAIMS_003 P1_SSFEKNPIDFLEAK P2_SEETITPWNFEEVVDKGASAQSFIER 5 16;Scan: 1311705 Run: DIA12_CV486075:20251228_A2_N1_Mueller_MS_TechHub_IMP_THIDDIAXL003_Cas9_PhoX_DIA12_CV486075_250ng_FAIMS_003 P1_SSFEKNPIDFLEAK P2_SEETITPWNFEEVVDKGASAQSFIER 5 16;Scan: 938861 Run: DIA12_CV486075:20251228_A2_N1_Mueller_MS_TechHub_IMP_THIDDIAXL003_Cas9_PhoX_DIA12_CV486075_250ng_FAIMS_002 P1_SSFEKNPIDFLEAK P2_KSEETITPWNFEEVVDKGASAQSFIER 5 17,Q99ZW2,null,,false,Q99ZW2,null,,false,484,1176,,18.316514,false,true,false,false,3,2,Self,0,0.000761,0.001126,11.232117,10.820385,,,0,0,0,,0,0,,0
1226,1498;1845,Scan: 300175 Run: DIA12_CV486075:20251228_A2_N1_Mueller_MS_TechHub_IMP_THIDDIAXL003_Cas9_PhoX_DIA12_CV486075_250ng_FAIMS_001 P1_KTEVQTGGFSKESILPK P2_KSEETITPWNFEEVVDK 11 1;Scan: 1495181 Run: DIA12_CV486075:20251228_A2_N1_Mueller_MS_TechHub_IMP_THIDDIAXL003_Cas9_PhoX_DIA12_CV486075_250ng_FAIMS_003 P1_KTEVQTGGFSKESILPK P2_KSEETITPWNFEEVVDK 11 1;Scan: 897497 Run: DIA12_CV486075:20251228_A2_N1_Mueller_MS_TechHub_IMP_THIDDIAXL003_Cas9_PhoX_DIA12_CV486075_250ng_FAIMS_002 P1_TEVQTGGFSKESILPK P2_KSEETITPWNFEEVVDK 10 1,Q99ZW2,null,,false,Q99ZW2,null,,false,468,1107,,17.867229,false,true,false,false,3,2,Self,0,0.000777,0.001129,10.009063,10.6007,10.328682,,0,0,0,,0,0,,0
513,1800;655,Scan: 374366 Run: DIA12_CV486075:20251228_A2_N1_Mueller_MS_TechHub_IMP_THIDDIAXL003_Cas9_PhoX_DIA12_CV486075_250ng_FAIMS_001 P1_VKYVTEGMR P2_KPAFLSGEQK 2 1;Scan: 374406 Run: DIA12_CV486075:20251228_A2_N1_Mueller_MS_TechHub_IMP_THIDDIAXL003_Cas9_PhoX_DIA12_CV486075_250ng_FAIMS_001 P1_VKYVTEGMR P2_KPAFLSGEQK 2 1;Scan: 384569 Run: DIA12_CV486075:20251228_A2_N1_Mueller_MS_TechHub_IMP_THIDDIAXL003_Cas9_PhoX_DIA12_CV486075_250ng_FAIMS_001 P1_VKYVTEGMR P2_KPAFLSGEQKK 2 1,Q99ZW2,null,,false,Q99ZW2,null,,false,536,528,,17.818052,false,true,false,false,3,2,Self,0,0.000779,0.00113,10.228191,8.978692,10.820837,,0,0,0,,0,0,,0
1021,1288;1426,Scan: 1359526 Run: DIA12_CV486075:20251228_A2_N1_Mueller_MS_TechHub_IMP_THIDDIAXL003_Cas9_PhoX_DIA12_CV486075_250ng_FAIMS_003 P1_SKLVSDFR P2_LKGSPEDNEQK 2 2;Scan: 1359554 Run: DIA12_CV486075:20251228_A2_N1_Mueller_MS_TechHub_IMP_THIDDIAXL003_Cas9_PhoX_DIA12_CV486075_250ng_FAIMS_003 P1_SKLVSDFR P2_LKGSPEDNEQK 2 2;Scan: 1783024 Run: DIA12_CV486075:20251228_A2_N1_Mueller_MS_TechHub_IMP_THIDDIAXL003_Cas9_PhoX_DIA12_CV486075_250ng_FAIMS_003 P1_SKLVSDFRK P2_LKGSPEDNEQK 2 2,Q99ZW2,null,,false,Q99ZW2,null,,false,1246,961,,17.798789,false,true,false,false,3,2,Self,0,0.00078,0.00113,10.979573,,,,0,0,0,,0,0,,0
1577,244,Scan: 257149 Run: DIA12_CV486075:20251228_A2_N1_Mueller_MS_TechHub_IMP_THIDDIAXL003_Cas9_PhoX_DIA12_CV486075_250ng_FAIMS_001 P1_YKEIFFDQSK P2_YDEHHQDLTLLKALVR 2 12;Scan: 846895 Run: DIA12_CV486075:20251228_A2_N1_Mueller_MS_TechHub_IMP_THIDDIAXL003_Cas9_PhoX_DIA12_CV486075_250ng_FAIMS_002 P1_YKEIFFDQSK P2_YDEHHQDLTLLKALVR 2 12;Scan: 257068 Run: DIA12_CV486075:20251228_A2_N1_Mueller_MS_TechHub_IMP_THIDDIAXL003_Cas9_PhoX_DIA12_CV486075_250ng_FAIMS_001 P1_YKEIFFDQSK P2_YDEHHQDLTLLKALVR 2 12,Q99ZW2,null,,false,Q99ZW2,null,,false,336,348,,17.781757,false,true,false,false,3,1,Self,0,0.00078,0.00113,9.277214,11.05007,10.309944,,0,0,0,,0,0,,0
224,1908;1575;283,Scan: 142351 Run: DIA12_CV486075:20251228_A2_N1_Mueller_MS_TechHub_IMP_THIDDIAXL003_Cas9_PhoX_DIA12_CV486075_250ng_FAIMS_001 P1_LPKYSLFELENGR P2_KTEVQTGGFSKESILPK 3 11;Scan: 1337425 Run: DIA12_CV486075:20251228_A2_N1_Mueller_MS_TechHub_IMP_THIDDIAXL003_Cas9_PhoX_DIA12_CV486075_250ng_FAIMS_003 P1_TEVQTGGFSKESILPK P2_LPKYSLFELENGR 10 3;Scan: 142644 Run: DIA12_CV486075:20251228_A2_N1_Mueller_MS_TechHub_IMP_THIDDIAXL003_Cas9_PhoX_DIA12_CV486075_250ng_FAIMS_001 P1_TEVQTGGFSKESILPK P2_LPKYSLFELENGRK 10 3,Q99ZW2,null,,false,Q99ZW2,null,,false,1200,1107,,17.762458,false,true,false,false,3,3,Self,0,0.000781,0.00113,10.074251,9.757905,11.218444,,0,0,0,,0,0,,0
128,1485;162,Scan: 1143987 Run: DIA12_CV486075:20251228_A2_N1_Mueller_MS_TechHub_IMP_THIDDIAXL003_Cas9_PhoX_DIA12_CV486075_250ng_FAIMS_002 P1_KPAFLSGEQK P2_GKSDNVPSEEVVK 1 2;Scan: 1583722 Run: DIA12_CV486075:20251228_A2_N1_Mueller_MS_TechHub_IMP_THIDDIAXL003_Cas9_PhoX_DIA12_CV486075_250ng_FAIMS_003 P1_KPAFLSGEQK P2_GKSDNVPSEEVVK 1 2;Scan: 546625 Run: DIA12_CV486075:20251228_A2_N1_Mueller_MS_TechHub_IMP_THIDDIAXL003_Cas9_PhoX_DIA12_CV486075_250ng_FAIMS_001 P1_KPAFLSGEQK P2_GKSDNVPSEEVVKK 1 2,Q99ZW2,null,,false,Q99ZW2,null,,false,866,536,,17.743118,false,true,false,false,3,2,Self,0,0.000782,0.00113,9.99489,11.296181,9.344342,,0,0,0,,0,0,,0
1097,1152;1546,Scan: 119725 Run: DIA12_CV486075:20251228_A2_N1_Mueller_MS_TechHub_IMP_THIDDIAXL003_Cas9_PhoX_DIA12_CV486075_250ng_FAIMS_001 P1_SSFEKNPIDFLEAK P2_EDIQKAQVSGQGDSLHEHIANLAGSPAIK 5 5;Scan: 1649292 Run: DIA12_CV486075:20251228_A2_N1_Mueller_MS_TechHub_IMP_THIDDIAXL003_Cas9_PhoX_DIA12_CV486075_250ng_FAIMS_003 P1_SSFEKNPIDFLEAK P2_EDIQKAQVSGQGDSLHEHIANLAGSPAIK 5 5;Scan: 1314855 Run: DIA12_CV486075:20251228_A2_N1_Mueller_MS_TechHub_IMP_THIDDIAXL003_Cas9_PhoX_DIA12_CV486075_250ng_FAIMS_003 P1_SSFEKNPIDFLEAK P2_EDIQKAQVSGQGDSLHEHIANLAGSPAIKK 5 5,Q99ZW2,null,,false,Q99ZW2,null,,false,710,1176,,17.694657,false,true,false,false,3,2,Self,0,0.000784,0.00113,10.046845,,10.788934,,0,0,0,,0,0,,0
424,1761;535,Scan: 310691 Run: DIA12_CV486075:20251228_A2_N1_Mueller_MS_TechHub_IMP_THIDDIAXL003_Cas9_PhoX_DIA12_CV486075_250ng_FAIMS_001 P1_KSEETITPWNFEEVVDK P2_KLINGIR 1 1;Scan: 310733 Run: DIA12_CV486075:20251228_A2_N1_Mueller_MS_TechHub_IMP_THIDDIAXL003_Cas9_PhoX_DIA12_CV486075_250ng_FAIMS_001 P1_KSEETITPWNFEEVVDK P2_KLINGIR 1 1;Scan: 908371 Run: DIA12_CV486075:20251228_A2_N1_Mueller_MS_TechHub_IMP_THIDDIAXL003_Cas9_PhoX_DIA12_CV486075_250ng_FAIMS_002 P1_KSEETITPWNFEEVVDKGASAQSFIER P2_KLINGIR 1 1,Q99ZW2,null,,false,Q99ZW2,null,,false,665,468,,17.576857,false,true,false,false,3,2,Self,0,0.000788,0.00113,9.857569,9.497232,10.547877,,0,0,0,,0,0,,0
661,1705;879,Scan: 300844 Run: DIA12_CV486075:20251228_A2_N1_Mueller_MS_TechHub_IMP_THIDDIAXL003_Cas9_PhoX_DIA12_CV486075_250ng_FAIMS_001 P1_NSDKLIAR P2_KSEETITPWNFEEVVDK 4 1;Scan: 1495853 Run: DIA12_CV486075:20251228_A2_N1_Mueller_MS_TechHub_IMP_THIDDIAXL003_Cas9_PhoX_DIA12_CV486075_250ng_FAIMS_003 P1_NSDKLIAR P2_KSEETITPWNFEEVVDK 4 1;Scan: 898452 Run: DIA12_CV486075:20251228_A2_N1_Mueller_MS_TechHub_IMP_THIDDIAXL003_Cas9_PhoX_DIA12_CV486075_250ng_FAIMS_002 P1_RNSDKLIAR P2_KSEETITPWNFEEVVDK 5 1,Q99ZW2,null,,false,Q99ZW2,null,,false,468,1118,,17.438828,false,true,false,false,3,2,Self,0,0.000793,0.00113,10.227046,9.651274,10.313737,,0,0,0,,0,0,,0
1576,190,Scan: 770482 Run: DIA12_CV486075:20251228_A2_N1_Mueller_MS_TechHub_IMP_THIDDIAXL003_Cas9_PhoX_DIA12_CV486075_250ng_FAIMS_002 P1_KDFQFYK P2_GSPEDNEQKQLFVEQHK 1 9;Scan: 1788665 Run: DIA12_CV486075:20251228_A2_N1_Mueller_MS_TechHub_IMP_THIDDIAXL003_Cas9_PhoX_DIA12_CV486075_250ng_FAIMS_003 P1_KDFQFYK P2_GSPEDNEQKQLFVEQHK 1 9;Scan: 1367965 Run: DIA12_CV486075:20251228_A2_N1_Mueller_MS_TechHub_IMP_THIDDIAXL003_Cas9_PhoX_DIA12_CV486075_250ng_FAIMS_003 P1_KDFQFYK P2_GSPEDNEQKQLFVEQHK 1 9,Q99ZW2,null,,false,Q99ZW2,null,,false,1255,968,,17.421268,false,true,false,false,3,1,Self,0,0.000793,0.00113,10.093551,10.682022,,,0,0,0,,0,0,,0
593,1608;774,Scan: 839058 Run: DIA12_CV486075:20251228_A2_N1_Mueller_MS_TechHub_IMP_THIDDIAXL003_Cas9_PhoX_DIA12_CV486075_250ng_FAIMS_002 P1_NSDKLIAR P2_FKVLGNTDR 4 2;Scan: 839101 Run: DIA12_CV486075:20251228_A2_N1_Mueller_MS_TechHub_IMP_THIDDIAXL003_Cas9_PhoX_DIA12_CV486075_250ng_FAIMS_002 P1_NSDKLIAR P2_FKVLGNTDR 4 2;Scan: 839119 Run: DIA12_CV486075:20251228_A2_N1_Mueller_MS_TechHub_IMP_THIDDIAXL003_Cas9_PhoX_DIA12_CV486075_250ng_FAIMS_002 P1_RNSDKLIAR P2_FKVLGNTDR 5 2,Q99ZW2,null,,false,Q99ZW2,null,,false,33,1118,,17.410227,false,true,false,false,3,2,Self,0,0.000794,0.001131,,10.435672,9.713875,,0,0,0,,0,0,,0
303,1642;378,Scan: 1025494 Run: DIA12_CV486075:20251228_A2_N1_Mueller_MS_TechHub_IMP_THIDDIAXL003_Cas9_PhoX_DIA12_CV486075_250ng_FAIMS_002 P1_NSDKLIAR P2_KLINGIR 4 1;Scan: 687908 Run: DIA12_CV486075:20251228_A2_N1_Mueller_MS_TechHub_IMP_THIDDIAXL003_Cas9_PhoX_DIA12_CV486075_250ng_FAIMS_002 P1_NSDKLIAR P2_KLINGIR 4 1;Scan: 1622955 Run: DIA12_CV486075:20251228_A2_N1_Mueller_MS_TechHub_IMP_THIDDIAXL003_Cas9_PhoX_DIA12_CV486075_250ng_FAIMS_003 P1_RNSDKLIAR P2_KLINGIR 5 1,Q99ZW2,null,,false,Q99ZW2,null,,false,665,1118,,17.396905,false,true,false,false,3,2,Self,0,0.000794,0.001131,9.428023,10.53765,9.771213,,0,0,0,,0,0,,0
241,1684;304,Scan: 854655 Run: DIA12_CV486075:20251228_A2_N1_Mueller_MS_TechHub_IMP_THIDDIAXL003_Cas9_PhoX_DIA12_CV486075_250ng_FAIMS_002 P1_YKEIFFDQSK P2_YKEIFFDQSK 2 2;Scan: 854669 Run: DIA12_CV486075:20251228_A2_N1_Mueller_MS_TechHub_IMP_THIDDIAXL003_Cas9_PhoX_DIA12_CV486075_250ng_FAIMS_002 P1_YKEIFFDQSK P2_YKEIFFDQSK 2 2;Scan: 1452217 Run: DIA12_CV486075:20251228_A2_N1_Mueller_MS_TechHub_IMP_THIDDIAXL003_Cas9_PhoX_DIA12_CV486075_250ng_FAIMS_003 P1_YKEIFFDQSK P2_QQLPEKYKEIFFDQSK 2 8,Q99ZW2,null,,false,Q99ZW2,null,,false,348,348,,17.392481,false,true,false,false,3,2,Self,0,0.000794,0.001131,9.398582,10.494658,,,0,0,0,,0,0,,0
58,1433;70,Scan: 1571950 Run: DIA12_CV486075:20251228_A2_N1_Mueller_MS_TechHub_IMP_THIDDIAXL003_Cas9_PhoX_DIA12_CV486075_250ng_FAIMS_003 P1_SEQEIGKATAK P2_KPAFLSGEQK 7 1;Scan: 974565 Run: DIA12_CV486075:20251228_A2_N1_Mueller_MS_TechHub_IMP_THIDDIAXL003_Cas9_PhoX_DIA12_CV486075_250ng_FAIMS_002 P1_SEQEIGKATAK P2_KPAFLSGEQK 7 1;Scan: 16056 Run: DIA12_CV486075:20251228_A2_N1_Mueller_MS_TechHub_IMP_THIDDIAXL003_Cas9_PhoX_DIA12_CV486075_250ng_FAIMS_001 P1_SEQEIGKATAK P2_KPAFLSGEQKK 7 1,Q99ZW2,null,,false,Q99ZW2,null,,false,536,1031,,17.320352,false,true,false,false,3,2,Self,0,0.000797,0.001135,10.686863,9.955649,9.309706,,0,0,0,,0,0,,0
537,1441;691,Scan: 1409869 Run: DIA12_CV486075:20251228_A2_N1_Mueller_MS_TechHub_IMP_THIDDIAXL003_Cas9_PhoX_DIA12_CV486075_250ng_FAIMS_003 P1_RLENLIAQLPGEKK P2_KPAFLSGEQK 13 1;Scan: 1409772 Run: DIA12_CV486075:20251228_A2_N1_Mueller_MS_TechHub_IMP_THIDDIAXL003_Cas9_PhoX_DIA12_CV486075_250ng_FAIMS_003 P1_RLENLIAQLPGEKK P2_KPAFLSGEQK 13 1;Scan: 380784 Run: DIA12_CV486075:20251228_A2_N1_Mueller_MS_TechHub_IMP_THIDDIAXL003_Cas9_PhoX_DIA12_CV486075_250ng_FAIMS_001 P1_LENLIAQLPGEKK P2_KPAFLSGEQK 12 1,Q99ZW2,null,,false,Q99ZW2,null,,false,536,233,,17.320156,false,true,false,false,3,2,Self,0,0.000797,0.001135,10.46141,8.90506,9.559731,,0,0,0,,0,0,,0
418,1576;527,Scan: 855981 Run: DIA12_CV486075:20251228_A2_N1_Mueller_MS_TechHub_IMP_THIDDIAXL003_Cas9_PhoX_DIA12_CV486075_250ng_FAIMS_002 P1_YKEIFFDQSK P2_IEKILTFR 2 3;Scan: 1453401 Run: DIA12_CV486075:20251228_A2_N1_Mueller_MS_TechHub_IMP_THIDDIAXL003_Cas9_PhoX_DIA12_CV486075_250ng_FAIMS_003 P1_YKEIFFDQSK P2_IEKILTFR 2 3;Scan: 1453448 Run: DIA12_CV486075:20251228_A2_N1_Mueller_MS_TechHub_IMP_THIDDIAXL003_Cas9_PhoX_DIA12_CV486075_250ng_FAIMS_003 P1_YKEIFFDQSK P2_EKIEKILTFR 2 5,Q99ZW2,null,,false,Q99ZW2,null,,false,442,348,,17.269366,false,true,false,false,3,2,Self,0,0.000799,0.001138,10.07433,10.326898,,,0,0,0,,0,0,,0
384,1662;486,Scan: 293548 Run: DIA12_CV486075:20251228_A2_N1_Mueller_MS_TechHub_IMP_THIDDIAXL003_Cas9_PhoX_DIA12_CV486075_250ng_FAIMS_001 P1_KLINGIR P2_IEKILTFR 1 3;Scan: 1027132 Run: DIA12_CV486075:20251228_A2_N1_Mueller_MS_TechHub_IMP_THIDDIAXL003_Cas9_PhoX_DIA12_CV486075_250ng_FAIMS_002 P1_KLINGIR P2_IEKILTFR 1 3;Scan: 1027158 Run: DIA12_CV486075:20251228_A2_N1_Mueller_MS_TechHub_IMP_THIDDIAXL003_Cas9_PhoX_DIA12_CV486075_250ng_FAIMS_002 P1_KLINGIR P2_EKIEKILTFR 1 5,Q99ZW2,null,,false,Q99ZW2,null,,false,442,665,,17.255593,false,true,false,false,3,2,Self,0,0.000799,0.001138,,10.163387,10.232692,,0,0,0,,0,0,,0
662,860;880,Scan: 1477181 Run: DIA12_CV486075:20251228_A2_N1_Mueller_MS_TechHub_IMP_THIDDIAXL003_Cas9_PhoX_DIA12_CV486075_250ng_FAIMS_003 P1_QQLPEKYKEIFFDQSK P2_FIKPILEKMDGTEELLVK 6 8;Scan: 1477266 Run: DIA12_CV486075:20251228_A2_N1_Mueller_MS_TechHub_IMP_THIDDIAXL003_Cas9_PhoX_DIA12_CV486075_250ng_FAIMS_003 P1_QQLPEKYKEIFFDQSK P2_FIKPILEKMDGTEELLVK 6 8;Scan: 879455 Run: DIA12_CV486075:20251228_A2_N1_Mueller_MS_TechHub_IMP_THIDDIAXL003_Cas9_PhoX_DIA12_CV486075_250ng_FAIMS_002 P1_QQLPEKYK P2_FIKPILEKMDGTEELLVK 6 8,Q99ZW2,null,,false,Q99ZW2,null,,false,382,346,,17.240487,false,true,false,false,3,2,Self,0,0.0008,0.001139,10.544349,9.651702,,,0,0,0,,0,0,,0
209,1539;265,Scan: 242680 Run: DIA12_CV486075:20251228_A2_N1_Mueller_MS_TechHub_IMP_THIDDIAXL003_Cas9_PhoX_DIA12_CV486075_250ng_FAIMS_001 P1_FKVLGNTDR P2_FKVLGNTDR 2 2;Scan: 242664 Run: DIA12_CV486075:20251228_A2_N1_Mueller_MS_TechHub_IMP_THIDDIAXL003_Cas9_PhoX_DIA12_CV486075_250ng_FAIMS_001 P1_FKVLGNTDR P2_FKVLGNTDR 2 2;Scan: 242634 Run: DIA12_CV486075:20251228_A2_N1_Mueller_MS_TechHub_IMP_THIDDIAXL003_Cas9_PhoX_DIA12_CV486075_250ng_FAIMS_001 P1_KFKVLGNTDR P2_FKVLGNTDR 3 2,Q99ZW2,null,,false,Q99ZW2,null,,false,33,33,,17.230241,false,true,false,false,3,2,Self,0,0.0008,0.001139,,,10.394264,,0,0,0,,0,0,,0
488,1550;618,Scan: 1026707 Run: DIA12_CV486075:20251228_A2_N1_Mueller_MS_TechHub_IMP_THIDDIAXL003_Cas9_PhoX_DIA12_CV486075_250ng_FAIMS_002 P1_KLINGIR P2_DLIIKLPK 1 5;Scan: 429254 Run: DIA12_CV486075:20251228_A2_N1_Mueller_MS_TechHub_IMP_THIDDIAXL003_Cas9_PhoX_DIA12_CV486075_250ng_FAIMS_001 P1_KLINGIR P2_DLIIKLPK 1 5;Scan: 1624232 Run: DIA12_CV486075:20251228_A2_N1_Mueller_MS_TechHub_IMP_THIDDIAXL003_Cas9_PhoX_DIA12_CV486075_250ng_FAIMS_003 P1_KLINGIR P2_KDLIIKLPK 1 6,Q99ZW2,null,,false,Q99ZW2,null,,false,1197,665,,17.211015,false,true,false,false,3,2,Self,0,0.000801,0.001139,9.529646,10.051215,10.216554,,0,0,0,,0,0,,0
1213,629;1808,Scan: 975162 Run: DIA12_CV486075:20251228_A2_N1_Mueller_MS_TechHub_IMP_THIDDIAXL003_Cas9_PhoX_DIA12_CV486075_250ng_FAIMS_002 P1_TEVQTGGFSKESILPK P2_KPAFLSGEQK 10 1;Scan: 1266355 Run: DIA12_CV486075:20251228_A2_N1_Mueller_MS_TechHub_IMP_THIDDIAXL003_Cas9_PhoX_DIA12_CV486075_250ng_FAIMS_003 P1_TEVQTGGFSKESILPK P2_KPAFLSGEQK 10 1;Scan: 1266215 Run: DIA12_CV486075:20251228_A2_N1_Mueller_MS_TechHub_IMP_THIDDIAXL003_Cas9_PhoX_DIA12_CV486075_250ng_FAIMS_003 P1_KTEVQTGGFSKESILPK P2_KPAFLSGEQK 11 1,Q99ZW2,null,,false,Q99ZW2,null,,false,536,1107,,17.205974,false,true,false,false,3,2,Self,0,0.000801,0.001139,10.48004,9.534609,,,0,0,0,,0,0,,0
497,360;630,Scan: 547974 Run: DIA12_CV486075:20251228_A2_N1_Mueller_MS_TechHub_IMP_THIDDIAXL003_Cas9_PhoX_DIA12_CV486075_250ng_FAIMS_001 P1_GKSDNVPSEEVVK P2_ELGSQILKEHPVENTQLQNEK 2 8;Scan: 1123509 Run: DIA12_CV486075:20251228_A2_N1_Mueller_MS_TechHub_IMP_THIDDIAXL003_Cas9_PhoX_DIA12_CV486075_250ng_FAIMS_002 P1_GKSDNVPSEEVVK P2_ELGSQILKEHPVENTQLQNEK 2 8;Scan: 526133 Run: DIA12_CV486075:20251228_A2_N1_Mueller_MS_TechHub_IMP_THIDDIAXL003_Cas9_PhoX_DIA12_CV486075_250ng_FAIMS_001 P1_GKSDNVPSEEVVKK P2_ELGSQILKEHPVENTQLQNEK 2 8,Q99ZW2,null,,false,Q99ZW2,null,,false,797,866,,17.204135,false,true,false,false,3,2,Self,0,0.000801,0.001139,,9.421425,10.784665,,0,0,0,,0,0,,0
229,937;290,Scan: 1178868 Run: DIA12_CV486075:20251228_A2_N1_Mueller_MS_TechHub_IMP_THIDDIAXL003_Cas9_PhoX_DIA12_CV486075_250ng_FAIMS_002 P1_MNTKYDENDK P2_KLINGIR 4 1;Scan: 1776347 Run: DIA12_CV486075:20251228_A2_N1_Mueller_MS_TechHub_IMP_THIDDIAXL003_Cas9_PhoX_DIA12_CV486075_250ng_FAIMS_003 P1_MNTKYDENDK P2_KLINGIR 4 1;Scan: 1178990 Run: DIA12_CV486075:20251228_A2_N1_Mueller_MS_TechHub_IMP_THIDDIAXL003_Cas9_PhoX_DIA12_CV486075_250ng_FAIMS_002 P1_MNTKYDENDKLIR P2_KLINGIR 4 1,Q99ZW2,null,,false,Q99ZW2,null,,false,665,942,,17.159284,false,true,false,false,3,2,Self,0,0.000803,0.001139,9.674121,10.611391,8.959151,,0,0,0,,0,0,,0
738,671;991,Scan: 590022 Run: DIA12_CV486075:20251228_A2_N1_Mueller_MS_TechHub_IMP_THIDDIAXL003_Cas9_PhoX_DIA12_CV486075_250ng_FAIMS_001 P1_SKLVSDFR P2_EVKVITLK 2 3;Scan: 590035 Run: DIA12_CV486075:20251228_A2_N1_Mueller_MS_TechHub_IMP_THIDDIAXL003_Cas9_PhoX_DIA12_CV486075_250ng_FAIMS_001 P1_SKLVSDFR P2_EVKVITLK 2 3;Scan: 1187439 Run: DIA12_CV486075:20251228_A2_N1_Mueller_MS_TechHub_IMP_THIDDIAXL003_Cas9_PhoX_DIA12_CV486075_250ng_FAIMS_002 P1_SKLVSDFRK P2_EVKVITLK 2 3,Q99ZW2,null,,false,Q99ZW2,null,,false,954,961,,17.134788,false,true,false,false,3,2,Self,0,0.000804,0.001139,,9.699051,10.408167,,0,0,0,,0,0,,0
539,1002;695,Scan: 975796 Run: DIA12_CV486075:20251228_A2_N1_Mueller_MS_TechHub_IMP_THIDDIAXL003_Cas9_PhoX_DIA12_CV486075_250ng_FAIMS_002 P1_KPAFLSGEQK P2_KKDWDPK 1 1;Scan: 95721 Run: DIA12_CV486075:20251228_A2_N1_Mueller_MS_TechHub_IMP_THIDDIAXL003_Cas9_PhoX_DIA12_CV486075_250ng_FAIMS_001 P1_KPAFLSGEQK P2_KKDWDPK 1 1;Scan: 95747 Run: DIA12_CV486075:20251228_A2_N1_Mueller_MS_TechHub_IMP_THIDDIAXL003_Cas9_PhoX_DIA12_CV486075_250ng_FAIMS_001 P1_KPAFLSGEQK P2_KKDWDPKK 1 1,Q99ZW2,null,,false,Q99ZW2,null,,false,1123,536,,17.109938,false,true,false,false,3,2,Self,0,0.000805,0.00114,,10.351065,9.704215,,0,0,0,,0,0,,0
1575,569,Scan: 611787 Run: DIA12_CV486075:20251228_A2_N1_Mueller_MS_TechHub_IMP_THIDDIAXL003_Cas9_PhoX_DIA12_CV486075_250ng_FAIMS_002 P1_SEQEIGKATAK P2_KRPLIETNGETGEIVWDK 7 1;Scan: 20330 Run: DIA12_CV486075:20251228_A2_N1_Mueller_MS_TechHub_IMP_THIDDIAXL003_Cas9_PhoX_DIA12_CV486075_250ng_FAIMS_001 P1_SEQEIGKATAK P2_KRPLIETNGETGEIVWDK 7 1;Scan: 1209340 Run: DIA12_CV486075:20251228_A2_N1_Mueller_MS_TechHub_IMP_THIDDIAXL003_Cas9_PhoX_DIA12_CV486075_250ng_FAIMS_003 P1_SEQEIGKATAK P2_KRPLIETNGETGEIVWDK 7 1,Q99ZW2,null,,false,Q99ZW2,null,,false,1059,1031,,17.10028,false,true,false,false,3,1,Self,0,0.000805,0.00114,9.507844,9.690835,10.46397,,0,0,0,,0,0,,0
1574,405,Scan: 701652 Run: DIA12_CV486075:20251228_A2_N1_Mueller_MS_TechHub_IMP_THIDDIAXL003_Cas9_PhoX_DIA12_CV486075_250ng_FAIMS_002 P1_KYGGFDSPTVAYSVLVVAK P2_KKDWDPK 1 1;Scan: 1299214 Run: DIA12_CV486075:20251228_A2_N1_Mueller_MS_TechHub_IMP_THIDDIAXL003_Cas9_PhoX_DIA12_CV486075_250ng_FAIMS_003 P1_KYGGFDSPTVAYSVLVVAK P2_KKDWDPK 1 1;Scan: 1299351 Run: DIA12_CV486075:20251228_A2_N1_Mueller_MS_TechHub_IMP_THIDDIAXL003_Cas9_PhoX_DIA12_CV486075_250ng_FAIMS_003 P1_KYGGFDSPTVAYSVLVVAK P2_KKDWDPK 1 1,Q99ZW2,null,,false,Q99ZW2,null,,false,1123,1130,,17.008835,false,true,false,false,3,1,Self,0,0.000808,0.00114,9.93015,10.083826,,,0,0,0,,0,0,,0
1049,52;1468,Scan: 1688272 Run: DIA12_CV486075:20251228_A2_N1_Mueller_MS_TechHub_IMP_THIDDIAXL003_Cas9_PhoX_DIA12_CV486075_250ng_FAIMS_003 P1_SEETITPWNFEEVVDKGASAQSFIER P2_GILQTVKVVDELVK 16 7;Scan: 1688383 Run: DIA12_CV486075:20251228_A2_N1_Mueller_MS_TechHub_IMP_THIDDIAXL003_Cas9_PhoX_DIA12_CV486075_250ng_FAIMS_003 P1_SEETITPWNFEEVVDKGASAQSFIER P2_GILQTVKVVDELVK 16 7;Scan: 1545198 Run: DIA12_CV486075:20251228_A2_N1_Mueller_MS_TechHub_IMP_THIDDIAXL003_Cas9_PhoX_DIA12_CV486075_250ng_FAIMS_003 P1_KSEETITPWNFEEVVDKGASAQSFIER P2_GILQTVKVVDELVK 17 7,Q99ZW2,null,,false,Q99ZW2,null,,false,742,484,,17.007649,false,true,false,false,3,2,Self,0,0.000808,0.00114,10.157578,,,,0,0,0,,0,0,,0
797,1025;1088,Scan: 213531 Run: DIA12_CV486075:20251228_A2_N1_Mueller_MS_TechHub_IMP_THIDDIAXL003_Cas9_PhoX_DIA12_CV486075_250ng_FAIMS_001 P1_NSDKLIAR P2_LENLIAQLPGEKK 4 12;Scan: 810998 Run: DIA12_CV486075:20251228_A2_N1_Mueller_MS_TechHub_IMP_THIDDIAXL003_Cas9_PhoX_DIA12_CV486075_250ng_FAIMS_002 P1_NSDKLIAR P2_LENLIAQLPGEKK 4 12;Scan: 811043 Run: DIA12_CV486075:20251228_A2_N1_Mueller_MS_TechHub_IMP_THIDDIAXL003_Cas9_PhoX_DIA12_CV486075_250ng_FAIMS_002 P1_RLENLIAQLPGEKK P2_NSDKLIAR 13 4,Q99ZW2,null,,false,Q99ZW2,null,,false,1118,233,,16.993673,false,true,false,false,3,2,Self,0,0.000809,0.00114,,9.964625,9.714591,,0,0,0,,0,0,,0
242,666;305,Scan: 254228 Run: DIA12_CV486075:20251228_A2_N1_Mueller_MS_TechHub_IMP_THIDDIAXL003_Cas9_PhoX_DIA12_CV486075_250ng_FAIMS_001 P1_YKEIFFDQSK P2_LEESFLVEEDKK 2 11;Scan: 851727 Run: DIA12_CV486075:20251228_A2_N1_Mueller_MS_TechHub_IMP_THIDDIAXL003_Cas9_PhoX_DIA12_CV486075_250ng_FAIMS_002 P1_YKEIFFDQSK P2_LEESFLVEEDKK 2 11;Scan: 1272177 Run: DIA12_CV486075:20251228_A2_N1_Mueller_MS_TechHub_IMP_THIDDIAXL003_Cas9_PhoX_DIA12_CV486075_250ng_FAIMS_003 P1_YKEIFFDQSK P2_LEESFLVEEDKKHER 2 11,Q99ZW2,null,,false,Q99ZW2,null,,false,111,348,,16.955062,false,true,false,false,3,2,Self,0,0.00081,0.001144,9.398887,9.548139,10.39077,,0,0,0,,0,0,,0
552,605;716,Scan: 70881 Run: DIA12_CV486075:20251228_A2_N1_Mueller_MS_TechHub_IMP_THIDDIAXL003_Cas9_PhoX_DIA12_CV486075_250ng_FAIMS_001 P1_NLPNEKVLPK P2_KTEVQTGGFSKESILPK 6 11;Scan: 1555529 Run: DIA12_CV486075:20251228_A2_N1_Mueller_MS_TechHub_IMP_THIDDIAXL003_Cas9_PhoX_DIA12_CV486075_250ng_FAIMS_003 P1_NLPNEKVLPK P2_KTEVQTGGFSKESILPK 6 11;Scan: 1265820 Run: DIA12_CV486075:20251228_A2_N1_Mueller_MS_TechHub_IMP_THIDDIAXL003_Cas9_PhoX_DIA12_CV486075_250ng_FAIMS_003 P1_TEVQTGGFSKESILPK P2_NLPNEKVLPK 10 6,Q99ZW2,null,,false,Q99ZW2,null,,false,506,1107,,16.840861,false,true,false,false,3,2,Self,0,0.000814,0.001149,10.06007,,9.524525,,0,0,0,,0,0,,0
1188,124;1722,Scan: 1551899 Run: DIA12_CV486075:20251228_A2_N1_Mueller_MS_TechHub_IMP_THIDDIAXL003_Cas9_PhoX_DIA12_CV486075_250ng_FAIMS_003 P1_MTNFDKNLPNEK P2_KSEETITPWNFEEVVDKGASAQSFIER 6 17;Scan: 943479 Run: DIA12_CV486075:20251228_A2_N1_Mueller_MS_TechHub_IMP_THIDDIAXL003_Cas9_PhoX_DIA12_CV486075_250ng_FAIMS_002 P1_MTNFDKNLPNEK P2_KSEETITPWNFEEVVDKGASAQSFIER 6 17;Scan: 1540821 Run: DIA12_CV486075:20251228_A2_N1_Mueller_MS_TechHub_IMP_THIDDIAXL003_Cas9_PhoX_DIA12_CV486075_250ng_FAIMS_003 P1_SEETITPWNFEEVVDKGASAQSFIER P2_MTNFDKNLPNEK 16 6,Q99ZW2,null,,false,Q99ZW2,null,,false,500,484,,16.837169,false,true,false,false,3,2,Self,0,0.000815,0.001149,10.267124,9.542621,8.804604,,0,0,0,,0,0,,0
157,962;200,Scan: 1623031 Run: DIA12_CV486075:20251228_A2_N1_Mueller_MS_TechHub_IMP_THIDDIAXL003_Cas9_PhoX_DIA12_CV486075_250ng_FAIMS_003 P1_KLINGIR P2_KKDWDPK 1 1;Scan: 428141 Run: DIA12_CV486075:20251228_A2_N1_Mueller_MS_TechHub_IMP_THIDDIAXL003_Cas9_PhoX_DIA12_CV486075_250ng_FAIMS_001 P1_KLINGIR P2_KKDWDPK 1 1;Scan: 1290785 Run: DIA12_CV486075:20251228_A2_N1_Mueller_MS_TechHub_IMP_THIDDIAXL003_Cas9_PhoX_DIA12_CV486075_250ng_FAIMS_003 P1_KLINGIR P2_KKDWDPKK 1 1,Q99ZW2,null,,false,Q99ZW2,null,,false,1123,665,,16.834188,false,true,false,false,3,2,Self,0,0.000815,0.001149,9.686344,,10.099927,,0,0,0,,0,0,,0
858,761;1170,Scan: 1784266 Run: DIA12_CV486075:20251228_A2_N1_Mueller_MS_TechHub_IMP_THIDDIAXL003_Cas9_PhoX_DIA12_CV486075_250ng_FAIMS_003 P1_SKLVSDFR P2_KGILQTVK 2 1;Scan: 1679957 Run: DIA12_CV486075:20251228_A2_N1_Mueller_MS_TechHub_IMP_THIDDIAXL003_Cas9_PhoX_DIA12_CV486075_250ng_FAIMS_003 P1_SKLVSDFR P2_KGILQTVK 2 1;Scan: 589413 Run: DIA12_CV486075:20251228_A2_N1_Mueller_MS_TechHub_IMP_THIDDIAXL003_Cas9_PhoX_DIA12_CV486075_250ng_FAIMS_001 P1_SKLVSDFRK P2_KGILQTVK 2 1,Q99ZW2,null,,false,Q99ZW2,null,,false,735,961,,16.758005,false,true,false,false,3,2,Self,0,0.000817,0.001156,9.635337,,9.796162,,0,0,0,,0,0,,0
886,575;1210,Scan: 738081 Run: DIA12_CV486075:20251228_A2_N1_Mueller_MS_TechHub_IMP_THIDDIAXL003_Cas9_PhoX_DIA12_CV486075_250ng_FAIMS_002 P1_KSEETITPWNFEEVVDK P2_DLIIKLPK 1 5;Scan: 303085 Run: DIA12_CV486075:20251228_A2_N1_Mueller_MS_TechHub_IMP_THIDDIAXL003_Cas9_PhoX_DIA12_CV486075_250ng_FAIMS_001 P1_KSEETITPWNFEEVVDK P2_DLIIKLPK 1 5;Scan: 900692 Run: DIA12_CV486075:20251228_A2_N1_Mueller_MS_TechHub_IMP_THIDDIAXL003_Cas9_PhoX_DIA12_CV486075_250ng_FAIMS_002 P1_KSEETITPWNFEEVVDK P2_KDLIIKLPK 1 6,Q99ZW2,null,,false,Q99ZW2,null,,false,1197,468,,16.737687,false,true,false,false,3,2,Self,0,0.000818,0.001159,9.312178,9.817587,9.659747,,0,0,0,,0,0,,0
877,245;1197,Scan: 194108 Run: DIA12_CV486075:20251228_A2_N1_Mueller_MS_TechHub_IMP_THIDDIAXL003_Cas9_PhoX_DIA12_CV486075_250ng_FAIMS_001 P1_NSDKLIAR P2_EQAENIIHLFTLTNLGAPAAFKYFDTTIDR 4 22;Scan: 194335 Run: DIA12_CV486075:20251228_A2_N1_Mueller_MS_TechHub_IMP_THIDDIAXL003_Cas9_PhoX_DIA12_CV486075_250ng_FAIMS_001 P1_NSDKLIAR P2_EQAENIIHLFTLTNLGAPAAFKYFDTTIDR 4 22;Scan: 791849 Run: DIA12_CV486075:20251228_A2_N1_Mueller_MS_TechHub_IMP_THIDDIAXL003_Cas9_PhoX_DIA12_CV486075_250ng_FAIMS_002 P1_RNSDKLIAR P2_EQAENIIHLFTLTNLGAPAAFKYFDTTIDR 5 22,Q99ZW2,null,,false,Q99ZW2,null,,false,1325,1118,,16.677083,false,true,false,false,3,2,Self,0,0.00082,0.001161,8.839587,9.808943,9.701171,,0,0,0,,0,0,,0
980,316;1363,Scan: 1411142 Run: DIA12_CV486075:20251228_A2_N1_Mueller_MS_TechHub_IMP_THIDDIAXL003_Cas9_PhoX_DIA12_CV486075_250ng_FAIMS_003 P1_RLENLIAQLPGEKK P2_ENQTTQKGQK 13 7;Scan: 509666 Run: DIA12_CV486075:20251228_A2_N1_Mueller_MS_TechHub_IMP_THIDDIAXL003_Cas9_PhoX_DIA12_CV486075_250ng_FAIMS_001 P1_RLENLIAQLPGEKK P2_ENQTTQKGQK 13 7;Scan: 813549 Run: DIA12_CV486075:20251228_A2_N1_Mueller_MS_TechHub_IMP_THIDDIAXL003_Cas9_PhoX_DIA12_CV486075_250ng_FAIMS_002 P1_LENLIAQLPGEKK P2_ENQTTQKGQK 12 7,Q99ZW2,null,,false,Q99ZW2,null,,false,772,233,,16.662979,false,true,false,false,3,2,Self,0,0.000821,0.001161,9.404919,9.908162,9.541,,0,0,0,,0,0,,0
840,455;1143,Scan: 36472 Run: DIA12_CV486075:20251228_A2_N1_Mueller_MS_TechHub_IMP_THIDDIAXL003_Cas9_PhoX_DIA12_CV486075_250ng_FAIMS_001 P1_KTEVQTGGFSK P2_KDWDPK 1 1;Scan: 36494 Run: DIA12_CV486075:20251228_A2_N1_Mueller_MS_TechHub_IMP_THIDDIAXL003_Cas9_PhoX_DIA12_CV486075_250ng_FAIMS_001 P1_KTEVQTGGFSK P2_KDWDPK 1 1;Scan: 36448 Run: DIA12_CV486075:20251228_A2_N1_Mueller_MS_TechHub_IMP_THIDDIAXL003_Cas9_PhoX_DIA12_CV486075_250ng_FAIMS_001 P1_KTEVQTGGFSKESILPK P2_KDWDPKK 1 1,Q99ZW2,null,,false,Q99ZW2,null,,false,1124,1097,,16.662978,false,true,false,false,3,2,Self,0,0.000821,0.001161,,,9.7807,,0,0,0,,0,0,,0
484,855;612,Scan: 738703 Run: DIA12_CV486075:20251228_A2_N1_Mueller_MS_TechHub_IMP_THIDDIAXL003_Cas9_PhoX_DIA12_CV486075_250ng_FAIMS_002 P1_EDIQKAQVSGQGDSLHEHIANLAGSPAIK P2_DLIIKLPK 5 5;Scan: 738735 Run: DIA12_CV486075:20251228_A2_N1_Mueller_MS_TechHub_IMP_THIDDIAXL003_Cas9_PhoX_DIA12_CV486075_250ng_FAIMS_002 P1_EDIQKAQVSGQGDSLHEHIANLAGSPAIK P2_DLIIKLPK 5 5;Scan: 1650548 Run: DIA12_CV486075:20251228_A2_N1_Mueller_MS_TechHub_IMP_THIDDIAXL003_Cas9_PhoX_DIA12_CV486075_250ng_FAIMS_003 P1_KDLIIKLPK P2_EDIQKAQVSGQGDSLHEHIANLAGSPAIK 6 5,Q99ZW2,null,,false,Q99ZW2,null,,false,710,1197,,16.659445,false,true,false,false,3,2,Self,0,0.000821,0.001161,9.527242,9.69099,9.041449,,0,0,0,,0,0,,0
468,562;591,Scan: 1308953 Run: DIA12_CV486075:20251228_A2_N1_Mueller_MS_TechHub_IMP_THIDDIAXL003_Cas9_PhoX_DIA12_CV486075_250ng_FAIMS_003 P1_SSFEKNPIDFLEAK P2_DLIIKLPK 5 5;Scan: 1309056 Run: DIA12_CV486075:20251228_A2_N1_Mueller_MS_TechHub_IMP_THIDDIAXL003_Cas9_PhoX_DIA12_CV486075_250ng_FAIMS_003 P1_SSFEKNPIDFLEAK P2_DLIIKLPK 5 5;Scan: 711684 Run: DIA12_CV486075:20251228_A2_N1_Mueller_MS_TechHub_IMP_THIDDIAXL003_Cas9_PhoX_DIA12_CV486075_250ng_FAIMS_002 P1_SSFEKNPIDFLEAK P2_KDLIIKLPK 5 6,Q99ZW2,null,,false,Q99ZW2,null,,false,1197,1176,,16.59935,false,true,false,false,3,2,Self,0,0.000823,0.001164,9.725014,9.518862,,,0,0,0,,0,0,,0
836,7;1139,Scan: 437248 Run: DIA12_CV486075:20251228_A2_N1_Mueller_MS_TechHub_IMP_THIDDIAXL003_Cas9_PhoX_DIA12_CV486075_250ng_FAIMS_001 P1_RNSDKLIAR P2_DKQSGK 5 2;Scan: 688337 Run: DIA12_CV486075:20251228_A2_N1_Mueller_MS_TechHub_IMP_THIDDIAXL003_Cas9_PhoX_DIA12_CV486075_250ng_FAIMS_002 P1_RNSDKLIAR P2_DKQSGK 5 2;Scan: 1034673 Run: DIA12_CV486075:20251228_A2_N1_Mueller_MS_TechHub_IMP_THIDDIAXL003_Cas9_PhoX_DIA12_CV486075_250ng_FAIMS_002 P1_NSDKLIAR P2_DKQSGK 4 2,Q99ZW2,null,,false,Q99ZW2,null,,false,673,1118,,16.557834,false,true,false,false,3,2,Self,0,0.000825,0.001164,,9.777889,9.288906,,0,0,0,,0,0,,0
337,188;421,Scan: 1232002 Run: DIA12_CV486075:20251228_A2_N1_Mueller_MS_TechHub_IMP_THIDDIAXL003_Cas9_PhoX_DIA12_CV486075_250ng_FAIMS_003 P1_KTEVQTGGFSKESILPK P2_KDLIIKLPK 1 6;Scan: 1334855 Run: DIA12_CV486075:20251228_A2_N1_Mueller_MS_TechHub_IMP_THIDDIAXL003_Cas9_PhoX_DIA12_CV486075_250ng_FAIMS_003 P1_KTEVQTGGFSKESILPK P2_KDLIIKLPK 1 6;Scan: 37088 Run: DIA12_CV486075:20251228_A2_N1_Mueller_MS_TechHub_IMP_THIDDIAXL003_Cas9_PhoX_DIA12_CV486075_250ng_FAIMS_001 P1_KTEVQTGGFSK P2_DLIIKLPK 1 5,Q99ZW2,null,,false,Q99ZW2,null,,false,1197,1097,,16.51316,false,true,false,false,3,2,Self,0,0.000826,0.001168,9.798928,,9.442046,,0,0,0,,0,0,,0
415,633;524,Scan: 1356329 Run: DIA12_CV486075:20251228_A2_N1_Mueller_MS_TechHub_IMP_THIDDIAXL003_Cas9_PhoX_DIA12_CV486075_250ng_FAIMS_003 P1_NSDKLIAR P2_LKGSPEDNEQK 4 2;Scan: 86698 Run: DIA12_CV486075:20251228_A2_N1_Mueller_MS_TechHub_IMP_THIDDIAXL003_Cas9_PhoX_DIA12_CV486075_250ng_FAIMS_001 P1_NSDKLIAR P2_LKGSPEDNEQK 4 2;Scan: 1356362 Run: DIA12_CV486075:20251228_A2_N1_Mueller_MS_TechHub_IMP_THIDDIAXL003_Cas9_PhoX_DIA12_CV486075_250ng_FAIMS_003 P1_RNSDKLIAR P2_LKGSPEDNEQK 5 2,Q99ZW2,null,,false,Q99ZW2,null,,false,1246,1118,,16.497428,false,true,false,false,3,2,Self,0,0.000827,0.00117,9.536878,9.335843,9.547638,,0,0,0,,0,0.002313,,0
1569,230,Scan: 1058031 Run: DIA12_CV486075:20251228_A2_N1_Mueller_MS_TechHub_IMP_THIDDIAXL003_Cas9_PhoX_DIA12_CV486075_250ng_FAIMS_002 P1_EDIQKAQVSGQGDSLHEHIANLAGSPAIK P2_DKQSGK 5 2;Scan: 1655694 Run: DIA12_CV486075:20251228_A2_N1_Mueller_MS_TechHub_IMP_THIDDIAXL003_Cas9_PhoX_DIA12_CV486075_250ng_FAIMS_003 P1_EDIQKAQVSGQGDSLHEHIANLAGSPAIK P2_DKQSGK 5 2;Scan: 1655787 Run: DIA12_CV486075:20251228_A2_N1_Mueller_MS_TechHub_IMP_THIDDIAXL003_Cas9_PhoX_DIA12_CV486075_250ng_FAIMS_003 P1_EDIQKAQVSGQGDSLHEHIANLAGSPAIK P2_DKQSGK 5 2,Q99ZW2,null,,false,Q99ZW2,null,,false,673,710,,16.408003,false,true,false,false,3,1,Self,0,0.00083,0.00117,9.462507,9.590718,,,0,0,0,,0,0,,0
1132,1922;1610,Scan: 1541806 Run: DIA12_CV486075:20251228_A2_N1_Mueller_MS_TechHub_IMP_THIDDIAXL003_Cas9_PhoX_DIA12_CV486075_250ng_FAIMS_003 P1_VLPKHSLLYEYFTVYNELTK P2_KSEETITPWNFEEVVDKGASAQSFIER 4 17;Scan: 1558886 Run: DIA12_CV486075:20251228_A2_N1_Mueller_MS_TechHub_IMP_THIDDIAXL003_Cas9_PhoX_DIA12_CV486075_250ng_FAIMS_003 P1_VLPKHSLLYEYFTVYNELTK P2_SEETITPWNFEEVVDKGASAQSFIER 4 16,Q99ZW2,null,,false,Q99ZW2,null,,false,484,510,,15.700242,false,true,false,false,2,2,Self,0,0.000856,0.001189,12.016917,,,,0,0,0,,0,0,,0
1201,1911;1763,Scan: 663458 Run: DIA12_CV486075:20251228_A2_N1_Mueller_MS_TechHub_IMP_THIDDIAXL003_Cas9_PhoX_DIA12_CV486075_250ng_FAIMS_002 P1_TEVQTGGFSKESILPK P2_KYGGFDSPTVAYSVLVVAK 10 1;Scan: 1261090 Run: DIA12_CV486075:20251228_A2_N1_Mueller_MS_TechHub_IMP_THIDDIAXL003_Cas9_PhoX_DIA12_CV486075_250ng_FAIMS_003 P1_KYGGFDSPTVAYSVLVVAK P2_KTEVQTGGFSKESILPK 1 11,Q99ZW2,null,,false,Q99ZW2,null,,false,1107,1130,,15.295584,false,true,false,false,2,2,Self,0,0.00087,0.001189,10.376926,11.237184,9.720034,,0,0,0,,0,0,,0
312,1923;389,Scan: 899045 Run: DIA12_CV486075:20251228_A2_N1_Mueller_MS_TechHub_IMP_THIDDIAXL003_Cas9_PhoX_DIA12_CV486075_250ng_FAIMS_002 P1_SSFEKNPIDFLEAK P2_KSEETITPWNFEEVVDK 5 1;Scan: 1496675 Run: DIA12_CV486075:20251228_A2_N1_Mueller_MS_TechHub_IMP_THIDDIAXL003_Cas9_PhoX_DIA12_CV486075_250ng_FAIMS_003 P1_SSFEKNPIDFLEAK P2_KSEETITPWNFEEVVDKGASAQSFIER 5 1,Q99ZW2,null,,false,Q99ZW2,null,,false,468,1176,,15.291953,false,true,false,false,2,2,Self,0,0.00087,0.001189,9.429792,12.03839,,,0,0,0,,0,0,,0
1563,1815,Scan: 716437 Run: DIA12_CV486075:20251228_A2_N1_Mueller_MS_TechHub_IMP_THIDDIAXL003_Cas9_PhoX_DIA12_CV486075_250ng_FAIMS_002 P1_SSFEKNPIDFLEAK P2_KLINGIR 5 1;Scan: 428941 Run: DIA12_CV486075:20251228_A2_N1_Mueller_MS_TechHub_IMP_THIDDIAXL003_Cas9_PhoX_DIA12_CV486075_250ng_FAIMS_001 P1_SSFEKNPIDFLEAK P2_KLINGIR 5 1,Q99ZW2,null,,false,Q99ZW2,null,,false,665,1176,,15.266755,false,true,false,false,2,1,Self,0,0.000871,0.001189,,11.074659,10.508365,,0,0,0,,0,0,,0
1559,1436,Scan: 415584 Run: DIA12_CV486075:20251228_A2_N1_Mueller_MS_TechHub_IMP_THIDDIAXL003_Cas9_PhoX_DIA12_CV486075_250ng_FAIMS_001 P1_KPAFLSGEQK P2_KIECFDSVEISGVEDR 1 1;Scan: 1581531 Run: DIA12_CV486075:20251228_A2_N1_Mueller_MS_TechHub_IMP_THIDDIAXL003_Cas9_PhoX_DIA12_CV486075_250ng_FAIMS_003 P1_KPAFLSGEQK P2_KIECFDSVEISGVEDR 1 1,Q99ZW2,null,,false,Q99ZW2,null,,false,571,536,,15.196142,false,true,false,false,2,1,Self,0,0.000874,0.00119,9.956505,,11.480015,,0,0,0,,0,0,,0
1558,1786,Scan: 115685 Run: DIA12_CV486075:20251228_A2_N1_Mueller_MS_TechHub_IMP_THIDDIAXL003_Cas9_PhoX_DIA12_CV486075_250ng_FAIMS_001 P1_YKEIFFDQSK P2_SSFEKNPIDFLEAK 2 5;Scan: 115715 Run: DIA12_CV486075:20251228_A2_N1_Mueller_MS_TechHub_IMP_THIDDIAXL003_Cas9_PhoX_DIA12_CV486075_250ng_FAIMS_001 P1_YKEIFFDQSK P2_SSFEKNPIDFLEAK 2 5,Q99ZW2,null,,false,Q99ZW2,null,,false,1176,348,,15.153708,false,true,false,false,2,1,Self,0,0.000875,0.00119,,,10.996668,,0,0,0,,0,0,,0
1556,1805,Scan: 976144 Run: DIA12_CV486075:20251228_A2_N1_Mueller_MS_TechHub_IMP_THIDDIAXL003_Cas9_PhoX_DIA12_CV486075_250ng_FAIMS_002 P1_KYGGFDSPTVAYSVLVVAK P2_KPAFLSGEQK 1 1;Scan: 1300629 Run: DIA12_CV486075:20251228_A2_N1_Mueller_MS_TechHub_IMP_THIDDIAXL003_Cas9_PhoX_DIA12_CV486075_250ng_FAIMS_003 P1_KYGGFDSPTVAYSVLVVAK P2_KPAFLSGEQK 1 1,Q99ZW2,null,,false,Q99ZW2,null,,false,536,1130,,15.076017,false,true,false,false,2,1,Self,0,0.000878,0.00119,10.467444,10.849834,,,0,0,0,,0,0,,0
1553,803,Scan: 1578031 Run: DIA12_CV486075:20251228_A2_N1_Mueller_MS_TechHub_IMP_THIDDIAXL003_Cas9_PhoX_DIA12_CV486075_250ng_FAIMS_003 P1_KSEETITPWNFEEVVDK P2_KPAFLSGEQK 1 1;Scan: 309387 Run: DIA12_CV486075:20251228_A2_N1_Mueller_MS_TechHub_IMP_THIDDIAXL003_Cas9_PhoX_DIA12_CV486075_250ng_FAIMS_001 P1_KSEETITPWNFEEVVDK P2_KPAFLSGEQK 1 1,Q99ZW2,null,,false,Q99ZW2,null,,false,536,468,,15.038912,false,true,false,false,2,1,Self,0,0.000879,0.00119,9.614271,,11.564371,,0,0,0,,0,0,,0
1552,881,Scan: 1718425 Run: DIA12_CV486075:20251228_A2_N1_Mueller_MS_TechHub_IMP_THIDDIAXL003_Cas9_PhoX_DIA12_CV486075_250ng_FAIMS_003 P1_KPAFLSGEQK P2_ELGSQILKEHPVENTQLQNEK 1 8;Scan: 1718598 Run: DIA12_CV486075:20251228_A2_N1_Mueller_MS_TechHub_IMP_THIDDIAXL003_Cas9_PhoX_DIA12_CV486075_250ng_FAIMS_003 P1_KPAFLSGEQK P2_ELGSQILKEHPVENTQLQNEK 1 8,Q99ZW2,null,,false,Q99ZW2,null,,false,797,536,,15.031057,false,true,false,false,2,1,Self,0,0.00088,0.00119,11.522895,,,,0,0,0,,0,0,,0
1551,1659,Scan: 164841 Run: DIA12_CV486075:20251228_A2_N1_Mueller_MS_TechHub_IMP_THIDDIAXL003_Cas9_PhoX_DIA12_CV486075_250ng_FAIMS_001 P1_LKGSPEDNEQK P2_KDFQFYK 2 1;Scan: 593622 Run: DIA12_CV486075:20251228_A2_N1_Mueller_MS_TechHub_IMP_THIDDIAXL003_Cas9_PhoX_DIA12_CV486075_250ng_FAIMS_001 P1_LKGSPEDNEQK P2_KDFQFYK 2 1,Q99ZW2,null,,false,Q99ZW2,null,,false,968,1246,,15.007354,false,true,false,false,2,1,Self,0,0.000881,0.00119,,10.162051,11.04244,,0,0,0,,0,0,,0
1549,1806,Scan: 259320 Run: DIA12_CV486075:20251228_A2_N1_Mueller_MS_TechHub_IMP_THIDDIAXL003_Cas9_PhoX_DIA12_CV486075_250ng_FAIMS_001 P1_YKEIFFDQSK P2_KPAFLSGEQK 2 1;Scan: 979363 Run: DIA12_CV486075:20251228_A2_N1_Mueller_MS_TechHub_IMP_THIDDIAXL003_Cas9_PhoX_DIA12_CV486075_250ng_FAIMS_002 P1_YKEIFFDQSK P2_KPAFLSGEQK 2 1,Q99ZW2,null,,false,Q99ZW2,null,,false,536,348,,14.962342,false,true,false,false,2,1,Self,0,0.000882,0.00119,,10.469802,10.689009,,0,0,0,,0,0,,0
1548,1782,Scan: 256992 Run: DIA12_CV486075:20251228_A2_N1_Mueller_MS_TechHub_IMP_THIDDIAXL003_Cas9_PhoX_DIA12_CV486075_250ng_FAIMS_001 P1_YKEIFFDQSK P2_FKVLGNTDR 2 2;Scan: 1451911 Run: DIA12_CV486075:20251228_A2_N1_Mueller_MS_TechHub_IMP_THIDDIAXL003_Cas9_PhoX_DIA12_CV486075_250ng_FAIMS_003 P1_YKEIFFDQSK P2_FKVLGNTDR 2 2,Q99ZW2,null,,false,Q99ZW2,null,,false,33,348,,14.873462,false,true,false,false,2,1,Self,0,0.000885,0.00119,10.624935,,10.4082,,0,0,0,,0,0,,0
1547,1785,Scan: 40164 Run: DIA12_CV486075:20251228_A2_N1_Mueller_MS_TechHub_IMP_THIDDIAXL003_Cas9_PhoX_DIA12_CV486075_250ng_FAIMS_001 P1_KTEVQTGGFSK P2_EDIQKAQVSGQGDSLHEHIANLAGSPAIK 1 5;Scan: 450885 Run: DIA12_CV486075:20251228_A2_N1_Mueller_MS_TechHub_IMP_THIDDIAXL003_Cas9_PhoX_DIA12_CV486075_250ng_FAIMS_001 P1_KTEVQTGGFSK P2_EDIQKAQVSGQGDSLHEHIANLAGSPAIK 1 5,Q99ZW2,null,,false,Q99ZW2,null,,false,710,1097,,14.863229,false,true,false,false,2,1,Self,0,0.000886,0.00119,,10.02497,10.597687,,0,0,0,,0,0,,0
1186,1868;1719,Scan: 489030 Run: DIA12_CV486075:20251228_A2_N1_Mueller_MS_TechHub_IMP_THIDDIAXL003_Cas9_PhoX_DIA12_CV486075_250ng_FAIMS_001 P1_KTEVQTGGFSKESILPK P2_GILQTVKVVDELVK 11 7;Scan: 489162 Run: DIA12_CV486075:20251228_A2_N1_Mueller_MS_TechHub_IMP_THIDDIAXL003_Cas9_PhoX_DIA12_CV486075_250ng_FAIMS_001 P1_TEVQTGGFSKESILPK P2_GILQTVKVVDELVK 10 7,Q99ZW2,null,,false,Q99ZW2,null,,false,742,1107,,14.840834,false,true,false,false,2,2,Self,0,0.000887,0.001192,,9.877157,10.726327,,0,0,0,,0,0,,0
1543,1751,Scan: 1187625 Run: DIA12_CV486075:20251228_A2_N1_Mueller_MS_TechHub_IMP_THIDDIAXL003_Cas9_PhoX_DIA12_CV486075_250ng_FAIMS_002 P1_SKLVSDFR P2_KDFQFYK 2 1;Scan: 1192194 Run: DIA12_CV486075:20251228_A2_N1_Mueller_MS_TechHub_IMP_THIDDIAXL003_Cas9_PhoX_DIA12_CV486075_250ng_FAIMS_002 P1_SKLVSDFR P2_KDFQFYK 2 1,Q99ZW2,null,,false,Q99ZW2,null,,false,968,961,,14.787445,false,true,false,false,2,1,Self,0,0.000888,0.001195,10.237447,10.567618,,,0,0,0,,0,0,,0
1537,1680,Scan: 353493 Run: DIA12_CV486075:20251228_A2_N1_Mueller_MS_TechHub_IMP_THIDDIAXL003_Cas9_PhoX_DIA12_CV486075_250ng_FAIMS_001 P1_SSFEKNPIDFLEAK P2_MTNFDKNLPNEK 5 6;Scan: 950958 Run: DIA12_CV486075:20251228_A2_N1_Mueller_MS_TechHub_IMP_THIDDIAXL003_Cas9_PhoX_DIA12_CV486075_250ng_FAIMS_002 P1_SSFEKNPIDFLEAK P2_MTNFDKNLPNEK 5 6,Q99ZW2,null,,false,Q99ZW2,null,,false,500,1176,,14.722275,false,true,false,false,2,1,Self,0,0.000891,0.001196,10.065555,10.624881,10.191039,,0,0,0,,0,0,,0
1536,1292,Scan: 1157901 Run: DIA12_CV486075:20251228_A2_N1_Mueller_MS_TechHub_IMP_THIDDIAXL003_Cas9_PhoX_DIA12_CV486075_250ng_FAIMS_002 P1_QLLNAKLITQR P2_KFDNLTK 6 1;Scan: 560497 Run: DIA12_CV486075:20251228_A2_N1_Mueller_MS_TechHub_IMP_THIDDIAXL003_Cas9_PhoX_DIA12_CV486075_250ng_FAIMS_001 P1_QLLNAKLITQR P2_KFDNLTK 6 1,Q99ZW2,null,,false,Q99ZW2,null,,false,896,890,,14.720058,false,true,false,false,2,1,Self,0,0.000891,0.001196,,10.92739,9.86267,,0,0,0,,0,0,,0
1534,1037,Scan: 715578 Run: DIA12_CV486075:20251228_A2_N1_Mueller_MS_TechHub_IMP_THIDDIAXL003_Cas9_PhoX_DIA12_CV486075_250ng_FAIMS_002 P1_SSFEKNPIDFLEAK P2_KPAFLSGEQK 5 1;Scan: 1573858 Run: DIA12_CV486075:20251228_A2_N1_Mueller_MS_TechHub_IMP_THIDDIAXL003_Cas9_PhoX_DIA12_CV486075_250ng_FAIMS_003 P1_SSFEKNPIDFLEAK P2_KPAFLSGEQK 5 1,Q99ZW2,null,,false,Q99ZW2,null,,false,536,1176,,14.704337,false,true,false,false,2,1,Self,0,0.000891,0.001196,10.176353,11.03003,,,0,0,0,,0,0,,0
1531,1657,Scan: 386953 Run: DIA12_CV486075:20251228_A2_N1_Mueller_MS_TechHub_IMP_THIDDIAXL003_Cas9_PhoX_DIA12_CV486075_250ng_FAIMS_001 P1_KPAFLSGEQK P2_KLINGIR 1 1;Scan: 1581768 Run: DIA12_CV486075:20251228_A2_N1_Mueller_MS_TechHub_IMP_THIDDIAXL003_Cas9_PhoX_DIA12_CV486075_250ng_FAIMS_003 P1_KPAFLSGEQK P2_KLINGIR 1 1,Q99ZW2,null,,false,Q99ZW2,null,,false,665,536,,14.631585,false,true,false,false,2,1,Self,0,0.000894,0.001198,10.159199,,10.529671,,0,0,0,,0,0,,0
1528,1633,Scan: 1308381 Run: DIA12_CV486075:20251228_A2_N1_Mueller_MS_TechHub_IMP_THIDDIAXL003_Cas9_PhoX_DIA12_CV486075_250ng_FAIMS_003 P1_SSFEKNPIDFLEAK P2_KDLIIK 5 1;Scan: 1308424 Run: DIA12_CV486075:20251228_A2_N1_Mueller_MS_TechHub_IMP_THIDDIAXL003_Cas9_PhoX_DIA12_CV486075_250ng_FAIMS_003 P1_SSFEKNPIDFLEAK P2_KDLIIK 5 1,Q99ZW2,null,,false,Q99ZW2,null,,false,1192,1176,,14.620242,false,true,false,false,2,1,Self,0,0.000895,0.001199,10.546949,,,,0,0,0,,0,0,,0
1524,1342,Scan: 39297 Run: DIA12_CV486075:20251228_A2_N1_Mueller_MS_TechHub_IMP_THIDDIAXL003_Cas9_PhoX_DIA12_CV486075_250ng_FAIMS_001 P1_KTEVQTGGFSK P2_KPAFLSGEQK 1 1;Scan: 636797 Run: DIA12_CV486075:20251228_A2_N1_Mueller_MS_TechHub_IMP_THIDDIAXL003_Cas9_PhoX_DIA12_CV486075_250ng_FAIMS_002 P1_KTEVQTGGFSK P2_KPAFLSGEQK 1 1,Q99ZW2,null,,false,Q99ZW2,null,,false,536,1097,,14.592998,false,true,false,false,2,1,Self,0,0.000896,0.001199,,9.97838,10.725569,,0,0,0,,0,0,,0
1523,1364,Scan: 983273 Run: DIA12_CV486075:20251228_A2_N1_Mueller_MS_TechHub_IMP_THIDDIAXL003_Cas9_PhoX_DIA12_CV486075_250ng_FAIMS_002 P1_KPAFLSGEQK P2_KAIVDLLFK 1 1;Scan: 385877 Run: DIA12_CV486075:20251228_A2_N1_Mueller_MS_TechHub_IMP_THIDDIAXL003_Cas9_PhoX_DIA12_CV486075_250ng_FAIMS_001 P1_KPAFLSGEQK P2_KAIVDLLFK 1 1,Q99ZW2,null,,false,Q99ZW2,null,,false,546,536,,14.571156,false,true,false,false,2,1,Self,0,0.000896,0.001202,9.522262,10.683365,9.908798,,0,0,0,,0,0,,0
1521,1718,Scan: 244342 Run: DIA12_CV486075:20251228_A2_N1_Mueller_MS_TechHub_IMP_THIDDIAXL003_Cas9_PhoX_DIA12_CV486075_250ng_FAIMS_001 P1_KAIVDLLFK P2_FKVLGNTDR 1 2;Scan: 841805 Run: DIA12_CV486075:20251228_A2_N1_Mueller_MS_TechHub_IMP_THIDDIAXL003_Cas9_PhoX_DIA12_CV486075_250ng_FAIMS_002 P1_KAIVDLLFK P2_FKVLGNTDR 1 2,Q99ZW2,null,,false,Q99ZW2,null,,false,33,546,,14.561449,false,true,false,false,2,1,Self,0,0.000897,0.001202,,10.256283,10.336559,,0,0,0,,0,0,,0
1111,1814;1573,Scan: 941260 Run: DIA12_CV486075:20251228_A2_N1_Mueller_MS_TechHub_IMP_THIDDIAXL003_Cas9_PhoX_DIA12_CV486075_250ng_FAIMS_002 P1_KSEETITPWNFEEVVDKGASAQSFIER P2_FKVLGNTDR 17 2;Scan: 941345 Run: DIA12_CV486075:20251228_A2_N1_Mueller_MS_TechHub_IMP_THIDDIAXL003_Cas9_PhoX_DIA12_CV486075_250ng_FAIMS_002 P1_SEETITPWNFEEVVDKGASAQSFIER P2_FKVLGNTDR 16 2,Q99ZW2,null,,false,Q99ZW2,null,,false,33,484,,14.554023,false,true,false,false,2,2,Self,0,0.000897,0.001203,,10.50489,,,0,0,0,,0,0,,0
1147,1787;1637,Scan: 1698467 Run: DIA12_CV486075:20251228_A2_N1_Mueller_MS_TechHub_IMP_THIDDIAXL003_Cas9_PhoX_DIA12_CV486075_250ng_FAIMS_003 P1_VVDELVKVMGR P2_KSEETITPWNFEEVVDKGASAQSFIER 7 17;Scan: 948285 Run: DIA12_CV486075:20251228_A2_N1_Mueller_MS_TechHub_IMP_THIDDIAXL003_Cas9_PhoX_DIA12_CV486075_250ng_FAIMS_002 P1_VVDELVKVMGR P2_SEETITPWNFEEVVDKGASAQSFIER 7 16,Q99ZW2,null,,false,Q99ZW2,null,,false,484,749,,14.539157,false,true,false,false,2,2,Self,0,0.000897,0.001203,10.43087,10.128378,,,0,0,0,,0,0,,0
1520,1247,Scan: 635709 Run: DIA12_CV486075:20251228_A2_N1_Mueller_MS_TechHub_IMP_THIDDIAXL003_Cas9_PhoX_DIA12_CV486075_250ng_FAIMS_002 P1_KTEVQTGGFSK P2_FKVLGNTDR 1 2;Scan: 38307 Run: DIA12_CV486075:20251228_A2_N1_Mueller_MS_TechHub_IMP_THIDDIAXL003_Cas9_PhoX_DIA12_CV486075_250ng_FAIMS_001 P1_KTEVQTGGFSK P2_FKVLGNTDR 1 2,Q99ZW2,null,,false,Q99ZW2,null,,false,33,1097,,14.529838,false,true,false,false,2,1,Self,0,0.000898,0.001203,,10.692453,9.838071,,0,0,0,,0,0,,0
1148,1784;1639,Scan: 1542573 Run: DIA12_CV486075:20251228_A2_N1_Mueller_MS_TechHub_IMP_THIDDIAXL003_Cas9_PhoX_DIA12_CV486075_250ng_FAIMS_003 P1_KSEETITPWNFEEVVDKGASAQSFIER P2_KPAFLSGEQK 17 1;Scan: 347638 Run: DIA12_CV486075:20251228_A2_N1_Mueller_MS_TechHub_IMP_THIDDIAXL003_Cas9_PhoX_DIA12_CV486075_250ng_FAIMS_001 P1_SEETITPWNFEEVVDKGASAQSFIER P2_KPAFLSGEQK 16 1,Q99ZW2,null,,false,Q99ZW2,null,,false,536,484,,14.527543,false,true,false,false,2,2,Self,0,0.000898,0.001203,10.412529,9.428316,10.130585,,0,0,0,,0,0,,0
1516,1390,Scan: 387631 Run: DIA12_CV486075:20251228_A2_N1_Mueller_MS_TechHub_IMP_THIDDIAXL003_Cas9_PhoX_DIA12_CV486075_250ng_FAIMS_001 P1_KPAFLSGEQK P2_KGILQTVK 1 1;Scan: 985103 Run: DIA12_CV486075:20251228_A2_N1_Mueller_MS_TechHub_IMP_THIDDIAXL003_Cas9_PhoX_DIA12_CV486075_250ng_FAIMS_002 P1_KPAFLSGEQK P2_KGILQTVK 1 1,Q99ZW2,null,,false,Q99ZW2,null,,false,735,536,,14.518666,false,true,false,false,2,1,Self,0,0.000898,0.001203,9.543165,9.924126,10.59733,,0,0,0,,0,0,,0
1515,1620,Scan: 1507469 Run: DIA12_CV486075:20251228_A2_N1_Mueller_MS_TechHub_IMP_THIDDIAXL003_Cas9_PhoX_DIA12_CV486075_250ng_FAIMS_003 P1_KSEETITPWNFEEVVDK P2_KGILQTVK 1 1;Scan: 1507517 Run: DIA12_CV486075:20251228_A2_N1_Mueller_MS_TechHub_IMP_THIDDIAXL003_Cas9_PhoX_DIA12_CV486075_250ng_FAIMS_003 P1_KSEETITPWNFEEVVDK P2_KGILQTVK 1 1,Q99ZW2,null,,false,Q99ZW2,null,,false,735,468,,14.508788,false,true,false,false,2,1,Self,0,0.000899,0.001205,10.40154,,,,0,0,0,,0,0,,0
1120,1779;1588,Scan: 1775635 Run: DIA12_CV486075:20251228_A2_N1_Mueller_MS_TechHub_IMP_THIDDIAXL003_Cas9_PhoX_DIA12_CV486075_250ng_FAIMS_003 P1_MNTKYDENDKLIR P2_KSEETITPWNFEEVVDK 4 1;Scan: 314008 Run: DIA12_CV486075:20251228_A2_N1_Mueller_MS_TechHub_IMP_THIDDIAXL003_Cas9_PhoX_DIA12_CV486075_250ng_FAIMS_001 P1_MNTKYDENDK P2_KSEETITPWNFEEVVDK 4 1,Q99ZW2,null,,false,Q99ZW2,null,,false,468,942,,14.48777,false,true,false,false,2,2,Self,0,0.000899,0.001205,10.39995,9.411034,10.086452,,0,0,0,,0,0,,0
1514,1565,Scan: 502554 Run: DIA12_CV486075:20251228_A2_N1_Mueller_MS_TechHub_IMP_THIDDIAXL003_Cas9_PhoX_DIA12_CV486075_250ng_FAIMS_001 P1_VVDELVKVMGR P2_FKVLGNTDR 7 2;Scan: 1440027 Run: DIA12_CV486075:20251228_A2_N1_Mueller_MS_TechHub_IMP_THIDDIAXL003_Cas9_PhoX_DIA12_CV486075_250ng_FAIMS_003 P1_VVDELVKVMGR P2_FKVLGNTDR 7 2,Q99ZW2,null,,false,Q99ZW2,null,,false,33,749,,14.472748,false,true,false,false,2,1,Self,0,0.0009,0.001205,10.150869,,10.397202,,0,0,0,,0,0,,0
1510,847,Scan: 960478 Run: DIA12_CV486075:20251228_A2_N1_Mueller_MS_TechHub_IMP_THIDDIAXL003_Cas9_PhoX_DIA12_CV486075_250ng_FAIMS_002 P1_VLPKHSLLYEYFTVYNELTK P2_FKVLGNTDR 4 2;Scan: 1557964 Run: DIA12_CV486075:20251228_A2_N1_Mueller_MS_TechHub_IMP_THIDDIAXL003_Cas9_PhoX_DIA12_CV486075_250ng_FAIMS_003 P1_VLPKHSLLYEYFTVYNELTK P2_FKVLGNTDR 4 2,Q99ZW2,null,,false,Q99ZW2,null,,false,33,510,,14.45152,false,true,false,false,2,1,Self,0,0.000901,0.001205,9.633436,10.772341,,,0,0,0,,0,0,,0
1509,1480,Scan: 483805 Run: DIA12_CV486075:20251228_A2_N1_Mueller_MS_TechHub_IMP_THIDDIAXL003_Cas9_PhoX_DIA12_CV486075_250ng_FAIMS_001 P1_KGILQTVK P2_FKVLGNTDR 1 2;Scan: 244911 Run: DIA12_CV486075:20251228_A2_N1_Mueller_MS_TechHub_IMP_THIDDIAXL003_Cas9_PhoX_DIA12_CV486075_250ng_FAIMS_001 P1_KGILQTVK P2_FKVLGNTDR 1 2,Q99ZW2,null,,false,Q99ZW2,null,,false,33,735,,14.446622,false,true,false,false,2,1,Self,0,0.000901,0.001205,,10.035693,10.43726,,0,0,0,,0,0,,0
1508,1544,Scan: 36627 Run: DIA12_CV486075:20251228_A2_N1_Mueller_MS_TechHub_IMP_THIDDIAXL003_Cas9_PhoX_DIA12_CV486075_250ng_FAIMS_001 P1_SSFEKNPIDFLEAK P2_KTEVQTGGFSK 5 1;Scan: 1231524 Run: DIA12_CV486075:20251228_A2_N1_Mueller_MS_TechHub_IMP_THIDDIAXL003_Cas9_PhoX_DIA12_CV486075_250ng_FAIMS_003 P1_SSFEKNPIDFLEAK P2_KTEVQTGGFSK 5 1,Q99ZW2,null,,false,Q99ZW2,null,,false,1097,1176,,14.445961,false,true,false,false,2,1,Self,0,0.000901,0.001205,10.04321,,10.383628,,0,0,0,,0,0,,0
1505,1023,Scan: 182067 Run: DIA12_CV486075:20251228_A2_N1_Mueller_MS_TechHub_IMP_THIDDIAXL003_Cas9_PhoX_DIA12_CV486075_250ng_FAIMS_001 P1_VILADANLDKVLSAYNK P2_NSDKLIAR 10 4;Scan: 779417 Run: DIA12_CV486075:20251228_A2_N1_Mueller_MS_TechHub_IMP_THIDDIAXL003_Cas9_PhoX_DIA12_CV486075_250ng_FAIMS_002 P1_VILADANLDKVLSAYNK P2_NSDKLIAR 10 4,Q99ZW2,null,,false,Q99ZW2,null,,false,1118,1289,,14.424453,false,true,false,false,2,1,Self,0,0.000902,0.001205,9.008551,10.662754,9.714449,,0,0,0,,0,0,,0
1503,1211,Scan: 255209 Run: DIA12_CV486075:20251228_A2_N1_Mueller_MS_TechHub_IMP_THIDDIAXL003_Cas9_PhoX_DIA12_CV486075_250ng_FAIMS_001 P1_YKEIFFDQSK P2_KDLIIK 2 1;Scan: 733214 Run: DIA12_CV486075:20251228_A2_N1_Mueller_MS_TechHub_IMP_THIDDIAXL003_Cas9_PhoX_DIA12_CV486075_250ng_FAIMS_002 P1_YKEIFFDQSK P2_KDLIIK 2 1,Q99ZW2,null,,false,Q99ZW2,null,,false,1192,348,,14.419345,false,true,false,false,2,1,Self,0,0.000902,0.001206,,9.817937,10.560569,,0,0,0,,0,0,,0
1502,1570,Scan: 1235457 Run: DIA12_CV486075:20251228_A2_N1_Mueller_MS_TechHub_IMP_THIDDIAXL003_Cas9_PhoX_DIA12_CV486075_250ng_FAIMS_003 P1_KTEVQTGGFSK P2_KGILQTVK 1 1;Scan: 40635 Run: DIA12_CV486075:20251228_A2_N1_Mueller_MS_TechHub_IMP_THIDDIAXL003_Cas9_PhoX_DIA12_CV486075_250ng_FAIMS_001 P1_KTEVQTGGFSK P2_KGILQTVK 1 1,Q99ZW2,null,,false,Q99ZW2,null,,false,735,1097,,14.417199,false,true,false,false,2,1,Self,0,0.000902,0.001206,10.315948,,10.071587,,0,0,0,,0,0,,0
1501,1360,Scan: 439082 Run: DIA12_CV486075:20251228_A2_N1_Mueller_MS_TechHub_IMP_THIDDIAXL003_Cas9_PhoX_DIA12_CV486075_250ng_FAIMS_001 P1_QSGKTILDFLK P2_KDLIIK 4 1;Scan: 439100 Run: DIA12_CV486075:20251228_A2_N1_Mueller_MS_TechHub_IMP_THIDDIAXL003_Cas9_PhoX_DIA12_CV486075_250ng_FAIMS_001 P1_QSGKTILDFLK P2_KDLIIK 4 1,Q99ZW2,null,,false,Q99ZW2,null,,false,1192,677,,14.398432,false,true,false,false,2,1,Self,0,0.000903,0.001208,,9.795661,10.449954,,0,0,0,,0,0,,0
1499,1484,Scan: 1310373 Run: DIA12_CV486075:20251228_A2_N1_Mueller_MS_TechHub_IMP_THIDDIAXL003_Cas9_PhoX_DIA12_CV486075_250ng_FAIMS_003 P1_SSFEKNPIDFLEAK P2_FKVLGNTDR 5 2;Scan: 115536 Run: DIA12_CV486075:20251228_A2_N1_Mueller_MS_TechHub_IMP_THIDDIAXL003_Cas9_PhoX_DIA12_CV486075_250ng_FAIMS_001 P1_SSFEKNPIDFLEAK P2_FKVLGNTDR 5 2,Q99ZW2,null,,false,Q99ZW2,null,,false,33,1176,,14.378438,false,true,false,false,2,1,Self,0,0.000903,0.001209,9.994569,,10.336734,,0,0,0,,0,0,,0
1498,1493,Scan: 586444 Run: DIA12_CV486075:20251228_A2_N1_Mueller_MS_TechHub_IMP_THIDDIAXL003_Cas9_PhoX_DIA12_CV486075_250ng_FAIMS_001 P1_YDENDKLIR P2_IEKILTFR 6 3;Scan: 586475 Run: DIA12_CV486075:20251228_A2_N1_Mueller_MS_TechHub_IMP_THIDDIAXL003_Cas9_PhoX_DIA12_CV486075_250ng_FAIMS_001 P1_YDENDKLIR P2_IEKILTFR 6 3,Q99ZW2,null,,false,Q99ZW2,null,,false,442,948,,14.370632,false,true,false,false,2,1,Self,0,0.000904,0.001209,,9.865012,10.315671,,0,0,0,,0,0,,0
1497,711,Scan: 1500254 Run: DIA12_CV486075:20251228_A2_N1_Mueller_MS_TechHub_IMP_THIDDIAXL003_Cas9_PhoX_DIA12_CV486075_250ng_FAIMS_003 P1_YKEIFFDQSK P2_KSEETITPWNFEEVVDK 2 1;Scan: 305317 Run: DIA12_CV486075:20251228_A2_N1_Mueller_MS_TechHub_IMP_THIDDIAXL003_Cas9_PhoX_DIA12_CV486075_250ng_FAIMS_001 P1_YKEIFFDQSK P2_KSEETITPWNFEEVVDK 2 1,Q99ZW2,null,,false,Q99ZW2,null,,false,468,348,,14.365832,false,true,false,false,2,1,Self,0,0.000904,0.001209,9.571265,,10.712984,,0,0,0,,0,0,,0
1496,987,Scan: 1445926 Run: DIA12_CV486075:20251228_A2_N1_Mueller_MS_TechHub_IMP_THIDDIAXL003_Cas9_PhoX_DIA12_CV486075_250ng_FAIMS_003 P1_YDEHHQDLTLLKALVR P2_KPAFLSGEQK 12 1;Scan: 250974 Run: DIA12_CV486075:20251228_A2_N1_Mueller_MS_TechHub_IMP_THIDDIAXL003_Cas9_PhoX_DIA12_CV486075_250ng_FAIMS_001 P1_YDEHHQDLTLLKALVR P2_KPAFLSGEQK 12 1,Q99ZW2,null,,false,Q99ZW2,null,,false,536,336,,14.360824,false,true,false,false,2,1,Self,0,0.000904,0.001209,10.593037,,9.696434,,0,0,0,,0,0,,0
1015,1754;1413,Scan: 1507808 Run: DIA12_CV486075:20251228_A2_N1_Mueller_MS_TechHub_IMP_THIDDIAXL003_Cas9_PhoX_DIA12_CV486075_250ng_FAIMS_003 P1_KSEETITPWNFEEVVDK P2_GILQTVKVVDELVK 1 7;Scan: 1507978 Run: DIA12_CV486075:20251228_A2_N1_Mueller_MS_TechHub_IMP_THIDDIAXL003_Cas9_PhoX_DIA12_CV486075_250ng_FAIMS_003 P1_KSEETITPWNFEEVVDK P2_KGILQTVKVVDELVK 1 8,Q99ZW2,null,,false,Q99ZW2,null,,false,742,468,,14.353011,false,true,false,false,2,2,Self,0,0.000904,0.001209,10.354023,,9.026379,,0,0,0,,0,0,,0
1493,1585,Scan: 984939 Run: DIA12_CV486075:20251228_A2_N1_Mueller_MS_TechHub_IMP_THIDDIAXL003_Cas9_PhoX_DIA12_CV486075_250ng_FAIMS_002 P1_KPAFLSGEQK P2_EDIQKAQVSGQGDSLHEHIANLAGSPAIK 1 5;Scan: 1653655 Run: DIA12_CV486075:20251228_A2_N1_Mueller_MS_TechHub_IMP_THIDDIAXL003_Cas9_PhoX_DIA12_CV486075_250ng_FAIMS_003 P1_KPAFLSGEQK P2_EDIQKAQVSGQGDSLHEHIANLAGSPAIK 1 5,Q99ZW2,null,,false,Q99ZW2,null,,false,710,536,,14.347505,false,true,false,false,2,1,Self,0,0.000904,0.001209,10.206949,10.083109,,,0,0,0,,0,0,,0
1490,963,Scan: 545678 Run: DIA12_CV486075:20251228_A2_N1_Mueller_MS_TechHub_IMP_THIDDIAXL003_Cas9_PhoX_DIA12_CV486075_250ng_FAIMS_001 P1_YKEIFFDQSK P2_GKSDNVPSEEVVK 2 2;Scan: 1740604 Run: DIA12_CV486075:20251228_A2_N1_Mueller_MS_TechHub_IMP_THIDDIAXL003_Cas9_PhoX_DIA12_CV486075_250ng_FAIMS_003 P1_YKEIFFDQSK P2_GKSDNVPSEEVVK 2 2,Q99ZW2,null,,false,Q99ZW2,null,,false,866,348,,14.325162,false,true,false,false,2,1,Self,0,0.000905,0.001211,9.686455,,10.553808,,0,0,0,,0,0,,0
1489,608,Scan: 1575326 Run: DIA12_CV486075:20251228_A2_N1_Mueller_MS_TechHub_IMP_THIDDIAXL003_Cas9_PhoX_DIA12_CV486075_250ng_FAIMS_003 P1_KPAFLSGEQK P2_HPIFGNIVDEVAYHEKYPTIYHLR 1 16;Scan: 1385317 Run: DIA12_CV486075:20251228_A2_N1_Mueller_MS_TechHub_IMP_THIDDIAXL003_Cas9_PhoX_DIA12_CV486075_250ng_FAIMS_003 P1_KPAFLSGEQK P2_HPIFGNIVDEVAYHEKYPTIYHLR 1 16,Q99ZW2,null,,false,Q99ZW2,null,,false,131,536,,14.32209,false,true,false,false,2,1,Self,0,0.000905,0.001211,10.694449,9.931108,,,0,0,0,,0,0,,0
1488,1294,Scan: 689381 Run: DIA12_CV486075:20251228_A2_N1_Mueller_MS_TechHub_IMP_THIDDIAXL003_Cas9_PhoX_DIA12_CV486075_250ng_FAIMS_002 P1_NSDKLIAR P2_KGILQTVK 4 1;Scan: 91969 Run: DIA12_CV486075:20251228_A2_N1_Mueller_MS_TechHub_IMP_THIDDIAXL003_Cas9_PhoX_DIA12_CV486075_250ng_FAIMS_001 P1_NSDKLIAR P2_KGILQTVK 4 1,Q99ZW2,null,,false,Q99ZW2,null,,false,735,1118,,14.320807,false,true,false,false,2,1,Self,0,0.000905,0.001211,,10.381776,9.864292,,0,0,0,,0,0,,0
1485,1238,Scan: 302243 Run: DIA12_CV486075:20251228_A2_N1_Mueller_MS_TechHub_IMP_THIDDIAXL003_Cas9_PhoX_DIA12_CV486075_250ng_FAIMS_001 P1_KSEETITPWNFEEVVDK P2_KDLIIK 1 1;Scan: 1497042 Run: DIA12_CV486075:20251228_A2_N1_Mueller_MS_TechHub_IMP_THIDDIAXL003_Cas9_PhoX_DIA12_CV486075_250ng_FAIMS_003 P1_KSEETITPWNFEEVVDK P2_KDLIIK 1 1,Q99ZW2,null,,false,Q99ZW2,null,,false,1192,468,,14.311487,false,true,false,false,2,1,Self,0,0.000906,0.001211,10.398439,,9.833165,,0,0,0,,0,0,,0
1484,1600,Scan: 1641228 Run: DIA12_CV486075:20251228_A2_N1_Mueller_MS_TechHub_IMP_THIDDIAXL003_Cas9_PhoX_DIA12_CV486075_250ng_FAIMS_003 P1_TILDFLKSDGFANR P2_KAIVDLLFK 7 1;Scan: 1043755 Run: DIA12_CV486075:20251228_A2_N1_Mueller_MS_TechHub_IMP_THIDDIAXL003_Cas9_PhoX_DIA12_CV486075_250ng_FAIMS_002 P1_TILDFLKSDGFANR P2_KAIVDLLFK 7 1,Q99ZW2,null,,false,Q99ZW2,null,,false,546,684,,14.309303,false,true,false,false,2,1,Self,0,0.000906,0.001211,10.096956,10.139409,9.984939,,0,0,0,,0,0,,0
1483,1497,Scan: 85805 Run: DIA12_CV486075:20251228_A2_N1_Mueller_MS_TechHub_IMP_THIDDIAXL003_Cas9_PhoX_DIA12_CV486075_250ng_FAIMS_001 P1_NSDKLIAR P2_KDLIIK 4 1;Scan: 1280664 Run: DIA12_CV486075:20251228_A2_N1_Mueller_MS_TechHub_IMP_THIDDIAXL003_Cas9_PhoX_DIA12_CV486075_250ng_FAIMS_003 P1_NSDKLIAR P2_KDLIIK 4 1,Q99ZW2,null,,false,Q99ZW2,null,,false,1192,1118,,14.308029,false,true,false,false,2,1,Self,0,0.000906,0.001211,10.007666,9.953753,10.225767,,0,0,0,,0,0,,0
1481,1516,Scan: 145448 Run: DIA12_CV486075:20251228_A2_N1_Mueller_MS_TechHub_IMP_THIDDIAXL003_Cas9_PhoX_DIA12_CV486075_250ng_FAIMS_001 P1_LPKYSLFELENGR P2_FKVLGNTDR 3 2;Scan: 145463 Run: DIA12_CV486075:20251228_A2_N1_Mueller_MS_TechHub_IMP_THIDDIAXL003_Cas9_PhoX_DIA12_CV486075_250ng_FAIMS_001 P1_LPKYSLFELENGR P2_FKVLGNTDR 3 2,Q99ZW2,null,,false,Q99ZW2,null,,false,33,1200,,14.301162,false,true,false,false,2,1,Self,0,0.000906,0.001211,,,10.198609,,0,0,0,,0,0,,0
1480,1601,Scan: 594095 Run: DIA12_CV486075:20251228_A2_N1_Mueller_MS_TechHub_IMP_THIDDIAXL003_Cas9_PhoX_DIA12_CV486075_250ng_FAIMS_001 P1_KPAFLSGEQK P2_KDFQFYK 1 1;Scan: 1191563 Run: DIA12_CV486075:20251228_A2_N1_Mueller_MS_TechHub_IMP_THIDDIAXL003_Cas9_PhoX_DIA12_CV486075_250ng_FAIMS_002 P1_KPAFLSGEQK P2_KDFQFYK 1 1,Q99ZW2,null,,false,Q99ZW2,null,,false,968,536,,14.29367,false,true,false,false,2,1,Self,0,0.000906,0.001211,10.00269,10.097707,10.116586,,0,0,0,,0,0,,0
1479,1571,Scan: 634580 Run: DIA12_CV486075:20251228_A2_N1_Mueller_MS_TechHub_IMP_THIDDIAXL003_Cas9_PhoX_DIA12_CV486075_250ng_FAIMS_002 P1_LPKYSLFELENGR P2_KTEVQTGGFSK 3 1;Scan: 37204 Run: DIA12_CV486075:20251228_A2_N1_Mueller_MS_TechHub_IMP_THIDDIAXL003_Cas9_PhoX_DIA12_CV486075_250ng_FAIMS_001 P1_LPKYSLFELENGR P2_KTEVQTGGFSK 3 1,Q99ZW2,null,,false,Q99ZW2,null,,false,1097,1200,,14.29348,false,true,false,false,2,1,Self,0,0.000906,0.001211,,10.072025,10.141887,,0,0,0,,0,0,,0
1477,1049,Scan: 1341112 Run: DIA12_CV486075:20251228_A2_N1_Mueller_MS_TechHub_IMP_THIDDIAXL003_Cas9_PhoX_DIA12_CV486075_250ng_FAIMS_003 P1_LPKYSLFELENGR P2_KPAFLSGEQK 3 1;Scan: 1341062 Run: DIA12_CV486075:20251228_A2_N1_Mueller_MS_TechHub_IMP_THIDDIAXL003_Cas9_PhoX_DIA12_CV486075_250ng_FAIMS_003 P1_LPKYSLFELENGR P2_KPAFLSGEQK 3 1,Q99ZW2,null,,false,Q99ZW2,null,,false,536,1200,,14.279238,false,true,false,false,2,1,Self,0,0.000907,0.001211,10.454174,,,,0,0,0,,0,0,,0
1476,964,Scan: 543320 Run: DIA12_CV486075:20251228_A2_N1_Mueller_MS_TechHub_IMP_THIDDIAXL003_Cas9_PhoX_DIA12_CV486075_250ng_FAIMS_001 P1_KDFQFYK P2_DDSIDNKVLTR 1 7;Scan: 1140839 Run: DIA12_CV486075:20251228_A2_N1_Mueller_MS_TechHub_IMP_THIDDIAXL003_Cas9_PhoX_DIA12_CV486075_250ng_FAIMS_002 P1_KDFQFYK P2_DDSIDNKVLTR 1 7,Q99ZW2,null,,false,Q99ZW2,null,,false,855,968,,14.276909,false,true,false,false,2,1,Self,0,0.000907,0.001211,,9.686844,10.487859,,0,0,0,,0,0,,0
1475,1382,Scan: 987569 Run: DIA12_CV486075:20251228_A2_N1_Mueller_MS_TechHub_IMP_THIDDIAXL003_Cas9_PhoX_DIA12_CV486075_250ng_FAIMS_002 P1_YDENDKLIR P2_KPAFLSGEQK 6 1;Scan: 586834 Run: DIA12_CV486075:20251228_A2_N1_Mueller_MS_TechHub_IMP_THIDDIAXL003_Cas9_PhoX_DIA12_CV486075_250ng_FAIMS_001 P1_YDENDKLIR P2_KPAFLSGEQK 6 1,Q99ZW2,null,,false,Q99ZW2,null,,false,536,948,,14.268299,false,true,false,false,2,1,Self,0,0.000907,0.001214,,10.257348,9.918224,,0,0,0,,0,0,,0
1474,1005,Scan: 1372524 Run: DIA12_CV486075:20251228_A2_N1_Mueller_MS_TechHub_IMP_THIDDIAXL003_Cas9_PhoX_DIA12_CV486075_250ng_FAIMS_003 P1_KPAFLSGEQK P2_HYLDEIIEQISEFSKR 1 15;Scan: 1372500 Run: DIA12_CV486075:20251228_A2_N1_Mueller_MS_TechHub_IMP_THIDDIAXL003_Cas9_PhoX_DIA12_CV486075_250ng_FAIMS_003 P1_KPAFLSGEQK P2_HYLDEIIEQISEFSKR 1 15,Q99ZW2,null,,false,Q99ZW2,null,,false,1278,536,,14.250222,false,true,false,false,2,1,Self,0,0.000908,0.001215,10.43444,,,,0,0,0,,0,0,,0
1473,1059,Scan: 857067 Run: DIA12_CV486075:20251228_A2_N1_Mueller_MS_TechHub_IMP_THIDDIAXL003_Cas9_PhoX_DIA12_CV486075_250ng_FAIMS_002 P1_YKEIFFDQSK P2_KAIVDLLFK 2 1;Scan: 1002072 Run: DIA12_CV486075:20251228_A2_N1_Mueller_MS_TechHub_IMP_THIDDIAXL003_Cas9_PhoX_DIA12_CV486075_250ng_FAIMS_002 P1_YKEIFFDQSK P2_KAIVDLLFK 2 1,Q99ZW2,null,,false,Q99ZW2,null,,false,546,348,,14.249828,false,true,false,false,2,1,Self,0,0.000908,0.001215,,10.408292,,,0,0,0,,0,0,,0
1472,1404,Scan: 633638 Run: DIA12_CV486075:20251228_A2_N1_Mueller_MS_TechHub_IMP_THIDDIAXL003_Cas9_PhoX_DIA12_CV486075_250ng_FAIMS_002 P1_NSDKLIAR P2_KTEVQTGGFSK 4 1;Scan: 633674 Run: DIA12_CV486075:20251228_A2_N1_Mueller_MS_TechHub_IMP_THIDDIAXL003_Cas9_PhoX_DIA12_CV486075_250ng_FAIMS_002 P1_NSDKLIAR P2_KTEVQTGGFSK 4 1,Q99ZW2,null,,false,Q99ZW2,null,,false,1097,1118,,14.249767,false,true,false,false,2,1,Self,0,0.000908,0.001215,,10.218426,,,0,0,0,,0,0,,0
1471,1518,Scan: 1191380 Run: DIA12_CV486075:20251228_A2_N1_Mueller_MS_TechHub_IMP_THIDDIAXL003_Cas9_PhoX_DIA12_CV486075_250ng_FAIMS_002 P1_KDFQFYK P2_FKVLGNTDR 1 2;Scan: 1440869 Run: DIA12_CV486075:20251228_A2_N1_Mueller_MS_TechHub_IMP_THIDDIAXL003_Cas9_PhoX_DIA12_CV486075_250ng_FAIMS_003 P1_KDFQFYK P2_FKVLGNTDR 1 2,Q99ZW2,null,,false,Q99ZW2,null,,false,33,968,,14.242828,false,true,false,false,2,1,Self,0,0.000908,0.001215,10.115607,10.026597,,,0,0,0,,0,0,,0
1470,732,Scan: 515291 Run: DIA12_CV486075:20251228_A2_N1_Mueller_MS_TechHub_IMP_THIDDIAXL003_Cas9_PhoX_DIA12_CV486075_250ng_FAIMS_001 P1_KPAFLSGEQK P2_IEEGIKELGSQILK 1 6;Scan: 1583215 Run: DIA12_CV486075:20251228_A2_N1_Mueller_MS_TechHub_IMP_THIDDIAXL003_Cas9_PhoX_DIA12_CV486075_250ng_FAIMS_003 P1_KPAFLSGEQK P2_IEEGIKELGSQILK 1 6,Q99ZW2,null,,false,Q99ZW2,null,,false,789,536,,14.240264,false,true,false,false,2,1,Self,0,0.000908,0.001215,10.534013,,9.582259,,0,0,0,,0,0,,0
1469,1097,Scan: 87519 Run: DIA12_CV486075:20251228_A2_N1_Mueller_MS_TechHub_IMP_THIDDIAXL003_Cas9_PhoX_DIA12_CV486075_250ng_FAIMS_001 P1_SNFDLAEDAKLQLSK P2_NSDKLIAR 10 4;Scan: 225176 Run: DIA12_CV486075:20251228_A2_N1_Mueller_MS_TechHub_IMP_THIDDIAXL003_Cas9_PhoX_DIA12_CV486075_250ng_FAIMS_001 P1_SNFDLAEDAKLQLSK P2_NSDKLIAR 10 4,Q99ZW2,null,,false,Q99ZW2,null,,false,1118,263,,14.234538,false,true,false,false,2,1,Self,0,0.000908,0.001215,9.738858,9.683921,10.362734,,0,0,0,,0,0,,0
1468,1487,Scan: 1581303 Run: DIA12_CV486075:20251228_A2_N1_Mueller_MS_TechHub_IMP_THIDDIAXL003_Cas9_PhoX_DIA12_CV486075_250ng_FAIMS_003 P1_QLKEDYFK P2_KPAFLSGEQK 3 1;Scan: 983916 Run: DIA12_CV486075:20251228_A2_N1_Mueller_MS_TechHub_IMP_THIDDIAXL003_Cas9_PhoX_DIA12_CV486075_250ng_FAIMS_002 P1_QLKEDYFK P2_KPAFLSGEQK 3 1,Q99ZW2,null,,false,Q99ZW2,null,,false,536,565,,14.233404,false,true,false,false,2,1,Self,0,0.000908,0.001215,10.132365,9.996248,,,0,0,0,,0,0,,0
1467,714,Scan: 715058 Run: DIA12_CV486075:20251228_A2_N1_Mueller_MS_TechHub_IMP_THIDDIAXL003_Cas9_PhoX_DIA12_CV486075_250ng_FAIMS_002 P1_VLPKHSLLYEYFTVYNELTK P2_SSFEKNPIDFLEAK 4 5;Scan: 1312576 Run: DIA12_CV486075:20251228_A2_N1_Mueller_MS_TechHub_IMP_THIDDIAXL003_Cas9_PhoX_DIA12_CV486075_250ng_FAIMS_003 P1_VLPKHSLLYEYFTVYNELTK P2_SSFEKNPIDFLEAK 4 5,Q99ZW2,null,,false,Q99ZW2,null,,false,1176,510,,14.228265,false,true,false,false,2,1,Self,0,0.000909,0.001215,9.573536,10.525727,,,0,0,0,,0,0,,0
1466,1327,Scan: 1477808 Run: DIA12_CV486075:20251228_A2_N1_Mueller_MS_TechHub_IMP_THIDDIAXL003_Cas9_PhoX_DIA12_CV486075_250ng_FAIMS_003 P1_KLINGIR P2_FIKPILEKMDGTEELLVK 1 8;Scan: 1477784 Run: DIA12_CV486075:20251228_A2_N1_Mueller_MS_TechHub_IMP_THIDDIAXL003_Cas9_PhoX_DIA12_CV486075_250ng_FAIMS_003 P1_KLINGIR P2_FIKPILEKMDGTEELLVK 1 8,Q99ZW2,null,,false,Q99ZW2,null,,false,382,665,,14.222371,false,true,false,false,2,1,Self,0,0.000909,0.001215,10.227558,,,,0,0,0,,0,0,,0
1465,1549,Scan: 1770393 Run: DIA12_CV486075:20251228_A2_N1_Mueller_MS_TechHub_IMP_THIDDIAXL003_Cas9_PhoX_DIA12_CV486075_250ng_FAIMS_003 P1_QITKHVAQILDSR P2_KDFQFYK 4 1;Scan: 575473 Run: DIA12_CV486075:20251228_A2_N1_Mueller_MS_TechHub_IMP_THIDDIAXL003_Cas9_PhoX_DIA12_CV486075_250ng_FAIMS_001 P1_QITKHVAQILDSR P2_KDFQFYK 4 1,Q99ZW2,null,,false,Q99ZW2,null,,false,968,929,,14.216594,false,true,false,false,2,1,Self,0,0.000909,0.001215,10.049433,,10.055866,,0,0,0,,0,0,,0
1000,1670;1393,Scan: 667053 Run: DIA12_CV486075:20251228_A2_N1_Mueller_MS_TechHub_IMP_THIDDIAXL003_Cas9_PhoX_DIA12_CV486075_250ng_FAIMS_002 P1_KTEVQTGGFSKESILPK P2_FKVLGNTDR 11 2;Scan: 69650 Run: DIA12_CV486075:20251228_A2_N1_Mueller_MS_TechHub_IMP_THIDDIAXL003_Cas9_PhoX_DIA12_CV486075_250ng_FAIMS_001 P1_TEVQTGGFSKESILPK P2_FKVLGNTDR 10 2,Q99ZW2,null,,false,Q99ZW2,null,,false,33,1107,,14.21471,false,true,false,false,2,2,Self,0,0.000909,0.001215,,10.175413,9.925671,,0,0,0,,0,0,,0
1464,643,Scan: 758347 Run: DIA12_CV486075:20251228_A2_N1_Mueller_MS_TechHub_IMP_THIDDIAXL003_Cas9_PhoX_DIA12_CV486075_250ng_FAIMS_002 P1_YVNFLYLASHYEKLK P2_KDFQFYK 13 1;Scan: 758156 Run: DIA12_CV486075:20251228_A2_N1_Mueller_MS_TechHub_IMP_THIDDIAXL003_Cas9_PhoX_DIA12_CV486075_250ng_FAIMS_002 P1_YVNFLYLASHYEKLK P2_KDFQFYK 13 1,Q99ZW2,null,,false,Q99ZW2,null,,false,968,1244,,14.212616,false,true,false,false,2,1,Self,0,0.000909,0.001215,,10.534347,,,0,0,0,,0,0,,0
1463,1371,Scan: 1037359 Run: DIA12_CV486075:20251228_A2_N1_Mueller_MS_TechHub_IMP_THIDDIAXL003_Cas9_PhoX_DIA12_CV486075_250ng_FAIMS_002 P1_QSGKTILDFLK P2_KLINGIR 4 1;Scan: 1634826 Run: DIA12_CV486075:20251228_A2_N1_Mueller_MS_TechHub_IMP_THIDDIAXL003_Cas9_PhoX_DIA12_CV486075_250ng_FAIMS_003 P1_QSGKTILDFLK P2_KLINGIR 4 1,Q99ZW2,null,,false,Q99ZW2,null,,false,665,677,,14.203585,false,true,false,false,2,1,Self,0,0.00091,0.001215,9.911773,10.173425,,,0,0,0,,0,0,,0
1458,979,Scan: 8081 Run: DIA12_CV486075:20251228_A2_N1_Mueller_MS_TechHub_IMP_THIDDIAXL003_Cas9_PhoX_DIA12_CV486075_250ng_FAIMS_001 P1_YDENDKLIR P2_LESEFVYGDYKVYDVR 6 11;Scan: 8064 Run: DIA12_CV486075:20251228_A2_N1_Mueller_MS_TechHub_IMP_THIDDIAXL003_Cas9_PhoX_DIA12_CV486075_250ng_FAIMS_001 P1_YDENDKLIR P2_LESEFVYGDYKVYDVR 6 11,Q99ZW2,null,,false,Q99ZW2,null,,false,1014,948,,14.161977,false,true,false,false,2,1,Self,0,0.000911,0.001218,,9.453858,10.325525,,0,0,0,,0,0,,0
1457,1478,Scan: 752856 Run: DIA12_CV486075:20251228_A2_N1_Mueller_MS_TechHub_IMP_THIDDIAXL003_Cas9_PhoX_DIA12_CV486075_250ng_FAIMS_002 P1_KVLSMPQVNIVK P2_GNELALPSKYVNFLYLASHYEK 1 9;Scan: 1350332 Run: DIA12_CV486075:20251228_A2_N1_Mueller_MS_TechHub_IMP_THIDDIAXL003_Cas9_PhoX_DIA12_CV486075_250ng_FAIMS_003 P1_KVLSMPQVNIVK P2_GNELALPSKYVNFLYLASHYEK 1 9,Q99ZW2,null,,false,Q99ZW2,null,,false,1231,1085,,14.15835,false,true,false,false,2,1,Self,0,0.000911,0.001218,9.987126,10.035745,,,0,0,0,,0,0,,0
1456,477,Scan: 1450927 Run: DIA12_CV486075:20251228_A2_N1_Mueller_MS_TechHub_IMP_THIDDIAXL003_Cas9_PhoX_DIA12_CV486075_250ng_FAIMS_003 P1_YKEIFFDQSK P2_KLVDSTDK 2 1;Scan: 801808 Run: DIA12_CV486075:20251228_A2_N1_Mueller_MS_TechHub_IMP_THIDDIAXL003_Cas9_PhoX_DIA12_CV486075_250ng_FAIMS_002 P1_YKEIFFDQSK P2_KLVDSTDK 2 1,Q99ZW2,null,,false,Q99ZW2,null,,false,141,348,,14.155905,false,true,false,false,2,1,Self,0,0.000911,0.001218,10.522662,9.469067,,,0,0,0,,0,0,,0
1455,848,Scan: 143264 Run: DIA12_CV486075:20251228_A2_N1_Mueller_MS_TechHub_IMP_THIDDIAXL003_Cas9_PhoX_DIA12_CV486075_250ng_FAIMS_001 P1_LPKYSLFELENGR P2_KKDWDPK 3 1;Scan: 692842 Run: DIA12_CV486075:20251228_A2_N1_Mueller_MS_TechHub_IMP_THIDDIAXL003_Cas9_PhoX_DIA12_CV486075_250ng_FAIMS_002 P1_LPKYSLFELENGR P2_KKDWDPK 3 1,Q99ZW2,null,,false,Q99ZW2,null,,false,1123,1200,,14.150687,false,true,false,false,2,1,Self,0,0.000911,0.001218,,9.633746,10.364983,,0,0,0,,0,0,,0
1454,166,Scan: 1426241 Run: DIA12_CV486075:20251228_A2_N1_Mueller_MS_TechHub_IMP_THIDDIAXL003_Cas9_PhoX_DIA12_CV486075_250ng_FAIMS_003 P1_VNTEITKAPLSASMIK P2_KPAFLSGEQK 7 1;Scan: 1576093 Run: DIA12_CV486075:20251228_A2_N1_Mueller_MS_TechHub_IMP_THIDDIAXL003_Cas9_PhoX_DIA12_CV486075_250ng_FAIMS_003 P1_VNTEITKAPLSASMIK P2_KPAFLSGEQK 7 1,Q99ZW2,null,,false,Q99ZW2,null,,false,536,314,,14.148747,false,true,false,false,2,1,Self,0,0.000912,0.001218,10.6237,,,,0,0,0,,0,0,,0
1453,1391,Scan: 1499893 Run: DIA12_CV486075:20251228_A2_N1_Mueller_MS_TechHub_IMP_THIDDIAXL003_Cas9_PhoX_DIA12_CV486075_250ng_FAIMS_003 P1_YDEHHQDLTLLKALVR P2_KSEETITPWNFEEVVDK 12 1;Scan: 1500001 Run: DIA12_CV486075:20251228_A2_N1_Mueller_MS_TechHub_IMP_THIDDIAXL003_Cas9_PhoX_DIA12_CV486075_250ng_FAIMS_003 P1_YDEHHQDLTLLKALVR P2_KSEETITPWNFEEVVDK 12 1,Q99ZW2,null,,false,Q99ZW2,null,,false,468,336,,14.139625,false,true,false,false,2,1,Self,0,0.000912,0.00122,10.070612,,,,0,0,0,,0,0,,0
470,1794;593,Scan: 1502984 Run: DIA12_CV486075:20251228_A2_N1_Mueller_MS_TechHub_IMP_THIDDIAXL003_Cas9_PhoX_DIA12_CV486075_250ng_FAIMS_003 P1_MTNFDKNLPNEK P2_KSEETITPWNFEEVVDK 6 1;Scan: 953779 Run: DIA12_CV486075:20251228_A2_N1_Mueller_MS_TechHub_IMP_THIDDIAXL003_Cas9_PhoX_DIA12_CV486075_250ng_FAIMS_002 P1_MTNFDKNLPNEK P2_KSEETITPWNFEEVVDKGASAQSFIER 6 1,Q99ZW2,null,,false,Q99ZW2,null,,false,468,500,,14.127043,false,true,false,false,2,2,Self,0,0.000912,0.00122,10.437709,9.519851,,,0,0,0,,0,0,,0
1452,693,Scan: 1008185 Run: DIA12_CV486075:20251228_A2_N1_Mueller_MS_TechHub_IMP_THIDDIAXL003_Cas9_PhoX_DIA12_CV486075_250ng_FAIMS_002 P1_KVTVK P2_KVTVK 1 1;Scan: 410761 Run: DIA12_CV486075:20251228_A2_N1_Mueller_MS_TechHub_IMP_THIDDIAXL003_Cas9_PhoX_DIA12_CV486075_250ng_FAIMS_001 P1_KVTVK P2_KVTVK 1 1,Q99ZW2,null,,false,Q99ZW2,null,,false,558,558,,14.126919,false,true,false,false,2,1,Self,0,0.000912,0.00122,,9.561219,10.399659,,0,0,0,,0,0,,0
932,1627;1286,Scan: 1195434 Run: DIA12_CV486075:20251228_A2_N1_Mueller_MS_TechHub_IMP_THIDDIAXL003_Cas9_PhoX_DIA12_CV486075_250ng_FAIMS_003 P1_YPKLESEFVYGDYK P2_SEQEIGKATAK 3 7;Scan: 13618 Run: DIA12_CV486075:20251228_A2_N1_Mueller_MS_TechHub_IMP_THIDDIAXL003_Cas9_PhoX_DIA12_CV486075_250ng_FAIMS_001 P1_SEQEIGKATAK P2_KYPKLESEFVYGDYK 7 4,Q99ZW2,null,,false,Q99ZW2,null,,false,1003,1031,,14.126364,false,true,false,false,2,2,Self,0,0.000912,0.00122,10.119149,9.278892,9.856824,,0,0,0,,0,0,,0
1448,1321,Scan: 1337897 Run: DIA12_CV486075:20251228_A2_N1_Mueller_MS_TechHub_IMP_THIDDIAXL003_Cas9_PhoX_DIA12_CV486075_250ng_FAIMS_003 P1_NSDKLIAR P2_LPKYSLFELENGR 4 3;Scan: 683796 Run: DIA12_CV486075:20251228_A2_N1_Mueller_MS_TechHub_IMP_THIDDIAXL003_Cas9_PhoX_DIA12_CV486075_250ng_FAIMS_002 P1_NSDKLIAR P2_LPKYSLFELENGR 4 3,Q99ZW2,null,,false,Q99ZW2,null,,false,1200,1118,,14.102011,false,true,false,false,2,1,Self,0,0.000913,0.001224,10.063609,9.878789,,,0,0,0,,0,0,,0
1447,1195,Scan: 444920 Run: DIA12_CV486075:20251228_A2_N1_Mueller_MS_TechHub_IMP_THIDDIAXL003_Cas9_PhoX_DIA12_CV486075_250ng_FAIMS_001 P1_TILDFLKSDGFANR P2_IEKILTFR 7 3;Scan: 293774 Run: DIA12_CV486075:20251228_A2_N1_Mueller_MS_TechHub_IMP_THIDDIAXL003_Cas9_PhoX_DIA12_CV486075_250ng_FAIMS_001 P1_TILDFLKSDGFANR P2_IEKILTFR 7 3,Q99ZW2,null,,false,Q99ZW2,null,,false,442,684,,14.097135,false,true,false,false,2,1,Self,0,0.000913,0.001224,,,10.125391,,0,0,0,,0,0,,0
1446,1164,Scan: 1034718 Run: DIA12_CV486075:20251228_A2_N1_Mueller_MS_TechHub_IMP_THIDDIAXL003_Cas9_PhoX_DIA12_CV486075_250ng_FAIMS_002 P1_KKDWDPK P2_DKQSGK 1 2;Scan: 1290862 Run: DIA12_CV486075:20251228_A2_N1_Mueller_MS_TechHub_IMP_THIDDIAXL003_Cas9_PhoX_DIA12_CV486075_250ng_FAIMS_003 P1_KKDWDPK P2_DKQSGK 1 2,Q99ZW2,null,,false,Q99ZW2,null,,false,673,1123,,14.094465,false,true,false,false,2,1,Self,0,0.000913,0.001224,10.139102,9.790432,,,0,0,0,,0,0,,0
1445,1280,Scan: 1755564 Run: DIA12_CV486075:20251228_A2_N1_Mueller_MS_TechHub_IMP_THIDDIAXL003_Cas9_PhoX_DIA12_CV486075_250ng_FAIMS_003 P1_SKLVSDFR P2_QLLNAKLITQR 2 6;Scan: 589860 Run: DIA12_CV486075:20251228_A2_N1_Mueller_MS_TechHub_IMP_THIDDIAXL003_Cas9_PhoX_DIA12_CV486075_250ng_FAIMS_001 P1_SKLVSDFR P2_QLLNAKLITQR 2 6,Q99ZW2,null,,false,Q99ZW2,null,,false,890,961,,14.092225,false,true,false,false,2,1,Self,0,0.000914,0.001224,9.854281,,10.073924,,0,0,0,,0,0,,0
1444,1333,Scan: 92703 Run: DIA12_CV486075:20251228_A2_N1_Mueller_MS_TechHub_IMP_THIDDIAXL003_Cas9_PhoX_DIA12_CV486075_250ng_FAIMS_001 P1_NSDKLIAR P2_GQKNSR 4 3;Scan: 690155 Run: DIA12_CV486075:20251228_A2_N1_Mueller_MS_TechHub_IMP_THIDDIAXL003_Cas9_PhoX_DIA12_CV486075_250ng_FAIMS_002 P1_NSDKLIAR P2_GQKNSR 4 3,Q99ZW2,null,,false,Q99ZW2,null,,false,775,1118,,14.090034,false,true,false,false,2,1,Self,0,0.000914,0.001224,9.255581,9.889659,10.03612,,0,0,0,,0,0,,0
1443,1255,Scan: 959528 Run: DIA12_CV486075:20251228_A2_N1_Mueller_MS_TechHub_IMP_THIDDIAXL003_Cas9_PhoX_DIA12_CV486075_250ng_FAIMS_002 P1_VLPKHSLLYEYFTVYNELTK P2_KDLIIK 4 1;Scan: 1556899 Run: DIA12_CV486075:20251228_A2_N1_Mueller_MS_TechHub_IMP_THIDDIAXL003_Cas9_PhoX_DIA12_CV486075_250ng_FAIMS_003 P1_VLPKHSLLYEYFTVYNELTK P2_KDLIIK 4 1,Q99ZW2,null,,false,Q99ZW2,null,,false,1192,510,,14.089418,false,true,false,false,2,1,Self,0,0.000914,0.001224,10.081341,9.842676,,,0,0,0,,0,0,,0
1442,1127,Scan: 1081275 Run: DIA12_CV486075:20251228_A2_N1_Mueller_MS_TechHub_IMP_THIDDIAXL003_Cas9_PhoX_DIA12_CV486075_250ng_FAIMS_002 P1_YKEIFFDQSK P2_KGILQTVK 2 1;Scan: 858151 Run: DIA12_CV486075:20251228_A2_N1_Mueller_MS_TechHub_IMP_THIDDIAXL003_Cas9_PhoX_DIA12_CV486075_250ng_FAIMS_002 P1_YKEIFFDQSK P2_KGILQTVK 2 1,Q99ZW2,null,,false,Q99ZW2,null,,false,735,348,,14.076065,false,true,false,false,2,1,Self,0,0.000914,0.001229,,10.1301,10.08097,,0,0,0,,0,0,,0
890,1580;1217,Scan: 733389 Run: DIA12_CV486075:20251228_A2_N1_Mueller_MS_TechHub_IMP_THIDDIAXL003_Cas9_PhoX_DIA12_CV486075_250ng_FAIMS_002 P1_SEETITPWNFEEVVDKGASAQSFIER P2_KDLIIK 16 1;Scan: 1536507 Run: DIA12_CV486075:20251228_A2_N1_Mueller_MS_TechHub_IMP_THIDDIAXL003_Cas9_PhoX_DIA12_CV486075_250ng_FAIMS_003 P1_KSEETITPWNFEEVVDKGASAQSFIER P2_KDLIIK 17 1,Q99ZW2,null,,false,Q99ZW2,null,,false,1192,484,,14.075144,false,true,false,false,2,2,Self,0,0.000914,0.001229,9.823143,10.080453,,,0,0,0,,0,0,,0
1441,1394,Scan: 244802 Run: DIA12_CV486075:20251228_A2_N1_Mueller_MS_TechHub_IMP_THIDDIAXL003_Cas9_PhoX_DIA12_CV486075_250ng_FAIMS_001 P1_FKVLGNTDR P2_EDIQKAQVSGQGDSLHEHIANLAGSPAIK 2 5;Scan: 1651126 Run: DIA12_CV486075:20251228_A2_N1_Mueller_MS_TechHub_IMP_THIDDIAXL003_Cas9_PhoX_DIA12_CV486075_250ng_FAIMS_003 P1_FKVLGNTDR P2_EDIQKAQVSGQGDSLHEHIANLAGSPAIK 2 5,Q99ZW2,null,,false,Q99ZW2,null,,false,710,33,,14.073771,false,true,false,false,2,1,Self,0,0.000914,0.001229,9.975929,,9.92733,,0,0,0,,0,0,,0
1440,632,Scan: 761118 Run: DIA12_CV486075:20251228_A2_N1_Mueller_MS_TechHub_IMP_THIDDIAXL003_Cas9_PhoX_DIA12_CV486075_250ng_FAIMS_002 P1_LKGSPEDNEQK P2_ENQTTQKGQK 2 7;Scan: 761155 Run: DIA12_CV486075:20251228_A2_N1_Mueller_MS_TechHub_IMP_THIDDIAXL003_Cas9_PhoX_DIA12_CV486075_250ng_FAIMS_002 P1_LKGSPEDNEQK P2_ENQTTQKGQK 2 7,Q99ZW2,null,,false,Q99ZW2,null,,false,772,1246,,14.050407,false,true,false,false,2,1,Self,0,0.000915,0.001232,,10.318413,9.207188,,0,0,0,,0,0,,0
1439,1154,Scan: 1436055 Run: DIA12_CV486075:20251228_A2_N1_Mueller_MS_TechHub_IMP_THIDDIAXL003_Cas9_PhoX_DIA12_CV486075_250ng_FAIMS_003 P1_SEQEIGKATAK P2_FKVLGNTDR 7 2;Scan: 838631 Run: DIA12_CV486075:20251228_A2_N1_Mueller_MS_TechHub_IMP_THIDDIAXL003_Cas9_PhoX_DIA12_CV486075_250ng_FAIMS_002 P1_SEQEIGKATAK P2_FKVLGNTDR 7 2,Q99ZW2,null,,false,Q99ZW2,null,,false,33,1031,,14.043208,false,true,false,false,2,1,Self,0,0.000915,0.001232,9.786769,10.071288,,,0,0,0,,0,0,,0
1438,479,Scan: 260314 Run: DIA12_CV486075:20251228_A2_N1_Mueller_MS_TechHub_IMP_THIDDIAXL003_Cas9_PhoX_DIA12_CV486075_250ng_FAIMS_001 P1_YKEIFFDQSK P2_KLINGIR 2 1;Scan: 260343 Run: DIA12_CV486075:20251228_A2_N1_Mueller_MS_TechHub_IMP_THIDDIAXL003_Cas9_PhoX_DIA12_CV486075_250ng_FAIMS_001 P1_YKEIFFDQSK P2_KLINGIR 2 1,Q99ZW2,null,,false,Q99ZW2,null,,false,665,348,,14.039907,false,true,false,false,2,1,Self,0,0.000915,0.001232,,9.950732,10.365912,,0,0,0,,0,0,,0
1437,863,Scan: 1119880 Run: DIA12_CV486075:20251228_A2_N1_Mueller_MS_TechHub_IMP_THIDDIAXL003_Cas9_PhoX_DIA12_CV486075_250ng_FAIMS_002 P1_YKEIFFDQSK P2_ELGSQILKEHPVENTQLQNEK 2 8;Scan: 1717438 Run: DIA12_CV486075:20251228_A2_N1_Mueller_MS_TechHub_IMP_THIDDIAXL003_Cas9_PhoX_DIA12_CV486075_250ng_FAIMS_003 P1_YKEIFFDQSK P2_ELGSQILKEHPVENTQLQNEK 2 8,Q99ZW2,null,,false,Q99ZW2,null,,false,797,348,,14.023343,false,true,false,false,2,1,Self,0,0.000916,0.001233,9.641376,10.183222,9.564709,,0,0,0,,0,0,,0
768,1609;1036,Scan: 30850 Run: DIA12_CV486075:20251228_A2_N1_Mueller_MS_TechHub_IMP_THIDDIAXL003_Cas9_PhoX_DIA12_CV486075_250ng_FAIMS_001 P1_KRPLIETNGETGEIVWDKGR P2_FKVLGNTDR 18 2;Scan: 838795 Run: DIA12_CV486075:20251228_A2_N1_Mueller_MS_TechHub_IMP_THIDDIAXL003_Cas9_PhoX_DIA12_CV486075_250ng_FAIMS_002 P1_RPLIETNGETGEIVWDKGR P2_FKVLGNTDR 17 2,Q99ZW2,null,,false,Q99ZW2,null,,false,33,1076,,14.021697,false,true,false,false,2,2,Self,0,0.000916,0.001233,,9.723338,10.102706,,0,0,0,,0,0,,0
1436,1302,Scan: 162588 Run: DIA12_CV486075:20251228_A2_N1_Mueller_MS_TechHub_IMP_THIDDIAXL003_Cas9_PhoX_DIA12_CV486075_250ng_FAIMS_001 P1_LKGSPEDNEQK P2_FKVLGNTDR 2 2;Scan: 162640 Run: DIA12_CV486075:20251228_A2_N1_Mueller_MS_TechHub_IMP_THIDDIAXL003_Cas9_PhoX_DIA12_CV486075_250ng_FAIMS_001 P1_LKGSPEDNEQK P2_FKVLGNTDR 2 2,Q99ZW2,null,,false,Q99ZW2,null,,false,33,1246,,14.015205,false,true,false,false,2,1,Self,0,0.000916,0.001235,,,9.954254,,0,0,0,,0,0,,0
1435,1234,Scan: 483968 Run: DIA12_CV486075:20251228_A2_N1_Mueller_MS_TechHub_IMP_THIDDIAXL003_Cas9_PhoX_DIA12_CV486075_250ng_FAIMS_001 P1_KGILQTVK P2_IEKILTFR 1 3;Scan: 1081429 Run: DIA12_CV486075:20251228_A2_N1_Mueller_MS_TechHub_IMP_THIDDIAXL003_Cas9_PhoX_DIA12_CV486075_250ng_FAIMS_002 P1_KGILQTVK P2_IEKILTFR 1 3,Q99ZW2,null,,false,Q99ZW2,null,,false,442,735,,14.014303,false,true,false,false,2,1,Self,0,0.000916,0.001235,,9.987395,9.831206,,0,0,0,,0,0,,0
1434,1188,Scan: 1037564 Run: DIA12_CV486075:20251228_A2_N1_Mueller_MS_TechHub_IMP_THIDDIAXL003_Cas9_PhoX_DIA12_CV486075_250ng_FAIMS_002 P1_QSGKTILDFLK P2_KGILQTVK 4 1;Scan: 1081913 Run: DIA12_CV486075:20251228_A2_N1_Mueller_MS_TechHub_IMP_THIDDIAXL003_Cas9_PhoX_DIA12_CV486075_250ng_FAIMS_002 P1_QSGKTILDFLK P2_KGILQTVK 4 1,Q99ZW2,null,,false,Q99ZW2,null,,false,735,677,,14.008705,false,true,false,false,2,1,Self,0,0.000917,0.001235,,10.00611,,,0,0,0,,0,0,,0
850,1512;1158,Scan: 944200 Run: DIA12_CV486075:20251228_A2_N1_Mueller_MS_TechHub_IMP_THIDDIAXL003_Cas9_PhoX_DIA12_CV486075_250ng_FAIMS_002 P1_NLPNEKVLPK P2_KSEETITPWNFEEVVDKGASAQSFIER 6 17;Scan: 1541573 Run: DIA12_CV486075:20251228_A2_N1_Mueller_MS_TechHub_IMP_THIDDIAXL003_Cas9_PhoX_DIA12_CV486075_250ng_FAIMS_003 P1_SEETITPWNFEEVVDKGASAQSFIER P2_NLPNEKVLPK 16 6,Q99ZW2,null,,false,Q99ZW2,null,,false,506,484,,14.008511,false,true,false,false,2,2,Self,0,0.000917,0.001235,9.788175,10.021477,,,0,0,0,,0,0,,0
1433,1114,Scan: 1788911 Run: DIA12_CV486075:20251228_A2_N1_Mueller_MS_TechHub_IMP_THIDDIAXL003_Cas9_PhoX_DIA12_CV486075_250ng_FAIMS_003 P1_KDFQFYK P2_IEKILTFR 1 3;Scan: 891717 Run: DIA12_CV486075:20251228_A2_N1_Mueller_MS_TechHub_IMP_THIDDIAXL003_Cas9_PhoX_DIA12_CV486075_250ng_FAIMS_002 P1_KDFQFYK P2_IEKILTFR 1 3,Q99ZW2,null,,false,Q99ZW2,null,,false,442,968,,13.999388,false,true,false,false,2,1,Self,0,0.000917,0.001236,10.027895,9.76853,,,0,0,0,,0,0,,0
1431,459,Scan: 951567 Run: DIA12_CV486075:20251228_A2_N1_Mueller_MS_TechHub_IMP_THIDDIAXL003_Cas9_PhoX_DIA12_CV486075_250ng_FAIMS_002 P1_MTNFDKNLPNEK P2_KDLIIK 6 1;Scan: 1330930 Run: DIA12_CV486075:20251228_A2_N1_Mueller_MS_TechHub_IMP_THIDDIAXL003_Cas9_PhoX_DIA12_CV486075_250ng_FAIMS_003 P1_MTNFDKNLPNEK P2_KDLIIK 6 1,Q99ZW2,null,,false,Q99ZW2,null,,false,1192,500,,13.986909,false,true,false,false,2,1,Self,0,0.000917,0.001239,9.461831,10.300843,,,0,0,0,,0,0,,0
1430,578,Scan: 1093571 Run: DIA12_CV486075:20251228_A2_N1_Mueller_MS_TechHub_IMP_THIDDIAXL003_Cas9_PhoX_DIA12_CV486075_250ng_FAIMS_002 P1_GILQTVKVVDELVK P2_EDIQKAQVSGQGDSLHEHIANLAGSPAIK 7 5;Scan: 1060152 Run: DIA12_CV486075:20251228_A2_N1_Mueller_MS_TechHub_IMP_THIDDIAXL003_Cas9_PhoX_DIA12_CV486075_250ng_FAIMS_002 P1_GILQTVKVVDELVK P2_EDIQKAQVSGQGDSLHEHIANLAGSPAIK 7 5,Q99ZW2,null,,false,Q99ZW2,null,,false,710,742,,13.984105,false,true,false,false,2,1,Self,0,0.000917,0.001239,,10.249695,9.456097,,0,0,0,,0,0,,0
1429,436,Scan: 1191802 Run: DIA12_CV486075:20251228_A2_N1_Mueller_MS_TechHub_IMP_THIDDIAXL003_Cas9_PhoX_DIA12_CV486075_250ng_FAIMS_002 P1_KGILQTVK P2_KDFQFYK 1 1;Scan: 485127 Run: DIA12_CV486075:20251228_A2_N1_Mueller_MS_TechHub_IMP_THIDDIAXL003_Cas9_PhoX_DIA12_CV486075_250ng_FAIMS_001 P1_KGILQTVK P2_KDFQFYK 1 1,Q99ZW2,null,,false,Q99ZW2,null,,false,968,735,,13.981278,false,true,false,false,2,1,Self,0,0.000918,0.001239,,10.307422,9.446333,,0,0,0,,0,0,,0
1428,895,Scan: 1449642 Run: DIA12_CV486075:20251228_A2_N1_Mueller_MS_TechHub_IMP_THIDDIAXL003_Cas9_PhoX_DIA12_CV486075_250ng_FAIMS_003 P1_YKEIFFDQSK P2_KKDWDPK 2 1;Scan: 1449654 Run: DIA12_CV486075:20251228_A2_N1_Mueller_MS_TechHub_IMP_THIDDIAXL003_Cas9_PhoX_DIA12_CV486075_250ng_FAIMS_003 P1_YKEIFFDQSK P2_KKDWDPK 2 1,Q99ZW2,null,,false,Q99ZW2,null,,false,1123,348,,13.974957,false,true,false,false,2,1,Self,0,0.000918,0.001239,10.10083,,,,0,0,0,,0,0,,0
842,1469;1145,Scan: 258422 Run: DIA12_CV486075:20251228_A2_N1_Mueller_MS_TechHub_IMP_THIDDIAXL003_Cas9_PhoX_DIA12_CV486075_250ng_FAIMS_001 P1_YKEIFFDQSK P2_RQEDFYPFLKDNR 2 10;Scan: 855826 Run: DIA12_CV486075:20251228_A2_N1_Mueller_MS_TechHub_IMP_THIDDIAXL003_Cas9_PhoX_DIA12_CV486075_250ng_FAIMS_002 P1_YKEIFFDQSK P2_QEDFYPFLKDNR 2 9,Q99ZW2,null,,false,Q99ZW2,null,,false,434,348,,13.971489,false,true,false,false,2,2,Self,0,0.000918,0.001241,,9.781038,9.976662,,0,0,0,,0,0,,0
1426,1206,Scan: 1233608 Run: DIA12_CV486075:20251228_A2_N1_Mueller_MS_TechHub_IMP_THIDDIAXL003_Cas9_PhoX_DIA12_CV486075_250ng_FAIMS_003 P1_KTEVQTGGFSK P2_IEKILTFR 1 3;Scan: 1485930 Run: DIA12_CV486075:20251228_A2_N1_Mueller_MS_TechHub_IMP_THIDDIAXL003_Cas9_PhoX_DIA12_CV486075_250ng_FAIMS_003 P1_KTEVQTGGFSK P2_IEKILTFR 1 3,Q99ZW2,null,,false,Q99ZW2,null,,false,442,1097,,13.969295,false,true,false,false,2,1,Self,0,0.000918,0.001241,9.940834,,,,0,0,0,,0,0,,0
1425,1055,Scan: 1187830 Run: DIA12_CV486075:20251228_A2_N1_Mueller_MS_TechHub_IMP_THIDDIAXL003_Cas9_PhoX_DIA12_CV486075_250ng_FAIMS_002 P1_SKLVSDFR P2_DFQFYKVR 2 6;Scan: 1194317 Run: DIA12_CV486075:20251228_A2_N1_Mueller_MS_TechHub_IMP_THIDDIAXL003_Cas9_PhoX_DIA12_CV486075_250ng_FAIMS_002 P1_SKLVSDFR P2_DFQFYKVR 2 6,Q99ZW2,null,,false,Q99ZW2,null,,false,974,961,,13.968863,false,true,false,false,2,1,Self,0,0.000918,0.001241,,10.021629,,,0,0,0,,0,0,,0
1424,1052,Scan: 839861 Run: DIA12_CV486075:20251228_A2_N1_Mueller_MS_TechHub_IMP_THIDDIAXL003_Cas9_PhoX_DIA12_CV486075_250ng_FAIMS_002 P1_KLVDSTDK P2_FKVLGNTDR 1 2;Scan: 204353 Run: DIA12_CV486075:20251228_A2_N1_Mueller_MS_TechHub_IMP_THIDDIAXL003_Cas9_PhoX_DIA12_CV486075_250ng_FAIMS_001 P1_KLVDSTDK P2_FKVLGNTDR 1 2,Q99ZW2,null,,false,Q99ZW2,null,,false,33,141,,13.96562,false,true,false,false,2,1,Self,0,0.000918,0.001244,,10.01842,9.729841,,0,0,0,,0,0,,0
1423,808,Scan: 1584711 Run: DIA12_CV486075:20251228_A2_N1_Mueller_MS_TechHub_IMP_THIDDIAXL003_Cas9_PhoX_DIA12_CV486075_250ng_FAIMS_003 P1_KPAFLSGEQK P2_ICYLQEIFSNEMAKVDDSFFHR 1 14;Scan: 1584688 Run: DIA12_CV486075:20251228_A2_N1_Mueller_MS_TechHub_IMP_THIDDIAXL003_Cas9_PhoX_DIA12_CV486075_250ng_FAIMS_003 P1_KPAFLSGEQK P2_ICYLQEIFSNEMAKVDDSFFHR 1 14,Q99ZW2,null,,false,Q99ZW2,null,,false,92,536,,13.964927,false,true,false,false,2,1,Self,0,0.000918,0.001244,10.126422,,,,0,0,0,,0,0,,0
1422,615,Scan: 1143043 Run: DIA12_CV486075:20251228_A2_N1_Mueller_MS_TechHub_IMP_THIDDIAXL003_Cas9_PhoX_DIA12_CV486075_250ng_FAIMS_002 P1_GKSDNVPSEEVVK P2_FKVLGNTDR 2 2;Scan: 842999 Run: DIA12_CV486075:20251228_A2_N1_Mueller_MS_TechHub_IMP_THIDDIAXL003_Cas9_PhoX_DIA12_CV486075_250ng_FAIMS_002 P1_GKSDNVPSEEVVK P2_FKVLGNTDR 2 2,Q99ZW2,null,,false,Q99ZW2,null,,false,33,866,,13.961294,false,true,false,false,2,1,Self,0,0.000918,0.001244,,10.203821,10.071379,,0,0,0,,0,0,,0
583,1644;762,Scan: 1549593 Run: DIA12_CV486075:20251228_A2_N1_Mueller_MS_TechHub_IMP_THIDDIAXL003_Cas9_PhoX_DIA12_CV486075_250ng_FAIMS_003 P1_MTNFDKNLPNEK P2_DLIIKLPK 6 5;Scan: 1549696 Run: DIA12_CV486075:20251228_A2_N1_Mueller_MS_TechHub_IMP_THIDDIAXL003_Cas9_PhoX_DIA12_CV486075_250ng_FAIMS_003 P1_MTNFDKNLPNEK P2_KDLIIKLPK 6 6,Q99ZW2,null,,false,Q99ZW2,null,,false,1197,500,,13.956411,false,true,false,false,2,2,Self,0,0.000918,0.001244,10.135965,,,,0,0,0,,0,0,,0
1421,1207,Scan: 1456569 Run: DIA12_CV486075:20251228_A2_N1_Mueller_MS_TechHub_IMP_THIDDIAXL003_Cas9_PhoX_DIA12_CV486075_250ng_FAIMS_003 P1_YKEIFFDQSK P2_SKLVSDFR 2 2;Scan: 1185967 Run: DIA12_CV486075:20251228_A2_N1_Mueller_MS_TechHub_IMP_THIDDIAXL003_Cas9_PhoX_DIA12_CV486075_250ng_FAIMS_002 P1_YKEIFFDQSK P2_SKLVSDFR 2 2,Q99ZW2,null,,false,Q99ZW2,null,,false,961,348,,13.954497,false,true,false,false,2,1,Self,0,0.000919,0.001244,9.814713,9.919647,,,0,0,0,,0,0,,0
1420,804,Scan: 744014 Run: DIA12_CV486075:20251228_A2_N1_Mueller_MS_TechHub_IMP_THIDDIAXL003_Cas9_PhoX_DIA12_CV486075_250ng_FAIMS_002 P1_LPKYSLFELENGR P2_KLINGIR 3 1;Scan: 1341423 Run: DIA12_CV486075:20251228_A2_N1_Mueller_MS_TechHub_IMP_THIDDIAXL003_Cas9_PhoX_DIA12_CV486075_250ng_FAIMS_003 P1_LPKYSLFELENGR P2_KLINGIR 3 1,Q99ZW2,null,,false,Q99ZW2,null,,false,665,1200,,13.953432,false,true,false,false,2,1,Self,0,0.000919,0.001244,10.111548,9.615346,,,0,0,0,,0,0,,0
1419,1193,Scan: 1634476 Run: DIA12_CV486075:20251228_A2_N1_Mueller_MS_TechHub_IMP_THIDDIAXL003_Cas9_PhoX_DIA12_CV486075_250ng_FAIMS_003 P1_QSGKTILDFLK P2_FKVLGNTDR 4 2;Scan: 1037020 Run: DIA12_CV486075:20251228_A2_N1_Mueller_MS_TechHub_IMP_THIDDIAXL003_Cas9_PhoX_DIA12_CV486075_250ng_FAIMS_002 P1_QSGKTILDFLK P2_FKVLGNTDR 4 2,Q99ZW2,null,,false,Q99ZW2,null,,false,33,677,,13.952057,false,true,false,false,2,1,Self,0,0.000919,0.001244,9.807266,9.923579,,,0,0,0,,0,0,,0
1418,1222,Scan: 690881 Run: DIA12_CV486075:20251228_A2_N1_Mueller_MS_TechHub_IMP_THIDDIAXL003_Cas9_PhoX_DIA12_CV486075_250ng_FAIMS_002 P1_NSDKLIAR P2_KDFQFYK 4 1;Scan: 690917 Run: DIA12_CV486075:20251228_A2_N1_Mueller_MS_TechHub_IMP_THIDDIAXL003_Cas9_PhoX_DIA12_CV486075_250ng_FAIMS_002 P1_NSDKLIAR P2_KDFQFYK 4 1,Q99ZW2,null,,false,Q99ZW2,null,,false,968,1118,,13.951608,false,true,false,false,2,1,Self,0,0.000919,0.001244,,9.905375,,,0,0,0,,0,0,,0
1417,51,Scan: 118044 Run: DIA12_CV486075:20251228_A2_N1_Mueller_MS_TechHub_IMP_THIDDIAXL003_Cas9_PhoX_DIA12_CV486075_250ng_FAIMS_001 P1_VKYVTEGMR P2_SSFEKNPIDFLEAK 2 5;Scan: 373802 Run: DIA12_CV486075:20251228_A2_N1_Mueller_MS_TechHub_IMP_THIDDIAXL003_Cas9_PhoX_DIA12_CV486075_250ng_FAIMS_001 P1_VKYVTEGMR P2_SSFEKNPIDFLEAK 2 5,Q99ZW2,null,,false,Q99ZW2,null,,false,1176,528,,13.945262,false,true,false,false,2,1,Self,0,0.000919,0.001245,,,10.388506,,0,0,0,,0,0,,0
1416,1213,Scan: 588475 Run: DIA12_CV486075:20251228_A2_N1_Mueller_MS_TechHub_IMP_THIDDIAXL003_Cas9_PhoX_DIA12_CV486075_250ng_FAIMS_001 P1_SKLVSDFR P2_FKVLGNTDR 2 2;Scan: 1440822 Run: DIA12_CV486075:20251228_A2_N1_Mueller_MS_TechHub_IMP_THIDDIAXL003_Cas9_PhoX_DIA12_CV486075_250ng_FAIMS_003 P1_SKLVSDFR P2_FKVLGNTDR 2 2,Q99ZW2,null,,false,Q99ZW2,null,,false,33,961,,13.932652,false,true,false,false,2,1,Self,0,0.000919,0.001245,9.884926,,9.818708,,0,0,0,,0,0,,0
1415,659,Scan: 633844 Run: DIA12_CV486075:20251228_A2_N1_Mueller_MS_TechHub_IMP_THIDDIAXL003_Cas9_PhoX_DIA12_CV486075_250ng_FAIMS_002 P1_KTEVQTGGFSK P2_KKDWDPK 1 1;Scan: 36428 Run: DIA12_CV486075:20251228_A2_N1_Mueller_MS_TechHub_IMP_THIDDIAXL003_Cas9_PhoX_DIA12_CV486075_250ng_FAIMS_001 P1_KTEVQTGGFSK P2_KKDWDPK 1 1,Q99ZW2,null,,false,Q99ZW2,null,,false,1123,1097,,13.925225,false,true,false,false,2,1,Self,0,0.00092,0.001247,,10.138627,9.545687,,0,0,0,,0,0,,0
901,1293;1232,Scan: 1265017 Run: DIA12_CV486075:20251228_A2_N1_Mueller_MS_TechHub_IMP_THIDDIAXL003_Cas9_PhoX_DIA12_CV486075_250ng_FAIMS_003 P1_TEVQTGGFSKESILPK P2_KNLIGALLFDSGETAEATR 10 1;Scan: 1265091 Run: DIA12_CV486075:20251228_A2_N1_Mueller_MS_TechHub_IMP_THIDDIAXL003_Cas9_PhoX_DIA12_CV486075_250ng_FAIMS_003 P1_KTEVQTGGFSKESILPK P2_KNLIGALLFDSGETAEATR 11 1,Q99ZW2,null,,false,Q99ZW2,null,,false,45,1107,,13.924604,false,true,false,false,2,2,Self,0,0.00092,0.001247,9.86287,,,,0,0,0,,0,0,,0
1414,1063,Scan: 639510 Run: DIA12_CV486075:20251228_A2_N1_Mueller_MS_TechHub_IMP_THIDDIAXL003_Cas9_PhoX_DIA12_CV486075_250ng_FAIMS_002 P1_SKLVSDFR P2_KTEVQTGGFSK 2 1;Scan: 1782692 Run: DIA12_CV486075:20251228_A2_N1_Mueller_MS_TechHub_IMP_THIDDIAXL003_Cas9_PhoX_DIA12_CV486075_250ng_FAIMS_003 P1_SKLVSDFR P2_KTEVQTGGFSK 2 1,Q99ZW2,null,,false,Q99ZW2,null,,false,1097,961,,13.924189,false,true,false,false,2,1,Self,0,0.00092,0.001247,9.733515,9.956994,,,0,0,0,,0,0,,0
1413,1156,Scan: 1226574 Run: DIA12_CV486075:20251228_A2_N1_Mueller_MS_TechHub_IMP_THIDDIAXL003_Cas9_PhoX_DIA12_CV486075_250ng_FAIMS_003 P1_KVLSMPQVNIVK P2_KVLSMPQVNIVK 1 1;Scan: 1226510 Run: DIA12_CV486075:20251228_A2_N1_Mueller_MS_TechHub_IMP_THIDDIAXL003_Cas9_PhoX_DIA12_CV486075_250ng_FAIMS_003 P1_KVLSMPQVNIVK P2_KVLSMPQVNIVK 1 1,Q99ZW2,null,,false,Q99ZW2,null,,false,1085,1085,,13.923158,false,true,false,false,2,1,Self,0,0.00092,0.001247,9.902939,,,,0,0,0,,0,0,,0
1410,449,Scan: 1574116 Run: DIA12_CV486075:20251228_A2_N1_Mueller_MS_TechHub_IMP_THIDDIAXL003_Cas9_PhoX_DIA12_CV486075_250ng_FAIMS_003 P1_KPAFLSGEQK P2_EVKKDLIIK 1 3;Scan: 379192 Run: DIA12_CV486075:20251228_A2_N1_Mueller_MS_TechHub_IMP_THIDDIAXL003_Cas9_PhoX_DIA12_CV486075_250ng_FAIMS_001 P1_KPAFLSGEQK P2_EVKKDLIIK 1 3,Q99ZW2,null,,false,Q99ZW2,null,,false,1191,536,,13.916073,false,true,false,false,2,1,Self,0,0.00092,0.001248,10.208919,,9.457011,,0,0,0,,0,0,,0
1409,89,Scan: 980058 Run: DIA12_CV486075:20251228_A2_N1_Mueller_MS_TechHub_IMP_THIDDIAXL003_Cas9_PhoX_DIA12_CV486075_250ng_FAIMS_002 P1_RQEDFYPFLKDNR P2_KPAFLSGEQK 10 1;Scan: 979994 Run: DIA12_CV486075:20251228_A2_N1_Mueller_MS_TechHub_IMP_THIDDIAXL003_Cas9_PhoX_DIA12_CV486075_250ng_FAIMS_002 P1_RQEDFYPFLKDNR P2_KPAFLSGEQK 10 1,Q99ZW2,null,,false,Q99ZW2,null,,false,536,434,,13.914904,false,true,false,false,2,1,Self,0,0.00092,0.001248,9.449511,10.33629,,,0,0,0,,0,0,,0
1408,727,Scan: 92135 Run: DIA12_CV486075:20251228_A2_N1_Mueller_MS_TechHub_IMP_THIDDIAXL003_Cas9_PhoX_DIA12_CV486075_250ng_FAIMS_001 P1_NSDKLIAR P2_GILQTVKVVDELVK 4 7;Scan: 1087116 Run: DIA12_CV486075:20251228_A2_N1_Mueller_MS_TechHub_IMP_THIDDIAXL003_Cas9_PhoX_DIA12_CV486075_250ng_FAIMS_002 P1_NSDKLIAR P2_GILQTVKVVDELVK 4 7,Q99ZW2,null,,false,Q99ZW2,null,,false,742,1118,,13.913339,false,true,false,false,2,1,Self,0,0.00092,0.00125,8.927022,9.580967,10.08891,,0,0,0,,0,0,,0
1407,850,Scan: 1013765 Run: DIA12_CV486075:20251228_A2_N1_Mueller_MS_TechHub_IMP_THIDDIAXL003_Cas9_PhoX_DIA12_CV486075_250ng_FAIMS_002 P1_KLINGIR P2_KIECFDSVEISGVEDR 1 1;Scan: 1611256 Run: DIA12_CV486075:20251228_A2_N1_Mueller_MS_TechHub_IMP_THIDDIAXL003_Cas9_PhoX_DIA12_CV486075_250ng_FAIMS_003 P1_KLINGIR P2_KIECFDSVEISGVEDR 1 1,Q99ZW2,null,,false,Q99ZW2,null,,false,571,665,,13.910046,false,true,false,false,2,1,Self,0,0.00092,0.00125,9.635165,10.032596,,,0,0,0,,0,0,,0
1406,712,Scan: 1236416 Run: DIA12_CV486075:20251228_A2_N1_Mueller_MS_TechHub_IMP_THIDDIAXL003_Cas9_PhoX_DIA12_CV486075_250ng_FAIMS_003 P1_QLLNAKLITQR P2_KTEVQTGGFSK 6 1;Scan: 1753748 Run: DIA12_CV486075:20251228_A2_N1_Mueller_MS_TechHub_IMP_THIDDIAXL003_Cas9_PhoX_DIA12_CV486075_250ng_FAIMS_003 P1_QLLNAKLITQR P2_KTEVQTGGFSK 6 1,Q99ZW2,null,,false,Q99ZW2,null,,false,1097,890,,13.907867,false,true,false,false,2,1,Self,0,0.00092,0.001252,10.089263,,,,0,0,0,,0,0,,0
1405,994,Scan: 207760 Run: DIA12_CV486075:20251228_A2_N1_Mueller_MS_TechHub_IMP_THIDDIAXL003_Cas9_PhoX_DIA12_CV486075_250ng_FAIMS_001 P1_LVDSTDKADLR P2_KPAFLSGEQK 7 1;Scan: 1575521 Run: DIA12_CV486075:20251228_A2_N1_Mueller_MS_TechHub_IMP_THIDDIAXL003_Cas9_PhoX_DIA12_CV486075_250ng_FAIMS_003 P1_LVDSTDKADLR P2_KPAFLSGEQK 7 1,Q99ZW2,null,,false,Q99ZW2,null,,false,536,148,,13.906441,false,true,false,false,2,1,Self,0,0.00092,0.001252,9.700849,,9.964067,,0,0,0,,0,0,,0
1404,461,Scan: 291592 Run: DIA12_CV486075:20251228_A2_N1_Mueller_MS_TechHub_IMP_THIDDIAXL003_Cas9_PhoX_DIA12_CV486075_250ng_FAIMS_001 P1_YDEHHQDLTLLKALVR P2_IEKILTFR 12 3;Scan: 1445401 Run: DIA12_CV486075:20251228_A2_N1_Mueller_MS_TechHub_IMP_THIDDIAXL003_Cas9_PhoX_DIA12_CV486075_250ng_FAIMS_003 P1_YDEHHQDLTLLKALVR P2_IEKILTFR 12 3,Q99ZW2,null,,false,Q99ZW2,null,,false,442,336,,13.905479,false,true,false,false,2,1,Self,0,0.00092,0.001252,10.189923,,9.461915,,0,0,0,,0,0,,0
1403,318,Scan: 680011 Run: DIA12_CV486075:20251228_A2_N1_Mueller_MS_TechHub_IMP_THIDDIAXL003_Cas9_PhoX_DIA12_CV486075_250ng_FAIMS_002 P1_NSDKLIAR P2_NSDKLIAR 4 4;Scan: 82599 Run: DIA12_CV486075:20251228_A2_N1_Mueller_MS_TechHub_IMP_THIDDIAXL003_Cas9_PhoX_DIA12_CV486075_250ng_FAIMS_001 P1_NSDKLIAR P2_NSDKLIAR 4 4,Q99ZW2,null,,false,Q99ZW2,null,,false,1118,1118,,13.90214,false,true,false,false,2,1,Self,0,0.00092,0.001252,,10.237231,9.405774,,0,0,0,,0,0,,0
1402,1230,Scan: 389462 Run: DIA12_CV486075:20251228_A2_N1_Mueller_MS_TechHub_IMP_THIDDIAXL003_Cas9_PhoX_DIA12_CV486075_250ng_FAIMS_001 P1_KPAFLSGEQK P2_KFDNLTK 1 1;Scan: 1584371 Run: DIA12_CV486075:20251228_A2_N1_Mueller_MS_TechHub_IMP_THIDDIAXL003_Cas9_PhoX_DIA12_CV486075_250ng_FAIMS_003 P1_KPAFLSGEQK P2_KFDNLTK 1 1,Q99ZW2,null,,false,Q99ZW2,null,,false,896,536,,13.902096,false,true,false,false,2,1,Self,0,0.00092,0.001252,9.831494,,9.829038,,0,0,0,,0,0,,0
1400,1039,Scan: 1689740 Run: DIA12_CV486075:20251228_A2_N1_Mueller_MS_TechHub_IMP_THIDDIAXL003_Cas9_PhoX_DIA12_CV486075_250ng_FAIMS_003 P1_KLINGIR P2_GILQTVKVVDELVK 1 7;Scan: 1092321 Run: DIA12_CV486075:20251228_A2_N1_Mueller_MS_TechHub_IMP_THIDDIAXL003_Cas9_PhoX_DIA12_CV486075_250ng_FAIMS_002 P1_KLINGIR P2_GILQTVKVVDELVK 1 7,Q99ZW2,null,,false,Q99ZW2,null,,false,742,665,,13.897108,false,true,false,false,2,1,Self,0,0.000921,0.001253,9.92763,9.724802,,,0,0,0,,0,0,,0
721,1432;969,Scan: 97207 Run: DIA12_CV486075:20251228_A2_N1_Mueller_MS_TechHub_IMP_THIDDIAXL003_Cas9_PhoX_DIA12_CV486075_250ng_FAIMS_001 P1_KDWDPK P2_ESILPKR 1 6;Scan: 97178 Run: DIA12_CV486075:20251228_A2_N1_Mueller_MS_TechHub_IMP_THIDDIAXL003_Cas9_PhoX_DIA12_CV486075_250ng_FAIMS_001 P1_KKDWDPK P2_ESILPKR 2 6,Q99ZW2,null,,false,Q99ZW2,null,,false,1113,1124,,13.892437,false,true,false,false,2,2,Self,0,0.000921,0.001255,,,9.955582,,0,0,0,,0,0,,0
573,1551;747,Scan: 136486 Run: DIA12_CV486075:20251228_A2_N1_Mueller_MS_TechHub_IMP_THIDDIAXL003_Cas9_PhoX_DIA12_CV486075_250ng_FAIMS_001 P1_KDLIIK P2_DKQSGK 1 2;Scan: 1331404 Run: DIA12_CV486075:20251228_A2_N1_Mueller_MS_TechHub_IMP_THIDDIAXL003_Cas9_PhoX_DIA12_CV486075_250ng_FAIMS_003 P1_KDLIIKLPK P2_DKQSGK 1 2,Q99ZW2,null,,false,Q99ZW2,null,,false,673,1192,,13.891811,false,true,false,false,2,2,Self,0,0.000921,0.001255,9.587921,,10.052572,,0,0,0,,0,0,,0
615,1504;814,Scan: 94744 Run: DIA12_CV486075:20251228_A2_N1_Mueller_MS_TechHub_IMP_THIDDIAXL003_Cas9_PhoX_DIA12_CV486075_250ng_FAIMS_001 P1_KKDWDPK P2_ESILPKR 1 6;Scan: 94781 Run: DIA12_CV486075:20251228_A2_N1_Mueller_MS_TechHub_IMP_THIDDIAXL003_Cas9_PhoX_DIA12_CV486075_250ng_FAIMS_001 P1_KKDWDPKK P2_ESILPKR 1 6,Q99ZW2,null,,false,Q99ZW2,null,,false,1113,1123,,13.888993,false,true,false,false,2,2,Self,0,0.000921,0.001255,,,10.018211,,0,0,0,,0,0,,0
1397,1151,Scan: 731492 Run: DIA12_CV486075:20251228_A2_N1_Mueller_MS_TechHub_IMP_THIDDIAXL003_Cas9_PhoX_DIA12_CV486075_250ng_FAIMS_002 P1_NPIDFLEAKGYK P2_KDLIIK 9 1;Scan: 134096 Run: DIA12_CV486075:20251228_A2_N1_Mueller_MS_TechHub_IMP_THIDDIAXL003_Cas9_PhoX_DIA12_CV486075_250ng_FAIMS_001 P1_NPIDFLEAKGYK P2_KDLIIK 9 1,Q99ZW2,null,,false,Q99ZW2,null,,false,1192,1185,,13.886098,false,true,false,false,2,1,Self,0,0.000921,0.001255,,9.852485,9.785309,,0,0,0,,0,0,,0
1396,893,Scan: 1575352 Run: DIA12_CV486075:20251228_A2_N1_Mueller_MS_TechHub_IMP_THIDDIAXL003_Cas9_PhoX_DIA12_CV486075_250ng_FAIMS_003 P1_KPAFLSGEQK P2_KLVDSTDK 1 1;Scan: 1575389 Run: DIA12_CV486075:20251228_A2_N1_Mueller_MS_TechHub_IMP_THIDDIAXL003_Cas9_PhoX_DIA12_CV486075_250ng_FAIMS_003 P1_KPAFLSGEQK P2_KLVDSTDK 1 1,Q99ZW2,null,,false,Q99ZW2,null,,false,141,536,,13.884918,false,true,false,false,2,1,Self,0,0.000921,0.001255,9.976059,,,,0,0,0,,0,0,,0
1395,302,Scan: 603730 Run: DIA12_CV486075:20251228_A2_N1_Mueller_MS_TechHub_IMP_THIDDIAXL003_Cas9_PhoX_DIA12_CV486075_250ng_FAIMS_002 P1_MIAKSEQEIGK P2_LESEFVYGDYKVYDVR 4 11;Scan: 6249 Run: DIA12_CV486075:20251228_A2_N1_Mueller_MS_TechHub_IMP_THIDDIAXL003_Cas9_PhoX_DIA12_CV486075_250ng_FAIMS_001 P1_MIAKSEQEIGK P2_LESEFVYGDYKVYDVR 4 11,Q99ZW2,null,,false,Q99ZW2,null,,false,1014,1024,,13.884577,false,true,false,false,2,1,Self,0,0.000921,0.001255,,9.397944,10.220574,,0,0,0,,0,0,,0
1394,555,Scan: 1450891 Run: DIA12_CV486075:20251228_A2_N1_Mueller_MS_TechHub_IMP_THIDDIAXL003_Cas9_PhoX_DIA12_CV486075_250ng_FAIMS_003 P1_YKEIFFDQSK P2_HPIFGNIVDEVAYHEKYPTIYHLR 2 16;Scan: 190043 Run: DIA12_CV486075:20251228_A2_N1_Mueller_MS_TechHub_IMP_THIDDIAXL003_Cas9_PhoX_DIA12_CV486075_250ng_FAIMS_001 P1_YKEIFFDQSK P2_HPIFGNIVDEVAYHEKYPTIYHLR 2 16,Q99ZW2,null,,false,Q99ZW2,null,,false,131,348,,13.883331,false,true,false,false,2,1,Self,0,0.000921,0.001255,9.503679,,10.12062,,0,0,0,,0,0,,0
1393,365,Scan: 503012 Run: DIA12_CV486075:20251228_A2_N1_Mueller_MS_TechHub_IMP_THIDDIAXL003_Cas9_PhoX_DIA12_CV486075_250ng_FAIMS_001 P1_VVDELVKVMGR P2_KSEETITPWNFEEVVDK 7 1;Scan: 1508298 Run: DIA12_CV486075:20251228_A2_N1_Mueller_MS_TechHub_IMP_THIDDIAXL003_Cas9_PhoX_DIA12_CV486075_250ng_FAIMS_003 P1_VVDELVKVMGR P2_KSEETITPWNFEEVVDK 7 1,Q99ZW2,null,,false,Q99ZW2,null,,false,468,749,,13.883272,false,true,false,false,2,1,Self,0,0.000921,0.001255,10.195554,8.946521,9.423158,,0,0,0,,0,0,,0
1392,433,Scan: 164278 Run: DIA12_CV486075:20251228_A2_N1_Mueller_MS_TechHub_IMP_THIDDIAXL003_Cas9_PhoX_DIA12_CV486075_250ng_FAIMS_001 P1_LKGSPEDNEQK P2_DDSIDNKVLTR 2 7;Scan: 164318 Run: DIA12_CV486075:20251228_A2_N1_Mueller_MS_TechHub_IMP_THIDDIAXL003_Cas9_PhoX_DIA12_CV486075_250ng_FAIMS_001 P1_LKGSPEDNEQK P2_DDSIDNKVLTR 2 7,Q99ZW2,null,,false,Q99ZW2,null,,false,855,1246,,13.877891,false,true,false,false,2,1,Self,0,0.000921,0.001255,,,10.167617,,0,0,0,,0,0,,0
1391,1133,Scan: 92577 Run: DIA12_CV486075:20251228_A2_N1_Mueller_MS_TechHub_IMP_THIDDIAXL003_Cas9_PhoX_DIA12_CV486075_250ng_FAIMS_001 P1_NSDKLIAR P2_ENQTTQKGQK 4 7;Scan: 690048 Run: DIA12_CV486075:20251228_A2_N1_Mueller_MS_TechHub_IMP_THIDDIAXL003_Cas9_PhoX_DIA12_CV486075_250ng_FAIMS_002 P1_NSDKLIAR P2_ENQTTQKGQK 4 7,Q99ZW2,null,,false,Q99ZW2,null,,false,772,1118,,13.877328,false,true,false,false,2,1,Self,0,0.000921,0.001255,,9.806993,9.850568,,0,0,0,,0,0,,0
652,1461;869,Scan: 1449757 Run: DIA12_CV486075:20251228_A2_N1_Mueller_MS_TechHub_IMP_THIDDIAXL003_Cas9_PhoX_DIA12_CV486075_250ng_FAIMS_003 P1_YKEIFFDQSK P2_KDWDPK 2 1;Scan: 254910 Run: DIA12_CV486075:20251228_A2_N1_Mueller_MS_TechHub_IMP_THIDDIAXL003_Cas9_PhoX_DIA12_CV486075_250ng_FAIMS_001 P1_YKEIFFDQSK P2_KKDWDPK 2 2,Q99ZW2,null,,false,Q99ZW2,null,,false,1124,348,,13.874144,false,true,false,false,2,2,Self,0,0.000921,0.001255,9.974236,,9.643988,,0,0,0,,0,0,,0
1390,833,Scan: 716993 Run: DIA12_CV486075:20251228_A2_N1_Mueller_MS_TechHub_IMP_THIDDIAXL003_Cas9_PhoX_DIA12_CV486075_250ng_FAIMS_002 P1_SSFEKNPIDFLEAK P2_QSGKTILDFLK 5 4;Scan: 1314453 Run: DIA12_CV486075:20251228_A2_N1_Mueller_MS_TechHub_IMP_THIDDIAXL003_Cas9_PhoX_DIA12_CV486075_250ng_FAIMS_003 P1_SSFEKNPIDFLEAK P2_QSGKTILDFLK 5 4,Q99ZW2,null,,false,Q99ZW2,null,,false,677,1176,,13.867878,false,true,false,false,2,1,Self,0,0.000922,0.001259,9.979619,9.629395,9.621474,,0,0,0,,0,0,,0
1389,720,Scan: 794218 Run: DIA12_CV486075:20251228_A2_N1_Mueller_MS_TechHub_IMP_THIDDIAXL003_Cas9_PhoX_DIA12_CV486075_250ng_FAIMS_002 P1_YTSTKEVLDATLIHQSITGLYETR P2_NSDKLIAR 5 4;Scan: 196870 Run: DIA12_CV486075:20251228_A2_N1_Mueller_MS_TechHub_IMP_THIDDIAXL003_Cas9_PhoX_DIA12_CV486075_250ng_FAIMS_001 P1_YTSTKEVLDATLIHQSITGLYETR P2_NSDKLIAR 5 4,Q99ZW2,null,,false,Q99ZW2,null,,false,1118,1340,,13.865004,false,true,false,false,2,1,Self,0,0.000922,0.001259,,10.026148,9.576779,,0,0,0,,0,0,,0
1388,513,Scan: 1768589 Run: DIA12_CV486075:20251228_A2_N1_Mueller_MS_TechHub_IMP_THIDDIAXL003_Cas9_PhoX_DIA12_CV486075_250ng_FAIMS_003 P1_QITKHVAQILDSR P2_ELGSQILKEHPVENTQLQNEK 4 8;Scan: 1768511 Run: DIA12_CV486075:20251228_A2_N1_Mueller_MS_TechHub_IMP_THIDDIAXL003_Cas9_PhoX_DIA12_CV486075_250ng_FAIMS_003 P1_QITKHVAQILDSR P2_ELGSQILKEHPVENTQLQNEK 4 8,Q99ZW2,null,,false,Q99ZW2,null,,false,797,929,,13.863824,false,true,false,false,2,1,Self,0,0.000922,0.001259,10.109932,,,,0,0,0,,0,0,,0
1387,823,Scan: 708948 Run: DIA12_CV486075:20251228_A2_N1_Mueller_MS_TechHub_IMP_THIDDIAXL003_Cas9_PhoX_DIA12_CV486075_250ng_FAIMS_002 P1_SSFEKNPIDFLEAK P2_ESILPKR 5 6;Scan: 78935 Run: DIA12_CV486075:20251228_A2_N1_Mueller_MS_TechHub_IMP_THIDDIAXL003_Cas9_PhoX_DIA12_CV486075_250ng_FAIMS_001 P1_SSFEKNPIDFLEAK P2_ESILPKR 5 6,Q99ZW2,null,,false,Q99ZW2,null,,false,1113,1176,,13.863502,false,true,false,false,2,1,Self,0,0.000922,0.001259,9.010737,9.979574,9.623139,,0,0,0,,0,0,,0
1386,650,Scan: 872131 Run: DIA12_CV486075:20251228_A2_N1_Mueller_MS_TechHub_IMP_THIDDIAXL003_Cas9_PhoX_DIA12_CV486075_250ng_FAIMS_002 P1_NSDKLIAR P2_NGYAGYIDGGASQEEFYKFIKPILEK 4 18;Scan: 274929 Run: DIA12_CV486075:20251228_A2_N1_Mueller_MS_TechHub_IMP_THIDDIAXL003_Cas9_PhoX_DIA12_CV486075_250ng_FAIMS_001 P1_NSDKLIAR P2_NGYAGYIDGGASQEEFYKFIKPILEK 4 18,Q99ZW2,null,,false,Q99ZW2,null,,false,374,1118,,13.857511,false,true,false,false,2,1,Self,0,0.000922,0.001263,,10.047644,9.543347,,0,0,0,,0,0,,0
715,1359;955,Scan: 1558327 Run: DIA12_CV486075:20251228_A2_N1_Mueller_MS_TechHub_IMP_THIDDIAXL003_Cas9_PhoX_DIA12_CV486075_250ng_FAIMS_003 P1_VLPKHSLLYEYFTVYNELTK P2_IEKILTFR 4 3;Scan: 960870 Run: DIA12_CV486075:20251228_A2_N1_Mueller_MS_TechHub_IMP_THIDDIAXL003_Cas9_PhoX_DIA12_CV486075_250ng_FAIMS_002 P1_VLPKHSLLYEYFTVYNELTK P2_EKIEKILTFR 4 5,Q99ZW2,null,,false,Q99ZW2,null,,false,442,510,,13.851912,false,true,false,false,2,2,Self,0,0.000922,0.001264,9.904908,9.683401,,,0,0,0,,0,0,,0
1383,1080,Scan: 1339930 Run: DIA12_CV486075:20251228_A2_N1_Mueller_MS_TechHub_IMP_THIDDIAXL003_Cas9_PhoX_DIA12_CV486075_250ng_FAIMS_003 P1_LPKYSLFELENGR P2_LKGSPEDNEQK 3 2;Scan: 1356819 Run: DIA12_CV486075:20251228_A2_N1_Mueller_MS_TechHub_IMP_THIDDIAXL003_Cas9_PhoX_DIA12_CV486075_250ng_FAIMS_003 P1_LPKYSLFELENGR P2_LKGSPEDNEQK 3 2,Q99ZW2,null,,false,Q99ZW2,null,,false,1246,1200,,13.847695,false,true,false,false,2,1,Self,0,0.000922,0.001266,9.836726,,,,0,0,0,,0,0,,0
516,1519;658,Scan: 41582 Run: DIA12_CV486075:20251228_A2_N1_Mueller_MS_TechHub_IMP_THIDDIAXL003_Cas9_PhoX_DIA12_CV486075_250ng_FAIMS_001 P1_KTEVQTGGFSK P2_KFDNLTK 1 1;Scan: 1158329 Run: DIA12_CV486075:20251228_A2_N1_Mueller_MS_TechHub_IMP_THIDDIAXL003_Cas9_PhoX_DIA12_CV486075_250ng_FAIMS_002 P1_KTEVQTGGFSK P2_KFDNLTKAER 1 1,Q99ZW2,null,,false,Q99ZW2,null,,false,896,1097,,13.84392,false,true,false,false,2,2,Self,0,0.000923,0.001266,,9.545357,10.026977,,0,0,0,,0,0,,0
1380,289,Scan: 784223 Run: DIA12_CV486075:20251228_A2_N1_Mueller_MS_TechHub_IMP_THIDDIAXL003_Cas9_PhoX_DIA12_CV486075_250ng_FAIMS_002 P1_VLSAYNKHR P2_NSDKLIAR 7 4;Scan: 684397 Run: DIA12_CV486075:20251228_A2_N1_Mueller_MS_TechHub_IMP_THIDDIAXL003_Cas9_PhoX_DIA12_CV486075_250ng_FAIMS_002 P1_VLSAYNKHR P2_NSDKLIAR 7 4,Q99ZW2,null,,false,Q99ZW2,null,,false,1118,1296,,13.83943,false,true,false,false,2,1,Self,0,0.000923,0.001269,,10.164245,,,0,0,0,,0,0,,0
1378,1026,Scan: 823062 Run: DIA12_CV486075:20251228_A2_N1_Mueller_MS_TechHub_IMP_THIDDIAXL003_Cas9_PhoX_DIA12_CV486075_250ng_FAIMS_002 P1_SNFDLAEDAKLQLSK P2_KDWDPK 10 1;Scan: 1420522 Run: DIA12_CV486075:20251228_A2_N1_Mueller_MS_TechHub_IMP_THIDDIAXL003_Cas9_PhoX_DIA12_CV486075_250ng_FAIMS_003 P1_SNFDLAEDAKLQLSK P2_KDWDPK 10 1,Q99ZW2,null,,false,Q99ZW2,null,,false,1124,263,,13.831226,false,true,false,false,2,1,Self,0,0.000923,0.001269,9.845153,9.714719,,,0,0,0,,0,0,,0
1377,799,Scan: 1359283 Run: DIA12_CV486075:20251228_A2_N1_Mueller_MS_TechHub_IMP_THIDDIAXL003_Cas9_PhoX_DIA12_CV486075_250ng_FAIMS_003 P1_LKGSPEDNEQK P2_GKSDNVPSEEVVK 2 2;Scan: 545150 Run: DIA12_CV486075:20251228_A2_N1_Mueller_MS_TechHub_IMP_THIDDIAXL003_Cas9_PhoX_DIA12_CV486075_250ng_FAIMS_001 P1_LKGSPEDNEQK P2_GKSDNVPSEEVVK 2 2,Q99ZW2,null,,false,Q99ZW2,null,,false,866,1246,,13.830521,false,true,false,false,2,1,Self,0,0.000923,0.001269,9.612948,,9.943568,,0,0,0,,0,0,,0
1376,1061,Scan: 1037912 Run: DIA12_CV486075:20251228_A2_N1_Mueller_MS_TechHub_IMP_THIDDIAXL003_Cas9_PhoX_DIA12_CV486075_250ng_FAIMS_002 P1_QSGKTILDFLK P2_KDFQFYK 4 1;Scan: 1635369 Run: DIA12_CV486075:20251228_A2_N1_Mueller_MS_TechHub_IMP_THIDDIAXL003_Cas9_PhoX_DIA12_CV486075_250ng_FAIMS_003 P1_QSGKTILDFLK P2_KDFQFYK 4 1,Q99ZW2,null,,false,Q99ZW2,null,,false,968,677,,13.823366,false,true,false,false,2,1,Self,0,0.000923,0.001272,9.815761,9.733257,,,0,0,0,,0,0,,0
1374,694,Scan: 603542 Run: DIA12_CV486075:20251228_A2_N1_Mueller_MS_TechHub_IMP_THIDDIAXL003_Cas9_PhoX_DIA12_CV486075_250ng_FAIMS_002 P1_LESEFVYGDYKVYDVR P2_KMIAK 11 1;Scan: 603461 Run: DIA12_CV486075:20251228_A2_N1_Mueller_MS_TechHub_IMP_THIDDIAXL003_Cas9_PhoX_DIA12_CV486075_250ng_FAIMS_002 P1_LESEFVYGDYKVYDVR P2_KMIAK 11 1,Q99ZW2,null,,false,Q99ZW2,null,,false,1020,1014,,13.81566,false,true,false,false,2,1,Self,0,0.000924,0.001274,,9.97256,9.322345,,0,0,0,,0,0,,0
1373,956,Scan: 887734 Run: DIA12_CV486075:20251228_A2_N1_Mueller_MS_TechHub_IMP_THIDDIAXL003_Cas9_PhoX_DIA12_CV486075_250ng_FAIMS_002 P1_FKVLGNTDR P2_EKIEKILTFR 2 2;Scan: 243262 Run: DIA12_CV486075:20251228_A2_N1_Mueller_MS_TechHub_IMP_THIDDIAXL003_Cas9_PhoX_DIA12_CV486075_250ng_FAIMS_001 P1_FKVLGNTDR P2_EKIEKILTFR 2 2,Q99ZW2,null,,false,Q99ZW2,null,,false,439,33,,13.812925,false,true,false,false,2,1,Self,0,0.000924,0.001274,,9.683489,9.850226,,0,0,0,,0,0,,0
1372,1094,Scan: 301288 Run: DIA12_CV486075:20251228_A2_N1_Mueller_MS_TechHub_IMP_THIDDIAXL003_Cas9_PhoX_DIA12_CV486075_250ng_FAIMS_001 P1_KSEETITPWNFEEVVDK P2_KKDWDPK 1 1;Scan: 1496199 Run: DIA12_CV486075:20251228_A2_N1_Mueller_MS_TechHub_IMP_THIDDIAXL003_Cas9_PhoX_DIA12_CV486075_250ng_FAIMS_003 P1_KSEETITPWNFEEVVDK P2_KKDWDPK 1 1,Q99ZW2,null,,false,Q99ZW2,null,,false,1123,468,,13.804483,false,true,false,false,2,1,Self,0,0.000924,0.001274,9.756582,,9.765903,,0,0,0,,0,0,,0
1370,697,Scan: 1742750 Run: DIA12_CV486075:20251228_A2_N1_Mueller_MS_TechHub_IMP_THIDDIAXL003_Cas9_PhoX_DIA12_CV486075_250ng_FAIMS_003 P1_GQKNSR P2_GKSDNVPSEEVVK 3 2;Scan: 547903 Run: DIA12_CV486075:20251228_A2_N1_Mueller_MS_TechHub_IMP_THIDDIAXL003_Cas9_PhoX_DIA12_CV486075_250ng_FAIMS_001 P1_GQKNSR P2_GKSDNVPSEEVVK 3 2,Q99ZW2,null,,false,Q99ZW2,null,,false,866,775,,13.798474,false,true,false,false,2,1,Self,0,0.000924,0.001277,9.945406,9.4449,9.564872,,0,0,0,,0,0,,0
1369,1092,Scan: 955667 Run: DIA12_CV486075:20251228_A2_N1_Mueller_MS_TechHub_IMP_THIDDIAXL003_Cas9_PhoX_DIA12_CV486075_250ng_FAIMS_002 P1_MTNFDKNLPNEK P2_KLINGIR 6 1;Scan: 1624971 Run: DIA12_CV486075:20251228_A2_N1_Mueller_MS_TechHub_IMP_THIDDIAXL003_Cas9_PhoX_DIA12_CV486075_250ng_FAIMS_003 P1_MTNFDKNLPNEK P2_KLINGIR 6 1,Q99ZW2,null,,false,Q99ZW2,null,,false,665,500,,13.79712,false,true,false,false,2,1,Self,0,0.000924,0.001279,9.755906,9.756169,9.628658,,0,0,0,,0,0,,0
1367,852,Scan: 1358899 Run: DIA12_CV486075:20251228_A2_N1_Mueller_MS_TechHub_IMP_THIDDIAXL003_Cas9_PhoX_DIA12_CV486075_250ng_FAIMS_003 P1_LKGSPEDNEQK P2_EHPVENTQLQNEKLYLYYLQNGR 2 13;Scan: 1358945 Run: DIA12_CV486075:20251228_A2_N1_Mueller_MS_TechHub_IMP_THIDDIAXL003_Cas9_PhoX_DIA12_CV486075_250ng_FAIMS_003 P1_LKGSPEDNEQK P2_EHPVENTQLQNEKLYLYYLQNGR 2 13,Q99ZW2,null,,false,Q99ZW2,null,,false,810,1246,,13.791865,false,true,false,false,2,1,Self,0,0.000924,0.001279,9.867583,9.684864,,,0,0,0,,0,0,,0
1366,944,Scan: 859163 Run: DIA12_CV486075:20251228_A2_N1_Mueller_MS_TechHub_IMP_THIDDIAXL003_Cas9_PhoX_DIA12_CV486075_250ng_FAIMS_002 P1_YKEIFFDQSK P2_KDFQFYK 2 1;Scan: 1456616 Run: DIA12_CV486075:20251228_A2_N1_Mueller_MS_TechHub_IMP_THIDDIAXL003_Cas9_PhoX_DIA12_CV486075_250ng_FAIMS_003 P1_YKEIFFDQSK P2_KDFQFYK 2 1,Q99ZW2,null,,false,Q99ZW2,null,,false,968,348,,13.791702,false,true,false,false,2,1,Self,0,0.000924,0.001279,9.677401,9.826442,,,0,0,0,,0,0,,0
1365,996,Scan: 495281 Run: DIA12_CV486075:20251228_A2_N1_Mueller_MS_TechHub_IMP_THIDDIAXL003_Cas9_PhoX_DIA12_CV486075_250ng_FAIMS_001 P1_GILQTVKVVDELVK P2_DKQSGK 7 2;Scan: 1690189 Run: DIA12_CV486075:20251228_A2_N1_Mueller_MS_TechHub_IMP_THIDDIAXL003_Cas9_PhoX_DIA12_CV486075_250ng_FAIMS_003 P1_GILQTVKVVDELVK P2_DKQSGK 7 2,Q99ZW2,null,,false,Q99ZW2,null,,false,673,742,,13.791614,false,true,false,false,2,1,Self,0,0.000924,0.001279,9.802552,,9.701474,,0,0,0,,0,0,,0
1364,1062,Scan: 1436658 Run: DIA12_CV486075:20251228_A2_N1_Mueller_MS_TechHub_IMP_THIDDIAXL003_Cas9_PhoX_DIA12_CV486075_250ng_FAIMS_003 P1_KKDWDPK P2_FKVLGNTDR 1 2;Scan: 839214 Run: DIA12_CV486075:20251228_A2_N1_Mueller_MS_TechHub_IMP_THIDDIAXL003_Cas9_PhoX_DIA12_CV486075_250ng_FAIMS_002 P1_KKDWDPK P2_FKVLGNTDR 1 2,Q99ZW2,null,,false,Q99ZW2,null,,false,33,1123,,13.789495,false,true,false,false,2,1,Self,0,0.000925,0.00128,9.767883,9.733378,,,0,0,0,,0,0,,0
1361,866,Scan: 857884 Run: DIA12_CV486075:20251228_A2_N1_Mueller_MS_TechHub_IMP_THIDDIAXL003_Cas9_PhoX_DIA12_CV486075_250ng_FAIMS_002 P1_YKEIFFDQSK P2_DKQSGK 2 2;Scan: 1455346 Run: DIA12_CV486075:20251228_A2_N1_Mueller_MS_TechHub_IMP_THIDDIAXL003_Cas9_PhoX_DIA12_CV486075_250ng_FAIMS_003 P1_YKEIFFDQSK P2_DKQSGK 2 2,Q99ZW2,null,,false,Q99ZW2,null,,false,673,348,,13.78813,false,true,false,false,2,1,Self,0,0.000925,0.001282,9.64368,9.85454,,,0,0,0,,0,0,,0
1360,909,Scan: 103650 Run: DIA12_CV486075:20251228_A2_N1_Mueller_MS_TechHub_IMP_THIDDIAXL003_Cas9_PhoX_DIA12_CV486075_250ng_FAIMS_001 P1_KYGGFDSPTVAYSVLVVAK P2_ESILPKR 1 6;Scan: 701122 Run: DIA12_CV486075:20251228_A2_N1_Mueller_MS_TechHub_IMP_THIDDIAXL003_Cas9_PhoX_DIA12_CV486075_250ng_FAIMS_002 P1_KYGGFDSPTVAYSVLVVAK P2_ESILPKR 1 6,Q99ZW2,null,,false,Q99ZW2,null,,false,1113,1130,,13.784427,false,true,false,false,2,1,Self,0,0.000925,0.001282,9.242412,9.663138,9.830269,,0,0,0,,0,0,,0
1359,985,Scan: 1709743 Run: DIA12_CV486075:20251228_A2_N1_Mueller_MS_TechHub_IMP_THIDDIAXL003_Cas9_PhoX_DIA12_CV486075_250ng_FAIMS_003 P1_YKEIFFDQSK P2_IEEGIKELGSQILK 2 6;Scan: 514833 Run: DIA12_CV486075:20251228_A2_N1_Mueller_MS_TechHub_IMP_THIDDIAXL003_Cas9_PhoX_DIA12_CV486075_250ng_FAIMS_001 P1_YKEIFFDQSK P2_IEEGIKELGSQILK 2 6,Q99ZW2,null,,false,Q99ZW2,null,,false,789,348,,13.782316,false,true,false,false,2,1,Self,0,0.000925,0.001284,9.695961,,9.794926,,0,0,0,,0,0,,0
1358,755,Scan: 1139496 Run: DIA12_CV486075:20251228_A2_N1_Mueller_MS_TechHub_IMP_THIDDIAXL003_Cas9_PhoX_DIA12_CV486075_250ng_FAIMS_002 P1_GQKNSR P2_DDSIDNKVLTR 3 7;Scan: 513108 Run: DIA12_CV486075:20251228_A2_N1_Mueller_MS_TechHub_IMP_THIDDIAXL003_Cas9_PhoX_DIA12_CV486075_250ng_FAIMS_001 P1_GQKNSR P2_DDSIDNKVLTR 3 7,Q99ZW2,null,,false,Q99ZW2,null,,false,855,775,,13.779795,false,true,false,false,2,1,Self,0,0.000925,0.001285,,9.894523,9.590682,,0,0,0,,0,0,,0
631,1278;834,Scan: 713650 Run: DIA12_CV486075:20251228_A2_N1_Mueller_MS_TechHub_IMP_THIDDIAXL003_Cas9_PhoX_DIA12_CV486075_250ng_FAIMS_002 P1_SSFEKNPIDFLEAK P2_RQEDFYPFLKDNR 5 10;Scan: 288144 Run: DIA12_CV486075:20251228_A2_N1_Mueller_MS_TechHub_IMP_THIDDIAXL003_Cas9_PhoX_DIA12_CV486075_250ng_FAIMS_001 P1_SSFEKNPIDFLEAK P2_QEDFYPFLKDNR 5 9,Q99ZW2,null,,false,Q99ZW2,null,,false,434,1176,,13.777527,false,true,false,false,2,2,Self,0,0.000925,0.001285,,9.853455,9.629625,,0,0,0,,0,0,,0
1356,790,Scan: 1739609 Run: DIA12_CV486075:20251228_A2_N1_Mueller_MS_TechHub_IMP_THIDDIAXL003_Cas9_PhoX_DIA12_CV486075_250ng_FAIMS_003 P1_NSDKLIAR P2_GKSDNVPSEEVVK 4 2;Scan: 1739650 Run: DIA12_CV486075:20251228_A2_N1_Mueller_MS_TechHub_IMP_THIDDIAXL003_Cas9_PhoX_DIA12_CV486075_250ng_FAIMS_003 P1_NSDKLIAR P2_GKSDNVPSEEVVK 4 2,Q99ZW2,null,,false,Q99ZW2,null,,false,866,1118,,13.77598,false,true,false,false,2,1,Self,0,0.000925,0.001287,9.873837,,,,0,0,0,,0,0,,0
1354,521,Scan: 1582258 Run: DIA12_CV486075:20251228_A2_N1_Mueller_MS_TechHub_IMP_THIDDIAXL003_Cas9_PhoX_DIA12_CV486075_250ng_FAIMS_003 P1_QSGKTILDFLK P2_KPAFLSGEQK 4 1;Scan: 984781 Run: DIA12_CV486075:20251228_A2_N1_Mueller_MS_TechHub_IMP_THIDDIAXL003_Cas9_PhoX_DIA12_CV486075_250ng_FAIMS_002 P1_QSGKTILDFLK P2_KPAFLSGEQK 4 1,Q99ZW2,null,,false,Q99ZW2,null,,false,536,677,,13.770709,false,true,false,false,2,1,Self,0,0.000925,0.001289,9.489087,9.979462,,,0,0,0,,0,0,,0
675,1198;897,Scan: 1196241 Run: DIA12_CV486075:20251228_A2_N1_Mueller_MS_TechHub_IMP_THIDDIAXL003_Cas9_PhoX_DIA12_CV486075_250ng_FAIMS_003 P1_YPKLESEFVYGDYK P2_SKLVSDFR 3 2;Scan: 1782500 Run: DIA12_CV486075:20251228_A2_N1_Mueller_MS_TechHub_IMP_THIDDIAXL003_Cas9_PhoX_DIA12_CV486075_250ng_FAIMS_003 P1_SKLVSDFR P2_KYPKLESEFVYGDYK 2 4,Q99ZW2,null,,false,Q99ZW2,null,,false,1003,961,,13.766456,false,true,false,false,2,2,Self,0,0.000925,0.001289,9.809644,,,,0,0,0,,0,0,,0
338,1502;422,Scan: 1535743 Run: DIA12_CV486075:20251228_A2_N1_Mueller_MS_TechHub_IMP_THIDDIAXL003_Cas9_PhoX_DIA12_CV486075_250ng_FAIMS_003 P1_TEVQTGGFSKESILPK P2_SEETITPWNFEEVVDKGASAQSFIER 10 16;Scan: 340821 Run: DIA12_CV486075:20251228_A2_N1_Mueller_MS_TechHub_IMP_THIDDIAXL003_Cas9_PhoX_DIA12_CV486075_250ng_FAIMS_001 P1_TEVQTGGFSKESILPK P2_KSEETITPWNFEEVVDKGASAQSFIER 10 17,Q99ZW2,null,,false,Q99ZW2,null,,false,484,1107,,13.764367,false,true,false,false,2,2,Self,0,0.000925,0.00129,10.015265,,9.442048,,0,0,0,,0,0,,0
1351,393,Scan: 1501325 Run: DIA12_CV486075:20251228_A2_N1_Mueller_MS_TechHub_IMP_THIDDIAXL003_Cas9_PhoX_DIA12_CV486075_250ng_FAIMS_003 P1_KSEETITPWNFEEVVDK P2_EKIEKILTFR 1 2;Scan: 1501263 Run: DIA12_CV486075:20251228_A2_N1_Mueller_MS_TechHub_IMP_THIDDIAXL003_Cas9_PhoX_DIA12_CV486075_250ng_FAIMS_003 P1_KSEETITPWNFEEVVDK P2_EKIEKILTFR 1 2,Q99ZW2,null,,false,Q99ZW2,null,,false,439,468,,13.762812,false,true,false,false,2,1,Self,0,0.000925,0.001292,10.023817,,,,0,0,0,,0,0,,0
1349,1021,Scan: 1393498 Run: DIA12_CV486075:20251228_A2_N1_Mueller_MS_TechHub_IMP_THIDDIAXL003_Cas9_PhoX_DIA12_CV486075_250ng_FAIMS_003 P1_YTSTKEVLDATLIHQSITGLYETR P2_FKVLGNTDR 5 2;Scan: 1393569 Run: DIA12_CV486075:20251228_A2_N1_Mueller_MS_TechHub_IMP_THIDDIAXL003_Cas9_PhoX_DIA12_CV486075_250ng_FAIMS_003 P1_YTSTKEVLDATLIHQSITGLYETR P2_FKVLGNTDR 5 2,Q99ZW2,null,,false,Q99ZW2,null,,false,33,1340,,13.745373,false,true,false,false,2,1,Self,0,0.000926,0.001295,9.724924,,,,0,0,0,,0,0,,0
1348,696,Scan: 1114439 Run: DIA12_CV486075:20251228_A2_N1_Mueller_MS_TechHub_IMP_THIDDIAXL003_Cas9_PhoX_DIA12_CV486075_250ng_FAIMS_002 P1_SKLVSDFR P2_IEEGIKELGSQILK 2 6;Scan: 589651 Run: DIA12_CV486075:20251228_A2_N1_Mueller_MS_TechHub_IMP_THIDDIAXL003_Cas9_PhoX_DIA12_CV486075_250ng_FAIMS_001 P1_SKLVSDFR P2_IEEGIKELGSQILK 2 6,Q99ZW2,null,,false,Q99ZW2,null,,false,789,961,,13.744733,false,true,false,false,2,1,Self,0,0.000926,0.001295,,9.562479,9.873027,,0,0,0,,0,0,,0
1346,557,Scan: 1108384 Run: DIA12_CV486075:20251228_A2_N1_Mueller_MS_TechHub_IMP_THIDDIAXL003_Cas9_PhoX_DIA12_CV486075_250ng_FAIMS_002 P1_KDFQFYK P2_ENQTTQKGQK 1 7;Scan: 594461 Run: DIA12_CV486075:20251228_A2_N1_Mueller_MS_TechHub_IMP_THIDDIAXL003_Cas9_PhoX_DIA12_CV486075_250ng_FAIMS_001 P1_KDFQFYK P2_ENQTTQKGQK 1 7,Q99ZW2,null,,false,Q99ZW2,null,,false,772,968,,13.724278,false,true,false,false,2,1,Self,0,0.000927,0.001295,,9.9012,9.503791,,0,0,0,,0,0,,0
1344,82,Scan: 958147 Run: DIA12_CV486075:20251228_A2_N1_Mueller_MS_TechHub_IMP_THIDDIAXL003_Cas9_PhoX_DIA12_CV486075_250ng_FAIMS_002 P1_NSDKLIAR P2_NLPNEKVLPK 4 6;Scan: 1284406 Run: DIA12_CV486075:20251228_A2_N1_Mueller_MS_TechHub_IMP_THIDDIAXL003_Cas9_PhoX_DIA12_CV486075_250ng_FAIMS_003 P1_NSDKLIAR P2_NLPNEKVLPK 4 6,Q99ZW2,null,,false,Q99ZW2,null,,false,506,1118,,13.71378,false,true,false,false,2,1,Self,0,0.000927,0.001295,9.332752,10.066295,,,0,0,0,,0,0,,0
1343,596,Scan: 1582974 Run: DIA12_CV486075:20251228_A2_N1_Mueller_MS_TechHub_IMP_THIDDIAXL003_Cas9_PhoX_DIA12_CV486075_250ng_FAIMS_003 P1_KPAFLSGEQK P2_ENQTTQKGQK 1 7;Scan: 1583010 Run: DIA12_CV486075:20251228_A2_N1_Mueller_MS_TechHub_IMP_THIDDIAXL003_Cas9_PhoX_DIA12_CV486075_250ng_FAIMS_003 P1_KPAFLSGEQK P2_ENQTTQKGQK 1 7,Q99ZW2,null,,false,Q99ZW2,null,,false,772,536,,13.71369,false,true,false,false,2,1,Self,0,0.000927,0.001295,9.870644,9.231654,,,0,0,0,,0,0,,0
93,1552;114,Scan: 976706 Run: DIA12_CV486075:20251228_A2_N1_Mueller_MS_TechHub_IMP_THIDDIAXL003_Cas9_PhoX_DIA12_CV486075_250ng_FAIMS_002 P1_KPAFLSGEQK P2_KDLIIK 1 1;Scan: 1331076 Run: DIA12_CV486075:20251228_A2_N1_Mueller_MS_TechHub_IMP_THIDDIAXL003_Cas9_PhoX_DIA12_CV486075_250ng_FAIMS_003 P1_KPAFLSGEQK P2_EVKKDLIIK 1 4,Q99ZW2,null,,false,Q99ZW2,null,,false,1192,536,,13.713593,false,true,false,false,2,2,Self,0,0.000927,0.001295,9.326365,10.053932,,,0,0,0,,0,0,,0
1342,506,Scan: 1742422 Run: DIA12_CV486075:20251228_A2_N1_Mueller_MS_TechHub_IMP_THIDDIAXL003_Cas9_PhoX_DIA12_CV486075_250ng_FAIMS_003 P1_KGILQTVK P2_GKSDNVPSEEVVK 1 2;Scan: 1742459 Run: DIA12_CV486075:20251228_A2_N1_Mueller_MS_TechHub_IMP_THIDDIAXL003_Cas9_PhoX_DIA12_CV486075_250ng_FAIMS_003 P1_KGILQTVK P2_GKSDNVPSEEVVK 1 2,Q99ZW2,null,,false,Q99ZW2,null,,false,866,735,,13.701768,false,true,false,false,2,1,Self,0,0.000928,0.0013,9.889148,,,,0,0,0,,0,0,,0
1341,816,Scan: 1186469 Run: DIA12_CV486075:20251228_A2_N1_Mueller_MS_TechHub_IMP_THIDDIAXL003_Cas9_PhoX_DIA12_CV486075_250ng_FAIMS_002 P1_SKLVSDFR P2_KLINGIR 2 1;Scan: 589011 Run: DIA12_CV486075:20251228_A2_N1_Mueller_MS_TechHub_IMP_THIDDIAXL003_Cas9_PhoX_DIA12_CV486075_250ng_FAIMS_001 P1_SKLVSDFR P2_KLINGIR 2 1,Q99ZW2,null,,false,Q99ZW2,null,,false,665,961,,13.697044,false,true,false,false,2,1,Self,0,0.000928,0.001304,,9.620023,9.750085,,0,0,0,,0,0,,0
1340,514,Scan: 430290 Run: DIA12_CV486075:20251228_A2_N1_Mueller_MS_TechHub_IMP_THIDDIAXL003_Cas9_PhoX_DIA12_CV486075_250ng_FAIMS_001 P1_NLPNEKVLPK P2_KLINGIR 6 1;Scan: 361071 Run: DIA12_CV486075:20251228_A2_N1_Mueller_MS_TechHub_IMP_THIDDIAXL003_Cas9_PhoX_DIA12_CV486075_250ng_FAIMS_001 P1_NLPNEKVLPK P2_KLINGIR 6 1,Q99ZW2,null,,false,Q99ZW2,null,,false,665,506,,13.680127,false,true,false,false,2,1,Self,0,0.000928,0.001305,,8.95446,9.856365,,0,0,0,,0,0,,0
1339,846,Scan: 632997 Run: DIA12_CV486075:20251228_A2_N1_Mueller_MS_TechHub_IMP_THIDDIAXL003_Cas9_PhoX_DIA12_CV486075_250ng_FAIMS_002 P1_SEQEIGKATAK P2_KTEVQTGGFSK 7 1;Scan: 35585 Run: DIA12_CV486075:20251228_A2_N1_Mueller_MS_TechHub_IMP_THIDDIAXL003_Cas9_PhoX_DIA12_CV486075_250ng_FAIMS_001 P1_SEQEIGKATAK P2_KTEVQTGGFSK 7 1,Q99ZW2,null,,false,Q99ZW2,null,,false,1097,1031,,13.679633,false,true,false,false,2,1,Self,0,0.000928,0.001305,,9.633217,9.712543,,0,0,0,,0,0,,0
1338,746,Scan: 589100 Run: DIA12_CV486075:20251228_A2_N1_Mueller_MS_TechHub_IMP_THIDDIAXL003_Cas9_PhoX_DIA12_CV486075_250ng_FAIMS_001 P1_SKLVSDFR P2_QSGKTILDFLK 2 4;Scan: 1186555 Run: DIA12_CV486075:20251228_A2_N1_Mueller_MS_TechHub_IMP_THIDDIAXL003_Cas9_PhoX_DIA12_CV486075_250ng_FAIMS_002 P1_SKLVSDFR P2_QSGKTILDFLK 2 4,Q99ZW2,null,,false,Q99ZW2,null,,false,677,961,,13.676038,false,true,false,false,2,1,Self,0,0.000929,0.001305,,9.752342,9.587796,,0,0,0,,0,0,,0
1335,831,Scan: 1583549 Run: DIA12_CV486075:20251228_A2_N1_Mueller_MS_TechHub_IMP_THIDDIAXL003_Cas9_PhoX_DIA12_CV486075_250ng_FAIMS_003 P1_KPAFLSGEQK P2_DDSIDNKVLTR 1 7;Scan: 1736318 Run: DIA12_CV486075:20251228_A2_N1_Mueller_MS_TechHub_IMP_THIDDIAXL003_Cas9_PhoX_DIA12_CV486075_250ng_FAIMS_003 P1_KPAFLSGEQK P2_DDSIDNKVLTR 1 7,Q99ZW2,null,,false,Q99ZW2,null,,false,855,536,,13.655771,false,true,false,false,2,1,Self,0,0.000929,0.001311,9.683971,9.188696,,,0,0,0,,0,0,,0
1332,767,Scan: 452835 Run: DIA12_CV486075:20251228_A2_N1_Mueller_MS_TechHub_IMP_THIDDIAXL003_Cas9_PhoX_DIA12_CV486075_250ng_FAIMS_001 P1_ESILPKR P2_EDIQKAQVSGQGDSLHEHIANLAGSPAIK 6 5;Scan: 452947 Run: DIA12_CV486075:20251228_A2_N1_Mueller_MS_TechHub_IMP_THIDDIAXL003_Cas9_PhoX_DIA12_CV486075_250ng_FAIMS_001 P1_ESILPKR P2_EDIQKAQVSGQGDSLHEHIANLAGSPAIK 6 5,Q99ZW2,null,,false,Q99ZW2,null,,false,710,1113,,13.65523,false,true,false,false,2,1,Self,0,0.000929,0.001311,,9.017831,9.714436,,0,0,0,,0,0,,0
1331,669,Scan: 1756288 Run: DIA12_CV486075:20251228_A2_N1_Mueller_MS_TechHub_IMP_THIDDIAXL003_Cas9_PhoX_DIA12_CV486075_250ng_FAIMS_003 P1_KFDNLTK P2_GKSDNVPSEEVVK 1 2;Scan: 1743989 Run: DIA12_CV486075:20251228_A2_N1_Mueller_MS_TechHub_IMP_THIDDIAXL003_Cas9_PhoX_DIA12_CV486075_250ng_FAIMS_003 P1_KFDNLTK P2_GKSDNVPSEEVVK 1 2,Q99ZW2,null,,false,Q99ZW2,null,,false,866,896,,13.649125,false,true,false,false,2,1,Self,0,0.00093,0.001312,9.752411,,,,0,0,0,,0,0,,0
1330,268,Scan: 1743163 Run: DIA12_CV486075:20251228_A2_N1_Mueller_MS_TechHub_IMP_THIDDIAXL003_Cas9_PhoX_DIA12_CV486075_250ng_FAIMS_003 P1_GKSDNVPSEEVVK P2_DDSIDNKVLTR 2 7;Scan: 1737266 Run: DIA12_CV486075:20251228_A2_N1_Mueller_MS_TechHub_IMP_THIDDIAXL003_Cas9_PhoX_DIA12_CV486075_250ng_FAIMS_003 P1_GKSDNVPSEEVVK P2_DDSIDNKVLTR 2 7,Q99ZW2,null,,false,Q99ZW2,null,,false,855,866,,13.647741,false,true,false,false,2,1,Self,0,0.00093,0.001312,9.910836,9.666312,,,0,0,0,,0,0,,0
1329,350,Scan: 894704 Run: DIA12_CV486075:20251228_A2_N1_Mueller_MS_TechHub_IMP_THIDDIAXL003_Cas9_PhoX_DIA12_CV486075_250ng_FAIMS_002 P1_KNLIGALLFDSGETAEATR P2_FKVLGNTDR 1 2;Scan: 297237 Run: DIA12_CV486075:20251228_A2_N1_Mueller_MS_TechHub_IMP_THIDDIAXL003_Cas9_PhoX_DIA12_CV486075_250ng_FAIMS_001 P1_KNLIGALLFDSGETAEATR P2_FKVLGNTDR 1 2,Q99ZW2,null,,false,Q99ZW2,null,,false,33,45,,13.646923,false,true,false,false,2,1,Self,0,0.00093,0.001312,,9.419573,9.874722,,0,0,0,,0,0,,0
1327,179,Scan: 1770268 Run: DIA12_CV486075:20251228_A2_N1_Mueller_MS_TechHub_IMP_THIDDIAXL003_Cas9_PhoX_DIA12_CV486075_250ng_FAIMS_003 P1_SKLVSDFR P2_QITKHVAQILDSR 2 4;Scan: 1187353 Run: DIA12_CV486075:20251228_A2_N1_Mueller_MS_TechHub_IMP_THIDDIAXL003_Cas9_PhoX_DIA12_CV486075_250ng_FAIMS_002 P1_SKLVSDFR P2_QITKHVAQILDSR 2 4,Q99ZW2,null,,false,Q99ZW2,null,,false,929,961,,13.645056,false,true,false,false,2,1,Self,0,0.00093,0.001314,9.349686,9.938355,,,0,0,0,,0,0,,0
1325,136,Scan: 1678926 Run: DIA12_CV486075:20251228_A2_N1_Mueller_MS_TechHub_IMP_THIDDIAXL003_Cas9_PhoX_DIA12_CV486075_250ng_FAIMS_003 P1_MTNFDKNLPNEK P2_KGILQTVK 6 1;Scan: 1081523 Run: DIA12_CV486075:20251228_A2_N1_Mueller_MS_TechHub_IMP_THIDDIAXL003_Cas9_PhoX_DIA12_CV486075_250ng_FAIMS_002 P1_MTNFDKNLPNEK P2_KGILQTVK 6 1,Q99ZW2,null,,false,Q99ZW2,null,,false,735,500,,13.636625,false,true,false,false,2,1,Self,0,0.00093,0.001321,9.943037,9.332393,,,0,0,0,,0,0,,0
534,1045;688,Scan: 1484795 Run: DIA12_CV486075:20251228_A2_N1_Mueller_MS_TechHub_IMP_THIDDIAXL003_Cas9_PhoX_DIA12_CV486075_250ng_FAIMS_003 P1_QEDFYPFLKDNR P2_KGILQTVK 9 1;Scan: 483935 Run: DIA12_CV486075:20251228_A2_N1_Mueller_MS_TechHub_IMP_THIDDIAXL003_Cas9_PhoX_DIA12_CV486075_250ng_FAIMS_001 P1_RQEDFYPFLKDNR P2_KGILQTVK 10 1,Q99ZW2,null,,false,Q99ZW2,null,,false,735,434,,13.636606,false,true,false,false,2,2,Self,0,0.00093,0.001321,9.725455,,9.558899,,0,0,0,,0,0,,0
1324,133,Scan: 1108752 Run: DIA12_CV486075:20251228_A2_N1_Mueller_MS_TechHub_IMP_THIDDIAXL003_Cas9_PhoX_DIA12_CV486075_250ng_FAIMS_002 P1_LKGSPEDNEQK P2_GQKNSR 2 3;Scan: 761231 Run: DIA12_CV486075:20251228_A2_N1_Mueller_MS_TechHub_IMP_THIDDIAXL003_Cas9_PhoX_DIA12_CV486075_250ng_FAIMS_002 P1_LKGSPEDNEQK P2_GQKNSR 2 3,Q99ZW2,null,,false,Q99ZW2,null,,false,775,1246,,13.636545,false,true,false,false,2,1,Self,0,0.00093,0.001321,,9.944095,,,0,0,0,,0,0,,0
1323,472,Scan: 544608 Run: DIA12_CV486075:20251228_A2_N1_Mueller_MS_TechHub_IMP_THIDDIAXL003_Cas9_PhoX_DIA12_CV486075_250ng_FAIMS_001 P1_KTEVQTGGFSK P2_GKSDNVPSEEVVK 1 2;Scan: 41369 Run: DIA12_CV486075:20251228_A2_N1_Mueller_MS_TechHub_IMP_THIDDIAXL003_Cas9_PhoX_DIA12_CV486075_250ng_FAIMS_001 P1_KTEVQTGGFSK P2_GKSDNVPSEEVVK 1 2,Q99ZW2,null,,false,Q99ZW2,null,,false,866,1097,,13.63568,false,true,false,false,2,1,Self,0,0.00093,0.001321,,,9.813743,,0,0,0,,0,0,,0
232,1318;293,Scan: 895366 Run: DIA12_CV486075:20251228_A2_N1_Mueller_MS_TechHub_IMP_THIDDIAXL003_Cas9_PhoX_DIA12_CV486075_250ng_FAIMS_002 P1_RQEDFYPFLKDNR P2_KNLIGALLFDSGETAEATR 10 1;Scan: 1492712 Run: DIA12_CV486075:20251228_A2_N1_Mueller_MS_TechHub_IMP_THIDDIAXL003_Cas9_PhoX_DIA12_CV486075_250ng_FAIMS_003 P1_QEDFYPFLKDNR P2_KNLIGALLFDSGETAEATR 9 1,Q99ZW2,null,,false,Q99ZW2,null,,false,45,434,,13.630818,false,true,false,false,2,2,Self,0,0.00093,0.001321,9.394962,9.875925,,,0,0,0,,0,0,,0
1321,395,Scan: 971438 Run: DIA12_CV486075:20251228_A2_N1_Mueller_MS_TechHub_IMP_THIDDIAXL003_Cas9_PhoX_DIA12_CV486075_250ng_FAIMS_002 P1_VKYVTEGMR P2_FKVLGNTDR 2 2;Scan: 1568860 Run: DIA12_CV486075:20251228_A2_N1_Mueller_MS_TechHub_IMP_THIDDIAXL003_Cas9_PhoX_DIA12_CV486075_250ng_FAIMS_003 P1_VKYVTEGMR P2_FKVLGNTDR 2 2,Q99ZW2,null,,false,Q99ZW2,null,,false,33,528,,13.626652,false,true,false,false,2,1,Self,0,0.00093,0.001321,9.431505,9.835262,,,0,0,0,,0,0,,0
1318,73,Scan: 439630 Run: DIA12_CV486075:20251228_A2_N1_Mueller_MS_TechHub_IMP_THIDDIAXL003_Cas9_PhoX_DIA12_CV486075_250ng_FAIMS_001 P1_YKEIFFDQSK P2_QSGKTILDFLK 2 4;Scan: 260514 Run: DIA12_CV486075:20251228_A2_N1_Mueller_MS_TechHub_IMP_THIDDIAXL003_Cas9_PhoX_DIA12_CV486075_250ng_FAIMS_001 P1_YKEIFFDQSK P2_QSGKTILDFLK 2 4,Q99ZW2,null,,false,Q99ZW2,null,,false,677,348,,13.620489,false,true,false,false,2,1,Self,0,0.000931,0.001326,,,9.941084,,0,0,0,,0,0,,0
1317,279,Scan: 96067 Run: DIA12_CV486075:20251228_A2_N1_Mueller_MS_TechHub_IMP_THIDDIAXL003_Cas9_PhoX_DIA12_CV486075_250ng_FAIMS_001 P1_KKDWDPK P2_EDIQKAQVSGQGDSLHEHIANLAGSPAIK 1 5;Scan: 1648731 Run: DIA12_CV486075:20251228_A2_N1_Mueller_MS_TechHub_IMP_THIDDIAXL003_Cas9_PhoX_DIA12_CV486075_250ng_FAIMS_003 P1_KKDWDPK P2_EDIQKAQVSGQGDSLHEHIANLAGSPAIK 1 5,Q99ZW2,null,,false,Q99ZW2,null,,false,710,1123,,13.619258,false,true,false,false,2,1,Self,0,0.000931,0.001326,9.387918,,9.86667,,0,0,0,,0,0,,0
1316,773,Scan: 549641 Run: DIA12_CV486075:20251228_A2_N1_Mueller_MS_TechHub_IMP_THIDDIAXL003_Cas9_PhoX_DIA12_CV486075_250ng_FAIMS_001 P1_SKLVSDFR P2_GKSDNVPSEEVVK 2 2;Scan: 1784580 Run: DIA12_CV486075:20251228_A2_N1_Mueller_MS_TechHub_IMP_THIDDIAXL003_Cas9_PhoX_DIA12_CV486075_250ng_FAIMS_003 P1_SKLVSDFR P2_GKSDNVPSEEVVK 2 2,Q99ZW2,null,,false,Q99ZW2,null,,false,866,961,,13.6175,false,true,false,false,2,1,Self,0,0.000931,0.001326,9.599065,,9.658894,,0,0,0,,0,0,,0
1315,253,Scan: 586180 Run: DIA12_CV486075:20251228_A2_N1_Mueller_MS_TechHub_IMP_THIDDIAXL003_Cas9_PhoX_DIA12_CV486075_250ng_FAIMS_001 P1_YDENDKLIR P2_FKVLGNTDR 6 2;Scan: 586215 Run: DIA12_CV486075:20251228_A2_N1_Mueller_MS_TechHub_IMP_THIDDIAXL003_Cas9_PhoX_DIA12_CV486075_250ng_FAIMS_001 P1_YDENDKLIR P2_FKVLGNTDR 6 2,Q99ZW2,null,,false,Q99ZW2,null,,false,33,948,,13.613925,false,true,false,false,2,1,Self,0,0.000931,0.001326,,,9.871187,,0,0,0,,0,0,,0
1314,151,Scan: 1642944 Run: DIA12_CV486075:20251228_A2_N1_Mueller_MS_TechHub_IMP_THIDDIAXL003_Cas9_PhoX_DIA12_CV486075_250ng_FAIMS_003 P1_TILDFLKSDGFANR P2_KGILQTVK 7 1;Scan: 484529 Run: DIA12_CV486075:20251228_A2_N1_Mueller_MS_TechHub_IMP_THIDDIAXL003_Cas9_PhoX_DIA12_CV486075_250ng_FAIMS_001 P1_TILDFLKSDGFANR P2_KGILQTVK 7 1,Q99ZW2,null,,false,Q99ZW2,null,,false,735,684,,13.610869,false,true,false,false,2,1,Self,0,0.000931,0.001326,9.339547,,9.90094,,0,0,0,,0,0,,0
1312,377,Scan: 438889 Run: DIA12_CV486075:20251228_A2_N1_Mueller_MS_TechHub_IMP_THIDDIAXL003_Cas9_PhoX_DIA12_CV486075_250ng_FAIMS_001 P1_QSGKTILDFLK P2_NSDKLIAR 4 4;Scan: 1285943 Run: DIA12_CV486075:20251228_A2_N1_Mueller_MS_TechHub_IMP_THIDDIAXL003_Cas9_PhoX_DIA12_CV486075_250ng_FAIMS_003 P1_QSGKTILDFLK P2_NSDKLIAR 4 4,Q99ZW2,null,,false,Q99ZW2,null,,false,1118,677,,13.60201,false,true,false,false,2,1,Self,0,0.000931,0.001326,9.804955,,9.427488,,0,0,0,,0,0,,0
1311,678,Scan: 1769851 Run: DIA12_CV486075:20251228_A2_N1_Mueller_MS_TechHub_IMP_THIDDIAXL003_Cas9_PhoX_DIA12_CV486075_250ng_FAIMS_003 P1_QITKHVAQILDSR P2_EVKVITLK 4 3;Scan: 1769798 Run: DIA12_CV486075:20251228_A2_N1_Mueller_MS_TechHub_IMP_THIDDIAXL003_Cas9_PhoX_DIA12_CV486075_250ng_FAIMS_003 P1_QITKHVAQILDSR P2_EVKVITLK 4 3,Q99ZW2,null,,false,Q99ZW2,null,,false,954,929,,13.60137,false,true,false,false,2,1,Self,0,0.000931,0.001326,9.680317,,,,0,0,0,,0,0,,0
1309,800,Scan: 1783706 Run: DIA12_CV486075:20251228_A2_N1_Mueller_MS_TechHub_IMP_THIDDIAXL003_Cas9_PhoX_DIA12_CV486075_250ng_FAIMS_003 P1_SKLVSDFR P2_KPAFLSGEQK 2 1;Scan: 1783748 Run: DIA12_CV486075:20251228_A2_N1_Mueller_MS_TechHub_IMP_THIDDIAXL003_Cas9_PhoX_DIA12_CV486075_250ng_FAIMS_003 P1_SKLVSDFR P2_KPAFLSGEQK 2 1,Q99ZW2,null,,false,Q99ZW2,null,,false,536,961,,13.596691,false,true,false,false,2,1,Self,0,0.000931,0.001328,9.615479,,,,0,0,0,,0,0,,0
1306,784,Scan: 1699234 Run: DIA12_CV486075:20251228_A2_N1_Mueller_MS_TechHub_IMP_THIDDIAXL003_Cas9_PhoX_DIA12_CV486075_250ng_FAIMS_003 P1_VVDELVKVMGR P2_KLINGIR 7 1;Scan: 1101732 Run: DIA12_CV486075:20251228_A2_N1_Mueller_MS_TechHub_IMP_THIDDIAXL003_Cas9_PhoX_DIA12_CV486075_250ng_FAIMS_002 P1_VVDELVKVMGR P2_KLINGIR 7 1,Q99ZW2,null,,false,Q99ZW2,null,,false,665,749,,13.582244,false,true,false,false,2,1,Self,0,0.000932,0.001332,9.603527,9.604668,,,0,0,0,,0,0,,0
145,1246;184,Scan: 1763581 Run: DIA12_CV486075:20251228_A2_N1_Mueller_MS_TechHub_IMP_THIDDIAXL003_Cas9_PhoX_DIA12_CV486075_250ng_FAIMS_003 P1_KFDNLTK P2_GGLSELDKAGFIK 1 8;Scan: 568748 Run: DIA12_CV486075:20251228_A2_N1_Mueller_MS_TechHub_IMP_THIDDIAXL003_Cas9_PhoX_DIA12_CV486075_250ng_FAIMS_001 P1_KFDNLTKAER P2_GGLSELDKAGFIK 1 8,Q99ZW2,null,,false,Q99ZW2,null,,false,913,896,,13.574746,false,true,false,false,2,2,Self,0,0.000932,0.001332,9.838001,,9.452138,,0,0,0,,0,0,,0
1305,134,Scan: 1420439 Run: DIA12_CV486075:20251228_A2_N1_Mueller_MS_TechHub_IMP_THIDDIAXL003_Cas9_PhoX_DIA12_CV486075_250ng_FAIMS_003 P1_SNFDLAEDAKLQLSK P2_KKDWDPK 10 1;Scan: 1420361 Run: DIA12_CV486075:20251228_A2_N1_Mueller_MS_TechHub_IMP_THIDDIAXL003_Cas9_PhoX_DIA12_CV486075_250ng_FAIMS_003 P1_SNFDLAEDAKLQLSK P2_KKDWDPK 10 1,Q99ZW2,null,,false,Q99ZW2,null,,false,1123,263,,13.57461,false,true,false,false,2,1,Self,0,0.000932,0.001332,9.85842,,,,0,0,0,,0,0,,0
1304,204,Scan: 1619340 Run: DIA12_CV486075:20251228_A2_N1_Mueller_MS_TechHub_IMP_THIDDIAXL003_Cas9_PhoX_DIA12_CV486075_250ng_FAIMS_003 P1_LKTYAHLFDDK P2_FKVLGNTDR 2 2;Scan: 244652 Run: DIA12_CV486075:20251228_A2_N1_Mueller_MS_TechHub_IMP_THIDDIAXL003_Cas9_PhoX_DIA12_CV486075_250ng_FAIMS_001 P1_LKTYAHLFDDK P2_FKVLGNTDR 2 2,Q99ZW2,null,,false,Q99ZW2,null,,false,33,637,,13.565483,false,true,false,false,2,1,Self,0,0.000933,0.001335,9.820587,,9.358334,,0,0,0,,0,0,,0
1301,145,Scan: 985624 Run: DIA12_CV486075:20251228_A2_N1_Mueller_MS_TechHub_IMP_THIDDIAXL003_Cas9_PhoX_DIA12_CV486075_250ng_FAIMS_002 P1_KPAFLSGEQK P2_GQKNSR 1 3;Scan: 985646 Run: DIA12_CV486075:20251228_A2_N1_Mueller_MS_TechHub_IMP_THIDDIAXL003_Cas9_PhoX_DIA12_CV486075_250ng_FAIMS_002 P1_KPAFLSGEQK P2_GQKNSR 1 3,Q99ZW2,null,,false,Q99ZW2,null,,false,775,536,,13.557806,false,true,false,false,2,1,Self,0,0.000933,0.001339,,9.83127,,,0,0,0,,0,0,,0
1300,81,Scan: 1232469 Run: DIA12_CV486075:20251228_A2_N1_Mueller_MS_TechHub_IMP_THIDDIAXL003_Cas9_PhoX_DIA12_CV486075_250ng_FAIMS_003 P1_LKGSPEDNEQK P2_KTEVQTGGFSK 2 1;Scan: 1232497 Run: DIA12_CV486075:20251228_A2_N1_Mueller_MS_TechHub_IMP_THIDDIAXL003_Cas9_PhoX_DIA12_CV486075_250ng_FAIMS_003 P1_LKGSPEDNEQK P2_KTEVQTGGFSK 2 1,Q99ZW2,null,,false,Q99ZW2,null,,false,1097,1246,,13.557194,false,true,false,false,2,1,Self,0,0.000933,0.00134,9.85227,,,,0,0,0,,0,0,,0
541,778;699,Scan: 1190955 Run: DIA12_CV486075:20251228_A2_N1_Mueller_MS_TechHub_IMP_THIDDIAXL003_Cas9_PhoX_DIA12_CV486075_250ng_FAIMS_002 P1_LVSDFRKDFQFYK P2_GNELALPSKYVNFLYLASHYEK 7 9;Scan: 1352310 Run: DIA12_CV486075:20251228_A2_N1_Mueller_MS_TechHub_IMP_THIDDIAXL003_Cas9_PhoX_DIA12_CV486075_250ng_FAIMS_003 P1_KDFQFYK P2_GNELALPSKYVNFLYLASHYEK 1 9,Q99ZW2,null,,false,Q99ZW2,null,,false,1231,968,,13.552519,false,true,false,false,2,2,Self,0,0.000933,0.001342,9.566017,9.600108,,,0,0,0,,0,0,,0
1298,88,Scan: 163390 Run: DIA12_CV486075:20251228_A2_N1_Mueller_MS_TechHub_IMP_THIDDIAXL003_Cas9_PhoX_DIA12_CV486075_250ng_FAIMS_001 P1_LKGSPEDNEQK P2_KGILQTVK 2 1;Scan: 1080971 Run: DIA12_CV486075:20251228_A2_N1_Mueller_MS_TechHub_IMP_THIDDIAXL003_Cas9_PhoX_DIA12_CV486075_250ng_FAIMS_002 P1_LKGSPEDNEQK P2_KGILQTVK 2 1,Q99ZW2,null,,false,Q99ZW2,null,,false,735,1246,,13.55031,false,true,false,false,2,1,Self,0,0.000933,0.001342,,9.315641,9.84021,,0,0,0,,0,0,,0
1296,443,Scan: 1598312 Run: DIA12_CV486075:20251228_A2_N1_Mueller_MS_TechHub_IMP_THIDDIAXL003_Cas9_PhoX_DIA12_CV486075_250ng_FAIMS_003 P1_KVTVK P2_KPAFLSGEQKK 1 10;Scan: 1598327 Run: DIA12_CV486075:20251228_A2_N1_Mueller_MS_TechHub_IMP_THIDDIAXL003_Cas9_PhoX_DIA12_CV486075_250ng_FAIMS_003 P1_KVTVK P2_KPAFLSGEQKK 1 10,Q99ZW2,null,,false,Q99ZW2,null,,false,545,558,,13.533534,false,true,false,false,2,1,Self,0,0.000934,0.001346,9.687819,,,,0,0,0,,0,0,,0
336,974;420,Scan: 589589 Run: DIA12_CV486075:20251228_A2_N1_Mueller_MS_TechHub_IMP_THIDDIAXL003_Cas9_PhoX_DIA12_CV486075_250ng_FAIMS_001 P1_SKLVSDFR P2_GQKNSR 2 3;Scan: 1708575 Run: DIA12_CV486075:20251228_A2_N1_Mueller_MS_TechHub_IMP_THIDDIAXL003_Cas9_PhoX_DIA12_CV486075_250ng_FAIMS_003 P1_SKLVSDFRK P2_GQKNSR 2 3,Q99ZW2,null,,false,Q99ZW2,null,,false,775,961,,13.529713,false,true,false,false,2,2,Self,0,0.000934,0.00135,9.441323,,9.690951,,0,0,0,,0,0,,0
1294,72,Scan: 230755 Run: DIA12_CV486075:20251228_A2_N1_Mueller_MS_TechHub_IMP_THIDDIAXL003_Cas9_PhoX_DIA12_CV486075_250ng_FAIMS_001 P1_VNTEITKAPLSASMIK P2_FKVLGNTDR 7 2;Scan: 828153 Run: DIA12_CV486075:20251228_A2_N1_Mueller_MS_TechHub_IMP_THIDDIAXL003_Cas9_PhoX_DIA12_CV486075_250ng_FAIMS_002 P1_VNTEITKAPLSASMIK P2_FKVLGNTDR 7 2,Q99ZW2,null,,false,Q99ZW2,null,,false,33,314,,13.519884,false,true,false,false,2,1,Self,0,0.000934,0.001353,,9.310095,9.803539,,0,0,0,,0,0,,0
325,941;406,Scan: 1108274 Run: DIA12_CV486075:20251228_A2_N1_Mueller_MS_TechHub_IMP_THIDDIAXL003_Cas9_PhoX_DIA12_CV486075_250ng_FAIMS_002 P1_SKLVSDFR P2_ENQTTQKGQK 2 7;Scan: 589534 Run: DIA12_CV486075:20251228_A2_N1_Mueller_MS_TechHub_IMP_THIDDIAXL003_Cas9_PhoX_DIA12_CV486075_250ng_FAIMS_001 P1_SKLVSDFRK P2_ENQTTQKGQK 2 7,Q99ZW2,null,,false,Q99ZW2,null,,false,772,961,,13.514333,false,true,false,false,2,2,Self,0,0.000934,0.001357,9.479212,9.675929,9.434701,,0,0,0,,0,0,,0
1293,330,Scan: 1506181 Run: DIA12_CV486075:20251228_A2_N1_Mueller_MS_TechHub_IMP_THIDDIAXL003_Cas9_PhoX_DIA12_CV486075_250ng_FAIMS_003 P1_KSEETITPWNFEEVVDK P2_DKQSGK 1 2;Scan: 908806 Run: DIA12_CV486075:20251228_A2_N1_Mueller_MS_TechHub_IMP_THIDDIAXL003_Cas9_PhoX_DIA12_CV486075_250ng_FAIMS_002 P1_KSEETITPWNFEEVVDK P2_DKQSGK 1 2,Q99ZW2,null,,false,Q99ZW2,null,,false,673,468,,13.51302,false,true,false,false,2,1,Self,0,0.000934,0.001361,9.696076,9.41211,,,0,0,0,,0,0,,0
1291,353,Scan: 1446417 Run: DIA12_CV486075:20251228_A2_N1_Mueller_MS_TechHub_IMP_THIDDIAXL003_Cas9_PhoX_DIA12_CV486075_250ng_FAIMS_003 P1_YDEHHQDLTLLKALVR P2_QSGKTILDFLK 12 4;Scan: 1446366 Run: DIA12_CV486075:20251228_A2_N1_Mueller_MS_TechHub_IMP_THIDDIAXL003_Cas9_PhoX_DIA12_CV486075_250ng_FAIMS_003 P1_YDEHHQDLTLLKALVR P2_QSGKTILDFLK 12 4,Q99ZW2,null,,false,Q99ZW2,null,,false,677,336,,13.51008,false,true,false,false,2,1,Self,0,0.000935,0.001361,9.684242,,,,0,0,0,,0,0,,0
1290,229,Scan: 1172717 Run: DIA12_CV486075:20251228_A2_N1_Mueller_MS_TechHub_IMP_THIDDIAXL003_Cas9_PhoX_DIA12_CV486075_250ng_FAIMS_002 P1_VITLKSK P2_QITKHVAQILDSR 5 4;Scan: 1172778 Run: DIA12_CV486075:20251228_A2_N1_Mueller_MS_TechHub_IMP_THIDDIAXL003_Cas9_PhoX_DIA12_CV486075_250ng_FAIMS_002 P1_VITLKSK P2_QITKHVAQILDSR 5 4,Q99ZW2,null,,false,Q99ZW2,null,,false,929,959,,13.508577,false,true,false,false,2,1,Self,0,0.000935,0.001362,,9.735532,,,0,0,0,,0,0,,0
1289,398,Scan: 1754817 Run: DIA12_CV486075:20251228_A2_N1_Mueller_MS_TechHub_IMP_THIDDIAXL003_Cas9_PhoX_DIA12_CV486075_250ng_FAIMS_003 P1_QLLNAKLITQR P2_KGILQTVK 6 1;Scan: 559985 Run: DIA12_CV486075:20251228_A2_N1_Mueller_MS_TechHub_IMP_THIDDIAXL003_Cas9_PhoX_DIA12_CV486075_250ng_FAIMS_001 P1_QLLNAKLITQR P2_KGILQTVK 6 1,Q99ZW2,null,,false,Q99ZW2,null,,false,735,890,,13.506194,false,true,false,false,2,1,Self,0,0.000935,0.001362,9.666015,,9.43321,,0,0,0,,0,0,,0
244,981;307,Scan: 347489 Run: DIA12_CV486075:20251228_A2_N1_Mueller_MS_TechHub_IMP_THIDDIAXL003_Cas9_PhoX_DIA12_CV486075_250ng_FAIMS_001 P1_VKYVTEGMR P2_KSEETITPWNFEEVVDKGASAQSFIER 2 17;Scan: 944904 Run: DIA12_CV486075:20251228_A2_N1_Mueller_MS_TechHub_IMP_THIDDIAXL003_Cas9_PhoX_DIA12_CV486075_250ng_FAIMS_002 P1_VKYVTEGMR P2_SEETITPWNFEEVVDKGASAQSFIER 2 16,Q99ZW2,null,,false,Q99ZW2,null,,false,484,528,,13.503098,false,true,false,false,2,2,Self,0,0.000935,0.001366,9.116273,9.39931,9.694671,,0,0,0,,0,0,,0
1286,192,Scan: 512224 Run: DIA12_CV486075:20251228_A2_N1_Mueller_MS_TechHub_IMP_THIDDIAXL003_Cas9_PhoX_DIA12_CV486075_250ng_FAIMS_001 P1_YKEIFFDQSK P2_GQKNSR 2 3;Scan: 858296 Run: DIA12_CV486075:20251228_A2_N1_Mueller_MS_TechHub_IMP_THIDDIAXL003_Cas9_PhoX_DIA12_CV486075_250ng_FAIMS_002 P1_YKEIFFDQSK P2_GQKNSR 2 3,Q99ZW2,null,,false,Q99ZW2,null,,false,775,348,,13.492831,false,true,false,false,2,1,Self,0,0.000935,0.001374,,9.710999,9.722948,,0,0,0,,0,0,,0
214,980;271,Scan: 1224943 Run: DIA12_CV486075:20251228_A2_N1_Mueller_MS_TechHub_IMP_THIDDIAXL003_Cas9_PhoX_DIA12_CV486075_250ng_FAIMS_003 P1_RPLIETNGETGEIVWDKGR P2_KTEVQTGGFSK 17 1;Scan: 30138 Run: DIA12_CV486075:20251228_A2_N1_Mueller_MS_TechHub_IMP_THIDDIAXL003_Cas9_PhoX_DIA12_CV486075_250ng_FAIMS_001 P1_KTEVQTGGFSK P2_KRPLIETNGETGEIVWDKGR 1 18,Q99ZW2,null,,false,Q99ZW2,null,,false,1076,1097,,13.492722,false,true,false,false,2,2,Self,0,0.000935,0.001374,9.694594,,9.384476,,0,0,0,,0,0,,0
1283,383,Scan: 1203054 Run: DIA12_CV486075:20251228_A2_N1_Mueller_MS_TechHub_IMP_THIDDIAXL003_Cas9_PhoX_DIA12_CV486075_250ng_FAIMS_003 P1_LESEFVYGDYKVYDVR P2_EVKVITLK 11 3;Scan: 605588 Run: DIA12_CV486075:20251228_A2_N1_Mueller_MS_TechHub_IMP_THIDDIAXL003_Cas9_PhoX_DIA12_CV486075_250ng_FAIMS_002 P1_LESEFVYGDYKVYDVR P2_EVKVITLK 11 3,Q99ZW2,null,,false,Q99ZW2,null,,false,954,1014,,13.48203,false,true,false,false,2,1,Self,0,0.000936,0.001374,9.428635,9.636699,,,0,0,0,,0,0,,0
1282,448,Scan: 573519 Run: DIA12_CV486075:20251228_A2_N1_Mueller_MS_TechHub_IMP_THIDDIAXL003_Cas9_PhoX_DIA12_CV486075_250ng_FAIMS_001 P1_QITKHVAQILDSR P2_GQKNSR 4 3;Scan: 573535 Run: DIA12_CV486075:20251228_A2_N1_Mueller_MS_TechHub_IMP_THIDDIAXL003_Cas9_PhoX_DIA12_CV486075_250ng_FAIMS_001 P1_QITKHVAQILDSR P2_GQKNSR 4 3,Q99ZW2,null,,false,Q99ZW2,null,,false,775,929,,13.480853,false,true,false,false,2,1,Self,0,0.000936,0.001376,,,9.608314,,0,0,0,,0,0,,0
68,1068;85,Scan: 938640 Run: DIA12_CV486075:20251228_A2_N1_Mueller_MS_TechHub_IMP_THIDDIAXL003_Cas9_PhoX_DIA12_CV486075_250ng_FAIMS_002 P1_KSEETITPWNFEEVVDKGASAQSFIER P2_ESILPKR 17 6;Scan: 938574 Run: DIA12_CV486075:20251228_A2_N1_Mueller_MS_TechHub_IMP_THIDDIAXL003_Cas9_PhoX_DIA12_CV486075_250ng_FAIMS_002 P1_SEETITPWNFEEVVDKGASAQSFIER P2_ESILPKR 16 6,Q99ZW2,null,,false,Q99ZW2,null,,false,1113,484,,13.474554,false,true,false,false,2,2,Self,0,0.000936,0.001376,,9.736118,8.815987,,0,0,0,,0,0,,0
1280,32,Scan: 1157727 Run: DIA12_CV486075:20251228_A2_N1_Mueller_MS_TechHub_IMP_THIDDIAXL003_Cas9_PhoX_DIA12_CV486075_250ng_FAIMS_002 P1_QLLNAKLITQR P2_GQKNSR 6 3;Scan: 1110986 Run: DIA12_CV486075:20251228_A2_N1_Mueller_MS_TechHub_IMP_THIDDIAXL003_Cas9_PhoX_DIA12_CV486075_250ng_FAIMS_002 P1_QLLNAKLITQR P2_GQKNSR 6 3,Q99ZW2,null,,false,Q99ZW2,null,,false,775,890,,13.463808,false,true,false,false,2,1,Self,0,0.000936,0.001385,,9.739572,,,0,0,0,,0,0,,0
1278,278,Scan: 617975 Run: DIA12_CV486075:20251228_A2_N1_Mueller_MS_TechHub_IMP_THIDDIAXL003_Cas9_PhoX_DIA12_CV486075_250ng_FAIMS_002 P1_KRPLIETNGETGEIVWDK P2_KRPLIETNGETGEIVWDK 1 1;Scan: 617987 Run: DIA12_CV486075:20251228_A2_N1_Mueller_MS_TechHub_IMP_THIDDIAXL003_Cas9_PhoX_DIA12_CV486075_250ng_FAIMS_002 P1_KRPLIETNGETGEIVWDK P2_KRPLIETNGETGEIVWDK 1 1,Q99ZW2,null,,false,Q99ZW2,null,,false,1059,1059,,13.462863,false,true,false,false,2,1,Self,0,0.000936,0.001387,,9.650617,,,0,0,0,,0,0,,0
1277,489,Scan: 1230651 Run: DIA12_CV486075:20251228_A2_N1_Mueller_MS_TechHub_IMP_THIDDIAXL003_Cas9_PhoX_DIA12_CV486075_250ng_FAIMS_003 P1_KTEVQTGGFSK P2_KTEVQTGGFSK 1 1;Scan: 35803 Run: DIA12_CV486075:20251228_A2_N1_Mueller_MS_TechHub_IMP_THIDDIAXL003_Cas9_PhoX_DIA12_CV486075_250ng_FAIMS_001 P1_KTEVQTGGFSK P2_KTEVQTGGFSK 1 1,Q99ZW2,null,,false,Q99ZW2,null,,false,1097,1097,,13.459307,false,true,false,false,2,1,Self,0,0.000936,0.001389,9.557755,,9.476406,,0,0,0,,0,0.001608,,0
167,904;213,Scan: 1409435 Run: DIA12_CV486075:20251228_A2_N1_Mueller_MS_TechHub_IMP_THIDDIAXL003_Cas9_PhoX_DIA12_CV486075_250ng_FAIMS_003 P1_YKEIFFDQSK P2_LENLIAQLPGEKK 2 12;Scan: 1409475 Run: DIA12_CV486075:20251228_A2_N1_Mueller_MS_TechHub_IMP_THIDDIAXL003_Cas9_PhoX_DIA12_CV486075_250ng_FAIMS_003 P1_YKEIFFDQSK P2_RLENLIAQLPGEKK 2 13,Q99ZW2,null,,false,Q99ZW2,null,,false,233,348,,13.451925,false,true,false,false,2,2,Self,0,0.000937,0.001397,9.661255,,,,0,0,0,,0,0,,0
248,812;311,Scan: 1264598 Run: DIA12_CV486075:20251228_A2_N1_Mueller_MS_TechHub_IMP_THIDDIAXL003_Cas9_PhoX_DIA12_CV486075_250ng_FAIMS_003 P1_YKEIFFDQSK P2_TEVQTGGFSKESILPK 2 10;Scan: 1448986 Run: DIA12_CV486075:20251228_A2_N1_Mueller_MS_TechHub_IMP_THIDDIAXL003_Cas9_PhoX_DIA12_CV486075_250ng_FAIMS_003 P1_YKEIFFDQSK P2_KTEVQTGGFSKESILPK 2 11,Q99ZW2,null,,false,Q99ZW2,null,,false,1107,348,,13.450804,false,true,false,false,2,2,Self,0,0.000937,0.001399,9.619148,,,,0,0,0,,0,0,,0
1275,74,Scan: 1402458 Run: DIA12_CV486075:20251228_A2_N1_Mueller_MS_TechHub_IMP_THIDDIAXL003_Cas9_PhoX_DIA12_CV486075_250ng_FAIMS_003 P1_YKEIFFDQSK P2_LVDSTDKADLR 2 7;Scan: 853606 Run: DIA12_CV486075:20251228_A2_N1_Mueller_MS_TechHub_IMP_THIDDIAXL003_Cas9_PhoX_DIA12_CV486075_250ng_FAIMS_002 P1_YKEIFFDQSK P2_LVDSTDKADLR 2 7,Q99ZW2,null,,false,Q99ZW2,null,,false,148,348,,13.446266,false,true,false,false,2,1,Self,0,0.000937,0.001401,9.700804,9.572413,,,0,0,0,,0,0,,0
1274,346,Scan: 586721 Run: DIA12_CV486075:20251228_A2_N1_Mueller_MS_TechHub_IMP_THIDDIAXL003_Cas9_PhoX_DIA12_CV486075_250ng_FAIMS_001 P1_YDENDKLIR P2_KSEETITPWNFEEVVDK 6 1;Scan: 314140 Run: DIA12_CV486075:20251228_A2_N1_Mueller_MS_TechHub_IMP_THIDDIAXL003_Cas9_PhoX_DIA12_CV486075_250ng_FAIMS_001 P1_YDENDKLIR P2_KSEETITPWNFEEVVDK 6 1,Q99ZW2,null,,false,Q99ZW2,null,,false,468,948,,13.44122,false,true,false,false,2,1,Self,0,0.000937,0.001403,,9.121145,9.589748,,0,0,0,,0,0,,0
45,983;56,Scan: 886934 Run: DIA12_CV486075:20251228_A2_N1_Mueller_MS_TechHub_IMP_THIDDIAXL003_Cas9_PhoX_DIA12_CV486075_250ng_FAIMS_002 P1_QEDFYPFLKDNR P2_KAIVDLLFK 9 1;Scan: 886917 Run: DIA12_CV486075:20251228_A2_N1_Mueller_MS_TechHub_IMP_THIDDIAXL003_Cas9_PhoX_DIA12_CV486075_250ng_FAIMS_002 P1_RQEDFYPFLKDNR P2_KAIVDLLFK 10 1,Q99ZW2,null,,false,Q99ZW2,null,,false,546,434,,13.437948,false,true,false,false,2,2,Self,0,0.000937,0.001406,,9.695143,,,0,0,0,,0,0,,0
1269,418,Scan: 428000 Run: DIA12_CV486075:20251228_A2_N1_Mueller_MS_TechHub_IMP_THIDDIAXL003_Cas9_PhoX_DIA12_CV486075_250ng_FAIMS_001 P1_KLINGIR P2_ESILPKR 1 6;Scan: 676845 Run: DIA12_CV486075:20251228_A2_N1_Mueller_MS_TechHub_IMP_THIDDIAXL003_Cas9_PhoX_DIA12_CV486075_250ng_FAIMS_002 P1_KLINGIR P2_ESILPKR 1 6,Q99ZW2,null,,false,Q99ZW2,null,,false,1113,665,,13.413873,false,true,false,false,2,1,Self,0,0.000938,0.001427,,9.529307,9.440567,,0,0,0,,0,0.003058,,0
1267,13,Scan: 1572390 Run: DIA12_CV486075:20251228_A2_N1_Mueller_MS_TechHub_IMP_THIDDIAXL003_Cas9_PhoX_DIA12_CV486075_250ng_FAIMS_003 P1_KVLSMPQVNIVK P2_KPAFLSGEQK 1 1;Scan: 630362 Run: DIA12_CV486075:20251228_A2_N1_Mueller_MS_TechHub_IMP_THIDDIAXL003_Cas9_PhoX_DIA12_CV486075_250ng_FAIMS_002 P1_KVLSMPQVNIVK P2_KPAFLSGEQK 1 1,Q99ZW2,null,,false,Q99ZW2,null,,false,536,1085,,13.409856,false,true,false,false,2,1,Self,0,0.000938,0.001433,9.289681,9.670887,,,0,0,0,,0,0,,0
375,530;474,Scan: 216383 Run: DIA12_CV486075:20251228_A2_N1_Mueller_MS_TechHub_IMP_THIDDIAXL003_Cas9_PhoX_DIA12_CV486075_250ng_FAIMS_001 P1_RLENLIAQLPGEKK P2_GQKNSR 13 3;Scan: 1109266 Run: DIA12_CV486075:20251228_A2_N1_Mueller_MS_TechHub_IMP_THIDDIAXL003_Cas9_PhoX_DIA12_CV486075_250ng_FAIMS_002 P1_LENLIAQLPGEKK P2_GQKNSR 12 3,Q99ZW2,null,,false,Q99ZW2,null,,false,775,233,,13.408737,false,true,false,false,2,2,Self,0,0.000938,0.001433,,9.467723,9.495075,,0,0,0,,0.012153,0.010101,,0
1266,451,Scan: 1494449 Run: DIA12_CV486075:20251228_A2_N1_Mueller_MS_TechHub_IMP_THIDDIAXL003_Cas9_PhoX_DIA12_CV486075_250ng_FAIMS_003 P1_KVLSMPQVNIVK P2_KSEETITPWNFEEVVDK 1 1;Scan: 630187 Run: DIA12_CV486075:20251228_A2_N1_Mueller_MS_TechHub_IMP_THIDDIAXL003_Cas9_PhoX_DIA12_CV486075_250ng_FAIMS_002 P1_KVLSMPQVNIVK P2_KSEETITPWNFEEVVDK 1 1,Q99ZW2,null,,false,Q99ZW2,null,,false,468,1085,,13.408189,false,true,false,false,2,1,Self,0,0.000938,0.001433,9.502785,9.459208,,,0,0,0,,0,0.008059,,0
366,501;458,Scan: 1162236 Run: DIA12_CV486075:20251228_A2_N1_Mueller_MS_TechHub_IMP_THIDDIAXL003_Cas9_PhoX_DIA12_CV486075_250ng_FAIMS_002 P1_KPAFLSGEQK P2_KFDNLTKAER 1 7;Scan: 1759710 Run: DIA12_CV486075:20251228_A2_N1_Mueller_MS_TechHub_IMP_THIDDIAXL003_Cas9_PhoX_DIA12_CV486075_250ng_FAIMS_003 P1_KPAFLSGEQK P2_FDNLTKAER 1 6,Q99ZW2,null,,false,Q99ZW2,null,,false,902,536,,13.392915,false,true,false,false,2,2,Self,0,0.000939,0.001439,9.461342,9.479093,,,0,0,0,,0.012733,0.010578,,0
46,839;57,Scan: 588626 Run: DIA12_CV486075:20251228_A2_N1_Mueller_MS_TechHub_IMP_THIDDIAXL003_Cas9_PhoX_DIA12_CV486075_250ng_FAIMS_001 P1_SKLVSDFR P2_FIKPILEK 2 3;Scan: 276676 Run: DIA12_CV486075:20251228_A2_N1_Mueller_MS_TechHub_IMP_THIDDIAXL003_Cas9_PhoX_DIA12_CV486075_250ng_FAIMS_001 P1_SKLVSDFR P2_FIKPILEKMDGTEELLVK 2 3,Q99ZW2,null,,false,Q99ZW2,null,,false,377,961,,13.391526,false,true,false,false,2,2,Self,0,0.000939,0.001441,,,9.630476,,0,0,0,,0,0,,0
1264,165,Scan: 1605005 Run: DIA12_CV486075:20251228_A2_N1_Mueller_MS_TechHub_IMP_THIDDIAXL003_Cas9_PhoX_DIA12_CV486075_250ng_FAIMS_003 P1_SKLVSDFR P2_AIVDLLFKTNR 2 8;Scan: 410099 Run: DIA12_CV486075:20251228_A2_N1_Mueller_MS_TechHub_IMP_THIDDIAXL003_Cas9_PhoX_DIA12_CV486075_250ng_FAIMS_001 P1_SKLVSDFR P2_AIVDLLFKTNR 2 8,Q99ZW2,null,,false,Q99ZW2,null,,false,554,961,,13.385705,false,true,false,false,2,1,Self,0,0.000939,0.001443,9.344467,,9.58426,,0,0,0,,0,0,,0
152,713;194,Scan: 1265488 Run: DIA12_CV486075:20251228_A2_N1_Mueller_MS_TechHub_IMP_THIDDIAXL003_Cas9_PhoX_DIA12_CV486075_250ng_FAIMS_003 P1_MTNFDKNLPNEK P2_KTEVQTGGFSKESILPK 6 11;Scan: 1547642 Run: DIA12_CV486075:20251228_A2_N1_Mueller_MS_TechHub_IMP_THIDDIAXL003_Cas9_PhoX_DIA12_CV486075_250ng_FAIMS_003 P1_TEVQTGGFSKESILPK P2_MTNFDKNLPNEK 10 6,Q99ZW2,null,,false,Q99ZW2,null,,false,500,1107,,13.385605,false,true,false,false,2,2,Self,0,0.000939,0.001443,9.573162,,,,0,0,0,,0.001907,0.001608,,0
1263,370,Scan: 732777 Run: DIA12_CV486075:20251228_A2_N1_Mueller_MS_TechHub_IMP_THIDDIAXL003_Cas9_PhoX_DIA12_CV486075_250ng_FAIMS_002 P1_TEVQTGGFSKESILPK P2_KDLIIK 10 1;Scan: 67465 Run: DIA12_CV486075:20251228_A2_N1_Mueller_MS_TechHub_IMP_THIDDIAXL003_Cas9_PhoX_DIA12_CV486075_250ng_FAIMS_001 P1_TEVQTGGFSKESILPK P2_KDLIIK 10 1,Q99ZW2,null,,false,Q99ZW2,null,,false,1192,1107,,13.384746,false,true,false,false,2,1,Self,0,0.000939,0.001443,,9.503363,9.485068,,0,0,0,,0,0.008059,,0
1261,144,Scan: 255907 Run: DIA12_CV486075:20251228_A2_N1_Mueller_MS_TechHub_IMP_THIDDIAXL003_Cas9_PhoX_DIA12_CV486075_250ng_FAIMS_001 P1_YKEIFFDQSK P2_VLSAYNKHR 2 7;Scan: 255920 Run: DIA12_CV486075:20251228_A2_N1_Mueller_MS_TechHub_IMP_THIDDIAXL003_Cas9_PhoX_DIA12_CV486075_250ng_FAIMS_001 P1_YKEIFFDQSK P2_VLSAYNKHR 2 7,Q99ZW2,null,,false,Q99ZW2,null,,false,1296,348,,13.367849,false,true,false,false,2,1,Self,0,0.00094,0.001449,8.950268,,9.567733,,0,0,0,,0,0.001608,,0
1260,173,Scan: 1649574 Run: DIA12_CV486075:20251228_A2_N1_Mueller_MS_TechHub_IMP_THIDDIAXL003_Cas9_PhoX_DIA12_CV486075_250ng_FAIMS_003 P1_KDLIIK P2_EDIQKAQVSGQGDSLHEHIANLAGSPAIK 1 5;Scan: 1649615 Run: DIA12_CV486075:20251228_A2_N1_Mueller_MS_TechHub_IMP_THIDDIAXL003_Cas9_PhoX_DIA12_CV486075_250ng_FAIMS_003 P1_KDLIIK P2_EDIQKAQVSGQGDSLHEHIANLAGSPAIK 1 5,Q99ZW2,null,,false,Q99ZW2,null,,false,710,1192,,13.364812,false,true,false,false,2,1,Self,0,0.00094,0.001449,9.552067,,9.178698,,0,0,0,,0,0.002313,,0
1259,238,Scan: 1704632 Run: DIA12_CV486075:20251228_A2_N1_Mueller_MS_TechHub_IMP_THIDDIAXL003_Cas9_PhoX_DIA12_CV486075_250ng_FAIMS_003 P1_FKVLGNTDR P2_ENQTTQKGQK 2 7;Scan: 245328 Run: DIA12_CV486075:20251228_A2_N1_Mueller_MS_TechHub_IMP_THIDDIAXL003_Cas9_PhoX_DIA12_CV486075_250ng_FAIMS_001 P1_FKVLGNTDR P2_ENQTTQKGQK 2 7,Q99ZW2,null,,false,Q99ZW2,null,,false,772,33,,13.364568,false,true,false,false,2,1,Self,0,0.00094,0.001449,9.532106,,9.36753,,0,0,0,,0,0.002313,,0
1257,224,Scan: 887950 Run: DIA12_CV486075:20251228_A2_N1_Mueller_MS_TechHub_IMP_THIDDIAXL003_Cas9_PhoX_DIA12_CV486075_250ng_FAIMS_002 P1_SEETITPWNFEEVVDKGASAQSFIER P2_EKIEKILTFR 16 2;Scan: 290544 Run: DIA12_CV486075:20251228_A2_N1_Mueller_MS_TechHub_IMP_THIDDIAXL003_Cas9_PhoX_DIA12_CV486075_250ng_FAIMS_001 P1_SEETITPWNFEEVVDKGASAQSFIER P2_EKIEKILTFR 16 2,Q99ZW2,null,,false,Q99ZW2,null,,false,439,484,,13.350417,false,true,false,false,2,1,Self,0,0.00094,0.001456,,9.516097,9.363628,,0,0,0,,0,0.00524,,0
1255,195,Scan: 759493 Run: DIA12_CV486075:20251228_A2_N1_Mueller_MS_TechHub_IMP_THIDDIAXL003_Cas9_PhoX_DIA12_CV486075_250ng_FAIMS_002 P1_LKGSPEDNEQK P2_GNELALPSKYVNFLYLASHYEK 2 9;Scan: 1351015 Run: DIA12_CV486075:20251228_A2_N1_Mueller_MS_TechHub_IMP_THIDDIAXL003_Cas9_PhoX_DIA12_CV486075_250ng_FAIMS_003 P1_LKGSPEDNEQK P2_GNELALPSKYVNFLYLASHYEK 2 9,Q99ZW2,null,,false,Q99ZW2,null,,false,1231,1246,,13.340818,false,true,false,false,2,1,Self,0,0.000941,0.00146,9.355975,9.510162,9.498067,,0,0,0,,0,0.006706,,0
81,626;102,Scan: 289982 Run: DIA12_CV486075:20251228_A2_N1_Mueller_MS_TechHub_IMP_THIDDIAXL003_Cas9_PhoX_DIA12_CV486075_250ng_FAIMS_001 P1_QEDFYPFLKDNR P2_GILQTVKVVDELVK 9 7;Scan: 1687225 Run: DIA12_CV486075:20251228_A2_N1_Mueller_MS_TechHub_IMP_THIDDIAXL003_Cas9_PhoX_DIA12_CV486075_250ng_FAIMS_003 P1_RQEDFYPFLKDNR P2_GILQTVKVVDELVK 10 7,Q99ZW2,null,,false,Q99ZW2,null,,false,742,434,,13.331929,false,true,false,false,2,2,Self,0,0.000941,0.001473,9.320891,,9.53212,,0,0,0,,0.002765,0.002313,,0
1254,39,Scan: 1742659 Run: DIA12_CV486075:20251228_A2_N1_Mueller_MS_TechHub_IMP_THIDDIAXL003_Cas9_PhoX_DIA12_CV486075_250ng_FAIMS_003 P1_GKSDNVPSEEVVK P2_ENQTTQKGQK 2 7;Scan: 547813 Run: DIA12_CV486075:20251228_A2_N1_Mueller_MS_TechHub_IMP_THIDDIAXL003_Cas9_PhoX_DIA12_CV486075_250ng_FAIMS_001 P1_GKSDNVPSEEVVK P2_ENQTTQKGQK 2 7,Q99ZW2,null,,false,Q99ZW2,null,,false,772,866,,13.308497,false,true,false,false,2,1,Self,0,0.000942,0.00149,9.520442,9.191379,9.299316,,0,0,0,,0,0.004539,,0
203,397;259,Scan: 1484087 Run: DIA12_CV486075:20251228_A2_N1_Mueller_MS_TechHub_IMP_THIDDIAXL003_Cas9_PhoX_DIA12_CV486075_250ng_FAIMS_003 P1_VLPKHSLLYEYFTVYNELTK P2_RQEDFYPFLKDNR 4 10;Scan: 960765 Run: DIA12_CV486075:20251228_A2_N1_Mueller_MS_TechHub_IMP_THIDDIAXL003_Cas9_PhoX_DIA12_CV486075_250ng_FAIMS_002 P1_VLPKHSLLYEYFTVYNELTK P2_QEDFYPFLKDNR 4 9,Q99ZW2,null,,false,Q99ZW2,null,,false,434,510,,13.303074,false,true,false,false,2,2,Self,0,0.000942,0.00149,9.432885,9.38043,,,0,0,0,,0.019277,0.015884,,0
1253,209,Scan: 1227397 Run: DIA12_CV486075:20251228_A2_N1_Mueller_MS_TechHub_IMP_THIDDIAXL003_Cas9_PhoX_DIA12_CV486075_250ng_FAIMS_003 P1_KVLSMPQVNIVK P2_FKVLGNTDR 1 2;Scan: 1227384 Run: DIA12_CV486075:20251228_A2_N1_Mueller_MS_TechHub_IMP_THIDDIAXL003_Cas9_PhoX_DIA12_CV486075_250ng_FAIMS_003 P1_KVLSMPQVNIVK P2_FKVLGNTDR 1 2,Q99ZW2,null,,false,Q99ZW2,null,,false,33,1085,,13.291241,false,true,false,false,2,1,Self,0,0.000942,0.001495,9.437065,,,,0,0,0,,0,0.014686,,0
181,327;232,Scan: 1293374 Run: DIA12_CV486075:20251228_A2_N1_Mueller_MS_TechHub_IMP_THIDDIAXL003_Cas9_PhoX_DIA12_CV486075_250ng_FAIMS_003 P1_KDWDPK P2_EDIQKAQVSGQGDSLHEHIANLAGSPAIK 1 5;Scan: 1293349 Run: DIA12_CV486075:20251228_A2_N1_Mueller_MS_TechHub_IMP_THIDDIAXL003_Cas9_PhoX_DIA12_CV486075_250ng_FAIMS_003 P1_KKDWDPK P2_EDIQKAQVSGQGDSLHEHIANLAGSPAIK 2 5,Q99ZW2,null,,false,Q99ZW2,null,,false,710,1124,,13.275955,false,true,false,false,2,2,Self,0,0.000943,0.001495,9.409278,,,,0,0,0,,0.022428,0.01846,,0
62,340;77,Scan: 1225298 Run: DIA12_CV486075:20251228_A2_N1_Mueller_MS_TechHub_IMP_THIDDIAXL003_Cas9_PhoX_DIA12_CV486075_250ng_FAIMS_003 P1_TEVQTGGFSKESILPK P2_KRPLIETNGETGEIVWDKGR 10 18;Scan: 1257223 Run: DIA12_CV486075:20251228_A2_N1_Mueller_MS_TechHub_IMP_THIDDIAXL003_Cas9_PhoX_DIA12_CV486075_250ng_FAIMS_003 P1_TEVQTGGFSKESILPK P2_RPLIETNGETGEIVWDKGR 10 17,Q99ZW2,null,,false,Q99ZW2,null,,false,1076,1107,,13.24265,false,true,false,false,2,2,Self,0,0.000944,0.001508,9.415625,,,,0,0,0,,0.020281,0.016677,,0
1251,90,Scan: 1693902 Run: DIA12_CV486075:20251228_A2_N1_Mueller_MS_TechHub_IMP_THIDDIAXL003_Cas9_PhoX_DIA12_CV486075_250ng_FAIMS_003 P1_GILQTVKVVDELVK P2_EVKVITLK 7 3;Scan: 1693953 Run: DIA12_CV486075:20251228_A2_N1_Mueller_MS_TechHub_IMP_THIDDIAXL003_Cas9_PhoX_DIA12_CV486075_250ng_FAIMS_003 P1_GILQTVKVVDELVK P2_EVKVITLK 7 3,Q99ZW2,null,,false,Q99ZW2,null,,false,954,742,,13.213286,false,true,false,false,2,1,Self,0,0.000945,0.001515,9.370421,,,,0,0,0,,0,0.026268,,0
78,119;99,Scan: 581126 Run: DIA12_CV486075:20251228_A2_N1_Mueller_MS_TechHub_IMP_THIDDIAXL003_Cas9_PhoX_DIA12_CV486075_250ng_FAIMS_001 P1_MTNFDKNLPNEK P2_MNTKYDENDK 6 4;Scan: 1178646 Run: DIA12_CV486075:20251228_A2_N1_Mueller_MS_TechHub_IMP_THIDDIAXL003_Cas9_PhoX_DIA12_CV486075_250ng_FAIMS_002 P1_MTNFDKNLPNEK P2_MNTKYDENDKLIR 6 4,Q99ZW2,null,,false,Q99ZW2,null,,false,942,500,,13.185609,false,true,false,false,2,2,Self,0,0.000946,0.001529,,9.319729,9.327536,,0,0,0,,0.048729,0.039701,,0
16,187;20,Scan: 1274042 Run: DIA12_CV486075:20251228_A2_N1_Mueller_MS_TechHub_IMP_THIDDIAXL003_Cas9_PhoX_DIA12_CV486075_250ng_FAIMS_003 P1_ESILPKR P2_EKIEKILTFR 6 5;Scan: 79157 Run: DIA12_CV486075:20251228_A2_N1_Mueller_MS_TechHub_IMP_THIDDIAXL003_Cas9_PhoX_DIA12_CV486075_250ng_FAIMS_001 P1_IEKILTFR P2_ESILPKR 3 6,Q99ZW2,null,,false,Q99ZW2,null,,false,1113,442,,13.185439,false,true,false,false,2,2,Self,0,0.000946,0.001529,9.354834,,9.292088,,0,0,0,,0.039046,0.032009,,0
1247,1921,Scan: 903559 Run: DIA12_CV486075:20251228_A2_N1_Mueller_MS_TechHub_IMP_THIDDIAXL003_Cas9_PhoX_DIA12_CV486075_250ng_FAIMS_002 P1_RQEDFYPFLKDNR P2_KSEETITPWNFEEVVDK 10 1,Q99ZW2,null,,false,Q99ZW2,null,,false,468,434,,11.777783,false,true,false,false,1,1,Self,0,0.000997,0.001704,,11.777783,,,0,0,0,,0,0,,0
1246,1920,Scan: 1338856 Run: DIA12_CV486075:20251228_A2_N1_Mueller_MS_TechHub_IMP_THIDDIAXL003_Cas9_PhoX_DIA12_CV486075_250ng_FAIMS_003 P1_LPKYSLFELENGR P2_KYGGFDSPTVAYSVLVVAK 3 1,Q99ZW2,null,,false,Q99ZW2,null,,false,1130,1200,,11.746945,false,true,false,false,1,1,Self,0,0.000998,0.001704,11.746945,,,,0,0,0,,0,0,,0
1245,1919,Scan: 307605 Run: DIA12_CV486075:20251228_A2_N1_Mueller_MS_TechHub_IMP_THIDDIAXL003_Cas9_PhoX_DIA12_CV486075_250ng_FAIMS_001 P1_KSEETITPWNFEEVVDK P2_KNLIGALLFDSGETAEATR 1 1,Q99ZW2,null,,false,Q99ZW2,null,,false,45,468,,11.650583,false,true,false,false,1,1,Self,0,0.001002,0.001704,,,11.650583,,0,0,0,,0,0,,0
1244,1915,Scan: 1502686 Run: DIA12_CV486075:20251228_A2_N1_Mueller_MS_TechHub_IMP_THIDDIAXL003_Cas9_PhoX_DIA12_CV486075_250ng_FAIMS_003 P1_KSEETITPWNFEEVVDK P2_KSEETITPWNFEEVVDK 1 1,Q99ZW2,null,,false,Q99ZW2,null,,false,468,468,,11.519382,false,true,false,false,1,1,Self,0,0.001006,0.001704,11.519382,,,,0,0,0,,0,0,,0
1243,1913,Scan: 974170 Run: DIA12_CV486075:20251228_A2_N1_Mueller_MS_TechHub_IMP_THIDDIAXL003_Cas9_PhoX_DIA12_CV486075_250ng_FAIMS_002 P1_LESEFVYGDYKVYDVR P2_KPAFLSGEQK 11 1,Q99ZW2,null,,false,Q99ZW2,null,,false,536,1014,,11.38746,false,true,false,false,1,1,Self,0,0.001011,0.001704,,11.38746,,,0,0,0,,0,0,,0
1240,1907,Scan: 22081 Run: DIA12_CV486075:20251228_A2_N1_Mueller_MS_TechHub_IMP_THIDDIAXL003_Cas9_PhoX_DIA12_CV486075_250ng_FAIMS_001 P1_YKEIFFDQSK P2_KRPLIETNGETGEIVWDK 2 1,Q99ZW2,null,,false,Q99ZW2,null,,false,1059,348,,11.141948,false,true,false,false,1,1,Self,0,0.00102,0.001712,,,11.141948,,0,0,0,,0,0,,0
1239,1903,Scan: 635833 Run: DIA12_CV486075:20251228_A2_N1_Mueller_MS_TechHub_IMP_THIDDIAXL003_Cas9_PhoX_DIA12_CV486075_250ng_FAIMS_002 P1_YKEIFFDQSK P2_KTEVQTGGFSK 2 1,Q99ZW2,null,,false,Q99ZW2,null,,false,1097,348,,11.073525,false,true,false,false,1,1,Self,0,0.001023,0.001712,,11.073525,,,0,0,0,,0,0,,0
1238,1888,Scan: 493797 Run: DIA12_CV486075:20251228_A2_N1_Mueller_MS_TechHub_IMP_THIDDIAXL003_Cas9_PhoX_DIA12_CV486075_250ng_FAIMS_001 P1_MTNFDKNLPNEK P2_GILQTVKVVDELVK 6 7,Q99ZW2,null,,false,Q99ZW2,null,,false,742,500,,10.926996,false,true,false,false,1,1,Self,0,0.001028,0.001718,,9.538577,10.926996,,0,0,0,,0,0,,0
1237,1887,Scan: 304365 Run: DIA12_CV486075:20251228_A2_N1_Mueller_MS_TechHub_IMP_THIDDIAXL003_Cas9_PhoX_DIA12_CV486075_250ng_FAIMS_001 P1_KSEETITPWNFEEVVDK P2_KFKVLGNTDR 1 1,Q99ZW2,null,,false,Q99ZW2,null,,false,31,468,,10.916001,false,true,false,false,1,1,Self,0,0.001028,0.001718,,,10.916001,,0,0,0,,0,0,,0
1236,1881,Scan: 710490 Run: DIA12_CV486075:20251228_A2_N1_Mueller_MS_TechHub_IMP_THIDDIAXL003_Cas9_PhoX_DIA12_CV486075_250ng_FAIMS_002 P1_SSFEKNPIDFLEAK P2_KYGGFDSPTVAYSVLVVAK 5 1,Q99ZW2,null,,false,Q99ZW2,null,,false,1130,1176,,10.839904,false,true,false,false,1,1,Self,0,0.001031,0.001718,9.855831,10.839904,,,0,0,0,,0,0,,0
1235,1880,Scan: 271333 Run: DIA12_CV486075:20251228_A2_N1_Mueller_MS_TechHub_IMP_THIDDIAXL003_Cas9_PhoX_DIA12_CV486075_250ng_FAIMS_001 P1_KPAFLSGEQK P2_EIFFDQSKNGYAGYIDGGASQEEFYK 1 8,Q99ZW2,null,,false,Q99ZW2,null,,false,356,536,,10.839898,false,true,false,false,1,1,Self,0,0.001031,0.001718,,,10.839898,,0,0,0,,0,0,,0
1233,1877,Scan: 1503528 Run: DIA12_CV486075:20251228_A2_N1_Mueller_MS_TechHub_IMP_THIDDIAXL003_Cas9_PhoX_DIA12_CV486075_250ng_FAIMS_003 P1_VLPKHSLLYEYFTVYNELTK P2_KSEETITPWNFEEVVDK 4 1,Q99ZW2,null,,false,Q99ZW2,null,,false,468,510,,10.803783,false,true,false,false,1,1,Self,0,0.001032,0.001718,10.803783,,,,0,0,0,,0,0,,0
1232,1876,Scan: 431816 Run: DIA12_CV486075:20251228_A2_N1_Mueller_MS_TechHub_IMP_THIDDIAXL003_Cas9_PhoX_DIA12_CV486075_250ng_FAIMS_001 P1_KLINGIR P2_KGILQTVK 1 1,Q99ZW2,null,,false,Q99ZW2,null,,false,735,665,,10.800169,false,true,false,false,1,1,Self,0,0.001032,0.001718,10.049884,,10.800169,,0,0,0,,0,0,,0
1231,1872,Scan: 1653269 Run: DIA12_CV486075:20251228_A2_N1_Mueller_MS_TechHub_IMP_THIDDIAXL003_Cas9_PhoX_DIA12_CV486075_250ng_FAIMS_003 P1_KSEETITPWNFEEVVDKGASAQSFIER P2_EDIQKAQVSGQGDSLHEHIANLAGSPAIK 17 5,Q99ZW2,null,,false,Q99ZW2,null,,false,710,484,,10.767952,false,true,false,false,1,1,Self,0,0.001034,0.001718,10.767952,10.09763,,,0,0,0,,0,0,,0
1230,1869,Scan: 38907 Run: DIA12_CV486075:20251228_A2_N1_Mueller_MS_TechHub_IMP_THIDDIAXL003_Cas9_PhoX_DIA12_CV486075_250ng_FAIMS_001 P1_KTEVQTGGFSK P2_KSEETITPWNFEEVVDK 1 1,Q99ZW2,null,,false,Q99ZW2,null,,false,468,1097,,10.729974,false,true,false,false,1,1,Self,0,0.001035,0.001718,,,10.729974,,0,0,0,,0,0,,0
1228,1856,Scan: 1499320 Run: DIA12_CV486075:20251228_A2_N1_Mueller_MS_TechHub_IMP_THIDDIAXL003_Cas9_PhoX_DIA12_CV486075_250ng_FAIMS_003 P1_VNTEITKAPLSASMIK P2_KSEETITPWNFEEVVDK 7 1,Q99ZW2,null,,false,Q99ZW2,null,,false,468,314,,10.661242,false,true,false,false,1,1,Self,0,0.001037,0.001721,10.661242,9.347236,,,0,0,0,,0,0,,0
1227,1849,Scan: 1574500 Run: DIA12_CV486075:20251228_A2_N1_Mueller_MS_TechHub_IMP_THIDDIAXL003_Cas9_PhoX_DIA12_CV486075_250ng_FAIMS_003 P1_KPAFLSGEQK P2_GNELALPSKYVNFLYLASHYEK 1 9,Q99ZW2,null,,false,Q99ZW2,null,,false,1231,536,,10.612197,false,true,false,false,1,1,Self,0,0.001039,0.001724,10.612197,,,,0,0,0,,0,0,,0
1225,1840,Scan: 454195 Run: DIA12_CV486075:20251228_A2_N1_Mueller_MS_TechHub_IMP_THIDDIAXL003_Cas9_PhoX_DIA12_CV486075_250ng_FAIMS_001 P1_KYGGFDSPTVAYSVLVVAK P2_EDIQKAQVSGQGDSLHEHIANLAGSPAIK 1 5,Q99ZW2,null,,false,Q99ZW2,null,,false,710,1130,,10.586142,false,true,false,false,1,1,Self,0,0.00104,0.001724,,,10.586142,,0,0,0,,0,0,,0
1224,1838,Scan: 1572107 Run: DIA12_CV486075:20251228_A2_N1_Mueller_MS_TechHub_IMP_THIDDIAXL003_Cas9_PhoX_DIA12_CV486075_250ng_FAIMS_003 P1_KRPLIETNGETGEIVWDK P2_KPAFLSGEQK 1 1,Q99ZW2,null,,false,Q99ZW2,null,,false,536,1059,,10.583792,false,true,false,false,1,1,Self,0,0.00104,0.001724,10.583792,,,,0,0,0,,0,0,,0
1223,1837,Scan: 544340 Run: DIA12_CV486075:20251228_A2_N1_Mueller_MS_TechHub_IMP_THIDDIAXL003_Cas9_PhoX_DIA12_CV486075_250ng_FAIMS_001 P1_KRPLIETNGETGEIVWDK P2_GKSDNVPSEEVVK 1 2,Q99ZW2,null,,false,Q99ZW2,null,,false,866,1059,,10.583513,false,true,false,false,1,1,Self,0,0.00104,0.001724,,,10.583513,,0,0,0,,0,0,,0
1222,1835,Scan: 619435 Run: DIA12_CV486075:20251228_A2_N1_Mueller_MS_TechHub_IMP_THIDDIAXL003_Cas9_PhoX_DIA12_CV486075_250ng_FAIMS_002 P1_KRPLIETNGETGEIVWDK P2_FKVLGNTDR 1 2,Q99ZW2,null,,false,Q99ZW2,null,,false,33,1059,,10.573335,false,true,false,false,1,1,Self,0,0.001041,0.001724,9.592496,10.573335,,,0,0,0,,0,0,,0
1221,1831,Scan: 1652499 Run: DIA12_CV486075:20251228_A2_N1_Mueller_MS_TechHub_IMP_THIDDIAXL003_Cas9_PhoX_DIA12_CV486075_250ng_FAIMS_003 P1_KNLIGALLFDSGETAEATR P2_EDIQKAQVSGQGDSLHEHIANLAGSPAIK 1 5,Q99ZW2,null,,false,Q99ZW2,null,,false,710,45,,10.55559,false,true,false,false,1,1,Self,0,0.001041,0.001724,10.55559,,,,0,0,0,,0,0,,0
1219,1824,Scan: 703405 Run: DIA12_CV486075:20251228_A2_N1_Mueller_MS_TechHub_IMP_THIDDIAXL003_Cas9_PhoX_DIA12_CV486075_250ng_FAIMS_002 P1_KYGGFDSPTVAYSVLVVAK P2_KLINGIR 1 1,Q99ZW2,null,,false,Q99ZW2,null,,false,665,1130,,10.541314,false,true,false,false,1,1,Self,0,0.001042,0.001724,,10.541314,,,0,0,0,,0,0,,0
1218,1816,Scan: 243794 Run: DIA12_CV486075:20251228_A2_N1_Mueller_MS_TechHub_IMP_THIDDIAXL003_Cas9_PhoX_DIA12_CV486075_250ng_FAIMS_001 P1_NLPNEKVLPK P2_FKVLGNTDR 6 2,Q99ZW2,null,,false,Q99ZW2,null,,false,33,506,,10.511403,false,true,false,false,1,1,Self,0,0.001043,0.001724,,,10.511403,,0,0,0,,0,0,,0
1216,1813,Scan: 1486088 Run: DIA12_CV486075:20251228_A2_N1_Mueller_MS_TechHub_IMP_THIDDIAXL003_Cas9_PhoX_DIA12_CV486075_250ng_FAIMS_003 P1_KDLIIK P2_IEKILTFR 1 3,Q99ZW2,null,,false,Q99ZW2,null,,false,442,1192,,10.500628,false,true,false,false,1,1,Self,0,0.001043,0.001724,10.500628,,,,0,0,0,,0,0,,0
1215,1811,Scan: 1210608 Run: DIA12_CV486075:20251228_A2_N1_Mueller_MS_TechHub_IMP_THIDDIAXL003_Cas9_PhoX_DIA12_CV486075_250ng_FAIMS_003 P1_SEQEIGKATAK P2_IEKILTFR 7 3,Q99ZW2,null,,false,Q99ZW2,null,,false,442,1031,,10.493608,false,true,false,false,1,1,Self,0,0.001043,0.001724,10.493608,,,,0,0,0,,0,0,,0
1212,1804,Scan: 161202 Run: DIA12_CV486075:20251228_A2_N1_Mueller_MS_TechHub_IMP_THIDDIAXL003_Cas9_PhoX_DIA12_CV486075_250ng_FAIMS_001 P1_LKGSPEDNEQK P2_KRPLIETNGETGEIVWDK 2 1,Q99ZW2,null,,false,Q99ZW2,null,,false,1059,1246,,10.465497,false,true,false,false,1,1,Self,0,0.001044,0.001727,,,10.465497,,0,0,0,,0,0,,0
1211,1796,Scan: 802252 Run: DIA12_CV486075:20251228_A2_N1_Mueller_MS_TechHub_IMP_THIDDIAXL003_Cas9_PhoX_DIA12_CV486075_250ng_FAIMS_002 P1_KLVDSTDK P2_KFDNLTK 1 1,Q99ZW2,null,,false,Q99ZW2,null,,false,896,141,,10.446548,false,true,false,false,1,1,Self,0,0.001045,0.00173,,10.446548,,,0,0,0,,0,0,,0
1206,1775,Scan: 981226 Run: DIA12_CV486075:20251228_A2_N1_Mueller_MS_TechHub_IMP_THIDDIAXL003_Cas9_PhoX_DIA12_CV486075_250ng_FAIMS_002 P1_VLPKHSLLYEYFTVYNELTK P2_KPAFLSGEQK 4 1,Q99ZW2,null,,false,Q99ZW2,null,,false,536,510,,10.396339,false,true,false,false,1,1,Self,0,0.001047,0.00173,9.902062,10.396339,,,0,0,0,,0,0,,0
1205,1773,Scan: 537530 Run: DIA12_CV486075:20251228_A2_N1_Mueller_MS_TechHub_IMP_THIDDIAXL003_Cas9_PhoX_DIA12_CV486075_250ng_FAIMS_001 P1_QITKHVAQILDSR P2_EHPVENTQLQNEKLYLYYLQNGR 4 13,Q99ZW2,null,,false,Q99ZW2,null,,false,810,929,,10.395014,false,true,false,false,1,1,Self,0,0.001047,0.00173,,,10.395014,,0,0,0,,0,0,,0
1204,1770,Scan: 1234833 Run: DIA12_CV486075:20251228_A2_N1_Mueller_MS_TechHub_IMP_THIDDIAXL003_Cas9_PhoX_DIA12_CV486075_250ng_FAIMS_003 P1_KTEVQTGGFSK P2_KLINGIR 1 1,Q99ZW2,null,,false,Q99ZW2,null,,false,665,1097,,10.391242,false,true,false,false,1,1,Self,0,0.001047,0.00173,10.391242,,9.825921,,0,0,0,,0,0,,0
1203,1767,Scan: 1739127 Run: DIA12_CV486075:20251228_A2_N1_Mueller_MS_TechHub_IMP_THIDDIAXL003_Cas9_PhoX_DIA12_CV486075_250ng_FAIMS_003 P1_SEQEIGKATAK P2_GKSDNVPSEEVVK 7 2,Q99ZW2,null,,false,Q99ZW2,null,,false,866,1031,,10.388428,false,true,false,false,1,1,Self,0,0.001047,0.001736,10.388428,,,,0,0,0,,0,0,,0
1202,1766,Scan: 977377 Run: DIA12_CV486075:20251228_A2_N1_Mueller_MS_TechHub_IMP_THIDDIAXL003_Cas9_PhoX_DIA12_CV486075_250ng_FAIMS_002 P1_LKGSPEDNEQK P2_KPAFLSGEQK 2 1,Q99ZW2,null,,false,Q99ZW2,null,,false,536,1246,,10.385922,false,true,false,false,1,1,Self,0,0.001047,0.001736,,10.385922,9.333266,,0,0,0,,0,0,,0
1200,1762,Scan: 1561167 Run: DIA12_CV486075:20251228_A2_N1_Mueller_MS_TechHub_IMP_THIDDIAXL003_Cas9_PhoX_DIA12_CV486075_250ng_FAIMS_003 P1_YDENDKLIR P2_VLPKHSLLYEYFTVYNELTK 6 4,Q99ZW2,null,,false,Q99ZW2,null,,false,510,948,,10.376216,false,true,false,false,1,1,Self,0,0.001048,0.001736,10.376216,,,,0,0,0,,0,0,,0
1199,1760,Scan: 429556 Run: DIA12_CV486075:20251228_A2_N1_Mueller_MS_TechHub_IMP_THIDDIAXL003_Cas9_PhoX_DIA12_CV486075_250ng_FAIMS_001 P1_KLINGIR P2_FKVLGNTDR 1 2,Q99ZW2,null,,false,Q99ZW2,null,,false,33,665,,10.367671,false,true,false,false,1,1,Self,0,0.001048,0.001736,,,10.367671,,0,0,0,,0,0,,0
1198,1756,Scan: 1305590 Run: DIA12_CV486075:20251228_A2_N1_Mueller_MS_TechHub_IMP_THIDDIAXL003_Cas9_PhoX_DIA12_CV486075_250ng_FAIMS_003 P1_SSFEKNPIDFLEAK P2_SEQEIGKATAK 5 7,Q99ZW2,null,,false,Q99ZW2,null,,false,1031,1176,,10.359433,false,true,false,false,1,1,Self,0,0.001048,0.001736,10.359433,,,,0,0,0,,0,0,,0
1196,1743,Scan: 1121917 Run: DIA12_CV486075:20251228_A2_N1_Mueller_MS_TechHub_IMP_THIDDIAXL003_Cas9_PhoX_DIA12_CV486075_250ng_FAIMS_002 P1_KLINGIR P2_ELGSQILKEHPVENTQLQNEK 1 8,Q99ZW2,null,,false,Q99ZW2,null,,false,797,665,,10.323406,false,true,false,false,1,1,Self,0,0.00105,0.001742,,10.323406,,,0,0,0,,0,0,,0
1195,1738,Scan: 1191735 Run: DIA12_CV486075:20251228_A2_N1_Mueller_MS_TechHub_IMP_THIDDIAXL003_Cas9_PhoX_DIA12_CV486075_250ng_FAIMS_002 P1_KLINGIR P2_KDFQFYK 1 1,Q99ZW2,null,,false,Q99ZW2,null,,false,968,665,,10.315324,false,true,false,false,1,1,Self,0,0.00105,0.001745,,10.315324,,,0,0,0,,0,0,,0
1194,1732,Scan: 907683 Run: DIA12_CV486075:20251228_A2_N1_Mueller_MS_TechHub_IMP_THIDDIAXL003_Cas9_PhoX_DIA12_CV486075_250ng_FAIMS_002 P1_KSEETITPWNFEEVVDK P2_KIECFDSVEISGVEDR 1 1,Q99ZW2,null,,false,Q99ZW2,null,,false,571,468,,10.307594,false,true,false,false,1,1,Self,0,0.00105,0.001745,,10.307594,,,0,0,0,,0,0,,0
1192,1729,Scan: 1651692 Run: DIA12_CV486075:20251228_A2_N1_Mueller_MS_TechHub_IMP_THIDDIAXL003_Cas9_PhoX_DIA12_CV486075_250ng_FAIMS_003 P1_EKIEKILTFR P2_EDIQKAQVSGQGDSLHEHIANLAGSPAIK 2 5,Q99ZW2,null,,false,Q99ZW2,null,,false,710,439,,10.302195,false,true,false,false,1,1,Self,0,0.00105,0.001745,10.302195,,,,0,0,0,,0,0,,0
1191,1727,Scan: 1453954 Run: DIA12_CV486075:20251228_A2_N1_Mueller_MS_TechHub_IMP_THIDDIAXL003_Cas9_PhoX_DIA12_CV486075_250ng_FAIMS_003 P1_YKEIFFDQSK P2_VLPKHSLLYEYFTVYNELTK 2 4,Q99ZW2,null,,false,Q99ZW2,null,,false,510,348,,10.300225,false,true,false,false,1,1,Self,0,0.00105,0.001745,10.300225,9.791066,,,0,0,0,,0,0,,0
1190,1726,Scan: 560247 Run: DIA12_CV486075:20251228_A2_N1_Mueller_MS_TechHub_IMP_THIDDIAXL003_Cas9_PhoX_DIA12_CV486075_250ng_FAIMS_001 P1_QLLNAKLITQR P2_ENQTTQKGQK 6 7,Q99ZW2,null,,false,Q99ZW2,null,,false,772,890,,10.291665,false,true,false,false,1,1,Self,0,0.001051,0.001745,,,10.291665,,0,0,0,,0,0,,0
1189,1724,Scan: 743561 Run: DIA12_CV486075:20251228_A2_N1_Mueller_MS_TechHub_IMP_THIDDIAXL003_Cas9_PhoX_DIA12_CV486075_250ng_FAIMS_002 P1_SEETITPWNFEEVVDKGASAQSFIER P2_LPKYSLFELENGR 16 3,Q99ZW2,null,,false,Q99ZW2,null,,false,1200,484,,10.278312,false,true,false,false,1,1,Self,0,0.001051,0.001748,,10.278312,,,0,0,0,,0,0,,0
1187,1721,Scan: 1216070 Run: DIA12_CV486075:20251228_A2_N1_Mueller_MS_TechHub_IMP_THIDDIAXL003_Cas9_PhoX_DIA12_CV486075_250ng_FAIMS_003 P1_SSFEKNPIDFLEAK P2_KRPLIETNGETGEIVWDK 5 1,Q99ZW2,null,,false,Q99ZW2,null,,false,1059,1176,,10.25871,false,true,false,false,1,1,Self,0,0.001052,0.001748,10.25871,,,,0,0,0,,0,0,,0
1185,1717,Scan: 941093 Run: DIA12_CV486075:20251228_A2_N1_Mueller_MS_TechHub_IMP_THIDDIAXL003_Cas9_PhoX_DIA12_CV486075_250ng_FAIMS_002 P1_SEETITPWNFEEVVDKGASAQSFIER P2_KFKVLGNTDR 16 1,Q99ZW2,null,,false,Q99ZW2,null,,false,31,484,,10.254607,false,true,false,false,1,1,Self,0,0.001052,0.001748,,10.254607,9.654999,,0,0,0,,0,0,,0
1184,1714,Scan: 585743 Run: DIA12_CV486075:20251228_A2_N1_Mueller_MS_TechHub_IMP_THIDDIAXL003_Cas9_PhoX_DIA12_CV486075_250ng_FAIMS_001 P1_YDENDKLIR P2_SEQEIGKATAK 6 7,Q99ZW2,null,,false,Q99ZW2,null,,false,1031,948,,10.246146,false,true,false,false,1,1,Self,0,0.001052,0.001748,,,10.246146,,0,0,0,,0,0,,0
1183,1712,Scan: 594485 Run: DIA12_CV486075:20251228_A2_N1_Mueller_MS_TechHub_IMP_THIDDIAXL003_Cas9_PhoX_DIA12_CV486075_250ng_FAIMS_001 P1_KDFQFYK P2_GQKNSR 1 3,Q99ZW2,null,,false,Q99ZW2,null,,false,775,968,,10.243198,false,true,false,false,1,1,Self,0,0.001053,0.001748,,,10.243198,,0,0,0,,0,0,,0
1182,1711,Scan: 1599253 Run: DIA12_CV486075:20251228_A2_N1_Mueller_MS_TechHub_IMP_THIDDIAXL003_Cas9_PhoX_DIA12_CV486075_250ng_FAIMS_003 P1_KDLIIK P2_KAIVDLLFK 1 1,Q99ZW2,null,,false,Q99ZW2,null,,false,546,1192,,10.237566,false,true,false,false,1,1,Self,0,0.001053,0.001748,10.237566,,,,0,0,0,,0,0,,0
1181,1709,Scan: 1390976 Run: DIA12_CV486075:20251228_A2_N1_Mueller_MS_TechHub_IMP_THIDDIAXL003_Cas9_PhoX_DIA12_CV486075_250ng_FAIMS_003 P1_YTSTKEVLDATLIHQSITGLYETR P2_KRPLIETNGETGEIVWDK 5 1,Q99ZW2,null,,false,Q99ZW2,null,,false,1059,1340,,10.23558,false,true,false,false,1,1,Self,0,0.001053,0.001748,10.23558,,,,0,0,0,,0,0,,0
1180,1707,Scan: 1766786 Run: DIA12_CV486075:20251228_A2_N1_Mueller_MS_TechHub_IMP_THIDDIAXL003_Cas9_PhoX_DIA12_CV486075_250ng_FAIMS_003 P1_QITKHVAQILDSR P2_FKVLGNTDR 4 2,Q99ZW2,null,,false,Q99ZW2,null,,false,33,929,,10.231379,false,true,false,false,1,1,Self,0,0.001053,0.001748,10.231379,,,,0,0,0,,0,0,,0
1179,1704,Scan: 1340371 Run: DIA12_CV486075:20251228_A2_N1_Mueller_MS_TechHub_IMP_THIDDIAXL003_Cas9_PhoX_DIA12_CV486075_250ng_FAIMS_003 P1_YKEIFFDQSK P2_LPKYSLFELENGR 2 3,Q99ZW2,null,,false,Q99ZW2,null,,false,1200,348,,10.22652,false,true,false,false,1,1,Self,0,0.001053,0.001748,10.22652,,,,0,0,0,,0,0,,0
1178,1702,Scan: 1440746 Run: DIA12_CV486075:20251228_A2_N1_Mueller_MS_TechHub_IMP_THIDDIAXL003_Cas9_PhoX_DIA12_CV486075_250ng_FAIMS_003 P1_FKVLGNTDR P2_EVKVITLK 2 3,Q99ZW2,null,,false,Q99ZW2,null,,false,954,33,,10.223614,false,true,false,false,1,1,Self,0,0.001053,0.001748,10.223614,,,,0,0,0,,0,0,,0
1177,1700,Scan: 573122 Run: DIA12_CV486075:20251228_A2_N1_Mueller_MS_TechHub_IMP_THIDDIAXL003_Cas9_PhoX_DIA12_CV486075_250ng_FAIMS_001 P1_QITKHVAQILDSR P2_KLINGIR 4 1,Q99ZW2,null,,false,Q99ZW2,null,,false,665,929,,10.218559,false,true,false,false,1,1,Self,0,0.001053,0.001748,,,10.218559,,0,0,0,,0,0,,0
1176,1698,Scan: 404200 Run: DIA12_CV486075:20251228_A2_N1_Mueller_MS_TechHub_IMP_THIDDIAXL003_Cas9_PhoX_DIA12_CV486075_250ng_FAIMS_001 P1_NSDKLIAR P2_KAIVDLLFK 4 1,Q99ZW2,null,,false,Q99ZW2,null,,false,546,1118,,10.218271,false,true,false,false,1,1,Self,0,0.001053,0.001748,,,10.218271,,0,0,0,,0,0,,0
1175,1695,Scan: 1119540 Run: DIA12_CV486075:20251228_A2_N1_Mueller_MS_TechHub_IMP_THIDDIAXL003_Cas9_PhoX_DIA12_CV486075_250ng_FAIMS_002 P1_KNGLFGNLIALSLGLTPNFK P2_ELGSQILKEHPVENTQLQNEK 1 8,Q99ZW2,null,,false,Q99ZW2,null,,false,797,234,,10.215022,false,true,false,false,1,1,Self,0,0.001054,0.001748,,10.215022,,,0,0,0,,0,0,,0
1174,1694,Scan: 1028028 Run: DIA12_CV486075:20251228_A2_N1_Mueller_MS_TechHub_IMP_THIDDIAXL003_Cas9_PhoX_DIA12_CV486075_250ng_FAIMS_002 P1_LKTYAHLFDDK P2_KLINGIR 2 1,Q99ZW2,null,,false,Q99ZW2,null,,false,665,637,,10.214996,false,true,false,false,1,1,Self,0,0.001054,0.001748,,10.214996,,,0,0,0,,0,0,,0
1173,1693,Scan: 303782 Run: DIA12_CV486075:20251228_A2_N1_Mueller_MS_TechHub_IMP_THIDDIAXL003_Cas9_PhoX_DIA12_CV486075_250ng_FAIMS_001 P1_VILADANLDKVLSAYNK P2_KSEETITPWNFEEVVDK 10 1,Q99ZW2,null,,false,Q99ZW2,null,,false,468,1289,,10.212782,false,true,false,false,1,1,Self,0,0.001054,0.001748,,,10.212782,,0,0,0,,0,0,,0
1172,1692,Scan: 1186415 Run: DIA12_CV486075:20251228_A2_N1_Mueller_MS_TechHub_IMP_THIDDIAXL003_Cas9_PhoX_DIA12_CV486075_250ng_FAIMS_002 P1_SKLVSDFR P2_QLKEDYFK 2 3,Q99ZW2,null,,false,Q99ZW2,null,,false,565,961,,10.211829,false,true,false,false,1,1,Self,0,0.001054,0.001748,,10.211829,,,0,0,0,,0,0,,0
1171,1691,Scan: 1644786 Run: DIA12_CV486075:20251228_A2_N1_Mueller_MS_TechHub_IMP_THIDDIAXL003_Cas9_PhoX_DIA12_CV486075_250ng_FAIMS_003 P1_TILDFLKSDGFANR P2_KDFQFYK 7 1,Q99ZW2,null,,false,Q99ZW2,null,,false,968,684,,10.211684,false,true,false,false,1,1,Self,0,0.001054,0.001748,10.211684,,,,0,0,0,,0,0,,0
1170,1690,Scan: 1722151 Run: DIA12_CV486075:20251228_A2_N1_Mueller_MS_TechHub_IMP_THIDDIAXL003_Cas9_PhoX_DIA12_CV486075_250ng_FAIMS_003 P1_SKLVSDFR P2_ELGSQILKEHPVENTQLQNEK 2 8,Q99ZW2,null,,false,Q99ZW2,null,,false,797,961,,10.211035,false,true,false,false,1,1,Self,0,0.001054,0.001748,10.211035,,,,0,0,0,,0,0,,0
1169,1686,Scan: 117507 Run: DIA12_CV486075:20251228_A2_N1_Mueller_MS_TechHub_IMP_THIDDIAXL003_Cas9_PhoX_DIA12_CV486075_250ng_FAIMS_001 P1_SSFEKNPIDFLEAK P2_NLPNEKVLPK 5 6,Q99ZW2,null,,false,Q99ZW2,null,,false,506,1176,,10.206441,false,true,false,false,1,1,Self,0,0.001054,0.001751,,,10.206441,,0,0,0,,0,0,,0
1168,1681,Scan: 1398526 Run: DIA12_CV486075:20251228_A2_N1_Mueller_MS_TechHub_IMP_THIDDIAXL003_Cas9_PhoX_DIA12_CV486075_250ng_FAIMS_003 P1_NSDKLIAR P2_KLVDSTDK 4 1,Q99ZW2,null,,false,Q99ZW2,null,,false,141,1118,,10.191977,false,true,false,false,1,1,Self,0,0.001054,0.001751,10.191977,,,,0,0,0,,0,0,,0
1167,1677,Scan: 571341 Run: DIA12_CV486075:20251228_A2_N1_Mueller_MS_TechHub_IMP_THIDDIAXL003_Cas9_PhoX_DIA12_CV486075_250ng_FAIMS_001 P1_QITKHVAQILDSR P2_LPKYSLFELENGR 4 3,Q99ZW2,null,,false,Q99ZW2,null,,false,1200,929,,10.183817,false,true,false,false,1,1,Self,0,0.001055,0.001751,,,10.183817,,0,0,0,,0,0,,0
1166,1674,Scan: 1338375 Run: DIA12_CV486075:20251228_A2_N1_Mueller_MS_TechHub_IMP_THIDDIAXL003_Cas9_PhoX_DIA12_CV486075_250ng_FAIMS_003 P1_LPKYSLFELENGR P2_KDWDPK 3 1,Q99ZW2,null,,false,Q99ZW2,null,,false,1124,1200,,10.181212,false,true,false,false,1,1,Self,0,0.001055,0.001751,10.181212,,,,0,0,0,,0,0,,0
1165,1673,Scan: 1043085 Run: DIA12_CV486075:20251228_A2_N1_Mueller_MS_TechHub_IMP_THIDDIAXL003_Cas9_PhoX_DIA12_CV486075_250ng_FAIMS_002 P1_TILDFLKSDGFANR P2_SEETITPWNFEEVVDKGASAQSFIER 7 16,Q99ZW2,null,,false,Q99ZW2,null,,false,484,684,,10.176717,false,true,false,false,1,1,Self,0,0.001055,0.001751,,10.176717,,,0,0,0,,0,0,,0
1164,1672,Scan: 1783630 Run: DIA12_CV486075:20251228_A2_N1_Mueller_MS_TechHub_IMP_THIDDIAXL003_Cas9_PhoX_DIA12_CV486075_250ng_FAIMS_003 P1_SKLVSDFR P2_IEKILTFR 2 3,Q99ZW2,null,,false,Q99ZW2,null,,false,442,961,,10.176084,false,true,false,false,1,1,Self,0,0.001055,0.001751,10.176084,,,,0,0,0,,0,0,,0
1162,1667,Scan: 1146969 Run: DIA12_CV486075:20251228_A2_N1_Mueller_MS_TechHub_IMP_THIDDIAXL003_Cas9_PhoX_DIA12_CV486075_250ng_FAIMS_002 P1_YDENDKLIR P2_GKSDNVPSEEVVK 6 2,Q99ZW2,null,,false,Q99ZW2,null,,false,866,948,,10.171345,false,true,false,false,1,1,Self,0,0.001055,0.001751,,10.171345,,,0,0,0,,0,0,,0
1161,1666,Scan: 1028265 Run: DIA12_CV486075:20251228_A2_N1_Mueller_MS_TechHub_IMP_THIDDIAXL003_Cas9_PhoX_DIA12_CV486075_250ng_FAIMS_002 P1_KLINGIR P2_KLINGIR 1 1,Q99ZW2,null,,false,Q99ZW2,null,,false,665,665,,10.171124,false,true,false,false,1,1,Self,0,0.001055,0.001751,,10.171124,,,0,0,0,,0,0,,0
1160,1664,Scan: 1584780 Run: DIA12_CV486075:20251228_A2_N1_Mueller_MS_TechHub_IMP_THIDDIAXL003_Cas9_PhoX_DIA12_CV486075_250ng_FAIMS_003 P1_QITKHVAQILDSR P2_KPAFLSGEQK 4 1,Q99ZW2,null,,false,Q99ZW2,null,,false,536,929,,10.167544,false,true,false,false,1,1,Self,0,0.001055,0.001751,10.167544,,,,0,0,0,,0,0,,0
1159,1661,Scan: 1158226 Run: DIA12_CV486075:20251228_A2_N1_Mueller_MS_TechHub_IMP_THIDDIAXL003_Cas9_PhoX_DIA12_CV486075_250ng_FAIMS_002 P1_QLLNAKLITQR P2_KDFQFYK 6 1,Q99ZW2,null,,false,Q99ZW2,null,,false,968,890,,10.163141,false,true,false,false,1,1,Self,0,0.001055,0.001751,,10.163141,,,0,0,0,,0,0,,0
1158,1660,Scan: 1440559 Run: DIA12_CV486075:20251228_A2_N1_Mueller_MS_TechHub_IMP_THIDDIAXL003_Cas9_PhoX_DIA12_CV486075_250ng_FAIMS_003 P1_QLLNAKLITQR P2_FKVLGNTDR 6 2,Q99ZW2,null,,false,Q99ZW2,null,,false,33,890,,10.163127,false,true,false,false,1,1,Self,0,0.001055,0.001751,10.163127,,,,0,0,0,,0,0,,0
1157,1658,Scan: 1582689 Run: DIA12_CV486075:20251228_A2_N1_Mueller_MS_TechHub_IMP_THIDDIAXL003_Cas9_PhoX_DIA12_CV486075_250ng_FAIMS_003 P1_KPAFLSGEQK P2_GILQTVKVVDELVK 1 7,Q99ZW2,null,,false,Q99ZW2,null,,false,742,536,,10.159817,false,true,false,false,1,1,Self,0,0.001056,0.001754,10.159817,,9.627217,,0,0,0,,0,0,,0
1156,1656,Scan: 1284944 Run: DIA12_CV486075:20251228_A2_N1_Mueller_MS_TechHub_IMP_THIDDIAXL003_Cas9_PhoX_DIA12_CV486075_250ng_FAIMS_003 P1_QLKEDYFK P2_NSDKLIAR 3 4,Q99ZW2,null,,false,Q99ZW2,null,,false,1118,565,,10.158378,false,true,false,false,1,1,Self,0,0.001056,0.001754,10.158378,9.594417,,,0,0,0,,0,0,,0
1155,1654,Scan: 344009 Run: DIA12_CV486075:20251228_A2_N1_Mueller_MS_TechHub_IMP_THIDDIAXL003_Cas9_PhoX_DIA12_CV486075_250ng_FAIMS_001 P1_YKEIFFDQSK P2_SEETITPWNFEEVVDKGASAQSFIER 2 16,Q99ZW2,null,,false,Q99ZW2,null,,false,484,348,,10.147129,false,true,false,false,1,1,Self,0,0.001056,0.001754,,,10.147129,,0,0,0,,0,0,,0
1154,1653,Scan: 695845 Run: DIA12_CV486075:20251228_A2_N1_Mueller_MS_TechHub_IMP_THIDDIAXL003_Cas9_PhoX_DIA12_CV486075_250ng_FAIMS_002 P1_KDWDPK P2_DKQSGK 1 2,Q99ZW2,null,,false,Q99ZW2,null,,false,673,1124,,10.142803,false,true,false,false,1,1,Self,0,0.001056,0.001754,,10.142803,,,0,0,0,,0,0,,0
1153,1651,Scan: 733144 Run: DIA12_CV486075:20251228_A2_N1_Mueller_MS_TechHub_IMP_THIDDIAXL003_Cas9_PhoX_DIA12_CV486075_250ng_FAIMS_002 P1_KDLIIK P2_FKVLGNTDR 1 2,Q99ZW2,null,,false,Q99ZW2,null,,false,33,1192,,10.141451,false,true,false,false,1,1,Self,0,0.001056,0.001754,9.902425,10.141451,,,0,0,0,,0,0,,0
1151,1649,Scan: 638633 Run: DIA12_CV486075:20251228_A2_N1_Mueller_MS_TechHub_IMP_THIDDIAXL003_Cas9_PhoX_DIA12_CV486075_250ng_FAIMS_002 P1_KTEVQTGGFSK P2_ELGSQILKEHPVENTQLQNEK 1 8,Q99ZW2,null,,false,Q99ZW2,null,,false,797,1097,,10.140142,false,true,false,false,1,1,Self,0,0.001056,0.001754,,10.140142,,,0,0,0,,0,0,,0
1149,1643,Scan: 855275 Run: DIA12_CV486075:20251228_A2_N1_Mueller_MS_TechHub_IMP_THIDDIAXL003_Cas9_PhoX_DIA12_CV486075_250ng_FAIMS_002 P1_YKEIFFDQSK P2_FIKPILEK 2 3,Q99ZW2,null,,false,Q99ZW2,null,,false,377,348,,10.135848,false,true,false,false,1,1,Self,0,0.001056,0.001754,,10.135848,,,0,0,0,,0,0,,0
1146,1632,Scan: 1216344 Run: DIA12_CV486075:20251228_A2_N1_Mueller_MS_TechHub_IMP_THIDDIAXL003_Cas9_PhoX_DIA12_CV486075_250ng_FAIMS_003 P1_KRPLIETNGETGEIVWDK P2_GNELALPSKYVNFLYLASHYEK 1 9,Q99ZW2,null,,false,Q99ZW2,null,,false,1231,1059,,10.124751,false,true,false,false,1,1,Self,0,0.001057,0.001764,10.124751,,,,0,0,0,,0,0,,0
1145,1631,Scan: 1093050 Run: DIA12_CV486075:20251228_A2_N1_Mueller_MS_TechHub_IMP_THIDDIAXL003_Cas9_PhoX_DIA12_CV486075_250ng_FAIMS_002 P1_QSGKTILDFLK P2_GILQTVKVVDELVK 4 7,Q99ZW2,null,,false,Q99ZW2,null,,false,742,677,,10.124273,false,true,false,false,1,1,Self,0,0.001057,0.001764,,10.124273,,,0,0,0,,0,0,,0
1144,1630,Scan: 1108546 Run: DIA12_CV486075:20251228_A2_N1_Mueller_MS_TechHub_IMP_THIDDIAXL003_Cas9_PhoX_DIA12_CV486075_250ng_FAIMS_002 P1_ENQTTQKGQK P2_DFQFYKVR 7 6,Q99ZW2,null,,false,Q99ZW2,null,,false,974,772,,10.123057,false,true,false,false,1,1,Self,0,0.001057,0.001764,,10.123057,,,0,0,0,,0,0,,0
1143,1629,Scan: 430911 Run: DIA12_CV486075:20251228_A2_N1_Mueller_MS_TechHub_IMP_THIDDIAXL003_Cas9_PhoX_DIA12_CV486075_250ng_FAIMS_001 P1_KLINGIR P2_DKQSGK 1 2,Q99ZW2,null,,false,Q99ZW2,null,,false,673,665,,10.122146,false,true,false,false,1,1,Self,0,0.001057,0.001764,,,10.122146,,0,0,0,,0,0,,0
1141,1626,Scan: 780 Run: DIA12_CV486075:20251228_A2_N1_Mueller_MS_TechHub_IMP_THIDDIAXL003_Cas9_PhoX_DIA12_CV486075_250ng_FAIMS_001 P1_YPKLESEFVYGDYK P2_KRPLIETNGETGEIVWDK 3 1,Q99ZW2,null,,false,Q99ZW2,null,,false,1059,1003,,10.1188,false,true,false,false,1,1,Self,0,0.001057,0.001767,,,10.1188,,0,0,0,,0,0,,0
1140,1625,Scan: 890408 Run: DIA12_CV486075:20251228_A2_N1_Mueller_MS_TechHub_IMP_THIDDIAXL003_Cas9_PhoX_DIA12_CV486075_250ng_FAIMS_002 P1_NLPNEKVLPK P2_IEKILTFR 6 3,Q99ZW2,null,,false,Q99ZW2,null,,false,442,506,,10.117732,false,true,false,false,1,1,Self,0,0.001057,0.001767,,10.117732,,,0,0,0,,0,0,,0
1139,1622,Scan: 1583442 Run: DIA12_CV486075:20251228_A2_N1_Mueller_MS_TechHub_IMP_THIDDIAXL003_Cas9_PhoX_DIA12_CV486075_250ng_FAIMS_003 P1_KPAFLSGEQK P2_EHPVENTQLQNEKLYLYYLQNGR 1 13,Q99ZW2,null,,false,Q99ZW2,null,,false,810,536,,10.11513,false,true,false,false,1,1,Self,0,0.001057,0.001767,10.11513,,,,0,0,0,,0,0,,0
1138,1621,Scan: 1143518 Run: DIA12_CV486075:20251228_A2_N1_Mueller_MS_TechHub_IMP_THIDDIAXL003_Cas9_PhoX_DIA12_CV486075_250ng_FAIMS_002 P1_IEKILTFR P2_GKSDNVPSEEVVK 3 2,Q99ZW2,null,,false,Q99ZW2,null,,false,866,442,,10.114999,false,true,false,false,1,1,Self,0,0.001057,0.001767,,10.114999,,,0,0,0,,0,0,,0
1137,1616,Scan: 1488586 Run: DIA12_CV486075:20251228_A2_N1_Mueller_MS_TechHub_IMP_THIDDIAXL003_Cas9_PhoX_DIA12_CV486075_250ng_FAIMS_003 P1_IEKILTFR P2_DKQSGK 3 2,Q99ZW2,null,,false,Q99ZW2,null,,false,673,442,,10.109472,false,true,false,false,1,1,Self,0,0.001057,0.001767,10.109472,,,,0,0,0,,0,0,,0
1136,1615,Scan: 1744553 Run: DIA12_CV486075:20251228_A2_N1_Mueller_MS_TechHub_IMP_THIDDIAXL003_Cas9_PhoX_DIA12_CV486075_250ng_FAIMS_003 P1_KDFQFYK P2_GKSDNVPSEEVVK 1 2,Q99ZW2,null,,false,Q99ZW2,null,,false,866,968,,10.107805,false,true,false,false,1,1,Self,0,0.001057,0.001767,10.107805,,,,0,0,0,,0,0,,0
1135,1614,Scan: 1113715 Run: DIA12_CV486075:20251228_A2_N1_Mueller_MS_TechHub_IMP_THIDDIAXL003_Cas9_PhoX_DIA12_CV486075_250ng_FAIMS_002 P1_IEEGIKELGSQILK P2_EHPVENTQLQNEKLYLYYLQNGR 6 13,Q99ZW2,null,,false,Q99ZW2,null,,false,810,789,,10.107531,false,true,false,false,1,1,Self,0,0.001057,0.001767,,10.107531,,,0,0,0,,0,0,,0
1134,1613,Scan: 21351 Run: DIA12_CV486075:20251228_A2_N1_Mueller_MS_TechHub_IMP_THIDDIAXL003_Cas9_PhoX_DIA12_CV486075_250ng_FAIMS_001 P1_LPKYSLFELENGR P2_KRPLIETNGETGEIVWDK 3 1,Q99ZW2,null,,false,Q99ZW2,null,,false,1059,1200,,10.107476,false,true,false,false,1,1,Self,0,0.001057,0.001767,,,10.107476,,0,0,0,,0,0,,0
1133,1612,Scan: 1309666 Run: DIA12_CV486075:20251228_A2_N1_Mueller_MS_TechHub_IMP_THIDDIAXL003_Cas9_PhoX_DIA12_CV486075_250ng_FAIMS_003 P1_VILADANLDKVLSAYNK P2_SSFEKNPIDFLEAK 10 5,Q99ZW2,null,,false,Q99ZW2,null,,false,1176,1289,,10.106377,false,true,false,false,1,1,Self,0,0.001057,0.001767,10.106377,,,,0,0,0,,0,0,,0
1130,1607,Scan: 1744220 Run: DIA12_CV486075:20251228_A2_N1_Mueller_MS_TechHub_IMP_THIDDIAXL003_Cas9_PhoX_DIA12_CV486075_250ng_FAIMS_003 P1_GKSDNVPSEEVVK P2_GGLSELDKAGFIK 2 8,Q99ZW2,null,,false,Q99ZW2,null,,false,913,866,,10.102455,false,true,false,false,1,1,Self,0,0.001058,0.00177,10.102455,,,,0,0,0,,0,0,,0
1129,1606,Scan: 614479 Run: DIA12_CV486075:20251228_A2_N1_Mueller_MS_TechHub_IMP_THIDDIAXL003_Cas9_PhoX_DIA12_CV486075_250ng_FAIMS_002 P1_MIAKSEQEIGK P2_ATAKYFFYSNIMNFFK 4 4,Q99ZW2,null,,false,Q99ZW2,null,,false,1035,1024,,10.102312,false,true,false,false,1,1,Self,0,0.001058,0.00177,,10.102312,9.414688,,0,0,0,,0,0,,0
1128,1605,Scan: 1356491 Run: DIA12_CV486075:20251228_A2_N1_Mueller_MS_TechHub_IMP_THIDDIAXL003_Cas9_PhoX_DIA12_CV486075_250ng_FAIMS_003 P1_SSFEKNPIDFLEAK P2_LKGSPEDNEQK 5 2,Q99ZW2,null,,false,Q99ZW2,null,,false,1246,1176,,10.102019,false,true,false,false,1,1,Self,0,0.001058,0.00177,10.102019,,,,0,0,0,,0,0,,0
1127,1604,Scan: 690597 Run: DIA12_CV486075:20251228_A2_N1_Mueller_MS_TechHub_IMP_THIDDIAXL003_Cas9_PhoX_DIA12_CV486075_250ng_FAIMS_002 P1_NSDKLIAR P2_KFDNLTK 4 1,Q99ZW2,null,,false,Q99ZW2,null,,false,896,1118,,10.101493,false,true,false,false,1,1,Self,0,0.001058,0.00177,,10.101493,,,0,0,0,,0,0,,0
1126,1598,Scan: 430528 Run: DIA12_CV486075:20251228_A2_N1_Mueller_MS_TechHub_IMP_THIDDIAXL003_Cas9_PhoX_DIA12_CV486075_250ng_FAIMS_001 P1_QLKEDYFK P2_KLINGIR 3 1,Q99ZW2,null,,false,Q99ZW2,null,,false,665,565,,10.093976,false,true,false,false,1,1,Self,0,0.001058,0.00177,,,10.093976,,0,0,0,,0,0,,0
1125,1596,Scan: 1027841 Run: DIA12_CV486075:20251228_A2_N1_Mueller_MS_TechHub_IMP_THIDDIAXL003_Cas9_PhoX_DIA12_CV486075_250ng_FAIMS_002 P1_KLINGIR P2_KAIVDLLFK 1 1,Q99ZW2,null,,false,Q99ZW2,null,,false,546,665,,10.091517,false,true,false,false,1,1,Self,0,0.001058,0.00177,,10.091517,,,0,0,0,,0,0,,0
1124,1594,Scan: 1766577 Run: DIA12_CV486075:20251228_A2_N1_Mueller_MS_TechHub_IMP_THIDDIAXL003_Cas9_PhoX_DIA12_CV486075_250ng_FAIMS_003 P1_QITKHVAQILDSR P2_KLVDSTDK 4 1,Q99ZW2,null,,false,Q99ZW2,null,,false,141,929,,10.090098,false,true,false,false,1,1,Self,0,0.001058,0.00177,10.090098,,,,0,0,0,,0,0,,0
1123,1593,Scan: 260032 Run: DIA12_CV486075:20251228_A2_N1_Mueller_MS_TechHub_IMP_THIDDIAXL003_Cas9_PhoX_DIA12_CV486075_250ng_FAIMS_001 P1_YKEIFFDQSK P2_FNASLGTYHDLLKIIK 2 13,Q99ZW2,null,,false,Q99ZW2,null,,false,599,348,,10.090089,false,true,false,false,1,1,Self,0,0.001058,0.00177,9.580922,,10.090089,,0,0,0,,0,0,,0
1122,1590,Scan: 1715466 Run: DIA12_CV486075:20251228_A2_N1_Mueller_MS_TechHub_IMP_THIDDIAXL003_Cas9_PhoX_DIA12_CV486075_250ng_FAIMS_003 P1_NSDKLIAR P2_ELGSQILKEHPVENTQLQNEK 4 8,Q99ZW2,null,,false,Q99ZW2,null,,false,797,1118,,10.08817,false,true,false,false,1,1,Self,0,0.001058,0.001773,10.08817,,,,0,0,0,,0,0,,0
1121,1589,Scan: 1392627 Run: DIA12_CV486075:20251228_A2_N1_Mueller_MS_TechHub_IMP_THIDDIAXL003_Cas9_PhoX_DIA12_CV486075_250ng_FAIMS_003 P1_YTSTKEVLDATLIHQSITGLYETR P2_KYGGFDSPTVAYSVLVVAK 5 1,Q99ZW2,null,,false,Q99ZW2,null,,false,1130,1340,,10.087492,false,true,false,false,1,1,Self,0,0.001058,0.001773,10.087492,,,,0,0,0,,0,0,,0
1119,1587,Scan: 247286 Run: DIA12_CV486075:20251228_A2_N1_Mueller_MS_TechHub_IMP_THIDDIAXL003_Cas9_PhoX_DIA12_CV486075_250ng_FAIMS_001 P1_YDEHHQDLTLLKALVR P2_NSDKLIAR 12 4,Q99ZW2,null,,false,Q99ZW2,null,,false,1118,336,,10.085644,false,true,false,false,1,1,Self,0,0.001058,0.001773,,,10.085644,,0,0,0,,0,0,,0
1118,1584,Scan: 1769157 Run: DIA12_CV486075:20251228_A2_N1_Mueller_MS_TechHub_IMP_THIDDIAXL003_Cas9_PhoX_DIA12_CV486075_250ng_FAIMS_003 P1_QLLNAKLITQR P2_QITKHVAQILDSR 6 4,Q99ZW2,null,,false,Q99ZW2,null,,false,929,890,,10.08266,false,true,false,false,1,1,Self,0,0.001058,0.001773,10.08266,,,,0,0,0,,0,0,,0
1117,1583,Scan: 1339467 Run: DIA12_CV486075:20251228_A2_N1_Mueller_MS_TechHub_IMP_THIDDIAXL003_Cas9_PhoX_DIA12_CV486075_250ng_FAIMS_003 P1_LPKYSLFELENGR P2_GNELALPSKYVNFLYLASHYEK 3 9,Q99ZW2,null,,false,Q99ZW2,null,,false,1231,1200,,10.081958,false,true,false,false,1,1,Self,0,0.001058,0.001773,10.081958,,,,0,0,0,,0,0,,0
1116,1582,Scan: 843139 Run: DIA12_CV486075:20251228_A2_N1_Mueller_MS_TechHub_IMP_THIDDIAXL003_Cas9_PhoX_DIA12_CV486075_250ng_FAIMS_002 P1_KFDNLTK P2_FKVLGNTDR 1 2,Q99ZW2,null,,false,Q99ZW2,null,,false,33,896,,10.081611,false,true,false,false,1,1,Self,0,0.001058,0.001773,,10.081611,,,0,0,0,,0,0,,0
1114,1578,Scan: 1399462 Run: DIA12_CV486075:20251228_A2_N1_Mueller_MS_TechHub_IMP_THIDDIAXL003_Cas9_PhoX_DIA12_CV486075_250ng_FAIMS_003 P1_KLVDSTDK P2_KGILQTVK 1 1,Q99ZW2,null,,false,Q99ZW2,null,,false,735,141,,10.078341,false,true,false,false,1,1,Self,0,0.001058,0.001773,10.078341,,,,0,0,0,,0,0,,0
1110,1572,Scan: 1650928 Run: DIA12_CV486075:20251228_A2_N1_Mueller_MS_TechHub_IMP_THIDDIAXL003_Cas9_PhoX_DIA12_CV486075_250ng_FAIMS_003 P1_KNGLFGNLIALSLGLTPNFK P2_EDIQKAQVSGQGDSLHEHIANLAGSPAIK 1 5,Q99ZW2,null,,false,Q99ZW2,null,,false,710,234,,10.072557,false,true,false,false,1,1,Self,0,0.001059,0.001773,10.072557,,,,0,0,0,,0,0,,0
1109,1568,Scan: 38011 Run: DIA12_CV486075:20251228_A2_N1_Mueller_MS_TechHub_IMP_THIDDIAXL003_Cas9_PhoX_DIA12_CV486075_250ng_FAIMS_001 P1_KTEVQTGGFSK P2_KLVDSTDK 1 1,Q99ZW2,null,,false,Q99ZW2,null,,false,141,1097,,10.070744,false,true,false,false,1,1,Self,0,0.001059,0.001773,,,10.070744,,0,0,0,,0,0,,0
1108,1566,Scan: 1378040 Run: DIA12_CV486075:20251228_A2_N1_Mueller_MS_TechHub_IMP_THIDDIAXL003_Cas9_PhoX_DIA12_CV486075_250ng_FAIMS_003 P1_VILADANLDKVLSAYNK P2_KLVDSTDK 10 1,Q99ZW2,null,,false,Q99ZW2,null,,false,141,1289,,10.067886,false,true,false,false,1,1,Self,0,0.001059,0.001773,10.067886,,,,0,0,0,,0,0,,0
1107,1564,Scan: 1486198 Run: DIA12_CV486075:20251228_A2_N1_Mueller_MS_TechHub_IMP_THIDDIAXL003_Cas9_PhoX_DIA12_CV486075_250ng_FAIMS_003 P1_KLVDSTDK P2_IEKILTFR 1 3,Q99ZW2,null,,false,Q99ZW2,null,,false,442,141,,10.067194,false,true,false,false,1,1,Self,0,0.001059,0.001773,10.067194,,,,0,0,0,,0,0,,0
1106,1561,Scan: 492010 Run: DIA12_CV486075:20251228_A2_N1_Mueller_MS_TechHub_IMP_THIDDIAXL003_Cas9_PhoX_DIA12_CV486075_250ng_FAIMS_001 P1_YKEIFFDQSK P2_GILQTVKVVDELVK 2 7,Q99ZW2,null,,false,Q99ZW2,null,,false,742,348,,10.062221,false,true,false,false,1,1,Self,0,0.001059,0.001773,,,10.062221,,0,0,0,,0,0,,0
1105,1559,Scan: 711772 Run: DIA12_CV486075:20251228_A2_N1_Mueller_MS_TechHub_IMP_THIDDIAXL003_Cas9_PhoX_DIA12_CV486075_250ng_FAIMS_002 P1_SSFEKNPIDFLEAK P2_LPKYSLFELENGR 5 3,Q99ZW2,null,,false,Q99ZW2,null,,false,1200,1176,,10.058838,false,true,false,false,1,1,Self,0,0.001059,0.001776,,10.058838,,,0,0,0,,0,0,,0
1104,1558,Scan: 703102 Run: DIA12_CV486075:20251228_A2_N1_Mueller_MS_TechHub_IMP_THIDDIAXL003_Cas9_PhoX_DIA12_CV486075_250ng_FAIMS_002 P1_KYGGFDSPTVAYSVLVVAK P2_EQAENIIHLFTLTNLGAPAAFKYFDTTIDR 1 22,Q99ZW2,null,,false,Q99ZW2,null,,false,1325,1130,,10.057357,false,true,false,false,1,1,Self,0,0.001059,0.001776,,10.057357,,,0,0,0,,0,0,,0
1103,1556,Scan: 261299 Run: DIA12_CV486075:20251228_A2_N1_Mueller_MS_TechHub_IMP_THIDDIAXL003_Cas9_PhoX_DIA12_CV486075_250ng_FAIMS_001 P1_YKEIFFDQSK P2_KFDNLTK 2 1,Q99ZW2,null,,false,Q99ZW2,null,,false,896,348,,10.05592,false,true,false,false,1,1,Self,0,0.001059,0.001776,,,10.05592,,0,0,0,,0,0,,0
1102,1554,Scan: 1124773 Run: DIA12_CV486075:20251228_A2_N1_Mueller_MS_TechHub_IMP_THIDDIAXL003_Cas9_PhoX_DIA12_CV486075_250ng_FAIMS_002 P1_KDFQFYK P2_ELGSQILKEHPVENTQLQNEK 1 8,Q99ZW2,null,,false,Q99ZW2,null,,false,797,968,,10.055228,false,true,false,false,1,1,Self,0,0.001059,0.001776,,10.055228,,,0,0,0,,0,0,,0
1101,1553,Scan: 1169906 Run: DIA12_CV486075:20251228_A2_N1_Mueller_MS_TechHub_IMP_THIDDIAXL003_Cas9_PhoX_DIA12_CV486075_250ng_FAIMS_002 P1_SEETITPWNFEEVVDKGASAQSFIER P2_QITKHVAQILDSR 16 4,Q99ZW2,null,,false,Q99ZW2,null,,false,929,484,,10.054299,false,true,false,false,1,1,Self,0,0.001059,0.001776,,10.054299,,,0,0,0,,0,0,,0
1098,1548,Scan: 444194 Run: DIA12_CV486075:20251228_A2_N1_Mueller_MS_TechHub_IMP_THIDDIAXL003_Cas9_PhoX_DIA12_CV486075_250ng_FAIMS_001 P1_TILDFLKSDGFANR P2_FKVLGNTDR 7 2,Q99ZW2,null,,false,Q99ZW2,null,,false,33,684,,10.047973,false,true,false,false,1,1,Self,0,0.00106,0.001779,,,10.047973,,0,0,0,,0,0,,0
1096,1545,Scan: 353184 Run: DIA12_CV486075:20251228_A2_N1_Mueller_MS_TechHub_IMP_THIDDIAXL003_Cas9_PhoX_DIA12_CV486075_250ng_FAIMS_001 P1_NSDKLIAR P2_MTNFDKNLPNEK 4 6,Q99ZW2,null,,false,Q99ZW2,null,,false,500,1118,,10.043443,false,true,false,false,1,1,Self,0,0.00106,0.001779,9.211467,,10.043443,,0,0,0,,0,0,,0
1095,1543,Scan: 801958 Run: DIA12_CV486075:20251228_A2_N1_Mueller_MS_TechHub_IMP_THIDDIAXL003_Cas9_PhoX_DIA12_CV486075_250ng_FAIMS_002 P1_TILDFLKSDGFANR P2_KLVDSTDK 7 1,Q99ZW2,null,,false,Q99ZW2,null,,false,141,684,,10.042704,false,true,false,false,1,1,Self,0,0.00106,0.001779,,10.042704,,,0,0,0,,0,0,,0
1094,1541,Scan: 1483129 Run: DIA12_CV486075:20251228_A2_N1_Mueller_MS_TechHub_IMP_THIDDIAXL003_Cas9_PhoX_DIA12_CV486075_250ng_FAIMS_003 P1_RQEDFYPFLKDNR P2_KLVDSTDK 10 1,Q99ZW2,null,,false,Q99ZW2,null,,false,141,434,,10.041947,false,true,false,false,1,1,Self,0,0.00106,0.001783,10.041947,,,,0,0,0,,0,0,,0
1093,1540,Scan: 1600346 Run: DIA12_CV486075:20251228_A2_N1_Mueller_MS_TechHub_IMP_THIDDIAXL003_Cas9_PhoX_DIA12_CV486075_250ng_FAIMS_003 P1_SKLVSDFR P2_KAIVDLLFK 2 1,Q99ZW2,null,,false,Q99ZW2,null,,false,546,961,,10.041467,false,true,false,false,1,1,Self,0,0.00106,0.001783,10.041467,,,,0,0,0,,0,0,,0
1092,1538,Scan: 1783290 Run: DIA12_CV486075:20251228_A2_N1_Mueller_MS_TechHub_IMP_THIDDIAXL003_Cas9_PhoX_DIA12_CV486075_250ng_FAIMS_003 P1_SKLVSDFR P2_KLVDSTDK 2 1,Q99ZW2,null,,false,Q99ZW2,null,,false,141,961,,10.040614,false,true,false,false,1,1,Self,0,0.00106,0.001783,10.040614,,,,0,0,0,,0,0,,0
1091,1537,Scan: 537003 Run: DIA12_CV486075:20251228_A2_N1_Mueller_MS_TechHub_IMP_THIDDIAXL003_Cas9_PhoX_DIA12_CV486075_250ng_FAIMS_001 P1_KGILQTVK P2_EHPVENTQLQNEKLYLYYLQNGR 1 13,Q99ZW2,null,,false,Q99ZW2,null,,false,810,735,,10.040536,false,true,false,false,1,1,Self,0,0.00106,0.001783,,,10.040536,,0,0,0,,0,0,,0
1090,1536,Scan: 1021777 Run: DIA12_CV486075:20251228_A2_N1_Mueller_MS_TechHub_IMP_THIDDIAXL003_Cas9_PhoX_DIA12_CV486075_250ng_FAIMS_002 P1_NSDKLIAR P2_LKTYAHLFDDK 4 2,Q99ZW2,null,,false,Q99ZW2,null,,false,637,1118,,10.040511,false,true,false,false,1,1,Self,0,0.00106,0.001783,,10.040511,,,0,0,0,,0,0,,0
1089,1535,Scan: 845054 Run: DIA12_CV486075:20251228_A2_N1_Mueller_MS_TechHub_IMP_THIDDIAXL003_Cas9_PhoX_DIA12_CV486075_250ng_FAIMS_002 P1_YDEHHQDLTLLKALVR P2_SSFEKNPIDFLEAK 12 5,Q99ZW2,null,,false,Q99ZW2,null,,false,1176,336,,10.039868,false,true,false,false,1,1,Self,0,0.00106,0.001783,,10.039868,,,0,0,0,,0,0,,0
1088,1534,Scan: 675308 Run: DIA12_CV486075:20251228_A2_N1_Mueller_MS_TechHub_IMP_THIDDIAXL003_Cas9_PhoX_DIA12_CV486075_250ng_FAIMS_002 P1_VLPKHSLLYEYFTVYNELTK P2_LEESFLVEEDKK 4 11,Q99ZW2,null,,false,Q99ZW2,null,,false,111,510,,10.037123,false,true,false,false,1,1,Self,0,0.00106,0.001783,,10.037123,,,0,0,0,,0,0,,0
1087,1532,Scan: 1638409 Run: DIA12_CV486075:20251228_A2_N1_Mueller_MS_TechHub_IMP_THIDDIAXL003_Cas9_PhoX_DIA12_CV486075_250ng_FAIMS_003 P1_VILADANLDKVLSAYNK P2_TILDFLKSDGFANR 10 7,Q99ZW2,null,,false,Q99ZW2,null,,false,684,1289,,10.036114,false,true,false,false,1,1,Self,0,0.00106,0.001783,10.036114,,,,0,0,0,,0,0,,0
1086,1530,Scan: 1439462 Run: DIA12_CV486075:20251228_A2_N1_Mueller_MS_TechHub_IMP_THIDDIAXL003_Cas9_PhoX_DIA12_CV486075_250ng_FAIMS_003 P1_QLKEDYFK P2_FKVLGNTDR 3 2,Q99ZW2,null,,false,Q99ZW2,null,,false,33,565,,10.034763,false,true,false,false,1,1,Self,0,0.00106,0.001783,10.034763,,9.324357,,0,0,0,,0,0,,0
1085,1529,Scan: 1721782 Run: DIA12_CV486075:20251228_A2_N1_Mueller_MS_TechHub_IMP_THIDDIAXL003_Cas9_PhoX_DIA12_CV486075_250ng_FAIMS_003 P1_KFDNLTK P2_ELGSQILKEHPVENTQLQNEK 1 8,Q99ZW2,null,,false,Q99ZW2,null,,false,797,896,,10.033965,false,true,false,false,1,1,Self,0,0.00106,0.001783,10.033965,,,,0,0,0,,0,0,,0
1084,1527,Scan: 449730 Run: DIA12_CV486075:20251228_A2_N1_Mueller_MS_TechHub_IMP_THIDDIAXL003_Cas9_PhoX_DIA12_CV486075_250ng_FAIMS_001 P1_TILDFLKSDGFANR P2_SKLVSDFR 7 2,Q99ZW2,null,,false,Q99ZW2,null,,false,961,684,,10.03357,false,true,false,false,1,1,Self,0,0.00106,0.001783,,,10.03357,,0,0,0,,0,0,,0
1082,1524,Scan: 1717816 Run: DIA12_CV486075:20251228_A2_N1_Mueller_MS_TechHub_IMP_THIDDIAXL003_Cas9_PhoX_DIA12_CV486075_250ng_FAIMS_003 P1_IEKILTFR P2_ELGSQILKEHPVENTQLQNEK 3 8,Q99ZW2,null,,false,Q99ZW2,null,,false,797,442,,10.030075,false,true,false,false,1,1,Self,0,0.00106,0.001783,10.030075,,,,0,0,0,,0,0,,0
1081,1523,Scan: 514030 Run: DIA12_CV486075:20251228_A2_N1_Mueller_MS_TechHub_IMP_THIDDIAXL003_Cas9_PhoX_DIA12_CV486075_250ng_FAIMS_001 P1_TEVQTGGFSKESILPK P2_IEEGIKELGSQILK 10 6,Q99ZW2,null,,false,Q99ZW2,null,,false,789,1107,,10.030011,false,true,false,false,1,1,Self,0,0.00106,0.001783,,,10.030011,,0,0,0,,0,0,,0
1080,1522,Scan: 1379639 Run: DIA12_CV486075:20251228_A2_N1_Mueller_MS_TechHub_IMP_THIDDIAXL003_Cas9_PhoX_DIA12_CV486075_250ng_FAIMS_003 P1_VILADANLDKVLSAYNK P2_GKSDNVPSEEVVK 10 2,Q99ZW2,null,,false,Q99ZW2,null,,false,866,1289,,10.029078,false,true,false,false,1,1,Self,0,0.00106,0.003565,10.029078,,,,0,0,0,,0,0,,0
1079,1521,Scan: 1367175 Run: DIA12_CV486075:20251228_A2_N1_Mueller_MS_TechHub_IMP_THIDDIAXL003_Cas9_PhoX_DIA12_CV486075_250ng_FAIMS_003 P1_GSPEDNEQKQLFVEQHK P2_FKVLGNTDR 9 2,Q99ZW2,null,,false,Q99ZW2,null,,false,33,1255,,10.029037,false,true,false,false,1,1,Self,0,0.00106,0.003565,10.029037,,,,0,0,0,,0,0,,0
1075,1511,Scan: 446168 Run: DIA12_CV486075:20251228_A2_N1_Mueller_MS_TechHub_IMP_THIDDIAXL003_Cas9_PhoX_DIA12_CV486075_250ng_FAIMS_001 P1_TILDFLKSDGFANR P2_KPAFLSGEQK 7 1,Q99ZW2,null,,false,Q99ZW2,null,,false,536,684,,10.020863,false,true,false,false,1,1,Self,0,0.001061,0.003521,,,10.020863,,0,0,0,,0,0,,0
1074,1510,Scan: 147076 Run: DIA12_CV486075:20251228_A2_N1_Mueller_MS_TechHub_IMP_THIDDIAXL003_Cas9_PhoX_DIA12_CV486075_250ng_FAIMS_001 P1_SKLVSDFR P2_LPKYSLFELENGR 2 3,Q99ZW2,null,,false,Q99ZW2,null,,false,1200,961,,10.020806,false,true,false,false,1,1,Self,0,0.001061,0.003521,,,10.020806,,0,0,0,,0,0,,0
1073,1509,Scan: 888736 Run: DIA12_CV486075:20251228_A2_N1_Mueller_MS_TechHub_IMP_THIDDIAXL003_Cas9_PhoX_DIA12_CV486075_250ng_FAIMS_002 P1_IEKILTFR P2_DKPIR 3 2,Q99ZW2,null,,false,Q99ZW2,null,,false,1300,442,,10.019941,false,true,false,false,1,1,Self,0,0.001061,0.003503,,10.019941,,,0,0,0,,0,0,,0
1072,1507,Scan: 1158483 Run: DIA12_CV486075:20251228_A2_N1_Mueller_MS_TechHub_IMP_THIDDIAXL003_Cas9_PhoX_DIA12_CV486075_250ng_FAIMS_002 P1_KFDNLTK P2_IEKILTFR 1 3,Q99ZW2,null,,false,Q99ZW2,null,,false,442,896,,10.018884,false,true,false,false,1,1,Self,0,0.001061,0.003497,,10.018884,,,0,0,0,,0,0,,0
1071,1505,Scan: 1082277 Run: DIA12_CV486075:20251228_A2_N1_Mueller_MS_TechHub_IMP_THIDDIAXL003_Cas9_PhoX_DIA12_CV486075_250ng_FAIMS_002 P1_QITKHVAQILDSR P2_KGILQTVK 4 1,Q99ZW2,null,,false,Q99ZW2,null,,false,735,929,,10.018384,false,true,false,false,1,1,Self,0,0.001061,0.003497,,10.018384,,,0,0,0,,0,0,,0
1069,1503,Scan: 781891 Run: DIA12_CV486075:20251228_A2_N1_Mueller_MS_TechHub_IMP_THIDDIAXL003_Cas9_PhoX_DIA12_CV486075_250ng_FAIMS_002 P1_VILADANLDKVLSAYNK P2_KGILQTVK 10 1,Q99ZW2,null,,false,Q99ZW2,null,,false,735,1289,,10.016538,false,true,false,false,1,1,Self,0,0.001061,0.003478,,10.016538,,,0,0,0,,0,0,,0
1067,1501,Scan: 1377147 Run: DIA12_CV486075:20251228_A2_N1_Mueller_MS_TechHub_IMP_THIDDIAXL003_Cas9_PhoX_DIA12_CV486075_250ng_FAIMS_003 P1_VILADANLDKVLSAYNK P2_KKDWDPK 10 1,Q99ZW2,null,,false,Q99ZW2,null,,false,1123,1289,,10.011754,false,true,false,false,1,1,Self,0,0.001061,0.003478,10.011754,,,,0,0,0,,0,0,,0
1066,1499,Scan: 613057 Run: DIA12_CV486075:20251228_A2_N1_Mueller_MS_TechHub_IMP_THIDDIAXL003_Cas9_PhoX_DIA12_CV486075_250ng_FAIMS_002 P1_YKEIFFDQSK P2_SEQEIGKATAK 2 7,Q99ZW2,null,,false,Q99ZW2,null,,false,1031,348,,10.010092,false,true,false,false,1,1,Self,0,0.001061,0.00346,9.636758,10.010092,,,0,0,0,,0,0,,0
1065,1496,Scan: 781386 Run: DIA12_CV486075:20251228_A2_N1_Mueller_MS_TechHub_IMP_THIDDIAXL003_Cas9_PhoX_DIA12_CV486075_250ng_FAIMS_002 P1_VILADANLDKVLSAYNK P2_KAIVDLLFK 10 1,Q99ZW2,null,,false,Q99ZW2,null,,false,546,1289,,10.006805,false,true,false,false,1,1,Self,0,0.001061,0.003442,,10.006805,,,0,0,0,,0,0,,0
1064,1494,Scan: 383428 Run: DIA12_CV486075:20251228_A2_N1_Mueller_MS_TechHub_IMP_THIDDIAXL003_Cas9_PhoX_DIA12_CV486075_250ng_FAIMS_001 P1_MTNFDKNLPNEK P2_KPAFLSGEQK 6 1,Q99ZW2,null,,false,Q99ZW2,null,,false,536,500,,10.005101,false,true,false,false,1,1,Self,0,0.001061,0.005155,,,10.005101,,0,0,0,,0,0,,0
1063,1492,Scan: 1340837 Run: DIA12_CV486075:20251228_A2_N1_Mueller_MS_TechHub_IMP_THIDDIAXL003_Cas9_PhoX_DIA12_CV486075_250ng_FAIMS_003 P1_LPKYSLFELENGR P2_KSEETITPWNFEEVVDK 3 1,Q99ZW2,null,,false,Q99ZW2,null,,false,468,1200,,10.002845,false,true,false,false,1,1,Self,0,0.001061,0.005155,10.002845,,,,0,0,0,,0,0,,0
1062,1491,Scan: 300613 Run: DIA12_CV486075:20251228_A2_N1_Mueller_MS_TechHub_IMP_THIDDIAXL003_Cas9_PhoX_DIA12_CV486075_250ng_FAIMS_001 P1_KSEETITPWNFEEVVDK P2_ESILPKR 1 6,Q99ZW2,null,,false,Q99ZW2,null,,false,1113,468,,10.000746,false,true,false,false,1,1,Self,0,0.001061,0.005119,,,10.000746,,0,0,0,,0,0,,0
1061,1490,Scan: 1390282 Run: DIA12_CV486075:20251228_A2_N1_Mueller_MS_TechHub_IMP_THIDDIAXL003_Cas9_PhoX_DIA12_CV486075_250ng_FAIMS_003 P1_KPAFLSGEQK P2_EQAENIIHLFTLTNLGAPAAFKYFDTTIDR 1 22,Q99ZW2,null,,false,Q99ZW2,null,,false,1325,536,,9.998105,false,true,false,false,1,1,Self,0,0.001061,0.005085,9.998105,,,,0,0,0,,0,0,,0
1060,1489,Scan: 115059 Run: DIA12_CV486075:20251228_A2_N1_Mueller_MS_TechHub_IMP_THIDDIAXL003_Cas9_PhoX_DIA12_CV486075_250ng_FAIMS_001 P1_SSFEKNPIDFLEAK P2_EQAENIIHLFTLTNLGAPAAFKYFDTTIDR 5 22,Q99ZW2,null,,false,Q99ZW2,null,,false,1325,1176,,9.997969,false,true,false,false,1,1,Self,0,0.001061,0.005076,,,9.997969,,0,0,0,,0,0,,0
1059,1488,Scan: 801700 Run: DIA12_CV486075:20251228_A2_N1_Mueller_MS_TechHub_IMP_THIDDIAXL003_Cas9_PhoX_DIA12_CV486075_250ng_FAIMS_002 P1_LSKSR P2_KLVDSTDK 3 1,Q99ZW2,null,,false,Q99ZW2,null,,false,141,218,,9.996811,false,true,false,false,1,1,Self,0,0.001061,0.005059,,9.996811,,,0,0,0,,0,0,,0
1058,1486,Scan: 598079 Run: DIA12_CV486075:20251228_A2_N1_Mueller_MS_TechHub_IMP_THIDDIAXL003_Cas9_PhoX_DIA12_CV486075_250ng_FAIMS_002 P1_KYPKLESEFVYGDYK P2_ATAKYFFYSNIMNFFK 4 4,Q99ZW2,null,,false,Q99ZW2,null,,false,1035,1003,,9.995548,false,true,false,false,1,1,Self,0,0.001061,0.005042,9.297938,9.995548,,,0,0,0,,0,0,,0
1057,1483,Scan: 1633823 Run: DIA12_CV486075:20251228_A2_N1_Mueller_MS_TechHub_IMP_THIDDIAXL003_Cas9_PhoX_DIA12_CV486075_250ng_FAIMS_003 P1_QSGKTILDFLK P2_KDWDPK 4 1,Q99ZW2,null,,false,Q99ZW2,null,,false,1124,677,,9.994435,false,true,false,false,1,1,Self,0,0.001061,0.005034,9.994435,,,,0,0,0,,0,0,,0
1056,1482,Scan: 1451441 Run: DIA12_CV486075:20251228_A2_N1_Mueller_MS_TechHub_IMP_THIDDIAXL003_Cas9_PhoX_DIA12_CV486075_250ng_FAIMS_003 P1_YKEIFFDQSK P2_SNFDLAEDAKLQLSK 2 10,Q99ZW2,null,,false,Q99ZW2,null,,false,263,348,,9.990333,false,true,false,false,1,1,Self,0,0.001062,0.005,9.990333,,9.697398,,0,0,0,,0,0,,0
1055,1481,Scan: 1709160 Run: DIA12_CV486075:20251228_A2_N1_Mueller_MS_TechHub_IMP_THIDDIAXL003_Cas9_PhoX_DIA12_CV486075_250ng_FAIMS_003 P1_KLVDSTDK P2_IEEGIKELGSQILK 1 6,Q99ZW2,null,,false,Q99ZW2,null,,false,789,141,,9.989804,false,true,false,false,1,1,Self,0,0.001062,0.004983,9.989804,,,,0,0,0,,0,0,,0
1054,1477,Scan: 905961 Run: DIA12_CV486075:20251228_A2_N1_Mueller_MS_TechHub_IMP_THIDDIAXL003_Cas9_PhoX_DIA12_CV486075_250ng_FAIMS_002 P1_NLPNEKVLPK P2_KSEETITPWNFEEVVDK 6 1,Q99ZW2,null,,false,Q99ZW2,null,,false,468,506,,9.985014,false,true,false,false,1,1,Self,0,0.001062,0.004934,,9.985014,9.440591,,0,0,0,,0,0,,0
1053,1476,Scan: 135620 Run: DIA12_CV486075:20251228_A2_N1_Mueller_MS_TechHub_IMP_THIDDIAXL003_Cas9_PhoX_DIA12_CV486075_250ng_FAIMS_001 P1_LKGSPEDNEQK P2_KDLIIK 2 1,Q99ZW2,null,,false,Q99ZW2,null,,false,1192,1246,,9.983867,false,true,false,false,1,1,Self,0,0.001062,0.004926,,,9.983867,,0,0,0,,0,0,,0
1052,1471,Scan: 1704687 Run: DIA12_CV486075:20251228_A2_N1_Mueller_MS_TechHub_IMP_THIDDIAXL003_Cas9_PhoX_DIA12_CV486075_250ng_FAIMS_003 P1_YKEIFFDQSK P2_ENQTTQKGQK 2 7,Q99ZW2,null,,false,Q99ZW2,null,,false,772,348,,9.977943,false,true,false,false,1,1,Self,0,0.001062,0.008104,9.977943,,,,0,0,0,,0,0,,0
1051,1470,Scan: 1677642 Run: DIA12_CV486075:20251228_A2_N1_Mueller_MS_TechHub_IMP_THIDDIAXL003_Cas9_PhoX_DIA12_CV486075_250ng_FAIMS_003 P1_ELGSQILKEHPVENTQLQNEK P2_AQVSGQGDSLHEHIANLAGSPAIKK 8 24,Q99ZW2,null,,false,Q99ZW2,null,,false,734,797,,9.977393,false,true,false,false,1,1,Self,0,0.001062,0.008091,9.977393,,,,0,0,0,,0,0,,0
1047,1463,Scan: 299396 Run: DIA12_CV486075:20251228_A2_N1_Mueller_MS_TechHub_IMP_THIDDIAXL003_Cas9_PhoX_DIA12_CV486075_250ng_FAIMS_001 P1_KSEETITPWNFEEVVDK P2_KRPLIETNGETGEIVWDK 1 1,Q99ZW2,null,,false,Q99ZW2,null,,false,1059,468,,9.974918,false,true,false,false,1,1,Self,0,0.001062,0.008026,,9.716331,9.974918,,0,0,0,,0,0,,0
1046,1462,Scan: 1341654 Run: DIA12_CV486075:20251228_A2_N1_Mueller_MS_TechHub_IMP_THIDDIAXL003_Cas9_PhoX_DIA12_CV486075_250ng_FAIMS_003 P1_LPKYSLFELENGR P2_KGILQTVK 3 1,Q99ZW2,null,,false,Q99ZW2,null,,false,735,1200,,9.97433,false,true,false,false,1,1,Self,0,0.001062,0.008013,9.97433,,,,0,0,0,,0,0,,0
1044,1460,Scan: 1316065 Run: DIA12_CV486075:20251228_A2_N1_Mueller_MS_TechHub_IMP_THIDDIAXL003_Cas9_PhoX_DIA12_CV486075_250ng_FAIMS_003 P1_SSFEKNPIDFLEAK P2_GKSDNVPSEEVVK 5 2,Q99ZW2,null,,false,Q99ZW2,null,,false,866,1176,,9.974067,false,true,false,false,1,1,Self,0,0.001062,0.008013,9.974067,,,,0,0,0,,0,0,,0
1043,1459,Scan: 1756564 Run: DIA12_CV486075:20251228_A2_N1_Mueller_MS_TechHub_IMP_THIDDIAXL003_Cas9_PhoX_DIA12_CV486075_250ng_FAIMS_003 P1_KFDNLTK P2_EVKVITLK 1 3,Q99ZW2,null,,false,Q99ZW2,null,,false,954,896,,9.973705,false,true,false,false,1,1,Self,0,0.001062,0.008013,9.973705,,,,0,0,0,,0,0,,0
1042,1458,Scan: 1498870 Run: DIA12_CV486075:20251228_A2_N1_Mueller_MS_TechHub_IMP_THIDDIAXL003_Cas9_PhoX_DIA12_CV486075_250ng_FAIMS_003 P1_KSEETITPWNFEEVVDK P2_KLVDSTDK 1 1,Q99ZW2,null,,false,Q99ZW2,null,,false,141,468,,9.973458,false,true,false,false,1,1,Self,0,0.001062,0.008013,9.973458,,,,0,0,0,,0,0,,0
1041,1457,Scan: 254364 Run: DIA12_CV486075:20251228_A2_N1_Mueller_MS_TechHub_IMP_THIDDIAXL003_Cas9_PhoX_DIA12_CV486075_250ng_FAIMS_001 P1_YKEIFFDQSK P2_ESILPKR 2 6,Q99ZW2,null,,false,Q99ZW2,null,,false,1113,348,,9.973013,false,true,false,false,1,1,Self,0,0.001062,0.009615,,,9.973013,,0,0,0,,0,0,,0
1040,1455,Scan: 523076 Run: DIA12_CV486075:20251228_A2_N1_Mueller_MS_TechHub_IMP_THIDDIAXL003_Cas9_PhoX_DIA12_CV486075_250ng_FAIMS_001 P1_KNLIGALLFDSGETAEATR P2_ELGSQILKEHPVENTQLQNEK 1 8,Q99ZW2,null,,false,Q99ZW2,null,,false,797,45,,9.972438,false,true,false,false,1,1,Self,0,0.001062,0.0096,,,9.972438,,0,0,0,,0,0,,0
1039,1453,Scan: 1215677 Run: DIA12_CV486075:20251228_A2_N1_Mueller_MS_TechHub_IMP_THIDDIAXL003_Cas9_PhoX_DIA12_CV486075_250ng_FAIMS_003 P1_KVLSMPQVNIVK P2_KRPLIETNGETGEIVWDK 1 1,Q99ZW2,null,,false,Q99ZW2,null,,false,1059,1085,,9.97005,false,true,false,false,1,1,Self,0,0.001062,0.011146,9.97005,,,,0,0,0,,0,0,,0
1038,1452,Scan: 1509280 Run: DIA12_CV486075:20251228_A2_N1_Mueller_MS_TechHub_IMP_THIDDIAXL003_Cas9_PhoX_DIA12_CV486075_250ng_FAIMS_003 P1_SKLVSDFR P2_KSEETITPWNFEEVVDK 2 1,Q99ZW2,null,,false,Q99ZW2,null,,false,468,961,,9.969102,false,true,false,false,1,1,Self,0,0.001062,0.011129,9.969102,,,,0,0,0,,0,0,,0
1037,1451,Scan: 732518 Run: DIA12_CV486075:20251228_A2_N1_Mueller_MS_TechHub_IMP_THIDDIAXL003_Cas9_PhoX_DIA12_CV486075_250ng_FAIMS_002 P1_KVTVK P2_GYKEVK 1 3,Q99ZW2,null,,false,Q99ZW2,null,,false,1188,558,,9.968922,false,true,false,false,1,1,Self,0,0.001062,0.011129,,9.968922,,,0,0,0,,0,0,,0
1036,1450,Scan: 873434 Run: DIA12_CV486075:20251228_A2_N1_Mueller_MS_TechHub_IMP_THIDDIAXL003_Cas9_PhoX_DIA12_CV486075_250ng_FAIMS_002 P1_KDLIIK P2_FIKPILEK 1 3,Q99ZW2,null,,false,Q99ZW2,null,,false,377,1192,,9.967044,false,true,false,false,1,1,Self,0,0.001062,0.011111,,9.967044,,,0,0,0,,0,0,,0
1035,1449,Scan: 1159105 Run: DIA12_CV486075:20251228_A2_N1_Mueller_MS_TechHub_IMP_THIDDIAXL003_Cas9_PhoX_DIA12_CV486075_250ng_FAIMS_002 P1_YDENDKLIR P2_KFDNLTK 6 1,Q99ZW2,null,,false,Q99ZW2,null,,false,896,948,,9.966879,false,true,false,false,1,1,Self,0,0.001062,0.011111,,9.966879,,,0,0,0,,0,0,,0
1034,1448,Scan: 16502 Run: DIA12_CV486075:20251228_A2_N1_Mueller_MS_TechHub_IMP_THIDDIAXL003_Cas9_PhoX_DIA12_CV486075_250ng_FAIMS_001 P1_SEQEIGKATAK P2_ELGSQILKEHPVENTQLQNEK 7 8,Q99ZW2,null,,false,Q99ZW2,null,,false,797,1031,,9.964825,false,true,false,false,1,1,Self,0,0.001063,0.014173,,,9.964825,,0,0,0,,0,0,,0
1033,1445,Scan: 230523 Run: DIA12_CV486075:20251228_A2_N1_Mueller_MS_TechHub_IMP_THIDDIAXL003_Cas9_PhoX_DIA12_CV486075_250ng_FAIMS_001 P1_VNTEITKAPLSASMIK P2_VNTEITKAPLSASMIK 7 7,Q99ZW2,null,,false,Q99ZW2,null,,false,314,314,,9.962753,false,true,false,false,1,1,Self,0,0.001063,0.014151,,,9.962753,,0,0,0,,0,0,,0
1032,1444,Scan: 826607 Run: DIA12_CV486075:20251228_A2_N1_Mueller_MS_TechHub_IMP_THIDDIAXL003_Cas9_PhoX_DIA12_CV486075_250ng_FAIMS_002 P1_SNFDLAEDAKLQLSK P2_SKLVSDFR 10 2,Q99ZW2,null,,false,Q99ZW2,null,,false,961,263,,9.961036,false,true,false,false,1,1,Self,0,0.001063,0.014129,,9.961036,,,0,0,0,,0,0,,0
1031,1443,Scan: 620520 Run: DIA12_CV486075:20251228_A2_N1_Mueller_MS_TechHub_IMP_THIDDIAXL003_Cas9_PhoX_DIA12_CV486075_250ng_FAIMS_002 P1_QSGKTILDFLK P2_KRPLIETNGETGEIVWDK 4 1,Q99ZW2,null,,false,Q99ZW2,null,,false,1059,677,,9.960774,false,true,false,false,1,1,Self,0,0.001063,0.014129,,9.960774,,,0,0,0,,0,0,,0
1030,1442,Scan: 1268089 Run: DIA12_CV486075:20251228_A2_N1_Mueller_MS_TechHub_IMP_THIDDIAXL003_Cas9_PhoX_DIA12_CV486075_250ng_FAIMS_003 P1_TEVQTGGFSKESILPK P2_QSGKTILDFLK 10 4,Q99ZW2,null,,false,Q99ZW2,null,,false,677,1107,,9.960261,false,true,false,false,1,1,Self,0,0.001063,0.015699,9.960261,,,,0,0,0,,0,0,,0
1029,1440,Scan: 1557331 Run: DIA12_CV486075:20251228_A2_N1_Mueller_MS_TechHub_IMP_THIDDIAXL003_Cas9_PhoX_DIA12_CV486075_250ng_FAIMS_003 P1_VLPKHSLLYEYFTVYNELTK P2_LPKYSLFELENGR 4 3,Q99ZW2,null,,false,Q99ZW2,null,,false,1200,510,,9.957796,false,true,false,false,1,1,Self,0,0.001063,0.015601,9.957796,,,,0,0,0,,0,0,,0
1028,1439,Scan: 1420787 Run: DIA12_CV486075:20251228_A2_N1_Mueller_MS_TechHub_IMP_THIDDIAXL003_Cas9_PhoX_DIA12_CV486075_250ng_FAIMS_003 P1_SSFEKNPIDFLEAK P2_SNFDLAEDAKLQLSK 5 10,Q99ZW2,null,,false,Q99ZW2,null,,false,263,1176,,9.957339,false,true,false,false,1,1,Self,0,0.001063,0.017134,9.957339,,,,0,0,0,,0,0,,0
1027,1434,Scan: 162415 Run: DIA12_CV486075:20251228_A2_N1_Mueller_MS_TechHub_IMP_THIDDIAXL003_Cas9_PhoX_DIA12_CV486075_250ng_FAIMS_001 P1_VILADANLDKVLSAYNK P2_LKGSPEDNEQK 10 2,Q99ZW2,null,,false,Q99ZW2,null,,false,1246,1289,,9.955892,false,true,false,false,1,1,Self,0,0.001063,0.017081,,,9.955892,,0,0,0,,0,0,,0
1025,1431,Scan: 293374 Run: DIA12_CV486075:20251228_A2_N1_Mueller_MS_TechHub_IMP_THIDDIAXL003_Cas9_PhoX_DIA12_CV486075_250ng_FAIMS_001 P1_KAIVDLLFK P2_IEKILTFR 1 3,Q99ZW2,null,,false,Q99ZW2,null,,false,442,546,,9.955362,false,true,false,false,1,1,Self,0,0.001063,0.017028,,,9.955362,,0,0,0,,0,0,,0
1024,1430,Scan: 1782923 Run: DIA12_CV486075:20251228_A2_N1_Mueller_MS_TechHub_IMP_THIDDIAXL003_Cas9_PhoX_DIA12_CV486075_250ng_FAIMS_003 P1_SKLVSDFR P2_NPIDFLEAKGYK 2 9,Q99ZW2,null,,false,Q99ZW2,null,,false,1185,961,,9.954883,false,true,false,false,1,1,Self,0,0.001063,0.016975,9.954883,,,,0,0,0,,0,0,,0
1023,1428,Scan: 1442858 Run: DIA12_CV486075:20251228_A2_N1_Mueller_MS_TechHub_IMP_THIDDIAXL003_Cas9_PhoX_DIA12_CV486075_250ng_FAIMS_003 P1_YDEHHQDLTLLKALVR P2_LPKYSLFELENGR 12 3,Q99ZW2,null,,false,Q99ZW2,null,,false,1200,336,,9.953523,false,true,false,false,1,1,Self,0,0.001063,0.016897,9.953523,,,,0,0,0,,0,0,,0
1022,1427,Scan: 405137 Run: DIA12_CV486075:20251228_A2_N1_Mueller_MS_TechHub_IMP_THIDDIAXL003_Cas9_PhoX_DIA12_CV486075_250ng_FAIMS_001 P1_QSGKTILDFLK P2_KAIVDLLFK 4 1,Q99ZW2,null,,false,Q99ZW2,null,,false,546,677,,9.953169,false,true,false,false,1,1,Self,0,0.001063,0.016871,,,9.953169,,0,0,0,,0,0,,0
1020,1425,Scan: 508900 Run: DIA12_CV486075:20251228_A2_N1_Mueller_MS_TechHub_IMP_THIDDIAXL003_Cas9_PhoX_DIA12_CV486075_250ng_FAIMS_001 P1_ESILPKR P2_ENQTTQKGQK 6 7,Q99ZW2,null,,false,Q99ZW2,null,,false,772,1113,,9.948945,false,true,false,false,1,1,Self,0,0.001063,0.019637,,,9.948945,,0,0,0,,0,0,,0
1019,1424,Scan: 1026445 Run: DIA12_CV486075:20251228_A2_N1_Mueller_MS_TechHub_IMP_THIDDIAXL003_Cas9_PhoX_DIA12_CV486075_250ng_FAIMS_002 P1_KLINGIR P2_KDLIIK 1 1,Q99ZW2,null,,false,Q99ZW2,null,,false,1192,665,,9.947705,false,true,false,false,1,1,Self,0,0.001063,0.021116,,9.947705,9.53891,,0,0,0,,0,0,,0
1018,1423,Scan: 703614 Run: DIA12_CV486075:20251228_A2_N1_Mueller_MS_TechHub_IMP_THIDDIAXL003_Cas9_PhoX_DIA12_CV486075_250ng_FAIMS_002 P1_KYGGFDSPTVAYSVLVVAK P2_DKQSGK 1 2,Q99ZW2,null,,false,Q99ZW2,null,,false,673,1130,,9.947201,false,true,false,false,1,1,Self,0,0.001063,0.021116,,9.947201,,,0,0,0,,0,0,,0
1017,1422,Scan: 1739797 Run: DIA12_CV486075:20251228_A2_N1_Mueller_MS_TechHub_IMP_THIDDIAXL003_Cas9_PhoX_DIA12_CV486075_250ng_FAIMS_003 P1_KKDWDPK P2_GKSDNVPSEEVVK 1 2,Q99ZW2,null,,false,Q99ZW2,null,,false,866,1123,,9.946166,false,true,false,false,1,1,Self,0,0.001063,0.021116,9.946166,,,,0,0,0,,0,0,,0
1016,1415,Scan: 1440296 Run: DIA12_CV486075:20251228_A2_N1_Mueller_MS_TechHub_IMP_THIDDIAXL003_Cas9_PhoX_DIA12_CV486075_250ng_FAIMS_003 P1_FKVLGNTDR P2_ELGSQILKEHPVENTQLQNEK 2 8,Q99ZW2,null,,false,Q99ZW2,null,,false,797,33,,9.940497,false,true,false,false,1,1,Self,0,0.001063,0.022523,9.940497,,,,0,0,0,,0,0,,0
1014,1412,Scan: 546319 Run: DIA12_CV486075:20251228_A2_N1_Mueller_MS_TechHub_IMP_THIDDIAXL003_Cas9_PhoX_DIA12_CV486075_250ng_FAIMS_001 P1_VLPKHSLLYEYFTVYNELTK P2_GKSDNVPSEEVVK 4 2,Q99ZW2,null,,false,Q99ZW2,null,,false,866,510,,9.939399,false,true,false,false,1,1,Self,0,0.001063,0.022523,,,9.939399,,0,0,0,,0,0,,0
1013,1410,Scan: 1089914 Run: DIA12_CV486075:20251228_A2_N1_Mueller_MS_TechHub_IMP_THIDDIAXL003_Cas9_PhoX_DIA12_CV486075_250ng_FAIMS_002 P1_IEKILTFR P2_GILQTVKVVDELVK 3 7,Q99ZW2,null,,false,Q99ZW2,null,,false,742,442,,9.93786,false,true,false,false,1,1,Self,0,0.001064,0.022388,,9.93786,,,0,0,0,,0,0,,0
1012,1409,Scan: 484980 Run: DIA12_CV486075:20251228_A2_N1_Mueller_MS_TechHub_IMP_THIDDIAXL003_Cas9_PhoX_DIA12_CV486075_250ng_FAIMS_001 P1_KGILQTVK P2_EVKVITLK 1 3,Q99ZW2,null,,false,Q99ZW2,null,,false,954,735,,9.936539,false,true,false,false,1,1,Self,0,0.001064,0.022388,,,9.936539,,0,0,0,,0,0,,0
1011,1408,Scan: 412892 Run: DIA12_CV486075:20251228_A2_N1_Mueller_MS_TechHub_IMP_THIDDIAXL003_Cas9_PhoX_DIA12_CV486075_250ng_FAIMS_001 P1_YKEIFFDQSK P2_QLKEDYFK 2 3,Q99ZW2,null,,false,Q99ZW2,null,,false,565,348,,9.935437,false,true,false,false,1,1,Self,0,0.001064,0.022255,9.767051,,9.935437,,0,0,0,,0,0,,0
1010,1407,Scan: 1637517 Run: DIA12_CV486075:20251228_A2_N1_Mueller_MS_TechHub_IMP_THIDDIAXL003_Cas9_PhoX_DIA12_CV486075_250ng_FAIMS_003 P1_TILDFLKSDGFANR P2_TEVQTGGFSKESILPK 7 10,Q99ZW2,null,,false,Q99ZW2,null,,false,1107,684,,9.933296,false,true,false,false,1,1,Self,0,0.001064,0.022255,9.933296,,,,0,0,0,,0,0,,0
1009,1406,Scan: 635198 Run: DIA12_CV486075:20251228_A2_N1_Mueller_MS_TechHub_IMP_THIDDIAXL003_Cas9_PhoX_DIA12_CV486075_250ng_FAIMS_002 P1_KTEVQTGGFSK P2_GSPEDNEQKQLFVEQHK 1 9,Q99ZW2,null,,false,Q99ZW2,null,,false,1255,1097,,9.933125,false,true,false,false,1,1,Self,0,0.001064,0.022255,,9.933125,,,0,0,0,,0,0,,0
1008,1405,Scan: 1008101 Run: DIA12_CV486075:20251228_A2_N1_Mueller_MS_TechHub_IMP_THIDDIAXL003_Cas9_PhoX_DIA12_CV486075_250ng_FAIMS_002 P1_KVTVK P2_KAIVDLLFK 1 1,Q99ZW2,null,,false,Q99ZW2,null,,false,546,558,,9.932776,false,true,false,false,1,1,Self,0,0.001064,0.022255,,9.932776,9.50864,,0,0,0,,0,0,,0
1007,1403,Scan: 1743073 Run: DIA12_CV486075:20251228_A2_N1_Mueller_MS_TechHub_IMP_THIDDIAXL003_Cas9_PhoX_DIA12_CV486075_250ng_FAIMS_003 P1_GKSDNVPSEEVVK P2_EHPVENTQLQNEKLYLYYLQNGR 2 13,Q99ZW2,null,,false,Q99ZW2,null,,false,810,866,,9.931045,false,true,false,false,1,1,Self,0,0.001064,0.022189,9.931045,,,,0,0,0,,0,0,,0
1006,1402,Scan: 1504968 Run: DIA12_CV486075:20251228_A2_N1_Mueller_MS_TechHub_IMP_THIDDIAXL003_Cas9_PhoX_DIA12_CV486075_250ng_FAIMS_003 P1_QLKEDYFK P2_KSEETITPWNFEEVVDK 3 1,Q99ZW2,null,,false,Q99ZW2,null,,false,468,565,,9.93093,false,true,false,false,1,1,Self,0,0.001064,0.022189,9.93093,,,,0,0,0,,0,0,,0
1005,1401,Scan: 142870 Run: DIA12_CV486075:20251228_A2_N1_Mueller_MS_TechHub_IMP_THIDDIAXL003_Cas9_PhoX_DIA12_CV486075_250ng_FAIMS_001 P1_LPKYSLFELENGR P2_ESILPKR 3 6,Q99ZW2,null,,false,Q99ZW2,null,,false,1113,1200,,9.930883,false,true,false,false,1,1,Self,0,0.001064,0.022189,,,9.930883,,0,0,0,,0,0,,0
1004,1399,Scan: 1340747 Run: DIA12_CV486075:20251228_A2_N1_Mueller_MS_TechHub_IMP_THIDDIAXL003_Cas9_PhoX_DIA12_CV486075_250ng_FAIMS_003 P1_LPKYSLFELENGR P2_KNLIGALLFDSGETAEATR 3 1,Q99ZW2,null,,false,Q99ZW2,null,,false,45,1200,,9.928579,false,true,false,false,1,1,Self,0,0.001064,0.021994,9.928579,,,,0,0,0,,0,0,,0
1003,1398,Scan: 1561265 Run: DIA12_CV486075:20251228_A2_N1_Mueller_MS_TechHub_IMP_THIDDIAXL003_Cas9_PhoX_DIA12_CV486075_250ng_FAIMS_003 P1_VLPKHSLLYEYFTVYNELTK P2_SKLVSDFR 4 2,Q99ZW2,null,,false,Q99ZW2,null,,false,961,510,,9.928387,false,true,false,false,1,1,Self,0,0.001064,0.021962,9.928387,,,,0,0,0,,0,0,,0
1002,1397,Scan: 1010403 Run: DIA12_CV486075:20251228_A2_N1_Mueller_MS_TechHub_IMP_THIDDIAXL003_Cas9_PhoX_DIA12_CV486075_250ng_FAIMS_002 P1_QLKEDYFK P2_IEKILTFR 3 3,Q99ZW2,null,,false,Q99ZW2,null,,false,442,565,,9.927674,false,true,false,false,1,1,Self,0,0.001064,0.023324,,9.927674,,,0,0,0,,0,0,,0
1001,1395,Scan: 846825 Run: DIA12_CV486075:20251228_A2_N1_Mueller_MS_TechHub_IMP_THIDDIAXL003_Cas9_PhoX_DIA12_CV486075_250ng_FAIMS_002 P1_YDEHHQDLTLLKALVR P2_FKVLGNTDR 12 2,Q99ZW2,null,,false,Q99ZW2,null,,false,33,336,,9.927498,false,true,false,false,1,1,Self,0,0.001064,0.02329,,9.927498,,,0,0,0,,0,0,,0
999,1392,Scan: 1598571 Run: DIA12_CV486075:20251228_A2_N1_Mueller_MS_TechHub_IMP_THIDDIAXL003_Cas9_PhoX_DIA12_CV486075_250ng_FAIMS_003 P1_KPAFLSGEQKK P2_KLINGIR 10 1,Q99ZW2,null,,false,Q99ZW2,null,,false,665,545,,9.925378,false,true,false,false,1,1,Self,0,0.001064,0.02329,9.925378,,,,0,0,0,,0,0,,0
998,1388,Scan: 715812 Run: DIA12_CV486075:20251228_A2_N1_Mueller_MS_TechHub_IMP_THIDDIAXL003_Cas9_PhoX_DIA12_CV486075_250ng_FAIMS_002 P1_SSFEKNPIDFLEAK P2_KVTVK 5 1,Q99ZW2,null,,false,Q99ZW2,null,,false,558,1176,,9.923281,false,true,false,false,1,1,Self,0,0.001064,0.02329,,9.923281,,,0,0,0,,0,0,,0
997,1387,Scan: 14746 Run: DIA12_CV486075:20251228_A2_N1_Mueller_MS_TechHub_IMP_THIDDIAXL003_Cas9_PhoX_DIA12_CV486075_250ng_FAIMS_001 P1_SEQEIGKATAK P2_NSDKLIAR 7 4,Q99ZW2,null,,false,Q99ZW2,null,,false,1118,1031,,9.920484,false,true,false,false,1,1,Self,0,0.001064,0.023121,9.517076,,9.920484,,0,0,0,,0,0,,0
996,1385,Scan: 1351959 Run: DIA12_CV486075:20251228_A2_N1_Mueller_MS_TechHub_IMP_THIDDIAXL003_Cas9_PhoX_DIA12_CV486075_250ng_FAIMS_003 P1_KFDNLTK P2_GNELALPSKYVNFLYLASHYEK 1 9,Q99ZW2,null,,false,Q99ZW2,null,,false,1231,896,,9.919588,false,true,false,false,1,1,Self,0,0.001064,0.023088,9.919588,,,,0,0,0,,0,0,,0
995,1384,Scan: 971582 Run: DIA12_CV486075:20251228_A2_N1_Mueller_MS_TechHub_IMP_THIDDIAXL003_Cas9_PhoX_DIA12_CV486075_250ng_FAIMS_002 P1_VKYVTEGMR P2_IEKILTFR 2 3,Q99ZW2,null,,false,Q99ZW2,null,,false,442,528,,9.919432,false,true,false,false,1,1,Self,0,0.001064,0.023055,,9.919432,,,0,0,0,,0,0,,0
994,1383,Scan: 1638949 Run: DIA12_CV486075:20251228_A2_N1_Mueller_MS_TechHub_IMP_THIDDIAXL003_Cas9_PhoX_DIA12_CV486075_250ng_FAIMS_003 P1_TILDFLKSDGFANR P2_SNFDLAEDAKLQLSK 7 10,Q99ZW2,null,,false,Q99ZW2,null,,false,263,684,,9.918305,false,true,false,false,1,1,Self,0,0.001064,0.023022,9.918305,,,,0,0,0,,0,0,,0
993,1381,Scan: 794621 Run: DIA12_CV486075:20251228_A2_N1_Mueller_MS_TechHub_IMP_THIDDIAXL003_Cas9_PhoX_DIA12_CV486075_250ng_FAIMS_002 P1_YTSTKEVLDATLIHQSITGLYETR P2_KKDWDPK 5 1,Q99ZW2,null,,false,Q99ZW2,null,,false,1123,1340,,9.918135,false,true,false,false,1,1,Self,0,0.001064,0.023022,,9.918135,,,0,0,0,,0,0,,0
992,1380,Scan: 424475 Run: DIA12_CV486075:20251228_A2_N1_Mueller_MS_TechHub_IMP_THIDDIAXL003_Cas9_PhoX_DIA12_CV486075_250ng_FAIMS_001 P1_YKEIFFDQSK P2_LKTYAHLFDDK 2 2,Q99ZW2,null,,false,Q99ZW2,null,,false,637,348,,9.917495,false,true,false,false,1,1,Self,0,0.001064,0.023022,,,9.917495,,0,0,0,,0,0,,0
991,1379,Scan: 1705636 Run: DIA12_CV486075:20251228_A2_N1_Mueller_MS_TechHub_IMP_THIDDIAXL003_Cas9_PhoX_DIA12_CV486075_250ng_FAIMS_003 P1_VITLKSK P2_ENQTTQKGQK 5 7,Q99ZW2,null,,false,Q99ZW2,null,,false,772,959,,9.915666,false,true,false,false,1,1,Self,0,0.001064,0.022989,9.915666,,,,0,0,0,,0,0,,0
990,1378,Scan: 521968 Run: DIA12_CV486075:20251228_A2_N1_Mueller_MS_TechHub_IMP_THIDDIAXL003_Cas9_PhoX_DIA12_CV486075_250ng_FAIMS_001 P1_KLVDSTDK P2_ELGSQILKEHPVENTQLQNEK 1 8,Q99ZW2,null,,false,Q99ZW2,null,,false,797,141,,9.9154,false,true,false,false,1,1,Self,0,0.001064,0.022989,,,9.9154,,0,0,0,,0,0,,0
989,1377,Scan: 21755 Run: DIA12_CV486075:20251228_A2_N1_Mueller_MS_TechHub_IMP_THIDDIAXL003_Cas9_PhoX_DIA12_CV486075_250ng_FAIMS_001 P1_VILADANLDKVLSAYNK P2_KRPLIETNGETGEIVWDK 10 1,Q99ZW2,null,,false,Q99ZW2,null,,false,1059,1289,,9.915033,false,true,false,false,1,1,Self,0,0.001064,0.022923,,,9.915033,,0,0,0,,0,0,,0
988,1376,Scan: 309799 Run: DIA12_CV486075:20251228_A2_N1_Mueller_MS_TechHub_IMP_THIDDIAXL003_Cas9_PhoX_DIA12_CV486075_250ng_FAIMS_001 P1_KSEETITPWNFEEVVDK P2_KAIVDLLFK 1 1,Q99ZW2,null,,false,Q99ZW2,null,,false,546,468,,9.914317,false,true,false,false,1,1,Self,0,0.001064,0.022923,,,9.914317,,0,0,0,,0,0,,0
987,1375,Scan: 1709869 Run: DIA12_CV486075:20251228_A2_N1_Mueller_MS_TechHub_IMP_THIDDIAXL003_Cas9_PhoX_DIA12_CV486075_250ng_FAIMS_003 P1_IEKILTFR P2_IEEGIKELGSQILK 3 6,Q99ZW2,null,,false,Q99ZW2,null,,false,789,442,,9.913626,false,true,false,false,1,1,Self,0,0.001064,0.02289,9.913626,,,,0,0,0,,0,0,,0
986,1374,Scan: 1782869 Run: DIA12_CV486075:20251228_A2_N1_Mueller_MS_TechHub_IMP_THIDDIAXL003_Cas9_PhoX_DIA12_CV486075_250ng_FAIMS_003 P1_SKLVSDFR P2_KDWDPK 2 1,Q99ZW2,null,,false,Q99ZW2,null,,false,1124,961,,9.91252,false,true,false,false,1,1,Self,0,0.001064,0.02432,9.91252,,,,0,0,0,,0,0,,0
985,1373,Scan: 1185518 Run: DIA12_CV486075:20251228_A2_N1_Mueller_MS_TechHub_IMP_THIDDIAXL003_Cas9_PhoX_DIA12_CV486075_250ng_FAIMS_002 P1_SKLVSDFR P2_KDLIIK 2 1,Q99ZW2,null,,false,Q99ZW2,null,,false,1192,961,,9.912025,false,true,false,false,1,1,Self,0,0.001064,0.025678,,9.912025,,,0,0,0,,0,0,,0
984,1372,Scan: 1556153 Run: DIA12_CV486075:20251228_A2_N1_Mueller_MS_TechHub_IMP_THIDDIAXL003_Cas9_PhoX_DIA12_CV486075_250ng_FAIMS_003 P1_VLPKHSLLYEYFTVYNELTK P2_SEQEIGKATAK 4 7,Q99ZW2,null,,false,Q99ZW2,null,,false,1031,510,,9.911982,false,true,false,false,1,1,Self,0,0.001064,0.025678,9.911982,,,,0,0,0,,0,0,,0
983,1370,Scan: 509058 Run: DIA12_CV486075:20251228_A2_N1_Mueller_MS_TechHub_IMP_THIDDIAXL003_Cas9_PhoX_DIA12_CV486075_250ng_FAIMS_001 P1_KDWDPK P2_ENQTTQKGQK 1 7,Q99ZW2,null,,false,Q99ZW2,null,,false,772,1124,,9.911702,false,true,false,false,1,1,Self,0,0.001064,0.025641,,,9.911702,,0,0,0,,0,0,,0
982,1368,Scan: 977803 Run: DIA12_CV486075:20251228_A2_N1_Mueller_MS_TechHub_IMP_THIDDIAXL003_Cas9_PhoX_DIA12_CV486075_250ng_FAIMS_002 P1_KPAFLSGEQK P2_DKPIR 1 2,Q99ZW2,null,,false,Q99ZW2,null,,false,1300,536,,9.909999,false,true,false,false,1,1,Self,0,0.001065,0.025605,,9.909999,,,0,0,0,,0,0,,0
981,1367,Scan: 1081662 Run: DIA12_CV486075:20251228_A2_N1_Mueller_MS_TechHub_IMP_THIDDIAXL003_Cas9_PhoX_DIA12_CV486075_250ng_FAIMS_002 P1_KGILQTVK P2_KAIVDLLFK 1 1,Q99ZW2,null,,false,Q99ZW2,null,,false,546,735,,9.909871,false,true,false,false,1,1,Self,0,0.001065,0.025605,,9.909871,,,0,0,0,,0,0,,0
979,1362,Scan: 1185124 Run: DIA12_CV486075:20251228_A2_N1_Mueller_MS_TechHub_IMP_THIDDIAXL003_Cas9_PhoX_DIA12_CV486075_250ng_FAIMS_002 P1_SKLVSDFR P2_SEQEIGKATAK 2 7,Q99ZW2,null,,false,Q99ZW2,null,,false,1031,961,,9.907983,false,true,false,false,1,1,Self,0,0.001065,0.025605,,9.907983,,,0,0,0,,0,0,,0
977,1358,Scan: 1493283 Run: DIA12_CV486075:20251228_A2_N1_Mueller_MS_TechHub_IMP_THIDDIAXL003_Cas9_PhoX_DIA12_CV486075_250ng_FAIMS_003 P1_KVTVK P2_KNLIGALLFDSGETAEATR 1 1,Q99ZW2,null,,false,Q99ZW2,null,,false,45,558,,9.903969,false,true,false,false,1,1,Self,0,0.001065,0.025568,9.903969,,,,0,0,0,,0,0,,0
976,1357,Scan: 945656 Run: DIA12_CV486075:20251228_A2_N1_Mueller_MS_TechHub_IMP_THIDDIAXL003_Cas9_PhoX_DIA12_CV486075_250ng_FAIMS_002 P1_SEETITPWNFEEVVDKGASAQSFIER P2_KAIVDLLFK 16 1,Q99ZW2,null,,false,Q99ZW2,null,,false,546,484,,9.903601,false,true,false,false,1,1,Self,0,0.001065,0.025568,,9.903601,,,0,0,0,,0,0,,0
975,1352,Scan: 1634728 Run: DIA12_CV486075:20251228_A2_N1_Mueller_MS_TechHub_IMP_THIDDIAXL003_Cas9_PhoX_DIA12_CV486075_250ng_FAIMS_003 P1_QSGKTILDFLK P2_QLKEDYFK 4 3,Q99ZW2,null,,false,Q99ZW2,null,,false,565,677,,9.900813,false,true,false,false,1,1,Self,0,0.001065,0.026836,9.900813,,,,0,0,0,,0,0,,0
974,1350,Scan: 31271 Run: DIA12_CV486075:20251228_A2_N1_Mueller_MS_TechHub_IMP_THIDDIAXL003_Cas9_PhoX_DIA12_CV486075_250ng_FAIMS_001 P1_RPLIETNGETGEIVWDKGR P2_KFDNLTK 17 1,Q99ZW2,null,,false,Q99ZW2,null,,false,896,1076,,9.900297,false,true,false,false,1,1,Self,0,0.001065,0.026836,,,9.900297,,0,0,0,,0,0,,0
973,1349,Scan: 250733 Run: DIA12_CV486075:20251228_A2_N1_Mueller_MS_TechHub_IMP_THIDDIAXL003_Cas9_PhoX_DIA12_CV486075_250ng_FAIMS_001 P1_YDEHHQDLTLLKALVR P2_SEETITPWNFEEVVDKGASAQSFIER 12 16,Q99ZW2,null,,false,Q99ZW2,null,,false,484,336,,9.900141,false,true,false,false,1,1,Self,0,0.001065,0.026836,,,9.900141,,0,0,0,,0,0,,0
972,1348,Scan: 136731 Run: DIA12_CV486075:20251228_A2_N1_Mueller_MS_TechHub_IMP_THIDDIAXL003_Cas9_PhoX_DIA12_CV486075_250ng_FAIMS_001 P1_KFDNLTK P2_KDLIIK 1 1,Q99ZW2,null,,false,Q99ZW2,null,,false,1192,896,,9.899141,false,true,false,false,1,1,Self,0,0.001065,0.026836,,,9.899141,,0,0,0,,0,0,,0
971,1347,Scan: 1576987 Run: DIA12_CV486075:20251228_A2_N1_Mueller_MS_TechHub_IMP_THIDDIAXL003_Cas9_PhoX_DIA12_CV486075_250ng_FAIMS_003 P1_KPAFLSGEQK P2_FIKPILEK 1 3,Q99ZW2,null,,false,Q99ZW2,null,,false,377,536,,9.898697,false,true,false,false,1,1,Self,0,0.001065,0.026761,9.898697,,,,0,0,0,,0,0,,0
970,1346,Scan: 1506552 Run: DIA12_CV486075:20251228_A2_N1_Mueller_MS_TechHub_IMP_THIDDIAXL003_Cas9_PhoX_DIA12_CV486075_250ng_FAIMS_003 P1_QSGKTILDFLK P2_KSEETITPWNFEEVVDK 4 1,Q99ZW2,null,,false,Q99ZW2,null,,false,468,677,,9.89813,false,true,false,false,1,1,Self,0,0.001065,0.026723,9.89813,,,,0,0,0,,0,0,,0
969,1344,Scan: 1008174 Run: DIA12_CV486075:20251228_A2_N1_Mueller_MS_TechHub_IMP_THIDDIAXL003_Cas9_PhoX_DIA12_CV486075_250ng_FAIMS_002 P1_KVTVK P2_AIVDLLFKTNR 1 8,Q99ZW2,null,,false,Q99ZW2,null,,false,554,558,,9.895923,false,true,false,false,1,1,Self,0,0.001065,0.027933,,9.895923,,,0,0,0,,0,0,,0
968,1343,Scan: 1001525 Run: DIA12_CV486075:20251228_A2_N1_Mueller_MS_TechHub_IMP_THIDDIAXL003_Cas9_PhoX_DIA12_CV486075_250ng_FAIMS_002 P1_SEQEIGKATAK P2_KAIVDLLFK 7 1,Q99ZW2,null,,false,Q99ZW2,null,,false,546,1031,,9.895884,false,true,false,false,1,1,Self,0,0.001065,0.027933,,9.895884,,,0,0,0,,0,0,,0
967,1339,Scan: 93103 Run: DIA12_CV486075:20251228_A2_N1_Mueller_MS_TechHub_IMP_THIDDIAXL003_Cas9_PhoX_DIA12_CV486075_250ng_FAIMS_001 P1_NSDKLIAR P2_MKNYWR 4 2,Q99ZW2,null,,false,Q99ZW2,null,,false,880,1118,,9.893531,false,true,false,false,1,1,Self,0,0.001065,0.027701,,,9.893531,,0,0,0,,0,0,,0
966,1338,Scan: 611721 Run: DIA12_CV486075:20251228_A2_N1_Mueller_MS_TechHub_IMP_THIDDIAXL003_Cas9_PhoX_DIA12_CV486075_250ng_FAIMS_002 P1_SEQEIGKATAK P2_SEQEIGKATAK 7 7,Q99ZW2,null,,false,Q99ZW2,null,,false,1031,1031,,9.893047,false,true,false,false,1,1,Self,0,0.001065,0.027701,,9.893047,,,0,0,0,,0,0,,0
965,1337,Scan: 1195967 Run: DIA12_CV486075:20251228_A2_N1_Mueller_MS_TechHub_IMP_THIDDIAXL003_Cas9_PhoX_DIA12_CV486075_250ng_FAIMS_003 P1_YPKLESEFVYGDYK P2_KPAFLSGEQK 3 1,Q99ZW2,null,,false,Q99ZW2,null,,false,536,1003,,9.892785,false,true,false,false,1,1,Self,0,0.001065,0.027701,9.892785,,,,0,0,0,,0,0,,0
964,1336,Scan: 1289968 Run: DIA12_CV486075:20251228_A2_N1_Mueller_MS_TechHub_IMP_THIDDIAXL003_Cas9_PhoX_DIA12_CV486075_250ng_FAIMS_003 P1_KKDWDPK P2_KKDWDPK 1 1,Q99ZW2,null,,false,Q99ZW2,null,,false,1123,1123,,9.892324,false,true,false,false,1,1,Self,0,0.001065,0.027663,9.892324,,,,0,0,0,,0,0,,0
963,1335,Scan: 291820 Run: DIA12_CV486075:20251228_A2_N1_Mueller_MS_TechHub_IMP_THIDDIAXL003_Cas9_PhoX_DIA12_CV486075_250ng_FAIMS_001 P1_IEKILTFR P2_IEKILTFR 3 3,Q99ZW2,null,,false,Q99ZW2,null,,false,442,442,,9.89136,false,true,false,false,1,1,Self,0,0.001065,0.027586,,,9.89136,,0,0,0,,0,0,,0
962,1334,Scan: 1450657 Run: DIA12_CV486075:20251228_A2_N1_Mueller_MS_TechHub_IMP_THIDDIAXL003_Cas9_PhoX_DIA12_CV486075_250ng_FAIMS_003 P1_YKEIFFDQSK P2_VILADANLDKVLSAYNK 2 10,Q99ZW2,null,,false,Q99ZW2,null,,false,1289,348,,9.889964,false,true,false,false,1,1,Self,0,0.001065,0.028886,9.889964,,,,0,0,0,,0,0,,0
961,1331,Scan: 1711442 Run: DIA12_CV486075:20251228_A2_N1_Mueller_MS_TechHub_IMP_THIDDIAXL003_Cas9_PhoX_DIA12_CV486075_250ng_FAIMS_003 P1_QLLNAKLITQR P2_IEEGIKELGSQILK 6 6,Q99ZW2,null,,false,Q99ZW2,null,,false,789,890,,9.885394,false,true,false,false,1,1,Self,0,0.001065,0.031464,9.885394,,,,0,0,0,,0,0,,0
960,1330,Scan: 1113149 Run: DIA12_CV486075:20251228_A2_N1_Mueller_MS_TechHub_IMP_THIDDIAXL003_Cas9_PhoX_DIA12_CV486075_250ng_FAIMS_002 P1_QSGKTILDFLK P2_IEEGIKELGSQILK 4 6,Q99ZW2,null,,false,Q99ZW2,null,,false,789,677,,9.884999,false,true,false,false,1,1,Self,0,0.001065,0.031421,,9.884999,,,0,0,0,,0,0,,0
959,1328,Scan: 1788228 Run: DIA12_CV486075:20251228_A2_N1_Mueller_MS_TechHub_IMP_THIDDIAXL003_Cas9_PhoX_DIA12_CV486075_250ng_FAIMS_003 P1_KDLIIK P2_KDFQFYK 1 1,Q99ZW2,null,,false,Q99ZW2,null,,false,968,1192,,9.884327,false,true,false,false,1,1,Self,0,0.001065,0.032698,9.884327,,,,0,0,0,,0,0,,0
958,1326,Scan: 462450 Run: DIA12_CV486075:20251228_A2_N1_Mueller_MS_TechHub_IMP_THIDDIAXL003_Cas9_PhoX_DIA12_CV486075_250ng_FAIMS_001 P1_KGILQTVK P2_EDIQKAQVSGQGDSLHEHIANLAGSPAIK 1 5,Q99ZW2,null,,false,Q99ZW2,null,,false,710,735,,9.882873,false,true,false,false,1,1,Self,0,0.001066,0.032653,,9.39657,9.882873,,0,0,0,,0,0,,0
957,1325,Scan: 1234537 Run: DIA12_CV486075:20251228_A2_N1_Mueller_MS_TechHub_IMP_THIDDIAXL003_Cas9_PhoX_DIA12_CV486075_250ng_FAIMS_003 P1_QLKEDYFK P2_KTEVQTGGFSK 3 1,Q99ZW2,null,,false,Q99ZW2,null,,false,1097,565,,9.882097,false,true,false,false,1,1,Self,0,0.001066,0.032609,9.882097,,,,0,0,0,,0,0,,0
956,1324,Scan: 546961 Run: DIA12_CV486075:20251228_A2_N1_Mueller_MS_TechHub_IMP_THIDDIAXL003_Cas9_PhoX_DIA12_CV486075_250ng_FAIMS_001 P1_KLINGIR P2_GKSDNVPSEEVVK 1 2,Q99ZW2,null,,false,Q99ZW2,null,,false,866,665,,9.881713,false,true,false,false,1,1,Self,0,0.001066,0.032609,,,9.881713,,0,0,0,,0,0,,0
955,1323,Scan: 1010708 Run: DIA12_CV486075:20251228_A2_N1_Mueller_MS_TechHub_IMP_THIDDIAXL003_Cas9_PhoX_DIA12_CV486075_250ng_FAIMS_002 P1_QLKEDYFK P2_DKQSGK 3 2,Q99ZW2,null,,false,Q99ZW2,null,,false,673,565,,9.88114,false,true,false,false,1,1,Self,0,0.001066,0.032476,,9.88114,,,0,0,0,,0,0,,0
954,1322,Scan: 1689558 Run: DIA12_CV486075:20251228_A2_N1_Mueller_MS_TechHub_IMP_THIDDIAXL003_Cas9_PhoX_DIA12_CV486075_250ng_FAIMS_003 P1_LKTYAHLFDDK P2_GILQTVKVVDELVK 2 7,Q99ZW2,null,,false,Q99ZW2,null,,false,742,637,,9.878887,false,true,false,false,1,1,Self,0,0.001066,0.033512,9.878887,,,,0,0,0,,0,0,,0
952,1319,Scan: 1158732 Run: DIA12_CV486075:20251228_A2_N1_Mueller_MS_TechHub_IMP_THIDDIAXL003_Cas9_PhoX_DIA12_CV486075_250ng_FAIMS_002 P1_KFDNLTK P2_GILQTVKVVDELVK 1 7,Q99ZW2,null,,false,Q99ZW2,null,,false,742,896,,9.876624,false,true,false,false,1,1,Self,0,0.001066,0.033245,,9.876624,,,0,0,0,,0,0,,0
950,1317,Scan: 633061 Run: DIA12_CV486075:20251228_A2_N1_Mueller_MS_TechHub_IMP_THIDDIAXL003_Cas9_PhoX_DIA12_CV486075_250ng_FAIMS_002 P1_KTEVQTGGFSK P2_KRPLIETNGETGEIVWDK 1 1,Q99ZW2,null,,false,Q99ZW2,null,,false,1059,1097,,9.875138,false,true,false,false,1,1,Self,0,0.001066,0.033201,,9.875138,,,0,0,0,,0,0,,0
949,1315,Scan: 1144665 Run: DIA12_CV486075:20251228_A2_N1_Mueller_MS_TechHub_IMP_THIDDIAXL003_Cas9_PhoX_DIA12_CV486075_250ng_FAIMS_002 P1_GKSDNVPSEEVVK P2_EDIQKAQVSGQGDSLHEHIANLAGSPAIK 2 5,Q99ZW2,null,,false,Q99ZW2,null,,false,710,866,,9.87464,false,true,false,false,1,1,Self,0,0.001066,0.033113,,9.87464,,,0,0,0,,0,0,,0
948,1312,Scan: 1552957 Run: DIA12_CV486075:20251228_A2_N1_Mueller_MS_TechHub_IMP_THIDDIAXL003_Cas9_PhoX_DIA12_CV486075_250ng_FAIMS_003 P1_MTNFDKNLPNEK P2_KVTVK 6 1,Q99ZW2,null,,false,Q99ZW2,null,,false,558,500,,9.872236,false,true,false,false,1,1,Self,0,0.001066,0.032938,9.872236,,,,0,0,0,,0,0,,0
947,1311,Scan: 1740832 Run: DIA12_CV486075:20251228_A2_N1_Mueller_MS_TechHub_IMP_THIDDIAXL003_Cas9_PhoX_DIA12_CV486075_250ng_FAIMS_003 P1_GKSDNVPSEEVVK P2_EIFFDQSKNGYAGYIDGGASQEEFYK 2 8,Q99ZW2,null,,false,Q99ZW2,null,,false,356,866,,9.871707,false,true,false,false,1,1,Self,0,0.001066,0.034166,9.871707,,,,0,0,0,,0,0,,0
946,1308,Scan: 587372 Run: DIA12_CV486075:20251228_A2_N1_Mueller_MS_TechHub_IMP_THIDDIAXL003_Cas9_PhoX_DIA12_CV486075_250ng_FAIMS_001 P1_YDENDKLIR P2_EVKVITLK 6 3,Q99ZW2,null,,false,Q99ZW2,null,,false,954,948,,9.868192,false,true,false,false,1,1,Self,0,0.001066,0.033766,,,9.868192,,0,0,0,,0,0,,0
945,1307,Scan: 313859 Run: DIA12_CV486075:20251228_A2_N1_Mueller_MS_TechHub_IMP_THIDDIAXL003_Cas9_PhoX_DIA12_CV486075_250ng_FAIMS_001 P1_QITKHVAQILDSR P2_KSEETITPWNFEEVVDK 4 1,Q99ZW2,null,,false,Q99ZW2,null,,false,468,929,,9.868135,false,true,false,false,1,1,Self,0,0.001066,0.033766,,,9.868135,,0,0,0,,0,0,,0
944,1306,Scan: 1496354 Run: DIA12_CV486075:20251228_A2_N1_Mueller_MS_TechHub_IMP_THIDDIAXL003_Cas9_PhoX_DIA12_CV486075_250ng_FAIMS_003 P1_KYGGFDSPTVAYSVLVVAK P2_KSEETITPWNFEEVVDK 1 1,Q99ZW2,null,,false,Q99ZW2,null,,false,468,1130,,9.867726,false,true,false,false,1,1,Self,0,0.001066,0.033679,9.867726,,,,0,0,0,,0,0,,0
943,1305,Scan: 685580 Run: DIA12_CV486075:20251228_A2_N1_Mueller_MS_TechHub_IMP_THIDDIAXL003_Cas9_PhoX_DIA12_CV486075_250ng_FAIMS_002 P1_NSDKLIAR P2_FIKPILEK 4 3,Q99ZW2,null,,false,Q99ZW2,null,,false,377,1118,,9.867693,false,true,false,false,1,1,Self,0,0.001066,0.033679,,9.867693,9.198499,,0,0,0,,0,0,,0
942,1301,Scan: 1768852 Run: DIA12_CV486075:20251228_A2_N1_Mueller_MS_TechHub_IMP_THIDDIAXL003_Cas9_PhoX_DIA12_CV486075_250ng_FAIMS_003 P1_QITKHVAQILDSR P2_DDSIDNKVLTR 4 7,Q99ZW2,null,,false,Q99ZW2,null,,false,855,929,,9.865425,false,true,false,false,1,1,Self,0,0.001066,0.034929,9.865425,,,,0,0,0,,0,0,,0
941,1300,Scan: 487641 Run: DIA12_CV486075:20251228_A2_N1_Mueller_MS_TechHub_IMP_THIDDIAXL003_Cas9_PhoX_DIA12_CV486075_250ng_FAIMS_001 P1_KRPLIETNGETGEIVWDK P2_GILQTVKVVDELVK 1 7,Q99ZW2,null,,false,Q99ZW2,null,,false,742,1059,,9.865283,false,true,false,false,1,1,Self,0,0.001066,0.034884,,,9.865283,,0,0,0,,0,0,,0
940,1299,Scan: 1372362 Run: DIA12_CV486075:20251228_A2_N1_Mueller_MS_TechHub_IMP_THIDDIAXL003_Cas9_PhoX_DIA12_CV486075_250ng_FAIMS_003 P1_HYLDEIIEQISEFSKR P2_FKVLGNTDR 15 2,Q99ZW2,null,,false,Q99ZW2,null,,false,33,1278,,9.865099,false,true,false,false,1,1,Self,0,0.001066,0.034839,9.865099,,,,0,0,0,,0,0,,0
939,1298,Scan: 1548265 Run: DIA12_CV486075:20251228_A2_N1_Mueller_MS_TechHub_IMP_THIDDIAXL003_Cas9_PhoX_DIA12_CV486075_250ng_FAIMS_003 P1_MTNFDKNLPNEK P2_KKDWDPK 6 1,Q99ZW2,null,,false,Q99ZW2,null,,false,1123,500,,9.865081,false,true,false,false,1,1,Self,0,0.001066,0.034839,9.865081,,,,0,0,0,,0,0,,0
938,1297,Scan: 415301 Run: DIA12_CV486075:20251228_A2_N1_Mueller_MS_TechHub_IMP_THIDDIAXL003_Cas9_PhoX_DIA12_CV486075_250ng_FAIMS_001 P1_KIECFDSVEISGVEDR P2_IEKILTFR 1 3,Q99ZW2,null,,false,Q99ZW2,null,,false,442,571,,9.864942,false,true,false,false,1,1,Self,0,0.001066,0.034839,,,9.864942,,0,0,0,,0,0,,0
937,1296,Scan: 404990 Run: DIA12_CV486075:20251228_A2_N1_Mueller_MS_TechHub_IMP_THIDDIAXL003_Cas9_PhoX_DIA12_CV486075_250ng_FAIMS_001 P1_KAIVDLLFK P2_KAIVDLLFK 1 1,Q99ZW2,null,,false,Q99ZW2,null,,false,546,546,,9.864703,false,true,false,false,1,1,Self,0,0.001066,0.034794,,,9.864703,,0,0,0,,0,0,,0
936,1295,Scan: 226785 Run: DIA12_CV486075:20251228_A2_N1_Mueller_MS_TechHub_IMP_THIDDIAXL003_Cas9_PhoX_DIA12_CV486075_250ng_FAIMS_001 P1_SNFDLAEDAKLQLSK P2_FKVLGNTDR 10 2,Q99ZW2,null,,false,Q99ZW2,null,,false,33,263,,9.864688,false,true,false,false,1,1,Self,0,0.001066,0.034794,,,9.864688,,0,0,0,,0,0,,0
934,1291,Scan: 1544708 Run: DIA12_CV486075:20251228_A2_N1_Mueller_MS_TechHub_IMP_THIDDIAXL003_Cas9_PhoX_DIA12_CV486075_250ng_FAIMS_003 P1_SEETITPWNFEEVVDKGASAQSFIER P2_QSGKTILDFLK 16 4,Q99ZW2,null,,false,Q99ZW2,null,,false,677,484,,9.862026,false,true,false,false,1,1,Self,0,0.001066,0.03599,9.862026,,,,0,0,0,,0,0,,0
933,1290,Scan: 1409392 Run: DIA12_CV486075:20251228_A2_N1_Mueller_MS_TechHub_IMP_THIDDIAXL003_Cas9_PhoX_DIA12_CV486075_250ng_FAIMS_003 P1_RLENLIAQLPGEKK P2_FKVLGNTDR 13 2,Q99ZW2,null,,false,Q99ZW2,null,,false,33,233,,9.860677,false,true,false,false,1,1,Self,0,0.001066,0.037227,9.860677,,,,0,0,0,,0,0,,0
931,1285,Scan: 760531 Run: DIA12_CV486075:20251228_A2_N1_Mueller_MS_TechHub_IMP_THIDDIAXL003_Cas9_PhoX_DIA12_CV486075_250ng_FAIMS_002 P1_LKGSPEDNEQK P2_KLINGIR 2 1,Q99ZW2,null,,false,Q99ZW2,null,,false,665,1246,,9.856369,false,true,false,false,1,1,Self,0,0.001066,0.03949,,9.856369,,,0,0,0,,0,0,,0
930,1283,Scan: 1552343 Run: DIA12_CV486075:20251228_A2_N1_Mueller_MS_TechHub_IMP_THIDDIAXL003_Cas9_PhoX_DIA12_CV486075_250ng_FAIMS_003 P1_VLPKHSLLYEYFTVYNELTK P2_MTNFDKNLPNEK 4 6,Q99ZW2,null,,false,Q99ZW2,null,,false,500,510,,9.855904,false,true,false,false,1,1,Self,0,0.001066,0.039541,9.855904,,9.437242,,0,0,0,,0,0,,0
929,1282,Scan: 1372847 Run: DIA12_CV486075:20251228_A2_N1_Mueller_MS_TechHub_IMP_THIDDIAXL003_Cas9_PhoX_DIA12_CV486075_250ng_FAIMS_003 P1_KFDNLTK P2_HYLDEIIEQISEFSKR 1 15,Q99ZW2,null,,false,Q99ZW2,null,,false,1278,896,,9.855095,false,true,false,false,1,1,Self,0,0.001067,0.03949,9.855095,,,,0,0,0,,0,0,,0
928,1279,Scan: 1184391 Run: DIA12_CV486075:20251228_A2_N1_Mueller_MS_TechHub_IMP_THIDDIAXL003_Cas9_PhoX_DIA12_CV486075_250ng_FAIMS_002 P1_YDENDKLIR P2_KLINGIR 6 1,Q99ZW2,null,,false,Q99ZW2,null,,false,665,948,,9.85412,false,true,false,false,1,1,Self,0,0.001067,0.040712,,9.85412,,,0,0,0,,0,0,,0
926,1277,Scan: 986649 Run: DIA12_CV486075:20251228_A2_N1_Mueller_MS_TechHub_IMP_THIDDIAXL003_Cas9_PhoX_DIA12_CV486075_250ng_FAIMS_002 P1_SDNVPSEEVVKK P2_KPAFLSGEQK 11 1,Q99ZW2,null,,false,Q99ZW2,null,,false,536,877,,9.852544,false,true,false,false,1,1,Self,0,0.001067,0.040558,,9.852544,,,0,0,0,,0,0,,0
925,1272,Scan: 1767089 Run: DIA12_CV486075:20251228_A2_N1_Mueller_MS_TechHub_IMP_THIDDIAXL003_Cas9_PhoX_DIA12_CV486075_250ng_FAIMS_003 P1_QITKHVAQILDSR P2_IEKILTFR 4 3,Q99ZW2,null,,false,Q99ZW2,null,,false,442,929,,9.850309,false,true,false,false,1,1,Self,0,0.001067,0.040506,9.850309,,,,0,0,0,,0,0,,0
924,1270,Scan: 405402 Run: DIA12_CV486075:20251228_A2_N1_Mueller_MS_TechHub_IMP_THIDDIAXL003_Cas9_PhoX_DIA12_CV486075_250ng_FAIMS_001 P1_KAIVDLLFK P2_EVKVITLK 1 3,Q99ZW2,null,,false,Q99ZW2,null,,false,954,546,,9.84978,false,true,false,false,1,1,Self,0,0.001067,0.041772,,,9.84978,,0,0,0,,0,0,,0
923,1269,Scan: 621394 Run: DIA12_CV486075:20251228_A2_N1_Mueller_MS_TechHub_IMP_THIDDIAXL003_Cas9_PhoX_DIA12_CV486075_250ng_FAIMS_002 P1_SKLVSDFR P2_KRPLIETNGETGEIVWDK 2 1,Q99ZW2,null,,false,Q99ZW2,null,,false,1059,961,,9.849696,false,true,false,false,1,1,Self,0,0.001067,0.041772,,9.849696,,,0,0,0,,0,0,,0
922,1267,Scan: 719043 Run: DIA12_CV486075:20251228_A2_N1_Mueller_MS_TechHub_IMP_THIDDIAXL003_Cas9_PhoX_DIA12_CV486075_250ng_FAIMS_002 P1_SSFEKNPIDFLEAK P2_KDFQFYK 5 1,Q99ZW2,null,,false,Q99ZW2,null,,false,968,1176,,9.848617,false,true,false,false,1,1,Self,0,0.001067,0.041825,,9.848617,,,0,0,0,,0,0,,0
921,1266,Scan: 1675845 Run: DIA12_CV486075:20251228_A2_N1_Mueller_MS_TechHub_IMP_THIDDIAXL003_Cas9_PhoX_DIA12_CV486075_250ng_FAIMS_003 P1_KNGLFGNLIALSLGLTPNFK P2_AQVSGQGDSLHEHIANLAGSPAIKK 1 24,Q99ZW2,null,,false,Q99ZW2,null,,false,734,234,,9.848103,false,true,false,false,1,1,Self,0,0.001067,0.043093,9.848103,,,,0,0,0,,0,0,,0
920,1265,Scan: 1158628 Run: DIA12_CV486075:20251228_A2_N1_Mueller_MS_TechHub_IMP_THIDDIAXL003_Cas9_PhoX_DIA12_CV486075_250ng_FAIMS_002 P1_QSGKTILDFLK P2_KFDNLTK 4 1,Q99ZW2,null,,false,Q99ZW2,null,,false,896,677,,9.847609,false,true,false,false,1,1,Self,0,0.001067,0.044304,,9.847609,,,0,0,0,,0,0,,0
919,1264,Scan: 1610341 Run: DIA12_CV486075:20251228_A2_N1_Mueller_MS_TechHub_IMP_THIDDIAXL003_Cas9_PhoX_DIA12_CV486075_250ng_FAIMS_003 P1_VLPKHSLLYEYFTVYNELTK P2_KIECFDSVEISGVEDR 4 1,Q99ZW2,null,,false,Q99ZW2,null,,false,571,510,,9.847183,false,true,false,false,1,1,Self,0,0.001067,0.044248,9.847183,,,,0,0,0,,0,0,,0
918,1263,Scan: 525336 Run: DIA12_CV486075:20251228_A2_N1_Mueller_MS_TechHub_IMP_THIDDIAXL003_Cas9_PhoX_DIA12_CV486075_250ng_FAIMS_001 P1_KGILQTVK P2_ELGSQILKEHPVENTQLQNEK 1 8,Q99ZW2,null,,false,Q99ZW2,null,,false,797,735,,9.846513,false,true,false,false,1,1,Self,0,0.001067,0.045397,,,9.846513,,0,0,0,,0,0,,0
916,1261,Scan: 1351841 Run: DIA12_CV486075:20251228_A2_N1_Mueller_MS_TechHub_IMP_THIDDIAXL003_Cas9_PhoX_DIA12_CV486075_250ng_FAIMS_003 P1_GNELALPSKYVNFLYLASHYEK P2_GKSDNVPSEEVVK 9 2,Q99ZW2,null,,false,Q99ZW2,null,,false,866,1231,,9.845547,false,true,false,false,1,1,Self,0,0.001067,0.045283,9.845547,,,,0,0,0,,0,0,,0
915,1260,Scan: 1634592 Run: DIA12_CV486075:20251228_A2_N1_Mueller_MS_TechHub_IMP_THIDDIAXL003_Cas9_PhoX_DIA12_CV486075_250ng_FAIMS_003 P1_QSGKTILDFLK P2_IEKILTFR 4 3,Q99ZW2,null,,false,Q99ZW2,null,,false,442,677,,9.845159,false,true,false,false,1,1,Self,0,0.001067,0.045283,9.845159,,,,0,0,0,,0,0,,0
914,1258,Scan: 733830 Run: DIA12_CV486075:20251228_A2_N1_Mueller_MS_TechHub_IMP_THIDDIAXL003_Cas9_PhoX_DIA12_CV486075_250ng_FAIMS_002 P1_QLKEDYFK P2_KDLIIK 3 1,Q99ZW2,null,,false,Q99ZW2,null,,false,1192,565,,9.845023,false,true,false,false,1,1,Self,0,0.001067,0.045283,,9.845023,,,0,0,0,,0,0,,0
913,1257,Scan: 1605199 Run: DIA12_CV486075:20251228_A2_N1_Mueller_MS_TechHub_IMP_THIDDIAXL003_Cas9_PhoX_DIA12_CV486075_250ng_FAIMS_003 P1_NSDKLIAR P2_KVTVK 4 1,Q99ZW2,null,,false,Q99ZW2,null,,false,558,1118,,9.844845,false,true,false,false,1,1,Self,0,0.001067,0.045283,9.844845,,,,0,0,0,,0,0,,0
912,1256,Scan: 1557496 Run: DIA12_CV486075:20251228_A2_N1_Mueller_MS_TechHub_IMP_THIDDIAXL003_Cas9_PhoX_DIA12_CV486075_250ng_FAIMS_003 P1_VLPKHSLLYEYFTVYNELTK P2_LKGSPEDNEQK 4 2,Q99ZW2,null,,false,Q99ZW2,null,,false,1246,510,,9.843882,false,true,false,false,1,1,Self,0,0.001067,0.045283,9.843882,,,,0,0,0,,0,0,,0
911,1253,Scan: 14007 Run: DIA12_CV486075:20251228_A2_N1_Mueller_MS_TechHub_IMP_THIDDIAXL003_Cas9_PhoX_DIA12_CV486075_250ng_FAIMS_001 P1_SEQEIGKATAK P2_LESEFVYGDYKVYDVR 7 11,Q99ZW2,null,,false,Q99ZW2,null,,false,1014,1031,,9.842314,false,true,false,false,1,1,Self,0,0.001067,0.046424,,,9.842314,,0,0,0,,0,0,,0
910,1252,Scan: 1491291 Run: DIA12_CV486075:20251228_A2_N1_Mueller_MS_TechHub_IMP_THIDDIAXL003_Cas9_PhoX_DIA12_CV486075_250ng_FAIMS_003 P1_KRPLIETNGETGEIVWDK P2_KNLIGALLFDSGETAEATR 1 1,Q99ZW2,null,,false,Q99ZW2,null,,false,45,1059,,9.841592,false,true,false,false,1,1,Self,0,0.001067,0.046424,9.841592,,,,0,0,0,,0,0,,0
909,1249,Scan: 405280 Run: DIA12_CV486075:20251228_A2_N1_Mueller_MS_TechHub_IMP_THIDDIAXL003_Cas9_PhoX_DIA12_CV486075_250ng_FAIMS_001 P1_KAIVDLLFK P2_GQKNSR 1 3,Q99ZW2,null,,false,Q99ZW2,null,,false,775,546,,9.839047,false,true,false,false,1,1,Self,0,0.001067,0.04625,,,9.839047,,0,0,0,,0,0,,0
908,1248,Scan: 413555 Run: DIA12_CV486075:20251228_A2_N1_Mueller_MS_TechHub_IMP_THIDDIAXL003_Cas9_PhoX_DIA12_CV486075_250ng_FAIMS_001 P1_QLKEDYFK P2_QITKHVAQILDSR 3 4,Q99ZW2,null,,false,Q99ZW2,null,,false,929,565,,9.838608,false,true,false,false,1,1,Self,0,0.001067,0.04625,,,9.838608,,0,0,0,,0,0,,0
906,1245,Scan: 1651222 Run: DIA12_CV486075:20251228_A2_N1_Mueller_MS_TechHub_IMP_THIDDIAXL003_Cas9_PhoX_DIA12_CV486075_250ng_FAIMS_003 P1_YKEIFFDQSK P2_EDIQKAQVSGQGDSLHEHIANLAGSPAIK 2 5,Q99ZW2,null,,false,Q99ZW2,null,,false,710,348,,9.837268,false,true,false,false,1,1,Self,0,0.001067,0.048628,9.837268,,,,0,0,0,,0,0,,0
905,1242,Scan: 604757 Run: DIA12_CV486075:20251228_A2_N1_Mueller_MS_TechHub_IMP_THIDDIAXL003_Cas9_PhoX_DIA12_CV486075_250ng_FAIMS_002 P1_LESEFVYGDYKVYDVR P2_KLINGIR 11 1,Q99ZW2,null,,false,Q99ZW2,null,,false,665,1014,,9.835637,false,true,false,false,1,1,Self,0,0.001067,0.048507,,9.835637,,,0,0,0,,0,0,,0
904,1241,Scan: 1619755 Run: DIA12_CV486075:20251228_A2_N1_Mueller_MS_TechHub_IMP_THIDDIAXL003_Cas9_PhoX_DIA12_CV486075_250ng_FAIMS_003 P1_SKLVSDFR P2_LKTYAHLFDDK 2 2,Q99ZW2,null,,false,Q99ZW2,null,,false,637,961,,9.835463,false,true,false,false,1,1,Self,0,0.001067,0.048447,9.835463,,,,0,0,0,,0,0,,0
903,1239,Scan: 894103 Run: DIA12_CV486075:20251228_A2_N1_Mueller_MS_TechHub_IMP_THIDDIAXL003_Cas9_PhoX_DIA12_CV486075_250ng_FAIMS_002 P1_KTEVQTGGFSK P2_KNLIGALLFDSGETAEATR 1 1,Q99ZW2,null,,false,Q99ZW2,null,,false,45,1097,,9.834333,false,true,false,false,1,1,Self,0,0.001067,0.048387,,9.834333,9.673894,,0,0,0,,0,0,,0
902,1237,Scan: 226148 Run: DIA12_CV486075:20251228_A2_N1_Mueller_MS_TechHub_IMP_THIDDIAXL003_Cas9_PhoX_DIA12_CV486075_250ng_FAIMS_001 P1_SNFDLAEDAKLQLSK P2_KLVDSTDK 10 1,Q99ZW2,null,,false,Q99ZW2,null,,false,141,263,,9.832625,false,true,false,false,1,1,Self,0,0.001067,0.049505,,,9.832625,,0,0,0,,0,0,,0
900,1231,Scan: 859014 Run: DIA12_CV486075:20251228_A2_N1_Mueller_MS_TechHub_IMP_THIDDIAXL003_Cas9_PhoX_DIA12_CV486075_250ng_FAIMS_002 P1_YKEIFFDQSK P2_YDENDKLIR 2 6,Q99ZW2,null,,false,Q99ZW2,null,,false,948,348,,9.829247,false,true,false,false,1,1,Self,0,0.001067,0.051597,,9.829247,9.441076,,0,0,0,,0,0,,0
899,1229,Scan: 1106241 Run: DIA12_CV486075:20251228_A2_N1_Mueller_MS_TechHub_IMP_THIDDIAXL003_Cas9_PhoX_DIA12_CV486075_250ng_FAIMS_002 P1_SEQEIGKATAK P2_ENQTTQKGQK 7 7,Q99ZW2,null,,false,Q99ZW2,null,,false,772,1031,,9.828727,false,true,false,false,1,1,Self,0,0.001067,0.051597,,9.828727,,,0,0,0,,0,0,,0
898,1228,Scan: 541110 Run: DIA12_CV486075:20251228_A2_N1_Mueller_MS_TechHub_IMP_THIDDIAXL003_Cas9_PhoX_DIA12_CV486075_250ng_FAIMS_001 P1_YKEIFFDQSK P2_DDSIDNKVLTR 2 7,Q99ZW2,null,,false,Q99ZW2,null,,false,855,348,,9.828109,false,true,false,false,1,1,Self,0,0.001067,0.051597,,9.547314,9.828109,,0,0,0,,0,0,,0
897,1227,Scan: 605309 Run: DIA12_CV486075:20251228_A2_N1_Mueller_MS_TechHub_IMP_THIDDIAXL003_Cas9_PhoX_DIA12_CV486075_250ng_FAIMS_002 P1_QITKHVAQILDSR P2_LESEFVYGDYKVYDVR 4 11,Q99ZW2,null,,false,Q99ZW2,null,,false,1014,929,,9.827986,false,true,false,false,1,1,Self,0,0.001067,0.051597,,9.827986,,,0,0,0,,0,0,,0
896,1226,Scan: 483415 Run: DIA12_CV486075:20251228_A2_N1_Mueller_MS_TechHub_IMP_THIDDIAXL003_Cas9_PhoX_DIA12_CV486075_250ng_FAIMS_001 P1_KGILQTVK P2_KDLIIK 1 1,Q99ZW2,null,,false,Q99ZW2,null,,false,1192,735,,9.827409,false,true,false,false,1,1,Self,0,0.001068,0.051597,,,9.827409,,0,0,0,,0,0,,0
895,1224,Scan: 948444 Run: DIA12_CV486075:20251228_A2_N1_Mueller_MS_TechHub_IMP_THIDDIAXL003_Cas9_PhoX_DIA12_CV486075_250ng_FAIMS_002 P1_SEETITPWNFEEVVDKGASAQSFIER P2_QLLNAKLITQR 16 6,Q99ZW2,null,,false,Q99ZW2,null,,false,890,484,,9.825689,false,true,false,false,1,1,Self,0,0.001068,0.052826,,9.825689,,,0,0,0,,0,0,,0
894,1223,Scan: 1559964 Run: DIA12_CV486075:20251228_A2_N1_Mueller_MS_TechHub_IMP_THIDDIAXL003_Cas9_PhoX_DIA12_CV486075_250ng_FAIMS_003 P1_VLPKHSLLYEYFTVYNELTK P2_QSGKTILDFLK 4 4,Q99ZW2,null,,false,Q99ZW2,null,,false,677,510,,9.825124,false,true,false,false,1,1,Self,0,0.001068,0.052761,9.825124,,,,0,0,0,,0,0,,0
893,1221,Scan: 960831 Run: DIA12_CV486075:20251228_A2_N1_Mueller_MS_TechHub_IMP_THIDDIAXL003_Cas9_PhoX_DIA12_CV486075_250ng_FAIMS_002 P1_VLPKHSLLYEYFTVYNELTK P2_EKIEKILTFR 4 2,Q99ZW2,null,,false,Q99ZW2,null,,false,439,510,,9.824606,false,true,false,false,1,1,Self,0,0.001068,0.052761,,9.824606,,,0,0,0,,0,0,,0
892,1220,Scan: 1110284 Run: DIA12_CV486075:20251228_A2_N1_Mueller_MS_TechHub_IMP_THIDDIAXL003_Cas9_PhoX_DIA12_CV486075_250ng_FAIMS_002 P1_GQKNSR P2_DKQSGK 3 2,Q99ZW2,null,,false,Q99ZW2,null,,false,673,775,,9.824208,false,true,false,false,1,1,Self,0,0.001068,0.052761,,9.824208,,,0,0,0,,0,0,,0
891,1218,Scan: 1597141 Run: DIA12_CV486075:20251228_A2_N1_Mueller_MS_TechHub_IMP_THIDDIAXL003_Cas9_PhoX_DIA12_CV486075_250ng_FAIMS_003 P1_NSDKLIAR P2_KPAFLSGEQKK 4 10,Q99ZW2,null,,false,Q99ZW2,null,,false,545,1118,,9.823421,false,true,false,false,1,1,Self,0,0.001068,0.052696,9.823421,,,,0,0,0,,0,0,,0
889,1216,Scan: 351526 Run: DIA12_CV486075:20251228_A2_N1_Mueller_MS_TechHub_IMP_THIDDIAXL003_Cas9_PhoX_DIA12_CV486075_250ng_FAIMS_001 P1_SKLVSDFR P2_SEETITPWNFEEVVDKGASAQSFIER 2 16,Q99ZW2,null,,false,Q99ZW2,null,,false,484,961,,9.823127,false,true,false,false,1,1,Self,0,0.001068,0.052696,,,9.823127,,0,0,0,,0,0,,0
888,1215,Scan: 597529 Run: DIA12_CV486075:20251228_A2_N1_Mueller_MS_TechHub_IMP_THIDDIAXL003_Cas9_PhoX_DIA12_CV486075_250ng_FAIMS_002 P1_YPKLESEFVYGDYK P2_KMIAK 3 1,Q99ZW2,null,,false,Q99ZW2,null,,false,1020,1003,,9.820699,false,true,false,false,1,1,Self,0,0.001068,0.052503,,9.820699,,,0,0,0,,0,0,,0
887,1212,Scan: 1021974 Run: DIA12_CV486075:20251228_A2_N1_Mueller_MS_TechHub_IMP_THIDDIAXL003_Cas9_PhoX_DIA12_CV486075_250ng_FAIMS_002 P1_LKTYAHLFDDK P2_KAIVDLLFK 2 1,Q99ZW2,null,,false,Q99ZW2,null,,false,546,637,,9.818232,false,true,false,false,1,1,Self,0,0.001068,0.057247,,9.818232,,,0,0,0,,0,0,,0
885,1208,Scan: 635647 Run: DIA12_CV486075:20251228_A2_N1_Mueller_MS_TechHub_IMP_THIDDIAXL003_Cas9_PhoX_DIA12_CV486075_250ng_FAIMS_002 P1_SNFDLAEDAKLQLSK P2_KTEVQTGGFSK 10 1,Q99ZW2,null,,false,Q99ZW2,null,,false,1097,263,,9.815652,false,true,false,false,1,1,Self,0,0.001068,0.06068,,9.815652,,,0,0,0,,0,0,,0
884,1204,Scan: 437387 Run: DIA12_CV486075:20251228_A2_N1_Mueller_MS_TechHub_IMP_THIDDIAXL003_Cas9_PhoX_DIA12_CV486075_250ng_FAIMS_001 P1_SSFEKNPIDFLEAK P2_DKQSGK 5 2,Q99ZW2,null,,false,Q99ZW2,null,,false,673,1176,,9.813458,false,true,false,false,1,1,Self,0,0.001068,0.061743,9.589945,,9.813458,,0,0,0,,0,0,,0
883,1203,Scan: 1553327 Run: DIA12_CV486075:20251228_A2_N1_Mueller_MS_TechHub_IMP_THIDDIAXL003_Cas9_PhoX_DIA12_CV486075_250ng_FAIMS_003 P1_MTNFDKNLPNEK P2_DKQSGK 6 2,Q99ZW2,null,,false,Q99ZW2,null,,false,673,500,,9.81307,false,true,false,false,1,1,Self,0,0.001068,0.061669,9.81307,,,,0,0,0,,0,0,,0
882,1202,Scan: 75445 Run: DIA12_CV486075:20251228_A2_N1_Mueller_MS_TechHub_IMP_THIDDIAXL003_Cas9_PhoX_DIA12_CV486075_250ng_FAIMS_001 P1_TEVQTGGFSKESILPK P2_KDFQFYK 10 1,Q99ZW2,null,,false,Q99ZW2,null,,false,968,1107,,9.812651,false,true,false,false,1,1,Self,0,0.001068,0.06152,,,9.812651,,0,0,0,,0,0,,0
881,1201,Scan: 1159216 Run: DIA12_CV486075:20251228_A2_N1_Mueller_MS_TechHub_IMP_THIDDIAXL003_Cas9_PhoX_DIA12_CV486075_250ng_FAIMS_002 P1_KFDNLTK P2_KDFQFYK 1 1,Q99ZW2,null,,false,Q99ZW2,null,,false,968,896,,9.810658,false,true,false,false,1,1,Self,0,0.001068,0.062425,,9.810658,,,0,0,0,,0,0,,0
880,1200,Scan: 1399744 Run: DIA12_CV486075:20251228_A2_N1_Mueller_MS_TechHub_IMP_THIDDIAXL003_Cas9_PhoX_DIA12_CV486075_250ng_FAIMS_003 P1_KLVDSTDK P2_KDFQFYK 1 1,Q99ZW2,null,,false,Q99ZW2,null,,false,968,141,,9.810156,false,true,false,false,1,1,Self,0,0.001068,0.06235,9.810156,,,,0,0,0,,0,0,,0
879,1199,Scan: 858487 Run: DIA12_CV486075:20251228_A2_N1_Mueller_MS_TechHub_IMP_THIDDIAXL003_Cas9_PhoX_DIA12_CV486075_250ng_FAIMS_002 P1_YKEIFFDQSK P2_SDKNR 2 3,Q99ZW2,null,,false,Q99ZW2,null,,false,862,348,,9.809921,false,true,false,false,1,1,Self,0,0.001068,0.062275,,9.809921,,,0,0,0,,0,0,,0
876,1196,Scan: 802163 Run: DIA12_CV486075:20251228_A2_N1_Mueller_MS_TechHub_IMP_THIDDIAXL003_Cas9_PhoX_DIA12_CV486075_250ng_FAIMS_002 P1_KLVDSTDK P2_GKSDNVPSEEVVK 1 2,Q99ZW2,null,,false,Q99ZW2,null,,false,866,141,,9.808772,false,true,false,false,1,1,Self,0,0.001068,0.061979,,9.808772,,,0,0,0,,0,0,,0
875,1192,Scan: 6594 Run: DIA12_CV486075:20251228_A2_N1_Mueller_MS_TechHub_IMP_THIDDIAXL003_Cas9_PhoX_DIA12_CV486075_250ng_FAIMS_001 P1_LESEFVYGDYKVYDVR P2_FKVLGNTDR 11 2,Q99ZW2,null,,false,Q99ZW2,null,,false,33,1014,,9.805989,false,true,false,false,1,1,Self,0,0.001068,0.063981,,,9.805989,,0,0,0,,0,0,,0
874,1191,Scan: 514644 Run: DIA12_CV486075:20251228_A2_N1_Mueller_MS_TechHub_IMP_THIDDIAXL003_Cas9_PhoX_DIA12_CV486075_250ng_FAIMS_001 P1_IEEGIKELGSQILK P2_FKVLGNTDR 6 2,Q99ZW2,null,,false,Q99ZW2,null,,false,33,789,,9.805418,false,true,false,false,1,1,Self,0,0.001068,0.063905,,,9.805418,,0,0,0,,0,0,,0
873,1189,Scan: 1351528 Run: DIA12_CV486075:20251228_A2_N1_Mueller_MS_TechHub_IMP_THIDDIAXL003_Cas9_PhoX_DIA12_CV486075_250ng_FAIMS_003 P1_KLINGIR P2_GNELALPSKYVNFLYLASHYEK 1 9,Q99ZW2,null,,false,Q99ZW2,null,,false,1231,665,,9.804388,false,true,false,false,1,1,Self,0,0.001068,0.06383,9.804388,,,,0,0,0,,0,0,,0
872,1187,Scan: 696075 Run: DIA12_CV486075:20251228_A2_N1_Mueller_MS_TechHub_IMP_THIDDIAXL003_Cas9_PhoX_DIA12_CV486075_250ng_FAIMS_002 P1_KDWDPK P2_GQKNSR 1 3,Q99ZW2,null,,false,Q99ZW2,null,,false,775,1124,,9.803935,false,true,false,false,1,1,Self,0,0.001068,0.063754,,9.803935,,,0,0,0,,0,0,,0
871,1185,Scan: 1293046 Run: DIA12_CV486075:20251228_A2_N1_Mueller_MS_TechHub_IMP_THIDDIAXL003_Cas9_PhoX_DIA12_CV486075_250ng_FAIMS_003 P1_KDWDPK P2_IEKILTFR 1 3,Q99ZW2,null,,false,Q99ZW2,null,,false,442,1124,,9.803525,false,true,false,false,1,1,Self,0,0.001068,0.063754,9.803525,,,,0,0,0,,0,0,,0
869,1183,Scan: 1002946 Run: DIA12_CV486075:20251228_A2_N1_Mueller_MS_TechHub_IMP_THIDDIAXL003_Cas9_PhoX_DIA12_CV486075_250ng_FAIMS_002 P1_KDFQFYK P2_KAIVDLLFK 1 1,Q99ZW2,null,,false,Q99ZW2,null,,false,546,968,,9.802889,false,true,false,false,1,1,Self,0,0.001068,0.06383,,9.802889,,,0,0,0,,0,0,,0
868,1181,Scan: 1158523 Run: DIA12_CV486075:20251228_A2_N1_Mueller_MS_TechHub_IMP_THIDDIAXL003_Cas9_PhoX_DIA12_CV486075_250ng_FAIMS_002 P1_KFDNLTK P2_KAIVDLLFK 1 1,Q99ZW2,null,,false,Q99ZW2,null,,false,546,896,,9.801915,false,true,false,false,1,1,Self,0,0.001068,0.064935,,9.801915,,,0,0,0,,0,0,,0
867,1180,Scan: 1153897 Run: DIA12_CV486075:20251228_A2_N1_Mueller_MS_TechHub_IMP_THIDDIAXL003_Cas9_PhoX_DIA12_CV486075_250ng_FAIMS_002 P1_SDNVPSEEVVKK P2_KFDNLTK 11 1,Q99ZW2,null,,false,Q99ZW2,null,,false,896,877,,9.801859,false,true,false,false,1,1,Self,0,0.001068,0.064935,,9.801859,,,0,0,0,,0,0,,0
866,1179,Scan: 1113867 Run: DIA12_CV486075:20251228_A2_N1_Mueller_MS_TechHub_IMP_THIDDIAXL003_Cas9_PhoX_DIA12_CV486075_250ng_FAIMS_002 P1_IEEGIKELGSQILK P2_GKSDNVPSEEVVK 6 2,Q99ZW2,null,,false,Q99ZW2,null,,false,866,789,,9.801855,false,true,false,false,1,1,Self,0,0.001068,0.064935,,9.801855,,,0,0,0,,0,0,,0
865,1178,Scan: 1001549 Run: DIA12_CV486075:20251228_A2_N1_Mueller_MS_TechHub_IMP_THIDDIAXL003_Cas9_PhoX_DIA12_CV486075_250ng_FAIMS_002 P1_KTEVQTGGFSK P2_KAIVDLLFK 1 1,Q99ZW2,null,,false,Q99ZW2,null,,false,546,1097,,9.800836,false,true,false,false,1,1,Self,0,0.001068,0.066038,,9.800836,,,0,0,0,,0,0,,0
864,1177,Scan: 389994 Run: DIA12_CV486075:20251228_A2_N1_Mueller_MS_TechHub_IMP_THIDDIAXL003_Cas9_PhoX_DIA12_CV486075_250ng_FAIMS_001 P1_MNTKYDENDK P2_KPAFLSGEQK 4 1,Q99ZW2,null,,false,Q99ZW2,null,,false,536,942,,9.800387,false,true,false,false,1,1,Self,0,0.001068,0.066038,,,9.800387,,0,0,0,,0,0,,0
863,1175,Scan: 1000133 Run: DIA12_CV486075:20251228_A2_N1_Mueller_MS_TechHub_IMP_THIDDIAXL003_Cas9_PhoX_DIA12_CV486075_250ng_FAIMS_002 P1_KPAFLSGEQKK P2_FKVLGNTDR 10 2,Q99ZW2,null,,false,Q99ZW2,null,,false,33,545,,9.798052,false,true,false,false,1,1,Self,0,0.001069,0.065728,,9.798052,,,0,0,0,,0,0,,0
862,1174,Scan: 40061 Run: DIA12_CV486075:20251228_A2_N1_Mueller_MS_TechHub_IMP_THIDDIAXL003_Cas9_PhoX_DIA12_CV486075_250ng_FAIMS_001 P1_TILDFLKSDGFANR P2_KTEVQTGGFSK 7 1,Q99ZW2,null,,false,Q99ZW2,null,,false,1097,684,,9.797996,false,true,false,false,1,1,Self,0,0.001069,0.065728,,,9.797996,,0,0,0,,0,0,,0
861,1173,Scan: 215338 Run: DIA12_CV486075:20251228_A2_N1_Mueller_MS_TechHub_IMP_THIDDIAXL003_Cas9_PhoX_DIA12_CV486075_250ng_FAIMS_001 P1_TILDFLKSDGFANR P2_LENLIAQLPGEKK 7 12,Q99ZW2,null,,false,Q99ZW2,null,,false,233,684,,9.79742,false,true,false,false,1,1,Self,0,0.001069,0.065728,,,9.79742,,0,0,0,,0,0,,0
860,1172,Scan: 588307 Run: DIA12_CV486075:20251228_A2_N1_Mueller_MS_TechHub_IMP_THIDDIAXL003_Cas9_PhoX_DIA12_CV486075_250ng_FAIMS_001 P1_VILADANLDKVLSAYNK P2_SKLVSDFR 10 2,Q99ZW2,null,,false,Q99ZW2,null,,false,961,1289,,9.796589,false,true,false,false,1,1,Self,0,0.001069,0.066745,,,9.796589,,0,0,0,,0,0,,0
859,1171,Scan: 1643824 Run: DIA12_CV486075:20251228_A2_N1_Mueller_MS_TechHub_IMP_THIDDIAXL003_Cas9_PhoX_DIA12_CV486075_250ng_FAIMS_003 P1_TILDFLKSDGFANR P2_EHPVENTQLQNEKLYLYYLQNGR 7 13,Q99ZW2,null,,false,Q99ZW2,null,,false,810,684,,9.796261,false,true,false,false,1,1,Self,0,0.001069,0.066667,9.796261,,,,0,0,0,,0,0,,0
857,1168,Scan: 1741720 Run: DIA12_CV486075:20251228_A2_N1_Mueller_MS_TechHub_IMP_THIDDIAXL003_Cas9_PhoX_DIA12_CV486075_250ng_FAIMS_003 P1_KVTVK P2_GKSDNVPSEEVVK 1 2,Q99ZW2,null,,false,Q99ZW2,null,,false,866,558,,9.793018,false,true,false,false,1,1,Self,0,0.001069,0.069849,9.793018,9.607857,,,0,0,0,,0,0,,0
856,1167,Scan: 1264900 Run: DIA12_CV486075:20251228_A2_N1_Mueller_MS_TechHub_IMP_THIDDIAXL003_Cas9_PhoX_DIA12_CV486075_250ng_FAIMS_003 P1_TEVQTGGFSKESILPK P2_IEKILTFR 10 3,Q99ZW2,null,,false,Q99ZW2,null,,false,442,1107,,9.792065,false,true,false,false,1,1,Self,0,0.001069,0.069849,9.792065,,,,0,0,0,,0,0,,0
855,1165,Scan: 1637728 Run: DIA12_CV486075:20251228_A2_N1_Mueller_MS_TechHub_IMP_THIDDIAXL003_Cas9_PhoX_DIA12_CV486075_250ng_FAIMS_003 P1_TILDFLKSDGFANR P2_NPIDFLEAKGYK 7 9,Q99ZW2,null,,false,Q99ZW2,null,,false,1185,684,,9.791072,false,true,false,false,1,1,Self,0,0.001069,0.07093,9.791072,,,,0,0,0,,0,0,,0
854,1163,Scan: 1546534 Run: DIA12_CV486075:20251228_A2_N1_Mueller_MS_TechHub_IMP_THIDDIAXL003_Cas9_PhoX_DIA12_CV486075_250ng_FAIMS_003 P1_SEETITPWNFEEVVDKGASAQSFIER P2_KDFQFYK 16 1,Q99ZW2,null,,false,Q99ZW2,null,,false,968,484,,9.790099,false,true,false,false,1,1,Self,0,0.001069,0.07093,9.790099,,,,0,0,0,,0,0,,0
853,1162,Scan: 850139 Run: DIA12_CV486075:20251228_A2_N1_Mueller_MS_TechHub_IMP_THIDDIAXL003_Cas9_PhoX_DIA12_CV486075_250ng_FAIMS_002 P1_QQLPEKYKEIFFDQSK P2_LEESFLVEEDKKHER 6 11,Q99ZW2,null,,false,Q99ZW2,null,,false,111,346,,9.790031,false,true,false,false,1,1,Self,0,0.001069,0.07093,,9.790031,,,0,0,0,,0,0,,0
852,1161,Scan: 1465529 Run: DIA12_CV486075:20251228_A2_N1_Mueller_MS_TechHub_IMP_THIDDIAXL003_Cas9_PhoX_DIA12_CV486075_250ng_FAIMS_003 P1_NSDKLIAR P2_EIFFDQSKNGYAGYIDGGASQEEFYK 4 8,Q99ZW2,null,,false,Q99ZW2,null,,false,356,1118,,9.78996,false,true,false,false,1,1,Self,0,0.001069,0.07093,9.78996,,,,0,0,0,,0,0,,0
851,1160,Scan: 1140686 Run: DIA12_CV486075:20251228_A2_N1_Mueller_MS_TechHub_IMP_THIDDIAXL003_Cas9_PhoX_DIA12_CV486075_250ng_FAIMS_002 P1_SKLVSDFR P2_DDSIDNKVLTR 2 7,Q99ZW2,null,,false,Q99ZW2,null,,false,855,961,,9.789043,false,true,false,false,1,1,Self,0,0.001069,0.070766,,9.789043,,,0,0,0,,0,0,,0
849,1157,Scan: 1560963 Run: DIA12_CV486075:20251228_A2_N1_Mueller_MS_TechHub_IMP_THIDDIAXL003_Cas9_PhoX_DIA12_CV486075_250ng_FAIMS_003 P1_VLPKHSLLYEYFTVYNELTK P2_MNTKYDENDK 4 4,Q99ZW2,null,,false,Q99ZW2,null,,false,942,510,,9.788035,false,true,false,false,1,1,Self,0,0.001069,0.071759,9.788035,,8.839255,,0,0,0,,0,0,,0
848,1155,Scan: 245364 Run: DIA12_CV486075:20251228_A2_N1_Mueller_MS_TechHub_IMP_THIDDIAXL003_Cas9_PhoX_DIA12_CV486075_250ng_FAIMS_001 P1_GQKNSR P2_FKVLGNTDR 3 2,Q99ZW2,null,,false,Q99ZW2,null,,false,33,775,,9.786834,false,true,false,false,1,1,Self,0,0.001069,0.071759,,,9.786834,,0,0,0,,0,0,,0
847,1153,Scan: 1718183 Run: DIA12_CV486075:20251228_A2_N1_Mueller_MS_TechHub_IMP_THIDDIAXL003_Cas9_PhoX_DIA12_CV486075_250ng_FAIMS_003 P1_VLPKHSLLYEYFTVYNELTK P2_ELGSQILKEHPVENTQLQNEK 4 8,Q99ZW2,null,,false,Q99ZW2,null,,false,797,510,,9.786697,false,true,false,false,1,1,Self,0,0.001069,0.071759,9.786697,,,,0,0,0,,0,0,,0
846,1150,Scan: 1545945 Run: DIA12_CV486075:20251228_A2_N1_Mueller_MS_TechHub_IMP_THIDDIAXL003_Cas9_PhoX_DIA12_CV486075_250ng_FAIMS_003 P1_SEETITPWNFEEVVDKGASAQSFIER P2_KFDNLTK 16 1,Q99ZW2,null,,false,Q99ZW2,null,,false,896,484,,9.783547,false,true,false,false,1,1,Self,0,0.001069,0.075058,9.783547,,,,0,0,0,,0,0,,0
845,1149,Scan: 775240 Run: DIA12_CV486075:20251228_A2_N1_Mueller_MS_TechHub_IMP_THIDDIAXL003_Cas9_PhoX_DIA12_CV486075_250ng_FAIMS_002 P1_KLINGIR P2_HYLDEIIEQISEFSKR 1 15,Q99ZW2,null,,false,Q99ZW2,null,,false,1278,665,,9.783239,false,true,false,false,1,1,Self,0,0.001069,0.074971,,9.783239,,,0,0,0,,0,0,,0
844,1147,Scan: 1412489 Run: DIA12_CV486075:20251228_A2_N1_Mueller_MS_TechHub_IMP_THIDDIAXL003_Cas9_PhoX_DIA12_CV486075_250ng_FAIMS_003 P1_KPAFLSGEQK P2_KNGLFGNLIALSLGLTPNFK 1 1,Q99ZW2,null,,false,Q99ZW2,null,,false,234,536,,9.78282,false,true,false,false,1,1,Self,0,0.001069,0.074971,9.78282,,,,0,0,0,,0,0,,0
843,1146,Scan: 1001943 Run: DIA12_CV486075:20251228_A2_N1_Mueller_MS_TechHub_IMP_THIDDIAXL003_Cas9_PhoX_DIA12_CV486075_250ng_FAIMS_002 P1_KAIVDLLFK P2_DKPIR 1 2,Q99ZW2,null,,false,Q99ZW2,null,,false,1300,546,,9.782501,false,true,false,false,1,1,Self,0,0.001069,0.074971,,9.782501,,,0,0,0,,0,0,,0
841,1144,Scan: 1740209 Run: DIA12_CV486075:20251228_A2_N1_Mueller_MS_TechHub_IMP_THIDDIAXL003_Cas9_PhoX_DIA12_CV486075_250ng_FAIMS_003 P1_LVDSTDKADLR P2_GKSDNVPSEEVVK 7 2,Q99ZW2,null,,false,Q99ZW2,null,,false,866,148,,9.780905,false,true,false,false,1,1,Self,0,0.001069,0.077189,9.780905,,,,0,0,0,,0,0,,0
839,1142,Scan: 162516 Run: DIA12_CV486075:20251228_A2_N1_Mueller_MS_TechHub_IMP_THIDDIAXL003_Cas9_PhoX_DIA12_CV486075_250ng_FAIMS_001 P1_LKGSPEDNEQK P2_DKPIR 2 2,Q99ZW2,null,,false,Q99ZW2,null,,false,1300,1246,,9.7805,false,true,false,false,1,1,Self,0,0.001069,0.077189,,,9.7805,,0,0,0,,0,0,,0
838,1141,Scan: 840268 Run: DIA12_CV486075:20251228_A2_N1_Mueller_MS_TechHub_IMP_THIDDIAXL003_Cas9_PhoX_DIA12_CV486075_250ng_FAIMS_002 P1_FKVLGNTDR P2_EIFFDQSKNGYAGYIDGGASQEEFYK 2 8,Q99ZW2,null,,false,Q99ZW2,null,,false,356,33,,9.779891,false,true,false,false,1,1,Self,0,0.001069,0.077189,,9.779891,,,0,0,0,,0,0,,0
837,1140,Scan: 1731628 Run: DIA12_CV486075:20251228_A2_N1_Mueller_MS_TechHub_IMP_THIDDIAXL003_Cas9_PhoX_DIA12_CV486075_250ng_FAIMS_003 P1_IEKILTFR P2_EHPVENTQLQNEKLYLYYLQNGR 3 13,Q99ZW2,null,,false,Q99ZW2,null,,false,810,442,,9.77949,false,true,false,false,1,1,Self,0,0.001069,0.078251,9.77949,,,,0,0,0,,0,0,,0
835,1138,Scan: 1408051 Run: DIA12_CV486075:20251228_A2_N1_Mueller_MS_TechHub_IMP_THIDDIAXL003_Cas9_PhoX_DIA12_CV486075_250ng_FAIMS_003 P1_LENLIAQLPGEKK P2_KTEVQTGGFSK 12 1,Q99ZW2,null,,false,Q99ZW2,null,,false,1097,233,,9.776952,false,true,false,false,1,1,Self,0,0.001069,0.081236,9.776952,,,,0,0,0,,0,0,,0
834,1137,Scan: 1508621 Run: DIA12_CV486075:20251228_A2_N1_Mueller_MS_TechHub_IMP_THIDDIAXL003_Cas9_PhoX_DIA12_CV486075_250ng_FAIMS_003 P1_KSEETITPWNFEEVVDK P2_KFDNLTK 1 1,Q99ZW2,null,,false,Q99ZW2,null,,false,896,468,,9.776627,false,true,false,false,1,1,Self,0,0.001069,0.081143,9.776627,,,,0,0,0,,0,0,,0
833,1136,Scan: 846736 Run: DIA12_CV486075:20251228_A2_N1_Mueller_MS_TechHub_IMP_THIDDIAXL003_Cas9_PhoX_DIA12_CV486075_250ng_FAIMS_002 P1_YDEHHQDLTLLKALVR P2_APLSASMIKR 12 9,Q99ZW2,null,,false,Q99ZW2,null,,false,323,336,,9.775937,false,true,false,false,1,1,Self,0,0.001069,0.080958,,9.775937,,,0,0,0,,0,0,,0
832,1135,Scan: 1384849 Run: DIA12_CV486075:20251228_A2_N1_Mueller_MS_TechHub_IMP_THIDDIAXL003_Cas9_PhoX_DIA12_CV486075_250ng_FAIMS_003 P1_HPIFGNIVDEVAYHEKYPTIYHLR P2_FKVLGNTDR 16 2,Q99ZW2,null,,false,Q99ZW2,null,,false,33,131,,9.775738,false,true,false,false,1,1,Self,0,0.001069,0.080958,9.775738,,,,0,0,0,,0,0,,0
831,1134,Scan: 1142441 Run: DIA12_CV486075:20251228_A2_N1_Mueller_MS_TechHub_IMP_THIDDIAXL003_Cas9_PhoX_DIA12_CV486075_250ng_FAIMS_002 P1_KDLIIK P2_GKSDNVPSEEVVK 1 2,Q99ZW2,null,,false,Q99ZW2,null,,false,866,1192,,9.77544,false,true,false,false,1,1,Self,0,0.001069,0.082098,,9.77544,,,0,0,0,,0,0,,0
830,1132,Scan: 163454 Run: DIA12_CV486075:20251228_A2_N1_Mueller_MS_TechHub_IMP_THIDDIAXL003_Cas9_PhoX_DIA12_CV486075_250ng_FAIMS_001 P1_LKGSPEDNEQK P2_GILQTVKVVDELVK 2 7,Q99ZW2,null,,false,Q99ZW2,null,,false,742,1246,,9.774519,false,true,false,false,1,1,Self,0,0.001069,0.082098,,,9.774519,,0,0,0,,0,0,,0
829,1131,Scan: 1639154 Run: DIA12_CV486075:20251228_A2_N1_Mueller_MS_TechHub_IMP_THIDDIAXL003_Cas9_PhoX_DIA12_CV486075_250ng_FAIMS_003 P1_YKEIFFDQSK P2_TILDFLKSDGFANR 2 7,Q99ZW2,null,,false,Q99ZW2,null,,false,684,348,,9.774174,false,true,false,false,1,1,Self,0,0.001069,0.082098,9.774174,,,,0,0,0,,0,0,,0
828,1130,Scan: 1694324 Run: DIA12_CV486075:20251228_A2_N1_Mueller_MS_TechHub_IMP_THIDDIAXL003_Cas9_PhoX_DIA12_CV486075_250ng_FAIMS_003 P1_KDFQFYK P2_GILQTVKVVDELVK 1 7,Q99ZW2,null,,false,Q99ZW2,null,,false,742,968,,9.773878,false,true,false,false,1,1,Self,0,0.001069,0.081911,9.773878,,,,0,0,0,,0,0,,0
827,1129,Scan: 1233956 Run: DIA12_CV486075:20251228_A2_N1_Mueller_MS_TechHub_IMP_THIDDIAXL003_Cas9_PhoX_DIA12_CV486075_250ng_FAIMS_003 P1_MTNFDKNLPNEK P2_KTEVQTGGFSK 6 1,Q99ZW2,null,,false,Q99ZW2,null,,false,1097,500,,9.773712,false,true,false,false,1,1,Self,0,0.001069,0.081911,9.773712,,,,0,0,0,,0,0,,0
826,1128,Scan: 1171432 Run: DIA12_CV486075:20251228_A2_N1_Mueller_MS_TechHub_IMP_THIDDIAXL003_Cas9_PhoX_DIA12_CV486075_250ng_FAIMS_002 P1_QITKHVAQILDSR P2_GKSDNVPSEEVVK 4 2,Q99ZW2,null,,false,Q99ZW2,null,,false,866,929,,9.773635,false,true,false,false,1,1,Self,0,0.001069,0.081911,,9.773635,,,0,0,0,,0,0,,0
825,1126,Scan: 894205 Run: DIA12_CV486075:20251228_A2_N1_Mueller_MS_TechHub_IMP_THIDDIAXL003_Cas9_PhoX_DIA12_CV486075_250ng_FAIMS_002 P1_SSFEKNPIDFLEAK P2_KNLIGALLFDSGETAEATR 5 1,Q99ZW2,null,,false,Q99ZW2,null,,false,45,1176,,9.77324,false,true,false,false,1,1,Self,0,0.001069,0.081818,,9.77324,,,0,0,0,,0,0,,0
824,1124,Scan: 410917 Run: DIA12_CV486075:20251228_A2_N1_Mueller_MS_TechHub_IMP_THIDDIAXL003_Cas9_PhoX_DIA12_CV486075_250ng_FAIMS_001 P1_KVTVK P2_DKQSGK 1 2,Q99ZW2,null,,false,Q99ZW2,null,,false,673,558,,9.772452,false,true,false,false,1,1,Self,0,0.001069,0.082955,,,9.772452,,0,0,0,,0,0,,0
823,1123,Scan: 1426842 Run: DIA12_CV486075:20251228_A2_N1_Mueller_MS_TechHub_IMP_THIDDIAXL003_Cas9_PhoX_DIA12_CV486075_250ng_FAIMS_003 P1_VNTEITKAPLSASMIK P2_ELGSQILKEHPVENTQLQNEK 7 8,Q99ZW2,null,,false,Q99ZW2,null,,false,797,314,,9.771928,false,true,false,false,1,1,Self,0,0.00107,0.084187,9.771928,,,,0,0,0,,0,0,,0
822,1122,Scan: 618390 Run: DIA12_CV486075:20251228_A2_N1_Mueller_MS_TechHub_IMP_THIDDIAXL003_Cas9_PhoX_DIA12_CV486075_250ng_FAIMS_002 P1_NSDKLIAR P2_KRPLIETNGETGEIVWDK 4 1,Q99ZW2,null,,false,Q99ZW2,null,,false,1059,1118,,9.771293,false,true,false,false,1,1,Self,0,0.00107,0.084091,,9.771293,,,0,0,0,,0,0,,0
821,1121,Scan: 703153 Run: DIA12_CV486075:20251228_A2_N1_Mueller_MS_TechHub_IMP_THIDDIAXL003_Cas9_PhoX_DIA12_CV486075_250ng_FAIMS_002 P1_YKEIFFDQSK P2_KYGGFDSPTVAYSVLVVAK 2 1,Q99ZW2,null,,false,Q99ZW2,null,,false,1130,348,,9.771276,false,true,false,false,1,1,Self,0,0.00107,0.084091,,9.771276,,,0,0,0,,0,0,,0
820,1120,Scan: 16126 Run: DIA12_CV486075:20251228_A2_N1_Mueller_MS_TechHub_IMP_THIDDIAXL003_Cas9_PhoX_DIA12_CV486075_250ng_FAIMS_001 P1_SEQEIGKATAK P2_KVTVK 7 1,Q99ZW2,null,,false,Q99ZW2,null,,false,558,1031,,9.771262,false,true,false,false,1,1,Self,0,0.00107,0.084091,,,9.771262,,0,0,0,,0,0,,0
819,1119,Scan: 571147 Run: DIA12_CV486075:20251228_A2_N1_Mueller_MS_TechHub_IMP_THIDDIAXL003_Cas9_PhoX_DIA12_CV486075_250ng_FAIMS_001 P1_QITKHVAQILDSR P2_KDLIIK 4 1,Q99ZW2,null,,false,Q99ZW2,null,,false,1192,929,,9.771255,false,true,false,false,1,1,Self,0,0.00107,0.084091,,,9.771255,,0,0,0,,0,0,,0
816,1116,Scan: 1493819 Run: DIA12_CV486075:20251228_A2_N1_Mueller_MS_TechHub_IMP_THIDDIAXL003_Cas9_PhoX_DIA12_CV486075_250ng_FAIMS_003 P1_SKLVSDFR P2_KNLIGALLFDSGETAEATR 2 1,Q99ZW2,null,,false,Q99ZW2,null,,false,45,961,,9.769992,false,true,false,false,1,1,Self,0,0.00107,0.085227,9.769992,,,,0,0,0,,0,0,,0
815,1115,Scan: 1394570 Run: DIA12_CV486075:20251228_A2_N1_Mueller_MS_TechHub_IMP_THIDDIAXL003_Cas9_PhoX_DIA12_CV486075_250ng_FAIMS_003 P1_YTSTKEVLDATLIHQSITGLYETR P2_KDFQFYK 5 1,Q99ZW2,null,,false,Q99ZW2,null,,false,968,1340,,9.768574,false,true,false,false,1,1,Self,0,0.00107,0.084842,9.768574,,,,0,0,0,,0,0,,0
814,1113,Scan: 495904 Run: DIA12_CV486075:20251228_A2_N1_Mueller_MS_TechHub_IMP_THIDDIAXL003_Cas9_PhoX_DIA12_CV486075_250ng_FAIMS_001 P1_TILDFLKSDGFANR P2_GILQTVKVVDELVK 7 7,Q99ZW2,null,,false,Q99ZW2,null,,false,742,684,,9.768165,false,true,false,false,1,1,Self,0,0.00107,0.085876,,,9.768165,,0,0,0,,0,0,,0
813,1111,Scan: 512758 Run: DIA12_CV486075:20251228_A2_N1_Mueller_MS_TechHub_IMP_THIDDIAXL003_Cas9_PhoX_DIA12_CV486075_250ng_FAIMS_001 P1_QLKEDYFK P2_GQKNSR 3 3,Q99ZW2,null,,false,Q99ZW2,null,,false,775,565,,9.767625,false,true,false,false,1,1,Self,0,0.00107,0.085876,,9.504472,9.767625,,0,0,0,,0,0,,0
811,1109,Scan: 1045848 Run: DIA12_CV486075:20251228_A2_N1_Mueller_MS_TechHub_IMP_THIDDIAXL003_Cas9_PhoX_DIA12_CV486075_250ng_FAIMS_002 P1_TILDFLKSDGFANR P2_IEEGIKELGSQILK 7 6,Q99ZW2,null,,false,Q99ZW2,null,,false,789,684,,9.766451,false,true,false,false,1,1,Self,0,0.00107,0.085876,,9.766451,,,0,0,0,,0,0,,0
810,1108,Scan: 289669 Run: DIA12_CV486075:20251228_A2_N1_Mueller_MS_TechHub_IMP_THIDDIAXL003_Cas9_PhoX_DIA12_CV486075_250ng_FAIMS_001 P1_QEDFYPFLKDNR P2_KLINGIR 9 1,Q99ZW2,null,,false,Q99ZW2,null,,false,665,434,,9.766054,false,true,false,false,1,1,Self,0,0.00107,0.085876,,,9.766054,,0,0,0,,0,0,,0
809,1106,Scan: 1146422 Run: DIA12_CV486075:20251228_A2_N1_Mueller_MS_TechHub_IMP_THIDDIAXL003_Cas9_PhoX_DIA12_CV486075_250ng_FAIMS_002 P1_SDNVPSEEVVKK P2_GKSDNVPSEEVVK 11 2,Q99ZW2,null,,false,Q99ZW2,null,,false,866,877,,9.765717,false,true,false,false,1,1,Self,0,0.00107,0.085876,,9.765717,,,0,0,0,,0,0,,0
808,1104,Scan: 1228040 Run: DIA12_CV486075:20251228_A2_N1_Mueller_MS_TechHub_IMP_THIDDIAXL003_Cas9_PhoX_DIA12_CV486075_250ng_FAIMS_003 P1_KVLSMPQVNIVK P2_ELGSQILKEHPVENTQLQNEK 1 8,Q99ZW2,null,,false,Q99ZW2,null,,false,797,1085,,9.764239,false,true,false,false,1,1,Self,0,0.00107,0.086907,9.764239,,,,0,0,0,,0,0,,0
807,1103,Scan: 852818 Run: DIA12_CV486075:20251228_A2_N1_Mueller_MS_TechHub_IMP_THIDDIAXL003_Cas9_PhoX_DIA12_CV486075_250ng_FAIMS_002 P1_YKEIFFDQSK P2_DLIIKLPK 2 5,Q99ZW2,null,,false,Q99ZW2,null,,false,1197,348,,9.764086,false,true,false,false,1,1,Self,0,0.00107,0.086809,,9.764086,,,0,0,0,,0,0,,0
806,1102,Scan: 62094 Run: DIA12_CV486075:20251228_A2_N1_Mueller_MS_TechHub_IMP_THIDDIAXL003_Cas9_PhoX_DIA12_CV486075_250ng_FAIMS_001 P1_TEVQTGGFSKESILPK P2_KRPLIETNGETGEIVWDK 10 1,Q99ZW2,null,,false,Q99ZW2,null,,false,1059,1107,,9.763898,false,true,false,false,1,1,Self,0,0.00107,0.086809,,,9.763898,,0,0,0,,0,0,,0
805,1101,Scan: 732127 Run: DIA12_CV486075:20251228_A2_N1_Mueller_MS_TechHub_IMP_THIDDIAXL003_Cas9_PhoX_DIA12_CV486075_250ng_FAIMS_002 P1_SEETITPWNFEEVVDKGASAQSFIER P2_NPIDFLEAKGYK 16 9,Q99ZW2,null,,false,Q99ZW2,null,,false,1185,484,,9.763456,false,true,false,false,1,1,Self,0,0.00107,0.086809,,9.763456,,,0,0,0,,0,0,,0
804,1099,Scan: 1008367 Run: DIA12_CV486075:20251228_A2_N1_Mueller_MS_TechHub_IMP_THIDDIAXL003_Cas9_PhoX_DIA12_CV486075_250ng_FAIMS_002 P1_KVTVK P2_GQKNSR 1 3,Q99ZW2,null,,false,Q99ZW2,null,,false,775,558,,9.762049,false,true,false,false,1,1,Self,0,0.00107,0.086614,,9.762049,9.323188,,0,0,0,,0,0,,0
803,1098,Scan: 1718921 Run: DIA12_CV486075:20251228_A2_N1_Mueller_MS_TechHub_IMP_THIDDIAXL003_Cas9_PhoX_DIA12_CV486075_250ng_FAIMS_003 P1_KAIVDLLFK P2_ELGSQILKEHPVENTQLQNEK 1 8,Q99ZW2,null,,false,Q99ZW2,null,,false,797,546,,9.759357,false,true,false,false,1,1,Self,0,0.00107,0.086614,9.759357,,,,0,0,0,,0,0,,0
802,1096,Scan: 1505412 Run: DIA12_CV486075:20251228_A2_N1_Mueller_MS_TechHub_IMP_THIDDIAXL003_Cas9_PhoX_DIA12_CV486075_250ng_FAIMS_003 P1_LKTYAHLFDDK P2_KSEETITPWNFEEVVDK 2 1,Q99ZW2,null,,false,Q99ZW2,null,,false,468,637,,9.757758,false,true,false,false,1,1,Self,0,0.00107,0.088764,9.757758,,,,0,0,0,,0,0,,0
801,1095,Scan: 1789696 Run: DIA12_CV486075:20251228_A2_N1_Mueller_MS_TechHub_IMP_THIDDIAXL003_Cas9_PhoX_DIA12_CV486075_250ng_FAIMS_003 P1_KDFQFYK P2_KDFQFYK 1 1,Q99ZW2,null,,false,Q99ZW2,null,,false,968,968,,9.757633,false,true,false,false,1,1,Self,0,0.00107,0.088764,9.757633,,,,0,0,0,,0,0,,0
800,1091,Scan: 570636 Run: DIA12_CV486075:20251228_A2_N1_Mueller_MS_TechHub_IMP_THIDDIAXL003_Cas9_PhoX_DIA12_CV486075_250ng_FAIMS_001 P1_YPKLESEFVYGDYK P2_QITKHVAQILDSR 3 4,Q99ZW2,null,,false,Q99ZW2,null,,false,929,1003,,9.755894,false,true,false,false,1,1,Self,0,0.00107,0.088466,,,9.755894,,0,0,0,,0,0,,0
799,1090,Scan: 1639932 Run: DIA12_CV486075:20251228_A2_N1_Mueller_MS_TechHub_IMP_THIDDIAXL003_Cas9_PhoX_DIA12_CV486075_250ng_FAIMS_003 P1_TILDFLKSDGFANR P2_KNLIGALLFDSGETAEATR 7 1,Q99ZW2,null,,false,Q99ZW2,null,,false,45,684,,9.753731,false,true,false,false,1,1,Self,0,0.00107,0.089286,9.753731,,,,0,0,0,,0,0,,0
798,1089,Scan: 585839 Run: DIA12_CV486075:20251228_A2_N1_Mueller_MS_TechHub_IMP_THIDDIAXL003_Cas9_PhoX_DIA12_CV486075_250ng_FAIMS_001 P1_YDENDKLIR P2_KDLIIK 6 1,Q99ZW2,null,,false,Q99ZW2,null,,false,1192,948,,9.753146,false,true,false,false,1,1,Self,0,0.00107,0.090402,,,9.753146,,0,0,0,,0,0,,0
796,1083,Scan: 489573 Run: DIA12_CV486075:20251228_A2_N1_Mueller_MS_TechHub_IMP_THIDDIAXL003_Cas9_PhoX_DIA12_CV486075_250ng_FAIMS_001 P1_GILQTVKVVDELVK P2_ESILPKR 7 6,Q99ZW2,null,,false,Q99ZW2,null,,false,1113,742,,9.748259,false,true,false,false,1,1,Self,0,0.00107,0.094131,,,9.748259,,0,0,0,,0,0,,0
795,1082,Scan: 1185199 Run: DIA12_CV486075:20251228_A2_N1_Mueller_MS_TechHub_IMP_THIDDIAXL003_Cas9_PhoX_DIA12_CV486075_250ng_FAIMS_002 P1_SKLVSDFR P2_RPLIETNGETGEIVWDKGR 2 17,Q99ZW2,null,,false,Q99ZW2,null,,false,1076,961,,9.748075,false,true,false,false,1,1,Self,0,0.00107,0.094131,,9.748075,,,0,0,0,,0,0,,0
794,1081,Scan: 1599413 Run: DIA12_CV486075:20251228_A2_N1_Mueller_MS_TechHub_IMP_THIDDIAXL003_Cas9_PhoX_DIA12_CV486075_250ng_FAIMS_003 P1_KLVDSTDK P2_KAIVDLLFK 1 1,Q99ZW2,null,,false,Q99ZW2,null,,false,546,141,,9.747041,false,true,false,false,1,1,Self,0,0.00107,0.094027,9.747041,,,,0,0,0,,0,0,,0
793,1079,Scan: 447312 Run: DIA12_CV486075:20251228_A2_N1_Mueller_MS_TechHub_IMP_THIDDIAXL003_Cas9_PhoX_DIA12_CV486075_250ng_FAIMS_001 P1_TILDFLKSDGFANR P2_KLINGIR 7 1,Q99ZW2,null,,false,Q99ZW2,null,,false,665,684,,9.746376,false,true,false,false,1,1,Self,0,0.00107,0.093923,,,9.746376,,0,0,0,,0,0,,0
792,1078,Scan: 36085 Run: DIA12_CV486075:20251228_A2_N1_Mueller_MS_TechHub_IMP_THIDDIAXL003_Cas9_PhoX_DIA12_CV486075_250ng_FAIMS_001 P1_KTEVQTGGFSK P2_ESILPKR 1 6,Q99ZW2,null,,false,Q99ZW2,null,,false,1113,1097,,9.74609,false,true,false,false,1,1,Self,0,0.00107,0.093819,,,9.74609,,0,0,0,,0,0,,0
791,1076,Scan: 1036778 Run: DIA12_CV486075:20251228_A2_N1_Mueller_MS_TechHub_IMP_THIDDIAXL003_Cas9_PhoX_DIA12_CV486075_250ng_FAIMS_002 P1_QSGKTILDFLK P2_DKPIR 4 2,Q99ZW2,null,,false,Q99ZW2,null,,false,1300,677,,9.744731,false,true,false,false,1,1,Self,0,0.00107,0.093612,,9.744731,,,0,0,0,,0,0,,0
790,1075,Scan: 1029436 Run: DIA12_CV486075:20251228_A2_N1_Mueller_MS_TechHub_IMP_THIDDIAXL003_Cas9_PhoX_DIA12_CV486075_250ng_FAIMS_002 P1_KLINGIR P2_GQKNSR 1 3,Q99ZW2,null,,false,Q99ZW2,null,,false,775,665,,9.744246,false,true,false,false,1,1,Self,0,0.001071,0.094402,,9.744246,9.275379,,0,0,0,,0,0,,0
789,1074,Scan: 415381 Run: DIA12_CV486075:20251228_A2_N1_Mueller_MS_TechHub_IMP_THIDDIAXL003_Cas9_PhoX_DIA12_CV486075_250ng_FAIMS_001 P1_MTNFDKNLPNEK P2_KIECFDSVEISGVEDR 6 1,Q99ZW2,null,,false,Q99ZW2,null,,false,571,500,,9.742528,false,true,false,false,1,1,Self,0,0.001071,0.095082,,,9.742528,,0,0,0,,0,0,,0
788,1073,Scan: 1605269 Run: DIA12_CV486075:20251228_A2_N1_Mueller_MS_TechHub_IMP_THIDDIAXL003_Cas9_PhoX_DIA12_CV486075_250ng_FAIMS_003 P1_KVTVK P2_DKPIR 1 2,Q99ZW2,null,,false,Q99ZW2,null,,false,1300,558,,9.742048,false,true,false,false,1,1,Self,0,0.001071,0.096175,9.742048,,,,0,0,0,,0,0,,0
787,1071,Scan: 1201499 Run: DIA12_CV486075:20251228_A2_N1_Mueller_MS_TechHub_IMP_THIDDIAXL003_Cas9_PhoX_DIA12_CV486075_250ng_FAIMS_003 P1_YKEIFFDQSK P2_LESEFVYGDYKVYDVR 2 11,Q99ZW2,null,,false,Q99ZW2,null,,false,1014,348,,9.739447,false,true,false,false,1,1,Self,0,0.001071,0.097826,9.739447,,,,0,0,0,,0,0,,0
786,1069,Scan: 430500 Run: DIA12_CV486075:20251228_A2_N1_Mueller_MS_TechHub_IMP_THIDDIAXL003_Cas9_PhoX_DIA12_CV486075_250ng_FAIMS_001 P1_VTVKQLK P2_KLINGIR 4 1,Q99ZW2,null,,false,Q99ZW2,null,,false,665,562,,9.737406,false,true,false,false,1,1,Self,0,0.001071,0.098592,,,9.737406,,0,0,0,,0,0,,0
784,1066,Scan: 587066 Run: DIA12_CV486075:20251228_A2_N1_Mueller_MS_TechHub_IMP_THIDDIAXL003_Cas9_PhoX_DIA12_CV486075_250ng_FAIMS_001 P1_YDENDKLIR P2_KGILQTVK 6 1,Q99ZW2,null,,false,Q99ZW2,null,,false,735,948,,9.734789,false,true,false,false,1,1,Self,0,0.001071,0.098592,,,9.734789,,0,0,0,,0,0,,0
783,1065,Scan: 1140288 Run: DIA12_CV486075:20251228_A2_N1_Mueller_MS_TechHub_IMP_THIDDIAXL003_Cas9_PhoX_DIA12_CV486075_250ng_FAIMS_002 P1_QLLNAKLITQR P2_DDSIDNKVLTR 6 7,Q99ZW2,null,,false,Q99ZW2,null,,false,855,890,,9.734579,false,true,false,false,1,1,Self,0,0.001071,0.098592,,9.734579,,,0,0,0,,0,0,,0
782,1060,Scan: 1169761 Run: DIA12_CV486075:20251228_A2_N1_Mueller_MS_TechHub_IMP_THIDDIAXL003_Cas9_PhoX_DIA12_CV486075_250ng_FAIMS_002 P1_QITKHVAQILDSR P2_KNLIGALLFDSGETAEATR 4 1,Q99ZW2,null,,false,Q99ZW2,null,,false,45,929,,9.733244,false,true,false,false,1,1,Self,0,0.001071,0.098592,,9.733244,,,0,0,0,,0,0,,0
780,1056,Scan: 37893 Run: DIA12_CV486075:20251228_A2_N1_Mueller_MS_TechHub_IMP_THIDDIAXL003_Cas9_PhoX_DIA12_CV486075_250ng_FAIMS_001 P1_KTEVQTGGFSK P2_DKPIR 1 2,Q99ZW2,null,,false,Q99ZW2,null,,false,1300,1097,,9.731424,false,true,false,false,1,1,Self,0,0.001071,0.098698,,,9.731424,,0,0,0,,0,0,,0
779,1053,Scan: 587031 Run: DIA12_CV486075:20251228_A2_N1_Mueller_MS_TechHub_IMP_THIDDIAXL003_Cas9_PhoX_DIA12_CV486075_250ng_FAIMS_001 P1_YDENDKLIR P2_DKQSGK 6 2,Q99ZW2,null,,false,Q99ZW2,null,,false,673,948,,9.729851,false,true,false,false,1,1,Self,0,0.001071,0.098806,,,9.729851,,0,0,0,,0,0,,0
778,1051,Scan: 196514 Run: DIA12_CV486075:20251228_A2_N1_Mueller_MS_TechHub_IMP_THIDDIAXL003_Cas9_PhoX_DIA12_CV486075_250ng_FAIMS_001 P1_YTSTKEVLDATLIHQSITGLYETR P2_ESILPKR 5 6,Q99ZW2,null,,false,Q99ZW2,null,,false,1113,1340,,9.727848,false,true,false,false,1,1,Self,0,0.001071,0.098806,,,9.727848,,0,0,0,,0,0,,0
777,1050,Scan: 1139642 Run: DIA12_CV486075:20251228_A2_N1_Mueller_MS_TechHub_IMP_THIDDIAXL003_Cas9_PhoX_DIA12_CV486075_250ng_FAIMS_002 P1_ELGSQILKEHPVENTQLQNEK P2_DDSIDNKVLTR 8 7,Q99ZW2,null,,false,Q99ZW2,null,,false,855,797,,9.727306,false,true,false,false,1,1,Self,0,0.001071,0.098806,,9.727306,,,0,0,0,,0,0,,0
776,1048,Scan: 1078598 Run: DIA12_CV486075:20251228_A2_N1_Mueller_MS_TechHub_IMP_THIDDIAXL003_Cas9_PhoX_DIA12_CV486075_250ng_FAIMS_002 P1_FKVLGNTDR P2_AQVSGQGDSLHEHIANLAGSPAIKK 2 24,Q99ZW2,null,,false,Q99ZW2,null,,false,734,33,,9.726553,false,true,false,false,1,1,Self,0,0.001071,0.098806,,9.726553,,,0,0,0,,0,0,,0
775,1047,Scan: 1716018 Run: DIA12_CV486075:20251228_A2_N1_Mueller_MS_TechHub_IMP_THIDDIAXL003_Cas9_PhoX_DIA12_CV486075_250ng_FAIMS_003 P1_GNELALPSKYVNFLYLASHYEK P2_ELGSQILKEHPVENTQLQNEK 9 8,Q99ZW2,null,,false,Q99ZW2,null,,false,797,1231,,9.725878,false,true,false,false,1,1,Self,0,0.001071,0.098806,9.725878,,,,0,0,0,,0,0,,0
774,1046,Scan: 1634155 Run: DIA12_CV486075:20251228_A2_N1_Mueller_MS_TechHub_IMP_THIDDIAXL003_Cas9_PhoX_DIA12_CV486075_250ng_FAIMS_003 P1_QSGKTILDFLK P2_LPKYSLFELENGR 4 3,Q99ZW2,null,,false,Q99ZW2,null,,false,1200,677,,9.725601,false,true,false,false,1,1,Self,0,0.001071,0.098806,9.725601,,,,0,0,0,,0,0,,0
772,1044,Scan: 1447852 Run: DIA12_CV486075:20251228_A2_N1_Mueller_MS_TechHub_IMP_THIDDIAXL003_Cas9_PhoX_DIA12_CV486075_250ng_FAIMS_003 P1_VNTEITKAPLSASMIK P2_QQLPEKYKEIFFDQSK 7 6,Q99ZW2,null,,false,Q99ZW2,null,,false,346,314,,9.725252,false,true,false,false,1,1,Self,0,0.001071,0.098913,9.725252,,,,0,0,0,,0,0,,0
771,1043,Scan: 259830 Run: DIA12_CV486075:20251228_A2_N1_Mueller_MS_TechHub_IMP_THIDDIAXL003_Cas9_PhoX_DIA12_CV486075_250ng_FAIMS_001 P1_YKEIFFDQSK P2_VTVKQLK 2 4,Q99ZW2,null,,false,Q99ZW2,null,,false,562,348,,9.72502,false,true,false,false,1,1,Self,0,0.001071,0.098913,,,9.72502,,0,0,0,,0,0,,0
770,1040,Scan: 628517 Run: DIA12_CV486075:20251228_A2_N1_Mueller_MS_TechHub_IMP_THIDDIAXL003_Cas9_PhoX_DIA12_CV486075_250ng_FAIMS_002 P1_RPLIETNGETGEIVWDKGR P2_KAIVDLLFK 17 1,Q99ZW2,null,,false,Q99ZW2,null,,false,546,1076,,9.724804,false,true,false,false,1,1,Self,0,0.001071,0.098913,,9.724804,,,0,0,0,,0,0,,0
769,1038,Scan: 288753 Run: DIA12_CV486075:20251228_A2_N1_Mueller_MS_TechHub_IMP_THIDDIAXL003_Cas9_PhoX_DIA12_CV486075_250ng_FAIMS_001 P1_QEDFYPFLKDNR P2_IEKILTFR 9 3,Q99ZW2,null,,false,Q99ZW2,null,,false,442,434,,9.724713,false,true,false,false,1,1,Self,0,0.001071,0.099021,,,9.724713,,0,0,0,,0,0,,0
767,1034,Scan: 886446 Run: DIA12_CV486075:20251228_A2_N1_Mueller_MS_TechHub_IMP_THIDDIAXL003_Cas9_PhoX_DIA12_CV486075_250ng_FAIMS_002 P1_SEETITPWNFEEVVDKGASAQSFIER P2_QEDFYPFLKDNR 16 9,Q99ZW2,null,,false,Q99ZW2,null,,false,434,484,,9.722014,false,true,false,false,1,1,Self,0,0.001071,0.099021,,9.722014,,,0,0,0,,0,0,,0
766,1033,Scan: 1692172 Run: DIA12_CV486075:20251228_A2_N1_Mueller_MS_TechHub_IMP_THIDDIAXL003_Cas9_PhoX_DIA12_CV486075_250ng_FAIMS_003 P1_KGILQTVK P2_GILQTVKVVDELVK 1 7,Q99ZW2,null,,false,Q99ZW2,null,,false,742,735,,9.721984,false,true,false,false,1,1,Self,0,0.001071,0.099021,9.721984,,,,0,0,0,,0,0,,0
765,1032,Scan: 559671 Run: DIA12_CV486075:20251228_A2_N1_Mueller_MS_TechHub_IMP_THIDDIAXL003_Cas9_PhoX_DIA12_CV486075_250ng_FAIMS_001 P1_TILDFLKSDGFANR P2_QLLNAKLITQR 7 6,Q99ZW2,null,,false,Q99ZW2,null,,false,890,684,,9.720736,false,true,false,false,1,1,Self,0,0.001071,0.099021,,,9.720736,,0,0,0,,0,0,,0
764,1031,Scan: 1394197 Run: DIA12_CV486075:20251228_A2_N1_Mueller_MS_TechHub_IMP_THIDDIAXL003_Cas9_PhoX_DIA12_CV486075_250ng_FAIMS_003 P1_YTSTKEVLDATLIHQSITGLYETR P2_QSGKTILDFLK 5 4,Q99ZW2,null,,false,Q99ZW2,null,,false,677,1340,,9.719681,false,true,false,false,1,1,Self,0,0.001071,0.099237,9.719681,,,,0,0,0,,0,0,,0
763,1030,Scan: 1335986 Run: DIA12_CV486075:20251228_A2_N1_Mueller_MS_TechHub_IMP_THIDDIAXL003_Cas9_PhoX_DIA12_CV486075_250ng_FAIMS_003 P1_KDLIIKLPK P2_DKQSGK 6 2,Q99ZW2,null,,false,Q99ZW2,null,,false,673,1197,,9.719368,false,true,false,false,1,1,Self,0,0.001071,0.099237,9.719368,,,,0,0,0,,0,0,,0
762,1029,Scan: 386823 Run: DIA12_CV486075:20251228_A2_N1_Mueller_MS_TechHub_IMP_THIDDIAXL003_Cas9_PhoX_DIA12_CV486075_250ng_FAIMS_001 P1_KPAFLSGEQK P2_FNASLGTYHDLLKIIK 1 13,Q99ZW2,null,,false,Q99ZW2,null,,false,599,536,,9.716974,false,true,false,false,1,1,Self,0,0.001071,0.099237,,,9.716974,,0,0,0,,0,0,,0
761,1028,Scan: 1341271 Run: DIA12_CV486075:20251228_A2_N1_Mueller_MS_TechHub_IMP_THIDDIAXL003_Cas9_PhoX_DIA12_CV486075_250ng_FAIMS_003 P1_LPKYSLFELENGR P2_KAIVDLLFK 3 1,Q99ZW2,null,,false,Q99ZW2,null,,false,546,1200,,9.716236,false,true,false,false,1,1,Self,0,0.001072,0.099237,9.716236,,,,0,0,0,,0,0,,0
760,1027,Scan: 1044920 Run: DIA12_CV486075:20251228_A2_N1_Mueller_MS_TechHub_IMP_THIDDIAXL003_Cas9_PhoX_DIA12_CV486075_250ng_FAIMS_002 P1_TILDFLKSDGFANR P2_QSGKTILDFLK 7 4,Q99ZW2,null,,false,Q99ZW2,null,,false,677,684,,9.716129,false,true,false,false,1,1,Self,0,0.001072,0.099345,,9.716129,,,0,0,0,,0,0,,0
759,1024,Scan: 1492891 Run: DIA12_CV486075:20251228_A2_N1_Mueller_MS_TechHub_IMP_THIDDIAXL003_Cas9_PhoX_DIA12_CV486075_250ng_FAIMS_003 P1_KNLIGALLFDSGETAEATR P2_IEKILTFR 1 3,Q99ZW2,null,,false,Q99ZW2,null,,false,442,45,,9.714588,false,true,false,false,1,1,Self,0,0.001072,0.099345,9.714588,,,,0,0,0,,0,0,,0
758,1020,Scan: 587250 Run: DIA12_CV486075:20251228_A2_N1_Mueller_MS_TechHub_IMP_THIDDIAXL003_Cas9_PhoX_DIA12_CV486075_250ng_FAIMS_001 P1_KDLIIK P2_EVKVITLK 1 3,Q99ZW2,null,,false,Q99ZW2,null,,false,954,1192,,9.713874,false,true,false,false,1,1,Self,0,0.001072,0.099345,,,9.713874,,0,0,0,,0,0,,0
757,1019,Scan: 1765878 Run: DIA12_CV486075:20251228_A2_N1_Mueller_MS_TechHub_IMP_THIDDIAXL003_Cas9_PhoX_DIA12_CV486075_250ng_FAIMS_003 P1_SSFEKNPIDFLEAK P2_QITKHVAQILDSR 5 4,Q99ZW2,null,,false,Q99ZW2,null,,false,929,1176,,9.713441,false,true,false,false,1,1,Self,0,0.001072,0.099345,9.713441,,,,0,0,0,,0,0,,0
756,1018,Scan: 1264129 Run: DIA12_CV486075:20251228_A2_N1_Mueller_MS_TechHub_IMP_THIDDIAXL003_Cas9_PhoX_DIA12_CV486075_250ng_FAIMS_003 P1_TEVQTGGFSKESILPK P2_GNELALPSKYVNFLYLASHYEK 10 9,Q99ZW2,null,,false,Q99ZW2,null,,false,1231,1107,,9.712747,false,true,false,false,1,1,Self,0,0.001072,0.099345,9.712747,,,,0,0,0,,0,0,,0
755,1016,Scan: 7794 Run: DIA12_CV486075:20251228_A2_N1_Mueller_MS_TechHub_IMP_THIDDIAXL003_Cas9_PhoX_DIA12_CV486075_250ng_FAIMS_001 P1_LESEFVYGDYKVYDVR P2_AGFIKR 11 5,Q99ZW2,null,,false,Q99ZW2,null,,false,918,1014,,9.709475,false,true,false,false,1,1,Self,0,0.001072,0.099562,,,9.709475,,0,0,0,,0,0,,0
754,1015,Scan: 1422582 Run: DIA12_CV486075:20251228_A2_N1_Mueller_MS_TechHub_IMP_THIDDIAXL003_Cas9_PhoX_DIA12_CV486075_250ng_FAIMS_003 P1_VLPKHSLLYEYFTVYNELTK P2_SNFDLAEDAKLQLSK 4 10,Q99ZW2,null,,false,Q99ZW2,null,,false,263,510,,9.709331,false,true,false,false,1,1,Self,0,0.001072,0.099562,9.709331,,,,0,0,0,,0,0,,0
753,1014,Scan: 437519 Run: DIA12_CV486075:20251228_A2_N1_Mueller_MS_TechHub_IMP_THIDDIAXL003_Cas9_PhoX_DIA12_CV486075_250ng_FAIMS_001 P1_DKQSGK P2_DKPIR 2 2,Q99ZW2,null,,false,Q99ZW2,null,,false,1300,673,,9.709274,false,true,false,false,1,1,Self,0,0.001072,0.099562,,,9.709274,,0,0,0,,0,0,,0
752,1013,Scan: 1450414 Run: DIA12_CV486075:20251228_A2_N1_Mueller_MS_TechHub_IMP_THIDDIAXL003_Cas9_PhoX_DIA12_CV486075_250ng_FAIMS_003 P1_YKEIFFDQSK P2_LKGSPEDNEQK 2 2,Q99ZW2,null,,false,Q99ZW2,null,,false,1246,348,,9.709138,false,true,false,false,1,1,Self,0,0.001072,0.099562,9.709138,,,,0,0,0,,0,0,,0
751,1012,Scan: 1235371 Run: DIA12_CV486075:20251228_A2_N1_Mueller_MS_TechHub_IMP_THIDDIAXL003_Cas9_PhoX_DIA12_CV486075_250ng_FAIMS_003 P1_KTEVQTGGFSK P2_AQVSGQGDSLHEHIANLAGSPAIKK 1 24,Q99ZW2,null,,false,Q99ZW2,null,,false,734,1097,,9.709057,false,true,false,false,1,1,Self,0,0.001072,0.099562,9.709057,,,,0,0,0,,0,0,,0
750,1010,Scan: 1643458 Run: DIA12_CV486075:20251228_A2_N1_Mueller_MS_TechHub_IMP_THIDDIAXL003_Cas9_PhoX_DIA12_CV486075_250ng_FAIMS_003 P1_TILDFLKSDGFANR P2_ELGSQILKEHPVENTQLQNEK 7 8,Q99ZW2,null,,false,Q99ZW2,null,,false,797,684,,9.707765,false,true,false,false,1,1,Self,0,0.001072,0.099671,9.707765,,,,0,0,0,,0,0,,0
749,1009,Scan: 1556571 Run: DIA12_CV486075:20251228_A2_N1_Mueller_MS_TechHub_IMP_THIDDIAXL003_Cas9_PhoX_DIA12_CV486075_250ng_FAIMS_003 P1_VLPKHSLLYEYFTVYNELTK P2_NSDKLIAR 4 4,Q99ZW2,null,,false,Q99ZW2,null,,false,1118,510,,9.707609,false,true,false,false,1,1,Self,0,0.001072,0.099671,9.707609,,,,0,0,0,,0,0,,0
748,1008,Scan: 1269472 Run: DIA12_CV486075:20251228_A2_N1_Mueller_MS_TechHub_IMP_THIDDIAXL003_Cas9_PhoX_DIA12_CV486075_250ng_FAIMS_003 P1_TEVQTGGFSKESILPK P2_KGILQTVK 10 1,Q99ZW2,null,,false,Q99ZW2,null,,false,735,1107,,9.706199,false,true,false,false,1,1,Self,0,0.001072,0.099781,9.706199,,,,0,0,0,,0,0,,0
747,1006,Scan: 1624336 Run: DIA12_CV486075:20251228_A2_N1_Mueller_MS_TechHub_IMP_THIDDIAXL003_Cas9_PhoX_DIA12_CV486075_250ng_FAIMS_003 P1_KLVDSTDK P2_KLINGIR 1 1,Q99ZW2,null,,false,Q99ZW2,null,,false,665,141,,9.705738,false,true,false,false,1,1,Self,0,0.001072,0.099781,9.705738,,,,0,0,0,,0,0,,0
746,1004,Scan: 593316 Run: DIA12_CV486075:20251228_A2_N1_Mueller_MS_TechHub_IMP_THIDDIAXL003_Cas9_PhoX_DIA12_CV486075_250ng_FAIMS_001 P1_SEQEIGKATAK P2_KDFQFYK 7 1,Q99ZW2,null,,false,Q99ZW2,null,,false,968,1031,,9.705041,false,true,false,false,1,1,Self,0,0.001072,0.099781,,,9.705041,,0,0,0,,0,0,,0
745,1003,Scan: 1423502 Run: DIA12_CV486075:20251228_A2_N1_Mueller_MS_TechHub_IMP_THIDDIAXL003_Cas9_PhoX_DIA12_CV486075_250ng_FAIMS_003 P1_SNFDLAEDAKLQLSK P2_ELGSQILKEHPVENTQLQNEK 10 8,Q99ZW2,null,,false,Q99ZW2,null,,false,797,263,,9.705007,false,true,false,false,1,1,Self,0,0.001072,0.099781,9.705007,,,,0,0,0,,0,0,,0
744,1001,Scan: 1356672 Run: DIA12_CV486075:20251228_A2_N1_Mueller_MS_TechHub_IMP_THIDDIAXL003_Cas9_PhoX_DIA12_CV486075_250ng_FAIMS_003 P1_LKGSPEDNEQK P2_GYKEVK 2 3,Q99ZW2,null,,false,Q99ZW2,null,,false,1188,1246,,9.702693,false,true,false,false,1,1,Self,0,0.001072,0.099781,9.702693,,,,0,0,0,,0,0,,0
743,1000,Scan: 679919 Run: DIA12_CV486075:20251228_A2_N1_Mueller_MS_TechHub_IMP_THIDDIAXL003_Cas9_PhoX_DIA12_CV486075_250ng_FAIMS_002 P1_NSDKLIAR P2_ESILPKR 4 6,Q99ZW2,null,,false,Q99ZW2,null,,false,1113,1118,,9.702232,false,true,false,false,1,1,Self,0,0.001072,0.099781,,9.702232,,,0,0,0,,0,0,,0
742,999,Scan: 1315570 Run: DIA12_CV486075:20251228_A2_N1_Mueller_MS_TechHub_IMP_THIDDIAXL003_Cas9_PhoX_DIA12_CV486075_250ng_FAIMS_003 P1_SSFEKNPIDFLEAK P2_GILQTVKVVDELVK 5 7,Q99ZW2,null,,false,Q99ZW2,null,,false,742,1176,,9.70189,false,true,false,false,1,1,Self,0,0.001072,0.099781,9.70189,,,,0,0,0,,0,0,,0
741,998,Scan: 684440 Run: DIA12_CV486075:20251228_A2_N1_Mueller_MS_TechHub_IMP_THIDDIAXL003_Cas9_PhoX_DIA12_CV486075_250ng_FAIMS_002 P1_NSDKLIAR P2_DKPIR 4 2,Q99ZW2,null,,false,Q99ZW2,null,,false,1300,1118,,9.70172,false,true,false,false,1,1,Self,0,0.001072,0.099781,,9.70172,,,0,0,0,,0,0,,0
740,997,Scan: 1409018 Run: DIA12_CV486075:20251228_A2_N1_Mueller_MS_TechHub_IMP_THIDDIAXL003_Cas9_PhoX_DIA12_CV486075_250ng_FAIMS_003 P1_LENLIAQLPGEKK P2_KLVDSTDK 12 1,Q99ZW2,null,,false,Q99ZW2,null,,false,141,233,,9.701576,false,true,false,false,1,1,Self,0,0.001072,0.099781,9.701576,,,,0,0,0,,0,0,,0
739,992,Scan: 1598887 Run: DIA12_CV486075:20251228_A2_N1_Mueller_MS_TechHub_IMP_THIDDIAXL003_Cas9_PhoX_DIA12_CV486075_250ng_FAIMS_003 P1_SKLVSDFR P2_KPAFLSGEQKK 2 10,Q99ZW2,null,,false,Q99ZW2,null,,false,545,961,,9.699056,false,true,false,false,1,1,Self,0,0.001072,0.099781,9.699056,,,,0,0,0,,0,0,,0
737,990,Scan: 1735911 Run: DIA12_CV486075:20251228_A2_N1_Mueller_MS_TechHub_IMP_THIDDIAXL003_Cas9_PhoX_DIA12_CV486075_250ng_FAIMS_003 P1_SNFDLAEDAKLQLSK P2_DDSIDNKVLTR 10 7,Q99ZW2,null,,false,Q99ZW2,null,,false,855,263,,9.699003,false,true,false,false,1,1,Self,0,0.001072,0.099781,9.699003,,,,0,0,0,,0,0,,0
736,989,Scan: 1368839 Run: DIA12_CV486075:20251228_A2_N1_Mueller_MS_TechHub_IMP_THIDDIAXL003_Cas9_PhoX_DIA12_CV486075_250ng_FAIMS_003 P1_QLFVEQHKHYLDEIIEQISEFSK P2_KNLIGALLFDSGETAEATR 8 1,Q99ZW2,null,,false,Q99ZW2,null,,false,45,1263,,9.697052,false,true,false,false,1,1,Self,0,0.001072,0.099781,9.697052,,,,0,0,0,,0,0,,0
735,988,Scan: 613618 Run: DIA12_CV486075:20251228_A2_N1_Mueller_MS_TechHub_IMP_THIDDIAXL003_Cas9_PhoX_DIA12_CV486075_250ng_FAIMS_002 P1_SEQEIGKATAK P2_KLINGIR 7 1,Q99ZW2,null,,false,Q99ZW2,null,,false,665,1031,,9.696888,false,true,false,false,1,1,Self,0,0.001072,0.099781,,9.696888,9.651974,,0,0,0,,0,0,,0
734,984,Scan: 1380168 Run: DIA12_CV486075:20251228_A2_N1_Mueller_MS_TechHub_IMP_THIDDIAXL003_Cas9_PhoX_DIA12_CV486075_250ng_FAIMS_003 P1_VILADANLDKVLSAYNK P2_KDFQFYK 10 1,Q99ZW2,null,,false,Q99ZW2,null,,false,968,1289,,9.695959,false,true,false,false,1,1,Self,0,0.001072,0.099781,9.695959,,,,0,0,0,,0,0,,0
732,982,Scan: 1423657 Run: DIA12_CV486075:20251228_A2_N1_Mueller_MS_TechHub_IMP_THIDDIAXL003_Cas9_PhoX_DIA12_CV486075_250ng_FAIMS_003 P1_SNFDLAEDAKLQLSK P2_GKSDNVPSEEVVK 10 2,Q99ZW2,null,,false,Q99ZW2,null,,false,866,263,,9.694893,false,true,false,false,1,1,Self,0,0.001072,0.09989,9.694893,,,,0,0,0,,0,0,,0
729,978,Scan: 1599362 Run: DIA12_CV486075:20251228_A2_N1_Mueller_MS_TechHub_IMP_THIDDIAXL003_Cas9_PhoX_DIA12_CV486075_250ng_FAIMS_003 P1_KAIVDLLFK P2_DLIIKLPK 1 5,Q99ZW2,null,,false,Q99ZW2,null,,false,1197,546,,9.692348,false,true,false,false,1,1,Self,0,0.001072,0.09989,9.692348,,,,0,0,0,,0,0,,0
728,977,Scan: 604172 Run: DIA12_CV486075:20251228_A2_N1_Mueller_MS_TechHub_IMP_THIDDIAXL003_Cas9_PhoX_DIA12_CV486075_250ng_FAIMS_002 P1_LESEFVYGDYKVYDVR P2_IEKILTFR 11 3,Q99ZW2,null,,false,Q99ZW2,null,,false,442,1014,,9.692084,false,true,false,false,1,1,Self,0,0.001072,0.09989,,9.692084,,,0,0,0,,0,0,,0
727,976,Scan: 1684860 Run: DIA12_CV486075:20251228_A2_N1_Mueller_MS_TechHub_IMP_THIDDIAXL003_Cas9_PhoX_DIA12_CV486075_250ng_FAIMS_003 P1_KDLIIK P2_GILQTVKVVDELVK 1 7,Q99ZW2,null,,false,Q99ZW2,null,,false,742,1192,,9.691519,false,true,false,false,1,1,Self,0,0.001072,0.09989,9.691519,,,,0,0,0,,0,0,,0
725,973,Scan: 814034 Run: DIA12_CV486075:20251228_A2_N1_Mueller_MS_TechHub_IMP_THIDDIAXL003_Cas9_PhoX_DIA12_CV486075_250ng_FAIMS_002 P1_RLENLIAQLPGEKK P2_IEEGIKELGSQILK 13 6,Q99ZW2,null,,false,Q99ZW2,null,,false,789,233,,9.690848,false,true,false,false,1,1,Self,0,0.001072,0.1,,9.690848,,,0,0,0,,0,0,,0
724,972,Scan: 1281072 Run: DIA12_CV486075:20251228_A2_N1_Mueller_MS_TechHub_IMP_THIDDIAXL003_Cas9_PhoX_DIA12_CV486075_250ng_FAIMS_003 P1_NSDKLIAR P2_DLIIKLPK 4 5,Q99ZW2,null,,false,Q99ZW2,null,,false,1197,1118,,9.690738,false,true,false,false,1,1,Self,0,0.001072,0.1,9.690738,,,,0,0,0,,0,0,,0
723,971,Scan: 1697568 Run: DIA12_CV486075:20251228_A2_N1_Mueller_MS_TechHub_IMP_THIDDIAXL003_Cas9_PhoX_DIA12_CV486075_250ng_FAIMS_003 P1_YKEIFFDQSK P2_VVDELVKVMGR 2 7,Q99ZW2,null,,false,Q99ZW2,null,,false,749,348,,9.690232,false,true,false,false,1,1,Self,0,0.001072,0.1,9.690232,,,,0,0,0,,0,0,,0
722,970,Scan: 805126 Run: DIA12_CV486075:20251228_A2_N1_Mueller_MS_TechHub_IMP_THIDDIAXL003_Cas9_PhoX_DIA12_CV486075_250ng_FAIMS_002 P1_LVDSTDKADLR P2_IEKILTFR 7 3,Q99ZW2,null,,false,Q99ZW2,null,,false,442,148,,9.68983,false,true,false,false,1,1,Self,0,0.001072,0.10011,,9.68983,,,0,0,0,,0,0,,0
720,967,Scan: 1599966 Run: DIA12_CV486075:20251228_A2_N1_Mueller_MS_TechHub_IMP_THIDDIAXL003_Cas9_PhoX_DIA12_CV486075_250ng_FAIMS_003 P1_VMKQLK P2_KAIVDLLFK 3 1,Q99ZW2,null,,false,Q99ZW2,null,,false,546,649,,9.68823,false,true,false,false,1,1,Self,0,0.001073,0.10022,9.68823,,,,0,0,0,,0,0,,0
719,965,Scan: 1185344 Run: DIA12_CV486075:20251228_A2_N1_Mueller_MS_TechHub_IMP_THIDDIAXL003_Cas9_PhoX_DIA12_CV486075_250ng_FAIMS_002 P1_TEVQTGGFSKESILPK P2_SKLVSDFR 10 2,Q99ZW2,null,,false,Q99ZW2,null,,false,961,1107,,9.687262,false,true,false,false,1,1,Self,0,0.001073,0.10022,,9.687262,,,0,0,0,,0,0,,0
718,961,Scan: 1422493 Run: DIA12_CV486075:20251228_A2_N1_Mueller_MS_TechHub_IMP_THIDDIAXL003_Cas9_PhoX_DIA12_CV486075_250ng_FAIMS_003 P1_SNFDLAEDAKLQLSK P2_KNLIGALLFDSGETAEATR 10 1,Q99ZW2,null,,false,Q99ZW2,null,,false,45,263,,9.685863,false,true,false,false,1,1,Self,0,0.001073,0.10022,9.685863,,,,0,0,0,,0,0,,0
717,960,Scan: 843510 Run: DIA12_CV486075:20251228_A2_N1_Mueller_MS_TechHub_IMP_THIDDIAXL003_Cas9_PhoX_DIA12_CV486075_250ng_FAIMS_002 P1_FKVLGNTDR P2_DFQFYKVR 2 6,Q99ZW2,null,,false,Q99ZW2,null,,false,974,33,,9.684844,false,true,false,false,1,1,Self,0,0.001073,0.10022,,9.684844,,,0,0,0,,0,0,,0
716,959,Scan: 1186009 Run: DIA12_CV486075:20251228_A2_N1_Mueller_MS_TechHub_IMP_THIDDIAXL003_Cas9_PhoX_DIA12_CV486075_250ng_FAIMS_002 P1_SKLVSDFR P2_EIFFDQSKNGYAGYIDGGASQEEFYK 2 8,Q99ZW2,null,,false,Q99ZW2,null,,false,356,961,,9.684779,false,true,false,false,1,1,Self,0,0.001073,0.10022,,9.684779,,,0,0,0,,0,0,,0
714,954,Scan: 363606 Run: DIA12_CV486075:20251228_A2_N1_Mueller_MS_TechHub_IMP_THIDDIAXL003_Cas9_PhoX_DIA12_CV486075_250ng_FAIMS_001 P1_VLPKHSLLYEYFTVYNELTK P2_KNLIGALLFDSGETAEATR 4 1,Q99ZW2,null,,false,Q99ZW2,null,,false,45,510,,9.68317,false,true,false,false,1,1,Self,0,0.001073,0.100331,,,9.68317,,0,0,0,,0,0,,0
713,953,Scan: 560967 Run: DIA12_CV486075:20251228_A2_N1_Mueller_MS_TechHub_IMP_THIDDIAXL003_Cas9_PhoX_DIA12_CV486075_250ng_FAIMS_001 P1_LKGSPEDNEQK P2_KFDNLTK 2 1,Q99ZW2,null,,false,Q99ZW2,null,,false,896,1246,,9.682924,false,true,false,false,1,1,Self,0,0.001073,0.100331,,,9.682924,,0,0,0,,0,0,,0
712,952,Scan: 1352114 Run: DIA12_CV486075:20251228_A2_N1_Mueller_MS_TechHub_IMP_THIDDIAXL003_Cas9_PhoX_DIA12_CV486075_250ng_FAIMS_003 P1_SKLVSDFR P2_GNELALPSKYVNFLYLASHYEK 2 9,Q99ZW2,null,,false,Q99ZW2,null,,false,1231,961,,9.681704,false,true,false,false,1,1,Self,0,0.001073,0.100331,9.681704,,,,0,0,0,,0,0,,0
711,951,Scan: 1447728 Run: DIA12_CV486075:20251228_A2_N1_Mueller_MS_TechHub_IMP_THIDDIAXL003_Cas9_PhoX_DIA12_CV486075_250ng_FAIMS_003 P1_QQLPEKYKEIFFDQSK P2_NSDKLIAR 6 4,Q99ZW2,null,,false,Q99ZW2,null,,false,1118,346,,9.681573,false,true,false,false,1,1,Self,0,0.001073,0.100331,9.681573,,,,0,0,0,,0,0,,0
710,950,Scan: 513922 Run: DIA12_CV486075:20251228_A2_N1_Mueller_MS_TechHub_IMP_THIDDIAXL003_Cas9_PhoX_DIA12_CV486075_250ng_FAIMS_001 P1_KTEVQTGGFSK P2_IEEGIKELGSQILK 1 6,Q99ZW2,null,,false,Q99ZW2,null,,false,789,1097,,9.681476,false,true,false,false,1,1,Self,0,0.001073,0.100331,,,9.681476,,0,0,0,,0,0,,0
709,948,Scan: 1316354 Run: DIA12_CV486075:20251228_A2_N1_Mueller_MS_TechHub_IMP_THIDDIAXL003_Cas9_PhoX_DIA12_CV486075_250ng_FAIMS_003 P1_SSFEKNPIDFLEAK P2_SKLVSDFR 5 2,Q99ZW2,null,,false,Q99ZW2,null,,false,961,1176,,9.680118,false,true,false,false,1,1,Self,0,0.001073,0.100331,9.680118,,,,0,0,0,,0,0,,0
708,946,Scan: 1398596 Run: DIA12_CV486075:20251228_A2_N1_Mueller_MS_TechHub_IMP_THIDDIAXL003_Cas9_PhoX_DIA12_CV486075_250ng_FAIMS_003 P1_KLVDSTDK P2_KDLIIK 1 1,Q99ZW2,null,,false,Q99ZW2,null,,false,1192,141,,9.678934,false,true,false,false,1,1,Self,0,0.001073,0.100331,9.678934,,,,0,0,0,,0,0,,0
707,945,Scan: 1310863 Run: DIA12_CV486075:20251228_A2_N1_Mueller_MS_TechHub_IMP_THIDDIAXL003_Cas9_PhoX_DIA12_CV486075_250ng_FAIMS_003 P1_SSFEKNPIDFLEAK P2_EIFFDQSKNGYAGYIDGGASQEEFYK 5 8,Q99ZW2,null,,false,Q99ZW2,null,,false,356,1176,,9.677822,false,true,false,false,1,1,Self,0,0.001073,0.100331,9.677822,,,,0,0,0,,0,0,,0
706,942,Scan: 1685947 Run: DIA12_CV486075:20251228_A2_N1_Mueller_MS_TechHub_IMP_THIDDIAXL003_Cas9_PhoX_DIA12_CV486075_250ng_FAIMS_003 P1_VILADANLDKVLSAYNK P2_GILQTVKVVDELVK 10 7,Q99ZW2,null,,false,Q99ZW2,null,,false,742,1289,,9.67606,false,true,false,false,1,1,Self,0,0.001073,0.100331,9.67606,,,,0,0,0,,0,0,,0
703,938,Scan: 1393863 Run: DIA12_CV486075:20251228_A2_N1_Mueller_MS_TechHub_IMP_THIDDIAXL003_Cas9_PhoX_DIA12_CV486075_250ng_FAIMS_003 P1_YTSTKEVLDATLIHQSITGLYETR P2_KPAFLSGEQK 5 1,Q99ZW2,null,,false,Q99ZW2,null,,false,536,1340,,9.674674,false,true,false,false,1,1,Self,0,0.001073,0.100331,9.674674,,,,0,0,0,,0,0,,0
702,936,Scan: 1441841 Run: DIA12_CV486075:20251228_A2_N1_Mueller_MS_TechHub_IMP_THIDDIAXL003_Cas9_PhoX_DIA12_CV486075_250ng_FAIMS_003 P1_YDEHHQDLTLLKALVR P2_TEVQTGGFSKESILPK 12 10,Q99ZW2,null,,false,Q99ZW2,null,,false,1107,336,,9.674063,false,true,false,false,1,1,Self,0,0.001073,0.100331,9.674063,,,,0,0,0,,0,0,,0
701,935,Scan: 182637 Run: DIA12_CV486075:20251228_A2_N1_Mueller_MS_TechHub_IMP_THIDDIAXL003_Cas9_PhoX_DIA12_CV486075_250ng_FAIMS_001 P1_VILADANLDKVLSAYNK P2_KDLIIK 10 1,Q99ZW2,null,,false,Q99ZW2,null,,false,1192,1289,,9.673727,false,true,false,false,1,1,Self,0,0.001073,0.100331,,,9.673727,,0,0,0,,0,0,,0
700,934,Scan: 1106577 Run: DIA12_CV486075:20251228_A2_N1_Mueller_MS_TechHub_IMP_THIDDIAXL003_Cas9_PhoX_DIA12_CV486075_250ng_FAIMS_002 P1_KYGGFDSPTVAYSVLVVAK P2_ENQTTQKGQK 1 7,Q99ZW2,null,,false,Q99ZW2,null,,false,772,1130,,9.673543,false,true,false,false,1,1,Self,0,0.001073,0.100331,,9.673543,,,0,0,0,,0,0,,0
699,933,Scan: 208880 Run: DIA12_CV486075:20251228_A2_N1_Mueller_MS_TechHub_IMP_THIDDIAXL003_Cas9_PhoX_DIA12_CV486075_250ng_FAIMS_001 P1_LSKSR P2_IEKILTFR 3 3,Q99ZW2,null,,false,Q99ZW2,null,,false,442,218,,9.673182,false,true,false,false,1,1,Self,0,0.001073,0.100442,,,9.673182,,0,0,0,,0,0,,0
698,932,Scan: 410385 Run: DIA12_CV486075:20251228_A2_N1_Mueller_MS_TechHub_IMP_THIDDIAXL003_Cas9_PhoX_DIA12_CV486075_250ng_FAIMS_001 P1_VLSAYNKHR P2_KVTVK 7 1,Q99ZW2,null,,false,Q99ZW2,null,,false,558,1296,,9.672982,false,true,false,false,1,1,Self,0,0.001073,0.100442,,,9.672982,,0,0,0,,0,0,,0
697,931,Scan: 491872 Run: DIA12_CV486075:20251228_A2_N1_Mueller_MS_TechHub_IMP_THIDDIAXL003_Cas9_PhoX_DIA12_CV486075_250ng_FAIMS_001 P1_GILQTVKVVDELVK P2_FKVLGNTDR 7 2,Q99ZW2,null,,false,Q99ZW2,null,,false,33,742,,9.672619,false,true,false,false,1,1,Self,0,0.001073,0.100552,,,9.672619,,0,0,0,,0,0,,0
696,930,Scan: 1412423 Run: DIA12_CV486075:20251228_A2_N1_Mueller_MS_TechHub_IMP_THIDDIAXL003_Cas9_PhoX_DIA12_CV486075_250ng_FAIMS_003 P1_KNGLFGNLIALSLGLTPNFK P2_FKVLGNTDR 1 2,Q99ZW2,null,,false,Q99ZW2,null,,false,33,234,,9.672374,false,true,false,false,1,1,Self,0,0.001073,0.100552,9.672374,,,,0,0,0,,0,0,,0
695,925,Scan: 373844 Run: DIA12_CV486075:20251228_A2_N1_Mueller_MS_TechHub_IMP_THIDDIAXL003_Cas9_PhoX_DIA12_CV486075_250ng_FAIMS_001 P1_VKYVTEGMR P2_KDLIIK 2 1,Q99ZW2,null,,false,Q99ZW2,null,,false,1192,528,,9.670662,false,true,false,false,1,1,Self,0,0.001073,0.100775,,,9.670662,,0,0,0,,0,0,,0
694,924,Scan: 637020 Run: DIA12_CV486075:20251228_A2_N1_Mueller_MS_TechHub_IMP_THIDDIAXL003_Cas9_PhoX_DIA12_CV486075_250ng_FAIMS_002 P1_KVTVK P2_KTEVQTGGFSK 1 1,Q99ZW2,null,,false,Q99ZW2,null,,false,1097,558,,9.670311,false,true,false,false,1,1,Self,0,0.001073,0.100775,,9.670311,,,0,0,0,,0,0,,0
693,923,Scan: 1741931 Run: DIA12_CV486075:20251228_A2_N1_Mueller_MS_TechHub_IMP_THIDDIAXL003_Cas9_PhoX_DIA12_CV486075_250ng_FAIMS_003 P1_GKSDNVPSEEVVK P2_DKQSGK 2 2,Q99ZW2,null,,false,Q99ZW2,null,,false,673,866,,9.669973,false,true,false,false,1,1,Self,0,0.001073,0.100775,9.669973,,,,0,0,0,,0,0,,0
692,922,Scan: 289797 Run: DIA12_CV486075:20251228_A2_N1_Mueller_MS_TechHub_IMP_THIDDIAXL003_Cas9_PhoX_DIA12_CV486075_250ng_FAIMS_001 P1_QSGKTILDFLK P2_QEDFYPFLKDNR 4 9,Q99ZW2,null,,false,Q99ZW2,null,,false,434,677,,9.669675,false,true,false,false,1,1,Self,0,0.001073,0.100775,,,9.669675,,0,0,0,,0,0,,0
691,921,Scan: 1412617 Run: DIA12_CV486075:20251228_A2_N1_Mueller_MS_TechHub_IMP_THIDDIAXL003_Cas9_PhoX_DIA12_CV486075_250ng_FAIMS_003 P1_LKTYAHLFDDK P2_KNGLFGNLIALSLGLTPNFK 2 1,Q99ZW2,null,,false,Q99ZW2,null,,false,234,637,,9.66932,false,true,false,false,1,1,Self,0,0.001073,0.100775,9.66932,,,,0,0,0,,0,0,,0
690,919,Scan: 1027873 Run: DIA12_CV486075:20251228_A2_N1_Mueller_MS_TechHub_IMP_THIDDIAXL003_Cas9_PhoX_DIA12_CV486075_250ng_FAIMS_002 P1_KVTVK P2_KLINGIR 1 1,Q99ZW2,null,,false,Q99ZW2,null,,false,665,558,,9.668417,false,true,false,false,1,1,Self,0,0.001073,0.100775,,9.668417,9.484992,,0,0,0,,0,0,,0
689,918,Scan: 402447 Run: DIA12_CV486075:20251228_A2_N1_Mueller_MS_TechHub_IMP_THIDDIAXL003_Cas9_PhoX_DIA12_CV486075_250ng_FAIMS_001 P1_LKGSPEDNEQK P2_KPAFLSGEQKK 2 10,Q99ZW2,null,,false,Q99ZW2,null,,false,545,1246,,9.668183,false,true,false,false,1,1,Self,0,0.001073,0.100775,,,9.668183,,0,0,0,,0,0,,0
688,917,Scan: 1377914 Run: DIA12_CV486075:20251228_A2_N1_Mueller_MS_TechHub_IMP_THIDDIAXL003_Cas9_PhoX_DIA12_CV486075_250ng_FAIMS_003 P1_VILADANLDKVLSAYNK P2_DKPIREQAENIIHLFTLTNLGAPAAFK 10 2,Q99ZW2,null,,false,Q99ZW2,null,,false,1300,1289,,9.667155,false,true,false,false,1,1,Self,0,0.001073,0.100887,9.667155,,,,0,0,0,,0,0,,0
687,914,Scan: 853421 Run: DIA12_CV486075:20251228_A2_N1_Mueller_MS_TechHub_IMP_THIDDIAXL003_Cas9_PhoX_DIA12_CV486075_250ng_FAIMS_002 P1_YKEIFFDQSK P2_DKPIR 2 2,Q99ZW2,null,,false,Q99ZW2,null,,false,1300,348,,9.665902,false,true,false,false,1,1,Self,0,0.001073,0.100999,,9.665902,,,0,0,0,,0,0,,0
686,912,Scan: 1379837 Run: DIA12_CV486075:20251228_A2_N1_Mueller_MS_TechHub_IMP_THIDDIAXL003_Cas9_PhoX_DIA12_CV486075_250ng_FAIMS_003 P1_VILADANLDKVLSAYNK P2_QITKHVAQILDSR 10 4,Q99ZW2,null,,false,Q99ZW2,null,,false,929,1289,,9.665002,false,true,false,false,1,1,Self,0,0.001073,0.100999,9.665002,,,,0,0,0,,0,0,,0
684,910,Scan: 1782815 Run: DIA12_CV486075:20251228_A2_N1_Mueller_MS_TechHub_IMP_THIDDIAXL003_Cas9_PhoX_DIA12_CV486075_250ng_FAIMS_003 P1_SKLVSDFR P2_NSDKLIAR 2 4,Q99ZW2,null,,false,Q99ZW2,null,,false,1118,961,,9.663584,false,true,false,false,1,1,Self,0,0.001073,0.101224,9.663584,,,,0,0,0,,0,0,,0
683,908,Scan: 227985 Run: DIA12_CV486075:20251228_A2_N1_Mueller_MS_TechHub_IMP_THIDDIAXL003_Cas9_PhoX_DIA12_CV486075_250ng_FAIMS_001 P1_SNFDLAEDAKLQLSK P2_KVTVK 10 1,Q99ZW2,null,,false,Q99ZW2,null,,false,558,263,,9.66266,false,true,false,false,1,1,Self,0,0.001073,0.101224,,,9.66266,,0,0,0,,0,0,,0
682,907,Scan: 1399539 Run: DIA12_CV486075:20251228_A2_N1_Mueller_MS_TechHub_IMP_THIDDIAXL003_Cas9_PhoX_DIA12_CV486075_250ng_FAIMS_003 P1_KLVDSTDK P2_DDSIDNKVLTR 1 7,Q99ZW2,null,,false,Q99ZW2,null,,false,855,141,,9.662235,false,true,false,false,1,1,Self,0,0.001073,0.101224,9.662235,,,,0,0,0,,0,0,,0
681,906,Scan: 510316 Run: DIA12_CV486075:20251228_A2_N1_Mueller_MS_TechHub_IMP_THIDDIAXL003_Cas9_PhoX_DIA12_CV486075_250ng_FAIMS_001 P1_KGILQTVK P2_ENQTTQKGQK 1 7,Q99ZW2,null,,false,Q99ZW2,null,,false,772,735,,9.661727,false,true,false,false,1,1,Self,0,0.001073,0.101224,,,9.661727,,0,0,0,,0,0,,0
680,905,Scan: 377437 Run: DIA12_CV486075:20251228_A2_N1_Mueller_MS_TechHub_IMP_THIDDIAXL003_Cas9_PhoX_DIA12_CV486075_250ng_FAIMS_001 P1_RPLIETNGETGEIVWDKGR P2_KPAFLSGEQK 17 1,Q99ZW2,null,,false,Q99ZW2,null,,false,536,1076,,9.661442,false,true,false,false,1,1,Self,0,0.001074,0.101224,,,9.661442,,0,0,0,,0,0,,0
678,903,Scan: 1231828 Run: DIA12_CV486075:20251228_A2_N1_Mueller_MS_TechHub_IMP_THIDDIAXL003_Cas9_PhoX_DIA12_CV486075_250ng_FAIMS_003 P1_KTEVQTGGFSK P2_KDLIIK 1 1,Q99ZW2,null,,false,Q99ZW2,null,,false,1192,1097,,9.66057,false,true,false,false,1,1,Self,0,0.001074,0.101224,9.66057,,,,0,0,0,,0,0,,0
677,902,Scan: 594574 Run: DIA12_CV486075:20251228_A2_N1_Mueller_MS_TechHub_IMP_THIDDIAXL003_Cas9_PhoX_DIA12_CV486075_250ng_FAIMS_001 P1_KDFQFYK P2_IEEGIKELGSQILK 1 6,Q99ZW2,null,,false,Q99ZW2,null,,false,789,968,,9.660491,false,true,false,false,1,1,Self,0,0.001074,0.101224,,,9.660491,,0,0,0,,0,0,,0
676,900,Scan: 1677200 Run: DIA12_CV486075:20251228_A2_N1_Mueller_MS_TechHub_IMP_THIDDIAXL003_Cas9_PhoX_DIA12_CV486075_250ng_FAIMS_003 P1_GILQTVKVVDELVK P2_AQVSGQGDSLHEHIANLAGSPAIKK 7 24,Q99ZW2,null,,false,Q99ZW2,null,,false,734,742,,9.65955,false,true,false,false,1,1,Self,0,0.001074,0.101224,9.65955,,,,0,0,0,,0,0,,0
674,896,Scan: 559325 Run: DIA12_CV486075:20251228_A2_N1_Mueller_MS_TechHub_IMP_THIDDIAXL003_Cas9_PhoX_DIA12_CV486075_250ng_FAIMS_001 P1_YKEIFFDQSK P2_QLLNAKLITQR 2 6,Q99ZW2,null,,false,Q99ZW2,null,,false,890,348,,9.658261,false,true,false,false,1,1,Self,0,0.001074,0.101224,,,9.658261,,0,0,0,,0,0,,0
673,894,Scan: 851035 Run: DIA12_CV486075:20251228_A2_N1_Mueller_MS_TechHub_IMP_THIDDIAXL003_Cas9_PhoX_DIA12_CV486075_250ng_FAIMS_002 P1_YKEIFFDQSK P2_KMIAK 2 1,Q99ZW2,null,,false,Q99ZW2,null,,false,1020,348,,9.657626,false,true,false,false,1,1,Self,0,0.001074,0.101336,,9.657626,,,0,0,0,,0,0,,0
672,892,Scan: 1739423 Run: DIA12_CV486075:20251228_A2_N1_Mueller_MS_TechHub_IMP_THIDDIAXL003_Cas9_PhoX_DIA12_CV486075_250ng_FAIMS_003 P1_RPLIETNGETGEIVWDKGR P2_GKSDNVPSEEVVK 17 2,Q99ZW2,null,,false,Q99ZW2,null,,false,866,1076,,9.657534,false,true,false,false,1,1,Self,0,0.001074,0.101336,9.657534,,,,0,0,0,,0,0,,0
671,891,Scan: 1657105 Run: DIA12_CV486075:20251228_A2_N1_Mueller_MS_TechHub_IMP_THIDDIAXL003_Cas9_PhoX_DIA12_CV486075_250ng_FAIMS_003 P1_TILDFLKSDGFANR P2_EDIQKAQVSGQGDSLHEHIANLAGSPAIK 7 5,Q99ZW2,null,,false,Q99ZW2,null,,false,710,684,,9.656742,false,true,false,false,1,1,Self,0,0.001074,0.101336,9.656742,,,,0,0,0,,0,0,,0
670,890,Scan: 639316 Run: DIA12_CV486075:20251228_A2_N1_Mueller_MS_TechHub_IMP_THIDDIAXL003_Cas9_PhoX_DIA12_CV486075_250ng_FAIMS_002 P1_YDENDKLIR P2_KTEVQTGGFSK 6 1,Q99ZW2,null,,false,Q99ZW2,null,,false,1097,948,,9.656532,false,true,false,false,1,1,Self,0,0.001074,0.101336,,9.656532,,,0,0,0,,0,0,,0
669,889,Scan: 1291137 Run: DIA12_CV486075:20251228_A2_N1_Mueller_MS_TechHub_IMP_THIDDIAXL003_Cas9_PhoX_DIA12_CV486075_250ng_FAIMS_003 P1_KKDWDPK P2_ENQTTQKGQK 1 7,Q99ZW2,null,,false,Q99ZW2,null,,false,772,1123,,9.656163,false,true,false,false,1,1,Self,0,0.001074,0.101562,9.656163,,,,0,0,0,,0,0,,0
668,888,Scan: 290177 Run: DIA12_CV486075:20251228_A2_N1_Mueller_MS_TechHub_IMP_THIDDIAXL003_Cas9_PhoX_DIA12_CV486075_250ng_FAIMS_001 P1_QEDFYPFLKDNR P2_KDFQFYK 9 1,Q99ZW2,null,,false,Q99ZW2,null,,false,968,434,,9.655912,false,true,false,false,1,1,Self,0,0.001074,0.101676,,,9.655912,,0,0,0,,0,0,,0
667,887,Scan: 1754048 Run: DIA12_CV486075:20251228_A2_N1_Mueller_MS_TechHub_IMP_THIDDIAXL003_Cas9_PhoX_DIA12_CV486075_250ng_FAIMS_003 P1_SSFEKNPIDFLEAK P2_QLLNAKLITQR 5 6,Q99ZW2,null,,false,Q99ZW2,null,,false,890,1176,,9.654709,false,true,false,false,1,1,Self,0,0.001074,0.10179,9.654709,,,,0,0,0,,0,0,,0
666,886,Scan: 1393056 Run: DIA12_CV486075:20251228_A2_N1_Mueller_MS_TechHub_IMP_THIDDIAXL003_Cas9_PhoX_DIA12_CV486075_250ng_FAIMS_003 P1_YTSTKEVLDATLIHQSITGLYETR P2_GSPEDNEQKQLFVEQHK 5 9,Q99ZW2,null,,false,Q99ZW2,null,,false,1255,1340,,9.65415,false,true,false,false,1,1,Self,0,0.001074,0.10179,9.65415,,,,0,0,0,,0,0,,0
665,885,Scan: 1544962 Run: DIA12_CV486075:20251228_A2_N1_Mueller_MS_TechHub_IMP_THIDDIAXL003_Cas9_PhoX_DIA12_CV486075_250ng_FAIMS_003 P1_SEETITPWNFEEVVDKGASAQSFIER P2_KGILQTVK 16 1,Q99ZW2,null,,false,Q99ZW2,null,,false,735,484,,9.653547,false,true,false,false,1,1,Self,0,0.001074,0.10179,9.653547,,,,0,0,0,,0,0,,0
664,884,Scan: 1741018 Run: DIA12_CV486075:20251228_A2_N1_Mueller_MS_TechHub_IMP_THIDDIAXL003_Cas9_PhoX_DIA12_CV486075_250ng_FAIMS_003 P1_KSEETITPWNFEEVVDK P2_GKSDNVPSEEVVK 1 2,Q99ZW2,null,,false,Q99ZW2,null,,false,866,468,,9.652983,false,true,false,false,1,1,Self,0,0.001074,0.10179,9.652983,,,,0,0,0,,0,0,,0
663,883,Scan: 546443 Run: DIA12_CV486075:20251228_A2_N1_Mueller_MS_TechHub_IMP_THIDDIAXL003_Cas9_PhoX_DIA12_CV486075_250ng_FAIMS_001 P1_VKYVTEGMR P2_GKSDNVPSEEVVK 2 2,Q99ZW2,null,,false,Q99ZW2,null,,false,866,528,,9.652887,false,true,false,false,1,1,Self,0,0.001074,0.10179,,,9.652887,,0,0,0,,0,0,,0
660,878,Scan: 194857 Run: DIA12_CV486075:20251228_A2_N1_Mueller_MS_TechHub_IMP_THIDDIAXL003_Cas9_PhoX_DIA12_CV486075_250ng_FAIMS_001 P1_KKDWDPK P2_EQAENIIHLFTLTNLGAPAAFKYFDTTIDR 1 22,Q99ZW2,null,,false,Q99ZW2,null,,false,1325,1123,,9.650701,false,true,false,false,1,1,Self,0,0.001074,0.102132,,,9.650701,,0,0,0,,0,0,,0
659,876,Scan: 548732 Run: DIA12_CV486075:20251228_A2_N1_Mueller_MS_TechHub_IMP_THIDDIAXL003_Cas9_PhoX_DIA12_CV486075_250ng_FAIMS_001 P1_GKSDNVPSEEVVK P2_GKSDNVPSEEVVK 2 2,Q99ZW2,null,,false,Q99ZW2,null,,false,866,866,,9.650593,false,true,false,false,1,1,Self,0,0.001074,0.102132,,,9.650593,,0,0,0,,0,0,,0
658,875,Scan: 1719575 Run: DIA12_CV486075:20251228_A2_N1_Mueller_MS_TechHub_IMP_THIDDIAXL003_Cas9_PhoX_DIA12_CV486075_250ng_FAIMS_003 P1_QSGKTILDFLK P2_ELGSQILKEHPVENTQLQNEK 4 8,Q99ZW2,null,,false,Q99ZW2,null,,false,797,677,,9.649231,false,true,false,false,1,1,Self,0,0.001074,0.102247,9.649231,,,,0,0,0,,0,0,,0
657,874,Scan: 259692 Run: DIA12_CV486075:20251228_A2_N1_Mueller_MS_TechHub_IMP_THIDDIAXL003_Cas9_PhoX_DIA12_CV486075_250ng_FAIMS_001 P1_YKEIFFDQSK P2_KVTVK 2 1,Q99ZW2,null,,false,Q99ZW2,null,,false,558,348,,9.649193,false,true,false,false,1,1,Self,0,0.001074,0.102247,,,9.649193,,0,0,0,,0,0,,0
656,873,Scan: 546917 Run: DIA12_CV486075:20251228_A2_N1_Mueller_MS_TechHub_IMP_THIDDIAXL003_Cas9_PhoX_DIA12_CV486075_250ng_FAIMS_001 P1_QLKEDYFK P2_GKSDNVPSEEVVK 3 2,Q99ZW2,null,,false,Q99ZW2,null,,false,866,565,,9.64711,false,true,false,false,1,1,Self,0,0.001074,0.102247,,,9.64711,,0,0,0,,0,0,,0
655,872,Scan: 541672 Run: DIA12_CV486075:20251228_A2_N1_Mueller_MS_TechHub_IMP_THIDDIAXL003_Cas9_PhoX_DIA12_CV486075_250ng_FAIMS_001 P1_KLINGIR P2_DDSIDNKVLTR 1 7,Q99ZW2,null,,false,Q99ZW2,null,,false,855,665,,9.646836,false,true,false,false,1,1,Self,0,0.001074,0.102247,,,9.646836,,0,0,0,,0,0,,0
654,871,Scan: 1330370 Run: DIA12_CV486075:20251228_A2_N1_Mueller_MS_TechHub_IMP_THIDDIAXL003_Cas9_PhoX_DIA12_CV486075_250ng_FAIMS_003 P1_KDLIIK P2_EVKKDLIIK 1 3,Q99ZW2,null,,false,Q99ZW2,null,,false,1191,1192,,9.645374,false,true,false,false,1,1,Self,0,0.001074,0.102247,9.645374,,,,0,0,0,,0,0,,0
653,870,Scan: 1700177 Run: DIA12_CV486075:20251228_A2_N1_Mueller_MS_TechHub_IMP_THIDDIAXL003_Cas9_PhoX_DIA12_CV486075_250ng_FAIMS_003 P1_MNTKYDENDK P2_HKPENIVIEMAR 4 2,Q99ZW2,null,,false,Q99ZW2,null,,false,755,942,,9.6445,false,true,false,false,1,1,Self,0,0.001074,0.102247,9.6445,,8.822466,,0,0,0,,0,0,,0
651,868,Scan: 1224762 Run: DIA12_CV486075:20251228_A2_N1_Mueller_MS_TechHub_IMP_THIDDIAXL003_Cas9_PhoX_DIA12_CV486075_250ng_FAIMS_003 P1_SEQEIGKATAK P2_RPLIETNGETGEIVWDKGR 7 17,Q99ZW2,null,,false,Q99ZW2,null,,false,1076,1031,,9.643829,false,true,false,false,1,1,Self,0,0.001074,0.102247,9.643829,,,,0,0,0,,0,0,,0
650,867,Scan: 163146 Run: DIA12_CV486075:20251228_A2_N1_Mueller_MS_TechHub_IMP_THIDDIAXL003_Cas9_PhoX_DIA12_CV486075_250ng_FAIMS_001 P1_LKGSPEDNEQK P2_DKQSGK 2 2,Q99ZW2,null,,false,Q99ZW2,null,,false,673,1246,,9.643715,false,true,false,false,1,1,Self,0,0.001074,0.102247,,,9.643715,,0,0,0,,0,0,,0
649,865,Scan: 594210 Run: DIA12_CV486075:20251228_A2_N1_Mueller_MS_TechHub_IMP_THIDDIAXL003_Cas9_PhoX_DIA12_CV486075_250ng_FAIMS_001 P1_KVTVK P2_KDFQFYK 1 1,Q99ZW2,null,,false,Q99ZW2,null,,false,968,558,,9.642625,false,true,false,false,1,1,Self,0,0.001074,0.102362,,,9.642625,,0,0,0,,0,0,,0
648,864,Scan: 1709571 Run: DIA12_CV486075:20251228_A2_N1_Mueller_MS_TechHub_IMP_THIDDIAXL003_Cas9_PhoX_DIA12_CV486075_250ng_FAIMS_003 P1_YDEHHQDLTLLKALVR P2_IEEGIKELGSQILK 12 6,Q99ZW2,null,,false,Q99ZW2,null,,false,789,336,,9.641678,false,true,false,false,1,1,Self,0,0.001074,0.102362,9.641678,,,,0,0,0,,0,0,,0
647,862,Scan: 718877 Run: DIA12_CV486075:20251228_A2_N1_Mueller_MS_TechHub_IMP_THIDDIAXL003_Cas9_PhoX_DIA12_CV486075_250ng_FAIMS_002 P1_YDENDKLIR P2_SSFEKNPIDFLEAK 6 5,Q99ZW2,null,,false,Q99ZW2,null,,false,1176,948,,9.640627,false,true,false,false,1,1,Self,0,0.001074,0.102362,,9.640627,,,0,0,0,,0,0,,0
646,861,Scan: 847253 Run: DIA12_CV486075:20251228_A2_N1_Mueller_MS_TechHub_IMP_THIDDIAXL003_Cas9_PhoX_DIA12_CV486075_250ng_FAIMS_002 P1_YDEHHQDLTLLKALVR P2_EIFFDQSKNGYAGYIDGGASQEEFYK 12 8,Q99ZW2,null,,false,Q99ZW2,null,,false,356,336,,9.639206,false,true,false,false,1,1,Self,0,0.001074,0.102477,,9.639206,,,0,0,0,,0,0,,0
645,859,Scan: 1082622 Run: DIA12_CV486075:20251228_A2_N1_Mueller_MS_TechHub_IMP_THIDDIAXL003_Cas9_PhoX_DIA12_CV486075_250ng_FAIMS_002 P1_KGILQTVK P2_DFQFYKVR 1 6,Q99ZW2,null,,false,Q99ZW2,null,,false,974,735,,9.638009,false,true,false,false,1,1,Self,0,0.001074,0.102709,,9.638009,,,0,0,0,,0,0,,0
644,858,Scan: 549466 Run: DIA12_CV486075:20251228_A2_N1_Mueller_MS_TechHub_IMP_THIDDIAXL003_Cas9_PhoX_DIA12_CV486075_250ng_FAIMS_001 P1_GKSDNVPSEEVVK P2_AGFIKR 2 5,Q99ZW2,null,,false,Q99ZW2,null,,false,918,866,,9.637208,false,true,false,false,1,1,Self,0,0.001074,0.102709,,,9.637208,,0,0,0,,0,0,,0
643,856,Scan: 1392757 Run: DIA12_CV486075:20251228_A2_N1_Mueller_MS_TechHub_IMP_THIDDIAXL003_Cas9_PhoX_DIA12_CV486075_250ng_FAIMS_003 P1_YTSTKEVLDATLIHQSITGLYETR P2_SSFEKNPIDFLEAK 5 5,Q99ZW2,null,,false,Q99ZW2,null,,false,1176,1340,,9.636379,false,true,false,false,1,1,Self,0,0.001074,0.102825,9.636379,,,,0,0,0,,0,0,,0
642,853,Scan: 1686409 Run: DIA12_CV486075:20251228_A2_N1_Mueller_MS_TechHub_IMP_THIDDIAXL003_Cas9_PhoX_DIA12_CV486075_250ng_FAIMS_003 P1_LVDSTDKADLR P2_GILQTVKVVDELVK 7 7,Q99ZW2,null,,false,Q99ZW2,null,,false,742,148,,9.635686,false,true,false,false,1,1,Self,0,0.001074,0.102941,9.635686,,,,0,0,0,,0,0,,0
641,849,Scan: 1119043 Run: DIA12_CV486075:20251228_A2_N1_Mueller_MS_TechHub_IMP_THIDDIAXL003_Cas9_PhoX_DIA12_CV486075_250ng_FAIMS_002 P1_VLSAYNKHR P2_ELGSQILKEHPVENTQLQNEK 7 8,Q99ZW2,null,,false,Q99ZW2,null,,false,797,1296,,9.634708,false,true,false,false,1,1,Self,0,0.001074,0.102941,9.197636,9.634708,,,0,0,0,,0,0,,0
640,845,Scan: 604950 Run: DIA12_CV486075:20251228_A2_N1_Mueller_MS_TechHub_IMP_THIDDIAXL003_Cas9_PhoX_DIA12_CV486075_250ng_FAIMS_002 P1_LESEFVYGDYKVYDVR P2_ELGSQILKEHPVENTQLQNEK 11 8,Q99ZW2,null,,false,Q99ZW2,null,,false,797,1014,,9.633022,false,true,false,false,1,1,Self,0,0.001075,0.103058,,9.633022,,,0,0,0,,0,0,,0
639,844,Scan: 1575831 Run: DIA12_CV486075:20251228_A2_N1_Mueller_MS_TechHub_IMP_THIDDIAXL003_Cas9_PhoX_DIA12_CV486075_250ng_FAIMS_003 P1_SNFDLAEDAKLQLSK P2_KPAFLSGEQK 10 1,Q99ZW2,null,,false,Q99ZW2,null,,false,536,263,,9.632428,false,true,false,false,1,1,Self,0,0.001075,0.103058,9.632428,9.436928,,,0,0,0,,0,0,,0
638,843,Scan: 224865 Run: DIA12_CV486075:20251228_A2_N1_Mueller_MS_TechHub_IMP_THIDDIAXL003_Cas9_PhoX_DIA12_CV486075_250ng_FAIMS_001 P1_SNFDLAEDAKLQLSK P2_ESILPKR 10 6,Q99ZW2,null,,false,Q99ZW2,null,,false,1113,263,,9.631424,false,true,false,false,1,1,Self,0,0.001075,0.103058,,,9.631424,,0,0,0,,0,0,,0
637,842,Scan: 1763519 Run: DIA12_CV486075:20251228_A2_N1_Mueller_MS_TechHub_IMP_THIDDIAXL003_Cas9_PhoX_DIA12_CV486075_250ng_FAIMS_003 P1_QLLNAKLITQR P2_GGLSELDKAGFIK 6 8,Q99ZW2,null,,false,Q99ZW2,null,,false,913,890,,9.630898,false,true,false,false,1,1,Self,0,0.001075,0.103175,9.630898,,,,0,0,0,,0,0,,0
636,840,Scan: 38086 Run: DIA12_CV486075:20251228_A2_N1_Mueller_MS_TechHub_IMP_THIDDIAXL003_Cas9_PhoX_DIA12_CV486075_250ng_FAIMS_001 P1_LVDSTDKADLR P2_KTEVQTGGFSK 7 1,Q99ZW2,null,,false,Q99ZW2,null,,false,1097,148,,9.630553,false,true,false,false,1,1,Self,0,0.001075,0.103292,,,9.630553,,0,0,0,,0,0,,0
634,838,Scan: 1196023 Run: DIA12_CV486075:20251228_A2_N1_Mueller_MS_TechHub_IMP_THIDDIAXL003_Cas9_PhoX_DIA12_CV486075_250ng_FAIMS_003 P1_YPKLESEFVYGDYK P2_KVTVK 3 1,Q99ZW2,null,,false,Q99ZW2,null,,false,558,1003,,9.630403,false,true,false,false,1,1,Self,0,0.001075,0.103292,9.630403,9.437378,,,0,0,0,,0,0,,0
633,837,Scan: 1493139 Run: DIA12_CV486075:20251228_A2_N1_Mueller_MS_TechHub_IMP_THIDDIAXL003_Cas9_PhoX_DIA12_CV486075_250ng_FAIMS_003 P1_KNLIGALLFDSGETAEATR P2_KAIVDLLFK 1 1,Q99ZW2,null,,false,Q99ZW2,null,,false,546,45,,9.630266,false,true,false,false,1,1,Self,0,0.001075,0.103409,9.630266,,,,0,0,0,,0,0,,0
632,835,Scan: 1109016 Run: DIA12_CV486075:20251228_A2_N1_Mueller_MS_TechHub_IMP_THIDDIAXL003_Cas9_PhoX_DIA12_CV486075_250ng_FAIMS_002 P1_KLVDSTDK P2_GQKNSR 1 3,Q99ZW2,null,,false,Q99ZW2,null,,false,775,141,,9.629688,false,true,false,false,1,1,Self,0,0.001075,0.103409,,9.629688,,,0,0,0,,0,0,,0
630,832,Scan: 731345 Run: DIA12_CV486075:20251228_A2_N1_Mueller_MS_TechHub_IMP_THIDDIAXL003_Cas9_PhoX_DIA12_CV486075_250ng_FAIMS_002 P1_TEVQTGGFSKESILPK P2_NPIDFLEAKGYK 10 9,Q99ZW2,null,,false,Q99ZW2,null,,false,1185,1107,,9.629387,false,true,false,false,1,1,Self,0,0.001075,0.103409,,9.629387,,,0,0,0,,0,0,,0
629,830,Scan: 1605215 Run: DIA12_CV486075:20251228_A2_N1_Mueller_MS_TechHub_IMP_THIDDIAXL003_Cas9_PhoX_DIA12_CV486075_250ng_FAIMS_003 P1_KVTVK P2_KDLIIK 1 1,Q99ZW2,null,,false,Q99ZW2,null,,false,1192,558,,9.627082,false,true,false,false,1,1,Self,0,0.001075,0.103409,9.627082,9.565927,,,0,0,0,,0,0,,0
628,829,Scan: 1499044 Run: DIA12_CV486075:20251228_A2_N1_Mueller_MS_TechHub_IMP_THIDDIAXL003_Cas9_PhoX_DIA12_CV486075_250ng_FAIMS_003 P1_LVDSTDKADLR P2_KSEETITPWNFEEVVDK 7 1,Q99ZW2,null,,false,Q99ZW2,null,,false,468,148,,9.626962,false,true,false,false,1,1,Self,0,0.001075,0.103527,9.626962,,,,0,0,0,,0,0,,0
627,828,Scan: 1265938 Run: DIA12_CV486075:20251228_A2_N1_Mueller_MS_TechHub_IMP_THIDDIAXL003_Cas9_PhoX_DIA12_CV486075_250ng_FAIMS_003 P1_VLPKHSLLYEYFTVYNELTK P2_TEVQTGGFSKESILPK 4 10,Q99ZW2,null,,false,Q99ZW2,null,,false,1107,510,,9.626211,false,true,false,false,1,1,Self,0,0.001075,0.103527,9.626211,,,,0,0,0,,0,0,,0
626,827,Scan: 1766829 Run: DIA12_CV486075:20251228_A2_N1_Mueller_MS_TechHub_IMP_THIDDIAXL003_Cas9_PhoX_DIA12_CV486075_250ng_FAIMS_003 P1_YKEIFFDQSK P2_QITKHVAQILDSR 2 4,Q99ZW2,null,,false,Q99ZW2,null,,false,929,348,,9.625728,false,true,false,false,1,1,Self,0,0.001075,0.103527,9.625728,,,,0,0,0,,0,0,,0
625,826,Scan: 1608257 Run: DIA12_CV486075:20251228_A2_N1_Mueller_MS_TechHub_IMP_THIDDIAXL003_Cas9_PhoX_DIA12_CV486075_250ng_FAIMS_003 P1_QLKEDYFK P2_IEEGIKELGSQILK 3 6,Q99ZW2,null,,false,Q99ZW2,null,,false,789,565,,9.624948,false,true,false,false,1,1,Self,0,0.001075,0.103527,9.624948,,,,0,0,0,,0,0,,0
623,824,Scan: 1234903 Run: DIA12_CV486075:20251228_A2_N1_Mueller_MS_TechHub_IMP_THIDDIAXL003_Cas9_PhoX_DIA12_CV486075_250ng_FAIMS_003 P1_KTEVQTGGFSK P2_DKQSGK 1 2,Q99ZW2,null,,false,Q99ZW2,null,,false,673,1097,,9.623515,false,true,false,false,1,1,Self,0,0.001075,0.103527,9.623515,9.613318,,,0,0,0,,0,0,,0
622,822,Scan: 121001 Run: DIA12_CV486075:20251228_A2_N1_Mueller_MS_TechHub_IMP_THIDDIAXL003_Cas9_PhoX_DIA12_CV486075_250ng_FAIMS_001 P1_SSFEKNPIDFLEAK P2_IEEGIKELGSQILK 5 6,Q99ZW2,null,,false,Q99ZW2,null,,false,789,1176,,9.622163,false,true,false,false,1,1,Self,0,0.001075,0.103527,,,9.622163,,0,0,0,,0,0,,0
621,821,Scan: 31165 Run: DIA12_CV486075:20251228_A2_N1_Mueller_MS_TechHub_IMP_THIDDIAXL003_Cas9_PhoX_DIA12_CV486075_250ng_FAIMS_001 P1_RPLIETNGETGEIVWDKGR P2_KLINGIR 17 1,Q99ZW2,null,,false,Q99ZW2,null,,false,665,1076,,9.621309,false,true,false,false,1,1,Self,0,0.001075,0.103527,,,9.621309,,0,0,0,,0,0,,0
620,820,Scan: 840414 Run: DIA12_CV486075:20251228_A2_N1_Mueller_MS_TechHub_IMP_THIDDIAXL003_Cas9_PhoX_DIA12_CV486075_250ng_FAIMS_002 P1_FKVLGNTDR P2_FIKPILEK 2 3,Q99ZW2,null,,false,Q99ZW2,null,,false,377,33,,9.62087,false,true,false,false,1,1,Self,0,0.001075,0.103645,,9.62087,,,0,0,0,,0,0,,0
619,819,Scan: 758992 Run: DIA12_CV486075:20251228_A2_N1_Mueller_MS_TechHub_IMP_THIDDIAXL003_Cas9_PhoX_DIA12_CV486075_250ng_FAIMS_002 P1_LKGSPEDNEQK P2_KDWDPK 2 1,Q99ZW2,null,,false,Q99ZW2,null,,false,1124,1246,,9.62037,false,true,false,false,1,1,Self,0,0.001075,0.103645,,9.62037,,,0,0,0,,0,0,,0
618,818,Scan: 1185903 Run: DIA12_CV486075:20251228_A2_N1_Mueller_MS_TechHub_IMP_THIDDIAXL003_Cas9_PhoX_DIA12_CV486075_250ng_FAIMS_002 P1_SKLVSDFR P2_LSKSR 2 3,Q99ZW2,null,,false,Q99ZW2,null,,false,218,961,,9.620118,false,true,false,false,1,1,Self,0,0.001075,0.103645,,9.620118,,,0,0,0,,0,0,,0
617,817,Scan: 1372416 Run: DIA12_CV486075:20251228_A2_N1_Mueller_MS_TechHub_IMP_THIDDIAXL003_Cas9_PhoX_DIA12_CV486075_250ng_FAIMS_003 P1_IEKILTFR P2_HYLDEIIEQISEFSKR 3 15,Q99ZW2,null,,false,Q99ZW2,null,,false,1278,442,,9.62005,false,true,false,false,1,1,Self,0,0.001075,0.103645,9.62005,,,,0,0,0,,0,0,,0
616,815,Scan: 413191 Run: DIA12_CV486075:20251228_A2_N1_Mueller_MS_TechHub_IMP_THIDDIAXL003_Cas9_PhoX_DIA12_CV486075_250ng_FAIMS_001 P1_QLKEDYFK P2_KIECFDSVEISGVEDR 3 1,Q99ZW2,null,,false,Q99ZW2,null,,false,571,565,,9.619914,false,true,false,false,1,1,Self,0,0.001075,0.103645,,,9.619914,,0,0,0,,0,0,,0
614,813,Scan: 510464 Run: DIA12_CV486075:20251228_A2_N1_Mueller_MS_TechHub_IMP_THIDDIAXL003_Cas9_PhoX_DIA12_CV486075_250ng_FAIMS_001 P1_GQKNSR P2_ENQTTQKGQK 3 7,Q99ZW2,null,,false,Q99ZW2,null,,false,772,775,,9.619668,false,true,false,false,1,1,Self,0,0.001075,0.103645,,,9.619668,,0,0,0,,0,0,,0
612,807,Scan: 243217 Run: DIA12_CV486075:20251228_A2_N1_Mueller_MS_TechHub_IMP_THIDDIAXL003_Cas9_PhoX_DIA12_CV486075_250ng_FAIMS_001 P1_RQEDFYPFLKDNR P2_FKVLGNTDR 10 2,Q99ZW2,null,,false,Q99ZW2,null,,false,33,434,,9.615928,false,true,false,false,1,1,Self,0,0.001075,0.103881,,,9.615928,,0,0,0,,0,0,,0
611,806,Scan: 895587 Run: DIA12_CV486075:20251228_A2_N1_Mueller_MS_TechHub_IMP_THIDDIAXL003_Cas9_PhoX_DIA12_CV486075_250ng_FAIMS_002 P1_KNLIGALLFDSGETAEATR P2_KNLIGALLFDSGETAEATR 1 1,Q99ZW2,null,,false,Q99ZW2,null,,false,45,45,,9.615586,false,true,false,false,1,1,Self,0,0.001075,0.104,,9.615586,,,0,0,0,,0,0,,0
610,802,Scan: 839956 Run: DIA12_CV486075:20251228_A2_N1_Mueller_MS_TechHub_IMP_THIDDIAXL003_Cas9_PhoX_DIA12_CV486075_250ng_FAIMS_002 P1_LSKSR P2_FKVLGNTDR 3 2,Q99ZW2,null,,false,Q99ZW2,null,,false,33,218,,9.613517,false,true,false,false,1,1,Self,0,0.001075,0.104,,9.613517,,,0,0,0,,0,0,,0
609,801,Scan: 1305075 Run: DIA12_CV486075:20251228_A2_N1_Mueller_MS_TechHub_IMP_THIDDIAXL003_Cas9_PhoX_DIA12_CV486075_250ng_FAIMS_003 P1_SVKELLGITIMER P2_IEKILTFR 3 3,Q99ZW2,null,,false,Q99ZW2,null,,false,442,1161,,9.613447,false,true,false,false,1,1,Self,0,0.001075,0.104,9.613447,,,,0,0,0,,0,0,,0
608,797,Scan: 1202311 Run: DIA12_CV486075:20251228_A2_N1_Mueller_MS_TechHub_IMP_THIDDIAXL003_Cas9_PhoX_DIA12_CV486075_250ng_FAIMS_003 P1_QSGKTILDFLK P2_LESEFVYGDYKVYDVR 4 11,Q99ZW2,null,,false,Q99ZW2,null,,false,1014,677,,9.611646,false,true,false,false,1,1,Self,0,0.001075,0.104,9.611646,,,,0,0,0,,0,0,,0
607,795,Scan: 1599161 Run: DIA12_CV486075:20251228_A2_N1_Mueller_MS_TechHub_IMP_THIDDIAXL003_Cas9_PhoX_DIA12_CV486075_250ng_FAIMS_003 P1_SSFEKNPIDFLEAK P2_KAIVDLLFK 5 1,Q99ZW2,null,,false,Q99ZW2,null,,false,546,1176,,9.611332,false,true,false,false,1,1,Self,0,0.001075,0.104,9.611332,,,,0,0,0,,0,0,,0
606,794,Scan: 1366333 Run: DIA12_CV486075:20251228_A2_N1_Mueller_MS_TechHub_IMP_THIDDIAXL003_Cas9_PhoX_DIA12_CV486075_250ng_FAIMS_003 P1_KDLIIK P2_GSPEDNEQKQLFVEQHK 1 9,Q99ZW2,null,,false,Q99ZW2,null,,false,1255,1192,,9.610411,false,true,false,false,1,1,Self,0,0.001075,0.104119,9.610411,,,,0,0,0,,0,0,,0
605,793,Scan: 1685222 Run: DIA12_CV486075:20251228_A2_N1_Mueller_MS_TechHub_IMP_THIDDIAXL003_Cas9_PhoX_DIA12_CV486075_250ng_FAIMS_003 P1_GILQTVKVVDELVK P2_DLIIKLPK 7 5,Q99ZW2,null,,false,Q99ZW2,null,,false,1197,742,,9.608637,false,true,false,false,1,1,Self,0,0.001075,0.104119,9.608637,,,,0,0,0,,0,0,,0
604,791,Scan: 515418 Run: DIA12_CV486075:20251228_A2_N1_Mueller_MS_TechHub_IMP_THIDDIAXL003_Cas9_PhoX_DIA12_CV486075_250ng_FAIMS_001 P1_LKTYAHLFDDK P2_IEEGIKELGSQILK 2 6,Q99ZW2,null,,false,Q99ZW2,null,,false,789,637,,9.606775,false,true,false,false,1,1,Self,0,0.001075,0.104238,,,9.606775,,0,0,0,,0,0,,0
603,785,Scan: 1194626 Run: DIA12_CV486075:20251228_A2_N1_Mueller_MS_TechHub_IMP_THIDDIAXL003_Cas9_PhoX_DIA12_CV486075_250ng_FAIMS_002 P1_SKLVSDFR P2_EINNYHHAHDAYLNAVVGTALIKK 2 23,Q99ZW2,null,,false,Q99ZW2,null,,false,999,961,,9.604068,false,true,false,false,1,1,Self,0,0.001076,0.104478,,9.604068,,,0,0,0,,0,0,,0
601,782,Scan: 588807 Run: DIA12_CV486075:20251228_A2_N1_Mueller_MS_TechHub_IMP_THIDDIAXL003_Cas9_PhoX_DIA12_CV486075_250ng_FAIMS_001 P1_SKLVSDFR P2_NLPNEKVLPK 2 6,Q99ZW2,null,,false,Q99ZW2,null,,false,506,961,,9.603032,false,true,false,false,1,1,Self,0,0.001076,0.104598,,,9.603032,,0,0,0,,0,0,,0
600,781,Scan: 1425193 Run: DIA12_CV486075:20251228_A2_N1_Mueller_MS_TechHub_IMP_THIDDIAXL003_Cas9_PhoX_DIA12_CV486075_250ng_FAIMS_003 P1_VNTEITKAPLSASMIK P2_KDLIIK 7 1,Q99ZW2,null,,false,Q99ZW2,null,,false,1192,314,,9.602656,false,true,false,false,1,1,Self,0,0.001076,0.104718,9.602656,,,,0,0,0,,0,0,,0
599,780,Scan: 1142700 Run: DIA12_CV486075:20251228_A2_N1_Mueller_MS_TechHub_IMP_THIDDIAXL003_Cas9_PhoX_DIA12_CV486075_250ng_FAIMS_002 P1_GKSDNVPSEEVVK P2_DKPIR 2 2,Q99ZW2,null,,false,Q99ZW2,null,,false,1300,866,,9.601329,false,true,false,false,1,1,Self,0,0.001076,0.104718,,9.601329,,,0,0,0,,0,0,,0
598,779,Scan: 134546 Run: DIA12_CV486075:20251228_A2_N1_Mueller_MS_TechHub_IMP_THIDDIAXL003_Cas9_PhoX_DIA12_CV486075_250ng_FAIMS_001 P1_NPIDFLEAKGYK P2_IEKILTFR 9 3,Q99ZW2,null,,false,Q99ZW2,null,,false,442,1185,,9.600884,false,true,false,false,1,1,Self,0,0.001076,0.104718,,,9.600884,,0,0,0,,0,0,,0
596,777,Scan: 483628 Run: DIA12_CV486075:20251228_A2_N1_Mueller_MS_TechHub_IMP_THIDDIAXL003_Cas9_PhoX_DIA12_CV486075_250ng_FAIMS_001 P1_LSKSR P2_KGILQTVK 3 1,Q99ZW2,null,,false,Q99ZW2,null,,false,735,218,,9.599998,false,true,false,false,1,1,Self,0,0.001076,0.104718,,,9.599998,,0,0,0,,0,0,,0
595,776,Scan: 841920 Run: DIA12_CV486075:20251228_A2_N1_Mueller_MS_TechHub_IMP_THIDDIAXL003_Cas9_PhoX_DIA12_CV486075_250ng_FAIMS_002 P1_KVTVK P2_FKVLGNTDR 1 2,Q99ZW2,null,,false,Q99ZW2,null,,false,33,558,,9.599876,false,true,false,false,1,1,Self,0,0.001076,0.104718,,9.599876,9.404682,,0,0,0,,0,0,,0
594,775,Scan: 509553 Run: DIA12_CV486075:20251228_A2_N1_Mueller_MS_TechHub_IMP_THIDDIAXL003_Cas9_PhoX_DIA12_CV486075_250ng_FAIMS_001 P1_LVDSTDKADLR P2_ENQTTQKGQK 7 7,Q99ZW2,null,,false,Q99ZW2,null,,false,772,148,,9.599585,false,true,false,false,1,1,Self,0,0.001076,0.104718,,,9.599585,,0,0,0,,0,0,,0
591,771,Scan: 839917 Run: DIA12_CV486075:20251228_A2_N1_Mueller_MS_TechHub_IMP_THIDDIAXL003_Cas9_PhoX_DIA12_CV486075_250ng_FAIMS_002 P1_LVDSTDKADLR P2_FKVLGNTDR 7 2,Q99ZW2,null,,false,Q99ZW2,null,,false,33,148,,9.598343,false,true,false,false,1,1,Self,0,0.001076,0.104718,,9.598343,,,0,0,0,,0,0,,0
590,770,Scan: 1422981 Run: DIA12_CV486075:20251228_A2_N1_Mueller_MS_TechHub_IMP_THIDDIAXL003_Cas9_PhoX_DIA12_CV486075_250ng_FAIMS_003 P1_SNFDLAEDAKLQLSK P2_KLINGIR 10 1,Q99ZW2,null,,false,Q99ZW2,null,,false,665,263,,9.597641,false,true,false,false,1,1,Self,0,0.001076,0.104718,9.597641,,,,0,0,0,,0,0,,0
589,769,Scan: 1678173 Run: DIA12_CV486075:20251228_A2_N1_Mueller_MS_TechHub_IMP_THIDDIAXL003_Cas9_PhoX_DIA12_CV486075_250ng_FAIMS_003 P1_KKDWDPK P2_KGILQTVK 1 1,Q99ZW2,null,,false,Q99ZW2,null,,false,735,1123,,9.597087,false,true,false,false,1,1,Self,0,0.001076,0.104718,9.597087,,,,0,0,0,,0,0,,0
588,768,Scan: 1270057 Run: DIA12_CV486075:20251228_A2_N1_Mueller_MS_TechHub_IMP_THIDDIAXL003_Cas9_PhoX_DIA12_CV486075_250ng_FAIMS_003 P1_TEVQTGGFSKESILPK P2_ELGSQILKEHPVENTQLQNEK 10 8,Q99ZW2,null,,false,Q99ZW2,null,,false,797,1107,,9.596719,false,true,false,false,1,1,Self,0,0.001076,0.104718,9.596719,,,,0,0,0,,0,0,,0
587,766,Scan: 341355 Run: DIA12_CV486075:20251228_A2_N1_Mueller_MS_TechHub_IMP_THIDDIAXL003_Cas9_PhoX_DIA12_CV486075_250ng_FAIMS_001 P1_KSEETITPWNFEEVVDKGASAQSFIER P2_KKDWDPK 17 1,Q99ZW2,null,,false,Q99ZW2,null,,false,1123,484,,9.596464,false,true,false,false,1,1,Self,0,0.001076,0.104839,,,9.596464,,0,0,0,,0,0,,0
586,765,Scan: 1452879 Run: DIA12_CV486075:20251228_A2_N1_Mueller_MS_TechHub_IMP_THIDDIAXL003_Cas9_PhoX_DIA12_CV486075_250ng_FAIMS_003 P1_YKEIFFDQSK P2_FIKPILEKMDGTEELLVK 2 8,Q99ZW2,null,,false,Q99ZW2,null,,false,382,348,,9.595877,false,true,false,false,1,1,Self,0,0.001076,0.104839,9.595877,,,,0,0,0,,0,0,,0
585,764,Scan: 93031 Run: DIA12_CV486075:20251228_A2_N1_Mueller_MS_TechHub_IMP_THIDDIAXL003_Cas9_PhoX_DIA12_CV486075_250ng_FAIMS_001 P1_SDKNR P2_NSDKLIAR 3 4,Q99ZW2,null,,false,Q99ZW2,null,,false,1118,862,,9.595129,false,true,false,false,1,1,Self,0,0.001076,0.104839,,,9.595129,,0,0,0,,0,0,,0
584,763,Scan: 1202527 Run: DIA12_CV486075:20251228_A2_N1_Mueller_MS_TechHub_IMP_THIDDIAXL003_Cas9_PhoX_DIA12_CV486075_250ng_FAIMS_003 P1_LESEFVYGDYKVYDVR P2_GKSDNVPSEEVVK 11 2,Q99ZW2,null,,false,Q99ZW2,null,,false,866,1014,,9.595045,false,true,false,false,1,1,Self,0,0.001076,0.104839,9.595045,,,,0,0,0,,0,0,,0
582,760,Scan: 1200843 Run: DIA12_CV486075:20251228_A2_N1_Mueller_MS_TechHub_IMP_THIDDIAXL003_Cas9_PhoX_DIA12_CV486075_250ng_FAIMS_003 P1_LESEFVYGDYKVYDVR P2_LESEFVYGDYKVYDVR 11 11,Q99ZW2,null,,false,Q99ZW2,null,,false,1014,1014,,9.592929,false,true,false,false,1,1,Self,0,0.001076,0.104839,9.592929,,,,0,0,0,,0,0,,0
581,759,Scan: 1211835 Run: DIA12_CV486075:20251228_A2_N1_Mueller_MS_TechHub_IMP_THIDDIAXL003_Cas9_PhoX_DIA12_CV486075_250ng_FAIMS_003 P1_KMIAK P2_ATAKYFFYSNIMNFFK 1 4,Q99ZW2,null,,false,Q99ZW2,null,,false,1035,1020,,9.592895,false,true,false,false,1,1,Self,0,0.001076,0.104839,9.592895,,,,0,0,0,,0,0,,0
580,758,Scan: 813275 Run: DIA12_CV486075:20251228_A2_N1_Mueller_MS_TechHub_IMP_THIDDIAXL003_Cas9_PhoX_DIA12_CV486075_250ng_FAIMS_002 P1_LENLIAQLPGEKK P2_KGILQTVK 12 1,Q99ZW2,null,,false,Q99ZW2,null,,false,735,233,,9.592628,false,true,false,false,1,1,Self,0,0.001076,0.104839,,9.592628,,,0,0,0,,0,0,,0
579,757,Scan: 781055 Run: DIA12_CV486075:20251228_A2_N1_Mueller_MS_TechHub_IMP_THIDDIAXL003_Cas9_PhoX_DIA12_CV486075_250ng_FAIMS_002 P1_VILADANLDKVLSAYNK P2_FKVLGNTDR 10 2,Q99ZW2,null,,false,Q99ZW2,null,,false,33,1289,,9.592252,false,true,false,false,1,1,Self,0,0.001076,0.104839,,9.592252,,,0,0,0,,0,0,,0
578,754,Scan: 1466397 Run: DIA12_CV486075:20251228_A2_N1_Mueller_MS_TechHub_IMP_THIDDIAXL003_Cas9_PhoX_DIA12_CV486075_250ng_FAIMS_003 P1_KAIVDLLFK P2_EIFFDQSKNGYAGYIDGGASQEEFYK 1 8,Q99ZW2,null,,false,Q99ZW2,null,,false,356,546,,9.590278,false,true,false,false,1,1,Self,0,0.001076,0.105202,9.590278,,,,0,0,0,,0,0,,0
577,753,Scan: 1340651 Run: DIA12_CV486075:20251228_A2_N1_Mueller_MS_TechHub_IMP_THIDDIAXL003_Cas9_PhoX_DIA12_CV486075_250ng_FAIMS_003 P1_LPKYSLFELENGR P2_IEKILTFR 3 3,Q99ZW2,null,,false,Q99ZW2,null,,false,442,1200,,9.590203,false,true,false,false,1,1,Self,0,0.001076,0.105202,9.590203,,,,0,0,0,,0,0,,0
576,752,Scan: 1398655 Run: DIA12_CV486075:20251228_A2_N1_Mueller_MS_TechHub_IMP_THIDDIAXL003_Cas9_PhoX_DIA12_CV486075_250ng_FAIMS_003 P1_KLVDSTDK P2_DLIIKLPK 1 5,Q99ZW2,null,,false,Q99ZW2,null,,false,1197,141,,9.589953,false,true,false,false,1,1,Self,0,0.001076,0.105324,9.589953,,,,0,0,0,,0,0,,0
575,749,Scan: 1721687 Run: DIA12_CV486075:20251228_A2_N1_Mueller_MS_TechHub_IMP_THIDDIAXL003_Cas9_PhoX_DIA12_CV486075_250ng_FAIMS_003 P1_QLLNAKLITQR P2_ELGSQILKEHPVENTQLQNEK 6 8,Q99ZW2,null,,false,Q99ZW2,null,,false,797,890,,9.58863,false,true,false,false,1,1,Self,0,0.001076,0.105691,9.58863,,,,0,0,0,,0,0,,0
574,748,Scan: 357812 Run: DIA12_CV486075:20251228_A2_N1_Mueller_MS_TechHub_IMP_THIDDIAXL003_Cas9_PhoX_DIA12_CV486075_250ng_FAIMS_001 P1_VKYVTEGMR P2_MTNFDKNLPNEK 2 6,Q99ZW2,null,,false,Q99ZW2,null,,false,500,528,,9.588569,false,true,false,false,1,1,Self,0,0.001076,0.105691,,,9.588569,,0,0,0,,0,0,,0
572,745,Scan: 1201766 Run: DIA12_CV486075:20251228_A2_N1_Mueller_MS_TechHub_IMP_THIDDIAXL003_Cas9_PhoX_DIA12_CV486075_250ng_FAIMS_003 P1_LESEFVYGDYKVYDVR P2_KSEETITPWNFEEVVDK 11 1,Q99ZW2,null,,false,Q99ZW2,null,,false,468,1014,,9.586533,false,true,false,false,1,1,Self,0,0.001076,0.105814,9.586533,,,,0,0,0,,0,0,,0
571,744,Scan: 1313480 Run: DIA12_CV486075:20251228_A2_N1_Mueller_MS_TechHub_IMP_THIDDIAXL003_Cas9_PhoX_DIA12_CV486075_250ng_FAIMS_003 P1_SSFEKNPIDFLEAK P2_QLKEDYFK 5 3,Q99ZW2,null,,false,Q99ZW2,null,,false,565,1176,,9.586236,false,true,false,false,1,1,Self,0,0.001076,0.105814,9.586236,,,,0,0,0,,0,0,,0
570,743,Scan: 1609689 Run: DIA12_CV486075:20251228_A2_N1_Mueller_MS_TechHub_IMP_THIDDIAXL003_Cas9_PhoX_DIA12_CV486075_250ng_FAIMS_003 P1_VNTEITKAPLSASMIK P2_KIECFDSVEISGVEDR 7 1,Q99ZW2,null,,false,Q99ZW2,null,,false,571,314,,9.585711,false,true,false,false,1,1,Self,0,0.001076,0.105937,9.585711,,,,0,0,0,,0,0,,0
569,742,Scan: 1379103 Run: DIA12_CV486075:20251228_A2_N1_Mueller_MS_TechHub_IMP_THIDDIAXL003_Cas9_PhoX_DIA12_CV486075_250ng_FAIMS_003 P1_VILADANLDKVLSAYNK P2_QLKEDYFK 10 3,Q99ZW2,null,,false,Q99ZW2,null,,false,565,1289,,9.58545,false,true,false,false,1,1,Self,0,0.001076,0.105937,9.58545,,,,0,0,0,,0,0,,0
568,741,Scan: 1366869 Run: DIA12_CV486075:20251228_A2_N1_Mueller_MS_TechHub_IMP_THIDDIAXL003_Cas9_PhoX_DIA12_CV486075_250ng_FAIMS_003 P1_YVNFLYLASHYEKLK P2_GSPEDNEQKQLFVEQHK 13 9,Q99ZW2,null,,false,Q99ZW2,null,,false,1255,1244,,9.585446,false,true,false,false,1,1,Self,0,0.001076,0.105937,9.585446,,,,0,0,0,,0,0,,0
567,740,Scan: 605743 Run: DIA12_CV486075:20251228_A2_N1_Mueller_MS_TechHub_IMP_THIDDIAXL003_Cas9_PhoX_DIA12_CV486075_250ng_FAIMS_002 P1_SKLVSDFR P2_LESEFVYGDYKVYDVR 2 11,Q99ZW2,null,,false,Q99ZW2,null,,false,1014,961,,9.585186,false,true,false,false,1,1,Self,0,0.001076,0.105937,,9.585186,,,0,0,0,,0,0,,0
566,739,Scan: 1367363 Run: DIA12_CV486075:20251228_A2_N1_Mueller_MS_TechHub_IMP_THIDDIAXL003_Cas9_PhoX_DIA12_CV486075_250ng_FAIMS_003 P1_KLINGIR P2_GSPEDNEQKQLFVEQHK 1 9,Q99ZW2,null,,false,Q99ZW2,null,,false,1255,665,,9.584507,false,true,false,false,1,1,Self,0,0.001076,0.106061,9.584507,,,,0,0,0,,0,0,,0
565,737,Scan: 1504789 Run: DIA12_CV486075:20251228_A2_N1_Mueller_MS_TechHub_IMP_THIDDIAXL003_Cas9_PhoX_DIA12_CV486075_250ng_FAIMS_003 P1_KVTVK P2_KSEETITPWNFEEVVDK 1 1,Q99ZW2,null,,false,Q99ZW2,null,,false,468,558,,9.584003,false,true,false,false,1,1,Self,0,0.001076,0.106061,9.584003,,,,0,0,0,,0,0,,0
564,735,Scan: 804744 Run: DIA12_CV486075:20251228_A2_N1_Mueller_MS_TechHub_IMP_THIDDIAXL003_Cas9_PhoX_DIA12_CV486075_250ng_FAIMS_002 P1_NSDKLIAR P2_LVDSTDKADLR 4 7,Q99ZW2,null,,false,Q99ZW2,null,,false,148,1118,,9.582566,false,true,false,false,1,1,Self,0,0.001076,0.106308,,9.582566,,,0,0,0,,0,0,,0
563,733,Scan: 1619593 Run: DIA12_CV486075:20251228_A2_N1_Mueller_MS_TechHub_IMP_THIDDIAXL003_Cas9_PhoX_DIA12_CV486075_250ng_FAIMS_003 P1_QSGKTILDFLK P2_LKTYAHLFDDK 4 2,Q99ZW2,null,,false,Q99ZW2,null,,false,637,677,,9.582306,false,true,false,false,1,1,Self,0,0.001076,0.106308,9.582306,,,,0,0,0,,0,0,,0
562,729,Scan: 1184853 Run: DIA12_CV486075:20251228_A2_N1_Mueller_MS_TechHub_IMP_THIDDIAXL003_Cas9_PhoX_DIA12_CV486075_250ng_FAIMS_002 P1_EVKVITLK P2_DFQFYKVR 3 6,Q99ZW2,null,,false,Q99ZW2,null,,false,974,954,,9.581004,false,true,false,false,1,1,Self,0,0.001076,0.106433,,9.581004,,,0,0,0,,0,0,,0
561,728,Scan: 409054 Run: DIA12_CV486075:20251228_A2_N1_Mueller_MS_TechHub_IMP_THIDDIAXL003_Cas9_PhoX_DIA12_CV486075_250ng_FAIMS_001 P1_IEKILTFR P2_AIVDLLFKTNR 3 8,Q99ZW2,null,,false,Q99ZW2,null,,false,554,442,,9.58097,false,true,false,false,1,1,Self,0,0.001076,0.106433,,,9.58097,,0,0,0,,0,0,,0
560,726,Scan: 911011 Run: DIA12_CV486075:20251228_A2_N1_Mueller_MS_TechHub_IMP_THIDDIAXL003_Cas9_PhoX_DIA12_CV486075_250ng_FAIMS_002 P1_KSEETITPWNFEEVVDK P2_GQKNSR 1 3,Q99ZW2,null,,false,Q99ZW2,null,,false,775,468,,9.580865,false,true,false,false,1,1,Self,0,0.001076,0.106433,,9.580865,,,0,0,0,,0,0,,0
559,725,Scan: 414601 Run: DIA12_CV486075:20251228_A2_N1_Mueller_MS_TechHub_IMP_THIDDIAXL003_Cas9_PhoX_DIA12_CV486075_250ng_FAIMS_001 P1_QITKHVAQILDSR P2_FYDEKLQK 4 5,decoy:Q99ZW2,decoydecoy:null,decoy:,true,Q99ZW2,null,,false,567,929,,9.580384,true,false,true,false,1,1,Self,0.001076,0.002105,0.106433,,,9.580384,,1,0,1,,0.000978,0.000833,,2
558,724,Scan: 753771 Run: DIA12_CV486075:20251228_A2_N1_Mueller_MS_TechHub_IMP_THIDDIAXL003_Cas9_PhoX_DIA12_CV486075_250ng_FAIMS_002 P1_YKEIFFDQSK P2_GNELALPSKYVNFLYLASHYEK 2 9,Q99ZW2,null,,false,Q99ZW2,null,,false,1231,348,,9.579604,false,true,false,false,1,1,Self,0.001076,0.001417,0.106433,,9.579604,,,0,0,0,,0.000978,0.000833,,0
557,722,Scan: 1743371 Run: DIA12_CV486075:20251228_A2_N1_Mueller_MS_TechHub_IMP_THIDDIAXL003_Cas9_PhoX_DIA12_CV486075_250ng_FAIMS_003 P1_NKDSR P2_GKSDNVPSEEVVK 2 2,Q99ZW2,null,,false,decoy:Q99ZW2,decoydecoy:null,decoy:,true,866,861,,9.57803,true,false,true,false,1,1,Self,0.002105,0.001254,0.106682,9.57803,,8.680156,,0,1,1,,0.001907,0.001608,,2
556,721,Scan: 1402782 Run: DIA12_CV486075:20251228_A2_N1_Mueller_MS_TechHub_IMP_THIDDIAXL003_Cas9_PhoX_DIA12_CV486075_250ng_FAIMS_003 P1_LVDSTDKADLR P2_KVTVK 7 1,Q99ZW2,null,,false,Q99ZW2,null,,false,558,148,,9.577514,false,true,false,false,1,1,Self,0.002105,0.002126,0.106933,9.577514,,,,0,0,0,,0.001907,0.001608,,0
555,719,Scan: 1716622 Run: DIA12_CV486075:20251228_A2_N1_Mueller_MS_TechHub_IMP_THIDDIAXL003_Cas9_PhoX_DIA12_CV486075_250ng_FAIMS_003 P1_YTSTKEVLDATLIHQSITGLYETR P2_ELGSQILKEHPVENTQLQNEK 5 8,Q99ZW2,null,,false,Q99ZW2,null,,false,797,1340,,9.576399,false,true,false,false,1,1,Self,0.002105,0.00217,0.106933,9.576399,,,,0,0,0,,0.001907,0.001608,,0
554,718,Scan: 135682 Run: DIA12_CV486075:20251228_A2_N1_Mueller_MS_TechHub_IMP_THIDDIAXL003_Cas9_PhoX_DIA12_CV486075_250ng_FAIMS_001 P1_KDLIIK P2_DKPIR 1 2,Q99ZW2,null,,false,Q99ZW2,null,,false,1300,1192,,9.575978,false,true,false,false,1,1,Self,0.002105,0.002187,0.106933,,,9.575978,,0,0,0,,0.001907,0.001608,,0
553,717,Scan: 1194217 Run: DIA12_CV486075:20251228_A2_N1_Mueller_MS_TechHub_IMP_THIDDIAXL003_Cas9_PhoX_DIA12_CV486075_250ng_FAIMS_002 P1_KLINGIR P2_DFQFYKVR 1 6,Q99ZW2,null,,false,Q99ZW2,null,,false,974,665,,9.575702,false,true,false,false,1,1,Self,0.002105,0.002198,0.106933,,9.575702,,,0,0,0,,0.001907,0.001608,,0
551,715,Scan: 541584 Run: DIA12_CV486075:20251228_A2_N1_Mueller_MS_TechHub_IMP_THIDDIAXL003_Cas9_PhoX_DIA12_CV486075_250ng_FAIMS_001 P1_KVTVK P2_DDSIDNKVLTR 1 7,Q99ZW2,null,,false,Q99ZW2,null,,false,855,558,,9.574365,false,true,false,false,1,1,Self,0.002105,0.002252,0.106933,,,9.574365,,0,0,0,,0.001907,0.001608,,0
549,710,Scan: 1751437 Run: DIA12_CV486075:20251228_A2_N1_Mueller_MS_TechHub_IMP_THIDDIAXL003_Cas9_PhoX_DIA12_CV486075_250ng_FAIMS_003 P1_YKEIFFDQSK P2_MKNYWR 2 2,Q99ZW2,null,,false,Q99ZW2,null,,false,880,348,,9.570025,false,true,false,false,1,1,Self,0.002105,0.002425,0.106933,9.570025,,,,0,0,0,,0.001907,0.001608,,0
548,708,Scan: 1470812 Run: DIA12_CV486075:20251228_A2_N1_Mueller_MS_TechHub_IMP_THIDDIAXL003_Cas9_PhoX_DIA12_CV486075_250ng_FAIMS_003 P1_NGYAGYIDGGASQEEFYKFIKPILEK P2_KPAFLSGEQK 18 1,Q99ZW2,null,,false,Q99ZW2,null,,false,536,374,,9.569739,false,true,false,false,1,1,Self,0.002105,0.002437,0.106933,9.569739,,9.188329,,0,0,0,,0.001907,0.001608,,0
547,707,Scan: 561011 Run: DIA12_CV486075:20251228_A2_N1_Mueller_MS_TechHub_IMP_THIDDIAXL003_Cas9_PhoX_DIA12_CV486075_250ng_FAIMS_001 P1_KFDNLTK P2_DKPIR 1 2,Q99ZW2,null,,false,Q99ZW2,null,,false,1300,896,,9.569229,false,true,false,false,1,1,Self,0.002105,0.002457,0.107185,,,9.569229,,0,0,0,,0.001907,0.001608,,0
546,706,Scan: 1466052 Run: DIA12_CV486075:20251228_A2_N1_Mueller_MS_TechHub_IMP_THIDDIAXL003_Cas9_PhoX_DIA12_CV486075_250ng_FAIMS_003 P1_FIKPILEK P2_EIFFDQSKNGYAGYIDGGASQEEFYK 3 8,Q99ZW2,null,,false,Q99ZW2,null,,false,356,377,,9.569183,false,true,false,false,1,1,Self,0.002105,0.002459,0.107185,9.569183,,,,0,0,0,,0.001907,0.001608,,0
545,704,Scan: 596737 Run: DIA12_CV486075:20251228_A2_N1_Mueller_MS_TechHub_IMP_THIDDIAXL003_Cas9_PhoX_DIA12_CV486075_250ng_FAIMS_001 P1_IEKILTFR P2_DFQFYKVR 3 6,Q99ZW2,null,,false,Q99ZW2,null,,false,974,442,,9.568872,false,true,false,false,1,1,Self,0.002105,0.002472,0.107185,,,9.568872,,0,0,0,,0.001907,0.001608,,0
544,702,Scan: 1604883 Run: DIA12_CV486075:20251228_A2_N1_Mueller_MS_TechHub_IMP_THIDDIAXL003_Cas9_PhoX_DIA12_CV486075_250ng_FAIMS_003 P1_GILQTVKVVDELVK P2_AIVDLLFKTNR 7 8,Q99ZW2,null,,false,Q99ZW2,null,,false,554,742,,9.567679,false,true,false,false,1,1,Self,0.002105,0.002519,0.107311,9.567679,,,,0,0,0,,0.001907,0.001608,,0
543,701,Scan: 587217 Run: DIA12_CV486075:20251228_A2_N1_Mueller_MS_TechHub_IMP_THIDDIAXL003_Cas9_PhoX_DIA12_CV486075_250ng_FAIMS_001 P1_YDENDKLIR P2_SKLVSDFR 6 2,Q99ZW2,null,,false,Q99ZW2,null,,false,961,948,,9.566305,false,true,false,false,1,1,Self,0.002105,0.002574,0.107565,,,9.566305,,0,0,0,,0.001907,0.001608,,0
542,700,Scan: 1509036 Run: DIA12_CV486075:20251228_A2_N1_Mueller_MS_TechHub_IMP_THIDDIAXL003_Cas9_PhoX_DIA12_CV486075_250ng_FAIMS_003 P1_KSEETITPWNFEEVVDK P2_EVKVITLK 1 3,Q99ZW2,null,,false,Q99ZW2,null,,false,954,468,,9.566067,false,true,false,false,1,1,Self,0.002105,0.002584,0.107565,9.566067,,,,0,0,0,,0.001907,0.001608,,0
540,698,Scan: 1580941 Run: DIA12_CV486075:20251228_A2_N1_Mueller_MS_TechHub_IMP_THIDDIAXL003_Cas9_PhoX_DIA12_CV486075_250ng_FAIMS_003 P1_KVTVK P2_KPAFLSGEQK 1 1,Q99ZW2,null,,false,Q99ZW2,null,,false,536,558,,9.565508,false,true,false,false,1,1,Self,0.002105,0.002606,0.107565,9.565508,,,,0,0,0,,0.001907,0.001608,,0
538,692,Scan: 1340082 Run: DIA12_CV486075:20251228_A2_N1_Mueller_MS_TechHub_IMP_THIDDIAXL003_Cas9_PhoX_DIA12_CV486075_250ng_FAIMS_003 P1_LPKYSLFELENGR P2_GSPEDNEQKQLFVEQHK 3 9,Q99ZW2,null,,false,Q99ZW2,null,,false,1255,1200,,9.561105,false,true,false,false,1,1,Self,0.002105,0.002782,0.107692,9.561105,,,,0,0,0,,0.001907,0.001608,,0
536,690,Scan: 1330278 Run: DIA12_CV486075:20251228_A2_N1_Mueller_MS_TechHub_IMP_THIDDIAXL003_Cas9_PhoX_DIA12_CV486075_250ng_FAIMS_003 P1_KDWDPK P2_KDLIIK 1 1,Q99ZW2,null,,false,Q99ZW2,null,,false,1192,1124,,9.559082,false,true,false,false,1,1,Self,0.002105,0.002863,0.10782,9.559082,,,,0,0,0,,0.001907,0.001608,,0
535,689,Scan: 1716223 Run: DIA12_CV486075:20251228_A2_N1_Mueller_MS_TechHub_IMP_THIDDIAXL003_Cas9_PhoX_DIA12_CV486075_250ng_FAIMS_003 P1_LKGSPEDNEQK P2_ELGSQILKEHPVENTQLQNEK 2 8,Q99ZW2,null,,false,Q99ZW2,null,,false,797,1246,,9.558985,false,true,false,false,1,1,Self,0.002105,0.002867,0.10782,9.558985,,,,0,0,0,,0.001907,0.001608,,0
533,687,Scan: 1350758 Run: DIA12_CV486075:20251228_A2_N1_Mueller_MS_TechHub_IMP_THIDDIAXL003_Cas9_PhoX_DIA12_CV486075_250ng_FAIMS_003 P1_NSDKLIAR P2_GNELALPSKYVNFLYLASHYEK 4 9,Q99ZW2,null,,false,Q99ZW2,null,,false,1231,1118,,9.558807,false,true,false,false,1,1,Self,0.002105,0.002874,0.10782,9.558807,,,,0,0,0,,0.001907,0.001608,,0
532,683,Scan: 1079195 Run: DIA12_CV486075:20251228_A2_N1_Mueller_MS_TechHub_IMP_THIDDIAXL003_Cas9_PhoX_DIA12_CV486075_250ng_FAIMS_002 P1_KPAFLSGEQK P2_AQVSGQGDSLHEHIANLAGSPAIKK 1 24,Q99ZW2,null,,false,Q99ZW2,null,,false,734,536,,9.557376,false,true,false,false,1,1,Self,0.002105,0.002931,0.107948,,9.557376,,,0,0,0,,0.001907,0.001608,,0
531,682,Scan: 781284 Run: DIA12_CV486075:20251228_A2_N1_Mueller_MS_TechHub_IMP_THIDDIAXL003_Cas9_PhoX_DIA12_CV486075_250ng_FAIMS_002 P1_VILADANLDKVLSAYNK P2_IEKILTFR 10 3,Q99ZW2,null,,false,Q99ZW2,null,,false,442,1289,,9.557038,false,true,false,false,1,1,Self,0.002105,0.002945,0.107948,,9.557038,,,0,0,0,,0.001907,0.001608,,0
530,681,Scan: 1699355 Run: DIA12_CV486075:20251228_A2_N1_Mueller_MS_TechHub_IMP_THIDDIAXL003_Cas9_PhoX_DIA12_CV486075_250ng_FAIMS_003 P1_VVDELVKVMGR P2_EDIQKAQVSGQGDSLHEHIANLAGSPAIK 7 5,Q99ZW2,null,,false,Q99ZW2,null,,false,710,749,,9.557036,false,true,false,false,1,1,Self,0.002105,0.002945,0.107948,9.557036,,,,0,0,0,,0.001907,0.001608,,0
529,677,Scan: 1406585 Run: DIA12_CV486075:20251228_A2_N1_Mueller_MS_TechHub_IMP_THIDDIAXL003_Cas9_PhoX_DIA12_CV486075_250ng_FAIMS_003 P1_KEGPLQAILNELK P2_EDIQKAQVSGQGDSLHEHIANLAGSPAIK 1 5,Q99ZW2,null,,false,decoy:Q99ZW2,decoydecoy:null,decoy:,true,710,222,,9.554126,true,false,true,false,1,1,Self,0.003061,0.0031,0.108076,9.554126,,,,0,1,1,,0.002765,0.002313,,2
528,676,Scan: 1377671 Run: DIA12_CV486075:20251228_A2_N1_Mueller_MS_TechHub_IMP_THIDDIAXL003_Cas9_PhoX_DIA12_CV486075_250ng_FAIMS_003 P1_VILADANLDKVLSAYNK P2_DLIIKLPK 10 5,Q99ZW2,null,,false,Q99ZW2,null,,false,1197,1289,,9.554019,false,true,false,false,1,1,Self,0.003061,0.003066,0.108076,9.554019,,,,0,0,0,,0.002765,0.002313,,0
527,674,Scan: 970993 Run: DIA12_CV486075:20251228_A2_N1_Mueller_MS_TechHub_IMP_THIDDIAXL003_Cas9_PhoX_DIA12_CV486075_250ng_FAIMS_002 P1_VKYVTEGMR P2_KVLSMPQVNIVK 2 1,Q99ZW2,null,,false,Q99ZW2,null,,false,1085,528,,9.551305,false,true,false,false,1,1,Self,0.003061,0.003183,0.108333,,9.551305,,,0,0,0,,0.002765,0.002313,,0
526,673,Scan: 1010757 Run: DIA12_CV486075:20251228_A2_N1_Mueller_MS_TechHub_IMP_THIDDIAXL003_Cas9_PhoX_DIA12_CV486075_250ng_FAIMS_002 P1_QLKEDYFK P2_KGILQTVK 3 1,Q99ZW2,null,,false,Q99ZW2,null,,false,735,565,,9.551204,false,true,false,false,1,1,Self,0.003061,0.003188,0.108333,,9.551204,,,0,0,0,,0.002765,0.002313,,0
525,672,Scan: 1330326 Run: DIA12_CV486075:20251228_A2_N1_Mueller_MS_TechHub_IMP_THIDDIAXL003_Cas9_PhoX_DIA12_CV486075_250ng_FAIMS_003 P1_KDLIIK P2_GYKEVK 1 3,Q99ZW2,null,,false,Q99ZW2,null,,false,1188,1192,,9.550926,false,true,false,false,1,1,Self,0.003061,0.0032,0.108333,9.550926,9.513521,,,0,0,0,,0.002765,0.002313,,0
524,670,Scan: 571449 Run: DIA12_CV486075:20251228_A2_N1_Mueller_MS_TechHub_IMP_THIDDIAXL003_Cas9_PhoX_DIA12_CV486075_250ng_FAIMS_001 P1_QITKHVAQILDSR P2_LKGSPEDNEQK 4 2,Q99ZW2,null,,false,Q99ZW2,null,,false,1246,929,,9.549487,false,true,false,false,1,1,Self,0.003061,0.003262,0.108333,,,9.549487,,0,0,0,,0.002765,0.002313,,0
523,668,Scan: 204149 Run: DIA12_CV486075:20251228_A2_N1_Mueller_MS_TechHub_IMP_THIDDIAXL003_Cas9_PhoX_DIA12_CV486075_250ng_FAIMS_001 P1_KLVDSTDK P2_KLVDSTDK 1 1,Q99ZW2,null,,false,Q99ZW2,null,,false,141,141,,9.549135,false,true,false,false,1,1,Self,0.003061,0.003278,0.108462,,,9.549135,,0,0,0,,0.002765,0.002313,,0
522,667,Scan: 1081897 Run: DIA12_CV486075:20251228_A2_N1_Mueller_MS_TechHub_IMP_THIDDIAXL003_Cas9_PhoX_DIA12_CV486075_250ng_FAIMS_002 P1_KGILQTVK P2_DKQSGK 1 2,Q99ZW2,null,,false,Q99ZW2,null,,false,673,735,,9.548339,false,true,false,false,1,1,Self,0.003061,0.003312,0.108462,,9.548339,,,0,0,0,,0.002765,0.002313,,0
521,665,Scan: 30717 Run: DIA12_CV486075:20251228_A2_N1_Mueller_MS_TechHub_IMP_THIDDIAXL003_Cas9_PhoX_DIA12_CV486075_250ng_FAIMS_001 P1_RPLIETNGETGEIVWDKGR P2_LKGSPEDNEQK 17 2,Q99ZW2,null,,false,Q99ZW2,null,,false,1246,1076,,9.548093,false,true,false,false,1,1,Self,0.003061,0.003323,0.108462,,,9.548093,,0,0,0,,0.002765,0.002313,,0
520,663,Scan: 1422189 Run: DIA12_CV486075:20251228_A2_N1_Mueller_MS_TechHub_IMP_THIDDIAXL003_Cas9_PhoX_DIA12_CV486075_250ng_FAIMS_003 P1_SNFDLAEDAKLQLSK P2_NGYAGYIDGGASQEEFYKFIKPILEK 10 18,Q99ZW2,null,,false,Q99ZW2,null,,false,374,263,,9.547079,false,true,false,false,1,1,Self,0.003061,0.003367,0.108462,9.547079,,8.905288,,0,0,0,,0.002765,0.002313,,0
519,662,Scan: 1236822 Run: DIA12_CV486075:20251228_A2_N1_Mueller_MS_TechHub_IMP_THIDDIAXL003_Cas9_PhoX_DIA12_CV486075_250ng_FAIMS_003 P1_KTEVQTGGFSK P2_EVKVITLK 1 3,Q99ZW2,null,,false,Q99ZW2,null,,false,954,1097,,9.546694,false,true,false,false,1,1,Self,0.003061,0.003383,0.108592,9.546694,,,,0,0,0,,0.002765,0.002313,,0
518,661,Scan: 1377728 Run: DIA12_CV486075:20251228_A2_N1_Mueller_MS_TechHub_IMP_THIDDIAXL003_Cas9_PhoX_DIA12_CV486075_250ng_FAIMS_003 P1_VILADANLDKVLSAYNK P2_GNELALPSKYVNFLYLASHYEK 10 9,Q99ZW2,null,,false,Q99ZW2,null,,false,1231,1289,,9.546623,false,true,false,false,1,1,Self,0.003061,0.003386,0.108722,9.546623,,,,0,0,0,,0.002765,0.002313,,0
517,660,Scan: 590147 Run: DIA12_CV486075:20251228_A2_N1_Mueller_MS_TechHub_IMP_THIDDIAXL003_Cas9_PhoX_DIA12_CV486075_250ng_FAIMS_001 P1_SKLVSDFR P2_SKLVSDFR 2 2,Q99ZW2,null,,false,Q99ZW2,null,,false,961,961,,9.545785,false,true,false,false,1,1,Self,0.003061,0.003423,0.108722,,,9.545785,,0,0,0,,0.002765,0.002313,,0
515,657,Scan: 1140193 Run: DIA12_CV486075:20251228_A2_N1_Mueller_MS_TechHub_IMP_THIDDIAXL003_Cas9_PhoX_DIA12_CV486075_250ng_FAIMS_002 P1_MKNYWR P2_DDSIDNKVLTR 2 7,Q99ZW2,null,,false,Q99ZW2,null,,false,855,880,,9.545354,false,true,false,false,1,1,Self,0.003061,0.003441,0.108852,,9.545354,,,0,0,0,,0.002765,0.002313,,0
512,654,Scan: 1153728 Run: DIA12_CV486075:20251228_A2_N1_Mueller_MS_TechHub_IMP_THIDDIAXL003_Cas9_PhoX_DIA12_CV486075_250ng_FAIMS_002 P1_SDNVPSEEVVKK P2_MKNYWR 11 2,Q99ZW2,null,,false,Q99ZW2,null,,false,880,877,,9.544467,false,true,false,false,1,1,Self,0.003061,0.00348,0.108852,,9.544467,,,0,0,0,,0.002765,0.002313,,0
511,653,Scan: 1185568 Run: DIA12_CV486075:20251228_A2_N1_Mueller_MS_TechHub_IMP_THIDDIAXL003_Cas9_PhoX_DIA12_CV486075_250ng_FAIMS_002 P1_SKLVSDFR P2_DLIIKLPK 2 5,Q99ZW2,null,,false,Q99ZW2,null,,false,1197,961,,9.54413,false,true,false,false,1,1,Self,0.003061,0.003494,0.108982,,9.54413,,,0,0,0,,0.002765,0.002313,,0
510,652,Scan: 1082089 Run: DIA12_CV486075:20251228_A2_N1_Mueller_MS_TechHub_IMP_THIDDIAXL003_Cas9_PhoX_DIA12_CV486075_250ng_FAIMS_002 P1_KGILQTVK P2_KGILQTVK 1 1,Q99ZW2,null,,false,Q99ZW2,null,,false,735,735,,9.544119,false,true,false,false,1,1,Self,0.003061,0.003495,0.108982,,9.544119,,,0,0,0,,0.002765,0.002313,,0
509,648,Scan: 1711684 Run: DIA12_CV486075:20251228_A2_N1_Mueller_MS_TechHub_IMP_THIDDIAXL003_Cas9_PhoX_DIA12_CV486075_250ng_FAIMS_003 P1_QITKHVAQILDSR P2_IEEGIKELGSQILK 4 6,Q99ZW2,null,,false,Q99ZW2,null,,false,789,929,,9.543116,false,true,false,false,1,1,Self,0.003061,0.003538,0.109113,9.543116,,,,0,0,0,,0.002765,0.002313,,0
508,645,Scan: 1007087 Run: DIA12_CV486075:20251228_A2_N1_Mueller_MS_TechHub_IMP_THIDDIAXL003_Cas9_PhoX_DIA12_CV486075_250ng_FAIMS_002 P1_QLKEDYFK P2_AIVDLLFKTNR 3 8,Q99ZW2,null,,false,Q99ZW2,null,,false,554,565,,9.540935,false,true,false,false,1,1,Self,0.003061,0.003633,0.109113,,9.540935,,,0,0,0,,0.002765,0.002313,,0
507,644,Scan: 565853 Run: DIA12_CV486075:20251228_A2_N1_Mueller_MS_TechHub_IMP_THIDDIAXL003_Cas9_PhoX_DIA12_CV486075_250ng_FAIMS_001 P1_SKLVSDFR P2_FDNLTKAER 2 6,Q99ZW2,null,,false,Q99ZW2,null,,false,902,961,,9.540927,false,true,false,false,1,1,Self,0.003061,0.003633,0.109113,,,9.540927,,0,0,0,,0.002765,0.002313,,0
506,642,Scan: 217363 Run: DIA12_CV486075:20251228_A2_N1_Mueller_MS_TechHub_IMP_THIDDIAXL003_Cas9_PhoX_DIA12_CV486075_250ng_FAIMS_001 P1_LENLIAQLPGEKK P2_KDFQFYK 12 1,Q99ZW2,null,,false,Q99ZW2,null,,false,968,233,,9.54063,false,true,false,false,1,1,Self,0.003061,0.003646,0.109113,,,9.54063,,0,0,0,,0.002765,0.002313,,0
504,639,Scan: 1715695 Run: DIA12_CV486075:20251228_A2_N1_Mueller_MS_TechHub_IMP_THIDDIAXL003_Cas9_PhoX_DIA12_CV486075_250ng_FAIMS_003 P1_SSFEKNPIDFLEAK P2_ELGSQILKEHPVENTQLQNEK 5 8,Q99ZW2,null,,false,Q99ZW2,null,,false,797,1176,,9.538549,false,true,false,false,1,1,Self,0.003061,0.003736,0.109244,9.538549,,,,0,0,0,,0.002765,0.002313,,0
503,638,Scan: 984641 Run: DIA12_CV486075:20251228_A2_N1_Mueller_MS_TechHub_IMP_THIDDIAXL003_Cas9_PhoX_DIA12_CV486075_250ng_FAIMS_002 P1_KPAFLSGEQK P2_DKQSGK 1 2,Q99ZW2,null,,false,Q99ZW2,null,,false,673,536,,9.538519,false,true,false,false,1,1,Self,0.003061,0.003738,0.109244,,9.538519,,,0,0,0,,0.002765,0.002313,,0
502,637,Scan: 1455099 Run: DIA12_CV486075:20251228_A2_N1_Mueller_MS_TechHub_IMP_THIDDIAXL003_Cas9_PhoX_DIA12_CV486075_250ng_FAIMS_003 P1_YKEIFFDQSK P2_TYAHLFDDKVMK 2 9,Q99ZW2,null,,false,Q99ZW2,null,,false,646,348,,9.538437,false,true,false,false,1,1,Self,0.003061,0.003741,0.109375,9.538437,,,,0,0,0,,0.002765,0.002313,,0
501,636,Scan: 1719677 Run: DIA12_CV486075:20251228_A2_N1_Mueller_MS_TechHub_IMP_THIDDIAXL003_Cas9_PhoX_DIA12_CV486075_250ng_FAIMS_003 P1_ELGSQILKEHPVENTQLQNEK P2_EDIQKAQVSGQGDSLHEHIANLAGSPAIK 8 5,Q99ZW2,null,,false,Q99ZW2,null,,false,710,797,,9.537606,false,true,false,false,1,1,Self,0.003061,0.003777,0.109375,9.537606,,,,0,0,0,,0.002765,0.002313,,0
500,635,Scan: 1732121 Run: DIA12_CV486075:20251228_A2_N1_Mueller_MS_TechHub_IMP_THIDDIAXL003_Cas9_PhoX_DIA12_CV486075_250ng_FAIMS_003 P1_ENQTTQKGQK P2_EHPVENTQLQNEKLYLYYLQNGR 7 13,Q99ZW2,null,,false,Q99ZW2,null,,false,810,772,,9.537374,false,true,false,false,1,1,Self,0.003061,0.003787,0.109375,9.537374,,,,0,0,0,,0.002765,0.002313,,0
499,634,Scan: 1090062 Run: DIA12_CV486075:20251228_A2_N1_Mueller_MS_TechHub_IMP_THIDDIAXL003_Cas9_PhoX_DIA12_CV486075_250ng_FAIMS_002 P1_KNLIGALLFDSGETAEATR P2_GILQTVKVVDELVK 1 7,Q99ZW2,null,,false,Q99ZW2,null,,false,742,45,,9.537254,false,true,false,false,1,1,Self,0.003061,0.003792,0.109375,,9.537254,,,0,0,0,,0.002765,0.002313,,0
498,631,Scan: 555975 Run: DIA12_CV486075:20251228_A2_N1_Mueller_MS_TechHub_IMP_THIDDIAXL003_Cas9_PhoX_DIA12_CV486075_250ng_FAIMS_001 P1_SDNVPSEEVVKK P2_NSDKLIAR 11 4,Q99ZW2,null,,false,Q99ZW2,null,,false,1118,877,,9.536397,false,true,false,false,1,1,Self,0.003061,0.00383,0.109375,,,9.536397,,0,0,0,,0.002765,0.002313,,0
496,628,Scan: 1782260 Run: DIA12_CV486075:20251228_A2_N1_Mueller_MS_TechHub_IMP_THIDDIAXL003_Cas9_PhoX_DIA12_CV486075_250ng_FAIMS_003 P1_KDFQFYK P2_EVKVITLK 1 3,Q99ZW2,null,,false,Q99ZW2,null,,false,954,968,,9.534114,false,true,false,false,1,1,Self,0.003061,0.003929,0.109375,9.534114,,9.210367,,0,0,0,,0.002765,0.002313,,0
495,627,Scan: 1621636 Run: DIA12_CV486075:20251228_A2_N1_Mueller_MS_TechHub_IMP_THIDDIAXL003_Cas9_PhoX_DIA12_CV486075_250ng_FAIMS_003 P1_TYAHLFDDKVMK P2_KVTVK 9 1,Q99ZW2,null,,false,Q99ZW2,null,,false,558,646,,9.53264,false,true,false,false,1,1,Self,0.003061,0.003992,0.109507,9.53264,,,,0,0,0,,0.002765,0.002313,,0
493,624,Scan: 594257 Run: DIA12_CV486075:20251228_A2_N1_Mueller_MS_TechHub_IMP_THIDDIAXL003_Cas9_PhoX_DIA12_CV486075_250ng_FAIMS_001 P1_QLKEDYFK P2_KDFQFYK 3 1,Q99ZW2,null,,false,Q99ZW2,null,,false,968,565,,9.53141,false,true,false,false,1,1,Self,0.003061,0.004046,0.109639,,,9.53141,,0,0,0,,0.002765,0.002313,,0
492,623,Scan: 1110326 Run: DIA12_CV486075:20251228_A2_N1_Mueller_MS_TechHub_IMP_THIDDIAXL003_Cas9_PhoX_DIA12_CV486075_250ng_FAIMS_002 P1_SNKQGR P2_KGILQTVK 3 1,Q99ZW2,null,,false,decoy:Q99ZW2,decoydecoy:null,decoy:,true,735,775,,9.531156,true,false,true,false,1,1,Self,0.004057,0.004729,0.109639,,9.531156,8.838141,,0,1,1,,0.00366,0.003058,,2
491,621,Scan: 1167198 Run: DIA12_CV486075:20251228_A2_N1_Mueller_MS_TechHub_IMP_THIDDIAXL003_Cas9_PhoX_DIA12_CV486075_250ng_FAIMS_002 P1_KDFQFYK P2_GGLSELDKAGFIK 1 8,Q99ZW2,null,,false,Q99ZW2,null,,false,913,968,,9.530022,false,true,false,false,1,1,Self,0.004057,0.004323,0.109639,,9.530022,,,0,0,0,,0.00366,0.003058,,0
490,620,Scan: 1739816 Run: DIA12_CV486075:20251228_A2_N1_Mueller_MS_TechHub_IMP_THIDDIAXL003_Cas9_PhoX_DIA12_CV486075_250ng_FAIMS_003 P1_KDWDPK P2_GKSDNVPSEEVVK 1 2,Q99ZW2,null,,false,Q99ZW2,null,,false,866,1124,,9.529904,false,true,false,false,1,1,Self,0.004057,0.004351,0.109639,9.529904,,,,0,0,0,,0.00366,0.003058,,0
489,619,Scan: 1453564 Run: DIA12_CV486075:20251228_A2_N1_Mueller_MS_TechHub_IMP_THIDDIAXL003_Cas9_PhoX_DIA12_CV486075_250ng_FAIMS_003 P1_YKEIFFDQSK P2_KNLIGALLFDSGETAEATR 2 1,Q99ZW2,null,,false,Q99ZW2,null,,false,45,348,,9.529841,false,true,false,false,1,1,Self,0.004057,0.004365,0.109639,9.529841,,,,0,0,0,,0.00366,0.003058,,0
487,616,Scan: 872797 Run: DIA12_CV486075:20251228_A2_N1_Mueller_MS_TechHub_IMP_THIDDIAXL003_Cas9_PhoX_DIA12_CV486075_250ng_FAIMS_002 P1_NGYAGYIDGGASQEEFYKFIKPILEK P2_KKDWDPK 18 1,Q99ZW2,null,,false,Q99ZW2,null,,false,1123,374,,9.529263,false,true,false,false,1,1,Self,0.004057,0.004501,0.109639,,9.529263,,,0,0,0,,0.00366,0.003058,,0
486,614,Scan: 1289980 Run: DIA12_CV486075:20251228_A2_N1_Mueller_MS_TechHub_IMP_THIDDIAXL003_Cas9_PhoX_DIA12_CV486075_250ng_FAIMS_003 P1_KKDWDPK P2_KDWDPK 1 1,Q99ZW2,null,,false,Q99ZW2,null,,false,1124,1123,,9.527931,false,true,false,false,1,1,Self,0.004057,0.004814,0.109639,9.527931,9.487323,,,0,0,0,,0.00366,0.003058,,0
485,613,Scan: 1008528 Run: DIA12_CV486075:20251228_A2_N1_Mueller_MS_TechHub_IMP_THIDDIAXL003_Cas9_PhoX_DIA12_CV486075_250ng_FAIMS_002 P1_YDENDKLIR P2_KVTVK 6 1,Q99ZW2,null,,false,Q99ZW2,null,,false,558,948,,9.527376,false,true,false,false,1,1,Self,0.004057,0.004944,0.109639,,9.527376,9.348667,,0,0,0,,0.00366,0.003058,,0
483,611,Scan: 307197 Run: DIA12_CV486075:20251228_A2_N1_Mueller_MS_TechHub_IMP_THIDDIAXL003_Cas9_PhoX_DIA12_CV486075_250ng_FAIMS_001 P1_KSEETITPWNFEEVVDK P2_FTLIKEIKER 1 5,decoy:Q99ZW2,decoydecoy:null,decoy:,true,Q99ZW2,null,,false,442,468,,9.527008,true,false,true,false,1,1,Self,0.00503,0.004934,0.109639,,,9.527008,,1,0,1,,0.004541,0.003791,,2
482,610,Scan: 1609970 Run: DIA12_CV486075:20251228_A2_N1_Mueller_MS_TechHub_IMP_THIDDIAXL003_Cas9_PhoX_DIA12_CV486075_250ng_FAIMS_003 P1_KIECFDSVEISGVEDR P2_FKVLGNTDR 1 2,Q99ZW2,null,,false,Q99ZW2,null,,false,33,571,,9.526677,false,true,false,false,1,1,Self,0.00503,0.005094,0.109639,9.526677,,,,0,0,0,,0.004541,0.003791,,0
481,609,Scan: 1736727 Run: DIA12_CV486075:20251228_A2_N1_Mueller_MS_TechHub_IMP_THIDDIAXL003_Cas9_PhoX_DIA12_CV486075_250ng_FAIMS_003 P1_KGILQTVK P2_DDSIDNKVLTR 1 7,Q99ZW2,null,,false,Q99ZW2,null,,false,855,735,,9.526459,false,true,false,false,1,1,Self,0.00503,0.005136,0.109771,9.526459,,,,0,0,0,,0.004541,0.003791,,0
480,607,Scan: 1336760 Run: DIA12_CV486075:20251228_A2_N1_Mueller_MS_TechHub_IMP_THIDDIAXL003_Cas9_PhoX_DIA12_CV486075_250ng_FAIMS_003 P1_SEQEIGKATAK P2_LPKYSLFELENGR 7 3,Q99ZW2,null,,false,Q99ZW2,null,,false,1200,1031,,9.525822,false,true,false,false,1,1,Self,0.00503,0.005259,0.109903,9.525822,,,,0,0,0,,0.004541,0.003791,,0
479,606,Scan: 826782 Run: DIA12_CV486075:20251228_A2_N1_Mueller_MS_TechHub_IMP_THIDDIAXL003_Cas9_PhoX_DIA12_CV486075_250ng_FAIMS_002 P1_KFKVLGNTDR P2_KFKVLGNTDR 1 1,Q99ZW2,null,,false,Q99ZW2,null,,false,31,31,,9.525566,false,true,false,false,1,1,Self,0.00503,0.005309,0.109903,,9.525566,,,0,0,0,,0.004541,0.003791,,0
478,604,Scan: 513146 Run: DIA12_CV486075:20251228_A2_N1_Mueller_MS_TechHub_IMP_THIDDIAXL003_Cas9_PhoX_DIA12_CV486075_250ng_FAIMS_001 P1_SDKNR P2_GQKNSR 3 3,Q99ZW2,null,,false,Q99ZW2,null,,false,775,862,,9.524278,false,true,false,false,1,1,Self,0.00503,0.005557,0.109903,,,9.524278,,0,0,0,,0.004541,0.003791,,0
477,603,Scan: 377909 Run: DIA12_CV486075:20251228_A2_N1_Mueller_MS_TechHub_IMP_THIDDIAXL003_Cas9_PhoX_DIA12_CV486075_250ng_FAIMS_001 P1_KPAFLSGEQK P2_ESILPKR 1 6,Q99ZW2,null,,false,Q99ZW2,null,,false,1113,536,,9.524276,false,true,false,false,1,1,Self,0.00503,0.005558,0.109903,9.350582,,9.524276,,0,0,0,,0.004541,0.003791,,0
476,601,Scan: 1447102 Run: DIA12_CV486075:20251228_A2_N1_Mueller_MS_TechHub_IMP_THIDDIAXL003_Cas9_PhoX_DIA12_CV486075_250ng_FAIMS_003 P1_YDEHHQDLTLLKALVR P2_KFDNLTK 12 1,Q99ZW2,null,,false,Q99ZW2,null,,false,896,336,,9.523659,false,true,false,false,1,1,Self,0.00503,0.005677,0.109903,9.523659,,,,0,0,0,,0.004541,0.003791,,0
475,600,Scan: 1211182 Run: DIA12_CV486075:20251228_A2_N1_Mueller_MS_TechHub_IMP_THIDDIAXL003_Cas9_PhoX_DIA12_CV486075_250ng_FAIMS_003 P1_SEQEIGKATAK P2_KGILQTVK 7 1,Q99ZW2,null,,false,Q99ZW2,null,,false,735,1031,,9.523194,false,true,false,false,1,1,Self,0.00503,0.005767,0.110036,9.523194,,,,0,0,0,,0.004541,0.003791,,0
474,599,Scan: 1468102 Run: DIA12_CV486075:20251228_A2_N1_Mueller_MS_TechHub_IMP_THIDDIAXL003_Cas9_PhoX_DIA12_CV486075_250ng_FAIMS_003 P1_KPAFLSGEQK P2_ELIPKIFKYFEEQSAGGDIYGAYGNK 1 8,decoy:Q99ZW2,decoydecoy:null,decoy:,true,Q99ZW2,null,,false,364,536,,9.52183,true,false,true,false,1,1,Self,0.00603,0.006503,0.110571,9.52183,,,,1,0,1,,0.005445,0.004539,,2
473,598,Scan: 1578581 Run: DIA12_CV486075:20251228_A2_N1_Mueller_MS_TechHub_IMP_THIDDIAXL003_Cas9_PhoX_DIA12_CV486075_250ng_FAIMS_003 P1_NLPNEKVLPK P2_KPAFLSGEQK 6 1,Q99ZW2,null,,false,Q99ZW2,null,,false,536,506,,9.521368,false,true,false,false,1,1,Self,0.00603,0.006295,0.110706,9.521368,,,,0,0,0,,0.005445,0.004539,,0
472,595,Scan: 1215895 Run: DIA12_CV486075:20251228_A2_N1_Mueller_MS_TechHub_IMP_THIDDIAXL003_Cas9_PhoX_DIA12_CV486075_250ng_FAIMS_003 P1_KRPLIETNGETGEIVWDK P2_AILKDSNR 1 4,decoy:Q99ZW2,decoydecoy:null,decoy:,true,Q99ZW2,null,,false,1118,1059,,9.520202,true,false,true,false,1,1,Self,0.006965,0.006416,0.11084,9.520202,,,,1,0,1,,0.006278,0.00524,,2
471,594,Scan: 596610 Run: DIA12_CV486075:20251228_A2_N1_Mueller_MS_TechHub_IMP_THIDDIAXL003_Cas9_PhoX_DIA12_CV486075_250ng_FAIMS_001 P1_NSDKLIAR P2_DFQFYKVR 4 6,Q99ZW2,null,,false,Q99ZW2,null,,false,974,1118,,9.520025,false,true,false,false,1,1,Self,0.006965,0.006992,0.11084,,,9.520025,,0,0,0,,0.006278,0.00524,,0
469,592,Scan: 906724 Run: DIA12_CV486075:20251228_A2_N1_Mueller_MS_TechHub_IMP_THIDDIAXL003_Cas9_PhoX_DIA12_CV486075_250ng_FAIMS_002 P1_VKYVTEGMR P2_KSEETITPWNFEEVVDK 2 1,Q99ZW2,null,,false,Q99ZW2,null,,false,468,528,,9.519346,false,true,false,false,1,1,Self,0.006965,0.007096,0.11084,,9.519346,,,0,0,0,,0.006278,0.00524,,0
467,590,Scan: 1598812 Run: DIA12_CV486075:20251228_A2_N1_Mueller_MS_TechHub_IMP_THIDDIAXL003_Cas9_PhoX_DIA12_CV486075_250ng_FAIMS_003 P1_KPAFLSGEQKK P2_GKSDNVPSEEVVK 10 2,Q99ZW2,null,,false,Q99ZW2,null,,false,866,545,,9.518738,false,true,false,false,1,1,Self,0.006965,0.007189,0.11084,9.518738,,,,0,0,0,,0.006278,0.00524,,0
466,589,Scan: 261603 Run: DIA12_CV486075:20251228_A2_N1_Mueller_MS_TechHub_IMP_THIDDIAXL003_Cas9_PhoX_DIA12_CV486075_250ng_FAIMS_001 P1_YKEIFFDQSK P2_EVKVITLK 2 3,Q99ZW2,null,,false,Q99ZW2,null,,false,954,348,,9.51793,false,true,false,false,1,1,Self,0.006965,0.007312,0.110976,,,9.51793,,0,0,0,,0.006278,0.00524,,0
464,587,Scan: 1162496 Run: DIA12_CV486075:20251228_A2_N1_Mueller_MS_TechHub_IMP_THIDDIAXL003_Cas9_PhoX_DIA12_CV486075_250ng_FAIMS_002 P1_KFDNLTKAER P2_ELGSQILKEHPVENTQLQNEK 7 8,Q99ZW2,null,,false,Q99ZW2,null,,false,797,902,,9.5163,false,true,false,false,1,1,Self,0.006965,0.007561,0.111247,,9.5163,,,0,0,0,,0.006278,0.00524,,0
463,585,Scan: 94135 Run: DIA12_CV486075:20251228_A2_N1_Mueller_MS_TechHub_IMP_THIDDIAXL003_Cas9_PhoX_DIA12_CV486075_250ng_FAIMS_001 P1_SEQEIGKATAK P2_KKDWDPK 7 1,Q99ZW2,null,,false,Q99ZW2,null,,false,1123,1031,,9.515074,false,true,false,false,1,1,Self,0.006965,0.007748,0.11152,9.38092,,9.515074,,0,0,0,,0.006278,0.00524,,0
462,584,Scan: 868517 Run: DIA12_CV486075:20251228_A2_N1_Mueller_MS_TechHub_IMP_THIDDIAXL003_Cas9_PhoX_DIA12_CV486075_250ng_FAIMS_002 P1_QQLPEKYK P2_EIFFDQSKNGYAGYIDGGASQEEFYK 6 8,Q99ZW2,null,,false,Q99ZW2,null,,false,356,346,,9.514887,false,true,false,false,1,1,Self,0.006965,0.007777,0.11152,,9.514887,,,0,0,0,,0.006278,0.00524,,0
461,583,Scan: 525859 Run: DIA12_CV486075:20251228_A2_N1_Mueller_MS_TechHub_IMP_THIDDIAXL003_Cas9_PhoX_DIA12_CV486075_250ng_FAIMS_001 P1_ELGSQILKEHPVENTQLQNEK P2_ELGSQILKEHPVENTQLQNEK 8 8,Q99ZW2,null,,false,Q99ZW2,null,,false,797,797,,9.514801,false,true,false,false,1,1,Self,0.006965,0.00779,0.11152,,,9.514801,,0,0,0,,0.006278,0.00524,,0
460,582,Scan: 1158306 Run: DIA12_CV486075:20251228_A2_N1_Mueller_MS_TechHub_IMP_THIDDIAXL003_Cas9_PhoX_DIA12_CV486075_250ng_FAIMS_002 P1_SEQEIGKATAK P2_KFDNLTK 7 1,Q99ZW2,null,,false,Q99ZW2,null,,false,896,1031,,9.51458,false,true,false,false,1,1,Self,0.006965,0.007823,0.11152,,9.51458,,,0,0,0,,0.006278,0.00524,,0
459,581,Scan: 513010 Run: DIA12_CV486075:20251228_A2_N1_Mueller_MS_TechHub_IMP_THIDDIAXL003_Cas9_PhoX_DIA12_CV486075_250ng_FAIMS_001 P1_IEEGIKELGSQILK P2_GQKNSR 6 3,Q99ZW2,null,,false,Q99ZW2,null,,false,775,789,,9.514105,false,true,false,false,1,1,Self,0.006965,0.007896,0.11152,9.332869,,9.514105,,0,0,0,,0.006278,0.00524,,0
458,580,Scan: 256115 Run: DIA12_CV486075:20251228_A2_N1_Mueller_MS_TechHub_IMP_THIDDIAXL003_Cas9_PhoX_DIA12_CV486075_250ng_FAIMS_001 P1_YKEIFFDQSK P2_LDAKDTSDVLR 2 4,decoy:Q99ZW2,decoydecoy:null,decoy:,true,Q99ZW2,null,,false,145,348,,9.513685,true,false,true,false,1,1,Self,0.00796,0.008931,0.11152,8.987628,,9.513685,,1,0,1,,0.007175,0.005988,,2
457,579,Scan: 1643874 Run: DIA12_CV486075:20251228_A2_N1_Mueller_MS_TechHub_IMP_THIDDIAXL003_Cas9_PhoX_DIA12_CV486075_250ng_FAIMS_003 P1_NAFGDSKLFDLITR P2_EHPVENTQLQNEKLYLYYLQNGR 7 13,Q99ZW2,null,,false,decoy:Q99ZW2,decoydecoy:null,decoy:,true,810,684,,9.513663,true,false,true,false,1,1,Self,0.008937,0.007969,0.11152,9.513663,,,,0,1,1,,0.00805,0.006706,,2
456,577,Scan: 769664 Run: DIA12_CV486075:20251228_A2_N1_Mueller_MS_TechHub_IMP_THIDDIAXL003_Cas9_PhoX_DIA12_CV486075_250ng_FAIMS_002 P1_VLSAYNKHR P2_GSPEDNEQKQLFVEQHK 7 9,Q99ZW2,null,,false,Q99ZW2,null,,false,1255,1296,,9.512523,false,true,false,false,1,1,Self,0.008937,0.009184,0.111656,,9.512523,,,0,0,0,,0.00805,0.006706,,0
454,574,Scan: 1610622 Run: DIA12_CV486075:20251228_A2_N1_Mueller_MS_TechHub_IMP_THIDDIAXL003_Cas9_PhoX_DIA12_CV486075_250ng_FAIMS_003 P1_KVTVK P2_KIECFDSVEISGVEDR 1 1,Q99ZW2,null,,false,Q99ZW2,null,,false,571,558,,9.510318,false,true,false,false,1,1,Self,0.008937,0.00966,0.111794,9.510318,,,,0,0,0,,0.00805,0.006706,,0
453,572,Scan: 802117 Run: DIA12_CV486075:20251228_A2_N1_Mueller_MS_TechHub_IMP_THIDDIAXL003_Cas9_PhoX_DIA12_CV486075_250ng_FAIMS_002 P1_NKDSR P2_KLVDSTDK 2 1,Q99ZW2,null,,false,decoy:Q99ZW2,decoydecoy:null,decoy:,true,141,861,,9.50925,true,false,true,false,1,1,Self,0.009891,0.010037,0.112069,,9.50925,,,0,1,1,,0.008913,0.007418,,2
452,571,Scan: 0 Run: DIA12_CV486075:20251228_A2_N1_Mueller_MS_TechHub_IMP_THIDDIAXL003_Cas9_PhoX_DIA12_CV486075_250ng_FAIMS_001 P1_KYPKLESEFVYGDYK P2_KDWDPK 1 1,Q99ZW2,null,,false,Q99ZW2,null,,false,1124,1000,,9.508578,false,true,false,false,1,1,Self,0.009891,0.010092,0.112207,,,9.508578,,0,0,0,,0.008913,0.007418,,0
451,568,Scan: 825674 Run: DIA12_CV486075:20251228_A2_N1_Mueller_MS_TechHub_IMP_THIDDIAXL003_Cas9_PhoX_DIA12_CV486075_250ng_FAIMS_002 P1_SNFDLAEDAKLQLSK P2_KGILQTVK 10 1,Q99ZW2,null,,false,Q99ZW2,null,,false,735,263,,9.5077,false,true,false,false,1,1,Self,0.009891,0.010354,0.112207,,9.5077,,,0,0,0,,0.008913,0.007418,,0
450,567,Scan: 373750 Run: DIA12_CV486075:20251228_A2_N1_Mueller_MS_TechHub_IMP_THIDDIAXL003_Cas9_PhoX_DIA12_CV486075_250ng_FAIMS_001 P1_VKYVTEGMR P2_KDWDPK 2 1,Q99ZW2,null,,false,Q99ZW2,null,,false,1124,528,,9.507391,false,true,false,false,1,1,Self,0.009891,0.010447,0.112207,,,9.507391,,0,0,0,,0.008913,0.007418,,0
449,566,Scan: 255155 Run: DIA12_CV486075:20251228_A2_N1_Mueller_MS_TechHub_IMP_THIDDIAXL003_Cas9_PhoX_DIA12_CV486075_250ng_FAIMS_001 P1_YKEIFFDQSK P2_NPIDFLEAKGYK 2 9,Q99ZW2,null,,false,Q99ZW2,null,,false,1185,348,,9.507165,false,true,false,false,1,1,Self,0.009891,0.010514,0.112207,,,9.507165,,0,0,0,,0.008913,0.007418,,0
448,565,Scan: 583223 Run: DIA12_CV486075:20251228_A2_N1_Mueller_MS_TechHub_IMP_THIDDIAXL003_Cas9_PhoX_DIA12_CV486075_250ng_FAIMS_001 P1_LESEFVYGDYKVYDVR P2_ILKDNEDYR 11 3,decoy:Q99ZW2,decoydecoy:null,decoy:,true,Q99ZW2,null,,false,945,1014,,9.506332,true,false,true,false,1,1,Self,0.010763,0.010535,0.112346,,,9.506332,,1,0,1,,0.009709,0.008059,,2
447,564,Scan: 712744 Run: DIA12_CV486075:20251228_A2_N1_Mueller_MS_TechHub_IMP_THIDDIAXL003_Cas9_PhoX_DIA12_CV486075_250ng_FAIMS_002 P1_SSFEKNPIDFLEAK P2_KNGLFGNLIALSLGLTPNFK 5 1,Q99ZW2,null,,false,Q99ZW2,null,,false,234,1176,,9.506039,false,true,false,false,1,1,Self,0.010763,0.010815,0.112346,,9.506039,,,0,0,0,,0.009709,0.008059,,0
446,563,Scan: 1392253 Run: DIA12_CV486075:20251228_A2_N1_Mueller_MS_TechHub_IMP_THIDDIAXL003_Cas9_PhoX_DIA12_CV486075_250ng_FAIMS_003 P1_YTSTKEVLDATLIHQSITGLYETR P2_KDWDPK 5 1,Q99ZW2,null,,false,Q99ZW2,null,,false,1124,1340,,9.505563,false,true,false,false,1,1,Self,0.010763,0.0109,0.112485,9.505563,,,,0,0,0,,0.009709,0.008059,,0
445,561,Scan: 1597644 Run: DIA12_CV486075:20251228_A2_N1_Mueller_MS_TechHub_IMP_THIDDIAXL003_Cas9_PhoX_DIA12_CV486075_250ng_FAIMS_003 P1_KPAFLSGEQKK P2_IEKILTFR 10 3,Q99ZW2,null,,false,Q99ZW2,null,,false,442,545,,9.505252,false,true,false,false,1,1,Self,0.010763,0.010955,0.112485,9.505252,,,,0,0,0,,0.009709,0.008059,,0
444,560,Scan: 561150 Run: DIA12_CV486075:20251228_A2_N1_Mueller_MS_TechHub_IMP_THIDDIAXL003_Cas9_PhoX_DIA12_CV486075_250ng_FAIMS_001 P1_KLINGIR P2_KFDNLTK 1 1,Q99ZW2,null,,false,Q99ZW2,null,,false,896,665,,9.504427,false,true,false,false,1,1,Self,0.010763,0.011102,0.112624,,,9.504427,,0,0,0,,0.009709,0.008059,,0
443,559,Scan: 1046846 Run: DIA12_CV486075:20251228_A2_N1_Mueller_MS_TechHub_IMP_THIDDIAXL003_Cas9_PhoX_DIA12_CV486075_250ng_FAIMS_002 P1_TILDFLKSDGFANR P2_EVKVITLK 7 3,Q99ZW2,null,,false,Q99ZW2,null,,false,954,684,,9.504282,false,true,false,false,1,1,Self,0.010763,0.011127,0.112624,,9.504282,,,0,0,0,,0.009709,0.008059,,0
442,558,Scan: 242371 Run: DIA12_CV486075:20251228_A2_N1_Mueller_MS_TechHub_IMP_THIDDIAXL003_Cas9_PhoX_DIA12_CV486075_250ng_FAIMS_001 P1_FKVLGNTDR P2_DKPIR 2 2,Q99ZW2,null,,false,Q99ZW2,null,,false,1300,33,,9.504028,false,true,false,false,1,1,Self,0.010763,0.011172,0.112763,,,9.504028,,0,0,0,,0.009709,0.008059,,0
441,556,Scan: 1610051 Run: DIA12_CV486075:20251228_A2_N1_Mueller_MS_TechHub_IMP_THIDDIAXL003_Cas9_PhoX_DIA12_CV486075_250ng_FAIMS_003 P1_YKEIFFDQSK P2_KIECFDSVEISGVEDR 2 1,Q99ZW2,null,,false,Q99ZW2,null,,false,571,348,,9.50379,false,true,false,false,1,1,Self,0.010763,0.011215,0.112763,9.50379,,,,0,0,0,,0.009709,0.008059,,0
440,553,Scan: 887490 Run: DIA12_CV486075:20251228_A2_N1_Mueller_MS_TechHub_IMP_THIDDIAXL003_Cas9_PhoX_DIA12_CV486075_250ng_FAIMS_002 P1_QEDFYPFLKDNR P2_KFDNLTK 9 1,Q99ZW2,null,,false,Q99ZW2,null,,false,896,434,,9.503221,false,true,false,false,1,1,Self,0.010763,0.011316,0.112903,,9.503221,,,0,0,0,,0.009709,0.008059,,0
439,550,Scan: 1329132 Run: DIA12_CV486075:20251228_A2_N1_Mueller_MS_TechHub_IMP_THIDDIAXL003_Cas9_PhoX_DIA12_CV486075_250ng_FAIMS_003 P1_NPIDFLEAKGYK P2_DLIIKLPK 9 5,Q99ZW2,null,,false,Q99ZW2,null,,false,1197,1185,,9.502685,false,true,false,false,1,1,Self,0.010763,0.011411,0.112903,9.502685,,,,0,0,0,,0.009709,0.008059,,0
438,549,Scan: 1310118 Run: DIA12_CV486075:20251228_A2_N1_Mueller_MS_TechHub_IMP_THIDDIAXL003_Cas9_PhoX_DIA12_CV486075_250ng_FAIMS_003 P1_SSFEKNPIDFLEAK P2_LENLIAQLPGEKK 5 12,Q99ZW2,null,,false,Q99ZW2,null,,false,233,1176,,9.502397,false,true,false,false,1,1,Self,0.010763,0.011462,0.112903,9.502397,,,,0,0,0,,0.009709,0.008059,,0
437,548,Scan: 542896 Run: DIA12_CV486075:20251228_A2_N1_Mueller_MS_TechHub_IMP_THIDDIAXL003_Cas9_PhoX_DIA12_CV486075_250ng_FAIMS_001 P1_KFDNLTK P2_DDSIDNKVLTR 1 7,Q99ZW2,null,,false,Q99ZW2,null,,false,855,896,,9.502039,false,true,false,false,1,1,Self,0.010763,0.011526,0.113043,,,9.502039,,0,0,0,,0.009709,0.008059,,0
436,547,Scan: 1575701 Run: DIA12_CV486075:20251228_A2_N1_Mueller_MS_TechHub_IMP_THIDDIAXL003_Cas9_PhoX_DIA12_CV486075_250ng_FAIMS_003 P1_SLQLKADEALDFNSK P2_KPAFLSGEQK 5 1,Q99ZW2,null,,false,decoy:Q99ZW2,decoydecoy:null,decoy:,true,536,258,,9.501018,true,false,true,false,1,1,Self,0.011707,0.012345,0.113184,9.501018,,,,0,1,1,,0.010563,0.008772,,2
435,546,Scan: 511253 Run: DIA12_CV486075:20251228_A2_N1_Mueller_MS_TechHub_IMP_THIDDIAXL003_Cas9_PhoX_DIA12_CV486075_250ng_FAIMS_001 P1_KKDWDPK P2_GQKNSR 1 3,Q99ZW2,null,,false,Q99ZW2,null,,false,775,1123,,9.500962,false,true,false,false,1,1,Self,0.011707,0.011766,0.113184,,9.452589,9.500962,,0,0,0,,0.010563,0.008772,,0
434,545,Scan: 1560738 Run: DIA12_CV486075:20251228_A2_N1_Mueller_MS_TechHub_IMP_THIDDIAXL003_Cas9_PhoX_DIA12_CV486075_250ng_FAIMS_003 P1_VLPKHSLLYEYFTVYNELTK P2_KFDNLTK 4 1,Q99ZW2,null,,false,Q99ZW2,null,,false,896,510,,9.500876,false,true,false,false,1,1,Self,0.011707,0.011856,0.113184,9.500876,,,,0,0,0,,0.010563,0.008772,,0
433,544,Scan: 565028 Run: DIA12_CV486075:20251228_A2_N1_Mueller_MS_TechHub_IMP_THIDDIAXL003_Cas9_PhoX_DIA12_CV486075_250ng_FAIMS_001 P1_GQKNSR P2_FDNLTKAER 3 6,Q99ZW2,null,,false,Q99ZW2,null,,false,902,775,,9.50076,false,true,false,false,1,1,Self,0.011707,0.011978,0.113184,,,9.50076,,0,0,0,,0.010563,0.008772,,0
432,543,Scan: 839882 Run: DIA12_CV486075:20251228_A2_N1_Mueller_MS_TechHub_IMP_THIDDIAXL003_Cas9_PhoX_DIA12_CV486075_250ng_FAIMS_002 P1_LDAKDTSDVLR P2_FKVLGNTDR 4 2,Q99ZW2,null,,false,decoy:Q99ZW2,decoydecoy:null,decoy:,true,33,145,,9.50017,true,false,true,false,1,1,Self,0.012597,0.012071,0.113184,,9.50017,,,0,1,1,,0.011364,0.009441,,2
431,542,Scan: 1759560 Run: DIA12_CV486075:20251228_A2_N1_Mueller_MS_TechHub_IMP_THIDDIAXL003_Cas9_PhoX_DIA12_CV486075_250ng_FAIMS_003 P1_VLPKHSLLYEYFTVYNELTK P2_FDNLTKAER 4 6,Q99ZW2,null,,false,Q99ZW2,null,,false,902,510,,9.500069,false,true,false,false,1,1,Self,0.012597,0.012624,0.113184,9.500069,,,,0,0,0,,0.011364,0.009441,,0
430,541,Scan: 816717 Run: DIA12_CV486075:20251228_A2_N1_Mueller_MS_TechHub_IMP_THIDDIAXL003_Cas9_PhoX_DIA12_CV486075_250ng_FAIMS_002 P1_NSDKLIAR P2_NGLFGNLIALSLGLTPNFKSNFDLAEDAK 4 19,Q99ZW2,null,,false,Q99ZW2,null,,false,253,1118,,9.498976,false,true,false,false,1,1,Self,0.012597,0.012921,0.113184,,9.498976,,,0,0,0,,0.011364,0.009441,,0
429,540,Scan: 1599941 Run: DIA12_CV486075:20251228_A2_N1_Mueller_MS_TechHub_IMP_THIDDIAXL003_Cas9_PhoX_DIA12_CV486075_250ng_FAIMS_003 P1_VTVKQLK P2_KAIVDLLFK 4 1,Q99ZW2,null,,false,Q99ZW2,null,,false,546,562,,9.498549,false,true,false,false,1,1,Self,0.012597,0.013037,0.113184,9.498549,,,,0,0,0,,0.011364,0.009441,,0
428,539,Scan: 1635294 Run: DIA12_CV486075:20251228_A2_N1_Mueller_MS_TechHub_IMP_THIDDIAXL003_Cas9_PhoX_DIA12_CV486075_250ng_FAIMS_003 P1_QSGKTILDFLK P2_EVKVITLK 4 3,Q99ZW2,null,,false,Q99ZW2,null,,false,954,677,,9.498292,false,true,false,false,1,1,Self,0.012597,0.013107,0.113184,9.498292,,,,0,0,0,,0.011364,0.009441,,0
427,538,Scan: 1230816 Run: DIA12_CV486075:20251228_A2_N1_Mueller_MS_TechHub_IMP_THIDDIAXL003_Cas9_PhoX_DIA12_CV486075_250ng_FAIMS_003 P1_TEVQTGGFSKESILPK P2_KTEVQTGGFSK 10 1,Q99ZW2,null,,false,Q99ZW2,null,,false,1097,1107,,9.498137,false,true,false,false,1,1,Self,0.012597,0.013149,0.113184,9.498137,,,,0,0,0,,0.011364,0.009441,,0
426,537,Scan: 587144 Run: DIA12_CV486075:20251228_A2_N1_Mueller_MS_TechHub_IMP_THIDDIAXL003_Cas9_PhoX_DIA12_CV486075_250ng_FAIMS_001 P1_YDENDKLIR P2_GQKNSR 6 3,Q99ZW2,null,,false,Q99ZW2,null,,false,775,948,,9.497999,false,true,false,false,1,1,Self,0.012597,0.013187,0.113184,,,9.497999,,0,0,0,,0.011364,0.009441,,0
425,536,Scan: 39178 Run: DIA12_CV486075:20251228_A2_N1_Mueller_MS_TechHub_IMP_THIDDIAXL003_Cas9_PhoX_DIA12_CV486075_250ng_FAIMS_001 P1_VLPKHSLLYEYFTVYNELTK P2_KTEVQTGGFSK 4 1,Q99ZW2,null,,false,Q99ZW2,null,,false,1097,510,,9.497659,false,true,false,false,1,1,Self,0.012597,0.013279,0.113184,,,9.497659,,0,0,0,,0.011364,0.009441,,0
423,533,Scan: 1025556 Run: DIA12_CV486075:20251228_A2_N1_Mueller_MS_TechHub_IMP_THIDDIAXL003_Cas9_PhoX_DIA12_CV486075_250ng_FAIMS_002 P1_KLINGIR P2_AILKDSNR 1 4,decoy:Q99ZW2,decoydecoy:null,decoy:,true,Q99ZW2,null,,false,1118,665,,9.496843,true,false,true,false,1,1,Self,0.0135,0.013089,0.113325,,9.496843,,,1,0,1,,0.012153,0.010101,,2
422,532,Scan: 1264396 Run: DIA12_CV486075:20251228_A2_N1_Mueller_MS_TechHub_IMP_THIDDIAXL003_Cas9_PhoX_DIA12_CV486075_250ng_FAIMS_003 P1_VILADANLDKVLSAYNK P2_TEVQTGGFSKESILPK 10 10,Q99ZW2,null,,false,Q99ZW2,null,,false,1107,1289,,9.496804,false,true,false,false,1,1,Self,0.0135,0.013504,0.113325,9.496804,,,,0,0,0,,0.012153,0.010101,,0
420,529,Scan: 1010521 Run: DIA12_CV486075:20251228_A2_N1_Mueller_MS_TechHub_IMP_THIDDIAXL003_Cas9_PhoX_DIA12_CV486075_250ng_FAIMS_002 P1_QLKEDYFK P2_KAIVDLLFK 3 1,Q99ZW2,null,,false,Q99ZW2,null,,false,546,565,,9.49421,false,true,false,false,1,1,Self,0.0135,0.013737,0.11375,,9.49421,,,0,0,0,,0.012153,0.010101,,0
419,528,Scan: 1108066 Run: DIA12_CV486075:20251228_A2_N1_Mueller_MS_TechHub_IMP_THIDDIAXL003_Cas9_PhoX_DIA12_CV486075_250ng_FAIMS_002 P1_KFDNLTK P2_ENQTTQKGQK 1 7,Q99ZW2,null,,false,Q99ZW2,null,,false,772,896,,9.491899,false,true,false,false,1,1,Self,0.0135,0.013944,0.11375,,9.491899,,,0,0,0,,0.012153,0.010101,,0
417,526,Scan: 1389789 Run: DIA12_CV486075:20251228_A2_N1_Mueller_MS_TechHub_IMP_THIDDIAXL003_Cas9_PhoX_DIA12_CV486075_250ng_FAIMS_003 P1_KDWDPK P2_EQAENIIHLFTLTNLGAPAAFKYFDTTIDR 1 22,Q99ZW2,null,,false,Q99ZW2,null,,false,1325,1124,,9.491328,false,true,false,false,1,1,Self,0.0135,0.013996,0.11375,9.491328,,,,0,0,0,,0.012153,0.010101,,0
416,525,Scan: 242615 Run: DIA12_CV486075:20251228_A2_N1_Mueller_MS_TechHub_IMP_THIDDIAXL003_Cas9_PhoX_DIA12_CV486075_250ng_FAIMS_001 P1_KFKVLGNTDR P2_FKVLGNTDR 1 2,Q99ZW2,null,,false,Q99ZW2,null,,false,33,31,,9.490907,false,true,false,false,1,1,Self,0.0135,0.014033,0.11375,,,9.490907,,0,0,0,,0.012153,0.010101,,0
414,523,Scan: 1686352 Run: DIA12_CV486075:20251228_A2_N1_Mueller_MS_TechHub_IMP_THIDDIAXL003_Cas9_PhoX_DIA12_CV486075_250ng_FAIMS_003 P1_LDAKDTSDVLR P2_GILQTVKVVDELVK 4 7,Q99ZW2,null,,false,decoy:Q99ZW2,decoydecoy:null,decoy:,true,742,145,,9.489746,true,false,true,false,1,1,Self,0.014138,0.013979,0.11375,9.489746,,,,0,1,1,,0.012733,0.010578,,2
413,522,Scan: 986853 Run: DIA12_CV486075:20251228_A2_N1_Mueller_MS_TechHub_IMP_THIDDIAXL003_Cas9_PhoX_DIA12_CV486075_250ng_FAIMS_002 P1_QLLNAKLITQR P2_KPAFLSGEQK 6 1,Q99ZW2,null,,false,Q99ZW2,null,,false,536,890,,9.489258,false,true,false,false,1,1,Self,0.014138,0.014165,0.11375,,9.489258,,,0,0,0,,0.012733,0.010578,,0
412,520,Scan: 1539153 Run: DIA12_CV486075:20251228_A2_N1_Mueller_MS_TechHub_IMP_THIDDIAXL003_Cas9_PhoX_DIA12_CV486075_250ng_FAIMS_003 P1_SEETITPWNFEEVVDKGASAQSFIER P2_FIKPILEK 16 3,Q99ZW2,null,,false,Q99ZW2,null,,false,377,484,,9.488767,false,true,false,false,1,1,Self,0.014138,0.014192,0.113892,9.488767,,,,0,0,0,,0.012733,0.010578,,0
411,519,Scan: 613898 Run: DIA12_CV486075:20251228_A2_N1_Mueller_MS_TechHub_IMP_THIDDIAXL003_Cas9_PhoX_DIA12_CV486075_250ng_FAIMS_002 P1_SEQEIGKATAK P2_GQKNSR 7 3,Q99ZW2,null,,false,Q99ZW2,null,,false,775,1031,,9.487878,false,true,false,false,1,1,Self,0.014138,0.014241,0.114035,,9.487878,,,0,0,0,,0.012733,0.010578,,0
410,518,Scan: 1635162 Run: DIA12_CV486075:20251228_A2_N1_Mueller_MS_TechHub_IMP_THIDDIAXL003_Cas9_PhoX_DIA12_CV486075_250ng_FAIMS_003 P1_QSGKTILDFLK P2_GKSDNVPSEEVVK 4 2,Q99ZW2,null,,false,Q99ZW2,null,,false,866,677,,9.487471,false,true,false,false,1,1,Self,0.014138,0.014264,0.114035,9.487471,,,,0,0,0,,0.012733,0.010578,,0
409,517,Scan: 1367667 Run: DIA12_CV486075:20251228_A2_N1_Mueller_MS_TechHub_IMP_THIDDIAXL003_Cas9_PhoX_DIA12_CV486075_250ng_FAIMS_003 P1_KFDNLTK P2_GSPEDNEQKQLFVEQHK 1 9,Q99ZW2,null,,false,Q99ZW2,null,,false,1255,896,,9.487167,false,true,false,false,1,1,Self,0.014138,0.014281,0.114035,9.487167,,,,0,0,0,,0.012733,0.010578,,0
408,516,Scan: 1436687 Run: DIA12_CV486075:20251228_A2_N1_Mueller_MS_TechHub_IMP_THIDDIAXL003_Cas9_PhoX_DIA12_CV486075_250ng_FAIMS_003 P1_KDWDPK P2_FKVLGNTDR 1 2,Q99ZW2,null,,false,Q99ZW2,null,,false,33,1124,,9.486845,false,true,false,false,1,1,Self,0.014138,0.014298,0.114035,9.486845,,,,0,0,0,,0.012733,0.010578,,0
407,511,Scan: 135584 Run: DIA12_CV486075:20251228_A2_N1_Mueller_MS_TechHub_IMP_THIDDIAXL003_Cas9_PhoX_DIA12_CV486075_250ng_FAIMS_001 P1_LPKYSLFELENGR P2_KDLIIK 3 1,Q99ZW2,null,,false,Q99ZW2,null,,false,1192,1200,,9.48631,false,true,false,false,1,1,Self,0.014138,0.014328,0.114178,,,9.48631,,0,0,0,,0.012733,0.010578,,0
406,510,Scan: 1700417 Run: DIA12_CV486075:20251228_A2_N1_Mueller_MS_TechHub_IMP_THIDDIAXL003_Cas9_PhoX_DIA12_CV486075_250ng_FAIMS_003 P1_SKLVSDFR P2_HKPENIVIEMAR 2 2,Q99ZW2,null,,false,Q99ZW2,null,,false,755,961,,9.48512,false,true,false,false,1,1,Self,0.014138,0.014394,0.114322,9.48512,,,,0,0,0,,0.012733,0.010578,,0
405,509,Scan: 162757 Run: DIA12_CV486075:20251228_A2_N1_Mueller_MS_TechHub_IMP_THIDDIAXL003_Cas9_PhoX_DIA12_CV486075_250ng_FAIMS_001 P1_LKGSPEDNEQK P2_IEKILTFR 2 3,Q99ZW2,null,,false,Q99ZW2,null,,false,442,1246,,9.484987,false,true,false,false,1,1,Self,0.014138,0.014401,0.114322,,,9.484987,,0,0,0,,0.012733,0.010578,,0
404,508,Scan: 1159028 Run: DIA12_CV486075:20251228_A2_N1_Mueller_MS_TechHub_IMP_THIDDIAXL003_Cas9_PhoX_DIA12_CV486075_250ng_FAIMS_002 P1_KFDNLTK P2_AGFIKR 1 5,Q99ZW2,null,,false,Q99ZW2,null,,false,918,896,,9.484618,false,true,false,false,1,1,Self,0.014138,0.014422,0.114322,,9.484618,,,0,0,0,,0.012733,0.010578,,0
403,507,Scan: 564944 Run: DIA12_CV486075:20251228_A2_N1_Mueller_MS_TechHub_IMP_THIDDIAXL003_Cas9_PhoX_DIA12_CV486075_250ng_FAIMS_001 P1_KLINGIR P2_FDNLTKAER 1 6,Q99ZW2,null,,false,Q99ZW2,null,,false,902,665,,9.484432,false,true,false,false,1,1,Self,0.014138,0.014432,0.114322,,,9.484432,,0,0,0,,0.012733,0.010578,,0
402,505,Scan: 31590 Run: DIA12_CV486075:20251228_A2_N1_Mueller_MS_TechHub_IMP_THIDDIAXL003_Cas9_PhoX_DIA12_CV486075_250ng_FAIMS_001 P1_SEQEIGKATAK P2_KVLSMPQVNIVK 7 1,Q99ZW2,null,,false,Q99ZW2,null,,false,1085,1031,,9.483807,false,true,false,false,1,1,Self,0.014138,0.014467,0.114465,,,9.483807,,0,0,0,,0.012733,0.010578,,0
401,504,Scan: 1710352 Run: DIA12_CV486075:20251228_A2_N1_Mueller_MS_TechHub_IMP_THIDDIAXL003_Cas9_PhoX_DIA12_CV486075_250ng_FAIMS_003 P1_KLINGIR P2_IEEGIKELGSQILK 1 6,Q99ZW2,null,,false,Q99ZW2,null,,false,789,665,,9.48087,false,true,false,false,1,1,Self,0.014138,0.014629,0.114899,9.48087,,,,0,0,0,,0.012733,0.010578,,0
400,503,Scan: 1376737 Run: DIA12_CV486075:20251228_A2_N1_Mueller_MS_TechHub_IMP_THIDDIAXL003_Cas9_PhoX_DIA12_CV486075_250ng_FAIMS_003 P1_VILADANLDKVLSAYNK P2_KTEVQTGGFSK 10 1,Q99ZW2,null,,false,Q99ZW2,null,,false,1097,1289,,9.480304,false,true,false,false,1,1,Self,0.014138,0.014661,0.114899,9.480304,,,,0,0,0,,0.012733,0.010578,,0
399,502,Scan: 241557 Run: DIA12_CV486075:20251228_A2_N1_Mueller_MS_TechHub_IMP_THIDDIAXL003_Cas9_PhoX_DIA12_CV486075_250ng_FAIMS_001 P1_FKVLGNTDR P2_ESILPKR 2 6,Q99ZW2,null,,false,Q99ZW2,null,,false,1113,33,,9.479246,false,true,false,false,1,1,Self,0.014138,0.014719,0.115336,,,9.479246,,0,0,0,,0.012733,0.010578,,0
397,500,Scan: 1282576 Run: DIA12_CV486075:20251228_A2_N1_Mueller_MS_TechHub_IMP_THIDDIAXL003_Cas9_PhoX_DIA12_CV486075_250ng_FAIMS_003 P1_VNTEITKAPLSASMIK P2_NSDKLIAR 7 4,Q99ZW2,null,,false,Q99ZW2,null,,false,1118,314,,9.478903,false,true,false,false,1,1,Self,0.014138,0.014738,0.115336,9.478903,,,,0,0,0,,0.012733,0.010578,,0
396,499,Scan: 1123215 Run: DIA12_CV486075:20251228_A2_N1_Mueller_MS_TechHub_IMP_THIDDIAXL003_Cas9_PhoX_DIA12_CV486075_250ng_FAIMS_002 P1_GQKNSR P2_ELGSQILKEHPVENTQLQNEK 3 8,Q99ZW2,null,,false,Q99ZW2,null,,false,797,775,,9.478394,false,true,false,false,1,1,Self,0.014138,0.014767,0.115336,,9.478394,,,0,0,0,,0.012733,0.010578,,0
395,498,Scan: 1226255 Run: DIA12_CV486075:20251228_A2_N1_Mueller_MS_TechHub_IMP_THIDDIAXL003_Cas9_PhoX_DIA12_CV486075_250ng_FAIMS_003 P1_RPLIETNGETGEIVWDKGR P2_KDFQFYK 17 1,Q99ZW2,null,,false,Q99ZW2,null,,false,968,1076,,9.47813,false,true,false,false,1,1,Self,0.014138,0.014781,0.115336,9.47813,,,,0,0,0,,0.012733,0.010578,,0
394,497,Scan: 6794 Run: DIA12_CV486075:20251228_A2_N1_Mueller_MS_TechHub_IMP_THIDDIAXL003_Cas9_PhoX_DIA12_CV486075_250ng_FAIMS_001 P1_LESEFVYGDYKVYDVR P2_KNLIGALLFDSGETAEATR 11 1,Q99ZW2,null,,false,Q99ZW2,null,,false,45,1014,,9.477854,false,true,false,false,1,1,Self,0.014138,0.014797,0.115336,,,9.477854,,0,0,0,,0.012733,0.010578,,0
393,496,Scan: 1183099 Run: DIA12_CV486075:20251228_A2_N1_Mueller_MS_TechHub_IMP_THIDDIAXL003_Cas9_PhoX_DIA12_CV486075_250ng_FAIMS_002 P1_YDENDKLIR P2_KMIAK 6 1,Q99ZW2,null,,false,Q99ZW2,null,,false,1020,948,,9.477586,false,true,false,false,1,1,Self,0.014138,0.014811,0.115336,,9.477586,,,0,0,0,,0.012733,0.010578,,0
391,494,Scan: 1447332 Run: DIA12_CV486075:20251228_A2_N1_Mueller_MS_TechHub_IMP_THIDDIAXL003_Cas9_PhoX_DIA12_CV486075_250ng_FAIMS_003 P1_YDEHHQDLTLLKALVR P2_KDFQFYK 12 1,Q99ZW2,null,,false,Q99ZW2,null,,false,968,336,,9.477083,false,true,false,false,1,1,Self,0.014138,0.014839,0.115482,9.477083,,,,0,0,0,,0.012733,0.010578,,0
390,493,Scan: 381089 Run: DIA12_CV486075:20251228_A2_N1_Mueller_MS_TechHub_IMP_THIDDIAXL003_Cas9_PhoX_DIA12_CV486075_250ng_FAIMS_001 P1_KPAFLSGEQK P2_KFKVLGNTDR 1 1,Q99ZW2,null,,false,Q99ZW2,null,,false,31,536,,9.476916,false,true,false,false,1,1,Self,0.014138,0.014849,0.115629,9.256845,,9.476916,,0,0,0,,0.012733,0.010578,,0
389,492,Scan: 774744 Run: DIA12_CV486075:20251228_A2_N1_Mueller_MS_TechHub_IMP_THIDDIAXL003_Cas9_PhoX_DIA12_CV486075_250ng_FAIMS_002 P1_NSDKLIAR P2_HYLDEIIEQISEFSKR 4 15,Q99ZW2,null,,false,Q99ZW2,null,,false,1278,1118,,9.476839,false,true,false,false,1,1,Self,0.014138,0.014853,0.115629,,9.476839,,,0,0,0,,0.012733,0.010578,,0
388,491,Scan: 1546287 Run: DIA12_CV486075:20251228_A2_N1_Mueller_MS_TechHub_IMP_THIDDIAXL003_Cas9_PhoX_DIA12_CV486075_250ng_FAIMS_003 P1_SEETITPWNFEEVVDKGASAQSFIER P2_EVKVITLK 16 3,Q99ZW2,null,,false,Q99ZW2,null,,false,954,484,,9.476781,false,true,false,false,1,1,Self,0.014138,0.014856,0.115629,9.476781,,,,0,0,0,,0.012733,0.010578,,0
387,490,Scan: 1171057 Run: DIA12_CV486075:20251228_A2_N1_Mueller_MS_TechHub_IMP_THIDDIAXL003_Cas9_PhoX_DIA12_CV486075_250ng_FAIMS_002 P1_SNKQGR P2_QITKHVAQILDSR 3 4,Q99ZW2,null,,false,decoy:Q99ZW2,decoydecoy:null,decoy:,true,929,775,,9.476532,true,false,true,false,1,1,Self,0.01487,0.014936,0.115629,,9.476532,,,0,1,1,,0.013367,0.011073,,2
386,488,Scan: 802140 Run: DIA12_CV486075:20251228_A2_N1_Mueller_MS_TechHub_IMP_THIDDIAXL003_Cas9_PhoX_DIA12_CV486075_250ng_FAIMS_002 P1_SDKNR P2_KLVDSTDK 3 1,Q99ZW2,null,,false,Q99ZW2,null,,false,141,862,,9.476243,false,true,false,false,1,1,Self,0.01487,0.014889,0.115776,,9.476243,,,0,0,0,,0.013367,0.011073,,0
383,485,Scan: 1341736 Run: DIA12_CV486075:20251228_A2_N1_Mueller_MS_TechHub_IMP_THIDDIAXL003_Cas9_PhoX_DIA12_CV486075_250ng_FAIMS_003 P1_LPKYSLFELENGR P2_GILQTVKVVDELVK 3 7,Q99ZW2,null,,false,Q99ZW2,null,,false,742,1200,,9.473156,false,true,false,false,1,1,Self,0.01487,0.01509,0.116071,9.473156,,,,0,0,0,,0.013367,0.011073,,0
382,484,Scan: 171315 Run: DIA12_CV486075:20251228_A2_N1_Mueller_MS_TechHub_IMP_THIDDIAXL003_Cas9_PhoX_DIA12_CV486075_250ng_FAIMS_001 P1_SEQEIGKATAK P2_GSPEDNEQKQLFVEQHK 7 9,Q99ZW2,null,,false,Q99ZW2,null,,false,1255,1031,,9.471608,false,true,false,false,1,1,Self,0.01487,0.01519,0.11622,,,9.471608,,0,0,0,,0.013367,0.011073,,0
381,483,Scan: 42118 Run: DIA12_CV486075:20251228_A2_N1_Mueller_MS_TechHub_IMP_THIDDIAXL003_Cas9_PhoX_DIA12_CV486075_250ng_FAIMS_001 P1_KTEVQTGGFSK P2_KDFQFYK 1 1,Q99ZW2,null,,false,Q99ZW2,null,,false,968,1097,,9.471525,false,true,false,false,1,1,Self,0.01487,0.015196,0.11622,,,9.471525,,0,0,0,,0.013367,0.011073,,0
380,482,Scan: 1298 Run: DIA12_CV486075:20251228_A2_N1_Mueller_MS_TechHub_IMP_THIDDIAXL003_Cas9_PhoX_DIA12_CV486075_250ng_FAIMS_001 P1_YPKLESEFVYGDYK P2_QSGKTILDFLK 3 4,Q99ZW2,null,,false,Q99ZW2,null,,false,677,1003,,9.471339,false,true,false,false,1,1,Self,0.01487,0.015208,0.11622,,,9.471339,,0,0,0,,0.013367,0.011073,,0
379,481,Scan: 760012 Run: DIA12_CV486075:20251228_A2_N1_Mueller_MS_TechHub_IMP_THIDDIAXL003_Cas9_PhoX_DIA12_CV486075_250ng_FAIMS_002 P1_LSKSR P2_LKGSPEDNEQK 3 2,Q99ZW2,null,,false,Q99ZW2,null,,false,1246,218,,9.470092,false,true,false,false,1,1,Self,0.01487,0.015289,0.11622,,9.470092,,,0,0,0,,0.013367,0.011073,,0
378,480,Scan: 1377187 Run: DIA12_CV486075:20251228_A2_N1_Mueller_MS_TechHub_IMP_THIDDIAXL003_Cas9_PhoX_DIA12_CV486075_250ng_FAIMS_003 P1_VILADANLDKVLSAYNK P2_KDWDPK 10 1,Q99ZW2,null,,false,Q99ZW2,null,,false,1124,1289,,9.469484,false,true,false,false,1,1,Self,0.01487,0.015329,0.11622,9.469484,,,,0,0,0,,0.013367,0.011073,,0
377,476,Scan: 226387 Run: DIA12_CV486075:20251228_A2_N1_Mueller_MS_TechHub_IMP_THIDDIAXL003_Cas9_PhoX_DIA12_CV486075_250ng_FAIMS_001 P1_SNFDLAEDAKLQLSK P2_KNGLFGNLIALSLGLTPNFK 10 1,Q99ZW2,null,,false,Q99ZW2,null,,false,234,263,,9.468601,false,true,false,false,1,1,Self,0.01487,0.015386,0.116368,,,9.468601,,0,0,0,,0.013367,0.011073,,0
376,475,Scan: 612939 Run: DIA12_CV486075:20251228_A2_N1_Mueller_MS_TechHub_IMP_THIDDIAXL003_Cas9_PhoX_DIA12_CV486075_250ng_FAIMS_002 P1_SEQEIGKATAK P2_DKPIR 7 2,Q99ZW2,null,,false,Q99ZW2,null,,false,1300,1031,,9.46817,false,true,false,false,1,1,Self,0.01487,0.015414,0.116517,,9.46817,,,0,0,0,,0.013367,0.011073,,0
374,473,Scan: 621170 Run: DIA12_CV486075:20251228_A2_N1_Mueller_MS_TechHub_IMP_THIDDIAXL003_Cas9_PhoX_DIA12_CV486075_250ng_FAIMS_002 P1_QITKHVAQILDSR P2_KRPLIETNGETGEIVWDK 4 1,Q99ZW2,null,,false,Q99ZW2,null,,false,1059,929,,9.467236,false,true,false,false,1,1,Self,0.01487,0.015475,0.116667,,9.467236,,,0,0,0,,0.013367,0.011073,,0
373,470,Scan: 1453361 Run: DIA12_CV486075:20251228_A2_N1_Mueller_MS_TechHub_IMP_THIDDIAXL003_Cas9_PhoX_DIA12_CV486075_250ng_FAIMS_003 P1_YKEIFFDQSK P2_EKIEKILTFR 2 2,Q99ZW2,null,,false,Q99ZW2,null,,false,439,348,,9.465388,false,true,false,false,1,1,Self,0.01487,0.015595,0.117117,9.465388,,,,0,0,0,,0.013367,0.011073,,0
372,469,Scan: 1274236 Run: DIA12_CV486075:20251228_A2_N1_Mueller_MS_TechHub_IMP_THIDDIAXL003_Cas9_PhoX_DIA12_CV486075_250ng_FAIMS_003 P1_NLPNEKVLPK P2_ESILPKR 6 6,Q99ZW2,null,,false,Q99ZW2,null,,false,1113,506,,9.464351,false,true,false,false,1,1,Self,0.01487,0.015663,0.117117,9.464351,,,,0,0,0,,0.013367,0.011073,,0
371,468,Scan: 208971 Run: DIA12_CV486075:20251228_A2_N1_Mueller_MS_TechHub_IMP_THIDDIAXL003_Cas9_PhoX_DIA12_CV486075_250ng_FAIMS_001 P1_LSKSR P2_DDSIDNKVLTR 3 7,Q99ZW2,null,,false,Q99ZW2,null,,false,855,218,,9.463948,false,true,false,false,1,1,Self,0.01487,0.015689,0.117419,,,9.463948,,0,0,0,,0.013367,0.011073,,0
370,467,Scan: 1236568 Run: DIA12_CV486075:20251228_A2_N1_Mueller_MS_TechHub_IMP_THIDDIAXL003_Cas9_PhoX_DIA12_CV486075_250ng_FAIMS_003 P1_QITKHVAQILDSR P2_KTEVQTGGFSK 4 1,Q99ZW2,null,,false,Q99ZW2,null,,false,1097,929,,9.463796,false,true,false,false,1,1,Self,0.01487,0.015699,0.117419,9.463796,,,,0,0,0,,0.013367,0.011073,,0
368,463,Scan: 1470435 Run: DIA12_CV486075:20251228_A2_N1_Mueller_MS_TechHub_IMP_THIDDIAXL003_Cas9_PhoX_DIA12_CV486075_250ng_FAIMS_003 P1_YKEIFFDQSK P2_NGYAGYIDGGASQEEFYKFIKPILEK 2 18,Q99ZW2,null,,false,Q99ZW2,null,,false,374,348,,9.462501,false,true,false,false,1,1,Self,0.01487,0.015783,0.117723,9.462501,,,,0,0,0,,0.013367,0.011073,,0
367,462,Scan: 513134 Run: DIA12_CV486075:20251228_A2_N1_Mueller_MS_TechHub_IMP_THIDDIAXL003_Cas9_PhoX_DIA12_CV486075_250ng_FAIMS_001 P1_NKDSR P2_GQKNSR 2 3,Q99ZW2,null,,false,decoy:Q99ZW2,decoydecoy:null,decoy:,true,775,861,,9.462255,true,false,true,false,1,1,Self,0.015799,0.016475,0.117876,,,9.462255,,0,1,1,,0.01419,0.011732,,2
365,457,Scan: 1419232 Run: DIA12_CV486075:20251228_A2_N1_Mueller_MS_TechHub_IMP_THIDDIAXL003_Cas9_PhoX_DIA12_CV486075_250ng_FAIMS_003 P1_SLQLKADEALDFNSK P2_SKLVSDFR 5 2,Q99ZW2,null,,false,decoy:Q99ZW2,decoydecoy:null,decoy:,true,961,258,,9.461099,true,false,true,false,1,1,Self,0.016605,0.015965,0.118029,9.461099,,,,0,1,1,,0.014925,0.01232,,2
364,456,Scan: 1291067 Run: DIA12_CV486075:20251228_A2_N1_Mueller_MS_TechHub_IMP_THIDDIAXL003_Cas9_PhoX_DIA12_CV486075_250ng_FAIMS_003 P1_KKDWDPK P2_GILQTVKVVDELVK 1 7,Q99ZW2,null,,false,Q99ZW2,null,,false,742,1123,,9.461074,false,true,false,false,1,1,Self,0.016605,0.016607,0.118029,9.461074,,,,0,0,0,,0.014925,0.01232,,0
363,454,Scan: 1560096 Run: DIA12_CV486075:20251228_A2_N1_Mueller_MS_TechHub_IMP_THIDDIAXL003_Cas9_PhoX_DIA12_CV486075_250ng_FAIMS_003 P1_VLPKHSLLYEYFTVYNELTK P2_KGILQTVK 4 1,Q99ZW2,null,,false,Q99ZW2,null,,false,735,510,,9.460779,false,true,false,false,1,1,Self,0.016605,0.016631,0.118029,9.460779,,,,0,0,0,,0.014925,0.01232,,0
362,453,Scan: 1165578 Run: DIA12_CV486075:20251228_A2_N1_Mueller_MS_TechHub_IMP_THIDDIAXL003_Cas9_PhoX_DIA12_CV486075_250ng_FAIMS_002 P1_GQKNSR P2_GGLSELDKAGFIK 3 8,Q99ZW2,null,,false,Q99ZW2,null,,false,913,775,,9.46044,false,true,false,false,1,1,Self,0.016605,0.016658,0.118336,,9.46044,,,0,0,0,,0.014925,0.01232,,0
361,452,Scan: 483313 Run: DIA12_CV486075:20251228_A2_N1_Mueller_MS_TechHub_IMP_THIDDIAXL003_Cas9_PhoX_DIA12_CV486075_250ng_FAIMS_001 P1_KGILQTVK P2_KDWDPK 1 1,Q99ZW2,null,,false,Q99ZW2,null,,false,1124,735,,9.459334,false,true,false,false,1,1,Self,0.016605,0.016746,0.11849,,,9.459334,,0,0,0,,0.014925,0.01232,,0
360,450,Scan: 1002193 Run: DIA12_CV486075:20251228_A2_N1_Mueller_MS_TechHub_IMP_THIDDIAXL003_Cas9_PhoX_DIA12_CV486075_250ng_FAIMS_002 P1_NLPNEKVLPK P2_KAIVDLLFK 6 1,Q99ZW2,null,,false,Q99ZW2,null,,false,546,506,,9.458166,false,true,false,false,1,1,Self,0.016605,0.01684,0.118799,,9.458166,,,0,0,0,,0.014925,0.01232,,0
359,447,Scan: 1101497 Run: DIA12_CV486075:20251228_A2_N1_Mueller_MS_TechHub_IMP_THIDDIAXL003_Cas9_PhoX_DIA12_CV486075_250ng_FAIMS_002 P1_VVDELVKVMGR P2_VKYVTEGMR 7 2,Q99ZW2,null,,false,Q99ZW2,null,,false,528,749,,9.453911,false,true,false,false,1,1,Self,0.016605,0.017181,0.118954,,9.453911,,,0,0,0,,0.014925,0.01232,,0
358,446,Scan: 502468 Run: DIA12_CV486075:20251228_A2_N1_Mueller_MS_TechHub_IMP_THIDDIAXL003_Cas9_PhoX_DIA12_CV486075_250ng_FAIMS_001 P1_VVDELVKVMGR P2_KFKVLGNTDR 7 1,Q99ZW2,null,,false,Q99ZW2,null,,false,31,749,,9.452272,false,true,false,false,1,1,Self,0.016605,0.017312,0.119266,,,9.452272,,0,0,0,,0.014925,0.01232,,0
357,445,Scan: 245529 Run: DIA12_CV486075:20251228_A2_N1_Mueller_MS_TechHub_IMP_THIDDIAXL003_Cas9_PhoX_DIA12_CV486075_250ng_FAIMS_001 P1_SDKNR P2_FKVLGNTDR 3 2,Q99ZW2,null,,false,Q99ZW2,null,,false,33,862,,9.451907,false,true,false,false,1,1,Self,0.016605,0.017341,0.119266,,,9.451907,,0,0,0,,0.014925,0.01232,,0
356,444,Scan: 1110245 Run: DIA12_CV486075:20251228_A2_N1_Mueller_MS_TechHub_IMP_THIDDIAXL003_Cas9_PhoX_DIA12_CV486075_250ng_FAIMS_002 P1_SNKQGR P2_KLINGIR 3 1,Q99ZW2,null,,false,decoy:Q99ZW2,decoydecoy:null,decoy:,true,665,775,,9.450984,true,false,true,false,1,1,Self,0.017415,0.017631,0.119266,,9.450984,,,0,1,1,,0.015664,0.012925,,2
355,442,Scan: 971142 Run: DIA12_CV486075:20251228_A2_N1_Mueller_MS_TechHub_IMP_THIDDIAXL003_Cas9_PhoX_DIA12_CV486075_250ng_FAIMS_002 P1_VKYVTEGMR P2_NSDKLIAR 2 4,Q99ZW2,null,,false,Q99ZW2,null,,false,1118,528,,9.449885,false,true,false,false,1,1,Self,0.017415,0.017575,0.119266,9.034447,9.449885,,,0,0,0,,0.015664,0.012925,,0
354,441,Scan: 1390487 Run: DIA12_CV486075:20251228_A2_N1_Mueller_MS_TechHub_IMP_THIDDIAXL003_Cas9_PhoX_DIA12_CV486075_250ng_FAIMS_003 P1_KGILQTVK P2_EQAENIIHLFTLTNLGAPAAFKYFDTTIDR 1 22,Q99ZW2,null,,false,Q99ZW2,null,,false,1325,735,,9.449608,false,true,false,false,1,1,Self,0.017415,0.017615,0.119266,9.449608,,,,0,0,0,,0.015664,0.012925,,0
353,440,Scan: 1577265 Run: DIA12_CV486075:20251228_A2_N1_Mueller_MS_TechHub_IMP_THIDDIAXL003_Cas9_PhoX_DIA12_CV486075_250ng_FAIMS_003 P1_KPAFLSGEQK P2_FIKPILEKMDGTEELLVK 1 8,Q99ZW2,null,,false,Q99ZW2,null,,false,382,536,,9.447548,false,true,false,false,1,1,Self,0.017415,0.017914,0.119895,9.447548,,,,0,0,0,,0.015664,0.012925,,0
352,439,Scan: 1640793 Run: DIA12_CV486075:20251228_A2_N1_Mueller_MS_TechHub_IMP_THIDDIAXL003_Cas9_PhoX_DIA12_CV486075_250ng_FAIMS_003 P1_TILDFLKSDGFANR P2_NLPNEKVLPK 7 6,Q99ZW2,null,,false,Q99ZW2,null,,false,506,684,,9.447425,false,true,false,false,1,1,Self,0.017415,0.017932,0.119895,9.447425,,,,0,0,0,,0.015664,0.012925,,0
351,438,Scan: 1658700 Run: DIA12_CV486075:20251228_A2_N1_Mueller_MS_TechHub_IMP_THIDDIAXL003_Cas9_PhoX_DIA12_CV486075_250ng_FAIMS_003 P1_EDIQKAQVSGQGDSLHEHIANLAGSPAIK P2_DDSIDNKVLTR 5 7,Q99ZW2,null,,false,Q99ZW2,null,,false,855,710,,9.447161,false,true,false,false,1,1,Self,0.017415,0.01797,0.120053,9.447161,,,,0,0,0,,0.015664,0.012925,,0
350,437,Scan: 1717717 Run: DIA12_CV486075:20251228_A2_N1_Mueller_MS_TechHub_IMP_THIDDIAXL003_Cas9_PhoX_DIA12_CV486075_250ng_FAIMS_003 P1_FIKPILEK P2_ELGSQILKEHPVENTQLQNEK 3 8,Q99ZW2,null,,false,Q99ZW2,null,,false,797,377,,9.446413,false,true,false,false,1,1,Self,0.017415,0.018079,0.120211,9.446413,,,,0,0,0,,0.015664,0.012925,,0
349,435,Scan: 1147208 Run: DIA12_CV486075:20251228_A2_N1_Mueller_MS_TechHub_IMP_THIDDIAXL003_Cas9_PhoX_DIA12_CV486075_250ng_FAIMS_002 P1_GKSDNVPSEEVVK P2_DFQFYKVR 2 6,Q99ZW2,null,,false,Q99ZW2,null,,false,974,866,,9.446251,false,true,false,false,1,1,Self,0.017415,0.018102,0.120211,,9.446251,,,0,0,0,,0.015664,0.012925,,0
348,434,Scan: 361600 Run: DIA12_CV486075:20251228_A2_N1_Mueller_MS_TechHub_IMP_THIDDIAXL003_Cas9_PhoX_DIA12_CV486075_250ng_FAIMS_001 P1_VLPKHSLLYEYFTVYNELTK P2_KPLISER 4 1,decoy:Q99ZW2,decoydecoy:null,decoy:,true,Q99ZW2,null,,false,1108,510,,9.446042,true,false,true,false,1,1,Self,0.018132,0.018115,0.120211,,,9.446042,,1,0,1,,0.016287,0.013441,,2
347,432,Scan: 1422312 Run: DIA12_CV486075:20251228_A2_N1_Mueller_MS_TechHub_IMP_THIDDIAXL003_Cas9_PhoX_DIA12_CV486075_250ng_FAIMS_003 P1_SNFDLAEDAKLQLSK P2_FIKPILEK 10 3,Q99ZW2,null,,false,Q99ZW2,null,,false,377,263,,9.445286,false,true,false,false,1,1,Self,0.018132,0.018237,0.120211,9.445286,,,,0,0,0,,0.016287,0.013441,,0
346,431,Scan: 1402256 Run: DIA12_CV486075:20251228_A2_N1_Mueller_MS_TechHub_IMP_THIDDIAXL003_Cas9_PhoX_DIA12_CV486075_250ng_FAIMS_003 P1_LVDSTDKADLR P2_KDLIIK 7 1,Q99ZW2,null,,false,Q99ZW2,null,,false,1192,148,,9.445278,false,true,false,false,1,1,Self,0.018132,0.018238,0.120211,9.445278,,,,0,0,0,,0.016287,0.013441,,0
345,430,Scan: 1634958 Run: DIA12_CV486075:20251228_A2_N1_Mueller_MS_TechHub_IMP_THIDDIAXL003_Cas9_PhoX_DIA12_CV486075_250ng_FAIMS_003 P1_QSGKTILDFLK P2_DKQSGK 4 2,Q99ZW2,null,,false,Q99ZW2,null,,false,673,677,,9.44522,false,true,false,false,1,1,Self,0.018132,0.018246,0.120211,9.44522,,,,0,0,0,,0.016287,0.013441,,0
344,429,Scan: 1111304 Run: DIA12_CV486075:20251228_A2_N1_Mueller_MS_TechHub_IMP_THIDDIAXL003_Cas9_PhoX_DIA12_CV486075_250ng_FAIMS_002 P1_KRPLIETNGETGEIVWDK P2_IEEGIKELGSQILK 1 6,Q99ZW2,null,,false,Q99ZW2,null,,false,789,1059,,9.444332,false,true,false,false,1,1,Self,0.018132,0.018369,0.12053,,9.444332,,,0,0,0,,0.016287,0.013441,,0
343,428,Scan: 503747 Run: DIA12_CV486075:20251228_A2_N1_Mueller_MS_TechHub_IMP_THIDDIAXL003_Cas9_PhoX_DIA12_CV486075_250ng_FAIMS_001 P1_VVDELVKVMGR P2_MTNFDKNLPNEK 7 6,Q99ZW2,null,,false,Q99ZW2,null,,false,500,749,,9.44432,false,true,false,false,1,1,Self,0.018132,0.018371,0.12053,,,9.44432,,0,0,0,,0.016287,0.013441,,0
342,427,Scan: 1138825 Run: DIA12_CV486075:20251228_A2_N1_Mueller_MS_TechHub_IMP_THIDDIAXL003_Cas9_PhoX_DIA12_CV486075_250ng_FAIMS_002 P1_SEETITPWNFEEVVDKGASAQSFIER P2_DDSIDNKVLTR 16 7,Q99ZW2,null,,false,Q99ZW2,null,,false,855,484,,9.44334,false,true,false,false,1,1,Self,0.018132,0.018507,0.12053,,9.44334,,,0,0,0,,0.016287,0.013441,,0
341,426,Scan: 843970 Run: DIA12_CV486075:20251228_A2_N1_Mueller_MS_TechHub_IMP_THIDDIAXL003_Cas9_PhoX_DIA12_CV486075_250ng_FAIMS_002 P1_YDEHHQDLTLLKALVR P2_KRPLIETNGETGEIVWDK 12 1,Q99ZW2,null,,false,Q99ZW2,null,,false,1059,336,,9.443003,false,true,false,false,1,1,Self,0.018132,0.018554,0.12053,,9.443003,,,0,0,0,,0.016287,0.013441,,0
340,425,Scan: 1110416 Run: DIA12_CV486075:20251228_A2_N1_Mueller_MS_TechHub_IMP_THIDDIAXL003_Cas9_PhoX_DIA12_CV486075_250ng_FAIMS_002 P1_GQKNSR P2_GQKNSR 3 3,Q99ZW2,null,,false,Q99ZW2,null,,false,775,775,,9.442991,false,true,false,false,1,1,Self,0.018132,0.018555,0.12053,,9.442991,,,0,0,0,,0.016287,0.013441,,0
339,424,Scan: 1538213 Run: DIA12_CV486075:20251228_A2_N1_Mueller_MS_TechHub_IMP_THIDDIAXL003_Cas9_PhoX_DIA12_CV486075_250ng_FAIMS_003 P1_SEETITPWNFEEVVDKGASAQSFIER P2_KLVDSTDK 16 1,Q99ZW2,null,,false,Q99ZW2,null,,false,141,484,,9.442894,false,true,false,false,1,1,Self,0.018132,0.018569,0.12053,9.442894,,,,0,0,0,,0.016287,0.013441,,0
335,419,Scan: 582034 Run: DIA12_CV486075:20251228_A2_N1_Mueller_MS_TechHub_IMP_THIDDIAXL003_Cas9_PhoX_DIA12_CV486075_250ng_FAIMS_001 P1_QITKHVAQILDSR P2_MNTKYDENDK 4 4,Q99ZW2,null,,false,Q99ZW2,null,,false,942,929,,9.441195,false,true,false,false,1,1,Self,0.018132,0.018804,0.121011,,,9.441195,,0,0,0,,0.016287,0.013441,,0
334,417,Scan: 1035391 Run: DIA12_CV486075:20251228_A2_N1_Mueller_MS_TechHub_IMP_THIDDIAXL003_Cas9_PhoX_DIA12_CV486075_250ng_FAIMS_002 P1_MNTKYDENDK P2_DKQSGK 4 2,Q99ZW2,null,,false,Q99ZW2,null,,false,673,942,,9.440413,false,true,false,false,1,1,Self,0.018132,0.018913,0.121172,,9.440413,,,0,0,0,,0.016287,0.013441,,0
333,416,Scan: 245187 Run: DIA12_CV486075:20251228_A2_N1_Mueller_MS_TechHub_IMP_THIDDIAXL003_Cas9_PhoX_DIA12_CV486075_250ng_FAIMS_001 P1_HKPENIVIEMAR P2_FKVLGNTDR 2 2,Q99ZW2,null,,false,Q99ZW2,null,,false,33,755,,9.440067,false,true,false,false,1,1,Self,0.018132,0.018961,0.121172,,,9.440067,,0,0,0,,0.016287,0.013441,,0
332,415,Scan: 1350829 Run: DIA12_CV486075:20251228_A2_N1_Mueller_MS_TechHub_IMP_THIDDIAXL003_Cas9_PhoX_DIA12_CV486075_250ng_FAIMS_003 P1_GNELALPSKYVNFLYLASHYEK P2_AILKDSNR 9 4,decoy:Q99ZW2,decoydecoy:null,decoy:,true,Q99ZW2,null,,false,1118,1231,,9.439876,true,false,true,false,1,1,Self,0.018987,0.019366,0.121333,9.439876,,,,1,0,1,,0.017059,0.014085,,2
331,414,Scan: 88378 Run: DIA12_CV486075:20251228_A2_N1_Mueller_MS_TechHub_IMP_THIDDIAXL003_Cas9_PhoX_DIA12_CV486075_250ng_FAIMS_001 P1_NSDKLIAR P2_EKIEKILTFR 4 2,Q99ZW2,null,,false,Q99ZW2,null,,false,439,1118,,9.439695,false,true,false,false,1,1,Self,0.018987,0.019053,0.121333,8.737061,,9.439695,,0,0,0,,0.017059,0.014085,,0
330,413,Scan: 351871 Run: DIA12_CV486075:20251228_A2_N1_Mueller_MS_TechHub_IMP_THIDDIAXL003_Cas9_PhoX_DIA12_CV486075_250ng_FAIMS_001 P1_SEETITPWNFEEVVDKGASAQSFIER P2_DFQFYKVR 16 6,Q99ZW2,null,,false,Q99ZW2,null,,false,974,484,,9.4391,false,true,false,false,1,1,Self,0.018987,0.019267,0.121333,,,9.4391,,0,0,0,,0.017059,0.014085,,0
329,412,Scan: 1367769 Run: DIA12_CV486075:20251228_A2_N1_Mueller_MS_TechHub_IMP_THIDDIAXL003_Cas9_PhoX_DIA12_CV486075_250ng_FAIMS_003 P1_SKLVSDFR P2_GSPEDNEQKQLFVEQHK 2 9,Q99ZW2,null,,false,Q99ZW2,null,,false,1255,961,,9.437656,false,true,false,false,1,1,Self,0.018987,0.019788,0.121495,9.437656,,,,0,0,0,,0.017059,0.014085,,0
328,411,Scan: 1552475 Run: DIA12_CV486075:20251228_A2_N1_Mueller_MS_TechHub_IMP_THIDDIAXL003_Cas9_PhoX_DIA12_CV486075_250ng_FAIMS_003 P1_VLPKHSLLYEYFTVYNELTK P2_ENPLNKDFNTMK 4 6,decoy:Q99ZW2,decoydecoy:null,decoy:,true,Q99ZW2,null,,false,500,510,,9.437519,true,false,true,false,1,1,Self,0.019838,0.019698,0.121495,9.437519,,,,1,0,1,,0.017814,0.014686,,2
327,408,Scan: 1604787 Run: DIA12_CV486075:20251228_A2_N1_Mueller_MS_TechHub_IMP_THIDDIAXL003_Cas9_PhoX_DIA12_CV486075_250ng_FAIMS_003 P1_TILDFLKSDGFANR P2_AIVDLLFKTNR 7 8,Q99ZW2,null,,false,Q99ZW2,null,,false,554,684,,9.435831,false,true,false,false,1,1,Self,0.019838,0.020278,0.121495,9.435831,,,,0,0,0,,0.017814,0.014686,,0
326,407,Scan: 1194910 Run: DIA12_CV486075:20251228_A2_N1_Mueller_MS_TechHub_IMP_THIDDIAXL003_Cas9_PhoX_DIA12_CV486075_250ng_FAIMS_003 P1_SKLVSDFR P2_KYPKLESEFVYGDYK 2 1,Q99ZW2,null,,false,Q99ZW2,null,,false,1000,961,,9.434834,false,true,false,false,1,1,Self,0.019838,0.020538,0.121495,9.434834,,,,0,0,0,,0.017814,0.014686,,0
324,404,Scan: 1226764 Run: DIA12_CV486075:20251228_A2_N1_Mueller_MS_TechHub_IMP_THIDDIAXL003_Cas9_PhoX_DIA12_CV486075_250ng_FAIMS_003 P1_KVLSMPQVNIVK P2_KTEVQTGGFSK 1 1,Q99ZW2,null,,false,Q99ZW2,null,,false,1097,1085,,9.434153,false,true,false,false,1,1,Self,0.019838,0.020715,0.121495,9.434153,9.063087,,,0,0,0,,0.017814,0.014686,,0
323,403,Scan: 1110432 Run: DIA12_CV486075:20251228_A2_N1_Mueller_MS_TechHub_IMP_THIDDIAXL003_Cas9_PhoX_DIA12_CV486075_250ng_FAIMS_002 P1_SNKQGR P2_GQKNSR 3 3,Q99ZW2,null,,false,decoy:Q99ZW2,decoydecoy:null,decoy:,true,775,775,,9.434131,true,false,true,false,1,1,Self,0.020721,0.021215,0.121495,,9.434131,9.321876,,0,1,1,,0.018608,0.015344,,2
322,402,Scan: 1780760 Run: DIA12_CV486075:20251228_A2_N1_Mueller_MS_TechHub_IMP_THIDDIAXL003_Cas9_PhoX_DIA12_CV486075_250ng_FAIMS_003 P1_YDENDKLIR P2_LKGSPEDNEQK 6 2,Q99ZW2,null,,false,Q99ZW2,null,,false,1246,948,,9.433877,false,true,false,false,1,1,Self,0.020721,0.021013,0.121658,9.433877,,,,0,0,0,,0.018608,0.015344,,0
321,401,Scan: 457981 Run: DIA12_CV486075:20251228_A2_N1_Mueller_MS_TechHub_IMP_THIDDIAXL003_Cas9_PhoX_DIA12_CV486075_250ng_FAIMS_001 P1_EIFSQASAGKDVVEEFNWPTITEESKR P2_EDIQKAQVSGQGDSLHEHIANLAGSPAIK 10 5,Q99ZW2,null,,false,decoy:Q99ZW2,decoydecoy:null,decoy:,true,710,477,,9.433465,true,false,true,false,1,1,Self,0.021486,0.020893,0.121821,8.670234,,9.433465,,0,1,1,,0.019277,0.015884,,2
320,400,Scan: 805408 Run: DIA12_CV486075:20251228_A2_N1_Mueller_MS_TechHub_IMP_THIDDIAXL003_Cas9_PhoX_DIA12_CV486075_250ng_FAIMS_002 P1_LVDSTDKADLR P2_ELGSQILKEHPVENTQLQNEK 7 8,Q99ZW2,null,,false,Q99ZW2,null,,false,797,148,,9.433336,false,true,false,false,1,1,Self,0.021486,0.0215,0.121821,,9.433336,,,0,0,0,,0.019277,0.015884,,0
319,399,Scan: 1557681 Run: DIA12_CV486075:20251228_A2_N1_Mueller_MS_TechHub_IMP_THIDDIAXL003_Cas9_PhoX_DIA12_CV486075_250ng_FAIMS_003 P1_VLPKHSLLYEYFTVYNELTK P2_LVDSTDKADLR 4 7,Q99ZW2,null,,false,Q99ZW2,null,,false,148,510,,9.433264,false,true,false,false,1,1,Self,0.021486,0.021508,0.121821,9.433264,,,,0,0,0,,0.019277,0.015884,,0
317,396,Scan: 1026890 Run: DIA12_CV486075:20251228_A2_N1_Mueller_MS_TechHub_IMP_THIDDIAXL003_Cas9_PhoX_DIA12_CV486075_250ng_FAIMS_002 P1_VLSAYNKHR P2_KLINGIR 7 1,Q99ZW2,null,,false,Q99ZW2,null,,false,665,1296,,9.431784,false,true,false,false,1,1,Self,0.021486,0.021672,0.121984,,9.431784,,,0,0,0,,0.019277,0.015884,,0
316,394,Scan: 775572 Run: DIA12_CV486075:20251228_A2_N1_Mueller_MS_TechHub_IMP_THIDDIAXL003_Cas9_PhoX_DIA12_CV486075_250ng_FAIMS_002 P1_SKLVSDFR P2_HYLDEIIEQISEFSKR 2 15,Q99ZW2,null,,false,Q99ZW2,null,,false,1278,961,,9.431374,false,true,false,false,1,1,Self,0.021486,0.021718,0.122148,,9.431374,,,0,0,0,,0.019277,0.015884,,0
315,392,Scan: 1422763 Run: DIA12_CV486075:20251228_A2_N1_Mueller_MS_TechHub_IMP_THIDDIAXL003_Cas9_PhoX_DIA12_CV486075_250ng_FAIMS_003 P1_SNFDLAEDAKLQLSK P2_KAIVDLLFK 10 1,Q99ZW2,null,,false,Q99ZW2,null,,false,546,263,,9.430369,false,true,false,false,1,1,Self,0.021486,0.021829,0.122476,9.430369,,,,0,0,0,,0.019277,0.015884,,0
314,391,Scan: 1784052 Run: DIA12_CV486075:20251228_A2_N1_Mueller_MS_TechHub_IMP_THIDDIAXL003_Cas9_PhoX_DIA12_CV486075_250ng_FAIMS_003 P1_SKLVSDFR P2_EDIQKAQVSGQGDSLHEHIANLAGSPAIK 2 5,Q99ZW2,null,,false,Q99ZW2,null,,false,710,961,,9.430312,false,true,false,false,1,1,Self,0.021486,0.021835,0.122476,9.430312,,,,0,0,0,,0.019277,0.015884,,0
313,390,Scan: 1711011 Run: DIA12_CV486075:20251228_A2_N1_Mueller_MS_TechHub_IMP_THIDDIAXL003_Cas9_PhoX_DIA12_CV486075_250ng_FAIMS_003 P1_IEEGIKELGSQILK P2_IEEGIKELGSQILK 6 6,Q99ZW2,null,,false,Q99ZW2,null,,false,789,789,,9.430265,false,true,false,false,1,1,Self,0.021486,0.02184,0.122476,9.430265,,,,0,0,0,,0.019277,0.015884,,0
311,388,Scan: 1133416 Run: DIA12_CV486075:20251228_A2_N1_Mueller_MS_TechHub_IMP_THIDDIAXL003_Cas9_PhoX_DIA12_CV486075_250ng_FAIMS_002 P1_QITKHVAQILDSR P2_GNQLYYLYLKENQLQTNEVPHER 4 10,decoy:Q99ZW2,decoydecoy:null,decoy:,true,Q99ZW2,null,,false,807,929,,9.429457,true,false,true,false,1,1,Self,0.02193,0.021823,0.122642,,9.429457,,,1,0,1,,0.019701,0.016213,,2
310,387,Scan: 805631 Run: DIA12_CV486075:20251228_A2_N1_Mueller_MS_TechHub_IMP_THIDDIAXL003_Cas9_PhoX_DIA12_CV486075_250ng_FAIMS_002 P1_LVDSTDKADLR P2_ICYLQEIFSNEMAKVDDSFFHR 7 14,Q99ZW2,null,,false,Q99ZW2,null,,false,92,148,,9.429219,false,true,false,false,1,1,Self,0.02193,0.021947,0.122642,,9.429219,,,0,0,0,,0.019701,0.016213,,0
309,386,Scan: 574349 Run: DIA12_CV486075:20251228_A2_N1_Mueller_MS_TechHub_IMP_THIDDIAXL003_Cas9_PhoX_DIA12_CV486075_250ng_FAIMS_001 P1_QITKHVAQILDSR P2_KFDNLTK 4 1,Q99ZW2,null,,false,Q99ZW2,null,,false,896,929,,9.429155,false,true,false,false,1,1,Self,0.02193,0.021952,0.122642,,,9.429155,,0,0,0,,0.019701,0.016213,,0
308,384,Scan: 1368422 Run: DIA12_CV486075:20251228_A2_N1_Mueller_MS_TechHub_IMP_THIDDIAXL003_Cas9_PhoX_DIA12_CV486075_250ng_FAIMS_003 P1_SSFEKNPIDFLEAK P2_QLFVEQHKHYLDEIIEQISEFSK 5 8,Q99ZW2,null,,false,Q99ZW2,null,,false,1263,1176,,9.428652,false,true,false,false,1,1,Self,0.02193,0.021988,0.122642,9.428652,,,,0,0,0,,0.019701,0.016213,,0
307,382,Scan: 141215 Run: DIA12_CV486075:20251228_A2_N1_Mueller_MS_TechHub_IMP_THIDDIAXL003_Cas9_PhoX_DIA12_CV486075_250ng_FAIMS_001 P1_TILDFLKSDGFANR P2_DLIIKLPK 7 5,Q99ZW2,null,,false,Q99ZW2,null,,false,1197,684,,9.428517,false,true,false,false,1,1,Self,0.02193,0.021998,0.122642,,,9.428517,,0,0,0,,0.019701,0.016213,,0
306,381,Scan: 1225816 Run: DIA12_CV486075:20251228_A2_N1_Mueller_MS_TechHub_IMP_THIDDIAXL003_Cas9_PhoX_DIA12_CV486075_250ng_FAIMS_003 P1_RPLIETNGETGEIVWDKGR P2_IEKILTFR 17 3,Q99ZW2,null,,false,Q99ZW2,null,,false,442,1076,,9.428357,false,true,false,false,1,1,Self,0.02193,0.022009,0.122642,9.428357,,,,0,0,0,,0.019701,0.016213,,0
305,380,Scan: 1627122 Run: DIA12_CV486075:20251228_A2_N1_Mueller_MS_TechHub_IMP_THIDDIAXL003_Cas9_PhoX_DIA12_CV486075_250ng_FAIMS_003 P1_KLINGIR P2_EVKVITLK 1 3,Q99ZW2,null,,false,Q99ZW2,null,,false,954,665,,9.428274,false,true,false,false,1,1,Self,0.02193,0.022015,0.122642,9.428274,,,,0,0,0,,0.019701,0.016213,,0
304,379,Scan: 593432 Run: DIA12_CV486075:20251228_A2_N1_Mueller_MS_TechHub_IMP_THIDDIAXL003_Cas9_PhoX_DIA12_CV486075_250ng_FAIMS_001 P1_KDFQFYK P2_DLIIKLPK 1 5,Q99ZW2,null,,false,Q99ZW2,null,,false,1197,968,,9.428267,false,true,false,false,1,1,Self,0.02193,0.022016,0.122642,,,9.428267,,0,0,0,,0.019701,0.016213,,0
302,376,Scan: 1453851 Run: DIA12_CV486075:20251228_A2_N1_Mueller_MS_TechHub_IMP_THIDDIAXL003_Cas9_PhoX_DIA12_CV486075_250ng_FAIMS_003 P1_YKEIFFDQSK P2_NLPNEKVLPK 2 6,Q99ZW2,null,,false,Q99ZW2,null,,false,506,348,,9.427311,false,true,false,false,1,1,Self,0.02193,0.022085,0.122807,9.427311,,,,0,0,0,,0.019701,0.016213,,0
301,375,Scan: 781340 Run: DIA12_CV486075:20251228_A2_N1_Mueller_MS_TechHub_IMP_THIDDIAXL003_Cas9_PhoX_DIA12_CV486075_250ng_FAIMS_002 P1_VILADANLDKVLSAYNK P2_KPAFLSGEQK 10 1,Q99ZW2,null,,false,Q99ZW2,null,,false,536,1289,,9.427199,false,true,false,false,1,1,Self,0.02193,0.022093,0.122807,,9.427199,9.027866,,0,0,0,,0.019701,0.016213,,0
300,374,Scan: 1740381 Run: DIA12_CV486075:20251228_A2_N1_Mueller_MS_TechHub_IMP_THIDDIAXL003_Cas9_PhoX_DIA12_CV486075_250ng_FAIMS_003 P1_LENLIAQLPGEKK P2_GKSDNVPSEEVVK 12 2,Q99ZW2,null,,false,Q99ZW2,null,,false,866,233,,9.426673,false,true,false,false,1,1,Self,0.02193,0.022131,0.122807,9.426673,,,,0,0,0,,0.019701,0.016213,,0
299,373,Scan: 1543425 Run: DIA12_CV486075:20251228_A2_N1_Mueller_MS_TechHub_IMP_THIDDIAXL003_Cas9_PhoX_DIA12_CV486075_250ng_FAIMS_003 P1_SEETITPWNFEEVVDKGASAQSFIER P2_QLKEDYFK 16 3,Q99ZW2,null,,false,Q99ZW2,null,,false,565,484,,9.426614,false,true,false,false,1,1,Self,0.02193,0.022135,0.122807,9.426614,,,,0,0,0,,0.019701,0.016213,,0
298,371,Scan: 1788798 Run: DIA12_CV486075:20251228_A2_N1_Mueller_MS_TechHub_IMP_THIDDIAXL003_Cas9_PhoX_DIA12_CV486075_250ng_FAIMS_003 P1_LSKSR P2_KDFQFYK 3 1,Q99ZW2,null,,false,Q99ZW2,null,,false,968,218,,9.425374,false,true,false,false,1,1,Self,0.02193,0.022225,0.122807,9.425374,,,,0,0,0,,0.019701,0.016213,,0
297,369,Scan: 733275 Run: DIA12_CV486075:20251228_A2_N1_Mueller_MS_TechHub_IMP_THIDDIAXL003_Cas9_PhoX_DIA12_CV486075_250ng_FAIMS_002 P1_KDLIIK P2_EKIEK 1 2,Q99ZW2,null,,false,Q99ZW2,null,,false,439,1192,,9.425325,false,true,false,false,1,1,Self,0.02193,0.022228,0.122807,,9.425325,,,0,0,0,,0.019701,0.016213,,0
296,368,Scan: 163170 Run: DIA12_CV486075:20251228_A2_N1_Mueller_MS_TechHub_IMP_THIDDIAXL003_Cas9_PhoX_DIA12_CV486075_250ng_FAIMS_001 P1_LKGSPEDNEQK P2_EDIQKAQVSGQGDSLHEHIANLAGSPAIK 2 5,Q99ZW2,null,,false,Q99ZW2,null,,false,710,1246,,9.425167,false,true,false,false,1,1,Self,0.02193,0.022239,0.122973,,,9.425167,,0,0,0,,0.019701,0.016213,,0
295,367,Scan: 1453676 Run: DIA12_CV486075:20251228_A2_N1_Mueller_MS_TechHub_IMP_THIDDIAXL003_Cas9_PhoX_DIA12_CV486075_250ng_FAIMS_003 P1_YKEIFFDQSK P2_MTNFDKNLPNEK 2 6,Q99ZW2,null,,false,Q99ZW2,null,,false,500,348,,9.423535,false,true,false,false,1,1,Self,0.02193,0.022357,0.123139,9.423535,9.335444,,,0,0,0,,0.019701,0.016213,,0
294,366,Scan: 242122 Run: DIA12_CV486075:20251228_A2_N1_Mueller_MS_TechHub_IMP_THIDDIAXL003_Cas9_PhoX_DIA12_CV486075_250ng_FAIMS_001 P1_FKVLGNTDR P2_DLIIKLPK 2 5,Q99ZW2,null,,false,Q99ZW2,null,,false,1197,33,,9.423394,false,true,false,false,1,1,Self,0.02193,0.022367,0.123139,,9.330444,9.423394,,0,0,0,,0.019701,0.016213,,0
293,364,Scan: 1211152 Run: DIA12_CV486075:20251228_A2_N1_Mueller_MS_TechHub_IMP_THIDDIAXL003_Cas9_PhoX_DIA12_CV486075_250ng_FAIMS_003 P1_SEQEIGKATAK P2_DKQSGK 7 2,Q99ZW2,null,,false,Q99ZW2,null,,false,673,1031,,9.423049,false,true,false,false,1,1,Self,0.02193,0.022392,0.123306,9.423049,,,,0,0,0,,0.019701,0.016213,,0
292,363,Scan: 1484997 Run: DIA12_CV486075:20251228_A2_N1_Mueller_MS_TechHub_IMP_THIDDIAXL003_Cas9_PhoX_DIA12_CV486075_250ng_FAIMS_003 P1_SKLVSDFR P2_RQEDFYPFLKDNR 2 10,Q99ZW2,null,,false,Q99ZW2,null,,false,434,961,,9.422342,false,true,false,false,1,1,Self,0.02193,0.022443,0.123306,9.422342,,,,0,0,0,,0.019701,0.016213,,0
291,362,Scan: 483502 Run: DIA12_CV486075:20251228_A2_N1_Mueller_MS_TechHub_IMP_THIDDIAXL003_Cas9_PhoX_DIA12_CV486075_250ng_FAIMS_001 P1_KGILQTVK P2_DLIIKLPK 1 5,Q99ZW2,null,,false,Q99ZW2,null,,false,1197,735,,9.422012,false,true,false,false,1,1,Self,0.02193,0.022467,0.123306,,,9.422012,,0,0,0,,0.019701,0.016213,,0
290,361,Scan: 1446593 Run: DIA12_CV486075:20251228_A2_N1_Mueller_MS_TechHub_IMP_THIDDIAXL003_Cas9_PhoX_DIA12_CV486075_250ng_FAIMS_003 P1_YDEHHQDLTLLKALVR P2_KGILQTVK 12 1,Q99ZW2,null,,false,Q99ZW2,null,,false,735,336,,9.421707,false,true,false,false,1,1,Self,0.02193,0.022489,0.123306,9.421707,,,,0,0,0,,0.019701,0.016213,,0
289,359,Scan: 1780687 Run: DIA12_CV486075:20251228_A2_N1_Mueller_MS_TechHub_IMP_THIDDIAXL003_Cas9_PhoX_DIA12_CV486075_250ng_FAIMS_003 P1_YDENDKLIR P2_KDWDPK 6 1,Q99ZW2,null,,false,Q99ZW2,null,,false,1124,948,,9.420861,false,true,false,false,1,1,Self,0.02193,0.02255,0.123474,9.420861,,,,0,0,0,,0.019701,0.016213,,0
288,358,Scan: 1118183 Run: DIA12_CV486075:20251228_A2_N1_Mueller_MS_TechHub_IMP_THIDDIAXL003_Cas9_PhoX_DIA12_CV486075_250ng_FAIMS_002 P1_KKDWDPK P2_ELGSQILKEHPVENTQLQNEK 1 8,Q99ZW2,null,,false,Q99ZW2,null,,false,797,1123,,9.420853,false,true,false,false,1,1,Self,0.02193,0.022551,0.123474,,9.420853,,,0,0,0,,0.019701,0.016213,,0
287,357,Scan: 405570 Run: DIA12_CV486075:20251228_A2_N1_Mueller_MS_TechHub_IMP_THIDDIAXL003_Cas9_PhoX_DIA12_CV486075_250ng_FAIMS_001 P1_KAIVDLLFK P2_DFQFYKVR 1 6,Q99ZW2,null,,false,Q99ZW2,null,,false,974,546,,9.420627,false,true,false,false,1,1,Self,0.02193,0.022567,0.123474,,,9.420627,,0,0,0,,0.019701,0.016213,,0
286,356,Scan: 1391199 Run: DIA12_CV486075:20251228_A2_N1_Mueller_MS_TechHub_IMP_THIDDIAXL003_Cas9_PhoX_DIA12_CV486075_250ng_FAIMS_003 P1_YTSTKEVLDATLIHQSITGLYETR P2_KPLISER 5 1,decoy:Q99ZW2,decoydecoy:null,decoy:,true,Q99ZW2,null,,false,1108,1340,,9.420594,true,false,true,false,1,1,Self,0.022569,0.02278,0.123474,9.420594,,,,1,0,1,,0.020281,0.016677,,2
285,355,Scan: 260244 Run: DIA12_CV486075:20251228_A2_N1_Mueller_MS_TechHub_IMP_THIDDIAXL003_Cas9_PhoX_DIA12_CV486075_250ng_FAIMS_001 P1_YKEIFFDQSK P2_VMKQLK 2 3,Q99ZW2,null,,false,Q99ZW2,null,,false,649,348,,9.42024,false,true,false,false,1,1,Self,0.022569,0.022615,0.123641,8.904819,,9.42024,,0,0,0,,0.020281,0.016677,,0
284,354,Scan: 1211245 Run: DIA12_CV486075:20251228_A2_N1_Mueller_MS_TechHub_IMP_THIDDIAXL003_Cas9_PhoX_DIA12_CV486075_250ng_FAIMS_003 P1_SEQEIGKATAK P2_GILQTVKVVDELVK 7 7,Q99ZW2,null,,false,Q99ZW2,null,,false,742,1031,,9.420092,false,true,false,false,1,1,Self,0.022569,0.022635,0.123641,9.420092,,,,0,0,0,,0.020281,0.016677,,0
283,352,Scan: 1394007 Run: DIA12_CV486075:20251228_A2_N1_Mueller_MS_TechHub_IMP_THIDDIAXL003_Cas9_PhoX_DIA12_CV486075_250ng_FAIMS_003 P1_YTSTKEVLDATLIHQSITGLYETR P2_KLINGIR 5 1,Q99ZW2,null,,false,Q99ZW2,null,,false,665,1340,,9.419687,false,true,false,false,1,1,Self,0.022569,0.022687,0.123641,9.419687,,,,0,0,0,,0.020281,0.016677,,0
282,351,Scan: 1411953 Run: DIA12_CV486075:20251228_A2_N1_Mueller_MS_TechHub_IMP_THIDDIAXL003_Cas9_PhoX_DIA12_CV486075_250ng_FAIMS_003 P1_RLENLIAQLPGEKK P2_QLLNAKLITQR 13 6,Q99ZW2,null,,false,Q99ZW2,null,,false,890,233,,9.419612,false,true,false,false,1,1,Self,0.022569,0.022697,0.123641,9.419612,,,,0,0,0,,0.020281,0.016677,,0
281,349,Scan: 1412302 Run: DIA12_CV486075:20251228_A2_N1_Mueller_MS_TechHub_IMP_THIDDIAXL003_Cas9_PhoX_DIA12_CV486075_250ng_FAIMS_003 P1_NSDKLIAR P2_KNGLFGNLIALSLGLTPNFK 4 1,Q99ZW2,null,,false,Q99ZW2,null,,false,234,1118,,9.419552,false,true,false,false,1,1,Self,0.022569,0.022705,0.123641,9.419552,,,,0,0,0,,0.020281,0.016677,,0
280,348,Scan: 1704367 Run: DIA12_CV486075:20251228_A2_N1_Mueller_MS_TechHub_IMP_THIDDIAXL003_Cas9_PhoX_DIA12_CV486075_250ng_FAIMS_003 P1_KLVDSTDK P2_ENQTTQKGQK 1 7,Q99ZW2,null,,false,Q99ZW2,null,,false,772,141,,9.419272,false,true,false,false,1,1,Self,0.022569,0.022741,0.123641,9.419272,,,,0,0,0,,0.020281,0.016677,,0
279,347,Scan: 1210807 Run: DIA12_CV486075:20251228_A2_N1_Mueller_MS_TechHub_IMP_THIDDIAXL003_Cas9_PhoX_DIA12_CV486075_250ng_FAIMS_003 P1_SEQEIGKATAK P2_SEETITPWNFEEVVDKGASAQSFIER 7 16,Q99ZW2,null,,false,Q99ZW2,null,,false,484,1031,,9.418934,false,true,false,false,1,1,Self,0.022569,0.022785,0.123641,9.418934,,,,0,0,0,,0.020281,0.016677,,0
278,345,Scan: 826022 Run: DIA12_CV486075:20251228_A2_N1_Mueller_MS_TechHub_IMP_THIDDIAXL003_Cas9_PhoX_DIA12_CV486075_250ng_FAIMS_002 P1_SNFDLAEDAKLQLSK P2_GQKNSR 10 3,Q99ZW2,null,,false,Q99ZW2,null,,false,775,263,,9.417527,false,true,false,false,1,1,Self,0.022569,0.022968,0.123641,,9.417527,,,0,0,0,,0.020281,0.016677,,0
277,344,Scan: 679702 Run: DIA12_CV486075:20251228_A2_N1_Mueller_MS_TechHub_IMP_THIDDIAXL003_Cas9_PhoX_DIA12_CV486075_250ng_FAIMS_002 P1_NSDKLIAR P2_LEESFLVEEDKK 4 11,Q99ZW2,null,,false,Q99ZW2,null,,false,111,1118,,9.417207,false,true,false,false,1,1,Self,0.022569,0.023009,0.123641,,9.417207,,,0,0,0,,0.020281,0.016677,,0
276,343,Scan: 560953 Run: DIA12_CV486075:20251228_A2_N1_Mueller_MS_TechHub_IMP_THIDDIAXL003_Cas9_PhoX_DIA12_CV486075_250ng_FAIMS_001 P1_KFDNLTK P2_DLIIKLPK 1 5,Q99ZW2,null,,false,Q99ZW2,null,,false,1197,896,,9.416813,false,true,false,false,1,1,Self,0.022569,0.02306,0.123978,,,9.416813,,0,0,0,,0.020281,0.016677,,0
275,342,Scan: 1008301 Run: DIA12_CV486075:20251228_A2_N1_Mueller_MS_TechHub_IMP_THIDDIAXL003_Cas9_PhoX_DIA12_CV486075_250ng_FAIMS_002 P1_LKTYAHLFDDK P2_KVTVK 2 1,Q99ZW2,null,,false,Q99ZW2,null,,false,558,637,,9.416509,false,true,false,false,1,1,Self,0.022569,0.0231,0.123978,,9.416509,,,0,0,0,,0.020281,0.016677,,0
273,339,Scan: 811650 Run: DIA12_CV486075:20251228_A2_N1_Mueller_MS_TechHub_IMP_THIDDIAXL003_Cas9_PhoX_DIA12_CV486075_250ng_FAIMS_002 P1_LENLIAQLPGEKK P2_KNGLFGNLIALSLGLTPNFK 12 1,Q99ZW2,null,,false,Q99ZW2,null,,false,234,233,,9.414811,false,true,false,false,1,1,Self,0.022569,0.02332,0.124317,,9.414811,,,0,0,0,,0.020281,0.016677,,0
272,338,Scan: 1011449 Run: DIA12_CV486075:20251228_A2_N1_Mueller_MS_TechHub_IMP_THIDDIAXL003_Cas9_PhoX_DIA12_CV486075_250ng_FAIMS_002 P1_IEKILTFR P2_FYDEKLQK 3 5,decoy:Q99ZW2,decoydecoy:null,decoy:,true,Q99ZW2,null,,false,567,442,,9.414378,true,false,true,false,1,1,Self,0.023377,0.023912,0.124317,,9.414378,,,1,0,1,,0.021012,0.017286,,2
271,337,Scan: 372722 Run: DIA12_CV486075:20251228_A2_N1_Mueller_MS_TechHub_IMP_THIDDIAXL003_Cas9_PhoX_DIA12_CV486075_250ng_FAIMS_001 P1_HSLLYEYFTVYNELTKVK P2_FKVLGNTDR 16 2,Q99ZW2,null,,false,Q99ZW2,null,,false,33,526,,9.41402,false,true,false,false,1,1,Self,0.023377,0.023622,0.124487,,,9.41402,,0,0,0,,0.021012,0.017286,,0
270,336,Scan: 1792178 Run: DIA12_CV486075:20251228_A2_N1_Mueller_MS_TechHub_IMP_THIDDIAXL003_Cas9_PhoX_DIA12_CV486075_250ng_FAIMS_003 P1_KDFQFYK P2_EINNYHHAHDAYLNAVVGTALIKK 1 23,Q99ZW2,null,,false,Q99ZW2,null,,false,999,968,,9.413912,false,true,false,false,1,1,Self,0.023377,0.023696,0.124658,9.413912,,,,0,0,0,,0.021012,0.017286,,0
269,335,Scan: 1203378 Run: DIA12_CV486075:20251228_A2_N1_Mueller_MS_TechHub_IMP_THIDDIAXL003_Cas9_PhoX_DIA12_CV486075_250ng_FAIMS_003 P1_SEQEIGKATAK P2_KMIAK 7 1,Q99ZW2,null,,false,Q99ZW2,null,,false,1020,1031,,9.413608,false,true,false,false,1,1,Self,0.023377,0.023905,0.125172,9.413608,9.023666,,,0,0,0,,0.021012,0.017286,,0
268,334,Scan: 1123256 Run: DIA12_CV486075:20251228_A2_N1_Mueller_MS_TechHub_IMP_THIDDIAXL003_Cas9_PhoX_DIA12_CV486075_250ng_FAIMS_002 P1_SNKQGR P2_ELGSQILKEHPVENTQLQNEK 3 8,Q99ZW2,null,,false,decoy:Q99ZW2,decoydecoy:null,decoy:,true,797,775,,9.413238,true,false,true,false,1,1,Self,0.024159,0.023795,0.125517,,9.413238,,,0,1,1,,0.021722,0.017869,,2
267,333,Scan: 561226 Run: DIA12_CV486075:20251228_A2_N1_Mueller_MS_TechHub_IMP_THIDDIAXL003_Cas9_PhoX_DIA12_CV486075_250ng_FAIMS_001 P1_KGILQTVK P2_KFDNLTK 1 1,Q99ZW2,null,,false,Q99ZW2,null,,false,896,735,,9.413163,false,true,false,false,1,1,Self,0.024159,0.024178,0.125517,,,9.413163,,0,0,0,,0.021722,0.017869,,0
266,332,Scan: 1508491 Run: DIA12_CV486075:20251228_A2_N1_Mueller_MS_TechHub_IMP_THIDDIAXL003_Cas9_PhoX_DIA12_CV486075_250ng_FAIMS_003 P1_KSEETITPWNFEEVVDK P2_ELGSQILKEHPVENTQLQNEK 1 8,Q99ZW2,null,,false,Q99ZW2,null,,false,797,468,,9.412965,false,true,false,false,1,1,Self,0.024159,0.024228,0.125517,9.412965,,,,0,0,0,,0.021722,0.017869,,0
265,331,Scan: 198873 Run: DIA12_CV486075:20251228_A2_N1_Mueller_MS_TechHub_IMP_THIDDIAXL003_Cas9_PhoX_DIA12_CV486075_250ng_FAIMS_001 P1_YTSTKEVLDATLIHQSITGLYETR P2_IEKILTFR 5 3,Q99ZW2,null,,false,Q99ZW2,null,,false,442,1340,,9.412639,false,true,false,false,1,1,Self,0.024159,0.024311,0.125517,,,9.412639,,0,0,0,,0.021722,0.017869,,0
264,329,Scan: 612365 Run: DIA12_CV486075:20251228_A2_N1_Mueller_MS_TechHub_IMP_THIDDIAXL003_Cas9_PhoX_DIA12_CV486075_250ng_FAIMS_002 P1_SEQEIGKATAK P2_KDWDPK 7 1,Q99ZW2,null,,false,Q99ZW2,null,,false,1124,1031,,9.410637,false,true,false,false,1,1,Self,0.024159,0.02482,0.125691,,9.410637,,,0,0,0,,0.021722,0.017869,,0
263,328,Scan: 513121 Run: DIA12_CV486075:20251228_A2_N1_Mueller_MS_TechHub_IMP_THIDDIAXL003_Cas9_PhoX_DIA12_CV486075_250ng_FAIMS_001 P1_SNKQGR P2_DDSIDNKVLTR 3 7,Q99ZW2,null,,false,decoy:Q99ZW2,decoydecoy:null,decoy:,true,855,775,,9.410014,true,false,true,false,1,1,Self,0.024978,0.024996,0.125691,,,9.410014,,0,1,1,,0.022428,0.01846,,2
261,326,Scan: 1561343 Run: DIA12_CV486075:20251228_A2_N1_Mueller_MS_TechHub_IMP_THIDDIAXL003_Cas9_PhoX_DIA12_CV486075_250ng_FAIMS_003 P1_VLPKHSLLYEYFTVYNELTK P2_KDFQFYK 4 1,Q99ZW2,null,,false,Q99ZW2,null,,false,968,510,,9.408243,false,true,false,false,1,1,Self,0.024978,0.025449,0.125864,9.408243,,,,0,0,0,,0.022428,0.01846,,0
260,325,Scan: 1719507 Run: DIA12_CV486075:20251228_A2_N1_Mueller_MS_TechHub_IMP_THIDDIAXL003_Cas9_PhoX_DIA12_CV486075_250ng_FAIMS_003 P1_ELGSQILKEHPVENTQLQNEK P2_DKQSGK 8 2,Q99ZW2,null,,false,Q99ZW2,null,,false,673,797,,9.407993,false,true,false,false,1,1,Self,0.024978,0.025515,0.125864,9.407993,,,,0,0,0,,0.022428,0.01846,,0
258,323,Scan: 1330610 Run: DIA12_CV486075:20251228_A2_N1_Mueller_MS_TechHub_IMP_THIDDIAXL003_Cas9_PhoX_DIA12_CV486075_250ng_FAIMS_003 P1_YKEPLQQK P2_KDLIIK 2 1,Q99ZW2,null,,false,decoy:Q99ZW2,decoydecoy:null,decoy:,true,1192,342,,9.407106,true,false,true,false,1,1,Self,0.025751,0.026001,0.125864,9.407106,,,,0,1,1,,0.02313,0.019036,,2
257,322,Scan: 510428 Run: DIA12_CV486075:20251228_A2_N1_Mueller_MS_TechHub_IMP_THIDDIAXL003_Cas9_PhoX_DIA12_CV486075_250ng_FAIMS_001 P1_ENQTTQKGQK P2_ENQTTQKGQK 7 7,Q99ZW2,null,,false,Q99ZW2,null,,false,772,772,,9.406987,false,true,false,false,1,1,Self,0.025751,0.025811,0.125864,,,9.406987,,0,0,0,,0.02313,0.019036,,0
256,321,Scan: 873566 Run: DIA12_CV486075:20251228_A2_N1_Mueller_MS_TechHub_IMP_THIDDIAXL003_Cas9_PhoX_DIA12_CV486075_250ng_FAIMS_002 P1_QQLPEKYK P2_FIKPILEKMDGTEELLVK 6 3,Q99ZW2,null,,false,Q99ZW2,null,,false,377,346,,9.406453,false,true,false,false,1,1,Self,0.025751,0.026079,0.125864,,9.406453,,,0,0,0,,0.02313,0.019036,,0
255,320,Scan: 785916 Run: DIA12_CV486075:20251228_A2_N1_Mueller_MS_TechHub_IMP_THIDDIAXL003_Cas9_PhoX_DIA12_CV486075_250ng_FAIMS_002 P1_KKLVDSTDK P2_HPIFGNIVDEVAYHEKYPTIYHLR 1 16,Q99ZW2,null,,false,Q99ZW2,null,,false,131,140,,9.406336,false,true,false,false,1,1,Self,0.025751,0.026137,0.125864,,9.406336,,,0,0,0,,0.02313,0.019036,,0
254,319,Scan: 556644 Run: DIA12_CV486075:20251228_A2_N1_Mueller_MS_TechHub_IMP_THIDDIAXL003_Cas9_PhoX_DIA12_CV486075_250ng_FAIMS_001 P1_SDKNR P2_MKNYWR 3 2,Q99ZW2,null,,false,Q99ZW2,null,,false,880,862,,9.406194,false,true,false,false,1,1,Self,0.025751,0.026208,0.125864,,,9.406194,,0,0,0,,0.02313,0.019036,,0
253,317,Scan: 761326 Run: DIA12_CV486075:20251228_A2_N1_Mueller_MS_TechHub_IMP_THIDDIAXL003_Cas9_PhoX_DIA12_CV486075_250ng_FAIMS_002 P1_LKGSPEDNEQK P2_GNQLYYLYLKENQLQTNEVPHER 2 10,decoy:Q99ZW2,decoydecoy:null,decoy:,true,Q99ZW2,null,,false,807,1246,,9.40544,true,false,true,false,1,1,Self,0.026587,0.026388,0.125864,,9.40544,9.177686,,1,0,1,,0.023883,0.019645,,2
252,315,Scan: 801371 Run: DIA12_CV486075:20251228_A2_N1_Mueller_MS_TechHub_IMP_THIDDIAXL003_Cas9_PhoX_DIA12_CV486075_250ng_FAIMS_002 P1_LKGSPEDNEQK P2_KLVDSTDK 2 1,Q99ZW2,null,,false,Q99ZW2,null,,false,141,1246,,9.404539,false,true,false,false,1,1,Self,0.026587,0.026856,0.126214,,9.404539,,,0,0,0,,0.023883,0.019645,,0
251,314,Scan: 76137 Run: DIA12_CV486075:20251228_A2_N1_Mueller_MS_TechHub_IMP_THIDDIAXL003_Cas9_PhoX_DIA12_CV486075_250ng_FAIMS_001 P1_KPLISER P2_KLINGIR 1 1,Q99ZW2,null,,false,decoy:Q99ZW2,decoydecoy:null,decoy:,true,665,1108,,9.403043,true,false,true,false,1,1,Self,0.027304,0.027127,0.126389,,,9.403043,,0,1,1,,0.024465,0.020151,,2
250,313,Scan: 804916 Run: DIA12_CV486075:20251228_A2_N1_Mueller_MS_TechHub_IMP_THIDDIAXL003_Cas9_PhoX_DIA12_CV486075_250ng_FAIMS_002 P1_LVDSTDKADLR P2_LSKSR 7 3,Q99ZW2,null,,false,Q99ZW2,null,,false,218,148,,9.402883,false,true,false,false,1,1,Self,0.027304,0.027334,0.126389,,9.402883,,,0,0,0,,0.024465,0.020151,,0
249,312,Scan: 1233452 Run: DIA12_CV486075:20251228_A2_N1_Mueller_MS_TechHub_IMP_THIDDIAXL003_Cas9_PhoX_DIA12_CV486075_250ng_FAIMS_003 P1_KTEVQTGGFSK P2_FIKPILEK 1 3,Q99ZW2,null,,false,Q99ZW2,null,,false,377,1097,,9.402509,false,true,false,false,1,1,Self,0.027304,0.027404,0.126565,9.402509,,,,0,0,0,,0.024465,0.020151,,0
247,310,Scan: 1203434 Run: DIA12_CV486075:20251228_A2_N1_Mueller_MS_TechHub_IMP_THIDDIAXL003_Cas9_PhoX_DIA12_CV486075_250ng_FAIMS_003 P1_NSDKLIAR P2_KMIAK 4 1,Q99ZW2,null,,false,Q99ZW2,null,,false,1020,1118,,9.401332,false,true,false,false,1,1,Self,0.027304,0.027624,0.126565,9.401332,,,,0,0,0,,0.024465,0.020151,,0
246,309,Scan: 504172 Run: DIA12_CV486075:20251228_A2_N1_Mueller_MS_TechHub_IMP_THIDDIAXL003_Cas9_PhoX_DIA12_CV486075_250ng_FAIMS_001 P1_VVDELVKVMGR P2_KPAFLSGEQK 7 1,Q99ZW2,null,,false,Q99ZW2,null,,false,536,749,,9.401293,false,true,false,false,1,1,Self,0.027304,0.027631,0.126565,,,9.401293,,0,0,0,,0.024465,0.020151,,0
245,308,Scan: 1598666 Run: DIA12_CV486075:20251228_A2_N1_Mueller_MS_TechHub_IMP_THIDDIAXL003_Cas9_PhoX_DIA12_CV486075_250ng_FAIMS_003 P1_KPAFLSGEQKK P2_DKQSGK 10 2,Q99ZW2,null,,false,Q99ZW2,null,,false,673,545,,9.400092,false,true,false,false,1,1,Self,0.027304,0.027855,0.126741,9.400092,8.845598,,,0,0,0,,0.024465,0.020151,,0
243,306,Scan: 1764456 Run: DIA12_CV486075:20251228_A2_N1_Mueller_MS_TechHub_IMP_THIDDIAXL003_Cas9_PhoX_DIA12_CV486075_250ng_FAIMS_003 P1_GGLSELDKAGFIK P2_EVKVITLK 8 3,Q99ZW2,null,,false,Q99ZW2,null,,false,954,913,,9.399165,false,true,false,false,1,1,Self,0.027304,0.028029,0.126741,9.399165,,,,0,0,0,,0.024465,0.020151,,0
240,303,Scan: 1553809 Run: DIA12_CV486075:20251228_A2_N1_Mueller_MS_TechHub_IMP_THIDDIAXL003_Cas9_PhoX_DIA12_CV486075_250ng_FAIMS_003 P1_ENPLNKDFNTMK P2_EDIQKAQVSGQGDSLHEHIANLAGSPAIK 6 5,Q99ZW2,null,,false,decoy:Q99ZW2,decoydecoy:null,decoy:,true,710,500,,9.398479,true,false,true,false,1,1,Self,0.028157,0.028586,0.126918,9.398479,,,,0,1,1,,0.025229,0.020768,,2
239,301,Scan: 1172010 Run: DIA12_CV486075:20251228_A2_N1_Mueller_MS_TechHub_IMP_THIDDIAXL003_Cas9_PhoX_DIA12_CV486075_250ng_FAIMS_002 P1_TEVLQRKIFGAKDLESLGGR P2_QITKHVAQILDSR 7 4,Q99ZW2,null,,false,decoy:Q99ZW2,decoydecoy:null,decoy:,true,929,912,,9.397056,true,false,true,false,1,1,Self,0.028986,0.029234,0.127451,,9.397056,,,0,1,1,,0.025974,0.02137,,2
238,299,Scan: 1451504 Run: DIA12_CV486075:20251228_A2_N1_Mueller_MS_TechHub_IMP_THIDDIAXL003_Cas9_PhoX_DIA12_CV486075_250ng_FAIMS_003 P1_YKEIFFDQSK P2_VNTEITKAPLSASMIK 2 7,Q99ZW2,null,,false,Q99ZW2,null,,false,314,348,,9.396699,false,true,false,false,1,1,Self,0.028986,0.029376,0.12763,9.396699,,,,0,0,0,,0.025974,0.02137,,0
237,298,Scan: 1608749 Run: DIA12_CV486075:20251228_A2_N1_Mueller_MS_TechHub_IMP_THIDDIAXL003_Cas9_PhoX_DIA12_CV486075_250ng_FAIMS_003 P1_LKGSPEDNEQK P2_FYDEKLQK 2 5,decoy:Q99ZW2,decoydecoy:null,decoy:,true,Q99ZW2,null,,false,567,1246,,9.396324,true,false,true,false,1,1,Self,0.029787,0.029741,0.12763,9.396324,,,,1,0,1,,0.026697,0.021971,,2
236,297,Scan: 540605 Run: DIA12_CV486075:20251228_A2_N1_Mueller_MS_TechHub_IMP_THIDDIAXL003_Cas9_PhoX_DIA12_CV486075_250ng_FAIMS_001 P1_KRPLIETNGETGEIVWDK P2_DDSIDNKVLTR 1 7,Q99ZW2,null,,false,Q99ZW2,null,,false,855,1059,,9.396089,false,true,false,false,1,1,Self,0.029787,0.030014,0.127809,,,9.396089,,0,0,0,,0.026697,0.021971,,0
235,296,Scan: 759567 Run: DIA12_CV486075:20251228_A2_N1_Mueller_MS_TechHub_IMP_THIDDIAXL003_Cas9_PhoX_DIA12_CV486075_250ng_FAIMS_002 P1_LKGSPEDNEQK P2_LKGSPEDNEQK 2 2,Q99ZW2,null,,false,Q99ZW2,null,,false,1246,1246,,9.395622,false,true,false,false,1,1,Self,0.029787,0.030467,0.127989,,9.395622,,,0,0,0,,0.026697,0.021971,,0
234,295,Scan: 353785 Run: DIA12_CV486075:20251228_A2_N1_Mueller_MS_TechHub_IMP_THIDDIAXL003_Cas9_PhoX_DIA12_CV486075_250ng_FAIMS_001 P1_SSFEKNPIDFLEAK P2_ENPLNKDFNTMK 5 6,decoy:Q99ZW2,decoydecoy:null,decoy:,true,Q99ZW2,null,,false,500,1176,,9.39558,true,false,true,false,1,1,Self,0.030508,0.030001,0.127989,8.901999,8.691005,9.39558,,1,0,1,,0.027314,0.022472,,2
233,294,Scan: 1330064 Run: DIA12_CV486075:20251228_A2_N1_Mueller_MS_TechHub_IMP_THIDDIAXL003_Cas9_PhoX_DIA12_CV486075_250ng_FAIMS_003 P1_GYKEVK P2_DKQSGK 3 2,Q99ZW2,null,,false,Q99ZW2,null,,false,673,1188,,9.395265,false,true,false,false,1,1,Self,0.030508,0.030562,0.127989,9.395265,,,,0,0,0,,0.027314,0.022472,,0
231,292,Scan: 1158956 Run: DIA12_CV486075:20251228_A2_N1_Mueller_MS_TechHub_IMP_THIDDIAXL003_Cas9_PhoX_DIA12_CV486075_250ng_FAIMS_002 P1_KFDNLTK P2_KFDNLTK 1 1,Q99ZW2,null,,false,Q99ZW2,null,,false,896,896,,9.394496,false,true,false,false,1,1,Self,0.030508,0.030693,0.128169,,9.394496,,,0,0,0,,0.027314,0.022472,,0
230,291,Scan: 1692812 Run: DIA12_CV486075:20251228_A2_N1_Mueller_MS_TechHub_IMP_THIDDIAXL003_Cas9_PhoX_DIA12_CV486075_250ng_FAIMS_003 P1_GILQTVKVVDELVK P2_EHPVENTQLQNEKLYLYYLQNGR 7 13,Q99ZW2,null,,false,Q99ZW2,null,,false,810,742,,9.394248,false,true,false,false,1,1,Self,0.030508,0.030735,0.128169,9.394248,,,,0,0,0,,0.027314,0.022472,,0
228,287,Scan: 588392 Run: DIA12_CV486075:20251228_A2_N1_Mueller_MS_TechHub_IMP_THIDDIAXL003_Cas9_PhoX_DIA12_CV486075_250ng_FAIMS_001 P1_SKLVSDFR P2_DKPIR 2 2,Q99ZW2,null,,false,Q99ZW2,null,,false,1300,961,,9.391901,false,true,false,false,1,1,Self,0.030508,0.031135,0.129078,,,9.391901,,0,0,0,,0.027314,0.022472,,0
227,286,Scan: 1194276 Run: DIA12_CV486075:20251228_A2_N1_Mueller_MS_TechHub_IMP_THIDDIAXL003_Cas9_PhoX_DIA12_CV486075_250ng_FAIMS_002 P1_GQKNSR P2_DFQFYKVR 3 6,Q99ZW2,null,,false,Q99ZW2,null,,false,974,775,,9.391476,false,true,false,false,1,1,Self,0.030508,0.031207,0.129078,,9.391476,,,0,0,0,,0.027314,0.022472,,0
226,285,Scan: 1499634 Run: DIA12_CV486075:20251228_A2_N1_Mueller_MS_TechHub_IMP_THIDDIAXL003_Cas9_PhoX_DIA12_CV486075_250ng_FAIMS_003 P1_VLAKLLTLDQHHEDYR P2_KSEETITPWNFEEVVDK 4 1,Q99ZW2,null,,false,decoy:Q99ZW2,decoydecoy:null,decoy:,true,468,328,,9.391223,true,false,true,false,1,1,Self,0.03125,0.03128,0.129078,9.391223,,,,0,1,1,,0.027967,0.022996,,2
225,284,Scan: 1610000 Run: DIA12_CV486075:20251228_A2_N1_Mueller_MS_TechHub_IMP_THIDDIAXL003_Cas9_PhoX_DIA12_CV486075_250ng_FAIMS_003 P1_YDEHHQDLTLLKALVR P2_KIECFDSVEISGVEDR 12 1,Q99ZW2,null,,false,Q99ZW2,null,,false,571,336,,9.389885,false,true,false,false,1,1,Self,0.03125,0.031496,0.129445,9.389885,,,,0,0,0,,0.027967,0.022996,,0
223,282,Scan: 1704153 Run: DIA12_CV486075:20251228_A2_N1_Mueller_MS_TechHub_IMP_THIDDIAXL003_Cas9_PhoX_DIA12_CV486075_250ng_FAIMS_003 P1_KDLIIK P2_ENQTTQKGQK 1 7,Q99ZW2,null,,false,Q99ZW2,null,,false,772,1192,,9.388706,false,true,false,false,1,1,Self,0.03125,0.031712,0.129445,9.388706,8.577599,,,0,0,0,,0.027967,0.022996,,0
222,281,Scan: 1675768 Run: DIA12_CV486075:20251228_A2_N1_Mueller_MS_TechHub_IMP_THIDDIAXL003_Cas9_PhoX_DIA12_CV486075_250ng_FAIMS_003 P1_TEVQTGGFSKESILPK P2_AQVSGQGDSLHEHIANLAGSPAIKK 10 24,Q99ZW2,null,,false,Q99ZW2,null,,false,734,1107,,9.388513,false,true,false,false,1,1,Self,0.03125,0.031748,0.129445,9.388513,,,,0,0,0,,0.027967,0.022996,,0
221,280,Scan: 811248 Run: DIA12_CV486075:20251228_A2_N1_Mueller_MS_TechHub_IMP_THIDDIAXL003_Cas9_PhoX_DIA12_CV486075_250ng_FAIMS_002 P1_LENLIAQLPGEKK P2_KKDWDPK 12 1,Q99ZW2,null,,false,Q99ZW2,null,,false,1123,233,,9.387945,false,true,false,false,1,1,Self,0.03125,0.031852,0.129445,,9.387945,,,0,0,0,,0.027967,0.022996,,0
220,277,Scan: 1350616 Run: DIA12_CV486075:20251228_A2_N1_Mueller_MS_TechHub_IMP_THIDDIAXL003_Cas9_PhoX_DIA12_CV486075_250ng_FAIMS_003 P1_KPLISER P2_GNELALPSKYVNFLYLASHYEK 1 9,Q99ZW2,null,,false,decoy:Q99ZW2,decoydecoy:null,decoy:,true,1231,1108,,9.386626,true,false,true,false,1,1,Self,0.032095,0.032676,0.129815,9.386626,,,,0,1,1,,0.028723,0.023617,,2
219,276,Scan: 1392962 Run: DIA12_CV486075:20251228_A2_N1_Mueller_MS_TechHub_IMP_THIDDIAXL003_Cas9_PhoX_DIA12_CV486075_250ng_FAIMS_003 P1_YTSTKEVLDATLIHQSITGLYETR P2_HQEVFLQKQENDEPSGK 5 8,decoy:Q99ZW2,decoydecoy:null,decoy:,true,Q99ZW2,null,,false,1254,1340,,9.386491,true,false,true,false,1,1,Self,0.032718,0.032136,0.129815,9.386491,,,,1,0,1,,0.029257,0.024074,,2
218,275,Scan: 741774 Run: DIA12_CV486075:20251228_A2_N1_Mueller_MS_TechHub_IMP_THIDDIAXL003_Cas9_PhoX_DIA12_CV486075_250ng_FAIMS_002 P1_LPKYSLFELENGR P2_GYKEVK 3 3,Q99ZW2,null,,false,Q99ZW2,null,,false,1188,1200,,9.386208,false,true,false,false,1,1,Self,0.032718,0.032769,0.129815,,9.386208,,,0,0,0,,0.029257,0.024074,,0
217,274,Scan: 1768063 Run: DIA12_CV486075:20251228_A2_N1_Mueller_MS_TechHub_IMP_THIDDIAXL003_Cas9_PhoX_DIA12_CV486075_250ng_FAIMS_003 P1_QITKHVAQILDSR P2_DKQSGK 4 2,Q99ZW2,null,,false,Q99ZW2,null,,false,673,929,,9.386078,false,true,false,false,1,1,Self,0.032718,0.032792,0.129815,9.386078,,,,0,0,0,,0.029257,0.024074,,0
216,273,Scan: 1486532 Run: DIA12_CV486075:20251228_A2_N1_Mueller_MS_TechHub_IMP_THIDDIAXL003_Cas9_PhoX_DIA12_CV486075_250ng_FAIMS_003 P1_QQLPEKYK P2_IEKILTFR 6 3,Q99ZW2,null,,false,Q99ZW2,null,,false,442,346,,9.385289,false,true,false,false,1,1,Self,0.032718,0.032933,0.13,9.385289,,,,0,0,0,,0.029257,0.024074,,0
215,272,Scan: 1676325 Run: DIA12_CV486075:20251228_A2_N1_Mueller_MS_TechHub_IMP_THIDDIAXL003_Cas9_PhoX_DIA12_CV486075_250ng_FAIMS_003 P1_SEETITPWNFEEVVDKGASAQSFIER P2_AQVSGQGDSLHEHIANLAGSPAIKK 16 24,Q99ZW2,null,,false,Q99ZW2,null,,false,734,484,,9.384653,false,true,false,false,1,1,Self,0.032718,0.033047,0.13,9.384653,,,,0,0,0,,0.029257,0.024074,,0
213,270,Scan: 1448770 Run: DIA12_CV486075:20251228_A2_N1_Mueller_MS_TechHub_IMP_THIDDIAXL003_Cas9_PhoX_DIA12_CV486075_250ng_FAIMS_003 P1_YKEIFFDQSK P2_KVLSMPQVNIVK 2 1,Q99ZW2,null,,false,Q99ZW2,null,,false,1085,348,,9.384247,false,true,false,false,1,1,Self,0.032718,0.03312,0.130186,9.384247,,,,0,0,0,,0.029257,0.024074,,0
212,269,Scan: 216692 Run: DIA12_CV486075:20251228_A2_N1_Mueller_MS_TechHub_IMP_THIDDIAXL003_Cas9_PhoX_DIA12_CV486075_250ng_FAIMS_001 P1_LENLIAQLPGEKK P2_ELGSQILKEHPVENTQLQNEK 12 8,Q99ZW2,null,,false,Q99ZW2,null,,false,797,233,,9.38375,false,true,false,false,1,1,Self,0.032718,0.033209,0.130372,,,9.38375,,0,0,0,,0.029257,0.024074,,0
211,267,Scan: 536266 Run: DIA12_CV486075:20251228_A2_N1_Mueller_MS_TechHub_IMP_THIDDIAXL003_Cas9_PhoX_DIA12_CV486075_250ng_FAIMS_001 P1_YVNFLYLASHYEKLK P2_EHPVENTQLQNEKLYLYYLQNGR 13 13,Q99ZW2,null,,false,Q99ZW2,null,,false,810,1244,,9.382701,false,true,false,false,1,1,Self,0.032718,0.033397,0.13056,,,9.382701,,0,0,0,,0.029257,0.024074,,0
210,266,Scan: 1002818 Run: DIA12_CV486075:20251228_A2_N1_Mueller_MS_TechHub_IMP_THIDDIAXL003_Cas9_PhoX_DIA12_CV486075_250ng_FAIMS_002 P1_MKNYWR P2_KAIVDLLFK 2 1,Q99ZW2,null,,false,Q99ZW2,null,,false,546,880,,9.382033,false,true,false,false,1,1,Self,0.032718,0.033516,0.13056,,9.382033,,,0,0,0,,0.029257,0.024074,,0
208,264,Scan: 1213598 Run: DIA12_CV486075:20251228_A2_N1_Mueller_MS_TechHub_IMP_THIDDIAXL003_Cas9_PhoX_DIA12_CV486075_250ng_FAIMS_003 P1_VLPKHSLLYEYFTVYNELTK P2_EHKKDEEVLFSEELR 4 4,decoy:Q99ZW2,decoydecoy:null,decoy:,true,Q99ZW2,null,,false,104,510,,9.381804,true,false,true,false,1,1,Self,0.033557,0.034184,0.13056,9.381804,,,,1,0,1,,0.030008,0.024691,,2
207,263,Scan: 1005353 Run: DIA12_CV486075:20251228_A2_N1_Mueller_MS_TechHub_IMP_THIDDIAXL003_Cas9_PhoX_DIA12_CV486075_250ng_FAIMS_002 P1_KPAFLSGEQK P2_FLLDVIAKK 1 8,decoy:Q99ZW2,decoydecoy:null,decoy:,true,Q99ZW2,null,,false,553,536,,9.381219,true,false,true,false,1,1,Self,0.034367,0.034288,0.130747,,9.381219,,,1,0,1,,0.030735,0.025293,,2
206,262,Scan: 85662 Run: DIA12_CV486075:20251228_A2_N1_Mueller_MS_TechHub_IMP_THIDDIAXL003_Cas9_PhoX_DIA12_CV486075_250ng_FAIMS_001 P1_NSDKLIAR P2_GYKEVK 4 3,Q99ZW2,null,,false,Q99ZW2,null,,false,1188,1118,,9.380996,false,true,false,false,1,1,Self,0.034367,0.034616,0.130747,,,9.380996,,0,0,0,,0.030735,0.025293,,0
205,261,Scan: 1552012 Run: DIA12_CV486075:20251228_A2_N1_Mueller_MS_TechHub_IMP_THIDDIAXL003_Cas9_PhoX_DIA12_CV486075_250ng_FAIMS_003 P1_SEETITPWNFEEVVDKGASAQSFIER P2_ENPLNKDFNTMK 16 6,decoy:Q99ZW2,decoydecoy:null,decoy:,true,Q99ZW2,null,,false,500,484,,9.380602,true,false,true,false,1,1,Self,0.035058,0.034519,0.130747,9.380602,8.301175,,,1,0,1,,0.031343,0.025814,,2
204,260,Scan: 1722045 Run: DIA12_CV486075:20251228_A2_N1_Mueller_MS_TechHub_IMP_THIDDIAXL003_Cas9_PhoX_DIA12_CV486075_250ng_FAIMS_003 P1_EVKVITLK P2_ELGSQILKEHPVENTQLQNEK 3 8,Q99ZW2,null,,false,Q99ZW2,null,,false,797,954,,9.3805,false,true,false,false,1,1,Self,0.035058,0.035072,0.130747,9.3805,,,,0,0,0,,0.031343,0.025814,,0
202,258,Scan: 526658 Run: DIA12_CV486075:20251228_A2_N1_Mueller_MS_TechHub_IMP_THIDDIAXL003_Cas9_PhoX_DIA12_CV486075_250ng_FAIMS_001 P1_MKNYWR P2_ELGSQILKEHPVENTQLQNEK 2 8,Q99ZW2,null,,false,Q99ZW2,null,,false,797,880,,9.380175,false,true,false,false,1,1,Self,0.035058,0.035116,0.130747,,,9.380175,,0,0,0,,0.031343,0.025814,,0
201,257,Scan: 873878 Run: DIA12_CV486075:20251228_A2_N1_Mueller_MS_TechHub_IMP_THIDDIAXL003_Cas9_PhoX_DIA12_CV486075_250ng_FAIMS_002 P1_KLINGIR P2_FIKPILEKMDGTEELLVK 1 3,Q99ZW2,null,,false,Q99ZW2,null,,false,377,665,,9.379446,false,true,false,false,1,1,Self,0.035058,0.035215,0.130747,,9.379446,,,0,0,0,,0.031343,0.025814,,0
200,256,Scan: 1357895 Run: DIA12_CV486075:20251228_A2_N1_Mueller_MS_TechHub_IMP_THIDDIAXL003_Cas9_PhoX_DIA12_CV486075_250ng_FAIMS_003 P1_LKGSPEDNEQK P2_KVTVK 2 1,Q99ZW2,null,,false,Q99ZW2,null,,false,558,1246,,9.378631,false,true,false,false,1,1,Self,0.035058,0.035326,0.130747,9.378631,,,,0,0,0,,0.031343,0.025814,,0
199,255,Scan: 1316009 Run: DIA12_CV486075:20251228_A2_N1_Mueller_MS_TechHub_IMP_THIDDIAXL003_Cas9_PhoX_DIA12_CV486075_250ng_FAIMS_003 P1_SSFEKNPIDFLEAK P2_EHPVENTQLQNEKLYLYYLQNGR 5 13,Q99ZW2,null,,false,Q99ZW2,null,,false,810,1176,,9.378247,false,true,false,false,1,1,Self,0.035058,0.035378,0.130747,9.378247,,,,0,0,0,,0.031343,0.025814,,0
198,254,Scan: 1765570 Run: DIA12_CV486075:20251228_A2_N1_Mueller_MS_TechHub_IMP_THIDDIAXL003_Cas9_PhoX_DIA12_CV486075_250ng_FAIMS_003 P1_QITKHVAQILDSR P2_ATAKGIEQESK 4 4,decoy:Q99ZW2,decoydecoy:null,decoy:,true,Q99ZW2,null,,false,1028,929,,9.375763,true,false,true,false,1,1,Self,0.035714,0.035679,0.131693,9.375763,,,,1,0,1,,0.031947,0.026268,,2
197,252,Scan: 445989 Run: DIA12_CV486075:20251228_A2_N1_Mueller_MS_TechHub_IMP_THIDDIAXL003_Cas9_PhoX_DIA12_CV486075_250ng_FAIMS_001 P1_VLPKHSLLYEYFTVYNELTK P2_TILDFLKSDGFANR 4 7,Q99ZW2,null,,false,Q99ZW2,null,,false,684,510,,9.374907,false,true,false,false,1,1,Self,0.035714,0.035819,0.131693,,,9.374907,,0,0,0,,0.031947,0.026268,,0
196,251,Scan: 1288243 Run: DIA12_CV486075:20251228_A2_N1_Mueller_MS_TechHub_IMP_THIDDIAXL003_Cas9_PhoX_DIA12_CV486075_250ng_FAIMS_003 P1_NSDKLIAR P2_EVKVITLK 4 3,Q99ZW2,null,,false,Q99ZW2,null,,false,954,1118,,9.373942,false,true,false,false,1,1,Self,0.035714,0.035938,0.131884,9.373942,,,,0,0,0,,0.031947,0.026268,,0
195,250,Scan: 827324 Run: DIA12_CV486075:20251228_A2_N1_Mueller_MS_TechHub_IMP_THIDDIAXL003_Cas9_PhoX_DIA12_CV486075_250ng_FAIMS_002 P1_VNTEITKAPLSASMIK P2_KRPLIETNGETGEIVWDK 7 1,Q99ZW2,null,,false,Q99ZW2,null,,false,1059,314,,9.372856,false,true,false,false,1,1,Self,0.035714,0.036072,0.13246,8.730987,9.372856,,,0,0,0,,0.031947,0.026268,,0
194,249,Scan: 510693 Run: DIA12_CV486075:20251228_A2_N1_Mueller_MS_TechHub_IMP_THIDDIAXL003_Cas9_PhoX_DIA12_CV486075_250ng_FAIMS_001 P1_YDENDKLIR P2_ENQTTQKGQK 6 7,Q99ZW2,null,,false,Q99ZW2,null,,false,772,948,,9.371292,false,true,false,false,1,1,Self,0.035714,0.036264,0.132847,,,9.371292,,0,0,0,,0.031947,0.026268,,0
193,248,Scan: 737922 Run: DIA12_CV486075:20251228_A2_N1_Mueller_MS_TechHub_IMP_THIDDIAXL003_Cas9_PhoX_DIA12_CV486075_250ng_FAIMS_002 P1_KKDWDPK P2_KDLIIKLPK 1 6,Q99ZW2,null,,false,Q99ZW2,null,,false,1197,1123,,9.370926,false,true,false,false,1,1,Self,0.035714,0.036309,0.132847,,9.370926,,,0,0,0,,0.031947,0.026268,,0
192,246,Scan: 1399353 Run: DIA12_CV486075:20251228_A2_N1_Mueller_MS_TechHub_IMP_THIDDIAXL003_Cas9_PhoX_DIA12_CV486075_250ng_FAIMS_003 P1_VTVKQLK P2_KLVDSTDK 4 1,Q99ZW2,null,,false,Q99ZW2,null,,false,141,562,,9.370376,false,true,false,false,1,1,Self,0.035714,0.036376,0.132847,9.370376,,,,0,0,0,,0.031947,0.026268,,0
191,243,Scan: 513571 Run: DIA12_CV486075:20251228_A2_N1_Mueller_MS_TechHub_IMP_THIDDIAXL003_Cas9_PhoX_DIA12_CV486075_250ng_FAIMS_001 P1_SNKQGR P2_QLLNAKLITQR 3 6,Q99ZW2,null,,false,decoy:Q99ZW2,decoydecoy:null,decoy:,true,890,775,,9.369005,true,false,true,false,1,1,Self,0.036545,0.037278,0.133041,9.054393,,9.369005,,0,1,1,,0.032689,0.026878,,2
190,242,Scan: 1224691 Run: DIA12_CV486075:20251228_A2_N1_Mueller_MS_TechHub_IMP_THIDDIAXL003_Cas9_PhoX_DIA12_CV486075_250ng_FAIMS_003 P1_RPLIETNGETGEIVWDKGR P2_ATAKGIEQESK 17 4,decoy:Q99ZW2,decoydecoy:null,decoy:,true,Q99ZW2,null,,false,1028,1076,,9.368583,true,false,true,false,1,1,Self,0.037375,0.037647,0.133041,9.368583,,,,1,0,1,,0.033432,0.027489,,2
189,241,Scan: 512167 Run: DIA12_CV486075:20251228_A2_N1_Mueller_MS_TechHub_IMP_THIDDIAXL003_Cas9_PhoX_DIA12_CV486075_250ng_FAIMS_001 P1_SNKQGR P2_FKVLGNTDR 3 2,Q99ZW2,null,,false,decoy:Q99ZW2,decoydecoy:null,decoy:,true,33,775,,9.368369,true,false,true,false,1,1,Self,0.038206,0.038411,0.133041,,,9.368369,,0,1,1,,0.034175,0.0281,,2
188,240,Scan: 1110466 Run: DIA12_CV486075:20251228_A2_N1_Mueller_MS_TechHub_IMP_THIDDIAXL003_Cas9_PhoX_DIA12_CV486075_250ng_FAIMS_002 P1_SNKQGR P2_IEEGIKELGSQILK 3 6,Q99ZW2,null,,false,decoy:Q99ZW2,decoydecoy:null,decoy:,true,789,775,,9.368254,true,false,true,false,1,1,Self,0.038972,0.038307,0.133041,,9.368254,9.036409,,0,1,1,,0.034866,0.028659,,2
187,239,Scan: 1560894 Run: DIA12_CV486075:20251228_A2_N1_Mueller_MS_TechHub_IMP_THIDDIAXL003_Cas9_PhoX_DIA12_CV486075_250ng_FAIMS_003 P1_VLPKHSLLYEYFTVYNELTK P2_GGLSELDKAGFIK 4 8,Q99ZW2,null,,false,Q99ZW2,null,,false,913,510,,9.367629,false,true,false,false,1,1,Self,0.038972,0.039275,0.133041,9.367629,,,,0,0,0,,0.034866,0.028659,,0
186,237,Scan: 564561 Run: DIA12_CV486075:20251228_A2_N1_Mueller_MS_TechHub_IMP_THIDDIAXL003_Cas9_PhoX_DIA12_CV486075_250ng_FAIMS_001 P1_KSEETITPWNFEEVVDK P2_KFDNLTKAER 1 7,Q99ZW2,null,,false,Q99ZW2,null,,false,902,468,,9.367321,false,true,false,false,1,1,Self,0.038972,0.039425,0.133041,,,9.367321,,0,0,0,,0.034866,0.028659,,0
185,236,Scan: 1605768 Run: DIA12_CV486075:20251228_A2_N1_Mueller_MS_TechHub_IMP_THIDDIAXL003_Cas9_PhoX_DIA12_CV486075_250ng_FAIMS_003 P1_LQKMVK P2_KVTVK 3 1,Q99ZW2,null,,false,decoy:Q99ZW2,decoydecoy:null,decoy:,true,558,649,,9.366546,true,false,true,false,1,1,Self,0.039801,0.040532,0.133236,9.366546,,,,0,1,1,,0.035608,0.029268,,2
184,235,Scan: 938469 Run: DIA12_CV486075:20251228_A2_N1_Mueller_MS_TechHub_IMP_THIDDIAXL003_Cas9_PhoX_DIA12_CV486075_250ng_FAIMS_002 P1_KSEETITPWNFEEVVDKGASAQSFIER P2_KPLISER 17 1,decoy:Q99ZW2,decoydecoy:null,decoy:,true,Q99ZW2,null,,false,1108,484,,9.366476,true,false,true,false,1,1,Self,0.040597,0.039946,0.133236,,9.366476,,,1,0,1,,0.036323,0.02986,,2
183,234,Scan: 1424131 Run: DIA12_CV486075:20251228_A2_N1_Mueller_MS_TechHub_IMP_THIDDIAXL003_Cas9_PhoX_DIA12_CV486075_250ng_FAIMS_003 P1_SNFDLAEDAKLQLSK P2_KDFQFYK 10 1,Q99ZW2,null,,false,Q99ZW2,null,,false,968,263,,9.36645,false,true,false,false,1,1,Self,0.040597,0.040625,0.133236,9.36645,,,,0,0,0,,0.036323,0.02986,,0
182,233,Scan: 63336 Run: DIA12_CV486075:20251228_A2_N1_Mueller_MS_TechHub_IMP_THIDDIAXL003_Cas9_PhoX_DIA12_CV486075_250ng_FAIMS_001 P1_KTEVQTGGFSKESILPK P2_AILKDSNR 11 4,decoy:Q99ZW2,decoydecoy:null,decoy:,true,Q99ZW2,null,,false,1118,1107,,9.365812,true,false,true,false,1,1,Self,0.041322,0.040855,0.133236,,,9.365812,,1,0,1,,0.036928,0.030303,,2
179,228,Scan: 1158780 Run: DIA12_CV486075:20251228_A2_N1_Mueller_MS_TechHub_IMP_THIDDIAXL003_Cas9_PhoX_DIA12_CV486075_250ng_FAIMS_002 P1_KFDNLTK P2_GQKNSR 1 3,Q99ZW2,null,,false,Q99ZW2,null,,false,775,896,,9.364837,false,true,false,false,1,1,Self,0.041322,0.041533,0.133236,,9.364837,,,0,0,0,,0.036928,0.030303,,0
178,227,Scan: 638580 Run: DIA12_CV486075:20251228_A2_N1_Mueller_MS_TechHub_IMP_THIDDIAXL003_Cas9_PhoX_DIA12_CV486075_250ng_FAIMS_002 P1_KTEVQTGGFSK P2_GQKNSR 1 3,Q99ZW2,null,,false,Q99ZW2,null,,false,775,1097,,9.364435,false,true,false,false,1,1,Self,0.041322,0.04162,0.133236,,9.364435,,,0,0,0,,0.036928,0.030303,,0
177,226,Scan: 209006 Run: DIA12_CV486075:20251228_A2_N1_Mueller_MS_TechHub_IMP_THIDDIAXL003_Cas9_PhoX_DIA12_CV486075_250ng_FAIMS_001 P1_LSKSR P2_KFDNLTK 3 1,Q99ZW2,null,,false,Q99ZW2,null,,false,896,218,,9.36376,false,true,false,false,1,1,Self,0.041322,0.041766,0.133431,,,9.36376,,0,0,0,,0.036928,0.030303,,0
176,223,Scan: 1323971 Run: DIA12_CV486075:20251228_A2_N1_Mueller_MS_TechHub_IMP_THIDDIAXL003_Cas9_PhoX_DIA12_CV486075_250ng_FAIMS_003 P1_KSEETITPWNFEEVVDKGASAQSFIER P2_AELFDIPNKEFSSK 17 9,decoy:Q99ZW2,decoydecoy:null,decoy:,true,Q99ZW2,null,,false,1180,484,,9.363113,true,false,true,false,1,1,Self,0.041906,0.041826,0.133431,9.363113,,,,1,0,1,,0.037417,0.030723,,2
174,221,Scan: 1452609 Run: DIA12_CV486075:20251228_A2_N1_Mueller_MS_TechHub_IMP_THIDDIAXL003_Cas9_PhoX_DIA12_CV486075_250ng_FAIMS_003 P1_YKEIFFDQSK P2_EIFFDQSKNGYAGYIDGGASQEEFYK 2 8,Q99ZW2,null,,false,Q99ZW2,null,,false,356,348,,9.362888,false,true,false,false,1,1,Self,0.041906,0.041943,0.133431,9.362888,,,,0,0,0,,0.037417,0.030723,,0
173,220,Scan: 1367265 Run: DIA12_CV486075:20251228_A2_N1_Mueller_MS_TechHub_IMP_THIDDIAXL003_Cas9_PhoX_DIA12_CV486075_250ng_FAIMS_003 P1_IEKILTFR P2_GSPEDNEQKQLFVEQHK 3 9,Q99ZW2,null,,false,Q99ZW2,null,,false,1255,442,,9.36184,false,true,false,false,1,1,Self,0.041906,0.042113,0.133627,9.36184,,,,0,0,0,,0.037417,0.030723,,0
172,219,Scan: 945869 Run: DIA12_CV486075:20251228_A2_N1_Mueller_MS_TechHub_IMP_THIDDIAXL003_Cas9_PhoX_DIA12_CV486075_250ng_FAIMS_002 P1_KVTVK P2_KSEETITPWNFEEVVDKGASAQSFIER 1 17,Q99ZW2,null,,false,Q99ZW2,null,,false,484,558,,9.361478,false,true,false,false,1,1,Self,0.041906,0.042172,0.133824,,9.361478,,,0,0,0,,0.037417,0.030723,,0
171,218,Scan: 1611430 Run: DIA12_CV486075:20251228_A2_N1_Mueller_MS_TechHub_IMP_THIDDIAXL003_Cas9_PhoX_DIA12_CV486075_250ng_FAIMS_003 P1_KIECFDSVEISGVEDR P2_KGILQTVK 1 1,Q99ZW2,null,,false,Q99ZW2,null,,false,735,571,,9.361393,false,true,false,false,1,1,Self,0.041906,0.042185,0.133824,9.361393,,,,0,0,0,,0.037417,0.030723,,0
170,217,Scan: 259288 Run: DIA12_CV486075:20251228_A2_N1_Mueller_MS_TechHub_IMP_THIDDIAXL003_Cas9_PhoX_DIA12_CV486075_250ng_FAIMS_001 P1_YKEIFFDQSK P2_VKYVTEGMR 2 2,Q99ZW2,null,,false,Q99ZW2,null,,false,528,348,,9.36127,false,true,false,false,1,1,Self,0.041906,0.042205,0.134021,9.244851,,9.36127,,0,0,0,,0.037417,0.030723,,0
169,216,Scan: 1009727 Run: DIA12_CV486075:20251228_A2_N1_Mueller_MS_TechHub_IMP_THIDDIAXL003_Cas9_PhoX_DIA12_CV486075_250ng_FAIMS_002 P1_VTVKQLK P2_FKVLGNTDR 4 2,Q99ZW2,null,,false,Q99ZW2,null,,false,33,562,,9.361196,false,true,false,false,1,1,Self,0.041906,0.042217,0.134021,8.974836,9.361196,,,0,0,0,,0.037417,0.030723,,0
168,215,Scan: 1082141 Run: DIA12_CV486075:20251228_A2_N1_Mueller_MS_TechHub_IMP_THIDDIAXL003_Cas9_PhoX_DIA12_CV486075_250ng_FAIMS_002 P1_KGILQTVK P2_GQKNSR 1 3,Q99ZW2,null,,false,Q99ZW2,null,,false,775,735,,9.361027,false,true,false,false,1,1,Self,0.041906,0.042245,0.134021,,9.361027,9.293752,,0,0,0,,0.037417,0.030723,,0
166,212,Scan: 1038087 Run: DIA12_CV486075:20251228_A2_N1_Mueller_MS_TechHub_IMP_THIDDIAXL003_Cas9_PhoX_DIA12_CV486075_250ng_FAIMS_002 P1_NSDKLIAR P2_LFDLITKGSQKDK 4 7,decoy:Q99ZW2,decoydecoy:null,decoy:,true,Q99ZW2,null,,false,678,1118,,9.359769,true,false,true,false,1,1,Self,0.042449,0.042582,0.134021,,9.359769,,,1,0,1,,0.037901,0.0311,,2
165,210,Scan: 1195809 Run: DIA12_CV486075:20251228_A2_N1_Mueller_MS_TechHub_IMP_THIDDIAXL003_Cas9_PhoX_DIA12_CV486075_250ng_FAIMS_003 P1_YPKLESEFVYGDYK P2_NSDKLIAR 3 4,Q99ZW2,null,,false,Q99ZW2,null,,false,1118,1003,,9.359498,false,true,false,false,1,1,Self,0.042449,0.042517,0.134021,9.359498,,,,0,0,0,,0.037901,0.0311,,0
164,208,Scan: 1605304 Run: DIA12_CV486075:20251228_A2_N1_Mueller_MS_TechHub_IMP_THIDDIAXL003_Cas9_PhoX_DIA12_CV486075_250ng_FAIMS_003 P1_QQLPEKYKEIFFDQSK P2_KVTVK 6 1,Q99ZW2,null,,false,Q99ZW2,null,,false,558,346,,9.358854,false,true,false,false,1,1,Self,0.042449,0.04268,0.134218,9.358854,,,,0,0,0,,0.037901,0.0311,,0
163,207,Scan: 445185 Run: DIA12_CV486075:20251228_A2_N1_Mueller_MS_TechHub_IMP_THIDDIAXL003_Cas9_PhoX_DIA12_CV486075_250ng_FAIMS_001 P1_TILDFLKSDGFANR P2_KSEETITPWNFEEVVDK 7 1,Q99ZW2,null,,false,Q99ZW2,null,,false,468,684,,9.358629,false,true,false,false,1,1,Self,0.042449,0.042736,0.134417,,,9.358629,,0,0,0,,0.037901,0.0311,,0
162,206,Scan: 1615659 Run: DIA12_CV486075:20251228_A2_N1_Mueller_MS_TechHub_IMP_THIDDIAXL003_Cas9_PhoX_DIA12_CV486075_250ng_FAIMS_003 P1_SEETITPWNFEEVVDKGASAQSFIER P2_FNASLGTYHDLLKIIK 16 13,Q99ZW2,null,,false,Q99ZW2,null,,false,599,484,,9.358597,false,true,false,false,1,1,Self,0.042449,0.042744,0.134615,9.358597,,,,0,0,0,,0.037901,0.0311,,0
161,205,Scan: 806334 Run: DIA12_CV486075:20251228_A2_N1_Mueller_MS_TechHub_IMP_THIDDIAXL003_Cas9_PhoX_DIA12_CV486075_250ng_FAIMS_002 P1_LSKSR P2_KLINGIR 3 1,Q99ZW2,null,,false,Q99ZW2,null,,false,665,218,,9.358583,false,true,false,false,1,1,Self,0.042449,0.042748,0.134615,,9.358583,,,0,0,0,,0.037901,0.0311,,0
160,203,Scan: 37871 Run: DIA12_CV486075:20251228_A2_N1_Mueller_MS_TechHub_IMP_THIDDIAXL003_Cas9_PhoX_DIA12_CV486075_250ng_FAIMS_001 P1_VLSAYNKHR P2_KTEVQTGGFSK 7 1,Q99ZW2,null,,false,Q99ZW2,null,,false,1097,1296,,9.357816,false,true,false,false,1,1,Self,0.042449,0.042941,0.134615,,,9.357816,,0,0,0,,0.037901,0.0311,,0
159,202,Scan: 558970 Run: DIA12_CV486075:20251228_A2_N1_Mueller_MS_TechHub_IMP_THIDDIAXL003_Cas9_PhoX_DIA12_CV486075_250ng_FAIMS_001 P1_QLLNAKLITQR P2_NSDKLIAR 6 4,Q99ZW2,null,,false,Q99ZW2,null,,false,1118,890,,9.357787,false,true,false,false,1,1,Self,0.042449,0.042948,0.134615,,,9.357787,,0,0,0,,0.037901,0.0311,,0
158,201,Scan: 545385 Run: DIA12_CV486075:20251228_A2_N1_Mueller_MS_TechHub_IMP_THIDDIAXL003_Cas9_PhoX_DIA12_CV486075_250ng_FAIMS_001 P1_LSKSR P2_GKSDNVPSEEVVK 3 2,Q99ZW2,null,,false,Q99ZW2,null,,false,866,218,,9.357202,false,true,false,false,1,1,Self,0.042449,0.043096,0.134815,,,9.357202,,0,0,0,,0.037901,0.0311,,0
156,199,Scan: 1488152 Run: DIA12_CV486075:20251228_A2_N1_Mueller_MS_TechHub_IMP_THIDDIAXL003_Cas9_PhoX_DIA12_CV486075_250ng_FAIMS_003 P1_KPAFLSGEQK P2_FTLIKEIKER 1 5,decoy:Q99ZW2,decoydecoy:null,decoy:,true,Q99ZW2,null,,false,442,536,,9.357088,true,false,true,false,1,1,Self,0.043124,0.043245,0.134815,9.357088,9.013096,,,1,0,1,,0.038489,0.031566,,2
155,198,Scan: 1139187 Run: DIA12_CV486075:20251228_A2_N1_Mueller_MS_TechHub_IMP_THIDDIAXL003_Cas9_PhoX_DIA12_CV486075_250ng_FAIMS_002 P1_DKQSGK P2_DDSIDNKVLTR 2 7,Q99ZW2,null,,false,Q99ZW2,null,,false,855,673,,9.356869,false,true,false,false,1,1,Self,0.043124,0.043204,0.134815,,9.356869,,,0,0,0,,0.038489,0.031566,,0
154,197,Scan: 1376683 Run: DIA12_CV486075:20251228_A2_N1_Mueller_MS_TechHub_IMP_THIDDIAXL003_Cas9_PhoX_DIA12_CV486075_250ng_FAIMS_003 P1_VILADANLDKVLSAYNK P2_SEQEIGKATAK 10 7,Q99ZW2,null,,false,Q99ZW2,null,,false,1031,1289,,9.356246,false,true,false,false,1,1,Self,0.043124,0.043429,0.134815,9.356246,,,,0,0,0,,0.038489,0.031566,,0
153,196,Scan: 1082219 Run: DIA12_CV486075:20251228_A2_N1_Mueller_MS_TechHub_IMP_THIDDIAXL003_Cas9_PhoX_DIA12_CV486075_250ng_FAIMS_002 P1_SDKNR P2_KGILQTVK 3 1,Q99ZW2,null,,false,Q99ZW2,null,,false,735,862,,9.356149,false,true,false,false,1,1,Self,0.043124,0.043464,0.134815,,9.356149,,,0,0,0,,0.038489,0.031566,,0
151,193,Scan: 32358 Run: DIA12_CV486075:20251228_A2_N1_Mueller_MS_TechHub_IMP_THIDDIAXL003_Cas9_PhoX_DIA12_CV486075_250ng_FAIMS_001 P1_VNTEITKAPLSASMIK P2_KVLSMPQVNIVK 7 1,Q99ZW2,null,,false,Q99ZW2,null,,false,1085,314,,9.355535,false,true,false,false,1,1,Self,0.043124,0.043686,0.134815,,,9.355535,,0,0,0,,0.038489,0.031566,,0
150,191,Scan: 839931 Run: DIA12_CV486075:20251228_A2_N1_Mueller_MS_TechHub_IMP_THIDDIAXL003_Cas9_PhoX_DIA12_CV486075_250ng_FAIMS_002 P1_SKSLR P2_FKVLGNTDR 2 2,Q99ZW2,null,,false,decoy:Q99ZW2,decoydecoy:null,decoy:,true,33,217,,9.355233,true,false,true,false,1,1,Self,0.043796,0.043549,0.134815,,9.355233,,,0,1,1,,0.039046,0.032009,,2
149,189,Scan: 1209901 Run: DIA12_CV486075:20251228_A2_N1_Mueller_MS_TechHub_IMP_THIDDIAXL003_Cas9_PhoX_DIA12_CV486075_250ng_FAIMS_003 P1_SEQEIGKATAK P2_KDLIIK 7 1,Q99ZW2,null,,false,Q99ZW2,null,,false,1192,1031,,9.354889,false,true,false,false,1,1,Self,0.043796,0.043855,0.134815,9.354889,,,,0,0,0,,0.039046,0.032009,,0
147,186,Scan: 1315500 Run: DIA12_CV486075:20251228_A2_N1_Mueller_MS_TechHub_IMP_THIDDIAXL003_Cas9_PhoX_DIA12_CV486075_250ng_FAIMS_003 P1_SSFEKNPIDFLEAK P2_KGILQTVK 5 1,Q99ZW2,null,,false,Q99ZW2,null,,false,735,1176,,9.354203,false,true,false,false,1,1,Self,0.043796,0.043973,0.135015,9.354203,,,,0,0,0,,0.039046,0.032009,,0
146,185,Scan: 9326 Run: DIA12_CV486075:20251228_A2_N1_Mueller_MS_TechHub_IMP_THIDDIAXL003_Cas9_PhoX_DIA12_CV486075_250ng_FAIMS_001 P1_MIAKSEQEIGK P2_KPAFLSGEQK 4 1,Q99ZW2,null,,false,Q99ZW2,null,,false,536,1024,,9.353909,false,true,false,false,1,1,Self,0.043796,0.044023,0.135215,,,9.353909,,0,0,0,,0.039046,0.032009,,0
144,183,Scan: 1642442 Run: DIA12_CV486075:20251228_A2_N1_Mueller_MS_TechHub_IMP_THIDDIAXL003_Cas9_PhoX_DIA12_CV486075_250ng_FAIMS_003 P1_TILDFLKSDGFANR P2_TILDFLKSDGFANR 7 7,Q99ZW2,null,,false,Q99ZW2,null,,false,684,684,,9.3529,false,true,false,false,1,1,Self,0.043796,0.044196,0.135417,9.3529,,,,0,0,0,,0.039046,0.032009,,0
143,182,Scan: 1111172 Run: DIA12_CV486075:20251228_A2_N1_Mueller_MS_TechHub_IMP_THIDDIAXL003_Cas9_PhoX_DIA12_CV486075_250ng_FAIMS_002 P1_SNKQGR P2_SKLVSDFR 3 2,Q99ZW2,null,,false,decoy:Q99ZW2,decoydecoy:null,decoy:,true,961,775,,9.35093,true,false,true,false,1,1,Self,0.044534,0.044803,0.136024,,9.35093,,,0,1,1,,0.039711,0.032544,,2
142,181,Scan: 1600330 Run: DIA12_CV486075:20251228_A2_N1_Mueller_MS_TechHub_IMP_THIDDIAXL003_Cas9_PhoX_DIA12_CV486075_250ng_FAIMS_003 P1_VITLKSK P2_KAIVDLLFK 5 1,Q99ZW2,null,,false,Q99ZW2,null,,false,546,959,,9.350688,false,true,false,false,1,1,Self,0.044534,0.044638,0.136024,9.350688,,,,0,0,0,,0.039711,0.032544,,0
141,180,Scan: 1172188 Run: DIA12_CV486075:20251228_A2_N1_Mueller_MS_TechHub_IMP_THIDDIAXL003_Cas9_PhoX_DIA12_CV486075_250ng_FAIMS_002 P1_QITKHVAQILDSR P2_QITKHVAQILDSR 4 4,Q99ZW2,null,,false,Q99ZW2,null,,false,929,929,,9.350079,false,true,false,false,1,1,Self,0.044534,0.0449,0.136637,,9.350079,,,0,0,0,,0.039711,0.032544,,0
140,178,Scan: 358283 Run: DIA12_CV486075:20251228_A2_N1_Mueller_MS_TechHub_IMP_THIDDIAXL003_Cas9_PhoX_DIA12_CV486075_250ng_FAIMS_001 P1_KLINGIR P2_ENPLNKDFNTMK 1 6,decoy:Q99ZW2,decoydecoy:null,decoy:,true,Q99ZW2,null,,false,500,665,,9.349557,true,false,true,false,1,1,Self,0.045125,0.044869,0.136637,9.022087,,9.349557,,1,0,1,,0.040259,0.03298,,2
139,176,Scan: 977731 Run: DIA12_CV486075:20251228_A2_N1_Mueller_MS_TechHub_IMP_THIDDIAXL003_Cas9_PhoX_DIA12_CV486075_250ng_FAIMS_002 P1_VLSAYNKHR P2_KPAFLSGEQK 7 1,Q99ZW2,null,,false,Q99ZW2,null,,false,536,1296,,9.348172,false,true,false,false,1,1,Self,0.045125,0.045378,0.137048,,9.348172,,,0,0,0,,0.040259,0.03298,,0
138,175,Scan: 1637328 Run: DIA12_CV486075:20251228_A2_N1_Mueller_MS_TechHub_IMP_THIDDIAXL003_Cas9_PhoX_DIA12_CV486075_250ng_FAIMS_003 P1_TILDFLKSDGFANR P2_SEQEIGKATAK 7 7,Q99ZW2,null,,false,Q99ZW2,null,,false,1031,684,,9.348009,false,true,false,false,1,1,Self,0.045125,0.045408,0.137048,9.348009,,,,0,0,0,,0.040259,0.03298,,0
137,174,Scan: 707368 Run: DIA12_CV486075:20251228_A2_N1_Mueller_MS_TechHub_IMP_THIDDIAXL003_Cas9_PhoX_DIA12_CV486075_250ng_FAIMS_002 P1_LKSVK P2_KDWDPK 2 1,Q99ZW2,null,,false,Q99ZW2,null,,false,1124,1158,,9.347569,false,true,false,false,1,1,Self,0.045125,0.045488,0.137048,,9.347569,,,0,0,0,,0.040259,0.03298,,0
136,172,Scan: 754261 Run: DIA12_CV486075:20251228_A2_N1_Mueller_MS_TechHub_IMP_THIDDIAXL003_Cas9_PhoX_DIA12_CV486075_250ng_FAIMS_002 P1_KGILQTVK P2_GNELALPSKYVNFLYLASHYEK 1 9,Q99ZW2,null,,false,Q99ZW2,null,,false,1231,735,,9.347265,false,true,false,false,1,1,Self,0.045125,0.045544,0.137048,,9.347265,,,0,0,0,,0.040259,0.03298,,0
135,171,Scan: 1446213 Run: DIA12_CV486075:20251228_A2_N1_Mueller_MS_TechHub_IMP_THIDDIAXL003_Cas9_PhoX_DIA12_CV486075_250ng_FAIMS_003 P1_YDEHHQDLTLLKALVR P2_KLINGIR 12 1,Q99ZW2,null,,false,Q99ZW2,null,,false,665,336,,9.346056,false,true,false,false,1,1,Self,0.045125,0.045764,0.13767,9.346056,,,,0,0,0,,0.040259,0.03298,,0
134,170,Scan: 841062 Run: DIA12_CV486075:20251228_A2_N1_Mueller_MS_TechHub_IMP_THIDDIAXL003_Cas9_PhoX_DIA12_CV486075_250ng_FAIMS_002 P1_MTNFDKNLPNEK P2_FKVLGNTDR 6 2,Q99ZW2,null,,false,Q99ZW2,null,,false,33,500,,9.34551,false,true,false,false,1,1,Self,0.045125,0.045864,0.13767,9.098369,9.34551,,,0,0,0,,0.040259,0.03298,,0
133,169,Scan: 216644 Run: DIA12_CV486075:20251228_A2_N1_Mueller_MS_TechHub_IMP_THIDDIAXL003_Cas9_PhoX_DIA12_CV486075_250ng_FAIMS_001 P1_RLENLIAQLPGEKK P2_LIQSGLEKIGEEIK 13 8,decoy:Q99ZW2,decoydecoy:null,decoy:,true,Q99ZW2,null,,false,791,233,,9.345348,true,false,true,false,1,1,Self,0.045894,0.046409,0.13767,,,9.345348,,1,0,1,,0.040948,0.033549,,2
132,168,Scan: 817130 Run: DIA12_CV486075:20251228_A2_N1_Mueller_MS_TechHub_IMP_THIDDIAXL003_Cas9_PhoX_DIA12_CV486075_250ng_FAIMS_002 P1_KNGLFGNLIALSLGLTPNFKSNFDLAEDAK P2_KDWDPK 20 1,Q99ZW2,null,,false,Q99ZW2,null,,false,1124,253,,9.344975,false,true,false,false,1,1,Self,0.045894,0.046338,0.137879,,9.344975,,,0,0,0,,0.040948,0.033549,,0
131,167,Scan: 1691071 Run: DIA12_CV486075:20251228_A2_N1_Mueller_MS_TechHub_IMP_THIDDIAXL003_Cas9_PhoX_DIA12_CV486075_250ng_FAIMS_003 P1_VLEDVVKVTQLIGK P2_EDIQKAQVSGQGDSLHEHIANLAGSPAIK 7 5,Q99ZW2,null,,false,decoy:Q99ZW2,decoydecoy:null,decoy:,true,710,742,,9.344768,true,false,true,false,1,1,Self,0.046586,0.046324,0.138088,9.344768,,8.562205,,0,1,1,,0.041547,0.034018,,2
130,164,Scan: 1693252 Run: DIA12_CV486075:20251228_A2_N1_Mueller_MS_TechHub_IMP_THIDDIAXL003_Cas9_PhoX_DIA12_CV486075_250ng_FAIMS_003 P1_QLLNAKLITQR P2_GILQTVKVVDELVK 6 7,Q99ZW2,null,,false,Q99ZW2,null,,false,742,890,,9.34439,false,true,false,false,1,1,Self,0.046586,0.046793,0.138088,9.34439,,,,0,0,0,,0.041547,0.034018,,0
129,163,Scan: 894479 Run: DIA12_CV486075:20251228_A2_N1_Mueller_MS_TechHub_IMP_THIDDIAXL003_Cas9_PhoX_DIA12_CV486075_250ng_FAIMS_002 P1_KNLIGALLFDSGETAEATR P2_KFKVLGNTDR 1 1,Q99ZW2,null,,false,Q99ZW2,null,,false,31,45,,9.344356,false,true,false,false,1,1,Self,0.046586,0.046811,0.138088,,9.344356,,,0,0,0,,0.041547,0.034018,,0
127,161,Scan: 254742 Run: DIA12_CV486075:20251228_A2_N1_Mueller_MS_TechHub_IMP_THIDDIAXL003_Cas9_PhoX_DIA12_CV486075_250ng_FAIMS_001 P1_YKEIFFDQSK P2_LEESFLVEEDKKHER 2 12,Q99ZW2,null,,false,Q99ZW2,null,,false,112,348,,9.343944,false,true,false,false,1,1,Self,0.046586,0.047036,0.138088,,,9.343944,,0,0,0,,0.041547,0.034018,,0
126,160,Scan: 1690919 Run: DIA12_CV486075:20251228_A2_N1_Mueller_MS_TechHub_IMP_THIDDIAXL003_Cas9_PhoX_DIA12_CV486075_250ng_FAIMS_003 P1_VLEDVVKVTQLIGK P2_TILDFLKSDGFANR 7 7,Q99ZW2,null,,false,decoy:Q99ZW2,decoydecoy:null,decoy:,true,684,742,,9.343436,true,false,true,false,1,1,Self,0.047314,0.047464,0.138088,9.343436,,,,0,1,1,,0.042203,0.034564,,2
125,159,Scan: 1767839 Run: DIA12_CV486075:20251228_A2_N1_Mueller_MS_TechHub_IMP_THIDDIAXL003_Cas9_PhoX_DIA12_CV486075_250ng_FAIMS_003 P1_QITKHVAQILDSR P2_KIECFDSVEISGVEDR 4 1,Q99ZW2,null,,false,Q99ZW2,null,,false,571,929,,9.343408,false,true,false,false,1,1,Self,0.047314,0.047337,0.138088,9.343408,,,,0,0,0,,0.042203,0.034564,,0
124,158,Scan: 1604224 Run: DIA12_CV486075:20251228_A2_N1_Mueller_MS_TechHub_IMP_THIDDIAXL003_Cas9_PhoX_DIA12_CV486075_250ng_FAIMS_003 P1_VLPKHSLLYEYFTVYNELTK P2_AIVDLLFKTNR 4 8,Q99ZW2,null,,false,Q99ZW2,null,,false,554,510,,9.343213,false,true,false,false,1,1,Self,0.047314,0.047497,0.138088,9.343213,,,,0,0,0,,0.042203,0.034564,,0
123,157,Scan: 85516 Run: DIA12_CV486075:20251228_A2_N1_Mueller_MS_TechHub_IMP_THIDDIAXL003_Cas9_PhoX_DIA12_CV486075_250ng_FAIMS_001 P1_SSFEKNPIDFLEAK P2_AILKDSNR 5 4,decoy:Q99ZW2,decoydecoy:null,decoy:,true,Q99ZW2,null,,false,1118,1176,,9.342507,true,false,true,false,1,1,Self,0.048077,0.047726,0.138088,,,9.342507,,1,0,1,,0.042888,0.035088,,2
122,155,Scan: 293938 Run: DIA12_CV486075:20251228_A2_N1_Mueller_MS_TechHub_IMP_THIDDIAXL003_Cas9_PhoX_DIA12_CV486075_250ng_FAIMS_001 P1_IEKILTFR P2_GQKNSR 3 3,Q99ZW2,null,,false,Q99ZW2,null,,false,775,442,,9.340639,false,true,false,false,1,1,Self,0.048077,0.048614,0.138508,,,9.340639,,0,0,0,,0.042888,0.035088,,0
121,153,Scan: 1108676 Run: DIA12_CV486075:20251228_A2_N1_Mueller_MS_TechHub_IMP_THIDDIAXL003_Cas9_PhoX_DIA12_CV486075_250ng_FAIMS_002 P1_SNKQGR P2_NSDKLIAR 3 4,Q99ZW2,null,,false,decoy:Q99ZW2,decoydecoy:null,decoy:,true,1118,775,,9.340261,true,false,true,false,1,1,Self,0.048722,0.048635,0.138508,,9.340261,,,0,1,1,,0.043478,0.035569,,2
120,152,Scan: 1272541 Run: DIA12_CV486075:20251228_A2_N1_Mueller_MS_TechHub_IMP_THIDDIAXL003_Cas9_PhoX_DIA12_CV486075_250ng_FAIMS_003 P1_SEETITPWNFEEVVDKGASAQSFIER P2_LEESFLVEEDKK 16 11,Q99ZW2,null,,false,Q99ZW2,null,,false,111,484,,9.339776,false,true,false,false,1,1,Self,0.048722,0.04883,0.138508,9.339776,,,,0,0,0,,0.043478,0.035569,,0
119,150,Scan: 1108047 Run: DIA12_CV486075:20251228_A2_N1_Mueller_MS_TechHub_IMP_THIDDIAXL003_Cas9_PhoX_DIA12_CV486075_250ng_FAIMS_002 P1_SDNVPSEEVVKK P2_ENQTTQKGQK 11 7,Q99ZW2,null,,false,Q99ZW2,null,,false,772,877,,9.338362,false,true,false,false,1,1,Self,0.048722,0.049146,0.139357,,9.338362,,,0,0,0,,0.043478,0.035569,,0
118,149,Scan: 504930 Run: DIA12_CV486075:20251228_A2_N1_Mueller_MS_TechHub_IMP_THIDDIAXL003_Cas9_PhoX_DIA12_CV486075_250ng_FAIMS_001 P1_KPAFLSGEQK P2_HKPENIVIEMAR 1 2,Q99ZW2,null,,false,Q99ZW2,null,,false,755,536,,9.338273,false,true,false,false,1,1,Self,0.048722,0.049166,0.139357,,,9.338273,,0,0,0,,0.043478,0.035569,,0
117,148,Scan: 1156975 Run: DIA12_CV486075:20251228_A2_N1_Mueller_MS_TechHub_IMP_THIDDIAXL003_Cas9_PhoX_DIA12_CV486075_250ng_FAIMS_002 P1_QLLNAKLITQR P2_KLINGIR 6 1,Q99ZW2,null,,false,Q99ZW2,null,,false,665,890,,9.337212,false,true,false,false,1,1,Self,0.048722,0.049403,0.139571,,9.337212,,,0,0,0,,0.043478,0.035569,,0
116,147,Scan: 211667 Run: DIA12_CV486075:20251228_A2_N1_Mueller_MS_TechHub_IMP_THIDDIAXL003_Cas9_PhoX_DIA12_CV486075_250ng_FAIMS_001 P1_TILDFLKSDGFANR P2_KEGPLQAILNELK 7 1,decoy:Q99ZW2,decoydecoy:null,decoy:,true,Q99ZW2,null,,false,222,684,,9.33686,true,false,true,false,1,1,Self,0.049481,0.049669,0.139571,,,9.33686,,1,0,1,,0.04416,0.036088,,2
115,146,Scan: 234859 Run: DIA12_CV486075:20251228_A2_N1_Mueller_MS_TechHub_IMP_THIDDIAXL003_Cas9_PhoX_DIA12_CV486075_250ng_FAIMS_001 P1_KLVDSTDK P2_APLSASMIKR 1 9,Q99ZW2,null,,false,Q99ZW2,null,,false,323,141,,9.336854,false,true,false,false,1,1,Self,0.049481,0.049484,0.139571,,,9.336854,,0,0,0,,0.04416,0.036088,,0
114,143,Scan: 1455134 Run: DIA12_CV486075:20251228_A2_N1_Mueller_MS_TechHub_IMP_THIDDIAXL003_Cas9_PhoX_DIA12_CV486075_250ng_FAIMS_003 P1_YKEIFFDQSK P2_LQKMVK 2 3,decoy:Q99ZW2,decoydecoy:null,decoy:,true,Q99ZW2,null,,false,649,348,,9.335098,true,false,true,false,1,1,Self,0.050159,0.050161,0.140216,9.335098,,,,1,0,1,,0.044776,0.036607,,2
113,142,Scan: 1556675 Run: DIA12_CV486075:20251228_A2_N1_Mueller_MS_TechHub_IMP_THIDDIAXL003_Cas9_PhoX_DIA12_CV486075_250ng_FAIMS_003 P1_VLPKHSLLYEYFTVYNELTK P2_KKDWDPK 4 1,Q99ZW2,null,,false,Q99ZW2,null,,false,1123,510,,9.334868,false,true,false,false,1,1,Self,0.050159,0.050248,0.140216,9.334868,,,,0,0,0,,0.044776,0.036607,,0
112,141,Scan: 429664 Run: DIA12_CV486075:20251228_A2_N1_Mueller_MS_TechHub_IMP_THIDDIAXL003_Cas9_PhoX_DIA12_CV486075_250ng_FAIMS_001 P1_KLINGIR P2_EKIEK 1 2,Q99ZW2,null,,false,Q99ZW2,null,,false,439,665,,9.333846,false,true,false,false,1,1,Self,0.050159,0.050643,0.140216,,,9.333846,,0,0,0,,0.044776,0.036607,,0
111,140,Scan: 1550279 Run: DIA12_CV486075:20251228_A2_N1_Mueller_MS_TechHub_IMP_THIDDIAXL003_Cas9_PhoX_DIA12_CV486075_250ng_FAIMS_003 P1_QQLPEKYKEIFFDQSK P2_MTNFDKNLPNEK 6 6,Q99ZW2,null,,false,Q99ZW2,null,,false,500,346,,9.333814,false,true,false,false,1,1,Self,0.050159,0.050655,0.140216,9.333814,,,,0,0,0,,0.044776,0.036607,,0
110,139,Scan: 1714332 Run: DIA12_CV486075:20251228_A2_N1_Mueller_MS_TechHub_IMP_THIDDIAXL003_Cas9_PhoX_DIA12_CV486075_250ng_FAIMS_003 P1_LIQSGLEKIGEEIK P2_EHPVENTQLQNEKLYLYYLQNGR 8 13,Q99ZW2,null,,false,decoy:Q99ZW2,decoydecoy:null,decoy:,true,810,791,,9.333037,true,false,true,false,1,1,Self,0.050955,0.051518,0.140216,9.333037,,,,0,1,1,,0.045487,0.037188,,2
109,138,Scan: 1142102 Run: DIA12_CV486075:20251228_A2_N1_Mueller_MS_TechHub_IMP_THIDDIAXL003_Cas9_PhoX_DIA12_CV486075_250ng_FAIMS_002 P1_KPLISER P2_GKSDNVPSEEVVK 1 2,Q99ZW2,null,,false,decoy:Q99ZW2,decoydecoy:null,decoy:,true,866,1108,,9.33287,true,false,true,false,1,1,Self,0.051628,0.051052,0.140216,,9.33287,,,0,1,1,,0.046099,0.037616,,2
108,137,Scan: 1081594 Run: DIA12_CV486075:20251228_A2_N1_Mueller_MS_TechHub_IMP_THIDDIAXL003_Cas9_PhoX_DIA12_CV486075_250ng_FAIMS_002 P1_VKYVTEGMR P2_KGILQTVK 2 1,Q99ZW2,null,,false,Q99ZW2,null,,false,735,528,,9.332402,false,true,false,false,1,1,Self,0.051628,0.051785,0.140216,,9.332402,,,0,0,0,,0.046099,0.037616,,0
107,135,Scan: 1764593 Run: DIA12_CV486075:20251228_A2_N1_Mueller_MS_TechHub_IMP_THIDDIAXL003_Cas9_PhoX_DIA12_CV486075_250ng_FAIMS_003 P1_VITLKSK P2_GGLSELDKAGFIK 5 8,Q99ZW2,null,,false,Q99ZW2,null,,false,913,959,,9.332003,false,true,false,false,1,1,Self,0.051628,0.051918,0.140432,9.332003,,,,0,0,0,,0.046099,0.037616,,0
106,131,Scan: 1284005 Run: DIA12_CV486075:20251228_A2_N1_Mueller_MS_TechHub_IMP_THIDDIAXL003_Cas9_PhoX_DIA12_CV486075_250ng_FAIMS_003 P1_NSDKLIAR P2_KSEETITPWNFEEVVDKGASAQSFIER 4 17,Q99ZW2,null,,false,Q99ZW2,null,,false,484,1118,,9.330534,false,true,false,false,1,1,Self,0.051628,0.05241,0.141085,9.330534,,9.093841,,0,0,0,,0.046099,0.037616,,0
105,130,Scan: 1558376 Run: DIA12_CV486075:20251228_A2_N1_Mueller_MS_TechHub_IMP_THIDDIAXL003_Cas9_PhoX_DIA12_CV486075_250ng_FAIMS_003 P1_VLPKHSLLYEYFTVYNELTK P2_FTLIKEIKER 4 5,decoy:Q99ZW2,decoydecoy:null,decoy:,true,Q99ZW2,null,,false,442,510,,9.330496,true,false,true,false,1,1,Self,0.052423,0.05308,0.141085,9.330496,,,,1,0,1,,0.046809,0.038194,,2
104,129,Scan: 142678 Run: DIA12_CV486075:20251228_A2_N1_Mueller_MS_TechHub_IMP_THIDDIAXL003_Cas9_PhoX_DIA12_CV486075_250ng_FAIMS_001 P1_LPKYSLFELENGR P2_KPLISER 3 1,decoy:Q99ZW2,decoydecoy:null,decoy:,true,Q99ZW2,null,,false,1108,1200,,9.330341,true,false,true,false,1,1,Self,0.053175,0.052525,0.141085,,,9.330341,,1,0,1,,0.047484,0.038728,,2
103,127,Scan: 1231786 Run: DIA12_CV486075:20251228_A2_N1_Mueller_MS_TechHub_IMP_THIDDIAXL003_Cas9_PhoX_DIA12_CV486075_250ng_FAIMS_003 P1_KTEVQTGGFSK P2_GYKEVK 1 3,Q99ZW2,null,,false,Q99ZW2,null,,false,1188,1097,,9.328607,false,true,false,false,1,1,Self,0.053175,0.053734,0.141524,9.328607,,,,0,0,0,,0.047484,0.038728,,0
102,126,Scan: 1687390 Run: DIA12_CV486075:20251228_A2_N1_Mueller_MS_TechHub_IMP_THIDDIAXL003_Cas9_PhoX_DIA12_CV486075_250ng_FAIMS_003 P1_VLEDVVKVTQLIGK P2_IEKILTFR 7 3,Q99ZW2,null,,false,decoy:Q99ZW2,decoydecoy:null,decoy:,true,442,742,,9.32841,true,false,true,false,1,1,Self,0.053797,0.05417,0.141745,9.32841,,,,0,1,1,,0.048057,0.039193,,2
101,125,Scan: 245750 Run: DIA12_CV486075:20251228_A2_N1_Mueller_MS_TechHub_IMP_THIDDIAXL003_Cas9_PhoX_DIA12_CV486075_250ng_FAIMS_001 P1_KFDNLTKAER P2_FKVLGNTDR 7 2,Q99ZW2,null,,false,Q99ZW2,null,,false,33,902,,9.32825,false,true,false,false,1,1,Self,0.053797,0.053953,0.141745,,,9.32825,,0,0,0,,0.048057,0.039193,,0
100,123,Scan: 190778 Run: DIA12_CV486075:20251228_A2_N1_Mueller_MS_TechHub_IMP_THIDDIAXL003_Cas9_PhoX_DIA12_CV486075_250ng_FAIMS_001 P1_KLINGIR P2_HPIFGNIVDEVAYHEKYPTIYHLR 1 16,Q99ZW2,null,,false,Q99ZW2,null,,false,131,665,,9.327949,false,true,false,false,1,1,Self,0.053797,0.054246,0.141966,,,9.327949,,0,0,0,,0.048057,0.039193,,0
99,122,Scan: 986259 Run: DIA12_CV486075:20251228_A2_N1_Mueller_MS_TechHub_IMP_THIDDIAXL003_Cas9_PhoX_DIA12_CV486075_250ng_FAIMS_002 P1_SDKNR P2_KPAFLSGEQK 3 1,Q99ZW2,null,,false,Q99ZW2,null,,false,536,862,,9.32773,false,true,false,false,1,1,Self,0.053797,0.054461,0.141966,,9.32773,,,0,0,0,,0.048057,0.039193,,0
98,121,Scan: 1789527 Run: DIA12_CV486075:20251228_A2_N1_Mueller_MS_TechHub_IMP_THIDDIAXL003_Cas9_PhoX_DIA12_CV486075_250ng_FAIMS_003 P1_SDKNR P2_KDFQFYK 3 1,Q99ZW2,null,,false,Q99ZW2,null,,false,968,862,,9.327633,false,true,false,false,1,1,Self,0.053797,0.054555,0.141966,9.327633,,,,0,0,0,,0.048057,0.039193,,0
97,120,Scan: 1622086 Run: DIA12_CV486075:20251228_A2_N1_Mueller_MS_TechHub_IMP_THIDDIAXL003_Cas9_PhoX_DIA12_CV486075_250ng_FAIMS_003 P1_NSDKLIAR P2_LQKMVK 4 3,decoy:Q99ZW2,decoydecoy:null,decoy:,true,Q99ZW2,null,,false,649,1118,,9.327599,true,false,true,false,1,1,Self,0.054589,0.05448,0.141966,9.327599,,,,1,0,1,,0.048729,0.039701,,2
95,116,Scan: 1686929 Run: DIA12_CV486075:20251228_A2_N1_Mueller_MS_TechHub_IMP_THIDDIAXL003_Cas9_PhoX_DIA12_CV486075_250ng_FAIMS_003 P1_YKEIFFDQSK P2_VLEDVVKVTQLIGK 2 7,decoy:Q99ZW2,decoydecoy:null,decoy:,true,Q99ZW2,null,,false,742,348,,9.326528,true,false,true,false,1,1,Self,0.05538,0.055947,0.141966,9.326528,,,,1,0,1,,0.049435,0.040276,,2
94,115,Scan: 1417170 Run: DIA12_CV486075:20251228_A2_N1_Mueller_MS_TechHub_IMP_THIDDIAXL003_Cas9_PhoX_DIA12_CV486075_250ng_FAIMS_003 P1_YKEIFFDQSK P2_SLQLKADEALDFNSK 2 5,decoy:Q99ZW2,decoydecoy:null,decoy:,true,Q99ZW2,null,,false,258,348,,9.326526,true,false,true,false,1,1,Self,0.05595,0.055381,0.141966,9.326526,8.901707,,,1,0,1,,0.04993,0.040711,,2
92,113,Scan: 1607489 Run: DIA12_CV486075:20251228_A2_N1_Mueller_MS_TechHub_IMP_THIDDIAXL003_Cas9_PhoX_DIA12_CV486075_250ng_FAIMS_003 P1_KVTVKQLK P2_DKQSGK 5 2,Q99ZW2,null,,false,Q99ZW2,null,,false,673,562,,9.326209,false,true,false,false,1,1,Self,0.05595,0.056041,0.141966,9.326209,,,,0,0,0,,0.04993,0.040711,,0
91,112,Scan: 224531 Run: DIA12_CV486075:20251228_A2_N1_Mueller_MS_TechHub_IMP_THIDDIAXL003_Cas9_PhoX_DIA12_CV486075_250ng_FAIMS_001 P1_SNFDLAEDAKLQLSK P2_KRPLIETNGETGEIVWDK 10 1,Q99ZW2,null,,false,Q99ZW2,null,,false,1059,263,,9.326183,false,true,false,false,1,1,Self,0.05595,0.056048,0.141966,,,9.326183,,0,0,0,,0.04993,0.040711,,0
90,111,Scan: 801407 Run: DIA12_CV486075:20251228_A2_N1_Mueller_MS_TechHub_IMP_THIDDIAXL003_Cas9_PhoX_DIA12_CV486075_250ng_FAIMS_002 P1_KLVDSTDK P2_DKPIR 1 2,Q99ZW2,null,,false,Q99ZW2,null,,false,1300,141,,9.325467,false,true,false,false,1,1,Self,0.05595,0.056253,0.142187,,9.325467,,,0,0,0,,0.04993,0.040711,,0
89,110,Scan: 41357 Run: DIA12_CV486075:20251228_A2_N1_Mueller_MS_TechHub_IMP_THIDDIAXL003_Cas9_PhoX_DIA12_CV486075_250ng_FAIMS_001 P1_SDKNR P2_KTEVQTGGFSK 3 1,Q99ZW2,null,,false,Q99ZW2,null,,false,1097,862,,9.325029,false,true,false,false,1,1,Self,0.05595,0.056379,0.14241,,,9.325029,,0,0,0,,0.04993,0.040711,,0
88,109,Scan: 1445284 Run: DIA12_CV486075:20251228_A2_N1_Mueller_MS_TechHub_IMP_THIDDIAXL003_Cas9_PhoX_DIA12_CV486075_250ng_FAIMS_003 P1_YDEHHQDLTLLKALVR P2_QEDFYPFLKDNR 12 9,Q99ZW2,null,,false,Q99ZW2,null,,false,434,336,,9.324957,false,true,false,false,1,1,Self,0.05595,0.056399,0.14241,9.324957,,,,0,0,0,,0.04993,0.040711,,0
87,108,Scan: 163873 Run: DIA12_CV486075:20251228_A2_N1_Mueller_MS_TechHub_IMP_THIDDIAXL003_Cas9_PhoX_DIA12_CV486075_250ng_FAIMS_001 P1_SNKQGR P2_LKGSPEDNEQK 3 2,Q99ZW2,null,,false,decoy:Q99ZW2,decoydecoy:null,decoy:,true,1246,775,,9.3244,true,false,true,false,1,1,Self,0.056559,0.056571,0.142857,,8.537204,9.3244,,0,1,1,,0.050491,0.04119,,2
86,107,Scan: 750018 Run: DIA12_CV486075:20251228_A2_N1_Mueller_MS_TechHub_IMP_THIDDIAXL003_Cas9_PhoX_DIA12_CV486075_250ng_FAIMS_002 P1_MLASAGELQKGNELALPSK P2_KLINGIR 10 1,Q99ZW2,null,,false,Q99ZW2,null,,false,665,1222,,9.323671,false,true,false,false,1,1,Self,0.056559,0.056775,0.143082,,9.323671,,,0,0,0,,0.050491,0.04119,,0
85,106,Scan: 549030 Run: DIA12_CV486075:20251228_A2_N1_Mueller_MS_TechHub_IMP_THIDDIAXL003_Cas9_PhoX_DIA12_CV486075_250ng_FAIMS_001 P1_MKNYWR P2_GKSDNVPSEEVVK 2 2,Q99ZW2,null,,false,Q99ZW2,null,,false,866,880,,9.322599,false,true,false,false,1,1,Self,0.056559,0.057093,0.143533,,,9.322599,,0,0,0,,0.050491,0.04119,,0
84,105,Scan: 1191292 Run: DIA12_CV486075:20251228_A2_N1_Mueller_MS_TechHub_IMP_THIDDIAXL003_Cas9_PhoX_DIA12_CV486075_250ng_FAIMS_002 P1_KDFQFYK P2_DKPIR 1 2,Q99ZW2,null,,false,Q99ZW2,null,,false,1300,968,,9.322584,false,true,false,false,1,1,Self,0.056559,0.057098,0.143533,,9.322584,,,0,0,0,,0.050491,0.04119,,0
83,104,Scan: 464397 Run: DIA12_CV486075:20251228_A2_N1_Mueller_MS_TechHub_IMP_THIDDIAXL003_Cas9_PhoX_DIA12_CV486075_250ng_FAIMS_001 P1_YDENDKLIR P2_EDIQKAQVSGQGDSLHEHIANLAGSPAIK 6 5,Q99ZW2,null,,false,Q99ZW2,null,,false,710,948,,9.322117,false,true,false,false,1,1,Self,0.056559,0.057236,0.144216,,,9.322117,,0,0,0,,0.050491,0.04119,,0
82,103,Scan: 1089332 Run: DIA12_CV486075:20251228_A2_N1_Mueller_MS_TechHub_IMP_THIDDIAXL003_Cas9_PhoX_DIA12_CV486075_250ng_FAIMS_002 P1_VLEDVVKVTQLIGK P2_FKVLGNTDR 7 2,Q99ZW2,null,,false,decoy:Q99ZW2,decoydecoy:null,decoy:,true,33,742,,9.321751,true,false,true,false,1,1,Self,0.057345,0.057648,0.144444,,9.321751,,,0,1,1,,0.051156,0.041738,,2
80,101,Scan: 199226 Run: DIA12_CV486075:20251228_A2_N1_Mueller_MS_TechHub_IMP_THIDDIAXL003_Cas9_PhoX_DIA12_CV486075_250ng_FAIMS_001 P1_YTSTKEVLDATLIHQSITGLYETR P2_IGNILKR 5 6,decoy:Q99ZW2,decoydecoy:null,decoy:,true,Q99ZW2,null,,false,670,1340,,9.320686,true,false,true,false,1,1,Self,0.058085,0.057932,0.144674,,,9.320686,,1,0,1,,0.051784,0.042237,,2
79,100,Scan: 1634400 Run: DIA12_CV486075:20251228_A2_N1_Mueller_MS_TechHub_IMP_THIDDIAXL003_Cas9_PhoX_DIA12_CV486075_250ng_FAIMS_003 P1_SNFDLAEDAKLQLSK P2_QSGKTILDFLK 10 4,Q99ZW2,null,,false,Q99ZW2,null,,false,677,263,,9.320114,false,true,false,false,1,1,Self,0.058085,0.058336,0.144904,9.320114,,,,0,0,0,,0.051784,0.042237,,0
77,97,Scan: 700900 Run: DIA12_CV486075:20251228_A2_N1_Mueller_MS_TechHub_IMP_THIDDIAXL003_Cas9_PhoX_DIA12_CV486075_250ng_FAIMS_002 P1_KYGGFDSPTVAYSVLVVAK P2_KPLISER 1 1,decoy:Q99ZW2,decoydecoy:null,decoy:,true,Q99ZW2,null,,false,1108,1130,,9.319319,true,false,true,false,1,1,Self,0.058685,0.058563,0.145833,,9.319319,,,1,0,1,,0.052338,0.042711,,2
76,96,Scan: 1605937 Run: DIA12_CV486075:20251228_A2_N1_Mueller_MS_TechHub_IMP_THIDDIAXL003_Cas9_PhoX_DIA12_CV486075_250ng_FAIMS_003 P1_MNTKYDENDK P2_KVTVK 4 1,Q99ZW2,null,,false,Q99ZW2,null,,false,558,942,,9.318542,false,true,false,false,1,1,Self,0.058685,0.058914,0.146067,9.318542,,,,0,0,0,,0.052338,0.042711,,0
75,95,Scan: 1477480 Run: DIA12_CV486075:20251228_A2_N1_Mueller_MS_TechHub_IMP_THIDDIAXL003_Cas9_PhoX_DIA12_CV486075_250ng_FAIMS_003 P1_IEKILTFR P2_FIKPILEKMDGTEELLVK 3 8,Q99ZW2,null,,false,Q99ZW2,null,,false,382,442,,9.318252,false,true,false,false,1,1,Self,0.058685,0.058999,0.146067,9.318252,,,,0,0,0,,0.052338,0.042711,,0
74,94,Scan: 1494185 Run: DIA12_CV486075:20251228_A2_N1_Mueller_MS_TechHub_IMP_THIDDIAXL003_Cas9_PhoX_DIA12_CV486075_250ng_FAIMS_003 P1_SEQEIGKATAK P2_KSEETITPWNFEEVVDK 7 1,Q99ZW2,null,,false,Q99ZW2,null,,false,468,1031,,9.31814,false,true,false,false,1,1,Self,0.058685,0.059032,0.146067,9.31814,,,,0,0,0,,0.052338,0.042711,,0
73,93,Scan: 261510 Run: DIA12_CV486075:20251228_A2_N1_Mueller_MS_TechHub_IMP_THIDDIAXL003_Cas9_PhoX_DIA12_CV486075_250ng_FAIMS_001 P1_YKEIFFDQSK P2_AGFIKR 2 5,Q99ZW2,null,,false,Q99ZW2,null,,false,918,348,,9.31749,false,true,false,false,1,1,Self,0.058685,0.059223,0.146067,,,9.31749,,0,0,0,,0.052338,0.042711,,0
72,92,Scan: 651608 Run: DIA12_CV486075:20251228_A2_N1_Mueller_MS_TechHub_IMP_THIDDIAXL003_Cas9_PhoX_DIA12_CV486075_250ng_FAIMS_002 P1_PLISEKSFGGTQVETK P2_EDIQKAQVSGQGDSLHEHIANLAGSPAIK 6 5,Q99ZW2,null,,false,decoy:Q99ZW2,decoydecoy:null,decoy:,true,710,1103,,9.317132,true,false,true,false,1,1,Self,0.059329,0.059111,0.146302,,9.317132,,,0,1,1,,0.052888,0.043108,,2
71,91,Scan: 376840 Run: DIA12_CV486075:20251228_A2_N1_Mueller_MS_TechHub_IMP_THIDDIAXL003_Cas9_PhoX_DIA12_CV486075_250ng_FAIMS_001 P1_KPAFLSGEQK P2_KMIAK 1 1,Q99ZW2,null,,false,Q99ZW2,null,,false,1020,536,,9.316905,false,true,false,false,1,1,Self,0.059329,0.059355,0.146302,,,9.316905,,0,0,0,,0.052888,0.043108,,0
70,87,Scan: 274533 Run: DIA12_CV486075:20251228_A2_N1_Mueller_MS_TechHub_IMP_THIDDIAXL003_Cas9_PhoX_DIA12_CV486075_250ng_FAIMS_001 P1_NGYAGYIDGGASQEEFYKFIKPILEK P2_ESILPKR 18 6,Q99ZW2,null,,false,Q99ZW2,null,,false,1113,374,,9.315582,false,true,false,false,1,1,Self,0.059329,0.059507,0.146774,,,9.315582,,0,0,0,,0.052888,0.043108,,0
69,86,Scan: 1493996 Run: DIA12_CV486075:20251228_A2_N1_Mueller_MS_TechHub_IMP_THIDDIAXL003_Cas9_PhoX_DIA12_CV486075_250ng_FAIMS_003 P1_KNLIGALLFDSGETAEATR P2_DFQFYKVR 1 6,Q99ZW2,null,,false,Q99ZW2,null,,false,974,45,,9.315175,false,true,false,false,1,1,Self,0.059329,0.059554,0.146774,9.315175,,,,0,0,0,,0.052888,0.043108,,0
67,84,Scan: 115143 Run: DIA12_CV486075:20251228_A2_N1_Mueller_MS_TechHub_IMP_THIDDIAXL003_Cas9_PhoX_DIA12_CV486075_250ng_FAIMS_001 P1_SSFEKNPIDFLEAK P2_SKSLR 5 2,decoy:Q99ZW2,decoydecoy:null,decoy:,true,Q99ZW2,null,,false,217,1176,,9.314393,true,false,true,false,1,1,Self,0.059644,0.059642,0.147488,,,9.314393,,1,0,1,,0.053067,0.04321,,2
66,83,Scan: 1341590 Run: DIA12_CV486075:20251228_A2_N1_Mueller_MS_TechHub_IMP_THIDDIAXL003_Cas9_PhoX_DIA12_CV486075_250ng_FAIMS_003 P1_LPKYSLFELENGR P2_DKQSGK 3 2,Q99ZW2,null,,false,Q99ZW2,null,,false,673,1200,,9.314353,false,true,false,false,1,1,Self,0.059644,0.059648,0.147488,9.314353,,,,0,0,0,,0.053067,0.04321,,0
65,80,Scan: 1560666 Run: DIA12_CV486075:20251228_A2_N1_Mueller_MS_TechHub_IMP_THIDDIAXL003_Cas9_PhoX_DIA12_CV486075_250ng_FAIMS_003 P1_VLPKHSLLYEYFTVYNELTK P2_SDNVPSEEVVKK 4 11,Q99ZW2,null,,false,Q99ZW2,null,,false,877,510,,9.312772,false,true,false,false,1,1,Self,0.059644,0.059828,0.147727,9.312772,,,,0,0,0,,0.053067,0.04321,,0
64,79,Scan: 1037610 Run: DIA12_CV486075:20251228_A2_N1_Mueller_MS_TechHub_IMP_THIDDIAXL003_Cas9_PhoX_DIA12_CV486075_250ng_FAIMS_002 P1_QSGKTILDFLK P2_GQKNSR 4 3,Q99ZW2,null,,false,Q99ZW2,null,,false,775,677,,9.3123,false,true,false,false,1,1,Self,0.059644,0.059882,0.148208,,9.3123,,,0,0,0,,0.053067,0.04321,,0
63,78,Scan: 1788864 Run: DIA12_CV486075:20251228_A2_N1_Mueller_MS_TechHub_IMP_THIDDIAXL003_Cas9_PhoX_DIA12_CV486075_250ng_FAIMS_003 P1_QQLPEKYK P2_KDFQFYK 6 1,Q99ZW2,null,,false,Q99ZW2,null,,false,968,346,,9.312168,false,true,false,false,1,1,Self,0.059644,0.059897,0.148208,9.312168,,,,0,0,0,,0.053067,0.04321,,0
61,76,Scan: 1134722 Run: DIA12_CV486075:20251228_A2_N1_Mueller_MS_TechHub_IMP_THIDDIAXL003_Cas9_PhoX_DIA12_CV486075_250ng_FAIMS_002 P1_GQKNSR P2_EHPVENTQLQNEKLYLYYLQNGR 3 13,Q99ZW2,null,,false,Q99ZW2,null,,false,810,775,,9.311924,false,true,false,false,1,1,Self,0.059644,0.059925,0.14845,,9.311924,,,0,0,0,,0.053067,0.04321,,0
60,75,Scan: 859296 Run: DIA12_CV486075:20251228_A2_N1_Mueller_MS_TechHub_IMP_THIDDIAXL003_Cas9_PhoX_DIA12_CV486075_250ng_FAIMS_002 P1_YKEIFFDQSK P2_DFQFYKVR 2 6,Q99ZW2,null,,false,Q99ZW2,null,,false,974,348,,9.311903,false,true,false,false,1,1,Self,0.059644,0.059927,0.14845,,9.311903,,,0,0,0,,0.053067,0.04321,,0
57,69,Scan: 1377903 Run: DIA12_CV486075:20251228_A2_N1_Mueller_MS_TechHub_IMP_THIDDIAXL003_Cas9_PhoX_DIA12_CV486075_250ng_FAIMS_003 P1_VILADANLDKVLSAYNK P2_RVILADANLDKVLSAYNK 10 11,Q99ZW2,null,,false,Q99ZW2,null,,false,1289,1289,,9.309463,false,true,false,false,1,1,Self,0.059644,0.060206,0.148693,9.309463,,,,0,0,0,,0.053067,0.04321,,0
56,68,Scan: 1448141 Run: DIA12_CV486075:20251228_A2_N1_Mueller_MS_TechHub_IMP_THIDDIAXL003_Cas9_PhoX_DIA12_CV486075_250ng_FAIMS_003 P1_YKEIFFDQSK P2_QQLPEKYKEIFFDQSK 2 6,Q99ZW2,null,,false,Q99ZW2,null,,false,346,348,,9.309017,false,true,false,false,1,1,Self,0.059644,0.060256,0.148693,9.309017,,9.106105,,0,0,0,,0.053067,0.04321,,0
55,67,Scan: 1782490 Run: DIA12_CV486075:20251228_A2_N1_Mueller_MS_TechHub_IMP_THIDDIAXL003_Cas9_PhoX_DIA12_CV486075_250ng_FAIMS_003 P1_YKEIFFDQSK P2_VITLKSK 2 5,Q99ZW2,null,,false,Q99ZW2,null,,false,959,348,,9.308575,false,true,false,false,1,1,Self,0.059644,0.060307,0.148693,9.308575,8.850843,,,0,0,0,,0.053067,0.04321,,0
54,66,Scan: 1634116 Run: DIA12_CV486075:20251228_A2_N1_Mueller_MS_TechHub_IMP_THIDDIAXL003_Cas9_PhoX_DIA12_CV486075_250ng_FAIMS_003 P1_QSGKTILDFLK P2_DLIIKLPK 4 5,Q99ZW2,null,,false,Q99ZW2,null,,false,1197,677,,9.308491,false,true,false,false,1,1,Self,0.059644,0.060316,0.148693,9.308491,,,,0,0,0,,0.053067,0.04321,,0
52,64,Scan: 1283437 Run: DIA12_CV486075:20251228_A2_N1_Mueller_MS_TechHub_IMP_THIDDIAXL003_Cas9_PhoX_DIA12_CV486075_250ng_FAIMS_003 P1_EKIEKILTFR P2_AILKDSNR 5 4,decoy:Q99ZW2,decoydecoy:null,decoy:,true,Q99ZW2,null,,false,1118,442,,9.307597,true,false,true,false,1,1,Self,0.060418,0.06074,0.148936,9.307597,,,,1,0,1,,0.053756,0.043771,,2
51,63,Scan: 1707493 Run: DIA12_CV486075:20251228_A2_N1_Mueller_MS_TechHub_IMP_THIDDIAXL003_Cas9_PhoX_DIA12_CV486075_250ng_FAIMS_003 P1_SNKQGR P2_KPAFLSGEQK 3 1,Q99ZW2,null,,false,decoy:Q99ZW2,decoydecoy:null,decoy:,true,536,775,,9.306833,true,false,true,false,1,1,Self,0.060863,0.060605,0.148936,9.306833,,8.357546,,0,1,1,,0.05411,0.044011,,2
50,62,Scan: 1466455 Run: DIA12_CV486075:20251228_A2_N1_Mueller_MS_TechHub_IMP_THIDDIAXL003_Cas9_PhoX_DIA12_CV486075_250ng_FAIMS_003 P1_KLINGIR P2_EIFFDQSKNGYAGYIDGGASQEEFYK 1 8,Q99ZW2,null,,false,Q99ZW2,null,,false,356,665,,9.306541,false,true,false,false,1,1,Self,0.060863,0.060915,0.148936,9.306541,,,,0,0,0,,0.05411,0.044011,,0
49,61,Scan: 605775 Run: DIA12_CV486075:20251228_A2_N1_Mueller_MS_TechHub_IMP_THIDDIAXL003_Cas9_PhoX_DIA12_CV486075_250ng_FAIMS_002 P1_LESEFVYGDYKVYDVR P2_KDFQFYK 11 1,Q99ZW2,null,,false,Q99ZW2,null,,false,968,1014,,9.306244,false,true,false,false,1,1,Self,0.060863,0.060969,0.149425,,9.306244,,,0,0,0,,0.05411,0.044011,,0
48,60,Scan: 1635273 Run: DIA12_CV486075:20251228_A2_N1_Mueller_MS_TechHub_IMP_THIDDIAXL003_Cas9_PhoX_DIA12_CV486075_250ng_FAIMS_003 P1_YDENDKLIR P2_QSGKTILDFLK 6 4,Q99ZW2,null,,false,Q99ZW2,null,,false,677,948,,9.306062,false,true,false,false,1,1,Self,0.060863,0.061002,0.149425,9.306062,,,,0,0,0,,0.05411,0.044011,,0
47,58,Scan: 1383328 Run: DIA12_CV486075:20251228_A2_N1_Mueller_MS_TechHub_IMP_THIDDIAXL003_Cas9_PhoX_DIA12_CV486075_250ng_FAIMS_003 P1_KKDWDPK P2_HPIFGNIVDEVAYHEKYPTIYHLR 1 16,Q99ZW2,null,,false,Q99ZW2,null,,false,131,1123,,9.305833,false,true,false,false,1,1,Self,0.060863,0.061043,0.149425,9.305833,,,,0,0,0,,0.05411,0.044011,,0
44,54,Scan: 1304816 Run: DIA12_CV486075:20251228_A2_N1_Mueller_MS_TechHub_IMP_THIDDIAXL003_Cas9_PhoX_DIA12_CV486075_250ng_FAIMS_003 P1_QLKEDYFK P2_LKSVK 3 2,Q99ZW2,null,,false,Q99ZW2,null,,false,1158,565,,9.303882,false,true,false,false,1,1,Self,0.060863,0.061395,0.149671,9.303882,,,,0,0,0,,0.05411,0.044011,,0
43,53,Scan: 1309797 Run: DIA12_CV486075:20251228_A2_N1_Mueller_MS_TechHub_IMP_THIDDIAXL003_Cas9_PhoX_DIA12_CV486075_250ng_FAIMS_003 P1_VLSAYNKHR P2_SSFEKNPIDFLEAK 7 5,Q99ZW2,null,,false,Q99ZW2,null,,false,1176,1296,,9.303549,false,true,false,false,1,1,Self,0.060863,0.061455,0.149671,9.303549,,,,0,0,0,,0.05411,0.044011,,0
42,50,Scan: 98114 Run: DIA12_CV486075:20251228_A2_N1_Mueller_MS_TechHub_IMP_THIDDIAXL003_Cas9_PhoX_DIA12_CV486075_250ng_FAIMS_001 P1_KKDWDPK P2_DLIIKLPK 2 5,Q99ZW2,null,,false,Q99ZW2,null,,false,1197,1124,,9.303114,false,true,false,false,1,1,Self,0.060863,0.061533,0.149671,,,9.303114,,0,0,0,,0.05411,0.044011,,0
41,49,Scan: 1548189 Run: DIA12_CV486075:20251228_A2_N1_Mueller_MS_TechHub_IMP_THIDDIAXL003_Cas9_PhoX_DIA12_CV486075_250ng_FAIMS_003 P1_MTNFDKNLPNEK P2_AILKDSNR 6 4,decoy:Q99ZW2,decoydecoy:null,decoy:,true,Q99ZW2,null,,false,1118,500,,9.302822,true,false,true,false,1,1,Self,0.061586,0.062159,0.149671,9.302822,,,,1,0,1,,0.054757,0.044543,,2
40,48,Scan: 374908 Run: DIA12_CV486075:20251228_A2_N1_Mueller_MS_TechHub_IMP_THIDDIAXL003_Cas9_PhoX_DIA12_CV486075_250ng_FAIMS_001 P1_VKYVTEGMR P2_GQKNSR 2 3,Q99ZW2,null,,false,Q99ZW2,null,,false,775,528,,9.302758,false,true,false,false,1,1,Self,0.061586,0.061667,0.149671,,,9.302758,,0,0,0,,0.054757,0.044543,,0
39,47,Scan: 208704 Run: DIA12_CV486075:20251228_A2_N1_Mueller_MS_TechHub_IMP_THIDDIAXL003_Cas9_PhoX_DIA12_CV486075_250ng_FAIMS_001 P1_SKSLR P2_IEKILTFR 2 3,Q99ZW2,null,,false,decoy:Q99ZW2,decoydecoy:null,decoy:,true,442,217,,9.302213,true,false,true,false,1,1,Self,0.062356,0.062213,0.149918,,,9.302213,,0,1,1,,0.055441,0.0451,,2
38,46,Scan: 146011 Run: DIA12_CV486075:20251228_A2_N1_Mueller_MS_TechHub_IMP_THIDDIAXL003_Cas9_PhoX_DIA12_CV486075_250ng_FAIMS_001 P1_LPKYSLFELENGR P2_EIFSQASAGKDVVEEFNWPTITEESR 3 10,decoy:Q99ZW2,decoydecoy:null,decoy:,true,Q99ZW2,null,,false,478,1200,,9.301469,true,false,true,false,1,1,Self,0.06298,0.062785,0.150165,,,9.301469,,1,0,1,,0.056011,0.045581,,2
37,45,Scan: 261414 Run: DIA12_CV486075:20251228_A2_N1_Mueller_MS_TechHub_IMP_THIDDIAXL003_Cas9_PhoX_DIA12_CV486075_250ng_FAIMS_001 P1_YKEIFFDQSK P2_KFDNLTKAER 2 7,Q99ZW2,null,,false,Q99ZW2,null,,false,902,348,,9.300744,false,true,false,false,1,1,Self,0.06298,0.063309,0.150165,,,9.300744,,0,0,0,,0.056011,0.045581,,0
36,44,Scan: 1006646 Run: DIA12_CV486075:20251228_A2_N1_Mueller_MS_TechHub_IMP_THIDDIAXL003_Cas9_PhoX_DIA12_CV486075_250ng_FAIMS_002 P1_KSEETITPWNFEEVVDK P2_AIVDLLFKTNR 1 8,Q99ZW2,null,,false,Q99ZW2,null,,false,554,468,,9.300581,false,true,false,false,1,1,Self,0.06298,0.063382,0.150165,,9.300581,,,0,0,0,,0.056011,0.045581,,0
35,43,Scan: 561397 Run: DIA12_CV486075:20251228_A2_N1_Mueller_MS_TechHub_IMP_THIDDIAXL003_Cas9_PhoX_DIA12_CV486075_250ng_FAIMS_001 P1_SDKNR P2_KFDNLTK 3 1,Q99ZW2,null,,false,Q99ZW2,null,,false,896,862,,9.300543,false,true,false,false,1,1,Self,0.06298,0.0634,0.150165,,,9.300543,,0,0,0,,0.056011,0.045581,,0
34,42,Scan: 1417076 Run: DIA12_CV486075:20251228_A2_N1_Mueller_MS_TechHub_IMP_THIDDIAXL003_Cas9_PhoX_DIA12_CV486075_250ng_FAIMS_003 P1_YDEHHQDLTLLKALVR P2_SLQLKADEALDFNSK 12 5,decoy:Q99ZW2,decoydecoy:null,decoy:,true,Q99ZW2,null,,false,258,336,,9.299883,true,false,true,false,1,1,Self,0.063699,0.064102,0.150165,9.299883,,,,1,0,1,,0.056655,0.046111,,2
33,41,Scan: 712599 Run: DIA12_CV486075:20251228_A2_N1_Mueller_MS_TechHub_IMP_THIDDIAXL003_Cas9_PhoX_DIA12_CV486075_250ng_FAIMS_002 P1_SSFEKNPIDFLEAK P2_LSKSR 5 3,Q99ZW2,null,,false,Q99ZW2,null,,false,218,1176,,9.299735,false,true,false,false,1,1,Self,0.063699,0.063936,0.150165,,9.299735,,,0,0,0,,0.056655,0.046111,,0
32,40,Scan: 537349 Run: DIA12_CV486075:20251228_A2_N1_Mueller_MS_TechHub_IMP_THIDDIAXL003_Cas9_PhoX_DIA12_CV486075_250ng_FAIMS_001 P1_SNKQGR P2_EHPVENTQLQNEKLYLYYLQNGR 3 13,Q99ZW2,null,,false,decoy:Q99ZW2,decoydecoy:null,decoy:,true,810,775,,9.299437,true,false,true,false,1,1,Self,0.064417,0.06393,0.150165,,,9.299437,,0,1,1,,0.057299,0.046615,,2
31,38,Scan: 1689095 Run: DIA12_CV486075:20251228_A2_N1_Mueller_MS_TechHub_IMP_THIDDIAXL003_Cas9_PhoX_DIA12_CV486075_250ng_FAIMS_003 P1_NLPNEKVLPK P2_GILQTVKVVDELVK 6 7,Q99ZW2,null,,false,Q99ZW2,null,,false,742,506,,9.298262,false,true,false,false,1,1,Self,0.064417,0.064635,0.150165,9.298262,,,,0,0,0,,0.057299,0.046615,,0
30,37,Scan: 1008956 Run: DIA12_CV486075:20251228_A2_N1_Mueller_MS_TechHub_IMP_THIDDIAXL003_Cas9_PhoX_DIA12_CV486075_250ng_FAIMS_002 P1_LQKVTVK P2_FKVLGNTDR 3 2,Q99ZW2,null,,false,decoy:Q99ZW2,decoydecoy:null,decoy:,true,33,561,,9.297977,true,false,true,false,1,1,Self,0.064688,0.06465,0.150165,,9.297977,9.090178,,0,1,1,,0.057588,0.046832,,2
29,35,Scan: 190680 Run: DIA12_CV486075:20251228_A2_N1_Mueller_MS_TechHub_IMP_THIDDIAXL003_Cas9_PhoX_DIA12_CV486075_250ng_FAIMS_001 P1_KAIVDLLFK P2_HPIFGNIVDEVAYHEKYPTIYHLR 1 16,Q99ZW2,null,,false,Q99ZW2,null,,false,131,546,,9.297727,false,true,false,false,1,1,Self,0.064688,0.064726,0.150165,,,9.297727,,0,0,0,,0.057588,0.046832,,0
28,34,Scan: 404610 Run: DIA12_CV486075:20251228_A2_N1_Mueller_MS_TechHub_IMP_THIDDIAXL003_Cas9_PhoX_DIA12_CV486075_250ng_FAIMS_001 P1_LSKSR P2_KAIVDLLFK 3 1,Q99ZW2,null,,false,Q99ZW2,null,,false,546,218,,9.29763,false,true,false,false,1,1,Self,0.064688,0.064741,0.150165,,,9.29763,,0,0,0,,0.057588,0.046832,,0
27,33,Scan: 636590 Run: DIA12_CV486075:20251228_A2_N1_Mueller_MS_TechHub_IMP_THIDDIAXL003_Cas9_PhoX_DIA12_CV486075_250ng_FAIMS_002 P1_NLPNEKVLPK P2_KTEVQTGGFSK 6 1,Q99ZW2,null,,false,Q99ZW2,null,,false,1097,506,,9.296643,false,true,false,false,1,1,Self,0.064688,0.06489,0.150662,,9.296643,,,0,0,0,,0.057588,0.046832,,0
26,31,Scan: 293488 Run: DIA12_CV486075:20251228_A2_N1_Mueller_MS_TechHub_IMP_THIDDIAXL003_Cas9_PhoX_DIA12_CV486075_250ng_FAIMS_001 P1_VTVKQLK P2_IEKILTFR 4 3,Q99ZW2,null,,false,Q99ZW2,null,,false,442,562,,9.295293,false,true,false,false,1,1,Self,0.064688,0.065095,0.150912,,,9.295293,,0,0,0,,0.057588,0.046832,,0
25,30,Scan: 1621968 Run: DIA12_CV486075:20251228_A2_N1_Mueller_MS_TechHub_IMP_THIDDIAXL003_Cas9_PhoX_DIA12_CV486075_250ng_FAIMS_003 P1_TYAHLFDDKVMK P2_DKQSGK 9 2,Q99ZW2,null,,false,Q99ZW2,null,,false,673,646,,9.294888,false,true,false,false,1,1,Self,0.064688,0.065156,0.151163,9.294888,,,,0,0,0,,0.057588,0.046832,,0
24,29,Scan: 891655 Run: DIA12_CV486075:20251228_A2_N1_Mueller_MS_TechHub_IMP_THIDDIAXL003_Cas9_PhoX_DIA12_CV486075_250ng_FAIMS_002 P1_IEKILTFR P2_EVKVITLK 3 3,Q99ZW2,null,,false,Q99ZW2,null,,false,954,442,,9.29392,false,true,false,false,1,1,Self,0.064688,0.065303,0.151414,,9.29392,,,0,0,0,,0.057588,0.046832,,0
23,27,Scan: 430332 Run: DIA12_CV486075:20251228_A2_N1_Mueller_MS_TechHub_IMP_THIDDIAXL003_Cas9_PhoX_DIA12_CV486075_250ng_FAIMS_001 P1_VKYVTEGMR P2_KLINGIR 2 1,Q99ZW2,null,,false,Q99ZW2,null,,false,665,528,,9.293513,false,true,false,false,1,1,Self,0.064688,0.065365,0.151414,,9.237244,9.293513,,0,0,0,,0.057588,0.046832,,0
22,26,Scan: 15160 Run: DIA12_CV486075:20251228_A2_N1_Mueller_MS_TechHub_IMP_THIDDIAXL003_Cas9_PhoX_DIA12_CV486075_250ng_FAIMS_001 P1_SEQEIGKATAK P2_LKGSPEDNEQK 7 2,Q99ZW2,null,,false,Q99ZW2,null,,false,1246,1031,,9.293408,false,true,false,false,1,1,Self,0.064688,0.065381,0.151667,,,9.293408,,0,0,0,,0.057588,0.046832,,0
21,25,Scan: 1632545 Run: DIA12_CV486075:20251228_A2_N1_Mueller_MS_TechHub_IMP_THIDDIAXL003_Cas9_PhoX_DIA12_CV486075_250ng_FAIMS_003 P1_KSEETITPWNFEEVVDKGASAQSFIER P2_DKQSGK 17 2,Q99ZW2,null,,false,Q99ZW2,null,,false,673,484,,9.293067,false,true,false,false,1,1,Self,0.064688,0.065432,0.151667,9.293067,,,,0,0,0,,0.057588,0.046832,,0
20,24,Scan: 1272590 Run: DIA12_CV486075:20251228_A2_N1_Mueller_MS_TechHub_IMP_THIDDIAXL003_Cas9_PhoX_DIA12_CV486075_250ng_FAIMS_003 P1_MTNFDKNLPNEK P2_LEESFLVEEDKKHER 6 11,Q99ZW2,null,,false,Q99ZW2,null,,false,111,500,,9.293023,false,true,false,false,1,1,Self,0.064688,0.065439,0.151667,9.293023,,,,0,0,0,,0.057588,0.046832,,0
19,23,Scan: 1317385 Run: DIA12_CV486075:20251228_A2_N1_Mueller_MS_TechHub_IMP_THIDDIAXL003_Cas9_PhoX_DIA12_CV486075_250ng_FAIMS_003 P1_YGKAELFDIPNK P2_IEKILTFR 3 3,Q99ZW2,null,,false,decoy:Q99ZW2,decoydecoy:null,decoy:,true,442,1179,,9.292956,true,false,true,false,1,1,Self,0.065449,0.065919,0.151667,9.292956,,,,0,1,1,,0.058266,0.047383,,2
18,22,Scan: 1558676 Run: DIA12_CV486075:20251228_A2_N1_Mueller_MS_TechHub_IMP_THIDDIAXL003_Cas9_PhoX_DIA12_CV486075_250ng_FAIMS_003 P1_VLPKHSLLYEYFTVYNELTK P2_EIFSQASAGKDVVEEFNWPTITEESR 4 10,decoy:Q99ZW2,decoydecoy:null,decoy:,true,Q99ZW2,null,,false,478,510,,9.292588,true,false,true,false,1,1,Self,0.066009,0.065691,0.15192,9.292588,,,,1,0,1,,0.058744,0.047802,,2
17,21,Scan: 1767519 Run: DIA12_CV486075:20251228_A2_N1_Mueller_MS_TechHub_IMP_THIDDIAXL003_Cas9_PhoX_DIA12_CV486075_250ng_FAIMS_003 P1_QITKHVAQILDSR P2_NLPNEKVLPK 4 6,Q99ZW2,null,,false,Q99ZW2,null,,false,506,929,,9.292512,false,true,false,false,1,1,Self,0.066009,0.066043,0.15192,9.292512,,,,0,0,0,,0.058744,0.047802,,0
15,19,Scan: 1711500 Run: DIA12_CV486075:20251228_A2_N1_Mueller_MS_TechHub_IMP_THIDDIAXL003_Cas9_PhoX_DIA12_CV486075_250ng_FAIMS_003 P1_KFDNLTK P2_IEEGIKELGSQILK 1 6,Q99ZW2,null,,false,Q99ZW2,null,,false,789,896,,9.291647,false,true,false,false,1,1,Self,0.066009,0.066425,0.15192,9.291647,,,,0,0,0,,0.058744,0.047802,,0
14,18,Scan: 568016 Run: DIA12_CV486075:20251228_A2_N1_Mueller_MS_TechHub_IMP_THIDDIAXL003_Cas9_PhoX_DIA12_CV486075_250ng_FAIMS_001 P1_SEETITPWNFEEVVDKGASAQSFIER P2_GGLSELDKAGFIK 16 8,Q99ZW2,null,,false,Q99ZW2,null,,false,913,484,,9.29159,false,true,false,false,1,1,Self,0.066009,0.06645,0.15192,,,9.29159,,0,0,0,,0.058744,0.047802,,0
13,17,Scan: 854031 Run: DIA12_CV486075:20251228_A2_N1_Mueller_MS_TechHub_IMP_THIDDIAXL003_Cas9_PhoX_DIA12_CV486075_250ng_FAIMS_002 P1_YKEIFFDQSK P2_KFKVLGNTDR 2 1,Q99ZW2,null,,false,Q99ZW2,null,,false,31,348,,9.291467,false,true,false,false,1,1,Self,0.066009,0.066504,0.15192,,9.291467,,,0,0,0,,0.058744,0.047802,,0
12,16,Scan: 685061 Run: DIA12_CV486075:20251228_A2_N1_Mueller_MS_TechHub_IMP_THIDDIAXL003_Cas9_PhoX_DIA12_CV486075_250ng_FAIMS_002 P1_SNFDLAEDAKLQLSK P2_AILKDSNR 10 4,decoy:Q99ZW2,decoydecoy:null,decoy:,true,Q99ZW2,null,,false,1118,263,,9.291099,true,false,true,false,1,1,Self,0.066667,0.06661,0.152174,,9.291099,,,1,0,1,,0.059339,0.048272,,2
11,15,Scan: 515883 Run: DIA12_CV486075:20251228_A2_N1_Mueller_MS_TechHub_IMP_THIDDIAXL003_Cas9_PhoX_DIA12_CV486075_250ng_FAIMS_001 P1_KGILQTVK P2_IEEGIKELGSQILK 1 6,Q99ZW2,null,,false,Q99ZW2,null,,false,789,735,,9.29051,false,true,false,false,1,1,Self,0.066667,0.066882,0.152429,,,9.29051,,0,0,0,,0.059339,0.048272,,0
10,14,Scan: 510133 Run: DIA12_CV486075:20251228_A2_N1_Mueller_MS_TechHub_IMP_THIDDIAXL003_Cas9_PhoX_DIA12_CV486075_250ng_FAIMS_001 P1_VTVKQLK P2_ENQTTQKGQK 4 7,Q99ZW2,null,,false,Q99ZW2,null,,false,772,562,,9.289694,false,true,false,false,1,1,Self,0.066667,0.067181,0.152429,,,9.289694,,0,0,0,,0.059339,0.048272,,0
9,12,Scan: 116604 Run: DIA12_CV486075:20251228_A2_N1_Mueller_MS_TechHub_IMP_THIDDIAXL003_Cas9_PhoX_DIA12_CV486075_250ng_FAIMS_001 P1_SSFEKNPIDFLEAK P2_EIFSQASAGKDVVEEFNWPTITEESR 5 10,decoy:Q99ZW2,decoydecoy:null,decoy:,true,Q99ZW2,null,,false,478,1176,,9.289586,true,false,true,false,1,1,Self,0.067221,0.067472,0.152429,,,9.289586,,1,0,1,,0.059852,0.048687,,2
8,11,Scan: 231333 Run: DIA12_CV486075:20251228_A2_N1_Mueller_MS_TechHub_IMP_THIDDIAXL003_Cas9_PhoX_DIA12_CV486075_250ng_FAIMS_001 P1_VNTEITKAPLSASMIK P2_VKYVTEGMR 7 2,Q99ZW2,null,,false,Q99ZW2,null,,false,528,314,,9.289422,false,true,false,false,1,1,Self,0.067221,0.067356,0.152429,8.573085,,9.289422,,0,0,0,,0.059852,0.048687,,0
7,10,Scan: 885451 Run: DIA12_CV486075:20251228_A2_N1_Mueller_MS_TechHub_IMP_THIDDIAXL003_Cas9_PhoX_DIA12_CV486075_250ng_FAIMS_002 P1_QEDFYPFLKDNR P2_KTEVQTGGFSK 9 1,Q99ZW2,null,,false,Q99ZW2,null,,false,1097,434,,9.289363,false,true,false,false,1,1,Self,0.067221,0.067405,0.152429,,9.289363,,,0,0,0,,0.059852,0.048687,,0
6,9,Scan: 801126 Run: DIA12_CV486075:20251228_A2_N1_Mueller_MS_TechHub_IMP_THIDDIAXL003_Cas9_PhoX_DIA12_CV486075_250ng_FAIMS_002 P1_KLVDSTDK P2_GYKEVK 1 3,Q99ZW2,null,,false,Q99ZW2,null,,false,1188,141,,9.289115,false,true,false,false,1,1,Self,0.067221,0.06761,0.152429,,9.289115,,,0,0,0,,0.059852,0.048687,,0
5,8,Scan: 946117 Run: DIA12_CV486075:20251228_A2_N1_Mueller_MS_TechHub_IMP_THIDDIAXL003_Cas9_PhoX_DIA12_CV486075_250ng_FAIMS_002 P1_SEETITPWNFEEVVDKGASAQSFIER P2_LKTYAHLFDDK 16 2,Q99ZW2,null,,false,Q99ZW2,null,,false,637,484,,9.288979,false,true,false,false,1,1,Self,0.067221,0.067722,0.152429,,9.288979,,,0,0,0,,0.059852,0.048687,,0
4,6,Scan: 89817 Run: DIA12_CV486075:20251228_A2_N1_Mueller_MS_TechHub_IMP_THIDDIAXL003_Cas9_PhoX_DIA12_CV486075_250ng_FAIMS_001 P1_KPAFLSGEQK P2_AILKDSNR 1 4,decoy:Q99ZW2,decoydecoy:null,decoy:,true,Q99ZW2,null,,false,1118,536,,9.288735,true,false,true,false,1,1,Self,0.067925,0.067742,0.152429,,,9.288735,,1,0,1,,0.060484,0.04918,,2
3,4,Scan: 1330036 Run: DIA12_CV486075:20251228_A2_N1_Mueller_MS_TechHub_IMP_THIDDIAXL003_Cas9_PhoX_DIA12_CV486075_250ng_FAIMS_003 P1_KLINGIR P2_GYKEVK 1 3,Q99ZW2,null,,false,Q99ZW2,null,,false,1188,665,,9.287957,false,true,false,false,1,1,Self,0.067925,0.068297,0.152685,9.287957,,,,0,0,0,,0.060484,0.04918,,0
2,3,Scan: 1692896 Run: DIA12_CV486075:20251228_A2_N1_Mueller_MS_TechHub_IMP_THIDDIAXL003_Cas9_PhoX_DIA12_CV486075_250ng_FAIMS_003 P1_VLEDVVKVTQLIGK P2_EHPVENTQLQNEKLYLYYLQNGR 7 13,Q99ZW2,null,,false,decoy:Q99ZW2,decoydecoy:null,decoy:,true,810,742,,9.287374,true,false,true,false,1,1,Self,0.068576,0.068429,0.152685,9.287374,,,,0,1,1,,0.061074,0.049645,,2
1,2,Scan: 733813 Run: DIA12_CV486075:20251228_A2_N1_Mueller_MS_TechHub_IMP_THIDDIAXL003_Cas9_PhoX_DIA12_CV486075_250ng_FAIMS_002 P1_VTVKQLK P2_KDLIIK 4 1,Q99ZW2,null,,false,Q99ZW2,null,,false,1192,562,,9.287279,false,true,false,false,1,1,Self,0.068576,0.068576,0.152685,,9.287279,,,0,0,0,,0.061074,0.049645,,0
0,0,Scan: 491916 Run: DIA12_CV486075:20251228_A2_N1_Mueller_MS_TechHub_IMP_THIDDIAXL003_Cas9_PhoX_DIA12_CV486075_250ng_FAIMS_001 P1_YDEHHQDLTLLKALVR P2_GILQTVKVVDELVK 12 7,Q99ZW2,null,,false,Q99ZW2,null,,false,742,336,,9.28698,false,true,false,false,1,1,Self,0.068576,0.068576,0.152685,,,9.28698,,0,0,0,,0.061074,0.049645,,0
