PSMID,run,scan,PeakListFileName,ScanId,exp charge,exp m/z,exp mass,exp fractionalmass,match charge,match mass,match fractionalmass,Protein1,Name1,Description1,Decoy1,Protein2,Name2,Description2,Decoy2,PepSeq1,PepSeq2,PepPos1,PepPos2,PeptideLength1,PeptideLength2,LinkPos1,LinkPos2,ProteinLinkPos1,ProteinLinkPos2,Charge,Crosslinker,CrosslinkerModMass,peptide1 score,peptide2 score,Score,isDecoy,isTT,isTD,isDD,fdrGroup,fdr,ifdr,PEP,,PeptidePairFDR,Protein1FDR,Protein2FDR,LinkFDR,PPIFDR,peptide pair id,link id,ppi id,info
Scan: 899045 Run: DIA12_CV486075:20251228_A2_N1_Mueller_MS_TechHub_IMP_THIDDIAXL003_Cas9_PhoX_DIA12_CV486075_250ng_FAIMS_002 P1_SSFEKNPIDFLEAK P2_KSEETITPWNFEEVVDK 5 1,DIA12_CV486075:20251228_A2_N1_Mueller_MS_TechHub_IMP_THIDDIAXL003_Cas9_PhoX_DIA12_CV486075_250ng_FAIMS_002,899045,,,0,0,-0,0,4,0,0,Q99ZW2,,,false,Q99ZW2,Q99ZW2,,false,KSEETITPWNFEEVVDK,SSFEKNPIDFLEAK,468,1172,17,14,1,5,468,1176,4,,-1,1.067856,1.067856,12.03839,false,true,false,false,Self ,0,0,0.979559,,0,0,0,0,0,1923,312,0,
Scan: 1541806 Run: DIA12_CV486075:20251228_A2_N1_Mueller_MS_TechHub_IMP_THIDDIAXL003_Cas9_PhoX_DIA12_CV486075_250ng_FAIMS_003 P1_VLPKHSLLYEYFTVYNELTK P2_KSEETITPWNFEEVVDKGASAQSFIER 4 17,DIA12_CV486075:20251228_A2_N1_Mueller_MS_TechHub_IMP_THIDDIAXL003_Cas9_PhoX_DIA12_CV486075_250ng_FAIMS_003,1541806,,,0,0,-0,0,5,0,0,Q99ZW2,,,false,Q99ZW2,Q99ZW2,,false,KSEETITPWNFEEVVDKGASAQSFIER,VLPKHSLLYEYFTVYNELTK,468,507,27,20,17,4,484,510,5,,-1,1.059266,1.059266,12.016917,false,true,false,false,Self ,0,0.000007,0.979559,,0,0,0,0,0,1922,1132,0,
Scan: 903559 Run: DIA12_CV486075:20251228_A2_N1_Mueller_MS_TechHub_IMP_THIDDIAXL003_Cas9_PhoX_DIA12_CV486075_250ng_FAIMS_002 P1_RQEDFYPFLKDNR P2_KSEETITPWNFEEVVDK 10 1,DIA12_CV486075:20251228_A2_N1_Mueller_MS_TechHub_IMP_THIDDIAXL003_Cas9_PhoX_DIA12_CV486075_250ng_FAIMS_002,903559,,,0,0,-0,0,4,0,0,Q99ZW2,,,false,Q99ZW2,Q99ZW2,,false,KSEETITPWNFEEVVDK,RQEDFYPFLKDNR,468,425,17,13,1,10,468,434,4,,-1,0.963613,0.963613,11.777783,false,true,false,false,Self ,0,0.000088,0.980195,,0,0,0,0,0,1921,1247,0,
Scan: 1338856 Run: DIA12_CV486075:20251228_A2_N1_Mueller_MS_TechHub_IMP_THIDDIAXL003_Cas9_PhoX_DIA12_CV486075_250ng_FAIMS_003 P1_LPKYSLFELENGR P2_KYGGFDSPTVAYSVLVVAK 3 1,DIA12_CV486075:20251228_A2_N1_Mueller_MS_TechHub_IMP_THIDDIAXL003_Cas9_PhoX_DIA12_CV486075_250ng_FAIMS_003,1338856,,,0,0,-0,0,4,0,0,Q99ZW2,,,false,Q99ZW2,Q99ZW2,,false,KYGGFDSPTVAYSVLVVAK,LPKYSLFELENGR,1130,1198,19,13,1,3,1130,1200,4,,-1,0.951277,0.951277,11.746945,false,true,false,false,Self ,0,0.000099,0.980195,,0,0,0,0,0,1920,1246,0,
Scan: 307605 Run: DIA12_CV486075:20251228_A2_N1_Mueller_MS_TechHub_IMP_THIDDIAXL003_Cas9_PhoX_DIA12_CV486075_250ng_FAIMS_001 P1_KSEETITPWNFEEVVDK P2_KNLIGALLFDSGETAEATR 1 1,DIA12_CV486075:20251228_A2_N1_Mueller_MS_TechHub_IMP_THIDDIAXL003_Cas9_PhoX_DIA12_CV486075_250ng_FAIMS_001,307605,,,0,0,-0,0,4,0,0,Q99ZW2,,,false,Q99ZW2,Q99ZW2,,false,KNLIGALLFDSGETAEATR,KSEETITPWNFEEVVDK,45,468,19,17,1,1,45,468,4,,-1,0.912733,0.912733,11.650583,false,true,false,false,Self ,0,0.000131,0.980513,,0,0,0,0,0,1919,1245,0,
Scan: 1652634 Run: DIA12_CV486075:20251228_A2_N1_Mueller_MS_TechHub_IMP_THIDDIAXL003_Cas9_PhoX_DIA12_CV486075_250ng_FAIMS_003 P1_KSEETITPWNFEEVVDK P2_EDIQKAQVSGQGDSLHEHIANLAGSPAIK 1 5,DIA12_CV486075:20251228_A2_N1_Mueller_MS_TechHub_IMP_THIDDIAXL003_Cas9_PhoX_DIA12_CV486075_250ng_FAIMS_003,1652634,,,0,0,-0,0,5,0,0,Q99ZW2,,,false,Q99ZW2,Q99ZW2,,false,EDIQKAQVSGQGDSLHEHIANLAGSPAIK,KSEETITPWNFEEVVDK,706,468,29,17,5,1,710,468,5,,-1,0.905361,0.905361,11.632153,false,true,false,false,Self ,0,0.000138,0.980832,,0,0,0,0,0,1858,505,0,
Scan: 309387 Run: DIA12_CV486075:20251228_A2_N1_Mueller_MS_TechHub_IMP_THIDDIAXL003_Cas9_PhoX_DIA12_CV486075_250ng_FAIMS_001 P1_KSEETITPWNFEEVVDK P2_KPAFLSGEQK 1 1,DIA12_CV486075:20251228_A2_N1_Mueller_MS_TechHub_IMP_THIDDIAXL003_Cas9_PhoX_DIA12_CV486075_250ng_FAIMS_001,309387,,,0,0,-0,0,4,0,0,Q99ZW2,,,false,Q99ZW2,Q99ZW2,,false,KPAFLSGEQK,KSEETITPWNFEEVVDK,536,468,10,17,1,1,536,468,4,,-1,0.878248,0.878248,11.564371,false,true,false,false,Self ,0,0.000161,0.980832,,0,0,0,0,0,803,1553,0,
Scan: 1718425 Run: DIA12_CV486075:20251228_A2_N1_Mueller_MS_TechHub_IMP_THIDDIAXL003_Cas9_PhoX_DIA12_CV486075_250ng_FAIMS_003 P1_KPAFLSGEQK P2_ELGSQILKEHPVENTQLQNEK 1 8,DIA12_CV486075:20251228_A2_N1_Mueller_MS_TechHub_IMP_THIDDIAXL003_Cas9_PhoX_DIA12_CV486075_250ng_FAIMS_003,1718425,,,0,0,-0,0,4,0,0,Q99ZW2,,,false,Q99ZW2,Q99ZW2,,false,ELGSQILKEHPVENTQLQNEK,KPAFLSGEQK,790,536,21,10,8,1,797,536,4,,-1,0.861658,0.861658,11.522895,false,true,false,false,Self ,0,0.000175,0.981469,,0,0,0,0,0,881,1552,0,
Scan: 1502686 Run: DIA12_CV486075:20251228_A2_N1_Mueller_MS_TechHub_IMP_THIDDIAXL003_Cas9_PhoX_DIA12_CV486075_250ng_FAIMS_003 P1_KSEETITPWNFEEVVDK P2_KSEETITPWNFEEVVDK 1 1,DIA12_CV486075:20251228_A2_N1_Mueller_MS_TechHub_IMP_THIDDIAXL003_Cas9_PhoX_DIA12_CV486075_250ng_FAIMS_003,1502686,,,0,0,-0,0,4,0,0,Q99ZW2,,,false,Q99ZW2,Q99ZW2,,false,KSEETITPWNFEEVVDK,KSEETITPWNFEEVVDK,468,468,17,17,1,1,468,468,4,,-1,0.860252,0.860252,11.519382,false,true,false,false,Self ,0,0.000176,0.981469,,0,0,0,0,0,1915,1244,0,
Scan: 415584 Run: DIA12_CV486075:20251228_A2_N1_Mueller_MS_TechHub_IMP_THIDDIAXL003_Cas9_PhoX_DIA12_CV486075_250ng_FAIMS_001 P1_KPAFLSGEQK P2_KIECFDSVEISGVEDR 1 1,DIA12_CV486075:20251228_A2_N1_Mueller_MS_TechHub_IMP_THIDDIAXL003_Cas9_PhoX_DIA12_CV486075_250ng_FAIMS_001,415584,,,0,0,-0,0,3,0,0,Q99ZW2,,,false,Q99ZW2,Q99ZW2,,false,KIECFDSVEISGVEDR,KPAFLSGEQK,571,536,16,10,1,1,571,536,3,,-1,0.844505,0.844505,11.480015,false,true,false,false,Self ,0,0.000189,0.981469,,0,0,0,0,0,1436,1559,0,
Scan: 974170 Run: DIA12_CV486075:20251228_A2_N1_Mueller_MS_TechHub_IMP_THIDDIAXL003_Cas9_PhoX_DIA12_CV486075_250ng_FAIMS_002 P1_LESEFVYGDYKVYDVR P2_KPAFLSGEQK 11 1,DIA12_CV486075:20251228_A2_N1_Mueller_MS_TechHub_IMP_THIDDIAXL003_Cas9_PhoX_DIA12_CV486075_250ng_FAIMS_002,974170,,,0,0,-0,0,4,0,0,Q99ZW2,,,false,Q99ZW2,Q99ZW2,,false,KPAFLSGEQK,LESEFVYGDYKVYDVR,536,1004,10,16,1,11,536,1014,4,,-1,0.807483,0.807483,11.38746,false,true,false,false,Self ,0,0.000221,0.982428,,0,0,0,0,0,1913,1243,0,
Scan: 1143987 Run: DIA12_CV486075:20251228_A2_N1_Mueller_MS_TechHub_IMP_THIDDIAXL003_Cas9_PhoX_DIA12_CV486075_250ng_FAIMS_002 P1_KPAFLSGEQK P2_GKSDNVPSEEVVK 1 2,DIA12_CV486075:20251228_A2_N1_Mueller_MS_TechHub_IMP_THIDDIAXL003_Cas9_PhoX_DIA12_CV486075_250ng_FAIMS_002,1143987,,,0,0,-0,0,3,0,0,Q99ZW2,,,false,Q99ZW2,Q99ZW2,,false,GKSDNVPSEEVVK,KPAFLSGEQK,865,536,13,10,2,1,866,536,3,,-1,0.770972,0.770972,11.296181,false,true,false,false,Self ,0,0.000252,0.982747,,0,0,0,0,0,1485,128,0,
Scan: 663458 Run: DIA12_CV486075:20251228_A2_N1_Mueller_MS_TechHub_IMP_THIDDIAXL003_Cas9_PhoX_DIA12_CV486075_250ng_FAIMS_002 P1_TEVQTGGFSKESILPK P2_KYGGFDSPTVAYSVLVVAK 10 1,DIA12_CV486075:20251228_A2_N1_Mueller_MS_TechHub_IMP_THIDDIAXL003_Cas9_PhoX_DIA12_CV486075_250ng_FAIMS_002,663458,,,0,0,-0,0,4,0,0,Q99ZW2,,,false,Q99ZW2,Q99ZW2,,false,KYGGFDSPTVAYSVLVVAK,TEVQTGGFSKESILPK,1130,1098,19,16,1,10,1130,1107,4,,-1,0.747373,0.747373,11.237184,false,true,false,false,Self ,0,0.000272,0.983067,,0,0,0,0,0,1911,1201,0,
Scan: 1311527 Run: DIA12_CV486075:20251228_A2_N1_Mueller_MS_TechHub_IMP_THIDDIAXL003_Cas9_PhoX_DIA12_CV486075_250ng_FAIMS_003 P1_SSFEKNPIDFLEAK P2_SEETITPWNFEEVVDKGASAQSFIER 5 16,DIA12_CV486075:20251228_A2_N1_Mueller_MS_TechHub_IMP_THIDDIAXL003_Cas9_PhoX_DIA12_CV486075_250ng_FAIMS_003,1311527,,,0,0,-0,0,4,0,0,Q99ZW2,,,false,Q99ZW2,Q99ZW2,,false,SEETITPWNFEEVVDKGASAQSFIER,SSFEKNPIDFLEAK,469,1172,26,14,16,5,484,1176,4,,-1,0.745346,0.745346,11.232117,false,true,false,false,Self ,0,0.000273,0.983067,,0,0,0,0,0,788,1234,0,
Scan: 244021 Run: DIA12_CV486075:20251228_A2_N1_Mueller_MS_TechHub_IMP_THIDDIAXL003_Cas9_PhoX_DIA12_CV486075_250ng_FAIMS_001 P1_KPAFLSGEQK P2_FKVLGNTDR 1 2,DIA12_CV486075:20251228_A2_N1_Mueller_MS_TechHub_IMP_THIDDIAXL003_Cas9_PhoX_DIA12_CV486075_250ng_FAIMS_001,244021,,,0,0,-0,0,4,0,0,Q99ZW2,,,false,Q99ZW2,Q99ZW2,,false,FKVLGNTDR,KPAFLSGEQK,32,536,9,10,2,1,33,536,4,,-1,0.741897,0.741897,11.223495,false,true,false,false,Self ,0,0.000276,0.983067,,0,0,0,0,0,1789,455,0,
Scan: 142351 Run: DIA12_CV486075:20251228_A2_N1_Mueller_MS_TechHub_IMP_THIDDIAXL003_Cas9_PhoX_DIA12_CV486075_250ng_FAIMS_001 P1_LPKYSLFELENGR P2_KTEVQTGGFSKESILPK 3 11,DIA12_CV486075:20251228_A2_N1_Mueller_MS_TechHub_IMP_THIDDIAXL003_Cas9_PhoX_DIA12_CV486075_250ng_FAIMS_001,142351,,,0,0,-0,0,4,0,0,Q99ZW2,,,false,Q99ZW2,Q99ZW2,,false,KTEVQTGGFSKESILPK,LPKYSLFELENGR,1097,1198,17,13,11,3,1107,1200,4,,-1,0.739877,0.739877,11.218444,false,true,false,false,Self ,0,0.000278,0.983067,,0,0,0,0,0,1908,224,0,
Scan: 22081 Run: DIA12_CV486075:20251228_A2_N1_Mueller_MS_TechHub_IMP_THIDDIAXL003_Cas9_PhoX_DIA12_CV486075_250ng_FAIMS_001 P1_YKEIFFDQSK P2_KRPLIETNGETGEIVWDK 2 1,DIA12_CV486075:20251228_A2_N1_Mueller_MS_TechHub_IMP_THIDDIAXL003_Cas9_PhoX_DIA12_CV486075_250ng_FAIMS_001,22081,,,0,0,-0,0,4,0,0,Q99ZW2,,,false,Q99ZW2,Q99ZW2,,false,KRPLIETNGETGEIVWDK,YKEIFFDQSK,1059,347,18,10,1,2,1059,348,4,,-1,0.709279,0.709279,11.141948,false,true,false,false,Self ,0,0.000304,0.983388,,0,0,0,0,0,1907,1240,0,
Scan: 1085371 Run: DIA12_CV486075:20251228_A2_N1_Mueller_MS_TechHub_IMP_THIDDIAXL003_Cas9_PhoX_DIA12_CV486075_250ng_FAIMS_002 P1_KTEVQTGGFSK P2_GILQTVKVVDELVK 1 7,DIA12_CV486075:20251228_A2_N1_Mueller_MS_TechHub_IMP_THIDDIAXL003_Cas9_PhoX_DIA12_CV486075_250ng_FAIMS_002,1085371,,,0,0,-0,0,3,0,0,Q99ZW2,,,false,Q99ZW2,Q99ZW2,,false,GILQTVKVVDELVK,KTEVQTGGFSK,736,1097,14,11,7,1,742,1097,3,,-1,0.708431,0.708431,11.139828,false,true,false,false,Self ,0,0.000305,0.983388,,0,0,0,0,0,1753,1381,0,
Scan: 902320 Run: DIA12_CV486075:20251228_A2_N1_Mueller_MS_TechHub_IMP_THIDDIAXL003_Cas9_PhoX_DIA12_CV486075_250ng_FAIMS_002 P1_KSEETITPWNFEEVVDK P2_FKVLGNTDR 1 2,DIA12_CV486075:20251228_A2_N1_Mueller_MS_TechHub_IMP_THIDDIAXL003_Cas9_PhoX_DIA12_CV486075_250ng_FAIMS_002,902320,,,0,0,-0,0,4,0,0,Q99ZW2,,,false,Q99ZW2,Q99ZW2,,false,FKVLGNTDR,KSEETITPWNFEEVVDK,32,468,9,17,2,1,33,468,4,,-1,0.707843,0.707843,11.138359,false,true,false,false,Self ,0,0.000305,0.983388,,0,0,0,0,0,1866,1214,0,
Scan: 716437 Run: DIA12_CV486075:20251228_A2_N1_Mueller_MS_TechHub_IMP_THIDDIAXL003_Cas9_PhoX_DIA12_CV486075_250ng_FAIMS_002 P1_SSFEKNPIDFLEAK P2_KLINGIR 5 1,DIA12_CV486075:20251228_A2_N1_Mueller_MS_TechHub_IMP_THIDDIAXL003_Cas9_PhoX_DIA12_CV486075_250ng_FAIMS_002,716437,,,0,0,-0,0,3,0,0,Q99ZW2,,,false,Q99ZW2,Q99ZW2,,false,KLINGIR,SSFEKNPIDFLEAK,665,1172,7,14,1,5,665,1176,3,,-1,0.682363,0.682363,11.074659,false,true,false,false,Self ,0,0.000327,0.984671,,0,0,0,0,0,1815,1563,0,
Scan: 635833 Run: DIA12_CV486075:20251228_A2_N1_Mueller_MS_TechHub_IMP_THIDDIAXL003_Cas9_PhoX_DIA12_CV486075_250ng_FAIMS_002 P1_YKEIFFDQSK P2_KTEVQTGGFSK 2 1,DIA12_CV486075:20251228_A2_N1_Mueller_MS_TechHub_IMP_THIDDIAXL003_Cas9_PhoX_DIA12_CV486075_250ng_FAIMS_002,635833,,,0,0,-0,0,3,0,0,Q99ZW2,,,false,Q99ZW2,Q99ZW2,,false,KTEVQTGGFSK,YKEIFFDQSK,1097,347,11,10,1,2,1097,348,3,,-1,0.68191,0.68191,11.073525,false,true,false,false,Self ,0,0.000327,0.984671,,0,0,0,0,0,1903,1239,0,
Scan: 1654220 Run: DIA12_CV486075:20251228_A2_N1_Mueller_MS_TechHub_IMP_THIDDIAXL003_Cas9_PhoX_DIA12_CV486075_250ng_FAIMS_003 P1_KLINGIR P2_EDIQKAQVSGQGDSLHEHIANLAGSPAIK 1 5,DIA12_CV486075:20251228_A2_N1_Mueller_MS_TechHub_IMP_THIDDIAXL003_Cas9_PhoX_DIA12_CV486075_250ng_FAIMS_003,1654220,,,0,0,-0,0,5,0,0,Q99ZW2,,,false,Q99ZW2,Q99ZW2,,false,EDIQKAQVSGQGDSLHEHIANLAGSPAIK,KLINGIR,706,665,29,7,5,1,710,665,5,,-1,0.678048,0.678048,11.063871,false,true,false,false,Self ,0,0.00033,0.984671,,0,0,0,0,0,1742,1546,0,
Scan: 694980 Run: DIA12_CV486075:20251228_A2_N1_Mueller_MS_TechHub_IMP_THIDDIAXL003_Cas9_PhoX_DIA12_CV486075_250ng_FAIMS_002 P1_NSDKLIAR P2_KDWDPKK 4 1,DIA12_CV486075:20251228_A2_N1_Mueller_MS_TechHub_IMP_THIDDIAXL003_Cas9_PhoX_DIA12_CV486075_250ng_FAIMS_002,694980,,,0,0,-0,0,4,0,0,Q99ZW2,,,false,Q99ZW2,Q99ZW2,,false,KDWDPKK,NSDKLIAR,1124,1115,7,8,1,4,1124,1118,4,,-1,0.675137,0.675137,11.056593,false,true,false,false,Self ,0,0.000333,0.984671,,0,0,0,0,0,1688,624,0,
Scan: 846895 Run: DIA12_CV486075:20251228_A2_N1_Mueller_MS_TechHub_IMP_THIDDIAXL003_Cas9_PhoX_DIA12_CV486075_250ng_FAIMS_002 P1_YKEIFFDQSK P2_YDEHHQDLTLLKALVR 2 12,DIA12_CV486075:20251228_A2_N1_Mueller_MS_TechHub_IMP_THIDDIAXL003_Cas9_PhoX_DIA12_CV486075_250ng_FAIMS_002,846895,,,0,0,-0,0,4,0,0,Q99ZW2,,,false,Q99ZW2,Q99ZW2,,false,YDEHHQDLTLLKALVR,YKEIFFDQSK,325,347,16,10,12,2,336,348,4,,-1,0.672528,0.672528,11.05007,false,true,false,false,Self ,0,0.000335,0.984671,,0,0,0,0,0,244,1577,0,
Scan: 164841 Run: DIA12_CV486075:20251228_A2_N1_Mueller_MS_TechHub_IMP_THIDDIAXL003_Cas9_PhoX_DIA12_CV486075_250ng_FAIMS_001 P1_LKGSPEDNEQK P2_KDFQFYK 2 1,DIA12_CV486075:20251228_A2_N1_Mueller_MS_TechHub_IMP_THIDDIAXL003_Cas9_PhoX_DIA12_CV486075_250ng_FAIMS_001,164841,,,0,0,-0,0,3,0,0,Q99ZW2,,,false,Q99ZW2,Q99ZW2,,false,KDFQFYK,LKGSPEDNEQK,968,1245,7,11,1,2,968,1246,3,,-1,0.669475,0.669475,11.04244,false,true,false,false,Self ,0,0.000338,0.984671,,0,0,0,0,0,1659,1551,0,
Scan: 1267219 Run: DIA12_CV486075:20251228_A2_N1_Mueller_MS_TechHub_IMP_THIDDIAXL003_Cas9_PhoX_DIA12_CV486075_250ng_FAIMS_003 P1_KTEVQTGGFSKESILPK P2_KLINGIR 11 1,DIA12_CV486075:20251228_A2_N1_Mueller_MS_TechHub_IMP_THIDDIAXL003_Cas9_PhoX_DIA12_CV486075_250ng_FAIMS_003,1267219,,,0,0,-0,0,3,0,0,Q99ZW2,,,false,Q99ZW2,Q99ZW2,,false,KLINGIR,KTEVQTGGFSKESILPK,665,1097,7,17,1,11,665,1107,3,,-1,0.665399,0.665399,11.032248,false,true,false,false,Self ,0,0.000341,0.985635,,0,0,0,0,0,1890,1545,0,
Scan: 715578 Run: DIA12_CV486075:20251228_A2_N1_Mueller_MS_TechHub_IMP_THIDDIAXL003_Cas9_PhoX_DIA12_CV486075_250ng_FAIMS_002 P1_SSFEKNPIDFLEAK P2_KPAFLSGEQK 5 1,DIA12_CV486075:20251228_A2_N1_Mueller_MS_TechHub_IMP_THIDDIAXL003_Cas9_PhoX_DIA12_CV486075_250ng_FAIMS_002,715578,,,0,0,-0,0,3,0,0,Q99ZW2,,,false,Q99ZW2,Q99ZW2,,false,KPAFLSGEQK,SSFEKNPIDFLEAK,536,1172,10,14,1,5,536,1176,3,,-1,0.664512,0.664512,11.03003,false,true,false,false,Self ,0,0.000342,0.985635,,0,0,0,0,0,1037,1534,0,
Scan: 66749 Run: DIA12_CV486075:20251228_A2_N1_Mueller_MS_TechHub_IMP_THIDDIAXL003_Cas9_PhoX_DIA12_CV486075_250ng_FAIMS_001 P1_SSFEKNPIDFLEAK P2_KTEVQTGGFSKESILPK 5 11,DIA12_CV486075:20251228_A2_N1_Mueller_MS_TechHub_IMP_THIDDIAXL003_Cas9_PhoX_DIA12_CV486075_250ng_FAIMS_001,66749,,,0,0,-0,0,5,0,0,Q99ZW2,,,false,Q99ZW2,Q99ZW2,,false,KTEVQTGGFSKESILPK,SSFEKNPIDFLEAK,1097,1172,17,14,11,5,1107,1176,5,,-1,0.652649,0.652649,11.000373,false,true,false,false,Self ,0,0.000352,0.985635,,0,0,0,0,0,1892,1538,0,
Scan: 115685 Run: DIA12_CV486075:20251228_A2_N1_Mueller_MS_TechHub_IMP_THIDDIAXL003_Cas9_PhoX_DIA12_CV486075_250ng_FAIMS_001 P1_YKEIFFDQSK P2_SSFEKNPIDFLEAK 2 5,DIA12_CV486075:20251228_A2_N1_Mueller_MS_TechHub_IMP_THIDDIAXL003_Cas9_PhoX_DIA12_CV486075_250ng_FAIMS_001,115685,,,0,0,-0,0,3,0,0,Q99ZW2,,,false,Q99ZW2,Q99ZW2,,false,SSFEKNPIDFLEAK,YKEIFFDQSK,1172,347,14,10,5,2,1176,348,3,,-1,0.651167,0.651167,10.996668,false,true,false,false,Self ,0,0.000353,0.985635,,0,0,0,0,0,1786,1558,0,
Scan: 1359526 Run: DIA12_CV486075:20251228_A2_N1_Mueller_MS_TechHub_IMP_THIDDIAXL003_Cas9_PhoX_DIA12_CV486075_250ng_FAIMS_003 P1_SKLVSDFR P2_LKGSPEDNEQK 2 2,DIA12_CV486075:20251228_A2_N1_Mueller_MS_TechHub_IMP_THIDDIAXL003_Cas9_PhoX_DIA12_CV486075_250ng_FAIMS_003,1359526,,,0,0,-0,0,3,0,0,Q99ZW2,,,false,Q99ZW2,Q99ZW2,,false,LKGSPEDNEQK,SKLVSDFR,1245,960,11,8,2,2,1246,961,3,,-1,0.644329,0.644329,10.979573,false,true,false,false,Self ,0,0.000359,0.985635,,0,0,0,0,0,1288,1021,0,
Scan: 1550539 Run: DIA12_CV486075:20251228_A2_N1_Mueller_MS_TechHub_IMP_THIDDIAXL003_Cas9_PhoX_DIA12_CV486075_250ng_FAIMS_003 P1_MTNFDKNLPNEK P2_IEKILTFR 6 3,DIA12_CV486075:20251228_A2_N1_Mueller_MS_TechHub_IMP_THIDDIAXL003_Cas9_PhoX_DIA12_CV486075_250ng_FAIMS_003,1550539,,,0,0,-0,0,3,0,0,Q99ZW2,,,false,Q99ZW2,Q99ZW2,,false,IEKILTFR,MTNFDKNLPNEK,440,495,8,12,3,6,442,500,3,,-1,0.638137,0.638137,10.964094,false,true,false,false,Self ,0,0.000364,0.986279,,0,0,0,0,0,916,1287,0,
Scan: 66643 Run: DIA12_CV486075:20251228_A2_N1_Mueller_MS_TechHub_IMP_THIDDIAXL003_Cas9_PhoX_DIA12_CV486075_250ng_FAIMS_001 P1_SSFEKNPIDFLEAK P2_KTEVQTGGFSKESILPK 5 11,DIA12_CV486075:20251228_A2_N1_Mueller_MS_TechHub_IMP_THIDDIAXL003_Cas9_PhoX_DIA12_CV486075_250ng_FAIMS_001,66643,,,0,0,-0,0,4,0,0,Q99ZW2,,,false,Q99ZW2,Q99ZW2,,false,KTEVQTGGFSKESILPK,SSFEKNPIDFLEAK,1097,1172,17,14,11,5,1107,1176,4,,-1,0.636372,0.636372,10.959682,false,true,false,false,Self ,0,0.000366,0.986601,,0,0,0,0,0,1892,1538,0,
Scan: 1580102 Run: DIA12_CV486075:20251228_A2_N1_Mueller_MS_TechHub_IMP_THIDDIAXL003_Cas9_PhoX_DIA12_CV486075_250ng_FAIMS_003 P1_KPAFLSGEQK P2_KPAFLSGEQK 1 1,DIA12_CV486075:20251228_A2_N1_Mueller_MS_TechHub_IMP_THIDDIAXL003_Cas9_PhoX_DIA12_CV486075_250ng_FAIMS_003,1580102,,,0,0,-0,0,4,0,0,Q99ZW2,,,false,Q99ZW2,Q99ZW2,,false,KPAFLSGEQK,KPAFLSGEQK,536,536,10,10,1,1,536,536,4,,-1,0.631943,0.631943,10.948609,false,true,false,false,Self ,0,0.000369,0.986924,,0,0,0,0,0,1713,1252,0,
Scan: 72191 Run: DIA12_CV486075:20251228_A2_N1_Mueller_MS_TechHub_IMP_THIDDIAXL003_Cas9_PhoX_DIA12_CV486075_250ng_FAIMS_001 P1_KTEVQTGGFSKESILPK P2_KLINGIR 11 1,DIA12_CV486075:20251228_A2_N1_Mueller_MS_TechHub_IMP_THIDDIAXL003_Cas9_PhoX_DIA12_CV486075_250ng_FAIMS_001,72191,,,0,0,-0,0,4,0,0,Q99ZW2,,,false,Q99ZW2,Q99ZW2,,false,KLINGIR,KTEVQTGGFSKESILPK,665,1097,7,17,1,11,665,1107,4,,-1,0.631389,0.631389,10.947224,false,true,false,false,Self ,0,0.00037,0.986924,,0,0,0,0,0,1890,1545,0,
Scan: 1157901 Run: DIA12_CV486075:20251228_A2_N1_Mueller_MS_TechHub_IMP_THIDDIAXL003_Cas9_PhoX_DIA12_CV486075_250ng_FAIMS_002 P1_QLLNAKLITQR P2_KFDNLTK 6 1,DIA12_CV486075:20251228_A2_N1_Mueller_MS_TechHub_IMP_THIDDIAXL003_Cas9_PhoX_DIA12_CV486075_250ng_FAIMS_002,1157901,,,0,0,-0,0,3,0,0,Q99ZW2,,,false,Q99ZW2,Q99ZW2,,false,KFDNLTK,QLLNAKLITQR,896,885,7,11,1,6,896,890,3,,-1,0.623456,0.623456,10.92739,false,true,false,false,Self ,0,0.000377,0.987893,,0,0,0,0,0,1292,1536,0,
Scan: 493797 Run: DIA12_CV486075:20251228_A2_N1_Mueller_MS_TechHub_IMP_THIDDIAXL003_Cas9_PhoX_DIA12_CV486075_250ng_FAIMS_001 P1_MTNFDKNLPNEK P2_GILQTVKVVDELVK 6 7,DIA12_CV486075:20251228_A2_N1_Mueller_MS_TechHub_IMP_THIDDIAXL003_Cas9_PhoX_DIA12_CV486075_250ng_FAIMS_001,493797,,,0,0,-0,0,4,0,0,Q99ZW2,,,false,Q99ZW2,Q99ZW2,,false,GILQTVKVVDELVK,MTNFDKNLPNEK,736,495,14,12,7,6,742,500,4,,-1,0.623298,0.623298,10.926996,false,true,false,false,Self ,0,0.000377,0.987893,,0,0,0,0,0,1888,1238,0,
Scan: 304365 Run: DIA12_CV486075:20251228_A2_N1_Mueller_MS_TechHub_IMP_THIDDIAXL003_Cas9_PhoX_DIA12_CV486075_250ng_FAIMS_001 P1_KSEETITPWNFEEVVDK P2_KFKVLGNTDR 1 1,DIA12_CV486075:20251228_A2_N1_Mueller_MS_TechHub_IMP_THIDDIAXL003_Cas9_PhoX_DIA12_CV486075_250ng_FAIMS_001,304365,,,0,0,-0,0,4,0,0,Q99ZW2,,,false,Q99ZW2,Q99ZW2,,false,KFKVLGNTDR,KSEETITPWNFEEVVDK,31,468,10,17,1,1,31,468,4,,-1,0.6189,0.6189,10.916001,false,true,false,false,Self ,0,0.000381,0.988216,,0,0,0,0,0,1887,1237,0,
Scan: 980161 Run: DIA12_CV486075:20251228_A2_N1_Mueller_MS_TechHub_IMP_THIDDIAXL003_Cas9_PhoX_DIA12_CV486075_250ng_FAIMS_002 P1_KPAFLSGEQK P2_IEKILTFR 1 3,DIA12_CV486075:20251228_A2_N1_Mueller_MS_TechHub_IMP_THIDDIAXL003_Cas9_PhoX_DIA12_CV486075_250ng_FAIMS_002,980161,,,0,0,-0,0,3,0,0,Q99ZW2,,,false,Q99ZW2,Q99ZW2,,false,IEKILTFR,KPAFLSGEQK,440,536,8,10,3,1,442,536,3,,-1,0.614956,0.614956,10.906141,false,true,false,false,Self ,0,0.000384,0.988216,,0,0,0,0,0,1839,1326,0,
Scan: 306540 Run: DIA12_CV486075:20251228_A2_N1_Mueller_MS_TechHub_IMP_THIDDIAXL003_Cas9_PhoX_DIA12_CV486075_250ng_FAIMS_001 P1_KSEETITPWNFEEVVDK P2_IEKILTFR 1 3,DIA12_CV486075:20251228_A2_N1_Mueller_MS_TechHub_IMP_THIDDIAXL003_Cas9_PhoX_DIA12_CV486075_250ng_FAIMS_001,306540,,,0,0,-0,0,4,0,0,Q99ZW2,,,false,Q99ZW2,Q99ZW2,,false,IEKILTFR,KSEETITPWNFEEVVDK,440,468,8,17,3,1,442,468,4,,-1,0.611387,0.611387,10.89722,false,true,false,false,Self ,0,0.000387,0.98854,,0,0,0,0,0,1854,259,0,
Scan: 1438200 Run: DIA12_CV486075:20251228_A2_N1_Mueller_MS_TechHub_IMP_THIDDIAXL003_Cas9_PhoX_DIA12_CV486075_250ng_FAIMS_003 P1_IEKILTFR P2_FKVLGNTDR 3 2,DIA12_CV486075:20251228_A2_N1_Mueller_MS_TechHub_IMP_THIDDIAXL003_Cas9_PhoX_DIA12_CV486075_250ng_FAIMS_003,1438200,,,0,0,-0,0,3,0,0,Q99ZW2,,,false,Q99ZW2,Q99ZW2,,false,FKVLGNTDR,IEKILTFR,32,440,9,8,2,3,33,442,3,,-1,0.603589,0.603589,10.877724,false,true,false,false,Self ,0,0.000393,0.988863,,0,0,0,0,0,1366,1350,0,
Scan: 981645 Run: DIA12_CV486075:20251228_A2_N1_Mueller_MS_TechHub_IMP_THIDDIAXL003_Cas9_PhoX_DIA12_CV486075_250ng_FAIMS_002 P1_VLPKHSLLYEYFTVYNELTKVKYVTEGMR P2_KPAFLSGEQK 20 1,DIA12_CV486075:20251228_A2_N1_Mueller_MS_TechHub_IMP_THIDDIAXL003_Cas9_PhoX_DIA12_CV486075_250ng_FAIMS_002,981645,,,0,0,-0,0,5,0,0,Q99ZW2,,,false,Q99ZW2,Q99ZW2,,false,KPAFLSGEQK,VLPKHSLLYEYFTVYNELTKVKYVTEGMR,536,507,10,29,1,20,536,526,5,,-1,0.600912,0.600912,10.871031,false,true,false,false,Self ,0,0.000396,0.989187,,0,0,0,0,0,98,685,0,
Scan: 976144 Run: DIA12_CV486075:20251228_A2_N1_Mueller_MS_TechHub_IMP_THIDDIAXL003_Cas9_PhoX_DIA12_CV486075_250ng_FAIMS_002 P1_KYGGFDSPTVAYSVLVVAK P2_KPAFLSGEQK 1 1,DIA12_CV486075:20251228_A2_N1_Mueller_MS_TechHub_IMP_THIDDIAXL003_Cas9_PhoX_DIA12_CV486075_250ng_FAIMS_002,976144,,,0,0,-0,0,3,0,0,Q99ZW2,,,false,Q99ZW2,Q99ZW2,,false,KPAFLSGEQK,KYGGFDSPTVAYSVLVVAK,536,1130,10,19,1,1,536,1130,3,,-1,0.592433,0.592433,10.849834,false,true,false,false,Self ,0,0.000403,0.989836,,0,0,0,0,0,1805,1556,0,
Scan: 710490 Run: DIA12_CV486075:20251228_A2_N1_Mueller_MS_TechHub_IMP_THIDDIAXL003_Cas9_PhoX_DIA12_CV486075_250ng_FAIMS_002 P1_SSFEKNPIDFLEAK P2_KYGGFDSPTVAYSVLVVAK 5 1,DIA12_CV486075:20251228_A2_N1_Mueller_MS_TechHub_IMP_THIDDIAXL003_Cas9_PhoX_DIA12_CV486075_250ng_FAIMS_002,710490,,,0,0,-0,0,4,0,0,Q99ZW2,,,false,Q99ZW2,Q99ZW2,,false,KYGGFDSPTVAYSVLVVAK,SSFEKNPIDFLEAK,1130,1172,19,14,1,5,1130,1176,4,,-1,0.588461,0.588461,10.839904,false,true,false,false,Self ,0,0.000406,0.990486,,0,0,0,0,0,1881,1236,0,
Scan: 271333 Run: DIA12_CV486075:20251228_A2_N1_Mueller_MS_TechHub_IMP_THIDDIAXL003_Cas9_PhoX_DIA12_CV486075_250ng_FAIMS_001 P1_KPAFLSGEQK P2_EIFFDQSKNGYAGYIDGGASQEEFYK 1 8,DIA12_CV486075:20251228_A2_N1_Mueller_MS_TechHub_IMP_THIDDIAXL003_Cas9_PhoX_DIA12_CV486075_250ng_FAIMS_001,271333,,,0,0,-0,0,4,0,0,Q99ZW2,,,false,Q99ZW2,Q99ZW2,,false,EIFFDQSKNGYAGYIDGGASQEEFYK,KPAFLSGEQK,349,536,26,10,8,1,356,536,4,,-1,0.588459,0.588459,10.839898,false,true,false,false,Self ,0,0.000406,0.990486,,0,0,0,0,0,1880,1235,0,
Scan: 374406 Run: DIA12_CV486075:20251228_A2_N1_Mueller_MS_TechHub_IMP_THIDDIAXL003_Cas9_PhoX_DIA12_CV486075_250ng_FAIMS_001 P1_VKYVTEGMR P2_KPAFLSGEQK 2 1,DIA12_CV486075:20251228_A2_N1_Mueller_MS_TechHub_IMP_THIDDIAXL003_Cas9_PhoX_DIA12_CV486075_250ng_FAIMS_001,374406,,,0,0,-0,0,4,0,0,Q99ZW2,,,false,Q99ZW2,Q99ZW2,,false,KPAFLSGEQK,VKYVTEGMR,536,527,10,9,1,2,536,528,4,,-1,0.580834,0.580834,10.820837,false,true,false,false,Self ,0,0.000413,0.991136,,0,0,0,0,0,1800,513,0,
Scan: 938861 Run: DIA12_CV486075:20251228_A2_N1_Mueller_MS_TechHub_IMP_THIDDIAXL003_Cas9_PhoX_DIA12_CV486075_250ng_FAIMS_002 P1_SSFEKNPIDFLEAK P2_KSEETITPWNFEEVVDKGASAQSFIER 5 17,DIA12_CV486075:20251228_A2_N1_Mueller_MS_TechHub_IMP_THIDDIAXL003_Cas9_PhoX_DIA12_CV486075_250ng_FAIMS_002,938861,,,0,0,-0,0,5,0,0,Q99ZW2,,,false,Q99ZW2,Q99ZW2,,false,KSEETITPWNFEEVVDKGASAQSFIER,SSFEKNPIDFLEAK,468,1172,27,14,17,5,484,1176,5,,-1,0.580653,0.580653,10.820385,false,true,false,false,Self ,0,0.000413,0.991136,,0,0,0,0,0,1878,1234,0,
Scan: 1503528 Run: DIA12_CV486075:20251228_A2_N1_Mueller_MS_TechHub_IMP_THIDDIAXL003_Cas9_PhoX_DIA12_CV486075_250ng_FAIMS_003 P1_VLPKHSLLYEYFTVYNELTK P2_KSEETITPWNFEEVVDK 4 1,DIA12_CV486075:20251228_A2_N1_Mueller_MS_TechHub_IMP_THIDDIAXL003_Cas9_PhoX_DIA12_CV486075_250ng_FAIMS_003,1503528,,,0,0,-0,0,4,0,0,Q99ZW2,,,false,Q99ZW2,Q99ZW2,,false,KSEETITPWNFEEVVDK,VLPKHSLLYEYFTVYNELTK,468,507,17,20,1,4,468,510,4,,-1,0.574013,0.574013,10.803783,false,true,false,false,Self ,0,0.000419,0.991461,,0,0,0,0,0,1877,1233,0,
Scan: 431816 Run: DIA12_CV486075:20251228_A2_N1_Mueller_MS_TechHub_IMP_THIDDIAXL003_Cas9_PhoX_DIA12_CV486075_250ng_FAIMS_001 P1_KLINGIR P2_KGILQTVK 1 1,DIA12_CV486075:20251228_A2_N1_Mueller_MS_TechHub_IMP_THIDDIAXL003_Cas9_PhoX_DIA12_CV486075_250ng_FAIMS_001,431816,,,0,0,-0,0,3,0,0,Q99ZW2,,,false,Q99ZW2,Q99ZW2,,false,KGILQTVK,KLINGIR,735,665,8,7,1,1,735,665,3,,-1,0.572567,0.572567,10.800169,false,true,false,false,Self ,0,0.00042,0.991787,,0,0,0,0,0,1876,1232,0,
Scan: 119725 Run: DIA12_CV486075:20251228_A2_N1_Mueller_MS_TechHub_IMP_THIDDIAXL003_Cas9_PhoX_DIA12_CV486075_250ng_FAIMS_001 P1_SSFEKNPIDFLEAK P2_EDIQKAQVSGQGDSLHEHIANLAGSPAIK 5 5,DIA12_CV486075:20251228_A2_N1_Mueller_MS_TechHub_IMP_THIDDIAXL003_Cas9_PhoX_DIA12_CV486075_250ng_FAIMS_001,119725,,,0,0,-0,0,5,0,0,Q99ZW2,,,false,Q99ZW2,Q99ZW2,,false,EDIQKAQVSGQGDSLHEHIANLAGSPAIK,SSFEKNPIDFLEAK,706,1172,29,14,5,5,710,1176,5,,-1,0.568073,0.568073,10.788934,false,true,false,false,Self ,0,0.000424,0.992113,,0,0,0,0,0,1152,1097,0,
Scan: 547974 Run: DIA12_CV486075:20251228_A2_N1_Mueller_MS_TechHub_IMP_THIDDIAXL003_Cas9_PhoX_DIA12_CV486075_250ng_FAIMS_001 P1_GKSDNVPSEEVVK P2_ELGSQILKEHPVENTQLQNEK 2 8,DIA12_CV486075:20251228_A2_N1_Mueller_MS_TechHub_IMP_THIDDIAXL003_Cas9_PhoX_DIA12_CV486075_250ng_FAIMS_001,547974,,,0,0,-0,0,4,0,0,Q99ZW2,,,false,Q99ZW2,Q99ZW2,,false,ELGSQILKEHPVENTQLQNEK,GKSDNVPSEEVVK,790,865,21,13,8,2,797,866,4,,-1,0.566365,0.566365,10.784665,false,true,false,false,Self ,0,0.000425,0.992113,,0,0,0,0,0,360,497,0,
Scan: 960478 Run: DIA12_CV486075:20251228_A2_N1_Mueller_MS_TechHub_IMP_THIDDIAXL003_Cas9_PhoX_DIA12_CV486075_250ng_FAIMS_002 P1_VLPKHSLLYEYFTVYNELTK P2_FKVLGNTDR 4 2,DIA12_CV486075:20251228_A2_N1_Mueller_MS_TechHub_IMP_THIDDIAXL003_Cas9_PhoX_DIA12_CV486075_250ng_FAIMS_002,960478,,,0,0,-0,0,4,0,0,Q99ZW2,,,false,Q99ZW2,Q99ZW2,,false,FKVLGNTDR,VLPKHSLLYEYFTVYNELTK,32,507,9,20,2,4,33,510,4,,-1,0.561436,0.561436,10.772341,false,true,false,false,Self ,0,0.000429,0.992439,,0,0,0,0,0,847,1510,0,
Scan: 1653269 Run: DIA12_CV486075:20251228_A2_N1_Mueller_MS_TechHub_IMP_THIDDIAXL003_Cas9_PhoX_DIA12_CV486075_250ng_FAIMS_003 P1_KSEETITPWNFEEVVDKGASAQSFIER P2_EDIQKAQVSGQGDSLHEHIANLAGSPAIK 17 5,DIA12_CV486075:20251228_A2_N1_Mueller_MS_TechHub_IMP_THIDDIAXL003_Cas9_PhoX_DIA12_CV486075_250ng_FAIMS_003,1653269,,,0,0,-0,0,6,0,0,Q99ZW2,,,false,Q99ZW2,Q99ZW2,,false,EDIQKAQVSGQGDSLHEHIANLAGSPAIK,KSEETITPWNFEEVVDKGASAQSFIER,706,468,29,27,5,17,710,484,6,,-1,0.55968,0.55968,10.767952,false,true,false,false,Self ,0,0.000431,0.992439,,0,0,0,0,0,1872,1231,0,
Scan: 786018 Run: DIA12_CV486075:20251228_A2_N1_Mueller_MS_TechHub_IMP_THIDDIAXL003_Cas9_PhoX_DIA12_CV486075_250ng_FAIMS_002 P1_KLVDSTDK P2_HPIFGNIVDEVAYHEKYPTIYHLR 1 16,DIA12_CV486075:20251228_A2_N1_Mueller_MS_TechHub_IMP_THIDDIAXL003_Cas9_PhoX_DIA12_CV486075_250ng_FAIMS_002,786018,,,0,0,-0,0,5,0,0,Q99ZW2,,,false,Q99ZW2,Q99ZW2,,false,HPIFGNIVDEVAYHEKYPTIYHLR,KLVDSTDK,116,141,24,8,16,1,131,141,5,,-1,0.557791,0.557791,10.763228,false,true,false,false,Self ,0,0.000432,0.992766,,0,0,0,0,0,1733,1220,0,
Scan: 708531 Run: DIA12_CV486075:20251228_A2_N1_Mueller_MS_TechHub_IMP_THIDDIAXL003_Cas9_PhoX_DIA12_CV486075_250ng_FAIMS_002 P1_TEVQTGGFSKESILPK P2_SSFEKNPIDFLEAK 10 5,DIA12_CV486075:20251228_A2_N1_Mueller_MS_TechHub_IMP_THIDDIAXL003_Cas9_PhoX_DIA12_CV486075_250ng_FAIMS_002,708531,,,0,0,-0,0,4,0,0,Q99ZW2,,,false,Q99ZW2,Q99ZW2,,false,SSFEKNPIDFLEAK,TEVQTGGFSKESILPK,1172,1098,14,16,5,10,1176,1107,4,,-1,0.549317,0.549317,10.742044,false,true,false,false,Self ,0,0.000439,0.993092,,0,0,0,0,0,1579,1538,0,
Scan: 38907 Run: DIA12_CV486075:20251228_A2_N1_Mueller_MS_TechHub_IMP_THIDDIAXL003_Cas9_PhoX_DIA12_CV486075_250ng_FAIMS_001 P1_KTEVQTGGFSK P2_KSEETITPWNFEEVVDK 1 1,DIA12_CV486075:20251228_A2_N1_Mueller_MS_TechHub_IMP_THIDDIAXL003_Cas9_PhoX_DIA12_CV486075_250ng_FAIMS_001,38907,,,0,0,-0,0,4,0,0,Q99ZW2,,,false,Q99ZW2,Q99ZW2,,false,KSEETITPWNFEEVVDK,KTEVQTGGFSK,468,1097,17,11,1,1,468,1097,4,,-1,0.544489,0.544489,10.729974,false,true,false,false,Self ,0,0.000444,0.993746,,0,0,0,0,0,1869,1230,0,
Scan: 489030 Run: DIA12_CV486075:20251228_A2_N1_Mueller_MS_TechHub_IMP_THIDDIAXL003_Cas9_PhoX_DIA12_CV486075_250ng_FAIMS_001 P1_KTEVQTGGFSKESILPK P2_GILQTVKVVDELVK 11 7,DIA12_CV486075:20251228_A2_N1_Mueller_MS_TechHub_IMP_THIDDIAXL003_Cas9_PhoX_DIA12_CV486075_250ng_FAIMS_001,489030,,,0,0,-0,0,4,0,0,Q99ZW2,,,false,Q99ZW2,Q99ZW2,,false,GILQTVKVVDELVK,KTEVQTGGFSKESILPK,736,1097,14,17,7,11,742,1107,4,,-1,0.54303,0.54303,10.726327,false,true,false,false,Self ,0,0.000445,0.993746,,0,0,0,0,0,1868,1186,0,
Scan: 39297 Run: DIA12_CV486075:20251228_A2_N1_Mueller_MS_TechHub_IMP_THIDDIAXL003_Cas9_PhoX_DIA12_CV486075_250ng_FAIMS_001 P1_KTEVQTGGFSK P2_KPAFLSGEQK 1 1,DIA12_CV486075:20251228_A2_N1_Mueller_MS_TechHub_IMP_THIDDIAXL003_Cas9_PhoX_DIA12_CV486075_250ng_FAIMS_001,39297,,,0,0,-0,0,3,0,0,Q99ZW2,,,false,Q99ZW2,Q99ZW2,,false,KPAFLSGEQK,KTEVQTGGFSK,536,1097,10,11,1,1,536,1097,3,,-1,0.542727,0.542727,10.725569,false,true,false,false,Self ,0,0.000445,0.993746,,0,0,0,0,0,1342,1524,0,
Scan: 840922 Run: DIA12_CV486075:20251228_A2_N1_Mueller_MS_TechHub_IMP_THIDDIAXL003_Cas9_PhoX_DIA12_CV486075_250ng_FAIMS_002 P1_KSEETITPWNFEEVVDK P2_FKVLGNTDR 1 2,DIA12_CV486075:20251228_A2_N1_Mueller_MS_TechHub_IMP_THIDDIAXL003_Cas9_PhoX_DIA12_CV486075_250ng_FAIMS_002,840922,,,0,0,-0,0,3,0,0,Q99ZW2,,,false,Q99ZW2,Q99ZW2,,false,FKVLGNTDR,KSEETITPWNFEEVVDK,32,468,9,17,2,1,33,468,3,,-1,0.540954,0.540954,10.721135,false,true,false,false,Self ,0,0.000447,0.993746,,0,0,0,0,0,1866,1214,0,
Scan: 305317 Run: DIA12_CV486075:20251228_A2_N1_Mueller_MS_TechHub_IMP_THIDDIAXL003_Cas9_PhoX_DIA12_CV486075_250ng_FAIMS_001 P1_YKEIFFDQSK P2_KSEETITPWNFEEVVDK 2 1,DIA12_CV486075:20251228_A2_N1_Mueller_MS_TechHub_IMP_THIDDIAXL003_Cas9_PhoX_DIA12_CV486075_250ng_FAIMS_001,305317,,,0,0,-0,0,4,0,0,Q99ZW2,,,false,Q99ZW2,Q99ZW2,,false,KSEETITPWNFEEVVDK,YKEIFFDQSK,468,347,17,10,1,2,468,348,4,,-1,0.537693,0.537693,10.712984,false,true,false,false,Self ,0,0.000449,0.994401,,0,0,0,0,0,711,1497,0,
Scan: 1385317 Run: DIA12_CV486075:20251228_A2_N1_Mueller_MS_TechHub_IMP_THIDDIAXL003_Cas9_PhoX_DIA12_CV486075_250ng_FAIMS_003 P1_KPAFLSGEQK P2_HPIFGNIVDEVAYHEKYPTIYHLR 1 16,DIA12_CV486075:20251228_A2_N1_Mueller_MS_TechHub_IMP_THIDDIAXL003_Cas9_PhoX_DIA12_CV486075_250ng_FAIMS_003,1385317,,,0,0,-0,0,5,0,0,Q99ZW2,,,false,Q99ZW2,Q99ZW2,,false,HPIFGNIVDEVAYHEKYPTIYHLR,KPAFLSGEQK,116,536,24,10,16,1,131,536,5,,-1,0.530279,0.530279,10.694449,false,true,false,false,Self ,0,0.000456,0.995056,,0,0,0,0,0,608,1489,0,
Scan: 635709 Run: DIA12_CV486075:20251228_A2_N1_Mueller_MS_TechHub_IMP_THIDDIAXL003_Cas9_PhoX_DIA12_CV486075_250ng_FAIMS_002 P1_KTEVQTGGFSK P2_FKVLGNTDR 1 2,DIA12_CV486075:20251228_A2_N1_Mueller_MS_TechHub_IMP_THIDDIAXL003_Cas9_PhoX_DIA12_CV486075_250ng_FAIMS_002,635709,,,0,0,-0,0,3,0,0,Q99ZW2,,,false,Q99ZW2,Q99ZW2,,false,FKVLGNTDR,KTEVQTGGFSK,32,1097,9,11,2,1,33,1097,3,,-1,0.529481,0.529481,10.692453,false,true,false,false,Self ,0,0.000456,0.995056,,0,0,0,0,0,1247,1520,0,
Scan: 259320 Run: DIA12_CV486075:20251228_A2_N1_Mueller_MS_TechHub_IMP_THIDDIAXL003_Cas9_PhoX_DIA12_CV486075_250ng_FAIMS_001 P1_YKEIFFDQSK P2_KPAFLSGEQK 2 1,DIA12_CV486075:20251228_A2_N1_Mueller_MS_TechHub_IMP_THIDDIAXL003_Cas9_PhoX_DIA12_CV486075_250ng_FAIMS_001,259320,,,0,0,-0,0,3,0,0,Q99ZW2,,,false,Q99ZW2,Q99ZW2,,false,KPAFLSGEQK,YKEIFFDQSK,536,347,10,10,1,2,536,348,3,,-1,0.528103,0.528103,10.689009,false,true,false,false,Self ,0,0.000457,0.995056,,0,0,0,0,0,1806,1549,0,
Scan: 1571950 Run: DIA12_CV486075:20251228_A2_N1_Mueller_MS_TechHub_IMP_THIDDIAXL003_Cas9_PhoX_DIA12_CV486075_250ng_FAIMS_003 P1_SEQEIGKATAK P2_KPAFLSGEQK 7 1,DIA12_CV486075:20251228_A2_N1_Mueller_MS_TechHub_IMP_THIDDIAXL003_Cas9_PhoX_DIA12_CV486075_250ng_FAIMS_003,1571950,,,0,0,-0,0,3,0,0,Q99ZW2,,,false,Q99ZW2,Q99ZW2,,false,KPAFLSGEQK,SEQEIGKATAK,536,1025,10,11,1,7,536,1031,3,,-1,0.527245,0.527245,10.686863,false,true,false,false,Self ,0,0.000458,0.995056,,0,0,0,0,0,1433,58,0,
Scan: 983273 Run: DIA12_CV486075:20251228_A2_N1_Mueller_MS_TechHub_IMP_THIDDIAXL003_Cas9_PhoX_DIA12_CV486075_250ng_FAIMS_002 P1_KPAFLSGEQK P2_KAIVDLLFK 1 1,DIA12_CV486075:20251228_A2_N1_Mueller_MS_TechHub_IMP_THIDDIAXL003_Cas9_PhoX_DIA12_CV486075_250ng_FAIMS_002,983273,,,0,0,-0,0,3,0,0,Q99ZW2,,,false,Q99ZW2,Q99ZW2,,false,KAIVDLLFK,KPAFLSGEQK,546,536,9,10,1,1,546,536,3,,-1,0.525846,0.525846,10.683365,false,true,false,false,Self ,0,0.000459,0.995384,,0,0,0,0,0,1364,1523,0,
Scan: 770482 Run: DIA12_CV486075:20251228_A2_N1_Mueller_MS_TechHub_IMP_THIDDIAXL003_Cas9_PhoX_DIA12_CV486075_250ng_FAIMS_002 P1_KDFQFYK P2_GSPEDNEQKQLFVEQHK 1 9,DIA12_CV486075:20251228_A2_N1_Mueller_MS_TechHub_IMP_THIDDIAXL003_Cas9_PhoX_DIA12_CV486075_250ng_FAIMS_002,770482,,,0,0,-0,0,3,0,0,Q99ZW2,,,false,Q99ZW2,Q99ZW2,,false,GSPEDNEQKQLFVEQHK,KDFQFYK,1247,968,17,7,9,1,1255,968,3,,-1,0.525308,0.525308,10.682022,false,true,false,false,Self ,0,0.00046,0.995384,,0,0,0,0,0,190,1576,0,
Scan: 1506791 Run: DIA12_CV486075:20251228_A2_N1_Mueller_MS_TechHub_IMP_THIDDIAXL003_Cas9_PhoX_DIA12_CV486075_250ng_FAIMS_003 P1_KSEETITPWNFEEVVDK P2_EDIQKAQVSGQGDSLHEHIANLAGSPAIK 1 5,DIA12_CV486075:20251228_A2_N1_Mueller_MS_TechHub_IMP_THIDDIAXL003_Cas9_PhoX_DIA12_CV486075_250ng_FAIMS_003,1506791,,,0,0,-0,0,6,0,0,Q99ZW2,,,false,Q99ZW2,Q99ZW2,,false,EDIQKAQVSGQGDSLHEHIANLAGSPAIK,KSEETITPWNFEEVVDK,706,468,29,17,5,1,710,468,6,,-1,0.522781,0.522781,10.675703,false,true,false,false,Self ,0,0.000462,0.995712,,0,0,0,0,0,1858,505,0,
Scan: 779417 Run: DIA12_CV486075:20251228_A2_N1_Mueller_MS_TechHub_IMP_THIDDIAXL003_Cas9_PhoX_DIA12_CV486075_250ng_FAIMS_002 P1_VILADANLDKVLSAYNK P2_NSDKLIAR 10 4,DIA12_CV486075:20251228_A2_N1_Mueller_MS_TechHub_IMP_THIDDIAXL003_Cas9_PhoX_DIA12_CV486075_250ng_FAIMS_002,779417,,,0,0,-0,0,4,0,0,Q99ZW2,,,false,Q99ZW2,Q99ZW2,,false,NSDKLIAR,VILADANLDKVLSAYNK,1115,1280,8,17,4,10,1118,1289,4,,-1,0.517601,0.517601,10.662754,false,true,false,false,Self ,0,0.000466,0.99637,,0,0,0,0,0,1023,1505,0,
Scan: 1499320 Run: DIA12_CV486075:20251228_A2_N1_Mueller_MS_TechHub_IMP_THIDDIAXL003_Cas9_PhoX_DIA12_CV486075_250ng_FAIMS_003 P1_VNTEITKAPLSASMIK P2_KSEETITPWNFEEVVDK 7 1,DIA12_CV486075:20251228_A2_N1_Mueller_MS_TechHub_IMP_THIDDIAXL003_Cas9_PhoX_DIA12_CV486075_250ng_FAIMS_003,1499320,,,0,0,-0,0,4,0,0,Q99ZW2,,,false,Q99ZW2,Q99ZW2,,false,KSEETITPWNFEEVVDK,VNTEITKAPLSASMIK,468,308,17,16,1,7,468,314,4,,-1,0.516996,0.516996,10.661242,false,true,false,false,Self ,0,0.000467,0.99637,,0,0,0,0,0,1856,1228,0,
Scan: 1257870 Run: DIA12_CV486075:20251228_A2_N1_Mueller_MS_TechHub_IMP_THIDDIAXL003_Cas9_PhoX_DIA12_CV486075_250ng_FAIMS_003 P1_NSDKLIAR P2_KTEVQTGGFSKESILPK 4 11,DIA12_CV486075:20251228_A2_N1_Mueller_MS_TechHub_IMP_THIDDIAXL003_Cas9_PhoX_DIA12_CV486075_250ng_FAIMS_003,1257870,,,0,0,-0,0,4,0,0,Q99ZW2,,,false,Q99ZW2,Q99ZW2,,false,KTEVQTGGFSKESILPK,NSDKLIAR,1097,1115,17,8,11,4,1107,1118,4,,-1,0.514236,0.514236,10.654342,false,true,false,false,Self ,0,0.000469,0.996699,,0,0,0,0,0,1435,817,0,
Scan: 903999 Run: DIA12_CV486075:20251228_A2_N1_Mueller_MS_TechHub_IMP_THIDDIAXL003_Cas9_PhoX_DIA12_CV486075_250ng_FAIMS_002 P1_KSEETITPWNFEEVVDK P2_IEKILTFR 1 3,DIA12_CV486075:20251228_A2_N1_Mueller_MS_TechHub_IMP_THIDDIAXL003_Cas9_PhoX_DIA12_CV486075_250ng_FAIMS_002,903999,,,0,0,-0,0,3,0,0,Q99ZW2,,,false,Q99ZW2,Q99ZW2,,false,IEKILTFR,KSEETITPWNFEEVVDK,440,468,8,17,3,1,442,468,3,,-1,0.511956,0.511956,10.648641,false,true,false,false,Self ,0,0.000471,0.996699,,0,0,0,0,0,1854,259,0,
Scan: 1501643 Run: DIA12_CV486075:20251228_A2_N1_Mueller_MS_TechHub_IMP_THIDDIAXL003_Cas9_PhoX_DIA12_CV486075_250ng_FAIMS_003 P1_KSEETITPWNFEEVVDK P2_EKIEKILTFR 1 5,DIA12_CV486075:20251228_A2_N1_Mueller_MS_TechHub_IMP_THIDDIAXL003_Cas9_PhoX_DIA12_CV486075_250ng_FAIMS_003,1501643,,,0,0,-0,0,4,0,0,Q99ZW2,,,false,Q99ZW2,Q99ZW2,,false,EKIEKILTFR,KSEETITPWNFEEVVDK,438,468,10,17,5,1,442,468,4,,-1,0.5035,0.5035,10.627501,false,true,false,false,Self ,0,0.000478,0.997028,,0,0,0,0,0,810,259,0,
Scan: 1451911 Run: DIA12_CV486075:20251228_A2_N1_Mueller_MS_TechHub_IMP_THIDDIAXL003_Cas9_PhoX_DIA12_CV486075_250ng_FAIMS_003 P1_YKEIFFDQSK P2_FKVLGNTDR 2 2,DIA12_CV486075:20251228_A2_N1_Mueller_MS_TechHub_IMP_THIDDIAXL003_Cas9_PhoX_DIA12_CV486075_250ng_FAIMS_003,1451911,,,0,0,-0,0,4,0,0,Q99ZW2,,,false,Q99ZW2,Q99ZW2,,false,FKVLGNTDR,YKEIFFDQSK,32,347,9,10,2,2,33,348,4,,-1,0.502474,0.502474,10.624935,false,true,false,false,Self ,0,0.000479,0.997357,,0,0,0,0,0,1782,1548,0,
Scan: 950958 Run: DIA12_CV486075:20251228_A2_N1_Mueller_MS_TechHub_IMP_THIDDIAXL003_Cas9_PhoX_DIA12_CV486075_250ng_FAIMS_002 P1_SSFEKNPIDFLEAK P2_MTNFDKNLPNEK 5 6,DIA12_CV486075:20251228_A2_N1_Mueller_MS_TechHub_IMP_THIDDIAXL003_Cas9_PhoX_DIA12_CV486075_250ng_FAIMS_002,950958,,,0,0,-0,0,4,0,0,Q99ZW2,,,false,Q99ZW2,Q99ZW2,,false,MTNFDKNLPNEK,SSFEKNPIDFLEAK,495,1172,12,14,6,5,500,1176,4,,-1,0.502452,0.502452,10.624881,false,true,false,false,Self ,0,0.000479,0.997357,,0,0,0,0,0,1680,1537,0,
Scan: 1576093 Run: DIA12_CV486075:20251228_A2_N1_Mueller_MS_TechHub_IMP_THIDDIAXL003_Cas9_PhoX_DIA12_CV486075_250ng_FAIMS_003 P1_VNTEITKAPLSASMIK P2_KPAFLSGEQK 7 1,DIA12_CV486075:20251228_A2_N1_Mueller_MS_TechHub_IMP_THIDDIAXL003_Cas9_PhoX_DIA12_CV486075_250ng_FAIMS_003,1576093,,,0,0,-0,0,4,0,0,Q99ZW2,,,false,Q99ZW2,Q99ZW2,,false,KPAFLSGEQK,VNTEITKAPLSASMIK,536,308,10,16,1,7,536,314,4,,-1,0.50198,0.50198,10.6237,false,true,false,false,Self ,0,0.00048,0.997357,,0,0,0,0,0,166,1454,0,
Scan: 1574500 Run: DIA12_CV486075:20251228_A2_N1_Mueller_MS_TechHub_IMP_THIDDIAXL003_Cas9_PhoX_DIA12_CV486075_250ng_FAIMS_003 P1_KPAFLSGEQK P2_GNELALPSKYVNFLYLASHYEK 1 9,DIA12_CV486075:20251228_A2_N1_Mueller_MS_TechHub_IMP_THIDDIAXL003_Cas9_PhoX_DIA12_CV486075_250ng_FAIMS_003,1574500,,,0,0,-0,0,4,0,0,Q99ZW2,,,false,Q99ZW2,Q99ZW2,,false,GNELALPSKYVNFLYLASHYEK,KPAFLSGEQK,1223,536,22,10,9,1,1231,536,4,,-1,0.497378,0.497378,10.612197,false,true,false,false,Self ,0,0.000484,0.998347,,0,0,0,0,0,1849,1227,0,
Scan: 1178868 Run: DIA12_CV486075:20251228_A2_N1_Mueller_MS_TechHub_IMP_THIDDIAXL003_Cas9_PhoX_DIA12_CV486075_250ng_FAIMS_002 P1_MNTKYDENDK P2_KLINGIR 4 1,DIA12_CV486075:20251228_A2_N1_Mueller_MS_TechHub_IMP_THIDDIAXL003_Cas9_PhoX_DIA12_CV486075_250ng_FAIMS_002,1178868,,,0,0,-0,0,3,0,0,Q99ZW2,,,false,Q99ZW2,Q99ZW2,,false,KLINGIR,MNTKYDENDK,665,939,7,10,1,4,665,942,3,,-1,0.497056,0.497056,10.611391,false,true,false,false,Self ,0,0.000484,0.998347,,0,0,0,0,0,937,229,0,
Scan: 1056642 Run: DIA12_CV486075:20251228_A2_N1_Mueller_MS_TechHub_IMP_THIDDIAXL003_Cas9_PhoX_DIA12_CV486075_250ng_FAIMS_002 P1_KLINGIR P2_EDIQKAQVSGQGDSLHEHIANLAGSPAIK 1 5,DIA12_CV486075:20251228_A2_N1_Mueller_MS_TechHub_IMP_THIDDIAXL003_Cas9_PhoX_DIA12_CV486075_250ng_FAIMS_002,1056642,,,0,0,-0,0,4,0,0,Q99ZW2,,,false,Q99ZW2,Q99ZW2,,false,EDIQKAQVSGQGDSLHEHIANLAGSPAIK,KLINGIR,706,665,29,7,5,1,710,665,4,,-1,0.495498,0.495498,10.607495,false,true,false,false,Self ,0,0.000485,0.998677,,0,0,0,0,0,1742,1546,0,
Scan: 851929 Run: DIA12_CV486075:20251228_A2_N1_Mueller_MS_TechHub_IMP_THIDDIAXL003_Cas9_PhoX_DIA12_CV486075_250ng_FAIMS_002 P1_YKEIFFDQSK P2_NSDKLIAR 2 4,DIA12_CV486075:20251228_A2_N1_Mueller_MS_TechHub_IMP_THIDDIAXL003_Cas9_PhoX_DIA12_CV486075_250ng_FAIMS_002,851929,,,0,0,-0,0,3,0,0,Q99ZW2,,,false,Q99ZW2,Q99ZW2,,false,NSDKLIAR,YKEIFFDQSK,1115,347,8,10,4,2,1118,348,3,,-1,0.494455,0.494455,10.604889,false,true,false,false,Self ,0,0.000486,0.998677,,0,0,0,0,0,1528,1353,0,
Scan: 897497 Run: DIA12_CV486075:20251228_A2_N1_Mueller_MS_TechHub_IMP_THIDDIAXL003_Cas9_PhoX_DIA12_CV486075_250ng_FAIMS_002 P1_TEVQTGGFSKESILPK P2_KSEETITPWNFEEVVDK 10 1,DIA12_CV486075:20251228_A2_N1_Mueller_MS_TechHub_IMP_THIDDIAXL003_Cas9_PhoX_DIA12_CV486075_250ng_FAIMS_002,897497,,,0,0,-0,0,4,0,0,Q99ZW2,,,false,Q99ZW2,Q99ZW2,,false,KSEETITPWNFEEVVDK,TEVQTGGFSKESILPK,468,1098,17,16,1,10,468,1107,4,,-1,0.49278,0.49278,10.6007,false,true,false,false,Self ,0,0.000487,0.998677,,0,0,0,0,0,1845,1226,0,
Scan: 450885 Run: DIA12_CV486075:20251228_A2_N1_Mueller_MS_TechHub_IMP_THIDDIAXL003_Cas9_PhoX_DIA12_CV486075_250ng_FAIMS_001 P1_KTEVQTGGFSK P2_EDIQKAQVSGQGDSLHEHIANLAGSPAIK 1 5,DIA12_CV486075:20251228_A2_N1_Mueller_MS_TechHub_IMP_THIDDIAXL003_Cas9_PhoX_DIA12_CV486075_250ng_FAIMS_001,450885,,,0,0,-0,0,5,0,0,Q99ZW2,,,false,Q99ZW2,Q99ZW2,,false,EDIQKAQVSGQGDSLHEHIANLAGSPAIK,KTEVQTGGFSK,706,1097,29,11,5,1,710,1097,5,,-1,0.491574,0.491574,10.597687,false,true,false,false,Self ,0,0.000488,0.998677,,0,0,0,0,0,1785,1547,0,
Scan: 387631 Run: DIA12_CV486075:20251228_A2_N1_Mueller_MS_TechHub_IMP_THIDDIAXL003_Cas9_PhoX_DIA12_CV486075_250ng_FAIMS_001 P1_KPAFLSGEQK P2_KGILQTVK 1 1,DIA12_CV486075:20251228_A2_N1_Mueller_MS_TechHub_IMP_THIDDIAXL003_Cas9_PhoX_DIA12_CV486075_250ng_FAIMS_001,387631,,,0,0,-0,0,3,0,0,Q99ZW2,,,false,Q99ZW2,Q99ZW2,,false,KGILQTVK,KPAFLSGEQK,735,536,8,10,1,1,735,536,3,,-1,0.491432,0.491432,10.59733,false,true,false,false,Self ,0,0.000489,0.998677,,0,0,0,0,0,1390,1516,0,
Scan: 348813 Run: DIA12_CV486075:20251228_A2_N1_Mueller_MS_TechHub_IMP_THIDDIAXL003_Cas9_PhoX_DIA12_CV486075_250ng_FAIMS_001 P1_SEETITPWNFEEVVDKGASAQSFIER P2_KLINGIR 16 1,DIA12_CV486075:20251228_A2_N1_Mueller_MS_TechHub_IMP_THIDDIAXL003_Cas9_PhoX_DIA12_CV486075_250ng_FAIMS_001,348813,,,0,0,-0,0,4,0,0,Q99ZW2,,,false,Q99ZW2,Q99ZW2,,false,KLINGIR,SEETITPWNFEEVVDKGASAQSFIER,665,469,7,26,1,16,665,484,4,,-1,0.491318,0.491318,10.597047,false,true,false,false,Self ,0,0.000489,0.998677,,0,0,0,0,0,300,1459,0,
Scan: 1445926 Run: DIA12_CV486075:20251228_A2_N1_Mueller_MS_TechHub_IMP_THIDDIAXL003_Cas9_PhoX_DIA12_CV486075_250ng_FAIMS_003 P1_YDEHHQDLTLLKALVR P2_KPAFLSGEQK 12 1,DIA12_CV486075:20251228_A2_N1_Mueller_MS_TechHub_IMP_THIDDIAXL003_Cas9_PhoX_DIA12_CV486075_250ng_FAIMS_003,1445926,,,0,0,-0,0,4,0,0,Q99ZW2,,,false,Q99ZW2,Q99ZW2,,false,KPAFLSGEQK,YDEHHQDLTLLKALVR,536,325,10,16,1,12,536,336,4,,-1,0.489714,0.489714,10.593037,false,true,false,false,Self ,0,0.00049,0.998677,,0,0,0,0,0,987,1496,0,
Scan: 454195 Run: DIA12_CV486075:20251228_A2_N1_Mueller_MS_TechHub_IMP_THIDDIAXL003_Cas9_PhoX_DIA12_CV486075_250ng_FAIMS_001 P1_KYGGFDSPTVAYSVLVVAK P2_EDIQKAQVSGQGDSLHEHIANLAGSPAIK 1 5,DIA12_CV486075:20251228_A2_N1_Mueller_MS_TechHub_IMP_THIDDIAXL003_Cas9_PhoX_DIA12_CV486075_250ng_FAIMS_001,454195,,,0,0,-0,0,5,0,0,Q99ZW2,,,false,Q99ZW2,Q99ZW2,,false,EDIQKAQVSGQGDSLHEHIANLAGSPAIK,KYGGFDSPTVAYSVLVVAK,706,1130,29,19,5,1,710,1130,5,,-1,0.486956,0.486956,10.586142,false,true,false,false,Self ,0,0.000492,0.999338,,0,0,0,0,0,1840,1225,0,
Scan: 382746 Run: DIA12_CV486075:20251228_A2_N1_Mueller_MS_TechHub_IMP_THIDDIAXL003_Cas9_PhoX_DIA12_CV486075_250ng_FAIMS_001 P1_KPAFLSGEQK P2_IEKILTFR 1 3,DIA12_CV486075:20251228_A2_N1_Mueller_MS_TechHub_IMP_THIDDIAXL003_Cas9_PhoX_DIA12_CV486075_250ng_FAIMS_001,382746,,,0,0,-0,0,4,0,0,Q99ZW2,,,false,Q99ZW2,Q99ZW2,,false,IEKILTFR,KPAFLSGEQK,440,536,8,10,3,1,442,536,4,,-1,0.486924,0.486924,10.586062,false,true,false,false,Self ,0,0.000492,0.999338,,0,0,0,0,0,1839,1326,0,
Scan: 1572107 Run: DIA12_CV486075:20251228_A2_N1_Mueller_MS_TechHub_IMP_THIDDIAXL003_Cas9_PhoX_DIA12_CV486075_250ng_FAIMS_003 P1_KRPLIETNGETGEIVWDK P2_KPAFLSGEQK 1 1,DIA12_CV486075:20251228_A2_N1_Mueller_MS_TechHub_IMP_THIDDIAXL003_Cas9_PhoX_DIA12_CV486075_250ng_FAIMS_003,1572107,,,0,0,-0,0,4,0,0,Q99ZW2,,,false,Q99ZW2,Q99ZW2,,false,KPAFLSGEQK,KRPLIETNGETGEIVWDK,536,1059,10,18,1,1,536,1059,4,,-1,0.486016,0.486016,10.583792,false,true,false,false,Self ,0,0.000493,0.999669,,0,0,0,0,0,1838,1224,0,
Scan: 544340 Run: DIA12_CV486075:20251228_A2_N1_Mueller_MS_TechHub_IMP_THIDDIAXL003_Cas9_PhoX_DIA12_CV486075_250ng_FAIMS_001 P1_KRPLIETNGETGEIVWDK P2_GKSDNVPSEEVVK 1 2,DIA12_CV486075:20251228_A2_N1_Mueller_MS_TechHub_IMP_THIDDIAXL003_Cas9_PhoX_DIA12_CV486075_250ng_FAIMS_001,544340,,,0,0,-0,0,4,0,0,Q99ZW2,,,false,Q99ZW2,Q99ZW2,,false,GKSDNVPSEEVVK,KRPLIETNGETGEIVWDK,865,1059,13,18,2,1,866,1059,4,,-1,0.485905,0.485905,10.583513,false,true,false,false,Self ,0,0.000493,1,,0,0,0,0,0,1837,1223,0,
Scan: 378006 Run: DIA12_CV486075:20251228_A2_N1_Mueller_MS_TechHub_IMP_THIDDIAXL003_Cas9_PhoX_DIA12_CV486075_250ng_FAIMS_001 P1_NSDKLIAR P2_KPAFLSGEQK 4 1,DIA12_CV486075:20251228_A2_N1_Mueller_MS_TechHub_IMP_THIDDIAXL003_Cas9_PhoX_DIA12_CV486075_250ng_FAIMS_001,378006,,,0,0,-0,0,3,0,0,Q99ZW2,,,false,Q99ZW2,Q99ZW2,,false,KPAFLSGEQK,NSDKLIAR,536,1115,10,8,1,4,536,1118,3,,-1,0.484283,0.484283,10.579458,false,true,false,false,Self ,0,0.000495,1.000331,,0,0,0,0,0,1735,369,0,
Scan: 619435 Run: DIA12_CV486075:20251228_A2_N1_Mueller_MS_TechHub_IMP_THIDDIAXL003_Cas9_PhoX_DIA12_CV486075_250ng_FAIMS_002 P1_KRPLIETNGETGEIVWDK P2_FKVLGNTDR 1 2,DIA12_CV486075:20251228_A2_N1_Mueller_MS_TechHub_IMP_THIDDIAXL003_Cas9_PhoX_DIA12_CV486075_250ng_FAIMS_002,619435,,,0,0,-0,0,4,0,0,Q99ZW2,,,false,Q99ZW2,Q99ZW2,,false,FKVLGNTDR,KRPLIETNGETGEIVWDK,32,1059,9,18,2,1,33,1059,4,,-1,0.481834,0.481834,10.573335,false,true,false,false,Self ,0,0.000497,1.000663,,0,0,0,0,0,1835,1222,0,
Scan: 1187625 Run: DIA12_CV486075:20251228_A2_N1_Mueller_MS_TechHub_IMP_THIDDIAXL003_Cas9_PhoX_DIA12_CV486075_250ng_FAIMS_002 P1_SKLVSDFR P2_KDFQFYK 2 1,DIA12_CV486075:20251228_A2_N1_Mueller_MS_TechHub_IMP_THIDDIAXL003_Cas9_PhoX_DIA12_CV486075_250ng_FAIMS_002,1187625,,,0,0,-0,0,3,0,0,Q99ZW2,,,false,Q99ZW2,Q99ZW2,,false,KDFQFYK,SKLVSDFR,968,960,7,8,1,2,968,961,3,,-1,0.479547,0.479547,10.567618,false,true,false,false,Self ,0,0.000499,1.000995,,0,0,0,0,0,1751,1543,0,
Scan: 62919 Run: DIA12_CV486075:20251228_A2_N1_Mueller_MS_TechHub_IMP_THIDDIAXL003_Cas9_PhoX_DIA12_CV486075_250ng_FAIMS_001 P1_TEVQTGGFSKESILPK P2_NSDKLIAR 10 4,DIA12_CV486075:20251228_A2_N1_Mueller_MS_TechHub_IMP_THIDDIAXL003_Cas9_PhoX_DIA12_CV486075_250ng_FAIMS_001,62919,,,0,0,-0,0,4,0,0,Q99ZW2,,,false,Q99ZW2,Q99ZW2,,false,NSDKLIAR,TEVQTGGFSKESILPK,1115,1098,8,16,4,10,1118,1107,4,,-1,0.477279,0.477279,10.561948,false,true,false,false,Self ,0,0.000501,1.000995,,0,0,0,0,0,1736,817,0,
Scan: 255209 Run: DIA12_CV486075:20251228_A2_N1_Mueller_MS_TechHub_IMP_THIDDIAXL003_Cas9_PhoX_DIA12_CV486075_250ng_FAIMS_001 P1_YKEIFFDQSK P2_KDLIIK 2 1,DIA12_CV486075:20251228_A2_N1_Mueller_MS_TechHub_IMP_THIDDIAXL003_Cas9_PhoX_DIA12_CV486075_250ng_FAIMS_001,255209,,,0,0,-0,0,3,0,0,Q99ZW2,,,false,Q99ZW2,Q99ZW2,,false,KDLIIK,YKEIFFDQSK,1192,347,6,10,1,2,1192,348,3,,-1,0.476727,0.476727,10.560569,false,true,false,false,Self ,0,0.000501,1.000995,,0,0,0,0,0,1211,1503,0,
Scan: 1652499 Run: DIA12_CV486075:20251228_A2_N1_Mueller_MS_TechHub_IMP_THIDDIAXL003_Cas9_PhoX_DIA12_CV486075_250ng_FAIMS_003 P1_KNLIGALLFDSGETAEATR P2_EDIQKAQVSGQGDSLHEHIANLAGSPAIK 1 5,DIA12_CV486075:20251228_A2_N1_Mueller_MS_TechHub_IMP_THIDDIAXL003_Cas9_PhoX_DIA12_CV486075_250ng_FAIMS_003,1652499,,,0,0,-0,0,5,0,0,Q99ZW2,,,false,Q99ZW2,Q99ZW2,,false,EDIQKAQVSGQGDSLHEHIANLAGSPAIK,KNLIGALLFDSGETAEATR,706,45,29,19,5,1,710,45,5,,-1,0.474735,0.474735,10.55559,false,true,false,false,Self ,0,0.000503,1.001659,,0,0,0,0,0,1831,1221,0,
Scan: 431199 Run: DIA12_CV486075:20251228_A2_N1_Mueller_MS_TechHub_IMP_THIDDIAXL003_Cas9_PhoX_DIA12_CV486075_250ng_FAIMS_001 P1_KLINGIR P2_EDIQKAQVSGQGDSLHEHIANLAGSPAIKK 1 5,DIA12_CV486075:20251228_A2_N1_Mueller_MS_TechHub_IMP_THIDDIAXL003_Cas9_PhoX_DIA12_CV486075_250ng_FAIMS_001,431199,,,0,0,-0,0,5,0,0,Q99ZW2,,,false,Q99ZW2,Q99ZW2,,false,EDIQKAQVSGQGDSLHEHIANLAGSPAIKK,KLINGIR,706,665,30,7,5,1,710,665,5,,-1,0.474626,0.474626,10.555317,false,true,false,false,Self ,0,0.000503,1.001659,,0,0,0,0,0,1771,1546,0,
Scan: 545678 Run: DIA12_CV486075:20251228_A2_N1_Mueller_MS_TechHub_IMP_THIDDIAXL003_Cas9_PhoX_DIA12_CV486075_250ng_FAIMS_001 P1_YKEIFFDQSK P2_GKSDNVPSEEVVK 2 2,DIA12_CV486075:20251228_A2_N1_Mueller_MS_TechHub_IMP_THIDDIAXL003_Cas9_PhoX_DIA12_CV486075_250ng_FAIMS_001,545678,,,0,0,-0,0,3,0,0,Q99ZW2,,,false,Q99ZW2,Q99ZW2,,false,GKSDNVPSEEVVK,YKEIFFDQSK,865,347,13,10,2,2,866,348,3,,-1,0.474023,0.474023,10.553808,false,true,false,false,Self ,0,0.000503,1.001659,,0,0,0,0,0,963,1490,0,
Scan: 188983 Run: DIA12_CV486075:20251228_A2_N1_Mueller_MS_TechHub_IMP_THIDDIAXL003_Cas9_PhoX_DIA12_CV486075_250ng_FAIMS_001 P1_KLVDSTDKADLR P2_HPIFGNIVDEVAYHEKYPTIYHLR 1 16,DIA12_CV486075:20251228_A2_N1_Mueller_MS_TechHub_IMP_THIDDIAXL003_Cas9_PhoX_DIA12_CV486075_250ng_FAIMS_001,188983,,,0,0,-0,0,5,0,0,Q99ZW2,,,false,Q99ZW2,Q99ZW2,,false,HPIFGNIVDEVAYHEKYPTIYHLR,KLVDSTDKADLR,116,141,24,12,16,1,131,141,5,,-1,0.473982,0.473982,10.553707,false,true,false,false,Self ,0,0.000503,1.001659,,0,0,0,0,0,1828,1220,0,
Scan: 310733 Run: DIA12_CV486075:20251228_A2_N1_Mueller_MS_TechHub_IMP_THIDDIAXL003_Cas9_PhoX_DIA12_CV486075_250ng_FAIMS_001 P1_KSEETITPWNFEEVVDK P2_KLINGIR 1 1,DIA12_CV486075:20251228_A2_N1_Mueller_MS_TechHub_IMP_THIDDIAXL003_Cas9_PhoX_DIA12_CV486075_250ng_FAIMS_001,310733,,,0,0,-0,0,4,0,0,Q99ZW2,,,false,Q99ZW2,Q99ZW2,,false,KLINGIR,KSEETITPWNFEEVVDK,665,468,7,17,1,1,665,468,4,,-1,0.471651,0.471651,10.547877,false,true,false,false,Self ,0,0.000505,1.001991,,0,0,0,0,0,1761,424,0,
Scan: 1308381 Run: DIA12_CV486075:20251228_A2_N1_Mueller_MS_TechHub_IMP_THIDDIAXL003_Cas9_PhoX_DIA12_CV486075_250ng_FAIMS_003 P1_SSFEKNPIDFLEAK P2_KDLIIK 5 1,DIA12_CV486075:20251228_A2_N1_Mueller_MS_TechHub_IMP_THIDDIAXL003_Cas9_PhoX_DIA12_CV486075_250ng_FAIMS_003,1308381,,,0,0,-0,0,3,0,0,Q99ZW2,,,false,Q99ZW2,Q99ZW2,,false,KDLIIK,SSFEKNPIDFLEAK,1192,1172,6,14,1,5,1192,1176,3,,-1,0.471279,0.471279,10.546949,false,true,false,false,Self ,0,0.000506,1.001991,,0,0,0,0,0,1633,1528,0,
Scan: 1477266 Run: DIA12_CV486075:20251228_A2_N1_Mueller_MS_TechHub_IMP_THIDDIAXL003_Cas9_PhoX_DIA12_CV486075_250ng_FAIMS_003 P1_QQLPEKYKEIFFDQSK P2_FIKPILEKMDGTEELLVK 6 8,DIA12_CV486075:20251228_A2_N1_Mueller_MS_TechHub_IMP_THIDDIAXL003_Cas9_PhoX_DIA12_CV486075_250ng_FAIMS_003,1477266,,,0,0,-0,0,5,0,0,Q99ZW2,,,false,Q99ZW2,Q99ZW2,,false,FIKPILEKMDGTEELLVK,QQLPEKYKEIFFDQSK,375,341,18,16,8,6,382,346,5,,-1,0.470239,0.470239,10.544349,false,true,false,false,Self ,0,0.000507,1.002324,,0,0,0,0,0,860,662,0,
Scan: 703405 Run: DIA12_CV486075:20251228_A2_N1_Mueller_MS_TechHub_IMP_THIDDIAXL003_Cas9_PhoX_DIA12_CV486075_250ng_FAIMS_002 P1_KYGGFDSPTVAYSVLVVAK P2_KLINGIR 1 1,DIA12_CV486075:20251228_A2_N1_Mueller_MS_TechHub_IMP_THIDDIAXL003_Cas9_PhoX_DIA12_CV486075_250ng_FAIMS_002,703405,,,0,0,-0,0,3,0,0,Q99ZW2,,,false,Q99ZW2,Q99ZW2,,false,KLINGIR,KYGGFDSPTVAYSVLVVAK,665,1130,7,19,1,1,665,1130,3,,-1,0.469025,0.469025,10.541314,false,true,false,false,Self ,0,0.000508,1.002324,,0,0,0,0,0,1824,1219,0,
Scan: 687908 Run: DIA12_CV486075:20251228_A2_N1_Mueller_MS_TechHub_IMP_THIDDIAXL003_Cas9_PhoX_DIA12_CV486075_250ng_FAIMS_002 P1_NSDKLIAR P2_KLINGIR 4 1,DIA12_CV486075:20251228_A2_N1_Mueller_MS_TechHub_IMP_THIDDIAXL003_Cas9_PhoX_DIA12_CV486075_250ng_FAIMS_002,687908,,,0,0,-0,0,4,0,0,Q99ZW2,,,false,Q99ZW2,Q99ZW2,,false,KLINGIR,NSDKLIAR,665,1115,7,8,1,4,665,1118,4,,-1,0.46756,0.46756,10.53765,false,true,false,false,Self ,0,0.000509,1.002324,,0,0,0,0,0,1642,303,0,
Scan: 758156 Run: DIA12_CV486075:20251228_A2_N1_Mueller_MS_TechHub_IMP_THIDDIAXL003_Cas9_PhoX_DIA12_CV486075_250ng_FAIMS_002 P1_YVNFLYLASHYEKLK P2_KDFQFYK 13 1,DIA12_CV486075:20251228_A2_N1_Mueller_MS_TechHub_IMP_THIDDIAXL003_Cas9_PhoX_DIA12_CV486075_250ng_FAIMS_002,758156,,,0,0,-0,0,4,0,0,Q99ZW2,,,false,Q99ZW2,Q99ZW2,,false,KDFQFYK,YVNFLYLASHYEKLK,968,1232,7,15,1,13,968,1244,4,,-1,0.466238,0.466238,10.534347,false,true,false,false,Self ,0,0.00051,1.002324,,0,0,0,0,0,643,1464,0,
Scan: 1583215 Run: DIA12_CV486075:20251228_A2_N1_Mueller_MS_TechHub_IMP_THIDDIAXL003_Cas9_PhoX_DIA12_CV486075_250ng_FAIMS_003 P1_KPAFLSGEQK P2_IEEGIKELGSQILK 1 6,DIA12_CV486075:20251228_A2_N1_Mueller_MS_TechHub_IMP_THIDDIAXL003_Cas9_PhoX_DIA12_CV486075_250ng_FAIMS_003,1583215,,,0,0,-0,0,4,0,0,Q99ZW2,,,false,Q99ZW2,Q99ZW2,,false,IEEGIKELGSQILK,KPAFLSGEQK,784,536,14,10,6,1,789,536,4,,-1,0.466105,0.466105,10.534013,false,true,false,false,Self ,0,0.00051,1.002324,,0,0,0,0,0,732,1470,0,
Scan: 386953 Run: DIA12_CV486075:20251228_A2_N1_Mueller_MS_TechHub_IMP_THIDDIAXL003_Cas9_PhoX_DIA12_CV486075_250ng_FAIMS_001 P1_KPAFLSGEQK P2_KLINGIR 1 1,DIA12_CV486075:20251228_A2_N1_Mueller_MS_TechHub_IMP_THIDDIAXL003_Cas9_PhoX_DIA12_CV486075_250ng_FAIMS_001,386953,,,0,0,-0,0,3,0,0,Q99ZW2,,,false,Q99ZW2,Q99ZW2,,false,KLINGIR,KPAFLSGEQK,665,536,7,10,1,1,665,536,3,,-1,0.464368,0.464368,10.529671,false,true,false,false,Self ,0,0.000511,1.002324,,0,0,0,0,0,1657,1531,0,
Scan: 715058 Run: DIA12_CV486075:20251228_A2_N1_Mueller_MS_TechHub_IMP_THIDDIAXL003_Cas9_PhoX_DIA12_CV486075_250ng_FAIMS_002 P1_VLPKHSLLYEYFTVYNELTK P2_SSFEKNPIDFLEAK 4 5,DIA12_CV486075:20251228_A2_N1_Mueller_MS_TechHub_IMP_THIDDIAXL003_Cas9_PhoX_DIA12_CV486075_250ng_FAIMS_002,715058,,,0,0,-0,0,4,0,0,Q99ZW2,,,false,Q99ZW2,Q99ZW2,,false,SSFEKNPIDFLEAK,VLPKHSLLYEYFTVYNELTK,1172,507,14,20,5,4,1176,510,4,,-1,0.462791,0.462791,10.525727,false,true,false,false,Self ,0,0.000513,1.002324,,0,0,0,0,0,714,1467,0,
Scan: 1450927 Run: DIA12_CV486075:20251228_A2_N1_Mueller_MS_TechHub_IMP_THIDDIAXL003_Cas9_PhoX_DIA12_CV486075_250ng_FAIMS_003 P1_YKEIFFDQSK P2_KLVDSTDK 2 1,DIA12_CV486075:20251228_A2_N1_Mueller_MS_TechHub_IMP_THIDDIAXL003_Cas9_PhoX_DIA12_CV486075_250ng_FAIMS_003,1450927,,,0,0,-0,0,3,0,0,Q99ZW2,,,false,Q99ZW2,Q99ZW2,,false,KLVDSTDK,YKEIFFDQSK,141,347,8,10,1,2,141,348,3,,-1,0.461564,0.461564,10.522662,false,true,false,false,Self ,0,0.000514,1.002657,,0,0,0,0,0,477,1456,0,
Scan: 709819 Run: DIA12_CV486075:20251228_A2_N1_Mueller_MS_TechHub_IMP_THIDDIAXL003_Cas9_PhoX_DIA12_CV486075_250ng_FAIMS_002 P1_SSFEKNPIDFLEAK P2_KDWDPK 5 1,DIA12_CV486075:20251228_A2_N1_Mueller_MS_TechHub_IMP_THIDDIAXL003_Cas9_PhoX_DIA12_CV486075_250ng_FAIMS_002,709819,,,0,0,-0,0,3,0,0,Q99ZW2,,,false,Q99ZW2,Q99ZW2,,false,KDWDPK,SSFEKNPIDFLEAK,1124,1172,6,14,1,5,1124,1176,3,,-1,0.457737,0.457737,10.513094,false,true,false,false,Self ,0,0.000517,1.003657,,0,0,0,0,0,1715,602,0,
Scan: 243794 Run: DIA12_CV486075:20251228_A2_N1_Mueller_MS_TechHub_IMP_THIDDIAXL003_Cas9_PhoX_DIA12_CV486075_250ng_FAIMS_001 P1_NLPNEKVLPK P2_FKVLGNTDR 6 2,DIA12_CV486075:20251228_A2_N1_Mueller_MS_TechHub_IMP_THIDDIAXL003_Cas9_PhoX_DIA12_CV486075_250ng_FAIMS_001,243794,,,0,0,-0,0,3,0,0,Q99ZW2,,,false,Q99ZW2,Q99ZW2,,false,FKVLGNTDR,NLPNEKVLPK,32,501,9,10,2,6,33,506,3,,-1,0.457061,0.457061,10.511403,false,true,false,false,Self ,0,0.000518,1.003657,,0,0,0,0,0,1816,1218,0,
Scan: 428941 Run: DIA12_CV486075:20251228_A2_N1_Mueller_MS_TechHub_IMP_THIDDIAXL003_Cas9_PhoX_DIA12_CV486075_250ng_FAIMS_001 P1_SSFEKNPIDFLEAK P2_KLINGIR 5 1,DIA12_CV486075:20251228_A2_N1_Mueller_MS_TechHub_IMP_THIDDIAXL003_Cas9_PhoX_DIA12_CV486075_250ng_FAIMS_001,428941,,,0,0,-0,0,4,0,0,Q99ZW2,,,false,Q99ZW2,Q99ZW2,,false,KLINGIR,SSFEKNPIDFLEAK,665,1172,7,14,1,5,665,1176,4,,-1,0.455846,0.455846,10.508365,false,true,false,false,Self ,0,0.000519,1.003991,,0,0,0,0,0,1815,1563,0,
Scan: 941260 Run: DIA12_CV486075:20251228_A2_N1_Mueller_MS_TechHub_IMP_THIDDIAXL003_Cas9_PhoX_DIA12_CV486075_250ng_FAIMS_002 P1_KSEETITPWNFEEVVDKGASAQSFIER P2_FKVLGNTDR 17 2,DIA12_CV486075:20251228_A2_N1_Mueller_MS_TechHub_IMP_THIDDIAXL003_Cas9_PhoX_DIA12_CV486075_250ng_FAIMS_002,941260,,,0,0,-0,0,4,0,0,Q99ZW2,,,false,Q99ZW2,Q99ZW2,,false,FKVLGNTDR,KSEETITPWNFEEVVDKGASAQSFIER,32,468,9,27,2,17,33,484,4,,-1,0.454456,0.454456,10.50489,false,true,false,false,Self ,0,0.00052,1.004325,,0,0,0,0,0,1814,1111,0,
Scan: 1486088 Run: DIA12_CV486075:20251228_A2_N1_Mueller_MS_TechHub_IMP_THIDDIAXL003_Cas9_PhoX_DIA12_CV486075_250ng_FAIMS_003 P1_KDLIIK P2_IEKILTFR 1 3,DIA12_CV486075:20251228_A2_N1_Mueller_MS_TechHub_IMP_THIDDIAXL003_Cas9_PhoX_DIA12_CV486075_250ng_FAIMS_003,1486088,,,0,0,-0,0,3,0,0,Q99ZW2,,,false,Q99ZW2,Q99ZW2,,false,IEKILTFR,KDLIIK,440,1192,8,6,3,1,442,1192,3,,-1,0.452751,0.452751,10.500628,false,true,false,false,Self ,0,0.000521,1.004993,,0,0,0,0,0,1813,1216,0,
Scan: 854669 Run: DIA12_CV486075:20251228_A2_N1_Mueller_MS_TechHub_IMP_THIDDIAXL003_Cas9_PhoX_DIA12_CV486075_250ng_FAIMS_002 P1_YKEIFFDQSK P2_YKEIFFDQSK 2 2,DIA12_CV486075:20251228_A2_N1_Mueller_MS_TechHub_IMP_THIDDIAXL003_Cas9_PhoX_DIA12_CV486075_250ng_FAIMS_002,854669,,,0,0,-0,0,4,0,0,Q99ZW2,,,false,Q99ZW2,Q99ZW2,,false,YKEIFFDQSK,YKEIFFDQSK,347,347,10,10,2,2,348,348,4,,-1,0.450363,0.450363,10.494658,false,true,false,false,Self ,0,0.000523,1.005328,,0,0,0,0,0,1684,241,0,
Scan: 1210608 Run: DIA12_CV486075:20251228_A2_N1_Mueller_MS_TechHub_IMP_THIDDIAXL003_Cas9_PhoX_DIA12_CV486075_250ng_FAIMS_003 P1_SEQEIGKATAK P2_IEKILTFR 7 3,DIA12_CV486075:20251228_A2_N1_Mueller_MS_TechHub_IMP_THIDDIAXL003_Cas9_PhoX_DIA12_CV486075_250ng_FAIMS_003,1210608,,,0,0,-0,0,3,0,0,Q99ZW2,,,false,Q99ZW2,Q99ZW2,,false,IEKILTFR,SEQEIGKATAK,440,1025,8,11,3,7,442,1031,3,,-1,0.449943,0.449943,10.493608,false,true,false,false,Self ,0,0.000524,1.006333,,0,0,0,0,0,1811,1215,0,
Scan: 543320 Run: DIA12_CV486075:20251228_A2_N1_Mueller_MS_TechHub_IMP_THIDDIAXL003_Cas9_PhoX_DIA12_CV486075_250ng_FAIMS_001 P1_KDFQFYK P2_DDSIDNKVLTR 1 7,DIA12_CV486075:20251228_A2_N1_Mueller_MS_TechHub_IMP_THIDDIAXL003_Cas9_PhoX_DIA12_CV486075_250ng_FAIMS_001,543320,,,0,0,-0,0,3,0,0,Q99ZW2,,,false,Q99ZW2,Q99ZW2,,false,DDSIDNKVLTR,KDFQFYK,849,968,11,7,7,1,855,968,3,,-1,0.447643,0.447643,10.487859,false,true,false,false,Self ,0,0.000526,1.006669,,0,0,0,0,0,964,1476,0,
Scan: 902410 Run: DIA12_CV486075:20251228_A2_N1_Mueller_MS_TechHub_IMP_THIDDIAXL003_Cas9_PhoX_DIA12_CV486075_250ng_FAIMS_002 P1_KSEETITPWNFEEVVDK P2_KFKVLGNTDR 1 3,DIA12_CV486075:20251228_A2_N1_Mueller_MS_TechHub_IMP_THIDDIAXL003_Cas9_PhoX_DIA12_CV486075_250ng_FAIMS_002,902410,,,0,0,-0,0,4,0,0,Q99ZW2,,,false,Q99ZW2,Q99ZW2,,false,KFKVLGNTDR,KSEETITPWNFEEVVDK,31,468,10,17,3,1,33,468,4,,-1,0.446203,0.446203,10.484258,false,true,false,false,Self ,0,0.000527,1.006669,,0,0,0,0,0,1809,1214,0,
Scan: 1266215 Run: DIA12_CV486075:20251228_A2_N1_Mueller_MS_TechHub_IMP_THIDDIAXL003_Cas9_PhoX_DIA12_CV486075_250ng_FAIMS_003 P1_KTEVQTGGFSKESILPK P2_KPAFLSGEQK 11 1,DIA12_CV486075:20251228_A2_N1_Mueller_MS_TechHub_IMP_THIDDIAXL003_Cas9_PhoX_DIA12_CV486075_250ng_FAIMS_003,1266215,,,0,0,-0,0,4,0,0,Q99ZW2,,,false,Q99ZW2,Q99ZW2,,false,KPAFLSGEQK,KTEVQTGGFSKESILPK,536,1097,10,17,1,11,536,1107,4,,-1,0.444516,0.444516,10.48004,false,true,false,false,Self ,0,0.000528,1.008013,,0,0,0,0,0,1808,1213,0,
Scan: 72006 Run: DIA12_CV486075:20251228_A2_N1_Mueller_MS_TechHub_IMP_THIDDIAXL003_Cas9_PhoX_DIA12_CV486075_250ng_FAIMS_001 P1_TEVQTGGFSKESILPK P2_KLINGIR 10 1,DIA12_CV486075:20251228_A2_N1_Mueller_MS_TechHub_IMP_THIDDIAXL003_Cas9_PhoX_DIA12_CV486075_250ng_FAIMS_001,72006,,,0,0,-0,0,3,0,0,Q99ZW2,,,false,Q99ZW2,Q99ZW2,,false,KLINGIR,TEVQTGGFSKESILPK,665,1098,7,16,1,10,665,1107,3,,-1,0.444353,0.444353,10.479632,false,true,false,false,Self ,0,0.000528,1.008013,,0,0,0,0,0,1801,1545,0,
Scan: 979363 Run: DIA12_CV486075:20251228_A2_N1_Mueller_MS_TechHub_IMP_THIDDIAXL003_Cas9_PhoX_DIA12_CV486075_250ng_FAIMS_002 P1_YKEIFFDQSK P2_KPAFLSGEQK 2 1,DIA12_CV486075:20251228_A2_N1_Mueller_MS_TechHub_IMP_THIDDIAXL003_Cas9_PhoX_DIA12_CV486075_250ng_FAIMS_002,979363,,,0,0,-0,0,4,0,0,Q99ZW2,,,false,Q99ZW2,Q99ZW2,,false,KPAFLSGEQK,YKEIFFDQSK,536,347,10,10,1,2,536,348,4,,-1,0.44042,0.44042,10.469802,false,true,false,false,Self ,0,0.000532,1.008687,,0,0,0,0,0,1806,1549,0,
Scan: 1300629 Run: DIA12_CV486075:20251228_A2_N1_Mueller_MS_TechHub_IMP_THIDDIAXL003_Cas9_PhoX_DIA12_CV486075_250ng_FAIMS_003 P1_KYGGFDSPTVAYSVLVVAK P2_KPAFLSGEQK 1 1,DIA12_CV486075:20251228_A2_N1_Mueller_MS_TechHub_IMP_THIDDIAXL003_Cas9_PhoX_DIA12_CV486075_250ng_FAIMS_003,1300629,,,0,0,-0,0,4,0,0,Q99ZW2,,,false,Q99ZW2,Q99ZW2,,false,KPAFLSGEQK,KYGGFDSPTVAYSVLVVAK,536,1130,10,19,1,1,536,1130,4,,-1,0.439477,0.439477,10.467444,false,true,false,false,Self ,0,0.000533,1.008687,,0,0,0,0,0,1805,1556,0,
Scan: 161202 Run: DIA12_CV486075:20251228_A2_N1_Mueller_MS_TechHub_IMP_THIDDIAXL003_Cas9_PhoX_DIA12_CV486075_250ng_FAIMS_001 P1_LKGSPEDNEQK P2_KRPLIETNGETGEIVWDK 2 1,DIA12_CV486075:20251228_A2_N1_Mueller_MS_TechHub_IMP_THIDDIAXL003_Cas9_PhoX_DIA12_CV486075_250ng_FAIMS_001,161202,,,0,0,-0,0,4,0,0,Q99ZW2,,,false,Q99ZW2,Q99ZW2,,false,KRPLIETNGETGEIVWDK,LKGSPEDNEQK,1059,1245,18,11,1,2,1059,1246,4,,-1,0.438698,0.438698,10.465497,false,true,false,false,Self ,0,0.000533,1.008687,,0,0,0,0,0,1804,1212,0,
Scan: 20330 Run: DIA12_CV486075:20251228_A2_N1_Mueller_MS_TechHub_IMP_THIDDIAXL003_Cas9_PhoX_DIA12_CV486075_250ng_FAIMS_001 P1_SEQEIGKATAK P2_KRPLIETNGETGEIVWDK 7 1,DIA12_CV486075:20251228_A2_N1_Mueller_MS_TechHub_IMP_THIDDIAXL003_Cas9_PhoX_DIA12_CV486075_250ng_FAIMS_001,20330,,,0,0,-0,0,4,0,0,Q99ZW2,,,false,Q99ZW2,Q99ZW2,,false,KRPLIETNGETGEIVWDK,SEQEIGKATAK,1059,1025,18,11,1,7,1059,1031,4,,-1,0.438088,0.438088,10.46397,false,true,false,false,Self ,0,0.000534,1.009024,,0,0,0,0,0,569,1575,0,
Scan: 1409772 Run: DIA12_CV486075:20251228_A2_N1_Mueller_MS_TechHub_IMP_THIDDIAXL003_Cas9_PhoX_DIA12_CV486075_250ng_FAIMS_003 P1_RLENLIAQLPGEKK P2_KPAFLSGEQK 13 1,DIA12_CV486075:20251228_A2_N1_Mueller_MS_TechHub_IMP_THIDDIAXL003_Cas9_PhoX_DIA12_CV486075_250ng_FAIMS_003,1409772,,,0,0,-0,0,4,0,0,Q99ZW2,,,false,Q99ZW2,Q99ZW2,,false,KPAFLSGEQK,RLENLIAQLPGEKK,536,221,10,14,1,13,536,233,4,,-1,0.437064,0.437064,10.46141,false,true,false,false,Self ,0,0.000535,1.009024,,0,0,0,0,0,1441,537,0,
Scan: 427788 Run: DIA12_CV486075:20251228_A2_N1_Mueller_MS_TechHub_IMP_THIDDIAXL003_Cas9_PhoX_DIA12_CV486075_250ng_FAIMS_001 P1_TEVQTGGFSKESILPK P2_KLINGIR 10 1,DIA12_CV486075:20251228_A2_N1_Mueller_MS_TechHub_IMP_THIDDIAXL003_Cas9_PhoX_DIA12_CV486075_250ng_FAIMS_001,427788,,,0,0,-0,0,4,0,0,Q99ZW2,,,false,Q99ZW2,Q99ZW2,,false,KLINGIR,TEVQTGGFSKESILPK,665,1098,7,16,1,10,665,1107,4,,-1,0.434364,0.434364,10.454661,false,true,false,false,Self ,0,0.000537,1.009699,,0,0,0,0,0,1801,1545,0,
Scan: 374366 Run: DIA12_CV486075:20251228_A2_N1_Mueller_MS_TechHub_IMP_THIDDIAXL003_Cas9_PhoX_DIA12_CV486075_250ng_FAIMS_001 P1_VKYVTEGMR P2_KPAFLSGEQK 2 1,DIA12_CV486075:20251228_A2_N1_Mueller_MS_TechHub_IMP_THIDDIAXL003_Cas9_PhoX_DIA12_CV486075_250ng_FAIMS_001,374366,,,0,0,-0,0,3,0,0,Q99ZW2,,,false,Q99ZW2,Q99ZW2,,false,KPAFLSGEQK,VKYVTEGMR,536,527,10,9,1,2,536,528,3,,-1,0.434272,0.434272,10.454432,false,true,false,false,Self ,0,0.000537,1.009699,,0,0,0,0,0,1800,513,0,
Scan: 1341062 Run: DIA12_CV486075:20251228_A2_N1_Mueller_MS_TechHub_IMP_THIDDIAXL003_Cas9_PhoX_DIA12_CV486075_250ng_FAIMS_003 P1_LPKYSLFELENGR P2_KPAFLSGEQK 3 1,DIA12_CV486075:20251228_A2_N1_Mueller_MS_TechHub_IMP_THIDDIAXL003_Cas9_PhoX_DIA12_CV486075_250ng_FAIMS_003,1341062,,,0,0,-0,0,4,0,0,Q99ZW2,,,false,Q99ZW2,Q99ZW2,,false,KPAFLSGEQK,LPKYSLFELENGR,536,1198,10,13,1,3,536,1200,4,,-1,0.434169,0.434169,10.454174,false,true,false,false,Self ,0,0.000537,1.009699,,0,0,0,0,0,1049,1477,0,
Scan: 439082 Run: DIA12_CV486075:20251228_A2_N1_Mueller_MS_TechHub_IMP_THIDDIAXL003_Cas9_PhoX_DIA12_CV486075_250ng_FAIMS_001 P1_QSGKTILDFLK P2_KDLIIK 4 1,DIA12_CV486075:20251228_A2_N1_Mueller_MS_TechHub_IMP_THIDDIAXL003_Cas9_PhoX_DIA12_CV486075_250ng_FAIMS_001,439082,,,0,0,-0,0,3,0,0,Q99ZW2,,,false,Q99ZW2,Q99ZW2,,false,KDLIIK,QSGKTILDFLK,1192,674,6,11,1,4,1192,677,3,,-1,0.432481,0.432481,10.449954,false,true,false,false,Self ,0,0.000539,1.011052,,0,0,0,0,0,1360,1501,0,
Scan: 709150 Run: DIA12_CV486075:20251228_A2_N1_Mueller_MS_TechHub_IMP_THIDDIAXL003_Cas9_PhoX_DIA12_CV486075_250ng_FAIMS_002 P1_SSFEKNPIDFLEAK P2_NSDKLIAR 5 4,DIA12_CV486075:20251228_A2_N1_Mueller_MS_TechHub_IMP_THIDDIAXL003_Cas9_PhoX_DIA12_CV486075_250ng_FAIMS_002,709150,,,0,0,-0,0,3,0,0,Q99ZW2,,,false,Q99ZW2,Q99ZW2,,false,NSDKLIAR,SSFEKNPIDFLEAK,1115,1172,8,14,4,5,1118,1176,3,,-1,0.431196,0.431196,10.446741,false,true,false,false,Self ,0,0.00054,1.011052,,0,0,0,0,0,1500,1307,0,
Scan: 802252 Run: DIA12_CV486075:20251228_A2_N1_Mueller_MS_TechHub_IMP_THIDDIAXL003_Cas9_PhoX_DIA12_CV486075_250ng_FAIMS_002 P1_KLVDSTDK P2_KFDNLTK 1 1,DIA12_CV486075:20251228_A2_N1_Mueller_MS_TechHub_IMP_THIDDIAXL003_Cas9_PhoX_DIA12_CV486075_250ng_FAIMS_002,802252,,,0,0,-0,0,3,0,0,Q99ZW2,,,false,Q99ZW2,Q99ZW2,,false,KFDNLTK,KLVDSTDK,896,141,7,8,1,1,896,141,3,,-1,0.431119,0.431119,10.446548,false,true,false,false,Self ,0,0.00054,1.011052,,0,0,0,0,0,1796,1211,0,
Scan: 1049354 Run: DIA12_CV486075:20251228_A2_N1_Mueller_MS_TechHub_IMP_THIDDIAXL003_Cas9_PhoX_DIA12_CV486075_250ng_FAIMS_002 P1_TEVQTGGFSKESILPK P2_EDIQKAQVSGQGDSLHEHIANLAGSPAIK 10 5,DIA12_CV486075:20251228_A2_N1_Mueller_MS_TechHub_IMP_THIDDIAXL003_Cas9_PhoX_DIA12_CV486075_250ng_FAIMS_002,1049354,,,0,0,-0,0,5,0,0,Q99ZW2,,,false,Q99ZW2,Q99ZW2,,false,EDIQKAQVSGQGDSLHEHIANLAGSPAIK,TEVQTGGFSKESILPK,706,1098,29,16,5,10,710,1107,5,,-1,0.428541,0.428541,10.440104,false,true,false,false,Self ,0,0.000542,1.012068,,0,0,0,0,0,750,781,0,
Scan: 1502984 Run: DIA12_CV486075:20251228_A2_N1_Mueller_MS_TechHub_IMP_THIDDIAXL003_Cas9_PhoX_DIA12_CV486075_250ng_FAIMS_003 P1_MTNFDKNLPNEK P2_KSEETITPWNFEEVVDK 6 1,DIA12_CV486075:20251228_A2_N1_Mueller_MS_TechHub_IMP_THIDDIAXL003_Cas9_PhoX_DIA12_CV486075_250ng_FAIMS_003,1502984,,,0,0,-0,0,4,0,0,Q99ZW2,,,false,Q99ZW2,Q99ZW2,,false,KSEETITPWNFEEVVDK,MTNFDKNLPNEK,468,495,17,12,1,6,468,500,4,,-1,0.427583,0.427583,10.437709,false,true,false,false,Self ,0,0.000543,1.012408,,0,0,0,0,0,1794,470,0,
Scan: 483805 Run: DIA12_CV486075:20251228_A2_N1_Mueller_MS_TechHub_IMP_THIDDIAXL003_Cas9_PhoX_DIA12_CV486075_250ng_FAIMS_001 P1_KGILQTVK P2_FKVLGNTDR 1 2,DIA12_CV486075:20251228_A2_N1_Mueller_MS_TechHub_IMP_THIDDIAXL003_Cas9_PhoX_DIA12_CV486075_250ng_FAIMS_001,483805,,,0,0,-0,0,3,0,0,Q99ZW2,,,false,Q99ZW2,Q99ZW2,,false,FKVLGNTDR,KGILQTVK,32,735,9,8,2,1,33,735,3,,-1,0.427404,0.427404,10.43726,false,true,false,false,Self ,0,0.000543,1.012408,,0,0,0,0,0,1480,1509,0,
Scan: 839058 Run: DIA12_CV486075:20251228_A2_N1_Mueller_MS_TechHub_IMP_THIDDIAXL003_Cas9_PhoX_DIA12_CV486075_250ng_FAIMS_002 P1_NSDKLIAR P2_FKVLGNTDR 4 2,DIA12_CV486075:20251228_A2_N1_Mueller_MS_TechHub_IMP_THIDDIAXL003_Cas9_PhoX_DIA12_CV486075_250ng_FAIMS_002,839058,,,0,0,-0,0,3,0,0,Q99ZW2,,,false,Q99ZW2,Q99ZW2,,false,FKVLGNTDR,NSDKLIAR,32,1115,9,8,2,4,33,1118,3,,-1,0.426768,0.426768,10.435672,false,true,false,false,Self ,0,0.000543,1.012408,,0,0,0,0,0,1608,593,0,
Scan: 1372524 Run: DIA12_CV486075:20251228_A2_N1_Mueller_MS_TechHub_IMP_THIDDIAXL003_Cas9_PhoX_DIA12_CV486075_250ng_FAIMS_003 P1_KPAFLSGEQK P2_HYLDEIIEQISEFSKR 1 15,DIA12_CV486075:20251228_A2_N1_Mueller_MS_TechHub_IMP_THIDDIAXL003_Cas9_PhoX_DIA12_CV486075_250ng_FAIMS_003,1372524,,,0,0,-0,0,4,0,0,Q99ZW2,,,false,Q99ZW2,Q99ZW2,,false,HYLDEIIEQISEFSKR,KPAFLSGEQK,1264,536,16,10,15,1,1278,536,4,,-1,0.426276,0.426276,10.43444,false,true,false,false,Self ,0,0.000544,1.012747,,0,0,0,0,0,1005,1474,0,
Scan: 83240 Run: DIA12_CV486075:20251228_A2_N1_Mueller_MS_TechHub_IMP_THIDDIAXL003_Cas9_PhoX_DIA12_CV486075_250ng_FAIMS_001 P1_NSDKLIAR P2_KDWDPK 4 1,DIA12_CV486075:20251228_A2_N1_Mueller_MS_TechHub_IMP_THIDDIAXL003_Cas9_PhoX_DIA12_CV486075_250ng_FAIMS_001,83240,,,0,0,-0,0,3,0,0,Q99ZW2,,,false,Q99ZW2,Q99ZW2,,false,KDWDPK,NSDKLIAR,1124,1115,6,8,1,4,1124,1118,3,,-1,0.426211,0.426211,10.434279,false,true,false,false,Self ,0,0.000544,1.012747,,0,0,0,0,0,1611,624,0,
Scan: 381636 Run: DIA12_CV486075:20251228_A2_N1_Mueller_MS_TechHub_IMP_THIDDIAXL003_Cas9_PhoX_DIA12_CV486075_250ng_FAIMS_001 P1_KPAFLSGEQK P2_FKVLGNTDR 1 2,DIA12_CV486075:20251228_A2_N1_Mueller_MS_TechHub_IMP_THIDDIAXL003_Cas9_PhoX_DIA12_CV486075_250ng_FAIMS_001,381636,,,0,0,-0,0,3,0,0,Q99ZW2,,,false,Q99ZW2,Q99ZW2,,false,FKVLGNTDR,KPAFLSGEQK,32,536,9,10,2,1,33,536,3,,-1,0.426137,0.426137,10.434094,false,true,false,false,Self ,0,0.000544,1.012747,,0,0,0,0,0,1789,455,0,
Scan: 62961 Run: DIA12_CV486075:20251228_A2_N1_Mueller_MS_TechHub_IMP_THIDDIAXL003_Cas9_PhoX_DIA12_CV486075_250ng_FAIMS_001 P1_NSDKLIAR P2_KTEVQTGGFSKESILPK 4 11,DIA12_CV486075:20251228_A2_N1_Mueller_MS_TechHub_IMP_THIDDIAXL003_Cas9_PhoX_DIA12_CV486075_250ng_FAIMS_001,62961,,,0,0,-0,0,3,0,0,Q99ZW2,,,false,Q99ZW2,Q99ZW2,,false,KTEVQTGGFSKESILPK,NSDKLIAR,1097,1115,17,8,11,4,1107,1118,3,,-1,0.42548,0.42548,10.432451,false,true,false,false,Self ,0,0.000544,1.012747,,0,0,0,0,0,1435,817,0,
Scan: 1698467 Run: DIA12_CV486075:20251228_A2_N1_Mueller_MS_TechHub_IMP_THIDDIAXL003_Cas9_PhoX_DIA12_CV486075_250ng_FAIMS_003 P1_VVDELVKVMGR P2_KSEETITPWNFEEVVDKGASAQSFIER 7 17,DIA12_CV486075:20251228_A2_N1_Mueller_MS_TechHub_IMP_THIDDIAXL003_Cas9_PhoX_DIA12_CV486075_250ng_FAIMS_003,1698467,,,0,0,-0,0,4,0,0,Q99ZW2,,,false,Q99ZW2,Q99ZW2,,false,KSEETITPWNFEEVVDKGASAQSFIER,VVDELVKVMGR,468,743,27,11,17,7,484,749,4,,-1,0.424848,0.424848,10.43087,false,true,false,false,Self ,0,0.000545,1.013427,,0,0,0,0,0,1787,1147,0,
Scan: 115715 Run: DIA12_CV486075:20251228_A2_N1_Mueller_MS_TechHub_IMP_THIDDIAXL003_Cas9_PhoX_DIA12_CV486075_250ng_FAIMS_001 P1_YKEIFFDQSK P2_SSFEKNPIDFLEAK 2 5,DIA12_CV486075:20251228_A2_N1_Mueller_MS_TechHub_IMP_THIDDIAXL003_Cas9_PhoX_DIA12_CV486075_250ng_FAIMS_001,115715,,,0,0,-0,0,4,0,0,Q99ZW2,,,false,Q99ZW2,Q99ZW2,,false,SSFEKNPIDFLEAK,YKEIFFDQSK,1172,347,14,10,5,2,1176,348,4,,-1,0.423028,0.423028,10.42632,false,true,false,false,Self ,0,0.000547,1.013768,,0,0,0,0,0,1786,1558,0,
Scan: 40164 Run: DIA12_CV486075:20251228_A2_N1_Mueller_MS_TechHub_IMP_THIDDIAXL003_Cas9_PhoX_DIA12_CV486075_250ng_FAIMS_001 P1_KTEVQTGGFSK P2_EDIQKAQVSGQGDSLHEHIANLAGSPAIK 1 5,DIA12_CV486075:20251228_A2_N1_Mueller_MS_TechHub_IMP_THIDDIAXL003_Cas9_PhoX_DIA12_CV486075_250ng_FAIMS_001,40164,,,0,0,-0,0,4,0,0,Q99ZW2,,,false,Q99ZW2,Q99ZW2,,false,EDIQKAQVSGQGDSLHEHIANLAGSPAIK,KTEVQTGGFSK,706,1097,29,11,5,1,710,1097,4,,-1,0.421041,0.421041,10.421354,false,true,false,false,Self ,0,0.000548,1.014108,,0,0,0,0,0,1785,1547,0,
Scan: 1542573 Run: DIA12_CV486075:20251228_A2_N1_Mueller_MS_TechHub_IMP_THIDDIAXL003_Cas9_PhoX_DIA12_CV486075_250ng_FAIMS_003 P1_KSEETITPWNFEEVVDKGASAQSFIER P2_KPAFLSGEQK 17 1,DIA12_CV486075:20251228_A2_N1_Mueller_MS_TechHub_IMP_THIDDIAXL003_Cas9_PhoX_DIA12_CV486075_250ng_FAIMS_003,1542573,,,0,0,-0,0,4,0,0,Q99ZW2,,,false,Q99ZW2,Q99ZW2,,false,KPAFLSGEQK,KSEETITPWNFEEVVDKGASAQSFIER,536,468,10,27,1,17,536,484,4,,-1,0.417511,0.417511,10.412529,false,true,false,false,Self ,0,0.000551,1.014449,,0,0,0,0,0,1784,1148,0,
Scan: 857067 Run: DIA12_CV486075:20251228_A2_N1_Mueller_MS_TechHub_IMP_THIDDIAXL003_Cas9_PhoX_DIA12_CV486075_250ng_FAIMS_002 P1_YKEIFFDQSK P2_KAIVDLLFK 2 1,DIA12_CV486075:20251228_A2_N1_Mueller_MS_TechHub_IMP_THIDDIAXL003_Cas9_PhoX_DIA12_CV486075_250ng_FAIMS_002,857067,,,0,0,-0,0,3,0,0,Q99ZW2,,,false,Q99ZW2,Q99ZW2,,false,KAIVDLLFK,YKEIFFDQSK,546,347,9,10,1,2,546,348,3,,-1,0.415816,0.415816,10.408292,false,true,false,false,Self ,0,0.000553,1.015131,,0,0,0,0,0,1059,1473,0,
Scan: 256992 Run: DIA12_CV486075:20251228_A2_N1_Mueller_MS_TechHub_IMP_THIDDIAXL003_Cas9_PhoX_DIA12_CV486075_250ng_FAIMS_001 P1_YKEIFFDQSK P2_FKVLGNTDR 2 2,DIA12_CV486075:20251228_A2_N1_Mueller_MS_TechHub_IMP_THIDDIAXL003_Cas9_PhoX_DIA12_CV486075_250ng_FAIMS_001,256992,,,0,0,-0,0,3,0,0,Q99ZW2,,,false,Q99ZW2,Q99ZW2,,false,FKVLGNTDR,YKEIFFDQSK,32,347,9,10,2,2,33,348,3,,-1,0.415779,0.415779,10.4082,false,true,false,false,Self ,0,0.000553,1.015131,,0,0,0,0,0,1782,1548,0,
Scan: 590022 Run: DIA12_CV486075:20251228_A2_N1_Mueller_MS_TechHub_IMP_THIDDIAXL003_Cas9_PhoX_DIA12_CV486075_250ng_FAIMS_001 P1_SKLVSDFR P2_EVKVITLK 2 3,DIA12_CV486075:20251228_A2_N1_Mueller_MS_TechHub_IMP_THIDDIAXL003_Cas9_PhoX_DIA12_CV486075_250ng_FAIMS_001,590022,,,0,0,-0,0,3,0,0,Q99ZW2,,,false,Q99ZW2,Q99ZW2,,false,EVKVITLK,SKLVSDFR,952,960,8,8,3,2,954,961,3,,-1,0.415766,0.415766,10.408167,false,true,false,false,Self ,0,0.000553,1.015131,,0,0,0,0,0,671,738,0,
Scan: 1507469 Run: DIA12_CV486075:20251228_A2_N1_Mueller_MS_TechHub_IMP_THIDDIAXL003_Cas9_PhoX_DIA12_CV486075_250ng_FAIMS_003 P1_KSEETITPWNFEEVVDK P2_KGILQTVK 1 1,DIA12_CV486075:20251228_A2_N1_Mueller_MS_TechHub_IMP_THIDDIAXL003_Cas9_PhoX_DIA12_CV486075_250ng_FAIMS_003,1507469,,,0,0,-0,0,3,0,0,Q99ZW2,,,false,Q99ZW2,Q99ZW2,,false,KGILQTVK,KSEETITPWNFEEVVDK,735,468,8,17,1,1,735,468,3,,-1,0.413116,0.413116,10.40154,false,true,false,false,Self ,0,0.000555,1.015814,,0,0,0,0,0,1620,1515,0,
Scan: 1775635 Run: DIA12_CV486075:20251228_A2_N1_Mueller_MS_TechHub_IMP_THIDDIAXL003_Cas9_PhoX_DIA12_CV486075_250ng_FAIMS_003 P1_MNTKYDENDKLIR P2_KSEETITPWNFEEVVDK 4 1,DIA12_CV486075:20251228_A2_N1_Mueller_MS_TechHub_IMP_THIDDIAXL003_Cas9_PhoX_DIA12_CV486075_250ng_FAIMS_003,1775635,,,0,0,-0,0,4,0,0,Q99ZW2,,,false,Q99ZW2,Q99ZW2,,false,KSEETITPWNFEEVVDK,MNTKYDENDKLIR,468,939,17,13,1,4,468,942,4,,-1,0.41248,0.41248,10.39995,false,true,false,false,Self ,0,0.000555,1.015814,,0,0,0,0,0,1779,1120,0,
Scan: 410761 Run: DIA12_CV486075:20251228_A2_N1_Mueller_MS_TechHub_IMP_THIDDIAXL003_Cas9_PhoX_DIA12_CV486075_250ng_FAIMS_001 P1_KVTVK P2_KVTVK 1 1,DIA12_CV486075:20251228_A2_N1_Mueller_MS_TechHub_IMP_THIDDIAXL003_Cas9_PhoX_DIA12_CV486075_250ng_FAIMS_001,410761,,,0,0,-0,0,3,0,0,Q99ZW2,,,false,Q99ZW2,Q99ZW2,,false,KVTVK,KVTVK,558,558,5,5,1,1,558,558,3,,-1,0.412363,0.412363,10.399659,false,true,false,false,Self ,0,0.000556,1.015814,,0,0,0,0,0,693,1452,0,
Scan: 1497042 Run: DIA12_CV486075:20251228_A2_N1_Mueller_MS_TechHub_IMP_THIDDIAXL003_Cas9_PhoX_DIA12_CV486075_250ng_FAIMS_003 P1_KSEETITPWNFEEVVDK P2_KDLIIK 1 1,DIA12_CV486075:20251228_A2_N1_Mueller_MS_TechHub_IMP_THIDDIAXL003_Cas9_PhoX_DIA12_CV486075_250ng_FAIMS_003,1497042,,,0,0,-0,0,4,0,0,Q99ZW2,,,false,Q99ZW2,Q99ZW2,,false,KDLIIK,KSEETITPWNFEEVVDK,1192,468,6,17,1,1,1192,468,4,,-1,0.411875,0.411875,10.398439,false,true,false,false,Self ,0,0.000556,1.015814,,0,0,0,0,0,1238,1485,0,
Scan: 502554 Run: DIA12_CV486075:20251228_A2_N1_Mueller_MS_TechHub_IMP_THIDDIAXL003_Cas9_PhoX_DIA12_CV486075_250ng_FAIMS_001 P1_VVDELVKVMGR P2_FKVLGNTDR 7 2,DIA12_CV486075:20251228_A2_N1_Mueller_MS_TechHub_IMP_THIDDIAXL003_Cas9_PhoX_DIA12_CV486075_250ng_FAIMS_001,502554,,,0,0,-0,0,3,0,0,Q99ZW2,,,false,Q99ZW2,Q99ZW2,,false,FKVLGNTDR,VVDELVKVMGR,32,743,9,11,2,7,33,749,3,,-1,0.41138,0.41138,10.397202,false,true,false,false,Self ,0,0.000556,1.016156,,0,0,0,0,0,1565,1514,0,
Scan: 981226 Run: DIA12_CV486075:20251228_A2_N1_Mueller_MS_TechHub_IMP_THIDDIAXL003_Cas9_PhoX_DIA12_CV486075_250ng_FAIMS_002 P1_VLPKHSLLYEYFTVYNELTK P2_KPAFLSGEQK 4 1,DIA12_CV486075:20251228_A2_N1_Mueller_MS_TechHub_IMP_THIDDIAXL003_Cas9_PhoX_DIA12_CV486075_250ng_FAIMS_002,981226,,,0,0,-0,0,4,0,0,Q99ZW2,,,false,Q99ZW2,Q99ZW2,,false,KPAFLSGEQK,VLPKHSLLYEYFTVYNELTK,536,507,10,20,1,4,536,510,4,,-1,0.411035,0.411035,10.396339,false,true,false,false,Self ,0,0.000557,1.016156,,0,0,0,0,0,1775,1206,0,
Scan: 1544083 Run: DIA12_CV486075:20251228_A2_N1_Mueller_MS_TechHub_IMP_THIDDIAXL003_Cas9_PhoX_DIA12_CV486075_250ng_FAIMS_003 P1_KSEETITPWNFEEVVDKGASAQSFIER P2_KLINGIR 17 1,DIA12_CV486075:20251228_A2_N1_Mueller_MS_TechHub_IMP_THIDDIAXL003_Cas9_PhoX_DIA12_CV486075_250ng_FAIMS_003,1544083,,,0,0,-0,0,5,0,0,Q99ZW2,,,false,Q99ZW2,Q99ZW2,,false,KLINGIR,KSEETITPWNFEEVVDKGASAQSFIER,665,468,7,27,1,17,665,484,5,,-1,0.410638,0.410638,10.395346,false,true,false,false,Self ,0,0.000557,1.016156,,0,0,0,0,0,1725,1459,0,
Scan: 537530 Run: DIA12_CV486075:20251228_A2_N1_Mueller_MS_TechHub_IMP_THIDDIAXL003_Cas9_PhoX_DIA12_CV486075_250ng_FAIMS_001 P1_QITKHVAQILDSR P2_EHPVENTQLQNEKLYLYYLQNGR 4 13,DIA12_CV486075:20251228_A2_N1_Mueller_MS_TechHub_IMP_THIDDIAXL003_Cas9_PhoX_DIA12_CV486075_250ng_FAIMS_001,537530,,,0,0,-0,0,5,0,0,Q99ZW2,,,false,Q99ZW2,Q99ZW2,,false,EHPVENTQLQNEKLYLYYLQNGR,QITKHVAQILDSR,798,926,23,13,13,4,810,929,5,,-1,0.410505,0.410505,10.395014,false,true,false,false,Self ,0,0.000557,1.016156,,0,0,0,0,0,1773,1205,0,
Scan: 242680 Run: DIA12_CV486075:20251228_A2_N1_Mueller_MS_TechHub_IMP_THIDDIAXL003_Cas9_PhoX_DIA12_CV486075_250ng_FAIMS_001 P1_FKVLGNTDR P2_FKVLGNTDR 2 2,DIA12_CV486075:20251228_A2_N1_Mueller_MS_TechHub_IMP_THIDDIAXL003_Cas9_PhoX_DIA12_CV486075_250ng_FAIMS_001,242680,,,0,0,-0,0,3,0,0,Q99ZW2,,,false,Q99ZW2,Q99ZW2,,false,FKVLGNTDR,FKVLGNTDR,32,32,9,9,2,2,33,33,3,,-1,0.410205,0.410205,10.394264,false,true,false,false,Self ,0,0.000557,1.016156,,0,0,0,0,0,1539,209,0,
Scan: 1626021 Run: DIA12_CV486075:20251228_A2_N1_Mueller_MS_TechHub_IMP_THIDDIAXL003_Cas9_PhoX_DIA12_CV486075_250ng_FAIMS_003 P1_KLINGIR P2_EDIQKAQVSGQGDSLHEHIANLAGSPAIKK 1 5,DIA12_CV486075:20251228_A2_N1_Mueller_MS_TechHub_IMP_THIDDIAXL003_Cas9_PhoX_DIA12_CV486075_250ng_FAIMS_003,1626021,,,0,0,-0,0,6,0,0,Q99ZW2,,,false,Q99ZW2,Q99ZW2,,false,EDIQKAQVSGQGDSLHEHIANLAGSPAIKK,KLINGIR,706,665,30,7,5,1,710,665,6,,-1,0.409671,0.409671,10.392928,false,true,false,false,Self ,0,0.000558,1.016156,,0,0,0,0,0,1771,1546,0,
Scan: 1234833 Run: DIA12_CV486075:20251228_A2_N1_Mueller_MS_TechHub_IMP_THIDDIAXL003_Cas9_PhoX_DIA12_CV486075_250ng_FAIMS_003 P1_KTEVQTGGFSK P2_KLINGIR 1 1,DIA12_CV486075:20251228_A2_N1_Mueller_MS_TechHub_IMP_THIDDIAXL003_Cas9_PhoX_DIA12_CV486075_250ng_FAIMS_003,1234833,,,0,0,-0,0,3,0,0,Q99ZW2,,,false,Q99ZW2,Q99ZW2,,false,KLINGIR,KTEVQTGGFSK,665,1097,7,11,1,1,665,1097,3,,-1,0.408997,0.408997,10.391242,false,true,false,false,Self ,0,0.000558,1.016498,,0,0,0,0,0,1770,1204,0,
Scan: 254228 Run: DIA12_CV486075:20251228_A2_N1_Mueller_MS_TechHub_IMP_THIDDIAXL003_Cas9_PhoX_DIA12_CV486075_250ng_FAIMS_001 P1_YKEIFFDQSK P2_LEESFLVEEDKK 2 11,DIA12_CV486075:20251228_A2_N1_Mueller_MS_TechHub_IMP_THIDDIAXL003_Cas9_PhoX_DIA12_CV486075_250ng_FAIMS_001,254228,,,0,0,-0,0,3,0,0,Q99ZW2,,,false,Q99ZW2,Q99ZW2,,false,LEESFLVEEDKK,YKEIFFDQSK,101,347,12,10,11,2,111,348,3,,-1,0.408807,0.408807,10.39077,false,true,false,false,Self ,0,0.000559,1.016498,,0,0,0,0,0,666,242,0,
Scan: 118044 Run: DIA12_CV486075:20251228_A2_N1_Mueller_MS_TechHub_IMP_THIDDIAXL003_Cas9_PhoX_DIA12_CV486075_250ng_FAIMS_001 P1_VKYVTEGMR P2_SSFEKNPIDFLEAK 2 5,DIA12_CV486075:20251228_A2_N1_Mueller_MS_TechHub_IMP_THIDDIAXL003_Cas9_PhoX_DIA12_CV486075_250ng_FAIMS_001,118044,,,0,0,-0,0,3,0,0,Q99ZW2,,,false,Q99ZW2,Q99ZW2,,false,SSFEKNPIDFLEAK,VKYVTEGMR,1172,527,14,9,5,2,1176,528,3,,-1,0.407902,0.407902,10.388506,false,true,false,false,Self ,0,0.000559,1.016841,,0,0,0,0,0,51,1417,0,
Scan: 1739127 Run: DIA12_CV486075:20251228_A2_N1_Mueller_MS_TechHub_IMP_THIDDIAXL003_Cas9_PhoX_DIA12_CV486075_250ng_FAIMS_003 P1_SEQEIGKATAK P2_GKSDNVPSEEVVK 7 2,DIA12_CV486075:20251228_A2_N1_Mueller_MS_TechHub_IMP_THIDDIAXL003_Cas9_PhoX_DIA12_CV486075_250ng_FAIMS_003,1739127,,,0,0,-0,0,3,0,0,Q99ZW2,,,false,Q99ZW2,Q99ZW2,,false,GKSDNVPSEEVVK,SEQEIGKATAK,865,1025,13,11,2,7,866,1031,3,,-1,0.407871,0.407871,10.388428,false,true,false,false,Self ,0,0.000559,1.016841,,0,0,0,0,0,1767,1203,0,
Scan: 977377 Run: DIA12_CV486075:20251228_A2_N1_Mueller_MS_TechHub_IMP_THIDDIAXL003_Cas9_PhoX_DIA12_CV486075_250ng_FAIMS_002 P1_LKGSPEDNEQK P2_KPAFLSGEQK 2 1,DIA12_CV486075:20251228_A2_N1_Mueller_MS_TechHub_IMP_THIDDIAXL003_Cas9_PhoX_DIA12_CV486075_250ng_FAIMS_002,977377,,,0,0,-0,0,3,0,0,Q99ZW2,,,false,Q99ZW2,Q99ZW2,,false,KPAFLSGEQK,LKGSPEDNEQK,536,1245,10,11,1,2,536,1246,3,,-1,0.406868,0.406868,10.385922,false,true,false,false,Self ,0,0.00056,1.016841,,0,0,0,0,0,1766,1202,0,
Scan: 36627 Run: DIA12_CV486075:20251228_A2_N1_Mueller_MS_TechHub_IMP_THIDDIAXL003_Cas9_PhoX_DIA12_CV486075_250ng_FAIMS_001 P1_SSFEKNPIDFLEAK P2_KTEVQTGGFSK 5 1,DIA12_CV486075:20251228_A2_N1_Mueller_MS_TechHub_IMP_THIDDIAXL003_Cas9_PhoX_DIA12_CV486075_250ng_FAIMS_001,36627,,,0,0,-0,0,3,0,0,Q99ZW2,,,false,Q99ZW2,Q99ZW2,,false,KTEVQTGGFSK,SSFEKNPIDFLEAK,1097,1172,11,14,1,5,1097,1176,3,,-1,0.405951,0.405951,10.383628,false,true,false,false,Self ,0,0.000561,1.017183,,0,0,0,0,0,1544,1508,0,
Scan: 689381 Run: DIA12_CV486075:20251228_A2_N1_Mueller_MS_TechHub_IMP_THIDDIAXL003_Cas9_PhoX_DIA12_CV486075_250ng_FAIMS_002 P1_NSDKLIAR P2_KGILQTVK 4 1,DIA12_CV486075:20251228_A2_N1_Mueller_MS_TechHub_IMP_THIDDIAXL003_Cas9_PhoX_DIA12_CV486075_250ng_FAIMS_002,689381,,,0,0,-0,0,3,0,0,Q99ZW2,,,false,Q99ZW2,Q99ZW2,,false,KGILQTVK,NSDKLIAR,735,1115,8,8,1,4,735,1118,3,,-1,0.40521,0.40521,10.381776,false,true,false,false,Self ,0,0.000562,1.017183,,0,0,0,0,0,1294,1488,0,
Scan: 1261090 Run: DIA12_CV486075:20251228_A2_N1_Mueller_MS_TechHub_IMP_THIDDIAXL003_Cas9_PhoX_DIA12_CV486075_250ng_FAIMS_003 P1_KYGGFDSPTVAYSVLVVAK P2_KTEVQTGGFSKESILPK 1 11,DIA12_CV486075:20251228_A2_N1_Mueller_MS_TechHub_IMP_THIDDIAXL003_Cas9_PhoX_DIA12_CV486075_250ng_FAIMS_003,1261090,,,0,0,-0,0,4,0,0,Q99ZW2,,,false,Q99ZW2,Q99ZW2,,false,KTEVQTGGFSKESILPK,KYGGFDSPTVAYSVLVVAK,1097,1130,17,19,11,1,1107,1130,4,,-1,0.40327,0.40327,10.376926,false,true,false,false,Self ,0,0.000563,1.017869,,0,0,0,0,0,1763,1201,0,
Scan: 1561167 Run: DIA12_CV486075:20251228_A2_N1_Mueller_MS_TechHub_IMP_THIDDIAXL003_Cas9_PhoX_DIA12_CV486075_250ng_FAIMS_003 P1_YDENDKLIR P2_VLPKHSLLYEYFTVYNELTK 6 4,DIA12_CV486075:20251228_A2_N1_Mueller_MS_TechHub_IMP_THIDDIAXL003_Cas9_PhoX_DIA12_CV486075_250ng_FAIMS_003,1561167,,,0,0,-0,0,4,0,0,Q99ZW2,,,false,Q99ZW2,Q99ZW2,,false,VLPKHSLLYEYFTVYNELTK,YDENDKLIR,507,943,20,9,4,6,510,948,4,,-1,0.402986,0.402986,10.376216,false,true,false,false,Self ,0,0.000564,1.018212,,0,0,0,0,0,1762,1200,0,
Scan: 310691 Run: DIA12_CV486075:20251228_A2_N1_Mueller_MS_TechHub_IMP_THIDDIAXL003_Cas9_PhoX_DIA12_CV486075_250ng_FAIMS_001 P1_KSEETITPWNFEEVVDK P2_KLINGIR 1 1,DIA12_CV486075:20251228_A2_N1_Mueller_MS_TechHub_IMP_THIDDIAXL003_Cas9_PhoX_DIA12_CV486075_250ng_FAIMS_001,310691,,,0,0,-0,0,3,0,0,Q99ZW2,,,false,Q99ZW2,Q99ZW2,,false,KLINGIR,KSEETITPWNFEEVVDK,665,468,7,17,1,1,665,468,3,,-1,0.39961,0.39961,10.367775,false,true,false,false,Self ,0,0.000566,1.018212,,0,0,0,0,0,1761,424,0,
Scan: 429556 Run: DIA12_CV486075:20251228_A2_N1_Mueller_MS_TechHub_IMP_THIDDIAXL003_Cas9_PhoX_DIA12_CV486075_250ng_FAIMS_001 P1_KLINGIR P2_FKVLGNTDR 1 2,DIA12_CV486075:20251228_A2_N1_Mueller_MS_TechHub_IMP_THIDDIAXL003_Cas9_PhoX_DIA12_CV486075_250ng_FAIMS_001,429556,,,0,0,-0,0,3,0,0,Q99ZW2,,,false,Q99ZW2,Q99ZW2,,false,FKVLGNTDR,KLINGIR,32,665,9,7,2,1,33,665,3,,-1,0.399568,0.399568,10.367671,false,true,false,false,Self ,0,0.000566,1.018212,,0,0,0,0,0,1760,1199,0,
Scan: 260314 Run: DIA12_CV486075:20251228_A2_N1_Mueller_MS_TechHub_IMP_THIDDIAXL003_Cas9_PhoX_DIA12_CV486075_250ng_FAIMS_001 P1_YKEIFFDQSK P2_KLINGIR 2 1,DIA12_CV486075:20251228_A2_N1_Mueller_MS_TechHub_IMP_THIDDIAXL003_Cas9_PhoX_DIA12_CV486075_250ng_FAIMS_001,260314,,,0,0,-0,0,3,0,0,Q99ZW2,,,false,Q99ZW2,Q99ZW2,,false,KLINGIR,YKEIFFDQSK,665,347,7,10,1,2,665,348,3,,-1,0.398864,0.398864,10.365912,false,true,false,false,Self ,0,0.000567,1.018556,,0,0,0,0,0,479,1438,0,
Scan: 143264 Run: DIA12_CV486075:20251228_A2_N1_Mueller_MS_TechHub_IMP_THIDDIAXL003_Cas9_PhoX_DIA12_CV486075_250ng_FAIMS_001 P1_LPKYSLFELENGR P2_KKDWDPK 3 1,DIA12_CV486075:20251228_A2_N1_Mueller_MS_TechHub_IMP_THIDDIAXL003_Cas9_PhoX_DIA12_CV486075_250ng_FAIMS_001,143264,,,0,0,-0,0,3,0,0,Q99ZW2,,,false,Q99ZW2,Q99ZW2,,false,KKDWDPK,LPKYSLFELENGR,1123,1198,7,13,1,3,1123,1200,3,,-1,0.398493,0.398493,10.364983,false,true,false,false,Self ,0,0.000567,1.018556,,0,0,0,0,0,848,1455,0,
Scan: 225176 Run: DIA12_CV486075:20251228_A2_N1_Mueller_MS_TechHub_IMP_THIDDIAXL003_Cas9_PhoX_DIA12_CV486075_250ng_FAIMS_001 P1_SNFDLAEDAKLQLSK P2_NSDKLIAR 10 4,DIA12_CV486075:20251228_A2_N1_Mueller_MS_TechHub_IMP_THIDDIAXL003_Cas9_PhoX_DIA12_CV486075_250ng_FAIMS_001,225176,,,0,0,-0,0,4,0,0,Q99ZW2,,,false,Q99ZW2,Q99ZW2,,false,NSDKLIAR,SNFDLAEDAKLQLSK,1115,254,8,15,4,10,1118,263,4,,-1,0.397593,0.397593,10.362734,false,true,false,false,Self ,0,0.000568,1.0189,,0,0,0,0,0,1097,1469,0,
Scan: 1305590 Run: DIA12_CV486075:20251228_A2_N1_Mueller_MS_TechHub_IMP_THIDDIAXL003_Cas9_PhoX_DIA12_CV486075_250ng_FAIMS_003 P1_SSFEKNPIDFLEAK P2_SEQEIGKATAK 5 7,DIA12_CV486075:20251228_A2_N1_Mueller_MS_TechHub_IMP_THIDDIAXL003_Cas9_PhoX_DIA12_CV486075_250ng_FAIMS_003,1305590,,,0,0,-0,0,3,0,0,Q99ZW2,,,false,Q99ZW2,Q99ZW2,,false,SEQEIGKATAK,SSFEKNPIDFLEAK,1025,1172,11,14,7,5,1031,1176,3,,-1,0.396273,0.396273,10.359433,false,true,false,false,Self ,0,0.000569,1.019588,,0,0,0,0,0,1756,1198,0,
Scan: 1383725 Run: DIA12_CV486075:20251228_A2_N1_Mueller_MS_TechHub_IMP_THIDDIAXL003_Cas9_PhoX_DIA12_CV486075_250ng_FAIMS_003 P1_KLVDSTDK P2_HPIFGNIVDEVAYHEKYPTIYHLR 1 16,DIA12_CV486075:20251228_A2_N1_Mueller_MS_TechHub_IMP_THIDDIAXL003_Cas9_PhoX_DIA12_CV486075_250ng_FAIMS_003,1383725,,,0,0,-0,0,6,0,0,Q99ZW2,,,false,Q99ZW2,Q99ZW2,,false,HPIFGNIVDEVAYHEKYPTIYHLR,KLVDSTDK,116,141,24,8,16,1,131,141,6,,-1,0.395778,0.395778,10.358196,false,true,false,false,Self ,0,0.00057,1.019932,,0,0,0,0,0,1733,1220,0,
Scan: 1507808 Run: DIA12_CV486075:20251228_A2_N1_Mueller_MS_TechHub_IMP_THIDDIAXL003_Cas9_PhoX_DIA12_CV486075_250ng_FAIMS_003 P1_KSEETITPWNFEEVVDK P2_GILQTVKVVDELVK 1 7,DIA12_CV486075:20251228_A2_N1_Mueller_MS_TechHub_IMP_THIDDIAXL003_Cas9_PhoX_DIA12_CV486075_250ng_FAIMS_003,1507808,,,0,0,-0,0,4,0,0,Q99ZW2,,,false,Q99ZW2,Q99ZW2,,false,GILQTVKVVDELVK,KSEETITPWNFEEVVDK,736,468,14,17,7,1,742,468,4,,-1,0.394109,0.394109,10.354023,false,true,false,false,Self ,0,0.000571,1.019932,,0,0,0,0,0,1754,1015,0,
Scan: 40843 Run: DIA12_CV486075:20251228_A2_N1_Mueller_MS_TechHub_IMP_THIDDIAXL003_Cas9_PhoX_DIA12_CV486075_250ng_FAIMS_001 P1_KTEVQTGGFSK P2_GILQTVKVVDELVK 1 7,DIA12_CV486075:20251228_A2_N1_Mueller_MS_TechHub_IMP_THIDDIAXL003_Cas9_PhoX_DIA12_CV486075_250ng_FAIMS_001,40843,,,0,0,-0,0,4,0,0,Q99ZW2,,,false,Q99ZW2,Q99ZW2,,false,GILQTVKVVDELVK,KTEVQTGGFSK,736,1097,14,11,7,1,742,1097,4,,-1,0.39358,0.39358,10.352702,false,true,false,false,Self ,0,0.000571,1.019932,,0,0,0,0,0,1753,1381,0,
Scan: 975796 Run: DIA12_CV486075:20251228_A2_N1_Mueller_MS_TechHub_IMP_THIDDIAXL003_Cas9_PhoX_DIA12_CV486075_250ng_FAIMS_002 P1_KPAFLSGEQK P2_KKDWDPK 1 1,DIA12_CV486075:20251228_A2_N1_Mueller_MS_TechHub_IMP_THIDDIAXL003_Cas9_PhoX_DIA12_CV486075_250ng_FAIMS_002,975796,,,0,0,-0,0,3,0,0,Q99ZW2,,,false,Q99ZW2,Q99ZW2,,false,KKDWDPK,KPAFLSGEQK,1123,536,7,10,1,1,1123,536,3,,-1,0.392926,0.392926,10.351065,false,true,false,false,Self ,0,0.000572,1.020967,,0,0,0,0,0,1002,539,0,
Scan: 1192194 Run: DIA12_CV486075:20251228_A2_N1_Mueller_MS_TechHub_IMP_THIDDIAXL003_Cas9_PhoX_DIA12_CV486075_250ng_FAIMS_002 P1_SKLVSDFR P2_KDFQFYK 2 1,DIA12_CV486075:20251228_A2_N1_Mueller_MS_TechHub_IMP_THIDDIAXL003_Cas9_PhoX_DIA12_CV486075_250ng_FAIMS_002,1192194,,,0,0,-0,0,4,0,0,Q99ZW2,,,false,Q99ZW2,Q99ZW2,,false,KDFQFYK,SKLVSDFR,968,960,7,8,1,2,968,961,4,,-1,0.390015,0.390015,10.343789,false,true,false,false,Self ,0,0.000575,1.021313,,0,0,0,0,0,1751,1543,0,
Scan: 115536 Run: DIA12_CV486075:20251228_A2_N1_Mueller_MS_TechHub_IMP_THIDDIAXL003_Cas9_PhoX_DIA12_CV486075_250ng_FAIMS_001 P1_SSFEKNPIDFLEAK P2_FKVLGNTDR 5 2,DIA12_CV486075:20251228_A2_N1_Mueller_MS_TechHub_IMP_THIDDIAXL003_Cas9_PhoX_DIA12_CV486075_250ng_FAIMS_001,115536,,,0,0,-0,0,4,0,0,Q99ZW2,,,false,Q99ZW2,Q99ZW2,,false,FKVLGNTDR,SSFEKNPIDFLEAK,32,1172,9,14,2,5,33,1176,4,,-1,0.387193,0.387193,10.336734,false,true,false,false,Self ,0,0.000577,1.02235,,0,0,0,0,0,1484,1499,0,
Scan: 244342 Run: DIA12_CV486075:20251228_A2_N1_Mueller_MS_TechHub_IMP_THIDDIAXL003_Cas9_PhoX_DIA12_CV486075_250ng_FAIMS_001 P1_KAIVDLLFK P2_FKVLGNTDR 1 2,DIA12_CV486075:20251228_A2_N1_Mueller_MS_TechHub_IMP_THIDDIAXL003_Cas9_PhoX_DIA12_CV486075_250ng_FAIMS_001,244342,,,0,0,-0,0,3,0,0,Q99ZW2,,,false,Q99ZW2,Q99ZW2,,false,FKVLGNTDR,KAIVDLLFK,32,546,9,9,2,1,33,546,3,,-1,0.387123,0.387123,10.336559,false,true,false,false,Self ,0,0.000577,1.02235,,0,0,0,0,0,1718,1521,0,
Scan: 979994 Run: DIA12_CV486075:20251228_A2_N1_Mueller_MS_TechHub_IMP_THIDDIAXL003_Cas9_PhoX_DIA12_CV486075_250ng_FAIMS_002 P1_RQEDFYPFLKDNR P2_KPAFLSGEQK 10 1,DIA12_CV486075:20251228_A2_N1_Mueller_MS_TechHub_IMP_THIDDIAXL003_Cas9_PhoX_DIA12_CV486075_250ng_FAIMS_002,979994,,,0,0,-0,0,4,0,0,Q99ZW2,,,false,Q99ZW2,Q99ZW2,,false,KPAFLSGEQK,RQEDFYPFLKDNR,536,425,10,13,1,10,536,434,4,,-1,0.387015,0.387015,10.33629,false,true,false,false,Self ,0,0.000577,1.02235,,0,0,0,0,0,89,1409,0,
Scan: 103843 Run: DIA12_CV486075:20251228_A2_N1_Mueller_MS_TechHub_IMP_THIDDIAXL003_Cas9_PhoX_DIA12_CV486075_250ng_FAIMS_001 P1_NSDKLIAR P2_KYGGFDSPTVAYSVLVVAK 4 1,DIA12_CV486075:20251228_A2_N1_Mueller_MS_TechHub_IMP_THIDDIAXL003_Cas9_PhoX_DIA12_CV486075_250ng_FAIMS_001,103843,,,0,0,-0,0,3,0,0,Q99ZW2,,,false,Q99ZW2,Q99ZW2,,false,KYGGFDSPTVAYSVLVVAK,NSDKLIAR,1130,1115,19,8,1,4,1130,1118,3,,-1,0.384405,0.384405,10.329764,false,true,false,false,Self ,0,0.000579,1.024432,,0,0,0,0,0,1464,1295,0,
Scan: 300175 Run: DIA12_CV486075:20251228_A2_N1_Mueller_MS_TechHub_IMP_THIDDIAXL003_Cas9_PhoX_DIA12_CV486075_250ng_FAIMS_001 P1_KTEVQTGGFSKESILPK P2_KSEETITPWNFEEVVDK 11 1,DIA12_CV486075:20251228_A2_N1_Mueller_MS_TechHub_IMP_THIDDIAXL003_Cas9_PhoX_DIA12_CV486075_250ng_FAIMS_001,300175,,,0,0,-0,0,4,0,0,Q99ZW2,,,false,Q99ZW2,Q99ZW2,,false,KSEETITPWNFEEVVDK,KTEVQTGGFSKESILPK,468,1097,17,17,1,11,468,1107,4,,-1,0.383972,0.383972,10.328682,false,true,false,false,Self ,0,0.00058,1.024779,,0,0,0,0,0,1498,1226,0,
Scan: 855981 Run: DIA12_CV486075:20251228_A2_N1_Mueller_MS_TechHub_IMP_THIDDIAXL003_Cas9_PhoX_DIA12_CV486075_250ng_FAIMS_002 P1_YKEIFFDQSK P2_IEKILTFR 2 3,DIA12_CV486075:20251228_A2_N1_Mueller_MS_TechHub_IMP_THIDDIAXL003_Cas9_PhoX_DIA12_CV486075_250ng_FAIMS_002,855981,,,0,0,-0,0,3,0,0,Q99ZW2,,,false,Q99ZW2,Q99ZW2,,false,IEKILTFR,YKEIFFDQSK,440,347,8,10,3,2,442,348,3,,-1,0.383259,0.383259,10.326898,false,true,false,false,Self ,0,0.00058,1.025127,,0,0,0,0,0,1576,418,0,
Scan: 8064 Run: DIA12_CV486075:20251228_A2_N1_Mueller_MS_TechHub_IMP_THIDDIAXL003_Cas9_PhoX_DIA12_CV486075_250ng_FAIMS_001 P1_YDENDKLIR P2_LESEFVYGDYKVYDVR 6 11,DIA12_CV486075:20251228_A2_N1_Mueller_MS_TechHub_IMP_THIDDIAXL003_Cas9_PhoX_DIA12_CV486075_250ng_FAIMS_001,8064,,,0,0,-0,0,4,0,0,Q99ZW2,,,false,Q99ZW2,Q99ZW2,,false,LESEFVYGDYKVYDVR,YDENDKLIR,1004,943,16,9,11,6,1014,948,4,,-1,0.382709,0.382709,10.325525,false,true,false,false,Self ,0,0.000581,1.025127,,0,0,0,0,0,979,1458,0,
Scan: 1121917 Run: DIA12_CV486075:20251228_A2_N1_Mueller_MS_TechHub_IMP_THIDDIAXL003_Cas9_PhoX_DIA12_CV486075_250ng_FAIMS_002 P1_KLINGIR P2_ELGSQILKEHPVENTQLQNEK 1 8,DIA12_CV486075:20251228_A2_N1_Mueller_MS_TechHub_IMP_THIDDIAXL003_Cas9_PhoX_DIA12_CV486075_250ng_FAIMS_002,1121917,,,0,0,-0,0,4,0,0,Q99ZW2,,,false,Q99ZW2,Q99ZW2,,false,ELGSQILKEHPVENTQLQNEK,KLINGIR,790,665,21,7,8,1,797,665,4,,-1,0.381862,0.381862,10.323406,false,true,false,false,Self ,0,0.000581,1.025127,,0,0,0,0,0,1743,1196,0,
Scan: 1654540 Run: DIA12_CV486075:20251228_A2_N1_Mueller_MS_TechHub_IMP_THIDDIAXL003_Cas9_PhoX_DIA12_CV486075_250ng_FAIMS_003 P1_KLINGIR P2_EDIQKAQVSGQGDSLHEHIANLAGSPAIK 1 5,DIA12_CV486075:20251228_A2_N1_Mueller_MS_TechHub_IMP_THIDDIAXL003_Cas9_PhoX_DIA12_CV486075_250ng_FAIMS_003,1654540,,,0,0,-0,0,6,0,0,Q99ZW2,,,false,Q99ZW2,Q99ZW2,,false,EDIQKAQVSGQGDSLHEHIANLAGSPAIK,KLINGIR,706,665,29,7,5,1,710,665,6,,-1,0.380976,0.380976,10.321192,false,true,false,false,Self ,0,0.000582,1.025476,,0,0,0,0,0,1742,1546,0,
Scan: 761118 Run: DIA12_CV486075:20251228_A2_N1_Mueller_MS_TechHub_IMP_THIDDIAXL003_Cas9_PhoX_DIA12_CV486075_250ng_FAIMS_002 P1_LKGSPEDNEQK P2_ENQTTQKGQK 2 7,DIA12_CV486075:20251228_A2_N1_Mueller_MS_TechHub_IMP_THIDDIAXL003_Cas9_PhoX_DIA12_CV486075_250ng_FAIMS_002,761118,,,0,0,-0,0,3,0,0,Q99ZW2,,,false,Q99ZW2,Q99ZW2,,false,ENQTTQKGQK,LKGSPEDNEQK,766,1245,10,11,7,2,772,1246,3,,-1,0.379865,0.379865,10.318413,false,true,false,false,Self ,0,0.000583,1.025476,,0,0,0,0,0,632,1440,0,
Scan: 1235457 Run: DIA12_CV486075:20251228_A2_N1_Mueller_MS_TechHub_IMP_THIDDIAXL003_Cas9_PhoX_DIA12_CV486075_250ng_FAIMS_003 P1_KTEVQTGGFSK P2_KGILQTVK 1 1,DIA12_CV486075:20251228_A2_N1_Mueller_MS_TechHub_IMP_THIDDIAXL003_Cas9_PhoX_DIA12_CV486075_250ng_FAIMS_003,1235457,,,0,0,-0,0,3,0,0,Q99ZW2,,,false,Q99ZW2,Q99ZW2,,false,KGILQTVK,KTEVQTGGFSK,735,1097,8,11,1,1,735,1097,3,,-1,0.378879,0.378879,10.315948,false,true,false,false,Self ,0,0.000584,1.025824,,0,0,0,0,0,1570,1502,0,
Scan: 586444 Run: DIA12_CV486075:20251228_A2_N1_Mueller_MS_TechHub_IMP_THIDDIAXL003_Cas9_PhoX_DIA12_CV486075_250ng_FAIMS_001 P1_YDENDKLIR P2_IEKILTFR 6 3,DIA12_CV486075:20251228_A2_N1_Mueller_MS_TechHub_IMP_THIDDIAXL003_Cas9_PhoX_DIA12_CV486075_250ng_FAIMS_001,586444,,,0,0,-0,0,3,0,0,Q99ZW2,,,false,Q99ZW2,Q99ZW2,,false,IEKILTFR,YDENDKLIR,440,943,8,9,3,6,442,948,3,,-1,0.378768,0.378768,10.315671,false,true,false,false,Self ,0,0.000584,1.025824,,0,0,0,0,0,1493,1498,0,
Scan: 1191735 Run: DIA12_CV486075:20251228_A2_N1_Mueller_MS_TechHub_IMP_THIDDIAXL003_Cas9_PhoX_DIA12_CV486075_250ng_FAIMS_002 P1_KLINGIR P2_KDFQFYK 1 1,DIA12_CV486075:20251228_A2_N1_Mueller_MS_TechHub_IMP_THIDDIAXL003_Cas9_PhoX_DIA12_CV486075_250ng_FAIMS_002,1191735,,,0,0,-0,0,3,0,0,Q99ZW2,,,false,Q99ZW2,Q99ZW2,,false,KDFQFYK,KLINGIR,968,665,7,7,1,1,968,665,3,,-1,0.378629,0.378629,10.315324,false,true,false,false,Self ,0,0.000584,1.025824,,0,0,0,0,0,1738,1195,0,
Scan: 300844 Run: DIA12_CV486075:20251228_A2_N1_Mueller_MS_TechHub_IMP_THIDDIAXL003_Cas9_PhoX_DIA12_CV486075_250ng_FAIMS_001 P1_NSDKLIAR P2_KSEETITPWNFEEVVDK 4 1,DIA12_CV486075:20251228_A2_N1_Mueller_MS_TechHub_IMP_THIDDIAXL003_Cas9_PhoX_DIA12_CV486075_250ng_FAIMS_001,300844,,,0,0,-0,0,3,0,0,Q99ZW2,,,false,Q99ZW2,Q99ZW2,,false,KSEETITPWNFEEVVDK,NSDKLIAR,468,1115,17,8,1,4,468,1118,3,,-1,0.377994,0.377994,10.313737,false,true,false,false,Self ,0,0.000585,1.025824,,0,0,0,0,0,1705,661,0,
Scan: 660235 Run: DIA12_CV486075:20251228_A2_N1_Mueller_MS_TechHub_IMP_THIDDIAXL003_Cas9_PhoX_DIA12_CV486075_250ng_FAIMS_002 P1_TEVQTGGFSKESILPK P2_NSDKLIAR 10 4,DIA12_CV486075:20251228_A2_N1_Mueller_MS_TechHub_IMP_THIDDIAXL003_Cas9_PhoX_DIA12_CV486075_250ng_FAIMS_002,660235,,,0,0,-0,0,3,0,0,Q99ZW2,,,false,Q99ZW2,Q99ZW2,,false,NSDKLIAR,TEVQTGGFSKESILPK,1115,1098,8,16,4,10,1118,1107,3,,-1,0.377401,0.377401,10.312254,false,true,false,false,Self ,0,0.000585,1.025824,,0,0,0,0,0,1736,817,0,
Scan: 975508 Run: DIA12_CV486075:20251228_A2_N1_Mueller_MS_TechHub_IMP_THIDDIAXL003_Cas9_PhoX_DIA12_CV486075_250ng_FAIMS_002 P1_NSDKLIAR P2_KPAFLSGEQK 4 1,DIA12_CV486075:20251228_A2_N1_Mueller_MS_TechHub_IMP_THIDDIAXL003_Cas9_PhoX_DIA12_CV486075_250ng_FAIMS_002,975508,,,0,0,-0,0,4,0,0,Q99ZW2,,,false,Q99ZW2,Q99ZW2,,false,KPAFLSGEQK,NSDKLIAR,536,1115,10,8,1,4,536,1118,4,,-1,0.37707,0.37707,10.311426,false,true,false,false,Self ,0,0.000585,1.025824,,0,0,0,0,0,1735,369,0,
Scan: 257068 Run: DIA12_CV486075:20251228_A2_N1_Mueller_MS_TechHub_IMP_THIDDIAXL003_Cas9_PhoX_DIA12_CV486075_250ng_FAIMS_001 P1_YKEIFFDQSK P2_YDEHHQDLTLLKALVR 2 12,DIA12_CV486075:20251228_A2_N1_Mueller_MS_TechHub_IMP_THIDDIAXL003_Cas9_PhoX_DIA12_CV486075_250ng_FAIMS_001,257068,,,0,0,-0,0,5,0,0,Q99ZW2,,,false,Q99ZW2,Q99ZW2,,false,YDEHHQDLTLLKALVR,YKEIFFDQSK,325,347,16,10,12,2,336,348,5,,-1,0.376477,0.376477,10.309944,false,true,false,false,Self ,0,0.000586,1.025824,,0,0,0,0,0,244,1577,0,
Scan: 1383406 Run: DIA12_CV486075:20251228_A2_N1_Mueller_MS_TechHub_IMP_THIDDIAXL003_Cas9_PhoX_DIA12_CV486075_250ng_FAIMS_003 P1_KLVDSTDK P2_HPIFGNIVDEVAYHEKYPTIYHLR 1 16,DIA12_CV486075:20251228_A2_N1_Mueller_MS_TechHub_IMP_THIDDIAXL003_Cas9_PhoX_DIA12_CV486075_250ng_FAIMS_003,1383406,,,0,0,-0,0,4,0,0,Q99ZW2,,,false,Q99ZW2,Q99ZW2,,false,HPIFGNIVDEVAYHEKYPTIYHLR,KLVDSTDK,116,141,24,8,16,1,131,141,4,,-1,0.375721,0.375721,10.308055,false,true,false,false,Self ,0,0.000587,1.026173,,0,0,0,0,0,1733,1220,0,
Scan: 907683 Run: DIA12_CV486075:20251228_A2_N1_Mueller_MS_TechHub_IMP_THIDDIAXL003_Cas9_PhoX_DIA12_CV486075_250ng_FAIMS_002 P1_KSEETITPWNFEEVVDK P2_KIECFDSVEISGVEDR 1 1,DIA12_CV486075:20251228_A2_N1_Mueller_MS_TechHub_IMP_THIDDIAXL003_Cas9_PhoX_DIA12_CV486075_250ng_FAIMS_002,907683,,,0,0,-0,0,4,0,0,Q99ZW2,,,false,Q99ZW2,Q99ZW2,,false,KIECFDSVEISGVEDR,KSEETITPWNFEEVVDK,571,468,16,17,1,1,571,468,4,,-1,0.375537,0.375537,10.307594,false,true,false,false,Self ,0,0.000587,1.026173,,0,0,0,0,0,1732,1194,0,
Scan: 1191802 Run: DIA12_CV486075:20251228_A2_N1_Mueller_MS_TechHub_IMP_THIDDIAXL003_Cas9_PhoX_DIA12_CV486075_250ng_FAIMS_002 P1_KGILQTVK P2_KDFQFYK 1 1,DIA12_CV486075:20251228_A2_N1_Mueller_MS_TechHub_IMP_THIDDIAXL003_Cas9_PhoX_DIA12_CV486075_250ng_FAIMS_002,1191802,,,0,0,-0,0,3,0,0,Q99ZW2,,,false,Q99ZW2,Q99ZW2,,false,KDFQFYK,KGILQTVK,968,735,7,8,1,1,968,735,3,,-1,0.375468,0.375468,10.307422,false,true,false,false,Self ,0,0.000587,1.026173,,0,0,0,0,0,436,1429,0,
Scan: 679427 Run: DIA12_CV486075:20251228_A2_N1_Mueller_MS_TechHub_IMP_THIDDIAXL003_Cas9_PhoX_DIA12_CV486075_250ng_FAIMS_002 P1_TEVQTGGFSKESILPK P2_RNSDKLIAR 10 5,DIA12_CV486075:20251228_A2_N1_Mueller_MS_TechHub_IMP_THIDDIAXL003_Cas9_PhoX_DIA12_CV486075_250ng_FAIMS_002,679427,,,0,0,-0,0,4,0,0,Q99ZW2,,,false,Q99ZW2,Q99ZW2,,false,RNSDKLIAR,TEVQTGGFSKESILPK,1114,1098,9,16,5,10,1118,1107,4,,-1,0.374905,0.374905,10.306015,false,true,false,false,Self ,0,0.000587,1.026173,,0,0,0,0,0,1730,817,0,
Scan: 1651692 Run: DIA12_CV486075:20251228_A2_N1_Mueller_MS_TechHub_IMP_THIDDIAXL003_Cas9_PhoX_DIA12_CV486075_250ng_FAIMS_003 P1_EKIEKILTFR P2_EDIQKAQVSGQGDSLHEHIANLAGSPAIK 2 5,DIA12_CV486075:20251228_A2_N1_Mueller_MS_TechHub_IMP_THIDDIAXL003_Cas9_PhoX_DIA12_CV486075_250ng_FAIMS_003,1651692,,,0,0,-0,0,5,0,0,Q99ZW2,,,false,Q99ZW2,Q99ZW2,,false,EDIQKAQVSGQGDSLHEHIANLAGSPAIK,EKIEKILTFR,706,438,29,10,5,2,710,439,5,,-1,0.373377,0.373377,10.302195,false,true,false,false,Self ,0,0.000589,1.02722,,0,0,0,0,0,1729,1192,0,
Scan: 951567 Run: DIA12_CV486075:20251228_A2_N1_Mueller_MS_TechHub_IMP_THIDDIAXL003_Cas9_PhoX_DIA12_CV486075_250ng_FAIMS_002 P1_MTNFDKNLPNEK P2_KDLIIK 6 1,DIA12_CV486075:20251228_A2_N1_Mueller_MS_TechHub_IMP_THIDDIAXL003_Cas9_PhoX_DIA12_CV486075_250ng_FAIMS_002,951567,,,0,0,-0,0,3,0,0,Q99ZW2,,,false,Q99ZW2,Q99ZW2,,false,KDLIIK,MTNFDKNLPNEK,1192,495,6,12,1,6,1192,500,3,,-1,0.372837,0.372837,10.300843,false,true,false,false,Self ,0,0.000589,1.02722,,0,0,0,0,0,459,1431,0,
Scan: 1453954 Run: DIA12_CV486075:20251228_A2_N1_Mueller_MS_TechHub_IMP_THIDDIAXL003_Cas9_PhoX_DIA12_CV486075_250ng_FAIMS_003 P1_YKEIFFDQSK P2_VLPKHSLLYEYFTVYNELTK 2 4,DIA12_CV486075:20251228_A2_N1_Mueller_MS_TechHub_IMP_THIDDIAXL003_Cas9_PhoX_DIA12_CV486075_250ng_FAIMS_003,1453954,,,0,0,-0,0,4,0,0,Q99ZW2,,,false,Q99ZW2,Q99ZW2,,false,VLPKHSLLYEYFTVYNELTK,YKEIFFDQSK,507,347,20,10,4,2,510,348,4,,-1,0.37259,0.37259,10.300225,false,true,false,false,Self ,0,0.000589,1.02722,,0,0,0,0,0,1727,1191,0,
Scan: 560247 Run: DIA12_CV486075:20251228_A2_N1_Mueller_MS_TechHub_IMP_THIDDIAXL003_Cas9_PhoX_DIA12_CV486075_250ng_FAIMS_001 P1_QLLNAKLITQR P2_ENQTTQKGQK 6 7,DIA12_CV486075:20251228_A2_N1_Mueller_MS_TechHub_IMP_THIDDIAXL003_Cas9_PhoX_DIA12_CV486075_250ng_FAIMS_001,560247,,,0,0,-0,0,3,0,0,Q99ZW2,,,false,Q99ZW2,Q99ZW2,,false,ENQTTQKGQK,QLLNAKLITQR,766,885,10,11,7,6,772,890,3,,-1,0.369165,0.369165,10.291665,false,true,false,false,Self ,0,0.000592,1.030024,,0,0,0,0,0,1726,1190,0,
Scan: 946506 Run: DIA12_CV486075:20251228_A2_N1_Mueller_MS_TechHub_IMP_THIDDIAXL003_Cas9_PhoX_DIA12_CV486075_250ng_FAIMS_002 P1_KSEETITPWNFEEVVDKGASAQSFIER P2_KLINGIR 17 1,DIA12_CV486075:20251228_A2_N1_Mueller_MS_TechHub_IMP_THIDDIAXL003_Cas9_PhoX_DIA12_CV486075_250ng_FAIMS_002,946506,,,0,0,-0,0,4,0,0,Q99ZW2,,,false,Q99ZW2,Q99ZW2,,false,KLINGIR,KSEETITPWNFEEVVDKGASAQSFIER,665,468,7,27,1,17,665,484,4,,-1,0.368325,0.368325,10.289565,false,true,false,false,Self ,0,0.000593,1.030727,,0,0,0,0,0,1725,1459,0,
Scan: 743561 Run: DIA12_CV486075:20251228_A2_N1_Mueller_MS_TechHub_IMP_THIDDIAXL003_Cas9_PhoX_DIA12_CV486075_250ng_FAIMS_002 P1_SEETITPWNFEEVVDKGASAQSFIER P2_LPKYSLFELENGR 16 3,DIA12_CV486075:20251228_A2_N1_Mueller_MS_TechHub_IMP_THIDDIAXL003_Cas9_PhoX_DIA12_CV486075_250ng_FAIMS_002,743561,,,0,0,-0,0,4,0,0,Q99ZW2,,,false,Q99ZW2,Q99ZW2,,false,LPKYSLFELENGR,SEETITPWNFEEVVDKGASAQSFIER,1198,469,13,26,3,16,1200,484,4,,-1,0.363825,0.363825,10.278312,false,true,false,false,Self ,0,0.000597,1.033196,,0,0,0,0,0,1724,1189,0,
Scan: 73330 Run: DIA12_CV486075:20251228_A2_N1_Mueller_MS_TechHub_IMP_THIDDIAXL003_Cas9_PhoX_DIA12_CV486075_250ng_FAIMS_001 P1_KTEVQTGGFSKESILPK P2_EDIQKAQVSGQGDSLHEHIANLAGSPAIK 11 5,DIA12_CV486075:20251228_A2_N1_Mueller_MS_TechHub_IMP_THIDDIAXL003_Cas9_PhoX_DIA12_CV486075_250ng_FAIMS_001,73330,,,0,0,-0,0,5,0,0,Q99ZW2,,,false,Q99ZW2,Q99ZW2,,false,EDIQKAQVSGQGDSLHEHIANLAGSPAIK,KTEVQTGGFSKESILPK,706,1097,29,17,5,11,710,1107,5,,-1,0.362068,0.362068,10.273921,false,true,false,false,Self ,0,0.000598,1.033196,,0,0,0,0,0,1675,781,0,
Scan: 1540821 Run: DIA12_CV486075:20251228_A2_N1_Mueller_MS_TechHub_IMP_THIDDIAXL003_Cas9_PhoX_DIA12_CV486075_250ng_FAIMS_003 P1_SEETITPWNFEEVVDKGASAQSFIER P2_MTNFDKNLPNEK 16 6,DIA12_CV486075:20251228_A2_N1_Mueller_MS_TechHub_IMP_THIDDIAXL003_Cas9_PhoX_DIA12_CV486075_250ng_FAIMS_003,1540821,,,0,0,-0,0,4,0,0,Q99ZW2,,,false,Q99ZW2,Q99ZW2,,false,MTNFDKNLPNEK,SEETITPWNFEEVVDKGASAQSFIER,495,469,12,26,6,16,500,484,4,,-1,0.359349,0.359349,10.267124,false,true,false,false,Self ,0,0.000601,1.033904,,0,0,0,0,0,1722,1188,0,
Scan: 1216070 Run: DIA12_CV486075:20251228_A2_N1_Mueller_MS_TechHub_IMP_THIDDIAXL003_Cas9_PhoX_DIA12_CV486075_250ng_FAIMS_003 P1_SSFEKNPIDFLEAK P2_KRPLIETNGETGEIVWDK 5 1,DIA12_CV486075:20251228_A2_N1_Mueller_MS_TechHub_IMP_THIDDIAXL003_Cas9_PhoX_DIA12_CV486075_250ng_FAIMS_003,1216070,,,0,0,-0,0,4,0,0,Q99ZW2,,,false,Q99ZW2,Q99ZW2,,false,KRPLIETNGETGEIVWDK,SSFEKNPIDFLEAK,1059,1172,18,14,1,5,1059,1176,4,,-1,0.355983,0.355983,10.25871,false,true,false,false,Self ,0,0.000603,1.035678,,0,0,0,0,0,1721,1187,0,
Scan: 987569 Run: DIA12_CV486075:20251228_A2_N1_Mueller_MS_TechHub_IMP_THIDDIAXL003_Cas9_PhoX_DIA12_CV486075_250ng_FAIMS_002 P1_YDENDKLIR P2_KPAFLSGEQK 6 1,DIA12_CV486075:20251228_A2_N1_Mueller_MS_TechHub_IMP_THIDDIAXL003_Cas9_PhoX_DIA12_CV486075_250ng_FAIMS_002,987569,,,0,0,-0,0,3,0,0,Q99ZW2,,,false,Q99ZW2,Q99ZW2,,false,KPAFLSGEQK,YDENDKLIR,536,943,10,9,1,6,536,948,3,,-1,0.355439,0.355439,10.257348,false,true,false,false,Self ,0,0.000604,1.035678,,0,0,0,0,0,1382,1475,0,
Scan: 489162 Run: DIA12_CV486075:20251228_A2_N1_Mueller_MS_TechHub_IMP_THIDDIAXL003_Cas9_PhoX_DIA12_CV486075_250ng_FAIMS_001 P1_TEVQTGGFSKESILPK P2_GILQTVKVVDELVK 10 7,DIA12_CV486075:20251228_A2_N1_Mueller_MS_TechHub_IMP_THIDDIAXL003_Cas9_PhoX_DIA12_CV486075_250ng_FAIMS_001,489162,,,0,0,-0,0,4,0,0,Q99ZW2,,,false,Q99ZW2,Q99ZW2,,false,GILQTVKVVDELVK,TEVQTGGFSKESILPK,736,1098,14,16,7,10,742,1107,4,,-1,0.355108,0.355108,10.256522,false,true,false,false,Self ,0,0.000604,1.035678,,0,0,0,0,0,1719,1186,0,
Scan: 841805 Run: DIA12_CV486075:20251228_A2_N1_Mueller_MS_TechHub_IMP_THIDDIAXL003_Cas9_PhoX_DIA12_CV486075_250ng_FAIMS_002 P1_KAIVDLLFK P2_FKVLGNTDR 1 2,DIA12_CV486075:20251228_A2_N1_Mueller_MS_TechHub_IMP_THIDDIAXL003_Cas9_PhoX_DIA12_CV486075_250ng_FAIMS_002,841805,,,0,0,-0,0,4,0,0,Q99ZW2,,,false,Q99ZW2,Q99ZW2,,false,FKVLGNTDR,KAIVDLLFK,32,546,9,9,2,1,33,546,4,,-1,0.355013,0.355013,10.256283,false,true,false,false,Self ,0,0.000604,1.036033,,0,0,0,0,0,1718,1521,0,
Scan: 941093 Run: DIA12_CV486075:20251228_A2_N1_Mueller_MS_TechHub_IMP_THIDDIAXL003_Cas9_PhoX_DIA12_CV486075_250ng_FAIMS_002 P1_SEETITPWNFEEVVDKGASAQSFIER P2_KFKVLGNTDR 16 1,DIA12_CV486075:20251228_A2_N1_Mueller_MS_TechHub_IMP_THIDDIAXL003_Cas9_PhoX_DIA12_CV486075_250ng_FAIMS_002,941093,,,0,0,-0,0,4,0,0,Q99ZW2,,,false,Q99ZW2,Q99ZW2,,false,KFKVLGNTDR,SEETITPWNFEEVVDKGASAQSFIER,31,469,10,26,1,16,31,484,4,,-1,0.354342,0.354342,10.254607,false,true,false,false,Self ,0,0.000605,1.036389,,0,0,0,0,0,1717,1185,0,
Scan: 1060152 Run: DIA12_CV486075:20251228_A2_N1_Mueller_MS_TechHub_IMP_THIDDIAXL003_Cas9_PhoX_DIA12_CV486075_250ng_FAIMS_002 P1_GILQTVKVVDELVK P2_EDIQKAQVSGQGDSLHEHIANLAGSPAIK 7 5,DIA12_CV486075:20251228_A2_N1_Mueller_MS_TechHub_IMP_THIDDIAXL003_Cas9_PhoX_DIA12_CV486075_250ng_FAIMS_002,1060152,,,0,0,-0,0,5,0,0,Q99ZW2,,,false,Q99ZW2,Q99ZW2,,false,EDIQKAQVSGQGDSLHEHIANLAGSPAIK,GILQTVKVVDELVK,706,736,29,14,5,7,710,742,5,,-1,0.352377,0.352377,10.249695,false,true,false,false,Self ,0,0.000606,1.036745,,0,0,0,0,0,578,1430,0,
Scan: 1307230 Run: DIA12_CV486075:20251228_A2_N1_Mueller_MS_TechHub_IMP_THIDDIAXL003_Cas9_PhoX_DIA12_CV486075_250ng_FAIMS_003 P1_SSFEKNPIDFLEAK P2_KDWDPK 5 1,DIA12_CV486075:20251228_A2_N1_Mueller_MS_TechHub_IMP_THIDDIAXL003_Cas9_PhoX_DIA12_CV486075_250ng_FAIMS_003,1307230,,,0,0,-0,0,4,0,0,Q99ZW2,,,false,Q99ZW2,Q99ZW2,,false,KDWDPK,SSFEKNPIDFLEAK,1124,1172,6,14,1,5,1124,1176,4,,-1,0.351884,0.351884,10.248461,false,true,false,false,Self ,0,0.000607,1.037101,,0,0,0,0,0,1715,602,0,
Scan: 585743 Run: DIA12_CV486075:20251228_A2_N1_Mueller_MS_TechHub_IMP_THIDDIAXL003_Cas9_PhoX_DIA12_CV486075_250ng_FAIMS_001 P1_YDENDKLIR P2_SEQEIGKATAK 6 7,DIA12_CV486075:20251228_A2_N1_Mueller_MS_TechHub_IMP_THIDDIAXL003_Cas9_PhoX_DIA12_CV486075_250ng_FAIMS_001,585743,,,0,0,-0,0,3,0,0,Q99ZW2,,,false,Q99ZW2,Q99ZW2,,false,SEQEIGKATAK,YDENDKLIR,1025,943,11,9,7,6,1031,948,3,,-1,0.350958,0.350958,10.246146,false,true,false,false,Self ,0,0.000608,1.037457,,0,0,0,0,0,1714,1184,0,
Scan: 982674 Run: DIA12_CV486075:20251228_A2_N1_Mueller_MS_TechHub_IMP_THIDDIAXL003_Cas9_PhoX_DIA12_CV486075_250ng_FAIMS_002 P1_KPAFLSGEQK P2_KPAFLSGEQK 1 1,DIA12_CV486075:20251228_A2_N1_Mueller_MS_TechHub_IMP_THIDDIAXL003_Cas9_PhoX_DIA12_CV486075_250ng_FAIMS_002,982674,,,0,0,-0,0,3,0,0,Q99ZW2,,,false,Q99ZW2,Q99ZW2,,false,KPAFLSGEQK,KPAFLSGEQK,536,536,10,10,1,1,536,536,3,,-1,0.350153,0.350153,10.244133,false,true,false,false,Self ,0,0.000608,1.037457,,0,0,0,0,0,1713,1252,0,
Scan: 594485 Run: DIA12_CV486075:20251228_A2_N1_Mueller_MS_TechHub_IMP_THIDDIAXL003_Cas9_PhoX_DIA12_CV486075_250ng_FAIMS_001 P1_KDFQFYK P2_GQKNSR 1 3,DIA12_CV486075:20251228_A2_N1_Mueller_MS_TechHub_IMP_THIDDIAXL003_Cas9_PhoX_DIA12_CV486075_250ng_FAIMS_001,594485,,,0,0,-0,0,3,0,0,Q99ZW2,,,false,Q99ZW2,Q99ZW2,,false,GQKNSR,KDFQFYK,773,968,6,7,3,1,775,968,3,,-1,0.349779,0.349779,10.243198,false,true,false,false,Self ,0,0.000609,1.037457,,0,0,0,0,0,1712,1183,0,
Scan: 1599253 Run: DIA12_CV486075:20251228_A2_N1_Mueller_MS_TechHub_IMP_THIDDIAXL003_Cas9_PhoX_DIA12_CV486075_250ng_FAIMS_003 P1_KDLIIK P2_KAIVDLLFK 1 1,DIA12_CV486075:20251228_A2_N1_Mueller_MS_TechHub_IMP_THIDDIAXL003_Cas9_PhoX_DIA12_CV486075_250ng_FAIMS_003,1599253,,,0,0,-0,0,3,0,0,Q99ZW2,,,false,Q99ZW2,Q99ZW2,,false,KAIVDLLFK,KDLIIK,546,1192,9,6,1,1,546,1192,3,,-1,0.347526,0.347526,10.237566,false,true,false,false,Self ,0,0.000611,1.037814,,0,0,0,0,0,1711,1182,0,
Scan: 680011 Run: DIA12_CV486075:20251228_A2_N1_Mueller_MS_TechHub_IMP_THIDDIAXL003_Cas9_PhoX_DIA12_CV486075_250ng_FAIMS_002 P1_NSDKLIAR P2_NSDKLIAR 4 4,DIA12_CV486075:20251228_A2_N1_Mueller_MS_TechHub_IMP_THIDDIAXL003_Cas9_PhoX_DIA12_CV486075_250ng_FAIMS_002,680011,,,0,0,-0,0,3,0,0,Q99ZW2,,,false,Q99ZW2,Q99ZW2,,false,NSDKLIAR,NSDKLIAR,1115,1115,8,8,4,4,1118,1118,3,,-1,0.347392,0.347392,10.237231,false,true,false,false,Self ,0,0.000611,1.037814,,0,0,0,0,0,318,1403,0,
Scan: 1390976 Run: DIA12_CV486075:20251228_A2_N1_Mueller_MS_TechHub_IMP_THIDDIAXL003_Cas9_PhoX_DIA12_CV486075_250ng_FAIMS_003 P1_YTSTKEVLDATLIHQSITGLYETR P2_KRPLIETNGETGEIVWDK 5 1,DIA12_CV486075:20251228_A2_N1_Mueller_MS_TechHub_IMP_THIDDIAXL003_Cas9_PhoX_DIA12_CV486075_250ng_FAIMS_003,1390976,,,0,0,-0,0,5,0,0,Q99ZW2,,,false,Q99ZW2,Q99ZW2,,false,KRPLIETNGETGEIVWDK,YTSTKEVLDATLIHQSITGLYETR,1059,1336,18,24,1,5,1059,1340,5,,-1,0.346732,0.346732,10.23558,false,true,false,false,Self ,0,0.000611,1.037814,,0,0,0,0,0,1709,1181,0,
Scan: 293548 Run: DIA12_CV486075:20251228_A2_N1_Mueller_MS_TechHub_IMP_THIDDIAXL003_Cas9_PhoX_DIA12_CV486075_250ng_FAIMS_001 P1_KLINGIR P2_IEKILTFR 1 3,DIA12_CV486075:20251228_A2_N1_Mueller_MS_TechHub_IMP_THIDDIAXL003_Cas9_PhoX_DIA12_CV486075_250ng_FAIMS_001,293548,,,0,0,-0,0,3,0,0,Q99ZW2,,,false,Q99ZW2,Q99ZW2,,false,IEKILTFR,KLINGIR,440,665,8,7,3,1,442,665,3,,-1,0.345577,0.345577,10.232692,false,true,false,false,Self ,0,0.000612,1.038885,,0,0,0,0,0,1662,384,0,
Scan: 1766786 Run: DIA12_CV486075:20251228_A2_N1_Mueller_MS_TechHub_IMP_THIDDIAXL003_Cas9_PhoX_DIA12_CV486075_250ng_FAIMS_003 P1_QITKHVAQILDSR P2_FKVLGNTDR 4 2,DIA12_CV486075:20251228_A2_N1_Mueller_MS_TechHub_IMP_THIDDIAXL003_Cas9_PhoX_DIA12_CV486075_250ng_FAIMS_003,1766786,,,0,0,-0,0,4,0,0,Q99ZW2,,,false,Q99ZW2,Q99ZW2,,false,FKVLGNTDR,QITKHVAQILDSR,32,926,9,13,2,4,33,929,4,,-1,0.345051,0.345051,10.231379,false,true,false,false,Self ,0,0.000613,1.038885,,0,0,0,0,0,1707,1180,0,
Scan: 1477784 Run: DIA12_CV486075:20251228_A2_N1_Mueller_MS_TechHub_IMP_THIDDIAXL003_Cas9_PhoX_DIA12_CV486075_250ng_FAIMS_003 P1_KLINGIR P2_FIKPILEKMDGTEELLVK 1 8,DIA12_CV486075:20251228_A2_N1_Mueller_MS_TechHub_IMP_THIDDIAXL003_Cas9_PhoX_DIA12_CV486075_250ng_FAIMS_003,1477784,,,0,0,-0,0,4,0,0,Q99ZW2,,,false,Q99ZW2,Q99ZW2,,false,FIKPILEKMDGTEELLVK,KLINGIR,375,665,18,7,8,1,382,665,4,,-1,0.343523,0.343523,10.227558,false,true,false,false,Self ,0,0.000614,1.038885,,0,0,0,0,0,1327,1466,0,
Scan: 1495853 Run: DIA12_CV486075:20251228_A2_N1_Mueller_MS_TechHub_IMP_THIDDIAXL003_Cas9_PhoX_DIA12_CV486075_250ng_FAIMS_003 P1_NSDKLIAR P2_KSEETITPWNFEEVVDK 4 1,DIA12_CV486075:20251228_A2_N1_Mueller_MS_TechHub_IMP_THIDDIAXL003_Cas9_PhoX_DIA12_CV486075_250ng_FAIMS_003,1495853,,,0,0,-0,0,4,0,0,Q99ZW2,,,false,Q99ZW2,Q99ZW2,,false,KSEETITPWNFEEVVDK,NSDKLIAR,468,1115,17,8,1,4,468,1118,4,,-1,0.343318,0.343318,10.227046,false,true,false,false,Self ,0,0.000614,1.038885,,0,0,0,0,0,1705,661,0,
Scan: 1340371 Run: DIA12_CV486075:20251228_A2_N1_Mueller_MS_TechHub_IMP_THIDDIAXL003_Cas9_PhoX_DIA12_CV486075_250ng_FAIMS_003 P1_YKEIFFDQSK P2_LPKYSLFELENGR 2 3,DIA12_CV486075:20251228_A2_N1_Mueller_MS_TechHub_IMP_THIDDIAXL003_Cas9_PhoX_DIA12_CV486075_250ng_FAIMS_003,1340371,,,0,0,-0,0,4,0,0,Q99ZW2,,,false,Q99ZW2,Q99ZW2,,false,LPKYSLFELENGR,YKEIFFDQSK,1198,347,13,10,3,2,1200,348,4,,-1,0.343108,0.343108,10.22652,false,true,false,false,Self ,0,0.000614,1.039243,,0,0,0,0,0,1704,1179,0,
Scan: 85805 Run: DIA12_CV486075:20251228_A2_N1_Mueller_MS_TechHub_IMP_THIDDIAXL003_Cas9_PhoX_DIA12_CV486075_250ng_FAIMS_001 P1_NSDKLIAR P2_KDLIIK 4 1,DIA12_CV486075:20251228_A2_N1_Mueller_MS_TechHub_IMP_THIDDIAXL003_Cas9_PhoX_DIA12_CV486075_250ng_FAIMS_001,85805,,,0,0,-0,0,3,0,0,Q99ZW2,,,false,Q99ZW2,Q99ZW2,,false,KDLIIK,NSDKLIAR,1192,1115,6,8,1,4,1192,1118,3,,-1,0.342806,0.342806,10.225767,false,true,false,false,Self ,0,0.000615,1.039243,,0,0,0,0,0,1497,1483,0,
Scan: 1440746 Run: DIA12_CV486075:20251228_A2_N1_Mueller_MS_TechHub_IMP_THIDDIAXL003_Cas9_PhoX_DIA12_CV486075_250ng_FAIMS_003 P1_FKVLGNTDR P2_EVKVITLK 2 3,DIA12_CV486075:20251228_A2_N1_Mueller_MS_TechHub_IMP_THIDDIAXL003_Cas9_PhoX_DIA12_CV486075_250ng_FAIMS_003,1440746,,,0,0,-0,0,3,0,0,Q99ZW2,,,false,Q99ZW2,Q99ZW2,,false,EVKVITLK,FKVLGNTDR,952,32,8,9,3,2,954,33,3,,-1,0.341945,0.341945,10.223614,false,true,false,false,Self ,0,0.000615,1.039959,,0,0,0,0,0,1702,1178,0,
Scan: 6249 Run: DIA12_CV486075:20251228_A2_N1_Mueller_MS_TechHub_IMP_THIDDIAXL003_Cas9_PhoX_DIA12_CV486075_250ng_FAIMS_001 P1_MIAKSEQEIGK P2_LESEFVYGDYKVYDVR 4 11,DIA12_CV486075:20251228_A2_N1_Mueller_MS_TechHub_IMP_THIDDIAXL003_Cas9_PhoX_DIA12_CV486075_250ng_FAIMS_001,6249,,,0,0,-0,0,4,0,0,Q99ZW2,,,false,Q99ZW2,Q99ZW2,,false,LESEFVYGDYKVYDVR,MIAKSEQEIGK,1004,1021,16,11,11,4,1014,1024,4,,-1,0.340729,0.340729,10.220574,false,true,false,false,Self ,0,0.000616,1.040317,,0,0,0,0,0,302,1395,0,
Scan: 573122 Run: DIA12_CV486075:20251228_A2_N1_Mueller_MS_TechHub_IMP_THIDDIAXL003_Cas9_PhoX_DIA12_CV486075_250ng_FAIMS_001 P1_QITKHVAQILDSR P2_KLINGIR 4 1,DIA12_CV486075:20251228_A2_N1_Mueller_MS_TechHub_IMP_THIDDIAXL003_Cas9_PhoX_DIA12_CV486075_250ng_FAIMS_001,573122,,,0,0,-0,0,4,0,0,Q99ZW2,,,false,Q99ZW2,Q99ZW2,,false,KLINGIR,QITKHVAQILDSR,665,926,7,13,1,4,665,929,4,,-1,0.339923,0.339923,10.218559,false,true,false,false,Self ,0,0.000617,1.040676,,0,0,0,0,0,1700,1177,0,
Scan: 633638 Run: DIA12_CV486075:20251228_A2_N1_Mueller_MS_TechHub_IMP_THIDDIAXL003_Cas9_PhoX_DIA12_CV486075_250ng_FAIMS_002 P1_NSDKLIAR P2_KTEVQTGGFSK 4 1,DIA12_CV486075:20251228_A2_N1_Mueller_MS_TechHub_IMP_THIDDIAXL003_Cas9_PhoX_DIA12_CV486075_250ng_FAIMS_002,633638,,,0,0,-0,0,3,0,0,Q99ZW2,,,false,Q99ZW2,Q99ZW2,,false,KTEVQTGGFSK,NSDKLIAR,1097,1115,11,8,1,4,1097,1118,3,,-1,0.33987,0.33987,10.218426,false,true,false,false,Self ,0,0.000617,1.040676,,0,0,0,0,0,1404,1472,0,
Scan: 404200 Run: DIA12_CV486075:20251228_A2_N1_Mueller_MS_TechHub_IMP_THIDDIAXL003_Cas9_PhoX_DIA12_CV486075_250ng_FAIMS_001 P1_NSDKLIAR P2_KAIVDLLFK 4 1,DIA12_CV486075:20251228_A2_N1_Mueller_MS_TechHub_IMP_THIDDIAXL003_Cas9_PhoX_DIA12_CV486075_250ng_FAIMS_001,404200,,,0,0,-0,0,3,0,0,Q99ZW2,,,false,Q99ZW2,Q99ZW2,,false,KAIVDLLFK,NSDKLIAR,546,1115,9,8,1,4,546,1118,3,,-1,0.339808,0.339808,10.218271,false,true,false,false,Self ,0,0.000617,1.040676,,0,0,0,0,0,1698,1176,0,
Scan: 942407 Run: DIA12_CV486075:20251228_A2_N1_Mueller_MS_TechHub_IMP_THIDDIAXL003_Cas9_PhoX_DIA12_CV486075_250ng_FAIMS_002 P1_KSEETITPWNFEEVVDKGASAQSFIER P2_IEKILTFR 17 3,DIA12_CV486075:20251228_A2_N1_Mueller_MS_TechHub_IMP_THIDDIAXL003_Cas9_PhoX_DIA12_CV486075_250ng_FAIMS_002,942407,,,0,0,-0,0,4,0,0,Q99ZW2,,,false,Q99ZW2,Q99ZW2,,false,IEKILTFR,KSEETITPWNFEEVVDKGASAQSFIER,440,468,8,27,3,17,442,484,4,,-1,0.339456,0.339456,10.217391,false,true,false,false,Self ,0,0.000617,1.041034,,0,0,0,0,0,1054,1152,0,
Scan: 429254 Run: DIA12_CV486075:20251228_A2_N1_Mueller_MS_TechHub_IMP_THIDDIAXL003_Cas9_PhoX_DIA12_CV486075_250ng_FAIMS_001 P1_KLINGIR P2_DLIIKLPK 1 5,DIA12_CV486075:20251228_A2_N1_Mueller_MS_TechHub_IMP_THIDDIAXL003_Cas9_PhoX_DIA12_CV486075_250ng_FAIMS_001,429254,,,0,0,-0,0,4,0,0,Q99ZW2,,,false,Q99ZW2,Q99ZW2,,false,DLIIKLPK,KLINGIR,1193,665,8,7,5,1,1197,665,4,,-1,0.339121,0.339121,10.216554,false,true,false,false,Self ,0,0.000618,1.041034,,0,0,0,0,0,1550,488,0,
Scan: 1119540 Run: DIA12_CV486075:20251228_A2_N1_Mueller_MS_TechHub_IMP_THIDDIAXL003_Cas9_PhoX_DIA12_CV486075_250ng_FAIMS_002 P1_KNGLFGNLIALSLGLTPNFK P2_ELGSQILKEHPVENTQLQNEK 1 8,DIA12_CV486075:20251228_A2_N1_Mueller_MS_TechHub_IMP_THIDDIAXL003_Cas9_PhoX_DIA12_CV486075_250ng_FAIMS_002,1119540,,,0,0,-0,0,4,0,0,Q99ZW2,,,false,Q99ZW2,Q99ZW2,,false,ELGSQILKEHPVENTQLQNEK,KNGLFGNLIALSLGLTPNFK,790,234,21,20,8,1,797,234,4,,-1,0.338508,0.338508,10.215022,false,true,false,false,Self ,0,0.000618,1.041394,,0,0,0,0,0,1695,1175,0,
Scan: 1028028 Run: DIA12_CV486075:20251228_A2_N1_Mueller_MS_TechHub_IMP_THIDDIAXL003_Cas9_PhoX_DIA12_CV486075_250ng_FAIMS_002 P1_LKTYAHLFDDK P2_KLINGIR 2 1,DIA12_CV486075:20251228_A2_N1_Mueller_MS_TechHub_IMP_THIDDIAXL003_Cas9_PhoX_DIA12_CV486075_250ng_FAIMS_002,1028028,,,0,0,-0,0,4,0,0,Q99ZW2,,,false,Q99ZW2,Q99ZW2,,false,KLINGIR,LKTYAHLFDDK,665,636,7,11,1,2,665,637,4,,-1,0.338498,0.338498,10.214996,false,true,false,false,Self ,0,0.000618,1.041394,,0,0,0,0,0,1694,1174,0,
Scan: 303782 Run: DIA12_CV486075:20251228_A2_N1_Mueller_MS_TechHub_IMP_THIDDIAXL003_Cas9_PhoX_DIA12_CV486075_250ng_FAIMS_001 P1_VILADANLDKVLSAYNK P2_KSEETITPWNFEEVVDK 10 1,DIA12_CV486075:20251228_A2_N1_Mueller_MS_TechHub_IMP_THIDDIAXL003_Cas9_PhoX_DIA12_CV486075_250ng_FAIMS_001,303782,,,0,0,-0,0,4,0,0,Q99ZW2,,,false,Q99ZW2,Q99ZW2,,false,KSEETITPWNFEEVVDK,VILADANLDKVLSAYNK,468,1280,17,17,1,10,468,1289,4,,-1,0.337612,0.337612,10.212782,false,true,false,false,Self ,0,0.000619,1.041753,,0,0,0,0,0,1693,1173,0,
Scan: 1186415 Run: DIA12_CV486075:20251228_A2_N1_Mueller_MS_TechHub_IMP_THIDDIAXL003_Cas9_PhoX_DIA12_CV486075_250ng_FAIMS_002 P1_SKLVSDFR P2_QLKEDYFK 2 3,DIA12_CV486075:20251228_A2_N1_Mueller_MS_TechHub_IMP_THIDDIAXL003_Cas9_PhoX_DIA12_CV486075_250ng_FAIMS_002,1186415,,,0,0,-0,0,3,0,0,Q99ZW2,,,false,Q99ZW2,Q99ZW2,,false,QLKEDYFK,SKLVSDFR,563,960,8,8,3,2,565,961,3,,-1,0.337231,0.337231,10.211829,false,true,false,false,Self ,0,0.000619,1.042472,,0,0,0,0,0,1692,1172,0,
Scan: 1644786 Run: DIA12_CV486075:20251228_A2_N1_Mueller_MS_TechHub_IMP_THIDDIAXL003_Cas9_PhoX_DIA12_CV486075_250ng_FAIMS_003 P1_TILDFLKSDGFANR P2_KDFQFYK 7 1,DIA12_CV486075:20251228_A2_N1_Mueller_MS_TechHub_IMP_THIDDIAXL003_Cas9_PhoX_DIA12_CV486075_250ng_FAIMS_003,1644786,,,0,0,-0,0,4,0,0,Q99ZW2,,,false,Q99ZW2,Q99ZW2,,false,KDFQFYK,TILDFLKSDGFANR,968,678,7,14,1,7,968,684,4,,-1,0.337173,0.337173,10.211684,false,true,false,false,Self ,0,0.000619,1.042472,,0,0,0,0,0,1691,1171,0,
Scan: 1722151 Run: DIA12_CV486075:20251228_A2_N1_Mueller_MS_TechHub_IMP_THIDDIAXL003_Cas9_PhoX_DIA12_CV486075_250ng_FAIMS_003 P1_SKLVSDFR P2_ELGSQILKEHPVENTQLQNEK 2 8,DIA12_CV486075:20251228_A2_N1_Mueller_MS_TechHub_IMP_THIDDIAXL003_Cas9_PhoX_DIA12_CV486075_250ng_FAIMS_003,1722151,,,0,0,-0,0,4,0,0,Q99ZW2,,,false,Q99ZW2,Q99ZW2,,false,ELGSQILKEHPVENTQLQNEK,SKLVSDFR,790,960,21,8,8,2,797,961,4,,-1,0.336914,0.336914,10.211035,false,true,false,false,Self ,0,0.00062,1.042472,,0,0,0,0,0,1690,1170,0,
Scan: 1574116 Run: DIA12_CV486075:20251228_A2_N1_Mueller_MS_TechHub_IMP_THIDDIAXL003_Cas9_PhoX_DIA12_CV486075_250ng_FAIMS_003 P1_KPAFLSGEQK P2_EVKKDLIIK 1 3,DIA12_CV486075:20251228_A2_N1_Mueller_MS_TechHub_IMP_THIDDIAXL003_Cas9_PhoX_DIA12_CV486075_250ng_FAIMS_003,1574116,,,0,0,-0,0,3,0,0,Q99ZW2,,,false,Q99ZW2,Q99ZW2,,false,EVKKDLIIK,KPAFLSGEQK,1189,536,9,10,3,1,1191,536,3,,-1,0.336067,0.336067,10.208919,false,true,false,false,Self ,0,0.00062,1.043193,,0,0,0,0,0,449,1410,0,
Scan: 680864 Run: DIA12_CV486075:20251228_A2_N1_Mueller_MS_TechHub_IMP_THIDDIAXL003_Cas9_PhoX_DIA12_CV486075_250ng_FAIMS_002 P1_NSDKLIAR P2_KDWDPKK 4 1,DIA12_CV486075:20251228_A2_N1_Mueller_MS_TechHub_IMP_THIDDIAXL003_Cas9_PhoX_DIA12_CV486075_250ng_FAIMS_002,680864,,,0,0,-0,0,3,0,0,Q99ZW2,,,false,Q99ZW2,Q99ZW2,,false,KDWDPKK,NSDKLIAR,1124,1115,7,8,1,4,1124,1118,3,,-1,0.335324,0.335324,10.207061,false,true,false,false,Self ,0,0.000621,1.043553,,0,0,0,0,0,1688,624,0,
Scan: 1653655 Run: DIA12_CV486075:20251228_A2_N1_Mueller_MS_TechHub_IMP_THIDDIAXL003_Cas9_PhoX_DIA12_CV486075_250ng_FAIMS_003 P1_KPAFLSGEQK P2_EDIQKAQVSGQGDSLHEHIANLAGSPAIK 1 5,DIA12_CV486075:20251228_A2_N1_Mueller_MS_TechHub_IMP_THIDDIAXL003_Cas9_PhoX_DIA12_CV486075_250ng_FAIMS_003,1653655,,,0,0,-0,0,5,0,0,Q99ZW2,,,false,Q99ZW2,Q99ZW2,,false,EDIQKAQVSGQGDSLHEHIANLAGSPAIK,KPAFLSGEQK,706,536,29,10,5,1,710,536,5,,-1,0.335279,0.335279,10.206949,false,true,false,false,Self ,0,0.000621,1.043553,,0,0,0,0,0,1585,1493,0,
Scan: 117507 Run: DIA12_CV486075:20251228_A2_N1_Mueller_MS_TechHub_IMP_THIDDIAXL003_Cas9_PhoX_DIA12_CV486075_250ng_FAIMS_001 P1_SSFEKNPIDFLEAK P2_NLPNEKVLPK 5 6,DIA12_CV486075:20251228_A2_N1_Mueller_MS_TechHub_IMP_THIDDIAXL003_Cas9_PhoX_DIA12_CV486075_250ng_FAIMS_001,117507,,,0,0,-0,0,4,0,0,Q99ZW2,,,false,Q99ZW2,Q99ZW2,,false,NLPNEKVLPK,SSFEKNPIDFLEAK,501,1172,10,14,6,5,506,1176,4,,-1,0.335076,0.335076,10.206441,false,true,false,false,Self ,0,0.000621,1.043914,,0,0,0,0,0,1686,1169,0,
Scan: 1143043 Run: DIA12_CV486075:20251228_A2_N1_Mueller_MS_TechHub_IMP_THIDDIAXL003_Cas9_PhoX_DIA12_CV486075_250ng_FAIMS_002 P1_GKSDNVPSEEVVK P2_FKVLGNTDR 2 2,DIA12_CV486075:20251228_A2_N1_Mueller_MS_TechHub_IMP_THIDDIAXL003_Cas9_PhoX_DIA12_CV486075_250ng_FAIMS_002,1143043,,,0,0,-0,0,3,0,0,Q99ZW2,,,false,Q99ZW2,Q99ZW2,,false,FKVLGNTDR,GKSDNVPSEEVVK,32,865,9,13,2,2,33,866,3,,-1,0.334028,0.334028,10.203821,false,true,false,false,Self ,0,0.000622,1.044998,,0,0,0,0,0,615,1422,0,
Scan: 854655 Run: DIA12_CV486075:20251228_A2_N1_Mueller_MS_TechHub_IMP_THIDDIAXL003_Cas9_PhoX_DIA12_CV486075_250ng_FAIMS_002 P1_YKEIFFDQSK P2_YKEIFFDQSK 2 2,DIA12_CV486075:20251228_A2_N1_Mueller_MS_TechHub_IMP_THIDDIAXL003_Cas9_PhoX_DIA12_CV486075_250ng_FAIMS_002,854655,,,0,0,-0,0,3,0,0,Q99ZW2,,,false,Q99ZW2,Q99ZW2,,false,YKEIFFDQSK,YKEIFFDQSK,347,347,10,10,2,2,348,348,3,,-1,0.332249,0.332249,10.199373,false,true,false,false,Self ,0,0.000623,1.04536,,0,0,0,0,0,1684,241,0,
Scan: 145463 Run: DIA12_CV486075:20251228_A2_N1_Mueller_MS_TechHub_IMP_THIDDIAXL003_Cas9_PhoX_DIA12_CV486075_250ng_FAIMS_001 P1_LPKYSLFELENGR P2_FKVLGNTDR 3 2,DIA12_CV486075:20251228_A2_N1_Mueller_MS_TechHub_IMP_THIDDIAXL003_Cas9_PhoX_DIA12_CV486075_250ng_FAIMS_001,145463,,,0,0,-0,0,4,0,0,Q99ZW2,,,false,Q99ZW2,Q99ZW2,,false,FKVLGNTDR,LPKYSLFELENGR,32,1198,9,13,2,3,33,1200,4,,-1,0.331943,0.331943,10.198609,false,true,false,false,Self ,0,0.000624,1.045722,,0,0,0,0,0,1516,1481,0,
Scan: 1508298 Run: DIA12_CV486075:20251228_A2_N1_Mueller_MS_TechHub_IMP_THIDDIAXL003_Cas9_PhoX_DIA12_CV486075_250ng_FAIMS_003 P1_VVDELVKVMGR P2_KSEETITPWNFEEVVDK 7 1,DIA12_CV486075:20251228_A2_N1_Mueller_MS_TechHub_IMP_THIDDIAXL003_Cas9_PhoX_DIA12_CV486075_250ng_FAIMS_003,1508298,,,0,0,-0,0,4,0,0,Q99ZW2,,,false,Q99ZW2,Q99ZW2,,false,KSEETITPWNFEEVVDK,VVDELVKVMGR,468,743,17,11,1,7,468,749,4,,-1,0.330721,0.330721,10.195554,false,true,false,false,Self ,0,0.000625,1.046447,,0,0,0,0,0,365,1393,0,
Scan: 1398526 Run: DIA12_CV486075:20251228_A2_N1_Mueller_MS_TechHub_IMP_THIDDIAXL003_Cas9_PhoX_DIA12_CV486075_250ng_FAIMS_003 P1_NSDKLIAR P2_KLVDSTDK 4 1,DIA12_CV486075:20251228_A2_N1_Mueller_MS_TechHub_IMP_THIDDIAXL003_Cas9_PhoX_DIA12_CV486075_250ng_FAIMS_003,1398526,,,0,0,-0,0,3,0,0,Q99ZW2,,,false,Q99ZW2,Q99ZW2,,false,KLVDSTDK,NSDKLIAR,141,1115,8,8,1,4,141,1118,3,,-1,0.32929,0.32929,10.191977,false,true,false,false,Self ,0,0.000626,1.046447,,0,0,0,0,0,1681,1168,0,
Scan: 353493 Run: DIA12_CV486075:20251228_A2_N1_Mueller_MS_TechHub_IMP_THIDDIAXL003_Cas9_PhoX_DIA12_CV486075_250ng_FAIMS_001 P1_SSFEKNPIDFLEAK P2_MTNFDKNLPNEK 5 6,DIA12_CV486075:20251228_A2_N1_Mueller_MS_TechHub_IMP_THIDDIAXL003_Cas9_PhoX_DIA12_CV486075_250ng_FAIMS_001,353493,,,0,0,-0,0,3,0,0,Q99ZW2,,,false,Q99ZW2,Q99ZW2,,false,MTNFDKNLPNEK,SSFEKNPIDFLEAK,495,1172,12,14,6,5,500,1176,3,,-1,0.328915,0.328915,10.191039,false,true,false,false,Self ,0,0.000626,1.046447,,0,0,0,0,0,1680,1537,0,
Scan: 1445401 Run: DIA12_CV486075:20251228_A2_N1_Mueller_MS_TechHub_IMP_THIDDIAXL003_Cas9_PhoX_DIA12_CV486075_250ng_FAIMS_003 P1_YDEHHQDLTLLKALVR P2_IEKILTFR 12 3,DIA12_CV486075:20251228_A2_N1_Mueller_MS_TechHub_IMP_THIDDIAXL003_Cas9_PhoX_DIA12_CV486075_250ng_FAIMS_003,1445401,,,0,0,-0,0,5,0,0,Q99ZW2,,,false,Q99ZW2,Q99ZW2,,false,IEKILTFR,YDEHHQDLTLLKALVR,440,325,8,16,3,12,442,336,5,,-1,0.328469,0.328469,10.189923,false,true,false,false,Self ,0,0.000627,1.046447,,0,0,0,0,0,461,1404,0,
Scan: 709505 Run: DIA12_CV486075:20251228_A2_N1_Mueller_MS_TechHub_IMP_THIDDIAXL003_Cas9_PhoX_DIA12_CV486075_250ng_FAIMS_002 P1_SSFEKNPIDFLEAK P2_KKDWDPK 5 1,DIA12_CV486075:20251228_A2_N1_Mueller_MS_TechHub_IMP_THIDDIAXL003_Cas9_PhoX_DIA12_CV486075_250ng_FAIMS_002,709505,,,0,0,-0,0,3,0,0,Q99ZW2,,,false,Q99ZW2,Q99ZW2,,false,KKDWDPK,SSFEKNPIDFLEAK,1123,1172,7,14,1,5,1123,1176,3,,-1,0.326677,0.326677,10.185445,false,true,false,false,Self ,0,0.000628,1.047173,,0,0,0,0,0,1542,1382,0,
Scan: 571341 Run: DIA12_CV486075:20251228_A2_N1_Mueller_MS_TechHub_IMP_THIDDIAXL003_Cas9_PhoX_DIA12_CV486075_250ng_FAIMS_001 P1_QITKHVAQILDSR P2_LPKYSLFELENGR 4 3,DIA12_CV486075:20251228_A2_N1_Mueller_MS_TechHub_IMP_THIDDIAXL003_Cas9_PhoX_DIA12_CV486075_250ng_FAIMS_001,571341,,,0,0,-0,0,4,0,0,Q99ZW2,,,false,Q99ZW2,Q99ZW2,,false,LPKYSLFELENGR,QITKHVAQILDSR,1198,926,13,13,3,4,1200,929,4,,-1,0.326026,0.326026,10.183817,false,true,false,false,Self ,0,0.000629,1.047173,,0,0,0,0,0,1677,1167,0,
Scan: 1119880 Run: DIA12_CV486075:20251228_A2_N1_Mueller_MS_TechHub_IMP_THIDDIAXL003_Cas9_PhoX_DIA12_CV486075_250ng_FAIMS_002 P1_YKEIFFDQSK P2_ELGSQILKEHPVENTQLQNEK 2 8,DIA12_CV486075:20251228_A2_N1_Mueller_MS_TechHub_IMP_THIDDIAXL003_Cas9_PhoX_DIA12_CV486075_250ng_FAIMS_002,1119880,,,0,0,-0,0,4,0,0,Q99ZW2,,,false,Q99ZW2,Q99ZW2,,false,ELGSQILKEHPVENTQLQNEK,YKEIFFDQSK,790,347,21,10,8,2,797,348,4,,-1,0.325788,0.325788,10.183222,false,true,false,false,Self ,0,0.000629,1.047173,,0,0,0,0,0,863,1437,0,
Scan: 1268408 Run: DIA12_CV486075:20251228_A2_N1_Mueller_MS_TechHub_IMP_THIDDIAXL003_Cas9_PhoX_DIA12_CV486075_250ng_FAIMS_003 P1_KTEVQTGGFSKESILPK P2_EDIQKAQVSGQGDSLHEHIANLAGSPAIK 11 5,DIA12_CV486075:20251228_A2_N1_Mueller_MS_TechHub_IMP_THIDDIAXL003_Cas9_PhoX_DIA12_CV486075_250ng_FAIMS_003,1268408,,,0,0,-0,0,6,0,0,Q99ZW2,,,false,Q99ZW2,Q99ZW2,,false,EDIQKAQVSGQGDSLHEHIANLAGSPAIK,KTEVQTGGFSKESILPK,706,1097,29,17,5,11,710,1107,6,,-1,0.3255,0.3255,10.182502,false,true,false,false,Self ,0,0.000629,1.047173,,0,0,0,0,0,1675,781,0,
Scan: 1338375 Run: DIA12_CV486075:20251228_A2_N1_Mueller_MS_TechHub_IMP_THIDDIAXL003_Cas9_PhoX_DIA12_CV486075_250ng_FAIMS_003 P1_LPKYSLFELENGR P2_KDWDPK 3 1,DIA12_CV486075:20251228_A2_N1_Mueller_MS_TechHub_IMP_THIDDIAXL003_Cas9_PhoX_DIA12_CV486075_250ng_FAIMS_003,1338375,,,0,0,-0,0,3,0,0,Q99ZW2,,,false,Q99ZW2,Q99ZW2,,false,KDWDPK,LPKYSLFELENGR,1124,1198,6,13,1,3,1124,1200,3,,-1,0.324984,0.324984,10.181212,false,true,false,false,Self ,0,0.00063,1.047173,,0,0,0,0,0,1674,1166,0,
Scan: 1043085 Run: DIA12_CV486075:20251228_A2_N1_Mueller_MS_TechHub_IMP_THIDDIAXL003_Cas9_PhoX_DIA12_CV486075_250ng_FAIMS_002 P1_TILDFLKSDGFANR P2_SEETITPWNFEEVVDKGASAQSFIER 7 16,DIA12_CV486075:20251228_A2_N1_Mueller_MS_TechHub_IMP_THIDDIAXL003_Cas9_PhoX_DIA12_CV486075_250ng_FAIMS_002,1043085,,,0,0,-0,0,4,0,0,Q99ZW2,,,false,Q99ZW2,Q99ZW2,,false,SEETITPWNFEEVVDKGASAQSFIER,TILDFLKSDGFANR,469,678,26,14,16,7,484,684,4,,-1,0.323186,0.323186,10.176717,false,true,false,false,Self ,0,0.000631,1.047173,,0,0,0,0,0,1673,1165,0,
Scan: 1783630 Run: DIA12_CV486075:20251228_A2_N1_Mueller_MS_TechHub_IMP_THIDDIAXL003_Cas9_PhoX_DIA12_CV486075_250ng_FAIMS_003 P1_SKLVSDFR P2_IEKILTFR 2 3,DIA12_CV486075:20251228_A2_N1_Mueller_MS_TechHub_IMP_THIDDIAXL003_Cas9_PhoX_DIA12_CV486075_250ng_FAIMS_003,1783630,,,0,0,-0,0,3,0,0,Q99ZW2,,,false,Q99ZW2,Q99ZW2,,false,IEKILTFR,SKLVSDFR,440,960,8,8,3,2,442,961,3,,-1,0.322933,0.322933,10.176084,false,true,false,false,Self ,0,0.000631,1.047173,,0,0,0,0,0,1672,1164,0,
Scan: 1623136 Run: DIA12_CV486075:20251228_A2_N1_Mueller_MS_TechHub_IMP_THIDDIAXL003_Cas9_PhoX_DIA12_CV486075_250ng_FAIMS_003 P1_KLINGIR P2_KDWDPK 1 1,DIA12_CV486075:20251228_A2_N1_Mueller_MS_TechHub_IMP_THIDDIAXL003_Cas9_PhoX_DIA12_CV486075_250ng_FAIMS_003,1623136,,,0,0,-0,0,4,0,0,Q99ZW2,,,false,Q99ZW2,Q99ZW2,,false,KDWDPK,KLINGIR,1124,665,6,7,1,1,1124,665,4,,-1,0.322669,0.322669,10.175424,false,true,false,false,Self ,0,0.000632,1.047173,,0,0,0,0,0,478,59,0,
Scan: 667053 Run: DIA12_CV486075:20251228_A2_N1_Mueller_MS_TechHub_IMP_THIDDIAXL003_Cas9_PhoX_DIA12_CV486075_250ng_FAIMS_002 P1_KTEVQTGGFSKESILPK P2_FKVLGNTDR 11 2,DIA12_CV486075:20251228_A2_N1_Mueller_MS_TechHub_IMP_THIDDIAXL003_Cas9_PhoX_DIA12_CV486075_250ng_FAIMS_002,667053,,,0,0,-0,0,4,0,0,Q99ZW2,,,false,Q99ZW2,Q99ZW2,,false,FKVLGNTDR,KTEVQTGGFSKESILPK,32,1097,9,17,2,11,33,1107,4,,-1,0.322665,0.322665,10.175413,false,true,false,false,Self ,0,0.000632,1.047173,,0,0,0,0,0,1670,1000,0,
Scan: 83409 Run: DIA12_CV486075:20251228_A2_N1_Mueller_MS_TechHub_IMP_THIDDIAXL003_Cas9_PhoX_DIA12_CV486075_250ng_FAIMS_001 P1_RNSDKLIAR P2_KDWDPK 5 1,DIA12_CV486075:20251228_A2_N1_Mueller_MS_TechHub_IMP_THIDDIAXL003_Cas9_PhoX_DIA12_CV486075_250ng_FAIMS_001,83409,,,0,0,-0,0,3,0,0,Q99ZW2,,,false,Q99ZW2,Q99ZW2,,false,KDWDPK,RNSDKLIAR,1124,1114,6,9,1,5,1124,1118,3,,-1,0.322207,0.322207,10.174267,false,true,false,false,Self ,0,0.000632,1.047536,,0,0,0,0,0,1365,624,0,
Scan: 1037359 Run: DIA12_CV486075:20251228_A2_N1_Mueller_MS_TechHub_IMP_THIDDIAXL003_Cas9_PhoX_DIA12_CV486075_250ng_FAIMS_002 P1_QSGKTILDFLK P2_KLINGIR 4 1,DIA12_CV486075:20251228_A2_N1_Mueller_MS_TechHub_IMP_THIDDIAXL003_Cas9_PhoX_DIA12_CV486075_250ng_FAIMS_002,1037359,,,0,0,-0,0,3,0,0,Q99ZW2,,,false,Q99ZW2,Q99ZW2,,false,KLINGIR,QSGKTILDFLK,665,674,7,11,1,4,665,677,3,,-1,0.32187,0.32187,10.173425,false,true,false,false,Self ,0,0.000632,1.047536,,0,0,0,0,0,1371,1463,0,
Scan: 1146969 Run: DIA12_CV486075:20251228_A2_N1_Mueller_MS_TechHub_IMP_THIDDIAXL003_Cas9_PhoX_DIA12_CV486075_250ng_FAIMS_002 P1_YDENDKLIR P2_GKSDNVPSEEVVK 6 2,DIA12_CV486075:20251228_A2_N1_Mueller_MS_TechHub_IMP_THIDDIAXL003_Cas9_PhoX_DIA12_CV486075_250ng_FAIMS_002,1146969,,,0,0,-0,0,3,0,0,Q99ZW2,,,false,Q99ZW2,Q99ZW2,,false,GKSDNVPSEEVVK,YDENDKLIR,865,943,13,9,2,6,866,948,3,,-1,0.321038,0.321038,10.171345,false,true,false,false,Self ,0,0.000633,1.047536,,0,0,0,0,0,1667,1162,0,
Scan: 1028265 Run: DIA12_CV486075:20251228_A2_N1_Mueller_MS_TechHub_IMP_THIDDIAXL003_Cas9_PhoX_DIA12_CV486075_250ng_FAIMS_002 P1_KLINGIR P2_KLINGIR 1 1,DIA12_CV486075:20251228_A2_N1_Mueller_MS_TechHub_IMP_THIDDIAXL003_Cas9_PhoX_DIA12_CV486075_250ng_FAIMS_002,1028265,,,0,0,-0,0,3,0,0,Q99ZW2,,,false,Q99ZW2,Q99ZW2,,false,KLINGIR,KLINGIR,665,665,7,7,1,1,665,665,3,,-1,0.320949,0.320949,10.171124,false,true,false,false,Self ,0,0.000633,1.047536,,0,0,0,0,0,1666,1161,0,
Scan: 164278 Run: DIA12_CV486075:20251228_A2_N1_Mueller_MS_TechHub_IMP_THIDDIAXL003_Cas9_PhoX_DIA12_CV486075_250ng_FAIMS_001 P1_LKGSPEDNEQK P2_DDSIDNKVLTR 2 7,DIA12_CV486075:20251228_A2_N1_Mueller_MS_TechHub_IMP_THIDDIAXL003_Cas9_PhoX_DIA12_CV486075_250ng_FAIMS_001,164278,,,0,0,-0,0,3,0,0,Q99ZW2,,,false,Q99ZW2,Q99ZW2,,false,DDSIDNKVLTR,LKGSPEDNEQK,849,1245,11,11,7,2,855,1246,3,,-1,0.319547,0.319547,10.167617,false,true,false,false,Self ,0,0.000634,1.0479,,0,0,0,0,0,433,1392,0,
Scan: 1584780 Run: DIA12_CV486075:20251228_A2_N1_Mueller_MS_TechHub_IMP_THIDDIAXL003_Cas9_PhoX_DIA12_CV486075_250ng_FAIMS_003 P1_QITKHVAQILDSR P2_KPAFLSGEQK 4 1,DIA12_CV486075:20251228_A2_N1_Mueller_MS_TechHub_IMP_THIDDIAXL003_Cas9_PhoX_DIA12_CV486075_250ng_FAIMS_003,1584780,,,0,0,-0,0,4,0,0,Q99ZW2,,,false,Q99ZW2,Q99ZW2,,false,KPAFLSGEQK,QITKHVAQILDSR,536,926,10,13,1,4,536,929,4,,-1,0.319517,0.319517,10.167544,false,true,false,false,Self ,0,0.000634,1.0479,,0,0,0,0,0,1664,1160,0,
Scan: 784223 Run: DIA12_CV486075:20251228_A2_N1_Mueller_MS_TechHub_IMP_THIDDIAXL003_Cas9_PhoX_DIA12_CV486075_250ng_FAIMS_002 P1_VLSAYNKHR P2_NSDKLIAR 7 4,DIA12_CV486075:20251228_A2_N1_Mueller_MS_TechHub_IMP_THIDDIAXL003_Cas9_PhoX_DIA12_CV486075_250ng_FAIMS_002,784223,,,0,0,-0,0,3,0,0,Q99ZW2,,,false,Q99ZW2,Q99ZW2,,false,NSDKLIAR,VLSAYNKHR,1115,1290,8,9,4,7,1118,1296,3,,-1,0.318198,0.318198,10.164245,false,true,false,false,Self ,0,0.000635,1.0479,,0,0,0,0,0,289,1380,0,
Scan: 1027132 Run: DIA12_CV486075:20251228_A2_N1_Mueller_MS_TechHub_IMP_THIDDIAXL003_Cas9_PhoX_DIA12_CV486075_250ng_FAIMS_002 P1_KLINGIR P2_IEKILTFR 1 3,DIA12_CV486075:20251228_A2_N1_Mueller_MS_TechHub_IMP_THIDDIAXL003_Cas9_PhoX_DIA12_CV486075_250ng_FAIMS_002,1027132,,,0,0,-0,0,4,0,0,Q99ZW2,,,false,Q99ZW2,Q99ZW2,,false,IEKILTFR,KLINGIR,440,665,8,7,3,1,442,665,4,,-1,0.317854,0.317854,10.163387,false,true,false,false,Self ,0,0.000636,1.048264,,0,0,0,0,0,1662,384,0,
Scan: 1158226 Run: DIA12_CV486075:20251228_A2_N1_Mueller_MS_TechHub_IMP_THIDDIAXL003_Cas9_PhoX_DIA12_CV486075_250ng_FAIMS_002 P1_QLLNAKLITQR P2_KDFQFYK 6 1,DIA12_CV486075:20251228_A2_N1_Mueller_MS_TechHub_IMP_THIDDIAXL003_Cas9_PhoX_DIA12_CV486075_250ng_FAIMS_002,1158226,,,0,0,-0,0,4,0,0,Q99ZW2,,,false,Q99ZW2,Q99ZW2,,false,KDFQFYK,QLLNAKLITQR,968,885,7,11,1,6,968,890,4,,-1,0.317756,0.317756,10.163141,false,true,false,false,Self ,0,0.000636,1.048264,,0,0,0,0,0,1661,1159,0,
Scan: 1440559 Run: DIA12_CV486075:20251228_A2_N1_Mueller_MS_TechHub_IMP_THIDDIAXL003_Cas9_PhoX_DIA12_CV486075_250ng_FAIMS_003 P1_QLLNAKLITQR P2_FKVLGNTDR 6 2,DIA12_CV486075:20251228_A2_N1_Mueller_MS_TechHub_IMP_THIDDIAXL003_Cas9_PhoX_DIA12_CV486075_250ng_FAIMS_003,1440559,,,0,0,-0,0,4,0,0,Q99ZW2,,,false,Q99ZW2,Q99ZW2,,false,FKVLGNTDR,QLLNAKLITQR,32,885,9,11,2,6,33,890,4,,-1,0.31775,0.31775,10.163127,false,true,false,false,Self ,0,0.000636,1.048264,,0,0,0,0,0,1660,1158,0,
Scan: 593622 Run: DIA12_CV486075:20251228_A2_N1_Mueller_MS_TechHub_IMP_THIDDIAXL003_Cas9_PhoX_DIA12_CV486075_250ng_FAIMS_001 P1_LKGSPEDNEQK P2_KDFQFYK 2 1,DIA12_CV486075:20251228_A2_N1_Mueller_MS_TechHub_IMP_THIDDIAXL003_Cas9_PhoX_DIA12_CV486075_250ng_FAIMS_001,593622,,,0,0,-0,0,4,0,0,Q99ZW2,,,false,Q99ZW2,Q99ZW2,,false,KDFQFYK,LKGSPEDNEQK,968,1245,7,11,1,2,968,1246,4,,-1,0.317673,0.317673,10.162933,false,true,false,false,Self ,0,0.000636,1.048264,,0,0,0,0,0,1659,1551,0,
Scan: 1582689 Run: DIA12_CV486075:20251228_A2_N1_Mueller_MS_TechHub_IMP_THIDDIAXL003_Cas9_PhoX_DIA12_CV486075_250ng_FAIMS_003 P1_KPAFLSGEQK P2_GILQTVKVVDELVK 1 7,DIA12_CV486075:20251228_A2_N1_Mueller_MS_TechHub_IMP_THIDDIAXL003_Cas9_PhoX_DIA12_CV486075_250ng_FAIMS_003,1582689,,,0,0,-0,0,4,0,0,Q99ZW2,,,false,Q99ZW2,Q99ZW2,,false,GILQTVKVVDELVK,KPAFLSGEQK,736,536,14,10,7,1,742,536,4,,-1,0.316426,0.316426,10.159817,false,true,false,false,Self ,0,0.000637,1.048264,,0,0,0,0,0,1658,1157,0,
Scan: 1581768 Run: DIA12_CV486075:20251228_A2_N1_Mueller_MS_TechHub_IMP_THIDDIAXL003_Cas9_PhoX_DIA12_CV486075_250ng_FAIMS_003 P1_KPAFLSGEQK P2_KLINGIR 1 1,DIA12_CV486075:20251228_A2_N1_Mueller_MS_TechHub_IMP_THIDDIAXL003_Cas9_PhoX_DIA12_CV486075_250ng_FAIMS_003,1581768,,,0,0,-0,0,4,0,0,Q99ZW2,,,false,Q99ZW2,Q99ZW2,,false,KLINGIR,KPAFLSGEQK,665,536,7,10,1,1,665,536,4,,-1,0.316179,0.316179,10.159199,false,true,false,false,Self ,0,0.000637,1.048264,,0,0,0,0,0,1657,1531,0,
Scan: 1284944 Run: DIA12_CV486075:20251228_A2_N1_Mueller_MS_TechHub_IMP_THIDDIAXL003_Cas9_PhoX_DIA12_CV486075_250ng_FAIMS_003 P1_QLKEDYFK P2_NSDKLIAR 3 4,DIA12_CV486075:20251228_A2_N1_Mueller_MS_TechHub_IMP_THIDDIAXL003_Cas9_PhoX_DIA12_CV486075_250ng_FAIMS_003,1284944,,,0,0,-0,0,3,0,0,Q99ZW2,,,false,Q99ZW2,Q99ZW2,,false,NSDKLIAR,QLKEDYFK,1115,563,8,8,4,3,1118,565,3,,-1,0.315851,0.315851,10.158378,false,true,false,false,Self ,0,0.000637,1.048264,,0,0,0,0,0,1656,1156,0,
Scan: 1688272 Run: DIA12_CV486075:20251228_A2_N1_Mueller_MS_TechHub_IMP_THIDDIAXL003_Cas9_PhoX_DIA12_CV486075_250ng_FAIMS_003 P1_SEETITPWNFEEVVDKGASAQSFIER P2_GILQTVKVVDELVK 16 7,DIA12_CV486075:20251228_A2_N1_Mueller_MS_TechHub_IMP_THIDDIAXL003_Cas9_PhoX_DIA12_CV486075_250ng_FAIMS_003,1688272,,,0,0,-0,0,4,0,0,Q99ZW2,,,false,Q99ZW2,Q99ZW2,,false,GILQTVKVVDELVK,SEETITPWNFEEVVDKGASAQSFIER,736,469,14,26,7,16,742,484,4,,-1,0.315531,0.315531,10.157578,false,true,false,false,Self ,0,0.000638,1.048264,,0,0,0,0,0,52,1049,0,
Scan: 344009 Run: DIA12_CV486075:20251228_A2_N1_Mueller_MS_TechHub_IMP_THIDDIAXL003_Cas9_PhoX_DIA12_CV486075_250ng_FAIMS_001 P1_YKEIFFDQSK P2_SEETITPWNFEEVVDKGASAQSFIER 2 16,DIA12_CV486075:20251228_A2_N1_Mueller_MS_TechHub_IMP_THIDDIAXL003_Cas9_PhoX_DIA12_CV486075_250ng_FAIMS_001,344009,,,0,0,-0,0,4,0,0,Q99ZW2,,,false,Q99ZW2,Q99ZW2,,false,SEETITPWNFEEVVDKGASAQSFIER,YKEIFFDQSK,469,347,26,10,16,2,484,348,4,,-1,0.311351,0.311351,10.147129,false,true,false,false,Self ,0,0.000641,1.050087,,0,0,0,0,0,1654,1155,0,
Scan: 695845 Run: DIA12_CV486075:20251228_A2_N1_Mueller_MS_TechHub_IMP_THIDDIAXL003_Cas9_PhoX_DIA12_CV486075_250ng_FAIMS_002 P1_KDWDPK P2_DKQSGK 1 2,DIA12_CV486075:20251228_A2_N1_Mueller_MS_TechHub_IMP_THIDDIAXL003_Cas9_PhoX_DIA12_CV486075_250ng_FAIMS_002,695845,,,0,0,-0,0,3,0,0,Q99ZW2,,,false,Q99ZW2,Q99ZW2,,false,DKQSGK,KDWDPK,672,1124,6,6,2,1,673,1124,3,,-1,0.309621,0.309621,10.142803,false,true,false,false,Self ,0,0.000643,1.051184,,0,0,0,0,0,1653,1154,0,
Scan: 37204 Run: DIA12_CV486075:20251228_A2_N1_Mueller_MS_TechHub_IMP_THIDDIAXL003_Cas9_PhoX_DIA12_CV486075_250ng_FAIMS_001 P1_LPKYSLFELENGR P2_KTEVQTGGFSK 3 1,DIA12_CV486075:20251228_A2_N1_Mueller_MS_TechHub_IMP_THIDDIAXL003_Cas9_PhoX_DIA12_CV486075_250ng_FAIMS_001,37204,,,0,0,-0,0,4,0,0,Q99ZW2,,,false,Q99ZW2,Q99ZW2,,false,KTEVQTGGFSK,LPKYSLFELENGR,1097,1198,11,13,1,3,1097,1200,4,,-1,0.309255,0.309255,10.141887,false,true,false,false,Self ,0,0.000643,1.051184,,0,0,0,0,0,1571,1479,0,
Scan: 733144 Run: DIA12_CV486075:20251228_A2_N1_Mueller_MS_TechHub_IMP_THIDDIAXL003_Cas9_PhoX_DIA12_CV486075_250ng_FAIMS_002 P1_KDLIIK P2_FKVLGNTDR 1 2,DIA12_CV486075:20251228_A2_N1_Mueller_MS_TechHub_IMP_THIDDIAXL003_Cas9_PhoX_DIA12_CV486075_250ng_FAIMS_002,733144,,,0,0,-0,0,3,0,0,Q99ZW2,,,false,Q99ZW2,Q99ZW2,,false,FKVLGNTDR,KDLIIK,32,1192,9,6,2,1,33,1192,3,,-1,0.30908,0.30908,10.141451,false,true,false,false,Self ,0,0.000643,1.051184,,0,0,0,0,0,1651,1153,0,
Scan: 344868 Run: DIA12_CV486075:20251228_A2_N1_Mueller_MS_TechHub_IMP_THIDDIAXL003_Cas9_PhoX_DIA12_CV486075_250ng_FAIMS_001 P1_SEETITPWNFEEVVDKGASAQSFIER P2_IEKILTFR 16 3,DIA12_CV486075:20251228_A2_N1_Mueller_MS_TechHub_IMP_THIDDIAXL003_Cas9_PhoX_DIA12_CV486075_250ng_FAIMS_001,344868,,,0,0,-0,0,4,0,0,Q99ZW2,,,false,Q99ZW2,Q99ZW2,,false,IEKILTFR,SEETITPWNFEEVVDKGASAQSFIER,440,469,8,26,3,16,442,484,4,,-1,0.308894,0.308894,10.140986,false,true,false,false,Self ,0,0.000643,1.05155,,0,0,0,0,0,1650,1152,0,
Scan: 638633 Run: DIA12_CV486075:20251228_A2_N1_Mueller_MS_TechHub_IMP_THIDDIAXL003_Cas9_PhoX_DIA12_CV486075_250ng_FAIMS_002 P1_KTEVQTGGFSK P2_ELGSQILKEHPVENTQLQNEK 1 8,DIA12_CV486075:20251228_A2_N1_Mueller_MS_TechHub_IMP_THIDDIAXL003_Cas9_PhoX_DIA12_CV486075_250ng_FAIMS_002,638633,,,0,0,-0,0,4,0,0,Q99ZW2,,,false,Q99ZW2,Q99ZW2,,false,ELGSQILKEHPVENTQLQNEK,KTEVQTGGFSK,790,1097,21,11,8,1,797,1097,4,,-1,0.308556,0.308556,10.140142,false,true,false,false,Self ,0,0.000644,1.05155,,0,0,0,0,0,1649,1151,0,
Scan: 1043755 Run: DIA12_CV486075:20251228_A2_N1_Mueller_MS_TechHub_IMP_THIDDIAXL003_Cas9_PhoX_DIA12_CV486075_250ng_FAIMS_002 P1_TILDFLKSDGFANR P2_KAIVDLLFK 7 1,DIA12_CV486075:20251228_A2_N1_Mueller_MS_TechHub_IMP_THIDDIAXL003_Cas9_PhoX_DIA12_CV486075_250ng_FAIMS_002,1043755,,,0,0,-0,0,4,0,0,Q99ZW2,,,false,Q99ZW2,Q99ZW2,,false,KAIVDLLFK,TILDFLKSDGFANR,546,678,9,14,1,7,546,684,4,,-1,0.308263,0.308263,10.139409,false,true,false,false,Self ,0,0.000644,1.051916,,0,0,0,0,0,1600,1484,0,
Scan: 1290862 Run: DIA12_CV486075:20251228_A2_N1_Mueller_MS_TechHub_IMP_THIDDIAXL003_Cas9_PhoX_DIA12_CV486075_250ng_FAIMS_003 P1_KKDWDPK P2_DKQSGK 1 2,DIA12_CV486075:20251228_A2_N1_Mueller_MS_TechHub_IMP_THIDDIAXL003_Cas9_PhoX_DIA12_CV486075_250ng_FAIMS_003,1290862,,,0,0,-0,0,4,0,0,Q99ZW2,,,false,Q99ZW2,Q99ZW2,,false,DKQSGK,KKDWDPK,672,1123,6,7,2,1,673,1123,4,,-1,0.30814,0.30814,10.139102,false,true,false,false,Self ,0,0.000644,1.051916,,0,0,0,0,0,1164,1446,0,
Scan: 633844 Run: DIA12_CV486075:20251228_A2_N1_Mueller_MS_TechHub_IMP_THIDDIAXL003_Cas9_PhoX_DIA12_CV486075_250ng_FAIMS_002 P1_KTEVQTGGFSK P2_KKDWDPK 1 1,DIA12_CV486075:20251228_A2_N1_Mueller_MS_TechHub_IMP_THIDDIAXL003_Cas9_PhoX_DIA12_CV486075_250ng_FAIMS_002,633844,,,0,0,-0,0,3,0,0,Q99ZW2,,,false,Q99ZW2,Q99ZW2,,false,KKDWDPK,KTEVQTGGFSK,1123,1097,7,11,1,1,1123,1097,3,,-1,0.30795,0.30795,10.138627,false,true,false,false,Self ,0,0.000644,1.051916,,0,0,0,0,0,659,1415,0,
Scan: 88426 Run: DIA12_CV486075:20251228_A2_N1_Mueller_MS_TechHub_IMP_THIDDIAXL003_Cas9_PhoX_DIA12_CV486075_250ng_FAIMS_001 P1_NSDKLIAR P2_IEKILTFR 4 3,DIA12_CV486075:20251228_A2_N1_Mueller_MS_TechHub_IMP_THIDDIAXL003_Cas9_PhoX_DIA12_CV486075_250ng_FAIMS_001,88426,,,0,0,-0,0,3,0,0,Q99ZW2,,,false,Q99ZW2,Q99ZW2,,false,IEKILTFR,NSDKLIAR,440,1115,8,8,3,4,442,1118,3,,-1,0.307738,0.307738,10.138097,false,true,false,false,Self ,0,0.000644,1.051916,,0,0,0,0,0,796,1273,0,
Scan: 1549593 Run: DIA12_CV486075:20251228_A2_N1_Mueller_MS_TechHub_IMP_THIDDIAXL003_Cas9_PhoX_DIA12_CV486075_250ng_FAIMS_003 P1_MTNFDKNLPNEK P2_DLIIKLPK 6 5,DIA12_CV486075:20251228_A2_N1_Mueller_MS_TechHub_IMP_THIDDIAXL003_Cas9_PhoX_DIA12_CV486075_250ng_FAIMS_003,1549593,,,0,0,-0,0,3,0,0,Q99ZW2,,,false,Q99ZW2,Q99ZW2,,false,DLIIKLPK,MTNFDKNLPNEK,1193,495,8,12,5,6,1197,500,3,,-1,0.306885,0.306885,10.135965,false,true,false,false,Self ,0,0.000645,1.051916,,0,0,0,0,0,1644,583,0,
Scan: 855275 Run: DIA12_CV486075:20251228_A2_N1_Mueller_MS_TechHub_IMP_THIDDIAXL003_Cas9_PhoX_DIA12_CV486075_250ng_FAIMS_002 P1_YKEIFFDQSK P2_FIKPILEK 2 3,DIA12_CV486075:20251228_A2_N1_Mueller_MS_TechHub_IMP_THIDDIAXL003_Cas9_PhoX_DIA12_CV486075_250ng_FAIMS_002,855275,,,0,0,-0,0,3,0,0,Q99ZW2,,,false,Q99ZW2,Q99ZW2,,false,FIKPILEK,YKEIFFDQSK,375,347,8,10,3,2,377,348,3,,-1,0.306839,0.306839,10.135848,false,true,false,false,Self ,0,0.000645,1.051916,,0,0,0,0,0,1643,1149,0,
Scan: 1025494 Run: DIA12_CV486075:20251228_A2_N1_Mueller_MS_TechHub_IMP_THIDDIAXL003_Cas9_PhoX_DIA12_CV486075_250ng_FAIMS_002 P1_NSDKLIAR P2_KLINGIR 4 1,DIA12_CV486075:20251228_A2_N1_Mueller_MS_TechHub_IMP_THIDDIAXL003_Cas9_PhoX_DIA12_CV486075_250ng_FAIMS_002,1025494,,,0,0,-0,0,3,0,0,Q99ZW2,,,false,Q99ZW2,Q99ZW2,,false,KLINGIR,NSDKLIAR,665,1115,7,8,1,4,665,1118,3,,-1,0.306586,0.306586,10.135216,false,true,false,false,Self ,0,0.000645,1.051916,,0,0,0,0,0,1642,303,0,
Scan: 1581303 Run: DIA12_CV486075:20251228_A2_N1_Mueller_MS_TechHub_IMP_THIDDIAXL003_Cas9_PhoX_DIA12_CV486075_250ng_FAIMS_003 P1_QLKEDYFK P2_KPAFLSGEQK 3 1,DIA12_CV486075:20251228_A2_N1_Mueller_MS_TechHub_IMP_THIDDIAXL003_Cas9_PhoX_DIA12_CV486075_250ng_FAIMS_003,1581303,,,0,0,-0,0,3,0,0,Q99ZW2,,,false,Q99ZW2,Q99ZW2,,false,KPAFLSGEQK,QLKEDYFK,536,563,10,8,1,3,536,565,3,,-1,0.305446,0.305446,10.132365,false,true,false,false,Self ,0,0.000646,1.053017,,0,0,0,0,0,1487,1468,0,
Scan: 1235788 Run: DIA12_CV486075:20251228_A2_N1_Mueller_MS_TechHub_IMP_THIDDIAXL003_Cas9_PhoX_DIA12_CV486075_250ng_FAIMS_003 P1_KTEVQTGGFSK P2_KGILQTVKVVDELVK 1 8,DIA12_CV486075:20251228_A2_N1_Mueller_MS_TechHub_IMP_THIDDIAXL003_Cas9_PhoX_DIA12_CV486075_250ng_FAIMS_003,1235788,,,0,0,-0,0,4,0,0,Q99ZW2,,,false,Q99ZW2,Q99ZW2,,false,KGILQTVKVVDELVK,KTEVQTGGFSK,735,1097,15,11,8,1,742,1097,4,,-1,0.305296,0.305296,10.131991,false,true,false,false,Self ,0,0.000646,1.053017,,0,0,0,0,0,385,1381,0,
Scan: 347638 Run: DIA12_CV486075:20251228_A2_N1_Mueller_MS_TechHub_IMP_THIDDIAXL003_Cas9_PhoX_DIA12_CV486075_250ng_FAIMS_001 P1_SEETITPWNFEEVVDKGASAQSFIER P2_KPAFLSGEQK 16 1,DIA12_CV486075:20251228_A2_N1_Mueller_MS_TechHub_IMP_THIDDIAXL003_Cas9_PhoX_DIA12_CV486075_250ng_FAIMS_001,347638,,,0,0,-0,0,4,0,0,Q99ZW2,,,false,Q99ZW2,Q99ZW2,,false,KPAFLSGEQK,SEETITPWNFEEVVDKGASAQSFIER,536,469,10,26,1,16,536,484,4,,-1,0.304733,0.304733,10.130585,false,true,false,false,Self ,0,0.000647,1.053017,,0,0,0,0,0,1639,1148,0,
Scan: 1081275 Run: DIA12_CV486075:20251228_A2_N1_Mueller_MS_TechHub_IMP_THIDDIAXL003_Cas9_PhoX_DIA12_CV486075_250ng_FAIMS_002 P1_YKEIFFDQSK P2_KGILQTVK 2 1,DIA12_CV486075:20251228_A2_N1_Mueller_MS_TechHub_IMP_THIDDIAXL003_Cas9_PhoX_DIA12_CV486075_250ng_FAIMS_002,1081275,,,0,0,-0,0,3,0,0,Q99ZW2,,,false,Q99ZW2,Q99ZW2,,false,KGILQTVK,YKEIFFDQSK,735,347,8,10,1,2,735,348,3,,-1,0.30454,0.30454,10.1301,false,true,false,false,Self ,0,0.000647,1.053017,,0,0,0,0,0,1127,1442,0,
Scan: 948285 Run: DIA12_CV486075:20251228_A2_N1_Mueller_MS_TechHub_IMP_THIDDIAXL003_Cas9_PhoX_DIA12_CV486075_250ng_FAIMS_002 P1_VVDELVKVMGR P2_SEETITPWNFEEVVDKGASAQSFIER 7 16,DIA12_CV486075:20251228_A2_N1_Mueller_MS_TechHub_IMP_THIDDIAXL003_Cas9_PhoX_DIA12_CV486075_250ng_FAIMS_002,948285,,,0,0,-0,0,4,0,0,Q99ZW2,,,false,Q99ZW2,Q99ZW2,,false,SEETITPWNFEEVVDKGASAQSFIER,VVDELVKVMGR,469,743,26,11,16,7,484,749,4,,-1,0.303851,0.303851,10.128378,false,true,false,false,Self ,0,0.000648,1.053385,,0,0,0,0,0,1637,1147,0,
Scan: 1162621 Run: DIA12_CV486075:20251228_A2_N1_Mueller_MS_TechHub_IMP_THIDDIAXL003_Cas9_PhoX_DIA12_CV486075_250ng_FAIMS_002 P1_GKSDNVPSEEVVK P2_FDNLTKAER 2 6,DIA12_CV486075:20251228_A2_N1_Mueller_MS_TechHub_IMP_THIDDIAXL003_Cas9_PhoX_DIA12_CV486075_250ng_FAIMS_002,1162621,,,0,0,-0,0,3,0,0,Q99ZW2,,,false,Q99ZW2,Q99ZW2,,false,FDNLTKAER,GKSDNVPSEEVVK,897,865,9,13,6,2,902,866,3,,-1,0.303193,0.303193,10.126734,false,true,false,false,Self ,0,0.000648,1.053752,,0,0,0,0,0,154,1322,0,
Scan: 1584688 Run: DIA12_CV486075:20251228_A2_N1_Mueller_MS_TechHub_IMP_THIDDIAXL003_Cas9_PhoX_DIA12_CV486075_250ng_FAIMS_003 P1_KPAFLSGEQK P2_ICYLQEIFSNEMAKVDDSFFHR 1 14,DIA12_CV486075:20251228_A2_N1_Mueller_MS_TechHub_IMP_THIDDIAXL003_Cas9_PhoX_DIA12_CV486075_250ng_FAIMS_003,1584688,,,0,0,-0,0,5,0,0,Q99ZW2,,,false,Q99ZW2,Q99ZW2,,false,ICYLQEIFSNEMAKVDDSFFHR,KPAFLSGEQK,79,536,22,10,14,1,92,536,5,,-1,0.303068,0.303068,10.126422,false,true,false,false,Self ,0,0.000648,1.053752,,0,0,0,0,0,808,1423,0,
Scan: 444920 Run: DIA12_CV486075:20251228_A2_N1_Mueller_MS_TechHub_IMP_THIDDIAXL003_Cas9_PhoX_DIA12_CV486075_250ng_FAIMS_001 P1_TILDFLKSDGFANR P2_IEKILTFR 7 3,DIA12_CV486075:20251228_A2_N1_Mueller_MS_TechHub_IMP_THIDDIAXL003_Cas9_PhoX_DIA12_CV486075_250ng_FAIMS_001,444920,,,0,0,-0,0,3,0,0,Q99ZW2,,,false,Q99ZW2,Q99ZW2,,false,IEKILTFR,TILDFLKSDGFANR,440,678,8,14,3,7,442,684,3,,-1,0.302656,0.302656,10.125391,false,true,false,false,Self ,0,0.000649,1.053752,,0,0,0,0,0,1195,1447,0,
Scan: 1308424 Run: DIA12_CV486075:20251228_A2_N1_Mueller_MS_TechHub_IMP_THIDDIAXL003_Cas9_PhoX_DIA12_CV486075_250ng_FAIMS_003 P1_SSFEKNPIDFLEAK P2_KDLIIK 5 1,DIA12_CV486075:20251228_A2_N1_Mueller_MS_TechHub_IMP_THIDDIAXL003_Cas9_PhoX_DIA12_CV486075_250ng_FAIMS_003,1308424,,,0,0,-0,0,4,0,0,Q99ZW2,,,false,Q99ZW2,Q99ZW2,,false,KDLIIK,SSFEKNPIDFLEAK,1192,1172,6,14,1,5,1192,1176,4,,-1,0.302454,0.302454,10.124887,false,true,false,false,Self ,0,0.000649,1.053752,,0,0,0,0,0,1633,1528,0,
Scan: 1216344 Run: DIA12_CV486075:20251228_A2_N1_Mueller_MS_TechHub_IMP_THIDDIAXL003_Cas9_PhoX_DIA12_CV486075_250ng_FAIMS_003 P1_KRPLIETNGETGEIVWDK P2_GNELALPSKYVNFLYLASHYEK 1 9,DIA12_CV486075:20251228_A2_N1_Mueller_MS_TechHub_IMP_THIDDIAXL003_Cas9_PhoX_DIA12_CV486075_250ng_FAIMS_003,1216344,,,0,0,-0,0,5,0,0,Q99ZW2,,,false,Q99ZW2,Q99ZW2,,false,GNELALPSKYVNFLYLASHYEK,KRPLIETNGETGEIVWDK,1223,1059,22,18,9,1,1231,1059,5,,-1,0.3024,0.3024,10.124751,false,true,false,false,Self ,0,0.000649,1.053752,,0,0,0,0,0,1632,1146,0,
Scan: 1093050 Run: DIA12_CV486075:20251228_A2_N1_Mueller_MS_TechHub_IMP_THIDDIAXL003_Cas9_PhoX_DIA12_CV486075_250ng_FAIMS_002 P1_QSGKTILDFLK P2_GILQTVKVVDELVK 4 7,DIA12_CV486075:20251228_A2_N1_Mueller_MS_TechHub_IMP_THIDDIAXL003_Cas9_PhoX_DIA12_CV486075_250ng_FAIMS_002,1093050,,,0,0,-0,0,4,0,0,Q99ZW2,,,false,Q99ZW2,Q99ZW2,,false,GILQTVKVVDELVK,QSGKTILDFLK,736,674,14,11,7,4,742,677,4,,-1,0.302209,0.302209,10.124273,false,true,false,false,Self ,0,0.000649,1.05412,,0,0,0,0,0,1631,1145,0,
Scan: 1108546 Run: DIA12_CV486075:20251228_A2_N1_Mueller_MS_TechHub_IMP_THIDDIAXL003_Cas9_PhoX_DIA12_CV486075_250ng_FAIMS_002 P1_ENQTTQKGQK P2_DFQFYKVR 7 6,DIA12_CV486075:20251228_A2_N1_Mueller_MS_TechHub_IMP_THIDDIAXL003_Cas9_PhoX_DIA12_CV486075_250ng_FAIMS_002,1108546,,,0,0,-0,0,3,0,0,Q99ZW2,,,false,Q99ZW2,Q99ZW2,,false,DFQFYKVR,ENQTTQKGQK,969,766,8,10,6,7,974,772,3,,-1,0.301722,0.301722,10.123057,false,true,false,false,Self ,0,0.000649,1.054857,,0,0,0,0,0,1630,1144,0,
Scan: 430911 Run: DIA12_CV486075:20251228_A2_N1_Mueller_MS_TechHub_IMP_THIDDIAXL003_Cas9_PhoX_DIA12_CV486075_250ng_FAIMS_001 P1_KLINGIR P2_DKQSGK 1 2,DIA12_CV486075:20251228_A2_N1_Mueller_MS_TechHub_IMP_THIDDIAXL003_Cas9_PhoX_DIA12_CV486075_250ng_FAIMS_001,430911,,,0,0,-0,0,3,0,0,Q99ZW2,,,false,Q99ZW2,Q99ZW2,,false,DKQSGK,KLINGIR,672,665,6,7,2,1,673,665,3,,-1,0.301358,0.301358,10.122146,false,true,false,false,Self ,0,0.00065,1.055225,,0,0,0,0,0,1629,1143,0,
Scan: 190043 Run: DIA12_CV486075:20251228_A2_N1_Mueller_MS_TechHub_IMP_THIDDIAXL003_Cas9_PhoX_DIA12_CV486075_250ng_FAIMS_001 P1_YKEIFFDQSK P2_HPIFGNIVDEVAYHEKYPTIYHLR 2 16,DIA12_CV486075:20251228_A2_N1_Mueller_MS_TechHub_IMP_THIDDIAXL003_Cas9_PhoX_DIA12_CV486075_250ng_FAIMS_001,190043,,,0,0,-0,0,5,0,0,Q99ZW2,,,false,Q99ZW2,Q99ZW2,,false,HPIFGNIVDEVAYHEKYPTIYHLR,YKEIFFDQSK,116,347,24,10,16,2,131,348,5,,-1,0.300748,0.300748,10.12062,false,true,false,false,Self ,0,0.00065,1.055225,,0,0,0,0,0,555,1394,0,
Scan: 1195434 Run: DIA12_CV486075:20251228_A2_N1_Mueller_MS_TechHub_IMP_THIDDIAXL003_Cas9_PhoX_DIA12_CV486075_250ng_FAIMS_003 P1_YPKLESEFVYGDYK P2_SEQEIGKATAK 3 7,DIA12_CV486075:20251228_A2_N1_Mueller_MS_TechHub_IMP_THIDDIAXL003_Cas9_PhoX_DIA12_CV486075_250ng_FAIMS_003,1195434,,,0,0,-0,0,3,0,0,Q99ZW2,,,false,Q99ZW2,Q99ZW2,,false,SEQEIGKATAK,YPKLESEFVYGDYK,1025,1001,11,14,7,3,1031,1003,3,,-1,0.300159,0.300159,10.119149,false,true,false,false,Self ,0,0.000651,1.055594,,0,0,0,0,0,1627,932,0,
Scan: 780 Run: DIA12_CV486075:20251228_A2_N1_Mueller_MS_TechHub_IMP_THIDDIAXL003_Cas9_PhoX_DIA12_CV486075_250ng_FAIMS_001 P1_YPKLESEFVYGDYK P2_KRPLIETNGETGEIVWDK 3 1,DIA12_CV486075:20251228_A2_N1_Mueller_MS_TechHub_IMP_THIDDIAXL003_Cas9_PhoX_DIA12_CV486075_250ng_FAIMS_001,780,,,0,0,-0,0,4,0,0,Q99ZW2,,,false,Q99ZW2,Q99ZW2,,false,KRPLIETNGETGEIVWDK,YPKLESEFVYGDYK,1059,1001,18,14,1,3,1059,1003,4,,-1,0.300019,0.300019,10.1188,false,true,false,false,Self ,0,0.000651,1.055594,,0,0,0,0,0,1626,1141,0,
Scan: 890408 Run: DIA12_CV486075:20251228_A2_N1_Mueller_MS_TechHub_IMP_THIDDIAXL003_Cas9_PhoX_DIA12_CV486075_250ng_FAIMS_002 P1_NLPNEKVLPK P2_IEKILTFR 6 3,DIA12_CV486075:20251228_A2_N1_Mueller_MS_TechHub_IMP_THIDDIAXL003_Cas9_PhoX_DIA12_CV486075_250ng_FAIMS_002,890408,,,0,0,-0,0,3,0,0,Q99ZW2,,,false,Q99ZW2,Q99ZW2,,false,IEKILTFR,NLPNEKVLPK,440,501,8,10,3,6,442,506,3,,-1,0.299593,0.299593,10.117732,false,true,false,false,Self ,0,0.000651,1.055594,,0,0,0,0,0,1625,1140,0,
Scan: 594095 Run: DIA12_CV486075:20251228_A2_N1_Mueller_MS_TechHub_IMP_THIDDIAXL003_Cas9_PhoX_DIA12_CV486075_250ng_FAIMS_001 P1_KPAFLSGEQK P2_KDFQFYK 1 1,DIA12_CV486075:20251228_A2_N1_Mueller_MS_TechHub_IMP_THIDDIAXL003_Cas9_PhoX_DIA12_CV486075_250ng_FAIMS_001,594095,,,0,0,-0,0,3,0,0,Q99ZW2,,,false,Q99ZW2,Q99ZW2,,false,KDFQFYK,KPAFLSGEQK,968,536,7,10,1,1,968,536,3,,-1,0.299134,0.299134,10.116586,false,true,false,false,Self ,0,0.000652,1.055964,,0,0,0,0,0,1601,1480,0,
Scan: 1440869 Run: DIA12_CV486075:20251228_A2_N1_Mueller_MS_TechHub_IMP_THIDDIAXL003_Cas9_PhoX_DIA12_CV486075_250ng_FAIMS_003 P1_KDFQFYK P2_FKVLGNTDR 1 2,DIA12_CV486075:20251228_A2_N1_Mueller_MS_TechHub_IMP_THIDDIAXL003_Cas9_PhoX_DIA12_CV486075_250ng_FAIMS_003,1440869,,,0,0,-0,0,4,0,0,Q99ZW2,,,false,Q99ZW2,Q99ZW2,,false,FKVLGNTDR,KDFQFYK,32,968,9,7,2,1,33,968,4,,-1,0.298742,0.298742,10.115607,false,true,false,false,Self ,0,0.000652,1.055964,,0,0,0,0,0,1518,1471,0,
Scan: 1583442 Run: DIA12_CV486075:20251228_A2_N1_Mueller_MS_TechHub_IMP_THIDDIAXL003_Cas9_PhoX_DIA12_CV486075_250ng_FAIMS_003 P1_KPAFLSGEQK P2_EHPVENTQLQNEKLYLYYLQNGR 1 13,DIA12_CV486075:20251228_A2_N1_Mueller_MS_TechHub_IMP_THIDDIAXL003_Cas9_PhoX_DIA12_CV486075_250ng_FAIMS_003,1583442,,,0,0,-0,0,4,0,0,Q99ZW2,,,false,Q99ZW2,Q99ZW2,,false,EHPVENTQLQNEKLYLYYLQNGR,KPAFLSGEQK,798,536,23,10,13,1,810,536,4,,-1,0.298551,0.298551,10.11513,false,true,false,false,Self ,0,0.000652,1.057073,,0,0,0,0,0,1622,1139,0,
Scan: 1143518 Run: DIA12_CV486075:20251228_A2_N1_Mueller_MS_TechHub_IMP_THIDDIAXL003_Cas9_PhoX_DIA12_CV486075_250ng_FAIMS_002 P1_IEKILTFR P2_GKSDNVPSEEVVK 3 2,DIA12_CV486075:20251228_A2_N1_Mueller_MS_TechHub_IMP_THIDDIAXL003_Cas9_PhoX_DIA12_CV486075_250ng_FAIMS_002,1143518,,,0,0,-0,0,3,0,0,Q99ZW2,,,false,Q99ZW2,Q99ZW2,,false,GKSDNVPSEEVVK,IEKILTFR,865,440,13,8,2,3,866,442,3,,-1,0.298499,0.298499,10.114999,false,true,false,false,Self ,0,0.000652,1.057073,,0,0,0,0,0,1621,1138,0,
Scan: 1507517 Run: DIA12_CV486075:20251228_A2_N1_Mueller_MS_TechHub_IMP_THIDDIAXL003_Cas9_PhoX_DIA12_CV486075_250ng_FAIMS_003 P1_KSEETITPWNFEEVVDK P2_KGILQTVK 1 1,DIA12_CV486075:20251228_A2_N1_Mueller_MS_TechHub_IMP_THIDDIAXL003_Cas9_PhoX_DIA12_CV486075_250ng_FAIMS_003,1507517,,,0,0,-0,0,4,0,0,Q99ZW2,,,false,Q99ZW2,Q99ZW2,,false,KGILQTVK,KSEETITPWNFEEVVDK,735,468,8,17,1,1,735,468,4,,-1,0.298493,0.298493,10.114984,false,true,false,false,Self ,0,0.000652,1.057073,,0,0,0,0,0,1620,1515,0,
Scan: 889740 Run: DIA12_CV486075:20251228_A2_N1_Mueller_MS_TechHub_IMP_THIDDIAXL003_Cas9_PhoX_DIA12_CV486075_250ng_FAIMS_002 P1_SEETITPWNFEEVVDKGASAQSFIER P2_EKIEKILTFR 16 5,DIA12_CV486075:20251228_A2_N1_Mueller_MS_TechHub_IMP_THIDDIAXL003_Cas9_PhoX_DIA12_CV486075_250ng_FAIMS_002,889740,,,0,0,-0,0,4,0,0,Q99ZW2,,,false,Q99ZW2,Q99ZW2,,false,EKIEKILTFR,SEETITPWNFEEVVDKGASAQSFIER,438,469,10,26,5,16,442,484,4,,-1,0.297704,0.297704,10.113011,false,true,false,false,Self ,0,0.000653,1.057814,,0,0,0,0,0,1,1152,0,
Scan: 1341423 Run: DIA12_CV486075:20251228_A2_N1_Mueller_MS_TechHub_IMP_THIDDIAXL003_Cas9_PhoX_DIA12_CV486075_250ng_FAIMS_003 P1_LPKYSLFELENGR P2_KLINGIR 3 1,DIA12_CV486075:20251228_A2_N1_Mueller_MS_TechHub_IMP_THIDDIAXL003_Cas9_PhoX_DIA12_CV486075_250ng_FAIMS_003,1341423,,,0,0,-0,0,4,0,0,Q99ZW2,,,false,Q99ZW2,Q99ZW2,,false,KLINGIR,LPKYSLFELENGR,665,1198,7,13,1,3,665,1200,4,,-1,0.297119,0.297119,10.111548,false,true,false,false,Self ,0,0.000653,1.058555,,0,0,0,0,0,804,1420,0,
Scan: 1768511 Run: DIA12_CV486075:20251228_A2_N1_Mueller_MS_TechHub_IMP_THIDDIAXL003_Cas9_PhoX_DIA12_CV486075_250ng_FAIMS_003 P1_QITKHVAQILDSR P2_ELGSQILKEHPVENTQLQNEK 4 8,DIA12_CV486075:20251228_A2_N1_Mueller_MS_TechHub_IMP_THIDDIAXL003_Cas9_PhoX_DIA12_CV486075_250ng_FAIMS_003,1768511,,,0,0,-0,0,5,0,0,Q99ZW2,,,false,Q99ZW2,Q99ZW2,,false,ELGSQILKEHPVENTQLQNEK,QITKHVAQILDSR,790,926,21,13,8,4,797,929,5,,-1,0.296472,0.296472,10.109932,false,true,false,false,Self ,0,0.000654,1.058555,,0,0,0,0,0,513,1388,0,
Scan: 1488586 Run: DIA12_CV486075:20251228_A2_N1_Mueller_MS_TechHub_IMP_THIDDIAXL003_Cas9_PhoX_DIA12_CV486075_250ng_FAIMS_003 P1_IEKILTFR P2_DKQSGK 3 2,DIA12_CV486075:20251228_A2_N1_Mueller_MS_TechHub_IMP_THIDDIAXL003_Cas9_PhoX_DIA12_CV486075_250ng_FAIMS_003,1488586,,,0,0,-0,0,3,0,0,Q99ZW2,,,false,Q99ZW2,Q99ZW2,,false,DKQSGK,IEKILTFR,672,440,6,8,2,3,673,442,3,,-1,0.296289,0.296289,10.109472,false,true,false,false,Self ,0,0.000654,1.058927,,0,0,0,0,0,1616,1137,0,
Scan: 1744553 Run: DIA12_CV486075:20251228_A2_N1_Mueller_MS_TechHub_IMP_THIDDIAXL003_Cas9_PhoX_DIA12_CV486075_250ng_FAIMS_003 P1_KDFQFYK P2_GKSDNVPSEEVVK 1 2,DIA12_CV486075:20251228_A2_N1_Mueller_MS_TechHub_IMP_THIDDIAXL003_Cas9_PhoX_DIA12_CV486075_250ng_FAIMS_003,1744553,,,0,0,-0,0,3,0,0,Q99ZW2,,,false,Q99ZW2,Q99ZW2,,false,GKSDNVPSEEVVK,KDFQFYK,865,968,13,7,2,1,866,968,3,,-1,0.295622,0.295622,10.107805,false,true,false,false,Self ,0,0.000655,1.060042,,0,0,0,0,0,1615,1136,0,
Scan: 1113715 Run: DIA12_CV486075:20251228_A2_N1_Mueller_MS_TechHub_IMP_THIDDIAXL003_Cas9_PhoX_DIA12_CV486075_250ng_FAIMS_002 P1_IEEGIKELGSQILK P2_EHPVENTQLQNEKLYLYYLQNGR 6 13,DIA12_CV486075:20251228_A2_N1_Mueller_MS_TechHub_IMP_THIDDIAXL003_Cas9_PhoX_DIA12_CV486075_250ng_FAIMS_002,1113715,,,0,0,-0,0,4,0,0,Q99ZW2,,,false,Q99ZW2,Q99ZW2,,false,EHPVENTQLQNEKLYLYYLQNGR,IEEGIKELGSQILK,798,784,23,14,13,6,810,789,4,,-1,0.295512,0.295512,10.107531,false,true,false,false,Self ,0,0.000655,1.060042,,0,0,0,0,0,1614,1135,0,
Scan: 21351 Run: DIA12_CV486075:20251228_A2_N1_Mueller_MS_TechHub_IMP_THIDDIAXL003_Cas9_PhoX_DIA12_CV486075_250ng_FAIMS_001 P1_LPKYSLFELENGR P2_KRPLIETNGETGEIVWDK 3 1,DIA12_CV486075:20251228_A2_N1_Mueller_MS_TechHub_IMP_THIDDIAXL003_Cas9_PhoX_DIA12_CV486075_250ng_FAIMS_001,21351,,,0,0,-0,0,4,0,0,Q99ZW2,,,false,Q99ZW2,Q99ZW2,,false,KRPLIETNGETGEIVWDK,LPKYSLFELENGR,1059,1198,18,13,1,3,1059,1200,4,,-1,0.29549,0.29549,10.107476,false,true,false,false,Self ,0,0.000655,1.060042,,0,0,0,0,0,1613,1134,0,
Scan: 1309666 Run: DIA12_CV486075:20251228_A2_N1_Mueller_MS_TechHub_IMP_THIDDIAXL003_Cas9_PhoX_DIA12_CV486075_250ng_FAIMS_003 P1_VILADANLDKVLSAYNK P2_SSFEKNPIDFLEAK 10 5,DIA12_CV486075:20251228_A2_N1_Mueller_MS_TechHub_IMP_THIDDIAXL003_Cas9_PhoX_DIA12_CV486075_250ng_FAIMS_003,1309666,,,0,0,-0,0,4,0,0,Q99ZW2,,,false,Q99ZW2,Q99ZW2,,false,SSFEKNPIDFLEAK,VILADANLDKVLSAYNK,1172,1280,14,17,5,10,1176,1289,4,,-1,0.29505,0.29505,10.106377,false,true,false,false,Self ,0,0.000655,1.060042,,0,0,0,0,0,1612,1133,0,
Scan: 1292272 Run: DIA12_CV486075:20251228_A2_N1_Mueller_MS_TechHub_IMP_THIDDIAXL003_Cas9_PhoX_DIA12_CV486075_250ng_FAIMS_003 P1_NSDKLIAR P2_KDWDPK 4 1,DIA12_CV486075:20251228_A2_N1_Mueller_MS_TechHub_IMP_THIDDIAXL003_Cas9_PhoX_DIA12_CV486075_250ng_FAIMS_003,1292272,,,0,0,-0,0,4,0,0,Q99ZW2,,,false,Q99ZW2,Q99ZW2,,false,KDWDPK,NSDKLIAR,1124,1115,6,8,1,4,1124,1118,4,,-1,0.294817,0.294817,10.105794,false,true,false,false,Self ,0,0.000655,1.060414,,0,0,0,0,0,1611,624,0,
Scan: 1558886 Run: DIA12_CV486075:20251228_A2_N1_Mueller_MS_TechHub_IMP_THIDDIAXL003_Cas9_PhoX_DIA12_CV486075_250ng_FAIMS_003 P1_VLPKHSLLYEYFTVYNELTK P2_SEETITPWNFEEVVDKGASAQSFIER 4 16,DIA12_CV486075:20251228_A2_N1_Mueller_MS_TechHub_IMP_THIDDIAXL003_Cas9_PhoX_DIA12_CV486075_250ng_FAIMS_003,1558886,,,0,0,-0,0,5,0,0,Q99ZW2,,,false,Q99ZW2,Q99ZW2,,false,SEETITPWNFEEVVDKGASAQSFIER,VLPKHSLLYEYFTVYNELTK,469,507,26,20,16,4,484,510,5,,-1,0.294109,0.294109,10.104025,false,true,false,false,Self ,0,0.000656,1.060414,,0,0,0,0,0,1610,1132,0,
Scan: 30850 Run: DIA12_CV486075:20251228_A2_N1_Mueller_MS_TechHub_IMP_THIDDIAXL003_Cas9_PhoX_DIA12_CV486075_250ng_FAIMS_001 P1_KRPLIETNGETGEIVWDKGR P2_FKVLGNTDR 18 2,DIA12_CV486075:20251228_A2_N1_Mueller_MS_TechHub_IMP_THIDDIAXL003_Cas9_PhoX_DIA12_CV486075_250ng_FAIMS_001,30850,,,0,0,-0,0,5,0,0,Q99ZW2,,,false,Q99ZW2,Q99ZW2,,false,FKVLGNTDR,KRPLIETNGETGEIVWDKGR,32,1059,9,20,2,18,33,1076,5,,-1,0.293582,0.293582,10.102706,false,true,false,false,Self ,0,0.000656,1.061533,,0,0,0,0,0,1609,768,0,
Scan: 839101 Run: DIA12_CV486075:20251228_A2_N1_Mueller_MS_TechHub_IMP_THIDDIAXL003_Cas9_PhoX_DIA12_CV486075_250ng_FAIMS_002 P1_NSDKLIAR P2_FKVLGNTDR 4 2,DIA12_CV486075:20251228_A2_N1_Mueller_MS_TechHub_IMP_THIDDIAXL003_Cas9_PhoX_DIA12_CV486075_250ng_FAIMS_002,839101,,,0,0,-0,0,4,0,0,Q99ZW2,,,false,Q99ZW2,Q99ZW2,,false,FKVLGNTDR,NSDKLIAR,32,1115,9,8,2,4,33,1118,4,,-1,0.293519,0.293519,10.102549,false,true,false,false,Self ,0,0.000656,1.061533,,0,0,0,0,0,1608,593,0,
Scan: 1744220 Run: DIA12_CV486075:20251228_A2_N1_Mueller_MS_TechHub_IMP_THIDDIAXL003_Cas9_PhoX_DIA12_CV486075_250ng_FAIMS_003 P1_GKSDNVPSEEVVK P2_GGLSELDKAGFIK 2 8,DIA12_CV486075:20251228_A2_N1_Mueller_MS_TechHub_IMP_THIDDIAXL003_Cas9_PhoX_DIA12_CV486075_250ng_FAIMS_003,1744220,,,0,0,-0,0,3,0,0,Q99ZW2,,,false,Q99ZW2,Q99ZW2,,false,GGLSELDKAGFIK,GKSDNVPSEEVVK,906,865,13,13,8,2,913,866,3,,-1,0.293482,0.293482,10.102455,false,true,false,false,Self ,0,0.000656,1.061533,,0,0,0,0,0,1607,1130,0,
Scan: 614479 Run: DIA12_CV486075:20251228_A2_N1_Mueller_MS_TechHub_IMP_THIDDIAXL003_Cas9_PhoX_DIA12_CV486075_250ng_FAIMS_002 P1_MIAKSEQEIGK P2_ATAKYFFYSNIMNFFK 4 4,DIA12_CV486075:20251228_A2_N1_Mueller_MS_TechHub_IMP_THIDDIAXL003_Cas9_PhoX_DIA12_CV486075_250ng_FAIMS_002,614479,,,0,0,-0,0,4,0,0,Q99ZW2,,,false,Q99ZW2,Q99ZW2,,false,ATAKYFFYSNIMNFFK,MIAKSEQEIGK,1032,1021,16,11,4,4,1035,1024,4,,-1,0.293425,0.293425,10.102312,false,true,false,false,Self ,0,0.000656,1.061533,,0,0,0,0,0,1606,1129,0,
Scan: 1356491 Run: DIA12_CV486075:20251228_A2_N1_Mueller_MS_TechHub_IMP_THIDDIAXL003_Cas9_PhoX_DIA12_CV486075_250ng_FAIMS_003 P1_SSFEKNPIDFLEAK P2_LKGSPEDNEQK 5 2,DIA12_CV486075:20251228_A2_N1_Mueller_MS_TechHub_IMP_THIDDIAXL003_Cas9_PhoX_DIA12_CV486075_250ng_FAIMS_003,1356491,,,0,0,-0,0,4,0,0,Q99ZW2,,,false,Q99ZW2,Q99ZW2,,false,LKGSPEDNEQK,SSFEKNPIDFLEAK,1245,1172,11,14,2,5,1246,1176,4,,-1,0.293307,0.293307,10.102019,false,true,false,false,Self ,0,0.000656,1.061533,,0,0,0,0,0,1605,1128,0,
Scan: 690597 Run: DIA12_CV486075:20251228_A2_N1_Mueller_MS_TechHub_IMP_THIDDIAXL003_Cas9_PhoX_DIA12_CV486075_250ng_FAIMS_002 P1_NSDKLIAR P2_KFDNLTK 4 1,DIA12_CV486075:20251228_A2_N1_Mueller_MS_TechHub_IMP_THIDDIAXL003_Cas9_PhoX_DIA12_CV486075_250ng_FAIMS_002,690597,,,0,0,-0,0,3,0,0,Q99ZW2,,,false,Q99ZW2,Q99ZW2,,false,KFDNLTK,NSDKLIAR,896,1115,7,8,1,4,896,1118,3,,-1,0.293097,0.293097,10.101493,false,true,false,false,Self ,0,0.000657,1.061533,,0,0,0,0,0,1604,1127,0,
Scan: 1449642 Run: DIA12_CV486075:20251228_A2_N1_Mueller_MS_TechHub_IMP_THIDDIAXL003_Cas9_PhoX_DIA12_CV486075_250ng_FAIMS_003 P1_YKEIFFDQSK P2_KKDWDPK 2 1,DIA12_CV486075:20251228_A2_N1_Mueller_MS_TechHub_IMP_THIDDIAXL003_Cas9_PhoX_DIA12_CV486075_250ng_FAIMS_003,1449642,,,0,0,-0,0,3,0,0,Q99ZW2,,,false,Q99ZW2,Q99ZW2,,false,KKDWDPK,YKEIFFDQSK,1123,347,7,10,1,2,1123,348,3,,-1,0.292831,0.292831,10.10083,false,true,false,false,Self ,0,0.000657,1.061533,,0,0,0,0,0,895,1428,0,
Scan: 428141 Run: DIA12_CV486075:20251228_A2_N1_Mueller_MS_TechHub_IMP_THIDDIAXL003_Cas9_PhoX_DIA12_CV486075_250ng_FAIMS_001 P1_KLINGIR P2_KKDWDPK 1 1,DIA12_CV486075:20251228_A2_N1_Mueller_MS_TechHub_IMP_THIDDIAXL003_Cas9_PhoX_DIA12_CV486075_250ng_FAIMS_001,428141,,,0,0,-0,0,4,0,0,Q99ZW2,,,false,Q99ZW2,Q99ZW2,,false,KKDWDPK,KLINGIR,1123,665,7,7,1,1,1123,665,4,,-1,0.29247,0.29247,10.099927,false,true,false,false,Self ,0,0.000657,1.061906,,0,0,0,0,0,962,157,0,
Scan: 1191563 Run: DIA12_CV486075:20251228_A2_N1_Mueller_MS_TechHub_IMP_THIDDIAXL003_Cas9_PhoX_DIA12_CV486075_250ng_FAIMS_002 P1_KPAFLSGEQK P2_KDFQFYK 1 1,DIA12_CV486075:20251228_A2_N1_Mueller_MS_TechHub_IMP_THIDDIAXL003_Cas9_PhoX_DIA12_CV486075_250ng_FAIMS_002,1191563,,,0,0,-0,0,4,0,0,Q99ZW2,,,false,Q99ZW2,Q99ZW2,,false,KDFQFYK,KPAFLSGEQK,968,536,7,10,1,1,968,536,4,,-1,0.291582,0.291582,10.097707,false,true,false,false,Self ,0,0.000658,1.061906,,0,0,0,0,0,1601,1480,0,
Scan: 1641228 Run: DIA12_CV486075:20251228_A2_N1_Mueller_MS_TechHub_IMP_THIDDIAXL003_Cas9_PhoX_DIA12_CV486075_250ng_FAIMS_003 P1_TILDFLKSDGFANR P2_KAIVDLLFK 7 1,DIA12_CV486075:20251228_A2_N1_Mueller_MS_TechHub_IMP_THIDDIAXL003_Cas9_PhoX_DIA12_CV486075_250ng_FAIMS_003,1641228,,,0,0,-0,0,3,0,0,Q99ZW2,,,false,Q99ZW2,Q99ZW2,,false,KAIVDLLFK,TILDFLKSDGFANR,546,678,9,14,1,7,546,684,3,,-1,0.291282,0.291282,10.096956,false,true,false,false,Self ,0,0.000658,1.061906,,0,0,0,0,0,1600,1484,0,
Scan: 1146012 Run: DIA12_CV486075:20251228_A2_N1_Mueller_MS_TechHub_IMP_THIDDIAXL003_Cas9_PhoX_DIA12_CV486075_250ng_FAIMS_002 P1_SDKNR P2_GKSDNVPSEEVVKK 3 2,DIA12_CV486075:20251228_A2_N1_Mueller_MS_TechHub_IMP_THIDDIAXL003_Cas9_PhoX_DIA12_CV486075_250ng_FAIMS_002,1146012,,,0,0,-0,0,3,0,0,Q99ZW2,,,false,Q99ZW2,Q99ZW2,,false,GKSDNVPSEEVVKK,SDKNR,865,860,14,5,2,3,866,862,3,,-1,0.290915,0.290915,10.096039,false,true,false,false,Self ,0,0.000659,1.06228,,0,0,0,0,0,465,1334,0,
Scan: 430528 Run: DIA12_CV486075:20251228_A2_N1_Mueller_MS_TechHub_IMP_THIDDIAXL003_Cas9_PhoX_DIA12_CV486075_250ng_FAIMS_001 P1_QLKEDYFK P2_KLINGIR 3 1,DIA12_CV486075:20251228_A2_N1_Mueller_MS_TechHub_IMP_THIDDIAXL003_Cas9_PhoX_DIA12_CV486075_250ng_FAIMS_001,430528,,,0,0,-0,0,3,0,0,Q99ZW2,,,false,Q99ZW2,Q99ZW2,,false,KLINGIR,QLKEDYFK,665,563,7,8,1,3,665,565,3,,-1,0.29009,0.29009,10.093976,false,true,false,false,Self ,0,0.000659,1.062654,,0,0,0,0,0,1598,1126,0,
Scan: 1788665 Run: DIA12_CV486075:20251228_A2_N1_Mueller_MS_TechHub_IMP_THIDDIAXL003_Cas9_PhoX_DIA12_CV486075_250ng_FAIMS_003 P1_KDFQFYK P2_GSPEDNEQKQLFVEQHK 1 9,DIA12_CV486075:20251228_A2_N1_Mueller_MS_TechHub_IMP_THIDDIAXL003_Cas9_PhoX_DIA12_CV486075_250ng_FAIMS_003,1788665,,,0,0,-0,0,4,0,0,Q99ZW2,,,false,Q99ZW2,Q99ZW2,,false,GSPEDNEQKQLFVEQHK,KDFQFYK,1247,968,17,7,9,1,1255,968,4,,-1,0.28992,0.28992,10.093551,false,true,false,false,Self ,0,0.000659,1.062654,,0,0,0,0,0,190,1576,0,
Scan: 1027841 Run: DIA12_CV486075:20251228_A2_N1_Mueller_MS_TechHub_IMP_THIDDIAXL003_Cas9_PhoX_DIA12_CV486075_250ng_FAIMS_002 P1_KLINGIR P2_KAIVDLLFK 1 1,DIA12_CV486075:20251228_A2_N1_Mueller_MS_TechHub_IMP_THIDDIAXL003_Cas9_PhoX_DIA12_CV486075_250ng_FAIMS_002,1027841,,,0,0,-0,0,3,0,0,Q99ZW2,,,false,Q99ZW2,Q99ZW2,,false,KAIVDLLFK,KLINGIR,546,665,9,7,1,1,546,665,3,,-1,0.289107,0.289107,10.091517,false,true,false,false,Self ,0,0.00066,1.063028,,0,0,0,0,0,1596,1125,0,
Scan: 680378 Run: DIA12_CV486075:20251228_A2_N1_Mueller_MS_TechHub_IMP_THIDDIAXL003_Cas9_PhoX_DIA12_CV486075_250ng_FAIMS_002 P1_NSDKLIAR P2_KKDWDPK 4 1,DIA12_CV486075:20251228_A2_N1_Mueller_MS_TechHub_IMP_THIDDIAXL003_Cas9_PhoX_DIA12_CV486075_250ng_FAIMS_002,680378,,,0,0,-0,0,3,0,0,Q99ZW2,,,false,Q99ZW2,Q99ZW2,,false,KKDWDPK,NSDKLIAR,1123,1115,7,8,1,4,1123,1118,3,,-1,0.288928,0.288928,10.09107,false,true,false,false,Self ,0,0.00066,1.063028,,0,0,0,0,0,341,870,0,
Scan: 1766577 Run: DIA12_CV486075:20251228_A2_N1_Mueller_MS_TechHub_IMP_THIDDIAXL003_Cas9_PhoX_DIA12_CV486075_250ng_FAIMS_003 P1_QITKHVAQILDSR P2_KLVDSTDK 4 1,DIA12_CV486075:20251228_A2_N1_Mueller_MS_TechHub_IMP_THIDDIAXL003_Cas9_PhoX_DIA12_CV486075_250ng_FAIMS_003,1766577,,,0,0,-0,0,4,0,0,Q99ZW2,,,false,Q99ZW2,Q99ZW2,,false,KLVDSTDK,QITKHVAQILDSR,141,926,8,13,1,4,141,929,4,,-1,0.288539,0.288539,10.090098,false,true,false,false,Self ,0,0.000661,1.063028,,0,0,0,0,0,1594,1124,0,
Scan: 260032 Run: DIA12_CV486075:20251228_A2_N1_Mueller_MS_TechHub_IMP_THIDDIAXL003_Cas9_PhoX_DIA12_CV486075_250ng_FAIMS_001 P1_YKEIFFDQSK P2_FNASLGTYHDLLKIIK 2 13,DIA12_CV486075:20251228_A2_N1_Mueller_MS_TechHub_IMP_THIDDIAXL003_Cas9_PhoX_DIA12_CV486075_250ng_FAIMS_001,260032,,,0,0,-0,0,4,0,0,Q99ZW2,,,false,Q99ZW2,Q99ZW2,,false,FNASLGTYHDLLKIIK,YKEIFFDQSK,587,347,16,10,13,2,599,348,4,,-1,0.288535,0.288535,10.090089,false,true,false,false,Self ,0,0.000661,1.063028,,0,0,0,0,0,1593,1123,0,
Scan: 1236416 Run: DIA12_CV486075:20251228_A2_N1_Mueller_MS_TechHub_IMP_THIDDIAXL003_Cas9_PhoX_DIA12_CV486075_250ng_FAIMS_003 P1_QLLNAKLITQR P2_KTEVQTGGFSK 6 1,DIA12_CV486075:20251228_A2_N1_Mueller_MS_TechHub_IMP_THIDDIAXL003_Cas9_PhoX_DIA12_CV486075_250ng_FAIMS_003,1236416,,,0,0,-0,0,3,0,0,Q99ZW2,,,false,Q99ZW2,Q99ZW2,,false,KTEVQTGGFSK,QLLNAKLITQR,1097,885,11,11,1,6,1097,890,3,,-1,0.288205,0.288205,10.089263,false,true,false,false,Self ,0,0.000661,1.063028,,0,0,0,0,0,712,1406,0,
Scan: 92135 Run: DIA12_CV486075:20251228_A2_N1_Mueller_MS_TechHub_IMP_THIDDIAXL003_Cas9_PhoX_DIA12_CV486075_250ng_FAIMS_001 P1_NSDKLIAR P2_GILQTVKVVDELVK 4 7,DIA12_CV486075:20251228_A2_N1_Mueller_MS_TechHub_IMP_THIDDIAXL003_Cas9_PhoX_DIA12_CV486075_250ng_FAIMS_001,92135,,,0,0,-0,0,3,0,0,Q99ZW2,,,false,Q99ZW2,Q99ZW2,,false,GILQTVKVVDELVK,NSDKLIAR,736,1115,14,8,7,4,742,1118,3,,-1,0.288063,0.288063,10.08891,false,true,false,false,Self ,0,0.000661,1.063028,,0,0,0,0,0,727,1408,0,
Scan: 1715466 Run: DIA12_CV486075:20251228_A2_N1_Mueller_MS_TechHub_IMP_THIDDIAXL003_Cas9_PhoX_DIA12_CV486075_250ng_FAIMS_003 P1_NSDKLIAR P2_ELGSQILKEHPVENTQLQNEK 4 8,DIA12_CV486075:20251228_A2_N1_Mueller_MS_TechHub_IMP_THIDDIAXL003_Cas9_PhoX_DIA12_CV486075_250ng_FAIMS_003,1715466,,,0,0,-0,0,4,0,0,Q99ZW2,,,false,Q99ZW2,Q99ZW2,,false,ELGSQILKEHPVENTQLQNEK,NSDKLIAR,790,1115,21,8,8,4,797,1118,4,,-1,0.287768,0.287768,10.08817,false,true,false,false,Self ,0,0.000661,1.063403,,0,0,0,0,0,1590,1122,0,
Scan: 1392627 Run: DIA12_CV486075:20251228_A2_N1_Mueller_MS_TechHub_IMP_THIDDIAXL003_Cas9_PhoX_DIA12_CV486075_250ng_FAIMS_003 P1_YTSTKEVLDATLIHQSITGLYETR P2_KYGGFDSPTVAYSVLVVAK 5 1,DIA12_CV486075:20251228_A2_N1_Mueller_MS_TechHub_IMP_THIDDIAXL003_Cas9_PhoX_DIA12_CV486075_250ng_FAIMS_003,1392627,,,0,0,-0,0,5,0,0,Q99ZW2,,,false,Q99ZW2,Q99ZW2,,false,KYGGFDSPTVAYSVLVVAK,YTSTKEVLDATLIHQSITGLYETR,1130,1336,19,24,1,5,1130,1340,5,,-1,0.287496,0.287496,10.087492,false,true,false,false,Self ,0,0.000661,1.063777,,0,0,0,0,0,1589,1121,0,
Scan: 314008 Run: DIA12_CV486075:20251228_A2_N1_Mueller_MS_TechHub_IMP_THIDDIAXL003_Cas9_PhoX_DIA12_CV486075_250ng_FAIMS_001 P1_MNTKYDENDK P2_KSEETITPWNFEEVVDK 4 1,DIA12_CV486075:20251228_A2_N1_Mueller_MS_TechHub_IMP_THIDDIAXL003_Cas9_PhoX_DIA12_CV486075_250ng_FAIMS_001,314008,,,0,0,-0,0,4,0,0,Q99ZW2,,,false,Q99ZW2,Q99ZW2,,false,KSEETITPWNFEEVVDK,MNTKYDENDK,468,939,17,10,1,4,468,942,4,,-1,0.28708,0.28708,10.086452,false,true,false,false,Self ,0,0.000662,1.064152,,0,0,0,0,0,1588,1120,0,
Scan: 247286 Run: DIA12_CV486075:20251228_A2_N1_Mueller_MS_TechHub_IMP_THIDDIAXL003_Cas9_PhoX_DIA12_CV486075_250ng_FAIMS_001 P1_YDEHHQDLTLLKALVR P2_NSDKLIAR 12 4,DIA12_CV486075:20251228_A2_N1_Mueller_MS_TechHub_IMP_THIDDIAXL003_Cas9_PhoX_DIA12_CV486075_250ng_FAIMS_001,247286,,,0,0,-0,0,4,0,0,Q99ZW2,,,false,Q99ZW2,Q99ZW2,,false,NSDKLIAR,YDEHHQDLTLLKALVR,1115,325,8,16,4,12,1118,336,4,,-1,0.286757,0.286757,10.085644,false,true,false,false,Self ,0,0.000662,1.064152,,0,0,0,0,0,1587,1119,0,
Scan: 701652 Run: DIA12_CV486075:20251228_A2_N1_Mueller_MS_TechHub_IMP_THIDDIAXL003_Cas9_PhoX_DIA12_CV486075_250ng_FAIMS_002 P1_KYGGFDSPTVAYSVLVVAK P2_KKDWDPK 1 1,DIA12_CV486075:20251228_A2_N1_Mueller_MS_TechHub_IMP_THIDDIAXL003_Cas9_PhoX_DIA12_CV486075_250ng_FAIMS_002,701652,,,0,0,-0,0,3,0,0,Q99ZW2,,,false,Q99ZW2,Q99ZW2,,false,KKDWDPK,KYGGFDSPTVAYSVLVVAK,1123,1130,7,19,1,1,1123,1130,3,,-1,0.28603,0.28603,10.083826,false,true,false,false,Self ,0,0.000663,1.064152,,0,0,0,0,0,405,1574,0,
Scan: 984939 Run: DIA12_CV486075:20251228_A2_N1_Mueller_MS_TechHub_IMP_THIDDIAXL003_Cas9_PhoX_DIA12_CV486075_250ng_FAIMS_002 P1_KPAFLSGEQK P2_EDIQKAQVSGQGDSLHEHIANLAGSPAIK 1 5,DIA12_CV486075:20251228_A2_N1_Mueller_MS_TechHub_IMP_THIDDIAXL003_Cas9_PhoX_DIA12_CV486075_250ng_FAIMS_002,984939,,,0,0,-0,0,4,0,0,Q99ZW2,,,false,Q99ZW2,Q99ZW2,,false,EDIQKAQVSGQGDSLHEHIANLAGSPAIK,KPAFLSGEQK,706,536,29,10,5,1,710,536,4,,-1,0.285743,0.285743,10.083109,false,true,false,false,Self ,0,0.000663,1.064152,,0,0,0,0,0,1585,1493,0,
Scan: 1769157 Run: DIA12_CV486075:20251228_A2_N1_Mueller_MS_TechHub_IMP_THIDDIAXL003_Cas9_PhoX_DIA12_CV486075_250ng_FAIMS_003 P1_QLLNAKLITQR P2_QITKHVAQILDSR 6 4,DIA12_CV486075:20251228_A2_N1_Mueller_MS_TechHub_IMP_THIDDIAXL003_Cas9_PhoX_DIA12_CV486075_250ng_FAIMS_003,1769157,,,0,0,-0,0,4,0,0,Q99ZW2,,,false,Q99ZW2,Q99ZW2,,false,QITKHVAQILDSR,QLLNAKLITQR,926,885,13,11,4,6,929,890,4,,-1,0.285564,0.285564,10.08266,false,true,false,false,Self ,0,0.000663,1.064152,,0,0,0,0,0,1584,1118,0,
Scan: 1339467 Run: DIA12_CV486075:20251228_A2_N1_Mueller_MS_TechHub_IMP_THIDDIAXL003_Cas9_PhoX_DIA12_CV486075_250ng_FAIMS_003 P1_LPKYSLFELENGR P2_GNELALPSKYVNFLYLASHYEK 3 9,DIA12_CV486075:20251228_A2_N1_Mueller_MS_TechHub_IMP_THIDDIAXL003_Cas9_PhoX_DIA12_CV486075_250ng_FAIMS_003,1339467,,,0,0,-0,0,5,0,0,Q99ZW2,,,false,Q99ZW2,Q99ZW2,,false,GNELALPSKYVNFLYLASHYEK,LPKYSLFELENGR,1223,1198,22,13,9,3,1231,1200,5,,-1,0.285283,0.285283,10.081958,false,true,false,false,Self ,0,0.000663,1.064528,,0,0,0,0,0,1583,1117,0,
Scan: 843139 Run: DIA12_CV486075:20251228_A2_N1_Mueller_MS_TechHub_IMP_THIDDIAXL003_Cas9_PhoX_DIA12_CV486075_250ng_FAIMS_002 P1_KFDNLTK P2_FKVLGNTDR 1 2,DIA12_CV486075:20251228_A2_N1_Mueller_MS_TechHub_IMP_THIDDIAXL003_Cas9_PhoX_DIA12_CV486075_250ng_FAIMS_002,843139,,,0,0,-0,0,3,0,0,Q99ZW2,,,false,Q99ZW2,Q99ZW2,,false,FKVLGNTDR,KFDNLTK,32,896,9,7,2,1,33,896,3,,-1,0.285144,0.285144,10.081611,false,true,false,false,Self ,0,0.000663,1.064528,,0,0,0,0,0,1582,1116,0,
Scan: 1556899 Run: DIA12_CV486075:20251228_A2_N1_Mueller_MS_TechHub_IMP_THIDDIAXL003_Cas9_PhoX_DIA12_CV486075_250ng_FAIMS_003 P1_VLPKHSLLYEYFTVYNELTK P2_KDLIIK 4 1,DIA12_CV486075:20251228_A2_N1_Mueller_MS_TechHub_IMP_THIDDIAXL003_Cas9_PhoX_DIA12_CV486075_250ng_FAIMS_003,1556899,,,0,0,-0,0,4,0,0,Q99ZW2,,,false,Q99ZW2,Q99ZW2,,false,KDLIIK,VLPKHSLLYEYFTVYNELTK,1192,507,6,20,1,4,1192,510,4,,-1,0.285036,0.285036,10.081341,false,true,false,false,Self ,0,0.000663,1.064528,,0,0,0,0,0,1255,1443,0,
Scan: 733389 Run: DIA12_CV486075:20251228_A2_N1_Mueller_MS_TechHub_IMP_THIDDIAXL003_Cas9_PhoX_DIA12_CV486075_250ng_FAIMS_002 P1_SEETITPWNFEEVVDKGASAQSFIER P2_KDLIIK 16 1,DIA12_CV486075:20251228_A2_N1_Mueller_MS_TechHub_IMP_THIDDIAXL003_Cas9_PhoX_DIA12_CV486075_250ng_FAIMS_002,733389,,,0,0,-0,0,4,0,0,Q99ZW2,,,false,Q99ZW2,Q99ZW2,,false,KDLIIK,SEETITPWNFEEVVDKGASAQSFIER,1192,469,6,26,1,16,1192,484,4,,-1,0.284681,0.284681,10.080453,false,true,false,false,Self ,0,0.000664,1.064903,,0,0,0,0,0,1580,890,0,
Scan: 1306075 Run: DIA12_CV486075:20251228_A2_N1_Mueller_MS_TechHub_IMP_THIDDIAXL003_Cas9_PhoX_DIA12_CV486075_250ng_FAIMS_003 P1_TEVQTGGFSKESILPK P2_SSFEKNPIDFLEAK 10 5,DIA12_CV486075:20251228_A2_N1_Mueller_MS_TechHub_IMP_THIDDIAXL003_Cas9_PhoX_DIA12_CV486075_250ng_FAIMS_003,1306075,,,0,0,-0,0,3,0,0,Q99ZW2,,,false,Q99ZW2,Q99ZW2,,false,SSFEKNPIDFLEAK,TEVQTGGFSKESILPK,1172,1098,14,16,5,10,1176,1107,3,,-1,0.284464,0.284464,10.07991,false,true,false,false,Self ,0,0.000664,1.065279,,0,0,0,0,0,1579,1538,0,
Scan: 1399462 Run: DIA12_CV486075:20251228_A2_N1_Mueller_MS_TechHub_IMP_THIDDIAXL003_Cas9_PhoX_DIA12_CV486075_250ng_FAIMS_003 P1_KLVDSTDK P2_KGILQTVK 1 1,DIA12_CV486075:20251228_A2_N1_Mueller_MS_TechHub_IMP_THIDDIAXL003_Cas9_PhoX_DIA12_CV486075_250ng_FAIMS_003,1399462,,,0,0,-0,0,3,0,0,Q99ZW2,,,false,Q99ZW2,Q99ZW2,,false,KGILQTVK,KLVDSTDK,735,141,8,8,1,1,735,141,3,,-1,0.283836,0.283836,10.078341,false,true,false,false,Self ,0,0.000665,1.065655,,0,0,0,0,0,1578,1114,0,
Scan: 452174 Run: DIA12_CV486075:20251228_A2_N1_Mueller_MS_TechHub_IMP_THIDDIAXL003_Cas9_PhoX_DIA12_CV486075_250ng_FAIMS_001 P1_TEVQTGGFSKESILPK P2_EDIQKAQVSGQGDSLHEHIANLAGSPAIKK 10 5,DIA12_CV486075:20251228_A2_N1_Mueller_MS_TechHub_IMP_THIDDIAXL003_Cas9_PhoX_DIA12_CV486075_250ng_FAIMS_001,452174,,,0,0,-0,0,6,0,0,Q99ZW2,,,false,Q99ZW2,Q99ZW2,,false,EDIQKAQVSGQGDSLHEHIANLAGSPAIKK,TEVQTGGFSKESILPK,706,1098,30,16,5,10,710,1107,6,,-1,0.283752,0.283752,10.07813,false,true,false,false,Self ,0,0.000665,1.065655,,0,0,0,0,0,1577,781,0,
Scan: 1453401 Run: DIA12_CV486075:20251228_A2_N1_Mueller_MS_TechHub_IMP_THIDDIAXL003_Cas9_PhoX_DIA12_CV486075_250ng_FAIMS_003 P1_YKEIFFDQSK P2_IEKILTFR 2 3,DIA12_CV486075:20251228_A2_N1_Mueller_MS_TechHub_IMP_THIDDIAXL003_Cas9_PhoX_DIA12_CV486075_250ng_FAIMS_003,1453401,,,0,0,-0,0,4,0,0,Q99ZW2,,,false,Q99ZW2,Q99ZW2,,false,IEKILTFR,YKEIFFDQSK,440,347,8,10,3,2,442,348,4,,-1,0.282232,0.282232,10.07433,false,true,false,false,Self ,0,0.000666,1.066031,,0,0,0,0,0,1576,418,0,
Scan: 1337425 Run: DIA12_CV486075:20251228_A2_N1_Mueller_MS_TechHub_IMP_THIDDIAXL003_Cas9_PhoX_DIA12_CV486075_250ng_FAIMS_003 P1_TEVQTGGFSKESILPK P2_LPKYSLFELENGR 10 3,DIA12_CV486075:20251228_A2_N1_Mueller_MS_TechHub_IMP_THIDDIAXL003_Cas9_PhoX_DIA12_CV486075_250ng_FAIMS_003,1337425,,,0,0,-0,0,4,0,0,Q99ZW2,,,false,Q99ZW2,Q99ZW2,,false,LPKYSLFELENGR,TEVQTGGFSKESILPK,1198,1098,13,16,3,10,1200,1107,4,,-1,0.2822,0.2822,10.074251,false,true,false,false,Self ,0,0.000666,1.066031,,0,0,0,0,0,1575,224,0,
Scan: 589860 Run: DIA12_CV486075:20251228_A2_N1_Mueller_MS_TechHub_IMP_THIDDIAXL003_Cas9_PhoX_DIA12_CV486075_250ng_FAIMS_001 P1_SKLVSDFR P2_QLLNAKLITQR 2 6,DIA12_CV486075:20251228_A2_N1_Mueller_MS_TechHub_IMP_THIDDIAXL003_Cas9_PhoX_DIA12_CV486075_250ng_FAIMS_001,589860,,,0,0,-0,0,4,0,0,Q99ZW2,,,false,Q99ZW2,Q99ZW2,,false,QLLNAKLITQR,SKLVSDFR,885,960,11,8,6,2,890,961,4,,-1,0.282069,0.282069,10.073924,false,true,false,false,Self ,0,0.000666,1.066031,,0,0,0,0,0,1280,1445,0,
Scan: 941345 Run: DIA12_CV486075:20251228_A2_N1_Mueller_MS_TechHub_IMP_THIDDIAXL003_Cas9_PhoX_DIA12_CV486075_250ng_FAIMS_002 P1_SEETITPWNFEEVVDKGASAQSFIER P2_FKVLGNTDR 16 2,DIA12_CV486075:20251228_A2_N1_Mueller_MS_TechHub_IMP_THIDDIAXL003_Cas9_PhoX_DIA12_CV486075_250ng_FAIMS_002,941345,,,0,0,-0,0,4,0,0,Q99ZW2,,,false,Q99ZW2,Q99ZW2,,false,FKVLGNTDR,SEETITPWNFEEVVDKGASAQSFIER,32,469,9,26,2,16,33,484,4,,-1,0.28173,0.28173,10.073077,false,true,false,false,Self ,0,0.000666,1.066408,,0,0,0,0,0,1573,1111,0,
Scan: 1650928 Run: DIA12_CV486075:20251228_A2_N1_Mueller_MS_TechHub_IMP_THIDDIAXL003_Cas9_PhoX_DIA12_CV486075_250ng_FAIMS_003 P1_KNGLFGNLIALSLGLTPNFK P2_EDIQKAQVSGQGDSLHEHIANLAGSPAIK 1 5,DIA12_CV486075:20251228_A2_N1_Mueller_MS_TechHub_IMP_THIDDIAXL003_Cas9_PhoX_DIA12_CV486075_250ng_FAIMS_003,1650928,,,0,0,-0,0,5,0,0,Q99ZW2,,,false,Q99ZW2,Q99ZW2,,false,EDIQKAQVSGQGDSLHEHIANLAGSPAIK,KNGLFGNLIALSLGLTPNFK,706,234,29,20,5,1,710,234,5,,-1,0.281522,0.281522,10.072557,false,true,false,false,Self ,0,0.000666,1.066784,,0,0,0,0,0,1572,1110,0,
Scan: 634580 Run: DIA12_CV486075:20251228_A2_N1_Mueller_MS_TechHub_IMP_THIDDIAXL003_Cas9_PhoX_DIA12_CV486075_250ng_FAIMS_002 P1_LPKYSLFELENGR P2_KTEVQTGGFSK 3 1,DIA12_CV486075:20251228_A2_N1_Mueller_MS_TechHub_IMP_THIDDIAXL003_Cas9_PhoX_DIA12_CV486075_250ng_FAIMS_002,634580,,,0,0,-0,0,3,0,0,Q99ZW2,,,false,Q99ZW2,Q99ZW2,,false,KTEVQTGGFSK,LPKYSLFELENGR,1097,1198,11,13,1,3,1097,1200,3,,-1,0.28131,0.28131,10.072025,false,true,false,false,Self ,0,0.000667,1.067539,,0,0,0,0,0,1571,1479,0,
Scan: 40635 Run: DIA12_CV486075:20251228_A2_N1_Mueller_MS_TechHub_IMP_THIDDIAXL003_Cas9_PhoX_DIA12_CV486075_250ng_FAIMS_001 P1_KTEVQTGGFSK P2_KGILQTVK 1 1,DIA12_CV486075:20251228_A2_N1_Mueller_MS_TechHub_IMP_THIDDIAXL003_Cas9_PhoX_DIA12_CV486075_250ng_FAIMS_001,40635,,,0,0,-0,0,4,0,0,Q99ZW2,,,false,Q99ZW2,Q99ZW2,,false,KGILQTVK,KTEVQTGGFSK,735,1097,8,11,1,1,735,1097,4,,-1,0.281134,0.281134,10.071587,false,true,false,false,Self ,0,0.000667,1.067539,,0,0,0,0,0,1570,1502,0,
Scan: 838631 Run: DIA12_CV486075:20251228_A2_N1_Mueller_MS_TechHub_IMP_THIDDIAXL003_Cas9_PhoX_DIA12_CV486075_250ng_FAIMS_002 P1_SEQEIGKATAK P2_FKVLGNTDR 7 2,DIA12_CV486075:20251228_A2_N1_Mueller_MS_TechHub_IMP_THIDDIAXL003_Cas9_PhoX_DIA12_CV486075_250ng_FAIMS_002,838631,,,0,0,-0,0,4,0,0,Q99ZW2,,,false,Q99ZW2,Q99ZW2,,false,FKVLGNTDR,SEQEIGKATAK,32,1025,9,11,2,7,33,1031,4,,-1,0.281015,0.281015,10.071288,false,true,false,false,Self ,0,0.000667,1.067539,,0,0,0,0,0,1154,1439,0,
Scan: 38011 Run: DIA12_CV486075:20251228_A2_N1_Mueller_MS_TechHub_IMP_THIDDIAXL003_Cas9_PhoX_DIA12_CV486075_250ng_FAIMS_001 P1_KTEVQTGGFSK P2_KLVDSTDK 1 1,DIA12_CV486075:20251228_A2_N1_Mueller_MS_TechHub_IMP_THIDDIAXL003_Cas9_PhoX_DIA12_CV486075_250ng_FAIMS_001,38011,,,0,0,-0,0,3,0,0,Q99ZW2,,,false,Q99ZW2,Q99ZW2,,false,KLVDSTDK,KTEVQTGGFSK,141,1097,8,11,1,1,141,1097,3,,-1,0.280797,0.280797,10.070744,false,true,false,false,Self ,0,0.000667,1.067917,,0,0,0,0,0,1568,1109,0,
Scan: 1500001 Run: DIA12_CV486075:20251228_A2_N1_Mueller_MS_TechHub_IMP_THIDDIAXL003_Cas9_PhoX_DIA12_CV486075_250ng_FAIMS_003 P1_YDEHHQDLTLLKALVR P2_KSEETITPWNFEEVVDK 12 1,DIA12_CV486075:20251228_A2_N1_Mueller_MS_TechHub_IMP_THIDDIAXL003_Cas9_PhoX_DIA12_CV486075_250ng_FAIMS_003,1500001,,,0,0,-0,0,5,0,0,Q99ZW2,,,false,Q99ZW2,Q99ZW2,,false,KSEETITPWNFEEVVDK,YDEHHQDLTLLKALVR,468,325,17,16,1,12,468,336,5,,-1,0.280744,0.280744,10.070612,false,true,false,false,Self ,0,0.000667,1.067917,,0,0,0,0,0,1391,1453,0,
Scan: 1378040 Run: DIA12_CV486075:20251228_A2_N1_Mueller_MS_TechHub_IMP_THIDDIAXL003_Cas9_PhoX_DIA12_CV486075_250ng_FAIMS_003 P1_VILADANLDKVLSAYNK P2_KLVDSTDK 10 1,DIA12_CV486075:20251228_A2_N1_Mueller_MS_TechHub_IMP_THIDDIAXL003_Cas9_PhoX_DIA12_CV486075_250ng_FAIMS_003,1378040,,,0,0,-0,0,4,0,0,Q99ZW2,,,false,Q99ZW2,Q99ZW2,,false,KLVDSTDK,VILADANLDKVLSAYNK,141,1280,8,17,1,10,141,1289,4,,-1,0.279654,0.279654,10.067886,false,true,false,false,Self ,0,0.000668,1.069051,,0,0,0,0,0,1566,1108,0,
Scan: 1440027 Run: DIA12_CV486075:20251228_A2_N1_Mueller_MS_TechHub_IMP_THIDDIAXL003_Cas9_PhoX_DIA12_CV486075_250ng_FAIMS_003 P1_VVDELVKVMGR P2_FKVLGNTDR 7 2,DIA12_CV486075:20251228_A2_N1_Mueller_MS_TechHub_IMP_THIDDIAXL003_Cas9_PhoX_DIA12_CV486075_250ng_FAIMS_003,1440027,,,0,0,-0,0,4,0,0,Q99ZW2,,,false,Q99ZW2,Q99ZW2,,false,FKVLGNTDR,VVDELVKVMGR,32,743,9,11,2,7,33,749,4,,-1,0.279581,0.279581,10.067703,false,true,false,false,Self ,0,0.000668,1.069051,,0,0,0,0,0,1565,1514,0,
Scan: 1486198 Run: DIA12_CV486075:20251228_A2_N1_Mueller_MS_TechHub_IMP_THIDDIAXL003_Cas9_PhoX_DIA12_CV486075_250ng_FAIMS_003 P1_KLVDSTDK P2_IEKILTFR 1 3,DIA12_CV486075:20251228_A2_N1_Mueller_MS_TechHub_IMP_THIDDIAXL003_Cas9_PhoX_DIA12_CV486075_250ng_FAIMS_003,1486198,,,0,0,-0,0,3,0,0,Q99ZW2,,,false,Q99ZW2,Q99ZW2,,false,IEKILTFR,KLVDSTDK,440,141,8,8,3,1,442,141,3,,-1,0.279377,0.279377,10.067194,false,true,false,false,Self ,0,0.000668,1.069051,,0,0,0,0,0,1564,1107,0,
Scan: 958147 Run: DIA12_CV486075:20251228_A2_N1_Mueller_MS_TechHub_IMP_THIDDIAXL003_Cas9_PhoX_DIA12_CV486075_250ng_FAIMS_002 P1_NSDKLIAR P2_NLPNEKVLPK 4 6,DIA12_CV486075:20251228_A2_N1_Mueller_MS_TechHub_IMP_THIDDIAXL003_Cas9_PhoX_DIA12_CV486075_250ng_FAIMS_002,958147,,,0,0,-0,0,3,0,0,Q99ZW2,,,false,Q99ZW2,Q99ZW2,,false,NLPNEKVLPK,NSDKLIAR,501,1115,10,8,6,4,506,1118,3,,-1,0.279017,0.279017,10.066295,false,true,false,false,Self ,0,0.000669,1.069051,,0,0,0,0,0,82,1344,0,
Scan: 1337897 Run: DIA12_CV486075:20251228_A2_N1_Mueller_MS_TechHub_IMP_THIDDIAXL003_Cas9_PhoX_DIA12_CV486075_250ng_FAIMS_003 P1_NSDKLIAR P2_LPKYSLFELENGR 4 3,DIA12_CV486075:20251228_A2_N1_Mueller_MS_TechHub_IMP_THIDDIAXL003_Cas9_PhoX_DIA12_CV486075_250ng_FAIMS_003,1337897,,,0,0,-0,0,3,0,0,Q99ZW2,,,false,Q99ZW2,Q99ZW2,,false,LPKYSLFELENGR,NSDKLIAR,1198,1115,13,8,3,4,1200,1118,3,,-1,0.277943,0.277943,10.063609,false,true,false,false,Self ,0,0.00067,1.069809,,0,0,0,0,0,1321,1448,0,
Scan: 492010 Run: DIA12_CV486075:20251228_A2_N1_Mueller_MS_TechHub_IMP_THIDDIAXL003_Cas9_PhoX_DIA12_CV486075_250ng_FAIMS_001 P1_YKEIFFDQSK P2_GILQTVKVVDELVK 2 7,DIA12_CV486075:20251228_A2_N1_Mueller_MS_TechHub_IMP_THIDDIAXL003_Cas9_PhoX_DIA12_CV486075_250ng_FAIMS_001,492010,,,0,0,-0,0,4,0,0,Q99ZW2,,,false,Q99ZW2,Q99ZW2,,false,GILQTVKVVDELVK,YKEIFFDQSK,736,347,14,10,7,2,742,348,4,,-1,0.277388,0.277388,10.062221,false,true,false,false,Self ,0,0.00067,1.069809,,0,0,0,0,0,1561,1106,0,
Scan: 1555529 Run: DIA12_CV486075:20251228_A2_N1_Mueller_MS_TechHub_IMP_THIDDIAXL003_Cas9_PhoX_DIA12_CV486075_250ng_FAIMS_003 P1_NLPNEKVLPK P2_KTEVQTGGFSKESILPK 6 11,DIA12_CV486075:20251228_A2_N1_Mueller_MS_TechHub_IMP_THIDDIAXL003_Cas9_PhoX_DIA12_CV486075_250ng_FAIMS_003,1555529,,,0,0,-0,0,4,0,0,Q99ZW2,,,false,Q99ZW2,Q99ZW2,,false,KTEVQTGGFSKESILPK,NLPNEKVLPK,1097,501,17,10,11,6,1107,506,4,,-1,0.276528,0.276528,10.06007,false,true,false,false,Self ,0,0.000671,1.070567,,0,0,0,0,0,605,552,0,
Scan: 711772 Run: DIA12_CV486075:20251228_A2_N1_Mueller_MS_TechHub_IMP_THIDDIAXL003_Cas9_PhoX_DIA12_CV486075_250ng_FAIMS_002 P1_SSFEKNPIDFLEAK P2_LPKYSLFELENGR 5 3,DIA12_CV486075:20251228_A2_N1_Mueller_MS_TechHub_IMP_THIDDIAXL003_Cas9_PhoX_DIA12_CV486075_250ng_FAIMS_002,711772,,,0,0,-0,0,4,0,0,Q99ZW2,,,false,Q99ZW2,Q99ZW2,,false,LPKYSLFELENGR,SSFEKNPIDFLEAK,1198,1172,13,14,3,5,1200,1176,4,,-1,0.276035,0.276035,10.058838,false,true,false,false,Self ,0,0.000671,1.071707,,0,0,0,0,0,1559,1105,0,
Scan: 703102 Run: DIA12_CV486075:20251228_A2_N1_Mueller_MS_TechHub_IMP_THIDDIAXL003_Cas9_PhoX_DIA12_CV486075_250ng_FAIMS_002 P1_KYGGFDSPTVAYSVLVVAK P2_EQAENIIHLFTLTNLGAPAAFKYFDTTIDR 1 22,DIA12_CV486075:20251228_A2_N1_Mueller_MS_TechHub_IMP_THIDDIAXL003_Cas9_PhoX_DIA12_CV486075_250ng_FAIMS_002,703102,,,0,0,-0,0,5,0,0,Q99ZW2,,,false,Q99ZW2,Q99ZW2,,false,EQAENIIHLFTLTNLGAPAAFKYFDTTIDR,KYGGFDSPTVAYSVLVVAK,1304,1130,30,19,22,1,1325,1130,5,,-1,0.275442,0.275442,10.057357,false,true,false,false,Self ,0,0.000672,1.071707,,0,0,0,0,0,1558,1104,0,
Scan: 670263 Run: DIA12_CV486075:20251228_A2_N1_Mueller_MS_TechHub_IMP_THIDDIAXL003_Cas9_PhoX_DIA12_CV486075_250ng_FAIMS_002 P1_KTEVQTGGFSKESILPK P2_DKQSGK 11 2,DIA12_CV486075:20251228_A2_N1_Mueller_MS_TechHub_IMP_THIDDIAXL003_Cas9_PhoX_DIA12_CV486075_250ng_FAIMS_002,670263,,,0,0,-0,0,3,0,0,Q99ZW2,,,false,Q99ZW2,Q99ZW2,,false,DKQSGK,KTEVQTGGFSKESILPK,672,1097,6,17,2,11,673,1107,3,,-1,0.275406,0.275406,10.057267,false,true,false,false,Self ,0,0.000672,1.071707,,0,0,0,0,0,734,1272,0,
Scan: 261299 Run: DIA12_CV486075:20251228_A2_N1_Mueller_MS_TechHub_IMP_THIDDIAXL003_Cas9_PhoX_DIA12_CV486075_250ng_FAIMS_001 P1_YKEIFFDQSK P2_KFDNLTK 2 1,DIA12_CV486075:20251228_A2_N1_Mueller_MS_TechHub_IMP_THIDDIAXL003_Cas9_PhoX_DIA12_CV486075_250ng_FAIMS_001,261299,,,0,0,-0,0,3,0,0,Q99ZW2,,,false,Q99ZW2,Q99ZW2,,false,KFDNLTK,YKEIFFDQSK,896,347,7,10,1,2,896,348,3,,-1,0.274867,0.274867,10.05592,false,true,false,false,Self ,0,0.000672,1.072469,,0,0,0,0,0,1556,1103,0,
Scan: 575473 Run: DIA12_CV486075:20251228_A2_N1_Mueller_MS_TechHub_IMP_THIDDIAXL003_Cas9_PhoX_DIA12_CV486075_250ng_FAIMS_001 P1_QITKHVAQILDSR P2_KDFQFYK 4 1,DIA12_CV486075:20251228_A2_N1_Mueller_MS_TechHub_IMP_THIDDIAXL003_Cas9_PhoX_DIA12_CV486075_250ng_FAIMS_001,575473,,,0,0,-0,0,4,0,0,Q99ZW2,,,false,Q99ZW2,Q99ZW2,,false,KDFQFYK,QITKHVAQILDSR,968,926,7,13,1,4,968,929,4,,-1,0.274846,0.274846,10.055866,false,true,false,false,Self ,0,0.000672,1.072469,,0,0,0,0,0,1549,1465,0,
Scan: 1124773 Run: DIA12_CV486075:20251228_A2_N1_Mueller_MS_TechHub_IMP_THIDDIAXL003_Cas9_PhoX_DIA12_CV486075_250ng_FAIMS_002 P1_KDFQFYK P2_ELGSQILKEHPVENTQLQNEK 1 8,DIA12_CV486075:20251228_A2_N1_Mueller_MS_TechHub_IMP_THIDDIAXL003_Cas9_PhoX_DIA12_CV486075_250ng_FAIMS_002,1124773,,,0,0,-0,0,4,0,0,Q99ZW2,,,false,Q99ZW2,Q99ZW2,,false,ELGSQILKEHPVENTQLQNEK,KDFQFYK,790,968,21,7,8,1,797,968,4,,-1,0.274591,0.274591,10.055228,false,true,false,false,Self ,0,0.000672,1.07285,,0,0,0,0,0,1554,1102,0,
Scan: 1169906 Run: DIA12_CV486075:20251228_A2_N1_Mueller_MS_TechHub_IMP_THIDDIAXL003_Cas9_PhoX_DIA12_CV486075_250ng_FAIMS_002 P1_SEETITPWNFEEVVDKGASAQSFIER P2_QITKHVAQILDSR 16 4,DIA12_CV486075:20251228_A2_N1_Mueller_MS_TechHub_IMP_THIDDIAXL003_Cas9_PhoX_DIA12_CV486075_250ng_FAIMS_002,1169906,,,0,0,-0,0,4,0,0,Q99ZW2,,,false,Q99ZW2,Q99ZW2,,false,QITKHVAQILDSR,SEETITPWNFEEVVDKGASAQSFIER,926,469,13,26,4,16,929,484,4,,-1,0.274219,0.274219,10.054299,false,true,false,false,Self ,0,0.000673,1.073231,,0,0,0,0,0,1553,1101,0,
Scan: 976706 Run: DIA12_CV486075:20251228_A2_N1_Mueller_MS_TechHub_IMP_THIDDIAXL003_Cas9_PhoX_DIA12_CV486075_250ng_FAIMS_002 P1_KPAFLSGEQK P2_KDLIIK 1 1,DIA12_CV486075:20251228_A2_N1_Mueller_MS_TechHub_IMP_THIDDIAXL003_Cas9_PhoX_DIA12_CV486075_250ng_FAIMS_002,976706,,,0,0,-0,0,3,0,0,Q99ZW2,,,false,Q99ZW2,Q99ZW2,,false,KDLIIK,KPAFLSGEQK,1192,536,6,10,1,1,1192,536,3,,-1,0.274072,0.274072,10.053932,false,true,false,false,Self ,0,0.000673,1.073231,,0,0,0,0,0,1552,93,0,
Scan: 136486 Run: DIA12_CV486075:20251228_A2_N1_Mueller_MS_TechHub_IMP_THIDDIAXL003_Cas9_PhoX_DIA12_CV486075_250ng_FAIMS_001 P1_KDLIIK P2_DKQSGK 1 2,DIA12_CV486075:20251228_A2_N1_Mueller_MS_TechHub_IMP_THIDDIAXL003_Cas9_PhoX_DIA12_CV486075_250ng_FAIMS_001,136486,,,0,0,-0,0,3,0,0,Q99ZW2,,,false,Q99ZW2,Q99ZW2,,false,DKQSGK,KDLIIK,672,1192,6,6,2,1,673,1192,3,,-1,0.273528,0.273528,10.052572,false,true,false,false,Self ,0,0.000673,1.073231,,0,0,0,0,0,1551,573,0,
Scan: 1026707 Run: DIA12_CV486075:20251228_A2_N1_Mueller_MS_TechHub_IMP_THIDDIAXL003_Cas9_PhoX_DIA12_CV486075_250ng_FAIMS_002 P1_KLINGIR P2_DLIIKLPK 1 5,DIA12_CV486075:20251228_A2_N1_Mueller_MS_TechHub_IMP_THIDDIAXL003_Cas9_PhoX_DIA12_CV486075_250ng_FAIMS_002,1026707,,,0,0,-0,0,3,0,0,Q99ZW2,,,false,Q99ZW2,Q99ZW2,,false,DLIIKLPK,KLINGIR,1193,665,8,7,5,1,1197,665,3,,-1,0.272985,0.272985,10.051215,false,true,false,false,Self ,0,0.000674,1.073231,,0,0,0,0,0,1550,488,0,
Scan: 1770393 Run: DIA12_CV486075:20251228_A2_N1_Mueller_MS_TechHub_IMP_THIDDIAXL003_Cas9_PhoX_DIA12_CV486075_250ng_FAIMS_003 P1_QITKHVAQILDSR P2_KDFQFYK 4 1,DIA12_CV486075:20251228_A2_N1_Mueller_MS_TechHub_IMP_THIDDIAXL003_Cas9_PhoX_DIA12_CV486075_250ng_FAIMS_003,1770393,,,0,0,-0,0,3,0,0,Q99ZW2,,,false,Q99ZW2,Q99ZW2,,false,KDFQFYK,QITKHVAQILDSR,968,926,7,13,1,4,968,929,3,,-1,0.272273,0.272273,10.049433,false,true,false,false,Self ,0,0.000674,1.073231,,0,0,0,0,0,1549,1465,0,
Scan: 444194 Run: DIA12_CV486075:20251228_A2_N1_Mueller_MS_TechHub_IMP_THIDDIAXL003_Cas9_PhoX_DIA12_CV486075_250ng_FAIMS_001 P1_TILDFLKSDGFANR P2_FKVLGNTDR 7 2,DIA12_CV486075:20251228_A2_N1_Mueller_MS_TechHub_IMP_THIDDIAXL003_Cas9_PhoX_DIA12_CV486075_250ng_FAIMS_001,444194,,,0,0,-0,0,4,0,0,Q99ZW2,,,false,Q99ZW2,Q99ZW2,,false,FKVLGNTDR,TILDFLKSDGFANR,32,678,9,14,2,7,33,684,4,,-1,0.271689,0.271689,10.047973,false,true,false,false,Self ,0,0.000675,1.073231,,0,0,0,0,0,1548,1098,0,
Scan: 872131 Run: DIA12_CV486075:20251228_A2_N1_Mueller_MS_TechHub_IMP_THIDDIAXL003_Cas9_PhoX_DIA12_CV486075_250ng_FAIMS_002 P1_NSDKLIAR P2_NGYAGYIDGGASQEEFYKFIKPILEK 4 18,DIA12_CV486075:20251228_A2_N1_Mueller_MS_TechHub_IMP_THIDDIAXL003_Cas9_PhoX_DIA12_CV486075_250ng_FAIMS_002,872131,,,0,0,-0,0,4,0,0,Q99ZW2,,,false,Q99ZW2,Q99ZW2,,false,NGYAGYIDGGASQEEFYKFIKPILEK,NSDKLIAR,357,1115,26,8,18,4,374,1118,4,,-1,0.271557,0.271557,10.047644,false,true,false,false,Self ,0,0.000675,1.073231,,0,0,0,0,0,650,1386,0,
Scan: 1314855 Run: DIA12_CV486075:20251228_A2_N1_Mueller_MS_TechHub_IMP_THIDDIAXL003_Cas9_PhoX_DIA12_CV486075_250ng_FAIMS_003 P1_SSFEKNPIDFLEAK P2_EDIQKAQVSGQGDSLHEHIANLAGSPAIKK 5 5,DIA12_CV486075:20251228_A2_N1_Mueller_MS_TechHub_IMP_THIDDIAXL003_Cas9_PhoX_DIA12_CV486075_250ng_FAIMS_003,1314855,,,0,0,-0,0,6,0,0,Q99ZW2,,,false,Q99ZW2,Q99ZW2,,false,EDIQKAQVSGQGDSLHEHIANLAGSPAIKK,SSFEKNPIDFLEAK,706,1172,30,14,5,5,710,1176,6,,-1,0.271237,0.271237,10.046845,false,true,false,false,Self ,0,0.000675,1.073231,,0,0,0,0,0,1546,1097,0,
Scan: 353184 Run: DIA12_CV486075:20251228_A2_N1_Mueller_MS_TechHub_IMP_THIDDIAXL003_Cas9_PhoX_DIA12_CV486075_250ng_FAIMS_001 P1_NSDKLIAR P2_MTNFDKNLPNEK 4 6,DIA12_CV486075:20251228_A2_N1_Mueller_MS_TechHub_IMP_THIDDIAXL003_Cas9_PhoX_DIA12_CV486075_250ng_FAIMS_001,353184,,,0,0,-0,0,3,0,0,Q99ZW2,,,false,Q99ZW2,Q99ZW2,,false,MTNFDKNLPNEK,NSDKLIAR,495,1115,12,8,6,4,500,1118,3,,-1,0.269877,0.269877,10.043443,false,true,false,false,Self ,0,0.000676,1.073613,,0,0,0,0,0,1545,1096,0,
Scan: 1231524 Run: DIA12_CV486075:20251228_A2_N1_Mueller_MS_TechHub_IMP_THIDDIAXL003_Cas9_PhoX_DIA12_CV486075_250ng_FAIMS_003 P1_SSFEKNPIDFLEAK P2_KTEVQTGGFSK 5 1,DIA12_CV486075:20251228_A2_N1_Mueller_MS_TechHub_IMP_THIDDIAXL003_Cas9_PhoX_DIA12_CV486075_250ng_FAIMS_003,1231524,,,0,0,-0,0,4,0,0,Q99ZW2,,,false,Q99ZW2,Q99ZW2,,false,KTEVQTGGFSK,SSFEKNPIDFLEAK,1097,1172,11,14,1,5,1097,1176,4,,-1,0.269783,0.269783,10.04321,false,true,false,false,Self ,0,0.000676,1.073613,,0,0,0,0,0,1544,1508,0,
Scan: 801958 Run: DIA12_CV486075:20251228_A2_N1_Mueller_MS_TechHub_IMP_THIDDIAXL003_Cas9_PhoX_DIA12_CV486075_250ng_FAIMS_002 P1_TILDFLKSDGFANR P2_KLVDSTDK 7 1,DIA12_CV486075:20251228_A2_N1_Mueller_MS_TechHub_IMP_THIDDIAXL003_Cas9_PhoX_DIA12_CV486075_250ng_FAIMS_002,801958,,,0,0,-0,0,4,0,0,Q99ZW2,,,false,Q99ZW2,Q99ZW2,,false,KLVDSTDK,TILDFLKSDGFANR,141,678,8,14,1,7,141,684,4,,-1,0.269581,0.269581,10.042704,false,true,false,false,Self ,0,0.000677,1.073613,,0,0,0,0,0,1543,1095,0,
Scan: 1306994 Run: DIA12_CV486075:20251228_A2_N1_Mueller_MS_TechHub_IMP_THIDDIAXL003_Cas9_PhoX_DIA12_CV486075_250ng_FAIMS_003 P1_SSFEKNPIDFLEAK P2_KKDWDPK 5 1,DIA12_CV486075:20251228_A2_N1_Mueller_MS_TechHub_IMP_THIDDIAXL003_Cas9_PhoX_DIA12_CV486075_250ng_FAIMS_003,1306994,,,0,0,-0,0,4,0,0,Q99ZW2,,,false,Q99ZW2,Q99ZW2,,false,KKDWDPK,SSFEKNPIDFLEAK,1123,1172,7,14,1,5,1123,1176,4,,-1,0.269451,0.269451,10.04238,false,true,false,false,Self ,0,0.000677,1.073613,,0,0,0,0,0,1542,1382,0,
Scan: 1483129 Run: DIA12_CV486075:20251228_A2_N1_Mueller_MS_TechHub_IMP_THIDDIAXL003_Cas9_PhoX_DIA12_CV486075_250ng_FAIMS_003 P1_RQEDFYPFLKDNR P2_KLVDSTDK 10 1,DIA12_CV486075:20251228_A2_N1_Mueller_MS_TechHub_IMP_THIDDIAXL003_Cas9_PhoX_DIA12_CV486075_250ng_FAIMS_003,1483129,,,0,0,-0,0,4,0,0,Q99ZW2,,,false,Q99ZW2,Q99ZW2,,false,KLVDSTDK,RQEDFYPFLKDNR,141,425,8,13,1,10,141,434,4,,-1,0.269278,0.269278,10.041947,false,true,false,false,Self ,0,0.000677,1.073613,,0,0,0,0,0,1541,1094,0,
Scan: 1600346 Run: DIA12_CV486075:20251228_A2_N1_Mueller_MS_TechHub_IMP_THIDDIAXL003_Cas9_PhoX_DIA12_CV486075_250ng_FAIMS_003 P1_SKLVSDFR P2_KAIVDLLFK 2 1,DIA12_CV486075:20251228_A2_N1_Mueller_MS_TechHub_IMP_THIDDIAXL003_Cas9_PhoX_DIA12_CV486075_250ng_FAIMS_003,1600346,,,0,0,-0,0,3,0,0,Q99ZW2,,,false,Q99ZW2,Q99ZW2,,false,KAIVDLLFK,SKLVSDFR,546,960,9,8,1,2,546,961,3,,-1,0.269086,0.269086,10.041467,false,true,false,false,Self ,0,0.000677,1.073613,,0,0,0,0,0,1540,1093,0,
Scan: 242664 Run: DIA12_CV486075:20251228_A2_N1_Mueller_MS_TechHub_IMP_THIDDIAXL003_Cas9_PhoX_DIA12_CV486075_250ng_FAIMS_001 P1_FKVLGNTDR P2_FKVLGNTDR 2 2,DIA12_CV486075:20251228_A2_N1_Mueller_MS_TechHub_IMP_THIDDIAXL003_Cas9_PhoX_DIA12_CV486075_250ng_FAIMS_001,242664,,,0,0,-0,0,4,0,0,Q99ZW2,,,false,Q99ZW2,Q99ZW2,,false,FKVLGNTDR,FKVLGNTDR,32,32,9,9,2,2,33,33,4,,-1,0.26888,0.26888,10.040951,false,true,false,false,Self ,0,0.000677,1.073613,,0,0,0,0,0,1539,209,0,
Scan: 1783290 Run: DIA12_CV486075:20251228_A2_N1_Mueller_MS_TechHub_IMP_THIDDIAXL003_Cas9_PhoX_DIA12_CV486075_250ng_FAIMS_003 P1_SKLVSDFR P2_KLVDSTDK 2 1,DIA12_CV486075:20251228_A2_N1_Mueller_MS_TechHub_IMP_THIDDIAXL003_Cas9_PhoX_DIA12_CV486075_250ng_FAIMS_003,1783290,,,0,0,-0,0,3,0,0,Q99ZW2,,,false,Q99ZW2,Q99ZW2,,false,KLVDSTDK,SKLVSDFR,141,960,8,8,1,2,141,961,3,,-1,0.268745,0.268745,10.040614,false,true,false,false,Self ,0,0.000677,1.073613,,0,0,0,0,0,1538,1092,0,
Scan: 537003 Run: DIA12_CV486075:20251228_A2_N1_Mueller_MS_TechHub_IMP_THIDDIAXL003_Cas9_PhoX_DIA12_CV486075_250ng_FAIMS_001 P1_KGILQTVK P2_EHPVENTQLQNEKLYLYYLQNGR 1 13,DIA12_CV486075:20251228_A2_N1_Mueller_MS_TechHub_IMP_THIDDIAXL003_Cas9_PhoX_DIA12_CV486075_250ng_FAIMS_001,537003,,,0,0,-0,0,4,0,0,Q99ZW2,,,false,Q99ZW2,Q99ZW2,,false,EHPVENTQLQNEKLYLYYLQNGR,KGILQTVK,798,735,23,8,13,1,810,735,4,,-1,0.268714,0.268714,10.040536,false,true,false,false,Self ,0,0.000677,1.073613,,0,0,0,0,0,1537,1091,0,
Scan: 1021777 Run: DIA12_CV486075:20251228_A2_N1_Mueller_MS_TechHub_IMP_THIDDIAXL003_Cas9_PhoX_DIA12_CV486075_250ng_FAIMS_002 P1_NSDKLIAR P2_LKTYAHLFDDK 4 2,DIA12_CV486075:20251228_A2_N1_Mueller_MS_TechHub_IMP_THIDDIAXL003_Cas9_PhoX_DIA12_CV486075_250ng_FAIMS_002,1021777,,,0,0,-0,0,4,0,0,Q99ZW2,,,false,Q99ZW2,Q99ZW2,,false,LKTYAHLFDDK,NSDKLIAR,636,1115,11,8,2,4,637,1118,4,,-1,0.268704,0.268704,10.040511,false,true,false,false,Self ,0,0.000677,1.073613,,0,0,0,0,0,1536,1090,0,
Scan: 845054 Run: DIA12_CV486075:20251228_A2_N1_Mueller_MS_TechHub_IMP_THIDDIAXL003_Cas9_PhoX_DIA12_CV486075_250ng_FAIMS_002 P1_YDEHHQDLTLLKALVR P2_SSFEKNPIDFLEAK 12 5,DIA12_CV486075:20251228_A2_N1_Mueller_MS_TechHub_IMP_THIDDIAXL003_Cas9_PhoX_DIA12_CV486075_250ng_FAIMS_002,845054,,,0,0,-0,0,5,0,0,Q99ZW2,,,false,Q99ZW2,Q99ZW2,,false,SSFEKNPIDFLEAK,YDEHHQDLTLLKALVR,1172,325,14,16,5,12,1176,336,5,,-1,0.268447,0.268447,10.039868,false,true,false,false,Self ,0,0.000678,1.073613,,0,0,0,0,0,1535,1089,0,
Scan: 675308 Run: DIA12_CV486075:20251228_A2_N1_Mueller_MS_TechHub_IMP_THIDDIAXL003_Cas9_PhoX_DIA12_CV486075_250ng_FAIMS_002 P1_VLPKHSLLYEYFTVYNELTK P2_LEESFLVEEDKK 4 11,DIA12_CV486075:20251228_A2_N1_Mueller_MS_TechHub_IMP_THIDDIAXL003_Cas9_PhoX_DIA12_CV486075_250ng_FAIMS_002,675308,,,0,0,-0,0,4,0,0,Q99ZW2,,,false,Q99ZW2,Q99ZW2,,false,LEESFLVEEDKK,VLPKHSLLYEYFTVYNELTK,101,507,12,20,11,4,111,510,4,,-1,0.267349,0.267349,10.037123,false,true,false,false,Self ,0,0.000678,1.075142,,0,0,0,0,0,1534,1088,0,
Scan: 92703 Run: DIA12_CV486075:20251228_A2_N1_Mueller_MS_TechHub_IMP_THIDDIAXL003_Cas9_PhoX_DIA12_CV486075_250ng_FAIMS_001 P1_NSDKLIAR P2_GQKNSR 4 3,DIA12_CV486075:20251228_A2_N1_Mueller_MS_TechHub_IMP_THIDDIAXL003_Cas9_PhoX_DIA12_CV486075_250ng_FAIMS_001,92703,,,0,0,-0,0,3,0,0,Q99ZW2,,,false,Q99ZW2,Q99ZW2,,false,GQKNSR,NSDKLIAR,773,1115,6,8,3,4,775,1118,3,,-1,0.266948,0.266948,10.03612,false,true,false,false,Self ,0,0.000679,1.075909,,0,0,0,0,0,1333,1444,0,
Scan: 1638409 Run: DIA12_CV486075:20251228_A2_N1_Mueller_MS_TechHub_IMP_THIDDIAXL003_Cas9_PhoX_DIA12_CV486075_250ng_FAIMS_003 P1_VILADANLDKVLSAYNK P2_TILDFLKSDGFANR 10 7,DIA12_CV486075:20251228_A2_N1_Mueller_MS_TechHub_IMP_THIDDIAXL003_Cas9_PhoX_DIA12_CV486075_250ng_FAIMS_003,1638409,,,0,0,-0,0,4,0,0,Q99ZW2,,,false,Q99ZW2,Q99ZW2,,false,TILDFLKSDGFANR,VILADANLDKVLSAYNK,678,1280,14,17,7,10,684,1289,4,,-1,0.266945,0.266945,10.036114,false,true,false,false,Self ,0,0.000679,1.075909,,0,0,0,0,0,1532,1087,0,
Scan: 752856 Run: DIA12_CV486075:20251228_A2_N1_Mueller_MS_TechHub_IMP_THIDDIAXL003_Cas9_PhoX_DIA12_CV486075_250ng_FAIMS_002 P1_KVLSMPQVNIVK P2_GNELALPSKYVNFLYLASHYEK 1 9,DIA12_CV486075:20251228_A2_N1_Mueller_MS_TechHub_IMP_THIDDIAXL003_Cas9_PhoX_DIA12_CV486075_250ng_FAIMS_002,752856,,,0,0,-0,0,4,0,0,Q99ZW2,,,false,Q99ZW2,Q99ZW2,,false,GNELALPSKYVNFLYLASHYEK,KVLSMPQVNIVK,1223,1085,22,12,9,1,1231,1085,4,,-1,0.266798,0.266798,10.035745,false,true,false,false,Self ,0,0.000679,1.076292,,0,0,0,0,0,1478,1457,0,
Scan: 1439462 Run: DIA12_CV486075:20251228_A2_N1_Mueller_MS_TechHub_IMP_THIDDIAXL003_Cas9_PhoX_DIA12_CV486075_250ng_FAIMS_003 P1_QLKEDYFK P2_FKVLGNTDR 3 2,DIA12_CV486075:20251228_A2_N1_Mueller_MS_TechHub_IMP_THIDDIAXL003_Cas9_PhoX_DIA12_CV486075_250ng_FAIMS_003,1439462,,,0,0,-0,0,3,0,0,Q99ZW2,,,false,Q99ZW2,Q99ZW2,,false,FKVLGNTDR,QLKEDYFK,32,563,9,8,2,3,33,565,3,,-1,0.266405,0.266405,10.034763,false,true,false,false,Self ,0,0.000679,1.07706,,0,0,0,0,0,1530,1086,0,
Scan: 1721782 Run: DIA12_CV486075:20251228_A2_N1_Mueller_MS_TechHub_IMP_THIDDIAXL003_Cas9_PhoX_DIA12_CV486075_250ng_FAIMS_003 P1_KFDNLTK P2_ELGSQILKEHPVENTQLQNEK 1 8,DIA12_CV486075:20251228_A2_N1_Mueller_MS_TechHub_IMP_THIDDIAXL003_Cas9_PhoX_DIA12_CV486075_250ng_FAIMS_003,1721782,,,0,0,-0,0,4,0,0,Q99ZW2,,,false,Q99ZW2,Q99ZW2,,false,ELGSQILKEHPVENTQLQNEK,KFDNLTK,790,896,21,7,8,1,797,896,4,,-1,0.266085,0.266085,10.033965,false,true,false,false,Self ,0,0.00068,1.07706,,0,0,0,0,0,1529,1085,0,
Scan: 87954 Run: DIA12_CV486075:20251228_A2_N1_Mueller_MS_TechHub_IMP_THIDDIAXL003_Cas9_PhoX_DIA12_CV486075_250ng_FAIMS_001 P1_YKEIFFDQSK P2_NSDKLIAR 2 4,DIA12_CV486075:20251228_A2_N1_Mueller_MS_TechHub_IMP_THIDDIAXL003_Cas9_PhoX_DIA12_CV486075_250ng_FAIMS_001,87954,,,0,0,-0,0,4,0,0,Q99ZW2,,,false,Q99ZW2,Q99ZW2,,false,NSDKLIAR,YKEIFFDQSK,1115,347,8,10,4,2,1118,348,4,,-1,0.265963,0.265963,10.033659,false,true,false,false,Self ,0,0.00068,1.07706,,0,0,0,0,0,1528,1353,0,
Scan: 449730 Run: DIA12_CV486075:20251228_A2_N1_Mueller_MS_TechHub_IMP_THIDDIAXL003_Cas9_PhoX_DIA12_CV486075_250ng_FAIMS_001 P1_TILDFLKSDGFANR P2_SKLVSDFR 7 2,DIA12_CV486075:20251228_A2_N1_Mueller_MS_TechHub_IMP_THIDDIAXL003_Cas9_PhoX_DIA12_CV486075_250ng_FAIMS_001,449730,,,0,0,-0,0,4,0,0,Q99ZW2,,,false,Q99ZW2,Q99ZW2,,false,SKLVSDFR,TILDFLKSDGFANR,960,678,8,14,2,7,961,684,4,,-1,0.265928,0.265928,10.03357,false,true,false,false,Self ,0,0.00068,1.07706,,0,0,0,0,0,1527,1084,0,
Scan: 83018 Run: DIA12_CV486075:20251228_A2_N1_Mueller_MS_TechHub_IMP_THIDDIAXL003_Cas9_PhoX_DIA12_CV486075_250ng_FAIMS_001 P1_RNSDKLIAR P2_KKDWDPK 5 1,DIA12_CV486075:20251228_A2_N1_Mueller_MS_TechHub_IMP_THIDDIAXL003_Cas9_PhoX_DIA12_CV486075_250ng_FAIMS_001,83018,,,0,0,-0,0,3,0,0,Q99ZW2,,,false,Q99ZW2,Q99ZW2,,false,KKDWDPK,RNSDKLIAR,1123,1114,7,9,1,5,1123,1118,3,,-1,0.265782,0.265782,10.033206,false,true,false,false,Self ,0,0.00068,1.07706,,0,0,0,0,0,1526,870,0,
Scan: 1013765 Run: DIA12_CV486075:20251228_A2_N1_Mueller_MS_TechHub_IMP_THIDDIAXL003_Cas9_PhoX_DIA12_CV486075_250ng_FAIMS_002 P1_KLINGIR P2_KIECFDSVEISGVEDR 1 1,DIA12_CV486075:20251228_A2_N1_Mueller_MS_TechHub_IMP_THIDDIAXL003_Cas9_PhoX_DIA12_CV486075_250ng_FAIMS_002,1013765,,,0,0,-0,0,3,0,0,Q99ZW2,,,false,Q99ZW2,Q99ZW2,,false,KIECFDSVEISGVEDR,KLINGIR,571,665,16,7,1,1,571,665,3,,-1,0.265538,0.265538,10.032596,false,true,false,false,Self ,0,0.00068,1.077829,,0,0,0,0,0,850,1407,0,
Scan: 1717816 Run: DIA12_CV486075:20251228_A2_N1_Mueller_MS_TechHub_IMP_THIDDIAXL003_Cas9_PhoX_DIA12_CV486075_250ng_FAIMS_003 P1_IEKILTFR P2_ELGSQILKEHPVENTQLQNEK 3 8,DIA12_CV486075:20251228_A2_N1_Mueller_MS_TechHub_IMP_THIDDIAXL003_Cas9_PhoX_DIA12_CV486075_250ng_FAIMS_003,1717816,,,0,0,-0,0,4,0,0,Q99ZW2,,,false,Q99ZW2,Q99ZW2,,false,ELGSQILKEHPVENTQLQNEK,IEKILTFR,790,440,21,8,8,3,797,442,4,,-1,0.264529,0.264529,10.030075,false,true,false,false,Self ,0,0.000681,1.078214,,0,0,0,0,0,1524,1082,0,
Scan: 514030 Run: DIA12_CV486075:20251228_A2_N1_Mueller_MS_TechHub_IMP_THIDDIAXL003_Cas9_PhoX_DIA12_CV486075_250ng_FAIMS_001 P1_TEVQTGGFSKESILPK P2_IEEGIKELGSQILK 10 6,DIA12_CV486075:20251228_A2_N1_Mueller_MS_TechHub_IMP_THIDDIAXL003_Cas9_PhoX_DIA12_CV486075_250ng_FAIMS_001,514030,,,0,0,-0,0,4,0,0,Q99ZW2,,,false,Q99ZW2,Q99ZW2,,false,IEEGIKELGSQILK,TEVQTGGFSKESILPK,784,1098,14,16,6,10,789,1107,4,,-1,0.264504,0.264504,10.030011,false,true,false,false,Self ,0,0.000681,1.078214,,0,0,0,0,0,1523,1081,0,
Scan: 1379639 Run: DIA12_CV486075:20251228_A2_N1_Mueller_MS_TechHub_IMP_THIDDIAXL003_Cas9_PhoX_DIA12_CV486075_250ng_FAIMS_003 P1_VILADANLDKVLSAYNK P2_GKSDNVPSEEVVK 10 2,DIA12_CV486075:20251228_A2_N1_Mueller_MS_TechHub_IMP_THIDDIAXL003_Cas9_PhoX_DIA12_CV486075_250ng_FAIMS_003,1379639,,,0,0,-0,0,4,0,0,Q99ZW2,,,false,Q99ZW2,Q99ZW2,,false,GKSDNVPSEEVVK,VILADANLDKVLSAYNK,865,1280,13,17,2,10,866,1289,4,,-1,0.264131,0.264131,10.029078,false,true,false,false,Self ,0,0.000681,1.078599,,0,0,0,0,0,1522,1080,0,
Scan: 1367175 Run: DIA12_CV486075:20251228_A2_N1_Mueller_MS_TechHub_IMP_THIDDIAXL003_Cas9_PhoX_DIA12_CV486075_250ng_FAIMS_003 P1_GSPEDNEQKQLFVEQHK P2_FKVLGNTDR 9 2,DIA12_CV486075:20251228_A2_N1_Mueller_MS_TechHub_IMP_THIDDIAXL003_Cas9_PhoX_DIA12_CV486075_250ng_FAIMS_003,1367175,,,0,0,-0,0,4,0,0,Q99ZW2,,,false,Q99ZW2,Q99ZW2,,false,FKVLGNTDR,GSPEDNEQKQLFVEQHK,32,1247,9,17,2,9,33,1255,4,,-1,0.264114,0.264114,10.029037,false,true,false,false,Self ,0,0.000681,1.078599,,0,0,0,0,0,1521,1079,0,
Scan: 1788911 Run: DIA12_CV486075:20251228_A2_N1_Mueller_MS_TechHub_IMP_THIDDIAXL003_Cas9_PhoX_DIA12_CV486075_250ng_FAIMS_003 P1_KDFQFYK P2_IEKILTFR 1 3,DIA12_CV486075:20251228_A2_N1_Mueller_MS_TechHub_IMP_THIDDIAXL003_Cas9_PhoX_DIA12_CV486075_250ng_FAIMS_003,1788911,,,0,0,-0,0,3,0,0,Q99ZW2,,,false,Q99ZW2,Q99ZW2,,false,IEKILTFR,KDFQFYK,440,968,8,7,3,1,442,968,3,,-1,0.263658,0.263658,10.027895,false,true,false,false,Self ,0,0.000682,1.078985,,0,0,0,0,0,1114,1433,0,
Scan: 41582 Run: DIA12_CV486075:20251228_A2_N1_Mueller_MS_TechHub_IMP_THIDDIAXL003_Cas9_PhoX_DIA12_CV486075_250ng_FAIMS_001 P1_KTEVQTGGFSK P2_KFDNLTK 1 1,DIA12_CV486075:20251228_A2_N1_Mueller_MS_TechHub_IMP_THIDDIAXL003_Cas9_PhoX_DIA12_CV486075_250ng_FAIMS_001,41582,,,0,0,-0,0,3,0,0,Q99ZW2,,,false,Q99ZW2,Q99ZW2,,false,KFDNLTK,KTEVQTGGFSK,896,1097,7,11,1,1,896,1097,3,,-1,0.26329,0.26329,10.026977,false,true,false,false,Self ,0,0.000682,1.079757,,0,0,0,0,0,1519,516,0,
Scan: 1191380 Run: DIA12_CV486075:20251228_A2_N1_Mueller_MS_TechHub_IMP_THIDDIAXL003_Cas9_PhoX_DIA12_CV486075_250ng_FAIMS_002 P1_KDFQFYK P2_FKVLGNTDR 1 2,DIA12_CV486075:20251228_A2_N1_Mueller_MS_TechHub_IMP_THIDDIAXL003_Cas9_PhoX_DIA12_CV486075_250ng_FAIMS_002,1191380,,,0,0,-0,0,3,0,0,Q99ZW2,,,false,Q99ZW2,Q99ZW2,,false,FKVLGNTDR,KDFQFYK,32,968,9,7,2,1,33,968,3,,-1,0.263138,0.263138,10.026597,false,true,false,false,Self ,0,0.000682,1.079757,,0,0,0,0,0,1518,1471,0,
Scan: 794218 Run: DIA12_CV486075:20251228_A2_N1_Mueller_MS_TechHub_IMP_THIDDIAXL003_Cas9_PhoX_DIA12_CV486075_250ng_FAIMS_002 P1_YTSTKEVLDATLIHQSITGLYETR P2_NSDKLIAR 5 4,DIA12_CV486075:20251228_A2_N1_Mueller_MS_TechHub_IMP_THIDDIAXL003_Cas9_PhoX_DIA12_CV486075_250ng_FAIMS_002,794218,,,0,0,-0,0,4,0,0,Q99ZW2,,,false,Q99ZW2,Q99ZW2,,false,NSDKLIAR,YTSTKEVLDATLIHQSITGLYETR,1115,1336,8,24,4,5,1118,1340,4,,-1,0.262959,0.262959,10.026148,false,true,false,false,Self ,0,0.000682,1.079757,,0,0,0,0,0,720,1389,0,
Scan: 145448 Run: DIA12_CV486075:20251228_A2_N1_Mueller_MS_TechHub_IMP_THIDDIAXL003_Cas9_PhoX_DIA12_CV486075_250ng_FAIMS_001 P1_LPKYSLFELENGR P2_FKVLGNTDR 3 2,DIA12_CV486075:20251228_A2_N1_Mueller_MS_TechHub_IMP_THIDDIAXL003_Cas9_PhoX_DIA12_CV486075_250ng_FAIMS_001,145448,,,0,0,-0,0,3,0,0,Q99ZW2,,,false,Q99ZW2,Q99ZW2,,false,FKVLGNTDR,LPKYSLFELENGR,32,1198,9,13,2,3,33,1200,3,,-1,0.262719,0.262719,10.025547,false,true,false,false,Self ,0,0.000682,1.079757,,0,0,0,0,0,1516,1481,0,
Scan: 1567672 Run: DIA12_CV486075:20251228_A2_N1_Mueller_MS_TechHub_IMP_THIDDIAXL003_Cas9_PhoX_DIA12_CV486075_250ng_FAIMS_003 P1_KPAFLSGEQK P2_HSLLYEYFTVYNELTKVK 1 16,DIA12_CV486075:20251228_A2_N1_Mueller_MS_TechHub_IMP_THIDDIAXL003_Cas9_PhoX_DIA12_CV486075_250ng_FAIMS_003,1567672,,,0,0,-0,0,4,0,0,Q99ZW2,,,false,Q99ZW2,Q99ZW2,,false,HSLLYEYFTVYNELTKVK,KPAFLSGEQK,511,536,18,10,16,1,526,536,4,,-1,0.262164,0.262164,10.024162,false,true,false,false,Self ,0,0.000683,1.080143,,0,0,0,0,0,1515,685,0,
Scan: 1501263 Run: DIA12_CV486075:20251228_A2_N1_Mueller_MS_TechHub_IMP_THIDDIAXL003_Cas9_PhoX_DIA12_CV486075_250ng_FAIMS_003 P1_KSEETITPWNFEEVVDK P2_EKIEKILTFR 1 2,DIA12_CV486075:20251228_A2_N1_Mueller_MS_TechHub_IMP_THIDDIAXL003_Cas9_PhoX_DIA12_CV486075_250ng_FAIMS_003,1501263,,,0,0,-0,0,4,0,0,Q99ZW2,,,false,Q99ZW2,Q99ZW2,,false,EKIEKILTFR,KSEETITPWNFEEVVDK,438,468,10,17,2,1,439,468,4,,-1,0.262026,0.262026,10.023817,false,true,false,false,Self ,0,0.000683,1.080143,,0,0,0,0,0,393,1351,0,
Scan: 1187830 Run: DIA12_CV486075:20251228_A2_N1_Mueller_MS_TechHub_IMP_THIDDIAXL003_Cas9_PhoX_DIA12_CV486075_250ng_FAIMS_002 P1_SKLVSDFR P2_DFQFYKVR 2 6,DIA12_CV486075:20251228_A2_N1_Mueller_MS_TechHub_IMP_THIDDIAXL003_Cas9_PhoX_DIA12_CV486075_250ng_FAIMS_002,1187830,,,0,0,-0,0,3,0,0,Q99ZW2,,,false,Q99ZW2,Q99ZW2,,false,DFQFYKVR,SKLVSDFR,969,960,8,8,6,2,974,961,3,,-1,0.261151,0.261151,10.021629,false,true,false,false,Self ,0,0.000684,1.082079,,0,0,0,0,0,1055,1425,0,
Scan: 944200 Run: DIA12_CV486075:20251228_A2_N1_Mueller_MS_TechHub_IMP_THIDDIAXL003_Cas9_PhoX_DIA12_CV486075_250ng_FAIMS_002 P1_NLPNEKVLPK P2_KSEETITPWNFEEVVDKGASAQSFIER 6 17,DIA12_CV486075:20251228_A2_N1_Mueller_MS_TechHub_IMP_THIDDIAXL003_Cas9_PhoX_DIA12_CV486075_250ng_FAIMS_002,944200,,,0,0,-0,0,4,0,0,Q99ZW2,,,false,Q99ZW2,Q99ZW2,,false,KSEETITPWNFEEVVDKGASAQSFIER,NLPNEKVLPK,468,501,27,10,17,6,484,506,4,,-1,0.261091,0.261091,10.021477,false,true,false,false,Self ,0,0.000684,1.082079,,0,0,0,0,0,1512,850,0,
Scan: 446168 Run: DIA12_CV486075:20251228_A2_N1_Mueller_MS_TechHub_IMP_THIDDIAXL003_Cas9_PhoX_DIA12_CV486075_250ng_FAIMS_001 P1_TILDFLKSDGFANR P2_KPAFLSGEQK 7 1,DIA12_CV486075:20251228_A2_N1_Mueller_MS_TechHub_IMP_THIDDIAXL003_Cas9_PhoX_DIA12_CV486075_250ng_FAIMS_001,446168,,,0,0,-0,0,4,0,0,Q99ZW2,,,false,Q99ZW2,Q99ZW2,,false,KPAFLSGEQK,TILDFLKSDGFANR,536,678,10,14,1,7,536,684,4,,-1,0.260845,0.260845,10.020863,false,true,false,false,Self ,0,0.000684,1.082467,,0,0,0,0,0,1511,1075,0,
Scan: 147076 Run: DIA12_CV486075:20251228_A2_N1_Mueller_MS_TechHub_IMP_THIDDIAXL003_Cas9_PhoX_DIA12_CV486075_250ng_FAIMS_001 P1_SKLVSDFR P2_LPKYSLFELENGR 2 3,DIA12_CV486075:20251228_A2_N1_Mueller_MS_TechHub_IMP_THIDDIAXL003_Cas9_PhoX_DIA12_CV486075_250ng_FAIMS_001,147076,,,0,0,-0,0,4,0,0,Q99ZW2,,,false,Q99ZW2,Q99ZW2,,false,LPKYSLFELENGR,SKLVSDFR,1198,960,13,8,3,2,1200,961,4,,-1,0.260822,0.260822,10.020806,false,true,false,false,Self ,0,0.000684,1.082467,,0,0,0,0,0,1510,1074,0,
Scan: 888736 Run: DIA12_CV486075:20251228_A2_N1_Mueller_MS_TechHub_IMP_THIDDIAXL003_Cas9_PhoX_DIA12_CV486075_250ng_FAIMS_002 P1_IEKILTFR P2_DKPIR 3 2,DIA12_CV486075:20251228_A2_N1_Mueller_MS_TechHub_IMP_THIDDIAXL003_Cas9_PhoX_DIA12_CV486075_250ng_FAIMS_002,888736,,,0,0,-0,0,3,0,0,Q99ZW2,,,false,Q99ZW2,Q99ZW2,,false,DKPIR,IEKILTFR,1299,440,5,8,2,3,1300,442,3,,-1,0.260476,0.260476,10.019941,false,true,false,false,Self ,0,0.000684,1.082855,,0,0,0,0,0,1509,1073,0,
Scan: 291497 Run: DIA12_CV486075:20251228_A2_N1_Mueller_MS_TechHub_IMP_THIDDIAXL003_Cas9_PhoX_DIA12_CV486075_250ng_FAIMS_001 P1_FKVLGNTDR P2_EKIEKILTFR 2 5,DIA12_CV486075:20251228_A2_N1_Mueller_MS_TechHub_IMP_THIDDIAXL003_Cas9_PhoX_DIA12_CV486075_250ng_FAIMS_001,291497,,,0,0,-0,0,4,0,0,Q99ZW2,,,false,Q99ZW2,Q99ZW2,,false,EKIEKILTFR,FKVLGNTDR,438,32,10,9,5,2,442,33,4,,-1,0.26032,0.26032,10.019552,false,true,false,false,Self ,0,0.000684,1.082855,,0,0,0,0,0,372,1350,0,
Scan: 1158483 Run: DIA12_CV486075:20251228_A2_N1_Mueller_MS_TechHub_IMP_THIDDIAXL003_Cas9_PhoX_DIA12_CV486075_250ng_FAIMS_002 P1_KFDNLTK P2_IEKILTFR 1 3,DIA12_CV486075:20251228_A2_N1_Mueller_MS_TechHub_IMP_THIDDIAXL003_Cas9_PhoX_DIA12_CV486075_250ng_FAIMS_002,1158483,,,0,0,-0,0,3,0,0,Q99ZW2,,,false,Q99ZW2,Q99ZW2,,false,IEKILTFR,KFDNLTK,440,896,8,7,3,1,442,896,3,,-1,0.260053,0.260053,10.018884,false,true,false,false,Self ,0,0.000685,1.083244,,0,0,0,0,0,1507,1072,0,
Scan: 839861 Run: DIA12_CV486075:20251228_A2_N1_Mueller_MS_TechHub_IMP_THIDDIAXL003_Cas9_PhoX_DIA12_CV486075_250ng_FAIMS_002 P1_KLVDSTDK P2_FKVLGNTDR 1 2,DIA12_CV486075:20251228_A2_N1_Mueller_MS_TechHub_IMP_THIDDIAXL003_Cas9_PhoX_DIA12_CV486075_250ng_FAIMS_002,839861,,,0,0,-0,0,3,0,0,Q99ZW2,,,false,Q99ZW2,Q99ZW2,,false,FKVLGNTDR,KLVDSTDK,32,141,9,8,2,1,33,141,3,,-1,0.259867,0.259867,10.01842,false,true,false,false,Self ,0,0.000685,1.083244,,0,0,0,0,0,1052,1424,0,
Scan: 1082277 Run: DIA12_CV486075:20251228_A2_N1_Mueller_MS_TechHub_IMP_THIDDIAXL003_Cas9_PhoX_DIA12_CV486075_250ng_FAIMS_002 P1_QITKHVAQILDSR P2_KGILQTVK 4 1,DIA12_CV486075:20251228_A2_N1_Mueller_MS_TechHub_IMP_THIDDIAXL003_Cas9_PhoX_DIA12_CV486075_250ng_FAIMS_002,1082277,,,0,0,-0,0,4,0,0,Q99ZW2,,,false,Q99ZW2,Q99ZW2,,false,KGILQTVK,QITKHVAQILDSR,735,926,8,13,1,4,735,929,4,,-1,0.259853,0.259853,10.018384,false,true,false,false,Self ,0,0.000685,1.083244,,0,0,0,0,0,1505,1071,0,
Scan: 94744 Run: DIA12_CV486075:20251228_A2_N1_Mueller_MS_TechHub_IMP_THIDDIAXL003_Cas9_PhoX_DIA12_CV486075_250ng_FAIMS_001 P1_KKDWDPK P2_ESILPKR 1 6,DIA12_CV486075:20251228_A2_N1_Mueller_MS_TechHub_IMP_THIDDIAXL003_Cas9_PhoX_DIA12_CV486075_250ng_FAIMS_001,94744,,,0,0,-0,0,3,0,0,Q99ZW2,,,false,Q99ZW2,Q99ZW2,,false,ESILPKR,KKDWDPK,1108,1123,7,7,6,1,1113,1123,3,,-1,0.259784,0.259784,10.018211,false,true,false,false,Self ,0,0.000685,1.083244,,0,0,0,0,0,1504,615,0,
Scan: 781891 Run: DIA12_CV486075:20251228_A2_N1_Mueller_MS_TechHub_IMP_THIDDIAXL003_Cas9_PhoX_DIA12_CV486075_250ng_FAIMS_002 P1_VILADANLDKVLSAYNK P2_KGILQTVK 10 1,DIA12_CV486075:20251228_A2_N1_Mueller_MS_TechHub_IMP_THIDDIAXL003_Cas9_PhoX_DIA12_CV486075_250ng_FAIMS_002,781891,,,0,0,-0,0,4,0,0,Q99ZW2,,,false,Q99ZW2,Q99ZW2,,false,KGILQTVK,VILADANLDKVLSAYNK,735,1280,8,17,1,10,735,1289,4,,-1,0.259115,0.259115,10.016538,false,true,false,false,Self ,0,0.000685,1.083632,,0,0,0,0,0,1503,1069,0,
Scan: 1535743 Run: DIA12_CV486075:20251228_A2_N1_Mueller_MS_TechHub_IMP_THIDDIAXL003_Cas9_PhoX_DIA12_CV486075_250ng_FAIMS_003 P1_TEVQTGGFSKESILPK P2_SEETITPWNFEEVVDKGASAQSFIER 10 16,DIA12_CV486075:20251228_A2_N1_Mueller_MS_TechHub_IMP_THIDDIAXL003_Cas9_PhoX_DIA12_CV486075_250ng_FAIMS_003,1535743,,,0,0,-0,0,5,0,0,Q99ZW2,,,false,Q99ZW2,Q99ZW2,,false,SEETITPWNFEEVVDKGASAQSFIER,TEVQTGGFSKESILPK,469,1098,26,16,16,10,484,1107,5,,-1,0.258606,0.258606,10.015265,false,true,false,false,Self ,0,0.000686,1.084411,,0,0,0,0,0,1502,338,0,
Scan: 1377147 Run: DIA12_CV486075:20251228_A2_N1_Mueller_MS_TechHub_IMP_THIDDIAXL003_Cas9_PhoX_DIA12_CV486075_250ng_FAIMS_003 P1_VILADANLDKVLSAYNK P2_KKDWDPK 10 1,DIA12_CV486075:20251228_A2_N1_Mueller_MS_TechHub_IMP_THIDDIAXL003_Cas9_PhoX_DIA12_CV486075_250ng_FAIMS_003,1377147,,,0,0,-0,0,4,0,0,Q99ZW2,,,false,Q99ZW2,Q99ZW2,,false,KKDWDPK,VILADANLDKVLSAYNK,1123,1280,7,17,1,10,1123,1289,4,,-1,0.257201,0.257201,10.011754,false,true,false,false,Self ,0,0.000687,1.086753,,0,0,0,0,0,1501,1067,0,
Scan: 111815 Run: DIA12_CV486075:20251228_A2_N1_Mueller_MS_TechHub_IMP_THIDDIAXL003_Cas9_PhoX_DIA12_CV486075_250ng_FAIMS_001 P1_SSFEKNPIDFLEAK P2_NSDKLIAR 5 4,DIA12_CV486075:20251228_A2_N1_Mueller_MS_TechHub_IMP_THIDDIAXL003_Cas9_PhoX_DIA12_CV486075_250ng_FAIMS_001,111815,,,0,0,-0,0,4,0,0,Q99ZW2,,,false,Q99ZW2,Q99ZW2,,false,NSDKLIAR,SSFEKNPIDFLEAK,1115,1172,8,14,4,5,1118,1176,4,,-1,0.256865,0.256865,10.010913,false,true,false,false,Self ,0,0.000687,1.086753,,0,0,0,0,0,1500,1307,0,
Scan: 613057 Run: DIA12_CV486075:20251228_A2_N1_Mueller_MS_TechHub_IMP_THIDDIAXL003_Cas9_PhoX_DIA12_CV486075_250ng_FAIMS_002 P1_YKEIFFDQSK P2_SEQEIGKATAK 2 7,DIA12_CV486075:20251228_A2_N1_Mueller_MS_TechHub_IMP_THIDDIAXL003_Cas9_PhoX_DIA12_CV486075_250ng_FAIMS_002,613057,,,0,0,-0,0,3,0,0,Q99ZW2,,,false,Q99ZW2,Q99ZW2,,false,SEQEIGKATAK,YKEIFFDQSK,1025,347,11,10,7,2,1031,348,3,,-1,0.256537,0.256537,10.010092,false,true,false,false,Self ,0,0.000688,1.086753,,0,0,0,0,0,1499,1066,0,
Scan: 1495181 Run: DIA12_CV486075:20251228_A2_N1_Mueller_MS_TechHub_IMP_THIDDIAXL003_Cas9_PhoX_DIA12_CV486075_250ng_FAIMS_003 P1_KTEVQTGGFSKESILPK P2_KSEETITPWNFEEVVDK 11 1,DIA12_CV486075:20251228_A2_N1_Mueller_MS_TechHub_IMP_THIDDIAXL003_Cas9_PhoX_DIA12_CV486075_250ng_FAIMS_003,1495181,,,0,0,-0,0,5,0,0,Q99ZW2,,,false,Q99ZW2,Q99ZW2,,false,KSEETITPWNFEEVVDK,KTEVQTGGFSKESILPK,468,1097,17,17,1,11,468,1107,5,,-1,0.256125,0.256125,10.009063,false,true,false,false,Self ,0,0.000688,1.087144,,0,0,0,0,0,1498,1226,0,
Scan: 1280664 Run: DIA12_CV486075:20251228_A2_N1_Mueller_MS_TechHub_IMP_THIDDIAXL003_Cas9_PhoX_DIA12_CV486075_250ng_FAIMS_003 P1_NSDKLIAR P2_KDLIIK 4 1,DIA12_CV486075:20251228_A2_N1_Mueller_MS_TechHub_IMP_THIDDIAXL003_Cas9_PhoX_DIA12_CV486075_250ng_FAIMS_003,1280664,,,0,0,-0,0,4,0,0,Q99ZW2,,,false,Q99ZW2,Q99ZW2,,false,KDLIIK,NSDKLIAR,1192,1115,6,8,1,4,1192,1118,4,,-1,0.255566,0.255566,10.007666,false,true,false,false,Self ,0,0.000688,1.087536,,0,0,0,0,0,1497,1483,0,
Scan: 781386 Run: DIA12_CV486075:20251228_A2_N1_Mueller_MS_TechHub_IMP_THIDDIAXL003_Cas9_PhoX_DIA12_CV486075_250ng_FAIMS_002 P1_VILADANLDKVLSAYNK P2_KAIVDLLFK 10 1,DIA12_CV486075:20251228_A2_N1_Mueller_MS_TechHub_IMP_THIDDIAXL003_Cas9_PhoX_DIA12_CV486075_250ng_FAIMS_002,781386,,,0,0,-0,0,4,0,0,Q99ZW2,,,false,Q99ZW2,Q99ZW2,,false,KAIVDLLFK,VILADANLDKVLSAYNK,546,1280,9,17,1,10,546,1289,4,,-1,0.255222,0.255222,10.006805,false,true,false,false,Self ,0,0.000689,1.087928,,0,0,0,0,0,1496,1065,0,
Scan: 1081913 Run: DIA12_CV486075:20251228_A2_N1_Mueller_MS_TechHub_IMP_THIDDIAXL003_Cas9_PhoX_DIA12_CV486075_250ng_FAIMS_002 P1_QSGKTILDFLK P2_KGILQTVK 4 1,DIA12_CV486075:20251228_A2_N1_Mueller_MS_TechHub_IMP_THIDDIAXL003_Cas9_PhoX_DIA12_CV486075_250ng_FAIMS_002,1081913,,,0,0,-0,0,4,0,0,Q99ZW2,,,false,Q99ZW2,Q99ZW2,,false,KGILQTVK,QSGKTILDFLK,735,674,8,11,1,4,735,677,4,,-1,0.254943,0.254943,10.00611,false,true,false,false,Self ,0,0.000689,1.08832,,0,0,0,0,0,1188,1434,0,
Scan: 383428 Run: DIA12_CV486075:20251228_A2_N1_Mueller_MS_TechHub_IMP_THIDDIAXL003_Cas9_PhoX_DIA12_CV486075_250ng_FAIMS_001 P1_MTNFDKNLPNEK P2_KPAFLSGEQK 6 1,DIA12_CV486075:20251228_A2_N1_Mueller_MS_TechHub_IMP_THIDDIAXL003_Cas9_PhoX_DIA12_CV486075_250ng_FAIMS_001,383428,,,0,0,-0,0,3,0,0,Q99ZW2,,,false,Q99ZW2,Q99ZW2,,false,KPAFLSGEQK,MTNFDKNLPNEK,536,495,10,12,1,6,536,500,3,,-1,0.25454,0.25454,10.005101,false,true,false,false,Self ,0,0.000689,1.08832,,0,0,0,0,0,1494,1064,0,
Scan: 586475 Run: DIA12_CV486075:20251228_A2_N1_Mueller_MS_TechHub_IMP_THIDDIAXL003_Cas9_PhoX_DIA12_CV486075_250ng_FAIMS_001 P1_YDENDKLIR P2_IEKILTFR 6 3,DIA12_CV486075:20251228_A2_N1_Mueller_MS_TechHub_IMP_THIDDIAXL003_Cas9_PhoX_DIA12_CV486075_250ng_FAIMS_001,586475,,,0,0,-0,0,4,0,0,Q99ZW2,,,false,Q99ZW2,Q99ZW2,,false,IEKILTFR,YDENDKLIR,440,943,8,9,3,6,442,948,4,,-1,0.254539,0.254539,10.005098,false,true,false,false,Self ,0,0.000689,1.08832,,0,0,0,0,0,1493,1498,0,
Scan: 1340837 Run: DIA12_CV486075:20251228_A2_N1_Mueller_MS_TechHub_IMP_THIDDIAXL003_Cas9_PhoX_DIA12_CV486075_250ng_FAIMS_003 P1_LPKYSLFELENGR P2_KSEETITPWNFEEVVDK 3 1,DIA12_CV486075:20251228_A2_N1_Mueller_MS_TechHub_IMP_THIDDIAXL003_Cas9_PhoX_DIA12_CV486075_250ng_FAIMS_003,1340837,,,0,0,-0,0,4,0,0,Q99ZW2,,,false,Q99ZW2,Q99ZW2,,false,KSEETITPWNFEEVVDK,LPKYSLFELENGR,468,1198,17,13,1,3,468,1200,4,,-1,0.253638,0.253638,10.002845,false,true,false,false,Self ,0,0.00069,1.089892,,0,0,0,0,0,1492,1063,0,
Scan: 300613 Run: DIA12_CV486075:20251228_A2_N1_Mueller_MS_TechHub_IMP_THIDDIAXL003_Cas9_PhoX_DIA12_CV486075_250ng_FAIMS_001 P1_KSEETITPWNFEEVVDK P2_ESILPKR 1 6,DIA12_CV486075:20251228_A2_N1_Mueller_MS_TechHub_IMP_THIDDIAXL003_Cas9_PhoX_DIA12_CV486075_250ng_FAIMS_001,300613,,,0,0,-0,0,3,0,0,Q99ZW2,,,false,Q99ZW2,Q99ZW2,,false,ESILPKR,KSEETITPWNFEEVVDK,1108,468,7,17,6,1,1113,468,3,,-1,0.252798,0.252798,10.000746,false,true,false,false,Self ,0,0.000691,1.090679,,0,0,0,0,0,1491,1062,0,
Scan: 1390282 Run: DIA12_CV486075:20251228_A2_N1_Mueller_MS_TechHub_IMP_THIDDIAXL003_Cas9_PhoX_DIA12_CV486075_250ng_FAIMS_003 P1_KPAFLSGEQK P2_EQAENIIHLFTLTNLGAPAAFKYFDTTIDR 1 22,DIA12_CV486075:20251228_A2_N1_Mueller_MS_TechHub_IMP_THIDDIAXL003_Cas9_PhoX_DIA12_CV486075_250ng_FAIMS_003,1390282,,,0,0,-0,0,5,0,0,Q99ZW2,,,false,Q99ZW2,Q99ZW2,,false,EQAENIIHLFTLTNLGAPAAFKYFDTTIDR,KPAFLSGEQK,1304,536,30,10,22,1,1325,536,5,,-1,0.251742,0.251742,9.998105,false,true,false,false,Self ,0,0.000692,1.093049,,0,0,0,0,0,1490,1061,0,
Scan: 115059 Run: DIA12_CV486075:20251228_A2_N1_Mueller_MS_TechHub_IMP_THIDDIAXL003_Cas9_PhoX_DIA12_CV486075_250ng_FAIMS_001 P1_SSFEKNPIDFLEAK P2_EQAENIIHLFTLTNLGAPAAFKYFDTTIDR 5 22,DIA12_CV486075:20251228_A2_N1_Mueller_MS_TechHub_IMP_THIDDIAXL003_Cas9_PhoX_DIA12_CV486075_250ng_FAIMS_001,115059,,,0,0,-0,0,5,0,0,Q99ZW2,,,false,Q99ZW2,Q99ZW2,,false,EQAENIIHLFTLTNLGAPAAFKYFDTTIDR,SSFEKNPIDFLEAK,1304,1172,30,14,22,5,1325,1176,5,,-1,0.251687,0.251687,9.997969,false,true,false,false,Self ,0,0.000692,1.093049,,0,0,0,0,0,1489,1060,0,
Scan: 801700 Run: DIA12_CV486075:20251228_A2_N1_Mueller_MS_TechHub_IMP_THIDDIAXL003_Cas9_PhoX_DIA12_CV486075_250ng_FAIMS_002 P1_LSKSR P2_KLVDSTDK 3 1,DIA12_CV486075:20251228_A2_N1_Mueller_MS_TechHub_IMP_THIDDIAXL003_Cas9_PhoX_DIA12_CV486075_250ng_FAIMS_002,801700,,,0,0,-0,0,3,0,0,Q99ZW2,,,false,Q99ZW2,Q99ZW2,,false,KLVDSTDK,LSKSR,141,216,8,5,1,3,141,218,3,,-1,0.251224,0.251224,9.996811,false,true,false,false,Self ,0,0.000692,1.093841,,0,0,0,0,0,1488,1059,0,
Scan: 983916 Run: DIA12_CV486075:20251228_A2_N1_Mueller_MS_TechHub_IMP_THIDDIAXL003_Cas9_PhoX_DIA12_CV486075_250ng_FAIMS_002 P1_QLKEDYFK P2_KPAFLSGEQK 3 1,DIA12_CV486075:20251228_A2_N1_Mueller_MS_TechHub_IMP_THIDDIAXL003_Cas9_PhoX_DIA12_CV486075_250ng_FAIMS_002,983916,,,0,0,-0,0,4,0,0,Q99ZW2,,,false,Q99ZW2,Q99ZW2,,false,KPAFLSGEQK,QLKEDYFK,536,563,10,8,1,3,536,565,4,,-1,0.250999,0.250999,9.996248,false,true,false,false,Self ,0,0.000692,1.093841,,0,0,0,0,0,1487,1468,0,
Scan: 598079 Run: DIA12_CV486075:20251228_A2_N1_Mueller_MS_TechHub_IMP_THIDDIAXL003_Cas9_PhoX_DIA12_CV486075_250ng_FAIMS_002 P1_KYPKLESEFVYGDYK P2_ATAKYFFYSNIMNFFK 4 4,DIA12_CV486075:20251228_A2_N1_Mueller_MS_TechHub_IMP_THIDDIAXL003_Cas9_PhoX_DIA12_CV486075_250ng_FAIMS_002,598079,,,0,0,-0,0,4,0,0,Q99ZW2,,,false,Q99ZW2,Q99ZW2,,false,ATAKYFFYSNIMNFFK,KYPKLESEFVYGDYK,1032,1000,16,15,4,4,1035,1003,4,,-1,0.250719,0.250719,9.995548,false,true,false,false,Self ,0,0.000693,1.093841,,0,0,0,0,0,1486,1058,0,
Scan: 1583722 Run: DIA12_CV486075:20251228_A2_N1_Mueller_MS_TechHub_IMP_THIDDIAXL003_Cas9_PhoX_DIA12_CV486075_250ng_FAIMS_003 P1_KPAFLSGEQK P2_GKSDNVPSEEVVK 1 2,DIA12_CV486075:20251228_A2_N1_Mueller_MS_TechHub_IMP_THIDDIAXL003_Cas9_PhoX_DIA12_CV486075_250ng_FAIMS_003,1583722,,,0,0,-0,0,4,0,0,Q99ZW2,,,false,Q99ZW2,Q99ZW2,,false,GKSDNVPSEEVVK,KPAFLSGEQK,865,536,13,10,2,1,866,536,4,,-1,0.250455,0.250455,9.99489,false,true,false,false,Self ,0,0.000693,1.093841,,0,0,0,0,0,1485,128,0,
Scan: 1310373 Run: DIA12_CV486075:20251228_A2_N1_Mueller_MS_TechHub_IMP_THIDDIAXL003_Cas9_PhoX_DIA12_CV486075_250ng_FAIMS_003 P1_SSFEKNPIDFLEAK P2_FKVLGNTDR 5 2,DIA12_CV486075:20251228_A2_N1_Mueller_MS_TechHub_IMP_THIDDIAXL003_Cas9_PhoX_DIA12_CV486075_250ng_FAIMS_003,1310373,,,0,0,-0,0,3,0,0,Q99ZW2,,,false,Q99ZW2,Q99ZW2,,false,FKVLGNTDR,SSFEKNPIDFLEAK,32,1172,9,14,2,5,33,1176,3,,-1,0.250327,0.250327,9.994569,false,true,false,false,Self ,0,0.000693,1.094237,,0,0,0,0,0,1484,1499,0,
Scan: 1633823 Run: DIA12_CV486075:20251228_A2_N1_Mueller_MS_TechHub_IMP_THIDDIAXL003_Cas9_PhoX_DIA12_CV486075_250ng_FAIMS_003 P1_QSGKTILDFLK P2_KDWDPK 4 1,DIA12_CV486075:20251228_A2_N1_Mueller_MS_TechHub_IMP_THIDDIAXL003_Cas9_PhoX_DIA12_CV486075_250ng_FAIMS_003,1633823,,,0,0,-0,0,3,0,0,Q99ZW2,,,false,Q99ZW2,Q99ZW2,,false,KDWDPK,QSGKTILDFLK,1124,674,6,11,1,4,1124,677,3,,-1,0.250274,0.250274,9.994435,false,true,false,false,Self ,0,0.000693,1.094237,,0,0,0,0,0,1483,1057,0,
Scan: 1451441 Run: DIA12_CV486075:20251228_A2_N1_Mueller_MS_TechHub_IMP_THIDDIAXL003_Cas9_PhoX_DIA12_CV486075_250ng_FAIMS_003 P1_YKEIFFDQSK P2_SNFDLAEDAKLQLSK 2 10,DIA12_CV486075:20251228_A2_N1_Mueller_MS_TechHub_IMP_THIDDIAXL003_Cas9_PhoX_DIA12_CV486075_250ng_FAIMS_003,1451441,,,0,0,-0,0,4,0,0,Q99ZW2,,,false,Q99ZW2,Q99ZW2,,false,SNFDLAEDAKLQLSK,YKEIFFDQSK,254,347,15,10,10,2,263,348,4,,-1,0.248633,0.248633,9.990333,false,true,false,false,Self ,0,0.000694,1.095826,,0,0,0,0,0,1482,1056,0,
Scan: 1709160 Run: DIA12_CV486075:20251228_A2_N1_Mueller_MS_TechHub_IMP_THIDDIAXL003_Cas9_PhoX_DIA12_CV486075_250ng_FAIMS_003 P1_KLVDSTDK P2_IEEGIKELGSQILK 1 6,DIA12_CV486075:20251228_A2_N1_Mueller_MS_TechHub_IMP_THIDDIAXL003_Cas9_PhoX_DIA12_CV486075_250ng_FAIMS_003,1709160,,,0,0,-0,0,4,0,0,Q99ZW2,,,false,Q99ZW2,Q99ZW2,,false,IEEGIKELGSQILK,KLVDSTDK,784,141,14,8,6,1,789,141,4,,-1,0.248421,0.248421,9.989804,false,true,false,false,Self ,0,0.000695,1.095826,,0,0,0,0,0,1481,1055,0,
Scan: 244911 Run: DIA12_CV486075:20251228_A2_N1_Mueller_MS_TechHub_IMP_THIDDIAXL003_Cas9_PhoX_DIA12_CV486075_250ng_FAIMS_001 P1_KGILQTVK P2_FKVLGNTDR 1 2,DIA12_CV486075:20251228_A2_N1_Mueller_MS_TechHub_IMP_THIDDIAXL003_Cas9_PhoX_DIA12_CV486075_250ng_FAIMS_001,244911,,,0,0,-0,0,4,0,0,Q99ZW2,,,false,Q99ZW2,Q99ZW2,,false,FKVLGNTDR,KGILQTVK,32,735,9,8,2,1,33,735,4,,-1,0.247866,0.247866,9.988417,false,true,false,false,Self ,0,0.000695,1.096224,,0,0,0,0,0,1480,1509,0,
Scan: 1081429 Run: DIA12_CV486075:20251228_A2_N1_Mueller_MS_TechHub_IMP_THIDDIAXL003_Cas9_PhoX_DIA12_CV486075_250ng_FAIMS_002 P1_KGILQTVK P2_IEKILTFR 1 3,DIA12_CV486075:20251228_A2_N1_Mueller_MS_TechHub_IMP_THIDDIAXL003_Cas9_PhoX_DIA12_CV486075_250ng_FAIMS_002,1081429,,,0,0,-0,0,4,0,0,Q99ZW2,,,false,Q99ZW2,Q99ZW2,,false,IEKILTFR,KGILQTVK,440,735,8,8,3,1,442,735,4,,-1,0.247458,0.247458,9.987395,false,true,false,false,Self ,0,0.000695,1.096622,,0,0,0,0,0,1234,1435,0,
Scan: 1350332 Run: DIA12_CV486075:20251228_A2_N1_Mueller_MS_TechHub_IMP_THIDDIAXL003_Cas9_PhoX_DIA12_CV486075_250ng_FAIMS_003 P1_KVLSMPQVNIVK P2_GNELALPSKYVNFLYLASHYEK 1 9,DIA12_CV486075:20251228_A2_N1_Mueller_MS_TechHub_IMP_THIDDIAXL003_Cas9_PhoX_DIA12_CV486075_250ng_FAIMS_003,1350332,,,0,0,-0,0,5,0,0,Q99ZW2,,,false,Q99ZW2,Q99ZW2,,false,GNELALPSKYVNFLYLASHYEK,KVLSMPQVNIVK,1223,1085,22,12,9,1,1231,1085,5,,-1,0.24735,0.24735,9.987126,false,true,false,false,Self ,0,0.000695,1.096622,,0,0,0,0,0,1478,1457,0,
Scan: 905961 Run: DIA12_CV486075:20251228_A2_N1_Mueller_MS_TechHub_IMP_THIDDIAXL003_Cas9_PhoX_DIA12_CV486075_250ng_FAIMS_002 P1_NLPNEKVLPK P2_KSEETITPWNFEEVVDK 6 1,DIA12_CV486075:20251228_A2_N1_Mueller_MS_TechHub_IMP_THIDDIAXL003_Cas9_PhoX_DIA12_CV486075_250ng_FAIMS_002,905961,,,0,0,-0,0,4,0,0,Q99ZW2,,,false,Q99ZW2,Q99ZW2,,false,KSEETITPWNFEEVVDK,NLPNEKVLPK,468,501,17,10,1,6,468,506,4,,-1,0.246505,0.246505,9.985014,false,true,false,false,Self ,0,0.000696,1.098617,,0,0,0,0,0,1477,1054,0,
Scan: 135620 Run: DIA12_CV486075:20251228_A2_N1_Mueller_MS_TechHub_IMP_THIDDIAXL003_Cas9_PhoX_DIA12_CV486075_250ng_FAIMS_001 P1_LKGSPEDNEQK P2_KDLIIK 2 1,DIA12_CV486075:20251228_A2_N1_Mueller_MS_TechHub_IMP_THIDDIAXL003_Cas9_PhoX_DIA12_CV486075_250ng_FAIMS_001,135620,,,0,0,-0,0,3,0,0,Q99ZW2,,,false,Q99ZW2,Q99ZW2,,false,KDLIIK,LKGSPEDNEQK,1192,1245,6,11,1,2,1192,1246,3,,-1,0.246046,0.246046,9.983867,false,true,false,false,Self ,0,0.000697,1.099017,,0,0,0,0,0,1476,1053,0,
Scan: 1314453 Run: DIA12_CV486075:20251228_A2_N1_Mueller_MS_TechHub_IMP_THIDDIAXL003_Cas9_PhoX_DIA12_CV486075_250ng_FAIMS_003 P1_SSFEKNPIDFLEAK P2_QSGKTILDFLK 5 4,DIA12_CV486075:20251228_A2_N1_Mueller_MS_TechHub_IMP_THIDDIAXL003_Cas9_PhoX_DIA12_CV486075_250ng_FAIMS_003,1314453,,,0,0,-0,0,4,0,0,Q99ZW2,,,false,Q99ZW2,Q99ZW2,,false,QSGKTILDFLK,SSFEKNPIDFLEAK,674,1172,11,14,4,5,677,1176,4,,-1,0.244347,0.244347,9.979619,false,true,false,false,Self ,0,0.000698,1.10062,,0,0,0,0,0,833,1390,0,
Scan: 708948 Run: DIA12_CV486075:20251228_A2_N1_Mueller_MS_TechHub_IMP_THIDDIAXL003_Cas9_PhoX_DIA12_CV486075_250ng_FAIMS_002 P1_SSFEKNPIDFLEAK P2_ESILPKR 5 6,DIA12_CV486075:20251228_A2_N1_Mueller_MS_TechHub_IMP_THIDDIAXL003_Cas9_PhoX_DIA12_CV486075_250ng_FAIMS_002,708948,,,0,0,-0,0,3,0,0,Q99ZW2,,,false,Q99ZW2,Q99ZW2,,false,ESILPKR,SSFEKNPIDFLEAK,1108,1172,7,14,6,5,1113,1176,3,,-1,0.244329,0.244329,9.979574,false,true,false,false,Self ,0,0.000698,1.10062,,0,0,0,0,0,823,1387,0,
Scan: 984781 Run: DIA12_CV486075:20251228_A2_N1_Mueller_MS_TechHub_IMP_THIDDIAXL003_Cas9_PhoX_DIA12_CV486075_250ng_FAIMS_002 P1_QSGKTILDFLK P2_KPAFLSGEQK 4 1,DIA12_CV486075:20251228_A2_N1_Mueller_MS_TechHub_IMP_THIDDIAXL003_Cas9_PhoX_DIA12_CV486075_250ng_FAIMS_002,984781,,,0,0,-0,0,4,0,0,Q99ZW2,,,false,Q99ZW2,Q99ZW2,,false,KPAFLSGEQK,QSGKTILDFLK,536,674,10,11,1,4,536,677,4,,-1,0.244284,0.244284,9.979462,false,true,false,false,Self ,0,0.000698,1.101021,,0,0,0,0,0,521,1354,0,
Scan: 68314 Run: DIA12_CV486075:20251228_A2_N1_Mueller_MS_TechHub_IMP_THIDDIAXL003_Cas9_PhoX_DIA12_CV486075_250ng_FAIMS_001 P1_KTEVQTGGFSKESILPK P2_DLIIKLPK 11 5,DIA12_CV486075:20251228_A2_N1_Mueller_MS_TechHub_IMP_THIDDIAXL003_Cas9_PhoX_DIA12_CV486075_250ng_FAIMS_001,68314,,,0,0,-0,0,3,0,0,Q99ZW2,,,false,Q99ZW2,Q99ZW2,,false,DLIIKLPK,KTEVQTGGFSKESILPK,1193,1097,8,17,5,11,1197,1107,3,,-1,0.243994,0.243994,9.978736,false,true,false,false,Self ,0,0.000698,1.101423,,0,0,0,0,0,1007,704,0,
Scan: 1704687 Run: DIA12_CV486075:20251228_A2_N1_Mueller_MS_TechHub_IMP_THIDDIAXL003_Cas9_PhoX_DIA12_CV486075_250ng_FAIMS_003 P1_YKEIFFDQSK P2_ENQTTQKGQK 2 7,DIA12_CV486075:20251228_A2_N1_Mueller_MS_TechHub_IMP_THIDDIAXL003_Cas9_PhoX_DIA12_CV486075_250ng_FAIMS_003,1704687,,,0,0,-0,0,3,0,0,Q99ZW2,,,false,Q99ZW2,Q99ZW2,,false,ENQTTQKGQK,YKEIFFDQSK,766,347,10,10,7,2,772,348,3,,-1,0.243677,0.243677,9.977943,false,true,false,false,Self ,0,0.000699,1.102227,,0,0,0,0,0,1471,1052,0,
Scan: 1677642 Run: DIA12_CV486075:20251228_A2_N1_Mueller_MS_TechHub_IMP_THIDDIAXL003_Cas9_PhoX_DIA12_CV486075_250ng_FAIMS_003 P1_ELGSQILKEHPVENTQLQNEK P2_AQVSGQGDSLHEHIANLAGSPAIKK 8 24,DIA12_CV486075:20251228_A2_N1_Mueller_MS_TechHub_IMP_THIDDIAXL003_Cas9_PhoX_DIA12_CV486075_250ng_FAIMS_003,1677642,,,0,0,-0,0,5,0,0,Q99ZW2,,,false,Q99ZW2,Q99ZW2,,false,AQVSGQGDSLHEHIANLAGSPAIKK,ELGSQILKEHPVENTQLQNEK,711,790,25,21,24,8,734,797,5,,-1,0.243457,0.243457,9.977393,false,true,false,false,Self ,0,0.000699,1.102227,,0,0,0,0,0,1470,1051,0,
Scan: 258422 Run: DIA12_CV486075:20251228_A2_N1_Mueller_MS_TechHub_IMP_THIDDIAXL003_Cas9_PhoX_DIA12_CV486075_250ng_FAIMS_001 P1_YKEIFFDQSK P2_RQEDFYPFLKDNR 2 10,DIA12_CV486075:20251228_A2_N1_Mueller_MS_TechHub_IMP_THIDDIAXL003_Cas9_PhoX_DIA12_CV486075_250ng_FAIMS_001,258422,,,0,0,-0,0,4,0,0,Q99ZW2,,,false,Q99ZW2,Q99ZW2,,false,RQEDFYPFLKDNR,YKEIFFDQSK,425,347,13,10,10,2,434,348,4,,-1,0.243164,0.243164,9.976662,false,true,false,false,Self ,0,0.000699,1.103033,,0,0,0,0,0,1469,842,0,
Scan: 1545198 Run: DIA12_CV486075:20251228_A2_N1_Mueller_MS_TechHub_IMP_THIDDIAXL003_Cas9_PhoX_DIA12_CV486075_250ng_FAIMS_003 P1_KSEETITPWNFEEVVDKGASAQSFIER P2_GILQTVKVVDELVK 17 7,DIA12_CV486075:20251228_A2_N1_Mueller_MS_TechHub_IMP_THIDDIAXL003_Cas9_PhoX_DIA12_CV486075_250ng_FAIMS_003,1545198,,,0,0,-0,0,5,0,0,Q99ZW2,,,false,Q99ZW2,Q99ZW2,,false,GILQTVKVVDELVK,KSEETITPWNFEEVVDKGASAQSFIER,736,468,14,27,7,17,742,484,5,,-1,0.243056,0.243056,9.976391,false,true,false,false,Self ,0,0.000699,1.103033,,0,0,0,0,0,1468,1049,0,
Scan: 1259111 Run: DIA12_CV486075:20251228_A2_N1_Mueller_MS_TechHub_IMP_THIDDIAXL003_Cas9_PhoX_DIA12_CV486075_250ng_FAIMS_003 P1_KTEVQTGGFSKESILPK P2_KKDWDPKK 11 1,DIA12_CV486075:20251228_A2_N1_Mueller_MS_TechHub_IMP_THIDDIAXL003_Cas9_PhoX_DIA12_CV486075_250ng_FAIMS_003,1259111,,,0,0,-0,0,5,0,0,Q99ZW2,,,false,Q99ZW2,Q99ZW2,,false,KKDWDPKK,KTEVQTGGFSKESILPK,1123,1097,8,17,1,11,1123,1107,5,,-1,0.243055,0.243055,9.97639,false,true,false,false,Self ,0,0.000699,1.103033,,0,0,0,0,0,1467,1048,0,
Scan: 1575352 Run: DIA12_CV486075:20251228_A2_N1_Mueller_MS_TechHub_IMP_THIDDIAXL003_Cas9_PhoX_DIA12_CV486075_250ng_FAIMS_003 P1_KPAFLSGEQK P2_KLVDSTDK 1 1,DIA12_CV486075:20251228_A2_N1_Mueller_MS_TechHub_IMP_THIDDIAXL003_Cas9_PhoX_DIA12_CV486075_250ng_FAIMS_003,1575352,,,0,0,-0,0,3,0,0,Q99ZW2,,,false,Q99ZW2,Q99ZW2,,false,KLVDSTDK,KPAFLSGEQK,141,536,8,10,1,1,141,536,3,,-1,0.242923,0.242923,9.976059,false,true,false,false,Self ,0,0.000699,1.103033,,0,0,0,0,0,893,1396,0,
Scan: 1651126 Run: DIA12_CV486075:20251228_A2_N1_Mueller_MS_TechHub_IMP_THIDDIAXL003_Cas9_PhoX_DIA12_CV486075_250ng_FAIMS_003 P1_FKVLGNTDR P2_EDIQKAQVSGQGDSLHEHIANLAGSPAIK 2 5,DIA12_CV486075:20251228_A2_N1_Mueller_MS_TechHub_IMP_THIDDIAXL003_Cas9_PhoX_DIA12_CV486075_250ng_FAIMS_003,1651126,,,0,0,-0,0,5,0,0,Q99ZW2,,,false,Q99ZW2,Q99ZW2,,false,EDIQKAQVSGQGDSLHEHIANLAGSPAIK,FKVLGNTDR,706,32,29,9,5,2,710,33,5,,-1,0.242871,0.242871,9.975929,false,true,false,false,Self ,0,0.000699,1.103033,,0,0,0,0,0,1394,1441,0,
Scan: 84960 Run: DIA12_CV486075:20251228_A2_N1_Mueller_MS_TechHub_IMP_THIDDIAXL003_Cas9_PhoX_DIA12_CV486075_250ng_FAIMS_001 P1_NSDKLIAR P2_KYGGFDSPTVAYSVLVVAK 4 1,DIA12_CV486075:20251228_A2_N1_Mueller_MS_TechHub_IMP_THIDDIAXL003_Cas9_PhoX_DIA12_CV486075_250ng_FAIMS_001,84960,,,0,0,-0,0,4,0,0,Q99ZW2,,,false,Q99ZW2,Q99ZW2,,false,KYGGFDSPTVAYSVLVVAK,NSDKLIAR,1130,1115,19,8,1,4,1130,1118,4,,-1,0.242754,0.242754,9.975637,false,true,false,false,Self ,0,0.000699,1.103033,,0,0,0,0,0,1464,1295,0,
Scan: 299396 Run: DIA12_CV486075:20251228_A2_N1_Mueller_MS_TechHub_IMP_THIDDIAXL003_Cas9_PhoX_DIA12_CV486075_250ng_FAIMS_001 P1_KSEETITPWNFEEVVDK P2_KRPLIETNGETGEIVWDK 1 1,DIA12_CV486075:20251228_A2_N1_Mueller_MS_TechHub_IMP_THIDDIAXL003_Cas9_PhoX_DIA12_CV486075_250ng_FAIMS_001,299396,,,0,0,-0,0,4,0,0,Q99ZW2,,,false,Q99ZW2,Q99ZW2,,false,KRPLIETNGETGEIVWDK,KSEETITPWNFEEVVDK,1059,468,18,17,1,1,1059,468,4,,-1,0.242467,0.242467,9.974918,false,true,false,false,Self ,0,0.0007,1.103839,,0,0,0,0,0,1463,1047,0,
Scan: 1341654 Run: DIA12_CV486075:20251228_A2_N1_Mueller_MS_TechHub_IMP_THIDDIAXL003_Cas9_PhoX_DIA12_CV486075_250ng_FAIMS_003 P1_LPKYSLFELENGR P2_KGILQTVK 3 1,DIA12_CV486075:20251228_A2_N1_Mueller_MS_TechHub_IMP_THIDDIAXL003_Cas9_PhoX_DIA12_CV486075_250ng_FAIMS_003,1341654,,,0,0,-0,0,4,0,0,Q99ZW2,,,false,Q99ZW2,Q99ZW2,,false,KGILQTVK,LPKYSLFELENGR,735,1198,8,13,1,3,735,1200,4,,-1,0.242232,0.242232,9.97433,false,true,false,false,Self ,0,0.0007,1.103839,,0,0,0,0,0,1462,1046,0,
Scan: 1449757 Run: DIA12_CV486075:20251228_A2_N1_Mueller_MS_TechHub_IMP_THIDDIAXL003_Cas9_PhoX_DIA12_CV486075_250ng_FAIMS_003 P1_YKEIFFDQSK P2_KDWDPK 2 1,DIA12_CV486075:20251228_A2_N1_Mueller_MS_TechHub_IMP_THIDDIAXL003_Cas9_PhoX_DIA12_CV486075_250ng_FAIMS_003,1449757,,,0,0,-0,0,3,0,0,Q99ZW2,,,false,Q99ZW2,Q99ZW2,,false,KDWDPK,YKEIFFDQSK,1124,347,6,10,1,2,1124,348,3,,-1,0.242194,0.242194,9.974236,false,true,false,false,Self ,0,0.0007,1.103839,,0,0,0,0,0,1461,652,0,
Scan: 1316065 Run: DIA12_CV486075:20251228_A2_N1_Mueller_MS_TechHub_IMP_THIDDIAXL003_Cas9_PhoX_DIA12_CV486075_250ng_FAIMS_003 P1_SSFEKNPIDFLEAK P2_GKSDNVPSEEVVK 5 2,DIA12_CV486075:20251228_A2_N1_Mueller_MS_TechHub_IMP_THIDDIAXL003_Cas9_PhoX_DIA12_CV486075_250ng_FAIMS_003,1316065,,,0,0,-0,0,4,0,0,Q99ZW2,,,false,Q99ZW2,Q99ZW2,,false,GKSDNVPSEEVVK,SSFEKNPIDFLEAK,865,1172,13,14,2,5,866,1176,4,,-1,0.242126,0.242126,9.974067,false,true,false,false,Self ,0,0.0007,1.103839,,0,0,0,0,0,1460,1044,0,
Scan: 1756564 Run: DIA12_CV486075:20251228_A2_N1_Mueller_MS_TechHub_IMP_THIDDIAXL003_Cas9_PhoX_DIA12_CV486075_250ng_FAIMS_003 P1_KFDNLTK P2_EVKVITLK 1 3,DIA12_CV486075:20251228_A2_N1_Mueller_MS_TechHub_IMP_THIDDIAXL003_Cas9_PhoX_DIA12_CV486075_250ng_FAIMS_003,1756564,,,0,0,-0,0,3,0,0,Q99ZW2,,,false,Q99ZW2,Q99ZW2,,false,EVKVITLK,KFDNLTK,952,896,8,7,3,1,954,896,3,,-1,0.241982,0.241982,9.973705,false,true,false,false,Self ,0,0.0007,1.103839,,0,0,0,0,0,1459,1043,0,
Scan: 1498870 Run: DIA12_CV486075:20251228_A2_N1_Mueller_MS_TechHub_IMP_THIDDIAXL003_Cas9_PhoX_DIA12_CV486075_250ng_FAIMS_003 P1_KSEETITPWNFEEVVDK P2_KLVDSTDK 1 1,DIA12_CV486075:20251228_A2_N1_Mueller_MS_TechHub_IMP_THIDDIAXL003_Cas9_PhoX_DIA12_CV486075_250ng_FAIMS_003,1498870,,,0,0,-0,0,4,0,0,Q99ZW2,,,false,Q99ZW2,Q99ZW2,,false,KLVDSTDK,KSEETITPWNFEEVVDK,141,468,8,17,1,1,141,468,4,,-1,0.241883,0.241883,9.973458,false,true,false,false,Self ,0,0.0007,1.103839,,0,0,0,0,0,1458,1042,0,
Scan: 254364 Run: DIA12_CV486075:20251228_A2_N1_Mueller_MS_TechHub_IMP_THIDDIAXL003_Cas9_PhoX_DIA12_CV486075_250ng_FAIMS_001 P1_YKEIFFDQSK P2_ESILPKR 2 6,DIA12_CV486075:20251228_A2_N1_Mueller_MS_TechHub_IMP_THIDDIAXL003_Cas9_PhoX_DIA12_CV486075_250ng_FAIMS_001,254364,,,0,0,-0,0,3,0,0,Q99ZW2,,,false,Q99ZW2,Q99ZW2,,false,ESILPKR,YKEIFFDQSK,1108,347,7,10,6,2,1113,348,3,,-1,0.241705,0.241705,9.973013,false,true,false,false,Self ,0,0.0007,1.103839,,0,0,0,0,0,1457,1041,0,
Scan: 603542 Run: DIA12_CV486075:20251228_A2_N1_Mueller_MS_TechHub_IMP_THIDDIAXL003_Cas9_PhoX_DIA12_CV486075_250ng_FAIMS_002 P1_LESEFVYGDYKVYDVR P2_KMIAK 11 1,DIA12_CV486075:20251228_A2_N1_Mueller_MS_TechHub_IMP_THIDDIAXL003_Cas9_PhoX_DIA12_CV486075_250ng_FAIMS_002,603542,,,0,0,-0,0,3,0,0,Q99ZW2,,,false,Q99ZW2,Q99ZW2,,false,KMIAK,LESEFVYGDYKVYDVR,1020,1004,5,16,1,11,1020,1014,3,,-1,0.241524,0.241524,9.97256,false,true,false,false,Self ,0,0.0007,1.103839,,0,0,0,0,0,694,1374,0,
Scan: 523076 Run: DIA12_CV486075:20251228_A2_N1_Mueller_MS_TechHub_IMP_THIDDIAXL003_Cas9_PhoX_DIA12_CV486075_250ng_FAIMS_001 P1_KNLIGALLFDSGETAEATR P2_ELGSQILKEHPVENTQLQNEK 1 8,DIA12_CV486075:20251228_A2_N1_Mueller_MS_TechHub_IMP_THIDDIAXL003_Cas9_PhoX_DIA12_CV486075_250ng_FAIMS_001,523076,,,0,0,-0,0,4,0,0,Q99ZW2,,,false,Q99ZW2,Q99ZW2,,false,ELGSQILKEHPVENTQLQNEK,KNLIGALLFDSGETAEATR,790,45,21,19,8,1,797,45,4,,-1,0.241475,0.241475,9.972438,false,true,false,false,Self ,0,0.0007,1.103839,,0,0,0,0,0,1455,1040,0,
Scan: 1166508 Run: DIA12_CV486075:20251228_A2_N1_Mueller_MS_TechHub_IMP_THIDDIAXL003_Cas9_PhoX_DIA12_CV486075_250ng_FAIMS_002 P1_GGLSELDKAGFIK P2_FDNLTKAER 8 6,DIA12_CV486075:20251228_A2_N1_Mueller_MS_TechHub_IMP_THIDDIAXL003_Cas9_PhoX_DIA12_CV486075_250ng_FAIMS_002,1166508,,,0,0,-0,0,3,0,0,Q99ZW2,,,false,Q99ZW2,Q99ZW2,,false,FDNLTKAER,GGLSELDKAGFIK,897,906,9,13,6,8,902,913,3,,-1,0.241194,0.241194,9.971737,false,true,false,false,Self ,0,0.000701,1.103839,,0,0,0,0,0,622,1303,0,
Scan: 1215677 Run: DIA12_CV486075:20251228_A2_N1_Mueller_MS_TechHub_IMP_THIDDIAXL003_Cas9_PhoX_DIA12_CV486075_250ng_FAIMS_003 P1_KVLSMPQVNIVK P2_KRPLIETNGETGEIVWDK 1 1,DIA12_CV486075:20251228_A2_N1_Mueller_MS_TechHub_IMP_THIDDIAXL003_Cas9_PhoX_DIA12_CV486075_250ng_FAIMS_003,1215677,,,0,0,-0,0,4,0,0,Q99ZW2,,,false,Q99ZW2,Q99ZW2,,false,KRPLIETNGETGEIVWDK,KVLSMPQVNIVK,1059,1085,18,12,1,1,1059,1085,4,,-1,0.240519,0.240519,9.97005,false,true,false,false,Self ,0,0.000701,1.105051,,0,0,0,0,0,1453,1039,0,
Scan: 1509280 Run: DIA12_CV486075:20251228_A2_N1_Mueller_MS_TechHub_IMP_THIDDIAXL003_Cas9_PhoX_DIA12_CV486075_250ng_FAIMS_003 P1_SKLVSDFR P2_KSEETITPWNFEEVVDK 2 1,DIA12_CV486075:20251228_A2_N1_Mueller_MS_TechHub_IMP_THIDDIAXL003_Cas9_PhoX_DIA12_CV486075_250ng_FAIMS_003,1509280,,,0,0,-0,0,4,0,0,Q99ZW2,,,false,Q99ZW2,Q99ZW2,,false,KSEETITPWNFEEVVDK,SKLVSDFR,468,960,17,8,1,2,468,961,4,,-1,0.24014,0.24014,9.969102,false,true,false,false,Self ,0,0.000702,1.105861,,0,0,0,0,0,1452,1038,0,
Scan: 732518 Run: DIA12_CV486075:20251228_A2_N1_Mueller_MS_TechHub_IMP_THIDDIAXL003_Cas9_PhoX_DIA12_CV486075_250ng_FAIMS_002 P1_KVTVK P2_GYKEVK 1 3,DIA12_CV486075:20251228_A2_N1_Mueller_MS_TechHub_IMP_THIDDIAXL003_Cas9_PhoX_DIA12_CV486075_250ng_FAIMS_002,732518,,,0,0,-0,0,3,0,0,Q99ZW2,,,false,Q99ZW2,Q99ZW2,,false,GYKEVK,KVTVK,1186,558,6,5,3,1,1188,558,3,,-1,0.240068,0.240068,9.968922,false,true,false,false,Self ,0,0.000702,1.106266,,0,0,0,0,0,1451,1037,0,
Scan: 873434 Run: DIA12_CV486075:20251228_A2_N1_Mueller_MS_TechHub_IMP_THIDDIAXL003_Cas9_PhoX_DIA12_CV486075_250ng_FAIMS_002 P1_KDLIIK P2_FIKPILEK 1 3,DIA12_CV486075:20251228_A2_N1_Mueller_MS_TechHub_IMP_THIDDIAXL003_Cas9_PhoX_DIA12_CV486075_250ng_FAIMS_002,873434,,,0,0,-0,0,3,0,0,Q99ZW2,,,false,Q99ZW2,Q99ZW2,,false,FIKPILEK,KDLIIK,375,1192,8,6,3,1,377,1192,3,,-1,0.239317,0.239317,9.967044,false,true,false,false,Self ,0,0.000702,1.10789,,0,0,0,0,0,1450,1036,0,
Scan: 1159105 Run: DIA12_CV486075:20251228_A2_N1_Mueller_MS_TechHub_IMP_THIDDIAXL003_Cas9_PhoX_DIA12_CV486075_250ng_FAIMS_002 P1_YDENDKLIR P2_KFDNLTK 6 1,DIA12_CV486075:20251228_A2_N1_Mueller_MS_TechHub_IMP_THIDDIAXL003_Cas9_PhoX_DIA12_CV486075_250ng_FAIMS_002,1159105,,,0,0,-0,0,3,0,0,Q99ZW2,,,false,Q99ZW2,Q99ZW2,,false,KFDNLTK,YDENDKLIR,896,943,7,9,1,6,896,948,3,,-1,0.239251,0.239251,9.966879,false,true,false,false,Self ,0,0.000702,1.10789,,0,0,0,0,0,1449,1035,0,
Scan: 16502 Run: DIA12_CV486075:20251228_A2_N1_Mueller_MS_TechHub_IMP_THIDDIAXL003_Cas9_PhoX_DIA12_CV486075_250ng_FAIMS_001 P1_SEQEIGKATAK P2_ELGSQILKEHPVENTQLQNEK 7 8,DIA12_CV486075:20251228_A2_N1_Mueller_MS_TechHub_IMP_THIDDIAXL003_Cas9_PhoX_DIA12_CV486075_250ng_FAIMS_001,16502,,,0,0,-0,0,4,0,0,Q99ZW2,,,false,Q99ZW2,Q99ZW2,,false,ELGSQILKEHPVENTQLQNEK,SEQEIGKATAK,790,1025,21,11,8,7,797,1031,4,,-1,0.23843,0.23843,9.964825,false,true,false,false,Self ,0,0.000703,1.10789,,0,0,0,0,0,1448,1034,0,
Scan: 810998 Run: DIA12_CV486075:20251228_A2_N1_Mueller_MS_TechHub_IMP_THIDDIAXL003_Cas9_PhoX_DIA12_CV486075_250ng_FAIMS_002 P1_NSDKLIAR P2_LENLIAQLPGEKK 4 12,DIA12_CV486075:20251228_A2_N1_Mueller_MS_TechHub_IMP_THIDDIAXL003_Cas9_PhoX_DIA12_CV486075_250ng_FAIMS_002,810998,,,0,0,-0,0,4,0,0,Q99ZW2,,,false,Q99ZW2,Q99ZW2,,false,LENLIAQLPGEKK,NSDKLIAR,222,1115,13,8,12,4,233,1118,4,,-1,0.23835,0.23835,9.964625,false,true,false,false,Self ,0,0.000703,1.108297,,0,0,0,0,0,1025,797,0,
Scan: 207760 Run: DIA12_CV486075:20251228_A2_N1_Mueller_MS_TechHub_IMP_THIDDIAXL003_Cas9_PhoX_DIA12_CV486075_250ng_FAIMS_001 P1_LVDSTDKADLR P2_KPAFLSGEQK 7 1,DIA12_CV486075:20251228_A2_N1_Mueller_MS_TechHub_IMP_THIDDIAXL003_Cas9_PhoX_DIA12_CV486075_250ng_FAIMS_001,207760,,,0,0,-0,0,3,0,0,Q99ZW2,,,false,Q99ZW2,Q99ZW2,,false,KPAFLSGEQK,LVDSTDKADLR,536,142,10,11,1,7,536,148,3,,-1,0.238126,0.238126,9.964067,false,true,false,false,Self ,0,0.000703,1.109111,,0,0,0,0,0,994,1405,0,
Scan: 230523 Run: DIA12_CV486075:20251228_A2_N1_Mueller_MS_TechHub_IMP_THIDDIAXL003_Cas9_PhoX_DIA12_CV486075_250ng_FAIMS_001 P1_VNTEITKAPLSASMIK P2_VNTEITKAPLSASMIK 7 7,DIA12_CV486075:20251228_A2_N1_Mueller_MS_TechHub_IMP_THIDDIAXL003_Cas9_PhoX_DIA12_CV486075_250ng_FAIMS_001,230523,,,0,0,-0,0,4,0,0,Q99ZW2,,,false,Q99ZW2,Q99ZW2,,false,VNTEITKAPLSASMIK,VNTEITKAPLSASMIK,308,308,16,16,7,7,314,314,4,,-1,0.237601,0.237601,9.962753,false,true,false,false,Self ,0,0.000704,1.109519,,0,0,0,0,0,1445,1033,0,
Scan: 826607 Run: DIA12_CV486075:20251228_A2_N1_Mueller_MS_TechHub_IMP_THIDDIAXL003_Cas9_PhoX_DIA12_CV486075_250ng_FAIMS_002 P1_SNFDLAEDAKLQLSK P2_SKLVSDFR 10 2,DIA12_CV486075:20251228_A2_N1_Mueller_MS_TechHub_IMP_THIDDIAXL003_Cas9_PhoX_DIA12_CV486075_250ng_FAIMS_002,826607,,,0,0,-0,0,4,0,0,Q99ZW2,,,false,Q99ZW2,Q99ZW2,,false,SKLVSDFR,SNFDLAEDAKLQLSK,960,254,8,15,2,10,961,263,4,,-1,0.236914,0.236914,9.961036,false,true,false,false,Self ,0,0.000704,1.109519,,0,0,0,0,0,1444,1032,0,
Scan: 620520 Run: DIA12_CV486075:20251228_A2_N1_Mueller_MS_TechHub_IMP_THIDDIAXL003_Cas9_PhoX_DIA12_CV486075_250ng_FAIMS_002 P1_QSGKTILDFLK P2_KRPLIETNGETGEIVWDK 4 1,DIA12_CV486075:20251228_A2_N1_Mueller_MS_TechHub_IMP_THIDDIAXL003_Cas9_PhoX_DIA12_CV486075_250ng_FAIMS_002,620520,,,0,0,-0,0,4,0,0,Q99ZW2,,,false,Q99ZW2,Q99ZW2,,false,KRPLIETNGETGEIVWDK,QSGKTILDFLK,1059,674,18,11,1,4,1059,677,4,,-1,0.236809,0.236809,9.960774,false,true,false,false,Self ,0,0.000704,1.109519,,0,0,0,0,0,1443,1031,0,
Scan: 1268089 Run: DIA12_CV486075:20251228_A2_N1_Mueller_MS_TechHub_IMP_THIDDIAXL003_Cas9_PhoX_DIA12_CV486075_250ng_FAIMS_003 P1_TEVQTGGFSKESILPK P2_QSGKTILDFLK 10 4,DIA12_CV486075:20251228_A2_N1_Mueller_MS_TechHub_IMP_THIDDIAXL003_Cas9_PhoX_DIA12_CV486075_250ng_FAIMS_003,1268089,,,0,0,-0,0,4,0,0,Q99ZW2,,,false,Q99ZW2,Q99ZW2,,false,QSGKTILDFLK,TEVQTGGFSKESILPK,674,1098,11,16,4,10,677,1107,4,,-1,0.236604,0.236604,9.960261,false,true,false,false,Self ,0,0.000705,1.109926,,0,0,0,0,0,1442,1030,0,
Scan: 1409869 Run: DIA12_CV486075:20251228_A2_N1_Mueller_MS_TechHub_IMP_THIDDIAXL003_Cas9_PhoX_DIA12_CV486075_250ng_FAIMS_003 P1_RLENLIAQLPGEKK P2_KPAFLSGEQK 13 1,DIA12_CV486075:20251228_A2_N1_Mueller_MS_TechHub_IMP_THIDDIAXL003_Cas9_PhoX_DIA12_CV486075_250ng_FAIMS_003,1409869,,,0,0,-0,0,3,0,0,Q99ZW2,,,false,Q99ZW2,Q99ZW2,,false,KPAFLSGEQK,RLENLIAQLPGEKK,536,221,10,14,1,13,536,233,3,,-1,0.235629,0.235629,9.957823,false,true,false,false,Self ,0,0.000705,1.110335,,0,0,0,0,0,1441,537,0,
Scan: 1557331 Run: DIA12_CV486075:20251228_A2_N1_Mueller_MS_TechHub_IMP_THIDDIAXL003_Cas9_PhoX_DIA12_CV486075_250ng_FAIMS_003 P1_VLPKHSLLYEYFTVYNELTK P2_LPKYSLFELENGR 4 3,DIA12_CV486075:20251228_A2_N1_Mueller_MS_TechHub_IMP_THIDDIAXL003_Cas9_PhoX_DIA12_CV486075_250ng_FAIMS_003,1557331,,,0,0,-0,0,4,0,0,Q99ZW2,,,false,Q99ZW2,Q99ZW2,,false,LPKYSLFELENGR,VLPKHSLLYEYFTVYNELTK,1198,507,13,20,3,4,1200,510,4,,-1,0.235618,0.235618,9.957796,false,true,false,false,Self ,0,0.000705,1.110335,,0,0,0,0,0,1440,1029,0,
Scan: 1420787 Run: DIA12_CV486075:20251228_A2_N1_Mueller_MS_TechHub_IMP_THIDDIAXL003_Cas9_PhoX_DIA12_CV486075_250ng_FAIMS_003 P1_SSFEKNPIDFLEAK P2_SNFDLAEDAKLQLSK 5 10,DIA12_CV486075:20251228_A2_N1_Mueller_MS_TechHub_IMP_THIDDIAXL003_Cas9_PhoX_DIA12_CV486075_250ng_FAIMS_003,1420787,,,0,0,-0,0,4,0,0,Q99ZW2,,,false,Q99ZW2,Q99ZW2,,false,SNFDLAEDAKLQLSK,SSFEKNPIDFLEAK,254,1172,15,14,10,5,263,1176,4,,-1,0.235435,0.235435,9.957339,false,true,false,false,Self ,0,0.000706,1.110335,,0,0,0,0,0,1439,1028,0,
Scan: 639510 Run: DIA12_CV486075:20251228_A2_N1_Mueller_MS_TechHub_IMP_THIDDIAXL003_Cas9_PhoX_DIA12_CV486075_250ng_FAIMS_002 P1_SKLVSDFR P2_KTEVQTGGFSK 2 1,DIA12_CV486075:20251228_A2_N1_Mueller_MS_TechHub_IMP_THIDDIAXL003_Cas9_PhoX_DIA12_CV486075_250ng_FAIMS_002,639510,,,0,0,-0,0,3,0,0,Q99ZW2,,,false,Q99ZW2,Q99ZW2,,false,KTEVQTGGFSK,SKLVSDFR,1097,960,11,8,1,2,1097,961,3,,-1,0.235297,0.235297,9.956994,false,true,false,false,Self ,0,0.000706,1.110335,,0,0,0,0,0,1063,1414,0,
Scan: 1013522 Run: DIA12_CV486075:20251228_A2_N1_Mueller_MS_TechHub_IMP_THIDDIAXL003_Cas9_PhoX_DIA12_CV486075_250ng_FAIMS_002 P1_KVTVKQLK P2_KIECFDSVEISGVEDR 5 1,DIA12_CV486075:20251228_A2_N1_Mueller_MS_TechHub_IMP_THIDDIAXL003_Cas9_PhoX_DIA12_CV486075_250ng_FAIMS_002,1013522,,,0,0,-0,0,3,0,0,Q99ZW2,,,false,Q99ZW2,Q99ZW2,,false,KIECFDSVEISGVEDR,KVTVKQLK,571,558,16,8,1,5,571,562,3,,-1,0.235243,0.235243,9.956857,false,true,false,false,Self ,0,0.000706,1.110743,,0,0,0,0,0,723,1276,0,
Scan: 1581531 Run: DIA12_CV486075:20251228_A2_N1_Mueller_MS_TechHub_IMP_THIDDIAXL003_Cas9_PhoX_DIA12_CV486075_250ng_FAIMS_003 P1_KPAFLSGEQK P2_KIECFDSVEISGVEDR 1 1,DIA12_CV486075:20251228_A2_N1_Mueller_MS_TechHub_IMP_THIDDIAXL003_Cas9_PhoX_DIA12_CV486075_250ng_FAIMS_003,1581531,,,0,0,-0,0,4,0,0,Q99ZW2,,,false,Q99ZW2,Q99ZW2,,false,KIECFDSVEISGVEDR,KPAFLSGEQK,571,536,16,10,1,1,571,536,4,,-1,0.235102,0.235102,9.956505,false,true,false,false,Self ,0,0.000706,1.110743,,0,0,0,0,0,1436,1559,0,
Scan: 660415 Run: DIA12_CV486075:20251228_A2_N1_Mueller_MS_TechHub_IMP_THIDDIAXL003_Cas9_PhoX_DIA12_CV486075_250ng_FAIMS_002 P1_NSDKLIAR P2_KTEVQTGGFSKESILPK 4 11,DIA12_CV486075:20251228_A2_N1_Mueller_MS_TechHub_IMP_THIDDIAXL003_Cas9_PhoX_DIA12_CV486075_250ng_FAIMS_002,660415,,,0,0,-0,0,5,0,0,Q99ZW2,,,false,Q99ZW2,Q99ZW2,,false,KTEVQTGGFSKESILPK,NSDKLIAR,1097,1115,17,8,11,4,1107,1118,5,,-1,0.234876,0.234876,9.955942,false,true,false,false,Self ,0,0.000706,1.110743,,0,0,0,0,0,1435,817,0,
Scan: 162415 Run: DIA12_CV486075:20251228_A2_N1_Mueller_MS_TechHub_IMP_THIDDIAXL003_Cas9_PhoX_DIA12_CV486075_250ng_FAIMS_001 P1_VILADANLDKVLSAYNK P2_LKGSPEDNEQK 10 2,DIA12_CV486075:20251228_A2_N1_Mueller_MS_TechHub_IMP_THIDDIAXL003_Cas9_PhoX_DIA12_CV486075_250ng_FAIMS_001,162415,,,0,0,-0,0,4,0,0,Q99ZW2,,,false,Q99ZW2,Q99ZW2,,false,LKGSPEDNEQK,VILADANLDKVLSAYNK,1245,1280,11,17,2,10,1246,1289,4,,-1,0.234856,0.234856,9.955892,false,true,false,false,Self ,0,0.000706,1.110743,,0,0,0,0,0,1434,1027,0,
Scan: 974565 Run: DIA12_CV486075:20251228_A2_N1_Mueller_MS_TechHub_IMP_THIDDIAXL003_Cas9_PhoX_DIA12_CV486075_250ng_FAIMS_002 P1_SEQEIGKATAK P2_KPAFLSGEQK 7 1,DIA12_CV486075:20251228_A2_N1_Mueller_MS_TechHub_IMP_THIDDIAXL003_Cas9_PhoX_DIA12_CV486075_250ng_FAIMS_002,974565,,,0,0,-0,0,4,0,0,Q99ZW2,,,false,Q99ZW2,Q99ZW2,,false,KPAFLSGEQK,SEQEIGKATAK,536,1025,10,11,1,7,536,1031,4,,-1,0.234759,0.234759,9.955649,false,true,false,false,Self ,0,0.000706,1.111152,,0,0,0,0,0,1433,58,0,
Scan: 97207 Run: DIA12_CV486075:20251228_A2_N1_Mueller_MS_TechHub_IMP_THIDDIAXL003_Cas9_PhoX_DIA12_CV486075_250ng_FAIMS_001 P1_KDWDPK P2_ESILPKR 1 6,DIA12_CV486075:20251228_A2_N1_Mueller_MS_TechHub_IMP_THIDDIAXL003_Cas9_PhoX_DIA12_CV486075_250ng_FAIMS_001,97207,,,0,0,-0,0,3,0,0,Q99ZW2,,,false,Q99ZW2,Q99ZW2,,false,ESILPKR,KDWDPK,1108,1124,7,6,6,1,1113,1124,3,,-1,0.234733,0.234733,9.955582,false,true,false,false,Self ,0,0.000706,1.111152,,0,0,0,0,0,1432,721,0,
Scan: 293374 Run: DIA12_CV486075:20251228_A2_N1_Mueller_MS_TechHub_IMP_THIDDIAXL003_Cas9_PhoX_DIA12_CV486075_250ng_FAIMS_001 P1_KAIVDLLFK P2_IEKILTFR 1 3,DIA12_CV486075:20251228_A2_N1_Mueller_MS_TechHub_IMP_THIDDIAXL003_Cas9_PhoX_DIA12_CV486075_250ng_FAIMS_001,293374,,,0,0,-0,0,3,0,0,Q99ZW2,,,false,Q99ZW2,Q99ZW2,,false,IEKILTFR,KAIVDLLFK,440,546,8,9,3,1,442,546,3,,-1,0.234644,0.234644,9.955362,false,true,false,false,Self ,0,0.000706,1.111152,,0,0,0,0,0,1431,1025,0,
Scan: 1782923 Run: DIA12_CV486075:20251228_A2_N1_Mueller_MS_TechHub_IMP_THIDDIAXL003_Cas9_PhoX_DIA12_CV486075_250ng_FAIMS_003 P1_SKLVSDFR P2_NPIDFLEAKGYK 2 9,DIA12_CV486075:20251228_A2_N1_Mueller_MS_TechHub_IMP_THIDDIAXL003_Cas9_PhoX_DIA12_CV486075_250ng_FAIMS_003,1782923,,,0,0,-0,0,3,0,0,Q99ZW2,,,false,Q99ZW2,Q99ZW2,,false,NPIDFLEAKGYK,SKLVSDFR,1177,960,12,8,9,2,1185,961,3,,-1,0.234453,0.234453,9.954883,false,true,false,false,Self ,0,0.000706,1.111152,,0,0,0,0,0,1430,1024,0,
Scan: 162640 Run: DIA12_CV486075:20251228_A2_N1_Mueller_MS_TechHub_IMP_THIDDIAXL003_Cas9_PhoX_DIA12_CV486075_250ng_FAIMS_001 P1_LKGSPEDNEQK P2_FKVLGNTDR 2 2,DIA12_CV486075:20251228_A2_N1_Mueller_MS_TechHub_IMP_THIDDIAXL003_Cas9_PhoX_DIA12_CV486075_250ng_FAIMS_001,162640,,,0,0,-0,0,4,0,0,Q99ZW2,,,false,Q99ZW2,Q99ZW2,,false,FKVLGNTDR,LKGSPEDNEQK,32,1245,9,11,2,2,33,1246,4,,-1,0.234201,0.234201,9.954254,false,true,false,false,Self ,0,0.000707,1.111561,,0,0,0,0,0,1302,1436,0,
Scan: 1442858 Run: DIA12_CV486075:20251228_A2_N1_Mueller_MS_TechHub_IMP_THIDDIAXL003_Cas9_PhoX_DIA12_CV486075_250ng_FAIMS_003 P1_YDEHHQDLTLLKALVR P2_LPKYSLFELENGR 12 3,DIA12_CV486075:20251228_A2_N1_Mueller_MS_TechHub_IMP_THIDDIAXL003_Cas9_PhoX_DIA12_CV486075_250ng_FAIMS_003,1442858,,,0,0,-0,0,5,0,0,Q99ZW2,,,false,Q99ZW2,Q99ZW2,,false,LPKYSLFELENGR,YDEHHQDLTLLKALVR,1198,325,13,16,3,12,1200,336,5,,-1,0.233909,0.233909,9.953523,false,true,false,false,Self ,0,0.000707,1.111971,,0,0,0,0,0,1428,1023,0,
Scan: 405137 Run: DIA12_CV486075:20251228_A2_N1_Mueller_MS_TechHub_IMP_THIDDIAXL003_Cas9_PhoX_DIA12_CV486075_250ng_FAIMS_001 P1_QSGKTILDFLK P2_KAIVDLLFK 4 1,DIA12_CV486075:20251228_A2_N1_Mueller_MS_TechHub_IMP_THIDDIAXL003_Cas9_PhoX_DIA12_CV486075_250ng_FAIMS_001,405137,,,0,0,-0,0,3,0,0,Q99ZW2,,,false,Q99ZW2,Q99ZW2,,false,KAIVDLLFK,QSGKTILDFLK,546,674,9,11,1,4,546,677,3,,-1,0.233767,0.233767,9.953169,false,true,false,false,Self ,0,0.000707,1.111971,,0,0,0,0,0,1427,1022,0,
Scan: 1783024 Run: DIA12_CV486075:20251228_A2_N1_Mueller_MS_TechHub_IMP_THIDDIAXL003_Cas9_PhoX_DIA12_CV486075_250ng_FAIMS_003 P1_SKLVSDFRK P2_LKGSPEDNEQK 2 2,DIA12_CV486075:20251228_A2_N1_Mueller_MS_TechHub_IMP_THIDDIAXL003_Cas9_PhoX_DIA12_CV486075_250ng_FAIMS_003,1783024,,,0,0,-0,0,4,0,0,Q99ZW2,,,false,Q99ZW2,Q99ZW2,,false,LKGSPEDNEQK,SKLVSDFRK,1245,960,11,9,2,2,1246,961,4,,-1,0.233734,0.233734,9.953086,false,true,false,false,Self ,0,0.000707,1.111971,,0,0,0,0,0,1426,1021,0,
Scan: 508900 Run: DIA12_CV486075:20251228_A2_N1_Mueller_MS_TechHub_IMP_THIDDIAXL003_Cas9_PhoX_DIA12_CV486075_250ng_FAIMS_001 P1_ESILPKR P2_ENQTTQKGQK 6 7,DIA12_CV486075:20251228_A2_N1_Mueller_MS_TechHub_IMP_THIDDIAXL003_Cas9_PhoX_DIA12_CV486075_250ng_FAIMS_001,508900,,,0,0,-0,0,3,0,0,Q99ZW2,,,false,Q99ZW2,Q99ZW2,,false,ENQTTQKGQK,ESILPKR,766,1108,10,7,7,6,772,1113,3,,-1,0.232077,0.232077,9.948945,false,true,false,false,Self ,0,0.000708,1.114433,,0,0,0,0,0,1425,1020,0,
Scan: 1026445 Run: DIA12_CV486075:20251228_A2_N1_Mueller_MS_TechHub_IMP_THIDDIAXL003_Cas9_PhoX_DIA12_CV486075_250ng_FAIMS_002 P1_KLINGIR P2_KDLIIK 1 1,DIA12_CV486075:20251228_A2_N1_Mueller_MS_TechHub_IMP_THIDDIAXL003_Cas9_PhoX_DIA12_CV486075_250ng_FAIMS_002,1026445,,,0,0,-0,0,3,0,0,Q99ZW2,,,false,Q99ZW2,Q99ZW2,,false,KDLIIK,KLINGIR,1192,665,6,7,1,1,1192,665,3,,-1,0.231582,0.231582,9.947705,false,true,false,false,Self ,0,0.000709,1.114845,,0,0,0,0,0,1424,1019,0,
Scan: 703614 Run: DIA12_CV486075:20251228_A2_N1_Mueller_MS_TechHub_IMP_THIDDIAXL003_Cas9_PhoX_DIA12_CV486075_250ng_FAIMS_002 P1_KYGGFDSPTVAYSVLVVAK P2_DKQSGK 1 2,DIA12_CV486075:20251228_A2_N1_Mueller_MS_TechHub_IMP_THIDDIAXL003_Cas9_PhoX_DIA12_CV486075_250ng_FAIMS_002,703614,,,0,0,-0,0,3,0,0,Q99ZW2,,,false,Q99ZW2,Q99ZW2,,false,DKQSGK,KYGGFDSPTVAYSVLVVAK,672,1130,6,19,2,1,673,1130,3,,-1,0.23138,0.23138,9.947201,false,true,false,false,Self ,0,0.000709,1.114845,,0,0,0,0,0,1423,1018,0,
Scan: 1739797 Run: DIA12_CV486075:20251228_A2_N1_Mueller_MS_TechHub_IMP_THIDDIAXL003_Cas9_PhoX_DIA12_CV486075_250ng_FAIMS_003 P1_KKDWDPK P2_GKSDNVPSEEVVK 1 2,DIA12_CV486075:20251228_A2_N1_Mueller_MS_TechHub_IMP_THIDDIAXL003_Cas9_PhoX_DIA12_CV486075_250ng_FAIMS_003,1739797,,,0,0,-0,0,3,0,0,Q99ZW2,,,false,Q99ZW2,Q99ZW2,,false,GKSDNVPSEEVVK,KKDWDPK,865,1123,13,7,2,1,866,1123,3,,-1,0.230966,0.230966,9.946166,false,true,false,false,Self ,0,0.000709,1.115257,,0,0,0,0,0,1422,1017,0,
Scan: 1742750 Run: DIA12_CV486075:20251228_A2_N1_Mueller_MS_TechHub_IMP_THIDDIAXL003_Cas9_PhoX_DIA12_CV486075_250ng_FAIMS_003 P1_GQKNSR P2_GKSDNVPSEEVVK 3 2,DIA12_CV486075:20251228_A2_N1_Mueller_MS_TechHub_IMP_THIDDIAXL003_Cas9_PhoX_DIA12_CV486075_250ng_FAIMS_003,1742750,,,0,0,-0,0,3,0,0,Q99ZW2,,,false,Q99ZW2,Q99ZW2,,false,GKSDNVPSEEVVK,GQKNSR,865,773,13,6,2,3,866,775,3,,-1,0.230662,0.230662,9.945406,false,true,false,false,Self ,0,0.00071,1.115257,,0,0,0,0,0,697,1370,0,
Scan: 1108752 Run: DIA12_CV486075:20251228_A2_N1_Mueller_MS_TechHub_IMP_THIDDIAXL003_Cas9_PhoX_DIA12_CV486075_250ng_FAIMS_002 P1_LKGSPEDNEQK P2_GQKNSR 2 3,DIA12_CV486075:20251228_A2_N1_Mueller_MS_TechHub_IMP_THIDDIAXL003_Cas9_PhoX_DIA12_CV486075_250ng_FAIMS_002,1108752,,,0,0,-0,0,3,0,0,Q99ZW2,,,false,Q99ZW2,Q99ZW2,,false,GQKNSR,LKGSPEDNEQK,773,1245,6,11,3,2,775,1246,3,,-1,0.230137,0.230137,9.944095,false,true,false,false,Self ,0,0.00071,1.116081,,0,0,0,0,0,133,1324,0,
Scan: 545150 Run: DIA12_CV486075:20251228_A2_N1_Mueller_MS_TechHub_IMP_THIDDIAXL003_Cas9_PhoX_DIA12_CV486075_250ng_FAIMS_001 P1_LKGSPEDNEQK P2_GKSDNVPSEEVVK 2 2,DIA12_CV486075:20251228_A2_N1_Mueller_MS_TechHub_IMP_THIDDIAXL003_Cas9_PhoX_DIA12_CV486075_250ng_FAIMS_001,545150,,,0,0,-0,0,4,0,0,Q99ZW2,,,false,Q99ZW2,Q99ZW2,,false,GKSDNVPSEEVVK,LKGSPEDNEQK,865,1245,13,11,2,2,866,1246,4,,-1,0.229927,0.229927,9.943568,false,true,false,false,Self ,0,0.00071,1.116494,,0,0,0,0,0,799,1377,0,
Scan: 1678926 Run: DIA12_CV486075:20251228_A2_N1_Mueller_MS_TechHub_IMP_THIDDIAXL003_Cas9_PhoX_DIA12_CV486075_250ng_FAIMS_003 P1_MTNFDKNLPNEK P2_KGILQTVK 6 1,DIA12_CV486075:20251228_A2_N1_Mueller_MS_TechHub_IMP_THIDDIAXL003_Cas9_PhoX_DIA12_CV486075_250ng_FAIMS_003,1678926,,,0,0,-0,0,3,0,0,Q99ZW2,,,false,Q99ZW2,Q99ZW2,,false,KGILQTVK,MTNFDKNLPNEK,735,495,8,12,1,6,735,500,3,,-1,0.229714,0.229714,9.943037,false,true,false,false,Self ,0,0.00071,1.116494,,0,0,0,0,0,136,1325,0,
Scan: 260514 Run: DIA12_CV486075:20251228_A2_N1_Mueller_MS_TechHub_IMP_THIDDIAXL003_Cas9_PhoX_DIA12_CV486075_250ng_FAIMS_001 P1_YKEIFFDQSK P2_QSGKTILDFLK 2 4,DIA12_CV486075:20251228_A2_N1_Mueller_MS_TechHub_IMP_THIDDIAXL003_Cas9_PhoX_DIA12_CV486075_250ng_FAIMS_001,260514,,,0,0,-0,0,4,0,0,Q99ZW2,,,false,Q99ZW2,Q99ZW2,,false,QSGKTILDFLK,YKEIFFDQSK,674,347,11,10,4,2,677,348,4,,-1,0.228933,0.228933,9.941084,false,true,false,false,Self ,0,0.000711,1.116494,,0,0,0,0,0,73,1318,0,
Scan: 1233608 Run: DIA12_CV486075:20251228_A2_N1_Mueller_MS_TechHub_IMP_THIDDIAXL003_Cas9_PhoX_DIA12_CV486075_250ng_FAIMS_003 P1_KTEVQTGGFSK P2_IEKILTFR 1 3,DIA12_CV486075:20251228_A2_N1_Mueller_MS_TechHub_IMP_THIDDIAXL003_Cas9_PhoX_DIA12_CV486075_250ng_FAIMS_003,1233608,,,0,0,-0,0,3,0,0,Q99ZW2,,,false,Q99ZW2,Q99ZW2,,false,IEKILTFR,KTEVQTGGFSK,440,1097,8,11,3,1,442,1097,3,,-1,0.228833,0.228833,9.940834,false,true,false,false,Self ,0,0.000711,1.116494,,0,0,0,0,0,1206,1426,0,
Scan: 1440296 Run: DIA12_CV486075:20251228_A2_N1_Mueller_MS_TechHub_IMP_THIDDIAXL003_Cas9_PhoX_DIA12_CV486075_250ng_FAIMS_003 P1_FKVLGNTDR P2_ELGSQILKEHPVENTQLQNEK 2 8,DIA12_CV486075:20251228_A2_N1_Mueller_MS_TechHub_IMP_THIDDIAXL003_Cas9_PhoX_DIA12_CV486075_250ng_FAIMS_003,1440296,,,0,0,-0,0,4,0,0,Q99ZW2,,,false,Q99ZW2,Q99ZW2,,false,ELGSQILKEHPVENTQLQNEK,FKVLGNTDR,790,32,21,9,8,2,797,33,4,,-1,0.228698,0.228698,9.940497,false,true,false,false,Self ,0,0.000711,1.116494,,0,0,0,0,0,1415,1016,0,
Scan: 701976 Run: DIA12_CV486075:20251228_A2_N1_Mueller_MS_TechHub_IMP_THIDDIAXL003_Cas9_PhoX_DIA12_CV486075_250ng_FAIMS_002 P1_KYGGFDSPTVAYSVLVVAK P2_KDWDPK 1 1,DIA12_CV486075:20251228_A2_N1_Mueller_MS_TechHub_IMP_THIDDIAXL003_Cas9_PhoX_DIA12_CV486075_250ng_FAIMS_002,701976,,,0,0,-0,0,3,0,0,Q99ZW2,,,false,Q99ZW2,Q99ZW2,,false,KDWDPK,KYGGFDSPTVAYSVLVVAK,1124,1130,6,19,1,1,1124,1130,3,,-1,0.228619,0.228619,9.9403,false,true,false,false,Self ,0,0.000711,1.116907,,0,0,0,0,0,679,1262,0,
Scan: 1507978 Run: DIA12_CV486075:20251228_A2_N1_Mueller_MS_TechHub_IMP_THIDDIAXL003_Cas9_PhoX_DIA12_CV486075_250ng_FAIMS_003 P1_KSEETITPWNFEEVVDK P2_KGILQTVKVVDELVK 1 8,DIA12_CV486075:20251228_A2_N1_Mueller_MS_TechHub_IMP_THIDDIAXL003_Cas9_PhoX_DIA12_CV486075_250ng_FAIMS_003,1507978,,,0,0,-0,0,4,0,0,Q99ZW2,,,false,Q99ZW2,Q99ZW2,,false,KGILQTVKVVDELVK,KSEETITPWNFEEVVDK,735,468,15,17,8,1,742,468,4,,-1,0.22849,0.22849,9.939977,false,true,false,false,Self ,0,0.000711,1.117321,,0,0,0,0,0,1413,1015,0,
Scan: 546319 Run: DIA12_CV486075:20251228_A2_N1_Mueller_MS_TechHub_IMP_THIDDIAXL003_Cas9_PhoX_DIA12_CV486075_250ng_FAIMS_001 P1_VLPKHSLLYEYFTVYNELTK P2_GKSDNVPSEEVVK 4 2,DIA12_CV486075:20251228_A2_N1_Mueller_MS_TechHub_IMP_THIDDIAXL003_Cas9_PhoX_DIA12_CV486075_250ng_FAIMS_001,546319,,,0,0,-0,0,4,0,0,Q99ZW2,,,false,Q99ZW2,Q99ZW2,,false,GKSDNVPSEEVVK,VLPKHSLLYEYFTVYNELTK,865,507,13,20,2,4,866,510,4,,-1,0.228259,0.228259,9.939399,false,true,false,false,Self ,0,0.000712,1.117734,,0,0,0,0,0,1412,1014,0,
Scan: 1187353 Run: DIA12_CV486075:20251228_A2_N1_Mueller_MS_TechHub_IMP_THIDDIAXL003_Cas9_PhoX_DIA12_CV486075_250ng_FAIMS_002 P1_SKLVSDFR P2_QITKHVAQILDSR 2 4,DIA12_CV486075:20251228_A2_N1_Mueller_MS_TechHub_IMP_THIDDIAXL003_Cas9_PhoX_DIA12_CV486075_250ng_FAIMS_002,1187353,,,0,0,-0,0,4,0,0,Q99ZW2,,,false,Q99ZW2,Q99ZW2,,false,QITKHVAQILDSR,SKLVSDFR,926,960,13,8,4,2,929,961,4,,-1,0.227842,0.227842,9.938355,false,true,false,false,Self ,0,0.000712,1.118977,,0,0,0,0,0,179,1327,0,
Scan: 1089914 Run: DIA12_CV486075:20251228_A2_N1_Mueller_MS_TechHub_IMP_THIDDIAXL003_Cas9_PhoX_DIA12_CV486075_250ng_FAIMS_002 P1_IEKILTFR P2_GILQTVKVVDELVK 3 7,DIA12_CV486075:20251228_A2_N1_Mueller_MS_TechHub_IMP_THIDDIAXL003_Cas9_PhoX_DIA12_CV486075_250ng_FAIMS_002,1089914,,,0,0,-0,0,4,0,0,Q99ZW2,,,false,Q99ZW2,Q99ZW2,,false,GILQTVKVVDELVK,IEKILTFR,736,440,14,8,7,3,742,442,4,,-1,0.227643,0.227643,9.93786,false,true,false,false,Self ,0,0.000712,1.118977,,0,0,0,0,0,1410,1013,0,
Scan: 484980 Run: DIA12_CV486075:20251228_A2_N1_Mueller_MS_TechHub_IMP_THIDDIAXL003_Cas9_PhoX_DIA12_CV486075_250ng_FAIMS_001 P1_KGILQTVK P2_EVKVITLK 1 3,DIA12_CV486075:20251228_A2_N1_Mueller_MS_TechHub_IMP_THIDDIAXL003_Cas9_PhoX_DIA12_CV486075_250ng_FAIMS_001,484980,,,0,0,-0,0,3,0,0,Q99ZW2,,,false,Q99ZW2,Q99ZW2,,false,EVKVITLK,KGILQTVK,952,735,8,8,3,1,954,735,3,,-1,0.227115,0.227115,9.936539,false,true,false,false,Self ,0,0.000713,1.121055,,0,0,0,0,0,1409,1012,0,
Scan: 412892 Run: DIA12_CV486075:20251228_A2_N1_Mueller_MS_TechHub_IMP_THIDDIAXL003_Cas9_PhoX_DIA12_CV486075_250ng_FAIMS_001 P1_YKEIFFDQSK P2_QLKEDYFK 2 3,DIA12_CV486075:20251228_A2_N1_Mueller_MS_TechHub_IMP_THIDDIAXL003_Cas9_PhoX_DIA12_CV486075_250ng_FAIMS_001,412892,,,0,0,-0,0,3,0,0,Q99ZW2,,,false,Q99ZW2,Q99ZW2,,false,QLKEDYFK,YKEIFFDQSK,563,347,8,10,3,2,565,348,3,,-1,0.226674,0.226674,9.935437,false,true,false,false,Self ,0,0.000713,1.121055,,0,0,0,0,0,1408,1011,0,
Scan: 1637517 Run: DIA12_CV486075:20251228_A2_N1_Mueller_MS_TechHub_IMP_THIDDIAXL003_Cas9_PhoX_DIA12_CV486075_250ng_FAIMS_003 P1_TILDFLKSDGFANR P2_TEVQTGGFSKESILPK 7 10,DIA12_CV486075:20251228_A2_N1_Mueller_MS_TechHub_IMP_THIDDIAXL003_Cas9_PhoX_DIA12_CV486075_250ng_FAIMS_003,1637517,,,0,0,-0,0,4,0,0,Q99ZW2,,,false,Q99ZW2,Q99ZW2,,false,TEVQTGGFSKESILPK,TILDFLKSDGFANR,1098,678,16,14,10,7,1107,684,4,,-1,0.225818,0.225818,9.933296,false,true,false,false,Self ,0,0.000714,1.121471,,0,0,0,0,0,1407,1010,0,
Scan: 635198 Run: DIA12_CV486075:20251228_A2_N1_Mueller_MS_TechHub_IMP_THIDDIAXL003_Cas9_PhoX_DIA12_CV486075_250ng_FAIMS_002 P1_KTEVQTGGFSK P2_GSPEDNEQKQLFVEQHK 1 9,DIA12_CV486075:20251228_A2_N1_Mueller_MS_TechHub_IMP_THIDDIAXL003_Cas9_PhoX_DIA12_CV486075_250ng_FAIMS_002,635198,,,0,0,-0,0,4,0,0,Q99ZW2,,,false,Q99ZW2,Q99ZW2,,false,GSPEDNEQKQLFVEQHK,KTEVQTGGFSK,1247,1097,17,11,9,1,1255,1097,4,,-1,0.225749,0.225749,9.933125,false,true,false,false,Self ,0,0.000714,1.121471,,0,0,0,0,0,1406,1009,0,
Scan: 1008101 Run: DIA12_CV486075:20251228_A2_N1_Mueller_MS_TechHub_IMP_THIDDIAXL003_Cas9_PhoX_DIA12_CV486075_250ng_FAIMS_002 P1_KVTVK P2_KAIVDLLFK 1 1,DIA12_CV486075:20251228_A2_N1_Mueller_MS_TechHub_IMP_THIDDIAXL003_Cas9_PhoX_DIA12_CV486075_250ng_FAIMS_002,1008101,,,0,0,-0,0,3,0,0,Q99ZW2,,,false,Q99ZW2,Q99ZW2,,false,KAIVDLLFK,KVTVK,546,558,9,5,1,1,546,558,3,,-1,0.22561,0.22561,9.932776,false,true,false,false,Self ,0,0.000714,1.122305,,0,0,0,0,0,1405,1008,0,
Scan: 633674 Run: DIA12_CV486075:20251228_A2_N1_Mueller_MS_TechHub_IMP_THIDDIAXL003_Cas9_PhoX_DIA12_CV486075_250ng_FAIMS_002 P1_NSDKLIAR P2_KTEVQTGGFSK 4 1,DIA12_CV486075:20251228_A2_N1_Mueller_MS_TechHub_IMP_THIDDIAXL003_Cas9_PhoX_DIA12_CV486075_250ng_FAIMS_002,633674,,,0,0,-0,0,4,0,0,Q99ZW2,,,false,Q99ZW2,Q99ZW2,,false,KTEVQTGGFSK,NSDKLIAR,1097,1115,11,8,1,4,1097,1118,4,,-1,0.225199,0.225199,9.931748,false,true,false,false,Self ,0,0.000714,1.122722,,0,0,0,0,0,1404,1472,0,
Scan: 1743073 Run: DIA12_CV486075:20251228_A2_N1_Mueller_MS_TechHub_IMP_THIDDIAXL003_Cas9_PhoX_DIA12_CV486075_250ng_FAIMS_003 P1_GKSDNVPSEEVVK P2_EHPVENTQLQNEKLYLYYLQNGR 2 13,DIA12_CV486075:20251228_A2_N1_Mueller_MS_TechHub_IMP_THIDDIAXL003_Cas9_PhoX_DIA12_CV486075_250ng_FAIMS_003,1743073,,,0,0,-0,0,4,0,0,Q99ZW2,,,false,Q99ZW2,Q99ZW2,,false,EHPVENTQLQNEKLYLYYLQNGR,GKSDNVPSEEVVK,798,865,23,13,13,2,810,866,4,,-1,0.224917,0.224917,9.931045,false,true,false,false,Self ,0,0.000714,1.12314,,0,0,0,0,0,1403,1007,0,
Scan: 1504968 Run: DIA12_CV486075:20251228_A2_N1_Mueller_MS_TechHub_IMP_THIDDIAXL003_Cas9_PhoX_DIA12_CV486075_250ng_FAIMS_003 P1_QLKEDYFK P2_KSEETITPWNFEEVVDK 3 1,DIA12_CV486075:20251228_A2_N1_Mueller_MS_TechHub_IMP_THIDDIAXL003_Cas9_PhoX_DIA12_CV486075_250ng_FAIMS_003,1504968,,,0,0,-0,0,4,0,0,Q99ZW2,,,false,Q99ZW2,Q99ZW2,,false,KSEETITPWNFEEVVDK,QLKEDYFK,468,563,17,8,1,3,468,565,4,,-1,0.224871,0.224871,9.93093,false,true,false,false,Self ,0,0.000714,1.12314,,0,0,0,0,0,1402,1006,0,
Scan: 142870 Run: DIA12_CV486075:20251228_A2_N1_Mueller_MS_TechHub_IMP_THIDDIAXL003_Cas9_PhoX_DIA12_CV486075_250ng_FAIMS_001 P1_LPKYSLFELENGR P2_ESILPKR 3 6,DIA12_CV486075:20251228_A2_N1_Mueller_MS_TechHub_IMP_THIDDIAXL003_Cas9_PhoX_DIA12_CV486075_250ng_FAIMS_001,142870,,,0,0,-0,0,3,0,0,Q99ZW2,,,false,Q99ZW2,Q99ZW2,,false,ESILPKR,LPKYSLFELENGR,1108,1198,7,13,6,3,1113,1200,3,,-1,0.224853,0.224853,9.930883,false,true,false,false,Self ,0,0.000715,1.12314,,0,0,0,0,0,1401,1005,0,
Scan: 1299214 Run: DIA12_CV486075:20251228_A2_N1_Mueller_MS_TechHub_IMP_THIDDIAXL003_Cas9_PhoX_DIA12_CV486075_250ng_FAIMS_003 P1_KYGGFDSPTVAYSVLVVAK P2_KKDWDPK 1 1,DIA12_CV486075:20251228_A2_N1_Mueller_MS_TechHub_IMP_THIDDIAXL003_Cas9_PhoX_DIA12_CV486075_250ng_FAIMS_003,1299214,,,0,0,-0,0,4,0,0,Q99ZW2,,,false,Q99ZW2,Q99ZW2,,false,KKDWDPK,KYGGFDSPTVAYSVLVVAK,1123,1130,7,19,1,1,1123,1130,4,,-1,0.224559,0.224559,9.93015,false,true,false,false,Self ,0,0.000715,1.124395,,0,0,0,0,0,405,1574,0,
Scan: 1340747 Run: DIA12_CV486075:20251228_A2_N1_Mueller_MS_TechHub_IMP_THIDDIAXL003_Cas9_PhoX_DIA12_CV486075_250ng_FAIMS_003 P1_LPKYSLFELENGR P2_KNLIGALLFDSGETAEATR 3 1,DIA12_CV486075:20251228_A2_N1_Mueller_MS_TechHub_IMP_THIDDIAXL003_Cas9_PhoX_DIA12_CV486075_250ng_FAIMS_003,1340747,,,0,0,-0,0,4,0,0,Q99ZW2,,,false,Q99ZW2,Q99ZW2,,false,KNLIGALLFDSGETAEATR,LPKYSLFELENGR,45,1198,19,13,1,3,45,1200,4,,-1,0.223931,0.223931,9.928579,false,true,false,false,Self ,0,0.000715,1.125233,,0,0,0,0,0,1399,1004,0,
Scan: 1561265 Run: DIA12_CV486075:20251228_A2_N1_Mueller_MS_TechHub_IMP_THIDDIAXL003_Cas9_PhoX_DIA12_CV486075_250ng_FAIMS_003 P1_VLPKHSLLYEYFTVYNELTK P2_SKLVSDFR 4 2,DIA12_CV486075:20251228_A2_N1_Mueller_MS_TechHub_IMP_THIDDIAXL003_Cas9_PhoX_DIA12_CV486075_250ng_FAIMS_003,1561265,,,0,0,-0,0,4,0,0,Q99ZW2,,,false,Q99ZW2,Q99ZW2,,false,SKLVSDFR,VLPKHSLLYEYFTVYNELTK,960,507,8,20,2,4,961,510,4,,-1,0.223855,0.223855,9.928387,false,true,false,false,Self ,0,0.000715,1.125233,,0,0,0,0,0,1398,1003,0,
Scan: 1010403 Run: DIA12_CV486075:20251228_A2_N1_Mueller_MS_TechHub_IMP_THIDDIAXL003_Cas9_PhoX_DIA12_CV486075_250ng_FAIMS_002 P1_QLKEDYFK P2_IEKILTFR 3 3,DIA12_CV486075:20251228_A2_N1_Mueller_MS_TechHub_IMP_THIDDIAXL003_Cas9_PhoX_DIA12_CV486075_250ng_FAIMS_002,1010403,,,0,0,-0,0,3,0,0,Q99ZW2,,,false,Q99ZW2,Q99ZW2,,false,IEKILTFR,QLKEDYFK,440,563,8,8,3,3,442,565,3,,-1,0.223569,0.223569,9.927674,false,true,false,false,Self ,0,0.000716,1.125233,,0,0,0,0,0,1397,1002,0,
Scan: 1689740 Run: DIA12_CV486075:20251228_A2_N1_Mueller_MS_TechHub_IMP_THIDDIAXL003_Cas9_PhoX_DIA12_CV486075_250ng_FAIMS_003 P1_KLINGIR P2_GILQTVKVVDELVK 1 7,DIA12_CV486075:20251228_A2_N1_Mueller_MS_TechHub_IMP_THIDDIAXL003_Cas9_PhoX_DIA12_CV486075_250ng_FAIMS_003,1689740,,,0,0,-0,0,3,0,0,Q99ZW2,,,false,Q99ZW2,Q99ZW2,,false,GILQTVKVVDELVK,KLINGIR,736,665,14,7,7,1,742,665,3,,-1,0.223552,0.223552,9.92763,false,true,false,false,Self ,0,0.000716,1.125233,,0,0,0,0,0,1039,1400,0,
Scan: 846825 Run: DIA12_CV486075:20251228_A2_N1_Mueller_MS_TechHub_IMP_THIDDIAXL003_Cas9_PhoX_DIA12_CV486075_250ng_FAIMS_002 P1_YDEHHQDLTLLKALVR P2_FKVLGNTDR 12 2,DIA12_CV486075:20251228_A2_N1_Mueller_MS_TechHub_IMP_THIDDIAXL003_Cas9_PhoX_DIA12_CV486075_250ng_FAIMS_002,846825,,,0,0,-0,0,4,0,0,Q99ZW2,,,false,Q99ZW2,Q99ZW2,,false,FKVLGNTDR,YDEHHQDLTLLKALVR,32,325,9,16,2,12,33,336,4,,-1,0.223499,0.223499,9.927498,false,true,false,false,Self ,0,0.000716,1.125233,,0,0,0,0,0,1395,1001,0,
Scan: 244802 Run: DIA12_CV486075:20251228_A2_N1_Mueller_MS_TechHub_IMP_THIDDIAXL003_Cas9_PhoX_DIA12_CV486075_250ng_FAIMS_001 P1_FKVLGNTDR P2_EDIQKAQVSGQGDSLHEHIANLAGSPAIK 2 5,DIA12_CV486075:20251228_A2_N1_Mueller_MS_TechHub_IMP_THIDDIAXL003_Cas9_PhoX_DIA12_CV486075_250ng_FAIMS_001,244802,,,0,0,-0,0,4,0,0,Q99ZW2,,,false,Q99ZW2,Q99ZW2,,false,EDIQKAQVSGQGDSLHEHIANLAGSPAIK,FKVLGNTDR,706,32,29,9,5,2,710,33,4,,-1,0.223432,0.223432,9.92733,false,true,false,false,Self ,0,0.000716,1.125233,,0,0,0,0,0,1394,1441,0,
Scan: 69650 Run: DIA12_CV486075:20251228_A2_N1_Mueller_MS_TechHub_IMP_THIDDIAXL003_Cas9_PhoX_DIA12_CV486075_250ng_FAIMS_001 P1_TEVQTGGFSKESILPK P2_FKVLGNTDR 10 2,DIA12_CV486075:20251228_A2_N1_Mueller_MS_TechHub_IMP_THIDDIAXL003_Cas9_PhoX_DIA12_CV486075_250ng_FAIMS_001,69650,,,0,0,-0,0,4,0,0,Q99ZW2,,,false,Q99ZW2,Q99ZW2,,false,FKVLGNTDR,TEVQTGGFSKESILPK,32,1098,9,16,2,10,33,1107,4,,-1,0.222768,0.222768,9.925671,false,true,false,false,Self ,0,0.000716,1.126913,,0,0,0,0,0,1393,1000,0,
Scan: 1598571 Run: DIA12_CV486075:20251228_A2_N1_Mueller_MS_TechHub_IMP_THIDDIAXL003_Cas9_PhoX_DIA12_CV486075_250ng_FAIMS_003 P1_KPAFLSGEQKK P2_KLINGIR 10 1,DIA12_CV486075:20251228_A2_N1_Mueller_MS_TechHub_IMP_THIDDIAXL003_Cas9_PhoX_DIA12_CV486075_250ng_FAIMS_003,1598571,,,0,0,-0,0,4,0,0,Q99ZW2,,,false,Q99ZW2,Q99ZW2,,false,KLINGIR,KPAFLSGEQKK,665,536,7,11,1,10,665,545,4,,-1,0.222651,0.222651,9.925378,false,true,false,false,Self ,0,0.000716,1.126913,,0,0,0,0,0,1392,999,0,
Scan: 1499893 Run: DIA12_CV486075:20251228_A2_N1_Mueller_MS_TechHub_IMP_THIDDIAXL003_Cas9_PhoX_DIA12_CV486075_250ng_FAIMS_003 P1_YDEHHQDLTLLKALVR P2_KSEETITPWNFEEVVDK 12 1,DIA12_CV486075:20251228_A2_N1_Mueller_MS_TechHub_IMP_THIDDIAXL003_Cas9_PhoX_DIA12_CV486075_250ng_FAIMS_003,1499893,,,0,0,-0,0,4,0,0,Q99ZW2,,,false,Q99ZW2,Q99ZW2,,false,KSEETITPWNFEEVVDK,YDEHHQDLTLLKALVR,468,325,17,16,1,12,468,336,4,,-1,0.222624,0.222624,9.92531,false,true,false,false,Self ,0,0.000716,1.126913,,0,0,0,0,0,1391,1453,0,
Scan: 985103 Run: DIA12_CV486075:20251228_A2_N1_Mueller_MS_TechHub_IMP_THIDDIAXL003_Cas9_PhoX_DIA12_CV486075_250ng_FAIMS_002 P1_KPAFLSGEQK P2_KGILQTVK 1 1,DIA12_CV486075:20251228_A2_N1_Mueller_MS_TechHub_IMP_THIDDIAXL003_Cas9_PhoX_DIA12_CV486075_250ng_FAIMS_002,985103,,,0,0,-0,0,4,0,0,Q99ZW2,,,false,Q99ZW2,Q99ZW2,,false,KGILQTVK,KPAFLSGEQK,735,536,8,10,1,1,735,536,4,,-1,0.22215,0.22215,9.924126,false,true,false,false,Self ,0,0.000717,1.127334,,0,0,0,0,0,1390,1516,0,
Scan: 1037020 Run: DIA12_CV486075:20251228_A2_N1_Mueller_MS_TechHub_IMP_THIDDIAXL003_Cas9_PhoX_DIA12_CV486075_250ng_FAIMS_002 P1_QSGKTILDFLK P2_FKVLGNTDR 4 2,DIA12_CV486075:20251228_A2_N1_Mueller_MS_TechHub_IMP_THIDDIAXL003_Cas9_PhoX_DIA12_CV486075_250ng_FAIMS_002,1037020,,,0,0,-0,0,4,0,0,Q99ZW2,,,false,Q99ZW2,Q99ZW2,,false,FKVLGNTDR,QSGKTILDFLK,32,674,9,11,2,4,33,677,4,,-1,0.221931,0.221931,9.923579,false,true,false,false,Self ,0,0.000717,1.127755,,0,0,0,0,0,1193,1419,0,
Scan: 715812 Run: DIA12_CV486075:20251228_A2_N1_Mueller_MS_TechHub_IMP_THIDDIAXL003_Cas9_PhoX_DIA12_CV486075_250ng_FAIMS_002 P1_SSFEKNPIDFLEAK P2_KVTVK 5 1,DIA12_CV486075:20251228_A2_N1_Mueller_MS_TechHub_IMP_THIDDIAXL003_Cas9_PhoX_DIA12_CV486075_250ng_FAIMS_002,715812,,,0,0,-0,0,3,0,0,Q99ZW2,,,false,Q99ZW2,Q99ZW2,,false,KVTVK,SSFEKNPIDFLEAK,558,1172,5,14,1,5,558,1176,3,,-1,0.221812,0.221812,9.923281,false,true,false,false,Self ,0,0.000717,1.128176,,0,0,0,0,0,1388,998,0,
Scan: 14746 Run: DIA12_CV486075:20251228_A2_N1_Mueller_MS_TechHub_IMP_THIDDIAXL003_Cas9_PhoX_DIA12_CV486075_250ng_FAIMS_001 P1_SEQEIGKATAK P2_NSDKLIAR 7 4,DIA12_CV486075:20251228_A2_N1_Mueller_MS_TechHub_IMP_THIDDIAXL003_Cas9_PhoX_DIA12_CV486075_250ng_FAIMS_001,14746,,,0,0,-0,0,3,0,0,Q99ZW2,,,false,Q99ZW2,Q99ZW2,,false,NSDKLIAR,SEQEIGKATAK,1115,1025,8,11,4,7,1118,1031,3,,-1,0.220693,0.220693,9.920484,false,true,false,false,Self ,0,0.000718,1.129865,,0,0,0,0,0,1387,997,0,
Scan: 1185967 Run: DIA12_CV486075:20251228_A2_N1_Mueller_MS_TechHub_IMP_THIDDIAXL003_Cas9_PhoX_DIA12_CV486075_250ng_FAIMS_002 P1_YKEIFFDQSK P2_SKLVSDFR 2 2,DIA12_CV486075:20251228_A2_N1_Mueller_MS_TechHub_IMP_THIDDIAXL003_Cas9_PhoX_DIA12_CV486075_250ng_FAIMS_002,1185967,,,0,0,-0,0,4,0,0,Q99ZW2,,,false,Q99ZW2,Q99ZW2,,false,SKLVSDFR,YKEIFFDQSK,960,347,8,10,2,2,961,348,4,,-1,0.220358,0.220358,9.919647,false,true,false,false,Self ,0,0.000718,1.129865,,0,0,0,0,0,1207,1421,0,
Scan: 1351959 Run: DIA12_CV486075:20251228_A2_N1_Mueller_MS_TechHub_IMP_THIDDIAXL003_Cas9_PhoX_DIA12_CV486075_250ng_FAIMS_003 P1_KFDNLTK P2_GNELALPSKYVNFLYLASHYEK 1 9,DIA12_CV486075:20251228_A2_N1_Mueller_MS_TechHub_IMP_THIDDIAXL003_Cas9_PhoX_DIA12_CV486075_250ng_FAIMS_003,1351959,,,0,0,-0,0,4,0,0,Q99ZW2,,,false,Q99ZW2,Q99ZW2,,false,GNELALPSKYVNFLYLASHYEK,KFDNLTK,1223,896,22,7,9,1,1231,896,4,,-1,0.220335,0.220335,9.919588,false,true,false,false,Self ,0,0.000718,1.129865,,0,0,0,0,0,1385,996,0,
Scan: 971582 Run: DIA12_CV486075:20251228_A2_N1_Mueller_MS_TechHub_IMP_THIDDIAXL003_Cas9_PhoX_DIA12_CV486075_250ng_FAIMS_002 P1_VKYVTEGMR P2_IEKILTFR 2 3,DIA12_CV486075:20251228_A2_N1_Mueller_MS_TechHub_IMP_THIDDIAXL003_Cas9_PhoX_DIA12_CV486075_250ng_FAIMS_002,971582,,,0,0,-0,0,3,0,0,Q99ZW2,,,false,Q99ZW2,Q99ZW2,,false,IEKILTFR,VKYVTEGMR,440,527,8,9,3,2,442,528,3,,-1,0.220272,0.220272,9.919432,false,true,false,false,Self ,0,0.000718,1.129865,,0,0,0,0,0,1384,995,0,
Scan: 1638949 Run: DIA12_CV486075:20251228_A2_N1_Mueller_MS_TechHub_IMP_THIDDIAXL003_Cas9_PhoX_DIA12_CV486075_250ng_FAIMS_003 P1_TILDFLKSDGFANR P2_SNFDLAEDAKLQLSK 7 10,DIA12_CV486075:20251228_A2_N1_Mueller_MS_TechHub_IMP_THIDDIAXL003_Cas9_PhoX_DIA12_CV486075_250ng_FAIMS_003,1638949,,,0,0,-0,0,4,0,0,Q99ZW2,,,false,Q99ZW2,Q99ZW2,,false,SNFDLAEDAKLQLSK,TILDFLKSDGFANR,254,678,15,14,10,7,263,684,4,,-1,0.219822,0.219822,9.918305,false,true,false,false,Self ,0,0.000719,1.130712,,0,0,0,0,0,1383,994,0,
Scan: 586834 Run: DIA12_CV486075:20251228_A2_N1_Mueller_MS_TechHub_IMP_THIDDIAXL003_Cas9_PhoX_DIA12_CV486075_250ng_FAIMS_001 P1_YDENDKLIR P2_KPAFLSGEQK 6 1,DIA12_CV486075:20251228_A2_N1_Mueller_MS_TechHub_IMP_THIDDIAXL003_Cas9_PhoX_DIA12_CV486075_250ng_FAIMS_001,586834,,,0,0,-0,0,4,0,0,Q99ZW2,,,false,Q99ZW2,Q99ZW2,,false,KPAFLSGEQK,YDENDKLIR,536,943,10,9,1,6,536,948,4,,-1,0.219789,0.219789,9.918224,false,true,false,false,Self ,0,0.000719,1.130712,,0,0,0,0,0,1382,1475,0,
Scan: 794621 Run: DIA12_CV486075:20251228_A2_N1_Mueller_MS_TechHub_IMP_THIDDIAXL003_Cas9_PhoX_DIA12_CV486075_250ng_FAIMS_002 P1_YTSTKEVLDATLIHQSITGLYETR P2_KKDWDPK 5 1,DIA12_CV486075:20251228_A2_N1_Mueller_MS_TechHub_IMP_THIDDIAXL003_Cas9_PhoX_DIA12_CV486075_250ng_FAIMS_002,794621,,,0,0,-0,0,4,0,0,Q99ZW2,,,false,Q99ZW2,Q99ZW2,,false,KKDWDPK,YTSTKEVLDATLIHQSITGLYETR,1123,1336,7,24,1,5,1123,1340,4,,-1,0.219753,0.219753,9.918135,false,true,false,false,Self ,0,0.000719,1.130712,,0,0,0,0,0,1381,993,0,
Scan: 424475 Run: DIA12_CV486075:20251228_A2_N1_Mueller_MS_TechHub_IMP_THIDDIAXL003_Cas9_PhoX_DIA12_CV486075_250ng_FAIMS_001 P1_YKEIFFDQSK P2_LKTYAHLFDDK 2 2,DIA12_CV486075:20251228_A2_N1_Mueller_MS_TechHub_IMP_THIDDIAXL003_Cas9_PhoX_DIA12_CV486075_250ng_FAIMS_001,424475,,,0,0,-0,0,4,0,0,Q99ZW2,,,false,Q99ZW2,Q99ZW2,,false,LKTYAHLFDDK,YKEIFFDQSK,636,347,11,10,2,2,637,348,4,,-1,0.219498,0.219498,9.917495,false,true,false,false,Self ,0,0.000719,1.131559,,0,0,0,0,0,1380,992,0,
Scan: 1705636 Run: DIA12_CV486075:20251228_A2_N1_Mueller_MS_TechHub_IMP_THIDDIAXL003_Cas9_PhoX_DIA12_CV486075_250ng_FAIMS_003 P1_VITLKSK P2_ENQTTQKGQK 5 7,DIA12_CV486075:20251228_A2_N1_Mueller_MS_TechHub_IMP_THIDDIAXL003_Cas9_PhoX_DIA12_CV486075_250ng_FAIMS_003,1705636,,,0,0,-0,0,3,0,0,Q99ZW2,,,false,Q99ZW2,Q99ZW2,,false,ENQTTQKGQK,VITLKSK,766,955,10,7,7,5,772,959,3,,-1,0.218766,0.218766,9.915666,false,true,false,false,Self ,0,0.00072,1.132833,,0,0,0,0,0,1379,991,0,
Scan: 521968 Run: DIA12_CV486075:20251228_A2_N1_Mueller_MS_TechHub_IMP_THIDDIAXL003_Cas9_PhoX_DIA12_CV486075_250ng_FAIMS_001 P1_KLVDSTDK P2_ELGSQILKEHPVENTQLQNEK 1 8,DIA12_CV486075:20251228_A2_N1_Mueller_MS_TechHub_IMP_THIDDIAXL003_Cas9_PhoX_DIA12_CV486075_250ng_FAIMS_001,521968,,,0,0,-0,0,4,0,0,Q99ZW2,,,false,Q99ZW2,Q99ZW2,,false,ELGSQILKEHPVENTQLQNEK,KLVDSTDK,790,141,21,8,8,1,797,141,4,,-1,0.218659,0.218659,9.9154,false,true,false,false,Self ,0,0.00072,1.132833,,0,0,0,0,0,1378,990,0,
Scan: 21755 Run: DIA12_CV486075:20251228_A2_N1_Mueller_MS_TechHub_IMP_THIDDIAXL003_Cas9_PhoX_DIA12_CV486075_250ng_FAIMS_001 P1_VILADANLDKVLSAYNK P2_KRPLIETNGETGEIVWDK 10 1,DIA12_CV486075:20251228_A2_N1_Mueller_MS_TechHub_IMP_THIDDIAXL003_Cas9_PhoX_DIA12_CV486075_250ng_FAIMS_001,21755,,,0,0,-0,0,4,0,0,Q99ZW2,,,false,Q99ZW2,Q99ZW2,,false,KRPLIETNGETGEIVWDK,VILADANLDKVLSAYNK,1059,1280,18,17,1,10,1059,1289,4,,-1,0.218513,0.218513,9.915033,false,true,false,false,Self ,0,0.00072,1.13411,,0,0,0,0,0,1377,989,0,
Scan: 309799 Run: DIA12_CV486075:20251228_A2_N1_Mueller_MS_TechHub_IMP_THIDDIAXL003_Cas9_PhoX_DIA12_CV486075_250ng_FAIMS_001 P1_KSEETITPWNFEEVVDK P2_KAIVDLLFK 1 1,DIA12_CV486075:20251228_A2_N1_Mueller_MS_TechHub_IMP_THIDDIAXL003_Cas9_PhoX_DIA12_CV486075_250ng_FAIMS_001,309799,,,0,0,-0,0,4,0,0,Q99ZW2,,,false,Q99ZW2,Q99ZW2,,false,KAIVDLLFK,KSEETITPWNFEEVVDK,546,468,9,17,1,1,546,468,4,,-1,0.218226,0.218226,9.914317,false,true,false,false,Self ,0,0.00072,1.13411,,0,0,0,0,0,1376,988,0,
Scan: 1709869 Run: DIA12_CV486075:20251228_A2_N1_Mueller_MS_TechHub_IMP_THIDDIAXL003_Cas9_PhoX_DIA12_CV486075_250ng_FAIMS_003 P1_IEKILTFR P2_IEEGIKELGSQILK 3 6,DIA12_CV486075:20251228_A2_N1_Mueller_MS_TechHub_IMP_THIDDIAXL003_Cas9_PhoX_DIA12_CV486075_250ng_FAIMS_003,1709869,,,0,0,-0,0,4,0,0,Q99ZW2,,,false,Q99ZW2,Q99ZW2,,false,IEEGIKELGSQILK,IEKILTFR,784,440,14,8,6,3,789,442,4,,-1,0.21795,0.21795,9.913626,false,true,false,false,Self ,0,0.00072,1.13411,,0,0,0,0,0,1375,987,0,
Scan: 1782869 Run: DIA12_CV486075:20251228_A2_N1_Mueller_MS_TechHub_IMP_THIDDIAXL003_Cas9_PhoX_DIA12_CV486075_250ng_FAIMS_003 P1_SKLVSDFR P2_KDWDPK 2 1,DIA12_CV486075:20251228_A2_N1_Mueller_MS_TechHub_IMP_THIDDIAXL003_Cas9_PhoX_DIA12_CV486075_250ng_FAIMS_003,1782869,,,0,0,-0,0,3,0,0,Q99ZW2,,,false,Q99ZW2,Q99ZW2,,false,KDWDPK,SKLVSDFR,1124,960,6,8,1,2,1124,961,3,,-1,0.217508,0.217508,9.91252,false,true,false,false,Self ,0,0.000721,1.134536,,0,0,0,0,0,1374,986,0,
Scan: 1185518 Run: DIA12_CV486075:20251228_A2_N1_Mueller_MS_TechHub_IMP_THIDDIAXL003_Cas9_PhoX_DIA12_CV486075_250ng_FAIMS_002 P1_SKLVSDFR P2_KDLIIK 2 1,DIA12_CV486075:20251228_A2_N1_Mueller_MS_TechHub_IMP_THIDDIAXL003_Cas9_PhoX_DIA12_CV486075_250ng_FAIMS_002,1185518,,,0,0,-0,0,3,0,0,Q99ZW2,,,false,Q99ZW2,Q99ZW2,,false,KDLIIK,SKLVSDFR,1192,960,6,8,1,2,1192,961,3,,-1,0.21731,0.21731,9.912025,false,true,false,false,Self ,0,0.000721,1.134962,,0,0,0,0,0,1373,985,0,
Scan: 1556153 Run: DIA12_CV486075:20251228_A2_N1_Mueller_MS_TechHub_IMP_THIDDIAXL003_Cas9_PhoX_DIA12_CV486075_250ng_FAIMS_003 P1_VLPKHSLLYEYFTVYNELTK P2_SEQEIGKATAK 4 7,DIA12_CV486075:20251228_A2_N1_Mueller_MS_TechHub_IMP_THIDDIAXL003_Cas9_PhoX_DIA12_CV486075_250ng_FAIMS_003,1556153,,,0,0,-0,0,4,0,0,Q99ZW2,,,false,Q99ZW2,Q99ZW2,,false,SEQEIGKATAK,VLPKHSLLYEYFTVYNELTK,1025,507,11,20,7,4,1031,510,4,,-1,0.217292,0.217292,9.911982,false,true,false,false,Self ,0,0.000721,1.134962,,0,0,0,0,0,1372,984,0,
Scan: 1634826 Run: DIA12_CV486075:20251228_A2_N1_Mueller_MS_TechHub_IMP_THIDDIAXL003_Cas9_PhoX_DIA12_CV486075_250ng_FAIMS_003 P1_QSGKTILDFLK P2_KLINGIR 4 1,DIA12_CV486075:20251228_A2_N1_Mueller_MS_TechHub_IMP_THIDDIAXL003_Cas9_PhoX_DIA12_CV486075_250ng_FAIMS_003,1634826,,,0,0,-0,0,4,0,0,Q99ZW2,,,false,Q99ZW2,Q99ZW2,,false,KLINGIR,QSGKTILDFLK,665,674,7,11,1,4,665,677,4,,-1,0.217209,0.217209,9.911773,false,true,false,false,Self ,0,0.000721,1.134962,,0,0,0,0,0,1371,1463,0,
Scan: 509058 Run: DIA12_CV486075:20251228_A2_N1_Mueller_MS_TechHub_IMP_THIDDIAXL003_Cas9_PhoX_DIA12_CV486075_250ng_FAIMS_001 P1_KDWDPK P2_ENQTTQKGQK 1 7,DIA12_CV486075:20251228_A2_N1_Mueller_MS_TechHub_IMP_THIDDIAXL003_Cas9_PhoX_DIA12_CV486075_250ng_FAIMS_001,509058,,,0,0,-0,0,3,0,0,Q99ZW2,,,false,Q99ZW2,Q99ZW2,,false,ENQTTQKGQK,KDWDPK,766,1124,10,6,7,1,772,1124,3,,-1,0.21718,0.21718,9.911702,false,true,false,false,Self ,0,0.000721,1.134962,,0,0,0,0,0,1370,983,0,
Scan: 1743163 Run: DIA12_CV486075:20251228_A2_N1_Mueller_MS_TechHub_IMP_THIDDIAXL003_Cas9_PhoX_DIA12_CV486075_250ng_FAIMS_003 P1_GKSDNVPSEEVVK P2_DDSIDNKVLTR 2 7,DIA12_CV486075:20251228_A2_N1_Mueller_MS_TechHub_IMP_THIDDIAXL003_Cas9_PhoX_DIA12_CV486075_250ng_FAIMS_003,1743163,,,0,0,-0,0,3,0,0,Q99ZW2,,,false,Q99ZW2,Q99ZW2,,false,DDSIDNKVLTR,GKSDNVPSEEVVK,849,865,11,13,7,2,855,866,3,,-1,0.216834,0.216834,9.910836,false,true,false,false,Self ,0,0.000721,1.134962,,0,0,0,0,0,268,1330,0,
Scan: 977803 Run: DIA12_CV486075:20251228_A2_N1_Mueller_MS_TechHub_IMP_THIDDIAXL003_Cas9_PhoX_DIA12_CV486075_250ng_FAIMS_002 P1_KPAFLSGEQK P2_DKPIR 1 2,DIA12_CV486075:20251228_A2_N1_Mueller_MS_TechHub_IMP_THIDDIAXL003_Cas9_PhoX_DIA12_CV486075_250ng_FAIMS_002,977803,,,0,0,-0,0,3,0,0,Q99ZW2,,,false,Q99ZW2,Q99ZW2,,false,DKPIR,KPAFLSGEQK,1299,536,5,10,2,1,1300,536,3,,-1,0.216499,0.216499,9.909999,false,true,false,false,Self ,0,0.000722,1.134962,,0,0,0,0,0,1368,982,0,
Scan: 1081662 Run: DIA12_CV486075:20251228_A2_N1_Mueller_MS_TechHub_IMP_THIDDIAXL003_Cas9_PhoX_DIA12_CV486075_250ng_FAIMS_002 P1_KGILQTVK P2_KAIVDLLFK 1 1,DIA12_CV486075:20251228_A2_N1_Mueller_MS_TechHub_IMP_THIDDIAXL003_Cas9_PhoX_DIA12_CV486075_250ng_FAIMS_002,1081662,,,0,0,-0,0,3,0,0,Q99ZW2,,,false,Q99ZW2,Q99ZW2,,false,KAIVDLLFK,KGILQTVK,546,735,9,8,1,1,546,735,3,,-1,0.216448,0.216448,9.909871,false,true,false,false,Self ,0,0.000722,1.134962,,0,0,0,0,0,1367,981,0,
Scan: 291479 Run: DIA12_CV486075:20251228_A2_N1_Mueller_MS_TechHub_IMP_THIDDIAXL003_Cas9_PhoX_DIA12_CV486075_250ng_FAIMS_001 P1_IEKILTFR P2_FKVLGNTDR 3 2,DIA12_CV486075:20251228_A2_N1_Mueller_MS_TechHub_IMP_THIDDIAXL003_Cas9_PhoX_DIA12_CV486075_250ng_FAIMS_001,291479,,,0,0,-0,0,4,0,0,Q99ZW2,,,false,Q99ZW2,Q99ZW2,,false,FKVLGNTDR,IEKILTFR,32,440,9,8,2,3,33,442,4,,-1,0.216409,0.216409,9.909774,false,true,false,false,Self ,0,0.000722,1.134962,,0,0,0,0,0,1366,1350,0,
Scan: 1278249 Run: DIA12_CV486075:20251228_A2_N1_Mueller_MS_TechHub_IMP_THIDDIAXL003_Cas9_PhoX_DIA12_CV486075_250ng_FAIMS_003 P1_RNSDKLIAR P2_KDWDPK 5 1,DIA12_CV486075:20251228_A2_N1_Mueller_MS_TechHub_IMP_THIDDIAXL003_Cas9_PhoX_DIA12_CV486075_250ng_FAIMS_003,1278249,,,0,0,-0,0,4,0,0,Q99ZW2,,,false,Q99ZW2,Q99ZW2,,false,KDWDPK,RNSDKLIAR,1124,1114,6,9,1,5,1124,1118,4,,-1,0.216086,0.216086,9.908966,false,true,false,false,Self ,0,0.000722,1.134962,,0,0,0,0,0,1365,624,0,
Scan: 385877 Run: DIA12_CV486075:20251228_A2_N1_Mueller_MS_TechHub_IMP_THIDDIAXL003_Cas9_PhoX_DIA12_CV486075_250ng_FAIMS_001 P1_KPAFLSGEQK P2_KAIVDLLFK 1 1,DIA12_CV486075:20251228_A2_N1_Mueller_MS_TechHub_IMP_THIDDIAXL003_Cas9_PhoX_DIA12_CV486075_250ng_FAIMS_001,385877,,,0,0,-0,0,4,0,0,Q99ZW2,,,false,Q99ZW2,Q99ZW2,,false,KAIVDLLFK,KPAFLSGEQK,546,536,9,10,1,1,546,536,4,,-1,0.216019,0.216019,9.908798,false,true,false,false,Self ,0,0.000722,1.134962,,0,0,0,0,0,1364,1523,0,
Scan: 813549 Run: DIA12_CV486075:20251228_A2_N1_Mueller_MS_TechHub_IMP_THIDDIAXL003_Cas9_PhoX_DIA12_CV486075_250ng_FAIMS_002 P1_LENLIAQLPGEKK P2_ENQTTQKGQK 12 7,DIA12_CV486075:20251228_A2_N1_Mueller_MS_TechHub_IMP_THIDDIAXL003_Cas9_PhoX_DIA12_CV486075_250ng_FAIMS_002,813549,,,0,0,-0,0,3,0,0,Q99ZW2,,,false,Q99ZW2,Q99ZW2,,false,ENQTTQKGQK,LENLIAQLPGEKK,766,222,10,13,7,12,772,233,3,,-1,0.215765,0.215765,9.908162,false,true,false,false,Self ,0,0.000722,1.135389,,0,0,0,0,0,1363,980,0,
Scan: 1185124 Run: DIA12_CV486075:20251228_A2_N1_Mueller_MS_TechHub_IMP_THIDDIAXL003_Cas9_PhoX_DIA12_CV486075_250ng_FAIMS_002 P1_SKLVSDFR P2_SEQEIGKATAK 2 7,DIA12_CV486075:20251228_A2_N1_Mueller_MS_TechHub_IMP_THIDDIAXL003_Cas9_PhoX_DIA12_CV486075_250ng_FAIMS_002,1185124,,,0,0,-0,0,3,0,0,Q99ZW2,,,false,Q99ZW2,Q99ZW2,,false,SEQEIGKATAK,SKLVSDFR,1025,960,11,8,7,2,1031,961,3,,-1,0.215693,0.215693,9.907983,false,true,false,false,Self ,0,0.000722,1.135389,,0,0,0,0,0,1362,979,0,
Scan: 690881 Run: DIA12_CV486075:20251228_A2_N1_Mueller_MS_TechHub_IMP_THIDDIAXL003_Cas9_PhoX_DIA12_CV486075_250ng_FAIMS_002 P1_NSDKLIAR P2_KDFQFYK 4 1,DIA12_CV486075:20251228_A2_N1_Mueller_MS_TechHub_IMP_THIDDIAXL003_Cas9_PhoX_DIA12_CV486075_250ng_FAIMS_002,690881,,,0,0,-0,0,3,0,0,Q99ZW2,,,false,Q99ZW2,Q99ZW2,,false,KDFQFYK,NSDKLIAR,968,1115,7,8,1,4,968,1118,3,,-1,0.214649,0.214649,9.905375,false,true,false,false,Self ,0,0.000723,1.136672,,0,0,0,0,0,1222,1418,0,
Scan: 439100 Run: DIA12_CV486075:20251228_A2_N1_Mueller_MS_TechHub_IMP_THIDDIAXL003_Cas9_PhoX_DIA12_CV486075_250ng_FAIMS_001 P1_QSGKTILDFLK P2_KDLIIK 4 1,DIA12_CV486075:20251228_A2_N1_Mueller_MS_TechHub_IMP_THIDDIAXL003_Cas9_PhoX_DIA12_CV486075_250ng_FAIMS_001,439100,,,0,0,-0,0,4,0,0,Q99ZW2,,,false,Q99ZW2,Q99ZW2,,false,KDLIIK,QSGKTILDFLK,1192,674,6,11,1,4,1192,677,4,,-1,0.214586,0.214586,9.905215,false,true,false,false,Self ,0,0.000723,1.136672,,0,0,0,0,0,1360,1501,0,
Scan: 1558327 Run: DIA12_CV486075:20251228_A2_N1_Mueller_MS_TechHub_IMP_THIDDIAXL003_Cas9_PhoX_DIA12_CV486075_250ng_FAIMS_003 P1_VLPKHSLLYEYFTVYNELTK P2_IEKILTFR 4 3,DIA12_CV486075:20251228_A2_N1_Mueller_MS_TechHub_IMP_THIDDIAXL003_Cas9_PhoX_DIA12_CV486075_250ng_FAIMS_003,1558327,,,0,0,-0,0,4,0,0,Q99ZW2,,,false,Q99ZW2,Q99ZW2,,false,IEKILTFR,VLPKHSLLYEYFTVYNELTK,440,507,8,20,3,4,442,510,4,,-1,0.214463,0.214463,9.904908,false,true,false,false,Self ,0,0.000723,1.136672,,0,0,0,0,0,1359,715,0,
Scan: 1493283 Run: DIA12_CV486075:20251228_A2_N1_Mueller_MS_TechHub_IMP_THIDDIAXL003_Cas9_PhoX_DIA12_CV486075_250ng_FAIMS_003 P1_KVTVK P2_KNLIGALLFDSGETAEATR 1 1,DIA12_CV486075:20251228_A2_N1_Mueller_MS_TechHub_IMP_THIDDIAXL003_Cas9_PhoX_DIA12_CV486075_250ng_FAIMS_003,1493283,,,0,0,-0,0,3,0,0,Q99ZW2,,,false,Q99ZW2,Q99ZW2,,false,KNLIGALLFDSGETAEATR,KVTVK,45,558,19,5,1,1,45,558,3,,-1,0.214087,0.214087,9.903969,false,true,false,false,Self ,0,0.000724,1.1371,,0,0,0,0,0,1358,977,0,
Scan: 945656 Run: DIA12_CV486075:20251228_A2_N1_Mueller_MS_TechHub_IMP_THIDDIAXL003_Cas9_PhoX_DIA12_CV486075_250ng_FAIMS_002 P1_SEETITPWNFEEVVDKGASAQSFIER P2_KAIVDLLFK 16 1,DIA12_CV486075:20251228_A2_N1_Mueller_MS_TechHub_IMP_THIDDIAXL003_Cas9_PhoX_DIA12_CV486075_250ng_FAIMS_002,945656,,,0,0,-0,0,4,0,0,Q99ZW2,,,false,Q99ZW2,Q99ZW2,,false,KAIVDLLFK,SEETITPWNFEEVVDKGASAQSFIER,546,469,9,26,1,16,546,484,4,,-1,0.21394,0.21394,9.903601,false,true,false,false,Self ,0,0.000724,1.137528,,0,0,0,0,0,1357,976,0,
Scan: 1226574 Run: DIA12_CV486075:20251228_A2_N1_Mueller_MS_TechHub_IMP_THIDDIAXL003_Cas9_PhoX_DIA12_CV486075_250ng_FAIMS_003 P1_KVLSMPQVNIVK P2_KVLSMPQVNIVK 1 1,DIA12_CV486075:20251228_A2_N1_Mueller_MS_TechHub_IMP_THIDDIAXL003_Cas9_PhoX_DIA12_CV486075_250ng_FAIMS_003,1226574,,,0,0,-0,0,3,0,0,Q99ZW2,,,false,Q99ZW2,Q99ZW2,,false,KVLSMPQVNIVK,KVLSMPQVNIVK,1085,1085,12,12,1,1,1085,1085,3,,-1,0.213675,0.213675,9.902939,false,true,false,false,Self ,0,0.000724,1.137957,,0,0,0,0,0,1156,1413,0,
Scan: 94408 Run: DIA12_CV486075:20251228_A2_N1_Mueller_MS_TechHub_IMP_THIDDIAXL003_Cas9_PhoX_DIA12_CV486075_250ng_FAIMS_001 P1_KTEVQTGGFSKESILPK P2_KKDWDPK 11 1,DIA12_CV486075:20251228_A2_N1_Mueller_MS_TechHub_IMP_THIDDIAXL003_Cas9_PhoX_DIA12_CV486075_250ng_FAIMS_001,94408,,,0,0,-0,0,4,0,0,Q99ZW2,,,false,Q99ZW2,Q99ZW2,,false,KKDWDPK,KTEVQTGGFSKESILPK,1123,1097,7,17,1,11,1123,1107,4,,-1,0.213013,0.213013,9.901285,false,true,false,false,Self ,0,0.000725,1.138816,,0,0,0,0,0,128,1048,0,
Scan: 1108384 Run: DIA12_CV486075:20251228_A2_N1_Mueller_MS_TechHub_IMP_THIDDIAXL003_Cas9_PhoX_DIA12_CV486075_250ng_FAIMS_002 P1_KDFQFYK P2_ENQTTQKGQK 1 7,DIA12_CV486075:20251228_A2_N1_Mueller_MS_TechHub_IMP_THIDDIAXL003_Cas9_PhoX_DIA12_CV486075_250ng_FAIMS_002,1108384,,,0,0,-0,0,3,0,0,Q99ZW2,,,false,Q99ZW2,Q99ZW2,,false,ENQTTQKGQK,KDFQFYK,766,968,10,7,7,1,772,968,3,,-1,0.21298,0.21298,9.9012,false,true,false,false,Self ,0,0.000725,1.138816,,0,0,0,0,0,557,1346,0,
Scan: 484529 Run: DIA12_CV486075:20251228_A2_N1_Mueller_MS_TechHub_IMP_THIDDIAXL003_Cas9_PhoX_DIA12_CV486075_250ng_FAIMS_001 P1_TILDFLKSDGFANR P2_KGILQTVK 7 1,DIA12_CV486075:20251228_A2_N1_Mueller_MS_TechHub_IMP_THIDDIAXL003_Cas9_PhoX_DIA12_CV486075_250ng_FAIMS_001,484529,,,0,0,-0,0,4,0,0,Q99ZW2,,,false,Q99ZW2,Q99ZW2,,false,KGILQTVK,TILDFLKSDGFANR,735,678,8,14,1,7,735,684,4,,-1,0.212876,0.212876,9.90094,false,true,false,false,Self ,0,0.000725,1.138816,,0,0,0,0,0,151,1314,0,
Scan: 1634728 Run: DIA12_CV486075:20251228_A2_N1_Mueller_MS_TechHub_IMP_THIDDIAXL003_Cas9_PhoX_DIA12_CV486075_250ng_FAIMS_003 P1_QSGKTILDFLK P2_QLKEDYFK 4 3,DIA12_CV486075:20251228_A2_N1_Mueller_MS_TechHub_IMP_THIDDIAXL003_Cas9_PhoX_DIA12_CV486075_250ng_FAIMS_003,1634728,,,0,0,-0,0,3,0,0,Q99ZW2,,,false,Q99ZW2,Q99ZW2,,false,QLKEDYFK,QSGKTILDFLK,563,674,8,11,3,4,565,677,3,,-1,0.212825,0.212825,9.900813,false,true,false,false,Self ,0,0.000725,1.138816,,0,0,0,0,0,1352,975,0,
Scan: 1651887 Run: DIA12_CV486075:20251228_A2_N1_Mueller_MS_TechHub_IMP_THIDDIAXL003_Cas9_PhoX_DIA12_CV486075_250ng_FAIMS_003 P1_EKIEKILTFR P2_EDIQKAQVSGQGDSLHEHIANLAGSPAIK 5 5,DIA12_CV486075:20251228_A2_N1_Mueller_MS_TechHub_IMP_THIDDIAXL003_Cas9_PhoX_DIA12_CV486075_250ng_FAIMS_003,1651887,,,0,0,-0,0,5,0,0,Q99ZW2,,,false,Q99ZW2,Q99ZW2,,false,EDIQKAQVSGQGDSLHEHIANLAGSPAIK,EKIEKILTFR,706,438,29,10,5,5,710,442,5,,-1,0.212745,0.212745,9.900614,false,true,false,false,Self ,0,0.000725,1.138816,,0,0,0,0,0,534,953,0,
Scan: 31271 Run: DIA12_CV486075:20251228_A2_N1_Mueller_MS_TechHub_IMP_THIDDIAXL003_Cas9_PhoX_DIA12_CV486075_250ng_FAIMS_001 P1_RPLIETNGETGEIVWDKGR P2_KFDNLTK 17 1,DIA12_CV486075:20251228_A2_N1_Mueller_MS_TechHub_IMP_THIDDIAXL003_Cas9_PhoX_DIA12_CV486075_250ng_FAIMS_001,31271,,,0,0,-0,0,4,0,0,Q99ZW2,,,false,Q99ZW2,Q99ZW2,,false,KFDNLTK,RPLIETNGETGEIVWDKGR,896,1060,7,19,1,17,896,1076,4,,-1,0.212618,0.212618,9.900297,false,true,false,false,Self ,0,0.000725,1.138816,,0,0,0,0,0,1350,974,0,
Scan: 250733 Run: DIA12_CV486075:20251228_A2_N1_Mueller_MS_TechHub_IMP_THIDDIAXL003_Cas9_PhoX_DIA12_CV486075_250ng_FAIMS_001 P1_YDEHHQDLTLLKALVR P2_SEETITPWNFEEVVDKGASAQSFIER 12 16,DIA12_CV486075:20251228_A2_N1_Mueller_MS_TechHub_IMP_THIDDIAXL003_Cas9_PhoX_DIA12_CV486075_250ng_FAIMS_001,250733,,,0,0,-0,0,5,0,0,Q99ZW2,,,false,Q99ZW2,Q99ZW2,,false,SEETITPWNFEEVVDKGASAQSFIER,YDEHHQDLTLLKALVR,469,325,26,16,16,12,484,336,5,,-1,0.212556,0.212556,9.900141,false,true,false,false,Self ,0,0.000725,1.138816,,0,0,0,0,0,1349,973,0,
Scan: 136731 Run: DIA12_CV486075:20251228_A2_N1_Mueller_MS_TechHub_IMP_THIDDIAXL003_Cas9_PhoX_DIA12_CV486075_250ng_FAIMS_001 P1_KFDNLTK P2_KDLIIK 1 1,DIA12_CV486075:20251228_A2_N1_Mueller_MS_TechHub_IMP_THIDDIAXL003_Cas9_PhoX_DIA12_CV486075_250ng_FAIMS_001,136731,,,0,0,-0,0,3,0,0,Q99ZW2,,,false,Q99ZW2,Q99ZW2,,false,KDLIIK,KFDNLTK,1192,896,6,7,1,1,1192,896,3,,-1,0.212156,0.212156,9.899141,false,true,false,false,Self ,0,0.000725,1.139245,,0,0,0,0,0,1348,972,0,
Scan: 1576987 Run: DIA12_CV486075:20251228_A2_N1_Mueller_MS_TechHub_IMP_THIDDIAXL003_Cas9_PhoX_DIA12_CV486075_250ng_FAIMS_003 P1_KPAFLSGEQK P2_FIKPILEK 1 3,DIA12_CV486075:20251228_A2_N1_Mueller_MS_TechHub_IMP_THIDDIAXL003_Cas9_PhoX_DIA12_CV486075_250ng_FAIMS_003,1576987,,,0,0,-0,0,3,0,0,Q99ZW2,,,false,Q99ZW2,Q99ZW2,,false,FIKPILEK,KPAFLSGEQK,375,536,8,10,3,1,377,536,3,,-1,0.211979,0.211979,9.898697,false,true,false,false,Self ,0,0.000725,1.139245,,0,0,0,0,0,1347,971,0,
Scan: 1506552 Run: DIA12_CV486075:20251228_A2_N1_Mueller_MS_TechHub_IMP_THIDDIAXL003_Cas9_PhoX_DIA12_CV486075_250ng_FAIMS_003 P1_QSGKTILDFLK P2_KSEETITPWNFEEVVDK 4 1,DIA12_CV486075:20251228_A2_N1_Mueller_MS_TechHub_IMP_THIDDIAXL003_Cas9_PhoX_DIA12_CV486075_250ng_FAIMS_003,1506552,,,0,0,-0,0,4,0,0,Q99ZW2,,,false,Q99ZW2,Q99ZW2,,false,KSEETITPWNFEEVVDK,QSGKTILDFLK,468,674,17,11,1,4,468,677,4,,-1,0.211752,0.211752,9.89813,false,true,false,false,Self ,0,0.000726,1.139245,,0,0,0,0,0,1346,970,0,
Scan: 91205 Run: DIA12_CV486075:20251228_A2_N1_Mueller_MS_TechHub_IMP_THIDDIAXL003_Cas9_PhoX_DIA12_CV486075_250ng_FAIMS_001 P1_NSDKLIAR P2_EDIQKAQVSGQGDSLHEHIANLAGSPAIK 4 5,DIA12_CV486075:20251228_A2_N1_Mueller_MS_TechHub_IMP_THIDDIAXL003_Cas9_PhoX_DIA12_CV486075_250ng_FAIMS_001,91205,,,0,0,-0,0,4,0,0,Q99ZW2,,,false,Q99ZW2,Q99ZW2,,false,EDIQKAQVSGQGDSLHEHIANLAGSPAIK,NSDKLIAR,706,1115,29,8,5,4,710,1118,4,,-1,0.211536,0.211536,9.897591,false,true,false,false,Self ,0,0.000726,1.139675,,0,0,0,0,0,211,1268,0,
Scan: 1008174 Run: DIA12_CV486075:20251228_A2_N1_Mueller_MS_TechHub_IMP_THIDDIAXL003_Cas9_PhoX_DIA12_CV486075_250ng_FAIMS_002 P1_KVTVK P2_AIVDLLFKTNR 1 8,DIA12_CV486075:20251228_A2_N1_Mueller_MS_TechHub_IMP_THIDDIAXL003_Cas9_PhoX_DIA12_CV486075_250ng_FAIMS_002,1008174,,,0,0,-0,0,3,0,0,Q99ZW2,,,false,Q99ZW2,Q99ZW2,,false,AIVDLLFKTNR,KVTVK,547,558,11,5,8,1,554,558,3,,-1,0.210869,0.210869,9.895923,false,true,false,false,Self ,0,0.000726,1.139675,,0,0,0,0,0,1344,969,0,
Scan: 1001525 Run: DIA12_CV486075:20251228_A2_N1_Mueller_MS_TechHub_IMP_THIDDIAXL003_Cas9_PhoX_DIA12_CV486075_250ng_FAIMS_002 P1_SEQEIGKATAK P2_KAIVDLLFK 7 1,DIA12_CV486075:20251228_A2_N1_Mueller_MS_TechHub_IMP_THIDDIAXL003_Cas9_PhoX_DIA12_CV486075_250ng_FAIMS_002,1001525,,,0,0,-0,0,3,0,0,Q99ZW2,,,false,Q99ZW2,Q99ZW2,,false,KAIVDLLFK,SEQEIGKATAK,546,1025,9,11,1,7,546,1031,3,,-1,0.210853,0.210853,9.895884,false,true,false,false,Self ,0,0.000726,1.139675,,0,0,0,0,0,1343,968,0,
Scan: 636797 Run: DIA12_CV486075:20251228_A2_N1_Mueller_MS_TechHub_IMP_THIDDIAXL003_Cas9_PhoX_DIA12_CV486075_250ng_FAIMS_002 P1_KTEVQTGGFSK P2_KPAFLSGEQK 1 1,DIA12_CV486075:20251228_A2_N1_Mueller_MS_TechHub_IMP_THIDDIAXL003_Cas9_PhoX_DIA12_CV486075_250ng_FAIMS_002,636797,,,0,0,-0,0,4,0,0,Q99ZW2,,,false,Q99ZW2,Q99ZW2,,false,KPAFLSGEQK,KTEVQTGGFSK,536,1097,10,11,1,1,536,1097,4,,-1,0.210635,0.210635,9.895339,false,true,false,false,Self ,0,0.000727,1.139675,,0,0,0,0,0,1342,1524,0,
Scan: 1139496 Run: DIA12_CV486075:20251228_A2_N1_Mueller_MS_TechHub_IMP_THIDDIAXL003_Cas9_PhoX_DIA12_CV486075_250ng_FAIMS_002 P1_GQKNSR P2_DDSIDNKVLTR 3 7,DIA12_CV486075:20251228_A2_N1_Mueller_MS_TechHub_IMP_THIDDIAXL003_Cas9_PhoX_DIA12_CV486075_250ng_FAIMS_002,1139496,,,0,0,-0,0,3,0,0,Q99ZW2,,,false,Q99ZW2,Q99ZW2,,false,DDSIDNKVLTR,GQKNSR,849,773,11,6,7,3,855,775,3,,-1,0.210309,0.210309,9.894523,false,true,false,false,Self ,0,0.000727,1.140536,,0,0,0,0,0,755,1358,0,
Scan: 1025835 Run: DIA12_CV486075:20251228_A2_N1_Mueller_MS_TechHub_IMP_THIDDIAXL003_Cas9_PhoX_DIA12_CV486075_250ng_FAIMS_002 P1_KLINGIR P2_KDWDPKK 1 1,DIA12_CV486075:20251228_A2_N1_Mueller_MS_TechHub_IMP_THIDDIAXL003_Cas9_PhoX_DIA12_CV486075_250ng_FAIMS_002,1025835,,,0,0,-0,0,3,0,0,Q99ZW2,,,false,Q99ZW2,Q99ZW2,,false,KDWDPKK,KLINGIR,1124,665,7,7,1,1,1124,665,3,,-1,0.20992,0.20992,9.893551,false,true,false,false,Self ,0,0.000727,1.140967,,0,0,0,0,0,787,59,0,
Scan: 93103 Run: DIA12_CV486075:20251228_A2_N1_Mueller_MS_TechHub_IMP_THIDDIAXL003_Cas9_PhoX_DIA12_CV486075_250ng_FAIMS_001 P1_NSDKLIAR P2_MKNYWR 4 2,DIA12_CV486075:20251228_A2_N1_Mueller_MS_TechHub_IMP_THIDDIAXL003_Cas9_PhoX_DIA12_CV486075_250ng_FAIMS_001,93103,,,0,0,-0,0,3,0,0,Q99ZW2,,,false,Q99ZW2,Q99ZW2,,false,MKNYWR,NSDKLIAR,879,1115,6,8,2,4,880,1118,3,,-1,0.209912,0.209912,9.893531,false,true,false,false,Self ,0,0.000727,1.140967,,0,0,0,0,0,1339,967,0,
Scan: 611721 Run: DIA12_CV486075:20251228_A2_N1_Mueller_MS_TechHub_IMP_THIDDIAXL003_Cas9_PhoX_DIA12_CV486075_250ng_FAIMS_002 P1_SEQEIGKATAK P2_SEQEIGKATAK 7 7,DIA12_CV486075:20251228_A2_N1_Mueller_MS_TechHub_IMP_THIDDIAXL003_Cas9_PhoX_DIA12_CV486075_250ng_FAIMS_002,611721,,,0,0,-0,0,3,0,0,Q99ZW2,,,false,Q99ZW2,Q99ZW2,,false,SEQEIGKATAK,SEQEIGKATAK,1025,1025,11,11,7,7,1031,1031,3,,-1,0.209718,0.209718,9.893047,false,true,false,false,Self ,0,0.000727,1.141399,,0,0,0,0,0,1338,966,0,
Scan: 1195967 Run: DIA12_CV486075:20251228_A2_N1_Mueller_MS_TechHub_IMP_THIDDIAXL003_Cas9_PhoX_DIA12_CV486075_250ng_FAIMS_003 P1_YPKLESEFVYGDYK P2_KPAFLSGEQK 3 1,DIA12_CV486075:20251228_A2_N1_Mueller_MS_TechHub_IMP_THIDDIAXL003_Cas9_PhoX_DIA12_CV486075_250ng_FAIMS_003,1195967,,,0,0,-0,0,4,0,0,Q99ZW2,,,false,Q99ZW2,Q99ZW2,,false,KPAFLSGEQK,YPKLESEFVYGDYK,536,1001,10,14,1,3,536,1003,4,,-1,0.209614,0.209614,9.892785,false,true,false,false,Self ,0,0.000727,1.141399,,0,0,0,0,0,1337,965,0,
Scan: 1289968 Run: DIA12_CV486075:20251228_A2_N1_Mueller_MS_TechHub_IMP_THIDDIAXL003_Cas9_PhoX_DIA12_CV486075_250ng_FAIMS_003 P1_KKDWDPK P2_KKDWDPK 1 1,DIA12_CV486075:20251228_A2_N1_Mueller_MS_TechHub_IMP_THIDDIAXL003_Cas9_PhoX_DIA12_CV486075_250ng_FAIMS_003,1289968,,,0,0,-0,0,3,0,0,Q99ZW2,,,false,Q99ZW2,Q99ZW2,,false,KKDWDPK,KKDWDPK,1123,1123,7,7,1,1,1123,1123,3,,-1,0.209429,0.209429,9.892324,false,true,false,false,Self ,0,0.000728,1.141831,,0,0,0,0,0,1336,964,0,
Scan: 291820 Run: DIA12_CV486075:20251228_A2_N1_Mueller_MS_TechHub_IMP_THIDDIAXL003_Cas9_PhoX_DIA12_CV486075_250ng_FAIMS_001 P1_IEKILTFR P2_IEKILTFR 3 3,DIA12_CV486075:20251228_A2_N1_Mueller_MS_TechHub_IMP_THIDDIAXL003_Cas9_PhoX_DIA12_CV486075_250ng_FAIMS_001,291820,,,0,0,-0,0,3,0,0,Q99ZW2,,,false,Q99ZW2,Q99ZW2,,false,IEKILTFR,IEKILTFR,440,440,8,8,3,3,442,442,3,,-1,0.209044,0.209044,9.89136,false,true,false,false,Self ,0,0.000728,1.142695,,0,0,0,0,0,1335,963,0,
Scan: 1450657 Run: DIA12_CV486075:20251228_A2_N1_Mueller_MS_TechHub_IMP_THIDDIAXL003_Cas9_PhoX_DIA12_CV486075_250ng_FAIMS_003 P1_YKEIFFDQSK P2_VILADANLDKVLSAYNK 2 10,DIA12_CV486075:20251228_A2_N1_Mueller_MS_TechHub_IMP_THIDDIAXL003_Cas9_PhoX_DIA12_CV486075_250ng_FAIMS_003,1450657,,,0,0,-0,0,4,0,0,Q99ZW2,,,false,Q99ZW2,Q99ZW2,,false,VILADANLDKVLSAYNK,YKEIFFDQSK,1280,347,17,10,10,2,1289,348,4,,-1,0.208485,0.208485,9.889964,false,true,false,false,Self ,0,0.000728,1.143128,,0,0,0,0,0,1334,962,0,
Scan: 690155 Run: DIA12_CV486075:20251228_A2_N1_Mueller_MS_TechHub_IMP_THIDDIAXL003_Cas9_PhoX_DIA12_CV486075_250ng_FAIMS_002 P1_NSDKLIAR P2_GQKNSR 4 3,DIA12_CV486075:20251228_A2_N1_Mueller_MS_TechHub_IMP_THIDDIAXL003_Cas9_PhoX_DIA12_CV486075_250ng_FAIMS_002,690155,,,0,0,-0,0,4,0,0,Q99ZW2,,,false,Q99ZW2,Q99ZW2,,false,GQKNSR,NSDKLIAR,773,1115,6,8,3,4,775,1118,4,,-1,0.208363,0.208363,9.889659,false,true,false,false,Self ,0,0.000728,1.143128,,0,0,0,0,0,1333,1444,0,
Scan: 1742422 Run: DIA12_CV486075:20251228_A2_N1_Mueller_MS_TechHub_IMP_THIDDIAXL003_Cas9_PhoX_DIA12_CV486075_250ng_FAIMS_003 P1_KGILQTVK P2_GKSDNVPSEEVVK 1 2,DIA12_CV486075:20251228_A2_N1_Mueller_MS_TechHub_IMP_THIDDIAXL003_Cas9_PhoX_DIA12_CV486075_250ng_FAIMS_003,1742422,,,0,0,-0,0,3,0,0,Q99ZW2,,,false,Q99ZW2,Q99ZW2,,false,GKSDNVPSEEVVK,KGILQTVK,865,735,13,8,2,1,866,735,3,,-1,0.208159,0.208159,9.889148,false,true,false,false,Self ,0,0.000729,1.143128,,0,0,0,0,0,506,1342,0,
Scan: 1711442 Run: DIA12_CV486075:20251228_A2_N1_Mueller_MS_TechHub_IMP_THIDDIAXL003_Cas9_PhoX_DIA12_CV486075_250ng_FAIMS_003 P1_QLLNAKLITQR P2_IEEGIKELGSQILK 6 6,DIA12_CV486075:20251228_A2_N1_Mueller_MS_TechHub_IMP_THIDDIAXL003_Cas9_PhoX_DIA12_CV486075_250ng_FAIMS_003,1711442,,,0,0,-0,0,4,0,0,Q99ZW2,,,false,Q99ZW2,Q99ZW2,,false,IEEGIKELGSQILK,QLLNAKLITQR,784,885,14,11,6,6,789,890,4,,-1,0.206657,0.206657,9.885394,false,true,false,false,Self ,0,0.00073,1.143994,,0,0,0,0,0,1331,961,0,
Scan: 1113149 Run: DIA12_CV486075:20251228_A2_N1_Mueller_MS_TechHub_IMP_THIDDIAXL003_Cas9_PhoX_DIA12_CV486075_250ng_FAIMS_002 P1_QSGKTILDFLK P2_IEEGIKELGSQILK 4 6,DIA12_CV486075:20251228_A2_N1_Mueller_MS_TechHub_IMP_THIDDIAXL003_Cas9_PhoX_DIA12_CV486075_250ng_FAIMS_002,1113149,,,0,0,-0,0,4,0,0,Q99ZW2,,,false,Q99ZW2,Q99ZW2,,false,IEEGIKELGSQILK,QSGKTILDFLK,784,674,14,11,6,4,789,677,4,,-1,0.206499,0.206499,9.884999,false,true,false,false,Self ,0,0.00073,1.144428,,0,0,0,0,0,1330,960,0,
Scan: 1440822 Run: DIA12_CV486075:20251228_A2_N1_Mueller_MS_TechHub_IMP_THIDDIAXL003_Cas9_PhoX_DIA12_CV486075_250ng_FAIMS_003 P1_SKLVSDFR P2_FKVLGNTDR 2 2,DIA12_CV486075:20251228_A2_N1_Mueller_MS_TechHub_IMP_THIDDIAXL003_Cas9_PhoX_DIA12_CV486075_250ng_FAIMS_003,1440822,,,0,0,-0,0,4,0,0,Q99ZW2,,,false,Q99ZW2,Q99ZW2,,false,FKVLGNTDR,SKLVSDFR,32,960,9,8,2,2,33,961,4,,-1,0.20647,0.20647,9.884926,false,true,false,false,Self ,0,0.00073,1.144428,,0,0,0,0,0,1213,1416,0,
Scan: 1788228 Run: DIA12_CV486075:20251228_A2_N1_Mueller_MS_TechHub_IMP_THIDDIAXL003_Cas9_PhoX_DIA12_CV486075_250ng_FAIMS_003 P1_KDLIIK P2_KDFQFYK 1 1,DIA12_CV486075:20251228_A2_N1_Mueller_MS_TechHub_IMP_THIDDIAXL003_Cas9_PhoX_DIA12_CV486075_250ng_FAIMS_003,1788228,,,0,0,-0,0,3,0,0,Q99ZW2,,,false,Q99ZW2,Q99ZW2,,false,KDFQFYK,KDLIIK,968,1192,7,6,1,1,968,1192,3,,-1,0.20623,0.20623,9.884327,false,true,false,false,Self ,0,0.00073,1.144428,,0,0,0,0,0,1328,959,0,
Scan: 1477808 Run: DIA12_CV486075:20251228_A2_N1_Mueller_MS_TechHub_IMP_THIDDIAXL003_Cas9_PhoX_DIA12_CV486075_250ng_FAIMS_003 P1_KLINGIR P2_FIKPILEKMDGTEELLVK 1 8,DIA12_CV486075:20251228_A2_N1_Mueller_MS_TechHub_IMP_THIDDIAXL003_Cas9_PhoX_DIA12_CV486075_250ng_FAIMS_003,1477808,,,0,0,-0,0,3,0,0,Q99ZW2,,,false,Q99ZW2,Q99ZW2,,false,FIKPILEKMDGTEELLVK,KLINGIR,375,665,18,7,8,1,382,665,3,,-1,0.205683,0.205683,9.882959,false,true,false,false,Self ,0,0.000731,1.145296,,0,0,0,0,0,1327,1466,0,
Scan: 462450 Run: DIA12_CV486075:20251228_A2_N1_Mueller_MS_TechHub_IMP_THIDDIAXL003_Cas9_PhoX_DIA12_CV486075_250ng_FAIMS_001 P1_KGILQTVK P2_EDIQKAQVSGQGDSLHEHIANLAGSPAIK 1 5,DIA12_CV486075:20251228_A2_N1_Mueller_MS_TechHub_IMP_THIDDIAXL003_Cas9_PhoX_DIA12_CV486075_250ng_FAIMS_001,462450,,,0,0,-0,0,4,0,0,Q99ZW2,,,false,Q99ZW2,Q99ZW2,,false,EDIQKAQVSGQGDSLHEHIANLAGSPAIK,KGILQTVK,706,735,29,8,5,1,710,735,4,,-1,0.205649,0.205649,9.882873,false,true,false,false,Self ,0,0.000731,1.145296,,0,0,0,0,0,1326,958,0,
Scan: 1234537 Run: DIA12_CV486075:20251228_A2_N1_Mueller_MS_TechHub_IMP_THIDDIAXL003_Cas9_PhoX_DIA12_CV486075_250ng_FAIMS_003 P1_QLKEDYFK P2_KTEVQTGGFSK 3 1,DIA12_CV486075:20251228_A2_N1_Mueller_MS_TechHub_IMP_THIDDIAXL003_Cas9_PhoX_DIA12_CV486075_250ng_FAIMS_003,1234537,,,0,0,-0,0,3,0,0,Q99ZW2,,,false,Q99ZW2,Q99ZW2,,false,KTEVQTGGFSK,QLKEDYFK,1097,563,11,8,1,3,1097,565,3,,-1,0.205339,0.205339,9.882097,false,true,false,false,Self ,0,0.000731,1.145296,,0,0,0,0,0,1325,957,0,
Scan: 546961 Run: DIA12_CV486075:20251228_A2_N1_Mueller_MS_TechHub_IMP_THIDDIAXL003_Cas9_PhoX_DIA12_CV486075_250ng_FAIMS_001 P1_KLINGIR P2_GKSDNVPSEEVVK 1 2,DIA12_CV486075:20251228_A2_N1_Mueller_MS_TechHub_IMP_THIDDIAXL003_Cas9_PhoX_DIA12_CV486075_250ng_FAIMS_001,546961,,,0,0,-0,0,3,0,0,Q99ZW2,,,false,Q99ZW2,Q99ZW2,,false,GKSDNVPSEEVVK,KLINGIR,865,665,13,7,2,1,866,665,3,,-1,0.205185,0.205185,9.881713,false,true,false,false,Self ,0,0.000731,1.145731,,0,0,0,0,0,1324,956,0,
Scan: 1010708 Run: DIA12_CV486075:20251228_A2_N1_Mueller_MS_TechHub_IMP_THIDDIAXL003_Cas9_PhoX_DIA12_CV486075_250ng_FAIMS_002 P1_QLKEDYFK P2_DKQSGK 3 2,DIA12_CV486075:20251228_A2_N1_Mueller_MS_TechHub_IMP_THIDDIAXL003_Cas9_PhoX_DIA12_CV486075_250ng_FAIMS_002,1010708,,,0,0,-0,0,3,0,0,Q99ZW2,,,false,Q99ZW2,Q99ZW2,,false,DKQSGK,QLKEDYFK,672,563,6,8,2,3,673,565,3,,-1,0.204956,0.204956,9.88114,false,true,false,false,Self ,0,0.000731,1.145731,,0,0,0,0,0,1323,955,0,
Scan: 1689558 Run: DIA12_CV486075:20251228_A2_N1_Mueller_MS_TechHub_IMP_THIDDIAXL003_Cas9_PhoX_DIA12_CV486075_250ng_FAIMS_003 P1_LKTYAHLFDDK P2_GILQTVKVVDELVK 2 7,DIA12_CV486075:20251228_A2_N1_Mueller_MS_TechHub_IMP_THIDDIAXL003_Cas9_PhoX_DIA12_CV486075_250ng_FAIMS_003,1689558,,,0,0,-0,0,4,0,0,Q99ZW2,,,false,Q99ZW2,Q99ZW2,,false,GILQTVKVVDELVK,LKTYAHLFDDK,736,636,14,11,7,2,742,637,4,,-1,0.204055,0.204055,9.878887,false,true,false,false,Self ,0,0.000732,1.146166,,0,0,0,0,0,1322,954,0,
Scan: 683796 Run: DIA12_CV486075:20251228_A2_N1_Mueller_MS_TechHub_IMP_THIDDIAXL003_Cas9_PhoX_DIA12_CV486075_250ng_FAIMS_002 P1_NSDKLIAR P2_LPKYSLFELENGR 4 3,DIA12_CV486075:20251228_A2_N1_Mueller_MS_TechHub_IMP_THIDDIAXL003_Cas9_PhoX_DIA12_CV486075_250ng_FAIMS_002,683796,,,0,0,-0,0,4,0,0,Q99ZW2,,,false,Q99ZW2,Q99ZW2,,false,LPKYSLFELENGR,NSDKLIAR,1198,1115,13,8,3,4,1200,1118,4,,-1,0.204015,0.204015,9.878789,false,true,false,false,Self ,0,0.000732,1.146166,,0,0,0,0,0,1321,1448,0,
Scan: 1651778 Run: DIA12_CV486075:20251228_A2_N1_Mueller_MS_TechHub_IMP_THIDDIAXL003_Cas9_PhoX_DIA12_CV486075_250ng_FAIMS_003 P1_IEKILTFR P2_EDIQKAQVSGQGDSLHEHIANLAGSPAIK 3 5,DIA12_CV486075:20251228_A2_N1_Mueller_MS_TechHub_IMP_THIDDIAXL003_Cas9_PhoX_DIA12_CV486075_250ng_FAIMS_003,1651778,,,0,0,-0,0,5,0,0,Q99ZW2,,,false,Q99ZW2,Q99ZW2,,false,EDIQKAQVSGQGDSLHEHIANLAGSPAIK,IEKILTFR,706,440,29,8,5,3,710,442,5,,-1,0.20388,0.20388,9.87845,false,true,false,false,Self ,0,0.000732,1.146166,,0,0,0,0,0,1320,953,0,
Scan: 1158732 Run: DIA12_CV486075:20251228_A2_N1_Mueller_MS_TechHub_IMP_THIDDIAXL003_Cas9_PhoX_DIA12_CV486075_250ng_FAIMS_002 P1_KFDNLTK P2_GILQTVKVVDELVK 1 7,DIA12_CV486075:20251228_A2_N1_Mueller_MS_TechHub_IMP_THIDDIAXL003_Cas9_PhoX_DIA12_CV486075_250ng_FAIMS_002,1158732,,,0,0,-0,0,4,0,0,Q99ZW2,,,false,Q99ZW2,Q99ZW2,,false,GILQTVKVVDELVK,KFDNLTK,736,896,14,7,7,1,742,896,4,,-1,0.203149,0.203149,9.876624,false,true,false,false,Self ,0,0.000733,1.146166,,0,0,0,0,0,1319,952,0,
Scan: 895366 Run: DIA12_CV486075:20251228_A2_N1_Mueller_MS_TechHub_IMP_THIDDIAXL003_Cas9_PhoX_DIA12_CV486075_250ng_FAIMS_002 P1_RQEDFYPFLKDNR P2_KNLIGALLFDSGETAEATR 10 1,DIA12_CV486075:20251228_A2_N1_Mueller_MS_TechHub_IMP_THIDDIAXL003_Cas9_PhoX_DIA12_CV486075_250ng_FAIMS_002,895366,,,0,0,-0,0,4,0,0,Q99ZW2,,,false,Q99ZW2,Q99ZW2,,false,KNLIGALLFDSGETAEATR,RQEDFYPFLKDNR,45,425,19,13,1,10,45,434,4,,-1,0.20287,0.20287,9.875925,false,true,false,false,Self ,0,0.000733,1.147472,,0,0,0,0,0,1318,232,0,
Scan: 633061 Run: DIA12_CV486075:20251228_A2_N1_Mueller_MS_TechHub_IMP_THIDDIAXL003_Cas9_PhoX_DIA12_CV486075_250ng_FAIMS_002 P1_KTEVQTGGFSK P2_KRPLIETNGETGEIVWDK 1 1,DIA12_CV486075:20251228_A2_N1_Mueller_MS_TechHub_IMP_THIDDIAXL003_Cas9_PhoX_DIA12_CV486075_250ng_FAIMS_002,633061,,,0,0,-0,0,4,0,0,Q99ZW2,,,false,Q99ZW2,Q99ZW2,,false,KRPLIETNGETGEIVWDK,KTEVQTGGFSK,1059,1097,18,11,1,1,1059,1097,4,,-1,0.202555,0.202555,9.875138,false,true,false,false,Self ,0,0.000733,1.147909,,0,0,0,0,0,1317,950,0,
Scan: 297237 Run: DIA12_CV486075:20251228_A2_N1_Mueller_MS_TechHub_IMP_THIDDIAXL003_Cas9_PhoX_DIA12_CV486075_250ng_FAIMS_001 P1_KNLIGALLFDSGETAEATR P2_FKVLGNTDR 1 2,DIA12_CV486075:20251228_A2_N1_Mueller_MS_TechHub_IMP_THIDDIAXL003_Cas9_PhoX_DIA12_CV486075_250ng_FAIMS_001,297237,,,0,0,-0,0,4,0,0,Q99ZW2,,,false,Q99ZW2,Q99ZW2,,false,FKVLGNTDR,KNLIGALLFDSGETAEATR,32,45,9,19,2,1,33,45,4,,-1,0.202388,0.202388,9.874722,false,true,false,false,Self ,0,0.000734,1.148345,,0,0,0,0,0,350,1329,0,
Scan: 1144665 Run: DIA12_CV486075:20251228_A2_N1_Mueller_MS_TechHub_IMP_THIDDIAXL003_Cas9_PhoX_DIA12_CV486075_250ng_FAIMS_002 P1_GKSDNVPSEEVVK P2_EDIQKAQVSGQGDSLHEHIANLAGSPAIK 2 5,DIA12_CV486075:20251228_A2_N1_Mueller_MS_TechHub_IMP_THIDDIAXL003_Cas9_PhoX_DIA12_CV486075_250ng_FAIMS_002,1144665,,,0,0,-0,0,5,0,0,Q99ZW2,,,false,Q99ZW2,Q99ZW2,,false,EDIQKAQVSGQGDSLHEHIANLAGSPAIK,GKSDNVPSEEVVK,706,865,29,13,5,2,710,866,5,,-1,0.202356,0.202356,9.87464,false,true,false,false,Self ,0,0.000734,1.148345,,0,0,0,0,0,1315,949,0,
Scan: 1739650 Run: DIA12_CV486075:20251228_A2_N1_Mueller_MS_TechHub_IMP_THIDDIAXL003_Cas9_PhoX_DIA12_CV486075_250ng_FAIMS_003 P1_NSDKLIAR P2_GKSDNVPSEEVVK 4 2,DIA12_CV486075:20251228_A2_N1_Mueller_MS_TechHub_IMP_THIDDIAXL003_Cas9_PhoX_DIA12_CV486075_250ng_FAIMS_003,1739650,,,0,0,-0,0,4,0,0,Q99ZW2,,,false,Q99ZW2,Q99ZW2,,false,GKSDNVPSEEVVK,NSDKLIAR,865,1115,13,8,2,4,866,1118,4,,-1,0.202035,0.202035,9.873837,false,true,false,false,Self ,0,0.000734,1.148782,,0,0,0,0,0,790,1356,0,
Scan: 589651 Run: DIA12_CV486075:20251228_A2_N1_Mueller_MS_TechHub_IMP_THIDDIAXL003_Cas9_PhoX_DIA12_CV486075_250ng_FAIMS_001 P1_SKLVSDFR P2_IEEGIKELGSQILK 2 6,DIA12_CV486075:20251228_A2_N1_Mueller_MS_TechHub_IMP_THIDDIAXL003_Cas9_PhoX_DIA12_CV486075_250ng_FAIMS_001,589651,,,0,0,-0,0,4,0,0,Q99ZW2,,,false,Q99ZW2,Q99ZW2,,false,IEEGIKELGSQILK,SKLVSDFR,784,960,14,8,6,2,789,961,4,,-1,0.20171,0.20171,9.873027,false,true,false,false,Self ,0,0.000734,1.150095,,0,0,0,0,0,696,1348,0,
Scan: 1552957 Run: DIA12_CV486075:20251228_A2_N1_Mueller_MS_TechHub_IMP_THIDDIAXL003_Cas9_PhoX_DIA12_CV486075_250ng_FAIMS_003 P1_MTNFDKNLPNEK P2_KVTVK 6 1,DIA12_CV486075:20251228_A2_N1_Mueller_MS_TechHub_IMP_THIDDIAXL003_Cas9_PhoX_DIA12_CV486075_250ng_FAIMS_003,1552957,,,0,0,-0,0,3,0,0,Q99ZW2,,,false,Q99ZW2,Q99ZW2,,false,KVTVK,MTNFDKNLPNEK,558,495,5,12,1,6,558,500,3,,-1,0.201394,0.201394,9.872236,false,true,false,false,Self ,0,0.000734,1.151411,,0,0,0,0,0,1312,948,0,
Scan: 1740832 Run: DIA12_CV486075:20251228_A2_N1_Mueller_MS_TechHub_IMP_THIDDIAXL003_Cas9_PhoX_DIA12_CV486075_250ng_FAIMS_003 P1_GKSDNVPSEEVVK P2_EIFFDQSKNGYAGYIDGGASQEEFYK 2 8,DIA12_CV486075:20251228_A2_N1_Mueller_MS_TechHub_IMP_THIDDIAXL003_Cas9_PhoX_DIA12_CV486075_250ng_FAIMS_003,1740832,,,0,0,-0,0,4,0,0,Q99ZW2,,,false,Q99ZW2,Q99ZW2,,false,EIFFDQSKNGYAGYIDGGASQEEFYK,GKSDNVPSEEVVK,349,865,26,13,8,2,356,866,4,,-1,0.201182,0.201182,9.871707,false,true,false,false,Self ,0,0.000735,1.15185,,0,0,0,0,0,1311,947,0,
Scan: 586180 Run: DIA12_CV486075:20251228_A2_N1_Mueller_MS_TechHub_IMP_THIDDIAXL003_Cas9_PhoX_DIA12_CV486075_250ng_FAIMS_001 P1_YDENDKLIR P2_FKVLGNTDR 6 2,DIA12_CV486075:20251228_A2_N1_Mueller_MS_TechHub_IMP_THIDDIAXL003_Cas9_PhoX_DIA12_CV486075_250ng_FAIMS_001,586180,,,0,0,-0,0,3,0,0,Q99ZW2,,,false,Q99ZW2,Q99ZW2,,false,FKVLGNTDR,YDENDKLIR,32,943,9,9,2,6,33,948,3,,-1,0.200974,0.200974,9.871187,false,true,false,false,Self ,0,0.000735,1.15229,,0,0,0,0,0,253,1315,0,
Scan: 1582974 Run: DIA12_CV486075:20251228_A2_N1_Mueller_MS_TechHub_IMP_THIDDIAXL003_Cas9_PhoX_DIA12_CV486075_250ng_FAIMS_003 P1_KPAFLSGEQK P2_ENQTTQKGQK 1 7,DIA12_CV486075:20251228_A2_N1_Mueller_MS_TechHub_IMP_THIDDIAXL003_Cas9_PhoX_DIA12_CV486075_250ng_FAIMS_003,1582974,,,0,0,-0,0,3,0,0,Q99ZW2,,,false,Q99ZW2,Q99ZW2,,false,ENQTTQKGQK,KPAFLSGEQK,766,536,10,10,7,1,772,536,3,,-1,0.200757,0.200757,9.870644,false,true,false,false,Self ,0,0.000735,1.15317,,0,0,0,0,0,596,1343,0,
Scan: 587372 Run: DIA12_CV486075:20251228_A2_N1_Mueller_MS_TechHub_IMP_THIDDIAXL003_Cas9_PhoX_DIA12_CV486075_250ng_FAIMS_001 P1_YDENDKLIR P2_EVKVITLK 6 3,DIA12_CV486075:20251228_A2_N1_Mueller_MS_TechHub_IMP_THIDDIAXL003_Cas9_PhoX_DIA12_CV486075_250ng_FAIMS_001,587372,,,0,0,-0,0,3,0,0,Q99ZW2,,,false,Q99ZW2,Q99ZW2,,false,EVKVITLK,YDENDKLIR,952,943,8,9,3,6,954,948,3,,-1,0.199776,0.199776,9.868192,false,true,false,false,Self ,0,0.000736,1.155819,,0,0,0,0,0,1308,946,0,
Scan: 313859 Run: DIA12_CV486075:20251228_A2_N1_Mueller_MS_TechHub_IMP_THIDDIAXL003_Cas9_PhoX_DIA12_CV486075_250ng_FAIMS_001 P1_QITKHVAQILDSR P2_KSEETITPWNFEEVVDK 4 1,DIA12_CV486075:20251228_A2_N1_Mueller_MS_TechHub_IMP_THIDDIAXL003_Cas9_PhoX_DIA12_CV486075_250ng_FAIMS_001,313859,,,0,0,-0,0,4,0,0,Q99ZW2,,,false,Q99ZW2,Q99ZW2,,false,KSEETITPWNFEEVVDK,QITKHVAQILDSR,468,926,17,13,1,4,468,929,4,,-1,0.199754,0.199754,9.868135,false,true,false,false,Self ,0,0.000736,1.155819,,0,0,0,0,0,1307,945,0,
Scan: 1496354 Run: DIA12_CV486075:20251228_A2_N1_Mueller_MS_TechHub_IMP_THIDDIAXL003_Cas9_PhoX_DIA12_CV486075_250ng_FAIMS_003 P1_KYGGFDSPTVAYSVLVVAK P2_KSEETITPWNFEEVVDK 1 1,DIA12_CV486075:20251228_A2_N1_Mueller_MS_TechHub_IMP_THIDDIAXL003_Cas9_PhoX_DIA12_CV486075_250ng_FAIMS_003,1496354,,,0,0,-0,0,4,0,0,Q99ZW2,,,false,Q99ZW2,Q99ZW2,,false,KSEETITPWNFEEVVDK,KYGGFDSPTVAYSVLVVAK,468,1130,17,19,1,1,468,1130,4,,-1,0.19959,0.19959,9.867726,false,true,false,false,Self ,0,0.000736,1.155819,,0,0,0,0,0,1306,944,0,
Scan: 685580 Run: DIA12_CV486075:20251228_A2_N1_Mueller_MS_TechHub_IMP_THIDDIAXL003_Cas9_PhoX_DIA12_CV486075_250ng_FAIMS_002 P1_NSDKLIAR P2_FIKPILEK 4 3,DIA12_CV486075:20251228_A2_N1_Mueller_MS_TechHub_IMP_THIDDIAXL003_Cas9_PhoX_DIA12_CV486075_250ng_FAIMS_002,685580,,,0,0,-0,0,3,0,0,Q99ZW2,,,false,Q99ZW2,Q99ZW2,,false,FIKPILEK,NSDKLIAR,375,1115,8,8,3,4,377,1118,3,,-1,0.199577,0.199577,9.867693,false,true,false,false,Self ,0,0.000736,1.155819,,0,0,0,0,0,1305,943,0,
Scan: 1358899 Run: DIA12_CV486075:20251228_A2_N1_Mueller_MS_TechHub_IMP_THIDDIAXL003_Cas9_PhoX_DIA12_CV486075_250ng_FAIMS_003 P1_LKGSPEDNEQK P2_EHPVENTQLQNEKLYLYYLQNGR 2 13,DIA12_CV486075:20251228_A2_N1_Mueller_MS_TechHub_IMP_THIDDIAXL003_Cas9_PhoX_DIA12_CV486075_250ng_FAIMS_003,1358899,,,0,0,-0,0,4,0,0,Q99ZW2,,,false,Q99ZW2,Q99ZW2,,false,EHPVENTQLQNEKLYLYYLQNGR,LKGSPEDNEQK,798,1245,23,11,13,2,810,1246,4,,-1,0.199533,0.199533,9.867583,false,true,false,false,Self ,0,0.000736,1.155819,,0,0,0,0,0,852,1367,0,
Scan: 96067 Run: DIA12_CV486075:20251228_A2_N1_Mueller_MS_TechHub_IMP_THIDDIAXL003_Cas9_PhoX_DIA12_CV486075_250ng_FAIMS_001 P1_KKDWDPK P2_EDIQKAQVSGQGDSLHEHIANLAGSPAIK 1 5,DIA12_CV486075:20251228_A2_N1_Mueller_MS_TechHub_IMP_THIDDIAXL003_Cas9_PhoX_DIA12_CV486075_250ng_FAIMS_001,96067,,,0,0,-0,0,4,0,0,Q99ZW2,,,false,Q99ZW2,Q99ZW2,,false,EDIQKAQVSGQGDSLHEHIANLAGSPAIK,KKDWDPK,706,1123,29,7,5,1,710,1123,4,,-1,0.199168,0.199168,9.86667,false,true,false,false,Self ,0,0.000736,1.156262,,0,0,0,0,0,279,1317,0,
Scan: 162588 Run: DIA12_CV486075:20251228_A2_N1_Mueller_MS_TechHub_IMP_THIDDIAXL003_Cas9_PhoX_DIA12_CV486075_250ng_FAIMS_001 P1_LKGSPEDNEQK P2_FKVLGNTDR 2 2,DIA12_CV486075:20251228_A2_N1_Mueller_MS_TechHub_IMP_THIDDIAXL003_Cas9_PhoX_DIA12_CV486075_250ng_FAIMS_001,162588,,,0,0,-0,0,3,0,0,Q99ZW2,,,false,Q99ZW2,Q99ZW2,,false,FKVLGNTDR,LKGSPEDNEQK,32,1245,9,11,2,2,33,1246,3,,-1,0.198916,0.198916,9.866042,false,true,false,false,Self ,0,0.000736,1.156262,,0,0,0,0,0,1302,1436,0,
Scan: 1768852 Run: DIA12_CV486075:20251228_A2_N1_Mueller_MS_TechHub_IMP_THIDDIAXL003_Cas9_PhoX_DIA12_CV486075_250ng_FAIMS_003 P1_QITKHVAQILDSR P2_DDSIDNKVLTR 4 7,DIA12_CV486075:20251228_A2_N1_Mueller_MS_TechHub_IMP_THIDDIAXL003_Cas9_PhoX_DIA12_CV486075_250ng_FAIMS_003,1768852,,,0,0,-0,0,4,0,0,Q99ZW2,,,false,Q99ZW2,Q99ZW2,,false,DDSIDNKVLTR,QITKHVAQILDSR,849,926,11,13,7,4,855,929,4,,-1,0.19867,0.19867,9.865425,false,true,false,false,Self ,0,0.000737,1.157148,,0,0,0,0,0,1301,942,0,
Scan: 487641 Run: DIA12_CV486075:20251228_A2_N1_Mueller_MS_TechHub_IMP_THIDDIAXL003_Cas9_PhoX_DIA12_CV486075_250ng_FAIMS_001 P1_KRPLIETNGETGEIVWDK P2_GILQTVKVVDELVK 1 7,DIA12_CV486075:20251228_A2_N1_Mueller_MS_TechHub_IMP_THIDDIAXL003_Cas9_PhoX_DIA12_CV486075_250ng_FAIMS_001,487641,,,0,0,-0,0,4,0,0,Q99ZW2,,,false,Q99ZW2,Q99ZW2,,false,GILQTVKVVDELVK,KRPLIETNGETGEIVWDK,736,1059,14,18,7,1,742,1059,4,,-1,0.198613,0.198613,9.865283,false,true,false,false,Self ,0,0.000737,1.157148,,0,0,0,0,0,1300,941,0,
Scan: 1372362 Run: DIA12_CV486075:20251228_A2_N1_Mueller_MS_TechHub_IMP_THIDDIAXL003_Cas9_PhoX_DIA12_CV486075_250ng_FAIMS_003 P1_HYLDEIIEQISEFSKR P2_FKVLGNTDR 15 2,DIA12_CV486075:20251228_A2_N1_Mueller_MS_TechHub_IMP_THIDDIAXL003_Cas9_PhoX_DIA12_CV486075_250ng_FAIMS_003,1372362,,,0,0,-0,0,4,0,0,Q99ZW2,,,false,Q99ZW2,Q99ZW2,,false,FKVLGNTDR,HYLDEIIEQISEFSKR,32,1264,9,16,2,15,33,1278,4,,-1,0.198539,0.198539,9.865099,false,true,false,false,Self ,0,0.000737,1.157148,,0,0,0,0,0,1299,940,0,
Scan: 1548265 Run: DIA12_CV486075:20251228_A2_N1_Mueller_MS_TechHub_IMP_THIDDIAXL003_Cas9_PhoX_DIA12_CV486075_250ng_FAIMS_003 P1_MTNFDKNLPNEK P2_KKDWDPK 6 1,DIA12_CV486075:20251228_A2_N1_Mueller_MS_TechHub_IMP_THIDDIAXL003_Cas9_PhoX_DIA12_CV486075_250ng_FAIMS_003,1548265,,,0,0,-0,0,3,0,0,Q99ZW2,,,false,Q99ZW2,Q99ZW2,,false,KKDWDPK,MTNFDKNLPNEK,1123,495,7,12,1,6,1123,500,3,,-1,0.198532,0.198532,9.865081,false,true,false,false,Self ,0,0.000737,1.157148,,0,0,0,0,0,1298,939,0,
Scan: 415301 Run: DIA12_CV486075:20251228_A2_N1_Mueller_MS_TechHub_IMP_THIDDIAXL003_Cas9_PhoX_DIA12_CV486075_250ng_FAIMS_001 P1_KIECFDSVEISGVEDR P2_IEKILTFR 1 3,DIA12_CV486075:20251228_A2_N1_Mueller_MS_TechHub_IMP_THIDDIAXL003_Cas9_PhoX_DIA12_CV486075_250ng_FAIMS_001,415301,,,0,0,-0,0,4,0,0,Q99ZW2,,,false,Q99ZW2,Q99ZW2,,false,IEKILTFR,KIECFDSVEISGVEDR,440,571,8,16,3,1,442,571,4,,-1,0.198476,0.198476,9.864942,false,true,false,false,Self ,0,0.000737,1.157148,,0,0,0,0,0,1297,938,0,
Scan: 404990 Run: DIA12_CV486075:20251228_A2_N1_Mueller_MS_TechHub_IMP_THIDDIAXL003_Cas9_PhoX_DIA12_CV486075_250ng_FAIMS_001 P1_KAIVDLLFK P2_KAIVDLLFK 1 1,DIA12_CV486075:20251228_A2_N1_Mueller_MS_TechHub_IMP_THIDDIAXL003_Cas9_PhoX_DIA12_CV486075_250ng_FAIMS_001,404990,,,0,0,-0,0,3,0,0,Q99ZW2,,,false,Q99ZW2,Q99ZW2,,false,KAIVDLLFK,KAIVDLLFK,546,546,9,9,1,1,546,546,3,,-1,0.198381,0.198381,9.864703,false,true,false,false,Self ,0,0.000737,1.157148,,0,0,0,0,0,1296,937,0,
Scan: 226785 Run: DIA12_CV486075:20251228_A2_N1_Mueller_MS_TechHub_IMP_THIDDIAXL003_Cas9_PhoX_DIA12_CV486075_250ng_FAIMS_001 P1_SNFDLAEDAKLQLSK P2_FKVLGNTDR 10 2,DIA12_CV486075:20251228_A2_N1_Mueller_MS_TechHub_IMP_THIDDIAXL003_Cas9_PhoX_DIA12_CV486075_250ng_FAIMS_001,226785,,,0,0,-0,0,4,0,0,Q99ZW2,,,false,Q99ZW2,Q99ZW2,,false,FKVLGNTDR,SNFDLAEDAKLQLSK,32,254,9,15,2,10,33,263,4,,-1,0.198375,0.198375,9.864688,false,true,false,false,Self ,0,0.000737,1.157148,,0,0,0,0,0,1295,936,0,
Scan: 91969 Run: DIA12_CV486075:20251228_A2_N1_Mueller_MS_TechHub_IMP_THIDDIAXL003_Cas9_PhoX_DIA12_CV486075_250ng_FAIMS_001 P1_NSDKLIAR P2_KGILQTVK 4 1,DIA12_CV486075:20251228_A2_N1_Mueller_MS_TechHub_IMP_THIDDIAXL003_Cas9_PhoX_DIA12_CV486075_250ng_FAIMS_001,91969,,,0,0,-0,0,4,0,0,Q99ZW2,,,false,Q99ZW2,Q99ZW2,,false,KGILQTVK,NSDKLIAR,735,1115,8,8,1,4,735,1118,4,,-1,0.198216,0.198216,9.864292,false,true,false,false,Self ,0,0.000737,1.157148,,0,0,0,0,0,1294,1488,0,
Scan: 1265017 Run: DIA12_CV486075:20251228_A2_N1_Mueller_MS_TechHub_IMP_THIDDIAXL003_Cas9_PhoX_DIA12_CV486075_250ng_FAIMS_003 P1_TEVQTGGFSKESILPK P2_KNLIGALLFDSGETAEATR 10 1,DIA12_CV486075:20251228_A2_N1_Mueller_MS_TechHub_IMP_THIDDIAXL003_Cas9_PhoX_DIA12_CV486075_250ng_FAIMS_003,1265017,,,0,0,-0,0,4,0,0,Q99ZW2,,,false,Q99ZW2,Q99ZW2,,false,KNLIGALLFDSGETAEATR,TEVQTGGFSKESILPK,45,1098,19,16,1,10,45,1107,4,,-1,0.197648,0.197648,9.86287,false,true,false,false,Self ,0,0.000738,1.158036,,0,0,0,0,0,1293,901,0,
Scan: 560497 Run: DIA12_CV486075:20251228_A2_N1_Mueller_MS_TechHub_IMP_THIDDIAXL003_Cas9_PhoX_DIA12_CV486075_250ng_FAIMS_001 P1_QLLNAKLITQR P2_KFDNLTK 6 1,DIA12_CV486075:20251228_A2_N1_Mueller_MS_TechHub_IMP_THIDDIAXL003_Cas9_PhoX_DIA12_CV486075_250ng_FAIMS_001,560497,,,0,0,-0,0,4,0,0,Q99ZW2,,,false,Q99ZW2,Q99ZW2,,false,KFDNLTK,QLLNAKLITQR,896,885,7,11,1,6,896,890,4,,-1,0.197568,0.197568,9.86267,false,true,false,false,Self ,0,0.000738,1.158036,,0,0,0,0,0,1292,1536,0,
Scan: 1544708 Run: DIA12_CV486075:20251228_A2_N1_Mueller_MS_TechHub_IMP_THIDDIAXL003_Cas9_PhoX_DIA12_CV486075_250ng_FAIMS_003 P1_SEETITPWNFEEVVDKGASAQSFIER P2_QSGKTILDFLK 16 4,DIA12_CV486075:20251228_A2_N1_Mueller_MS_TechHub_IMP_THIDDIAXL003_Cas9_PhoX_DIA12_CV486075_250ng_FAIMS_003,1544708,,,0,0,-0,0,4,0,0,Q99ZW2,,,false,Q99ZW2,Q99ZW2,,false,QSGKTILDFLK,SEETITPWNFEEVVDKGASAQSFIER,674,469,11,26,4,16,677,484,4,,-1,0.19731,0.19731,9.862026,false,true,false,false,Self ,0,0.000738,1.158036,,0,0,0,0,0,1291,934,0,
Scan: 1409392 Run: DIA12_CV486075:20251228_A2_N1_Mueller_MS_TechHub_IMP_THIDDIAXL003_Cas9_PhoX_DIA12_CV486075_250ng_FAIMS_003 P1_RLENLIAQLPGEKK P2_FKVLGNTDR 13 2,DIA12_CV486075:20251228_A2_N1_Mueller_MS_TechHub_IMP_THIDDIAXL003_Cas9_PhoX_DIA12_CV486075_250ng_FAIMS_003,1409392,,,0,0,-0,0,4,0,0,Q99ZW2,,,false,Q99ZW2,Q99ZW2,,false,FKVLGNTDR,RLENLIAQLPGEKK,32,221,9,14,2,13,33,233,4,,-1,0.19677,0.19677,9.860677,false,true,false,false,Self ,0,0.000738,1.15937,,0,0,0,0,0,1290,933,0,
Scan: 1420361 Run: DIA12_CV486075:20251228_A2_N1_Mueller_MS_TechHub_IMP_THIDDIAXL003_Cas9_PhoX_DIA12_CV486075_250ng_FAIMS_003 P1_SNFDLAEDAKLQLSK P2_KKDWDPK 10 1,DIA12_CV486075:20251228_A2_N1_Mueller_MS_TechHub_IMP_THIDDIAXL003_Cas9_PhoX_DIA12_CV486075_250ng_FAIMS_003,1420361,,,0,0,-0,0,4,0,0,Q99ZW2,,,false,Q99ZW2,Q99ZW2,,false,KKDWDPK,SNFDLAEDAKLQLSK,1123,254,7,15,1,10,1123,263,4,,-1,0.195868,0.195868,9.85842,false,true,false,false,Self ,0,0.000739,1.159816,,0,0,0,0,0,134,1305,0,
Scan: 1359554 Run: DIA12_CV486075:20251228_A2_N1_Mueller_MS_TechHub_IMP_THIDDIAXL003_Cas9_PhoX_DIA12_CV486075_250ng_FAIMS_003 P1_SKLVSDFR P2_LKGSPEDNEQK 2 2,DIA12_CV486075:20251228_A2_N1_Mueller_MS_TechHub_IMP_THIDDIAXL003_Cas9_PhoX_DIA12_CV486075_250ng_FAIMS_003,1359554,,,0,0,-0,0,4,0,0,Q99ZW2,,,false,Q99ZW2,Q99ZW2,,false,LKGSPEDNEQK,SKLVSDFR,1245,960,11,8,2,2,1246,961,4,,-1,0.195735,0.195735,9.85809,false,true,false,false,Self ,0,0.000739,1.159816,,0,0,0,0,0,1288,1021,0,
Scan: 96782 Run: DIA12_CV486075:20251228_A2_N1_Mueller_MS_TechHub_IMP_THIDDIAXL003_Cas9_PhoX_DIA12_CV486075_250ng_FAIMS_001 P1_KTEVQTGGFSKESILPK P2_KKDWDPK 11 2,DIA12_CV486075:20251228_A2_N1_Mueller_MS_TechHub_IMP_THIDDIAXL003_Cas9_PhoX_DIA12_CV486075_250ng_FAIMS_001,96782,,,0,0,-0,0,4,0,0,Q99ZW2,,,false,Q99ZW2,Q99ZW2,,false,KKDWDPK,KTEVQTGGFSKESILPK,1123,1097,7,17,2,11,1124,1107,4,,-1,0.195417,0.195417,9.857293,false,true,false,false,Self ,0,0.000739,1.160707,,0,0,0,0,0,649,53,0,
Scan: 13618 Run: DIA12_CV486075:20251228_A2_N1_Mueller_MS_TechHub_IMP_THIDDIAXL003_Cas9_PhoX_DIA12_CV486075_250ng_FAIMS_001 P1_SEQEIGKATAK P2_KYPKLESEFVYGDYK 7 4,DIA12_CV486075:20251228_A2_N1_Mueller_MS_TechHub_IMP_THIDDIAXL003_Cas9_PhoX_DIA12_CV486075_250ng_FAIMS_001,13618,,,0,0,-0,0,4,0,0,Q99ZW2,,,false,Q99ZW2,Q99ZW2,,false,KYPKLESEFVYGDYK,SEQEIGKATAK,1000,1025,15,11,4,7,1003,1031,4,,-1,0.195229,0.195229,9.856824,false,true,false,false,Self ,0,0.00074,1.161154,,0,0,0,0,0,1286,932,0,
Scan: 760531 Run: DIA12_CV486075:20251228_A2_N1_Mueller_MS_TechHub_IMP_THIDDIAXL003_Cas9_PhoX_DIA12_CV486075_250ng_FAIMS_002 P1_LKGSPEDNEQK P2_KLINGIR 2 1,DIA12_CV486075:20251228_A2_N1_Mueller_MS_TechHub_IMP_THIDDIAXL003_Cas9_PhoX_DIA12_CV486075_250ng_FAIMS_002,760531,,,0,0,-0,0,3,0,0,Q99ZW2,,,false,Q99ZW2,Q99ZW2,,false,KLINGIR,LKGSPEDNEQK,665,1245,7,11,1,2,665,1246,3,,-1,0.195047,0.195047,9.856369,false,true,false,false,Self ,0,0.00074,1.161154,,0,0,0,0,0,1285,931,0,
Scan: 430290 Run: DIA12_CV486075:20251228_A2_N1_Mueller_MS_TechHub_IMP_THIDDIAXL003_Cas9_PhoX_DIA12_CV486075_250ng_FAIMS_001 P1_NLPNEKVLPK P2_KLINGIR 6 1,DIA12_CV486075:20251228_A2_N1_Mueller_MS_TechHub_IMP_THIDDIAXL003_Cas9_PhoX_DIA12_CV486075_250ng_FAIMS_001,430290,,,0,0,-0,0,3,0,0,Q99ZW2,,,false,Q99ZW2,Q99ZW2,,false,KLINGIR,NLPNEKVLPK,665,501,7,10,1,6,665,506,3,,-1,0.195045,0.195045,9.856365,false,true,false,false,Self ,0,0.00074,1.161154,,0,0,0,0,0,514,1340,0,
Scan: 1552343 Run: DIA12_CV486075:20251228_A2_N1_Mueller_MS_TechHub_IMP_THIDDIAXL003_Cas9_PhoX_DIA12_CV486075_250ng_FAIMS_003 P1_VLPKHSLLYEYFTVYNELTK P2_MTNFDKNLPNEK 4 6,DIA12_CV486075:20251228_A2_N1_Mueller_MS_TechHub_IMP_THIDDIAXL003_Cas9_PhoX_DIA12_CV486075_250ng_FAIMS_003,1552343,,,0,0,-0,0,4,0,0,Q99ZW2,,,false,Q99ZW2,Q99ZW2,,false,MTNFDKNLPNEK,VLPKHSLLYEYFTVYNELTK,495,507,12,20,6,4,500,510,4,,-1,0.194861,0.194861,9.855904,false,true,false,false,Self ,0,0.00074,1.161154,,0,0,0,0,0,1283,930,0,
Scan: 1372847 Run: DIA12_CV486075:20251228_A2_N1_Mueller_MS_TechHub_IMP_THIDDIAXL003_Cas9_PhoX_DIA12_CV486075_250ng_FAIMS_003 P1_KFDNLTK P2_HYLDEIIEQISEFSKR 1 15,DIA12_CV486075:20251228_A2_N1_Mueller_MS_TechHub_IMP_THIDDIAXL003_Cas9_PhoX_DIA12_CV486075_250ng_FAIMS_003,1372847,,,0,0,-0,0,4,0,0,Q99ZW2,,,false,Q99ZW2,Q99ZW2,,false,HYLDEIIEQISEFSKR,KFDNLTK,1264,896,16,7,15,1,1278,896,4,,-1,0.194538,0.194538,9.855095,false,true,false,false,Self ,0,0.00074,1.161154,,0,0,0,0,0,1282,929,0,
Scan: 857884 Run: DIA12_CV486075:20251228_A2_N1_Mueller_MS_TechHub_IMP_THIDDIAXL003_Cas9_PhoX_DIA12_CV486075_250ng_FAIMS_002 P1_YKEIFFDQSK P2_DKQSGK 2 2,DIA12_CV486075:20251228_A2_N1_Mueller_MS_TechHub_IMP_THIDDIAXL003_Cas9_PhoX_DIA12_CV486075_250ng_FAIMS_002,857884,,,0,0,-0,0,3,0,0,Q99ZW2,,,false,Q99ZW2,Q99ZW2,,false,DKQSGK,YKEIFFDQSK,672,347,6,10,2,2,673,348,3,,-1,0.194316,0.194316,9.85454,false,true,false,false,Self ,0,0.00074,1.162048,,0,0,0,0,0,866,1361,0,
Scan: 1755564 Run: DIA12_CV486075:20251228_A2_N1_Mueller_MS_TechHub_IMP_THIDDIAXL003_Cas9_PhoX_DIA12_CV486075_250ng_FAIMS_003 P1_SKLVSDFR P2_QLLNAKLITQR 2 6,DIA12_CV486075:20251228_A2_N1_Mueller_MS_TechHub_IMP_THIDDIAXL003_Cas9_PhoX_DIA12_CV486075_250ng_FAIMS_003,1755564,,,0,0,-0,0,3,0,0,Q99ZW2,,,false,Q99ZW2,Q99ZW2,,false,QLLNAKLITQR,SKLVSDFR,885,960,11,8,6,2,890,961,3,,-1,0.194212,0.194212,9.854281,false,true,false,false,Self ,0,0.00074,1.162048,,0,0,0,0,0,1280,1445,0,
Scan: 1184391 Run: DIA12_CV486075:20251228_A2_N1_Mueller_MS_TechHub_IMP_THIDDIAXL003_Cas9_PhoX_DIA12_CV486075_250ng_FAIMS_002 P1_YDENDKLIR P2_KLINGIR 6 1,DIA12_CV486075:20251228_A2_N1_Mueller_MS_TechHub_IMP_THIDDIAXL003_Cas9_PhoX_DIA12_CV486075_250ng_FAIMS_002,1184391,,,0,0,-0,0,3,0,0,Q99ZW2,,,false,Q99ZW2,Q99ZW2,,false,KLINGIR,YDENDKLIR,665,943,7,9,1,6,665,948,3,,-1,0.194147,0.194147,9.85412,false,true,false,false,Self ,0,0.000741,1.162495,,0,0,0,0,0,1279,928,0,
Scan: 713650 Run: DIA12_CV486075:20251228_A2_N1_Mueller_MS_TechHub_IMP_THIDDIAXL003_Cas9_PhoX_DIA12_CV486075_250ng_FAIMS_002 P1_SSFEKNPIDFLEAK P2_RQEDFYPFLKDNR 5 10,DIA12_CV486075:20251228_A2_N1_Mueller_MS_TechHub_IMP_THIDDIAXL003_Cas9_PhoX_DIA12_CV486075_250ng_FAIMS_002,713650,,,0,0,-0,0,4,0,0,Q99ZW2,,,false,Q99ZW2,Q99ZW2,,false,RQEDFYPFLKDNR,SSFEKNPIDFLEAK,425,1172,13,14,10,5,434,1176,4,,-1,0.193882,0.193882,9.853455,false,true,false,false,Self ,0,0.000741,1.163391,,0,0,0,0,0,1278,631,0,
Scan: 986649 Run: DIA12_CV486075:20251228_A2_N1_Mueller_MS_TechHub_IMP_THIDDIAXL003_Cas9_PhoX_DIA12_CV486075_250ng_FAIMS_002 P1_SDNVPSEEVVKK P2_KPAFLSGEQK 11 1,DIA12_CV486075:20251228_A2_N1_Mueller_MS_TechHub_IMP_THIDDIAXL003_Cas9_PhoX_DIA12_CV486075_250ng_FAIMS_002,986649,,,0,0,-0,0,3,0,0,Q99ZW2,,,false,Q99ZW2,Q99ZW2,,false,KPAFLSGEQK,SDNVPSEEVVKK,536,867,10,12,1,11,536,877,3,,-1,0.193517,0.193517,9.852544,false,true,false,false,Self ,0,0.000741,1.165187,,0,0,0,0,0,1277,926,0,
Scan: 731492 Run: DIA12_CV486075:20251228_A2_N1_Mueller_MS_TechHub_IMP_THIDDIAXL003_Cas9_PhoX_DIA12_CV486075_250ng_FAIMS_002 P1_NPIDFLEAKGYK P2_KDLIIK 9 1,DIA12_CV486075:20251228_A2_N1_Mueller_MS_TechHub_IMP_THIDDIAXL003_Cas9_PhoX_DIA12_CV486075_250ng_FAIMS_002,731492,,,0,0,-0,0,3,0,0,Q99ZW2,,,false,Q99ZW2,Q99ZW2,,false,KDLIIK,NPIDFLEAKGYK,1192,1177,6,12,1,9,1192,1185,3,,-1,0.193494,0.193494,9.852485,false,true,false,false,Self ,0,0.000741,1.165637,,0,0,0,0,0,1151,1397,0,
Scan: 1258988 Run: DIA12_CV486075:20251228_A2_N1_Mueller_MS_TechHub_IMP_THIDDIAXL003_Cas9_PhoX_DIA12_CV486075_250ng_FAIMS_003 P1_KTEVQTGGFSKESILPK P2_KKDWDPK 11 1,DIA12_CV486075:20251228_A2_N1_Mueller_MS_TechHub_IMP_THIDDIAXL003_Cas9_PhoX_DIA12_CV486075_250ng_FAIMS_003,1258988,,,0,0,-0,0,3,0,0,Q99ZW2,,,false,Q99ZW2,Q99ZW2,,false,KKDWDPK,KTEVQTGGFSKESILPK,1123,1097,7,17,1,11,1123,1107,3,,-1,0.193413,0.193413,9.852284,false,true,false,false,Self ,0,0.000741,1.165637,,0,0,0,0,0,128,1048,0,
Scan: 1232469 Run: DIA12_CV486075:20251228_A2_N1_Mueller_MS_TechHub_IMP_THIDDIAXL003_Cas9_PhoX_DIA12_CV486075_250ng_FAIMS_003 P1_LKGSPEDNEQK P2_KTEVQTGGFSK 2 1,DIA12_CV486075:20251228_A2_N1_Mueller_MS_TechHub_IMP_THIDDIAXL003_Cas9_PhoX_DIA12_CV486075_250ng_FAIMS_003,1232469,,,0,0,-0,0,3,0,0,Q99ZW2,,,false,Q99ZW2,Q99ZW2,,false,KTEVQTGGFSK,LKGSPEDNEQK,1097,1245,11,11,1,2,1097,1246,3,,-1,0.193407,0.193407,9.85227,false,true,false,false,Self ,0,0.000741,1.165637,,0,0,0,0,0,81,1300,0,
Scan: 92577 Run: DIA12_CV486075:20251228_A2_N1_Mueller_MS_TechHub_IMP_THIDDIAXL003_Cas9_PhoX_DIA12_CV486075_250ng_FAIMS_001 P1_NSDKLIAR P2_ENQTTQKGQK 4 7,DIA12_CV486075:20251228_A2_N1_Mueller_MS_TechHub_IMP_THIDDIAXL003_Cas9_PhoX_DIA12_CV486075_250ng_FAIMS_001,92577,,,0,0,-0,0,3,0,0,Q99ZW2,,,false,Q99ZW2,Q99ZW2,,false,ENQTTQKGQK,NSDKLIAR,766,1115,10,8,7,4,772,1118,3,,-1,0.192727,0.192727,9.850568,false,true,false,false,Self ,0,0.000742,1.166989,,0,0,0,0,0,1133,1391,0,
Scan: 1767089 Run: DIA12_CV486075:20251228_A2_N1_Mueller_MS_TechHub_IMP_THIDDIAXL003_Cas9_PhoX_DIA12_CV486075_250ng_FAIMS_003 P1_QITKHVAQILDSR P2_IEKILTFR 4 3,DIA12_CV486075:20251228_A2_N1_Mueller_MS_TechHub_IMP_THIDDIAXL003_Cas9_PhoX_DIA12_CV486075_250ng_FAIMS_003,1767089,,,0,0,-0,0,4,0,0,Q99ZW2,,,false,Q99ZW2,Q99ZW2,,false,IEKILTFR,QITKHVAQILDSR,440,926,8,13,3,4,442,929,4,,-1,0.192623,0.192623,9.850309,false,true,false,false,Self ,0,0.000742,1.16744,,0,0,0,0,0,1272,925,0,
Scan: 243262 Run: DIA12_CV486075:20251228_A2_N1_Mueller_MS_TechHub_IMP_THIDDIAXL003_Cas9_PhoX_DIA12_CV486075_250ng_FAIMS_001 P1_FKVLGNTDR P2_EKIEKILTFR 2 2,DIA12_CV486075:20251228_A2_N1_Mueller_MS_TechHub_IMP_THIDDIAXL003_Cas9_PhoX_DIA12_CV486075_250ng_FAIMS_001,243262,,,0,0,-0,0,4,0,0,Q99ZW2,,,false,Q99ZW2,Q99ZW2,,false,EKIEKILTFR,FKVLGNTDR,438,32,10,9,2,2,439,33,4,,-1,0.19259,0.19259,9.850226,false,true,false,false,Self ,0,0.000742,1.16744,,0,0,0,0,0,956,1373,0,
Scan: 405402 Run: DIA12_CV486075:20251228_A2_N1_Mueller_MS_TechHub_IMP_THIDDIAXL003_Cas9_PhoX_DIA12_CV486075_250ng_FAIMS_001 P1_KAIVDLLFK P2_EVKVITLK 1 3,DIA12_CV486075:20251228_A2_N1_Mueller_MS_TechHub_IMP_THIDDIAXL003_Cas9_PhoX_DIA12_CV486075_250ng_FAIMS_001,405402,,,0,0,-0,0,3,0,0,Q99ZW2,,,false,Q99ZW2,Q99ZW2,,false,EVKVITLK,KAIVDLLFK,952,546,8,9,3,1,954,546,3,,-1,0.192412,0.192412,9.84978,false,true,false,false,Self ,0,0.000742,1.168344,,0,0,0,0,0,1270,924,0,
Scan: 621394 Run: DIA12_CV486075:20251228_A2_N1_Mueller_MS_TechHub_IMP_THIDDIAXL003_Cas9_PhoX_DIA12_CV486075_250ng_FAIMS_002 P1_SKLVSDFR P2_KRPLIETNGETGEIVWDK 2 1,DIA12_CV486075:20251228_A2_N1_Mueller_MS_TechHub_IMP_THIDDIAXL003_Cas9_PhoX_DIA12_CV486075_250ng_FAIMS_002,621394,,,0,0,-0,0,4,0,0,Q99ZW2,,,false,Q99ZW2,Q99ZW2,,false,KRPLIETNGETGEIVWDK,SKLVSDFR,1059,960,18,8,1,2,1059,961,4,,-1,0.192378,0.192378,9.849696,false,true,false,false,Self ,0,0.000742,1.168344,,0,0,0,0,0,1269,923,0,
Scan: 709620 Run: DIA12_CV486075:20251228_A2_N1_Mueller_MS_TechHub_IMP_THIDDIAXL003_Cas9_PhoX_DIA12_CV486075_250ng_FAIMS_002 P1_SSFEKNPIDFLEAK P2_KKDWDPKK 5 1,DIA12_CV486075:20251228_A2_N1_Mueller_MS_TechHub_IMP_THIDDIAXL003_Cas9_PhoX_DIA12_CV486075_250ng_FAIMS_002,709620,,,0,0,-0,0,3,0,0,Q99ZW2,,,false,Q99ZW2,Q99ZW2,,false,KKDWDPKK,SSFEKNPIDFLEAK,1123,1172,8,14,1,5,1123,1176,3,,-1,0.191998,0.191998,9.848747,false,true,false,false,Self ,0,0.000742,1.168344,,0,0,0,0,0,1057,1382,0,
Scan: 719043 Run: DIA12_CV486075:20251228_A2_N1_Mueller_MS_TechHub_IMP_THIDDIAXL003_Cas9_PhoX_DIA12_CV486075_250ng_FAIMS_002 P1_SSFEKNPIDFLEAK P2_KDFQFYK 5 1,DIA12_CV486075:20251228_A2_N1_Mueller_MS_TechHub_IMP_THIDDIAXL003_Cas9_PhoX_DIA12_CV486075_250ng_FAIMS_002,719043,,,0,0,-0,0,4,0,0,Q99ZW2,,,false,Q99ZW2,Q99ZW2,,false,KDFQFYK,SSFEKNPIDFLEAK,968,1172,7,14,1,5,968,1176,4,,-1,0.191946,0.191946,9.848617,false,true,false,false,Self ,0,0.000742,1.168344,,0,0,0,0,0,1267,922,0,
Scan: 1675845 Run: DIA12_CV486075:20251228_A2_N1_Mueller_MS_TechHub_IMP_THIDDIAXL003_Cas9_PhoX_DIA12_CV486075_250ng_FAIMS_003 P1_KNGLFGNLIALSLGLTPNFK P2_AQVSGQGDSLHEHIANLAGSPAIKK 1 24,DIA12_CV486075:20251228_A2_N1_Mueller_MS_TechHub_IMP_THIDDIAXL003_Cas9_PhoX_DIA12_CV486075_250ng_FAIMS_003,1675845,,,0,0,-0,0,5,0,0,Q99ZW2,,,false,Q99ZW2,Q99ZW2,,false,AQVSGQGDSLHEHIANLAGSPAIKK,KNGLFGNLIALSLGLTPNFK,711,234,25,20,24,1,734,234,5,,-1,0.191741,0.191741,9.848103,false,true,false,false,Self ,0,0.000743,1.168344,,0,0,0,0,0,1266,921,0,
Scan: 1158628 Run: DIA12_CV486075:20251228_A2_N1_Mueller_MS_TechHub_IMP_THIDDIAXL003_Cas9_PhoX_DIA12_CV486075_250ng_FAIMS_002 P1_QSGKTILDFLK P2_KFDNLTK 4 1,DIA12_CV486075:20251228_A2_N1_Mueller_MS_TechHub_IMP_THIDDIAXL003_Cas9_PhoX_DIA12_CV486075_250ng_FAIMS_002,1158628,,,0,0,-0,0,3,0,0,Q99ZW2,,,false,Q99ZW2,Q99ZW2,,false,KFDNLTK,QSGKTILDFLK,896,674,7,11,1,4,896,677,3,,-1,0.191543,0.191543,9.847609,false,true,false,false,Self ,0,0.000743,1.168344,,0,0,0,0,0,1265,920,0,
Scan: 1610341 Run: DIA12_CV486075:20251228_A2_N1_Mueller_MS_TechHub_IMP_THIDDIAXL003_Cas9_PhoX_DIA12_CV486075_250ng_FAIMS_003 P1_VLPKHSLLYEYFTVYNELTK P2_KIECFDSVEISGVEDR 4 1,DIA12_CV486075:20251228_A2_N1_Mueller_MS_TechHub_IMP_THIDDIAXL003_Cas9_PhoX_DIA12_CV486075_250ng_FAIMS_003,1610341,,,0,0,-0,0,4,0,0,Q99ZW2,,,false,Q99ZW2,Q99ZW2,,false,KIECFDSVEISGVEDR,VLPKHSLLYEYFTVYNELTK,571,507,16,20,1,4,571,510,4,,-1,0.191373,0.191373,9.847183,false,true,false,false,Self ,0,0.000743,1.168344,,0,0,0,0,0,1264,919,0,
Scan: 525336 Run: DIA12_CV486075:20251228_A2_N1_Mueller_MS_TechHub_IMP_THIDDIAXL003_Cas9_PhoX_DIA12_CV486075_250ng_FAIMS_001 P1_KGILQTVK P2_ELGSQILKEHPVENTQLQNEK 1 8,DIA12_CV486075:20251228_A2_N1_Mueller_MS_TechHub_IMP_THIDDIAXL003_Cas9_PhoX_DIA12_CV486075_250ng_FAIMS_001,525336,,,0,0,-0,0,4,0,0,Q99ZW2,,,false,Q99ZW2,Q99ZW2,,false,ELGSQILKEHPVENTQLQNEK,KGILQTVK,790,735,21,8,8,1,797,735,4,,-1,0.191105,0.191105,9.846513,false,true,false,false,Self ,0,0.000743,1.168344,,0,0,0,0,0,1263,918,0,
Scan: 1572986 Run: DIA12_CV486075:20251228_A2_N1_Mueller_MS_TechHub_IMP_THIDDIAXL003_Cas9_PhoX_DIA12_CV486075_250ng_FAIMS_003 P1_RNSDKLIAR P2_KPAFLSGEQK 5 1,DIA12_CV486075:20251228_A2_N1_Mueller_MS_TechHub_IMP_THIDDIAXL003_Cas9_PhoX_DIA12_CV486075_250ng_FAIMS_003,1572986,,,0,0,-0,0,4,0,0,Q99ZW2,,,false,Q99ZW2,Q99ZW2,,false,KPAFLSGEQK,RNSDKLIAR,536,1114,10,9,1,5,536,1118,4,,-1,0.191076,0.191076,9.84644,false,true,false,false,Self ,0,0.000743,1.168344,,0,0,0,0,0,1262,369,0,
Scan: 1351841 Run: DIA12_CV486075:20251228_A2_N1_Mueller_MS_TechHub_IMP_THIDDIAXL003_Cas9_PhoX_DIA12_CV486075_250ng_FAIMS_003 P1_GNELALPSKYVNFLYLASHYEK P2_GKSDNVPSEEVVK 9 2,DIA12_CV486075:20251228_A2_N1_Mueller_MS_TechHub_IMP_THIDDIAXL003_Cas9_PhoX_DIA12_CV486075_250ng_FAIMS_003,1351841,,,0,0,-0,0,4,0,0,Q99ZW2,,,false,Q99ZW2,Q99ZW2,,false,GKSDNVPSEEVVK,GNELALPSKYVNFLYLASHYEK,865,1223,13,22,2,9,866,1231,4,,-1,0.190718,0.190718,9.845547,false,true,false,false,Self ,0,0.000743,1.168796,,0,0,0,0,0,1261,916,0,
Scan: 1634592 Run: DIA12_CV486075:20251228_A2_N1_Mueller_MS_TechHub_IMP_THIDDIAXL003_Cas9_PhoX_DIA12_CV486075_250ng_FAIMS_003 P1_QSGKTILDFLK P2_IEKILTFR 4 3,DIA12_CV486075:20251228_A2_N1_Mueller_MS_TechHub_IMP_THIDDIAXL003_Cas9_PhoX_DIA12_CV486075_250ng_FAIMS_003,1634592,,,0,0,-0,0,3,0,0,Q99ZW2,,,false,Q99ZW2,Q99ZW2,,false,IEKILTFR,QSGKTILDFLK,440,674,8,11,3,4,442,677,3,,-1,0.190563,0.190563,9.845159,false,true,false,false,Self ,0,0.000744,1.168796,,0,0,0,0,0,1260,915,0,
Scan: 1420522 Run: DIA12_CV486075:20251228_A2_N1_Mueller_MS_TechHub_IMP_THIDDIAXL003_Cas9_PhoX_DIA12_CV486075_250ng_FAIMS_003 P1_SNFDLAEDAKLQLSK P2_KDWDPK 10 1,DIA12_CV486075:20251228_A2_N1_Mueller_MS_TechHub_IMP_THIDDIAXL003_Cas9_PhoX_DIA12_CV486075_250ng_FAIMS_003,1420522,,,0,0,-0,0,4,0,0,Q99ZW2,,,false,Q99ZW2,Q99ZW2,,false,KDWDPK,SNFDLAEDAKLQLSK,1124,254,6,15,1,10,1124,263,4,,-1,0.190561,0.190561,9.845153,false,true,false,false,Self ,0,0.000744,1.168796,,0,0,0,0,0,1026,1378,0,
Scan: 733830 Run: DIA12_CV486075:20251228_A2_N1_Mueller_MS_TechHub_IMP_THIDDIAXL003_Cas9_PhoX_DIA12_CV486075_250ng_FAIMS_002 P1_QLKEDYFK P2_KDLIIK 3 1,DIA12_CV486075:20251228_A2_N1_Mueller_MS_TechHub_IMP_THIDDIAXL003_Cas9_PhoX_DIA12_CV486075_250ng_FAIMS_002,733830,,,0,0,-0,0,3,0,0,Q99ZW2,,,false,Q99ZW2,Q99ZW2,,false,KDLIIK,QLKEDYFK,1192,563,6,8,1,3,1192,565,3,,-1,0.190509,0.190509,9.845023,false,true,false,false,Self ,0,0.000744,1.168796,,0,0,0,0,0,1258,914,0,
Scan: 1605199 Run: DIA12_CV486075:20251228_A2_N1_Mueller_MS_TechHub_IMP_THIDDIAXL003_Cas9_PhoX_DIA12_CV486075_250ng_FAIMS_003 P1_NSDKLIAR P2_KVTVK 4 1,DIA12_CV486075:20251228_A2_N1_Mueller_MS_TechHub_IMP_THIDDIAXL003_Cas9_PhoX_DIA12_CV486075_250ng_FAIMS_003,1605199,,,0,0,-0,0,3,0,0,Q99ZW2,,,false,Q99ZW2,Q99ZW2,,false,KVTVK,NSDKLIAR,558,1115,5,8,1,4,558,1118,3,,-1,0.190438,0.190438,9.844845,false,true,false,false,Self ,0,0.000744,1.168796,,0,0,0,0,0,1257,913,0,
Scan: 1557496 Run: DIA12_CV486075:20251228_A2_N1_Mueller_MS_TechHub_IMP_THIDDIAXL003_Cas9_PhoX_DIA12_CV486075_250ng_FAIMS_003 P1_VLPKHSLLYEYFTVYNELTK P2_LKGSPEDNEQK 4 2,DIA12_CV486075:20251228_A2_N1_Mueller_MS_TechHub_IMP_THIDDIAXL003_Cas9_PhoX_DIA12_CV486075_250ng_FAIMS_003,1557496,,,0,0,-0,0,4,0,0,Q99ZW2,,,false,Q99ZW2,Q99ZW2,,false,LKGSPEDNEQK,VLPKHSLLYEYFTVYNELTK,1245,507,11,20,2,4,1246,510,4,,-1,0.190052,0.190052,9.843882,false,true,false,false,Self ,0,0.000744,1.169702,,0,0,0,0,0,1256,912,0,
Scan: 959528 Run: DIA12_CV486075:20251228_A2_N1_Mueller_MS_TechHub_IMP_THIDDIAXL003_Cas9_PhoX_DIA12_CV486075_250ng_FAIMS_002 P1_VLPKHSLLYEYFTVYNELTK P2_KDLIIK 4 1,DIA12_CV486075:20251228_A2_N1_Mueller_MS_TechHub_IMP_THIDDIAXL003_Cas9_PhoX_DIA12_CV486075_250ng_FAIMS_002,959528,,,0,0,-0,0,3,0,0,Q99ZW2,,,false,Q99ZW2,Q99ZW2,,false,KDLIIK,VLPKHSLLYEYFTVYNELTK,1192,507,6,20,1,4,1192,510,3,,-1,0.18957,0.18957,9.842676,false,true,false,false,Self ,0,0.000744,1.170155,,0,0,0,0,0,1255,1443,0,
Scan: 1025746 Run: DIA12_CV486075:20251228_A2_N1_Mueller_MS_TechHub_IMP_THIDDIAXL003_Cas9_PhoX_DIA12_CV486075_250ng_FAIMS_002 P1_KLINGIR P2_KKDWDPK 1 2,DIA12_CV486075:20251228_A2_N1_Mueller_MS_TechHub_IMP_THIDDIAXL003_Cas9_PhoX_DIA12_CV486075_250ng_FAIMS_002,1025746,,,0,0,-0,0,4,0,0,Q99ZW2,,,false,Q99ZW2,Q99ZW2,,false,KKDWDPK,KLINGIR,1123,665,7,7,2,1,1124,665,4,,-1,0.189492,0.189492,9.842481,false,true,false,false,Self ,0,0.000744,1.170155,,0,0,0,0,0,1077,59,0,
Scan: 14007 Run: DIA12_CV486075:20251228_A2_N1_Mueller_MS_TechHub_IMP_THIDDIAXL003_Cas9_PhoX_DIA12_CV486075_250ng_FAIMS_001 P1_SEQEIGKATAK P2_LESEFVYGDYKVYDVR 7 11,DIA12_CV486075:20251228_A2_N1_Mueller_MS_TechHub_IMP_THIDDIAXL003_Cas9_PhoX_DIA12_CV486075_250ng_FAIMS_001,14007,,,0,0,-0,0,4,0,0,Q99ZW2,,,false,Q99ZW2,Q99ZW2,,false,LESEFVYGDYKVYDVR,SEQEIGKATAK,1004,1025,16,11,11,7,1014,1031,4,,-1,0.189425,0.189425,9.842314,false,true,false,false,Self ,0,0.000745,1.170155,,0,0,0,0,0,1253,911,0,
Scan: 1491291 Run: DIA12_CV486075:20251228_A2_N1_Mueller_MS_TechHub_IMP_THIDDIAXL003_Cas9_PhoX_DIA12_CV486075_250ng_FAIMS_003 P1_KRPLIETNGETGEIVWDK P2_KNLIGALLFDSGETAEATR 1 1,DIA12_CV486075:20251228_A2_N1_Mueller_MS_TechHub_IMP_THIDDIAXL003_Cas9_PhoX_DIA12_CV486075_250ng_FAIMS_003,1491291,,,0,0,-0,0,4,0,0,Q99ZW2,,,false,Q99ZW2,Q99ZW2,,false,KNLIGALLFDSGETAEATR,KRPLIETNGETGEIVWDK,45,1059,19,18,1,1,45,1059,4,,-1,0.189136,0.189136,9.841592,false,true,false,false,Self ,0,0.000745,1.170609,,0,0,0,0,0,1252,910,0,
Scan: 163390 Run: DIA12_CV486075:20251228_A2_N1_Mueller_MS_TechHub_IMP_THIDDIAXL003_Cas9_PhoX_DIA12_CV486075_250ng_FAIMS_001 P1_LKGSPEDNEQK P2_KGILQTVK 2 1,DIA12_CV486075:20251228_A2_N1_Mueller_MS_TechHub_IMP_THIDDIAXL003_Cas9_PhoX_DIA12_CV486075_250ng_FAIMS_001,163390,,,0,0,-0,0,3,0,0,Q99ZW2,,,false,Q99ZW2,Q99ZW2,,false,KGILQTVK,LKGSPEDNEQK,735,1245,8,11,1,2,735,1246,3,,-1,0.188583,0.188583,9.84021,false,true,false,false,Self ,0,0.000745,1.171517,,0,0,0,0,0,88,1298,0,
Scan: 247166 Run: DIA12_CV486075:20251228_A2_N1_Mueller_MS_TechHub_IMP_THIDDIAXL003_Cas9_PhoX_DIA12_CV486075_250ng_FAIMS_001 P1_YDEHHQDLTLLKALVR P2_LEESFLVEEDKKHER 12 11,DIA12_CV486075:20251228_A2_N1_Mueller_MS_TechHub_IMP_THIDDIAXL003_Cas9_PhoX_DIA12_CV486075_250ng_FAIMS_001,247166,,,0,0,-0,0,6,0,0,Q99ZW2,,,false,Q99ZW2,Q99ZW2,,false,LEESFLVEEDKKHER,YDEHHQDLTLLKALVR,101,325,15,16,11,12,111,336,6,,-1,0.188414,0.188414,9.839785,false,true,false,false,Self ,0,0.000745,1.171972,,0,0,0,0,0,1194,392,0,
Scan: 405280 Run: DIA12_CV486075:20251228_A2_N1_Mueller_MS_TechHub_IMP_THIDDIAXL003_Cas9_PhoX_DIA12_CV486075_250ng_FAIMS_001 P1_KAIVDLLFK P2_GQKNSR 1 3,DIA12_CV486075:20251228_A2_N1_Mueller_MS_TechHub_IMP_THIDDIAXL003_Cas9_PhoX_DIA12_CV486075_250ng_FAIMS_001,405280,,,0,0,-0,0,3,0,0,Q99ZW2,,,false,Q99ZW2,Q99ZW2,,false,GQKNSR,KAIVDLLFK,773,546,6,9,3,1,775,546,3,,-1,0.188118,0.188118,9.839047,false,true,false,false,Self ,0,0.000746,1.171972,,0,0,0,0,0,1249,909,0,
Scan: 413555 Run: DIA12_CV486075:20251228_A2_N1_Mueller_MS_TechHub_IMP_THIDDIAXL003_Cas9_PhoX_DIA12_CV486075_250ng_FAIMS_001 P1_QLKEDYFK P2_QITKHVAQILDSR 3 4,DIA12_CV486075:20251228_A2_N1_Mueller_MS_TechHub_IMP_THIDDIAXL003_Cas9_PhoX_DIA12_CV486075_250ng_FAIMS_001,413555,,,0,0,-0,0,4,0,0,Q99ZW2,,,false,Q99ZW2,Q99ZW2,,false,QITKHVAQILDSR,QLKEDYFK,926,563,13,8,4,3,929,565,4,,-1,0.187943,0.187943,9.838608,false,true,false,false,Self ,0,0.000746,1.171972,,0,0,0,0,0,1248,908,0,
Scan: 38307 Run: DIA12_CV486075:20251228_A2_N1_Mueller_MS_TechHub_IMP_THIDDIAXL003_Cas9_PhoX_DIA12_CV486075_250ng_FAIMS_001 P1_KTEVQTGGFSK P2_FKVLGNTDR 1 2,DIA12_CV486075:20251228_A2_N1_Mueller_MS_TechHub_IMP_THIDDIAXL003_Cas9_PhoX_DIA12_CV486075_250ng_FAIMS_001,38307,,,0,0,-0,0,4,0,0,Q99ZW2,,,false,Q99ZW2,Q99ZW2,,false,FKVLGNTDR,KTEVQTGGFSK,32,1097,9,11,2,1,33,1097,4,,-1,0.187728,0.187728,9.838071,false,true,false,false,Self ,0,0.000746,1.171972,,0,0,0,0,0,1247,1520,0,
Scan: 1763581 Run: DIA12_CV486075:20251228_A2_N1_Mueller_MS_TechHub_IMP_THIDDIAXL003_Cas9_PhoX_DIA12_CV486075_250ng_FAIMS_003 P1_KFDNLTK P2_GGLSELDKAGFIK 1 8,DIA12_CV486075:20251228_A2_N1_Mueller_MS_TechHub_IMP_THIDDIAXL003_Cas9_PhoX_DIA12_CV486075_250ng_FAIMS_003,1763581,,,0,0,-0,0,3,0,0,Q99ZW2,,,false,Q99ZW2,Q99ZW2,,false,GGLSELDKAGFIK,KFDNLTK,906,896,13,7,8,1,913,896,3,,-1,0.1877,0.1877,9.838001,false,true,false,false,Self ,0,0.000746,1.171972,,0,0,0,0,0,1246,145,0,
Scan: 1651222 Run: DIA12_CV486075:20251228_A2_N1_Mueller_MS_TechHub_IMP_THIDDIAXL003_Cas9_PhoX_DIA12_CV486075_250ng_FAIMS_003 P1_YKEIFFDQSK P2_EDIQKAQVSGQGDSLHEHIANLAGSPAIK 2 5,DIA12_CV486075:20251228_A2_N1_Mueller_MS_TechHub_IMP_THIDDIAXL003_Cas9_PhoX_DIA12_CV486075_250ng_FAIMS_003,1651222,,,0,0,-0,0,5,0,0,Q99ZW2,,,false,Q99ZW2,Q99ZW2,,false,EDIQKAQVSGQGDSLHEHIANLAGSPAIK,YKEIFFDQSK,706,347,29,10,5,2,710,348,5,,-1,0.187407,0.187407,9.837268,false,true,false,false,Self ,0,0.000746,1.173339,,0,0,0,0,0,1245,906,0,
Scan: 1356819 Run: DIA12_CV486075:20251228_A2_N1_Mueller_MS_TechHub_IMP_THIDDIAXL003_Cas9_PhoX_DIA12_CV486075_250ng_FAIMS_003 P1_LPKYSLFELENGR P2_LKGSPEDNEQK 3 2,DIA12_CV486075:20251228_A2_N1_Mueller_MS_TechHub_IMP_THIDDIAXL003_Cas9_PhoX_DIA12_CV486075_250ng_FAIMS_003,1356819,,,0,0,-0,0,4,0,0,Q99ZW2,,,false,Q99ZW2,Q99ZW2,,false,LKGSPEDNEQK,LPKYSLFELENGR,1245,1198,11,13,2,3,1246,1200,4,,-1,0.18719,0.18719,9.836726,false,true,false,false,Self ,0,0.000746,1.174251,,0,0,0,0,0,1080,1383,0,
Scan: 661976 Run: DIA12_CV486075:20251228_A2_N1_Mueller_MS_TechHub_IMP_THIDDIAXL003_Cas9_PhoX_DIA12_CV486075_250ng_FAIMS_002 P1_KTEVQTGGFSKESILPK P2_KDWDPK 11 1,DIA12_CV486075:20251228_A2_N1_Mueller_MS_TechHub_IMP_THIDDIAXL003_Cas9_PhoX_DIA12_CV486075_250ng_FAIMS_002,661976,,,0,0,-0,0,3,0,0,Q99ZW2,,,false,Q99ZW2,Q99ZW2,,false,KDWDPK,KTEVQTGGFSKESILPK,1124,1097,6,17,1,11,1124,1107,3,,-1,0.186911,0.186911,9.836029,false,true,false,false,Self ,0,0.000747,1.174708,,0,0,0,0,0,841,53,0,
Scan: 604757 Run: DIA12_CV486075:20251228_A2_N1_Mueller_MS_TechHub_IMP_THIDDIAXL003_Cas9_PhoX_DIA12_CV486075_250ng_FAIMS_002 P1_LESEFVYGDYKVYDVR P2_KLINGIR 11 1,DIA12_CV486075:20251228_A2_N1_Mueller_MS_TechHub_IMP_THIDDIAXL003_Cas9_PhoX_DIA12_CV486075_250ng_FAIMS_002,604757,,,0,0,-0,0,4,0,0,Q99ZW2,,,false,Q99ZW2,Q99ZW2,,false,KLINGIR,LESEFVYGDYKVYDVR,665,1004,7,16,1,11,665,1014,4,,-1,0.186754,0.186754,9.835637,false,true,false,false,Self ,0,0.000747,1.174708,,0,0,0,0,0,1242,905,0,
Scan: 1619755 Run: DIA12_CV486075:20251228_A2_N1_Mueller_MS_TechHub_IMP_THIDDIAXL003_Cas9_PhoX_DIA12_CV486075_250ng_FAIMS_003 P1_SKLVSDFR P2_LKTYAHLFDDK 2 2,DIA12_CV486075:20251228_A2_N1_Mueller_MS_TechHub_IMP_THIDDIAXL003_Cas9_PhoX_DIA12_CV486075_250ng_FAIMS_003,1619755,,,0,0,-0,0,4,0,0,Q99ZW2,,,false,Q99ZW2,Q99ZW2,,false,LKTYAHLFDDK,SKLVSDFR,636,960,11,8,2,2,637,961,4,,-1,0.186685,0.186685,9.835463,false,true,false,false,Self ,0,0.000747,1.174708,,0,0,0,0,0,1241,904,0,
Scan: 971438 Run: DIA12_CV486075:20251228_A2_N1_Mueller_MS_TechHub_IMP_THIDDIAXL003_Cas9_PhoX_DIA12_CV486075_250ng_FAIMS_002 P1_VKYVTEGMR P2_FKVLGNTDR 2 2,DIA12_CV486075:20251228_A2_N1_Mueller_MS_TechHub_IMP_THIDDIAXL003_Cas9_PhoX_DIA12_CV486075_250ng_FAIMS_002,971438,,,0,0,-0,0,3,0,0,Q99ZW2,,,false,Q99ZW2,Q99ZW2,,false,FKVLGNTDR,VKYVTEGMR,32,527,9,9,2,2,33,528,3,,-1,0.186604,0.186604,9.835262,false,true,false,false,Self ,0,0.000747,1.175165,,0,0,0,0,0,395,1321,0,
Scan: 894103 Run: DIA12_CV486075:20251228_A2_N1_Mueller_MS_TechHub_IMP_THIDDIAXL003_Cas9_PhoX_DIA12_CV486075_250ng_FAIMS_002 P1_KTEVQTGGFSK P2_KNLIGALLFDSGETAEATR 1 1,DIA12_CV486075:20251228_A2_N1_Mueller_MS_TechHub_IMP_THIDDIAXL003_Cas9_PhoX_DIA12_CV486075_250ng_FAIMS_002,894103,,,0,0,-0,0,4,0,0,Q99ZW2,,,false,Q99ZW2,Q99ZW2,,false,KNLIGALLFDSGETAEATR,KTEVQTGGFSK,45,1097,19,11,1,1,45,1097,4,,-1,0.186233,0.186233,9.834333,false,true,false,false,Self ,0,0.000747,1.175623,,0,0,0,0,0,1239,903,0,
Scan: 302243 Run: DIA12_CV486075:20251228_A2_N1_Mueller_MS_TechHub_IMP_THIDDIAXL003_Cas9_PhoX_DIA12_CV486075_250ng_FAIMS_001 P1_KSEETITPWNFEEVVDK P2_KDLIIK 1 1,DIA12_CV486075:20251228_A2_N1_Mueller_MS_TechHub_IMP_THIDDIAXL003_Cas9_PhoX_DIA12_CV486075_250ng_FAIMS_001,302243,,,0,0,-0,0,3,0,0,Q99ZW2,,,false,Q99ZW2,Q99ZW2,,false,KDLIIK,KSEETITPWNFEEVVDK,1192,468,6,17,1,1,1192,468,3,,-1,0.185766,0.185766,9.833165,false,true,false,false,Self ,0,0.000748,1.176081,,0,0,0,0,0,1238,1485,0,
Scan: 226148 Run: DIA12_CV486075:20251228_A2_N1_Mueller_MS_TechHub_IMP_THIDDIAXL003_Cas9_PhoX_DIA12_CV486075_250ng_FAIMS_001 P1_SNFDLAEDAKLQLSK P2_KLVDSTDK 10 1,DIA12_CV486075:20251228_A2_N1_Mueller_MS_TechHub_IMP_THIDDIAXL003_Cas9_PhoX_DIA12_CV486075_250ng_FAIMS_001,226148,,,0,0,-0,0,4,0,0,Q99ZW2,,,false,Q99ZW2,Q99ZW2,,false,KLVDSTDK,SNFDLAEDAKLQLSK,141,254,8,15,1,10,141,263,4,,-1,0.18555,0.18555,9.832625,false,true,false,false,Self ,0,0.000748,1.176081,,0,0,0,0,0,1237,902,0,
Scan: 1584371 Run: DIA12_CV486075:20251228_A2_N1_Mueller_MS_TechHub_IMP_THIDDIAXL003_Cas9_PhoX_DIA12_CV486075_250ng_FAIMS_003 P1_KPAFLSGEQK P2_KFDNLTK 1 1,DIA12_CV486075:20251228_A2_N1_Mueller_MS_TechHub_IMP_THIDDIAXL003_Cas9_PhoX_DIA12_CV486075_250ng_FAIMS_003,1584371,,,0,0,-0,0,4,0,0,Q99ZW2,,,false,Q99ZW2,Q99ZW2,,false,KFDNLTK,KPAFLSGEQK,896,536,7,10,1,1,896,536,4,,-1,0.185097,0.185097,9.831494,false,true,false,false,Self ,0,0.000748,1.176539,,0,0,0,0,0,1230,1402,0,
Scan: 985624 Run: DIA12_CV486075:20251228_A2_N1_Mueller_MS_TechHub_IMP_THIDDIAXL003_Cas9_PhoX_DIA12_CV486075_250ng_FAIMS_002 P1_KPAFLSGEQK P2_GQKNSR 1 3,DIA12_CV486075:20251228_A2_N1_Mueller_MS_TechHub_IMP_THIDDIAXL003_Cas9_PhoX_DIA12_CV486075_250ng_FAIMS_002,985624,,,0,0,-0,0,3,0,0,Q99ZW2,,,false,Q99ZW2,Q99ZW2,,false,GQKNSR,KPAFLSGEQK,773,536,6,10,3,1,775,536,3,,-1,0.185008,0.185008,9.83127,false,true,false,false,Self ,0,0.000748,1.176539,,0,0,0,0,0,145,1301,0,
Scan: 483968 Run: DIA12_CV486075:20251228_A2_N1_Mueller_MS_TechHub_IMP_THIDDIAXL003_Cas9_PhoX_DIA12_CV486075_250ng_FAIMS_001 P1_KGILQTVK P2_IEKILTFR 1 3,DIA12_CV486075:20251228_A2_N1_Mueller_MS_TechHub_IMP_THIDDIAXL003_Cas9_PhoX_DIA12_CV486075_250ng_FAIMS_001,483968,,,0,0,-0,0,3,0,0,Q99ZW2,,,false,Q99ZW2,Q99ZW2,,false,IEKILTFR,KGILQTVK,440,735,8,8,3,1,442,735,3,,-1,0.184982,0.184982,9.831206,false,true,false,false,Self ,0,0.000748,1.176539,,0,0,0,0,0,1234,1435,0,
Scan: 103650 Run: DIA12_CV486075:20251228_A2_N1_Mueller_MS_TechHub_IMP_THIDDIAXL003_Cas9_PhoX_DIA12_CV486075_250ng_FAIMS_001 P1_KYGGFDSPTVAYSVLVVAK P2_ESILPKR 1 6,DIA12_CV486075:20251228_A2_N1_Mueller_MS_TechHub_IMP_THIDDIAXL003_Cas9_PhoX_DIA12_CV486075_250ng_FAIMS_001,103650,,,0,0,-0,0,3,0,0,Q99ZW2,,,false,Q99ZW2,Q99ZW2,,false,ESILPKR,KYGGFDSPTVAYSVLVVAK,1108,1130,7,19,6,1,1113,1130,3,,-1,0.184607,0.184607,9.830269,false,true,false,false,Self ,0,0.000749,1.176539,,0,0,0,0,0,909,1360,0,
Scan: 1265091 Run: DIA12_CV486075:20251228_A2_N1_Mueller_MS_TechHub_IMP_THIDDIAXL003_Cas9_PhoX_DIA12_CV486075_250ng_FAIMS_003 P1_KTEVQTGGFSKESILPK P2_KNLIGALLFDSGETAEATR 11 1,DIA12_CV486075:20251228_A2_N1_Mueller_MS_TechHub_IMP_THIDDIAXL003_Cas9_PhoX_DIA12_CV486075_250ng_FAIMS_003,1265091,,,0,0,-0,0,4,0,0,Q99ZW2,,,false,Q99ZW2,Q99ZW2,,false,KNLIGALLFDSGETAEATR,KTEVQTGGFSKESILPK,45,1097,19,17,1,11,45,1107,4,,-1,0.184286,0.184286,9.829466,false,true,false,false,Self ,0,0.000749,1.177917,,0,0,0,0,0,1232,901,0,
Scan: 859014 Run: DIA12_CV486075:20251228_A2_N1_Mueller_MS_TechHub_IMP_THIDDIAXL003_Cas9_PhoX_DIA12_CV486075_250ng_FAIMS_002 P1_YKEIFFDQSK P2_YDENDKLIR 2 6,DIA12_CV486075:20251228_A2_N1_Mueller_MS_TechHub_IMP_THIDDIAXL003_Cas9_PhoX_DIA12_CV486075_250ng_FAIMS_002,859014,,,0,0,-0,0,3,0,0,Q99ZW2,,,false,Q99ZW2,Q99ZW2,,false,YDENDKLIR,YKEIFFDQSK,943,347,9,10,6,2,948,348,3,,-1,0.184198,0.184198,9.829247,false,true,false,false,Self ,0,0.000749,1.177917,,0,0,0,0,0,1231,900,0,
Scan: 389462 Run: DIA12_CV486075:20251228_A2_N1_Mueller_MS_TechHub_IMP_THIDDIAXL003_Cas9_PhoX_DIA12_CV486075_250ng_FAIMS_001 P1_KPAFLSGEQK P2_KFDNLTK 1 1,DIA12_CV486075:20251228_A2_N1_Mueller_MS_TechHub_IMP_THIDDIAXL003_Cas9_PhoX_DIA12_CV486075_250ng_FAIMS_001,389462,,,0,0,-0,0,3,0,0,Q99ZW2,,,false,Q99ZW2,Q99ZW2,,false,KFDNLTK,KPAFLSGEQK,896,536,7,10,1,1,896,536,3,,-1,0.184115,0.184115,9.829038,false,true,false,false,Self ,0,0.000749,1.177917,,0,0,0,0,0,1230,1402,0,
Scan: 1106241 Run: DIA12_CV486075:20251228_A2_N1_Mueller_MS_TechHub_IMP_THIDDIAXL003_Cas9_PhoX_DIA12_CV486075_250ng_FAIMS_002 P1_SEQEIGKATAK P2_ENQTTQKGQK 7 7,DIA12_CV486075:20251228_A2_N1_Mueller_MS_TechHub_IMP_THIDDIAXL003_Cas9_PhoX_DIA12_CV486075_250ng_FAIMS_002,1106241,,,0,0,-0,0,3,0,0,Q99ZW2,,,false,Q99ZW2,Q99ZW2,,false,ENQTTQKGQK,SEQEIGKATAK,766,1025,10,11,7,7,772,1031,3,,-1,0.18399,0.18399,9.828727,false,true,false,false,Self ,0,0.000749,1.177917,,0,0,0,0,0,1229,899,0,
Scan: 541110 Run: DIA12_CV486075:20251228_A2_N1_Mueller_MS_TechHub_IMP_THIDDIAXL003_Cas9_PhoX_DIA12_CV486075_250ng_FAIMS_001 P1_YKEIFFDQSK P2_DDSIDNKVLTR 2 7,DIA12_CV486075:20251228_A2_N1_Mueller_MS_TechHub_IMP_THIDDIAXL003_Cas9_PhoX_DIA12_CV486075_250ng_FAIMS_001,541110,,,0,0,-0,0,3,0,0,Q99ZW2,,,false,Q99ZW2,Q99ZW2,,false,DDSIDNKVLTR,YKEIFFDQSK,849,347,11,10,7,2,855,348,3,,-1,0.183743,0.183743,9.828109,false,true,false,false,Self ,0,0.000749,1.178376,,0,0,0,0,0,1228,898,0,
Scan: 605309 Run: DIA12_CV486075:20251228_A2_N1_Mueller_MS_TechHub_IMP_THIDDIAXL003_Cas9_PhoX_DIA12_CV486075_250ng_FAIMS_002 P1_QITKHVAQILDSR P2_LESEFVYGDYKVYDVR 4 11,DIA12_CV486075:20251228_A2_N1_Mueller_MS_TechHub_IMP_THIDDIAXL003_Cas9_PhoX_DIA12_CV486075_250ng_FAIMS_002,605309,,,0,0,-0,0,4,0,0,Q99ZW2,,,false,Q99ZW2,Q99ZW2,,false,LESEFVYGDYKVYDVR,QITKHVAQILDSR,1004,926,16,13,11,4,1014,929,4,,-1,0.183694,0.183694,9.827986,false,true,false,false,Self ,0,0.000749,1.178376,,0,0,0,0,0,1227,897,0,
Scan: 483415 Run: DIA12_CV486075:20251228_A2_N1_Mueller_MS_TechHub_IMP_THIDDIAXL003_Cas9_PhoX_DIA12_CV486075_250ng_FAIMS_001 P1_KGILQTVK P2_KDLIIK 1 1,DIA12_CV486075:20251228_A2_N1_Mueller_MS_TechHub_IMP_THIDDIAXL003_Cas9_PhoX_DIA12_CV486075_250ng_FAIMS_001,483415,,,0,0,-0,0,3,0,0,Q99ZW2,,,false,Q99ZW2,Q99ZW2,,false,KDLIIK,KGILQTVK,1192,735,6,8,1,1,1192,735,3,,-1,0.183463,0.183463,9.827409,false,true,false,false,Self ,0,0.00075,1.179758,,0,0,0,0,0,1226,896,0,
Scan: 859163 Run: DIA12_CV486075:20251228_A2_N1_Mueller_MS_TechHub_IMP_THIDDIAXL003_Cas9_PhoX_DIA12_CV486075_250ng_FAIMS_002 P1_YKEIFFDQSK P2_KDFQFYK 2 1,DIA12_CV486075:20251228_A2_N1_Mueller_MS_TechHub_IMP_THIDDIAXL003_Cas9_PhoX_DIA12_CV486075_250ng_FAIMS_002,859163,,,0,0,-0,0,3,0,0,Q99ZW2,,,false,Q99ZW2,Q99ZW2,,false,KDFQFYK,YKEIFFDQSK,968,347,7,10,1,2,968,348,3,,-1,0.183076,0.183076,9.826442,false,true,false,false,Self ,0,0.00075,1.180219,,0,0,0,0,0,944,1366,0,
Scan: 948444 Run: DIA12_CV486075:20251228_A2_N1_Mueller_MS_TechHub_IMP_THIDDIAXL003_Cas9_PhoX_DIA12_CV486075_250ng_FAIMS_002 P1_SEETITPWNFEEVVDKGASAQSFIER P2_QLLNAKLITQR 16 6,DIA12_CV486075:20251228_A2_N1_Mueller_MS_TechHub_IMP_THIDDIAXL003_Cas9_PhoX_DIA12_CV486075_250ng_FAIMS_002,948444,,,0,0,-0,0,4,0,0,Q99ZW2,,,false,Q99ZW2,Q99ZW2,,false,QLLNAKLITQR,SEETITPWNFEEVVDKGASAQSFIER,885,469,11,26,6,16,890,484,4,,-1,0.182775,0.182775,9.825689,false,true,false,false,Self ,0,0.00075,1.180219,,0,0,0,0,0,1224,895,0,
Scan: 1559964 Run: DIA12_CV486075:20251228_A2_N1_Mueller_MS_TechHub_IMP_THIDDIAXL003_Cas9_PhoX_DIA12_CV486075_250ng_FAIMS_003 P1_VLPKHSLLYEYFTVYNELTK P2_QSGKTILDFLK 4 4,DIA12_CV486075:20251228_A2_N1_Mueller_MS_TechHub_IMP_THIDDIAXL003_Cas9_PhoX_DIA12_CV486075_250ng_FAIMS_003,1559964,,,0,0,-0,0,4,0,0,Q99ZW2,,,false,Q99ZW2,Q99ZW2,,false,QSGKTILDFLK,VLPKHSLLYEYFTVYNELTK,674,507,11,20,4,4,677,510,4,,-1,0.182549,0.182549,9.825124,false,true,false,false,Self ,0,0.00075,1.181142,,0,0,0,0,0,1223,894,0,
Scan: 690917 Run: DIA12_CV486075:20251228_A2_N1_Mueller_MS_TechHub_IMP_THIDDIAXL003_Cas9_PhoX_DIA12_CV486075_250ng_FAIMS_002 P1_NSDKLIAR P2_KDFQFYK 4 1,DIA12_CV486075:20251228_A2_N1_Mueller_MS_TechHub_IMP_THIDDIAXL003_Cas9_PhoX_DIA12_CV486075_250ng_FAIMS_002,690917,,,0,0,-0,0,4,0,0,Q99ZW2,,,false,Q99ZW2,Q99ZW2,,false,KDFQFYK,NSDKLIAR,968,1115,7,8,1,4,968,1118,4,,-1,0.182505,0.182505,9.825014,false,true,false,false,Self ,0,0.00075,1.181142,,0,0,0,0,0,1222,1418,0,
Scan: 960831 Run: DIA12_CV486075:20251228_A2_N1_Mueller_MS_TechHub_IMP_THIDDIAXL003_Cas9_PhoX_DIA12_CV486075_250ng_FAIMS_002 P1_VLPKHSLLYEYFTVYNELTK P2_EKIEKILTFR 4 2,DIA12_CV486075:20251228_A2_N1_Mueller_MS_TechHub_IMP_THIDDIAXL003_Cas9_PhoX_DIA12_CV486075_250ng_FAIMS_002,960831,,,0,0,-0,0,4,0,0,Q99ZW2,,,false,Q99ZW2,Q99ZW2,,false,EKIEKILTFR,VLPKHSLLYEYFTVYNELTK,438,507,10,20,2,4,439,510,4,,-1,0.182342,0.182342,9.824606,false,true,false,false,Self ,0,0.000751,1.181142,,0,0,0,0,0,1221,893,0,
Scan: 1110284 Run: DIA12_CV486075:20251228_A2_N1_Mueller_MS_TechHub_IMP_THIDDIAXL003_Cas9_PhoX_DIA12_CV486075_250ng_FAIMS_002 P1_GQKNSR P2_DKQSGK 3 2,DIA12_CV486075:20251228_A2_N1_Mueller_MS_TechHub_IMP_THIDDIAXL003_Cas9_PhoX_DIA12_CV486075_250ng_FAIMS_002,1110284,,,0,0,-0,0,3,0,0,Q99ZW2,,,false,Q99ZW2,Q99ZW2,,false,DKQSGK,GQKNSR,672,773,6,6,2,3,673,775,3,,-1,0.182183,0.182183,9.824208,false,true,false,false,Self ,0,0.000751,1.182994,,0,0,0,0,0,1220,892,0,
Scan: 569133 Run: DIA12_CV486075:20251228_A2_N1_Mueller_MS_TechHub_IMP_THIDDIAXL003_Cas9_PhoX_DIA12_CV486075_250ng_FAIMS_001 P1_KFDNLTKAER P2_GGLSELDKAGFIK 7 8,DIA12_CV486075:20251228_A2_N1_Mueller_MS_TechHub_IMP_THIDDIAXL003_Cas9_PhoX_DIA12_CV486075_250ng_FAIMS_001,569133,,,0,0,-0,0,3,0,0,Q99ZW2,,,false,Q99ZW2,Q99ZW2,,false,GGLSELDKAGFIK,KFDNLTKAER,906,896,13,10,8,7,913,902,3,,-1,0.181948,0.181948,9.823621,false,true,false,false,Self ,0,0.000751,1.182994,,0,0,0,0,0,177,1303,0,
Scan: 1597141 Run: DIA12_CV486075:20251228_A2_N1_Mueller_MS_TechHub_IMP_THIDDIAXL003_Cas9_PhoX_DIA12_CV486075_250ng_FAIMS_003 P1_NSDKLIAR P2_KPAFLSGEQKK 4 10,DIA12_CV486075:20251228_A2_N1_Mueller_MS_TechHub_IMP_THIDDIAXL003_Cas9_PhoX_DIA12_CV486075_250ng_FAIMS_003,1597141,,,0,0,-0,0,4,0,0,Q99ZW2,,,false,Q99ZW2,Q99ZW2,,false,KPAFLSGEQKK,NSDKLIAR,536,1115,11,8,10,4,545,1118,4,,-1,0.181868,0.181868,9.823421,false,true,false,false,Self ,0,0.000751,1.182994,,0,0,0,0,0,1218,891,0,
Scan: 1536507 Run: DIA12_CV486075:20251228_A2_N1_Mueller_MS_TechHub_IMP_THIDDIAXL003_Cas9_PhoX_DIA12_CV486075_250ng_FAIMS_003 P1_KSEETITPWNFEEVVDKGASAQSFIER P2_KDLIIK 17 1,DIA12_CV486075:20251228_A2_N1_Mueller_MS_TechHub_IMP_THIDDIAXL003_Cas9_PhoX_DIA12_CV486075_250ng_FAIMS_003,1536507,,,0,0,-0,0,4,0,0,Q99ZW2,,,false,Q99ZW2,Q99ZW2,,false,KDLIIK,KSEETITPWNFEEVVDKGASAQSFIER,1192,468,6,27,1,17,1192,484,4,,-1,0.181757,0.181757,9.823143,false,true,false,false,Self ,0,0.000751,1.182994,,0,0,0,0,0,1217,890,0,
Scan: 351526 Run: DIA12_CV486075:20251228_A2_N1_Mueller_MS_TechHub_IMP_THIDDIAXL003_Cas9_PhoX_DIA12_CV486075_250ng_FAIMS_001 P1_SKLVSDFR P2_SEETITPWNFEEVVDKGASAQSFIER 2 16,DIA12_CV486075:20251228_A2_N1_Mueller_MS_TechHub_IMP_THIDDIAXL003_Cas9_PhoX_DIA12_CV486075_250ng_FAIMS_001,351526,,,0,0,-0,0,4,0,0,Q99ZW2,,,false,Q99ZW2,Q99ZW2,,false,SEETITPWNFEEVVDKGASAQSFIER,SKLVSDFR,469,960,26,8,16,2,484,961,4,,-1,0.18175,0.18175,9.823127,false,true,false,false,Self ,0,0.000751,1.182994,,0,0,0,0,0,1216,889,0,
Scan: 597529 Run: DIA12_CV486075:20251228_A2_N1_Mueller_MS_TechHub_IMP_THIDDIAXL003_Cas9_PhoX_DIA12_CV486075_250ng_FAIMS_002 P1_YPKLESEFVYGDYK P2_KMIAK 3 1,DIA12_CV486075:20251228_A2_N1_Mueller_MS_TechHub_IMP_THIDDIAXL003_Cas9_PhoX_DIA12_CV486075_250ng_FAIMS_002,597529,,,0,0,-0,0,3,0,0,Q99ZW2,,,false,Q99ZW2,Q99ZW2,,false,KMIAK,YPKLESEFVYGDYK,1020,1001,5,14,1,3,1020,1003,3,,-1,0.180779,0.180779,9.820699,false,true,false,false,Self ,0,0.000752,1.184851,,0,0,0,0,0,1215,888,0,
Scan: 1619340 Run: DIA12_CV486075:20251228_A2_N1_Mueller_MS_TechHub_IMP_THIDDIAXL003_Cas9_PhoX_DIA12_CV486075_250ng_FAIMS_003 P1_LKTYAHLFDDK P2_FKVLGNTDR 2 2,DIA12_CV486075:20251228_A2_N1_Mueller_MS_TechHub_IMP_THIDDIAXL003_Cas9_PhoX_DIA12_CV486075_250ng_FAIMS_003,1619340,,,0,0,-0,0,3,0,0,Q99ZW2,,,false,Q99ZW2,Q99ZW2,,false,FKVLGNTDR,LKTYAHLFDDK,32,636,9,11,2,2,33,637,3,,-1,0.180734,0.180734,9.820587,false,true,false,false,Self ,0,0.000752,1.184851,,0,0,0,0,0,204,1304,0,
Scan: 588475 Run: DIA12_CV486075:20251228_A2_N1_Mueller_MS_TechHub_IMP_THIDDIAXL003_Cas9_PhoX_DIA12_CV486075_250ng_FAIMS_001 P1_SKLVSDFR P2_FKVLGNTDR 2 2,DIA12_CV486075:20251228_A2_N1_Mueller_MS_TechHub_IMP_THIDDIAXL003_Cas9_PhoX_DIA12_CV486075_250ng_FAIMS_001,588475,,,0,0,-0,0,3,0,0,Q99ZW2,,,false,Q99ZW2,Q99ZW2,,false,FKVLGNTDR,SKLVSDFR,32,960,9,8,2,2,33,961,3,,-1,0.179983,0.179983,9.818708,false,true,false,false,Self ,0,0.000753,1.185782,,0,0,0,0,0,1213,1416,0,
Scan: 1021974 Run: DIA12_CV486075:20251228_A2_N1_Mueller_MS_TechHub_IMP_THIDDIAXL003_Cas9_PhoX_DIA12_CV486075_250ng_FAIMS_002 P1_LKTYAHLFDDK P2_KAIVDLLFK 2 1,DIA12_CV486075:20251228_A2_N1_Mueller_MS_TechHub_IMP_THIDDIAXL003_Cas9_PhoX_DIA12_CV486075_250ng_FAIMS_002,1021974,,,0,0,-0,0,4,0,0,Q99ZW2,,,false,Q99ZW2,Q99ZW2,,false,KAIVDLLFK,LKTYAHLFDDK,546,636,9,11,1,2,546,637,4,,-1,0.179792,0.179792,9.818232,false,true,false,false,Self ,0,0.000753,1.185782,,0,0,0,0,0,1212,887,0,
Scan: 733214 Run: DIA12_CV486075:20251228_A2_N1_Mueller_MS_TechHub_IMP_THIDDIAXL003_Cas9_PhoX_DIA12_CV486075_250ng_FAIMS_002 P1_YKEIFFDQSK P2_KDLIIK 2 1,DIA12_CV486075:20251228_A2_N1_Mueller_MS_TechHub_IMP_THIDDIAXL003_Cas9_PhoX_DIA12_CV486075_250ng_FAIMS_002,733214,,,0,0,-0,0,4,0,0,Q99ZW2,,,false,Q99ZW2,Q99ZW2,,false,KDLIIK,YKEIFFDQSK,1192,347,6,10,1,2,1192,348,4,,-1,0.179674,0.179674,9.817937,false,true,false,false,Self ,0,0.000753,1.185782,,0,0,0,0,0,1211,1503,0,
Scan: 900692 Run: DIA12_CV486075:20251228_A2_N1_Mueller_MS_TechHub_IMP_THIDDIAXL003_Cas9_PhoX_DIA12_CV486075_250ng_FAIMS_002 P1_KSEETITPWNFEEVVDK P2_KDLIIKLPK 1 6,DIA12_CV486075:20251228_A2_N1_Mueller_MS_TechHub_IMP_THIDDIAXL003_Cas9_PhoX_DIA12_CV486075_250ng_FAIMS_002,900692,,,0,0,-0,0,4,0,0,Q99ZW2,,,false,Q99ZW2,Q99ZW2,,false,KDLIIKLPK,KSEETITPWNFEEVVDK,1192,468,9,17,6,1,1197,468,4,,-1,0.179535,0.179535,9.817587,false,true,false,false,Self ,0,0.000753,1.185782,,0,0,0,0,0,1210,886,0,
Scan: 1635369 Run: DIA12_CV486075:20251228_A2_N1_Mueller_MS_TechHub_IMP_THIDDIAXL003_Cas9_PhoX_DIA12_CV486075_250ng_FAIMS_003 P1_QSGKTILDFLK P2_KDFQFYK 4 1,DIA12_CV486075:20251228_A2_N1_Mueller_MS_TechHub_IMP_THIDDIAXL003_Cas9_PhoX_DIA12_CV486075_250ng_FAIMS_003,1635369,,,0,0,-0,0,4,0,0,Q99ZW2,,,false,Q99ZW2,Q99ZW2,,false,KDFQFYK,QSGKTILDFLK,968,674,7,11,1,4,968,677,4,,-1,0.178804,0.178804,9.815761,false,true,false,false,Self ,0,0.000754,1.187648,,0,0,0,0,0,1061,1376,0,
Scan: 635647 Run: DIA12_CV486075:20251228_A2_N1_Mueller_MS_TechHub_IMP_THIDDIAXL003_Cas9_PhoX_DIA12_CV486075_250ng_FAIMS_002 P1_SNFDLAEDAKLQLSK P2_KTEVQTGGFSK 10 1,DIA12_CV486075:20251228_A2_N1_Mueller_MS_TechHub_IMP_THIDDIAXL003_Cas9_PhoX_DIA12_CV486075_250ng_FAIMS_002,635647,,,0,0,-0,0,4,0,0,Q99ZW2,,,false,Q99ZW2,Q99ZW2,,false,KTEVQTGGFSK,SNFDLAEDAKLQLSK,1097,254,11,15,1,10,1097,263,4,,-1,0.17876,0.17876,9.815652,false,true,false,false,Self ,0,0.000754,1.187648,,0,0,0,0,0,1208,885,0,
Scan: 1456569 Run: DIA12_CV486075:20251228_A2_N1_Mueller_MS_TechHub_IMP_THIDDIAXL003_Cas9_PhoX_DIA12_CV486075_250ng_FAIMS_003 P1_YKEIFFDQSK P2_SKLVSDFR 2 2,DIA12_CV486075:20251228_A2_N1_Mueller_MS_TechHub_IMP_THIDDIAXL003_Cas9_PhoX_DIA12_CV486075_250ng_FAIMS_003,1456569,,,0,0,-0,0,3,0,0,Q99ZW2,,,false,Q99ZW2,Q99ZW2,,false,SKLVSDFR,YKEIFFDQSK,960,347,8,10,2,2,961,348,3,,-1,0.178385,0.178385,9.814713,false,true,false,false,Self ,0,0.000754,1.189051,,0,0,0,0,0,1207,1421,0,
Scan: 1485930 Run: DIA12_CV486075:20251228_A2_N1_Mueller_MS_TechHub_IMP_THIDDIAXL003_Cas9_PhoX_DIA12_CV486075_250ng_FAIMS_003 P1_KTEVQTGGFSK P2_IEKILTFR 1 3,DIA12_CV486075:20251228_A2_N1_Mueller_MS_TechHub_IMP_THIDDIAXL003_Cas9_PhoX_DIA12_CV486075_250ng_FAIMS_003,1485930,,,0,0,-0,0,4,0,0,Q99ZW2,,,false,Q99ZW2,Q99ZW2,,false,IEKILTFR,KTEVQTGGFSK,440,1097,8,11,3,1,442,1097,4,,-1,0.178231,0.178231,9.814328,false,true,false,false,Self ,0,0.000754,1.189519,,0,0,0,0,0,1206,1426,0,
Scan: 544608 Run: DIA12_CV486075:20251228_A2_N1_Mueller_MS_TechHub_IMP_THIDDIAXL003_Cas9_PhoX_DIA12_CV486075_250ng_FAIMS_001 P1_KTEVQTGGFSK P2_GKSDNVPSEEVVK 1 2,DIA12_CV486075:20251228_A2_N1_Mueller_MS_TechHub_IMP_THIDDIAXL003_Cas9_PhoX_DIA12_CV486075_250ng_FAIMS_001,544608,,,0,0,-0,0,3,0,0,Q99ZW2,,,false,Q99ZW2,Q99ZW2,,false,GKSDNVPSEEVVK,KTEVQTGGFSK,865,1097,13,11,2,1,866,1097,3,,-1,0.177997,0.177997,9.813743,false,true,false,false,Self ,0,0.000754,1.189519,,0,0,0,0,0,472,1323,0,
Scan: 437387 Run: DIA12_CV486075:20251228_A2_N1_Mueller_MS_TechHub_IMP_THIDDIAXL003_Cas9_PhoX_DIA12_CV486075_250ng_FAIMS_001 P1_SSFEKNPIDFLEAK P2_DKQSGK 5 2,DIA12_CV486075:20251228_A2_N1_Mueller_MS_TechHub_IMP_THIDDIAXL003_Cas9_PhoX_DIA12_CV486075_250ng_FAIMS_001,437387,,,0,0,-0,0,4,0,0,Q99ZW2,,,false,Q99ZW2,Q99ZW2,,false,DKQSGK,SSFEKNPIDFLEAK,672,1172,6,14,2,5,673,1176,4,,-1,0.177883,0.177883,9.813458,false,true,false,false,Self ,0,0.000754,1.189519,,0,0,0,0,0,1204,884,0,
Scan: 1553327 Run: DIA12_CV486075:20251228_A2_N1_Mueller_MS_TechHub_IMP_THIDDIAXL003_Cas9_PhoX_DIA12_CV486075_250ng_FAIMS_003 P1_MTNFDKNLPNEK P2_DKQSGK 6 2,DIA12_CV486075:20251228_A2_N1_Mueller_MS_TechHub_IMP_THIDDIAXL003_Cas9_PhoX_DIA12_CV486075_250ng_FAIMS_003,1553327,,,0,0,-0,0,3,0,0,Q99ZW2,,,false,Q99ZW2,Q99ZW2,,false,DKQSGK,MTNFDKNLPNEK,672,495,6,12,2,6,673,500,3,,-1,0.177728,0.177728,9.81307,false,true,false,false,Self ,0,0.000754,1.189519,,0,0,0,0,0,1203,883,0,
Scan: 75445 Run: DIA12_CV486075:20251228_A2_N1_Mueller_MS_TechHub_IMP_THIDDIAXL003_Cas9_PhoX_DIA12_CV486075_250ng_FAIMS_001 P1_TEVQTGGFSKESILPK P2_KDFQFYK 10 1,DIA12_CV486075:20251228_A2_N1_Mueller_MS_TechHub_IMP_THIDDIAXL003_Cas9_PhoX_DIA12_CV486075_250ng_FAIMS_001,75445,,,0,0,-0,0,4,0,0,Q99ZW2,,,false,Q99ZW2,Q99ZW2,,false,KDFQFYK,TEVQTGGFSKESILPK,968,1098,7,16,1,10,968,1107,4,,-1,0.17756,0.17756,9.812651,false,true,false,false,Self ,0,0.000755,1.189519,,0,0,0,0,0,1202,882,0,
Scan: 1159216 Run: DIA12_CV486075:20251228_A2_N1_Mueller_MS_TechHub_IMP_THIDDIAXL003_Cas9_PhoX_DIA12_CV486075_250ng_FAIMS_002 P1_KFDNLTK P2_KDFQFYK 1 1,DIA12_CV486075:20251228_A2_N1_Mueller_MS_TechHub_IMP_THIDDIAXL003_Cas9_PhoX_DIA12_CV486075_250ng_FAIMS_002,1159216,,,0,0,-0,0,3,0,0,Q99ZW2,,,false,Q99ZW2,Q99ZW2,,false,KDFQFYK,KFDNLTK,968,896,7,7,1,1,968,896,3,,-1,0.176763,0.176763,9.810658,false,true,false,false,Self ,0,0.000755,1.191397,,0,0,0,0,0,1201,881,0,
Scan: 1399744 Run: DIA12_CV486075:20251228_A2_N1_Mueller_MS_TechHub_IMP_THIDDIAXL003_Cas9_PhoX_DIA12_CV486075_250ng_FAIMS_003 P1_KLVDSTDK P2_KDFQFYK 1 1,DIA12_CV486075:20251228_A2_N1_Mueller_MS_TechHub_IMP_THIDDIAXL003_Cas9_PhoX_DIA12_CV486075_250ng_FAIMS_003,1399744,,,0,0,-0,0,3,0,0,Q99ZW2,,,false,Q99ZW2,Q99ZW2,,false,KDFQFYK,KLVDSTDK,968,141,7,8,1,1,968,141,3,,-1,0.176562,0.176562,9.810156,false,true,false,false,Self ,0,0.000755,1.191867,,0,0,0,0,0,1200,880,0,
Scan: 858487 Run: DIA12_CV486075:20251228_A2_N1_Mueller_MS_TechHub_IMP_THIDDIAXL003_Cas9_PhoX_DIA12_CV486075_250ng_FAIMS_002 P1_YKEIFFDQSK P2_SDKNR 2 3,DIA12_CV486075:20251228_A2_N1_Mueller_MS_TechHub_IMP_THIDDIAXL003_Cas9_PhoX_DIA12_CV486075_250ng_FAIMS_002,858487,,,0,0,-0,0,3,0,0,Q99ZW2,,,false,Q99ZW2,Q99ZW2,,false,SDKNR,YKEIFFDQSK,860,347,5,10,3,2,862,348,3,,-1,0.176468,0.176468,9.809921,false,true,false,false,Self ,0,0.000756,1.191867,,0,0,0,0,0,1199,879,0,
Scan: 1196241 Run: DIA12_CV486075:20251228_A2_N1_Mueller_MS_TechHub_IMP_THIDDIAXL003_Cas9_PhoX_DIA12_CV486075_250ng_FAIMS_003 P1_YPKLESEFVYGDYK P2_SKLVSDFR 3 2,DIA12_CV486075:20251228_A2_N1_Mueller_MS_TechHub_IMP_THIDDIAXL003_Cas9_PhoX_DIA12_CV486075_250ng_FAIMS_003,1196241,,,0,0,-0,0,4,0,0,Q99ZW2,,,false,Q99ZW2,Q99ZW2,,false,SKLVSDFR,YPKLESEFVYGDYK,960,1001,8,14,2,3,961,1003,4,,-1,0.176357,0.176357,9.809644,false,true,false,false,Self ,0,0.000756,1.191867,,0,0,0,0,0,1198,675,0,
Scan: 791849 Run: DIA12_CV486075:20251228_A2_N1_Mueller_MS_TechHub_IMP_THIDDIAXL003_Cas9_PhoX_DIA12_CV486075_250ng_FAIMS_002 P1_RNSDKLIAR P2_EQAENIIHLFTLTNLGAPAAFKYFDTTIDR 5 22,DIA12_CV486075:20251228_A2_N1_Mueller_MS_TechHub_IMP_THIDDIAXL003_Cas9_PhoX_DIA12_CV486075_250ng_FAIMS_002,791849,,,0,0,-0,0,5,0,0,Q99ZW2,,,false,Q99ZW2,Q99ZW2,,false,EQAENIIHLFTLTNLGAPAAFKYFDTTIDR,RNSDKLIAR,1304,1114,30,9,22,5,1325,1118,5,,-1,0.176077,0.176077,9.808943,false,true,false,false,Self ,0,0.000756,1.192338,,0,0,0,0,0,1197,877,0,
Scan: 802163 Run: DIA12_CV486075:20251228_A2_N1_Mueller_MS_TechHub_IMP_THIDDIAXL003_Cas9_PhoX_DIA12_CV486075_250ng_FAIMS_002 P1_KLVDSTDK P2_GKSDNVPSEEVVK 1 2,DIA12_CV486075:20251228_A2_N1_Mueller_MS_TechHub_IMP_THIDDIAXL003_Cas9_PhoX_DIA12_CV486075_250ng_FAIMS_002,802163,,,0,0,-0,0,3,0,0,Q99ZW2,,,false,Q99ZW2,Q99ZW2,,false,GKSDNVPSEEVVK,KLVDSTDK,865,141,13,8,2,1,866,141,3,,-1,0.176008,0.176008,9.808772,false,true,false,false,Self ,0,0.000756,1.193281,,0,0,0,0,0,1196,876,0,
Scan: 293774 Run: DIA12_CV486075:20251228_A2_N1_Mueller_MS_TechHub_IMP_THIDDIAXL003_Cas9_PhoX_DIA12_CV486075_250ng_FAIMS_001 P1_TILDFLKSDGFANR P2_IEKILTFR 7 3,DIA12_CV486075:20251228_A2_N1_Mueller_MS_TechHub_IMP_THIDDIAXL003_Cas9_PhoX_DIA12_CV486075_250ng_FAIMS_001,293774,,,0,0,-0,0,4,0,0,Q99ZW2,,,false,Q99ZW2,Q99ZW2,,false,IEKILTFR,TILDFLKSDGFANR,440,678,8,14,3,7,442,684,4,,-1,0.175879,0.175879,9.808448,false,true,false,false,Self ,0,0.000756,1.194225,,0,0,0,0,0,1195,1447,0,
Scan: 1271886 Run: DIA12_CV486075:20251228_A2_N1_Mueller_MS_TechHub_IMP_THIDDIAXL003_Cas9_PhoX_DIA12_CV486075_250ng_FAIMS_003 P1_YDEHHQDLTLLKALVR P2_LEESFLVEEDKKHER 12 11,DIA12_CV486075:20251228_A2_N1_Mueller_MS_TechHub_IMP_THIDDIAXL003_Cas9_PhoX_DIA12_CV486075_250ng_FAIMS_003,1271886,,,0,0,-0,0,5,0,0,Q99ZW2,,,false,Q99ZW2,Q99ZW2,,false,LEESFLVEEDKKHER,YDEHHQDLTLLKALVR,101,325,15,16,11,12,111,336,5,,-1,0.175862,0.175862,9.808407,false,true,false,false,Self ,0,0.000756,1.194225,,0,0,0,0,0,1194,392,0,
Scan: 1634476 Run: DIA12_CV486075:20251228_A2_N1_Mueller_MS_TechHub_IMP_THIDDIAXL003_Cas9_PhoX_DIA12_CV486075_250ng_FAIMS_003 P1_QSGKTILDFLK P2_FKVLGNTDR 4 2,DIA12_CV486075:20251228_A2_N1_Mueller_MS_TechHub_IMP_THIDDIAXL003_Cas9_PhoX_DIA12_CV486075_250ng_FAIMS_003,1634476,,,0,0,-0,0,3,0,0,Q99ZW2,,,false,Q99ZW2,Q99ZW2,,false,FKVLGNTDR,QSGKTILDFLK,32,674,9,11,2,4,33,677,3,,-1,0.175406,0.175406,9.807266,false,true,false,false,Self ,0,0.000756,1.194697,,0,0,0,0,0,1193,1419,0,
Scan: 6594 Run: DIA12_CV486075:20251228_A2_N1_Mueller_MS_TechHub_IMP_THIDDIAXL003_Cas9_PhoX_DIA12_CV486075_250ng_FAIMS_001 P1_LESEFVYGDYKVYDVR P2_FKVLGNTDR 11 2,DIA12_CV486075:20251228_A2_N1_Mueller_MS_TechHub_IMP_THIDDIAXL003_Cas9_PhoX_DIA12_CV486075_250ng_FAIMS_001,6594,,,0,0,-0,0,4,0,0,Q99ZW2,,,false,Q99ZW2,Q99ZW2,,false,FKVLGNTDR,LESEFVYGDYKVYDVR,32,1004,9,16,2,11,33,1014,4,,-1,0.174895,0.174895,9.805989,false,true,false,false,Self ,0,0.000757,1.196117,,0,0,0,0,0,1192,875,0,
Scan: 514644 Run: DIA12_CV486075:20251228_A2_N1_Mueller_MS_TechHub_IMP_THIDDIAXL003_Cas9_PhoX_DIA12_CV486075_250ng_FAIMS_001 P1_IEEGIKELGSQILK P2_FKVLGNTDR 6 2,DIA12_CV486075:20251228_A2_N1_Mueller_MS_TechHub_IMP_THIDDIAXL003_Cas9_PhoX_DIA12_CV486075_250ng_FAIMS_001,514644,,,0,0,-0,0,4,0,0,Q99ZW2,,,false,Q99ZW2,Q99ZW2,,false,FKVLGNTDR,IEEGIKELGSQILK,32,784,9,14,2,6,33,789,4,,-1,0.174667,0.174667,9.805418,false,true,false,false,Self ,0,0.000757,1.197066,,0,0,0,0,0,1191,874,0,
Scan: 1285943 Run: DIA12_CV486075:20251228_A2_N1_Mueller_MS_TechHub_IMP_THIDDIAXL003_Cas9_PhoX_DIA12_CV486075_250ng_FAIMS_003 P1_QSGKTILDFLK P2_NSDKLIAR 4 4,DIA12_CV486075:20251228_A2_N1_Mueller_MS_TechHub_IMP_THIDDIAXL003_Cas9_PhoX_DIA12_CV486075_250ng_FAIMS_003,1285943,,,0,0,-0,0,4,0,0,Q99ZW2,,,false,Q99ZW2,Q99ZW2,,false,NSDKLIAR,QSGKTILDFLK,1115,674,8,11,4,4,1118,677,4,,-1,0.174481,0.174481,9.804955,false,true,false,false,Self ,0,0.000757,1.197541,,0,0,0,0,0,377,1312,0,
Scan: 1351528 Run: DIA12_CV486075:20251228_A2_N1_Mueller_MS_TechHub_IMP_THIDDIAXL003_Cas9_PhoX_DIA12_CV486075_250ng_FAIMS_003 P1_KLINGIR P2_GNELALPSKYVNFLYLASHYEK 1 9,DIA12_CV486075:20251228_A2_N1_Mueller_MS_TechHub_IMP_THIDDIAXL003_Cas9_PhoX_DIA12_CV486075_250ng_FAIMS_003,1351528,,,0,0,-0,0,4,0,0,Q99ZW2,,,false,Q99ZW2,Q99ZW2,,false,GNELALPSKYVNFLYLASHYEK,KLINGIR,1223,665,22,7,9,1,1231,665,4,,-1,0.174255,0.174255,9.804388,false,true,false,false,Self ,0,0.000757,1.198016,,0,0,0,0,0,1189,873,0,
Scan: 1037564 Run: DIA12_CV486075:20251228_A2_N1_Mueller_MS_TechHub_IMP_THIDDIAXL003_Cas9_PhoX_DIA12_CV486075_250ng_FAIMS_002 P1_QSGKTILDFLK P2_KGILQTVK 4 1,DIA12_CV486075:20251228_A2_N1_Mueller_MS_TechHub_IMP_THIDDIAXL003_Cas9_PhoX_DIA12_CV486075_250ng_FAIMS_002,1037564,,,0,0,-0,0,3,0,0,Q99ZW2,,,false,Q99ZW2,Q99ZW2,,false,KGILQTVK,QSGKTILDFLK,735,674,8,11,1,4,735,677,3,,-1,0.174164,0.174164,9.804162,false,true,false,false,Self ,0,0.000757,1.198016,,0,0,0,0,0,1188,1434,0,
Scan: 696075 Run: DIA12_CV486075:20251228_A2_N1_Mueller_MS_TechHub_IMP_THIDDIAXL003_Cas9_PhoX_DIA12_CV486075_250ng_FAIMS_002 P1_KDWDPK P2_GQKNSR 1 3,DIA12_CV486075:20251228_A2_N1_Mueller_MS_TechHub_IMP_THIDDIAXL003_Cas9_PhoX_DIA12_CV486075_250ng_FAIMS_002,696075,,,0,0,-0,0,3,0,0,Q99ZW2,,,false,Q99ZW2,Q99ZW2,,false,GQKNSR,KDWDPK,773,1124,6,6,3,1,775,1124,3,,-1,0.174074,0.174074,9.803935,false,true,false,false,Self ,0,0.000758,1.198016,,0,0,0,0,0,1187,872,0,
Scan: 230755 Run: DIA12_CV486075:20251228_A2_N1_Mueller_MS_TechHub_IMP_THIDDIAXL003_Cas9_PhoX_DIA12_CV486075_250ng_FAIMS_001 P1_VNTEITKAPLSASMIK P2_FKVLGNTDR 7 2,DIA12_CV486075:20251228_A2_N1_Mueller_MS_TechHub_IMP_THIDDIAXL003_Cas9_PhoX_DIA12_CV486075_250ng_FAIMS_001,230755,,,0,0,-0,0,3,0,0,Q99ZW2,,,false,Q99ZW2,Q99ZW2,,false,FKVLGNTDR,VNTEITKAPLSASMIK,32,308,9,16,2,7,33,314,3,,-1,0.173915,0.173915,9.803539,false,true,false,false,Self ,0,0.000758,1.198016,,0,0,0,0,0,72,1294,0,
Scan: 1293046 Run: DIA12_CV486075:20251228_A2_N1_Mueller_MS_TechHub_IMP_THIDDIAXL003_Cas9_PhoX_DIA12_CV486075_250ng_FAIMS_003 P1_KDWDPK P2_IEKILTFR 1 3,DIA12_CV486075:20251228_A2_N1_Mueller_MS_TechHub_IMP_THIDDIAXL003_Cas9_PhoX_DIA12_CV486075_250ng_FAIMS_003,1293046,,,0,0,-0,0,3,0,0,Q99ZW2,,,false,Q99ZW2,Q99ZW2,,false,IEKILTFR,KDWDPK,440,1124,8,6,3,1,442,1124,3,,-1,0.17391,0.17391,9.803525,false,true,false,false,Self ,0,0.000758,1.198016,,0,0,0,0,0,1185,871,0,
Scan: 82892 Run: DIA12_CV486075:20251228_A2_N1_Mueller_MS_TechHub_IMP_THIDDIAXL003_Cas9_PhoX_DIA12_CV486075_250ng_FAIMS_001 P1_NSDKLIAR P2_KKDWDPKK 4 1,DIA12_CV486075:20251228_A2_N1_Mueller_MS_TechHub_IMP_THIDDIAXL003_Cas9_PhoX_DIA12_CV486075_250ng_FAIMS_001,82892,,,0,0,-0,0,4,0,0,Q99ZW2,,,false,Q99ZW2,Q99ZW2,,false,KKDWDPKK,NSDKLIAR,1123,1115,8,8,1,4,1123,1118,4,,-1,0.173811,0.173811,9.803279,false,true,false,false,Self ,0,0.000758,1.198016,,0,0,0,0,0,1184,870,0,
Scan: 1002946 Run: DIA12_CV486075:20251228_A2_N1_Mueller_MS_TechHub_IMP_THIDDIAXL003_Cas9_PhoX_DIA12_CV486075_250ng_FAIMS_002 P1_KDFQFYK P2_KAIVDLLFK 1 1,DIA12_CV486075:20251228_A2_N1_Mueller_MS_TechHub_IMP_THIDDIAXL003_Cas9_PhoX_DIA12_CV486075_250ng_FAIMS_002,1002946,,,0,0,-0,0,3,0,0,Q99ZW2,,,false,Q99ZW2,Q99ZW2,,false,KAIVDLLFK,KDFQFYK,546,968,9,7,1,1,546,968,3,,-1,0.173655,0.173655,9.802889,false,true,false,false,Self ,0,0.000758,1.198016,,0,0,0,0,0,1183,869,0,
Scan: 1690189 Run: DIA12_CV486075:20251228_A2_N1_Mueller_MS_TechHub_IMP_THIDDIAXL003_Cas9_PhoX_DIA12_CV486075_250ng_FAIMS_003 P1_GILQTVKVVDELVK P2_DKQSGK 7 2,DIA12_CV486075:20251228_A2_N1_Mueller_MS_TechHub_IMP_THIDDIAXL003_Cas9_PhoX_DIA12_CV486075_250ng_FAIMS_003,1690189,,,0,0,-0,0,4,0,0,Q99ZW2,,,false,Q99ZW2,Q99ZW2,,false,DKQSGK,GILQTVKVVDELVK,672,736,6,14,2,7,673,742,4,,-1,0.17352,0.17352,9.802552,false,true,false,false,Self ,0,0.000758,1.198016,,0,0,0,0,0,996,1365,0,
Scan: 1158523 Run: DIA12_CV486075:20251228_A2_N1_Mueller_MS_TechHub_IMP_THIDDIAXL003_Cas9_PhoX_DIA12_CV486075_250ng_FAIMS_002 P1_KFDNLTK P2_KAIVDLLFK 1 1,DIA12_CV486075:20251228_A2_N1_Mueller_MS_TechHub_IMP_THIDDIAXL003_Cas9_PhoX_DIA12_CV486075_250ng_FAIMS_002,1158523,,,0,0,-0,0,3,0,0,Q99ZW2,,,false,Q99ZW2,Q99ZW2,,false,KAIVDLLFK,KFDNLTK,546,896,9,7,1,1,546,896,3,,-1,0.173265,0.173265,9.801915,false,true,false,false,Self ,0,0.000758,1.198967,,0,0,0,0,0,1181,868,0,
Scan: 1153897 Run: DIA12_CV486075:20251228_A2_N1_Mueller_MS_TechHub_IMP_THIDDIAXL003_Cas9_PhoX_DIA12_CV486075_250ng_FAIMS_002 P1_SDNVPSEEVVKK P2_KFDNLTK 11 1,DIA12_CV486075:20251228_A2_N1_Mueller_MS_TechHub_IMP_THIDDIAXL003_Cas9_PhoX_DIA12_CV486075_250ng_FAIMS_002,1153897,,,0,0,-0,0,3,0,0,Q99ZW2,,,false,Q99ZW2,Q99ZW2,,false,KFDNLTK,SDNVPSEEVVKK,896,867,7,12,1,11,896,877,3,,-1,0.173243,0.173243,9.801859,false,true,false,false,Self ,0,0.000758,1.198967,,0,0,0,0,0,1180,867,0,
Scan: 1113867 Run: DIA12_CV486075:20251228_A2_N1_Mueller_MS_TechHub_IMP_THIDDIAXL003_Cas9_PhoX_DIA12_CV486075_250ng_FAIMS_002 P1_IEEGIKELGSQILK P2_GKSDNVPSEEVVK 6 2,DIA12_CV486075:20251228_A2_N1_Mueller_MS_TechHub_IMP_THIDDIAXL003_Cas9_PhoX_DIA12_CV486075_250ng_FAIMS_002,1113867,,,0,0,-0,0,4,0,0,Q99ZW2,,,false,Q99ZW2,Q99ZW2,,false,GKSDNVPSEEVVK,IEEGIKELGSQILK,865,784,13,14,2,6,866,789,4,,-1,0.173242,0.173242,9.801855,false,true,false,false,Self ,0,0.000758,1.198967,,0,0,0,0,0,1179,866,0,
Scan: 1001549 Run: DIA12_CV486075:20251228_A2_N1_Mueller_MS_TechHub_IMP_THIDDIAXL003_Cas9_PhoX_DIA12_CV486075_250ng_FAIMS_002 P1_KTEVQTGGFSK P2_KAIVDLLFK 1 1,DIA12_CV486075:20251228_A2_N1_Mueller_MS_TechHub_IMP_THIDDIAXL003_Cas9_PhoX_DIA12_CV486075_250ng_FAIMS_002,1001549,,,0,0,-0,0,3,0,0,Q99ZW2,,,false,Q99ZW2,Q99ZW2,,false,KAIVDLLFK,KTEVQTGGFSK,546,1097,9,11,1,1,546,1097,3,,-1,0.172834,0.172834,9.800836,false,true,false,false,Self ,0,0.000759,1.199921,,0,0,0,0,0,1178,865,0,
Scan: 389994 Run: DIA12_CV486075:20251228_A2_N1_Mueller_MS_TechHub_IMP_THIDDIAXL003_Cas9_PhoX_DIA12_CV486075_250ng_FAIMS_001 P1_MNTKYDENDK P2_KPAFLSGEQK 4 1,DIA12_CV486075:20251228_A2_N1_Mueller_MS_TechHub_IMP_THIDDIAXL003_Cas9_PhoX_DIA12_CV486075_250ng_FAIMS_001,389994,,,0,0,-0,0,3,0,0,Q99ZW2,,,false,Q99ZW2,Q99ZW2,,false,KPAFLSGEQK,MNTKYDENDK,536,939,10,10,1,4,536,942,3,,-1,0.172654,0.172654,9.800387,false,true,false,false,Self ,0,0.000759,1.200398,,0,0,0,0,0,1177,864,0,
Scan: 1334855 Run: DIA12_CV486075:20251228_A2_N1_Mueller_MS_TechHub_IMP_THIDDIAXL003_Cas9_PhoX_DIA12_CV486075_250ng_FAIMS_003 P1_KTEVQTGGFSKESILPK P2_KDLIIKLPK 1 6,DIA12_CV486075:20251228_A2_N1_Mueller_MS_TechHub_IMP_THIDDIAXL003_Cas9_PhoX_DIA12_CV486075_250ng_FAIMS_003,1334855,,,0,0,-0,0,4,0,0,Q99ZW2,,,false,Q99ZW2,Q99ZW2,,false,KDLIIKLPK,KTEVQTGGFSKESILPK,1192,1097,9,17,6,1,1197,1097,4,,-1,0.172071,0.172071,9.798928,false,true,false,false,Self ,0,0.000759,1.200875,,0,0,0,0,0,188,337,0,
Scan: 1000133 Run: DIA12_CV486075:20251228_A2_N1_Mueller_MS_TechHub_IMP_THIDDIAXL003_Cas9_PhoX_DIA12_CV486075_250ng_FAIMS_002 P1_KPAFLSGEQKK P2_FKVLGNTDR 10 2,DIA12_CV486075:20251228_A2_N1_Mueller_MS_TechHub_IMP_THIDDIAXL003_Cas9_PhoX_DIA12_CV486075_250ng_FAIMS_002,1000133,,,0,0,-0,0,4,0,0,Q99ZW2,,,false,Q99ZW2,Q99ZW2,,false,FKVLGNTDR,KPAFLSGEQKK,32,536,9,11,2,10,33,545,4,,-1,0.17172,0.17172,9.798052,false,true,false,false,Self ,0,0.00076,1.201831,,0,0,0,0,0,1175,863,0,
Scan: 40061 Run: DIA12_CV486075:20251228_A2_N1_Mueller_MS_TechHub_IMP_THIDDIAXL003_Cas9_PhoX_DIA12_CV486075_250ng_FAIMS_001 P1_TILDFLKSDGFANR P2_KTEVQTGGFSK 7 1,DIA12_CV486075:20251228_A2_N1_Mueller_MS_TechHub_IMP_THIDDIAXL003_Cas9_PhoX_DIA12_CV486075_250ng_FAIMS_001,40061,,,0,0,-0,0,4,0,0,Q99ZW2,,,false,Q99ZW2,Q99ZW2,,false,KTEVQTGGFSK,TILDFLKSDGFANR,1097,678,11,14,1,7,1097,684,4,,-1,0.171698,0.171698,9.797996,false,true,false,false,Self ,0,0.00076,1.201831,,0,0,0,0,0,1174,862,0,
Scan: 215338 Run: DIA12_CV486075:20251228_A2_N1_Mueller_MS_TechHub_IMP_THIDDIAXL003_Cas9_PhoX_DIA12_CV486075_250ng_FAIMS_001 P1_TILDFLKSDGFANR P2_LENLIAQLPGEKK 7 12,DIA12_CV486075:20251228_A2_N1_Mueller_MS_TechHub_IMP_THIDDIAXL003_Cas9_PhoX_DIA12_CV486075_250ng_FAIMS_001,215338,,,0,0,-0,0,4,0,0,Q99ZW2,,,false,Q99ZW2,Q99ZW2,,false,LENLIAQLPGEKK,TILDFLKSDGFANR,222,678,13,14,12,7,233,684,4,,-1,0.171468,0.171468,9.79742,false,true,false,false,Self ,0,0.00076,1.203268,,0,0,0,0,0,1173,861,0,
Scan: 588307 Run: DIA12_CV486075:20251228_A2_N1_Mueller_MS_TechHub_IMP_THIDDIAXL003_Cas9_PhoX_DIA12_CV486075_250ng_FAIMS_001 P1_VILADANLDKVLSAYNK P2_SKLVSDFR 10 2,DIA12_CV486075:20251228_A2_N1_Mueller_MS_TechHub_IMP_THIDDIAXL003_Cas9_PhoX_DIA12_CV486075_250ng_FAIMS_001,588307,,,0,0,-0,0,4,0,0,Q99ZW2,,,false,Q99ZW2,Q99ZW2,,false,SKLVSDFR,VILADANLDKVLSAYNK,960,1280,8,17,2,10,961,1289,4,,-1,0.171135,0.171135,9.796589,false,true,false,false,Self ,0,0.00076,1.204228,,0,0,0,0,0,1172,860,0,
Scan: 1643824 Run: DIA12_CV486075:20251228_A2_N1_Mueller_MS_TechHub_IMP_THIDDIAXL003_Cas9_PhoX_DIA12_CV486075_250ng_FAIMS_003 P1_TILDFLKSDGFANR P2_EHPVENTQLQNEKLYLYYLQNGR 7 13,DIA12_CV486075:20251228_A2_N1_Mueller_MS_TechHub_IMP_THIDDIAXL003_Cas9_PhoX_DIA12_CV486075_250ng_FAIMS_003,1643824,,,0,0,-0,0,4,0,0,Q99ZW2,,,false,Q99ZW2,Q99ZW2,,false,EHPVENTQLQNEKLYLYYLQNGR,TILDFLKSDGFANR,798,678,23,14,13,7,810,684,4,,-1,0.171004,0.171004,9.796261,false,true,false,false,Self ,0,0.00076,1.204228,,0,0,0,0,0,1171,859,0,
Scan: 589413 Run: DIA12_CV486075:20251228_A2_N1_Mueller_MS_TechHub_IMP_THIDDIAXL003_Cas9_PhoX_DIA12_CV486075_250ng_FAIMS_001 P1_SKLVSDFRK P2_KGILQTVK 2 1,DIA12_CV486075:20251228_A2_N1_Mueller_MS_TechHub_IMP_THIDDIAXL003_Cas9_PhoX_DIA12_CV486075_250ng_FAIMS_001,589413,,,0,0,-0,0,4,0,0,Q99ZW2,,,false,Q99ZW2,Q99ZW2,,false,KGILQTVK,SKLVSDFRK,735,960,8,9,1,2,735,961,4,,-1,0.170964,0.170964,9.796162,false,true,false,false,Self ,0,0.00076,1.204228,,0,0,0,0,0,1170,858,0,
Scan: 514833 Run: DIA12_CV486075:20251228_A2_N1_Mueller_MS_TechHub_IMP_THIDDIAXL003_Cas9_PhoX_DIA12_CV486075_250ng_FAIMS_001 P1_YKEIFFDQSK P2_IEEGIKELGSQILK 2 6,DIA12_CV486075:20251228_A2_N1_Mueller_MS_TechHub_IMP_THIDDIAXL003_Cas9_PhoX_DIA12_CV486075_250ng_FAIMS_001,514833,,,0,0,-0,0,4,0,0,Q99ZW2,,,false,Q99ZW2,Q99ZW2,,false,IEEGIKELGSQILK,YKEIFFDQSK,784,347,14,10,6,2,789,348,4,,-1,0.17047,0.17047,9.794926,false,true,false,false,Self ,0,0.000761,1.205671,,0,0,0,0,0,985,1359,0,
Scan: 1741720 Run: DIA12_CV486075:20251228_A2_N1_Mueller_MS_TechHub_IMP_THIDDIAXL003_Cas9_PhoX_DIA12_CV486075_250ng_FAIMS_003 P1_KVTVK P2_GKSDNVPSEEVVK 1 2,DIA12_CV486075:20251228_A2_N1_Mueller_MS_TechHub_IMP_THIDDIAXL003_Cas9_PhoX_DIA12_CV486075_250ng_FAIMS_003,1741720,,,0,0,-0,0,3,0,0,Q99ZW2,,,false,Q99ZW2,Q99ZW2,,false,GKSDNVPSEEVVK,KVTVK,865,558,13,5,2,1,866,558,3,,-1,0.169707,0.169707,9.793018,false,true,false,false,Self ,0,0.000761,1.206153,,0,0,0,0,0,1168,857,0,
Scan: 1264900 Run: DIA12_CV486075:20251228_A2_N1_Mueller_MS_TechHub_IMP_THIDDIAXL003_Cas9_PhoX_DIA12_CV486075_250ng_FAIMS_003 P1_TEVQTGGFSKESILPK P2_IEKILTFR 10 3,DIA12_CV486075:20251228_A2_N1_Mueller_MS_TechHub_IMP_THIDDIAXL003_Cas9_PhoX_DIA12_CV486075_250ng_FAIMS_003,1264900,,,0,0,-0,0,4,0,0,Q99ZW2,,,false,Q99ZW2,Q99ZW2,,false,IEKILTFR,TEVQTGGFSKESILPK,440,1098,8,16,3,10,442,1107,4,,-1,0.169326,0.169326,9.792065,false,true,false,false,Self ,0,0.000762,1.2076,,0,0,0,0,0,1167,856,0,
Scan: 85071 Run: DIA12_CV486075:20251228_A2_N1_Mueller_MS_TechHub_IMP_THIDDIAXL003_Cas9_PhoX_DIA12_CV486075_250ng_FAIMS_001 P1_RNSDKLIAR P2_KYGGFDSPTVAYSVLVVAK 5 1,DIA12_CV486075:20251228_A2_N1_Mueller_MS_TechHub_IMP_THIDDIAXL003_Cas9_PhoX_DIA12_CV486075_250ng_FAIMS_001,85071,,,0,0,-0,0,4,0,0,Q99ZW2,,,false,Q99ZW2,Q99ZW2,,false,KYGGFDSPTVAYSVLVVAK,RNSDKLIAR,1130,1114,19,9,1,5,1130,1118,4,,-1,0.169304,0.169304,9.79201,false,true,false,false,Self ,0,0.000762,1.2076,,0,0,0,0,0,132,1295,0,
Scan: 1637728 Run: DIA12_CV486075:20251228_A2_N1_Mueller_MS_TechHub_IMP_THIDDIAXL003_Cas9_PhoX_DIA12_CV486075_250ng_FAIMS_003 P1_TILDFLKSDGFANR P2_NPIDFLEAKGYK 7 9,DIA12_CV486075:20251228_A2_N1_Mueller_MS_TechHub_IMP_THIDDIAXL003_Cas9_PhoX_DIA12_CV486075_250ng_FAIMS_003,1637728,,,0,0,-0,0,4,0,0,Q99ZW2,,,false,Q99ZW2,Q99ZW2,,false,NPIDFLEAKGYK,TILDFLKSDGFANR,1177,678,12,14,9,7,1185,684,4,,-1,0.168928,0.168928,9.791072,false,true,false,false,Self ,0,0.000762,1.208083,,0,0,0,0,0,1165,855,0,
Scan: 1034718 Run: DIA12_CV486075:20251228_A2_N1_Mueller_MS_TechHub_IMP_THIDDIAXL003_Cas9_PhoX_DIA12_CV486075_250ng_FAIMS_002 P1_KKDWDPK P2_DKQSGK 1 2,DIA12_CV486075:20251228_A2_N1_Mueller_MS_TechHub_IMP_THIDDIAXL003_Cas9_PhoX_DIA12_CV486075_250ng_FAIMS_002,1034718,,,0,0,-0,0,3,0,0,Q99ZW2,,,false,Q99ZW2,Q99ZW2,,false,DKQSGK,KKDWDPK,672,1123,6,7,2,1,673,1123,3,,-1,0.168672,0.168672,9.790432,false,true,false,false,Self ,0,0.000762,1.209051,,0,0,0,0,0,1164,1446,0,
Scan: 1546534 Run: DIA12_CV486075:20251228_A2_N1_Mueller_MS_TechHub_IMP_THIDDIAXL003_Cas9_PhoX_DIA12_CV486075_250ng_FAIMS_003 P1_SEETITPWNFEEVVDKGASAQSFIER P2_KDFQFYK 16 1,DIA12_CV486075:20251228_A2_N1_Mueller_MS_TechHub_IMP_THIDDIAXL003_Cas9_PhoX_DIA12_CV486075_250ng_FAIMS_003,1546534,,,0,0,-0,0,4,0,0,Q99ZW2,,,false,Q99ZW2,Q99ZW2,,false,KDFQFYK,SEETITPWNFEEVVDKGASAQSFIER,968,469,7,26,1,16,968,484,4,,-1,0.168539,0.168539,9.790099,false,true,false,false,Self ,0,0.000762,1.209051,,0,0,0,0,0,1163,854,0,
Scan: 850139 Run: DIA12_CV486075:20251228_A2_N1_Mueller_MS_TechHub_IMP_THIDDIAXL003_Cas9_PhoX_DIA12_CV486075_250ng_FAIMS_002 P1_QQLPEKYKEIFFDQSK P2_LEESFLVEEDKKHER 6 11,DIA12_CV486075:20251228_A2_N1_Mueller_MS_TechHub_IMP_THIDDIAXL003_Cas9_PhoX_DIA12_CV486075_250ng_FAIMS_002,850139,,,0,0,-0,0,5,0,0,Q99ZW2,,,false,Q99ZW2,Q99ZW2,,false,LEESFLVEEDKKHER,QQLPEKYKEIFFDQSK,101,341,15,16,11,6,111,346,5,,-1,0.168512,0.168512,9.790031,false,true,false,false,Self ,0,0.000762,1.209051,,0,0,0,0,0,1162,853,0,
Scan: 1465529 Run: DIA12_CV486075:20251228_A2_N1_Mueller_MS_TechHub_IMP_THIDDIAXL003_Cas9_PhoX_DIA12_CV486075_250ng_FAIMS_003 P1_NSDKLIAR P2_EIFFDQSKNGYAGYIDGGASQEEFYK 4 8,DIA12_CV486075:20251228_A2_N1_Mueller_MS_TechHub_IMP_THIDDIAXL003_Cas9_PhoX_DIA12_CV486075_250ng_FAIMS_003,1465529,,,0,0,-0,0,4,0,0,Q99ZW2,,,false,Q99ZW2,Q99ZW2,,false,EIFFDQSKNGYAGYIDGGASQEEFYK,NSDKLIAR,349,1115,26,8,8,4,356,1118,4,,-1,0.168483,0.168483,9.78996,false,true,false,false,Self ,0,0.000762,1.209051,,0,0,0,0,0,1161,852,0,
Scan: 1140686 Run: DIA12_CV486075:20251228_A2_N1_Mueller_MS_TechHub_IMP_THIDDIAXL003_Cas9_PhoX_DIA12_CV486075_250ng_FAIMS_002 P1_SKLVSDFR P2_DDSIDNKVLTR 2 7,DIA12_CV486075:20251228_A2_N1_Mueller_MS_TechHub_IMP_THIDDIAXL003_Cas9_PhoX_DIA12_CV486075_250ng_FAIMS_002,1140686,,,0,0,-0,0,3,0,0,Q99ZW2,,,false,Q99ZW2,Q99ZW2,,false,DDSIDNKVLTR,SKLVSDFR,849,960,11,8,7,2,855,961,3,,-1,0.168117,0.168117,9.789043,false,true,false,false,Self ,0,0.000763,1.210505,,0,0,0,0,0,1160,851,0,
Scan: 1760156 Run: DIA12_CV486075:20251228_A2_N1_Mueller_MS_TechHub_IMP_THIDDIAXL003_Cas9_PhoX_DIA12_CV486075_250ng_FAIMS_003 P1_KFDNLTKAER P2_GKSDNVPSEEVVK 7 2,DIA12_CV486075:20251228_A2_N1_Mueller_MS_TechHub_IMP_THIDDIAXL003_Cas9_PhoX_DIA12_CV486075_250ng_FAIMS_003,1760156,,,0,0,-0,0,4,0,0,Q99ZW2,,,false,Q99ZW2,Q99ZW2,,false,GKSDNVPSEEVVK,KFDNLTKAER,865,896,13,10,2,7,866,902,4,,-1,0.167819,0.167819,9.788298,false,true,false,false,Self ,0,0.000763,1.210505,,0,0,0,0,0,515,1322,0,
Scan: 1541573 Run: DIA12_CV486075:20251228_A2_N1_Mueller_MS_TechHub_IMP_THIDDIAXL003_Cas9_PhoX_DIA12_CV486075_250ng_FAIMS_003 P1_SEETITPWNFEEVVDKGASAQSFIER P2_NLPNEKVLPK 16 6,DIA12_CV486075:20251228_A2_N1_Mueller_MS_TechHub_IMP_THIDDIAXL003_Cas9_PhoX_DIA12_CV486075_250ng_FAIMS_003,1541573,,,0,0,-0,0,4,0,0,Q99ZW2,,,false,Q99ZW2,Q99ZW2,,false,NLPNEKVLPK,SEETITPWNFEEVVDKGASAQSFIER,501,469,10,26,6,16,506,484,4,,-1,0.167769,0.167769,9.788175,false,true,false,false,Self ,0,0.000763,1.210991,,0,0,0,0,0,1158,850,0,
Scan: 1560963 Run: DIA12_CV486075:20251228_A2_N1_Mueller_MS_TechHub_IMP_THIDDIAXL003_Cas9_PhoX_DIA12_CV486075_250ng_FAIMS_003 P1_VLPKHSLLYEYFTVYNELTK P2_MNTKYDENDK 4 4,DIA12_CV486075:20251228_A2_N1_Mueller_MS_TechHub_IMP_THIDDIAXL003_Cas9_PhoX_DIA12_CV486075_250ng_FAIMS_003,1560963,,,0,0,-0,0,4,0,0,Q99ZW2,,,false,Q99ZW2,Q99ZW2,,false,MNTKYDENDK,VLPKHSLLYEYFTVYNELTK,939,507,10,20,4,4,942,510,4,,-1,0.167714,0.167714,9.788035,false,true,false,false,Self ,0,0.000763,1.210991,,0,0,0,0,0,1157,849,0,
Scan: 1226510 Run: DIA12_CV486075:20251228_A2_N1_Mueller_MS_TechHub_IMP_THIDDIAXL003_Cas9_PhoX_DIA12_CV486075_250ng_FAIMS_003 P1_KVLSMPQVNIVK P2_KVLSMPQVNIVK 1 1,DIA12_CV486075:20251228_A2_N1_Mueller_MS_TechHub_IMP_THIDDIAXL003_Cas9_PhoX_DIA12_CV486075_250ng_FAIMS_003,1226510,,,0,0,-0,0,4,0,0,Q99ZW2,,,false,Q99ZW2,Q99ZW2,,false,KVLSMPQVNIVK,KVLSMPQVNIVK,1085,1085,12,12,1,1,1085,1085,4,,-1,0.167315,0.167315,9.787039,false,true,false,false,Self ,0,0.000763,1.210991,,0,0,0,0,0,1156,1413,0,
Scan: 245364 Run: DIA12_CV486075:20251228_A2_N1_Mueller_MS_TechHub_IMP_THIDDIAXL003_Cas9_PhoX_DIA12_CV486075_250ng_FAIMS_001 P1_GQKNSR P2_FKVLGNTDR 3 2,DIA12_CV486075:20251228_A2_N1_Mueller_MS_TechHub_IMP_THIDDIAXL003_Cas9_PhoX_DIA12_CV486075_250ng_FAIMS_001,245364,,,0,0,-0,0,3,0,0,Q99ZW2,,,false,Q99ZW2,Q99ZW2,,false,FKVLGNTDR,GQKNSR,32,773,9,6,2,3,33,775,3,,-1,0.167233,0.167233,9.786834,false,true,false,false,Self ,0,0.000763,1.211477,,0,0,0,0,0,1155,848,0,
Scan: 1436055 Run: DIA12_CV486075:20251228_A2_N1_Mueller_MS_TechHub_IMP_THIDDIAXL003_Cas9_PhoX_DIA12_CV486075_250ng_FAIMS_003 P1_SEQEIGKATAK P2_FKVLGNTDR 7 2,DIA12_CV486075:20251228_A2_N1_Mueller_MS_TechHub_IMP_THIDDIAXL003_Cas9_PhoX_DIA12_CV486075_250ng_FAIMS_003,1436055,,,0,0,-0,0,3,0,0,Q99ZW2,,,false,Q99ZW2,Q99ZW2,,false,FKVLGNTDR,SEQEIGKATAK,32,1025,9,11,2,7,33,1031,3,,-1,0.167207,0.167207,9.786769,false,true,false,false,Self ,0,0.000763,1.211477,,0,0,0,0,0,1154,1439,0,
Scan: 1718183 Run: DIA12_CV486075:20251228_A2_N1_Mueller_MS_TechHub_IMP_THIDDIAXL003_Cas9_PhoX_DIA12_CV486075_250ng_FAIMS_003 P1_VLPKHSLLYEYFTVYNELTK P2_ELGSQILKEHPVENTQLQNEK 4 8,DIA12_CV486075:20251228_A2_N1_Mueller_MS_TechHub_IMP_THIDDIAXL003_Cas9_PhoX_DIA12_CV486075_250ng_FAIMS_003,1718183,,,0,0,-0,0,5,0,0,Q99ZW2,,,false,Q99ZW2,Q99ZW2,,false,ELGSQILKEHPVENTQLQNEK,VLPKHSLLYEYFTVYNELTK,790,507,21,20,8,4,797,510,5,,-1,0.167178,0.167178,9.786697,false,true,false,false,Self ,0,0.000763,1.211477,,0,0,0,0,0,1153,847,0,
Scan: 1649292 Run: DIA12_CV486075:20251228_A2_N1_Mueller_MS_TechHub_IMP_THIDDIAXL003_Cas9_PhoX_DIA12_CV486075_250ng_FAIMS_003 P1_SSFEKNPIDFLEAK P2_EDIQKAQVSGQGDSLHEHIANLAGSPAIK 5 5,DIA12_CV486075:20251228_A2_N1_Mueller_MS_TechHub_IMP_THIDDIAXL003_Cas9_PhoX_DIA12_CV486075_250ng_FAIMS_003,1649292,,,0,0,-0,0,6,0,0,Q99ZW2,,,false,Q99ZW2,Q99ZW2,,false,EDIQKAQVSGQGDSLHEHIANLAGSPAIK,SSFEKNPIDFLEAK,706,1172,29,14,5,5,710,1176,6,,-1,0.166795,0.166795,9.78574,false,true,false,false,Self ,0,0.000764,1.21245,,0,0,0,0,0,1152,1097,0,
Scan: 134096 Run: DIA12_CV486075:20251228_A2_N1_Mueller_MS_TechHub_IMP_THIDDIAXL003_Cas9_PhoX_DIA12_CV486075_250ng_FAIMS_001 P1_NPIDFLEAKGYK P2_KDLIIK 9 1,DIA12_CV486075:20251228_A2_N1_Mueller_MS_TechHub_IMP_THIDDIAXL003_Cas9_PhoX_DIA12_CV486075_250ng_FAIMS_001,134096,,,0,0,-0,0,4,0,0,Q99ZW2,,,false,Q99ZW2,Q99ZW2,,false,KDLIIK,NPIDFLEAKGYK,1192,1177,6,12,1,9,1192,1185,4,,-1,0.166623,0.166623,9.785309,false,true,false,false,Self ,0,0.000764,1.21245,,0,0,0,0,0,1151,1397,0,
Scan: 1545945 Run: DIA12_CV486075:20251228_A2_N1_Mueller_MS_TechHub_IMP_THIDDIAXL003_Cas9_PhoX_DIA12_CV486075_250ng_FAIMS_003 P1_SEETITPWNFEEVVDKGASAQSFIER P2_KFDNLTK 16 1,DIA12_CV486075:20251228_A2_N1_Mueller_MS_TechHub_IMP_THIDDIAXL003_Cas9_PhoX_DIA12_CV486075_250ng_FAIMS_003,1545945,,,0,0,-0,0,4,0,0,Q99ZW2,,,false,Q99ZW2,Q99ZW2,,false,KFDNLTK,SEETITPWNFEEVVDKGASAQSFIER,896,469,7,26,1,16,896,484,4,,-1,0.165918,0.165918,9.783547,false,true,false,false,Self ,0,0.000764,1.21245,,0,0,0,0,0,1150,846,0,
Scan: 775240 Run: DIA12_CV486075:20251228_A2_N1_Mueller_MS_TechHub_IMP_THIDDIAXL003_Cas9_PhoX_DIA12_CV486075_250ng_FAIMS_002 P1_KLINGIR P2_HYLDEIIEQISEFSKR 1 15,DIA12_CV486075:20251228_A2_N1_Mueller_MS_TechHub_IMP_THIDDIAXL003_Cas9_PhoX_DIA12_CV486075_250ng_FAIMS_002,775240,,,0,0,-0,0,4,0,0,Q99ZW2,,,false,Q99ZW2,Q99ZW2,,false,HYLDEIIEQISEFSKR,KLINGIR,1264,665,16,7,15,1,1278,665,4,,-1,0.165795,0.165795,9.783239,false,true,false,false,Self ,0,0.000765,1.21245,,0,0,0,0,0,1149,845,0,
Scan: 1259458 Run: DIA12_CV486075:20251228_A2_N1_Mueller_MS_TechHub_IMP_THIDDIAXL003_Cas9_PhoX_DIA12_CV486075_250ng_FAIMS_003 P1_TEVQTGGFSKESILPK P2_KDWDPK 10 1,DIA12_CV486075:20251228_A2_N1_Mueller_MS_TechHub_IMP_THIDDIAXL003_Cas9_PhoX_DIA12_CV486075_250ng_FAIMS_003,1259458,,,0,0,-0,0,3,0,0,Q99ZW2,,,false,Q99ZW2,Q99ZW2,,false,KDWDPK,TEVQTGGFSKESILPK,1124,1098,6,16,1,10,1124,1107,3,,-1,0.165734,0.165734,9.783086,false,true,false,false,Self ,0,0.000765,1.21245,,0,0,0,0,0,460,53,0,
Scan: 1412489 Run: DIA12_CV486075:20251228_A2_N1_Mueller_MS_TechHub_IMP_THIDDIAXL003_Cas9_PhoX_DIA12_CV486075_250ng_FAIMS_003 P1_KPAFLSGEQK P2_KNGLFGNLIALSLGLTPNFK 1 1,DIA12_CV486075:20251228_A2_N1_Mueller_MS_TechHub_IMP_THIDDIAXL003_Cas9_PhoX_DIA12_CV486075_250ng_FAIMS_003,1412489,,,0,0,-0,0,4,0,0,Q99ZW2,,,false,Q99ZW2,Q99ZW2,,false,KNGLFGNLIALSLGLTPNFK,KPAFLSGEQK,234,536,20,10,1,1,234,536,4,,-1,0.165628,0.165628,9.78282,false,true,false,false,Self ,0,0.000765,1.21245,,0,0,0,0,0,1147,844,0,
Scan: 1001943 Run: DIA12_CV486075:20251228_A2_N1_Mueller_MS_TechHub_IMP_THIDDIAXL003_Cas9_PhoX_DIA12_CV486075_250ng_FAIMS_002 P1_KAIVDLLFK P2_DKPIR 1 2,DIA12_CV486075:20251228_A2_N1_Mueller_MS_TechHub_IMP_THIDDIAXL003_Cas9_PhoX_DIA12_CV486075_250ng_FAIMS_002,1001943,,,0,0,-0,0,3,0,0,Q99ZW2,,,false,Q99ZW2,Q99ZW2,,false,DKPIR,KAIVDLLFK,1299,546,5,9,2,1,1300,546,3,,-1,0.1655,0.1655,9.782501,false,true,false,false,Self ,0,0.000765,1.21245,,0,0,0,0,0,1146,843,0,
Scan: 855826 Run: DIA12_CV486075:20251228_A2_N1_Mueller_MS_TechHub_IMP_THIDDIAXL003_Cas9_PhoX_DIA12_CV486075_250ng_FAIMS_002 P1_YKEIFFDQSK P2_QEDFYPFLKDNR 2 9,DIA12_CV486075:20251228_A2_N1_Mueller_MS_TechHub_IMP_THIDDIAXL003_Cas9_PhoX_DIA12_CV486075_250ng_FAIMS_002,855826,,,0,0,-0,0,4,0,0,Q99ZW2,,,false,Q99ZW2,Q99ZW2,,false,QEDFYPFLKDNR,YKEIFFDQSK,426,347,12,10,9,2,434,348,4,,-1,0.164915,0.164915,9.781038,false,true,false,false,Self ,0,0.000765,1.214401,,0,0,0,0,0,1145,842,0,
Scan: 1740209 Run: DIA12_CV486075:20251228_A2_N1_Mueller_MS_TechHub_IMP_THIDDIAXL003_Cas9_PhoX_DIA12_CV486075_250ng_FAIMS_003 P1_LVDSTDKADLR P2_GKSDNVPSEEVVK 7 2,DIA12_CV486075:20251228_A2_N1_Mueller_MS_TechHub_IMP_THIDDIAXL003_Cas9_PhoX_DIA12_CV486075_250ng_FAIMS_003,1740209,,,0,0,-0,0,3,0,0,Q99ZW2,,,false,Q99ZW2,Q99ZW2,,false,GKSDNVPSEEVVK,LVDSTDKADLR,865,142,13,11,2,7,866,148,3,,-1,0.164862,0.164862,9.780905,false,true,false,false,Self ,0,0.000765,1.214401,,0,0,0,0,0,1144,841,0,
Scan: 36448 Run: DIA12_CV486075:20251228_A2_N1_Mueller_MS_TechHub_IMP_THIDDIAXL003_Cas9_PhoX_DIA12_CV486075_250ng_FAIMS_001 P1_KTEVQTGGFSKESILPK P2_KDWDPKK 1 1,DIA12_CV486075:20251228_A2_N1_Mueller_MS_TechHub_IMP_THIDDIAXL003_Cas9_PhoX_DIA12_CV486075_250ng_FAIMS_001,36448,,,0,0,-0,0,4,0,0,Q99ZW2,,,false,Q99ZW2,Q99ZW2,,false,KDWDPKK,KTEVQTGGFSKESILPK,1124,1097,7,17,1,1,1124,1097,4,,-1,0.16478,0.16478,9.7807,false,true,false,false,Self ,0,0.000765,1.214401,,0,0,0,0,0,1143,840,0,
Scan: 162516 Run: DIA12_CV486075:20251228_A2_N1_Mueller_MS_TechHub_IMP_THIDDIAXL003_Cas9_PhoX_DIA12_CV486075_250ng_FAIMS_001 P1_LKGSPEDNEQK P2_DKPIR 2 2,DIA12_CV486075:20251228_A2_N1_Mueller_MS_TechHub_IMP_THIDDIAXL003_Cas9_PhoX_DIA12_CV486075_250ng_FAIMS_001,162516,,,0,0,-0,0,3,0,0,Q99ZW2,,,false,Q99ZW2,Q99ZW2,,false,DKPIR,LKGSPEDNEQK,1299,1245,5,11,2,2,1300,1246,3,,-1,0.1647,0.1647,9.7805,false,true,false,false,Self ,0,0.000765,1.214401,,0,0,0,0,0,1142,839,0,
Scan: 840268 Run: DIA12_CV486075:20251228_A2_N1_Mueller_MS_TechHub_IMP_THIDDIAXL003_Cas9_PhoX_DIA12_CV486075_250ng_FAIMS_002 P1_FKVLGNTDR P2_EIFFDQSKNGYAGYIDGGASQEEFYK 2 8,DIA12_CV486075:20251228_A2_N1_Mueller_MS_TechHub_IMP_THIDDIAXL003_Cas9_PhoX_DIA12_CV486075_250ng_FAIMS_002,840268,,,0,0,-0,0,4,0,0,Q99ZW2,,,false,Q99ZW2,Q99ZW2,,false,EIFFDQSKNGYAGYIDGGASQEEFYK,FKVLGNTDR,349,32,26,9,8,2,356,33,4,,-1,0.164456,0.164456,9.779891,false,true,false,false,Self ,0,0.000766,1.214401,,0,0,0,0,0,1141,838,0,
Scan: 1731628 Run: DIA12_CV486075:20251228_A2_N1_Mueller_MS_TechHub_IMP_THIDDIAXL003_Cas9_PhoX_DIA12_CV486075_250ng_FAIMS_003 P1_IEKILTFR P2_EHPVENTQLQNEKLYLYYLQNGR 3 13,DIA12_CV486075:20251228_A2_N1_Mueller_MS_TechHub_IMP_THIDDIAXL003_Cas9_PhoX_DIA12_CV486075_250ng_FAIMS_003,1731628,,,0,0,-0,0,4,0,0,Q99ZW2,,,false,Q99ZW2,Q99ZW2,,false,EHPVENTQLQNEKLYLYYLQNGR,IEKILTFR,798,440,23,8,13,3,810,442,4,,-1,0.164295,0.164295,9.77949,false,true,false,false,Self ,0,0.000766,1.215378,,0,0,0,0,0,1140,837,0,
Scan: 1034673 Run: DIA12_CV486075:20251228_A2_N1_Mueller_MS_TechHub_IMP_THIDDIAXL003_Cas9_PhoX_DIA12_CV486075_250ng_FAIMS_002 P1_NSDKLIAR P2_DKQSGK 4 2,DIA12_CV486075:20251228_A2_N1_Mueller_MS_TechHub_IMP_THIDDIAXL003_Cas9_PhoX_DIA12_CV486075_250ng_FAIMS_002,1034673,,,0,0,-0,0,3,0,0,Q99ZW2,,,false,Q99ZW2,Q99ZW2,,false,DKQSGK,NSDKLIAR,672,1115,6,8,2,4,673,1118,3,,-1,0.163655,0.163655,9.777889,false,true,false,false,Self ,0,0.000766,1.216848,,0,0,0,0,0,1139,836,0,
Scan: 1408051 Run: DIA12_CV486075:20251228_A2_N1_Mueller_MS_TechHub_IMP_THIDDIAXL003_Cas9_PhoX_DIA12_CV486075_250ng_FAIMS_003 P1_LENLIAQLPGEKK P2_KTEVQTGGFSK 12 1,DIA12_CV486075:20251228_A2_N1_Mueller_MS_TechHub_IMP_THIDDIAXL003_Cas9_PhoX_DIA12_CV486075_250ng_FAIMS_003,1408051,,,0,0,-0,0,4,0,0,Q99ZW2,,,false,Q99ZW2,Q99ZW2,,false,KTEVQTGGFSK,LENLIAQLPGEKK,1097,222,11,13,1,12,1097,233,4,,-1,0.16328,0.16328,9.776952,false,true,false,false,Self ,0,0.000767,1.216848,,0,0,0,0,0,1138,835,0,
Scan: 1508621 Run: DIA12_CV486075:20251228_A2_N1_Mueller_MS_TechHub_IMP_THIDDIAXL003_Cas9_PhoX_DIA12_CV486075_250ng_FAIMS_003 P1_KSEETITPWNFEEVVDK P2_KFDNLTK 1 1,DIA12_CV486075:20251228_A2_N1_Mueller_MS_TechHub_IMP_THIDDIAXL003_Cas9_PhoX_DIA12_CV486075_250ng_FAIMS_003,1508621,,,0,0,-0,0,4,0,0,Q99ZW2,,,false,Q99ZW2,Q99ZW2,,false,KFDNLTK,KSEETITPWNFEEVVDK,896,468,7,17,1,1,896,468,4,,-1,0.16315,0.16315,9.776627,false,true,false,false,Self ,0,0.000767,1.216848,,0,0,0,0,0,1137,834,0,
Scan: 846736 Run: DIA12_CV486075:20251228_A2_N1_Mueller_MS_TechHub_IMP_THIDDIAXL003_Cas9_PhoX_DIA12_CV486075_250ng_FAIMS_002 P1_YDEHHQDLTLLKALVR P2_APLSASMIKR 12 9,DIA12_CV486075:20251228_A2_N1_Mueller_MS_TechHub_IMP_THIDDIAXL003_Cas9_PhoX_DIA12_CV486075_250ng_FAIMS_002,846736,,,0,0,-0,0,4,0,0,Q99ZW2,,,false,Q99ZW2,Q99ZW2,,false,APLSASMIKR,YDEHHQDLTLLKALVR,315,325,10,16,9,12,323,336,4,,-1,0.162875,0.162875,9.775937,false,true,false,false,Self ,0,0.000767,1.216848,,0,0,0,0,0,1136,833,0,
Scan: 1384849 Run: DIA12_CV486075:20251228_A2_N1_Mueller_MS_TechHub_IMP_THIDDIAXL003_Cas9_PhoX_DIA12_CV486075_250ng_FAIMS_003 P1_HPIFGNIVDEVAYHEKYPTIYHLR P2_FKVLGNTDR 16 2,DIA12_CV486075:20251228_A2_N1_Mueller_MS_TechHub_IMP_THIDDIAXL003_Cas9_PhoX_DIA12_CV486075_250ng_FAIMS_003,1384849,,,0,0,-0,0,5,0,0,Q99ZW2,,,false,Q99ZW2,Q99ZW2,,false,FKVLGNTDR,HPIFGNIVDEVAYHEKYPTIYHLR,32,116,9,24,2,16,33,131,5,,-1,0.162795,0.162795,9.775738,false,true,false,false,Self ,0,0.000767,1.217339,,0,0,0,0,0,1135,832,0,
Scan: 1142441 Run: DIA12_CV486075:20251228_A2_N1_Mueller_MS_TechHub_IMP_THIDDIAXL003_Cas9_PhoX_DIA12_CV486075_250ng_FAIMS_002 P1_KDLIIK P2_GKSDNVPSEEVVK 1 2,DIA12_CV486075:20251228_A2_N1_Mueller_MS_TechHub_IMP_THIDDIAXL003_Cas9_PhoX_DIA12_CV486075_250ng_FAIMS_002,1142441,,,0,0,-0,0,3,0,0,Q99ZW2,,,false,Q99ZW2,Q99ZW2,,false,GKSDNVPSEEVVK,KDLIIK,865,1192,13,6,2,1,866,1192,3,,-1,0.162676,0.162676,9.77544,false,true,false,false,Self ,0,0.000767,1.21783,,0,0,0,0,0,1134,831,0,
Scan: 690048 Run: DIA12_CV486075:20251228_A2_N1_Mueller_MS_TechHub_IMP_THIDDIAXL003_Cas9_PhoX_DIA12_CV486075_250ng_FAIMS_002 P1_NSDKLIAR P2_ENQTTQKGQK 4 7,DIA12_CV486075:20251228_A2_N1_Mueller_MS_TechHub_IMP_THIDDIAXL003_Cas9_PhoX_DIA12_CV486075_250ng_FAIMS_002,690048,,,0,0,-0,0,4,0,0,Q99ZW2,,,false,Q99ZW2,Q99ZW2,,false,ENQTTQKGQK,NSDKLIAR,766,1115,10,8,7,4,772,1118,4,,-1,0.162416,0.162416,9.774792,false,true,false,false,Self ,0,0.000767,1.218321,,0,0,0,0,0,1133,1391,0,
Scan: 163454 Run: DIA12_CV486075:20251228_A2_N1_Mueller_MS_TechHub_IMP_THIDDIAXL003_Cas9_PhoX_DIA12_CV486075_250ng_FAIMS_001 P1_LKGSPEDNEQK P2_GILQTVKVVDELVK 2 7,DIA12_CV486075:20251228_A2_N1_Mueller_MS_TechHub_IMP_THIDDIAXL003_Cas9_PhoX_DIA12_CV486075_250ng_FAIMS_001,163454,,,0,0,-0,0,4,0,0,Q99ZW2,,,false,Q99ZW2,Q99ZW2,,false,GILQTVKVVDELVK,LKGSPEDNEQK,736,1245,14,11,7,2,742,1246,4,,-1,0.162307,0.162307,9.774519,false,true,false,false,Self ,0,0.000768,1.218321,,0,0,0,0,0,1132,830,0,
Scan: 1639154 Run: DIA12_CV486075:20251228_A2_N1_Mueller_MS_TechHub_IMP_THIDDIAXL003_Cas9_PhoX_DIA12_CV486075_250ng_FAIMS_003 P1_YKEIFFDQSK P2_TILDFLKSDGFANR 2 7,DIA12_CV486075:20251228_A2_N1_Mueller_MS_TechHub_IMP_THIDDIAXL003_Cas9_PhoX_DIA12_CV486075_250ng_FAIMS_003,1639154,,,0,0,-0,0,4,0,0,Q99ZW2,,,false,Q99ZW2,Q99ZW2,,false,TILDFLKSDGFANR,YKEIFFDQSK,678,347,14,10,7,2,684,348,4,,-1,0.162169,0.162169,9.774174,false,true,false,false,Self ,0,0.000768,1.218321,,0,0,0,0,0,1131,829,0,
Scan: 1694324 Run: DIA12_CV486075:20251228_A2_N1_Mueller_MS_TechHub_IMP_THIDDIAXL003_Cas9_PhoX_DIA12_CV486075_250ng_FAIMS_003 P1_KDFQFYK P2_GILQTVKVVDELVK 1 7,DIA12_CV486075:20251228_A2_N1_Mueller_MS_TechHub_IMP_THIDDIAXL003_Cas9_PhoX_DIA12_CV486075_250ng_FAIMS_003,1694324,,,0,0,-0,0,4,0,0,Q99ZW2,,,false,Q99ZW2,Q99ZW2,,false,GILQTVKVVDELVK,KDFQFYK,736,968,14,7,7,1,742,968,4,,-1,0.162051,0.162051,9.773878,false,true,false,false,Self ,0,0.000768,1.218321,,0,0,0,0,0,1130,828,0,
Scan: 1233956 Run: DIA12_CV486075:20251228_A2_N1_Mueller_MS_TechHub_IMP_THIDDIAXL003_Cas9_PhoX_DIA12_CV486075_250ng_FAIMS_003 P1_MTNFDKNLPNEK P2_KTEVQTGGFSK 6 1,DIA12_CV486075:20251228_A2_N1_Mueller_MS_TechHub_IMP_THIDDIAXL003_Cas9_PhoX_DIA12_CV486075_250ng_FAIMS_003,1233956,,,0,0,-0,0,4,0,0,Q99ZW2,,,false,Q99ZW2,Q99ZW2,,false,KTEVQTGGFSK,MTNFDKNLPNEK,1097,495,11,12,1,6,1097,500,4,,-1,0.161984,0.161984,9.773712,false,true,false,false,Self ,0,0.000768,1.218321,,0,0,0,0,0,1129,827,0,
Scan: 1171432 Run: DIA12_CV486075:20251228_A2_N1_Mueller_MS_TechHub_IMP_THIDDIAXL003_Cas9_PhoX_DIA12_CV486075_250ng_FAIMS_002 P1_QITKHVAQILDSR P2_GKSDNVPSEEVVK 4 2,DIA12_CV486075:20251228_A2_N1_Mueller_MS_TechHub_IMP_THIDDIAXL003_Cas9_PhoX_DIA12_CV486075_250ng_FAIMS_002,1171432,,,0,0,-0,0,4,0,0,Q99ZW2,,,false,Q99ZW2,Q99ZW2,,false,GKSDNVPSEEVVK,QITKHVAQILDSR,865,926,13,13,2,4,866,929,4,,-1,0.161953,0.161953,9.773635,false,true,false,false,Self ,0,0.000768,1.218321,,0,0,0,0,0,1128,826,0,
Scan: 858151 Run: DIA12_CV486075:20251228_A2_N1_Mueller_MS_TechHub_IMP_THIDDIAXL003_Cas9_PhoX_DIA12_CV486075_250ng_FAIMS_002 P1_YKEIFFDQSK P2_KGILQTVK 2 1,DIA12_CV486075:20251228_A2_N1_Mueller_MS_TechHub_IMP_THIDDIAXL003_Cas9_PhoX_DIA12_CV486075_250ng_FAIMS_002,858151,,,0,0,-0,0,4,0,0,Q99ZW2,,,false,Q99ZW2,Q99ZW2,,false,KGILQTVK,YKEIFFDQSK,735,347,8,10,1,2,735,348,4,,-1,0.161805,0.161805,9.773263,false,true,false,false,Self ,0,0.000768,1.218813,,0,0,0,0,0,1127,1442,0,
Scan: 894205 Run: DIA12_CV486075:20251228_A2_N1_Mueller_MS_TechHub_IMP_THIDDIAXL003_Cas9_PhoX_DIA12_CV486075_250ng_FAIMS_002 P1_SSFEKNPIDFLEAK P2_KNLIGALLFDSGETAEATR 5 1,DIA12_CV486075:20251228_A2_N1_Mueller_MS_TechHub_IMP_THIDDIAXL003_Cas9_PhoX_DIA12_CV486075_250ng_FAIMS_002,894205,,,0,0,-0,0,4,0,0,Q99ZW2,,,false,Q99ZW2,Q99ZW2,,false,KNLIGALLFDSGETAEATR,SSFEKNPIDFLEAK,45,1172,19,14,1,5,45,1176,4,,-1,0.161795,0.161795,9.77324,false,true,false,false,Self ,0,0.000768,1.218813,,0,0,0,0,0,1126,825,0,
Scan: 355715 Run: DIA12_CV486075:20251228_A2_N1_Mueller_MS_TechHub_IMP_THIDDIAXL003_Cas9_PhoX_DIA12_CV486075_250ng_FAIMS_001 P1_MTNFDKNLPNEK P2_EKIEKILTFR 6 5,DIA12_CV486075:20251228_A2_N1_Mueller_MS_TechHub_IMP_THIDDIAXL003_Cas9_PhoX_DIA12_CV486075_250ng_FAIMS_001,355715,,,0,0,-0,0,3,0,0,Q99ZW2,,,false,Q99ZW2,Q99ZW2,,false,EKIEKILTFR,MTNFDKNLPNEK,438,495,10,12,5,6,442,500,3,,-1,0.161723,0.161723,9.773058,false,true,false,false,Self ,0,0.000768,1.218813,,0,0,0,0,0,55,1287,0,
Scan: 410917 Run: DIA12_CV486075:20251228_A2_N1_Mueller_MS_TechHub_IMP_THIDDIAXL003_Cas9_PhoX_DIA12_CV486075_250ng_FAIMS_001 P1_KVTVK P2_DKQSGK 1 2,DIA12_CV486075:20251228_A2_N1_Mueller_MS_TechHub_IMP_THIDDIAXL003_Cas9_PhoX_DIA12_CV486075_250ng_FAIMS_001,410917,,,0,0,-0,0,3,0,0,Q99ZW2,,,false,Q99ZW2,Q99ZW2,,false,DKQSGK,KVTVK,672,558,6,5,2,1,673,558,3,,-1,0.161481,0.161481,9.772452,false,true,false,false,Self ,0,0.000768,1.219305,,0,0,0,0,0,1124,824,0,
Scan: 1426842 Run: DIA12_CV486075:20251228_A2_N1_Mueller_MS_TechHub_IMP_THIDDIAXL003_Cas9_PhoX_DIA12_CV486075_250ng_FAIMS_003 P1_VNTEITKAPLSASMIK P2_ELGSQILKEHPVENTQLQNEK 7 8,DIA12_CV486075:20251228_A2_N1_Mueller_MS_TechHub_IMP_THIDDIAXL003_Cas9_PhoX_DIA12_CV486075_250ng_FAIMS_003,1426842,,,0,0,-0,0,4,0,0,Q99ZW2,,,false,Q99ZW2,Q99ZW2,,false,ELGSQILKEHPVENTQLQNEK,VNTEITKAPLSASMIK,790,308,21,16,8,7,797,314,4,,-1,0.161271,0.161271,9.771928,false,true,false,false,Self ,0,0.000768,1.219798,,0,0,0,0,0,1123,823,0,
Scan: 618390 Run: DIA12_CV486075:20251228_A2_N1_Mueller_MS_TechHub_IMP_THIDDIAXL003_Cas9_PhoX_DIA12_CV486075_250ng_FAIMS_002 P1_NSDKLIAR P2_KRPLIETNGETGEIVWDK 4 1,DIA12_CV486075:20251228_A2_N1_Mueller_MS_TechHub_IMP_THIDDIAXL003_Cas9_PhoX_DIA12_CV486075_250ng_FAIMS_002,618390,,,0,0,-0,0,4,0,0,Q99ZW2,,,false,Q99ZW2,Q99ZW2,,false,KRPLIETNGETGEIVWDK,NSDKLIAR,1059,1115,18,8,1,4,1059,1118,4,,-1,0.161017,0.161017,9.771293,false,true,false,false,Self ,0,0.000769,1.220784,,0,0,0,0,0,1122,822,0,
Scan: 703153 Run: DIA12_CV486075:20251228_A2_N1_Mueller_MS_TechHub_IMP_THIDDIAXL003_Cas9_PhoX_DIA12_CV486075_250ng_FAIMS_002 P1_YKEIFFDQSK P2_KYGGFDSPTVAYSVLVVAK 2 1,DIA12_CV486075:20251228_A2_N1_Mueller_MS_TechHub_IMP_THIDDIAXL003_Cas9_PhoX_DIA12_CV486075_250ng_FAIMS_002,703153,,,0,0,-0,0,3,0,0,Q99ZW2,,,false,Q99ZW2,Q99ZW2,,false,KYGGFDSPTVAYSVLVVAK,YKEIFFDQSK,1130,347,19,10,1,2,1130,348,3,,-1,0.16101,0.16101,9.771276,false,true,false,false,Self ,0,0.000769,1.220784,,0,0,0,0,0,1121,821,0,
Scan: 16126 Run: DIA12_CV486075:20251228_A2_N1_Mueller_MS_TechHub_IMP_THIDDIAXL003_Cas9_PhoX_DIA12_CV486075_250ng_FAIMS_001 P1_SEQEIGKATAK P2_KVTVK 7 1,DIA12_CV486075:20251228_A2_N1_Mueller_MS_TechHub_IMP_THIDDIAXL003_Cas9_PhoX_DIA12_CV486075_250ng_FAIMS_001,16126,,,0,0,-0,0,3,0,0,Q99ZW2,,,false,Q99ZW2,Q99ZW2,,false,KVTVK,SEQEIGKATAK,558,1025,5,11,1,7,558,1031,3,,-1,0.161004,0.161004,9.771262,false,true,false,false,Self ,0,0.000769,1.220784,,0,0,0,0,0,1120,820,0,
Scan: 571147 Run: DIA12_CV486075:20251228_A2_N1_Mueller_MS_TechHub_IMP_THIDDIAXL003_Cas9_PhoX_DIA12_CV486075_250ng_FAIMS_001 P1_QITKHVAQILDSR P2_KDLIIK 4 1,DIA12_CV486075:20251228_A2_N1_Mueller_MS_TechHub_IMP_THIDDIAXL003_Cas9_PhoX_DIA12_CV486075_250ng_FAIMS_001,571147,,,0,0,-0,0,4,0,0,Q99ZW2,,,false,Q99ZW2,Q99ZW2,,false,KDLIIK,QITKHVAQILDSR,1192,926,6,13,1,4,1192,929,4,,-1,0.161002,0.161002,9.771255,false,true,false,false,Self ,0,0.000769,1.220784,,0,0,0,0,0,1119,819,0,
Scan: 244123 Run: DIA12_CV486075:20251228_A2_N1_Mueller_MS_TechHub_IMP_THIDDIAXL003_Cas9_PhoX_DIA12_CV486075_250ng_FAIMS_001 P1_KPAFLSGEQKK P2_FKVLGNTDR 1 2,DIA12_CV486075:20251228_A2_N1_Mueller_MS_TechHub_IMP_THIDDIAXL003_Cas9_PhoX_DIA12_CV486075_250ng_FAIMS_001,244123,,,0,0,-0,0,3,0,0,Q99ZW2,,,false,Q99ZW2,Q99ZW2,,false,FKVLGNTDR,KPAFLSGEQKK,32,536,9,11,2,1,33,536,3,,-1,0.160691,0.160691,9.770478,false,true,false,false,Self ,0,0.000769,1.221278,,0,0,0,0,0,1118,455,0,
Scan: 1258127 Run: DIA12_CV486075:20251228_A2_N1_Mueller_MS_TechHub_IMP_THIDDIAXL003_Cas9_PhoX_DIA12_CV486075_250ng_FAIMS_003 P1_RNSDKLIAR P2_KTEVQTGGFSKESILPK 5 11,DIA12_CV486075:20251228_A2_N1_Mueller_MS_TechHub_IMP_THIDDIAXL003_Cas9_PhoX_DIA12_CV486075_250ng_FAIMS_003,1258127,,,0,0,-0,0,5,0,0,Q99ZW2,,,false,Q99ZW2,Q99ZW2,,false,KTEVQTGGFSKESILPK,RNSDKLIAR,1097,1114,17,9,11,5,1107,1118,5,,-1,0.160645,0.160645,9.770363,false,true,false,false,Self ,0,0.000769,1.221278,,0,0,0,0,0,1117,817,0,
Scan: 1493819 Run: DIA12_CV486075:20251228_A2_N1_Mueller_MS_TechHub_IMP_THIDDIAXL003_Cas9_PhoX_DIA12_CV486075_250ng_FAIMS_003 P1_SKLVSDFR P2_KNLIGALLFDSGETAEATR 2 1,DIA12_CV486075:20251228_A2_N1_Mueller_MS_TechHub_IMP_THIDDIAXL003_Cas9_PhoX_DIA12_CV486075_250ng_FAIMS_003,1493819,,,0,0,-0,0,4,0,0,Q99ZW2,,,false,Q99ZW2,Q99ZW2,,false,KNLIGALLFDSGETAEATR,SKLVSDFR,45,960,19,8,1,2,45,961,4,,-1,0.160496,0.160496,9.769992,false,true,false,false,Self ,0,0.000769,1.221278,,0,0,0,0,0,1116,816,0,
Scan: 1394570 Run: DIA12_CV486075:20251228_A2_N1_Mueller_MS_TechHub_IMP_THIDDIAXL003_Cas9_PhoX_DIA12_CV486075_250ng_FAIMS_003 P1_YTSTKEVLDATLIHQSITGLYETR P2_KDFQFYK 5 1,DIA12_CV486075:20251228_A2_N1_Mueller_MS_TechHub_IMP_THIDDIAXL003_Cas9_PhoX_DIA12_CV486075_250ng_FAIMS_003,1394570,,,0,0,-0,0,4,0,0,Q99ZW2,,,false,Q99ZW2,Q99ZW2,,false,KDFQFYK,YTSTKEVLDATLIHQSITGLYETR,968,1336,7,24,1,5,968,1340,4,,-1,0.159929,0.159929,9.768574,false,true,false,false,Self ,0,0.00077,1.222762,,0,0,0,0,0,1115,815,0,
Scan: 891717 Run: DIA12_CV486075:20251228_A2_N1_Mueller_MS_TechHub_IMP_THIDDIAXL003_Cas9_PhoX_DIA12_CV486075_250ng_FAIMS_002 P1_KDFQFYK P2_IEKILTFR 1 3,DIA12_CV486075:20251228_A2_N1_Mueller_MS_TechHub_IMP_THIDDIAXL003_Cas9_PhoX_DIA12_CV486075_250ng_FAIMS_002,891717,,,0,0,-0,0,4,0,0,Q99ZW2,,,false,Q99ZW2,Q99ZW2,,false,IEKILTFR,KDFQFYK,440,968,8,7,3,1,442,968,4,,-1,0.159911,0.159911,9.76853,false,true,false,false,Self ,0,0.00077,1.222762,,0,0,0,0,0,1114,1433,0,
Scan: 495904 Run: DIA12_CV486075:20251228_A2_N1_Mueller_MS_TechHub_IMP_THIDDIAXL003_Cas9_PhoX_DIA12_CV486075_250ng_FAIMS_001 P1_TILDFLKSDGFANR P2_GILQTVKVVDELVK 7 7,DIA12_CV486075:20251228_A2_N1_Mueller_MS_TechHub_IMP_THIDDIAXL003_Cas9_PhoX_DIA12_CV486075_250ng_FAIMS_001,495904,,,0,0,-0,0,4,0,0,Q99ZW2,,,false,Q99ZW2,Q99ZW2,,false,GILQTVKVVDELVK,TILDFLKSDGFANR,736,678,14,14,7,7,742,684,4,,-1,0.159766,0.159766,9.768165,false,true,false,false,Self ,0,0.00077,1.222762,,0,0,0,0,0,1113,814,0,
Scan: 1436658 Run: DIA12_CV486075:20251228_A2_N1_Mueller_MS_TechHub_IMP_THIDDIAXL003_Cas9_PhoX_DIA12_CV486075_250ng_FAIMS_003 P1_KKDWDPK P2_FKVLGNTDR 1 2,DIA12_CV486075:20251228_A2_N1_Mueller_MS_TechHub_IMP_THIDDIAXL003_Cas9_PhoX_DIA12_CV486075_250ng_FAIMS_003,1436658,,,0,0,-0,0,3,0,0,Q99ZW2,,,false,Q99ZW2,Q99ZW2,,false,FKVLGNTDR,KKDWDPK,32,1123,9,7,2,1,33,1123,3,,-1,0.159653,0.159653,9.767883,false,true,false,false,Self ,0,0.00077,1.223258,,0,0,0,0,0,1062,1364,0,
Scan: 512758 Run: DIA12_CV486075:20251228_A2_N1_Mueller_MS_TechHub_IMP_THIDDIAXL003_Cas9_PhoX_DIA12_CV486075_250ng_FAIMS_001 P1_QLKEDYFK P2_GQKNSR 3 3,DIA12_CV486075:20251228_A2_N1_Mueller_MS_TechHub_IMP_THIDDIAXL003_Cas9_PhoX_DIA12_CV486075_250ng_FAIMS_001,512758,,,0,0,-0,0,3,0,0,Q99ZW2,,,false,Q99ZW2,Q99ZW2,,false,GQKNSR,QLKEDYFK,773,563,6,8,3,3,775,565,3,,-1,0.15955,0.15955,9.767625,false,true,false,false,Self ,0,0.00077,1.223258,,0,0,0,0,0,1111,813,0,
Scan: 342746 Run: DIA12_CV486075:20251228_A2_N1_Mueller_MS_TechHub_IMP_THIDDIAXL003_Cas9_PhoX_DIA12_CV486075_250ng_FAIMS_001 P1_KSEETITPWNFEEVVDKGASAQSFIER P2_DLIIKLPK 17 5,DIA12_CV486075:20251228_A2_N1_Mueller_MS_TechHub_IMP_THIDDIAXL003_Cas9_PhoX_DIA12_CV486075_250ng_FAIMS_001,342746,,,0,0,-0,0,4,0,0,Q99ZW2,,,false,Q99ZW2,Q99ZW2,,false,DLIIKLPK,KSEETITPWNFEEVVDKGASAQSFIER,1193,468,8,27,5,17,1197,484,4,,-1,0.159297,0.159297,9.766993,false,true,false,false,Self ,0,0.00077,1.223754,,0,0,0,0,0,1110,175,0,
Scan: 1045848 Run: DIA12_CV486075:20251228_A2_N1_Mueller_MS_TechHub_IMP_THIDDIAXL003_Cas9_PhoX_DIA12_CV486075_250ng_FAIMS_002 P1_TILDFLKSDGFANR P2_IEEGIKELGSQILK 7 6,DIA12_CV486075:20251228_A2_N1_Mueller_MS_TechHub_IMP_THIDDIAXL003_Cas9_PhoX_DIA12_CV486075_250ng_FAIMS_002,1045848,,,0,0,-0,0,4,0,0,Q99ZW2,,,false,Q99ZW2,Q99ZW2,,false,IEEGIKELGSQILK,TILDFLKSDGFANR,784,678,14,14,6,7,789,684,4,,-1,0.15908,0.15908,9.766451,false,true,false,false,Self ,0,0.00077,1.223754,,0,0,0,0,0,1109,811,0,
Scan: 289669 Run: DIA12_CV486075:20251228_A2_N1_Mueller_MS_TechHub_IMP_THIDDIAXL003_Cas9_PhoX_DIA12_CV486075_250ng_FAIMS_001 P1_QEDFYPFLKDNR P2_KLINGIR 9 1,DIA12_CV486075:20251228_A2_N1_Mueller_MS_TechHub_IMP_THIDDIAXL003_Cas9_PhoX_DIA12_CV486075_250ng_FAIMS_001,289669,,,0,0,-0,0,4,0,0,Q99ZW2,,,false,Q99ZW2,Q99ZW2,,false,KLINGIR,QEDFYPFLKDNR,665,426,7,12,1,9,665,434,4,,-1,0.158921,0.158921,9.766054,false,true,false,false,Self ,0,0.00077,1.223754,,0,0,0,0,0,1108,810,0,
Scan: 301288 Run: DIA12_CV486075:20251228_A2_N1_Mueller_MS_TechHub_IMP_THIDDIAXL003_Cas9_PhoX_DIA12_CV486075_250ng_FAIMS_001 P1_KSEETITPWNFEEVVDK P2_KKDWDPK 1 1,DIA12_CV486075:20251228_A2_N1_Mueller_MS_TechHub_IMP_THIDDIAXL003_Cas9_PhoX_DIA12_CV486075_250ng_FAIMS_001,301288,,,0,0,-0,0,3,0,0,Q99ZW2,,,false,Q99ZW2,Q99ZW2,,false,KKDWDPK,KSEETITPWNFEEVVDK,1123,468,7,17,1,1,1123,468,3,,-1,0.158861,0.158861,9.765903,false,true,false,false,Self ,0,0.00077,1.223754,,0,0,0,0,0,1094,1372,0,
Scan: 1146422 Run: DIA12_CV486075:20251228_A2_N1_Mueller_MS_TechHub_IMP_THIDDIAXL003_Cas9_PhoX_DIA12_CV486075_250ng_FAIMS_002 P1_SDNVPSEEVVKK P2_GKSDNVPSEEVVK 11 2,DIA12_CV486075:20251228_A2_N1_Mueller_MS_TechHub_IMP_THIDDIAXL003_Cas9_PhoX_DIA12_CV486075_250ng_FAIMS_002,1146422,,,0,0,-0,0,3,0,0,Q99ZW2,,,false,Q99ZW2,Q99ZW2,,false,GKSDNVPSEEVVK,SDNVPSEEVVKK,865,867,13,12,2,11,866,877,3,,-1,0.158786,0.158786,9.765717,false,true,false,false,Self ,0,0.000771,1.223754,,0,0,0,0,0,1106,809,0,
Scan: 254577 Run: DIA12_CV486075:20251228_A2_N1_Mueller_MS_TechHub_IMP_THIDDIAXL003_Cas9_PhoX_DIA12_CV486075_250ng_FAIMS_001 P1_YKEIFFDQSK P2_RNSDKLIAR 2 5,DIA12_CV486075:20251228_A2_N1_Mueller_MS_TechHub_IMP_THIDDIAXL003_Cas9_PhoX_DIA12_CV486075_250ng_FAIMS_001,254577,,,0,0,-0,0,4,0,0,Q99ZW2,,,false,Q99ZW2,Q99ZW2,,false,RNSDKLIAR,YKEIFFDQSK,1114,347,9,10,5,2,1118,348,4,,-1,0.158781,0.158781,9.765703,false,true,false,false,Self ,0,0.000771,1.223754,,0,0,0,0,0,1011,1353,0,
Scan: 1228040 Run: DIA12_CV486075:20251228_A2_N1_Mueller_MS_TechHub_IMP_THIDDIAXL003_Cas9_PhoX_DIA12_CV486075_250ng_FAIMS_003 P1_KVLSMPQVNIVK P2_ELGSQILKEHPVENTQLQNEK 1 8,DIA12_CV486075:20251228_A2_N1_Mueller_MS_TechHub_IMP_THIDDIAXL003_Cas9_PhoX_DIA12_CV486075_250ng_FAIMS_003,1228040,,,0,0,-0,0,4,0,0,Q99ZW2,,,false,Q99ZW2,Q99ZW2,,false,ELGSQILKEHPVENTQLQNEK,KVLSMPQVNIVK,790,1085,21,12,8,1,797,1085,4,,-1,0.158195,0.158195,9.764239,false,true,false,false,Self ,0,0.000771,1.226239,,0,0,0,0,0,1104,808,0,
Scan: 852818 Run: DIA12_CV486075:20251228_A2_N1_Mueller_MS_TechHub_IMP_THIDDIAXL003_Cas9_PhoX_DIA12_CV486075_250ng_FAIMS_002 P1_YKEIFFDQSK P2_DLIIKLPK 2 5,DIA12_CV486075:20251228_A2_N1_Mueller_MS_TechHub_IMP_THIDDIAXL003_Cas9_PhoX_DIA12_CV486075_250ng_FAIMS_002,852818,,,0,0,-0,0,3,0,0,Q99ZW2,,,false,Q99ZW2,Q99ZW2,,false,DLIIKLPK,YKEIFFDQSK,1193,347,8,10,5,2,1197,348,3,,-1,0.158134,0.158134,9.764086,false,true,false,false,Self ,0,0.000771,1.226239,,0,0,0,0,0,1103,807,0,
Scan: 62094 Run: DIA12_CV486075:20251228_A2_N1_Mueller_MS_TechHub_IMP_THIDDIAXL003_Cas9_PhoX_DIA12_CV486075_250ng_FAIMS_001 P1_TEVQTGGFSKESILPK P2_KRPLIETNGETGEIVWDK 10 1,DIA12_CV486075:20251228_A2_N1_Mueller_MS_TechHub_IMP_THIDDIAXL003_Cas9_PhoX_DIA12_CV486075_250ng_FAIMS_001,62094,,,0,0,-0,0,4,0,0,Q99ZW2,,,false,Q99ZW2,Q99ZW2,,false,KRPLIETNGETGEIVWDK,TEVQTGGFSKESILPK,1059,1098,18,16,1,10,1059,1107,4,,-1,0.158059,0.158059,9.763898,false,true,false,false,Self ,0,0.000771,1.226239,,0,0,0,0,0,1102,806,0,
Scan: 732127 Run: DIA12_CV486075:20251228_A2_N1_Mueller_MS_TechHub_IMP_THIDDIAXL003_Cas9_PhoX_DIA12_CV486075_250ng_FAIMS_002 P1_SEETITPWNFEEVVDKGASAQSFIER P2_NPIDFLEAKGYK 16 9,DIA12_CV486075:20251228_A2_N1_Mueller_MS_TechHub_IMP_THIDDIAXL003_Cas9_PhoX_DIA12_CV486075_250ng_FAIMS_002,732127,,,0,0,-0,0,4,0,0,Q99ZW2,,,false,Q99ZW2,Q99ZW2,,false,NPIDFLEAKGYK,SEETITPWNFEEVVDKGASAQSFIER,1177,469,12,26,9,16,1185,484,4,,-1,0.157882,0.157882,9.763456,false,true,false,false,Self ,0,0.000771,1.226737,,0,0,0,0,0,1101,805,0,
Scan: 1266355 Run: DIA12_CV486075:20251228_A2_N1_Mueller_MS_TechHub_IMP_THIDDIAXL003_Cas9_PhoX_DIA12_CV486075_250ng_FAIMS_003 P1_TEVQTGGFSKESILPK P2_KPAFLSGEQK 10 1,DIA12_CV486075:20251228_A2_N1_Mueller_MS_TechHub_IMP_THIDDIAXL003_Cas9_PhoX_DIA12_CV486075_250ng_FAIMS_003,1266355,,,0,0,-0,0,4,0,0,Q99ZW2,,,false,Q99ZW2,Q99ZW2,,false,KPAFLSGEQK,TEVQTGGFSKESILPK,536,1098,10,16,1,10,536,1107,4,,-1,0.157482,0.157482,9.762455,false,true,false,false,Self ,0,0.000772,1.227236,,0,0,0,0,0,629,1213,0,
Scan: 1008367 Run: DIA12_CV486075:20251228_A2_N1_Mueller_MS_TechHub_IMP_THIDDIAXL003_Cas9_PhoX_DIA12_CV486075_250ng_FAIMS_002 P1_KVTVK P2_GQKNSR 1 3,DIA12_CV486075:20251228_A2_N1_Mueller_MS_TechHub_IMP_THIDDIAXL003_Cas9_PhoX_DIA12_CV486075_250ng_FAIMS_002,1008367,,,0,0,-0,0,3,0,0,Q99ZW2,,,false,Q99ZW2,Q99ZW2,,false,GQKNSR,KVTVK,773,558,6,5,3,1,775,558,3,,-1,0.157319,0.157319,9.762049,false,true,false,false,Self ,0,0.000772,1.228234,,0,0,0,0,0,1099,804,0,
Scan: 1718921 Run: DIA12_CV486075:20251228_A2_N1_Mueller_MS_TechHub_IMP_THIDDIAXL003_Cas9_PhoX_DIA12_CV486075_250ng_FAIMS_003 P1_KAIVDLLFK P2_ELGSQILKEHPVENTQLQNEK 1 8,DIA12_CV486075:20251228_A2_N1_Mueller_MS_TechHub_IMP_THIDDIAXL003_Cas9_PhoX_DIA12_CV486075_250ng_FAIMS_003,1718921,,,0,0,-0,0,4,0,0,Q99ZW2,,,false,Q99ZW2,Q99ZW2,,false,ELGSQILKEHPVENTQLQNEK,KAIVDLLFK,790,546,21,9,8,1,797,546,4,,-1,0.156242,0.156242,9.759357,false,true,false,false,Self ,0,0.000773,1.232245,,0,0,0,0,0,1098,803,0,
Scan: 87519 Run: DIA12_CV486075:20251228_A2_N1_Mueller_MS_TechHub_IMP_THIDDIAXL003_Cas9_PhoX_DIA12_CV486075_250ng_FAIMS_001 P1_SNFDLAEDAKLQLSK P2_NSDKLIAR 10 4,DIA12_CV486075:20251228_A2_N1_Mueller_MS_TechHub_IMP_THIDDIAXL003_Cas9_PhoX_DIA12_CV486075_250ng_FAIMS_001,87519,,,0,0,-0,0,3,0,0,Q99ZW2,,,false,Q99ZW2,Q99ZW2,,false,NSDKLIAR,SNFDLAEDAKLQLSK,1115,254,8,15,4,10,1118,263,3,,-1,0.156053,0.156053,9.758884,false,true,false,false,Self ,0,0.000773,1.232748,,0,0,0,0,0,1097,1469,0,
Scan: 1505412 Run: DIA12_CV486075:20251228_A2_N1_Mueller_MS_TechHub_IMP_THIDDIAXL003_Cas9_PhoX_DIA12_CV486075_250ng_FAIMS_003 P1_LKTYAHLFDDK P2_KSEETITPWNFEEVVDK 2 1,DIA12_CV486075:20251228_A2_N1_Mueller_MS_TechHub_IMP_THIDDIAXL003_Cas9_PhoX_DIA12_CV486075_250ng_FAIMS_003,1505412,,,0,0,-0,0,4,0,0,Q99ZW2,,,false,Q99ZW2,Q99ZW2,,false,KSEETITPWNFEEVVDK,LKTYAHLFDDK,468,636,17,11,1,2,468,637,4,,-1,0.155603,0.155603,9.757758,false,true,false,false,Self ,0,0.000773,1.232748,,0,0,0,0,0,1096,802,0,
Scan: 1789696 Run: DIA12_CV486075:20251228_A2_N1_Mueller_MS_TechHub_IMP_THIDDIAXL003_Cas9_PhoX_DIA12_CV486075_250ng_FAIMS_003 P1_KDFQFYK P2_KDFQFYK 1 1,DIA12_CV486075:20251228_A2_N1_Mueller_MS_TechHub_IMP_THIDDIAXL003_Cas9_PhoX_DIA12_CV486075_250ng_FAIMS_003,1789696,,,0,0,-0,0,3,0,0,Q99ZW2,,,false,Q99ZW2,Q99ZW2,,false,KDFQFYK,KDFQFYK,968,968,7,7,1,1,968,968,3,,-1,0.155553,0.155553,9.757633,false,true,false,false,Self ,0,0.000773,1.232748,,0,0,0,0,0,1095,801,0,
Scan: 1496199 Run: DIA12_CV486075:20251228_A2_N1_Mueller_MS_TechHub_IMP_THIDDIAXL003_Cas9_PhoX_DIA12_CV486075_250ng_FAIMS_003 P1_KSEETITPWNFEEVVDK P2_KKDWDPK 1 1,DIA12_CV486075:20251228_A2_N1_Mueller_MS_TechHub_IMP_THIDDIAXL003_Cas9_PhoX_DIA12_CV486075_250ng_FAIMS_003,1496199,,,0,0,-0,0,4,0,0,Q99ZW2,,,false,Q99ZW2,Q99ZW2,,false,KKDWDPK,KSEETITPWNFEEVVDK,1123,468,7,17,1,1,1123,468,4,,-1,0.155132,0.155132,9.756582,false,true,false,false,Self ,0,0.000774,1.233252,,0,0,0,0,0,1094,1372,0,
Scan: 955667 Run: DIA12_CV486075:20251228_A2_N1_Mueller_MS_TechHub_IMP_THIDDIAXL003_Cas9_PhoX_DIA12_CV486075_250ng_FAIMS_002 P1_MTNFDKNLPNEK P2_KLINGIR 6 1,DIA12_CV486075:20251228_A2_N1_Mueller_MS_TechHub_IMP_THIDDIAXL003_Cas9_PhoX_DIA12_CV486075_250ng_FAIMS_002,955667,,,0,0,-0,0,3,0,0,Q99ZW2,,,false,Q99ZW2,Q99ZW2,,false,KLINGIR,MTNFDKNLPNEK,665,495,7,12,1,6,665,500,3,,-1,0.154967,0.154967,9.756169,false,true,false,false,Self ,0,0.000774,1.233252,,0,0,0,0,0,1092,1369,0,
Scan: 1624971 Run: DIA12_CV486075:20251228_A2_N1_Mueller_MS_TechHub_IMP_THIDDIAXL003_Cas9_PhoX_DIA12_CV486075_250ng_FAIMS_003 P1_MTNFDKNLPNEK P2_KLINGIR 6 1,DIA12_CV486075:20251228_A2_N1_Mueller_MS_TechHub_IMP_THIDDIAXL003_Cas9_PhoX_DIA12_CV486075_250ng_FAIMS_003,1624971,,,0,0,-0,0,4,0,0,Q99ZW2,,,false,Q99ZW2,Q99ZW2,,false,KLINGIR,MTNFDKNLPNEK,665,495,7,12,1,6,665,500,4,,-1,0.154862,0.154862,9.755906,false,true,false,false,Self ,0,0.000774,1.233252,,0,0,0,0,0,1092,1369,0,
Scan: 570636 Run: DIA12_CV486075:20251228_A2_N1_Mueller_MS_TechHub_IMP_THIDDIAXL003_Cas9_PhoX_DIA12_CV486075_250ng_FAIMS_001 P1_YPKLESEFVYGDYK P2_QITKHVAQILDSR 3 4,DIA12_CV486075:20251228_A2_N1_Mueller_MS_TechHub_IMP_THIDDIAXL003_Cas9_PhoX_DIA12_CV486075_250ng_FAIMS_001,570636,,,0,0,-0,0,4,0,0,Q99ZW2,,,false,Q99ZW2,Q99ZW2,,false,QITKHVAQILDSR,YPKLESEFVYGDYK,926,1001,13,14,4,3,929,1003,4,,-1,0.154857,0.154857,9.755894,false,true,false,false,Self ,0,0.000774,1.233252,,0,0,0,0,0,1091,800,0,
Scan: 1639932 Run: DIA12_CV486075:20251228_A2_N1_Mueller_MS_TechHub_IMP_THIDDIAXL003_Cas9_PhoX_DIA12_CV486075_250ng_FAIMS_003 P1_TILDFLKSDGFANR P2_KNLIGALLFDSGETAEATR 7 1,DIA12_CV486075:20251228_A2_N1_Mueller_MS_TechHub_IMP_THIDDIAXL003_Cas9_PhoX_DIA12_CV486075_250ng_FAIMS_003,1639932,,,0,0,-0,0,4,0,0,Q99ZW2,,,false,Q99ZW2,Q99ZW2,,false,KNLIGALLFDSGETAEATR,TILDFLKSDGFANR,45,678,19,14,1,7,45,684,4,,-1,0.153992,0.153992,9.753731,false,true,false,false,Self ,0,0.000775,1.23527,,0,0,0,0,0,1090,799,0,
Scan: 585839 Run: DIA12_CV486075:20251228_A2_N1_Mueller_MS_TechHub_IMP_THIDDIAXL003_Cas9_PhoX_DIA12_CV486075_250ng_FAIMS_001 P1_YDENDKLIR P2_KDLIIK 6 1,DIA12_CV486075:20251228_A2_N1_Mueller_MS_TechHub_IMP_THIDDIAXL003_Cas9_PhoX_DIA12_CV486075_250ng_FAIMS_001,585839,,,0,0,-0,0,3,0,0,Q99ZW2,,,false,Q99ZW2,Q99ZW2,,false,KDLIIK,YDENDKLIR,1192,943,6,9,1,6,1192,948,3,,-1,0.153758,0.153758,9.753146,false,true,false,false,Self ,0,0.000775,1.236282,,0,0,0,0,0,1089,798,0,
Scan: 811043 Run: DIA12_CV486075:20251228_A2_N1_Mueller_MS_TechHub_IMP_THIDDIAXL003_Cas9_PhoX_DIA12_CV486075_250ng_FAIMS_002 P1_RLENLIAQLPGEKK P2_NSDKLIAR 13 4,DIA12_CV486075:20251228_A2_N1_Mueller_MS_TechHub_IMP_THIDDIAXL003_Cas9_PhoX_DIA12_CV486075_250ng_FAIMS_002,811043,,,0,0,-0,0,3,0,0,Q99ZW2,,,false,Q99ZW2,Q99ZW2,,false,NSDKLIAR,RLENLIAQLPGEKK,1115,221,8,14,4,13,1118,233,3,,-1,0.153635,0.153635,9.75284,false,true,false,false,Self ,0,0.000775,1.236282,,0,0,0,0,0,1088,797,0,
Scan: 1743989 Run: DIA12_CV486075:20251228_A2_N1_Mueller_MS_TechHub_IMP_THIDDIAXL003_Cas9_PhoX_DIA12_CV486075_250ng_FAIMS_003 P1_KFDNLTK P2_GKSDNVPSEEVVK 1 2,DIA12_CV486075:20251228_A2_N1_Mueller_MS_TechHub_IMP_THIDDIAXL003_Cas9_PhoX_DIA12_CV486075_250ng_FAIMS_003,1743989,,,0,0,-0,0,4,0,0,Q99ZW2,,,false,Q99ZW2,Q99ZW2,,false,GKSDNVPSEEVVK,KFDNLTK,865,896,13,7,2,1,866,896,4,,-1,0.153464,0.153464,9.752411,false,true,false,false,Self ,0,0.000775,1.236788,,0,0,0,0,0,669,1331,0,
Scan: 1186555 Run: DIA12_CV486075:20251228_A2_N1_Mueller_MS_TechHub_IMP_THIDDIAXL003_Cas9_PhoX_DIA12_CV486075_250ng_FAIMS_002 P1_SKLVSDFR P2_QSGKTILDFLK 2 4,DIA12_CV486075:20251228_A2_N1_Mueller_MS_TechHub_IMP_THIDDIAXL003_Cas9_PhoX_DIA12_CV486075_250ng_FAIMS_002,1186555,,,0,0,-0,0,4,0,0,Q99ZW2,,,false,Q99ZW2,Q99ZW2,,false,QSGKTILDFLK,SKLVSDFR,674,960,11,8,4,2,677,961,4,,-1,0.153436,0.153436,9.752342,false,true,false,false,Self ,0,0.000775,1.236788,,0,0,0,0,0,746,1338,0,
Scan: 661226 Run: DIA12_CV486075:20251228_A2_N1_Mueller_MS_TechHub_IMP_THIDDIAXL003_Cas9_PhoX_DIA12_CV486075_250ng_FAIMS_002 P1_TEVQTGGFSKESILPK P2_KKDWDPK 10 1,DIA12_CV486075:20251228_A2_N1_Mueller_MS_TechHub_IMP_THIDDIAXL003_Cas9_PhoX_DIA12_CV486075_250ng_FAIMS_002,661226,,,0,0,-0,0,3,0,0,Q99ZW2,,,false,Q99ZW2,Q99ZW2,,false,KKDWDPK,TEVQTGGFSKESILPK,1123,1098,7,16,1,10,1123,1107,3,,-1,0.153235,0.153235,9.751838,false,true,false,false,Self ,0,0.000775,1.237295,,0,0,0,0,0,686,1048,0,
Scan: 589011 Run: DIA12_CV486075:20251228_A2_N1_Mueller_MS_TechHub_IMP_THIDDIAXL003_Cas9_PhoX_DIA12_CV486075_250ng_FAIMS_001 P1_SKLVSDFR P2_KLINGIR 2 1,DIA12_CV486075:20251228_A2_N1_Mueller_MS_TechHub_IMP_THIDDIAXL003_Cas9_PhoX_DIA12_CV486075_250ng_FAIMS_001,589011,,,0,0,-0,0,4,0,0,Q99ZW2,,,false,Q99ZW2,Q99ZW2,,false,KLINGIR,SKLVSDFR,665,960,7,8,1,2,665,961,4,,-1,0.152534,0.152534,9.750085,false,true,false,false,Self ,0,0.000776,1.239327,,0,0,0,0,0,816,1341,0,
Scan: 489573 Run: DIA12_CV486075:20251228_A2_N1_Mueller_MS_TechHub_IMP_THIDDIAXL003_Cas9_PhoX_DIA12_CV486075_250ng_FAIMS_001 P1_GILQTVKVVDELVK P2_ESILPKR 7 6,DIA12_CV486075:20251228_A2_N1_Mueller_MS_TechHub_IMP_THIDDIAXL003_Cas9_PhoX_DIA12_CV486075_250ng_FAIMS_001,489573,,,0,0,-0,0,3,0,0,Q99ZW2,,,false,Q99ZW2,Q99ZW2,,false,ESILPKR,GILQTVKVVDELVK,1108,736,7,14,6,7,1113,742,3,,-1,0.151803,0.151803,9.748259,false,true,false,false,Self ,0,0.000776,1.241365,,0,0,0,0,0,1083,796,0,
Scan: 1185199 Run: DIA12_CV486075:20251228_A2_N1_Mueller_MS_TechHub_IMP_THIDDIAXL003_Cas9_PhoX_DIA12_CV486075_250ng_FAIMS_002 P1_SKLVSDFR P2_RPLIETNGETGEIVWDKGR 2 17,DIA12_CV486075:20251228_A2_N1_Mueller_MS_TechHub_IMP_THIDDIAXL003_Cas9_PhoX_DIA12_CV486075_250ng_FAIMS_002,1185199,,,0,0,-0,0,4,0,0,Q99ZW2,,,false,Q99ZW2,Q99ZW2,,false,RPLIETNGETGEIVWDKGR,SKLVSDFR,1060,960,19,8,17,2,1076,961,4,,-1,0.151729,0.151729,9.748075,false,true,false,false,Self ,0,0.000776,1.241365,,0,0,0,0,0,1082,795,0,
Scan: 1599413 Run: DIA12_CV486075:20251228_A2_N1_Mueller_MS_TechHub_IMP_THIDDIAXL003_Cas9_PhoX_DIA12_CV486075_250ng_FAIMS_003 P1_KLVDSTDK P2_KAIVDLLFK 1 1,DIA12_CV486075:20251228_A2_N1_Mueller_MS_TechHub_IMP_THIDDIAXL003_Cas9_PhoX_DIA12_CV486075_250ng_FAIMS_003,1599413,,,0,0,-0,0,3,0,0,Q99ZW2,,,false,Q99ZW2,Q99ZW2,,false,KAIVDLLFK,KLVDSTDK,546,141,9,8,1,1,546,141,3,,-1,0.151316,0.151316,9.747041,false,true,false,false,Self ,0,0.000777,1.242898,,0,0,0,0,0,1081,794,0,
Scan: 1339930 Run: DIA12_CV486075:20251228_A2_N1_Mueller_MS_TechHub_IMP_THIDDIAXL003_Cas9_PhoX_DIA12_CV486075_250ng_FAIMS_003 P1_LPKYSLFELENGR P2_LKGSPEDNEQK 3 2,DIA12_CV486075:20251228_A2_N1_Mueller_MS_TechHub_IMP_THIDDIAXL003_Cas9_PhoX_DIA12_CV486075_250ng_FAIMS_003,1339930,,,0,0,-0,0,3,0,0,Q99ZW2,,,false,Q99ZW2,Q99ZW2,,false,LKGSPEDNEQK,LPKYSLFELENGR,1245,1198,11,13,2,3,1246,1200,3,,-1,0.151165,0.151165,9.746665,false,true,false,false,Self ,0,0.000777,1.24341,,0,0,0,0,0,1080,1383,0,
Scan: 447312 Run: DIA12_CV486075:20251228_A2_N1_Mueller_MS_TechHub_IMP_THIDDIAXL003_Cas9_PhoX_DIA12_CV486075_250ng_FAIMS_001 P1_TILDFLKSDGFANR P2_KLINGIR 7 1,DIA12_CV486075:20251228_A2_N1_Mueller_MS_TechHub_IMP_THIDDIAXL003_Cas9_PhoX_DIA12_CV486075_250ng_FAIMS_001,447312,,,0,0,-0,0,4,0,0,Q99ZW2,,,false,Q99ZW2,Q99ZW2,,false,KLINGIR,TILDFLKSDGFANR,665,678,7,14,1,7,665,684,4,,-1,0.15105,0.15105,9.746376,false,true,false,false,Self ,0,0.000777,1.243923,,0,0,0,0,0,1079,793,0,
Scan: 36085 Run: DIA12_CV486075:20251228_A2_N1_Mueller_MS_TechHub_IMP_THIDDIAXL003_Cas9_PhoX_DIA12_CV486075_250ng_FAIMS_001 P1_KTEVQTGGFSK P2_ESILPKR 1 6,DIA12_CV486075:20251228_A2_N1_Mueller_MS_TechHub_IMP_THIDDIAXL003_Cas9_PhoX_DIA12_CV486075_250ng_FAIMS_001,36085,,,0,0,-0,0,3,0,0,Q99ZW2,,,false,Q99ZW2,Q99ZW2,,false,ESILPKR,KTEVQTGGFSK,1108,1097,7,11,6,1,1113,1097,3,,-1,0.150936,0.150936,9.74609,false,true,false,false,Self ,0,0.000777,1.243923,,0,0,0,0,0,1078,792,0,
Scan: 428321 Run: DIA12_CV486075:20251228_A2_N1_Mueller_MS_TechHub_IMP_THIDDIAXL003_Cas9_PhoX_DIA12_CV486075_250ng_FAIMS_001 P1_KLINGIR P2_KKDWDPK 1 2,DIA12_CV486075:20251228_A2_N1_Mueller_MS_TechHub_IMP_THIDDIAXL003_Cas9_PhoX_DIA12_CV486075_250ng_FAIMS_001,428321,,,0,0,-0,0,3,0,0,Q99ZW2,,,false,Q99ZW2,Q99ZW2,,false,KKDWDPK,KLINGIR,1123,665,7,7,2,1,1124,665,3,,-1,0.150909,0.150909,9.746024,false,true,false,false,Self ,0,0.000777,1.243923,,0,0,0,0,0,1077,59,0,
Scan: 1036778 Run: DIA12_CV486075:20251228_A2_N1_Mueller_MS_TechHub_IMP_THIDDIAXL003_Cas9_PhoX_DIA12_CV486075_250ng_FAIMS_002 P1_QSGKTILDFLK P2_DKPIR 4 2,DIA12_CV486075:20251228_A2_N1_Mueller_MS_TechHub_IMP_THIDDIAXL003_Cas9_PhoX_DIA12_CV486075_250ng_FAIMS_002,1036778,,,0,0,-0,0,3,0,0,Q99ZW2,,,false,Q99ZW2,Q99ZW2,,false,DKPIR,QSGKTILDFLK,1299,674,5,11,2,4,1300,677,3,,-1,0.150392,0.150392,9.744731,false,true,false,false,Self ,0,0.000778,1.245462,,0,0,0,0,0,1076,791,0,
Scan: 1029436 Run: DIA12_CV486075:20251228_A2_N1_Mueller_MS_TechHub_IMP_THIDDIAXL003_Cas9_PhoX_DIA12_CV486075_250ng_FAIMS_002 P1_KLINGIR P2_GQKNSR 1 3,DIA12_CV486075:20251228_A2_N1_Mueller_MS_TechHub_IMP_THIDDIAXL003_Cas9_PhoX_DIA12_CV486075_250ng_FAIMS_002,1029436,,,0,0,-0,0,3,0,0,Q99ZW2,,,false,Q99ZW2,Q99ZW2,,false,GQKNSR,KLINGIR,773,665,6,7,3,1,775,665,3,,-1,0.150198,0.150198,9.744246,false,true,false,false,Self ,0,0.000778,1.245976,,0,0,0,0,0,1075,790,0,
Scan: 415381 Run: DIA12_CV486075:20251228_A2_N1_Mueller_MS_TechHub_IMP_THIDDIAXL003_Cas9_PhoX_DIA12_CV486075_250ng_FAIMS_001 P1_MTNFDKNLPNEK P2_KIECFDSVEISGVEDR 6 1,DIA12_CV486075:20251228_A2_N1_Mueller_MS_TechHub_IMP_THIDDIAXL003_Cas9_PhoX_DIA12_CV486075_250ng_FAIMS_001,415381,,,0,0,-0,0,4,0,0,Q99ZW2,,,false,Q99ZW2,Q99ZW2,,false,KIECFDSVEISGVEDR,MTNFDKNLPNEK,571,495,16,12,1,6,571,500,4,,-1,0.149511,0.149511,9.742528,false,true,false,false,Self ,0,0.000778,1.247521,,0,0,0,0,0,1074,789,0,
Scan: 1605269 Run: DIA12_CV486075:20251228_A2_N1_Mueller_MS_TechHub_IMP_THIDDIAXL003_Cas9_PhoX_DIA12_CV486075_250ng_FAIMS_003 P1_KVTVK P2_DKPIR 1 2,DIA12_CV486075:20251228_A2_N1_Mueller_MS_TechHub_IMP_THIDDIAXL003_Cas9_PhoX_DIA12_CV486075_250ng_FAIMS_003,1605269,,,0,0,-0,0,3,0,0,Q99ZW2,,,false,Q99ZW2,Q99ZW2,,false,DKPIR,KVTVK,1299,558,5,5,2,1,1300,558,3,,-1,0.149319,0.149319,9.742048,false,true,false,false,Self ,0,0.000779,1.249069,,0,0,0,0,0,1073,788,0,
Scan: 1157727 Run: DIA12_CV486075:20251228_A2_N1_Mueller_MS_TechHub_IMP_THIDDIAXL003_Cas9_PhoX_DIA12_CV486075_250ng_FAIMS_002 P1_QLLNAKLITQR P2_GQKNSR 6 3,DIA12_CV486075:20251228_A2_N1_Mueller_MS_TechHub_IMP_THIDDIAXL003_Cas9_PhoX_DIA12_CV486075_250ng_FAIMS_002,1157727,,,0,0,-0,0,3,0,0,Q99ZW2,,,false,Q99ZW2,Q99ZW2,,false,GQKNSR,QLLNAKLITQR,773,885,6,11,3,6,775,890,3,,-1,0.148328,0.148328,9.739572,false,true,false,false,Self ,0,0.000779,1.25114,,0,0,0,0,0,32,1280,0,
Scan: 1201499 Run: DIA12_CV486075:20251228_A2_N1_Mueller_MS_TechHub_IMP_THIDDIAXL003_Cas9_PhoX_DIA12_CV486075_250ng_FAIMS_003 P1_YKEIFFDQSK P2_LESEFVYGDYKVYDVR 2 11,DIA12_CV486075:20251228_A2_N1_Mueller_MS_TechHub_IMP_THIDDIAXL003_Cas9_PhoX_DIA12_CV486075_250ng_FAIMS_003,1201499,,,0,0,-0,0,4,0,0,Q99ZW2,,,false,Q99ZW2,Q99ZW2,,false,LESEFVYGDYKVYDVR,YKEIFFDQSK,1004,347,16,10,11,2,1014,348,4,,-1,0.148279,0.148279,9.739447,false,true,false,false,Self ,0,0.000779,1.25114,,0,0,0,0,0,1071,787,0,
Scan: 1573313 Run: DIA12_CV486075:20251228_A2_N1_Mueller_MS_TechHub_IMP_THIDDIAXL003_Cas9_PhoX_DIA12_CV486075_250ng_FAIMS_003 P1_KPAFLSGEQK P2_KKDWDPK 1 2,DIA12_CV486075:20251228_A2_N1_Mueller_MS_TechHub_IMP_THIDDIAXL003_Cas9_PhoX_DIA12_CV486075_250ng_FAIMS_003,1573313,,,0,0,-0,0,3,0,0,Q99ZW2,,,false,Q99ZW2,Q99ZW2,,false,KKDWDPK,KPAFLSGEQK,1123,536,7,10,2,1,1124,536,3,,-1,0.148144,0.148144,9.739112,false,true,false,false,Self ,0,0.00078,1.252178,,0,0,0,0,0,225,1270,0,
Scan: 430500 Run: DIA12_CV486075:20251228_A2_N1_Mueller_MS_TechHub_IMP_THIDDIAXL003_Cas9_PhoX_DIA12_CV486075_250ng_FAIMS_001 P1_VTVKQLK P2_KLINGIR 4 1,DIA12_CV486075:20251228_A2_N1_Mueller_MS_TechHub_IMP_THIDDIAXL003_Cas9_PhoX_DIA12_CV486075_250ng_FAIMS_001,430500,,,0,0,-0,0,3,0,0,Q99ZW2,,,false,Q99ZW2,Q99ZW2,,false,KLINGIR,VTVKQLK,665,559,7,7,1,4,665,562,3,,-1,0.147462,0.147462,9.737406,false,true,false,false,Self ,0,0.00078,1.252697,,0,0,0,0,0,1069,786,0,
Scan: 938640 Run: DIA12_CV486075:20251228_A2_N1_Mueller_MS_TechHub_IMP_THIDDIAXL003_Cas9_PhoX_DIA12_CV486075_250ng_FAIMS_002 P1_KSEETITPWNFEEVVDKGASAQSFIER P2_ESILPKR 17 6,DIA12_CV486075:20251228_A2_N1_Mueller_MS_TechHub_IMP_THIDDIAXL003_Cas9_PhoX_DIA12_CV486075_250ng_FAIMS_002,938640,,,0,0,-0,0,4,0,0,Q99ZW2,,,false,Q99ZW2,Q99ZW2,,false,ESILPKR,KSEETITPWNFEEVVDKGASAQSFIER,1108,468,7,27,6,17,1113,484,4,,-1,0.146947,0.146947,9.736118,false,true,false,false,Self ,0,0.000781,1.253738,,0,0,0,0,0,1068,68,0,
Scan: 1172717 Run: DIA12_CV486075:20251228_A2_N1_Mueller_MS_TechHub_IMP_THIDDIAXL003_Cas9_PhoX_DIA12_CV486075_250ng_FAIMS_002 P1_VITLKSK P2_QITKHVAQILDSR 5 4,DIA12_CV486075:20251228_A2_N1_Mueller_MS_TechHub_IMP_THIDDIAXL003_Cas9_PhoX_DIA12_CV486075_250ng_FAIMS_002,1172717,,,0,0,-0,0,3,0,0,Q99ZW2,,,false,Q99ZW2,Q99ZW2,,false,QITKHVAQILDSR,VITLKSK,926,955,13,7,4,5,929,959,3,,-1,0.146712,0.146712,9.735532,false,true,false,false,Self ,0,0.000781,1.254258,,0,0,0,0,0,229,1290,0,
Scan: 587066 Run: DIA12_CV486075:20251228_A2_N1_Mueller_MS_TechHub_IMP_THIDDIAXL003_Cas9_PhoX_DIA12_CV486075_250ng_FAIMS_001 P1_YDENDKLIR P2_KGILQTVK 6 1,DIA12_CV486075:20251228_A2_N1_Mueller_MS_TechHub_IMP_THIDDIAXL003_Cas9_PhoX_DIA12_CV486075_250ng_FAIMS_001,587066,,,0,0,-0,0,3,0,0,Q99ZW2,,,false,Q99ZW2,Q99ZW2,,false,KGILQTVK,YDENDKLIR,735,943,8,9,1,6,735,948,3,,-1,0.146415,0.146415,9.734789,false,true,false,false,Self ,0,0.000781,1.255824,,0,0,0,0,0,1066,784,0,
Scan: 1140288 Run: DIA12_CV486075:20251228_A2_N1_Mueller_MS_TechHub_IMP_THIDDIAXL003_Cas9_PhoX_DIA12_CV486075_250ng_FAIMS_002 P1_QLLNAKLITQR P2_DDSIDNKVLTR 6 7,DIA12_CV486075:20251228_A2_N1_Mueller_MS_TechHub_IMP_THIDDIAXL003_Cas9_PhoX_DIA12_CV486075_250ng_FAIMS_002,1140288,,,0,0,-0,0,4,0,0,Q99ZW2,,,false,Q99ZW2,Q99ZW2,,false,DDSIDNKVLTR,QLLNAKLITQR,849,885,11,11,7,6,855,890,4,,-1,0.146331,0.146331,9.734579,false,true,false,false,Self ,0,0.000781,1.255824,,0,0,0,0,0,1065,783,0,
Scan: 68660 Run: DIA12_CV486075:20251228_A2_N1_Mueller_MS_TechHub_IMP_THIDDIAXL003_Cas9_PhoX_DIA12_CV486075_250ng_FAIMS_001 P1_TEVQTGGFSKESILPK P2_DLIIKLPK 10 5,DIA12_CV486075:20251228_A2_N1_Mueller_MS_TechHub_IMP_THIDDIAXL003_Cas9_PhoX_DIA12_CV486075_250ng_FAIMS_001,68660,,,0,0,-0,0,3,0,0,Q99ZW2,,,false,Q99ZW2,Q99ZW2,,false,DLIIKLPK,TEVQTGGFSKESILPK,1193,1098,8,16,5,10,1197,1107,3,,-1,0.146015,0.146015,9.733789,false,true,false,false,Self ,0,0.000781,1.256346,,0,0,0,0,0,736,704,0,
Scan: 1782692 Run: DIA12_CV486075:20251228_A2_N1_Mueller_MS_TechHub_IMP_THIDDIAXL003_Cas9_PhoX_DIA12_CV486075_250ng_FAIMS_003 P1_SKLVSDFR P2_KTEVQTGGFSK 2 1,DIA12_CV486075:20251228_A2_N1_Mueller_MS_TechHub_IMP_THIDDIAXL003_Cas9_PhoX_DIA12_CV486075_250ng_FAIMS_003,1782692,,,0,0,-0,0,4,0,0,Q99ZW2,,,false,Q99ZW2,Q99ZW2,,false,KTEVQTGGFSK,SKLVSDFR,1097,960,11,8,1,2,1097,961,4,,-1,0.145906,0.145906,9.733515,false,true,false,false,Self ,0,0.000781,1.256869,,0,0,0,0,0,1063,1414,0,
Scan: 839214 Run: DIA12_CV486075:20251228_A2_N1_Mueller_MS_TechHub_IMP_THIDDIAXL003_Cas9_PhoX_DIA12_CV486075_250ng_FAIMS_002 P1_KKDWDPK P2_FKVLGNTDR 1 2,DIA12_CV486075:20251228_A2_N1_Mueller_MS_TechHub_IMP_THIDDIAXL003_Cas9_PhoX_DIA12_CV486075_250ng_FAIMS_002,839214,,,0,0,-0,0,4,0,0,Q99ZW2,,,false,Q99ZW2,Q99ZW2,,false,FKVLGNTDR,KKDWDPK,32,1123,9,7,2,1,33,1123,4,,-1,0.145851,0.145851,9.733378,false,true,false,false,Self ,0,0.000781,1.256869,,0,0,0,0,0,1062,1364,0,
Scan: 1037912 Run: DIA12_CV486075:20251228_A2_N1_Mueller_MS_TechHub_IMP_THIDDIAXL003_Cas9_PhoX_DIA12_CV486075_250ng_FAIMS_002 P1_QSGKTILDFLK P2_KDFQFYK 4 1,DIA12_CV486075:20251228_A2_N1_Mueller_MS_TechHub_IMP_THIDDIAXL003_Cas9_PhoX_DIA12_CV486075_250ng_FAIMS_002,1037912,,,0,0,-0,0,3,0,0,Q99ZW2,,,false,Q99ZW2,Q99ZW2,,false,KDFQFYK,QSGKTILDFLK,968,674,7,11,1,4,968,677,3,,-1,0.145802,0.145802,9.733257,false,true,false,false,Self ,0,0.000782,1.256869,,0,0,0,0,0,1061,1376,0,
Scan: 1169761 Run: DIA12_CV486075:20251228_A2_N1_Mueller_MS_TechHub_IMP_THIDDIAXL003_Cas9_PhoX_DIA12_CV486075_250ng_FAIMS_002 P1_QITKHVAQILDSR P2_KNLIGALLFDSGETAEATR 4 1,DIA12_CV486075:20251228_A2_N1_Mueller_MS_TechHub_IMP_THIDDIAXL003_Cas9_PhoX_DIA12_CV486075_250ng_FAIMS_002,1169761,,,0,0,-0,0,4,0,0,Q99ZW2,,,false,Q99ZW2,Q99ZW2,,false,KNLIGALLFDSGETAEATR,QITKHVAQILDSR,45,926,19,13,1,4,45,929,4,,-1,0.145797,0.145797,9.733244,false,true,false,false,Self ,0,0.000782,1.256869,,0,0,0,0,0,1060,782,0,
Scan: 1002072 Run: DIA12_CV486075:20251228_A2_N1_Mueller_MS_TechHub_IMP_THIDDIAXL003_Cas9_PhoX_DIA12_CV486075_250ng_FAIMS_002 P1_YKEIFFDQSK P2_KAIVDLLFK 2 1,DIA12_CV486075:20251228_A2_N1_Mueller_MS_TechHub_IMP_THIDDIAXL003_Cas9_PhoX_DIA12_CV486075_250ng_FAIMS_002,1002072,,,0,0,-0,0,4,0,0,Q99ZW2,,,false,Q99ZW2,Q99ZW2,,false,KAIVDLLFK,YKEIFFDQSK,546,347,9,10,1,2,546,348,4,,-1,0.145571,0.145571,9.73268,false,true,false,false,Self ,0,0.000782,1.257393,,0,0,0,0,0,1059,1473,0,
Scan: 1647247 Run: DIA12_CV486075:20251228_A2_N1_Mueller_MS_TechHub_IMP_THIDDIAXL003_Cas9_PhoX_DIA12_CV486075_250ng_FAIMS_003 P1_KTEVQTGGFSKESILPK P2_EDIQKAQVSGQGDSLHEHIANLAGSPAIKK 11 5,DIA12_CV486075:20251228_A2_N1_Mueller_MS_TechHub_IMP_THIDDIAXL003_Cas9_PhoX_DIA12_CV486075_250ng_FAIMS_003,1647247,,,0,0,-0,0,6,0,0,Q99ZW2,,,false,Q99ZW2,Q99ZW2,,false,EDIQKAQVSGQGDSLHEHIANLAGSPAIKK,KTEVQTGGFSKESILPK,706,1097,30,17,5,11,710,1107,6,,-1,0.145366,0.145366,9.732165,false,true,false,false,Self ,0,0.000782,1.258966,,0,0,0,0,0,1058,781,0,
Scan: 692693 Run: DIA12_CV486075:20251228_A2_N1_Mueller_MS_TechHub_IMP_THIDDIAXL003_Cas9_PhoX_DIA12_CV486075_250ng_FAIMS_002 P1_SSFEKNPIDFLEAK P2_KKDWDPKK 5 1,DIA12_CV486075:20251228_A2_N1_Mueller_MS_TechHub_IMP_THIDDIAXL003_Cas9_PhoX_DIA12_CV486075_250ng_FAIMS_002,692693,,,0,0,-0,0,4,0,0,Q99ZW2,,,false,Q99ZW2,Q99ZW2,,false,KKDWDPKK,SSFEKNPIDFLEAK,1123,1172,8,14,1,5,1123,1176,4,,-1,0.145274,0.145274,9.731936,false,true,false,false,Self ,0,0.000782,1.258966,,0,0,0,0,0,1057,1382,0,
Scan: 37893 Run: DIA12_CV486075:20251228_A2_N1_Mueller_MS_TechHub_IMP_THIDDIAXL003_Cas9_PhoX_DIA12_CV486075_250ng_FAIMS_001 P1_KTEVQTGGFSK P2_DKPIR 1 2,DIA12_CV486075:20251228_A2_N1_Mueller_MS_TechHub_IMP_THIDDIAXL003_Cas9_PhoX_DIA12_CV486075_250ng_FAIMS_001,37893,,,0,0,-0,0,3,0,0,Q99ZW2,,,false,Q99ZW2,Q99ZW2,,false,DKPIR,KTEVQTGGFSK,1299,1097,5,11,2,1,1300,1097,3,,-1,0.145069,0.145069,9.731424,false,true,false,false,Self ,0,0.000782,1.258966,,0,0,0,0,0,1056,780,0,
Scan: 1194317 Run: DIA12_CV486075:20251228_A2_N1_Mueller_MS_TechHub_IMP_THIDDIAXL003_Cas9_PhoX_DIA12_CV486075_250ng_FAIMS_002 P1_SKLVSDFR P2_DFQFYKVR 2 6,DIA12_CV486075:20251228_A2_N1_Mueller_MS_TechHub_IMP_THIDDIAXL003_Cas9_PhoX_DIA12_CV486075_250ng_FAIMS_002,1194317,,,0,0,-0,0,4,0,0,Q99ZW2,,,false,Q99ZW2,Q99ZW2,,false,DFQFYKVR,SKLVSDFR,969,960,8,8,6,2,974,961,4,,-1,0.144976,0.144976,9.731191,false,true,false,false,Self ,0,0.000782,1.259491,,0,0,0,0,0,1055,1425,0,
Scan: 1539874 Run: DIA12_CV486075:20251228_A2_N1_Mueller_MS_TechHub_IMP_THIDDIAXL003_Cas9_PhoX_DIA12_CV486075_250ng_FAIMS_003 P1_KSEETITPWNFEEVVDKGASAQSFIER P2_IEKILTFR 17 3,DIA12_CV486075:20251228_A2_N1_Mueller_MS_TechHub_IMP_THIDDIAXL003_Cas9_PhoX_DIA12_CV486075_250ng_FAIMS_003,1539874,,,0,0,-0,0,5,0,0,Q99ZW2,,,false,Q99ZW2,Q99ZW2,,false,IEKILTFR,KSEETITPWNFEEVVDKGASAQSFIER,440,468,8,27,3,17,442,484,5,,-1,0.144685,0.144685,9.730464,false,true,false,false,Self ,0,0.000782,1.259491,,0,0,0,0,0,1054,1152,0,
Scan: 587031 Run: DIA12_CV486075:20251228_A2_N1_Mueller_MS_TechHub_IMP_THIDDIAXL003_Cas9_PhoX_DIA12_CV486075_250ng_FAIMS_001 P1_YDENDKLIR P2_DKQSGK 6 2,DIA12_CV486075:20251228_A2_N1_Mueller_MS_TechHub_IMP_THIDDIAXL003_Cas9_PhoX_DIA12_CV486075_250ng_FAIMS_001,587031,,,0,0,-0,0,3,0,0,Q99ZW2,,,false,Q99ZW2,Q99ZW2,,false,DKQSGK,YDENDKLIR,672,943,6,9,2,6,673,948,3,,-1,0.14444,0.14444,9.729851,false,true,false,false,Self ,0,0.000783,1.260017,,0,0,0,0,0,1053,779,0,
Scan: 204353 Run: DIA12_CV486075:20251228_A2_N1_Mueller_MS_TechHub_IMP_THIDDIAXL003_Cas9_PhoX_DIA12_CV486075_250ng_FAIMS_001 P1_KLVDSTDK P2_FKVLGNTDR 1 2,DIA12_CV486075:20251228_A2_N1_Mueller_MS_TechHub_IMP_THIDDIAXL003_Cas9_PhoX_DIA12_CV486075_250ng_FAIMS_001,204353,,,0,0,-0,0,4,0,0,Q99ZW2,,,false,Q99ZW2,Q99ZW2,,false,FKVLGNTDR,KLVDSTDK,32,141,9,8,2,1,33,141,4,,-1,0.144436,0.144436,9.729841,false,true,false,false,Self ,0,0.000783,1.260017,,0,0,0,0,0,1052,1424,0,
Scan: 196514 Run: DIA12_CV486075:20251228_A2_N1_Mueller_MS_TechHub_IMP_THIDDIAXL003_Cas9_PhoX_DIA12_CV486075_250ng_FAIMS_001 P1_YTSTKEVLDATLIHQSITGLYETR P2_ESILPKR 5 6,DIA12_CV486075:20251228_A2_N1_Mueller_MS_TechHub_IMP_THIDDIAXL003_Cas9_PhoX_DIA12_CV486075_250ng_FAIMS_001,196514,,,0,0,-0,0,4,0,0,Q99ZW2,,,false,Q99ZW2,Q99ZW2,,false,ESILPKR,YTSTKEVLDATLIHQSITGLYETR,1108,1336,7,24,6,5,1113,1340,4,,-1,0.143639,0.143639,9.727848,false,true,false,false,Self ,0,0.000783,1.262124,,0,0,0,0,0,1051,778,0,
Scan: 1139642 Run: DIA12_CV486075:20251228_A2_N1_Mueller_MS_TechHub_IMP_THIDDIAXL003_Cas9_PhoX_DIA12_CV486075_250ng_FAIMS_002 P1_ELGSQILKEHPVENTQLQNEK P2_DDSIDNKVLTR 8 7,DIA12_CV486075:20251228_A2_N1_Mueller_MS_TechHub_IMP_THIDDIAXL003_Cas9_PhoX_DIA12_CV486075_250ng_FAIMS_002,1139642,,,0,0,-0,0,4,0,0,Q99ZW2,,,false,Q99ZW2,Q99ZW2,,false,DDSIDNKVLTR,ELGSQILKEHPVENTQLQNEK,849,790,11,21,7,8,855,797,4,,-1,0.143422,0.143422,9.727306,false,true,false,false,Self ,0,0.000784,1.262124,,0,0,0,0,0,1050,777,0,
Scan: 1341112 Run: DIA12_CV486075:20251228_A2_N1_Mueller_MS_TechHub_IMP_THIDDIAXL003_Cas9_PhoX_DIA12_CV486075_250ng_FAIMS_003 P1_LPKYSLFELENGR P2_KPAFLSGEQK 3 1,DIA12_CV486075:20251228_A2_N1_Mueller_MS_TechHub_IMP_THIDDIAXL003_Cas9_PhoX_DIA12_CV486075_250ng_FAIMS_003,1341112,,,0,0,-0,0,3,0,0,Q99ZW2,,,false,Q99ZW2,Q99ZW2,,false,KPAFLSGEQK,LPKYSLFELENGR,536,1198,10,13,1,3,536,1200,3,,-1,0.143143,0.143143,9.726608,false,true,false,false,Self ,0,0.000784,1.262652,,0,0,0,0,0,1049,1477,0,
Scan: 1078598 Run: DIA12_CV486075:20251228_A2_N1_Mueller_MS_TechHub_IMP_THIDDIAXL003_Cas9_PhoX_DIA12_CV486075_250ng_FAIMS_002 P1_FKVLGNTDR P2_AQVSGQGDSLHEHIANLAGSPAIKK 2 24,DIA12_CV486075:20251228_A2_N1_Mueller_MS_TechHub_IMP_THIDDIAXL003_Cas9_PhoX_DIA12_CV486075_250ng_FAIMS_002,1078598,,,0,0,-0,0,5,0,0,Q99ZW2,,,false,Q99ZW2,Q99ZW2,,false,AQVSGQGDSLHEHIANLAGSPAIKK,FKVLGNTDR,711,32,25,9,24,2,734,33,5,,-1,0.143121,0.143121,9.726553,false,true,false,false,Self ,0,0.000784,1.262652,,0,0,0,0,0,1048,776,0,
Scan: 1716018 Run: DIA12_CV486075:20251228_A2_N1_Mueller_MS_TechHub_IMP_THIDDIAXL003_Cas9_PhoX_DIA12_CV486075_250ng_FAIMS_003 P1_GNELALPSKYVNFLYLASHYEK P2_ELGSQILKEHPVENTQLQNEK 9 8,DIA12_CV486075:20251228_A2_N1_Mueller_MS_TechHub_IMP_THIDDIAXL003_Cas9_PhoX_DIA12_CV486075_250ng_FAIMS_003,1716018,,,0,0,-0,0,5,0,0,Q99ZW2,,,false,Q99ZW2,Q99ZW2,,false,ELGSQILKEHPVENTQLQNEK,GNELALPSKYVNFLYLASHYEK,790,1223,21,22,8,9,797,1231,5,,-1,0.142851,0.142851,9.725878,false,true,false,false,Self ,0,0.000784,1.264238,,0,0,0,0,0,1047,775,0,
Scan: 1634155 Run: DIA12_CV486075:20251228_A2_N1_Mueller_MS_TechHub_IMP_THIDDIAXL003_Cas9_PhoX_DIA12_CV486075_250ng_FAIMS_003 P1_QSGKTILDFLK P2_LPKYSLFELENGR 4 3,DIA12_CV486075:20251228_A2_N1_Mueller_MS_TechHub_IMP_THIDDIAXL003_Cas9_PhoX_DIA12_CV486075_250ng_FAIMS_003,1634155,,,0,0,-0,0,4,0,0,Q99ZW2,,,false,Q99ZW2,Q99ZW2,,false,LPKYSLFELENGR,QSGKTILDFLK,1198,674,13,11,3,4,1200,677,4,,-1,0.14274,0.14274,9.725601,false,true,false,false,Self ,0,0.000784,1.264767,,0,0,0,0,0,1046,774,0,
Scan: 1484795 Run: DIA12_CV486075:20251228_A2_N1_Mueller_MS_TechHub_IMP_THIDDIAXL003_Cas9_PhoX_DIA12_CV486075_250ng_FAIMS_003 P1_QEDFYPFLKDNR P2_KGILQTVK 9 1,DIA12_CV486075:20251228_A2_N1_Mueller_MS_TechHub_IMP_THIDDIAXL003_Cas9_PhoX_DIA12_CV486075_250ng_FAIMS_003,1484795,,,0,0,-0,0,4,0,0,Q99ZW2,,,false,Q99ZW2,Q99ZW2,,false,KGILQTVK,QEDFYPFLKDNR,735,426,8,12,1,9,735,434,4,,-1,0.142682,0.142682,9.725455,false,true,false,false,Self ,0,0.000784,1.264767,,0,0,0,0,0,1045,534,0,
Scan: 1447852 Run: DIA12_CV486075:20251228_A2_N1_Mueller_MS_TechHub_IMP_THIDDIAXL003_Cas9_PhoX_DIA12_CV486075_250ng_FAIMS_003 P1_VNTEITKAPLSASMIK P2_QQLPEKYKEIFFDQSK 7 6,DIA12_CV486075:20251228_A2_N1_Mueller_MS_TechHub_IMP_THIDDIAXL003_Cas9_PhoX_DIA12_CV486075_250ng_FAIMS_003,1447852,,,0,0,-0,0,4,0,0,Q99ZW2,,,false,Q99ZW2,Q99ZW2,,false,QQLPEKYKEIFFDQSK,VNTEITKAPLSASMIK,341,308,16,16,6,7,346,314,4,,-1,0.1426,0.1426,9.725252,false,true,false,false,Self ,0,0.000784,1.264767,,0,0,0,0,0,1044,772,0,
Scan: 259830 Run: DIA12_CV486075:20251228_A2_N1_Mueller_MS_TechHub_IMP_THIDDIAXL003_Cas9_PhoX_DIA12_CV486075_250ng_FAIMS_001 P1_YKEIFFDQSK P2_VTVKQLK 2 4,DIA12_CV486075:20251228_A2_N1_Mueller_MS_TechHub_IMP_THIDDIAXL003_Cas9_PhoX_DIA12_CV486075_250ng_FAIMS_001,259830,,,0,0,-0,0,3,0,0,Q99ZW2,,,false,Q99ZW2,Q99ZW2,,false,VTVKQLK,YKEIFFDQSK,559,347,7,10,4,2,562,348,3,,-1,0.142508,0.142508,9.72502,false,true,false,false,Self ,0,0.000784,1.264767,,0,0,0,0,0,1043,771,0,
Scan: 1308953 Run: DIA12_CV486075:20251228_A2_N1_Mueller_MS_TechHub_IMP_THIDDIAXL003_Cas9_PhoX_DIA12_CV486075_250ng_FAIMS_003 P1_SSFEKNPIDFLEAK P2_DLIIKLPK 5 5,DIA12_CV486075:20251228_A2_N1_Mueller_MS_TechHub_IMP_THIDDIAXL003_Cas9_PhoX_DIA12_CV486075_250ng_FAIMS_003,1308953,,,0,0,-0,0,3,0,0,Q99ZW2,,,false,Q99ZW2,Q99ZW2,,false,DLIIKLPK,SSFEKNPIDFLEAK,1193,1172,8,14,5,5,1197,1176,3,,-1,0.142505,0.142505,9.725014,false,true,false,false,Self ,0,0.000784,1.265298,,0,0,0,0,0,562,468,0,
Scan: 1393498 Run: DIA12_CV486075:20251228_A2_N1_Mueller_MS_TechHub_IMP_THIDDIAXL003_Cas9_PhoX_DIA12_CV486075_250ng_FAIMS_003 P1_YTSTKEVLDATLIHQSITGLYETR P2_FKVLGNTDR 5 2,DIA12_CV486075:20251228_A2_N1_Mueller_MS_TechHub_IMP_THIDDIAXL003_Cas9_PhoX_DIA12_CV486075_250ng_FAIMS_003,1393498,,,0,0,-0,0,4,0,0,Q99ZW2,,,false,Q99ZW2,Q99ZW2,,false,FKVLGNTDR,YTSTKEVLDATLIHQSITGLYETR,32,1336,9,24,2,5,33,1340,4,,-1,0.142469,0.142469,9.724924,false,true,false,false,Self ,0,0.000784,1.265298,,0,0,0,0,0,1021,1349,0,
Scan: 628517 Run: DIA12_CV486075:20251228_A2_N1_Mueller_MS_TechHub_IMP_THIDDIAXL003_Cas9_PhoX_DIA12_CV486075_250ng_FAIMS_002 P1_RPLIETNGETGEIVWDKGR P2_KAIVDLLFK 17 1,DIA12_CV486075:20251228_A2_N1_Mueller_MS_TechHub_IMP_THIDDIAXL003_Cas9_PhoX_DIA12_CV486075_250ng_FAIMS_002,628517,,,0,0,-0,0,4,0,0,Q99ZW2,,,false,Q99ZW2,Q99ZW2,,false,KAIVDLLFK,RPLIETNGETGEIVWDKGR,546,1060,9,19,1,17,546,1076,4,,-1,0.142421,0.142421,9.724804,false,true,false,false,Self ,0,0.000784,1.265828,,0,0,0,0,0,1040,770,0,
Scan: 1092321 Run: DIA12_CV486075:20251228_A2_N1_Mueller_MS_TechHub_IMP_THIDDIAXL003_Cas9_PhoX_DIA12_CV486075_250ng_FAIMS_002 P1_KLINGIR P2_GILQTVKVVDELVK 1 7,DIA12_CV486075:20251228_A2_N1_Mueller_MS_TechHub_IMP_THIDDIAXL003_Cas9_PhoX_DIA12_CV486075_250ng_FAIMS_002,1092321,,,0,0,-0,0,4,0,0,Q99ZW2,,,false,Q99ZW2,Q99ZW2,,false,GILQTVKVVDELVK,KLINGIR,736,665,14,7,7,1,742,665,4,,-1,0.14242,0.14242,9.724802,false,true,false,false,Self ,0,0.000784,1.265828,,0,0,0,0,0,1039,1400,0,
Scan: 288753 Run: DIA12_CV486075:20251228_A2_N1_Mueller_MS_TechHub_IMP_THIDDIAXL003_Cas9_PhoX_DIA12_CV486075_250ng_FAIMS_001 P1_QEDFYPFLKDNR P2_IEKILTFR 9 3,DIA12_CV486075:20251228_A2_N1_Mueller_MS_TechHub_IMP_THIDDIAXL003_Cas9_PhoX_DIA12_CV486075_250ng_FAIMS_001,288753,,,0,0,-0,0,4,0,0,Q99ZW2,,,false,Q99ZW2,Q99ZW2,,false,IEKILTFR,QEDFYPFLKDNR,440,426,8,12,3,9,442,434,4,,-1,0.142385,0.142385,9.724713,false,true,false,false,Self ,0,0.000784,1.265828,,0,0,0,0,0,1038,769,0,
Scan: 1573858 Run: DIA12_CV486075:20251228_A2_N1_Mueller_MS_TechHub_IMP_THIDDIAXL003_Cas9_PhoX_DIA12_CV486075_250ng_FAIMS_003 P1_SSFEKNPIDFLEAK P2_KPAFLSGEQK 5 1,DIA12_CV486075:20251228_A2_N1_Mueller_MS_TechHub_IMP_THIDDIAXL003_Cas9_PhoX_DIA12_CV486075_250ng_FAIMS_003,1573858,,,0,0,-0,0,4,0,0,Q99ZW2,,,false,Q99ZW2,Q99ZW2,,false,KPAFLSGEQK,SSFEKNPIDFLEAK,536,1172,10,14,1,5,536,1176,4,,-1,0.142095,0.142095,9.723989,false,true,false,false,Self ,0,0.000785,1.266359,,0,0,0,0,0,1037,1534,0,
Scan: 838795 Run: DIA12_CV486075:20251228_A2_N1_Mueller_MS_TechHub_IMP_THIDDIAXL003_Cas9_PhoX_DIA12_CV486075_250ng_FAIMS_002 P1_RPLIETNGETGEIVWDKGR P2_FKVLGNTDR 17 2,DIA12_CV486075:20251228_A2_N1_Mueller_MS_TechHub_IMP_THIDDIAXL003_Cas9_PhoX_DIA12_CV486075_250ng_FAIMS_002,838795,,,0,0,-0,0,4,0,0,Q99ZW2,,,false,Q99ZW2,Q99ZW2,,false,FKVLGNTDR,RPLIETNGETGEIVWDKGR,32,1060,9,19,2,17,33,1076,4,,-1,0.141835,0.141835,9.723338,false,true,false,false,Self ,0,0.000785,1.26689,,0,0,0,0,0,1036,768,0,
Scan: 512224 Run: DIA12_CV486075:20251228_A2_N1_Mueller_MS_TechHub_IMP_THIDDIAXL003_Cas9_PhoX_DIA12_CV486075_250ng_FAIMS_001 P1_YKEIFFDQSK P2_GQKNSR 2 3,DIA12_CV486075:20251228_A2_N1_Mueller_MS_TechHub_IMP_THIDDIAXL003_Cas9_PhoX_DIA12_CV486075_250ng_FAIMS_001,512224,,,0,0,-0,0,3,0,0,Q99ZW2,,,false,Q99ZW2,Q99ZW2,,false,GQKNSR,YKEIFFDQSK,773,347,6,10,3,2,775,348,3,,-1,0.141679,0.141679,9.722948,false,true,false,false,Self ,0,0.000785,1.26689,,0,0,0,0,0,192,1286,0,
Scan: 886446 Run: DIA12_CV486075:20251228_A2_N1_Mueller_MS_TechHub_IMP_THIDDIAXL003_Cas9_PhoX_DIA12_CV486075_250ng_FAIMS_002 P1_SEETITPWNFEEVVDKGASAQSFIER P2_QEDFYPFLKDNR 16 9,DIA12_CV486075:20251228_A2_N1_Mueller_MS_TechHub_IMP_THIDDIAXL003_Cas9_PhoX_DIA12_CV486075_250ng_FAIMS_002,886446,,,0,0,-0,0,4,0,0,Q99ZW2,,,false,Q99ZW2,Q99ZW2,,false,QEDFYPFLKDNR,SEETITPWNFEEVVDKGASAQSFIER,426,469,12,26,9,16,434,484,4,,-1,0.141305,0.141305,9.722014,false,true,false,false,Self ,0,0.000785,1.267955,,0,0,0,0,0,1034,767,0,
Scan: 1692172 Run: DIA12_CV486075:20251228_A2_N1_Mueller_MS_TechHub_IMP_THIDDIAXL003_Cas9_PhoX_DIA12_CV486075_250ng_FAIMS_003 P1_KGILQTVK P2_GILQTVKVVDELVK 1 7,DIA12_CV486075:20251228_A2_N1_Mueller_MS_TechHub_IMP_THIDDIAXL003_Cas9_PhoX_DIA12_CV486075_250ng_FAIMS_003,1692172,,,0,0,-0,0,4,0,0,Q99ZW2,,,false,Q99ZW2,Q99ZW2,,false,GILQTVKVVDELVK,KGILQTVK,736,735,14,8,7,1,742,735,4,,-1,0.141293,0.141293,9.721984,false,true,false,false,Self ,0,0.000785,1.267955,,0,0,0,0,0,1033,766,0,
Scan: 559671 Run: DIA12_CV486075:20251228_A2_N1_Mueller_MS_TechHub_IMP_THIDDIAXL003_Cas9_PhoX_DIA12_CV486075_250ng_FAIMS_001 P1_TILDFLKSDGFANR P2_QLLNAKLITQR 7 6,DIA12_CV486075:20251228_A2_N1_Mueller_MS_TechHub_IMP_THIDDIAXL003_Cas9_PhoX_DIA12_CV486075_250ng_FAIMS_001,559671,,,0,0,-0,0,4,0,0,Q99ZW2,,,false,Q99ZW2,Q99ZW2,,false,QLLNAKLITQR,TILDFLKSDGFANR,885,678,11,14,6,7,890,684,4,,-1,0.140794,0.140794,9.720736,false,true,false,false,Self ,0,0.000786,1.269554,,0,0,0,0,0,1032,765,0,
Scan: 1394197 Run: DIA12_CV486075:20251228_A2_N1_Mueller_MS_TechHub_IMP_THIDDIAXL003_Cas9_PhoX_DIA12_CV486075_250ng_FAIMS_003 P1_YTSTKEVLDATLIHQSITGLYETR P2_QSGKTILDFLK 5 4,DIA12_CV486075:20251228_A2_N1_Mueller_MS_TechHub_IMP_THIDDIAXL003_Cas9_PhoX_DIA12_CV486075_250ng_FAIMS_003,1394197,,,0,0,-0,0,4,0,0,Q99ZW2,,,false,Q99ZW2,Q99ZW2,,false,QSGKTILDFLK,YTSTKEVLDATLIHQSITGLYETR,674,1336,11,24,4,5,677,1340,4,,-1,0.140372,0.140372,9.719681,false,true,false,false,Self ,0,0.000786,1.271693,,0,0,0,0,0,1031,764,0,
Scan: 1335986 Run: DIA12_CV486075:20251228_A2_N1_Mueller_MS_TechHub_IMP_THIDDIAXL003_Cas9_PhoX_DIA12_CV486075_250ng_FAIMS_003 P1_KDLIIKLPK P2_DKQSGK 6 2,DIA12_CV486075:20251228_A2_N1_Mueller_MS_TechHub_IMP_THIDDIAXL003_Cas9_PhoX_DIA12_CV486075_250ng_FAIMS_003,1335986,,,0,0,-0,0,3,0,0,Q99ZW2,,,false,Q99ZW2,Q99ZW2,,false,DKQSGK,KDLIIKLPK,672,1192,6,9,2,6,673,1197,3,,-1,0.140247,0.140247,9.719368,false,true,false,false,Self ,0,0.000786,1.271693,,0,0,0,0,0,1030,763,0,
Scan: 386823 Run: DIA12_CV486075:20251228_A2_N1_Mueller_MS_TechHub_IMP_THIDDIAXL003_Cas9_PhoX_DIA12_CV486075_250ng_FAIMS_001 P1_KPAFLSGEQK P2_FNASLGTYHDLLKIIK 1 13,DIA12_CV486075:20251228_A2_N1_Mueller_MS_TechHub_IMP_THIDDIAXL003_Cas9_PhoX_DIA12_CV486075_250ng_FAIMS_001,386823,,,0,0,-0,0,4,0,0,Q99ZW2,,,false,Q99ZW2,Q99ZW2,,false,FNASLGTYHDLLKIIK,KPAFLSGEQK,587,536,16,10,13,1,599,536,4,,-1,0.139289,0.139289,9.716974,false,true,false,false,Self ,0,0.000787,1.272766,,0,0,0,0,0,1029,762,0,
Scan: 1341271 Run: DIA12_CV486075:20251228_A2_N1_Mueller_MS_TechHub_IMP_THIDDIAXL003_Cas9_PhoX_DIA12_CV486075_250ng_FAIMS_003 P1_LPKYSLFELENGR P2_KAIVDLLFK 3 1,DIA12_CV486075:20251228_A2_N1_Mueller_MS_TechHub_IMP_THIDDIAXL003_Cas9_PhoX_DIA12_CV486075_250ng_FAIMS_003,1341271,,,0,0,-0,0,4,0,0,Q99ZW2,,,false,Q99ZW2,Q99ZW2,,false,KAIVDLLFK,LPKYSLFELENGR,546,1198,9,13,1,3,546,1200,4,,-1,0.138994,0.138994,9.716236,false,true,false,false,Self ,0,0.000787,1.272766,,0,0,0,0,0,1028,761,0,
Scan: 1044920 Run: DIA12_CV486075:20251228_A2_N1_Mueller_MS_TechHub_IMP_THIDDIAXL003_Cas9_PhoX_DIA12_CV486075_250ng_FAIMS_002 P1_TILDFLKSDGFANR P2_QSGKTILDFLK 7 4,DIA12_CV486075:20251228_A2_N1_Mueller_MS_TechHub_IMP_THIDDIAXL003_Cas9_PhoX_DIA12_CV486075_250ng_FAIMS_002,1044920,,,0,0,-0,0,4,0,0,Q99ZW2,,,false,Q99ZW2,Q99ZW2,,false,QSGKTILDFLK,TILDFLKSDGFANR,674,678,11,14,4,7,677,684,4,,-1,0.138951,0.138951,9.716129,false,true,false,false,Self ,0,0.000787,1.272766,,0,0,0,0,0,1027,760,0,
Scan: 823062 Run: DIA12_CV486075:20251228_A2_N1_Mueller_MS_TechHub_IMP_THIDDIAXL003_Cas9_PhoX_DIA12_CV486075_250ng_FAIMS_002 P1_SNFDLAEDAKLQLSK P2_KDWDPK 10 1,DIA12_CV486075:20251228_A2_N1_Mueller_MS_TechHub_IMP_THIDDIAXL003_Cas9_PhoX_DIA12_CV486075_250ng_FAIMS_002,823062,,,0,0,-0,0,3,0,0,Q99ZW2,,,false,Q99ZW2,Q99ZW2,,false,KDWDPK,SNFDLAEDAKLQLSK,1124,254,6,15,1,10,1124,263,3,,-1,0.138387,0.138387,9.714719,false,true,false,false,Self ,0,0.000788,1.274377,,0,0,0,0,0,1026,1378,0,
Scan: 213531 Run: DIA12_CV486075:20251228_A2_N1_Mueller_MS_TechHub_IMP_THIDDIAXL003_Cas9_PhoX_DIA12_CV486075_250ng_FAIMS_001 P1_NSDKLIAR P2_LENLIAQLPGEKK 4 12,DIA12_CV486075:20251228_A2_N1_Mueller_MS_TechHub_IMP_THIDDIAXL003_Cas9_PhoX_DIA12_CV486075_250ng_FAIMS_001,213531,,,0,0,-0,0,3,0,0,Q99ZW2,,,false,Q99ZW2,Q99ZW2,,false,LENLIAQLPGEKK,NSDKLIAR,222,1115,13,8,12,4,233,1118,3,,-1,0.138336,0.138336,9.714591,false,true,false,false,Self ,0,0.000788,1.274377,,0,0,0,0,0,1025,797,0,
Scan: 1492891 Run: DIA12_CV486075:20251228_A2_N1_Mueller_MS_TechHub_IMP_THIDDIAXL003_Cas9_PhoX_DIA12_CV486075_250ng_FAIMS_003 P1_KNLIGALLFDSGETAEATR P2_IEKILTFR 1 3,DIA12_CV486075:20251228_A2_N1_Mueller_MS_TechHub_IMP_THIDDIAXL003_Cas9_PhoX_DIA12_CV486075_250ng_FAIMS_003,1492891,,,0,0,-0,0,4,0,0,Q99ZW2,,,false,Q99ZW2,Q99ZW2,,false,IEKILTFR,KNLIGALLFDSGETAEATR,440,45,8,19,3,1,442,45,4,,-1,0.138335,0.138335,9.714588,false,true,false,false,Self ,0,0.000788,1.274377,,0,0,0,0,0,1024,759,0,
Scan: 182067 Run: DIA12_CV486075:20251228_A2_N1_Mueller_MS_TechHub_IMP_THIDDIAXL003_Cas9_PhoX_DIA12_CV486075_250ng_FAIMS_001 P1_VILADANLDKVLSAYNK P2_NSDKLIAR 10 4,DIA12_CV486075:20251228_A2_N1_Mueller_MS_TechHub_IMP_THIDDIAXL003_Cas9_PhoX_DIA12_CV486075_250ng_FAIMS_001,182067,,,0,0,-0,0,3,0,0,Q99ZW2,,,false,Q99ZW2,Q99ZW2,,false,NSDKLIAR,VILADANLDKVLSAYNK,1115,1280,8,17,4,10,1118,1289,3,,-1,0.138279,0.138279,9.714449,false,true,false,false,Self ,0,0.000788,1.274916,,0,0,0,0,0,1023,1505,0,
Scan: 452835 Run: DIA12_CV486075:20251228_A2_N1_Mueller_MS_TechHub_IMP_THIDDIAXL003_Cas9_PhoX_DIA12_CV486075_250ng_FAIMS_001 P1_ESILPKR P2_EDIQKAQVSGQGDSLHEHIANLAGSPAIK 6 5,DIA12_CV486075:20251228_A2_N1_Mueller_MS_TechHub_IMP_THIDDIAXL003_Cas9_PhoX_DIA12_CV486075_250ng_FAIMS_001,452835,,,0,0,-0,0,4,0,0,Q99ZW2,,,false,Q99ZW2,Q99ZW2,,false,EDIQKAQVSGQGDSLHEHIANLAGSPAIK,ESILPKR,706,1108,29,7,5,6,710,1113,4,,-1,0.138274,0.138274,9.714436,false,true,false,false,Self ,0,0.000788,1.274916,,0,0,0,0,0,767,1332,0,
Scan: 1393569 Run: DIA12_CV486075:20251228_A2_N1_Mueller_MS_TechHub_IMP_THIDDIAXL003_Cas9_PhoX_DIA12_CV486075_250ng_FAIMS_003 P1_YTSTKEVLDATLIHQSITGLYETR P2_FKVLGNTDR 5 2,DIA12_CV486075:20251228_A2_N1_Mueller_MS_TechHub_IMP_THIDDIAXL003_Cas9_PhoX_DIA12_CV486075_250ng_FAIMS_003,1393569,,,0,0,-0,0,5,0,0,Q99ZW2,,,false,Q99ZW2,Q99ZW2,,false,FKVLGNTDR,YTSTKEVLDATLIHQSITGLYETR,32,1336,9,24,2,5,33,1340,5,,-1,0.138086,0.138086,9.713966,false,true,false,false,Self ,0,0.000788,1.274916,,0,0,0,0,0,1021,1349,0,
Scan: 587250 Run: DIA12_CV486075:20251228_A2_N1_Mueller_MS_TechHub_IMP_THIDDIAXL003_Cas9_PhoX_DIA12_CV486075_250ng_FAIMS_001 P1_KDLIIK P2_EVKVITLK 1 3,DIA12_CV486075:20251228_A2_N1_Mueller_MS_TechHub_IMP_THIDDIAXL003_Cas9_PhoX_DIA12_CV486075_250ng_FAIMS_001,587250,,,0,0,-0,0,3,0,0,Q99ZW2,,,false,Q99ZW2,Q99ZW2,,false,EVKVITLK,KDLIIK,952,1192,8,6,3,1,954,1192,3,,-1,0.138049,0.138049,9.713874,false,true,false,false,Self ,0,0.000788,1.274916,,0,0,0,0,0,1020,758,0,
Scan: 1765878 Run: DIA12_CV486075:20251228_A2_N1_Mueller_MS_TechHub_IMP_THIDDIAXL003_Cas9_PhoX_DIA12_CV486075_250ng_FAIMS_003 P1_SSFEKNPIDFLEAK P2_QITKHVAQILDSR 5 4,DIA12_CV486075:20251228_A2_N1_Mueller_MS_TechHub_IMP_THIDDIAXL003_Cas9_PhoX_DIA12_CV486075_250ng_FAIMS_003,1765878,,,0,0,-0,0,4,0,0,Q99ZW2,,,false,Q99ZW2,Q99ZW2,,false,QITKHVAQILDSR,SSFEKNPIDFLEAK,926,1172,13,14,4,5,929,1176,4,,-1,0.137876,0.137876,9.713441,false,true,false,false,Self ,0,0.000788,1.274916,,0,0,0,0,0,1019,757,0,
Scan: 1264129 Run: DIA12_CV486075:20251228_A2_N1_Mueller_MS_TechHub_IMP_THIDDIAXL003_Cas9_PhoX_DIA12_CV486075_250ng_FAIMS_003 P1_TEVQTGGFSKESILPK P2_GNELALPSKYVNFLYLASHYEK 10 9,DIA12_CV486075:20251228_A2_N1_Mueller_MS_TechHub_IMP_THIDDIAXL003_Cas9_PhoX_DIA12_CV486075_250ng_FAIMS_003,1264129,,,0,0,-0,0,5,0,0,Q99ZW2,,,false,Q99ZW2,Q99ZW2,,false,GNELALPSKYVNFLYLASHYEK,TEVQTGGFSKESILPK,1223,1098,22,16,9,10,1231,1107,5,,-1,0.137599,0.137599,9.712747,false,true,false,false,Self ,0,0.000788,1.274916,,0,0,0,0,0,1018,756,0,
Scan: 35585 Run: DIA12_CV486075:20251228_A2_N1_Mueller_MS_TechHub_IMP_THIDDIAXL003_Cas9_PhoX_DIA12_CV486075_250ng_FAIMS_001 P1_SEQEIGKATAK P2_KTEVQTGGFSK 7 1,DIA12_CV486075:20251228_A2_N1_Mueller_MS_TechHub_IMP_THIDDIAXL003_Cas9_PhoX_DIA12_CV486075_250ng_FAIMS_001,35585,,,0,0,-0,0,4,0,0,Q99ZW2,,,false,Q99ZW2,Q99ZW2,,false,KTEVQTGGFSK,SEQEIGKATAK,1097,1025,11,11,1,7,1097,1031,4,,-1,0.137517,0.137517,9.712543,false,true,false,false,Self ,0,0.000789,1.275993,,0,0,0,0,0,846,1339,0,
Scan: 7794 Run: DIA12_CV486075:20251228_A2_N1_Mueller_MS_TechHub_IMP_THIDDIAXL003_Cas9_PhoX_DIA12_CV486075_250ng_FAIMS_001 P1_LESEFVYGDYKVYDVR P2_AGFIKR 11 5,DIA12_CV486075:20251228_A2_N1_Mueller_MS_TechHub_IMP_THIDDIAXL003_Cas9_PhoX_DIA12_CV486075_250ng_FAIMS_001,7794,,,0,0,-0,0,4,0,0,Q99ZW2,,,false,Q99ZW2,Q99ZW2,,false,AGFIKR,LESEFVYGDYKVYDVR,914,1004,6,16,5,11,918,1014,4,,-1,0.13629,0.13629,9.709475,false,true,false,false,Self ,0,0.00079,1.279237,,0,0,0,0,0,1016,755,0,
Scan: 1422582 Run: DIA12_CV486075:20251228_A2_N1_Mueller_MS_TechHub_IMP_THIDDIAXL003_Cas9_PhoX_DIA12_CV486075_250ng_FAIMS_003 P1_VLPKHSLLYEYFTVYNELTK P2_SNFDLAEDAKLQLSK 4 10,DIA12_CV486075:20251228_A2_N1_Mueller_MS_TechHub_IMP_THIDDIAXL003_Cas9_PhoX_DIA12_CV486075_250ng_FAIMS_003,1422582,,,0,0,-0,0,4,0,0,Q99ZW2,,,false,Q99ZW2,Q99ZW2,,false,SNFDLAEDAKLQLSK,VLPKHSLLYEYFTVYNELTK,254,507,15,20,10,4,263,510,4,,-1,0.136232,0.136232,9.709331,false,true,false,false,Self ,0,0.00079,1.279237,,0,0,0,0,0,1015,754,0,
Scan: 437519 Run: DIA12_CV486075:20251228_A2_N1_Mueller_MS_TechHub_IMP_THIDDIAXL003_Cas9_PhoX_DIA12_CV486075_250ng_FAIMS_001 P1_DKQSGK P2_DKPIR 2 2,DIA12_CV486075:20251228_A2_N1_Mueller_MS_TechHub_IMP_THIDDIAXL003_Cas9_PhoX_DIA12_CV486075_250ng_FAIMS_001,437519,,,0,0,-0,0,3,0,0,Q99ZW2,,,false,Q99ZW2,Q99ZW2,,false,DKPIR,DKQSGK,1299,672,5,6,2,2,1300,673,3,,-1,0.136209,0.136209,9.709274,false,true,false,false,Self ,0,0.00079,1.279237,,0,0,0,0,0,1014,753,0,
Scan: 1450414 Run: DIA12_CV486075:20251228_A2_N1_Mueller_MS_TechHub_IMP_THIDDIAXL003_Cas9_PhoX_DIA12_CV486075_250ng_FAIMS_003 P1_YKEIFFDQSK P2_LKGSPEDNEQK 2 2,DIA12_CV486075:20251228_A2_N1_Mueller_MS_TechHub_IMP_THIDDIAXL003_Cas9_PhoX_DIA12_CV486075_250ng_FAIMS_003,1450414,,,0,0,-0,0,3,0,0,Q99ZW2,,,false,Q99ZW2,Q99ZW2,,false,LKGSPEDNEQK,YKEIFFDQSK,1245,347,11,10,2,2,1246,348,3,,-1,0.136155,0.136155,9.709138,false,true,false,false,Self ,0,0.00079,1.279237,,0,0,0,0,0,1013,752,0,
Scan: 1235371 Run: DIA12_CV486075:20251228_A2_N1_Mueller_MS_TechHub_IMP_THIDDIAXL003_Cas9_PhoX_DIA12_CV486075_250ng_FAIMS_003 P1_KTEVQTGGFSK P2_AQVSGQGDSLHEHIANLAGSPAIKK 1 24,DIA12_CV486075:20251228_A2_N1_Mueller_MS_TechHub_IMP_THIDDIAXL003_Cas9_PhoX_DIA12_CV486075_250ng_FAIMS_003,1235371,,,0,0,-0,0,5,0,0,Q99ZW2,,,false,Q99ZW2,Q99ZW2,,false,AQVSGQGDSLHEHIANLAGSPAIKK,KTEVQTGGFSK,711,1097,25,11,24,1,734,1097,5,,-1,0.136123,0.136123,9.709057,false,true,false,false,Self ,0,0.00079,1.279237,,0,0,0,0,0,1012,751,0,
Scan: 87968 Run: DIA12_CV486075:20251228_A2_N1_Mueller_MS_TechHub_IMP_THIDDIAXL003_Cas9_PhoX_DIA12_CV486075_250ng_FAIMS_001 P1_YKEIFFDQSK P2_RNSDKLIAR 2 5,DIA12_CV486075:20251228_A2_N1_Mueller_MS_TechHub_IMP_THIDDIAXL003_Cas9_PhoX_DIA12_CV486075_250ng_FAIMS_001,87968,,,0,0,-0,0,3,0,0,Q99ZW2,,,false,Q99ZW2,Q99ZW2,,false,RNSDKLIAR,YKEIFFDQSK,1114,347,9,10,5,2,1118,348,3,,-1,0.135662,0.135662,9.707905,false,true,false,false,Self ,0,0.00079,1.279237,,0,0,0,0,0,1011,1353,0,
Scan: 1643458 Run: DIA12_CV486075:20251228_A2_N1_Mueller_MS_TechHub_IMP_THIDDIAXL003_Cas9_PhoX_DIA12_CV486075_250ng_FAIMS_003 P1_TILDFLKSDGFANR P2_ELGSQILKEHPVENTQLQNEK 7 8,DIA12_CV486075:20251228_A2_N1_Mueller_MS_TechHub_IMP_THIDDIAXL003_Cas9_PhoX_DIA12_CV486075_250ng_FAIMS_003,1643458,,,0,0,-0,0,4,0,0,Q99ZW2,,,false,Q99ZW2,Q99ZW2,,false,ELGSQILKEHPVENTQLQNEK,TILDFLKSDGFANR,790,678,21,14,8,7,797,684,4,,-1,0.135606,0.135606,9.707765,false,true,false,false,Self ,0,0.00079,1.279237,,0,0,0,0,0,1010,750,0,
Scan: 1556571 Run: DIA12_CV486075:20251228_A2_N1_Mueller_MS_TechHub_IMP_THIDDIAXL003_Cas9_PhoX_DIA12_CV486075_250ng_FAIMS_003 P1_VLPKHSLLYEYFTVYNELTK P2_NSDKLIAR 4 4,DIA12_CV486075:20251228_A2_N1_Mueller_MS_TechHub_IMP_THIDDIAXL003_Cas9_PhoX_DIA12_CV486075_250ng_FAIMS_003,1556571,,,0,0,-0,0,4,0,0,Q99ZW2,,,false,Q99ZW2,Q99ZW2,,false,NSDKLIAR,VLPKHSLLYEYFTVYNELTK,1115,507,8,20,4,4,1118,510,4,,-1,0.135543,0.135543,9.707609,false,true,false,false,Self ,0,0.00079,1.279237,,0,0,0,0,0,1009,749,0,
Scan: 1269472 Run: DIA12_CV486075:20251228_A2_N1_Mueller_MS_TechHub_IMP_THIDDIAXL003_Cas9_PhoX_DIA12_CV486075_250ng_FAIMS_003 P1_TEVQTGGFSKESILPK P2_KGILQTVK 10 1,DIA12_CV486075:20251228_A2_N1_Mueller_MS_TechHub_IMP_THIDDIAXL003_Cas9_PhoX_DIA12_CV486075_250ng_FAIMS_003,1269472,,,0,0,-0,0,4,0,0,Q99ZW2,,,false,Q99ZW2,Q99ZW2,,false,KGILQTVK,TEVQTGGFSKESILPK,735,1098,8,16,1,10,735,1107,4,,-1,0.134979,0.134979,9.706199,false,true,false,false,Self ,0,0.000791,1.281409,,0,0,0,0,0,1008,748,0,
Scan: 665725 Run: DIA12_CV486075:20251228_A2_N1_Mueller_MS_TechHub_IMP_THIDDIAXL003_Cas9_PhoX_DIA12_CV486075_250ng_FAIMS_002 P1_KTEVQTGGFSKESILPK P2_DLIIKLPK 11 5,DIA12_CV486075:20251228_A2_N1_Mueller_MS_TechHub_IMP_THIDDIAXL003_Cas9_PhoX_DIA12_CV486075_250ng_FAIMS_002,665725,,,0,0,-0,0,4,0,0,Q99ZW2,,,false,Q99ZW2,Q99ZW2,,false,DLIIKLPK,KTEVQTGGFSKESILPK,1193,1097,8,17,5,11,1197,1107,4,,-1,0.134833,0.134833,9.705833,false,true,false,false,Self ,0,0.000791,1.281953,,0,0,0,0,0,1007,704,0,
Scan: 1624336 Run: DIA12_CV486075:20251228_A2_N1_Mueller_MS_TechHub_IMP_THIDDIAXL003_Cas9_PhoX_DIA12_CV486075_250ng_FAIMS_003 P1_KLVDSTDK P2_KLINGIR 1 1,DIA12_CV486075:20251228_A2_N1_Mueller_MS_TechHub_IMP_THIDDIAXL003_Cas9_PhoX_DIA12_CV486075_250ng_FAIMS_003,1624336,,,0,0,-0,0,3,0,0,Q99ZW2,,,false,Q99ZW2,Q99ZW2,,false,KLINGIR,KLVDSTDK,665,141,7,8,1,1,665,141,3,,-1,0.134795,0.134795,9.705738,false,true,false,false,Self ,0,0.000791,1.281953,,0,0,0,0,0,1006,747,0,
Scan: 1372500 Run: DIA12_CV486075:20251228_A2_N1_Mueller_MS_TechHub_IMP_THIDDIAXL003_Cas9_PhoX_DIA12_CV486075_250ng_FAIMS_003 P1_KPAFLSGEQK P2_HYLDEIIEQISEFSKR 1 15,DIA12_CV486075:20251228_A2_N1_Mueller_MS_TechHub_IMP_THIDDIAXL003_Cas9_PhoX_DIA12_CV486075_250ng_FAIMS_003,1372500,,,0,0,-0,0,5,0,0,Q99ZW2,,,false,Q99ZW2,Q99ZW2,,false,HYLDEIIEQISEFSKR,KPAFLSGEQK,1264,536,16,10,15,1,1278,536,5,,-1,0.134587,0.134587,9.705219,false,true,false,false,Self ,0,0.000791,1.283588,,0,0,0,0,0,1005,1474,0,
Scan: 593316 Run: DIA12_CV486075:20251228_A2_N1_Mueller_MS_TechHub_IMP_THIDDIAXL003_Cas9_PhoX_DIA12_CV486075_250ng_FAIMS_001 P1_SEQEIGKATAK P2_KDFQFYK 7 1,DIA12_CV486075:20251228_A2_N1_Mueller_MS_TechHub_IMP_THIDDIAXL003_Cas9_PhoX_DIA12_CV486075_250ng_FAIMS_001,593316,,,0,0,-0,0,3,0,0,Q99ZW2,,,false,Q99ZW2,Q99ZW2,,false,KDFQFYK,SEQEIGKATAK,968,1025,7,11,1,7,968,1031,3,,-1,0.134516,0.134516,9.705041,false,true,false,false,Self ,0,0.000791,1.283588,,0,0,0,0,0,1004,746,0,
Scan: 1423502 Run: DIA12_CV486075:20251228_A2_N1_Mueller_MS_TechHub_IMP_THIDDIAXL003_Cas9_PhoX_DIA12_CV486075_250ng_FAIMS_003 P1_SNFDLAEDAKLQLSK P2_ELGSQILKEHPVENTQLQNEK 10 8,DIA12_CV486075:20251228_A2_N1_Mueller_MS_TechHub_IMP_THIDDIAXL003_Cas9_PhoX_DIA12_CV486075_250ng_FAIMS_003,1423502,,,0,0,-0,0,4,0,0,Q99ZW2,,,false,Q99ZW2,Q99ZW2,,false,ELGSQILKEHPVENTQLQNEK,SNFDLAEDAKLQLSK,790,254,21,15,8,10,797,263,4,,-1,0.134502,0.134502,9.705007,false,true,false,false,Self ,0,0.000791,1.283588,,0,0,0,0,0,1003,745,0,
Scan: 95721 Run: DIA12_CV486075:20251228_A2_N1_Mueller_MS_TechHub_IMP_THIDDIAXL003_Cas9_PhoX_DIA12_CV486075_250ng_FAIMS_001 P1_KPAFLSGEQK P2_KKDWDPK 1 1,DIA12_CV486075:20251228_A2_N1_Mueller_MS_TechHub_IMP_THIDDIAXL003_Cas9_PhoX_DIA12_CV486075_250ng_FAIMS_001,95721,,,0,0,-0,0,4,0,0,Q99ZW2,,,false,Q99ZW2,Q99ZW2,,false,KKDWDPK,KPAFLSGEQK,1123,536,7,10,1,1,1123,536,4,,-1,0.134186,0.134186,9.704215,false,true,false,false,Self ,0,0.000791,1.283588,,0,0,0,0,0,1002,539,0,
Scan: 1356672 Run: DIA12_CV486075:20251228_A2_N1_Mueller_MS_TechHub_IMP_THIDDIAXL003_Cas9_PhoX_DIA12_CV486075_250ng_FAIMS_003 P1_LKGSPEDNEQK P2_GYKEVK 2 3,DIA12_CV486075:20251228_A2_N1_Mueller_MS_TechHub_IMP_THIDDIAXL003_Cas9_PhoX_DIA12_CV486075_250ng_FAIMS_003,1356672,,,0,0,-0,0,3,0,0,Q99ZW2,,,false,Q99ZW2,Q99ZW2,,false,GYKEVK,LKGSPEDNEQK,1186,1245,6,11,3,2,1188,1246,3,,-1,0.133577,0.133577,9.702693,false,true,false,false,Self ,0,0.000792,1.284681,,0,0,0,0,0,1001,744,0,
Scan: 679919 Run: DIA12_CV486075:20251228_A2_N1_Mueller_MS_TechHub_IMP_THIDDIAXL003_Cas9_PhoX_DIA12_CV486075_250ng_FAIMS_002 P1_NSDKLIAR P2_ESILPKR 4 6,DIA12_CV486075:20251228_A2_N1_Mueller_MS_TechHub_IMP_THIDDIAXL003_Cas9_PhoX_DIA12_CV486075_250ng_FAIMS_002,679919,,,0,0,-0,0,3,0,0,Q99ZW2,,,false,Q99ZW2,Q99ZW2,,false,ESILPKR,NSDKLIAR,1108,1115,7,8,6,4,1113,1118,3,,-1,0.133392,0.133392,9.702232,false,true,false,false,Self ,0,0.000792,1.285228,,0,0,0,0,0,1000,743,0,
Scan: 1315570 Run: DIA12_CV486075:20251228_A2_N1_Mueller_MS_TechHub_IMP_THIDDIAXL003_Cas9_PhoX_DIA12_CV486075_250ng_FAIMS_003 P1_SSFEKNPIDFLEAK P2_GILQTVKVVDELVK 5 7,DIA12_CV486075:20251228_A2_N1_Mueller_MS_TechHub_IMP_THIDDIAXL003_Cas9_PhoX_DIA12_CV486075_250ng_FAIMS_003,1315570,,,0,0,-0,0,4,0,0,Q99ZW2,,,false,Q99ZW2,Q99ZW2,,false,GILQTVKVVDELVK,SSFEKNPIDFLEAK,736,1172,14,14,7,5,742,1176,4,,-1,0.133255,0.133255,9.70189,false,true,false,false,Self ,0,0.000792,1.285228,,0,0,0,0,0,999,742,0,
Scan: 684440 Run: DIA12_CV486075:20251228_A2_N1_Mueller_MS_TechHub_IMP_THIDDIAXL003_Cas9_PhoX_DIA12_CV486075_250ng_FAIMS_002 P1_NSDKLIAR P2_DKPIR 4 2,DIA12_CV486075:20251228_A2_N1_Mueller_MS_TechHub_IMP_THIDDIAXL003_Cas9_PhoX_DIA12_CV486075_250ng_FAIMS_002,684440,,,0,0,-0,0,3,0,0,Q99ZW2,,,false,Q99ZW2,Q99ZW2,,false,DKPIR,NSDKLIAR,1299,1115,5,8,2,4,1300,1118,3,,-1,0.133187,0.133187,9.70172,false,true,false,false,Self ,0,0.000792,1.285775,,0,0,0,0,0,998,741,0,
Scan: 1409018 Run: DIA12_CV486075:20251228_A2_N1_Mueller_MS_TechHub_IMP_THIDDIAXL003_Cas9_PhoX_DIA12_CV486075_250ng_FAIMS_003 P1_LENLIAQLPGEKK P2_KLVDSTDK 12 1,DIA12_CV486075:20251228_A2_N1_Mueller_MS_TechHub_IMP_THIDDIAXL003_Cas9_PhoX_DIA12_CV486075_250ng_FAIMS_003,1409018,,,0,0,-0,0,4,0,0,Q99ZW2,,,false,Q99ZW2,Q99ZW2,,false,KLVDSTDK,LENLIAQLPGEKK,141,222,8,13,1,12,141,233,4,,-1,0.13313,0.13313,9.701576,false,true,false,false,Self ,0,0.000792,1.285775,,0,0,0,0,0,997,740,0,
Scan: 495281 Run: DIA12_CV486075:20251228_A2_N1_Mueller_MS_TechHub_IMP_THIDDIAXL003_Cas9_PhoX_DIA12_CV486075_250ng_FAIMS_001 P1_GILQTVKVVDELVK P2_DKQSGK 7 2,DIA12_CV486075:20251228_A2_N1_Mueller_MS_TechHub_IMP_THIDDIAXL003_Cas9_PhoX_DIA12_CV486075_250ng_FAIMS_001,495281,,,0,0,-0,0,3,0,0,Q99ZW2,,,false,Q99ZW2,Q99ZW2,,false,DKQSGK,GILQTVKVVDELVK,672,736,6,14,2,7,673,742,3,,-1,0.133089,0.133089,9.701474,false,true,false,false,Self ,0,0.000792,1.285775,,0,0,0,0,0,996,1365,0,
Scan: 194108 Run: DIA12_CV486075:20251228_A2_N1_Mueller_MS_TechHub_IMP_THIDDIAXL003_Cas9_PhoX_DIA12_CV486075_250ng_FAIMS_001 P1_NSDKLIAR P2_EQAENIIHLFTLTNLGAPAAFKYFDTTIDR 4 22,DIA12_CV486075:20251228_A2_N1_Mueller_MS_TechHub_IMP_THIDDIAXL003_Cas9_PhoX_DIA12_CV486075_250ng_FAIMS_001,194108,,,0,0,-0,0,5,0,0,Q99ZW2,,,false,Q99ZW2,Q99ZW2,,false,EQAENIIHLFTLTNLGAPAAFKYFDTTIDR,NSDKLIAR,1304,1115,30,8,22,4,1325,1118,5,,-1,0.132968,0.132968,9.701171,false,true,false,false,Self ,0,0.000792,1.286323,,0,0,0,0,0,245,877,0,
Scan: 1575521 Run: DIA12_CV486075:20251228_A2_N1_Mueller_MS_TechHub_IMP_THIDDIAXL003_Cas9_PhoX_DIA12_CV486075_250ng_FAIMS_003 P1_LVDSTDKADLR P2_KPAFLSGEQK 7 1,DIA12_CV486075:20251228_A2_N1_Mueller_MS_TechHub_IMP_THIDDIAXL003_Cas9_PhoX_DIA12_CV486075_250ng_FAIMS_003,1575521,,,0,0,-0,0,4,0,0,Q99ZW2,,,false,Q99ZW2,Q99ZW2,,false,KPAFLSGEQK,LVDSTDKADLR,536,142,10,11,1,7,536,148,4,,-1,0.132839,0.132839,9.700849,false,true,false,false,Self ,0,0.000792,1.286871,,0,0,0,0,0,994,1405,0,
Scan: 1402458 Run: DIA12_CV486075:20251228_A2_N1_Mueller_MS_TechHub_IMP_THIDDIAXL003_Cas9_PhoX_DIA12_CV486075_250ng_FAIMS_003 P1_YKEIFFDQSK P2_LVDSTDKADLR 2 7,DIA12_CV486075:20251228_A2_N1_Mueller_MS_TechHub_IMP_THIDDIAXL003_Cas9_PhoX_DIA12_CV486075_250ng_FAIMS_003,1402458,,,0,0,-0,0,3,0,0,Q99ZW2,,,false,Q99ZW2,Q99ZW2,,false,LVDSTDKADLR,YKEIFFDQSK,142,347,11,10,7,2,148,348,3,,-1,0.132821,0.132821,9.700804,false,true,false,false,Self ,0,0.000793,1.28742,,0,0,0,0,0,74,1275,0,
Scan: 1598887 Run: DIA12_CV486075:20251228_A2_N1_Mueller_MS_TechHub_IMP_THIDDIAXL003_Cas9_PhoX_DIA12_CV486075_250ng_FAIMS_003 P1_SKLVSDFR P2_KPAFLSGEQKK 2 10,DIA12_CV486075:20251228_A2_N1_Mueller_MS_TechHub_IMP_THIDDIAXL003_Cas9_PhoX_DIA12_CV486075_250ng_FAIMS_003,1598887,,,0,0,-0,0,4,0,0,Q99ZW2,,,false,Q99ZW2,Q99ZW2,,false,KPAFLSGEQKK,SKLVSDFR,536,960,11,8,10,2,545,961,4,,-1,0.132122,0.132122,9.699056,false,true,false,false,Self ,0,0.000793,1.290171,,0,0,0,0,0,992,739,0,
Scan: 1187439 Run: DIA12_CV486075:20251228_A2_N1_Mueller_MS_TechHub_IMP_THIDDIAXL003_Cas9_PhoX_DIA12_CV486075_250ng_FAIMS_002 P1_SKLVSDFRK P2_EVKVITLK 2 3,DIA12_CV486075:20251228_A2_N1_Mueller_MS_TechHub_IMP_THIDDIAXL003_Cas9_PhoX_DIA12_CV486075_250ng_FAIMS_002,1187439,,,0,0,-0,0,3,0,0,Q99ZW2,,,false,Q99ZW2,Q99ZW2,,false,EVKVITLK,SKLVSDFRK,952,960,8,9,3,2,954,961,3,,-1,0.13212,0.13212,9.699051,false,true,false,false,Self ,0,0.000793,1.290171,,0,0,0,0,0,991,738,0,
Scan: 1735911 Run: DIA12_CV486075:20251228_A2_N1_Mueller_MS_TechHub_IMP_THIDDIAXL003_Cas9_PhoX_DIA12_CV486075_250ng_FAIMS_003 P1_SNFDLAEDAKLQLSK P2_DDSIDNKVLTR 10 7,DIA12_CV486075:20251228_A2_N1_Mueller_MS_TechHub_IMP_THIDDIAXL003_Cas9_PhoX_DIA12_CV486075_250ng_FAIMS_003,1735911,,,0,0,-0,0,4,0,0,Q99ZW2,,,false,Q99ZW2,Q99ZW2,,false,DDSIDNKVLTR,SNFDLAEDAKLQLSK,849,254,11,15,7,10,855,263,4,,-1,0.132101,0.132101,9.699003,false,true,false,false,Self ,0,0.000793,1.290171,,0,0,0,0,0,990,737,0,
Scan: 1368839 Run: DIA12_CV486075:20251228_A2_N1_Mueller_MS_TechHub_IMP_THIDDIAXL003_Cas9_PhoX_DIA12_CV486075_250ng_FAIMS_003 P1_QLFVEQHKHYLDEIIEQISEFSK P2_KNLIGALLFDSGETAEATR 8 1,DIA12_CV486075:20251228_A2_N1_Mueller_MS_TechHub_IMP_THIDDIAXL003_Cas9_PhoX_DIA12_CV486075_250ng_FAIMS_003,1368839,,,0,0,-0,0,5,0,0,Q99ZW2,,,false,Q99ZW2,Q99ZW2,,false,KNLIGALLFDSGETAEATR,QLFVEQHKHYLDEIIEQISEFSK,45,1256,19,23,1,8,45,1263,5,,-1,0.13132,0.13132,9.697052,false,true,false,false,Self ,0,0.000794,1.292934,,0,0,0,0,0,989,736,0,
Scan: 613618 Run: DIA12_CV486075:20251228_A2_N1_Mueller_MS_TechHub_IMP_THIDDIAXL003_Cas9_PhoX_DIA12_CV486075_250ng_FAIMS_002 P1_SEQEIGKATAK P2_KLINGIR 7 1,DIA12_CV486075:20251228_A2_N1_Mueller_MS_TechHub_IMP_THIDDIAXL003_Cas9_PhoX_DIA12_CV486075_250ng_FAIMS_002,613618,,,0,0,-0,0,3,0,0,Q99ZW2,,,false,Q99ZW2,Q99ZW2,,false,KLINGIR,SEQEIGKATAK,665,1025,7,11,1,7,665,1031,3,,-1,0.131255,0.131255,9.696888,false,true,false,false,Self ,0,0.000794,1.292934,,0,0,0,0,0,988,735,0,
Scan: 250974 Run: DIA12_CV486075:20251228_A2_N1_Mueller_MS_TechHub_IMP_THIDDIAXL003_Cas9_PhoX_DIA12_CV486075_250ng_FAIMS_001 P1_YDEHHQDLTLLKALVR P2_KPAFLSGEQK 12 1,DIA12_CV486075:20251228_A2_N1_Mueller_MS_TechHub_IMP_THIDDIAXL003_Cas9_PhoX_DIA12_CV486075_250ng_FAIMS_001,250974,,,0,0,-0,0,5,0,0,Q99ZW2,,,false,Q99ZW2,Q99ZW2,,false,KPAFLSGEQK,YDEHHQDLTLLKALVR,536,325,10,16,1,12,536,336,5,,-1,0.131073,0.131073,9.696434,false,true,false,false,Self ,0,0.000794,1.292934,,0,0,0,0,0,987,1496,0,
Scan: 1506181 Run: DIA12_CV486075:20251228_A2_N1_Mueller_MS_TechHub_IMP_THIDDIAXL003_Cas9_PhoX_DIA12_CV486075_250ng_FAIMS_003 P1_KSEETITPWNFEEVVDK P2_DKQSGK 1 2,DIA12_CV486075:20251228_A2_N1_Mueller_MS_TechHub_IMP_THIDDIAXL003_Cas9_PhoX_DIA12_CV486075_250ng_FAIMS_003,1506181,,,0,0,-0,0,3,0,0,Q99ZW2,,,false,Q99ZW2,Q99ZW2,,false,DKQSGK,KSEETITPWNFEEVVDK,672,468,6,17,2,1,673,468,3,,-1,0.13093,0.13093,9.696076,false,true,false,false,Self ,0,0.000794,1.292934,,0,0,0,0,0,330,1293,0,
Scan: 1709743 Run: DIA12_CV486075:20251228_A2_N1_Mueller_MS_TechHub_IMP_THIDDIAXL003_Cas9_PhoX_DIA12_CV486075_250ng_FAIMS_003 P1_YKEIFFDQSK P2_IEEGIKELGSQILK 2 6,DIA12_CV486075:20251228_A2_N1_Mueller_MS_TechHub_IMP_THIDDIAXL003_Cas9_PhoX_DIA12_CV486075_250ng_FAIMS_003,1709743,,,0,0,-0,0,3,0,0,Q99ZW2,,,false,Q99ZW2,Q99ZW2,,false,IEEGIKELGSQILK,YKEIFFDQSK,784,347,14,10,6,2,789,348,3,,-1,0.130884,0.130884,9.695961,false,true,false,false,Self ,0,0.000794,1.292934,,0,0,0,0,0,985,1359,0,
Scan: 1380168 Run: DIA12_CV486075:20251228_A2_N1_Mueller_MS_TechHub_IMP_THIDDIAXL003_Cas9_PhoX_DIA12_CV486075_250ng_FAIMS_003 P1_VILADANLDKVLSAYNK P2_KDFQFYK 10 1,DIA12_CV486075:20251228_A2_N1_Mueller_MS_TechHub_IMP_THIDDIAXL003_Cas9_PhoX_DIA12_CV486075_250ng_FAIMS_003,1380168,,,0,0,-0,0,4,0,0,Q99ZW2,,,false,Q99ZW2,Q99ZW2,,false,KDFQFYK,VILADANLDKVLSAYNK,968,1280,7,17,1,10,968,1289,4,,-1,0.130883,0.130883,9.695959,false,true,false,false,Self ,0,0.000794,1.292934,,0,0,0,0,0,984,734,0,
Scan: 886934 Run: DIA12_CV486075:20251228_A2_N1_Mueller_MS_TechHub_IMP_THIDDIAXL003_Cas9_PhoX_DIA12_CV486075_250ng_FAIMS_002 P1_QEDFYPFLKDNR P2_KAIVDLLFK 9 1,DIA12_CV486075:20251228_A2_N1_Mueller_MS_TechHub_IMP_THIDDIAXL003_Cas9_PhoX_DIA12_CV486075_250ng_FAIMS_002,886934,,,0,0,-0,0,4,0,0,Q99ZW2,,,false,Q99ZW2,Q99ZW2,,false,KAIVDLLFK,QEDFYPFLKDNR,546,426,9,12,1,9,546,434,4,,-1,0.130557,0.130557,9.695143,false,true,false,false,Self ,0,0.000794,1.293488,,0,0,0,0,0,983,45,0,
Scan: 1423657 Run: DIA12_CV486075:20251228_A2_N1_Mueller_MS_TechHub_IMP_THIDDIAXL003_Cas9_PhoX_DIA12_CV486075_250ng_FAIMS_003 P1_SNFDLAEDAKLQLSK P2_GKSDNVPSEEVVK 10 2,DIA12_CV486075:20251228_A2_N1_Mueller_MS_TechHub_IMP_THIDDIAXL003_Cas9_PhoX_DIA12_CV486075_250ng_FAIMS_003,1423657,,,0,0,-0,0,4,0,0,Q99ZW2,,,false,Q99ZW2,Q99ZW2,,false,GKSDNVPSEEVVK,SNFDLAEDAKLQLSK,865,254,13,15,2,10,866,263,4,,-1,0.130457,0.130457,9.694893,false,true,false,false,Self ,0,0.000795,1.294597,,0,0,0,0,0,982,732,0,
Scan: 347489 Run: DIA12_CV486075:20251228_A2_N1_Mueller_MS_TechHub_IMP_THIDDIAXL003_Cas9_PhoX_DIA12_CV486075_250ng_FAIMS_001 P1_VKYVTEGMR P2_KSEETITPWNFEEVVDKGASAQSFIER 2 17,DIA12_CV486075:20251228_A2_N1_Mueller_MS_TechHub_IMP_THIDDIAXL003_Cas9_PhoX_DIA12_CV486075_250ng_FAIMS_001,347489,,,0,0,-0,0,4,0,0,Q99ZW2,,,false,Q99ZW2,Q99ZW2,,false,KSEETITPWNFEEVVDKGASAQSFIER,VKYVTEGMR,468,527,27,9,17,2,484,528,4,,-1,0.130368,0.130368,9.694671,false,true,false,false,Self ,0,0.000795,1.294597,,0,0,0,0,0,981,244,0,
Scan: 1224943 Run: DIA12_CV486075:20251228_A2_N1_Mueller_MS_TechHub_IMP_THIDDIAXL003_Cas9_PhoX_DIA12_CV486075_250ng_FAIMS_003 P1_RPLIETNGETGEIVWDKGR P2_KTEVQTGGFSK 17 1,DIA12_CV486075:20251228_A2_N1_Mueller_MS_TechHub_IMP_THIDDIAXL003_Cas9_PhoX_DIA12_CV486075_250ng_FAIMS_003,1224943,,,0,0,-0,0,4,0,0,Q99ZW2,,,false,Q99ZW2,Q99ZW2,,false,KTEVQTGGFSK,RPLIETNGETGEIVWDKGR,1097,1060,11,19,1,17,1097,1076,4,,-1,0.130337,0.130337,9.694594,false,true,false,false,Self ,0,0.000795,1.294597,,0,0,0,0,0,980,214,0,
Scan: 8081 Run: DIA12_CV486075:20251228_A2_N1_Mueller_MS_TechHub_IMP_THIDDIAXL003_Cas9_PhoX_DIA12_CV486075_250ng_FAIMS_001 P1_YDENDKLIR P2_LESEFVYGDYKVYDVR 6 11,DIA12_CV486075:20251228_A2_N1_Mueller_MS_TechHub_IMP_THIDDIAXL003_Cas9_PhoX_DIA12_CV486075_250ng_FAIMS_001,8081,,,0,0,-0,0,3,0,0,Q99ZW2,,,false,Q99ZW2,Q99ZW2,,false,LESEFVYGDYKVYDVR,YDENDKLIR,1004,943,16,9,11,6,1014,948,3,,-1,0.129512,0.129512,9.69253,false,true,false,false,Self ,0,0.000795,1.296821,,0,0,0,0,0,979,1458,0,
Scan: 1599362 Run: DIA12_CV486075:20251228_A2_N1_Mueller_MS_TechHub_IMP_THIDDIAXL003_Cas9_PhoX_DIA12_CV486075_250ng_FAIMS_003 P1_KAIVDLLFK P2_DLIIKLPK 1 5,DIA12_CV486075:20251228_A2_N1_Mueller_MS_TechHub_IMP_THIDDIAXL003_Cas9_PhoX_DIA12_CV486075_250ng_FAIMS_003,1599362,,,0,0,-0,0,3,0,0,Q99ZW2,,,false,Q99ZW2,Q99ZW2,,false,DLIIKLPK,KAIVDLLFK,1193,546,8,9,5,1,1197,546,3,,-1,0.129439,0.129439,9.692348,false,true,false,false,Self ,0,0.000795,1.296821,,0,0,0,0,0,978,729,0,
Scan: 604172 Run: DIA12_CV486075:20251228_A2_N1_Mueller_MS_TechHub_IMP_THIDDIAXL003_Cas9_PhoX_DIA12_CV486075_250ng_FAIMS_002 P1_LESEFVYGDYKVYDVR P2_IEKILTFR 11 3,DIA12_CV486075:20251228_A2_N1_Mueller_MS_TechHub_IMP_THIDDIAXL003_Cas9_PhoX_DIA12_CV486075_250ng_FAIMS_002,604172,,,0,0,-0,0,4,0,0,Q99ZW2,,,false,Q99ZW2,Q99ZW2,,false,IEKILTFR,LESEFVYGDYKVYDVR,440,1004,8,16,3,11,442,1014,4,,-1,0.129333,0.129333,9.692084,false,true,false,false,Self ,0,0.000795,1.296821,,0,0,0,0,0,977,728,0,
Scan: 1684860 Run: DIA12_CV486075:20251228_A2_N1_Mueller_MS_TechHub_IMP_THIDDIAXL003_Cas9_PhoX_DIA12_CV486075_250ng_FAIMS_003 P1_KDLIIK P2_GILQTVKVVDELVK 1 7,DIA12_CV486075:20251228_A2_N1_Mueller_MS_TechHub_IMP_THIDDIAXL003_Cas9_PhoX_DIA12_CV486075_250ng_FAIMS_003,1684860,,,0,0,-0,0,3,0,0,Q99ZW2,,,false,Q99ZW2,Q99ZW2,,false,GILQTVKVVDELVK,KDLIIK,736,1192,14,6,7,1,742,1192,3,,-1,0.129107,0.129107,9.691519,false,true,false,false,Self ,0,0.000796,1.297379,,0,0,0,0,0,976,727,0,
Scan: 738735 Run: DIA12_CV486075:20251228_A2_N1_Mueller_MS_TechHub_IMP_THIDDIAXL003_Cas9_PhoX_DIA12_CV486075_250ng_FAIMS_002 P1_EDIQKAQVSGQGDSLHEHIANLAGSPAIK P2_DLIIKLPK 5 5,DIA12_CV486075:20251228_A2_N1_Mueller_MS_TechHub_IMP_THIDDIAXL003_Cas9_PhoX_DIA12_CV486075_250ng_FAIMS_002,738735,,,0,0,-0,0,5,0,0,Q99ZW2,,,false,Q99ZW2,Q99ZW2,,false,DLIIKLPK,EDIQKAQVSGQGDSLHEHIANLAGSPAIK,1193,706,8,29,5,5,1197,710,5,,-1,0.128896,0.128896,9.69099,false,true,false,false,Self ,0,0.000796,1.297379,,0,0,0,0,0,855,484,0,
Scan: 589589 Run: DIA12_CV486075:20251228_A2_N1_Mueller_MS_TechHub_IMP_THIDDIAXL003_Cas9_PhoX_DIA12_CV486075_250ng_FAIMS_001 P1_SKLVSDFR P2_GQKNSR 2 3,DIA12_CV486075:20251228_A2_N1_Mueller_MS_TechHub_IMP_THIDDIAXL003_Cas9_PhoX_DIA12_CV486075_250ng_FAIMS_001,589589,,,0,0,-0,0,3,0,0,Q99ZW2,,,false,Q99ZW2,Q99ZW2,,false,GQKNSR,SKLVSDFR,773,960,6,8,3,2,775,961,3,,-1,0.12888,0.12888,9.690951,false,true,false,false,Self ,0,0.000796,1.297379,,0,0,0,0,0,974,336,0,
Scan: 814034 Run: DIA12_CV486075:20251228_A2_N1_Mueller_MS_TechHub_IMP_THIDDIAXL003_Cas9_PhoX_DIA12_CV486075_250ng_FAIMS_002 P1_RLENLIAQLPGEKK P2_IEEGIKELGSQILK 13 6,DIA12_CV486075:20251228_A2_N1_Mueller_MS_TechHub_IMP_THIDDIAXL003_Cas9_PhoX_DIA12_CV486075_250ng_FAIMS_002,814034,,,0,0,-0,0,4,0,0,Q99ZW2,,,false,Q99ZW2,Q99ZW2,,false,IEEGIKELGSQILK,RLENLIAQLPGEKK,784,221,14,14,6,13,789,233,4,,-1,0.128839,0.128839,9.690848,false,true,false,false,Self ,0,0.000796,1.297379,,0,0,0,0,0,973,725,0,
Scan: 1281072 Run: DIA12_CV486075:20251228_A2_N1_Mueller_MS_TechHub_IMP_THIDDIAXL003_Cas9_PhoX_DIA12_CV486075_250ng_FAIMS_003 P1_NSDKLIAR P2_DLIIKLPK 4 5,DIA12_CV486075:20251228_A2_N1_Mueller_MS_TechHub_IMP_THIDDIAXL003_Cas9_PhoX_DIA12_CV486075_250ng_FAIMS_003,1281072,,,0,0,-0,0,3,0,0,Q99ZW2,,,false,Q99ZW2,Q99ZW2,,false,DLIIKLPK,NSDKLIAR,1193,1115,8,8,5,4,1197,1118,3,,-1,0.128795,0.128795,9.690738,false,true,false,false,Self ,0,0.000796,1.297379,,0,0,0,0,0,972,724,0,
Scan: 1697568 Run: DIA12_CV486075:20251228_A2_N1_Mueller_MS_TechHub_IMP_THIDDIAXL003_Cas9_PhoX_DIA12_CV486075_250ng_FAIMS_003 P1_YKEIFFDQSK P2_VVDELVKVMGR 2 7,DIA12_CV486075:20251228_A2_N1_Mueller_MS_TechHub_IMP_THIDDIAXL003_Cas9_PhoX_DIA12_CV486075_250ng_FAIMS_003,1697568,,,0,0,-0,0,3,0,0,Q99ZW2,,,false,Q99ZW2,Q99ZW2,,false,VVDELVKVMGR,YKEIFFDQSK,743,347,11,10,7,2,749,348,3,,-1,0.128592,0.128592,9.690232,false,true,false,false,Self ,0,0.000796,1.297379,,0,0,0,0,0,971,723,0,
Scan: 805126 Run: DIA12_CV486075:20251228_A2_N1_Mueller_MS_TechHub_IMP_THIDDIAXL003_Cas9_PhoX_DIA12_CV486075_250ng_FAIMS_002 P1_LVDSTDKADLR P2_IEKILTFR 7 3,DIA12_CV486075:20251228_A2_N1_Mueller_MS_TechHub_IMP_THIDDIAXL003_Cas9_PhoX_DIA12_CV486075_250ng_FAIMS_002,805126,,,0,0,-0,0,3,0,0,Q99ZW2,,,false,Q99ZW2,Q99ZW2,,false,IEKILTFR,LVDSTDKADLR,440,142,8,11,3,7,442,148,3,,-1,0.128431,0.128431,9.68983,false,true,false,false,Self ,0,0.000796,1.297936,,0,0,0,0,0,970,722,0,
Scan: 97178 Run: DIA12_CV486075:20251228_A2_N1_Mueller_MS_TechHub_IMP_THIDDIAXL003_Cas9_PhoX_DIA12_CV486075_250ng_FAIMS_001 P1_KKDWDPK P2_ESILPKR 2 6,DIA12_CV486075:20251228_A2_N1_Mueller_MS_TechHub_IMP_THIDDIAXL003_Cas9_PhoX_DIA12_CV486075_250ng_FAIMS_001,97178,,,0,0,-0,0,3,0,0,Q99ZW2,,,false,Q99ZW2,Q99ZW2,,false,ESILPKR,KKDWDPK,1108,1123,7,7,6,2,1113,1124,3,,-1,0.128295,0.128295,9.689489,false,true,false,false,Self ,0,0.000796,1.297936,,0,0,0,0,0,969,721,0,
Scan: 1573360 Run: DIA12_CV486075:20251228_A2_N1_Mueller_MS_TechHub_IMP_THIDDIAXL003_Cas9_PhoX_DIA12_CV486075_250ng_FAIMS_003 P1_KPAFLSGEQK P2_KDWDPK 1 1,DIA12_CV486075:20251228_A2_N1_Mueller_MS_TechHub_IMP_THIDDIAXL003_Cas9_PhoX_DIA12_CV486075_250ng_FAIMS_003,1573360,,,0,0,-0,0,4,0,0,Q99ZW2,,,false,Q99ZW2,Q99ZW2,,false,KDWDPK,KPAFLSGEQK,1124,536,6,10,1,1,1124,536,4,,-1,0.128065,0.128065,9.688914,false,true,false,false,Self ,0,0.000797,1.299053,,0,0,0,0,0,5,1270,0,
Scan: 1599966 Run: DIA12_CV486075:20251228_A2_N1_Mueller_MS_TechHub_IMP_THIDDIAXL003_Cas9_PhoX_DIA12_CV486075_250ng_FAIMS_003 P1_VMKQLK P2_KAIVDLLFK 3 1,DIA12_CV486075:20251228_A2_N1_Mueller_MS_TechHub_IMP_THIDDIAXL003_Cas9_PhoX_DIA12_CV486075_250ng_FAIMS_003,1599966,,,0,0,-0,0,3,0,0,Q99ZW2,,,false,Q99ZW2,Q99ZW2,,false,KAIVDLLFK,VMKQLK,546,647,9,6,1,3,546,649,3,,-1,0.127792,0.127792,9.68823,false,true,false,false,Self ,0,0.000797,1.299053,,0,0,0,0,0,967,720,0,
Scan: 1598312 Run: DIA12_CV486075:20251228_A2_N1_Mueller_MS_TechHub_IMP_THIDDIAXL003_Cas9_PhoX_DIA12_CV486075_250ng_FAIMS_003 P1_KVTVK P2_KPAFLSGEQKK 1 10,DIA12_CV486075:20251228_A2_N1_Mueller_MS_TechHub_IMP_THIDDIAXL003_Cas9_PhoX_DIA12_CV486075_250ng_FAIMS_003,1598312,,,0,0,-0,0,3,0,0,Q99ZW2,,,false,Q99ZW2,Q99ZW2,,false,KPAFLSGEQKK,KVTVK,536,558,11,5,10,1,545,558,3,,-1,0.127627,0.127627,9.687819,false,true,false,false,Self ,0,0.000797,1.299613,,0,0,0,0,0,443,1296,0,
Scan: 1185344 Run: DIA12_CV486075:20251228_A2_N1_Mueller_MS_TechHub_IMP_THIDDIAXL003_Cas9_PhoX_DIA12_CV486075_250ng_FAIMS_002 P1_TEVQTGGFSKESILPK P2_SKLVSDFR 10 2,DIA12_CV486075:20251228_A2_N1_Mueller_MS_TechHub_IMP_THIDDIAXL003_Cas9_PhoX_DIA12_CV486075_250ng_FAIMS_002,1185344,,,0,0,-0,0,4,0,0,Q99ZW2,,,false,Q99ZW2,Q99ZW2,,false,SKLVSDFR,TEVQTGGFSKESILPK,960,1098,8,16,2,10,961,1107,4,,-1,0.127404,0.127404,9.687262,false,true,false,false,Self ,0,0.000797,1.300172,,0,0,0,0,0,965,719,0,
Scan: 1140839 Run: DIA12_CV486075:20251228_A2_N1_Mueller_MS_TechHub_IMP_THIDDIAXL003_Cas9_PhoX_DIA12_CV486075_250ng_FAIMS_002 P1_KDFQFYK P2_DDSIDNKVLTR 1 7,DIA12_CV486075:20251228_A2_N1_Mueller_MS_TechHub_IMP_THIDDIAXL003_Cas9_PhoX_DIA12_CV486075_250ng_FAIMS_002,1140839,,,0,0,-0,0,4,0,0,Q99ZW2,,,false,Q99ZW2,Q99ZW2,,false,DDSIDNKVLTR,KDFQFYK,849,968,11,7,7,1,855,968,4,,-1,0.127237,0.127237,9.686844,false,true,false,false,Self ,0,0.000797,1.301854,,0,0,0,0,0,964,1476,0,
Scan: 1740604 Run: DIA12_CV486075:20251228_A2_N1_Mueller_MS_TechHub_IMP_THIDDIAXL003_Cas9_PhoX_DIA12_CV486075_250ng_FAIMS_003 P1_YKEIFFDQSK P2_GKSDNVPSEEVVK 2 2,DIA12_CV486075:20251228_A2_N1_Mueller_MS_TechHub_IMP_THIDDIAXL003_Cas9_PhoX_DIA12_CV486075_250ng_FAIMS_003,1740604,,,0,0,-0,0,4,0,0,Q99ZW2,,,false,Q99ZW2,Q99ZW2,,false,GKSDNVPSEEVVK,YKEIFFDQSK,865,347,13,10,2,2,866,348,4,,-1,0.127082,0.127082,9.686455,false,true,false,false,Self ,0,0.000797,1.301854,,0,0,0,0,0,963,1490,0,
Scan: 1623031 Run: DIA12_CV486075:20251228_A2_N1_Mueller_MS_TechHub_IMP_THIDDIAXL003_Cas9_PhoX_DIA12_CV486075_250ng_FAIMS_003 P1_KLINGIR P2_KKDWDPK 1 1,DIA12_CV486075:20251228_A2_N1_Mueller_MS_TechHub_IMP_THIDDIAXL003_Cas9_PhoX_DIA12_CV486075_250ng_FAIMS_003,1623031,,,0,0,-0,0,3,0,0,Q99ZW2,,,false,Q99ZW2,Q99ZW2,,false,KKDWDPK,KLINGIR,1123,665,7,7,1,1,1123,665,3,,-1,0.127037,0.127037,9.686344,false,true,false,false,Self ,0,0.000797,1.301854,,0,0,0,0,0,962,157,0,
Scan: 1422493 Run: DIA12_CV486075:20251228_A2_N1_Mueller_MS_TechHub_IMP_THIDDIAXL003_Cas9_PhoX_DIA12_CV486075_250ng_FAIMS_003 P1_SNFDLAEDAKLQLSK P2_KNLIGALLFDSGETAEATR 10 1,DIA12_CV486075:20251228_A2_N1_Mueller_MS_TechHub_IMP_THIDDIAXL003_Cas9_PhoX_DIA12_CV486075_250ng_FAIMS_003,1422493,,,0,0,-0,0,4,0,0,Q99ZW2,,,false,Q99ZW2,Q99ZW2,,false,KNLIGALLFDSGETAEATR,SNFDLAEDAKLQLSK,45,254,19,15,1,10,45,263,4,,-1,0.126845,0.126845,9.685863,false,true,false,false,Self ,0,0.000798,1.302416,,0,0,0,0,0,961,718,0,
Scan: 843510 Run: DIA12_CV486075:20251228_A2_N1_Mueller_MS_TechHub_IMP_THIDDIAXL003_Cas9_PhoX_DIA12_CV486075_250ng_FAIMS_002 P1_FKVLGNTDR P2_DFQFYKVR 2 6,DIA12_CV486075:20251228_A2_N1_Mueller_MS_TechHub_IMP_THIDDIAXL003_Cas9_PhoX_DIA12_CV486075_250ng_FAIMS_002,843510,,,0,0,-0,0,3,0,0,Q99ZW2,,,false,Q99ZW2,Q99ZW2,,false,DFQFYKVR,FKVLGNTDR,969,32,8,9,6,2,974,33,3,,-1,0.126437,0.126437,9.684844,false,true,false,false,Self ,0,0.000798,1.304104,,0,0,0,0,0,960,717,0,
Scan: 1186009 Run: DIA12_CV486075:20251228_A2_N1_Mueller_MS_TechHub_IMP_THIDDIAXL003_Cas9_PhoX_DIA12_CV486075_250ng_FAIMS_002 P1_SKLVSDFR P2_EIFFDQSKNGYAGYIDGGASQEEFYK 2 8,DIA12_CV486075:20251228_A2_N1_Mueller_MS_TechHub_IMP_THIDDIAXL003_Cas9_PhoX_DIA12_CV486075_250ng_FAIMS_002,1186009,,,0,0,-0,0,4,0,0,Q99ZW2,,,false,Q99ZW2,Q99ZW2,,false,EIFFDQSKNGYAGYIDGGASQEEFYK,SKLVSDFR,349,960,26,8,8,2,356,961,4,,-1,0.126411,0.126411,9.684779,false,true,false,false,Self ,0,0.000798,1.304104,,0,0,0,0,0,959,716,0,
Scan: 1446366 Run: DIA12_CV486075:20251228_A2_N1_Mueller_MS_TechHub_IMP_THIDDIAXL003_Cas9_PhoX_DIA12_CV486075_250ng_FAIMS_003 P1_YDEHHQDLTLLKALVR P2_QSGKTILDFLK 12 4,DIA12_CV486075:20251228_A2_N1_Mueller_MS_TechHub_IMP_THIDDIAXL003_Cas9_PhoX_DIA12_CV486075_250ng_FAIMS_003,1446366,,,0,0,-0,0,5,0,0,Q99ZW2,,,false,Q99ZW2,Q99ZW2,,false,QSGKTILDFLK,YDEHHQDLTLLKALVR,674,325,11,16,4,12,677,336,5,,-1,0.126196,0.126196,9.684242,false,true,false,false,Self ,0,0.000798,1.304104,,0,0,0,0,0,353,1291,0,
Scan: 1583549 Run: DIA12_CV486075:20251228_A2_N1_Mueller_MS_TechHub_IMP_THIDDIAXL003_Cas9_PhoX_DIA12_CV486075_250ng_FAIMS_003 P1_KPAFLSGEQK P2_DDSIDNKVLTR 1 7,DIA12_CV486075:20251228_A2_N1_Mueller_MS_TechHub_IMP_THIDDIAXL003_Cas9_PhoX_DIA12_CV486075_250ng_FAIMS_003,1583549,,,0,0,-0,0,3,0,0,Q99ZW2,,,false,Q99ZW2,Q99ZW2,,false,DDSIDNKVLTR,KPAFLSGEQK,849,536,11,10,7,1,855,536,3,,-1,0.126088,0.126088,9.683971,false,true,false,false,Self ,0,0.000798,1.304104,,0,0,0,0,0,831,1335,0,
Scan: 887734 Run: DIA12_CV486075:20251228_A2_N1_Mueller_MS_TechHub_IMP_THIDDIAXL003_Cas9_PhoX_DIA12_CV486075_250ng_FAIMS_002 P1_FKVLGNTDR P2_EKIEKILTFR 2 2,DIA12_CV486075:20251228_A2_N1_Mueller_MS_TechHub_IMP_THIDDIAXL003_Cas9_PhoX_DIA12_CV486075_250ng_FAIMS_002,887734,,,0,0,-0,0,3,0,0,Q99ZW2,,,false,Q99ZW2,Q99ZW2,,false,EKIEKILTFR,FKVLGNTDR,438,32,10,9,2,2,439,33,3,,-1,0.125895,0.125895,9.683489,false,true,false,false,Self ,0,0.000798,1.306361,,0,0,0,0,0,956,1373,0,
Scan: 960870 Run: DIA12_CV486075:20251228_A2_N1_Mueller_MS_TechHub_IMP_THIDDIAXL003_Cas9_PhoX_DIA12_CV486075_250ng_FAIMS_002 P1_VLPKHSLLYEYFTVYNELTK P2_EKIEKILTFR 4 5,DIA12_CV486075:20251228_A2_N1_Mueller_MS_TechHub_IMP_THIDDIAXL003_Cas9_PhoX_DIA12_CV486075_250ng_FAIMS_002,960870,,,0,0,-0,0,4,0,0,Q99ZW2,,,false,Q99ZW2,Q99ZW2,,false,EKIEKILTFR,VLPKHSLLYEYFTVYNELTK,438,507,10,20,5,4,442,510,4,,-1,0.12586,0.12586,9.683401,false,true,false,false,Self ,0,0.000798,1.306361,,0,0,0,0,0,955,715,0,
Scan: 363606 Run: DIA12_CV486075:20251228_A2_N1_Mueller_MS_TechHub_IMP_THIDDIAXL003_Cas9_PhoX_DIA12_CV486075_250ng_FAIMS_001 P1_VLPKHSLLYEYFTVYNELTK P2_KNLIGALLFDSGETAEATR 4 1,DIA12_CV486075:20251228_A2_N1_Mueller_MS_TechHub_IMP_THIDDIAXL003_Cas9_PhoX_DIA12_CV486075_250ng_FAIMS_001,363606,,,0,0,-0,0,4,0,0,Q99ZW2,,,false,Q99ZW2,Q99ZW2,,false,KNLIGALLFDSGETAEATR,VLPKHSLLYEYFTVYNELTK,45,507,19,20,1,4,45,510,4,,-1,0.125768,0.125768,9.68317,false,true,false,false,Self ,0,0.000798,1.306361,,0,0,0,0,0,954,714,0,
Scan: 560967 Run: DIA12_CV486075:20251228_A2_N1_Mueller_MS_TechHub_IMP_THIDDIAXL003_Cas9_PhoX_DIA12_CV486075_250ng_FAIMS_001 P1_LKGSPEDNEQK P2_KFDNLTK 2 1,DIA12_CV486075:20251228_A2_N1_Mueller_MS_TechHub_IMP_THIDDIAXL003_Cas9_PhoX_DIA12_CV486075_250ng_FAIMS_001,560967,,,0,0,-0,0,3,0,0,Q99ZW2,,,false,Q99ZW2,Q99ZW2,,false,KFDNLTK,LKGSPEDNEQK,896,1245,7,11,1,2,896,1246,3,,-1,0.125669,0.125669,9.682924,false,true,false,false,Self ,0,0.000799,1.306361,,0,0,0,0,0,953,713,0,
Scan: 1352114 Run: DIA12_CV486075:20251228_A2_N1_Mueller_MS_TechHub_IMP_THIDDIAXL003_Cas9_PhoX_DIA12_CV486075_250ng_FAIMS_003 P1_SKLVSDFR P2_GNELALPSKYVNFLYLASHYEK 2 9,DIA12_CV486075:20251228_A2_N1_Mueller_MS_TechHub_IMP_THIDDIAXL003_Cas9_PhoX_DIA12_CV486075_250ng_FAIMS_003,1352114,,,0,0,-0,0,4,0,0,Q99ZW2,,,false,Q99ZW2,Q99ZW2,,false,GNELALPSKYVNFLYLASHYEK,SKLVSDFR,1223,960,22,8,9,2,1231,961,4,,-1,0.125181,0.125181,9.681704,false,true,false,false,Self ,0,0.000799,1.307492,,0,0,0,0,0,952,712,0,
Scan: 1447728 Run: DIA12_CV486075:20251228_A2_N1_Mueller_MS_TechHub_IMP_THIDDIAXL003_Cas9_PhoX_DIA12_CV486075_250ng_FAIMS_003 P1_QQLPEKYKEIFFDQSK P2_NSDKLIAR 6 4,DIA12_CV486075:20251228_A2_N1_Mueller_MS_TechHub_IMP_THIDDIAXL003_Cas9_PhoX_DIA12_CV486075_250ng_FAIMS_003,1447728,,,0,0,-0,0,4,0,0,Q99ZW2,,,false,Q99ZW2,Q99ZW2,,false,NSDKLIAR,QQLPEKYKEIFFDQSK,1115,341,8,16,4,6,1118,346,4,,-1,0.125129,0.125129,9.681573,false,true,false,false,Self ,0,0.000799,1.307492,,0,0,0,0,0,951,711,0,
Scan: 513922 Run: DIA12_CV486075:20251228_A2_N1_Mueller_MS_TechHub_IMP_THIDDIAXL003_Cas9_PhoX_DIA12_CV486075_250ng_FAIMS_001 P1_KTEVQTGGFSK P2_IEEGIKELGSQILK 1 6,DIA12_CV486075:20251228_A2_N1_Mueller_MS_TechHub_IMP_THIDDIAXL003_Cas9_PhoX_DIA12_CV486075_250ng_FAIMS_001,513922,,,0,0,-0,0,4,0,0,Q99ZW2,,,false,Q99ZW2,Q99ZW2,,false,IEEGIKELGSQILK,KTEVQTGGFSK,784,1097,14,11,6,1,789,1097,4,,-1,0.12509,0.12509,9.681476,false,true,false,false,Self ,0,0.000799,1.307492,,0,0,0,0,0,950,710,0,
Scan: 1769798 Run: DIA12_CV486075:20251228_A2_N1_Mueller_MS_TechHub_IMP_THIDDIAXL003_Cas9_PhoX_DIA12_CV486075_250ng_FAIMS_003 P1_QITKHVAQILDSR P2_EVKVITLK 4 3,DIA12_CV486075:20251228_A2_N1_Mueller_MS_TechHub_IMP_THIDDIAXL003_Cas9_PhoX_DIA12_CV486075_250ng_FAIMS_003,1769798,,,0,0,-0,0,4,0,0,Q99ZW2,,,false,Q99ZW2,Q99ZW2,,false,EVKVITLK,QITKHVAQILDSR,952,926,8,13,3,4,954,929,4,,-1,0.124627,0.124627,9.680317,false,true,false,false,Self ,0,0.000799,1.308059,,0,0,0,0,0,678,1311,0,
Scan: 1316354 Run: DIA12_CV486075:20251228_A2_N1_Mueller_MS_TechHub_IMP_THIDDIAXL003_Cas9_PhoX_DIA12_CV486075_250ng_FAIMS_003 P1_SSFEKNPIDFLEAK P2_SKLVSDFR 5 2,DIA12_CV486075:20251228_A2_N1_Mueller_MS_TechHub_IMP_THIDDIAXL003_Cas9_PhoX_DIA12_CV486075_250ng_FAIMS_003,1316354,,,0,0,-0,0,3,0,0,Q99ZW2,,,false,Q99ZW2,Q99ZW2,,false,SKLVSDFR,SSFEKNPIDFLEAK,960,1172,8,14,2,5,961,1176,3,,-1,0.124547,0.124547,9.680118,false,true,false,false,Self ,0,0.0008,1.308626,,0,0,0,0,0,948,709,0,
Scan: 694889 Run: DIA12_CV486075:20251228_A2_N1_Mueller_MS_TechHub_IMP_THIDDIAXL003_Cas9_PhoX_DIA12_CV486075_250ng_FAIMS_002 P1_NSDKLIAR P2_KKDWDPK 4 2,DIA12_CV486075:20251228_A2_N1_Mueller_MS_TechHub_IMP_THIDDIAXL003_Cas9_PhoX_DIA12_CV486075_250ng_FAIMS_002,694889,,,0,0,-0,0,4,0,0,Q99ZW2,,,false,Q99ZW2,Q99ZW2,,false,KKDWDPK,NSDKLIAR,1123,1115,7,8,2,4,1124,1118,4,,-1,0.124474,0.124474,9.679935,false,true,false,false,Self ,0,0.0008,1.309193,,0,0,0,0,0,731,624,0,
Scan: 1398596 Run: DIA12_CV486075:20251228_A2_N1_Mueller_MS_TechHub_IMP_THIDDIAXL003_Cas9_PhoX_DIA12_CV486075_250ng_FAIMS_003 P1_KLVDSTDK P2_KDLIIK 1 1,DIA12_CV486075:20251228_A2_N1_Mueller_MS_TechHub_IMP_THIDDIAXL003_Cas9_PhoX_DIA12_CV486075_250ng_FAIMS_003,1398596,,,0,0,-0,0,3,0,0,Q99ZW2,,,false,Q99ZW2,Q99ZW2,,false,KDLIIK,KLVDSTDK,1192,141,6,8,1,1,1192,141,3,,-1,0.124073,0.124073,9.678934,false,true,false,false,Self ,0,0.0008,1.31033,,0,0,0,0,0,946,708,0,
Scan: 1310863 Run: DIA12_CV486075:20251228_A2_N1_Mueller_MS_TechHub_IMP_THIDDIAXL003_Cas9_PhoX_DIA12_CV486075_250ng_FAIMS_003 P1_SSFEKNPIDFLEAK P2_EIFFDQSKNGYAGYIDGGASQEEFYK 5 8,DIA12_CV486075:20251228_A2_N1_Mueller_MS_TechHub_IMP_THIDDIAXL003_Cas9_PhoX_DIA12_CV486075_250ng_FAIMS_003,1310863,,,0,0,-0,0,4,0,0,Q99ZW2,,,false,Q99ZW2,Q99ZW2,,false,EIFFDQSKNGYAGYIDGGASQEEFYK,SSFEKNPIDFLEAK,349,1172,26,14,8,5,356,1176,4,,-1,0.123628,0.123628,9.677822,false,true,false,false,Self ,0,0.0008,1.310899,,0,0,0,0,0,945,707,0,
Scan: 1456616 Run: DIA12_CV486075:20251228_A2_N1_Mueller_MS_TechHub_IMP_THIDDIAXL003_Cas9_PhoX_DIA12_CV486075_250ng_FAIMS_003 P1_YKEIFFDQSK P2_KDFQFYK 2 1,DIA12_CV486075:20251228_A2_N1_Mueller_MS_TechHub_IMP_THIDDIAXL003_Cas9_PhoX_DIA12_CV486075_250ng_FAIMS_003,1456616,,,0,0,-0,0,4,0,0,Q99ZW2,,,false,Q99ZW2,Q99ZW2,,false,KDFQFYK,YKEIFFDQSK,968,347,7,10,1,2,968,348,4,,-1,0.12346,0.12346,9.677401,false,true,false,false,Self ,0,0.0008,1.312609,,0,0,0,0,0,944,1366,0,
Scan: 382798 Run: DIA12_CV486075:20251228_A2_N1_Mueller_MS_TechHub_IMP_THIDDIAXL003_Cas9_PhoX_DIA12_CV486075_250ng_FAIMS_001 P1_KPAFLSGEQK P2_EKIEKILTFR 1 5,DIA12_CV486075:20251228_A2_N1_Mueller_MS_TechHub_IMP_THIDDIAXL003_Cas9_PhoX_DIA12_CV486075_250ng_FAIMS_001,382798,,,0,0,-0,0,4,0,0,Q99ZW2,,,false,Q99ZW2,Q99ZW2,,false,EKIEKILTFR,KPAFLSGEQK,438,536,10,10,5,1,442,536,4,,-1,0.123307,0.123307,9.67702,false,true,false,false,Self ,0,0.000801,1.312609,,0,0,0,0,0,798,1326,0,
Scan: 1685947 Run: DIA12_CV486075:20251228_A2_N1_Mueller_MS_TechHub_IMP_THIDDIAXL003_Cas9_PhoX_DIA12_CV486075_250ng_FAIMS_003 P1_VILADANLDKVLSAYNK P2_GILQTVKVVDELVK 10 7,DIA12_CV486075:20251228_A2_N1_Mueller_MS_TechHub_IMP_THIDDIAXL003_Cas9_PhoX_DIA12_CV486075_250ng_FAIMS_003,1685947,,,0,0,-0,0,4,0,0,Q99ZW2,,,false,Q99ZW2,Q99ZW2,,false,GILQTVKVVDELVK,VILADANLDKVLSAYNK,736,1280,14,17,7,10,742,1289,4,,-1,0.122924,0.122924,9.67606,false,true,false,false,Self ,0,0.000801,1.313751,,0,0,0,0,0,942,706,0,
Scan: 1108274 Run: DIA12_CV486075:20251228_A2_N1_Mueller_MS_TechHub_IMP_THIDDIAXL003_Cas9_PhoX_DIA12_CV486075_250ng_FAIMS_002 P1_SKLVSDFR P2_ENQTTQKGQK 2 7,DIA12_CV486075:20251228_A2_N1_Mueller_MS_TechHub_IMP_THIDDIAXL003_Cas9_PhoX_DIA12_CV486075_250ng_FAIMS_002,1108274,,,0,0,-0,0,3,0,0,Q99ZW2,,,false,Q99ZW2,Q99ZW2,,false,ENQTTQKGQK,SKLVSDFR,766,960,10,8,7,2,772,961,3,,-1,0.122871,0.122871,9.675929,false,true,false,false,Self ,0,0.000801,1.313751,,0,0,0,0,0,941,325,0,
Scan: 543851 Run: DIA12_CV486075:20251228_A2_N1_Mueller_MS_TechHub_IMP_THIDDIAXL003_Cas9_PhoX_DIA12_CV486075_250ng_FAIMS_001 P1_SDKNR P2_GKSDNVPSEEVVK 3 2,DIA12_CV486075:20251228_A2_N1_Mueller_MS_TechHub_IMP_THIDDIAXL003_Cas9_PhoX_DIA12_CV486075_250ng_FAIMS_001,543851,,,0,0,-0,0,3,0,0,Q99ZW2,,,false,Q99ZW2,Q99ZW2,,false,GKSDNVPSEEVVK,SDKNR,865,860,13,5,2,3,866,862,3,,-1,0.122791,0.122791,9.675729,false,true,false,false,Self ,0,0.000801,1.313751,,0,0,0,0,0,854,1334,0,
Scan: 1263701 Run: DIA12_CV486075:20251228_A2_N1_Mueller_MS_TechHub_IMP_THIDDIAXL003_Cas9_PhoX_DIA12_CV486075_250ng_FAIMS_003 P1_TEVQTGGFSKESILPK P2_KDLIIKLPK 10 6,DIA12_CV486075:20251228_A2_N1_Mueller_MS_TechHub_IMP_THIDDIAXL003_Cas9_PhoX_DIA12_CV486075_250ng_FAIMS_003,1263701,,,0,0,-0,0,4,0,0,Q99ZW2,,,false,Q99ZW2,Q99ZW2,,false,KDLIIKLPK,TEVQTGGFSKESILPK,1192,1098,9,16,6,10,1197,1107,4,,-1,0.122585,0.122585,9.675214,false,true,false,false,Self ,0,0.000801,1.313751,,0,0,0,0,0,939,704,0,
Scan: 1393863 Run: DIA12_CV486075:20251228_A2_N1_Mueller_MS_TechHub_IMP_THIDDIAXL003_Cas9_PhoX_DIA12_CV486075_250ng_FAIMS_003 P1_YTSTKEVLDATLIHQSITGLYETR P2_KPAFLSGEQK 5 1,DIA12_CV486075:20251228_A2_N1_Mueller_MS_TechHub_IMP_THIDDIAXL003_Cas9_PhoX_DIA12_CV486075_250ng_FAIMS_003,1393863,,,0,0,-0,0,5,0,0,Q99ZW2,,,false,Q99ZW2,Q99ZW2,,false,KPAFLSGEQK,YTSTKEVLDATLIHQSITGLYETR,536,1336,10,24,1,5,536,1340,5,,-1,0.122369,0.122369,9.674674,false,true,false,false,Self ,0,0.000801,1.314323,,0,0,0,0,0,938,703,0,
Scan: 1776347 Run: DIA12_CV486075:20251228_A2_N1_Mueller_MS_TechHub_IMP_THIDDIAXL003_Cas9_PhoX_DIA12_CV486075_250ng_FAIMS_003 P1_MNTKYDENDK P2_KLINGIR 4 1,DIA12_CV486075:20251228_A2_N1_Mueller_MS_TechHub_IMP_THIDDIAXL003_Cas9_PhoX_DIA12_CV486075_250ng_FAIMS_003,1776347,,,0,0,-0,0,4,0,0,Q99ZW2,,,false,Q99ZW2,Q99ZW2,,false,KLINGIR,MNTKYDENDK,665,939,7,10,1,4,665,942,4,,-1,0.122148,0.122148,9.674121,false,true,false,false,Self ,0,0.000802,1.314323,,0,0,0,0,0,937,229,0,
Scan: 1441841 Run: DIA12_CV486075:20251228_A2_N1_Mueller_MS_TechHub_IMP_THIDDIAXL003_Cas9_PhoX_DIA12_CV486075_250ng_FAIMS_003 P1_YDEHHQDLTLLKALVR P2_TEVQTGGFSKESILPK 12 10,DIA12_CV486075:20251228_A2_N1_Mueller_MS_TechHub_IMP_THIDDIAXL003_Cas9_PhoX_DIA12_CV486075_250ng_FAIMS_003,1441841,,,0,0,-0,0,5,0,0,Q99ZW2,,,false,Q99ZW2,Q99ZW2,,false,TEVQTGGFSKESILPK,YDEHHQDLTLLKALVR,1098,325,16,16,10,12,1107,336,5,,-1,0.122125,0.122125,9.674063,false,true,false,false,Self ,0,0.000802,1.314323,,0,0,0,0,0,936,702,0,
Scan: 182637 Run: DIA12_CV486075:20251228_A2_N1_Mueller_MS_TechHub_IMP_THIDDIAXL003_Cas9_PhoX_DIA12_CV486075_250ng_FAIMS_001 P1_VILADANLDKVLSAYNK P2_KDLIIK 10 1,DIA12_CV486075:20251228_A2_N1_Mueller_MS_TechHub_IMP_THIDDIAXL003_Cas9_PhoX_DIA12_CV486075_250ng_FAIMS_001,182637,,,0,0,-0,0,4,0,0,Q99ZW2,,,false,Q99ZW2,Q99ZW2,,false,KDLIIK,VILADANLDKVLSAYNK,1192,1280,6,17,1,10,1192,1289,4,,-1,0.12199,0.12199,9.673727,false,true,false,false,Self ,0,0.000802,1.314895,,0,0,0,0,0,935,701,0,
Scan: 1106577 Run: DIA12_CV486075:20251228_A2_N1_Mueller_MS_TechHub_IMP_THIDDIAXL003_Cas9_PhoX_DIA12_CV486075_250ng_FAIMS_002 P1_KYGGFDSPTVAYSVLVVAK P2_ENQTTQKGQK 1 7,DIA12_CV486075:20251228_A2_N1_Mueller_MS_TechHub_IMP_THIDDIAXL003_Cas9_PhoX_DIA12_CV486075_250ng_FAIMS_002,1106577,,,0,0,-0,0,3,0,0,Q99ZW2,,,false,Q99ZW2,Q99ZW2,,false,ENQTTQKGQK,KYGGFDSPTVAYSVLVVAK,766,1130,10,19,7,1,772,1130,3,,-1,0.121917,0.121917,9.673543,false,true,false,false,Self ,0,0.000802,1.314895,,0,0,0,0,0,934,700,0,
Scan: 208880 Run: DIA12_CV486075:20251228_A2_N1_Mueller_MS_TechHub_IMP_THIDDIAXL003_Cas9_PhoX_DIA12_CV486075_250ng_FAIMS_001 P1_LSKSR P2_IEKILTFR 3 3,DIA12_CV486075:20251228_A2_N1_Mueller_MS_TechHub_IMP_THIDDIAXL003_Cas9_PhoX_DIA12_CV486075_250ng_FAIMS_001,208880,,,0,0,-0,0,3,0,0,Q99ZW2,,,false,Q99ZW2,Q99ZW2,,false,IEKILTFR,LSKSR,440,216,8,5,3,3,442,218,3,,-1,0.121772,0.121772,9.673182,false,true,false,false,Self ,0,0.000802,1.315468,,0,0,0,0,0,933,699,0,
Scan: 410385 Run: DIA12_CV486075:20251228_A2_N1_Mueller_MS_TechHub_IMP_THIDDIAXL003_Cas9_PhoX_DIA12_CV486075_250ng_FAIMS_001 P1_VLSAYNKHR P2_KVTVK 7 1,DIA12_CV486075:20251228_A2_N1_Mueller_MS_TechHub_IMP_THIDDIAXL003_Cas9_PhoX_DIA12_CV486075_250ng_FAIMS_001,410385,,,0,0,-0,0,3,0,0,Q99ZW2,,,false,Q99ZW2,Q99ZW2,,false,KVTVK,VLSAYNKHR,558,1290,5,9,1,7,558,1296,3,,-1,0.121692,0.121692,9.672982,false,true,false,false,Self ,0,0.000802,1.315468,,0,0,0,0,0,932,698,0,
Scan: 491872 Run: DIA12_CV486075:20251228_A2_N1_Mueller_MS_TechHub_IMP_THIDDIAXL003_Cas9_PhoX_DIA12_CV486075_250ng_FAIMS_001 P1_GILQTVKVVDELVK P2_FKVLGNTDR 7 2,DIA12_CV486075:20251228_A2_N1_Mueller_MS_TechHub_IMP_THIDDIAXL003_Cas9_PhoX_DIA12_CV486075_250ng_FAIMS_001,491872,,,0,0,-0,0,4,0,0,Q99ZW2,,,false,Q99ZW2,Q99ZW2,,false,FKVLGNTDR,GILQTVKVVDELVK,32,736,9,14,2,7,33,742,4,,-1,0.121547,0.121547,9.672619,false,true,false,false,Self ,0,0.000802,1.316616,,0,0,0,0,0,931,697,0,
Scan: 1412423 Run: DIA12_CV486075:20251228_A2_N1_Mueller_MS_TechHub_IMP_THIDDIAXL003_Cas9_PhoX_DIA12_CV486075_250ng_FAIMS_003 P1_KNGLFGNLIALSLGLTPNFK P2_FKVLGNTDR 1 2,DIA12_CV486075:20251228_A2_N1_Mueller_MS_TechHub_IMP_THIDDIAXL003_Cas9_PhoX_DIA12_CV486075_250ng_FAIMS_003,1412423,,,0,0,-0,0,4,0,0,Q99ZW2,,,false,Q99ZW2,Q99ZW2,,false,FKVLGNTDR,KNGLFGNLIALSLGLTPNFK,32,234,9,20,2,1,33,234,4,,-1,0.121449,0.121449,9.672374,false,true,false,false,Self ,0,0.000802,1.316616,,0,0,0,0,0,930,696,0,
Scan: 1050829 Run: DIA12_CV486075:20251228_A2_N1_Mueller_MS_TechHub_IMP_THIDDIAXL003_Cas9_PhoX_DIA12_CV486075_250ng_FAIMS_002 P1_RNSDKLIAR P2_EDIQKAQVSGQGDSLHEHIANLAGSPAIK 5 5,DIA12_CV486075:20251228_A2_N1_Mueller_MS_TechHub_IMP_THIDDIAXL003_Cas9_PhoX_DIA12_CV486075_250ng_FAIMS_002,1050829,,,0,0,-0,0,5,0,0,Q99ZW2,,,false,Q99ZW2,Q99ZW2,,false,EDIQKAQVSGQGDSLHEHIANLAGSPAIK,RNSDKLIAR,706,1114,29,9,5,5,710,1118,5,,-1,0.121374,0.121374,9.672186,false,true,false,false,Self ,0,0.000802,1.31719,,0,0,0,0,0,28,1268,0,
Scan: 680988 Run: DIA12_CV486075:20251228_A2_N1_Mueller_MS_TechHub_IMP_THIDDIAXL003_Cas9_PhoX_DIA12_CV486075_250ng_FAIMS_002 P1_RNSDKLIAR P2_KDWDPKK 5 1,DIA12_CV486075:20251228_A2_N1_Mueller_MS_TechHub_IMP_THIDDIAXL003_Cas9_PhoX_DIA12_CV486075_250ng_FAIMS_002,680988,,,0,0,-0,0,4,0,0,Q99ZW2,,,false,Q99ZW2,Q99ZW2,,false,KDWDPKK,RNSDKLIAR,1124,1114,7,9,1,5,1124,1118,4,,-1,0.1209,0.1209,9.671002,false,true,false,false,Self ,0,0.000803,1.318917,,0,0,0,0,0,410,624,0,
Scan: 630362 Run: DIA12_CV486075:20251228_A2_N1_Mueller_MS_TechHub_IMP_THIDDIAXL003_Cas9_PhoX_DIA12_CV486075_250ng_FAIMS_002 P1_KVLSMPQVNIVK P2_KPAFLSGEQK 1 1,DIA12_CV486075:20251228_A2_N1_Mueller_MS_TechHub_IMP_THIDDIAXL003_Cas9_PhoX_DIA12_CV486075_250ng_FAIMS_002,630362,,,0,0,-0,0,4,0,0,Q99ZW2,,,false,Q99ZW2,Q99ZW2,,false,KPAFLSGEQK,KVLSMPQVNIVK,536,1085,10,12,1,1,536,1085,4,,-1,0.120855,0.120855,9.670887,false,true,false,false,Self ,0,0.000803,1.318917,,0,0,0,0,0,13,1267,0,
Scan: 670219 Run: DIA12_CV486075:20251228_A2_N1_Mueller_MS_TechHub_IMP_THIDDIAXL003_Cas9_PhoX_DIA12_CV486075_250ng_FAIMS_002 P1_TEVQTGGFSKESILPK P2_DKQSGK 10 2,DIA12_CV486075:20251228_A2_N1_Mueller_MS_TechHub_IMP_THIDDIAXL003_Cas9_PhoX_DIA12_CV486075_250ng_FAIMS_002,670219,,,0,0,-0,0,3,0,0,Q99ZW2,,,false,Q99ZW2,Q99ZW2,,false,DKQSGK,TEVQTGGFSKESILPK,672,1098,6,16,2,10,673,1107,3,,-1,0.120789,0.120789,9.670725,false,true,false,false,Self ,0,0.000803,1.319493,,0,0,0,0,0,118,1272,0,
Scan: 373844 Run: DIA12_CV486075:20251228_A2_N1_Mueller_MS_TechHub_IMP_THIDDIAXL003_Cas9_PhoX_DIA12_CV486075_250ng_FAIMS_001 P1_VKYVTEGMR P2_KDLIIK 2 1,DIA12_CV486075:20251228_A2_N1_Mueller_MS_TechHub_IMP_THIDDIAXL003_Cas9_PhoX_DIA12_CV486075_250ng_FAIMS_001,373844,,,0,0,-0,0,3,0,0,Q99ZW2,,,false,Q99ZW2,Q99ZW2,,false,KDLIIK,VKYVTEGMR,1192,527,6,9,1,2,1192,528,3,,-1,0.120764,0.120764,9.670662,false,true,false,false,Self ,0,0.000803,1.319493,,0,0,0,0,0,925,695,0,
Scan: 637020 Run: DIA12_CV486075:20251228_A2_N1_Mueller_MS_TechHub_IMP_THIDDIAXL003_Cas9_PhoX_DIA12_CV486075_250ng_FAIMS_002 P1_KVTVK P2_KTEVQTGGFSK 1 1,DIA12_CV486075:20251228_A2_N1_Mueller_MS_TechHub_IMP_THIDDIAXL003_Cas9_PhoX_DIA12_CV486075_250ng_FAIMS_002,637020,,,0,0,-0,0,3,0,0,Q99ZW2,,,false,Q99ZW2,Q99ZW2,,false,KTEVQTGGFSK,KVTVK,1097,558,11,5,1,1,1097,558,3,,-1,0.120624,0.120624,9.670311,false,true,false,false,Self ,0,0.000803,1.320647,,0,0,0,0,0,924,694,0,
Scan: 1741931 Run: DIA12_CV486075:20251228_A2_N1_Mueller_MS_TechHub_IMP_THIDDIAXL003_Cas9_PhoX_DIA12_CV486075_250ng_FAIMS_003 P1_GKSDNVPSEEVVK P2_DKQSGK 2 2,DIA12_CV486075:20251228_A2_N1_Mueller_MS_TechHub_IMP_THIDDIAXL003_Cas9_PhoX_DIA12_CV486075_250ng_FAIMS_003,1741931,,,0,0,-0,0,3,0,0,Q99ZW2,,,false,Q99ZW2,Q99ZW2,,false,DKQSGK,GKSDNVPSEEVVK,672,865,6,13,2,2,673,866,3,,-1,0.120489,0.120489,9.669973,false,true,false,false,Self ,0,0.000803,1.321804,,0,0,0,0,0,923,693,0,
Scan: 289797 Run: DIA12_CV486075:20251228_A2_N1_Mueller_MS_TechHub_IMP_THIDDIAXL003_Cas9_PhoX_DIA12_CV486075_250ng_FAIMS_001 P1_QSGKTILDFLK P2_QEDFYPFLKDNR 4 9,DIA12_CV486075:20251228_A2_N1_Mueller_MS_TechHub_IMP_THIDDIAXL003_Cas9_PhoX_DIA12_CV486075_250ng_FAIMS_001,289797,,,0,0,-0,0,4,0,0,Q99ZW2,,,false,Q99ZW2,Q99ZW2,,false,QEDFYPFLKDNR,QSGKTILDFLK,426,674,12,11,9,4,434,677,4,,-1,0.120369,0.120369,9.669675,false,true,false,false,Self ,0,0.000803,1.322383,,0,0,0,0,0,922,692,0,
Scan: 1412617 Run: DIA12_CV486075:20251228_A2_N1_Mueller_MS_TechHub_IMP_THIDDIAXL003_Cas9_PhoX_DIA12_CV486075_250ng_FAIMS_003 P1_LKTYAHLFDDK P2_KNGLFGNLIALSLGLTPNFK 2 1,DIA12_CV486075:20251228_A2_N1_Mueller_MS_TechHub_IMP_THIDDIAXL003_Cas9_PhoX_DIA12_CV486075_250ng_FAIMS_003,1412617,,,0,0,-0,0,4,0,0,Q99ZW2,,,false,Q99ZW2,Q99ZW2,,false,KNGLFGNLIALSLGLTPNFK,LKTYAHLFDDK,234,636,20,11,1,2,234,637,4,,-1,0.120227,0.120227,9.66932,false,true,false,false,Self ,0,0.000803,1.322962,,0,0,0,0,0,921,691,0,
Scan: 112275 Run: DIA12_CV486075:20251228_A2_N1_Mueller_MS_TechHub_IMP_THIDDIAXL003_Cas9_PhoX_DIA12_CV486075_250ng_FAIMS_001 P1_SSFEKNPIDFLEAK P2_KKDWDPK 5 2,DIA12_CV486075:20251228_A2_N1_Mueller_MS_TechHub_IMP_THIDDIAXL003_Cas9_PhoX_DIA12_CV486075_250ng_FAIMS_001,112275,,,0,0,-0,0,3,0,0,Q99ZW2,,,false,Q99ZW2,Q99ZW2,,false,KKDWDPK,SSFEKNPIDFLEAK,1123,1172,7,14,2,5,1124,1176,3,,-1,0.119923,0.119923,9.668558,false,true,false,false,Self ,0,0.000803,1.323542,,0,0,0,0,0,570,602,0,
Scan: 1027873 Run: DIA12_CV486075:20251228_A2_N1_Mueller_MS_TechHub_IMP_THIDDIAXL003_Cas9_PhoX_DIA12_CV486075_250ng_FAIMS_002 P1_KVTVK P2_KLINGIR 1 1,DIA12_CV486075:20251228_A2_N1_Mueller_MS_TechHub_IMP_THIDDIAXL003_Cas9_PhoX_DIA12_CV486075_250ng_FAIMS_002,1027873,,,0,0,-0,0,3,0,0,Q99ZW2,,,false,Q99ZW2,Q99ZW2,,false,KLINGIR,KVTVK,665,558,7,5,1,1,665,558,3,,-1,0.119866,0.119866,9.668417,false,true,false,false,Self ,0,0.000803,1.323542,,0,0,0,0,0,919,690,0,
Scan: 402447 Run: DIA12_CV486075:20251228_A2_N1_Mueller_MS_TechHub_IMP_THIDDIAXL003_Cas9_PhoX_DIA12_CV486075_250ng_FAIMS_001 P1_LKGSPEDNEQK P2_KPAFLSGEQKK 2 10,DIA12_CV486075:20251228_A2_N1_Mueller_MS_TechHub_IMP_THIDDIAXL003_Cas9_PhoX_DIA12_CV486075_250ng_FAIMS_001,402447,,,0,0,-0,0,4,0,0,Q99ZW2,,,false,Q99ZW2,Q99ZW2,,false,KPAFLSGEQKK,LKGSPEDNEQK,536,1245,11,11,10,2,545,1246,4,,-1,0.119773,0.119773,9.668183,false,true,false,false,Self ,0,0.000804,1.324704,,0,0,0,0,0,918,689,0,
Scan: 1377914 Run: DIA12_CV486075:20251228_A2_N1_Mueller_MS_TechHub_IMP_THIDDIAXL003_Cas9_PhoX_DIA12_CV486075_250ng_FAIMS_003 P1_VILADANLDKVLSAYNK P2_DKPIREQAENIIHLFTLTNLGAPAAFK 10 2,DIA12_CV486075:20251228_A2_N1_Mueller_MS_TechHub_IMP_THIDDIAXL003_Cas9_PhoX_DIA12_CV486075_250ng_FAIMS_003,1377914,,,0,0,-0,0,5,0,0,Q99ZW2,,,false,Q99ZW2,Q99ZW2,,false,DKPIREQAENIIHLFTLTNLGAPAAFK,VILADANLDKVLSAYNK,1299,1280,27,17,2,10,1300,1289,5,,-1,0.119361,0.119361,9.667155,false,true,false,false,Self ,0,0.000804,1.327033,,0,0,0,0,0,917,688,0,
Scan: 1550569 Run: DIA12_CV486075:20251228_A2_N1_Mueller_MS_TechHub_IMP_THIDDIAXL003_Cas9_PhoX_DIA12_CV486075_250ng_FAIMS_003 P1_MTNFDKNLPNEK P2_IEKILTFR 6 3,DIA12_CV486075:20251228_A2_N1_Mueller_MS_TechHub_IMP_THIDDIAXL003_Cas9_PhoX_DIA12_CV486075_250ng_FAIMS_003,1550569,,,0,0,-0,0,4,0,0,Q99ZW2,,,false,Q99ZW2,Q99ZW2,,false,IEKILTFR,MTNFDKNLPNEK,440,495,8,12,3,6,442,500,4,,-1,0.118926,0.118926,9.666066,false,true,false,false,Self ,0,0.000804,1.327617,,0,0,0,0,0,916,1287,0,
Scan: 1754817 Run: DIA12_CV486075:20251228_A2_N1_Mueller_MS_TechHub_IMP_THIDDIAXL003_Cas9_PhoX_DIA12_CV486075_250ng_FAIMS_003 P1_QLLNAKLITQR P2_KGILQTVK 6 1,DIA12_CV486075:20251228_A2_N1_Mueller_MS_TechHub_IMP_THIDDIAXL003_Cas9_PhoX_DIA12_CV486075_250ng_FAIMS_003,1754817,,,0,0,-0,0,3,0,0,Q99ZW2,,,false,Q99ZW2,Q99ZW2,,false,KGILQTVK,QLLNAKLITQR,735,885,8,11,1,6,735,890,3,,-1,0.118905,0.118905,9.666015,false,true,false,false,Self ,0,0.000804,1.327617,,0,0,0,0,0,398,1289,0,
Scan: 853421 Run: DIA12_CV486075:20251228_A2_N1_Mueller_MS_TechHub_IMP_THIDDIAXL003_Cas9_PhoX_DIA12_CV486075_250ng_FAIMS_002 P1_YKEIFFDQSK P2_DKPIR 2 2,DIA12_CV486075:20251228_A2_N1_Mueller_MS_TechHub_IMP_THIDDIAXL003_Cas9_PhoX_DIA12_CV486075_250ng_FAIMS_002,853421,,,0,0,-0,0,3,0,0,Q99ZW2,,,false,Q99ZW2,Q99ZW2,,false,DKPIR,YKEIFFDQSK,1299,347,5,10,2,2,1300,348,3,,-1,0.11886,0.11886,9.665902,false,true,false,false,Self ,0,0.000804,1.327617,,0,0,0,0,0,914,687,0,
Scan: 784580 Run: DIA12_CV486075:20251228_A2_N1_Mueller_MS_TechHub_IMP_THIDDIAXL003_Cas9_PhoX_DIA12_CV486075_250ng_FAIMS_002 P1_VLSAYNKHR P2_DKPIR 7 2,DIA12_CV486075:20251228_A2_N1_Mueller_MS_TechHub_IMP_THIDDIAXL003_Cas9_PhoX_DIA12_CV486075_250ng_FAIMS_002,784580,,,0,0,-0,0,4,0,0,Q99ZW2,,,false,Q99ZW2,Q99ZW2,,false,DKPIR,VLSAYNKHR,1299,1290,5,9,2,7,1300,1296,4,,-1,0.118842,0.118842,9.665857,false,true,false,false,Self ,0,0.000804,1.327617,,0,0,0,0,0,552,1250,0,
Scan: 1379837 Run: DIA12_CV486075:20251228_A2_N1_Mueller_MS_TechHub_IMP_THIDDIAXL003_Cas9_PhoX_DIA12_CV486075_250ng_FAIMS_003 P1_VILADANLDKVLSAYNK P2_QITKHVAQILDSR 10 4,DIA12_CV486075:20251228_A2_N1_Mueller_MS_TechHub_IMP_THIDDIAXL003_Cas9_PhoX_DIA12_CV486075_250ng_FAIMS_003,1379837,,,0,0,-0,0,4,0,0,Q99ZW2,,,false,Q99ZW2,Q99ZW2,,false,QITKHVAQILDSR,VILADANLDKVLSAYNK,926,1280,13,17,4,10,929,1289,4,,-1,0.1185,0.1185,9.665002,false,true,false,false,Self ,0,0.000805,1.32937,,0,0,0,0,0,912,686,0,
Scan: 1567752 Run: DIA12_CV486075:20251228_A2_N1_Mueller_MS_TechHub_IMP_THIDDIAXL003_Cas9_PhoX_DIA12_CV486075_250ng_FAIMS_003 P1_KPAFLSGEQK P2_HSLLYEYFTVYNELTKVKYVTEGMR 1 16,DIA12_CV486075:20251228_A2_N1_Mueller_MS_TechHub_IMP_THIDDIAXL003_Cas9_PhoX_DIA12_CV486075_250ng_FAIMS_003,1567752,,,0,0,-0,0,5,0,0,Q99ZW2,,,false,Q99ZW2,Q99ZW2,,false,HSLLYEYFTVYNELTKVKYVTEGMR,KPAFLSGEQK,511,536,25,10,16,1,526,536,5,,-1,0.118295,0.118295,9.66449,false,true,false,false,Self ,0,0.000805,1.330542,,0,0,0,0,0,911,685,0,
Scan: 1782815 Run: DIA12_CV486075:20251228_A2_N1_Mueller_MS_TechHub_IMP_THIDDIAXL003_Cas9_PhoX_DIA12_CV486075_250ng_FAIMS_003 P1_SKLVSDFR P2_NSDKLIAR 2 4,DIA12_CV486075:20251228_A2_N1_Mueller_MS_TechHub_IMP_THIDDIAXL003_Cas9_PhoX_DIA12_CV486075_250ng_FAIMS_003,1782815,,,0,0,-0,0,3,0,0,Q99ZW2,,,false,Q99ZW2,Q99ZW2,,false,NSDKLIAR,SKLVSDFR,1115,960,8,8,4,2,1118,961,3,,-1,0.117933,0.117933,9.663584,false,true,false,false,Self ,0,0.000805,1.331129,,0,0,0,0,0,910,684,0,
Scan: 701122 Run: DIA12_CV486075:20251228_A2_N1_Mueller_MS_TechHub_IMP_THIDDIAXL003_Cas9_PhoX_DIA12_CV486075_250ng_FAIMS_002 P1_KYGGFDSPTVAYSVLVVAK P2_ESILPKR 1 6,DIA12_CV486075:20251228_A2_N1_Mueller_MS_TechHub_IMP_THIDDIAXL003_Cas9_PhoX_DIA12_CV486075_250ng_FAIMS_002,701122,,,0,0,-0,0,4,0,0,Q99ZW2,,,false,Q99ZW2,Q99ZW2,,false,ESILPKR,KYGGFDSPTVAYSVLVVAK,1108,1130,7,19,6,1,1113,1130,4,,-1,0.117755,0.117755,9.663138,false,true,false,false,Self ,0,0.000805,1.331716,,0,0,0,0,0,909,1360,0,
Scan: 227985 Run: DIA12_CV486075:20251228_A2_N1_Mueller_MS_TechHub_IMP_THIDDIAXL003_Cas9_PhoX_DIA12_CV486075_250ng_FAIMS_001 P1_SNFDLAEDAKLQLSK P2_KVTVK 10 1,DIA12_CV486075:20251228_A2_N1_Mueller_MS_TechHub_IMP_THIDDIAXL003_Cas9_PhoX_DIA12_CV486075_250ng_FAIMS_001,227985,,,0,0,-0,0,3,0,0,Q99ZW2,,,false,Q99ZW2,Q99ZW2,,false,KVTVK,SNFDLAEDAKLQLSK,558,254,5,15,1,10,558,263,3,,-1,0.117564,0.117564,9.66266,false,true,false,false,Self ,0,0.000805,1.332892,,0,0,0,0,0,908,683,0,
Scan: 1399539 Run: DIA12_CV486075:20251228_A2_N1_Mueller_MS_TechHub_IMP_THIDDIAXL003_Cas9_PhoX_DIA12_CV486075_250ng_FAIMS_003 P1_KLVDSTDK P2_DDSIDNKVLTR 1 7,DIA12_CV486075:20251228_A2_N1_Mueller_MS_TechHub_IMP_THIDDIAXL003_Cas9_PhoX_DIA12_CV486075_250ng_FAIMS_003,1399539,,,0,0,-0,0,3,0,0,Q99ZW2,,,false,Q99ZW2,Q99ZW2,,false,DDSIDNKVLTR,KLVDSTDK,849,141,11,8,7,1,855,141,3,,-1,0.117394,0.117394,9.662235,false,true,false,false,Self ,0,0.000806,1.33407,,0,0,0,0,0,907,682,0,
Scan: 510316 Run: DIA12_CV486075:20251228_A2_N1_Mueller_MS_TechHub_IMP_THIDDIAXL003_Cas9_PhoX_DIA12_CV486075_250ng_FAIMS_001 P1_KGILQTVK P2_ENQTTQKGQK 1 7,DIA12_CV486075:20251228_A2_N1_Mueller_MS_TechHub_IMP_THIDDIAXL003_Cas9_PhoX_DIA12_CV486075_250ng_FAIMS_001,510316,,,0,0,-0,0,3,0,0,Q99ZW2,,,false,Q99ZW2,Q99ZW2,,false,ENQTTQKGQK,KGILQTVK,766,735,10,8,7,1,772,735,3,,-1,0.11719,0.11719,9.661727,false,true,false,false,Self ,0,0.000806,1.33407,,0,0,0,0,0,906,681,0,
Scan: 377437 Run: DIA12_CV486075:20251228_A2_N1_Mueller_MS_TechHub_IMP_THIDDIAXL003_Cas9_PhoX_DIA12_CV486075_250ng_FAIMS_001 P1_RPLIETNGETGEIVWDKGR P2_KPAFLSGEQK 17 1,DIA12_CV486075:20251228_A2_N1_Mueller_MS_TechHub_IMP_THIDDIAXL003_Cas9_PhoX_DIA12_CV486075_250ng_FAIMS_001,377437,,,0,0,-0,0,4,0,0,Q99ZW2,,,false,Q99ZW2,Q99ZW2,,false,KPAFLSGEQK,RPLIETNGETGEIVWDKGR,536,1060,10,19,1,17,536,1076,4,,-1,0.117076,0.117076,9.661442,false,true,false,false,Self ,0,0.000806,1.33407,,0,0,0,0,0,905,680,0,
Scan: 1409435 Run: DIA12_CV486075:20251228_A2_N1_Mueller_MS_TechHub_IMP_THIDDIAXL003_Cas9_PhoX_DIA12_CV486075_250ng_FAIMS_003 P1_YKEIFFDQSK P2_LENLIAQLPGEKK 2 12,DIA12_CV486075:20251228_A2_N1_Mueller_MS_TechHub_IMP_THIDDIAXL003_Cas9_PhoX_DIA12_CV486075_250ng_FAIMS_003,1409435,,,0,0,-0,0,4,0,0,Q99ZW2,,,false,Q99ZW2,Q99ZW2,,false,LENLIAQLPGEKK,YKEIFFDQSK,222,347,13,10,12,2,233,348,4,,-1,0.117002,0.117002,9.661255,false,true,false,false,Self ,0,0.000806,1.33407,,0,0,0,0,0,904,167,0,
Scan: 1231828 Run: DIA12_CV486075:20251228_A2_N1_Mueller_MS_TechHub_IMP_THIDDIAXL003_Cas9_PhoX_DIA12_CV486075_250ng_FAIMS_003 P1_KTEVQTGGFSK P2_KDLIIK 1 1,DIA12_CV486075:20251228_A2_N1_Mueller_MS_TechHub_IMP_THIDDIAXL003_Cas9_PhoX_DIA12_CV486075_250ng_FAIMS_003,1231828,,,0,0,-0,0,3,0,0,Q99ZW2,,,false,Q99ZW2,Q99ZW2,,false,KDLIIK,KTEVQTGGFSK,1192,1097,6,11,1,1,1192,1097,3,,-1,0.116727,0.116727,9.66057,false,true,false,false,Self ,0,0.000806,1.335841,,0,0,0,0,0,903,678,0,
Scan: 594574 Run: DIA12_CV486075:20251228_A2_N1_Mueller_MS_TechHub_IMP_THIDDIAXL003_Cas9_PhoX_DIA12_CV486075_250ng_FAIMS_001 P1_KDFQFYK P2_IEEGIKELGSQILK 1 6,DIA12_CV486075:20251228_A2_N1_Mueller_MS_TechHub_IMP_THIDDIAXL003_Cas9_PhoX_DIA12_CV486075_250ng_FAIMS_001,594574,,,0,0,-0,0,4,0,0,Q99ZW2,,,false,Q99ZW2,Q99ZW2,,false,IEEGIKELGSQILK,KDFQFYK,784,968,14,7,6,1,789,968,4,,-1,0.116696,0.116696,9.660491,false,true,false,false,Self ,0,0.000806,1.335841,,0,0,0,0,0,902,677,0,
Scan: 303085 Run: DIA12_CV486075:20251228_A2_N1_Mueller_MS_TechHub_IMP_THIDDIAXL003_Cas9_PhoX_DIA12_CV486075_250ng_FAIMS_001 P1_KSEETITPWNFEEVVDK P2_DLIIKLPK 1 5,DIA12_CV486075:20251228_A2_N1_Mueller_MS_TechHub_IMP_THIDDIAXL003_Cas9_PhoX_DIA12_CV486075_250ng_FAIMS_001,303085,,,0,0,-0,0,4,0,0,Q99ZW2,,,false,Q99ZW2,Q99ZW2,,false,DLIIKLPK,KSEETITPWNFEEVVDK,1193,468,8,17,5,1,1197,468,4,,-1,0.116398,0.116398,9.659747,false,true,false,false,Self ,0,0.000806,1.336432,,0,0,0,0,0,575,886,0,
Scan: 1677200 Run: DIA12_CV486075:20251228_A2_N1_Mueller_MS_TechHub_IMP_THIDDIAXL003_Cas9_PhoX_DIA12_CV486075_250ng_FAIMS_003 P1_GILQTVKVVDELVK P2_AQVSGQGDSLHEHIANLAGSPAIKK 7 24,DIA12_CV486075:20251228_A2_N1_Mueller_MS_TechHub_IMP_THIDDIAXL003_Cas9_PhoX_DIA12_CV486075_250ng_FAIMS_003,1677200,,,0,0,-0,0,5,0,0,Q99ZW2,,,false,Q99ZW2,Q99ZW2,,false,AQVSGQGDSLHEHIANLAGSPAIKK,GILQTVKVVDELVK,711,736,25,14,24,7,734,742,5,,-1,0.116319,0.116319,9.65955,false,true,false,false,Self ,0,0.000806,1.336432,,0,0,0,0,0,900,676,0,
Scan: 88463 Run: DIA12_CV486075:20251228_A2_N1_Mueller_MS_TechHub_IMP_THIDDIAXL003_Cas9_PhoX_DIA12_CV486075_250ng_FAIMS_001 P1_NSDKLIAR P2_EKIEKILTFR 4 5,DIA12_CV486075:20251228_A2_N1_Mueller_MS_TechHub_IMP_THIDDIAXL003_Cas9_PhoX_DIA12_CV486075_250ng_FAIMS_001,88463,,,0,0,-0,0,3,0,0,Q99ZW2,,,false,Q99ZW2,Q99ZW2,,false,EKIEKILTFR,NSDKLIAR,438,1115,10,8,5,4,442,1118,3,,-1,0.116114,0.116114,9.659037,false,true,false,false,Self ,0,0.000807,1.337024,,0,0,0,0,0,156,1273,0,
Scan: 549641 Run: DIA12_CV486075:20251228_A2_N1_Mueller_MS_TechHub_IMP_THIDDIAXL003_Cas9_PhoX_DIA12_CV486075_250ng_FAIMS_001 P1_SKLVSDFR P2_GKSDNVPSEEVVK 2 2,DIA12_CV486075:20251228_A2_N1_Mueller_MS_TechHub_IMP_THIDDIAXL003_Cas9_PhoX_DIA12_CV486075_250ng_FAIMS_001,549641,,,0,0,-0,0,3,0,0,Q99ZW2,,,false,Q99ZW2,Q99ZW2,,false,GKSDNVPSEEVVK,SKLVSDFR,865,960,13,8,2,2,866,961,3,,-1,0.116057,0.116057,9.658894,false,true,false,false,Self ,0,0.000807,1.337616,,0,0,0,0,0,773,1316,0,
Scan: 1782500 Run: DIA12_CV486075:20251228_A2_N1_Mueller_MS_TechHub_IMP_THIDDIAXL003_Cas9_PhoX_DIA12_CV486075_250ng_FAIMS_003 P1_SKLVSDFR P2_KYPKLESEFVYGDYK 2 4,DIA12_CV486075:20251228_A2_N1_Mueller_MS_TechHub_IMP_THIDDIAXL003_Cas9_PhoX_DIA12_CV486075_250ng_FAIMS_003,1782500,,,0,0,-0,0,4,0,0,Q99ZW2,,,false,Q99ZW2,Q99ZW2,,false,KYPKLESEFVYGDYK,SKLVSDFR,1000,960,15,8,4,2,1003,961,4,,-1,0.115891,0.115891,9.658478,false,true,false,false,Self ,0,0.000807,1.337616,,0,0,0,0,0,897,675,0,
Scan: 559325 Run: DIA12_CV486075:20251228_A2_N1_Mueller_MS_TechHub_IMP_THIDDIAXL003_Cas9_PhoX_DIA12_CV486075_250ng_FAIMS_001 P1_YKEIFFDQSK P2_QLLNAKLITQR 2 6,DIA12_CV486075:20251228_A2_N1_Mueller_MS_TechHub_IMP_THIDDIAXL003_Cas9_PhoX_DIA12_CV486075_250ng_FAIMS_001,559325,,,0,0,-0,0,3,0,0,Q99ZW2,,,false,Q99ZW2,Q99ZW2,,false,QLLNAKLITQR,YKEIFFDQSK,885,347,11,10,6,2,890,348,3,,-1,0.115804,0.115804,9.658261,false,true,false,false,Self ,0,0.000807,1.337616,,0,0,0,0,0,896,674,0,
Scan: 1449654 Run: DIA12_CV486075:20251228_A2_N1_Mueller_MS_TechHub_IMP_THIDDIAXL003_Cas9_PhoX_DIA12_CV486075_250ng_FAIMS_003 P1_YKEIFFDQSK P2_KKDWDPK 2 1,DIA12_CV486075:20251228_A2_N1_Mueller_MS_TechHub_IMP_THIDDIAXL003_Cas9_PhoX_DIA12_CV486075_250ng_FAIMS_003,1449654,,,0,0,-0,0,4,0,0,Q99ZW2,,,false,Q99ZW2,Q99ZW2,,false,KKDWDPK,YKEIFFDQSK,1123,347,7,10,1,2,1123,348,4,,-1,0.11561,0.11561,9.657777,false,true,false,false,Self ,0,0.000807,1.337616,,0,0,0,0,0,895,1428,0,
Scan: 851035 Run: DIA12_CV486075:20251228_A2_N1_Mueller_MS_TechHub_IMP_THIDDIAXL003_Cas9_PhoX_DIA12_CV486075_250ng_FAIMS_002 P1_YKEIFFDQSK P2_KMIAK 2 1,DIA12_CV486075:20251228_A2_N1_Mueller_MS_TechHub_IMP_THIDDIAXL003_Cas9_PhoX_DIA12_CV486075_250ng_FAIMS_002,851035,,,0,0,-0,0,3,0,0,Q99ZW2,,,false,Q99ZW2,Q99ZW2,,false,KMIAK,YKEIFFDQSK,1020,347,5,10,1,2,1020,348,3,,-1,0.11555,0.11555,9.657626,false,true,false,false,Self ,0,0.000807,1.337616,,0,0,0,0,0,894,673,0,
Scan: 1575389 Run: DIA12_CV486075:20251228_A2_N1_Mueller_MS_TechHub_IMP_THIDDIAXL003_Cas9_PhoX_DIA12_CV486075_250ng_FAIMS_003 P1_KPAFLSGEQK P2_KLVDSTDK 1 1,DIA12_CV486075:20251228_A2_N1_Mueller_MS_TechHub_IMP_THIDDIAXL003_Cas9_PhoX_DIA12_CV486075_250ng_FAIMS_003,1575389,,,0,0,-0,0,4,0,0,Q99ZW2,,,false,Q99ZW2,Q99ZW2,,false,KLVDSTDK,KPAFLSGEQK,141,536,8,10,1,1,141,536,4,,-1,0.115538,0.115538,9.657597,false,true,false,false,Self ,0,0.000807,1.337616,,0,0,0,0,0,893,1396,0,
Scan: 1739423 Run: DIA12_CV486075:20251228_A2_N1_Mueller_MS_TechHub_IMP_THIDDIAXL003_Cas9_PhoX_DIA12_CV486075_250ng_FAIMS_003 P1_RPLIETNGETGEIVWDKGR P2_GKSDNVPSEEVVK 17 2,DIA12_CV486075:20251228_A2_N1_Mueller_MS_TechHub_IMP_THIDDIAXL003_Cas9_PhoX_DIA12_CV486075_250ng_FAIMS_003,1739423,,,0,0,-0,0,4,0,0,Q99ZW2,,,false,Q99ZW2,Q99ZW2,,false,GKSDNVPSEEVVK,RPLIETNGETGEIVWDKGR,865,1060,13,19,2,17,866,1076,4,,-1,0.115513,0.115513,9.657534,false,true,false,false,Self ,0,0.000807,1.337616,,0,0,0,0,0,892,672,0,
Scan: 1657105 Run: DIA12_CV486075:20251228_A2_N1_Mueller_MS_TechHub_IMP_THIDDIAXL003_Cas9_PhoX_DIA12_CV486075_250ng_FAIMS_003 P1_TILDFLKSDGFANR P2_EDIQKAQVSGQGDSLHEHIANLAGSPAIK 7 5,DIA12_CV486075:20251228_A2_N1_Mueller_MS_TechHub_IMP_THIDDIAXL003_Cas9_PhoX_DIA12_CV486075_250ng_FAIMS_003,1657105,,,0,0,-0,0,5,0,0,Q99ZW2,,,false,Q99ZW2,Q99ZW2,,false,EDIQKAQVSGQGDSLHEHIANLAGSPAIK,TILDFLKSDGFANR,706,678,29,14,5,7,710,684,5,,-1,0.115196,0.115196,9.656742,false,true,false,false,Self ,0,0.000807,1.337616,,0,0,0,0,0,891,671,0,
Scan: 639316 Run: DIA12_CV486075:20251228_A2_N1_Mueller_MS_TechHub_IMP_THIDDIAXL003_Cas9_PhoX_DIA12_CV486075_250ng_FAIMS_002 P1_YDENDKLIR P2_KTEVQTGGFSK 6 1,DIA12_CV486075:20251228_A2_N1_Mueller_MS_TechHub_IMP_THIDDIAXL003_Cas9_PhoX_DIA12_CV486075_250ng_FAIMS_002,639316,,,0,0,-0,0,3,0,0,Q99ZW2,,,false,Q99ZW2,Q99ZW2,,false,KTEVQTGGFSK,YDENDKLIR,1097,943,11,9,1,6,1097,948,3,,-1,0.115112,0.115112,9.656532,false,true,false,false,Self ,0,0.000808,1.337616,,0,0,0,0,0,890,670,0,
Scan: 1291137 Run: DIA12_CV486075:20251228_A2_N1_Mueller_MS_TechHub_IMP_THIDDIAXL003_Cas9_PhoX_DIA12_CV486075_250ng_FAIMS_003 P1_KKDWDPK P2_ENQTTQKGQK 1 7,DIA12_CV486075:20251228_A2_N1_Mueller_MS_TechHub_IMP_THIDDIAXL003_Cas9_PhoX_DIA12_CV486075_250ng_FAIMS_003,1291137,,,0,0,-0,0,3,0,0,Q99ZW2,,,false,Q99ZW2,Q99ZW2,,false,ENQTTQKGQK,KKDWDPK,766,1123,10,7,7,1,772,1123,3,,-1,0.114965,0.114965,9.656163,false,true,false,false,Self ,0,0.000808,1.338209,,0,0,0,0,0,889,669,0,
Scan: 290177 Run: DIA12_CV486075:20251228_A2_N1_Mueller_MS_TechHub_IMP_THIDDIAXL003_Cas9_PhoX_DIA12_CV486075_250ng_FAIMS_001 P1_QEDFYPFLKDNR P2_KDFQFYK 9 1,DIA12_CV486075:20251228_A2_N1_Mueller_MS_TechHub_IMP_THIDDIAXL003_Cas9_PhoX_DIA12_CV486075_250ng_FAIMS_001,290177,,,0,0,-0,0,4,0,0,Q99ZW2,,,false,Q99ZW2,Q99ZW2,,false,KDFQFYK,QEDFYPFLKDNR,968,426,7,12,1,9,968,434,4,,-1,0.114864,0.114864,9.655912,false,true,false,false,Self ,0,0.000808,1.338209,,0,0,0,0,0,888,668,0,
Scan: 1754048 Run: DIA12_CV486075:20251228_A2_N1_Mueller_MS_TechHub_IMP_THIDDIAXL003_Cas9_PhoX_DIA12_CV486075_250ng_FAIMS_003 P1_SSFEKNPIDFLEAK P2_QLLNAKLITQR 5 6,DIA12_CV486075:20251228_A2_N1_Mueller_MS_TechHub_IMP_THIDDIAXL003_Cas9_PhoX_DIA12_CV486075_250ng_FAIMS_003,1754048,,,0,0,-0,0,4,0,0,Q99ZW2,,,false,Q99ZW2,Q99ZW2,,false,QLLNAKLITQR,SSFEKNPIDFLEAK,885,1172,11,14,6,5,890,1176,4,,-1,0.114383,0.114383,9.654709,false,true,false,false,Self ,0,0.000808,1.338803,,0,0,0,0,0,887,667,0,
Scan: 1393056 Run: DIA12_CV486075:20251228_A2_N1_Mueller_MS_TechHub_IMP_THIDDIAXL003_Cas9_PhoX_DIA12_CV486075_250ng_FAIMS_003 P1_YTSTKEVLDATLIHQSITGLYETR P2_GSPEDNEQKQLFVEQHK 5 9,DIA12_CV486075:20251228_A2_N1_Mueller_MS_TechHub_IMP_THIDDIAXL003_Cas9_PhoX_DIA12_CV486075_250ng_FAIMS_003,1393056,,,0,0,-0,0,5,0,0,Q99ZW2,,,false,Q99ZW2,Q99ZW2,,false,GSPEDNEQKQLFVEQHK,YTSTKEVLDATLIHQSITGLYETR,1247,1336,17,24,9,5,1255,1340,5,,-1,0.11416,0.11416,9.65415,false,true,false,false,Self ,0,0.000808,1.339991,,0,0,0,0,0,886,666,0,
Scan: 1544962 Run: DIA12_CV486075:20251228_A2_N1_Mueller_MS_TechHub_IMP_THIDDIAXL003_Cas9_PhoX_DIA12_CV486075_250ng_FAIMS_003 P1_SEETITPWNFEEVVDKGASAQSFIER P2_KGILQTVK 16 1,DIA12_CV486075:20251228_A2_N1_Mueller_MS_TechHub_IMP_THIDDIAXL003_Cas9_PhoX_DIA12_CV486075_250ng_FAIMS_003,1544962,,,0,0,-0,0,4,0,0,Q99ZW2,,,false,Q99ZW2,Q99ZW2,,false,KGILQTVK,SEETITPWNFEEVVDKGASAQSFIER,735,469,8,26,1,16,735,484,4,,-1,0.113919,0.113919,9.653547,false,true,false,false,Self ,0,0.000809,1.339991,,0,0,0,0,0,885,665,0,
Scan: 1741018 Run: DIA12_CV486075:20251228_A2_N1_Mueller_MS_TechHub_IMP_THIDDIAXL003_Cas9_PhoX_DIA12_CV486075_250ng_FAIMS_003 P1_KSEETITPWNFEEVVDK P2_GKSDNVPSEEVVK 1 2,DIA12_CV486075:20251228_A2_N1_Mueller_MS_TechHub_IMP_THIDDIAXL003_Cas9_PhoX_DIA12_CV486075_250ng_FAIMS_003,1741018,,,0,0,-0,0,4,0,0,Q99ZW2,,,false,Q99ZW2,Q99ZW2,,false,GKSDNVPSEEVVK,KSEETITPWNFEEVVDK,865,468,13,17,2,1,866,468,4,,-1,0.113693,0.113693,9.652983,false,true,false,false,Self ,0,0.000809,1.341182,,0,0,0,0,0,884,664,0,
Scan: 546443 Run: DIA12_CV486075:20251228_A2_N1_Mueller_MS_TechHub_IMP_THIDDIAXL003_Cas9_PhoX_DIA12_CV486075_250ng_FAIMS_001 P1_VKYVTEGMR P2_GKSDNVPSEEVVK 2 2,DIA12_CV486075:20251228_A2_N1_Mueller_MS_TechHub_IMP_THIDDIAXL003_Cas9_PhoX_DIA12_CV486075_250ng_FAIMS_001,546443,,,0,0,-0,0,3,0,0,Q99ZW2,,,false,Q99ZW2,Q99ZW2,,false,GKSDNVPSEEVVK,VKYVTEGMR,865,527,13,9,2,2,866,528,3,,-1,0.113654,0.113654,9.652887,false,true,false,false,Self ,0,0.000809,1.341182,,0,0,0,0,0,883,663,0,
Scan: 85465 Run: DIA12_CV486075:20251228_A2_N1_Mueller_MS_TechHub_IMP_THIDDIAXL003_Cas9_PhoX_DIA12_CV486075_250ng_FAIMS_001 P1_SSFEKNPIDFLEAK P2_RNSDKLIAR 5 5,DIA12_CV486075:20251228_A2_N1_Mueller_MS_TechHub_IMP_THIDDIAXL003_Cas9_PhoX_DIA12_CV486075_250ng_FAIMS_001,85465,,,0,0,-0,0,3,0,0,Q99ZW2,,,false,Q99ZW2,Q99ZW2,,false,RNSDKLIAR,SSFEKNPIDFLEAK,1114,1172,9,14,5,5,1118,1176,3,,-1,0.113355,0.113355,9.65214,false,true,false,false,Self ,0,0.000809,1.342374,,0,0,0,0,0,709,1307,0,
Scan: 1718598 Run: DIA12_CV486075:20251228_A2_N1_Mueller_MS_TechHub_IMP_THIDDIAXL003_Cas9_PhoX_DIA12_CV486075_250ng_FAIMS_003 P1_KPAFLSGEQK P2_ELGSQILKEHPVENTQLQNEK 1 8,DIA12_CV486075:20251228_A2_N1_Mueller_MS_TechHub_IMP_THIDDIAXL003_Cas9_PhoX_DIA12_CV486075_250ng_FAIMS_003,1718598,,,0,0,-0,0,5,0,0,Q99ZW2,,,false,Q99ZW2,Q99ZW2,,false,ELGSQILKEHPVENTQLQNEK,KPAFLSGEQK,790,536,21,10,8,1,797,536,5,,-1,0.113185,0.113185,9.651713,false,true,false,false,Self ,0,0.000809,1.342374,,0,0,0,0,0,881,1552,0,
Scan: 879455 Run: DIA12_CV486075:20251228_A2_N1_Mueller_MS_TechHub_IMP_THIDDIAXL003_Cas9_PhoX_DIA12_CV486075_250ng_FAIMS_002 P1_QQLPEKYK P2_FIKPILEKMDGTEELLVK 6 8,DIA12_CV486075:20251228_A2_N1_Mueller_MS_TechHub_IMP_THIDDIAXL003_Cas9_PhoX_DIA12_CV486075_250ng_FAIMS_002,879455,,,0,0,-0,0,4,0,0,Q99ZW2,,,false,Q99ZW2,Q99ZW2,,false,FIKPILEKMDGTEELLVK,QQLPEKYK,375,341,18,8,8,6,382,346,4,,-1,0.11318,0.11318,9.651702,false,true,false,false,Self ,0,0.000809,1.342374,,0,0,0,0,0,880,662,0,
Scan: 898452 Run: DIA12_CV486075:20251228_A2_N1_Mueller_MS_TechHub_IMP_THIDDIAXL003_Cas9_PhoX_DIA12_CV486075_250ng_FAIMS_002 P1_RNSDKLIAR P2_KSEETITPWNFEEVVDK 5 1,DIA12_CV486075:20251228_A2_N1_Mueller_MS_TechHub_IMP_THIDDIAXL003_Cas9_PhoX_DIA12_CV486075_250ng_FAIMS_002,898452,,,0,0,-0,0,4,0,0,Q99ZW2,,,false,Q99ZW2,Q99ZW2,,false,KSEETITPWNFEEVVDK,RNSDKLIAR,468,1114,17,9,1,5,468,1118,4,,-1,0.113009,0.113009,9.651274,false,true,false,false,Self ,0,0.000809,1.342374,,0,0,0,0,0,879,661,0,
Scan: 194857 Run: DIA12_CV486075:20251228_A2_N1_Mueller_MS_TechHub_IMP_THIDDIAXL003_Cas9_PhoX_DIA12_CV486075_250ng_FAIMS_001 P1_KKDWDPK P2_EQAENIIHLFTLTNLGAPAAFKYFDTTIDR 1 22,DIA12_CV486075:20251228_A2_N1_Mueller_MS_TechHub_IMP_THIDDIAXL003_Cas9_PhoX_DIA12_CV486075_250ng_FAIMS_001,194857,,,0,0,-0,0,5,0,0,Q99ZW2,,,false,Q99ZW2,Q99ZW2,,false,EQAENIIHLFTLTNLGAPAAFKYFDTTIDR,KKDWDPK,1304,1123,30,7,22,1,1325,1123,5,,-1,0.11278,0.11278,9.650701,false,true,false,false,Self ,0,0.000809,1.342374,,0,0,0,0,0,878,660,0,
Scan: 617987 Run: DIA12_CV486075:20251228_A2_N1_Mueller_MS_TechHub_IMP_THIDDIAXL003_Cas9_PhoX_DIA12_CV486075_250ng_FAIMS_002 P1_KRPLIETNGETGEIVWDK P2_KRPLIETNGETGEIVWDK 1 1,DIA12_CV486075:20251228_A2_N1_Mueller_MS_TechHub_IMP_THIDDIAXL003_Cas9_PhoX_DIA12_CV486075_250ng_FAIMS_002,617987,,,0,0,-0,0,5,0,0,Q99ZW2,,,false,Q99ZW2,Q99ZW2,,false,KRPLIETNGETGEIVWDK,KRPLIETNGETGEIVWDK,1059,1059,18,18,1,1,1059,1059,5,,-1,0.112746,0.112746,9.650617,false,true,false,false,Self ,0,0.00081,1.342972,,0,0,0,0,0,278,1278,0,
Scan: 548732 Run: DIA12_CV486075:20251228_A2_N1_Mueller_MS_TechHub_IMP_THIDDIAXL003_Cas9_PhoX_DIA12_CV486075_250ng_FAIMS_001 P1_GKSDNVPSEEVVK P2_GKSDNVPSEEVVK 2 2,DIA12_CV486075:20251228_A2_N1_Mueller_MS_TechHub_IMP_THIDDIAXL003_Cas9_PhoX_DIA12_CV486075_250ng_FAIMS_001,548732,,,0,0,-0,0,3,0,0,Q99ZW2,,,false,Q99ZW2,Q99ZW2,,false,GKSDNVPSEEVVK,GKSDNVPSEEVVK,865,865,13,13,2,2,866,866,3,,-1,0.112737,0.112737,9.650593,false,true,false,false,Self ,0,0.00081,1.342972,,0,0,0,0,0,876,659,0,
Scan: 1719575 Run: DIA12_CV486075:20251228_A2_N1_Mueller_MS_TechHub_IMP_THIDDIAXL003_Cas9_PhoX_DIA12_CV486075_250ng_FAIMS_003 P1_QSGKTILDFLK P2_ELGSQILKEHPVENTQLQNEK 4 8,DIA12_CV486075:20251228_A2_N1_Mueller_MS_TechHub_IMP_THIDDIAXL003_Cas9_PhoX_DIA12_CV486075_250ng_FAIMS_003,1719575,,,0,0,-0,0,4,0,0,Q99ZW2,,,false,Q99ZW2,Q99ZW2,,false,ELGSQILKEHPVENTQLQNEK,QSGKTILDFLK,790,674,21,11,8,4,797,677,4,,-1,0.112192,0.112192,9.649231,false,true,false,false,Self ,0,0.00081,1.345365,,0,0,0,0,0,875,658,0,
Scan: 259692 Run: DIA12_CV486075:20251228_A2_N1_Mueller_MS_TechHub_IMP_THIDDIAXL003_Cas9_PhoX_DIA12_CV486075_250ng_FAIMS_001 P1_YKEIFFDQSK P2_KVTVK 2 1,DIA12_CV486075:20251228_A2_N1_Mueller_MS_TechHub_IMP_THIDDIAXL003_Cas9_PhoX_DIA12_CV486075_250ng_FAIMS_001,259692,,,0,0,-0,0,4,0,0,Q99ZW2,,,false,Q99ZW2,Q99ZW2,,false,KVTVK,YKEIFFDQSK,558,347,5,10,1,2,558,348,4,,-1,0.112177,0.112177,9.649193,false,true,false,false,Self ,0,0.00081,1.345365,,0,0,0,0,0,874,657,0,
Scan: 546917 Run: DIA12_CV486075:20251228_A2_N1_Mueller_MS_TechHub_IMP_THIDDIAXL003_Cas9_PhoX_DIA12_CV486075_250ng_FAIMS_001 P1_QLKEDYFK P2_GKSDNVPSEEVVK 3 2,DIA12_CV486075:20251228_A2_N1_Mueller_MS_TechHub_IMP_THIDDIAXL003_Cas9_PhoX_DIA12_CV486075_250ng_FAIMS_001,546917,,,0,0,-0,0,3,0,0,Q99ZW2,,,false,Q99ZW2,Q99ZW2,,false,GKSDNVPSEEVVK,QLKEDYFK,865,563,13,8,2,3,866,565,3,,-1,0.111344,0.111344,9.64711,false,true,false,false,Self ,0,0.000811,1.345965,,0,0,0,0,0,873,656,0,
Scan: 541672 Run: DIA12_CV486075:20251228_A2_N1_Mueller_MS_TechHub_IMP_THIDDIAXL003_Cas9_PhoX_DIA12_CV486075_250ng_FAIMS_001 P1_KLINGIR P2_DDSIDNKVLTR 1 7,DIA12_CV486075:20251228_A2_N1_Mueller_MS_TechHub_IMP_THIDDIAXL003_Cas9_PhoX_DIA12_CV486075_250ng_FAIMS_001,541672,,,0,0,-0,0,3,0,0,Q99ZW2,,,false,Q99ZW2,Q99ZW2,,false,DDSIDNKVLTR,KLINGIR,849,665,11,7,7,1,855,665,3,,-1,0.111234,0.111234,9.646836,false,true,false,false,Self ,0,0.000811,1.346566,,0,0,0,0,0,872,655,0,
Scan: 1330370 Run: DIA12_CV486075:20251228_A2_N1_Mueller_MS_TechHub_IMP_THIDDIAXL003_Cas9_PhoX_DIA12_CV486075_250ng_FAIMS_003 P1_KDLIIK P2_EVKKDLIIK 1 3,DIA12_CV486075:20251228_A2_N1_Mueller_MS_TechHub_IMP_THIDDIAXL003_Cas9_PhoX_DIA12_CV486075_250ng_FAIMS_003,1330370,,,0,0,-0,0,3,0,0,Q99ZW2,,,false,Q99ZW2,Q99ZW2,,false,EVKKDLIIK,KDLIIK,1189,1192,9,6,3,1,1191,1192,3,,-1,0.110649,0.110649,9.645374,false,true,false,false,Self ,0,0.000811,1.346566,,0,0,0,0,0,871,654,0,
Scan: 1700177 Run: DIA12_CV486075:20251228_A2_N1_Mueller_MS_TechHub_IMP_THIDDIAXL003_Cas9_PhoX_DIA12_CV486075_250ng_FAIMS_003 P1_MNTKYDENDK P2_HKPENIVIEMAR 4 2,DIA12_CV486075:20251228_A2_N1_Mueller_MS_TechHub_IMP_THIDDIAXL003_Cas9_PhoX_DIA12_CV486075_250ng_FAIMS_003,1700177,,,0,0,-0,0,3,0,0,Q99ZW2,,,false,Q99ZW2,Q99ZW2,,false,HKPENIVIEMAR,MNTKYDENDK,754,939,12,10,2,4,755,942,3,,-1,0.1103,0.1103,9.6445,false,true,false,false,Self ,0,0.000812,1.347768,,0,0,0,0,0,870,653,0,
Scan: 254910 Run: DIA12_CV486075:20251228_A2_N1_Mueller_MS_TechHub_IMP_THIDDIAXL003_Cas9_PhoX_DIA12_CV486075_250ng_FAIMS_001 P1_YKEIFFDQSK P2_KKDWDPK 2 2,DIA12_CV486075:20251228_A2_N1_Mueller_MS_TechHub_IMP_THIDDIAXL003_Cas9_PhoX_DIA12_CV486075_250ng_FAIMS_001,254910,,,0,0,-0,0,3,0,0,Q99ZW2,,,false,Q99ZW2,Q99ZW2,,false,KKDWDPK,YKEIFFDQSK,1123,347,7,10,2,2,1124,348,3,,-1,0.110095,0.110095,9.643988,false,true,false,false,Self ,0,0.000812,1.347768,,0,0,0,0,0,869,652,0,
Scan: 1224762 Run: DIA12_CV486075:20251228_A2_N1_Mueller_MS_TechHub_IMP_THIDDIAXL003_Cas9_PhoX_DIA12_CV486075_250ng_FAIMS_003 P1_SEQEIGKATAK P2_RPLIETNGETGEIVWDKGR 7 17,DIA12_CV486075:20251228_A2_N1_Mueller_MS_TechHub_IMP_THIDDIAXL003_Cas9_PhoX_DIA12_CV486075_250ng_FAIMS_003,1224762,,,0,0,-0,0,4,0,0,Q99ZW2,,,false,Q99ZW2,Q99ZW2,,false,RPLIETNGETGEIVWDKGR,SEQEIGKATAK,1060,1025,19,11,17,7,1076,1031,4,,-1,0.110031,0.110031,9.643829,false,true,false,false,Self ,0,0.000812,1.34837,,0,0,0,0,0,868,651,0,
Scan: 163146 Run: DIA12_CV486075:20251228_A2_N1_Mueller_MS_TechHub_IMP_THIDDIAXL003_Cas9_PhoX_DIA12_CV486075_250ng_FAIMS_001 P1_LKGSPEDNEQK P2_DKQSGK 2 2,DIA12_CV486075:20251228_A2_N1_Mueller_MS_TechHub_IMP_THIDDIAXL003_Cas9_PhoX_DIA12_CV486075_250ng_FAIMS_001,163146,,,0,0,-0,0,3,0,0,Q99ZW2,,,false,Q99ZW2,Q99ZW2,,false,DKQSGK,LKGSPEDNEQK,672,1245,6,11,2,2,673,1246,3,,-1,0.109985,0.109985,9.643715,false,true,false,false,Self ,0,0.000812,1.34837,,0,0,0,0,0,867,650,0,
Scan: 1455346 Run: DIA12_CV486075:20251228_A2_N1_Mueller_MS_TechHub_IMP_THIDDIAXL003_Cas9_PhoX_DIA12_CV486075_250ng_FAIMS_003 P1_YKEIFFDQSK P2_DKQSGK 2 2,DIA12_CV486075:20251228_A2_N1_Mueller_MS_TechHub_IMP_THIDDIAXL003_Cas9_PhoX_DIA12_CV486075_250ng_FAIMS_003,1455346,,,0,0,-0,0,4,0,0,Q99ZW2,,,false,Q99ZW2,Q99ZW2,,false,DKQSGK,YKEIFFDQSK,672,347,6,10,2,2,673,348,4,,-1,0.109971,0.109971,9.64368,false,true,false,false,Self ,0,0.000812,1.34837,,0,0,0,0,0,866,1361,0,
Scan: 594210 Run: DIA12_CV486075:20251228_A2_N1_Mueller_MS_TechHub_IMP_THIDDIAXL003_Cas9_PhoX_DIA12_CV486075_250ng_FAIMS_001 P1_KVTVK P2_KDFQFYK 1 1,DIA12_CV486075:20251228_A2_N1_Mueller_MS_TechHub_IMP_THIDDIAXL003_Cas9_PhoX_DIA12_CV486075_250ng_FAIMS_001,594210,,,0,0,-0,0,3,0,0,Q99ZW2,,,false,Q99ZW2,Q99ZW2,,false,KDFQFYK,KVTVK,968,558,7,5,1,1,968,558,3,,-1,0.10955,0.10955,9.642625,false,true,false,false,Self ,0,0.000812,1.350783,,0,0,0,0,0,865,649,0,
Scan: 1709571 Run: DIA12_CV486075:20251228_A2_N1_Mueller_MS_TechHub_IMP_THIDDIAXL003_Cas9_PhoX_DIA12_CV486075_250ng_FAIMS_003 P1_YDEHHQDLTLLKALVR P2_IEEGIKELGSQILK 12 6,DIA12_CV486075:20251228_A2_N1_Mueller_MS_TechHub_IMP_THIDDIAXL003_Cas9_PhoX_DIA12_CV486075_250ng_FAIMS_003,1709571,,,0,0,-0,0,5,0,0,Q99ZW2,,,false,Q99ZW2,Q99ZW2,,false,IEEGIKELGSQILK,YDEHHQDLTLLKALVR,784,325,14,16,6,12,789,336,5,,-1,0.109171,0.109171,9.641678,false,true,false,false,Self ,0,0.000813,1.350783,,0,0,0,0,0,864,648,0,
Scan: 1717438 Run: DIA12_CV486075:20251228_A2_N1_Mueller_MS_TechHub_IMP_THIDDIAXL003_Cas9_PhoX_DIA12_CV486075_250ng_FAIMS_003 P1_YKEIFFDQSK P2_ELGSQILKEHPVENTQLQNEK 2 8,DIA12_CV486075:20251228_A2_N1_Mueller_MS_TechHub_IMP_THIDDIAXL003_Cas9_PhoX_DIA12_CV486075_250ng_FAIMS_003,1717438,,,0,0,-0,0,5,0,0,Q99ZW2,,,false,Q99ZW2,Q99ZW2,,false,ELGSQILKEHPVENTQLQNEK,YKEIFFDQSK,790,347,21,10,8,2,797,348,5,,-1,0.10905,0.10905,9.641376,false,true,false,false,Self ,0,0.000813,1.351388,,0,0,0,0,0,863,1437,0,
Scan: 718877 Run: DIA12_CV486075:20251228_A2_N1_Mueller_MS_TechHub_IMP_THIDDIAXL003_Cas9_PhoX_DIA12_CV486075_250ng_FAIMS_002 P1_YDENDKLIR P2_SSFEKNPIDFLEAK 6 5,DIA12_CV486075:20251228_A2_N1_Mueller_MS_TechHub_IMP_THIDDIAXL003_Cas9_PhoX_DIA12_CV486075_250ng_FAIMS_002,718877,,,0,0,-0,0,4,0,0,Q99ZW2,,,false,Q99ZW2,Q99ZW2,,false,SSFEKNPIDFLEAK,YDENDKLIR,1172,943,14,9,5,6,1176,948,4,,-1,0.10875,0.10875,9.640627,false,true,false,false,Self ,0,0.000813,1.351993,,0,0,0,0,0,862,647,0,
Scan: 847253 Run: DIA12_CV486075:20251228_A2_N1_Mueller_MS_TechHub_IMP_THIDDIAXL003_Cas9_PhoX_DIA12_CV486075_250ng_FAIMS_002 P1_YDEHHQDLTLLKALVR P2_EIFFDQSKNGYAGYIDGGASQEEFYK 12 8,DIA12_CV486075:20251228_A2_N1_Mueller_MS_TechHub_IMP_THIDDIAXL003_Cas9_PhoX_DIA12_CV486075_250ng_FAIMS_002,847253,,,0,0,-0,0,5,0,0,Q99ZW2,,,false,Q99ZW2,Q99ZW2,,false,EIFFDQSKNGYAGYIDGGASQEEFYK,YDEHHQDLTLLKALVR,349,325,26,16,8,12,356,336,5,,-1,0.108182,0.108182,9.639206,false,true,false,false,Self ,0,0.000813,1.352599,,0,0,0,0,0,861,646,0,
Scan: 1477181 Run: DIA12_CV486075:20251228_A2_N1_Mueller_MS_TechHub_IMP_THIDDIAXL003_Cas9_PhoX_DIA12_CV486075_250ng_FAIMS_003 P1_QQLPEKYKEIFFDQSK P2_FIKPILEKMDGTEELLVK 6 8,DIA12_CV486075:20251228_A2_N1_Mueller_MS_TechHub_IMP_THIDDIAXL003_Cas9_PhoX_DIA12_CV486075_250ng_FAIMS_003,1477181,,,0,0,-0,0,4,0,0,Q99ZW2,,,false,Q99ZW2,Q99ZW2,,false,FIKPILEKMDGTEELLVK,QQLPEKYKEIFFDQSK,375,341,18,16,8,6,382,346,4,,-1,0.107797,0.107797,9.638245,false,true,false,false,Self ,0,0.000814,1.353205,,0,0,0,0,0,860,662,0,
Scan: 1082622 Run: DIA12_CV486075:20251228_A2_N1_Mueller_MS_TechHub_IMP_THIDDIAXL003_Cas9_PhoX_DIA12_CV486075_250ng_FAIMS_002 P1_KGILQTVK P2_DFQFYKVR 1 6,DIA12_CV486075:20251228_A2_N1_Mueller_MS_TechHub_IMP_THIDDIAXL003_Cas9_PhoX_DIA12_CV486075_250ng_FAIMS_002,1082622,,,0,0,-0,0,3,0,0,Q99ZW2,,,false,Q99ZW2,Q99ZW2,,false,DFQFYKVR,KGILQTVK,969,735,8,8,6,1,974,735,3,,-1,0.107703,0.107703,9.638009,false,true,false,false,Self ,0,0.000814,1.353205,,0,0,0,0,0,859,645,0,
Scan: 549466 Run: DIA12_CV486075:20251228_A2_N1_Mueller_MS_TechHub_IMP_THIDDIAXL003_Cas9_PhoX_DIA12_CV486075_250ng_FAIMS_001 P1_GKSDNVPSEEVVK P2_AGFIKR 2 5,DIA12_CV486075:20251228_A2_N1_Mueller_MS_TechHub_IMP_THIDDIAXL003_Cas9_PhoX_DIA12_CV486075_250ng_FAIMS_001,549466,,,0,0,-0,0,3,0,0,Q99ZW2,,,false,Q99ZW2,Q99ZW2,,false,AGFIKR,GKSDNVPSEEVVK,914,865,6,13,5,2,918,866,3,,-1,0.107383,0.107383,9.637208,false,true,false,false,Self ,0,0.000814,1.353205,,0,0,0,0,0,858,644,0,
Scan: 605588 Run: DIA12_CV486075:20251228_A2_N1_Mueller_MS_TechHub_IMP_THIDDIAXL003_Cas9_PhoX_DIA12_CV486075_250ng_FAIMS_002 P1_LESEFVYGDYKVYDVR P2_EVKVITLK 11 3,DIA12_CV486075:20251228_A2_N1_Mueller_MS_TechHub_IMP_THIDDIAXL003_Cas9_PhoX_DIA12_CV486075_250ng_FAIMS_002,605588,,,0,0,-0,0,4,0,0,Q99ZW2,,,false,Q99ZW2,Q99ZW2,,false,EVKVITLK,LESEFVYGDYKVYDVR,952,1004,8,16,3,11,954,1014,4,,-1,0.107179,0.107179,9.636699,false,true,false,false,Self ,0,0.000814,1.353205,,0,0,0,0,0,383,1283,0,
Scan: 1392757 Run: DIA12_CV486075:20251228_A2_N1_Mueller_MS_TechHub_IMP_THIDDIAXL003_Cas9_PhoX_DIA12_CV486075_250ng_FAIMS_003 P1_YTSTKEVLDATLIHQSITGLYETR P2_SSFEKNPIDFLEAK 5 5,DIA12_CV486075:20251228_A2_N1_Mueller_MS_TechHub_IMP_THIDDIAXL003_Cas9_PhoX_DIA12_CV486075_250ng_FAIMS_003,1392757,,,0,0,-0,0,5,0,0,Q99ZW2,,,false,Q99ZW2,Q99ZW2,,false,SSFEKNPIDFLEAK,YTSTKEVLDATLIHQSITGLYETR,1172,1336,14,24,5,5,1176,1340,5,,-1,0.107051,0.107051,9.636379,false,true,false,false,Self ,0,0.000814,1.353812,,0,0,0,0,0,856,643,0,
Scan: 738703 Run: DIA12_CV486075:20251228_A2_N1_Mueller_MS_TechHub_IMP_THIDDIAXL003_Cas9_PhoX_DIA12_CV486075_250ng_FAIMS_002 P1_EDIQKAQVSGQGDSLHEHIANLAGSPAIK P2_DLIIKLPK 5 5,DIA12_CV486075:20251228_A2_N1_Mueller_MS_TechHub_IMP_THIDDIAXL003_Cas9_PhoX_DIA12_CV486075_250ng_FAIMS_002,738703,,,0,0,-0,0,4,0,0,Q99ZW2,,,false,Q99ZW2,Q99ZW2,,false,DLIIKLPK,EDIQKAQVSGQGDSLHEHIANLAGSPAIK,1193,706,8,29,5,5,1197,710,4,,-1,0.10692,0.10692,9.636051,false,true,false,false,Self ,0,0.000814,1.354419,,0,0,0,0,0,855,484,0,
Scan: 548544 Run: DIA12_CV486075:20251228_A2_N1_Mueller_MS_TechHub_IMP_THIDDIAXL003_Cas9_PhoX_DIA12_CV486075_250ng_FAIMS_001 P1_SDKNR P2_GKSDNVPSEEVVK 3 2,DIA12_CV486075:20251228_A2_N1_Mueller_MS_TechHub_IMP_THIDDIAXL003_Cas9_PhoX_DIA12_CV486075_250ng_FAIMS_001,548544,,,0,0,-0,0,4,0,0,Q99ZW2,,,false,Q99ZW2,Q99ZW2,,false,GKSDNVPSEEVVK,SDKNR,865,860,13,5,2,3,866,862,4,,-1,0.106886,0.106886,9.635966,false,true,false,false,Self ,0,0.000814,1.355027,,0,0,0,0,0,854,1334,0,
Scan: 1686409 Run: DIA12_CV486075:20251228_A2_N1_Mueller_MS_TechHub_IMP_THIDDIAXL003_Cas9_PhoX_DIA12_CV486075_250ng_FAIMS_003 P1_LVDSTDKADLR P2_GILQTVKVVDELVK 7 7,DIA12_CV486075:20251228_A2_N1_Mueller_MS_TechHub_IMP_THIDDIAXL003_Cas9_PhoX_DIA12_CV486075_250ng_FAIMS_003,1686409,,,0,0,-0,0,4,0,0,Q99ZW2,,,false,Q99ZW2,Q99ZW2,,false,GILQTVKVVDELVK,LVDSTDKADLR,736,142,14,11,7,7,742,148,4,,-1,0.106774,0.106774,9.635686,false,true,false,false,Self ,0,0.000815,1.355027,,0,0,0,0,0,853,642,0,
Scan: 1358945 Run: DIA12_CV486075:20251228_A2_N1_Mueller_MS_TechHub_IMP_THIDDIAXL003_Cas9_PhoX_DIA12_CV486075_250ng_FAIMS_003 P1_LKGSPEDNEQK P2_EHPVENTQLQNEKLYLYYLQNGR 2 13,DIA12_CV486075:20251228_A2_N1_Mueller_MS_TechHub_IMP_THIDDIAXL003_Cas9_PhoX_DIA12_CV486075_250ng_FAIMS_003,1358945,,,0,0,-0,0,5,0,0,Q99ZW2,,,false,Q99ZW2,Q99ZW2,,false,EHPVENTQLQNEKLYLYYLQNGR,LKGSPEDNEQK,798,1245,23,11,13,2,810,1246,5,,-1,0.106772,0.106772,9.63568,false,true,false,false,Self ,0,0.000815,1.355027,,0,0,0,0,0,852,1367,0,
Scan: 1784266 Run: DIA12_CV486075:20251228_A2_N1_Mueller_MS_TechHub_IMP_THIDDIAXL003_Cas9_PhoX_DIA12_CV486075_250ng_FAIMS_003 P1_SKLVSDFR P2_KGILQTVK 2 1,DIA12_CV486075:20251228_A2_N1_Mueller_MS_TechHub_IMP_THIDDIAXL003_Cas9_PhoX_DIA12_CV486075_250ng_FAIMS_003,1784266,,,0,0,-0,0,3,0,0,Q99ZW2,,,false,Q99ZW2,Q99ZW2,,false,KGILQTVK,SKLVSDFR,735,960,8,8,1,2,735,961,3,,-1,0.106634,0.106634,9.635337,false,true,false,false,Self ,0,0.000815,1.355027,,0,0,0,0,0,761,858,0,
Scan: 1611256 Run: DIA12_CV486075:20251228_A2_N1_Mueller_MS_TechHub_IMP_THIDDIAXL003_Cas9_PhoX_DIA12_CV486075_250ng_FAIMS_003 P1_KLINGIR P2_KIECFDSVEISGVEDR 1 1,DIA12_CV486075:20251228_A2_N1_Mueller_MS_TechHub_IMP_THIDDIAXL003_Cas9_PhoX_DIA12_CV486075_250ng_FAIMS_003,1611256,,,0,0,-0,0,4,0,0,Q99ZW2,,,false,Q99ZW2,Q99ZW2,,false,KIECFDSVEISGVEDR,KLINGIR,571,665,16,7,1,1,571,665,4,,-1,0.106565,0.106565,9.635165,false,true,false,false,Self ,0,0.000815,1.355027,,0,0,0,0,0,850,1407,0,
Scan: 1119043 Run: DIA12_CV486075:20251228_A2_N1_Mueller_MS_TechHub_IMP_THIDDIAXL003_Cas9_PhoX_DIA12_CV486075_250ng_FAIMS_002 P1_VLSAYNKHR P2_ELGSQILKEHPVENTQLQNEK 7 8,DIA12_CV486075:20251228_A2_N1_Mueller_MS_TechHub_IMP_THIDDIAXL003_Cas9_PhoX_DIA12_CV486075_250ng_FAIMS_002,1119043,,,0,0,-0,0,4,0,0,Q99ZW2,,,false,Q99ZW2,Q99ZW2,,false,ELGSQILKEHPVENTQLQNEK,VLSAYNKHR,790,1290,21,9,8,7,797,1296,4,,-1,0.106383,0.106383,9.634708,false,true,false,false,Self ,0,0.000815,1.355027,,0,0,0,0,0,849,641,0,
Scan: 692842 Run: DIA12_CV486075:20251228_A2_N1_Mueller_MS_TechHub_IMP_THIDDIAXL003_Cas9_PhoX_DIA12_CV486075_250ng_FAIMS_002 P1_LPKYSLFELENGR P2_KKDWDPK 3 1,DIA12_CV486075:20251228_A2_N1_Mueller_MS_TechHub_IMP_THIDDIAXL003_Cas9_PhoX_DIA12_CV486075_250ng_FAIMS_002,692842,,,0,0,-0,0,4,0,0,Q99ZW2,,,false,Q99ZW2,Q99ZW2,,false,KKDWDPK,LPKYSLFELENGR,1123,1198,7,13,1,3,1123,1200,4,,-1,0.105998,0.105998,9.633746,false,true,false,false,Self ,0,0.000815,1.355635,,0,0,0,0,0,848,1455,0,
Scan: 1557964 Run: DIA12_CV486075:20251228_A2_N1_Mueller_MS_TechHub_IMP_THIDDIAXL003_Cas9_PhoX_DIA12_CV486075_250ng_FAIMS_003 P1_VLPKHSLLYEYFTVYNELTK P2_FKVLGNTDR 4 2,DIA12_CV486075:20251228_A2_N1_Mueller_MS_TechHub_IMP_THIDDIAXL003_Cas9_PhoX_DIA12_CV486075_250ng_FAIMS_003,1557964,,,0,0,-0,0,5,0,0,Q99ZW2,,,false,Q99ZW2,Q99ZW2,,false,FKVLGNTDR,VLPKHSLLYEYFTVYNELTK,32,507,9,20,2,4,33,510,5,,-1,0.105874,0.105874,9.633436,false,true,false,false,Self ,0,0.000815,1.355635,,0,0,0,0,0,847,1510,0,
Scan: 632997 Run: DIA12_CV486075:20251228_A2_N1_Mueller_MS_TechHub_IMP_THIDDIAXL003_Cas9_PhoX_DIA12_CV486075_250ng_FAIMS_002 P1_SEQEIGKATAK P2_KTEVQTGGFSK 7 1,DIA12_CV486075:20251228_A2_N1_Mueller_MS_TechHub_IMP_THIDDIAXL003_Cas9_PhoX_DIA12_CV486075_250ng_FAIMS_002,632997,,,0,0,-0,0,3,0,0,Q99ZW2,,,false,Q99ZW2,Q99ZW2,,false,KTEVQTGGFSK,SEQEIGKATAK,1097,1025,11,11,1,7,1097,1031,3,,-1,0.105786,0.105786,9.633217,false,true,false,false,Self ,0,0.000815,1.355635,,0,0,0,0,0,846,1339,0,
Scan: 604950 Run: DIA12_CV486075:20251228_A2_N1_Mueller_MS_TechHub_IMP_THIDDIAXL003_Cas9_PhoX_DIA12_CV486075_250ng_FAIMS_002 P1_LESEFVYGDYKVYDVR P2_ELGSQILKEHPVENTQLQNEK 11 8,DIA12_CV486075:20251228_A2_N1_Mueller_MS_TechHub_IMP_THIDDIAXL003_Cas9_PhoX_DIA12_CV486075_250ng_FAIMS_002,604950,,,0,0,-0,0,4,0,0,Q99ZW2,,,false,Q99ZW2,Q99ZW2,,false,ELGSQILKEHPVENTQLQNEK,LESEFVYGDYKVYDVR,790,1004,21,16,8,11,797,1014,4,,-1,0.105709,0.105709,9.633022,false,true,false,false,Self ,0,0.000815,1.356244,,0,0,0,0,0,845,640,0,
Scan: 1575831 Run: DIA12_CV486075:20251228_A2_N1_Mueller_MS_TechHub_IMP_THIDDIAXL003_Cas9_PhoX_DIA12_CV486075_250ng_FAIMS_003 P1_SNFDLAEDAKLQLSK P2_KPAFLSGEQK 10 1,DIA12_CV486075:20251228_A2_N1_Mueller_MS_TechHub_IMP_THIDDIAXL003_Cas9_PhoX_DIA12_CV486075_250ng_FAIMS_003,1575831,,,0,0,-0,0,4,0,0,Q99ZW2,,,false,Q99ZW2,Q99ZW2,,false,KPAFLSGEQK,SNFDLAEDAKLQLSK,536,254,10,15,1,10,536,263,4,,-1,0.105471,0.105471,9.632428,false,true,false,false,Self ,0,0.000816,1.356854,,0,0,0,0,0,844,639,0,
Scan: 224865 Run: DIA12_CV486075:20251228_A2_N1_Mueller_MS_TechHub_IMP_THIDDIAXL003_Cas9_PhoX_DIA12_CV486075_250ng_FAIMS_001 P1_SNFDLAEDAKLQLSK P2_ESILPKR 10 6,DIA12_CV486075:20251228_A2_N1_Mueller_MS_TechHub_IMP_THIDDIAXL003_Cas9_PhoX_DIA12_CV486075_250ng_FAIMS_001,224865,,,0,0,-0,0,3,0,0,Q99ZW2,,,false,Q99ZW2,Q99ZW2,,false,ESILPKR,SNFDLAEDAKLQLSK,1108,254,7,15,6,10,1113,263,3,,-1,0.105069,0.105069,9.631424,false,true,false,false,Self ,0,0.000816,1.358075,,0,0,0,0,0,843,638,0,
Scan: 1763519 Run: DIA12_CV486075:20251228_A2_N1_Mueller_MS_TechHub_IMP_THIDDIAXL003_Cas9_PhoX_DIA12_CV486075_250ng_FAIMS_003 P1_QLLNAKLITQR P2_GGLSELDKAGFIK 6 8,DIA12_CV486075:20251228_A2_N1_Mueller_MS_TechHub_IMP_THIDDIAXL003_Cas9_PhoX_DIA12_CV486075_250ng_FAIMS_003,1763519,,,0,0,-0,0,4,0,0,Q99ZW2,,,false,Q99ZW2,Q99ZW2,,false,GGLSELDKAGFIK,QLLNAKLITQR,906,885,13,11,8,6,913,890,4,,-1,0.104859,0.104859,9.630898,false,true,false,false,Self ,0,0.000816,1.358075,,0,0,0,0,0,842,637,0,
Scan: 64461 Run: DIA12_CV486075:20251228_A2_N1_Mueller_MS_TechHub_IMP_THIDDIAXL003_Cas9_PhoX_DIA12_CV486075_250ng_FAIMS_001 P1_KTEVQTGGFSKESILPK P2_KDWDPK 11 1,DIA12_CV486075:20251228_A2_N1_Mueller_MS_TechHub_IMP_THIDDIAXL003_Cas9_PhoX_DIA12_CV486075_250ng_FAIMS_001,64461,,,0,0,-0,0,4,0,0,Q99ZW2,,,false,Q99ZW2,Q99ZW2,,false,KDWDPK,KTEVQTGGFSKESILPK,1124,1097,6,17,1,11,1124,1107,4,,-1,0.104747,0.104747,9.630619,false,true,false,false,Self ,0,0.000816,1.358686,,0,0,0,0,0,841,53,0,
Scan: 38086 Run: DIA12_CV486075:20251228_A2_N1_Mueller_MS_TechHub_IMP_THIDDIAXL003_Cas9_PhoX_DIA12_CV486075_250ng_FAIMS_001 P1_LVDSTDKADLR P2_KTEVQTGGFSK 7 1,DIA12_CV486075:20251228_A2_N1_Mueller_MS_TechHub_IMP_THIDDIAXL003_Cas9_PhoX_DIA12_CV486075_250ng_FAIMS_001,38086,,,0,0,-0,0,4,0,0,Q99ZW2,,,false,Q99ZW2,Q99ZW2,,false,KTEVQTGGFSK,LVDSTDKADLR,1097,142,11,11,1,7,1097,148,4,,-1,0.104721,0.104721,9.630553,false,true,false,false,Self ,0,0.000816,1.358686,,0,0,0,0,0,840,636,0,
Scan: 588626 Run: DIA12_CV486075:20251228_A2_N1_Mueller_MS_TechHub_IMP_THIDDIAXL003_Cas9_PhoX_DIA12_CV486075_250ng_FAIMS_001 P1_SKLVSDFR P2_FIKPILEK 2 3,DIA12_CV486075:20251228_A2_N1_Mueller_MS_TechHub_IMP_THIDDIAXL003_Cas9_PhoX_DIA12_CV486075_250ng_FAIMS_001,588626,,,0,0,-0,0,3,0,0,Q99ZW2,,,false,Q99ZW2,Q99ZW2,,false,FIKPILEK,SKLVSDFR,375,960,8,8,3,2,377,961,3,,-1,0.10469,0.10469,9.630476,false,true,false,false,Self ,0,0.000816,1.358686,,0,0,0,0,0,839,46,0,
Scan: 1196023 Run: DIA12_CV486075:20251228_A2_N1_Mueller_MS_TechHub_IMP_THIDDIAXL003_Cas9_PhoX_DIA12_CV486075_250ng_FAIMS_003 P1_YPKLESEFVYGDYK P2_KVTVK 3 1,DIA12_CV486075:20251228_A2_N1_Mueller_MS_TechHub_IMP_THIDDIAXL003_Cas9_PhoX_DIA12_CV486075_250ng_FAIMS_003,1196023,,,0,0,-0,0,3,0,0,Q99ZW2,,,false,Q99ZW2,Q99ZW2,,false,KVTVK,YPKLESEFVYGDYK,558,1001,5,14,1,3,558,1003,3,,-1,0.104661,0.104661,9.630403,false,true,false,false,Self ,0,0.000816,1.359298,,0,0,0,0,0,838,634,0,
Scan: 1493139 Run: DIA12_CV486075:20251228_A2_N1_Mueller_MS_TechHub_IMP_THIDDIAXL003_Cas9_PhoX_DIA12_CV486075_250ng_FAIMS_003 P1_KNLIGALLFDSGETAEATR P2_KAIVDLLFK 1 1,DIA12_CV486075:20251228_A2_N1_Mueller_MS_TechHub_IMP_THIDDIAXL003_Cas9_PhoX_DIA12_CV486075_250ng_FAIMS_003,1493139,,,0,0,-0,0,4,0,0,Q99ZW2,,,false,Q99ZW2,Q99ZW2,,false,KAIVDLLFK,KNLIGALLFDSGETAEATR,546,45,9,19,1,1,546,45,4,,-1,0.104606,0.104606,9.630266,false,true,false,false,Self ,0,0.000816,1.35991,,0,0,0,0,0,837,633,0,
Scan: 784599 Run: DIA12_CV486075:20251228_A2_N1_Mueller_MS_TechHub_IMP_THIDDIAXL003_Cas9_PhoX_DIA12_CV486075_250ng_FAIMS_002 P1_VLSAYNKHR P2_DKPIR 7 2,DIA12_CV486075:20251228_A2_N1_Mueller_MS_TechHub_IMP_THIDDIAXL003_Cas9_PhoX_DIA12_CV486075_250ng_FAIMS_002,784599,,,0,0,-0,0,3,0,0,Q99ZW2,,,false,Q99ZW2,Q99ZW2,,false,DKPIR,VLSAYNKHR,1299,1290,5,9,2,7,1300,1296,3,,-1,0.104605,0.104605,9.630264,false,true,false,false,Self ,0,0.000816,1.35991,,0,0,0,0,0,552,1250,0,
Scan: 1109016 Run: DIA12_CV486075:20251228_A2_N1_Mueller_MS_TechHub_IMP_THIDDIAXL003_Cas9_PhoX_DIA12_CV486075_250ng_FAIMS_002 P1_KLVDSTDK P2_GQKNSR 1 3,DIA12_CV486075:20251228_A2_N1_Mueller_MS_TechHub_IMP_THIDDIAXL003_Cas9_PhoX_DIA12_CV486075_250ng_FAIMS_002,1109016,,,0,0,-0,0,3,0,0,Q99ZW2,,,false,Q99ZW2,Q99ZW2,,false,GQKNSR,KLVDSTDK,773,141,6,8,3,1,775,141,3,,-1,0.104375,0.104375,9.629688,false,true,false,false,Self ,0,0.000817,1.361136,,0,0,0,0,0,835,632,0,
Scan: 288144 Run: DIA12_CV486075:20251228_A2_N1_Mueller_MS_TechHub_IMP_THIDDIAXL003_Cas9_PhoX_DIA12_CV486075_250ng_FAIMS_001 P1_SSFEKNPIDFLEAK P2_QEDFYPFLKDNR 5 9,DIA12_CV486075:20251228_A2_N1_Mueller_MS_TechHub_IMP_THIDDIAXL003_Cas9_PhoX_DIA12_CV486075_250ng_FAIMS_001,288144,,,0,0,-0,0,4,0,0,Q99ZW2,,,false,Q99ZW2,Q99ZW2,,false,QEDFYPFLKDNR,SSFEKNPIDFLEAK,426,1172,12,14,9,5,434,1176,4,,-1,0.104349,0.104349,9.629625,false,true,false,false,Self ,0,0.000817,1.361136,,0,0,0,0,0,834,631,0,
Scan: 716993 Run: DIA12_CV486075:20251228_A2_N1_Mueller_MS_TechHub_IMP_THIDDIAXL003_Cas9_PhoX_DIA12_CV486075_250ng_FAIMS_002 P1_SSFEKNPIDFLEAK P2_QSGKTILDFLK 5 4,DIA12_CV486075:20251228_A2_N1_Mueller_MS_TechHub_IMP_THIDDIAXL003_Cas9_PhoX_DIA12_CV486075_250ng_FAIMS_002,716993,,,0,0,-0,0,3,0,0,Q99ZW2,,,false,Q99ZW2,Q99ZW2,,false,QSGKTILDFLK,SSFEKNPIDFLEAK,674,1172,11,14,4,5,677,1176,3,,-1,0.104258,0.104258,9.629395,false,true,false,false,Self ,0,0.000817,1.36175,,0,0,0,0,0,833,1390,0,
Scan: 731345 Run: DIA12_CV486075:20251228_A2_N1_Mueller_MS_TechHub_IMP_THIDDIAXL003_Cas9_PhoX_DIA12_CV486075_250ng_FAIMS_002 P1_TEVQTGGFSKESILPK P2_NPIDFLEAKGYK 10 9,DIA12_CV486075:20251228_A2_N1_Mueller_MS_TechHub_IMP_THIDDIAXL003_Cas9_PhoX_DIA12_CV486075_250ng_FAIMS_002,731345,,,0,0,-0,0,4,0,0,Q99ZW2,,,false,Q99ZW2,Q99ZW2,,false,NPIDFLEAKGYK,TEVQTGGFSKESILPK,1177,1098,12,16,9,10,1185,1107,4,,-1,0.104255,0.104255,9.629387,false,true,false,false,Self ,0,0.000817,1.36175,,0,0,0,0,0,832,630,0,
Scan: 1736318 Run: DIA12_CV486075:20251228_A2_N1_Mueller_MS_TechHub_IMP_THIDDIAXL003_Cas9_PhoX_DIA12_CV486075_250ng_FAIMS_003 P1_KPAFLSGEQK P2_DDSIDNKVLTR 1 7,DIA12_CV486075:20251228_A2_N1_Mueller_MS_TechHub_IMP_THIDDIAXL003_Cas9_PhoX_DIA12_CV486075_250ng_FAIMS_003,1736318,,,0,0,-0,0,4,0,0,Q99ZW2,,,false,Q99ZW2,Q99ZW2,,false,DDSIDNKVLTR,KPAFLSGEQK,849,536,11,10,7,1,855,536,4,,-1,0.10375,0.10375,9.628125,false,true,false,false,Self ,0,0.000817,1.363595,,0,0,0,0,0,831,1335,0,
Scan: 1605215 Run: DIA12_CV486075:20251228_A2_N1_Mueller_MS_TechHub_IMP_THIDDIAXL003_Cas9_PhoX_DIA12_CV486075_250ng_FAIMS_003 P1_KVTVK P2_KDLIIK 1 1,DIA12_CV486075:20251228_A2_N1_Mueller_MS_TechHub_IMP_THIDDIAXL003_Cas9_PhoX_DIA12_CV486075_250ng_FAIMS_003,1605215,,,0,0,-0,0,3,0,0,Q99ZW2,,,false,Q99ZW2,Q99ZW2,,false,KDLIIK,KVTVK,1192,558,6,5,1,1,1192,558,3,,-1,0.103332,0.103332,9.627082,false,true,false,false,Self ,0,0.000818,1.364828,,0,0,0,0,0,830,629,0,
Scan: 1499044 Run: DIA12_CV486075:20251228_A2_N1_Mueller_MS_TechHub_IMP_THIDDIAXL003_Cas9_PhoX_DIA12_CV486075_250ng_FAIMS_003 P1_LVDSTDKADLR P2_KSEETITPWNFEEVVDK 7 1,DIA12_CV486075:20251228_A2_N1_Mueller_MS_TechHub_IMP_THIDDIAXL003_Cas9_PhoX_DIA12_CV486075_250ng_FAIMS_003,1499044,,,0,0,-0,0,4,0,0,Q99ZW2,,,false,Q99ZW2,Q99ZW2,,false,KSEETITPWNFEEVVDK,LVDSTDKADLR,468,142,17,11,1,7,468,148,4,,-1,0.103284,0.103284,9.626962,false,true,false,false,Self ,0,0.000818,1.364828,,0,0,0,0,0,829,628,0,
Scan: 1265938 Run: DIA12_CV486075:20251228_A2_N1_Mueller_MS_TechHub_IMP_THIDDIAXL003_Cas9_PhoX_DIA12_CV486075_250ng_FAIMS_003 P1_VLPKHSLLYEYFTVYNELTK P2_TEVQTGGFSKESILPK 4 10,DIA12_CV486075:20251228_A2_N1_Mueller_MS_TechHub_IMP_THIDDIAXL003_Cas9_PhoX_DIA12_CV486075_250ng_FAIMS_003,1265938,,,0,0,-0,0,4,0,0,Q99ZW2,,,false,Q99ZW2,Q99ZW2,,false,TEVQTGGFSKESILPK,VLPKHSLLYEYFTVYNELTK,1098,507,16,20,10,4,1107,510,4,,-1,0.102984,0.102984,9.626211,false,true,false,false,Self ,0,0.000818,1.366063,,0,0,0,0,0,828,627,0,
Scan: 1766829 Run: DIA12_CV486075:20251228_A2_N1_Mueller_MS_TechHub_IMP_THIDDIAXL003_Cas9_PhoX_DIA12_CV486075_250ng_FAIMS_003 P1_YKEIFFDQSK P2_QITKHVAQILDSR 2 4,DIA12_CV486075:20251228_A2_N1_Mueller_MS_TechHub_IMP_THIDDIAXL003_Cas9_PhoX_DIA12_CV486075_250ng_FAIMS_003,1766829,,,0,0,-0,0,4,0,0,Q99ZW2,,,false,Q99ZW2,Q99ZW2,,false,QITKHVAQILDSR,YKEIFFDQSK,926,347,13,10,4,2,929,348,4,,-1,0.102791,0.102791,9.625728,false,true,false,false,Self ,0,0.000818,1.366063,,0,0,0,0,0,827,626,0,
Scan: 1608257 Run: DIA12_CV486075:20251228_A2_N1_Mueller_MS_TechHub_IMP_THIDDIAXL003_Cas9_PhoX_DIA12_CV486075_250ng_FAIMS_003 P1_QLKEDYFK P2_IEEGIKELGSQILK 3 6,DIA12_CV486075:20251228_A2_N1_Mueller_MS_TechHub_IMP_THIDDIAXL003_Cas9_PhoX_DIA12_CV486075_250ng_FAIMS_003,1608257,,,0,0,-0,0,4,0,0,Q99ZW2,,,false,Q99ZW2,Q99ZW2,,false,IEEGIKELGSQILK,QLKEDYFK,784,563,14,8,6,3,789,565,4,,-1,0.102479,0.102479,9.624948,false,true,false,false,Self ,0,0.000818,1.366063,,0,0,0,0,0,826,625,0,
Scan: 1278221 Run: DIA12_CV486075:20251228_A2_N1_Mueller_MS_TechHub_IMP_THIDDIAXL003_Cas9_PhoX_DIA12_CV486075_250ng_FAIMS_003 P1_NSDKLIAR P2_KKDWDPKK 4 2,DIA12_CV486075:20251228_A2_N1_Mueller_MS_TechHub_IMP_THIDDIAXL003_Cas9_PhoX_DIA12_CV486075_250ng_FAIMS_003,1278221,,,0,0,-0,0,3,0,0,Q99ZW2,,,false,Q99ZW2,Q99ZW2,,false,KKDWDPKK,NSDKLIAR,1123,1115,8,8,2,4,1124,1118,3,,-1,0.10239,0.10239,9.624726,false,true,false,false,Self ,0,0.000818,1.366682,,0,0,0,0,0,825,624,0,
Scan: 1234903 Run: DIA12_CV486075:20251228_A2_N1_Mueller_MS_TechHub_IMP_THIDDIAXL003_Cas9_PhoX_DIA12_CV486075_250ng_FAIMS_003 P1_KTEVQTGGFSK P2_DKQSGK 1 2,DIA12_CV486075:20251228_A2_N1_Mueller_MS_TechHub_IMP_THIDDIAXL003_Cas9_PhoX_DIA12_CV486075_250ng_FAIMS_003,1234903,,,0,0,-0,0,3,0,0,Q99ZW2,,,false,Q99ZW2,Q99ZW2,,false,DKQSGK,KTEVQTGGFSK,672,1097,6,11,2,1,673,1097,3,,-1,0.101905,0.101905,9.623515,false,true,false,false,Self ,0,0.000819,1.367301,,0,0,0,0,0,824,623,0,
Scan: 78935 Run: DIA12_CV486075:20251228_A2_N1_Mueller_MS_TechHub_IMP_THIDDIAXL003_Cas9_PhoX_DIA12_CV486075_250ng_FAIMS_001 P1_SSFEKNPIDFLEAK P2_ESILPKR 5 6,DIA12_CV486075:20251228_A2_N1_Mueller_MS_TechHub_IMP_THIDDIAXL003_Cas9_PhoX_DIA12_CV486075_250ng_FAIMS_001,78935,,,0,0,-0,0,4,0,0,Q99ZW2,,,false,Q99ZW2,Q99ZW2,,false,ESILPKR,SSFEKNPIDFLEAK,1108,1172,7,14,6,5,1113,1176,4,,-1,0.101755,0.101755,9.623139,false,true,false,false,Self ,0,0.000819,1.36854,,0,0,0,0,0,823,1387,0,
Scan: 121001 Run: DIA12_CV486075:20251228_A2_N1_Mueller_MS_TechHub_IMP_THIDDIAXL003_Cas9_PhoX_DIA12_CV486075_250ng_FAIMS_001 P1_SSFEKNPIDFLEAK P2_IEEGIKELGSQILK 5 6,DIA12_CV486075:20251228_A2_N1_Mueller_MS_TechHub_IMP_THIDDIAXL003_Cas9_PhoX_DIA12_CV486075_250ng_FAIMS_001,121001,,,0,0,-0,0,4,0,0,Q99ZW2,,,false,Q99ZW2,Q99ZW2,,false,IEEGIKELGSQILK,SSFEKNPIDFLEAK,784,1172,14,14,6,5,789,1176,4,,-1,0.101365,0.101365,9.622163,false,true,false,false,Self ,0,0.000819,1.370404,,0,0,0,0,0,822,622,0,
Scan: 31165 Run: DIA12_CV486075:20251228_A2_N1_Mueller_MS_TechHub_IMP_THIDDIAXL003_Cas9_PhoX_DIA12_CV486075_250ng_FAIMS_001 P1_RPLIETNGETGEIVWDKGR P2_KLINGIR 17 1,DIA12_CV486075:20251228_A2_N1_Mueller_MS_TechHub_IMP_THIDDIAXL003_Cas9_PhoX_DIA12_CV486075_250ng_FAIMS_001,31165,,,0,0,-0,0,4,0,0,Q99ZW2,,,false,Q99ZW2,Q99ZW2,,false,KLINGIR,RPLIETNGETGEIVWDKGR,665,1060,7,19,1,17,665,1076,4,,-1,0.101023,0.101023,9.621309,false,true,false,false,Self ,0,0.000819,1.374772,,0,0,0,0,0,821,621,0,
Scan: 840414 Run: DIA12_CV486075:20251228_A2_N1_Mueller_MS_TechHub_IMP_THIDDIAXL003_Cas9_PhoX_DIA12_CV486075_250ng_FAIMS_002 P1_FKVLGNTDR P2_FIKPILEK 2 3,DIA12_CV486075:20251228_A2_N1_Mueller_MS_TechHub_IMP_THIDDIAXL003_Cas9_PhoX_DIA12_CV486075_250ng_FAIMS_002,840414,,,0,0,-0,0,3,0,0,Q99ZW2,,,false,Q99ZW2,Q99ZW2,,false,FIKPILEK,FKVLGNTDR,375,32,8,9,3,2,377,33,3,,-1,0.100848,0.100848,9.62087,false,true,false,false,Self ,0,0.00082,1.375399,,0,0,0,0,0,820,620,0,
Scan: 758992 Run: DIA12_CV486075:20251228_A2_N1_Mueller_MS_TechHub_IMP_THIDDIAXL003_Cas9_PhoX_DIA12_CV486075_250ng_FAIMS_002 P1_LKGSPEDNEQK P2_KDWDPK 2 1,DIA12_CV486075:20251228_A2_N1_Mueller_MS_TechHub_IMP_THIDDIAXL003_Cas9_PhoX_DIA12_CV486075_250ng_FAIMS_002,758992,,,0,0,-0,0,3,0,0,Q99ZW2,,,false,Q99ZW2,Q99ZW2,,false,KDWDPK,LKGSPEDNEQK,1124,1245,6,11,1,2,1124,1246,3,,-1,0.100648,0.100648,9.62037,false,true,false,false,Self ,0,0.00082,1.375399,,0,0,0,0,0,819,619,0,
Scan: 1185903 Run: DIA12_CV486075:20251228_A2_N1_Mueller_MS_TechHub_IMP_THIDDIAXL003_Cas9_PhoX_DIA12_CV486075_250ng_FAIMS_002 P1_SKLVSDFR P2_LSKSR 2 3,DIA12_CV486075:20251228_A2_N1_Mueller_MS_TechHub_IMP_THIDDIAXL003_Cas9_PhoX_DIA12_CV486075_250ng_FAIMS_002,1185903,,,0,0,-0,0,3,0,0,Q99ZW2,,,false,Q99ZW2,Q99ZW2,,false,LSKSR,SKLVSDFR,216,960,5,8,3,2,218,961,3,,-1,0.100547,0.100547,9.620118,false,true,false,false,Self ,0,0.00082,1.376026,,0,0,0,0,0,818,618,0,
Scan: 1372416 Run: DIA12_CV486075:20251228_A2_N1_Mueller_MS_TechHub_IMP_THIDDIAXL003_Cas9_PhoX_DIA12_CV486075_250ng_FAIMS_003 P1_IEKILTFR P2_HYLDEIIEQISEFSKR 3 15,DIA12_CV486075:20251228_A2_N1_Mueller_MS_TechHub_IMP_THIDDIAXL003_Cas9_PhoX_DIA12_CV486075_250ng_FAIMS_003,1372416,,,0,0,-0,0,4,0,0,Q99ZW2,,,false,Q99ZW2,Q99ZW2,,false,HYLDEIIEQISEFSKR,IEKILTFR,1264,440,16,8,15,3,1278,442,4,,-1,0.10052,0.10052,9.62005,false,true,false,false,Self ,0,0.00082,1.376026,,0,0,0,0,0,817,617,0,
Scan: 1186469 Run: DIA12_CV486075:20251228_A2_N1_Mueller_MS_TechHub_IMP_THIDDIAXL003_Cas9_PhoX_DIA12_CV486075_250ng_FAIMS_002 P1_SKLVSDFR P2_KLINGIR 2 1,DIA12_CV486075:20251228_A2_N1_Mueller_MS_TechHub_IMP_THIDDIAXL003_Cas9_PhoX_DIA12_CV486075_250ng_FAIMS_002,1186469,,,0,0,-0,0,3,0,0,Q99ZW2,,,false,Q99ZW2,Q99ZW2,,false,KLINGIR,SKLVSDFR,665,960,7,8,1,2,665,961,3,,-1,0.100509,0.100509,9.620023,false,true,false,false,Self ,0,0.00082,1.376026,,0,0,0,0,0,816,1341,0,
Scan: 413191 Run: DIA12_CV486075:20251228_A2_N1_Mueller_MS_TechHub_IMP_THIDDIAXL003_Cas9_PhoX_DIA12_CV486075_250ng_FAIMS_001 P1_QLKEDYFK P2_KIECFDSVEISGVEDR 3 1,DIA12_CV486075:20251228_A2_N1_Mueller_MS_TechHub_IMP_THIDDIAXL003_Cas9_PhoX_DIA12_CV486075_250ng_FAIMS_001,413191,,,0,0,-0,0,4,0,0,Q99ZW2,,,false,Q99ZW2,Q99ZW2,,false,KIECFDSVEISGVEDR,QLKEDYFK,571,563,16,8,1,3,571,565,4,,-1,0.100465,0.100465,9.619914,false,true,false,false,Self ,0,0.00082,1.376026,,0,0,0,0,0,815,616,0,
Scan: 94781 Run: DIA12_CV486075:20251228_A2_N1_Mueller_MS_TechHub_IMP_THIDDIAXL003_Cas9_PhoX_DIA12_CV486075_250ng_FAIMS_001 P1_KKDWDPKK P2_ESILPKR 1 6,DIA12_CV486075:20251228_A2_N1_Mueller_MS_TechHub_IMP_THIDDIAXL003_Cas9_PhoX_DIA12_CV486075_250ng_FAIMS_001,94781,,,0,0,-0,0,3,0,0,Q99ZW2,,,false,Q99ZW2,Q99ZW2,,false,ESILPKR,KKDWDPKK,1108,1123,7,8,6,1,1113,1123,3,,-1,0.100399,0.100399,9.61975,false,true,false,false,Self ,0,0.00082,1.376653,,0,0,0,0,0,814,615,0,
Scan: 510464 Run: DIA12_CV486075:20251228_A2_N1_Mueller_MS_TechHub_IMP_THIDDIAXL003_Cas9_PhoX_DIA12_CV486075_250ng_FAIMS_001 P1_GQKNSR P2_ENQTTQKGQK 3 7,DIA12_CV486075:20251228_A2_N1_Mueller_MS_TechHub_IMP_THIDDIAXL003_Cas9_PhoX_DIA12_CV486075_250ng_FAIMS_001,510464,,,0,0,-0,0,3,0,0,Q99ZW2,,,false,Q99ZW2,Q99ZW2,,false,ENQTTQKGQK,GQKNSR,766,773,10,6,7,3,772,775,3,,-1,0.100367,0.100367,9.619668,false,true,false,false,Self ,0,0.00082,1.376653,,0,0,0,0,0,813,614,0,
Scan: 1264598 Run: DIA12_CV486075:20251228_A2_N1_Mueller_MS_TechHub_IMP_THIDDIAXL003_Cas9_PhoX_DIA12_CV486075_250ng_FAIMS_003 P1_YKEIFFDQSK P2_TEVQTGGFSKESILPK 2 10,DIA12_CV486075:20251228_A2_N1_Mueller_MS_TechHub_IMP_THIDDIAXL003_Cas9_PhoX_DIA12_CV486075_250ng_FAIMS_003,1264598,,,0,0,-0,0,4,0,0,Q99ZW2,,,false,Q99ZW2,Q99ZW2,,false,TEVQTGGFSKESILPK,YKEIFFDQSK,1098,347,16,10,10,2,1107,348,4,,-1,0.100159,0.100159,9.619148,false,true,false,false,Self ,0,0.00082,1.376653,,0,0,0,0,0,812,248,0,
Scan: 611787 Run: DIA12_CV486075:20251228_A2_N1_Mueller_MS_TechHub_IMP_THIDDIAXL003_Cas9_PhoX_DIA12_CV486075_250ng_FAIMS_002 P1_SEQEIGKATAK P2_KRPLIETNGETGEIVWDK 7 1,DIA12_CV486075:20251228_A2_N1_Mueller_MS_TechHub_IMP_THIDDIAXL003_Cas9_PhoX_DIA12_CV486075_250ng_FAIMS_002,611787,,,0,0,-0,0,3,0,0,Q99ZW2,,,false,Q99ZW2,Q99ZW2,,false,KRPLIETNGETGEIVWDK,SEQEIGKATAK,1059,1025,18,11,1,7,1059,1031,3,,-1,0.100113,0.100113,9.619033,false,true,false,false,Self ,0,0.00082,1.376653,,0,0,0,0,0,569,1575,0,
Scan: 1501750 Run: DIA12_CV486075:20251228_A2_N1_Mueller_MS_TechHub_IMP_THIDDIAXL003_Cas9_PhoX_DIA12_CV486075_250ng_FAIMS_003 P1_KSEETITPWNFEEVVDK P2_EKIEKILTFR 1 5,DIA12_CV486075:20251228_A2_N1_Mueller_MS_TechHub_IMP_THIDDIAXL003_Cas9_PhoX_DIA12_CV486075_250ng_FAIMS_003,1501750,,,0,0,-0,0,3,0,0,Q99ZW2,,,false,Q99ZW2,Q99ZW2,,false,EKIEKILTFR,KSEETITPWNFEEVVDK,438,468,10,17,5,1,442,468,3,,-1,0.09984,0.09984,9.618352,false,true,false,false,Self ,0,0.00082,1.37791,,0,0,0,0,0,810,259,0,
Scan: 36472 Run: DIA12_CV486075:20251228_A2_N1_Mueller_MS_TechHub_IMP_THIDDIAXL003_Cas9_PhoX_DIA12_CV486075_250ng_FAIMS_001 P1_KTEVQTGGFSK P2_KDWDPK 1 1,DIA12_CV486075:20251228_A2_N1_Mueller_MS_TechHub_IMP_THIDDIAXL003_Cas9_PhoX_DIA12_CV486075_250ng_FAIMS_001,36472,,,0,0,-0,0,3,0,0,Q99ZW2,,,false,Q99ZW2,Q99ZW2,,false,KDWDPK,KTEVQTGGFSK,1124,1097,6,11,1,1,1124,1097,3,,-1,0.099179,0.099179,9.616699,false,true,false,false,Self ,0,0.000821,1.378539,,0,0,0,0,0,455,840,0,
Scan: 1584711 Run: DIA12_CV486075:20251228_A2_N1_Mueller_MS_TechHub_IMP_THIDDIAXL003_Cas9_PhoX_DIA12_CV486075_250ng_FAIMS_003 P1_KPAFLSGEQK P2_ICYLQEIFSNEMAKVDDSFFHR 1 14,DIA12_CV486075:20251228_A2_N1_Mueller_MS_TechHub_IMP_THIDDIAXL003_Cas9_PhoX_DIA12_CV486075_250ng_FAIMS_003,1584711,,,0,0,-0,0,4,0,0,Q99ZW2,,,false,Q99ZW2,Q99ZW2,,false,ICYLQEIFSNEMAKVDDSFFHR,KPAFLSGEQK,79,536,22,10,14,1,92,536,4,,-1,0.099051,0.099051,9.61638,false,true,false,false,Self ,0,0.000821,1.379169,,0,0,0,0,0,808,1423,0,
Scan: 243217 Run: DIA12_CV486075:20251228_A2_N1_Mueller_MS_TechHub_IMP_THIDDIAXL003_Cas9_PhoX_DIA12_CV486075_250ng_FAIMS_001 P1_RQEDFYPFLKDNR P2_FKVLGNTDR 10 2,DIA12_CV486075:20251228_A2_N1_Mueller_MS_TechHub_IMP_THIDDIAXL003_Cas9_PhoX_DIA12_CV486075_250ng_FAIMS_001,243217,,,0,0,-0,0,4,0,0,Q99ZW2,,,false,Q99ZW2,Q99ZW2,,false,FKVLGNTDR,RQEDFYPFLKDNR,32,425,9,13,2,10,33,434,4,,-1,0.098871,0.098871,9.615928,false,true,false,false,Self ,0,0.000821,1.379799,,0,0,0,0,0,807,612,0,
Scan: 895587 Run: DIA12_CV486075:20251228_A2_N1_Mueller_MS_TechHub_IMP_THIDDIAXL003_Cas9_PhoX_DIA12_CV486075_250ng_FAIMS_002 P1_KNLIGALLFDSGETAEATR P2_KNLIGALLFDSGETAEATR 1 1,DIA12_CV486075:20251228_A2_N1_Mueller_MS_TechHub_IMP_THIDDIAXL003_Cas9_PhoX_DIA12_CV486075_250ng_FAIMS_002,895587,,,0,0,-0,0,4,0,0,Q99ZW2,,,false,Q99ZW2,Q99ZW2,,false,KNLIGALLFDSGETAEATR,KNLIGALLFDSGETAEATR,45,45,19,19,1,1,45,45,4,,-1,0.098734,0.098734,9.615586,false,true,false,false,Self ,0,0.000821,1.379799,,0,0,0,0,0,806,611,0,
Scan: 1783748 Run: DIA12_CV486075:20251228_A2_N1_Mueller_MS_TechHub_IMP_THIDDIAXL003_Cas9_PhoX_DIA12_CV486075_250ng_FAIMS_003 P1_SKLVSDFR P2_KPAFLSGEQK 2 1,DIA12_CV486075:20251228_A2_N1_Mueller_MS_TechHub_IMP_THIDDIAXL003_Cas9_PhoX_DIA12_CV486075_250ng_FAIMS_003,1783748,,,0,0,-0,0,4,0,0,Q99ZW2,,,false,Q99ZW2,Q99ZW2,,false,KPAFLSGEQK,SKLVSDFR,536,960,10,8,1,2,536,961,4,,-1,0.098691,0.098691,9.615479,false,true,false,false,Self ,0,0.000821,1.379799,,0,0,0,0,0,800,1309,0,
Scan: 744014 Run: DIA12_CV486075:20251228_A2_N1_Mueller_MS_TechHub_IMP_THIDDIAXL003_Cas9_PhoX_DIA12_CV486075_250ng_FAIMS_002 P1_LPKYSLFELENGR P2_KLINGIR 3 1,DIA12_CV486075:20251228_A2_N1_Mueller_MS_TechHub_IMP_THIDDIAXL003_Cas9_PhoX_DIA12_CV486075_250ng_FAIMS_002,744014,,,0,0,-0,0,3,0,0,Q99ZW2,,,false,Q99ZW2,Q99ZW2,,false,KLINGIR,LPKYSLFELENGR,665,1198,7,13,1,3,665,1200,3,,-1,0.098638,0.098638,9.615346,false,true,false,false,Self ,0,0.000821,1.379799,,0,0,0,0,0,804,1420,0,
Scan: 1578031 Run: DIA12_CV486075:20251228_A2_N1_Mueller_MS_TechHub_IMP_THIDDIAXL003_Cas9_PhoX_DIA12_CV486075_250ng_FAIMS_003 P1_KSEETITPWNFEEVVDK P2_KPAFLSGEQK 1 1,DIA12_CV486075:20251228_A2_N1_Mueller_MS_TechHub_IMP_THIDDIAXL003_Cas9_PhoX_DIA12_CV486075_250ng_FAIMS_003,1578031,,,0,0,-0,0,3,0,0,Q99ZW2,,,false,Q99ZW2,Q99ZW2,,false,KPAFLSGEQK,KSEETITPWNFEEVVDK,536,468,10,17,1,1,536,468,3,,-1,0.098208,0.098208,9.614271,false,true,false,false,Self ,0,0.000822,1.379799,,0,0,0,0,0,803,1553,0,
Scan: 839956 Run: DIA12_CV486075:20251228_A2_N1_Mueller_MS_TechHub_IMP_THIDDIAXL003_Cas9_PhoX_DIA12_CV486075_250ng_FAIMS_002 P1_LSKSR P2_FKVLGNTDR 3 2,DIA12_CV486075:20251228_A2_N1_Mueller_MS_TechHub_IMP_THIDDIAXL003_Cas9_PhoX_DIA12_CV486075_250ng_FAIMS_002,839956,,,0,0,-0,0,3,0,0,Q99ZW2,,,false,Q99ZW2,Q99ZW2,,false,FKVLGNTDR,LSKSR,32,216,9,5,2,3,33,218,3,,-1,0.097906,0.097906,9.613517,false,true,false,false,Self ,0,0.000822,1.38043,,0,0,0,0,0,802,610,0,
Scan: 1305075 Run: DIA12_CV486075:20251228_A2_N1_Mueller_MS_TechHub_IMP_THIDDIAXL003_Cas9_PhoX_DIA12_CV486075_250ng_FAIMS_003 P1_SVKELLGITIMER P2_IEKILTFR 3 3,DIA12_CV486075:20251228_A2_N1_Mueller_MS_TechHub_IMP_THIDDIAXL003_Cas9_PhoX_DIA12_CV486075_250ng_FAIMS_003,1305075,,,0,0,-0,0,4,0,0,Q99ZW2,,,false,Q99ZW2,Q99ZW2,,false,IEKILTFR,SVKELLGITIMER,440,1159,8,13,3,3,442,1161,4,,-1,0.097878,0.097878,9.613447,false,true,false,false,Self ,0,0.000822,1.38043,,0,0,0,0,0,801,609,0,
Scan: 1783706 Run: DIA12_CV486075:20251228_A2_N1_Mueller_MS_TechHub_IMP_THIDDIAXL003_Cas9_PhoX_DIA12_CV486075_250ng_FAIMS_003 P1_SKLVSDFR P2_KPAFLSGEQK 2 1,DIA12_CV486075:20251228_A2_N1_Mueller_MS_TechHub_IMP_THIDDIAXL003_Cas9_PhoX_DIA12_CV486075_250ng_FAIMS_003,1783706,,,0,0,-0,0,3,0,0,Q99ZW2,,,false,Q99ZW2,Q99ZW2,,false,KPAFLSGEQK,SKLVSDFR,536,960,10,8,1,2,536,961,3,,-1,0.097758,0.097758,9.613146,false,true,false,false,Self ,0,0.000822,1.38043,,0,0,0,0,0,800,1309,0,
Scan: 1359283 Run: DIA12_CV486075:20251228_A2_N1_Mueller_MS_TechHub_IMP_THIDDIAXL003_Cas9_PhoX_DIA12_CV486075_250ng_FAIMS_003 P1_LKGSPEDNEQK P2_GKSDNVPSEEVVK 2 2,DIA12_CV486075:20251228_A2_N1_Mueller_MS_TechHub_IMP_THIDDIAXL003_Cas9_PhoX_DIA12_CV486075_250ng_FAIMS_003,1359283,,,0,0,-0,0,3,0,0,Q99ZW2,,,false,Q99ZW2,Q99ZW2,,false,GKSDNVPSEEVVK,LKGSPEDNEQK,865,1245,13,11,2,2,866,1246,3,,-1,0.097679,0.097679,9.612948,false,true,false,false,Self ,0,0.000822,1.381693,,0,0,0,0,0,799,1377,0,
Scan: 382779 Run: DIA12_CV486075:20251228_A2_N1_Mueller_MS_TechHub_IMP_THIDDIAXL003_Cas9_PhoX_DIA12_CV486075_250ng_FAIMS_001 P1_KPAFLSGEQK P2_EKIEKILTFR 1 5,DIA12_CV486075:20251228_A2_N1_Mueller_MS_TechHub_IMP_THIDDIAXL003_Cas9_PhoX_DIA12_CV486075_250ng_FAIMS_001,382779,,,0,0,-0,0,3,0,0,Q99ZW2,,,false,Q99ZW2,Q99ZW2,,false,EKIEKILTFR,KPAFLSGEQK,438,536,10,10,5,1,442,536,3,,-1,0.097669,0.097669,9.612924,false,true,false,false,Self ,0,0.000822,1.381693,,0,0,0,0,0,798,1326,0,
Scan: 1202311 Run: DIA12_CV486075:20251228_A2_N1_Mueller_MS_TechHub_IMP_THIDDIAXL003_Cas9_PhoX_DIA12_CV486075_250ng_FAIMS_003 P1_QSGKTILDFLK P2_LESEFVYGDYKVYDVR 4 11,DIA12_CV486075:20251228_A2_N1_Mueller_MS_TechHub_IMP_THIDDIAXL003_Cas9_PhoX_DIA12_CV486075_250ng_FAIMS_003,1202311,,,0,0,-0,0,4,0,0,Q99ZW2,,,false,Q99ZW2,Q99ZW2,,false,LESEFVYGDYKVYDVR,QSGKTILDFLK,1004,674,16,11,11,4,1014,677,4,,-1,0.097158,0.097158,9.611646,false,true,false,false,Self ,0,0.000823,1.381693,,0,0,0,0,0,797,608,0,
Scan: 1283317 Run: DIA12_CV486075:20251228_A2_N1_Mueller_MS_TechHub_IMP_THIDDIAXL003_Cas9_PhoX_DIA12_CV486075_250ng_FAIMS_003 P1_NSDKLIAR P2_IEKILTFR 4 3,DIA12_CV486075:20251228_A2_N1_Mueller_MS_TechHub_IMP_THIDDIAXL003_Cas9_PhoX_DIA12_CV486075_250ng_FAIMS_003,1283317,,,0,0,-0,0,4,0,0,Q99ZW2,,,false,Q99ZW2,Q99ZW2,,false,IEKILTFR,NSDKLIAR,440,1115,8,8,3,4,442,1118,4,,-1,0.097132,0.097132,9.61158,false,true,false,false,Self ,0,0.000823,1.382326,,0,0,0,0,0,796,1273,0,
Scan: 1599161 Run: DIA12_CV486075:20251228_A2_N1_Mueller_MS_TechHub_IMP_THIDDIAXL003_Cas9_PhoX_DIA12_CV486075_250ng_FAIMS_003 P1_SSFEKNPIDFLEAK P2_KAIVDLLFK 5 1,DIA12_CV486075:20251228_A2_N1_Mueller_MS_TechHub_IMP_THIDDIAXL003_Cas9_PhoX_DIA12_CV486075_250ng_FAIMS_003,1599161,,,0,0,-0,0,3,0,0,Q99ZW2,,,false,Q99ZW2,Q99ZW2,,false,KAIVDLLFK,SSFEKNPIDFLEAK,546,1172,9,14,1,5,546,1176,3,,-1,0.097032,0.097032,9.611332,false,true,false,false,Self ,0,0.000823,1.384862,,0,0,0,0,0,795,607,0,
Scan: 1366333 Run: DIA12_CV486075:20251228_A2_N1_Mueller_MS_TechHub_IMP_THIDDIAXL003_Cas9_PhoX_DIA12_CV486075_250ng_FAIMS_003 P1_KDLIIK P2_GSPEDNEQKQLFVEQHK 1 9,DIA12_CV486075:20251228_A2_N1_Mueller_MS_TechHub_IMP_THIDDIAXL003_Cas9_PhoX_DIA12_CV486075_250ng_FAIMS_003,1366333,,,0,0,-0,0,4,0,0,Q99ZW2,,,false,Q99ZW2,Q99ZW2,,false,GSPEDNEQKQLFVEQHK,KDLIIK,1247,1192,17,6,9,1,1255,1192,4,,-1,0.096664,0.096664,9.610411,false,true,false,false,Self ,0,0.000823,1.386134,,0,0,0,0,0,794,606,0,
Scan: 1685222 Run: DIA12_CV486075:20251228_A2_N1_Mueller_MS_TechHub_IMP_THIDDIAXL003_Cas9_PhoX_DIA12_CV486075_250ng_FAIMS_003 P1_GILQTVKVVDELVK P2_DLIIKLPK 7 5,DIA12_CV486075:20251228_A2_N1_Mueller_MS_TechHub_IMP_THIDDIAXL003_Cas9_PhoX_DIA12_CV486075_250ng_FAIMS_003,1685222,,,0,0,-0,0,4,0,0,Q99ZW2,,,false,Q99ZW2,Q99ZW2,,false,DLIIKLPK,GILQTVKVVDELVK,1193,736,8,14,5,7,1197,742,4,,-1,0.095954,0.095954,9.608637,false,true,false,false,Self ,0,0.000824,1.388046,,0,0,0,0,0,793,605,0,
Scan: 573519 Run: DIA12_CV486075:20251228_A2_N1_Mueller_MS_TechHub_IMP_THIDDIAXL003_Cas9_PhoX_DIA12_CV486075_250ng_FAIMS_001 P1_QITKHVAQILDSR P2_GQKNSR 4 3,DIA12_CV486075:20251228_A2_N1_Mueller_MS_TechHub_IMP_THIDDIAXL003_Cas9_PhoX_DIA12_CV486075_250ng_FAIMS_001,573519,,,0,0,-0,0,3,0,0,Q99ZW2,,,false,Q99ZW2,Q99ZW2,,false,GQKNSR,QITKHVAQILDSR,773,926,6,13,3,4,775,929,3,,-1,0.095825,0.095825,9.608314,false,true,false,false,Self ,0,0.000824,1.388046,,0,0,0,0,0,448,1282,0,
Scan: 515418 Run: DIA12_CV486075:20251228_A2_N1_Mueller_MS_TechHub_IMP_THIDDIAXL003_Cas9_PhoX_DIA12_CV486075_250ng_FAIMS_001 P1_LKTYAHLFDDK P2_IEEGIKELGSQILK 2 6,DIA12_CV486075:20251228_A2_N1_Mueller_MS_TechHub_IMP_THIDDIAXL003_Cas9_PhoX_DIA12_CV486075_250ng_FAIMS_001,515418,,,0,0,-0,0,4,0,0,Q99ZW2,,,false,Q99ZW2,Q99ZW2,,false,IEEGIKELGSQILK,LKTYAHLFDDK,784,636,14,11,6,2,789,637,4,,-1,0.09521,0.09521,9.606775,false,true,false,false,Self ,0,0.000824,1.388046,,0,0,0,0,0,791,604,0,
Scan: 1739609 Run: DIA12_CV486075:20251228_A2_N1_Mueller_MS_TechHub_IMP_THIDDIAXL003_Cas9_PhoX_DIA12_CV486075_250ng_FAIMS_003 P1_NSDKLIAR P2_GKSDNVPSEEVVK 4 2,DIA12_CV486075:20251228_A2_N1_Mueller_MS_TechHub_IMP_THIDDIAXL003_Cas9_PhoX_DIA12_CV486075_250ng_FAIMS_003,1739609,,,0,0,-0,0,3,0,0,Q99ZW2,,,false,Q99ZW2,Q99ZW2,,false,GKSDNVPSEEVVK,NSDKLIAR,865,1115,13,8,2,4,866,1118,3,,-1,0.095102,0.095102,9.606506,false,true,false,false,Self ,0,0.000824,1.388046,,0,0,0,0,0,790,1356,0,
Scan: 688337 Run: DIA12_CV486075:20251228_A2_N1_Mueller_MS_TechHub_IMP_THIDDIAXL003_Cas9_PhoX_DIA12_CV486075_250ng_FAIMS_002 P1_RNSDKLIAR P2_DKQSGK 5 2,DIA12_CV486075:20251228_A2_N1_Mueller_MS_TechHub_IMP_THIDDIAXL003_Cas9_PhoX_DIA12_CV486075_250ng_FAIMS_002,688337,,,0,0,-0,0,4,0,0,Q99ZW2,,,false,Q99ZW2,Q99ZW2,,false,DKQSGK,RNSDKLIAR,672,1114,6,9,2,5,673,1118,4,,-1,0.094811,0.094811,9.605779,false,true,false,false,Self ,0,0.000825,1.391244,,0,0,0,0,0,7,836,0,
Scan: 1311705 Run: DIA12_CV486075:20251228_A2_N1_Mueller_MS_TechHub_IMP_THIDDIAXL003_Cas9_PhoX_DIA12_CV486075_250ng_FAIMS_003 P1_SSFEKNPIDFLEAK P2_SEETITPWNFEEVVDKGASAQSFIER 5 16,DIA12_CV486075:20251228_A2_N1_Mueller_MS_TechHub_IMP_THIDDIAXL003_Cas9_PhoX_DIA12_CV486075_250ng_FAIMS_003,1311705,,,0,0,-0,0,5,0,0,Q99ZW2,,,false,Q99ZW2,Q99ZW2,,false,SEETITPWNFEEVVDKGASAQSFIER,SSFEKNPIDFLEAK,469,1172,26,14,16,5,484,1176,5,,-1,0.094447,0.094447,9.604869,false,true,false,false,Self ,0,0.000825,1.391244,,0,0,0,0,0,788,1234,0,
Scan: 98265 Run: DIA12_CV486075:20251228_A2_N1_Mueller_MS_TechHub_IMP_THIDDIAXL003_Cas9_PhoX_DIA12_CV486075_250ng_FAIMS_001 P1_KLINGIR P2_KDWDPKK 1 1,DIA12_CV486075:20251228_A2_N1_Mueller_MS_TechHub_IMP_THIDDIAXL003_Cas9_PhoX_DIA12_CV486075_250ng_FAIMS_001,98265,,,0,0,-0,0,4,0,0,Q99ZW2,,,false,Q99ZW2,Q99ZW2,,false,KDWDPKK,KLINGIR,1124,665,7,7,1,1,1124,665,4,,-1,0.094392,0.094392,9.604732,false,true,false,false,Self ,0,0.000825,1.391886,,0,0,0,0,0,787,59,0,
Scan: 1101732 Run: DIA12_CV486075:20251228_A2_N1_Mueller_MS_TechHub_IMP_THIDDIAXL003_Cas9_PhoX_DIA12_CV486075_250ng_FAIMS_002 P1_VVDELVKVMGR P2_KLINGIR 7 1,DIA12_CV486075:20251228_A2_N1_Mueller_MS_TechHub_IMP_THIDDIAXL003_Cas9_PhoX_DIA12_CV486075_250ng_FAIMS_002,1101732,,,0,0,-0,0,4,0,0,Q99ZW2,,,false,Q99ZW2,Q99ZW2,,false,KLINGIR,VVDELVKVMGR,665,743,7,11,1,7,665,749,4,,-1,0.094367,0.094367,9.604668,false,true,false,false,Self ,0,0.000825,1.392528,,0,0,0,0,0,784,1306,0,
Scan: 1194626 Run: DIA12_CV486075:20251228_A2_N1_Mueller_MS_TechHub_IMP_THIDDIAXL003_Cas9_PhoX_DIA12_CV486075_250ng_FAIMS_002 P1_SKLVSDFR P2_EINNYHHAHDAYLNAVVGTALIKK 2 23,DIA12_CV486075:20251228_A2_N1_Mueller_MS_TechHub_IMP_THIDDIAXL003_Cas9_PhoX_DIA12_CV486075_250ng_FAIMS_002,1194626,,,0,0,-0,0,5,0,0,Q99ZW2,,,false,Q99ZW2,Q99ZW2,,false,EINNYHHAHDAYLNAVVGTALIKK,SKLVSDFR,977,960,24,8,23,2,999,961,5,,-1,0.094127,0.094127,9.604068,false,true,false,false,Self ,0,0.000825,1.39317,,0,0,0,0,0,785,603,0,
Scan: 1699234 Run: DIA12_CV486075:20251228_A2_N1_Mueller_MS_TechHub_IMP_THIDDIAXL003_Cas9_PhoX_DIA12_CV486075_250ng_FAIMS_003 P1_VVDELVKVMGR P2_KLINGIR 7 1,DIA12_CV486075:20251228_A2_N1_Mueller_MS_TechHub_IMP_THIDDIAXL003_Cas9_PhoX_DIA12_CV486075_250ng_FAIMS_003,1699234,,,0,0,-0,0,3,0,0,Q99ZW2,,,false,Q99ZW2,Q99ZW2,,false,KLINGIR,VVDELVKVMGR,665,743,7,11,1,7,665,749,3,,-1,0.09391,0.09391,9.603527,false,true,false,false,Self ,0,0.000825,1.39317,,0,0,0,0,0,784,1306,0,
Scan: 112462 Run: DIA12_CV486075:20251228_A2_N1_Mueller_MS_TechHub_IMP_THIDDIAXL003_Cas9_PhoX_DIA12_CV486075_250ng_FAIMS_001 P1_SSFEKNPIDFLEAK P2_KKDWDPKK 5 2,DIA12_CV486075:20251228_A2_N1_Mueller_MS_TechHub_IMP_THIDDIAXL003_Cas9_PhoX_DIA12_CV486075_250ng_FAIMS_001,112462,,,0,0,-0,0,3,0,0,Q99ZW2,,,false,Q99ZW2,Q99ZW2,,false,KKDWDPKK,SSFEKNPIDFLEAK,1123,1172,8,14,2,5,1124,1176,3,,-1,0.093757,0.093757,9.603144,false,true,false,false,Self ,0,0.000826,1.39317,,0,0,0,0,0,783,602,0,
Scan: 588807 Run: DIA12_CV486075:20251228_A2_N1_Mueller_MS_TechHub_IMP_THIDDIAXL003_Cas9_PhoX_DIA12_CV486075_250ng_FAIMS_001 P1_SKLVSDFR P2_NLPNEKVLPK 2 6,DIA12_CV486075:20251228_A2_N1_Mueller_MS_TechHub_IMP_THIDDIAXL003_Cas9_PhoX_DIA12_CV486075_250ng_FAIMS_001,588807,,,0,0,-0,0,3,0,0,Q99ZW2,,,false,Q99ZW2,Q99ZW2,,false,NLPNEKVLPK,SKLVSDFR,501,960,10,8,6,2,506,961,3,,-1,0.093712,0.093712,9.603032,false,true,false,false,Self ,0,0.000826,1.393813,,0,0,0,0,0,782,601,0,
Scan: 1425193 Run: DIA12_CV486075:20251228_A2_N1_Mueller_MS_TechHub_IMP_THIDDIAXL003_Cas9_PhoX_DIA12_CV486075_250ng_FAIMS_003 P1_VNTEITKAPLSASMIK P2_KDLIIK 7 1,DIA12_CV486075:20251228_A2_N1_Mueller_MS_TechHub_IMP_THIDDIAXL003_Cas9_PhoX_DIA12_CV486075_250ng_FAIMS_003,1425193,,,0,0,-0,0,3,0,0,Q99ZW2,,,false,Q99ZW2,Q99ZW2,,false,KDLIIK,VNTEITKAPLSASMIK,1192,308,6,16,1,7,1192,314,3,,-1,0.093562,0.093562,9.602656,false,true,false,false,Self ,0,0.000826,1.394457,,0,0,0,0,0,781,600,0,
Scan: 1142700 Run: DIA12_CV486075:20251228_A2_N1_Mueller_MS_TechHub_IMP_THIDDIAXL003_Cas9_PhoX_DIA12_CV486075_250ng_FAIMS_002 P1_GKSDNVPSEEVVK P2_DKPIR 2 2,DIA12_CV486075:20251228_A2_N1_Mueller_MS_TechHub_IMP_THIDDIAXL003_Cas9_PhoX_DIA12_CV486075_250ng_FAIMS_002,1142700,,,0,0,-0,0,3,0,0,Q99ZW2,,,false,Q99ZW2,Q99ZW2,,false,DKPIR,GKSDNVPSEEVVK,1299,865,5,13,2,2,1300,866,3,,-1,0.093031,0.093031,9.601329,false,true,false,false,Self ,0,0.000826,1.397038,,0,0,0,0,0,780,599,0,
Scan: 134546 Run: DIA12_CV486075:20251228_A2_N1_Mueller_MS_TechHub_IMP_THIDDIAXL003_Cas9_PhoX_DIA12_CV486075_250ng_FAIMS_001 P1_NPIDFLEAKGYK P2_IEKILTFR 9 3,DIA12_CV486075:20251228_A2_N1_Mueller_MS_TechHub_IMP_THIDDIAXL003_Cas9_PhoX_DIA12_CV486075_250ng_FAIMS_001,134546,,,0,0,-0,0,3,0,0,Q99ZW2,,,false,Q99ZW2,Q99ZW2,,false,IEKILTFR,NPIDFLEAKGYK,440,1177,8,12,3,9,442,1185,3,,-1,0.092853,0.092853,9.600884,false,true,false,false,Self ,0,0.000826,1.397685,,0,0,0,0,0,779,598,0,
Scan: 1190955 Run: DIA12_CV486075:20251228_A2_N1_Mueller_MS_TechHub_IMP_THIDDIAXL003_Cas9_PhoX_DIA12_CV486075_250ng_FAIMS_002 P1_LVSDFRKDFQFYK P2_GNELALPSKYVNFLYLASHYEK 7 9,DIA12_CV486075:20251228_A2_N1_Mueller_MS_TechHub_IMP_THIDDIAXL003_Cas9_PhoX_DIA12_CV486075_250ng_FAIMS_002,1190955,,,0,0,-0,0,5,0,0,Q99ZW2,,,false,Q99ZW2,Q99ZW2,,false,GNELALPSKYVNFLYLASHYEK,LVSDFRKDFQFYK,1223,962,22,13,9,7,1231,968,5,,-1,0.092543,0.092543,9.600108,false,true,false,false,Self ,0,0.000827,1.397685,,0,0,0,0,0,778,541,0,
Scan: 483628 Run: DIA12_CV486075:20251228_A2_N1_Mueller_MS_TechHub_IMP_THIDDIAXL003_Cas9_PhoX_DIA12_CV486075_250ng_FAIMS_001 P1_LSKSR P2_KGILQTVK 3 1,DIA12_CV486075:20251228_A2_N1_Mueller_MS_TechHub_IMP_THIDDIAXL003_Cas9_PhoX_DIA12_CV486075_250ng_FAIMS_001,483628,,,0,0,-0,0,3,0,0,Q99ZW2,,,false,Q99ZW2,Q99ZW2,,false,KGILQTVK,LSKSR,735,216,8,5,1,3,735,218,3,,-1,0.092499,0.092499,9.599998,false,true,false,false,Self ,0,0.000827,1.397685,,0,0,0,0,0,777,596,0,
Scan: 841920 Run: DIA12_CV486075:20251228_A2_N1_Mueller_MS_TechHub_IMP_THIDDIAXL003_Cas9_PhoX_DIA12_CV486075_250ng_FAIMS_002 P1_KVTVK P2_FKVLGNTDR 1 2,DIA12_CV486075:20251228_A2_N1_Mueller_MS_TechHub_IMP_THIDDIAXL003_Cas9_PhoX_DIA12_CV486075_250ng_FAIMS_002,841920,,,0,0,-0,0,3,0,0,Q99ZW2,,,false,Q99ZW2,Q99ZW2,,false,FKVLGNTDR,KVTVK,32,558,9,5,2,1,33,558,3,,-1,0.09245,0.09245,9.599876,false,true,false,false,Self ,0,0.000827,1.397685,,0,0,0,0,0,776,595,0,
Scan: 509553 Run: DIA12_CV486075:20251228_A2_N1_Mueller_MS_TechHub_IMP_THIDDIAXL003_Cas9_PhoX_DIA12_CV486075_250ng_FAIMS_001 P1_LVDSTDKADLR P2_ENQTTQKGQK 7 7,DIA12_CV486075:20251228_A2_N1_Mueller_MS_TechHub_IMP_THIDDIAXL003_Cas9_PhoX_DIA12_CV486075_250ng_FAIMS_001,509553,,,0,0,-0,0,3,0,0,Q99ZW2,,,false,Q99ZW2,Q99ZW2,,false,ENQTTQKGQK,LVDSTDKADLR,766,142,10,11,7,7,772,148,3,,-1,0.092334,0.092334,9.599585,false,true,false,false,Self ,0,0.000827,1.398333,,0,0,0,0,0,775,594,0,
Scan: 839119 Run: DIA12_CV486075:20251228_A2_N1_Mueller_MS_TechHub_IMP_THIDDIAXL003_Cas9_PhoX_DIA12_CV486075_250ng_FAIMS_002 P1_RNSDKLIAR P2_FKVLGNTDR 5 2,DIA12_CV486075:20251228_A2_N1_Mueller_MS_TechHub_IMP_THIDDIAXL003_Cas9_PhoX_DIA12_CV486075_250ng_FAIMS_002,839119,,,0,0,-0,0,4,0,0,Q99ZW2,,,false,Q99ZW2,Q99ZW2,,false,FKVLGNTDR,RNSDKLIAR,32,1114,9,9,2,5,33,1118,4,,-1,0.092317,0.092317,9.599545,false,true,false,false,Self ,0,0.000827,1.398333,,0,0,0,0,0,774,593,0,
Scan: 1784580 Run: DIA12_CV486075:20251228_A2_N1_Mueller_MS_TechHub_IMP_THIDDIAXL003_Cas9_PhoX_DIA12_CV486075_250ng_FAIMS_003 P1_SKLVSDFR P2_GKSDNVPSEEVVK 2 2,DIA12_CV486075:20251228_A2_N1_Mueller_MS_TechHub_IMP_THIDDIAXL003_Cas9_PhoX_DIA12_CV486075_250ng_FAIMS_003,1784580,,,0,0,-0,0,4,0,0,Q99ZW2,,,false,Q99ZW2,Q99ZW2,,false,GKSDNVPSEEVVK,SKLVSDFR,865,960,13,8,2,2,866,961,4,,-1,0.092126,0.092126,9.599065,false,true,false,false,Self ,0,0.000827,1.398981,,0,0,0,0,0,773,1316,0,
Scan: 1291804 Run: DIA12_CV486075:20251228_A2_N1_Mueller_MS_TechHub_IMP_THIDDIAXL003_Cas9_PhoX_DIA12_CV486075_250ng_FAIMS_003 P1_TEVQTGGFSKESILPK P2_KKDWDPK 10 2,DIA12_CV486075:20251228_A2_N1_Mueller_MS_TechHub_IMP_THIDDIAXL003_Cas9_PhoX_DIA12_CV486075_250ng_FAIMS_003,1291804,,,0,0,-0,0,4,0,0,Q99ZW2,,,false,Q99ZW2,Q99ZW2,,false,KKDWDPK,TEVQTGGFSKESILPK,1123,1098,7,16,2,10,1124,1107,4,,-1,0.09212,0.09212,9.599051,false,true,false,false,Self ,0,0.000827,1.398981,,0,0,0,0,0,772,53,0,
Scan: 839917 Run: DIA12_CV486075:20251228_A2_N1_Mueller_MS_TechHub_IMP_THIDDIAXL003_Cas9_PhoX_DIA12_CV486075_250ng_FAIMS_002 P1_LVDSTDKADLR P2_FKVLGNTDR 7 2,DIA12_CV486075:20251228_A2_N1_Mueller_MS_TechHub_IMP_THIDDIAXL003_Cas9_PhoX_DIA12_CV486075_250ng_FAIMS_002,839917,,,0,0,-0,0,3,0,0,Q99ZW2,,,false,Q99ZW2,Q99ZW2,,false,FKVLGNTDR,LVDSTDKADLR,32,142,9,11,2,7,33,148,3,,-1,0.091837,0.091837,9.598343,false,true,false,false,Self ,0,0.000827,1.401578,,0,0,0,0,0,771,591,0,
Scan: 1422981 Run: DIA12_CV486075:20251228_A2_N1_Mueller_MS_TechHub_IMP_THIDDIAXL003_Cas9_PhoX_DIA12_CV486075_250ng_FAIMS_003 P1_SNFDLAEDAKLQLSK P2_KLINGIR 10 1,DIA12_CV486075:20251228_A2_N1_Mueller_MS_TechHub_IMP_THIDDIAXL003_Cas9_PhoX_DIA12_CV486075_250ng_FAIMS_003,1422981,,,0,0,-0,0,4,0,0,Q99ZW2,,,false,Q99ZW2,Q99ZW2,,false,KLINGIR,SNFDLAEDAKLQLSK,665,254,7,15,1,10,665,263,4,,-1,0.091556,0.091556,9.597641,false,true,false,false,Self ,0,0.000827,1.403533,,0,0,0,0,0,770,590,0,
Scan: 1678173 Run: DIA12_CV486075:20251228_A2_N1_Mueller_MS_TechHub_IMP_THIDDIAXL003_Cas9_PhoX_DIA12_CV486075_250ng_FAIMS_003 P1_KKDWDPK P2_KGILQTVK 1 1,DIA12_CV486075:20251228_A2_N1_Mueller_MS_TechHub_IMP_THIDDIAXL003_Cas9_PhoX_DIA12_CV486075_250ng_FAIMS_003,1678173,,,0,0,-0,0,4,0,0,Q99ZW2,,,false,Q99ZW2,Q99ZW2,,false,KGILQTVK,KKDWDPK,735,1123,8,7,1,1,735,1123,4,,-1,0.091335,0.091335,9.597087,false,true,false,false,Self ,0,0.000828,1.403533,,0,0,0,0,0,769,589,0,
Scan: 1270057 Run: DIA12_CV486075:20251228_A2_N1_Mueller_MS_TechHub_IMP_THIDDIAXL003_Cas9_PhoX_DIA12_CV486075_250ng_FAIMS_003 P1_TEVQTGGFSKESILPK P2_ELGSQILKEHPVENTQLQNEK 10 8,DIA12_CV486075:20251228_A2_N1_Mueller_MS_TechHub_IMP_THIDDIAXL003_Cas9_PhoX_DIA12_CV486075_250ng_FAIMS_003,1270057,,,0,0,-0,0,4,0,0,Q99ZW2,,,false,Q99ZW2,Q99ZW2,,false,ELGSQILKEHPVENTQLQNEK,TEVQTGGFSKESILPK,790,1098,21,16,8,10,797,1107,4,,-1,0.091187,0.091187,9.596719,false,true,false,false,Self ,0,0.000828,1.403533,,0,0,0,0,0,768,588,0,
Scan: 452947 Run: DIA12_CV486075:20251228_A2_N1_Mueller_MS_TechHub_IMP_THIDDIAXL003_Cas9_PhoX_DIA12_CV486075_250ng_FAIMS_001 P1_ESILPKR P2_EDIQKAQVSGQGDSLHEHIANLAGSPAIK 6 5,DIA12_CV486075:20251228_A2_N1_Mueller_MS_TechHub_IMP_THIDDIAXL003_Cas9_PhoX_DIA12_CV486075_250ng_FAIMS_001,452947,,,0,0,-0,0,5,0,0,Q99ZW2,,,false,Q99ZW2,Q99ZW2,,false,EDIQKAQVSGQGDSLHEHIANLAGSPAIK,ESILPKR,706,1108,29,7,5,6,710,1113,5,,-1,0.091146,0.091146,9.596616,false,true,false,false,Self ,0,0.000828,1.403533,,0,0,0,0,0,767,1332,0,
Scan: 341355 Run: DIA12_CV486075:20251228_A2_N1_Mueller_MS_TechHub_IMP_THIDDIAXL003_Cas9_PhoX_DIA12_CV486075_250ng_FAIMS_001 P1_KSEETITPWNFEEVVDKGASAQSFIER P2_KKDWDPK 17 1,DIA12_CV486075:20251228_A2_N1_Mueller_MS_TechHub_IMP_THIDDIAXL003_Cas9_PhoX_DIA12_CV486075_250ng_FAIMS_001,341355,,,0,0,-0,0,4,0,0,Q99ZW2,,,false,Q99ZW2,Q99ZW2,,false,KKDWDPK,KSEETITPWNFEEVVDKGASAQSFIER,1123,468,7,27,1,17,1123,484,4,,-1,0.091085,0.091085,9.596464,false,true,false,false,Self ,0,0.000828,1.403533,,0,0,0,0,0,766,587,0,
Scan: 1452879 Run: DIA12_CV486075:20251228_A2_N1_Mueller_MS_TechHub_IMP_THIDDIAXL003_Cas9_PhoX_DIA12_CV486075_250ng_FAIMS_003 P1_YKEIFFDQSK P2_FIKPILEKMDGTEELLVK 2 8,DIA12_CV486075:20251228_A2_N1_Mueller_MS_TechHub_IMP_THIDDIAXL003_Cas9_PhoX_DIA12_CV486075_250ng_FAIMS_003,1452879,,,0,0,-0,0,4,0,0,Q99ZW2,,,false,Q99ZW2,Q99ZW2,,false,FIKPILEKMDGTEELLVK,YKEIFFDQSK,375,347,18,10,8,2,382,348,4,,-1,0.09085,0.09085,9.595877,false,true,false,false,Self ,0,0.000828,1.405493,,0,0,0,0,0,765,586,0,
Scan: 93031 Run: DIA12_CV486075:20251228_A2_N1_Mueller_MS_TechHub_IMP_THIDDIAXL003_Cas9_PhoX_DIA12_CV486075_250ng_FAIMS_001 P1_SDKNR P2_NSDKLIAR 3 4,DIA12_CV486075:20251228_A2_N1_Mueller_MS_TechHub_IMP_THIDDIAXL003_Cas9_PhoX_DIA12_CV486075_250ng_FAIMS_001,93031,,,0,0,-0,0,3,0,0,Q99ZW2,,,false,Q99ZW2,Q99ZW2,,false,NSDKLIAR,SDKNR,1115,860,8,5,4,3,1118,862,3,,-1,0.090551,0.090551,9.595129,false,true,false,false,Self ,0,0.000828,1.405493,,0,0,0,0,0,764,585,0,
Scan: 1202527 Run: DIA12_CV486075:20251228_A2_N1_Mueller_MS_TechHub_IMP_THIDDIAXL003_Cas9_PhoX_DIA12_CV486075_250ng_FAIMS_003 P1_LESEFVYGDYKVYDVR P2_GKSDNVPSEEVVK 11 2,DIA12_CV486075:20251228_A2_N1_Mueller_MS_TechHub_IMP_THIDDIAXL003_Cas9_PhoX_DIA12_CV486075_250ng_FAIMS_003,1202527,,,0,0,-0,0,4,0,0,Q99ZW2,,,false,Q99ZW2,Q99ZW2,,false,GKSDNVPSEEVVK,LESEFVYGDYKVYDVR,865,1004,13,16,2,11,866,1014,4,,-1,0.090518,0.090518,9.595045,false,true,false,false,Self ,0,0.000828,1.405493,,0,0,0,0,0,763,584,0,
Scan: 1549696 Run: DIA12_CV486075:20251228_A2_N1_Mueller_MS_TechHub_IMP_THIDDIAXL003_Cas9_PhoX_DIA12_CV486075_250ng_FAIMS_003 P1_MTNFDKNLPNEK P2_KDLIIKLPK 6 6,DIA12_CV486075:20251228_A2_N1_Mueller_MS_TechHub_IMP_THIDDIAXL003_Cas9_PhoX_DIA12_CV486075_250ng_FAIMS_003,1549696,,,0,0,-0,0,4,0,0,Q99ZW2,,,false,Q99ZW2,Q99ZW2,,false,KDLIIKLPK,MTNFDKNLPNEK,1192,495,9,12,6,6,1197,500,4,,-1,0.090074,0.090074,9.593937,false,true,false,false,Self ,0,0.000829,1.406148,,0,0,0,0,0,762,583,0,
Scan: 1679957 Run: DIA12_CV486075:20251228_A2_N1_Mueller_MS_TechHub_IMP_THIDDIAXL003_Cas9_PhoX_DIA12_CV486075_250ng_FAIMS_003 P1_SKLVSDFR P2_KGILQTVK 2 1,DIA12_CV486075:20251228_A2_N1_Mueller_MS_TechHub_IMP_THIDDIAXL003_Cas9_PhoX_DIA12_CV486075_250ng_FAIMS_003,1679957,,,0,0,-0,0,4,0,0,Q99ZW2,,,false,Q99ZW2,Q99ZW2,,false,KGILQTVK,SKLVSDFR,735,960,8,8,1,2,735,961,4,,-1,0.089711,0.089711,9.59303,false,true,false,false,Self ,0,0.000829,1.407459,,0,0,0,0,0,761,858,0,
Scan: 1200843 Run: DIA12_CV486075:20251228_A2_N1_Mueller_MS_TechHub_IMP_THIDDIAXL003_Cas9_PhoX_DIA12_CV486075_250ng_FAIMS_003 P1_LESEFVYGDYKVYDVR P2_LESEFVYGDYKVYDVR 11 11,DIA12_CV486075:20251228_A2_N1_Mueller_MS_TechHub_IMP_THIDDIAXL003_Cas9_PhoX_DIA12_CV486075_250ng_FAIMS_003,1200843,,,0,0,-0,0,4,0,0,Q99ZW2,,,false,Q99ZW2,Q99ZW2,,false,LESEFVYGDYKVYDVR,LESEFVYGDYKVYDVR,1004,1004,16,16,11,11,1014,1014,4,,-1,0.089671,0.089671,9.592929,false,true,false,false,Self ,0,0.000829,1.408116,,0,0,0,0,0,760,582,0,
Scan: 1211835 Run: DIA12_CV486075:20251228_A2_N1_Mueller_MS_TechHub_IMP_THIDDIAXL003_Cas9_PhoX_DIA12_CV486075_250ng_FAIMS_003 P1_KMIAK P2_ATAKYFFYSNIMNFFK 1 4,DIA12_CV486075:20251228_A2_N1_Mueller_MS_TechHub_IMP_THIDDIAXL003_Cas9_PhoX_DIA12_CV486075_250ng_FAIMS_003,1211835,,,0,0,-0,0,4,0,0,Q99ZW2,,,false,Q99ZW2,Q99ZW2,,false,ATAKYFFYSNIMNFFK,KMIAK,1032,1020,16,5,4,1,1035,1020,4,,-1,0.089658,0.089658,9.592895,false,true,false,false,Self ,0,0.000829,1.408116,,0,0,0,0,0,759,581,0,
Scan: 813275 Run: DIA12_CV486075:20251228_A2_N1_Mueller_MS_TechHub_IMP_THIDDIAXL003_Cas9_PhoX_DIA12_CV486075_250ng_FAIMS_002 P1_LENLIAQLPGEKK P2_KGILQTVK 12 1,DIA12_CV486075:20251228_A2_N1_Mueller_MS_TechHub_IMP_THIDDIAXL003_Cas9_PhoX_DIA12_CV486075_250ng_FAIMS_002,813275,,,0,0,-0,0,4,0,0,Q99ZW2,,,false,Q99ZW2,Q99ZW2,,false,KGILQTVK,LENLIAQLPGEKK,735,222,8,13,1,12,735,233,4,,-1,0.089551,0.089551,9.592628,false,true,false,false,Self ,0,0.000829,1.40943,,0,0,0,0,0,758,580,0,
Scan: 781055 Run: DIA12_CV486075:20251228_A2_N1_Mueller_MS_TechHub_IMP_THIDDIAXL003_Cas9_PhoX_DIA12_CV486075_250ng_FAIMS_002 P1_VILADANLDKVLSAYNK P2_FKVLGNTDR 10 2,DIA12_CV486075:20251228_A2_N1_Mueller_MS_TechHub_IMP_THIDDIAXL003_Cas9_PhoX_DIA12_CV486075_250ng_FAIMS_002,781055,,,0,0,-0,0,4,0,0,Q99ZW2,,,false,Q99ZW2,Q99ZW2,,false,FKVLGNTDR,VILADANLDKVLSAYNK,32,1280,9,17,2,10,33,1289,4,,-1,0.0894,0.0894,9.592252,false,true,false,false,Self ,0,0.000829,1.40943,,0,0,0,0,0,757,579,0,
Scan: 1058031 Run: DIA12_CV486075:20251228_A2_N1_Mueller_MS_TechHub_IMP_THIDDIAXL003_Cas9_PhoX_DIA12_CV486075_250ng_FAIMS_002 P1_EDIQKAQVSGQGDSLHEHIANLAGSPAIK P2_DKQSGK 5 2,DIA12_CV486075:20251228_A2_N1_Mueller_MS_TechHub_IMP_THIDDIAXL003_Cas9_PhoX_DIA12_CV486075_250ng_FAIMS_002,1058031,,,0,0,-0,0,4,0,0,Q99ZW2,,,false,Q99ZW2,Q99ZW2,,false,DKQSGK,EDIQKAQVSGQGDSLHEHIANLAGSPAIK,672,706,6,29,2,5,673,710,4,,-1,0.088787,0.088787,9.590718,false,true,false,false,Self ,0,0.00083,1.412067,,0,0,0,0,0,230,1569,0,
Scan: 513108 Run: DIA12_CV486075:20251228_A2_N1_Mueller_MS_TechHub_IMP_THIDDIAXL003_Cas9_PhoX_DIA12_CV486075_250ng_FAIMS_001 P1_GQKNSR P2_DDSIDNKVLTR 3 7,DIA12_CV486075:20251228_A2_N1_Mueller_MS_TechHub_IMP_THIDDIAXL003_Cas9_PhoX_DIA12_CV486075_250ng_FAIMS_001,513108,,,0,0,-0,0,4,0,0,Q99ZW2,,,false,Q99ZW2,Q99ZW2,,false,DDSIDNKVLTR,GQKNSR,849,773,11,6,7,3,855,775,4,,-1,0.088772,0.088772,9.590682,false,true,false,false,Self ,0,0.00083,1.412067,,0,0,0,0,0,755,1358,0,
Scan: 1466397 Run: DIA12_CV486075:20251228_A2_N1_Mueller_MS_TechHub_IMP_THIDDIAXL003_Cas9_PhoX_DIA12_CV486075_250ng_FAIMS_003 P1_KAIVDLLFK P2_EIFFDQSKNGYAGYIDGGASQEEFYK 1 8,DIA12_CV486075:20251228_A2_N1_Mueller_MS_TechHub_IMP_THIDDIAXL003_Cas9_PhoX_DIA12_CV486075_250ng_FAIMS_003,1466397,,,0,0,-0,0,4,0,0,Q99ZW2,,,false,Q99ZW2,Q99ZW2,,false,EIFFDQSKNGYAGYIDGGASQEEFYK,KAIVDLLFK,349,546,26,9,8,1,356,546,4,,-1,0.088611,0.088611,9.590278,false,true,false,false,Self ,0,0.00083,1.412067,,0,0,0,0,0,754,578,0,
Scan: 1340651 Run: DIA12_CV486075:20251228_A2_N1_Mueller_MS_TechHub_IMP_THIDDIAXL003_Cas9_PhoX_DIA12_CV486075_250ng_FAIMS_003 P1_LPKYSLFELENGR P2_IEKILTFR 3 3,DIA12_CV486075:20251228_A2_N1_Mueller_MS_TechHub_IMP_THIDDIAXL003_Cas9_PhoX_DIA12_CV486075_250ng_FAIMS_003,1340651,,,0,0,-0,0,4,0,0,Q99ZW2,,,false,Q99ZW2,Q99ZW2,,false,IEKILTFR,LPKYSLFELENGR,440,1198,8,13,3,3,442,1200,4,,-1,0.088581,0.088581,9.590203,false,true,false,false,Self ,0,0.00083,1.412067,,0,0,0,0,0,753,577,0,
Scan: 1398655 Run: DIA12_CV486075:20251228_A2_N1_Mueller_MS_TechHub_IMP_THIDDIAXL003_Cas9_PhoX_DIA12_CV486075_250ng_FAIMS_003 P1_KLVDSTDK P2_DLIIKLPK 1 5,DIA12_CV486075:20251228_A2_N1_Mueller_MS_TechHub_IMP_THIDDIAXL003_Cas9_PhoX_DIA12_CV486075_250ng_FAIMS_003,1398655,,,0,0,-0,0,3,0,0,Q99ZW2,,,false,Q99ZW2,Q99ZW2,,false,DLIIKLPK,KLVDSTDK,1193,141,8,8,5,1,1197,141,3,,-1,0.088481,0.088481,9.589953,false,true,false,false,Self ,0,0.00083,1.412067,,0,0,0,0,0,752,576,0,
Scan: 314140 Run: DIA12_CV486075:20251228_A2_N1_Mueller_MS_TechHub_IMP_THIDDIAXL003_Cas9_PhoX_DIA12_CV486075_250ng_FAIMS_001 P1_YDENDKLIR P2_KSEETITPWNFEEVVDK 6 1,DIA12_CV486075:20251228_A2_N1_Mueller_MS_TechHub_IMP_THIDDIAXL003_Cas9_PhoX_DIA12_CV486075_250ng_FAIMS_001,314140,,,0,0,-0,0,4,0,0,Q99ZW2,,,false,Q99ZW2,Q99ZW2,,false,KSEETITPWNFEEVVDK,YDENDKLIR,468,943,17,9,1,6,468,948,4,,-1,0.088399,0.088399,9.589748,false,true,false,false,Self ,0,0.00083,1.412067,,0,0,0,0,0,346,1274,0,
Scan: 1268687 Run: DIA12_CV486075:20251228_A2_N1_Mueller_MS_TechHub_IMP_THIDDIAXL003_Cas9_PhoX_DIA12_CV486075_250ng_FAIMS_003 P1_TEVQTGGFSKESILPK P2_EDIQKAQVSGQGDSLHEHIANLAGSPAIK 10 5,DIA12_CV486075:20251228_A2_N1_Mueller_MS_TechHub_IMP_THIDDIAXL003_Cas9_PhoX_DIA12_CV486075_250ng_FAIMS_003,1268687,,,0,0,-0,0,6,0,0,Q99ZW2,,,false,Q99ZW2,Q99ZW2,,false,EDIQKAQVSGQGDSLHEHIANLAGSPAIK,TEVQTGGFSKESILPK,706,1098,29,16,5,10,710,1107,6,,-1,0.088377,0.088377,9.589695,false,true,false,false,Self ,0,0.00083,1.412067,,0,0,0,0,0,750,781,0,
Scan: 1721687 Run: DIA12_CV486075:20251228_A2_N1_Mueller_MS_TechHub_IMP_THIDDIAXL003_Cas9_PhoX_DIA12_CV486075_250ng_FAIMS_003 P1_QLLNAKLITQR P2_ELGSQILKEHPVENTQLQNEK 6 8,DIA12_CV486075:20251228_A2_N1_Mueller_MS_TechHub_IMP_THIDDIAXL003_Cas9_PhoX_DIA12_CV486075_250ng_FAIMS_003,1721687,,,0,0,-0,0,4,0,0,Q99ZW2,,,false,Q99ZW2,Q99ZW2,,false,ELGSQILKEHPVENTQLQNEK,QLLNAKLITQR,790,885,21,11,8,6,797,890,4,,-1,0.087951,0.087951,9.58863,false,true,false,false,Self ,0,0.000831,1.414052,,0,0,0,0,0,749,575,0,
Scan: 357812 Run: DIA12_CV486075:20251228_A2_N1_Mueller_MS_TechHub_IMP_THIDDIAXL003_Cas9_PhoX_DIA12_CV486075_250ng_FAIMS_001 P1_VKYVTEGMR P2_MTNFDKNLPNEK 2 6,DIA12_CV486075:20251228_A2_N1_Mueller_MS_TechHub_IMP_THIDDIAXL003_Cas9_PhoX_DIA12_CV486075_250ng_FAIMS_001,357812,,,0,0,-0,0,3,0,0,Q99ZW2,,,false,Q99ZW2,Q99ZW2,,false,MTNFDKNLPNEK,VKYVTEGMR,495,527,12,9,6,2,500,528,3,,-1,0.087927,0.087927,9.588569,false,true,false,false,Self ,0,0.000831,1.414052,,0,0,0,0,0,748,574,0,
Scan: 1331404 Run: DIA12_CV486075:20251228_A2_N1_Mueller_MS_TechHub_IMP_THIDDIAXL003_Cas9_PhoX_DIA12_CV486075_250ng_FAIMS_003 P1_KDLIIKLPK P2_DKQSGK 1 2,DIA12_CV486075:20251228_A2_N1_Mueller_MS_TechHub_IMP_THIDDIAXL003_Cas9_PhoX_DIA12_CV486075_250ng_FAIMS_003,1331404,,,0,0,-0,0,3,0,0,Q99ZW2,,,false,Q99ZW2,Q99ZW2,,false,DKQSGK,KDLIIKLPK,672,1192,6,9,2,1,673,1192,3,,-1,0.087668,0.087668,9.587921,false,true,false,false,Self ,0,0.000831,1.414714,,0,0,0,0,0,747,573,0,
Scan: 589100 Run: DIA12_CV486075:20251228_A2_N1_Mueller_MS_TechHub_IMP_THIDDIAXL003_Cas9_PhoX_DIA12_CV486075_250ng_FAIMS_001 P1_SKLVSDFR P2_QSGKTILDFLK 2 4,DIA12_CV486075:20251228_A2_N1_Mueller_MS_TechHub_IMP_THIDDIAXL003_Cas9_PhoX_DIA12_CV486075_250ng_FAIMS_001,589100,,,0,0,-0,0,3,0,0,Q99ZW2,,,false,Q99ZW2,Q99ZW2,,false,QSGKTILDFLK,SKLVSDFR,674,960,11,8,4,2,677,961,3,,-1,0.087618,0.087618,9.587796,false,true,false,false,Self ,0,0.000831,1.416041,,0,0,0,0,0,746,1338,0,
Scan: 1201766 Run: DIA12_CV486075:20251228_A2_N1_Mueller_MS_TechHub_IMP_THIDDIAXL003_Cas9_PhoX_DIA12_CV486075_250ng_FAIMS_003 P1_LESEFVYGDYKVYDVR P2_KSEETITPWNFEEVVDK 11 1,DIA12_CV486075:20251228_A2_N1_Mueller_MS_TechHub_IMP_THIDDIAXL003_Cas9_PhoX_DIA12_CV486075_250ng_FAIMS_003,1201766,,,0,0,-0,0,4,0,0,Q99ZW2,,,false,Q99ZW2,Q99ZW2,,false,KSEETITPWNFEEVVDK,LESEFVYGDYKVYDVR,468,1004,17,16,1,11,468,1014,4,,-1,0.087113,0.087113,9.586533,false,true,false,false,Self ,0,0.000831,1.418703,,0,0,0,0,0,745,572,0,
Scan: 1313480 Run: DIA12_CV486075:20251228_A2_N1_Mueller_MS_TechHub_IMP_THIDDIAXL003_Cas9_PhoX_DIA12_CV486075_250ng_FAIMS_003 P1_SSFEKNPIDFLEAK P2_QLKEDYFK 5 3,DIA12_CV486075:20251228_A2_N1_Mueller_MS_TechHub_IMP_THIDDIAXL003_Cas9_PhoX_DIA12_CV486075_250ng_FAIMS_003,1313480,,,0,0,-0,0,4,0,0,Q99ZW2,,,false,Q99ZW2,Q99ZW2,,false,QLKEDYFK,SSFEKNPIDFLEAK,563,1172,8,14,3,5,565,1176,4,,-1,0.086994,0.086994,9.586236,false,true,false,false,Self ,0,0.000831,1.41937,,0,0,0,0,0,744,571,0,
Scan: 1609689 Run: DIA12_CV486075:20251228_A2_N1_Mueller_MS_TechHub_IMP_THIDDIAXL003_Cas9_PhoX_DIA12_CV486075_250ng_FAIMS_003 P1_VNTEITKAPLSASMIK P2_KIECFDSVEISGVEDR 7 1,DIA12_CV486075:20251228_A2_N1_Mueller_MS_TechHub_IMP_THIDDIAXL003_Cas9_PhoX_DIA12_CV486075_250ng_FAIMS_003,1609689,,,0,0,-0,0,4,0,0,Q99ZW2,,,false,Q99ZW2,Q99ZW2,,false,KIECFDSVEISGVEDR,VNTEITKAPLSASMIK,571,308,16,16,1,7,571,314,4,,-1,0.086784,0.086784,9.585711,false,true,false,false,Self ,0,0.000832,1.420038,,0,0,0,0,0,743,570,0,
Scan: 1379103 Run: DIA12_CV486075:20251228_A2_N1_Mueller_MS_TechHub_IMP_THIDDIAXL003_Cas9_PhoX_DIA12_CV486075_250ng_FAIMS_003 P1_VILADANLDKVLSAYNK P2_QLKEDYFK 10 3,DIA12_CV486075:20251228_A2_N1_Mueller_MS_TechHub_IMP_THIDDIAXL003_Cas9_PhoX_DIA12_CV486075_250ng_FAIMS_003,1379103,,,0,0,-0,0,4,0,0,Q99ZW2,,,false,Q99ZW2,Q99ZW2,,false,QLKEDYFK,VILADANLDKVLSAYNK,563,1280,8,17,3,10,565,1289,4,,-1,0.086679,0.086679,9.58545,false,true,false,false,Self ,0,0.000832,1.420038,,0,0,0,0,0,742,569,0,
Scan: 1366869 Run: DIA12_CV486075:20251228_A2_N1_Mueller_MS_TechHub_IMP_THIDDIAXL003_Cas9_PhoX_DIA12_CV486075_250ng_FAIMS_003 P1_YVNFLYLASHYEKLK P2_GSPEDNEQKQLFVEQHK 13 9,DIA12_CV486075:20251228_A2_N1_Mueller_MS_TechHub_IMP_THIDDIAXL003_Cas9_PhoX_DIA12_CV486075_250ng_FAIMS_003,1366869,,,0,0,-0,0,5,0,0,Q99ZW2,,,false,Q99ZW2,Q99ZW2,,false,GSPEDNEQKQLFVEQHK,YVNFLYLASHYEKLK,1247,1232,17,15,9,13,1255,1244,5,,-1,0.086678,0.086678,9.585446,false,true,false,false,Self ,0,0.000832,1.420038,,0,0,0,0,0,741,568,0,
Scan: 605743 Run: DIA12_CV486075:20251228_A2_N1_Mueller_MS_TechHub_IMP_THIDDIAXL003_Cas9_PhoX_DIA12_CV486075_250ng_FAIMS_002 P1_SKLVSDFR P2_LESEFVYGDYKVYDVR 2 11,DIA12_CV486075:20251228_A2_N1_Mueller_MS_TechHub_IMP_THIDDIAXL003_Cas9_PhoX_DIA12_CV486075_250ng_FAIMS_002,605743,,,0,0,-0,0,4,0,0,Q99ZW2,,,false,Q99ZW2,Q99ZW2,,false,LESEFVYGDYKVYDVR,SKLVSDFR,1004,960,16,8,11,2,1014,961,4,,-1,0.086574,0.086574,9.585186,false,true,false,false,Self ,0,0.000832,1.420038,,0,0,0,0,0,740,567,0,
Scan: 1367363 Run: DIA12_CV486075:20251228_A2_N1_Mueller_MS_TechHub_IMP_THIDDIAXL003_Cas9_PhoX_DIA12_CV486075_250ng_FAIMS_003 P1_KLINGIR P2_GSPEDNEQKQLFVEQHK 1 9,DIA12_CV486075:20251228_A2_N1_Mueller_MS_TechHub_IMP_THIDDIAXL003_Cas9_PhoX_DIA12_CV486075_250ng_FAIMS_003,1367363,,,0,0,-0,0,4,0,0,Q99ZW2,,,false,Q99ZW2,Q99ZW2,,false,GSPEDNEQKQLFVEQHK,KLINGIR,1247,665,17,7,9,1,1255,665,4,,-1,0.086302,0.086302,9.584507,false,true,false,false,Self ,0,0.000832,1.421375,,0,0,0,0,0,739,566,0,
Scan: 410099 Run: DIA12_CV486075:20251228_A2_N1_Mueller_MS_TechHub_IMP_THIDDIAXL003_Cas9_PhoX_DIA12_CV486075_250ng_FAIMS_001 P1_SKLVSDFR P2_AIVDLLFKTNR 2 8,DIA12_CV486075:20251228_A2_N1_Mueller_MS_TechHub_IMP_THIDDIAXL003_Cas9_PhoX_DIA12_CV486075_250ng_FAIMS_001,410099,,,0,0,-0,0,4,0,0,Q99ZW2,,,false,Q99ZW2,Q99ZW2,,false,AIVDLLFKTNR,SKLVSDFR,547,960,11,8,8,2,554,961,4,,-1,0.086204,0.086204,9.58426,false,true,false,false,Self ,0,0.000832,1.421375,,0,0,0,0,0,165,1264,0,
Scan: 1504789 Run: DIA12_CV486075:20251228_A2_N1_Mueller_MS_TechHub_IMP_THIDDIAXL003_Cas9_PhoX_DIA12_CV486075_250ng_FAIMS_003 P1_KVTVK P2_KSEETITPWNFEEVVDK 1 1,DIA12_CV486075:20251228_A2_N1_Mueller_MS_TechHub_IMP_THIDDIAXL003_Cas9_PhoX_DIA12_CV486075_250ng_FAIMS_003,1504789,,,0,0,-0,0,3,0,0,Q99ZW2,,,false,Q99ZW2,Q99ZW2,,false,KSEETITPWNFEEVVDK,KVTVK,468,558,17,5,1,1,468,558,3,,-1,0.086101,0.086101,9.584003,false,true,false,false,Self ,0,0.000832,1.422044,,0,0,0,0,0,737,565,0,
Scan: 140251 Run: DIA12_CV486075:20251228_A2_N1_Mueller_MS_TechHub_IMP_THIDDIAXL003_Cas9_PhoX_DIA12_CV486075_250ng_FAIMS_001 P1_TEVQTGGFSKESILPK P2_DLIIKLPK 10 5,DIA12_CV486075:20251228_A2_N1_Mueller_MS_TechHub_IMP_THIDDIAXL003_Cas9_PhoX_DIA12_CV486075_250ng_FAIMS_001,140251,,,0,0,-0,0,4,0,0,Q99ZW2,,,false,Q99ZW2,Q99ZW2,,false,DLIIKLPK,TEVQTGGFSKESILPK,1193,1098,8,16,5,10,1197,1107,4,,-1,0.085579,0.085579,9.582699,false,true,false,false,Self ,0,0.000833,1.424729,,0,0,0,0,0,736,704,0,
Scan: 804744 Run: DIA12_CV486075:20251228_A2_N1_Mueller_MS_TechHub_IMP_THIDDIAXL003_Cas9_PhoX_DIA12_CV486075_250ng_FAIMS_002 P1_NSDKLIAR P2_LVDSTDKADLR 4 7,DIA12_CV486075:20251228_A2_N1_Mueller_MS_TechHub_IMP_THIDDIAXL003_Cas9_PhoX_DIA12_CV486075_250ng_FAIMS_002,804744,,,0,0,-0,0,3,0,0,Q99ZW2,,,false,Q99ZW2,Q99ZW2,,false,LVDSTDKADLR,NSDKLIAR,142,1115,11,8,7,4,148,1118,3,,-1,0.085526,0.085526,9.582566,false,true,false,false,Self ,0,0.000833,1.424729,,0,0,0,0,0,735,564,0,
Scan: 72950 Run: DIA12_CV486075:20251228_A2_N1_Mueller_MS_TechHub_IMP_THIDDIAXL003_Cas9_PhoX_DIA12_CV486075_250ng_FAIMS_001 P1_KTEVQTGGFSKESILPK P2_DKQSGK 11 2,DIA12_CV486075:20251228_A2_N1_Mueller_MS_TechHub_IMP_THIDDIAXL003_Cas9_PhoX_DIA12_CV486075_250ng_FAIMS_001,72950,,,0,0,-0,0,4,0,0,Q99ZW2,,,false,Q99ZW2,Q99ZW2,,false,DKQSGK,KTEVQTGGFSKESILPK,672,1097,6,17,2,11,673,1107,4,,-1,0.085449,0.085449,9.582373,false,true,false,false,Self ,0,0.000833,1.424729,,0,0,0,0,0,734,1272,0,
Scan: 1619593 Run: DIA12_CV486075:20251228_A2_N1_Mueller_MS_TechHub_IMP_THIDDIAXL003_Cas9_PhoX_DIA12_CV486075_250ng_FAIMS_003 P1_QSGKTILDFLK P2_LKTYAHLFDDK 4 2,DIA12_CV486075:20251228_A2_N1_Mueller_MS_TechHub_IMP_THIDDIAXL003_Cas9_PhoX_DIA12_CV486075_250ng_FAIMS_003,1619593,,,0,0,-0,0,4,0,0,Q99ZW2,,,false,Q99ZW2,Q99ZW2,,false,LKTYAHLFDDK,QSGKTILDFLK,636,674,11,11,2,4,637,677,4,,-1,0.085422,0.085422,9.582306,false,true,false,false,Self ,0,0.000833,1.424729,,0,0,0,0,0,733,563,0,
Scan: 515291 Run: DIA12_CV486075:20251228_A2_N1_Mueller_MS_TechHub_IMP_THIDDIAXL003_Cas9_PhoX_DIA12_CV486075_250ng_FAIMS_001 P1_KPAFLSGEQK P2_IEEGIKELGSQILK 1 6,DIA12_CV486075:20251228_A2_N1_Mueller_MS_TechHub_IMP_THIDDIAXL003_Cas9_PhoX_DIA12_CV486075_250ng_FAIMS_001,515291,,,0,0,-0,0,3,0,0,Q99ZW2,,,false,Q99ZW2,Q99ZW2,,false,IEEGIKELGSQILK,KPAFLSGEQK,784,536,14,10,6,1,789,536,3,,-1,0.085403,0.085403,9.582259,false,true,false,false,Self ,0,0.000833,1.424729,,0,0,0,0,0,732,1470,0,
Scan: 83503 Run: DIA12_CV486075:20251228_A2_N1_Mueller_MS_TechHub_IMP_THIDDIAXL003_Cas9_PhoX_DIA12_CV486075_250ng_FAIMS_001 P1_NSDKLIAR P2_KKDWDPK 4 2,DIA12_CV486075:20251228_A2_N1_Mueller_MS_TechHub_IMP_THIDDIAXL003_Cas9_PhoX_DIA12_CV486075_250ng_FAIMS_001,83503,,,0,0,-0,0,3,0,0,Q99ZW2,,,false,Q99ZW2,Q99ZW2,,false,KKDWDPK,NSDKLIAR,1123,1115,7,8,2,4,1124,1118,3,,-1,0.085345,0.085345,9.582114,false,true,false,false,Self ,0,0.000833,1.424729,,0,0,0,0,0,731,624,0,
Scan: 1054419 Run: DIA12_CV486075:20251228_A2_N1_Mueller_MS_TechHub_IMP_THIDDIAXL003_Cas9_PhoX_DIA12_CV486075_250ng_FAIMS_002 P1_EKIEKILTFR P2_EDIQKAQVSGQGDSLHEHIANLAGSPAIK 5 5,DIA12_CV486075:20251228_A2_N1_Mueller_MS_TechHub_IMP_THIDDIAXL003_Cas9_PhoX_DIA12_CV486075_250ng_FAIMS_002,1054419,,,0,0,-0,0,4,0,0,Q99ZW2,,,false,Q99ZW2,Q99ZW2,,false,EDIQKAQVSGQGDSLHEHIANLAGSPAIK,EKIEKILTFR,706,438,29,10,5,5,710,442,4,,-1,0.084913,0.084913,9.581034,false,true,false,false,Self ,0,0.000833,1.426749,,0,0,0,0,0,534,953,0,
Scan: 1184853 Run: DIA12_CV486075:20251228_A2_N1_Mueller_MS_TechHub_IMP_THIDDIAXL003_Cas9_PhoX_DIA12_CV486075_250ng_FAIMS_002 P1_EVKVITLK P2_DFQFYKVR 3 6,DIA12_CV486075:20251228_A2_N1_Mueller_MS_TechHub_IMP_THIDDIAXL003_Cas9_PhoX_DIA12_CV486075_250ng_FAIMS_002,1184853,,,0,0,-0,0,3,0,0,Q99ZW2,,,false,Q99ZW2,Q99ZW2,,false,DFQFYKVR,EVKVITLK,969,952,8,8,6,3,974,954,3,,-1,0.084901,0.084901,9.581004,false,true,false,false,Self ,0,0.000833,1.426749,,0,0,0,0,0,729,562,0,
Scan: 409054 Run: DIA12_CV486075:20251228_A2_N1_Mueller_MS_TechHub_IMP_THIDDIAXL003_Cas9_PhoX_DIA12_CV486075_250ng_FAIMS_001 P1_IEKILTFR P2_AIVDLLFKTNR 3 8,DIA12_CV486075:20251228_A2_N1_Mueller_MS_TechHub_IMP_THIDDIAXL003_Cas9_PhoX_DIA12_CV486075_250ng_FAIMS_001,409054,,,0,0,-0,0,3,0,0,Q99ZW2,,,false,Q99ZW2,Q99ZW2,,false,AIVDLLFKTNR,IEKILTFR,547,440,11,8,8,3,554,442,3,,-1,0.084888,0.084888,9.58097,false,true,false,false,Self ,0,0.000833,1.426749,,0,0,0,0,0,728,561,0,
Scan: 1087116 Run: DIA12_CV486075:20251228_A2_N1_Mueller_MS_TechHub_IMP_THIDDIAXL003_Cas9_PhoX_DIA12_CV486075_250ng_FAIMS_002 P1_NSDKLIAR P2_GILQTVKVVDELVK 4 7,DIA12_CV486075:20251228_A2_N1_Mueller_MS_TechHub_IMP_THIDDIAXL003_Cas9_PhoX_DIA12_CV486075_250ng_FAIMS_002,1087116,,,0,0,-0,0,4,0,0,Q99ZW2,,,false,Q99ZW2,Q99ZW2,,false,GILQTVKVVDELVK,NSDKLIAR,736,1115,14,8,7,4,742,1118,4,,-1,0.084886,0.084886,9.580967,false,true,false,false,Self ,0,0.000833,1.426749,,0,0,0,0,0,727,1408,0,
Scan: 911011 Run: DIA12_CV486075:20251228_A2_N1_Mueller_MS_TechHub_IMP_THIDDIAXL003_Cas9_PhoX_DIA12_CV486075_250ng_FAIMS_002 P1_KSEETITPWNFEEVVDK P2_GQKNSR 1 3,DIA12_CV486075:20251228_A2_N1_Mueller_MS_TechHub_IMP_THIDDIAXL003_Cas9_PhoX_DIA12_CV486075_250ng_FAIMS_002,911011,,,0,0,-0,0,3,0,0,Q99ZW2,,,false,Q99ZW2,Q99ZW2,,false,GQKNSR,KSEETITPWNFEEVVDK,773,468,6,17,3,1,775,468,3,,-1,0.084846,0.084846,9.580865,false,true,false,false,Self ,0,0.000833,1.427423,,0,0,0,0,0,726,560,0,
Scan: 414601 Run: DIA12_CV486075:20251228_A2_N1_Mueller_MS_TechHub_IMP_THIDDIAXL003_Cas9_PhoX_DIA12_CV486075_250ng_FAIMS_001 P1_QITKHVAQILDSR P2_FYDEKLQK 4 5,DIA12_CV486075:20251228_A2_N1_Mueller_MS_TechHub_IMP_THIDDIAXL003_Cas9_PhoX_DIA12_CV486075_250ng_FAIMS_001,414601,,,0,0,-0,0,4,0,0,decoy:Q99ZW2,decoy:,decoy,true,Q99ZW2,Q99ZW2,,false,FYDEKLQK,QITKHVAQILDSR,563,926,8,13,5,4,567,929,4,,-1,0.084653,0.084653,9.580384,true,false,true,false,Self ,0.000833,0.001606,1.428098,,0.000978,1,0,0.001076,1,725,559,2,
Scan: 753771 Run: DIA12_CV486075:20251228_A2_N1_Mueller_MS_TechHub_IMP_THIDDIAXL003_Cas9_PhoX_DIA12_CV486075_250ng_FAIMS_002 P1_YKEIFFDQSK P2_GNELALPSKYVNFLYLASHYEK 2 9,DIA12_CV486075:20251228_A2_N1_Mueller_MS_TechHub_IMP_THIDDIAXL003_Cas9_PhoX_DIA12_CV486075_250ng_FAIMS_002,753771,,,0,0,-0,0,4,0,0,Q99ZW2,,,false,Q99ZW2,Q99ZW2,,false,GNELALPSKYVNFLYLASHYEK,YKEIFFDQSK,1223,347,22,10,9,2,1231,348,4,,-1,0.084341,0.084341,9.579604,false,true,false,false,Self ,0.000833,0.00109,1.430128,,0.000978,0,0,0.001076,0,724,558,0,
Scan: 412470 Run: DIA12_CV486075:20251228_A2_N1_Mueller_MS_TechHub_IMP_THIDDIAXL003_Cas9_PhoX_DIA12_CV486075_250ng_FAIMS_001 P1_KVTVKQLK P2_KIECFDSVEISGVEDR 5 1,DIA12_CV486075:20251228_A2_N1_Mueller_MS_TechHub_IMP_THIDDIAXL003_Cas9_PhoX_DIA12_CV486075_250ng_FAIMS_001,412470,,,0,0,-0,0,4,0,0,Q99ZW2,,,false,Q99ZW2,Q99ZW2,,false,KIECFDSVEISGVEDR,KVTVKQLK,571,558,16,8,1,5,571,562,4,,-1,0.084123,0.084123,9.579058,false,true,false,false,Self ,0.000833,0.00127,1.430128,,0,0,0,0,0,723,1276,0,
Scan: 1743371 Run: DIA12_CV486075:20251228_A2_N1_Mueller_MS_TechHub_IMP_THIDDIAXL003_Cas9_PhoX_DIA12_CV486075_250ng_FAIMS_003 P1_NKDSR P2_GKSDNVPSEEVVK 2 2,DIA12_CV486075:20251228_A2_N1_Mueller_MS_TechHub_IMP_THIDDIAXL003_Cas9_PhoX_DIA12_CV486075_250ng_FAIMS_003,1743371,,,0,0,-0,0,4,0,0,Q99ZW2,,,false,decoy:Q99ZW2,decoy:Q99ZW2,decoy,true,GKSDNVPSEEVVK,NKDSR,865,860,13,5,2,2,866,861,4,,-1,0.083711,0.083711,9.57803,true,false,true,false,Self ,0.001608,0.000966,1.432163,,0.001907,0,1,0.002105,1,722,557,2,
Scan: 1402782 Run: DIA12_CV486075:20251228_A2_N1_Mueller_MS_TechHub_IMP_THIDDIAXL003_Cas9_PhoX_DIA12_CV486075_250ng_FAIMS_003 P1_LVDSTDKADLR P2_KVTVK 7 1,DIA12_CV486075:20251228_A2_N1_Mueller_MS_TechHub_IMP_THIDDIAXL003_Cas9_PhoX_DIA12_CV486075_250ng_FAIMS_003,1402782,,,0,0,-0,0,3,0,0,Q99ZW2,,,false,Q99ZW2,Q99ZW2,,false,KVTVK,LVDSTDKADLR,558,142,5,11,1,7,558,148,3,,-1,0.083505,0.083505,9.577514,false,true,false,false,Self ,0.001608,0.001623,1.432163,,0.001907,0,0,0.002105,0,721,556,0,
Scan: 196870 Run: DIA12_CV486075:20251228_A2_N1_Mueller_MS_TechHub_IMP_THIDDIAXL003_Cas9_PhoX_DIA12_CV486075_250ng_FAIMS_001 P1_YTSTKEVLDATLIHQSITGLYETR P2_NSDKLIAR 5 4,DIA12_CV486075:20251228_A2_N1_Mueller_MS_TechHub_IMP_THIDDIAXL003_Cas9_PhoX_DIA12_CV486075_250ng_FAIMS_001,196870,,,0,0,-0,0,5,0,0,Q99ZW2,,,false,Q99ZW2,Q99ZW2,,false,NSDKLIAR,YTSTKEVLDATLIHQSITGLYETR,1115,1336,8,24,4,5,1118,1340,5,,-1,0.083211,0.083211,9.576779,false,true,false,false,Self ,0.001608,0.001645,1.434204,,0,0,0,0,0,720,1389,0,
Scan: 1716622 Run: DIA12_CV486075:20251228_A2_N1_Mueller_MS_TechHub_IMP_THIDDIAXL003_Cas9_PhoX_DIA12_CV486075_250ng_FAIMS_003 P1_YTSTKEVLDATLIHQSITGLYETR P2_ELGSQILKEHPVENTQLQNEK 5 8,DIA12_CV486075:20251228_A2_N1_Mueller_MS_TechHub_IMP_THIDDIAXL003_Cas9_PhoX_DIA12_CV486075_250ng_FAIMS_003,1716622,,,0,0,-0,0,5,0,0,Q99ZW2,,,false,Q99ZW2,Q99ZW2,,false,ELGSQILKEHPVENTQLQNEK,YTSTKEVLDATLIHQSITGLYETR,790,1336,21,24,8,5,797,1340,5,,-1,0.083059,0.083059,9.576399,false,true,false,false,Self ,0.001608,0.001656,1.434204,,0.001907,0,0,0.002105,0,719,555,0,
Scan: 135682 Run: DIA12_CV486075:20251228_A2_N1_Mueller_MS_TechHub_IMP_THIDDIAXL003_Cas9_PhoX_DIA12_CV486075_250ng_FAIMS_001 P1_KDLIIK P2_DKPIR 1 2,DIA12_CV486075:20251228_A2_N1_Mueller_MS_TechHub_IMP_THIDDIAXL003_Cas9_PhoX_DIA12_CV486075_250ng_FAIMS_001,135682,,,0,0,-0,0,3,0,0,Q99ZW2,,,false,Q99ZW2,Q99ZW2,,false,DKPIR,KDLIIK,1299,1192,5,6,2,1,1300,1192,3,,-1,0.082891,0.082891,9.575978,false,true,false,false,Self ,0.001608,0.001668,1.434204,,0.001907,0,0,0.002105,0,718,554,0,
Scan: 1194217 Run: DIA12_CV486075:20251228_A2_N1_Mueller_MS_TechHub_IMP_THIDDIAXL003_Cas9_PhoX_DIA12_CV486075_250ng_FAIMS_002 P1_KLINGIR P2_DFQFYKVR 1 6,DIA12_CV486075:20251228_A2_N1_Mueller_MS_TechHub_IMP_THIDDIAXL003_Cas9_PhoX_DIA12_CV486075_250ng_FAIMS_002,1194217,,,0,0,-0,0,3,0,0,Q99ZW2,,,false,Q99ZW2,Q99ZW2,,false,DFQFYKVR,KLINGIR,969,665,8,7,6,1,974,665,3,,-1,0.08278,0.08278,9.575702,false,true,false,false,Self ,0.001608,0.001676,1.434886,,0.001907,0,0,0.002105,0,717,553,0,
Scan: 1265820 Run: DIA12_CV486075:20251228_A2_N1_Mueller_MS_TechHub_IMP_THIDDIAXL003_Cas9_PhoX_DIA12_CV486075_250ng_FAIMS_003 P1_TEVQTGGFSKESILPK P2_NLPNEKVLPK 10 6,DIA12_CV486075:20251228_A2_N1_Mueller_MS_TechHub_IMP_THIDDIAXL003_Cas9_PhoX_DIA12_CV486075_250ng_FAIMS_003,1265820,,,0,0,-0,0,4,0,0,Q99ZW2,,,false,Q99ZW2,Q99ZW2,,false,NLPNEKVLPK,TEVQTGGFSKESILPK,501,1098,10,16,6,10,506,1107,4,,-1,0.082759,0.082759,9.575648,false,true,false,false,Self ,0.001608,0.001678,1.434886,,0.001907,0,0,0,0,716,552,0,
Scan: 541584 Run: DIA12_CV486075:20251228_A2_N1_Mueller_MS_TechHub_IMP_THIDDIAXL003_Cas9_PhoX_DIA12_CV486075_250ng_FAIMS_001 P1_KVTVK P2_DDSIDNKVLTR 1 7,DIA12_CV486075:20251228_A2_N1_Mueller_MS_TechHub_IMP_THIDDIAXL003_Cas9_PhoX_DIA12_CV486075_250ng_FAIMS_001,541584,,,0,0,-0,0,3,0,0,Q99ZW2,,,false,Q99ZW2,Q99ZW2,,false,DDSIDNKVLTR,KVTVK,849,558,11,5,7,1,855,558,3,,-1,0.082245,0.082245,9.574365,false,true,false,false,Self ,0.001608,0.001716,1.435568,,0.001907,0,0,0.002105,0,715,551,0,
Scan: 1312576 Run: DIA12_CV486075:20251228_A2_N1_Mueller_MS_TechHub_IMP_THIDDIAXL003_Cas9_PhoX_DIA12_CV486075_250ng_FAIMS_003 P1_VLPKHSLLYEYFTVYNELTK P2_SSFEKNPIDFLEAK 4 5,DIA12_CV486075:20251228_A2_N1_Mueller_MS_TechHub_IMP_THIDDIAXL003_Cas9_PhoX_DIA12_CV486075_250ng_FAIMS_003,1312576,,,0,0,-0,0,5,0,0,Q99ZW2,,,false,Q99ZW2,Q99ZW2,,false,SSFEKNPIDFLEAK,VLPKHSLLYEYFTVYNELTK,1172,507,14,20,5,4,1176,510,5,,-1,0.081914,0.081914,9.573536,false,true,false,false,Self ,0.001608,0.00174,1.436935,,0,0,0,0,0,714,1467,0,
Scan: 1265488 Run: DIA12_CV486075:20251228_A2_N1_Mueller_MS_TechHub_IMP_THIDDIAXL003_Cas9_PhoX_DIA12_CV486075_250ng_FAIMS_003 P1_MTNFDKNLPNEK P2_KTEVQTGGFSKESILPK 6 11,DIA12_CV486075:20251228_A2_N1_Mueller_MS_TechHub_IMP_THIDDIAXL003_Cas9_PhoX_DIA12_CV486075_250ng_FAIMS_003,1265488,,,0,0,-0,0,4,0,0,Q99ZW2,,,false,Q99ZW2,Q99ZW2,,false,KTEVQTGGFSKESILPK,MTNFDKNLPNEK,1097,495,17,12,11,6,1107,500,4,,-1,0.081764,0.081764,9.573162,false,true,false,false,Self ,0.001608,0.001751,1.436935,,0.001907,0,0,0,0,713,152,0,
Scan: 1753748 Run: DIA12_CV486075:20251228_A2_N1_Mueller_MS_TechHub_IMP_THIDDIAXL003_Cas9_PhoX_DIA12_CV486075_250ng_FAIMS_003 P1_QLLNAKLITQR P2_KTEVQTGGFSK 6 1,DIA12_CV486075:20251228_A2_N1_Mueller_MS_TechHub_IMP_THIDDIAXL003_Cas9_PhoX_DIA12_CV486075_250ng_FAIMS_003,1753748,,,0,0,-0,0,4,0,0,Q99ZW2,,,false,Q99ZW2,Q99ZW2,,false,KTEVQTGGFSK,QLLNAKLITQR,1097,885,11,11,1,6,1097,890,4,,-1,0.081558,0.081558,9.572646,false,true,false,false,Self ,0.001608,0.001767,1.438304,,0,0,0,0,0,712,1406,0,
Scan: 1500254 Run: DIA12_CV486075:20251228_A2_N1_Mueller_MS_TechHub_IMP_THIDDIAXL003_Cas9_PhoX_DIA12_CV486075_250ng_FAIMS_003 P1_YKEIFFDQSK P2_KSEETITPWNFEEVVDK 2 1,DIA12_CV486075:20251228_A2_N1_Mueller_MS_TechHub_IMP_THIDDIAXL003_Cas9_PhoX_DIA12_CV486075_250ng_FAIMS_003,1500254,,,0,0,-0,0,3,0,0,Q99ZW2,,,false,Q99ZW2,Q99ZW2,,false,KSEETITPWNFEEVVDK,YKEIFFDQSK,468,347,17,10,1,2,468,348,3,,-1,0.081006,0.081006,9.571265,false,true,false,false,Self ,0.001608,0.001807,1.440363,,0,0,0,0,0,711,1497,0,
Scan: 1751437 Run: DIA12_CV486075:20251228_A2_N1_Mueller_MS_TechHub_IMP_THIDDIAXL003_Cas9_PhoX_DIA12_CV486075_250ng_FAIMS_003 P1_YKEIFFDQSK P2_MKNYWR 2 2,DIA12_CV486075:20251228_A2_N1_Mueller_MS_TechHub_IMP_THIDDIAXL003_Cas9_PhoX_DIA12_CV486075_250ng_FAIMS_003,1751437,,,0,0,-0,0,3,0,0,Q99ZW2,,,false,Q99ZW2,Q99ZW2,,false,MKNYWR,YKEIFFDQSK,879,347,6,10,2,2,880,348,3,,-1,0.080509,0.080509,9.570025,false,true,false,false,Self ,0.001608,0.001844,1.443807,,0.001907,0,0,0.002105,0,710,549,0,
Scan: 1306756 Run: DIA12_CV486075:20251228_A2_N1_Mueller_MS_TechHub_IMP_THIDDIAXL003_Cas9_PhoX_DIA12_CV486075_250ng_FAIMS_003 P1_SSFEKNPIDFLEAK P2_RNSDKLIAR 5 5,DIA12_CV486075:20251228_A2_N1_Mueller_MS_TechHub_IMP_THIDDIAXL003_Cas9_PhoX_DIA12_CV486075_250ng_FAIMS_003,1306756,,,0,0,-0,0,4,0,0,Q99ZW2,,,false,Q99ZW2,Q99ZW2,,false,RNSDKLIAR,SSFEKNPIDFLEAK,1114,1172,9,14,5,5,1118,1176,4,,-1,0.080508,0.080508,9.570021,false,true,false,false,Self ,0.001608,0.001844,1.443807,,0,0,0,0,0,709,1307,0,
Scan: 1470812 Run: DIA12_CV486075:20251228_A2_N1_Mueller_MS_TechHub_IMP_THIDDIAXL003_Cas9_PhoX_DIA12_CV486075_250ng_FAIMS_003 P1_NGYAGYIDGGASQEEFYKFIKPILEK P2_KPAFLSGEQK 18 1,DIA12_CV486075:20251228_A2_N1_Mueller_MS_TechHub_IMP_THIDDIAXL003_Cas9_PhoX_DIA12_CV486075_250ng_FAIMS_003,1470812,,,0,0,-0,0,4,0,0,Q99ZW2,,,false,Q99ZW2,Q99ZW2,,false,KPAFLSGEQK,NGYAGYIDGGASQEEFYKFIKPILEK,536,357,10,26,1,18,536,374,4,,-1,0.080395,0.080395,9.569739,false,true,false,false,Self ,0.001608,0.001852,1.444498,,0.001907,0,0,0.002105,0,708,548,0,
Scan: 561011 Run: DIA12_CV486075:20251228_A2_N1_Mueller_MS_TechHub_IMP_THIDDIAXL003_Cas9_PhoX_DIA12_CV486075_250ng_FAIMS_001 P1_KFDNLTK P2_DKPIR 1 2,DIA12_CV486075:20251228_A2_N1_Mueller_MS_TechHub_IMP_THIDDIAXL003_Cas9_PhoX_DIA12_CV486075_250ng_FAIMS_001,561011,,,0,0,-0,0,3,0,0,Q99ZW2,,,false,Q99ZW2,Q99ZW2,,false,DKPIR,KFDNLTK,1299,896,5,7,2,1,1300,896,3,,-1,0.080191,0.080191,9.569229,false,true,false,false,Self ,0.001608,0.001867,1.445881,,0.001907,0,0,0.002105,0,707,547,0,
Scan: 1466052 Run: DIA12_CV486075:20251228_A2_N1_Mueller_MS_TechHub_IMP_THIDDIAXL003_Cas9_PhoX_DIA12_CV486075_250ng_FAIMS_003 P1_FIKPILEK P2_EIFFDQSKNGYAGYIDGGASQEEFYK 3 8,DIA12_CV486075:20251228_A2_N1_Mueller_MS_TechHub_IMP_THIDDIAXL003_Cas9_PhoX_DIA12_CV486075_250ng_FAIMS_003,1466052,,,0,0,-0,0,4,0,0,Q99ZW2,,,false,Q99ZW2,Q99ZW2,,false,EIFFDQSKNGYAGYIDGGASQEEFYK,FIKPILEK,349,375,26,8,8,3,356,377,4,,-1,0.080173,0.080173,9.569183,false,true,false,false,Self ,0.001608,0.001869,1.445881,,0.001907,0,0,0.002105,0,706,546,0,
Scan: 1263417 Run: DIA12_CV486075:20251228_A2_N1_Mueller_MS_TechHub_IMP_THIDDIAXL003_Cas9_PhoX_DIA12_CV486075_250ng_FAIMS_003 P1_KTEVQTGGFSKESILPK P2_KDLIIKLPK 11 6,DIA12_CV486075:20251228_A2_N1_Mueller_MS_TechHub_IMP_THIDDIAXL003_Cas9_PhoX_DIA12_CV486075_250ng_FAIMS_003,1263417,,,0,0,-0,0,4,0,0,Q99ZW2,,,false,Q99ZW2,Q99ZW2,,false,KDLIIKLPK,KTEVQTGGFSKESILPK,1192,1097,9,17,6,11,1197,1107,4,,-1,0.080135,0.080135,9.569088,false,true,false,false,Self ,0.001608,0.001872,1.446574,,0,0,0,0,0,512,704,0,
Scan: 596737 Run: DIA12_CV486075:20251228_A2_N1_Mueller_MS_TechHub_IMP_THIDDIAXL003_Cas9_PhoX_DIA12_CV486075_250ng_FAIMS_001 P1_IEKILTFR P2_DFQFYKVR 3 6,DIA12_CV486075:20251228_A2_N1_Mueller_MS_TechHub_IMP_THIDDIAXL003_Cas9_PhoX_DIA12_CV486075_250ng_FAIMS_001,596737,,,0,0,-0,0,3,0,0,Q99ZW2,,,false,Q99ZW2,Q99ZW2,,false,DFQFYKVR,IEKILTFR,969,440,8,8,6,3,974,442,3,,-1,0.080048,0.080048,9.568872,false,true,false,false,Self ,0.001608,0.001878,1.446574,,0.001907,0,0,0.002105,0,704,545,0,
Scan: 255907 Run: DIA12_CV486075:20251228_A2_N1_Mueller_MS_TechHub_IMP_THIDDIAXL003_Cas9_PhoX_DIA12_CV486075_250ng_FAIMS_001 P1_YKEIFFDQSK P2_VLSAYNKHR 2 7,DIA12_CV486075:20251228_A2_N1_Mueller_MS_TechHub_IMP_THIDDIAXL003_Cas9_PhoX_DIA12_CV486075_250ng_FAIMS_001,255907,,,0,0,-0,0,3,0,0,Q99ZW2,,,false,Q99ZW2,Q99ZW2,,false,VLSAYNKHR,YKEIFFDQSK,1290,347,9,10,7,2,1296,348,3,,-1,0.079593,0.079593,9.567733,false,true,false,false,Self ,0.001608,0.001912,1.447962,,0,0,0,0,0,144,1261,0,
Scan: 1604883 Run: DIA12_CV486075:20251228_A2_N1_Mueller_MS_TechHub_IMP_THIDDIAXL003_Cas9_PhoX_DIA12_CV486075_250ng_FAIMS_003 P1_GILQTVKVVDELVK P2_AIVDLLFKTNR 7 8,DIA12_CV486075:20251228_A2_N1_Mueller_MS_TechHub_IMP_THIDDIAXL003_Cas9_PhoX_DIA12_CV486075_250ng_FAIMS_003,1604883,,,0,0,-0,0,4,0,0,Q99ZW2,,,false,Q99ZW2,Q99ZW2,,false,AIVDLLFKTNR,GILQTVKVVDELVK,547,736,11,14,8,7,554,742,4,,-1,0.079571,0.079571,9.567679,false,true,false,false,Self ,0.001608,0.001913,1.447962,,0.001907,0,0,0.002105,0,702,544,0,
Scan: 587217 Run: DIA12_CV486075:20251228_A2_N1_Mueller_MS_TechHub_IMP_THIDDIAXL003_Cas9_PhoX_DIA12_CV486075_250ng_FAIMS_001 P1_YDENDKLIR P2_SKLVSDFR 6 2,DIA12_CV486075:20251228_A2_N1_Mueller_MS_TechHub_IMP_THIDDIAXL003_Cas9_PhoX_DIA12_CV486075_250ng_FAIMS_001,587217,,,0,0,-0,0,3,0,0,Q99ZW2,,,false,Q99ZW2,Q99ZW2,,false,SKLVSDFR,YDENDKLIR,960,943,8,9,2,6,961,948,3,,-1,0.079022,0.079022,9.566305,false,true,false,false,Self ,0.001608,0.001954,1.451442,,0.001907,0,0,0.002105,0,701,543,0,
Scan: 1509036 Run: DIA12_CV486075:20251228_A2_N1_Mueller_MS_TechHub_IMP_THIDDIAXL003_Cas9_PhoX_DIA12_CV486075_250ng_FAIMS_003 P1_KSEETITPWNFEEVVDK P2_EVKVITLK 1 3,DIA12_CV486075:20251228_A2_N1_Mueller_MS_TechHub_IMP_THIDDIAXL003_Cas9_PhoX_DIA12_CV486075_250ng_FAIMS_003,1509036,,,0,0,-0,0,4,0,0,Q99ZW2,,,false,Q99ZW2,Q99ZW2,,false,EVKVITLK,KSEETITPWNFEEVVDK,952,468,8,17,3,1,954,468,4,,-1,0.078926,0.078926,9.566067,false,true,false,false,Self ,0.001608,0.001961,1.45214,,0.001907,0,0,0.002105,0,700,542,0,
Scan: 1352310 Run: DIA12_CV486075:20251228_A2_N1_Mueller_MS_TechHub_IMP_THIDDIAXL003_Cas9_PhoX_DIA12_CV486075_250ng_FAIMS_003 P1_KDFQFYK P2_GNELALPSKYVNFLYLASHYEK 1 9,DIA12_CV486075:20251228_A2_N1_Mueller_MS_TechHub_IMP_THIDDIAXL003_Cas9_PhoX_DIA12_CV486075_250ng_FAIMS_003,1352310,,,0,0,-0,0,4,0,0,Q99ZW2,,,false,Q99ZW2,Q99ZW2,,false,GNELALPSKYVNFLYLASHYEK,KDFQFYK,1223,968,22,7,9,1,1231,968,4,,-1,0.078906,0.078906,9.566017,false,true,false,false,Self ,0.001608,0.001962,1.45214,,0.001907,0,0,0,0,699,541,0,
Scan: 1580941 Run: DIA12_CV486075:20251228_A2_N1_Mueller_MS_TechHub_IMP_THIDDIAXL003_Cas9_PhoX_DIA12_CV486075_250ng_FAIMS_003 P1_KVTVK P2_KPAFLSGEQK 1 1,DIA12_CV486075:20251228_A2_N1_Mueller_MS_TechHub_IMP_THIDDIAXL003_Cas9_PhoX_DIA12_CV486075_250ng_FAIMS_003,1580941,,,0,0,-0,0,3,0,0,Q99ZW2,,,false,Q99ZW2,Q99ZW2,,false,KPAFLSGEQK,KVTVK,536,558,10,5,1,1,536,558,3,,-1,0.078703,0.078703,9.565508,false,true,false,false,Self ,0.001608,0.001977,1.45214,,0.001907,0,0,0.002105,0,698,540,0,
Scan: 547903 Run: DIA12_CV486075:20251228_A2_N1_Mueller_MS_TechHub_IMP_THIDDIAXL003_Cas9_PhoX_DIA12_CV486075_250ng_FAIMS_001 P1_GQKNSR P2_GKSDNVPSEEVVK 3 2,DIA12_CV486075:20251228_A2_N1_Mueller_MS_TechHub_IMP_THIDDIAXL003_Cas9_PhoX_DIA12_CV486075_250ng_FAIMS_001,547903,,,0,0,-0,0,4,0,0,Q99ZW2,,,false,Q99ZW2,Q99ZW2,,false,GKSDNVPSEEVVK,GQKNSR,865,773,13,6,2,3,866,775,4,,-1,0.078448,0.078448,9.564872,false,true,false,false,Self ,0.001608,0.001996,1.454239,,0,0,0,0,0,697,1370,0,
Scan: 1114439 Run: DIA12_CV486075:20251228_A2_N1_Mueller_MS_TechHub_IMP_THIDDIAXL003_Cas9_PhoX_DIA12_CV486075_250ng_FAIMS_002 P1_SKLVSDFR P2_IEEGIKELGSQILK 2 6,DIA12_CV486075:20251228_A2_N1_Mueller_MS_TechHub_IMP_THIDDIAXL003_Cas9_PhoX_DIA12_CV486075_250ng_FAIMS_002,1114439,,,0,0,-0,0,3,0,0,Q99ZW2,,,false,Q99ZW2,Q99ZW2,,false,IEEGIKELGSQILK,SKLVSDFR,784,960,14,8,6,2,789,961,3,,-1,0.077491,0.077491,9.562479,false,true,false,false,Self ,0.001608,0.002067,1.45775,,0,0,0,0,0,696,1348,0,
Scan: 95747 Run: DIA12_CV486075:20251228_A2_N1_Mueller_MS_TechHub_IMP_THIDDIAXL003_Cas9_PhoX_DIA12_CV486075_250ng_FAIMS_001 P1_KPAFLSGEQK P2_KKDWDPKK 1 1,DIA12_CV486075:20251228_A2_N1_Mueller_MS_TechHub_IMP_THIDDIAXL003_Cas9_PhoX_DIA12_CV486075_250ng_FAIMS_001,95747,,,0,0,-0,0,3,0,0,Q99ZW2,,,false,Q99ZW2,Q99ZW2,,false,KKDWDPKK,KPAFLSGEQK,1123,536,8,10,1,1,1123,536,3,,-1,0.077337,0.077337,9.562093,false,true,false,false,Self ,0.001608,0.002078,1.45775,,0.001907,0,0,0,0,695,539,0,
Scan: 603461 Run: DIA12_CV486075:20251228_A2_N1_Mueller_MS_TechHub_IMP_THIDDIAXL003_Cas9_PhoX_DIA12_CV486075_250ng_FAIMS_002 P1_LESEFVYGDYKVYDVR P2_KMIAK 11 1,DIA12_CV486075:20251228_A2_N1_Mueller_MS_TechHub_IMP_THIDDIAXL003_Cas9_PhoX_DIA12_CV486075_250ng_FAIMS_002,603461,,,0,0,-0,0,4,0,0,Q99ZW2,,,false,Q99ZW2,Q99ZW2,,false,KMIAK,LESEFVYGDYKVYDVR,1020,1004,5,16,1,11,1020,1014,4,,-1,0.077062,0.077062,9.561407,false,true,false,false,Self ,0.001608,0.002098,1.458454,,0,0,0,0,0,694,1374,0,
Scan: 1008185 Run: DIA12_CV486075:20251228_A2_N1_Mueller_MS_TechHub_IMP_THIDDIAXL003_Cas9_PhoX_DIA12_CV486075_250ng_FAIMS_002 P1_KVTVK P2_KVTVK 1 1,DIA12_CV486075:20251228_A2_N1_Mueller_MS_TechHub_IMP_THIDDIAXL003_Cas9_PhoX_DIA12_CV486075_250ng_FAIMS_002,1008185,,,0,0,-0,0,2,0,0,Q99ZW2,,,false,Q99ZW2,Q99ZW2,,false,KVTVK,KVTVK,558,558,5,5,1,1,558,558,2,,-1,0.076987,0.076987,9.561219,false,true,false,false,Self ,0.001608,0.002104,1.459159,,0,0,0,0,0,693,1452,0,
Scan: 1340082 Run: DIA12_CV486075:20251228_A2_N1_Mueller_MS_TechHub_IMP_THIDDIAXL003_Cas9_PhoX_DIA12_CV486075_250ng_FAIMS_003 P1_LPKYSLFELENGR P2_GSPEDNEQKQLFVEQHK 3 9,DIA12_CV486075:20251228_A2_N1_Mueller_MS_TechHub_IMP_THIDDIAXL003_Cas9_PhoX_DIA12_CV486075_250ng_FAIMS_003,1340082,,,0,0,-0,0,4,0,0,Q99ZW2,,,false,Q99ZW2,Q99ZW2,,false,GSPEDNEQKQLFVEQHK,LPKYSLFELENGR,1247,1198,17,13,9,3,1255,1200,4,,-1,0.076942,0.076942,9.561105,false,true,false,false,Self ,0.001608,0.002107,1.459159,,0.001907,0,0,0.002105,0,692,538,0,
Scan: 380784 Run: DIA12_CV486075:20251228_A2_N1_Mueller_MS_TechHub_IMP_THIDDIAXL003_Cas9_PhoX_DIA12_CV486075_250ng_FAIMS_001 P1_LENLIAQLPGEKK P2_KPAFLSGEQK 12 1,DIA12_CV486075:20251228_A2_N1_Mueller_MS_TechHub_IMP_THIDDIAXL003_Cas9_PhoX_DIA12_CV486075_250ng_FAIMS_001,380784,,,0,0,-0,0,3,0,0,Q99ZW2,,,false,Q99ZW2,Q99ZW2,,false,KPAFLSGEQK,LENLIAQLPGEKK,536,222,10,13,1,12,536,233,3,,-1,0.076392,0.076392,9.559731,false,true,false,false,Self ,0.001608,0.002148,1.460571,,0.001907,0,0,0,0,691,537,0,
Scan: 1330278 Run: DIA12_CV486075:20251228_A2_N1_Mueller_MS_TechHub_IMP_THIDDIAXL003_Cas9_PhoX_DIA12_CV486075_250ng_FAIMS_003 P1_KDWDPK P2_KDLIIK 1 1,DIA12_CV486075:20251228_A2_N1_Mueller_MS_TechHub_IMP_THIDDIAXL003_Cas9_PhoX_DIA12_CV486075_250ng_FAIMS_003,1330278,,,0,0,-0,0,3,0,0,Q99ZW2,,,false,Q99ZW2,Q99ZW2,,false,KDLIIK,KDWDPK,1192,1124,6,6,1,1,1192,1124,3,,-1,0.076133,0.076133,9.559082,false,true,false,false,Self ,0.001608,0.002167,1.461985,,0.001907,0,0,0.002105,0,690,536,0,
Scan: 1716223 Run: DIA12_CV486075:20251228_A2_N1_Mueller_MS_TechHub_IMP_THIDDIAXL003_Cas9_PhoX_DIA12_CV486075_250ng_FAIMS_003 P1_LKGSPEDNEQK P2_ELGSQILKEHPVENTQLQNEK 2 8,DIA12_CV486075:20251228_A2_N1_Mueller_MS_TechHub_IMP_THIDDIAXL003_Cas9_PhoX_DIA12_CV486075_250ng_FAIMS_003,1716223,,,0,0,-0,0,4,0,0,Q99ZW2,,,false,Q99ZW2,Q99ZW2,,false,ELGSQILKEHPVENTQLQNEK,LKGSPEDNEQK,790,1245,21,11,8,2,797,1246,4,,-1,0.076093,0.076093,9.558985,false,true,false,false,Self ,0.001608,0.00217,1.461985,,0.001907,0,0,0.002105,0,689,535,0,
Scan: 483935 Run: DIA12_CV486075:20251228_A2_N1_Mueller_MS_TechHub_IMP_THIDDIAXL003_Cas9_PhoX_DIA12_CV486075_250ng_FAIMS_001 P1_RQEDFYPFLKDNR P2_KGILQTVK 10 1,DIA12_CV486075:20251228_A2_N1_Mueller_MS_TechHub_IMP_THIDDIAXL003_Cas9_PhoX_DIA12_CV486075_250ng_FAIMS_001,483935,,,0,0,-0,0,4,0,0,Q99ZW2,,,false,Q99ZW2,Q99ZW2,,false,KGILQTVK,RQEDFYPFLKDNR,735,425,8,13,1,10,735,434,4,,-1,0.076059,0.076059,9.558899,false,true,false,false,Self ,0.001608,0.002172,1.461985,,0.001907,0,0,0,0,688,534,0,
Scan: 1350758 Run: DIA12_CV486075:20251228_A2_N1_Mueller_MS_TechHub_IMP_THIDDIAXL003_Cas9_PhoX_DIA12_CV486075_250ng_FAIMS_003 P1_NSDKLIAR P2_GNELALPSKYVNFLYLASHYEK 4 9,DIA12_CV486075:20251228_A2_N1_Mueller_MS_TechHub_IMP_THIDDIAXL003_Cas9_PhoX_DIA12_CV486075_250ng_FAIMS_003,1350758,,,0,0,-0,0,4,0,0,Q99ZW2,,,false,Q99ZW2,Q99ZW2,,false,GNELALPSKYVNFLYLASHYEK,NSDKLIAR,1223,1115,22,8,9,4,1231,1118,4,,-1,0.076023,0.076023,9.558807,false,true,false,false,Self ,0.001608,0.002175,1.461985,,0.001907,0,0,0.002105,0,687,533,0,
Scan: 1258708 Run: DIA12_CV486075:20251228_A2_N1_Mueller_MS_TechHub_IMP_THIDDIAXL003_Cas9_PhoX_DIA12_CV486075_250ng_FAIMS_003 P1_TEVQTGGFSKESILPK P2_KKDWDPK 10 1,DIA12_CV486075:20251228_A2_N1_Mueller_MS_TechHub_IMP_THIDDIAXL003_Cas9_PhoX_DIA12_CV486075_250ng_FAIMS_003,1258708,,,0,0,-0,0,4,0,0,Q99ZW2,,,false,Q99ZW2,Q99ZW2,,false,KKDWDPK,TEVQTGGFSKESILPK,1123,1098,7,16,1,10,1123,1107,4,,-1,0.075957,0.075957,9.558644,false,true,false,false,Self ,0.001608,0.00218,1.461985,,0,0,0,0,0,686,1048,0,
Scan: 83602 Run: DIA12_CV486075:20251228_A2_N1_Mueller_MS_TechHub_IMP_THIDDIAXL003_Cas9_PhoX_DIA12_CV486075_250ng_FAIMS_001 P1_RNSDKLIAR P2_KDWDPKK 5 1,DIA12_CV486075:20251228_A2_N1_Mueller_MS_TechHub_IMP_THIDDIAXL003_Cas9_PhoX_DIA12_CV486075_250ng_FAIMS_001,83602,,,0,0,-0,0,3,0,0,Q99ZW2,,,false,Q99ZW2,Q99ZW2,,false,KDWDPKK,RNSDKLIAR,1124,1114,7,9,1,5,1124,1118,3,,-1,0.075832,0.075832,9.55833,false,true,false,false,Self ,0.001608,0.002189,1.463403,,0,0,0,0,0,410,624,0,
Scan: 1230651 Run: DIA12_CV486075:20251228_A2_N1_Mueller_MS_TechHub_IMP_THIDDIAXL003_Cas9_PhoX_DIA12_CV486075_250ng_FAIMS_003 P1_KTEVQTGGFSK P2_KTEVQTGGFSK 1 1,DIA12_CV486075:20251228_A2_N1_Mueller_MS_TechHub_IMP_THIDDIAXL003_Cas9_PhoX_DIA12_CV486075_250ng_FAIMS_003,1230651,,,0,0,-0,0,3,0,0,Q99ZW2,,,false,Q99ZW2,Q99ZW2,,false,KTEVQTGGFSK,KTEVQTGGFSK,1097,1097,11,11,1,1,1097,1097,3,,-1,0.075602,0.075602,9.557755,false,true,false,false,Self ,0.001608,0.002206,1.464113,,0,0,0,0,0,489,1277,0,
Scan: 1079195 Run: DIA12_CV486075:20251228_A2_N1_Mueller_MS_TechHub_IMP_THIDDIAXL003_Cas9_PhoX_DIA12_CV486075_250ng_FAIMS_002 P1_KPAFLSGEQK P2_AQVSGQGDSLHEHIANLAGSPAIKK 1 24,DIA12_CV486075:20251228_A2_N1_Mueller_MS_TechHub_IMP_THIDDIAXL003_Cas9_PhoX_DIA12_CV486075_250ng_FAIMS_002,1079195,,,0,0,-0,0,5,0,0,Q99ZW2,,,false,Q99ZW2,Q99ZW2,,false,AQVSGQGDSLHEHIANLAGSPAIKK,KPAFLSGEQK,711,536,25,10,24,1,734,536,5,,-1,0.07545,0.07545,9.557376,false,true,false,false,Self ,0.001608,0.002217,1.465534,,0.001907,0,0,0.002105,0,683,532,0,
Scan: 781284 Run: DIA12_CV486075:20251228_A2_N1_Mueller_MS_TechHub_IMP_THIDDIAXL003_Cas9_PhoX_DIA12_CV486075_250ng_FAIMS_002 P1_VILADANLDKVLSAYNK P2_IEKILTFR 10 3,DIA12_CV486075:20251228_A2_N1_Mueller_MS_TechHub_IMP_THIDDIAXL003_Cas9_PhoX_DIA12_CV486075_250ng_FAIMS_002,781284,,,0,0,-0,0,4,0,0,Q99ZW2,,,false,Q99ZW2,Q99ZW2,,false,IEKILTFR,VILADANLDKVLSAYNK,440,1280,8,17,3,10,442,1289,4,,-1,0.075315,0.075315,9.557038,false,true,false,false,Self ,0.001608,0.002227,1.465534,,0.001907,0,0,0.002105,0,682,531,0,
Scan: 1699355 Run: DIA12_CV486075:20251228_A2_N1_Mueller_MS_TechHub_IMP_THIDDIAXL003_Cas9_PhoX_DIA12_CV486075_250ng_FAIMS_003 P1_VVDELVKVMGR P2_EDIQKAQVSGQGDSLHEHIANLAGSPAIK 7 5,DIA12_CV486075:20251228_A2_N1_Mueller_MS_TechHub_IMP_THIDDIAXL003_Cas9_PhoX_DIA12_CV486075_250ng_FAIMS_003,1699355,,,0,0,-0,0,5,0,0,Q99ZW2,,,false,Q99ZW2,Q99ZW2,,false,EDIQKAQVSGQGDSLHEHIANLAGSPAIK,VVDELVKVMGR,706,743,29,11,5,7,710,749,5,,-1,0.075314,0.075314,9.557036,false,true,false,false,Self ,0.001608,0.002227,1.465534,,0.001907,0,0,0.002105,0,681,530,0,
Scan: 1610885 Run: DIA12_CV486075:20251228_A2_N1_Mueller_MS_TechHub_IMP_THIDDIAXL003_Cas9_PhoX_DIA12_CV486075_250ng_FAIMS_003 P1_VTVKQLK P2_KIECFDSVEISGVEDR 4 1,DIA12_CV486075:20251228_A2_N1_Mueller_MS_TechHub_IMP_THIDDIAXL003_Cas9_PhoX_DIA12_CV486075_250ng_FAIMS_003,1610885,,,0,0,-0,0,3,0,0,Q99ZW2,,,false,Q99ZW2,Q99ZW2,,false,KIECFDSVEISGVEDR,VTVKQLK,571,559,16,7,1,4,571,562,3,,-1,0.075199,0.075199,9.556748,false,true,false,false,Self ,0.001608,0.002236,1.465534,,0,0,0,0,0,471,1276,0,
Scan: 702062 Run: DIA12_CV486075:20251228_A2_N1_Mueller_MS_TechHub_IMP_THIDDIAXL003_Cas9_PhoX_DIA12_CV486075_250ng_FAIMS_002 P1_KYGGFDSPTVAYSVLVVAK P2_KDWDPK 1 1,DIA12_CV486075:20251228_A2_N1_Mueller_MS_TechHub_IMP_THIDDIAXL003_Cas9_PhoX_DIA12_CV486075_250ng_FAIMS_002,702062,,,0,0,-0,0,4,0,0,Q99ZW2,,,false,Q99ZW2,Q99ZW2,,false,KDWDPK,KYGGFDSPTVAYSVLVVAK,1124,1130,6,19,1,1,1124,1130,4,,-1,0.074944,0.074944,9.556111,false,true,false,false,Self ,0.001608,0.002254,1.466958,,0,0,0,0,0,679,1262,0,
Scan: 1769851 Run: DIA12_CV486075:20251228_A2_N1_Mueller_MS_TechHub_IMP_THIDDIAXL003_Cas9_PhoX_DIA12_CV486075_250ng_FAIMS_003 P1_QITKHVAQILDSR P2_EVKVITLK 4 3,DIA12_CV486075:20251228_A2_N1_Mueller_MS_TechHub_IMP_THIDDIAXL003_Cas9_PhoX_DIA12_CV486075_250ng_FAIMS_003,1769851,,,0,0,-0,0,3,0,0,Q99ZW2,,,false,Q99ZW2,Q99ZW2,,false,EVKVITLK,QITKHVAQILDSR,952,926,8,13,3,4,954,929,3,,-1,0.074305,0.074305,9.554513,false,true,false,false,Self ,0.001608,0.002302,1.471248,,0,0,0,0,0,678,1311,0,
Scan: 1406585 Run: DIA12_CV486075:20251228_A2_N1_Mueller_MS_TechHub_IMP_THIDDIAXL003_Cas9_PhoX_DIA12_CV486075_250ng_FAIMS_003 P1_KEGPLQAILNELK P2_EDIQKAQVSGQGDSLHEHIANLAGSPAIK 1 5,DIA12_CV486075:20251228_A2_N1_Mueller_MS_TechHub_IMP_THIDDIAXL003_Cas9_PhoX_DIA12_CV486075_250ng_FAIMS_003,1406585,,,0,0,-0,0,5,0,0,Q99ZW2,,,false,decoy:Q99ZW2,decoy:Q99ZW2,decoy,true,EDIQKAQVSGQGDSLHEHIANLAGSPAIK,KEGPLQAILNELK,706,222,29,13,5,1,710,222,5,,-1,0.07415,0.07415,9.554126,true,false,true,false,Self ,0.002313,0.002347,1.472683,,0.002765,0,1,0.003061,1,677,529,2,
Scan: 1377671 Run: DIA12_CV486075:20251228_A2_N1_Mueller_MS_TechHub_IMP_THIDDIAXL003_Cas9_PhoX_DIA12_CV486075_250ng_FAIMS_003 P1_VILADANLDKVLSAYNK P2_DLIIKLPK 10 5,DIA12_CV486075:20251228_A2_N1_Mueller_MS_TechHub_IMP_THIDDIAXL003_Cas9_PhoX_DIA12_CV486075_250ng_FAIMS_003,1377671,,,0,0,-0,0,4,0,0,Q99ZW2,,,false,Q99ZW2,Q99ZW2,,false,DLIIKLPK,VILADANLDKVLSAYNK,1193,1280,8,17,5,10,1197,1289,4,,-1,0.074107,0.074107,9.554019,false,true,false,false,Self ,0.002313,0.002316,1.472683,,0.002765,0,0,0.003061,0,676,528,0,
Scan: 1649574 Run: DIA12_CV486075:20251228_A2_N1_Mueller_MS_TechHub_IMP_THIDDIAXL003_Cas9_PhoX_DIA12_CV486075_250ng_FAIMS_003 P1_KDLIIK P2_EDIQKAQVSGQGDSLHEHIANLAGSPAIK 1 5,DIA12_CV486075:20251228_A2_N1_Mueller_MS_TechHub_IMP_THIDDIAXL003_Cas9_PhoX_DIA12_CV486075_250ng_FAIMS_003,1649574,,,0,0,-0,0,4,0,0,Q99ZW2,,,false,Q99ZW2,Q99ZW2,,false,EDIQKAQVSGQGDSLHEHIANLAGSPAIK,KDLIIK,706,1192,29,6,5,1,710,1192,4,,-1,0.073326,0.073326,9.552067,false,true,false,false,Self ,0.002313,0.00238,1.475562,,0,0,0,0,0,173,1260,0,
Scan: 970993 Run: DIA12_CV486075:20251228_A2_N1_Mueller_MS_TechHub_IMP_THIDDIAXL003_Cas9_PhoX_DIA12_CV486075_250ng_FAIMS_002 P1_VKYVTEGMR P2_KVLSMPQVNIVK 2 1,DIA12_CV486075:20251228_A2_N1_Mueller_MS_TechHub_IMP_THIDDIAXL003_Cas9_PhoX_DIA12_CV486075_250ng_FAIMS_002,970993,,,0,0,-0,0,3,0,0,Q99ZW2,,,false,Q99ZW2,Q99ZW2,,false,KVLSMPQVNIVK,VKYVTEGMR,1085,527,12,9,1,2,1085,528,3,,-1,0.073022,0.073022,9.551305,false,true,false,false,Self ,0.002313,0.002405,1.476284,,0.002765,0,0,0.003061,0,674,527,0,
Scan: 1010757 Run: DIA12_CV486075:20251228_A2_N1_Mueller_MS_TechHub_IMP_THIDDIAXL003_Cas9_PhoX_DIA12_CV486075_250ng_FAIMS_002 P1_QLKEDYFK P2_KGILQTVK 3 1,DIA12_CV486075:20251228_A2_N1_Mueller_MS_TechHub_IMP_THIDDIAXL003_Cas9_PhoX_DIA12_CV486075_250ng_FAIMS_002,1010757,,,0,0,-0,0,3,0,0,Q99ZW2,,,false,Q99ZW2,Q99ZW2,,false,KGILQTVK,QLKEDYFK,735,563,8,8,1,3,735,565,3,,-1,0.072981,0.072981,9.551204,false,true,false,false,Self ,0.002313,0.002408,1.476284,,0.002765,0,0,0.003061,0,673,526,0,
Scan: 1330326 Run: DIA12_CV486075:20251228_A2_N1_Mueller_MS_TechHub_IMP_THIDDIAXL003_Cas9_PhoX_DIA12_CV486075_250ng_FAIMS_003 P1_KDLIIK P2_GYKEVK 1 3,DIA12_CV486075:20251228_A2_N1_Mueller_MS_TechHub_IMP_THIDDIAXL003_Cas9_PhoX_DIA12_CV486075_250ng_FAIMS_003,1330326,,,0,0,-0,0,3,0,0,Q99ZW2,,,false,Q99ZW2,Q99ZW2,,false,GYKEVK,KDLIIK,1186,1192,6,6,3,1,1188,1192,3,,-1,0.07287,0.07287,9.550926,false,true,false,false,Self ,0.002313,0.002417,1.477006,,0.002765,0,0,0.003061,0,672,525,0,
Scan: 590035 Run: DIA12_CV486075:20251228_A2_N1_Mueller_MS_TechHub_IMP_THIDDIAXL003_Cas9_PhoX_DIA12_CV486075_250ng_FAIMS_001 P1_SKLVSDFR P2_EVKVITLK 2 3,DIA12_CV486075:20251228_A2_N1_Mueller_MS_TechHub_IMP_THIDDIAXL003_Cas9_PhoX_DIA12_CV486075_250ng_FAIMS_001,590035,,,0,0,-0,0,4,0,0,Q99ZW2,,,false,Q99ZW2,Q99ZW2,,false,EVKVITLK,SKLVSDFR,952,960,8,8,3,2,954,961,4,,-1,0.072436,0.072436,9.54984,false,true,false,false,Self ,0.002313,0.002452,1.478452,,0,0,0,0,0,671,738,0,
Scan: 571449 Run: DIA12_CV486075:20251228_A2_N1_Mueller_MS_TechHub_IMP_THIDDIAXL003_Cas9_PhoX_DIA12_CV486075_250ng_FAIMS_001 P1_QITKHVAQILDSR P2_LKGSPEDNEQK 4 2,DIA12_CV486075:20251228_A2_N1_Mueller_MS_TechHub_IMP_THIDDIAXL003_Cas9_PhoX_DIA12_CV486075_250ng_FAIMS_001,571449,,,0,0,-0,0,4,0,0,Q99ZW2,,,false,Q99ZW2,Q99ZW2,,false,LKGSPEDNEQK,QITKHVAQILDSR,1245,926,11,13,2,4,1246,929,4,,-1,0.072294,0.072294,9.549487,false,true,false,false,Self ,0.002313,0.002463,1.479177,,0.002765,0,0,0.003061,0,670,524,0,
Scan: 1756288 Run: DIA12_CV486075:20251228_A2_N1_Mueller_MS_TechHub_IMP_THIDDIAXL003_Cas9_PhoX_DIA12_CV486075_250ng_FAIMS_003 P1_KFDNLTK P2_GKSDNVPSEEVVK 1 2,DIA12_CV486075:20251228_A2_N1_Mueller_MS_TechHub_IMP_THIDDIAXL003_Cas9_PhoX_DIA12_CV486075_250ng_FAIMS_003,1756288,,,0,0,-0,0,3,0,0,Q99ZW2,,,false,Q99ZW2,Q99ZW2,,false,GKSDNVPSEEVVK,KFDNLTK,865,896,13,7,2,1,866,896,3,,-1,0.072219,0.072219,9.549298,false,true,false,false,Self ,0.002313,0.00247,1.479177,,0,0,0,0,0,669,1331,0,
Scan: 204149 Run: DIA12_CV486075:20251228_A2_N1_Mueller_MS_TechHub_IMP_THIDDIAXL003_Cas9_PhoX_DIA12_CV486075_250ng_FAIMS_001 P1_KLVDSTDK P2_KLVDSTDK 1 1,DIA12_CV486075:20251228_A2_N1_Mueller_MS_TechHub_IMP_THIDDIAXL003_Cas9_PhoX_DIA12_CV486075_250ng_FAIMS_001,204149,,,0,0,-0,0,3,0,0,Q99ZW2,,,false,Q99ZW2,Q99ZW2,,false,KLVDSTDK,KLVDSTDK,141,141,8,8,1,1,141,141,3,,-1,0.072153,0.072153,9.549135,false,true,false,false,Self ,0.002313,0.002475,1.479177,,0.002765,0,0,0.003061,0,668,523,0,
Scan: 1081897 Run: DIA12_CV486075:20251228_A2_N1_Mueller_MS_TechHub_IMP_THIDDIAXL003_Cas9_PhoX_DIA12_CV486075_250ng_FAIMS_002 P1_KGILQTVK P2_DKQSGK 1 2,DIA12_CV486075:20251228_A2_N1_Mueller_MS_TechHub_IMP_THIDDIAXL003_Cas9_PhoX_DIA12_CV486075_250ng_FAIMS_002,1081897,,,0,0,-0,0,3,0,0,Q99ZW2,,,false,Q99ZW2,Q99ZW2,,false,DKQSGK,KGILQTVK,672,735,6,8,2,1,673,735,3,,-1,0.071835,0.071835,9.548339,false,true,false,false,Self ,0.002313,0.002501,1.481354,,0.002765,0,0,0.003061,0,667,522,0,
Scan: 851727 Run: DIA12_CV486075:20251228_A2_N1_Mueller_MS_TechHub_IMP_THIDDIAXL003_Cas9_PhoX_DIA12_CV486075_250ng_FAIMS_002 P1_YKEIFFDQSK P2_LEESFLVEEDKK 2 11,DIA12_CV486075:20251228_A2_N1_Mueller_MS_TechHub_IMP_THIDDIAXL003_Cas9_PhoX_DIA12_CV486075_250ng_FAIMS_002,851727,,,0,0,-0,0,4,0,0,Q99ZW2,,,false,Q99ZW2,Q99ZW2,,false,LEESFLVEEDKK,YKEIFFDQSK,101,347,12,10,11,2,111,348,4,,-1,0.071755,0.071755,9.548139,false,true,false,false,Self ,0.002313,0.002507,1.482081,,0,0,0,0,0,666,242,0,
Scan: 30717 Run: DIA12_CV486075:20251228_A2_N1_Mueller_MS_TechHub_IMP_THIDDIAXL003_Cas9_PhoX_DIA12_CV486075_250ng_FAIMS_001 P1_RPLIETNGETGEIVWDKGR P2_LKGSPEDNEQK 17 2,DIA12_CV486075:20251228_A2_N1_Mueller_MS_TechHub_IMP_THIDDIAXL003_Cas9_PhoX_DIA12_CV486075_250ng_FAIMS_001,30717,,,0,0,-0,0,4,0,0,Q99ZW2,,,false,Q99ZW2,Q99ZW2,,false,LKGSPEDNEQK,RPLIETNGETGEIVWDKGR,1245,1060,11,19,2,17,1246,1076,4,,-1,0.071737,0.071737,9.548093,false,true,false,false,Self ,0.002313,0.002509,1.482081,,0.002765,0,0,0.003061,0,665,521,0,
Scan: 86698 Run: DIA12_CV486075:20251228_A2_N1_Mueller_MS_TechHub_IMP_THIDDIAXL003_Cas9_PhoX_DIA12_CV486075_250ng_FAIMS_001 P1_NSDKLIAR P2_LKGSPEDNEQK 4 2,DIA12_CV486075:20251228_A2_N1_Mueller_MS_TechHub_IMP_THIDDIAXL003_Cas9_PhoX_DIA12_CV486075_250ng_FAIMS_001,86698,,,0,0,-0,0,4,0,0,Q99ZW2,,,false,Q99ZW2,Q99ZW2,,false,LKGSPEDNEQK,NSDKLIAR,1245,1115,11,8,2,4,1246,1118,4,,-1,0.071555,0.071555,9.547638,false,true,false,false,Self ,0.002313,0.002523,1.482081,,0,0,0,0,0,633,415,0,
Scan: 1422189 Run: DIA12_CV486075:20251228_A2_N1_Mueller_MS_TechHub_IMP_THIDDIAXL003_Cas9_PhoX_DIA12_CV486075_250ng_FAIMS_003 P1_SNFDLAEDAKLQLSK P2_NGYAGYIDGGASQEEFYKFIKPILEK 10 18,DIA12_CV486075:20251228_A2_N1_Mueller_MS_TechHub_IMP_THIDDIAXL003_Cas9_PhoX_DIA12_CV486075_250ng_FAIMS_003,1422189,,,0,0,-0,0,5,0,0,Q99ZW2,,,false,Q99ZW2,Q99ZW2,,false,NGYAGYIDGGASQEEFYKFIKPILEK,SNFDLAEDAKLQLSK,357,254,26,15,18,10,374,263,5,,-1,0.071331,0.071331,9.547079,false,true,false,false,Self ,0.002313,0.002542,1.484267,,0.002765,0,0,0.003061,0,663,520,0,
Scan: 1236822 Run: DIA12_CV486075:20251228_A2_N1_Mueller_MS_TechHub_IMP_THIDDIAXL003_Cas9_PhoX_DIA12_CV486075_250ng_FAIMS_003 P1_KTEVQTGGFSK P2_EVKVITLK 1 3,DIA12_CV486075:20251228_A2_N1_Mueller_MS_TechHub_IMP_THIDDIAXL003_Cas9_PhoX_DIA12_CV486075_250ng_FAIMS_003,1236822,,,0,0,-0,0,3,0,0,Q99ZW2,,,false,Q99ZW2,Q99ZW2,,false,EVKVITLK,KTEVQTGGFSK,952,1097,8,11,3,1,954,1097,3,,-1,0.071177,0.071177,9.546694,false,true,false,false,Self ,0.002313,0.002554,1.484267,,0.002765,0,0,0.003061,0,662,519,0,
Scan: 1377728 Run: DIA12_CV486075:20251228_A2_N1_Mueller_MS_TechHub_IMP_THIDDIAXL003_Cas9_PhoX_DIA12_CV486075_250ng_FAIMS_003 P1_VILADANLDKVLSAYNK P2_GNELALPSKYVNFLYLASHYEK 10 9,DIA12_CV486075:20251228_A2_N1_Mueller_MS_TechHub_IMP_THIDDIAXL003_Cas9_PhoX_DIA12_CV486075_250ng_FAIMS_003,1377728,,,0,0,-0,0,5,0,0,Q99ZW2,,,false,Q99ZW2,Q99ZW2,,false,GNELALPSKYVNFLYLASHYEK,VILADANLDKVLSAYNK,1223,1280,22,17,9,10,1231,1289,5,,-1,0.071149,0.071149,9.546623,false,true,false,false,Self ,0.002313,0.002556,1.484267,,0.002765,0,0,0.003061,0,661,518,0,
Scan: 590147 Run: DIA12_CV486075:20251228_A2_N1_Mueller_MS_TechHub_IMP_THIDDIAXL003_Cas9_PhoX_DIA12_CV486075_250ng_FAIMS_001 P1_SKLVSDFR P2_SKLVSDFR 2 2,DIA12_CV486075:20251228_A2_N1_Mueller_MS_TechHub_IMP_THIDDIAXL003_Cas9_PhoX_DIA12_CV486075_250ng_FAIMS_001,590147,,,0,0,-0,0,3,0,0,Q99ZW2,,,false,Q99ZW2,Q99ZW2,,false,SKLVSDFR,SKLVSDFR,960,960,8,8,2,2,961,961,3,,-1,0.070813,0.070813,9.545785,false,true,false,false,Self ,0.002313,0.002584,1.485728,,0.002765,0,0,0.003061,0,660,517,0,
Scan: 36428 Run: DIA12_CV486075:20251228_A2_N1_Mueller_MS_TechHub_IMP_THIDDIAXL003_Cas9_PhoX_DIA12_CV486075_250ng_FAIMS_001 P1_KTEVQTGGFSK P2_KKDWDPK 1 1,DIA12_CV486075:20251228_A2_N1_Mueller_MS_TechHub_IMP_THIDDIAXL003_Cas9_PhoX_DIA12_CV486075_250ng_FAIMS_001,36428,,,0,0,-0,0,4,0,0,Q99ZW2,,,false,Q99ZW2,Q99ZW2,,false,KKDWDPK,KTEVQTGGFSK,1123,1097,7,11,1,1,1123,1097,4,,-1,0.070774,0.070774,9.545687,false,true,false,false,Self ,0.002313,0.002587,1.485728,,0,0,0,0,0,659,1415,0,
Scan: 1158329 Run: DIA12_CV486075:20251228_A2_N1_Mueller_MS_TechHub_IMP_THIDDIAXL003_Cas9_PhoX_DIA12_CV486075_250ng_FAIMS_002 P1_KTEVQTGGFSK P2_KFDNLTKAER 1 1,DIA12_CV486075:20251228_A2_N1_Mueller_MS_TechHub_IMP_THIDDIAXL003_Cas9_PhoX_DIA12_CV486075_250ng_FAIMS_002,1158329,,,0,0,-0,0,4,0,0,Q99ZW2,,,false,Q99ZW2,Q99ZW2,,false,KFDNLTKAER,KTEVQTGGFSK,896,1097,10,11,1,1,896,1097,4,,-1,0.070642,0.070642,9.545357,false,true,false,false,Self ,0.002313,0.002597,1.485728,,0.002765,0,0,0,0,658,516,0,
Scan: 1140193 Run: DIA12_CV486075:20251228_A2_N1_Mueller_MS_TechHub_IMP_THIDDIAXL003_Cas9_PhoX_DIA12_CV486075_250ng_FAIMS_002 P1_MKNYWR P2_DDSIDNKVLTR 2 7,DIA12_CV486075:20251228_A2_N1_Mueller_MS_TechHub_IMP_THIDDIAXL003_Cas9_PhoX_DIA12_CV486075_250ng_FAIMS_002,1140193,,,0,0,-0,0,3,0,0,Q99ZW2,,,false,Q99ZW2,Q99ZW2,,false,DDSIDNKVLTR,MKNYWR,849,879,11,6,7,2,855,880,3,,-1,0.070641,0.070641,9.545354,false,true,false,false,Self ,0.002313,0.002598,1.485728,,0.002765,0,0,0.003061,0,657,515,0,
Scan: 1537476 Run: DIA12_CV486075:20251228_A2_N1_Mueller_MS_TechHub_IMP_THIDDIAXL003_Cas9_PhoX_DIA12_CV486075_250ng_FAIMS_003 P1_SEETITPWNFEEVVDKGASAQSFIER P2_DLIIKLPK 16 5,DIA12_CV486075:20251228_A2_N1_Mueller_MS_TechHub_IMP_THIDDIAXL003_Cas9_PhoX_DIA12_CV486075_250ng_FAIMS_003,1537476,,,0,0,-0,0,4,0,0,Q99ZW2,,,false,Q99ZW2,Q99ZW2,,false,DLIIKLPK,SEETITPWNFEEVVDKGASAQSFIER,1193,469,8,26,5,16,1197,484,4,,-1,0.070476,0.070476,9.544941,false,true,false,false,Self ,0.002313,0.002611,1.485728,,0.002765,0,0,0,0,656,175,0,
Scan: 384569 Run: DIA12_CV486075:20251228_A2_N1_Mueller_MS_TechHub_IMP_THIDDIAXL003_Cas9_PhoX_DIA12_CV486075_250ng_FAIMS_001 P1_VKYVTEGMR P2_KPAFLSGEQKK 2 1,DIA12_CV486075:20251228_A2_N1_Mueller_MS_TechHub_IMP_THIDDIAXL003_Cas9_PhoX_DIA12_CV486075_250ng_FAIMS_001,384569,,,0,0,-0,0,3,0,0,Q99ZW2,,,false,Q99ZW2,Q99ZW2,,false,KPAFLSGEQKK,VKYVTEGMR,536,527,11,9,1,2,536,528,3,,-1,0.070296,0.070296,9.544492,false,true,false,false,Self ,0.002313,0.002626,1.485728,,0.002765,0,0,0,0,655,513,0,
Scan: 1153728 Run: DIA12_CV486075:20251228_A2_N1_Mueller_MS_TechHub_IMP_THIDDIAXL003_Cas9_PhoX_DIA12_CV486075_250ng_FAIMS_002 P1_SDNVPSEEVVKK P2_MKNYWR 11 2,DIA12_CV486075:20251228_A2_N1_Mueller_MS_TechHub_IMP_THIDDIAXL003_Cas9_PhoX_DIA12_CV486075_250ng_FAIMS_002,1153728,,,0,0,-0,0,4,0,0,Q99ZW2,,,false,Q99ZW2,Q99ZW2,,false,MKNYWR,SDNVPSEEVVKK,879,867,6,12,2,11,880,877,4,,-1,0.070286,0.070286,9.544467,false,true,false,false,Self ,0.002313,0.002626,1.485728,,0.002765,0,0,0.003061,0,654,512,0,
Scan: 1185568 Run: DIA12_CV486075:20251228_A2_N1_Mueller_MS_TechHub_IMP_THIDDIAXL003_Cas9_PhoX_DIA12_CV486075_250ng_FAIMS_002 P1_SKLVSDFR P2_DLIIKLPK 2 5,DIA12_CV486075:20251228_A2_N1_Mueller_MS_TechHub_IMP_THIDDIAXL003_Cas9_PhoX_DIA12_CV486075_250ng_FAIMS_002,1185568,,,0,0,-0,0,3,0,0,Q99ZW2,,,false,Q99ZW2,Q99ZW2,,false,DLIIKLPK,SKLVSDFR,1193,960,8,8,5,2,1197,961,3,,-1,0.070152,0.070152,9.54413,false,true,false,false,Self ,0.002313,0.002637,1.485728,,0.002765,0,0,0.003061,0,653,511,0,
Scan: 1082089 Run: DIA12_CV486075:20251228_A2_N1_Mueller_MS_TechHub_IMP_THIDDIAXL003_Cas9_PhoX_DIA12_CV486075_250ng_FAIMS_002 P1_KGILQTVK P2_KGILQTVK 1 1,DIA12_CV486075:20251228_A2_N1_Mueller_MS_TechHub_IMP_THIDDIAXL003_Cas9_PhoX_DIA12_CV486075_250ng_FAIMS_002,1082089,,,0,0,-0,0,3,0,0,Q99ZW2,,,false,Q99ZW2,Q99ZW2,,false,KGILQTVK,KGILQTVK,735,735,8,8,1,1,735,735,3,,-1,0.070147,0.070147,9.544119,false,true,false,false,Self ,0.002313,0.002638,1.485728,,0.002765,0,0,0.003061,0,652,510,0,
Scan: 97660 Run: DIA12_CV486075:20251228_A2_N1_Mueller_MS_TechHub_IMP_THIDDIAXL003_Cas9_PhoX_DIA12_CV486075_250ng_FAIMS_001 P1_RNSDKLIAR P2_KKDWDPK 5 2,DIA12_CV486075:20251228_A2_N1_Mueller_MS_TechHub_IMP_THIDDIAXL003_Cas9_PhoX_DIA12_CV486075_250ng_FAIMS_001,97660,,,0,0,-0,0,3,0,0,Q99ZW2,,,false,Q99ZW2,Q99ZW2,,false,KKDWDPK,RNSDKLIAR,1123,1114,7,9,2,5,1124,1118,3,,-1,0.070084,0.070084,9.54396,false,true,false,false,Self ,0.002313,0.002643,1.48646,,0,0,0,0,0,531,624,0,
Scan: 274929 Run: DIA12_CV486075:20251228_A2_N1_Mueller_MS_TechHub_IMP_THIDDIAXL003_Cas9_PhoX_DIA12_CV486075_250ng_FAIMS_001 P1_NSDKLIAR P2_NGYAGYIDGGASQEEFYKFIKPILEK 4 18,DIA12_CV486075:20251228_A2_N1_Mueller_MS_TechHub_IMP_THIDDIAXL003_Cas9_PhoX_DIA12_CV486075_250ng_FAIMS_001,274929,,,0,0,-0,0,5,0,0,Q99ZW2,,,false,Q99ZW2,Q99ZW2,,false,NGYAGYIDGGASQEEFYKFIKPILEK,NSDKLIAR,357,1115,26,8,18,4,374,1118,5,,-1,0.069838,0.069838,9.543347,false,true,false,false,Self ,0.002313,0.002663,1.487192,,0,0,0,0,0,650,1386,0,
Scan: 694284 Run: DIA12_CV486075:20251228_A2_N1_Mueller_MS_TechHub_IMP_THIDDIAXL003_Cas9_PhoX_DIA12_CV486075_250ng_FAIMS_002 P1_KTEVQTGGFSKESILPK P2_KKDWDPK 11 2,DIA12_CV486075:20251228_A2_N1_Mueller_MS_TechHub_IMP_THIDDIAXL003_Cas9_PhoX_DIA12_CV486075_250ng_FAIMS_002,694284,,,0,0,-0,0,3,0,0,Q99ZW2,,,false,Q99ZW2,Q99ZW2,,false,KKDWDPK,KTEVQTGGFSKESILPK,1123,1097,7,17,2,11,1124,1107,3,,-1,0.069764,0.069764,9.543162,false,true,false,false,Self ,0.002313,0.002669,1.487192,,0,0,0,0,0,649,53,0,
Scan: 1711684 Run: DIA12_CV486075:20251228_A2_N1_Mueller_MS_TechHub_IMP_THIDDIAXL003_Cas9_PhoX_DIA12_CV486075_250ng_FAIMS_003 P1_QITKHVAQILDSR P2_IEEGIKELGSQILK 4 6,DIA12_CV486075:20251228_A2_N1_Mueller_MS_TechHub_IMP_THIDDIAXL003_Cas9_PhoX_DIA12_CV486075_250ng_FAIMS_003,1711684,,,0,0,-0,0,4,0,0,Q99ZW2,,,false,Q99ZW2,Q99ZW2,,false,IEEGIKELGSQILK,QITKHVAQILDSR,784,926,14,13,6,4,789,929,4,,-1,0.069746,0.069746,9.543116,false,true,false,false,Self ,0.002313,0.00267,1.487192,,0.002765,0,0,0.003061,0,648,509,0,
Scan: 943479 Run: DIA12_CV486075:20251228_A2_N1_Mueller_MS_TechHub_IMP_THIDDIAXL003_Cas9_PhoX_DIA12_CV486075_250ng_FAIMS_002 P1_MTNFDKNLPNEK P2_KSEETITPWNFEEVVDKGASAQSFIER 6 17,DIA12_CV486075:20251228_A2_N1_Mueller_MS_TechHub_IMP_THIDDIAXL003_Cas9_PhoX_DIA12_CV486075_250ng_FAIMS_002,943479,,,0,0,-0,0,5,0,0,Q99ZW2,,,false,Q99ZW2,Q99ZW2,,false,KSEETITPWNFEEVVDKGASAQSFIER,MTNFDKNLPNEK,468,495,27,12,17,6,484,500,5,,-1,0.069548,0.069548,9.542621,false,true,false,false,Self ,0.002313,0.002686,1.487192,,0,0,0,0,0,124,1188,0,
Scan: 509666 Run: DIA12_CV486075:20251228_A2_N1_Mueller_MS_TechHub_IMP_THIDDIAXL003_Cas9_PhoX_DIA12_CV486075_250ng_FAIMS_001 P1_RLENLIAQLPGEKK P2_ENQTTQKGQK 13 7,DIA12_CV486075:20251228_A2_N1_Mueller_MS_TechHub_IMP_THIDDIAXL003_Cas9_PhoX_DIA12_CV486075_250ng_FAIMS_001,509666,,,0,0,-0,0,4,0,0,Q99ZW2,,,false,Q99ZW2,Q99ZW2,,false,ENQTTQKGQK,RLENLIAQLPGEKK,766,221,10,14,7,13,772,233,4,,-1,0.068899,0.068899,9.541,false,true,false,false,Self ,0.002313,0.002739,1.488659,,0,0,0,0,0,316,980,0,
Scan: 1007087 Run: DIA12_CV486075:20251228_A2_N1_Mueller_MS_TechHub_IMP_THIDDIAXL003_Cas9_PhoX_DIA12_CV486075_250ng_FAIMS_002 P1_QLKEDYFK P2_AIVDLLFKTNR 3 8,DIA12_CV486075:20251228_A2_N1_Mueller_MS_TechHub_IMP_THIDDIAXL003_Cas9_PhoX_DIA12_CV486075_250ng_FAIMS_002,1007087,,,0,0,-0,0,4,0,0,Q99ZW2,,,false,Q99ZW2,Q99ZW2,,false,AIVDLLFKTNR,QLKEDYFK,547,563,11,8,8,3,554,565,4,,-1,0.068874,0.068874,9.540935,false,true,false,false,Self ,0.002313,0.002741,1.488659,,0.002765,0,0,0.003061,0,645,508,0,
Scan: 565853 Run: DIA12_CV486075:20251228_A2_N1_Mueller_MS_TechHub_IMP_THIDDIAXL003_Cas9_PhoX_DIA12_CV486075_250ng_FAIMS_001 P1_SKLVSDFR P2_FDNLTKAER 2 6,DIA12_CV486075:20251228_A2_N1_Mueller_MS_TechHub_IMP_THIDDIAXL003_Cas9_PhoX_DIA12_CV486075_250ng_FAIMS_001,565853,,,0,0,-0,0,3,0,0,Q99ZW2,,,false,Q99ZW2,Q99ZW2,,false,FDNLTKAER,SKLVSDFR,897,960,9,8,6,2,902,961,3,,-1,0.06887,0.06887,9.540927,false,true,false,false,Self ,0.002313,0.002741,1.488659,,0.002765,0,0,0.003061,0,644,507,0,
Scan: 758347 Run: DIA12_CV486075:20251228_A2_N1_Mueller_MS_TechHub_IMP_THIDDIAXL003_Cas9_PhoX_DIA12_CV486075_250ng_FAIMS_002 P1_YVNFLYLASHYEKLK P2_KDFQFYK 13 1,DIA12_CV486075:20251228_A2_N1_Mueller_MS_TechHub_IMP_THIDDIAXL003_Cas9_PhoX_DIA12_CV486075_250ng_FAIMS_002,758347,,,0,0,-0,0,3,0,0,Q99ZW2,,,false,Q99ZW2,Q99ZW2,,false,KDFQFYK,YVNFLYLASHYEKLK,968,1232,7,15,1,13,968,1244,3,,-1,0.068801,0.068801,9.540755,false,true,false,false,Self ,0.002313,0.002747,1.489393,,0,0,0,0,0,643,1464,0,
Scan: 217363 Run: DIA12_CV486075:20251228_A2_N1_Mueller_MS_TechHub_IMP_THIDDIAXL003_Cas9_PhoX_DIA12_CV486075_250ng_FAIMS_001 P1_LENLIAQLPGEKK P2_KDFQFYK 12 1,DIA12_CV486075:20251228_A2_N1_Mueller_MS_TechHub_IMP_THIDDIAXL003_Cas9_PhoX_DIA12_CV486075_250ng_FAIMS_001,217363,,,0,0,-0,0,4,0,0,Q99ZW2,,,false,Q99ZW2,Q99ZW2,,false,KDFQFYK,LENLIAQLPGEKK,968,222,7,13,1,12,968,233,4,,-1,0.068752,0.068752,9.54063,false,true,false,false,Self ,0.002313,0.002751,1.490128,,0.002765,0,0,0.003061,0,642,506,0,
Scan: 457923 Run: DIA12_CV486075:20251228_A2_N1_Mueller_MS_TechHub_IMP_THIDDIAXL003_Cas9_PhoX_DIA12_CV486075_250ng_FAIMS_001 P1_KSEETITPWNFEEVVDK P2_EDIQKAQVSGQGDSLHEHIANLAGSPAIKK 1 5,DIA12_CV486075:20251228_A2_N1_Mueller_MS_TechHub_IMP_THIDDIAXL003_Cas9_PhoX_DIA12_CV486075_250ng_FAIMS_001,457923,,,0,0,-0,0,6,0,0,Q99ZW2,,,false,Q99ZW2,Q99ZW2,,false,EDIQKAQVSGQGDSLHEHIANLAGSPAIKK,KSEETITPWNFEEVVDK,706,468,30,17,5,1,710,468,6,,-1,0.068432,0.068432,9.539832,false,true,false,false,Self ,0.002313,0.002777,1.491601,,0.002765,0,0,0,0,641,505,0,
Scan: 1278340 Run: DIA12_CV486075:20251228_A2_N1_Mueller_MS_TechHub_IMP_THIDDIAXL003_Cas9_PhoX_DIA12_CV486075_250ng_FAIMS_003 P1_NSDKLIARK P2_KDWDPK 4 1,DIA12_CV486075:20251228_A2_N1_Mueller_MS_TechHub_IMP_THIDDIAXL003_Cas9_PhoX_DIA12_CV486075_250ng_FAIMS_003,1278340,,,0,0,-0,0,4,0,0,Q99ZW2,,,false,Q99ZW2,Q99ZW2,,false,KDWDPK,NSDKLIARK,1124,1115,6,9,1,4,1124,1118,4,,-1,0.068291,0.068291,9.53948,false,true,false,false,Self ,0.002313,0.002788,1.492338,,0,0,0,0,0,423,624,0,
Scan: 1715695 Run: DIA12_CV486075:20251228_A2_N1_Mueller_MS_TechHub_IMP_THIDDIAXL003_Cas9_PhoX_DIA12_CV486075_250ng_FAIMS_003 P1_SSFEKNPIDFLEAK P2_ELGSQILKEHPVENTQLQNEK 5 8,DIA12_CV486075:20251228_A2_N1_Mueller_MS_TechHub_IMP_THIDDIAXL003_Cas9_PhoX_DIA12_CV486075_250ng_FAIMS_003,1715695,,,0,0,-0,0,4,0,0,Q99ZW2,,,false,Q99ZW2,Q99ZW2,,false,ELGSQILKEHPVENTQLQNEK,SSFEKNPIDFLEAK,790,1172,21,14,8,5,797,1176,4,,-1,0.067919,0.067919,9.538549,false,true,false,false,Self ,0.002313,0.002818,1.493076,,0.002765,0,0,0.003061,0,639,504,0,
Scan: 984641 Run: DIA12_CV486075:20251228_A2_N1_Mueller_MS_TechHub_IMP_THIDDIAXL003_Cas9_PhoX_DIA12_CV486075_250ng_FAIMS_002 P1_KPAFLSGEQK P2_DKQSGK 1 2,DIA12_CV486075:20251228_A2_N1_Mueller_MS_TechHub_IMP_THIDDIAXL003_Cas9_PhoX_DIA12_CV486075_250ng_FAIMS_002,984641,,,0,0,-0,0,3,0,0,Q99ZW2,,,false,Q99ZW2,Q99ZW2,,false,DKQSGK,KPAFLSGEQK,672,536,6,10,2,1,673,536,3,,-1,0.067907,0.067907,9.538519,false,true,false,false,Self ,0.002313,0.002819,1.493076,,0.002765,0,0,0.003061,0,638,503,0,
Scan: 1455099 Run: DIA12_CV486075:20251228_A2_N1_Mueller_MS_TechHub_IMP_THIDDIAXL003_Cas9_PhoX_DIA12_CV486075_250ng_FAIMS_003 P1_YKEIFFDQSK P2_TYAHLFDDKVMK 2 9,DIA12_CV486075:20251228_A2_N1_Mueller_MS_TechHub_IMP_THIDDIAXL003_Cas9_PhoX_DIA12_CV486075_250ng_FAIMS_003,1455099,,,0,0,-0,0,3,0,0,Q99ZW2,,,false,Q99ZW2,Q99ZW2,,false,TYAHLFDDKVMK,YKEIFFDQSK,638,347,12,10,9,2,646,348,3,,-1,0.067874,0.067874,9.538437,false,true,false,false,Self ,0.002313,0.002822,1.493076,,0.002765,0,0,0.003061,0,637,502,0,
Scan: 1719677 Run: DIA12_CV486075:20251228_A2_N1_Mueller_MS_TechHub_IMP_THIDDIAXL003_Cas9_PhoX_DIA12_CV486075_250ng_FAIMS_003 P1_ELGSQILKEHPVENTQLQNEK P2_EDIQKAQVSGQGDSLHEHIANLAGSPAIK 8 5,DIA12_CV486075:20251228_A2_N1_Mueller_MS_TechHub_IMP_THIDDIAXL003_Cas9_PhoX_DIA12_CV486075_250ng_FAIMS_003,1719677,,,0,0,-0,0,6,0,0,Q99ZW2,,,false,Q99ZW2,Q99ZW2,,false,EDIQKAQVSGQGDSLHEHIANLAGSPAIK,ELGSQILKEHPVENTQLQNEK,706,790,29,21,5,8,710,797,6,,-1,0.067542,0.067542,9.537606,false,true,false,false,Self ,0.002313,0.002849,1.493815,,0.002765,0,0,0.003061,0,636,501,0,
Scan: 1732121 Run: DIA12_CV486075:20251228_A2_N1_Mueller_MS_TechHub_IMP_THIDDIAXL003_Cas9_PhoX_DIA12_CV486075_250ng_FAIMS_003 P1_ENQTTQKGQK P2_EHPVENTQLQNEKLYLYYLQNGR 7 13,DIA12_CV486075:20251228_A2_N1_Mueller_MS_TechHub_IMP_THIDDIAXL003_Cas9_PhoX_DIA12_CV486075_250ng_FAIMS_003,1732121,,,0,0,-0,0,4,0,0,Q99ZW2,,,false,Q99ZW2,Q99ZW2,,false,EHPVENTQLQNEKLYLYYLQNGR,ENQTTQKGQK,798,766,23,10,13,7,810,772,4,,-1,0.067449,0.067449,9.537374,false,true,false,false,Self ,0.002313,0.002856,1.494554,,0.002765,0,0,0.003061,0,635,500,0,
Scan: 1090062 Run: DIA12_CV486075:20251228_A2_N1_Mueller_MS_TechHub_IMP_THIDDIAXL003_Cas9_PhoX_DIA12_CV486075_250ng_FAIMS_002 P1_KNLIGALLFDSGETAEATR P2_GILQTVKVVDELVK 1 7,DIA12_CV486075:20251228_A2_N1_Mueller_MS_TechHub_IMP_THIDDIAXL003_Cas9_PhoX_DIA12_CV486075_250ng_FAIMS_002,1090062,,,0,0,-0,0,4,0,0,Q99ZW2,,,false,Q99ZW2,Q99ZW2,,false,GILQTVKVVDELVK,KNLIGALLFDSGETAEATR,736,45,14,19,7,1,742,45,4,,-1,0.067401,0.067401,9.537254,false,true,false,false,Self ,0.002313,0.00286,1.494554,,0.002765,0,0,0.003061,0,634,499,0,
Scan: 1356329 Run: DIA12_CV486075:20251228_A2_N1_Mueller_MS_TechHub_IMP_THIDDIAXL003_Cas9_PhoX_DIA12_CV486075_250ng_FAIMS_003 P1_NSDKLIAR P2_LKGSPEDNEQK 4 2,DIA12_CV486075:20251228_A2_N1_Mueller_MS_TechHub_IMP_THIDDIAXL003_Cas9_PhoX_DIA12_CV486075_250ng_FAIMS_003,1356329,,,0,0,-0,0,3,0,0,Q99ZW2,,,false,Q99ZW2,Q99ZW2,,false,LKGSPEDNEQK,NSDKLIAR,1245,1115,11,8,2,4,1246,1118,3,,-1,0.067251,0.067251,9.536878,false,true,false,false,Self ,0.002313,0.002872,1.494554,,0,0,0,0,0,633,415,0,
Scan: 761155 Run: DIA12_CV486075:20251228_A2_N1_Mueller_MS_TechHub_IMP_THIDDIAXL003_Cas9_PhoX_DIA12_CV486075_250ng_FAIMS_002 P1_LKGSPEDNEQK P2_ENQTTQKGQK 2 7,DIA12_CV486075:20251228_A2_N1_Mueller_MS_TechHub_IMP_THIDDIAXL003_Cas9_PhoX_DIA12_CV486075_250ng_FAIMS_002,761155,,,0,0,-0,0,4,0,0,Q99ZW2,,,false,Q99ZW2,Q99ZW2,,false,ENQTTQKGQK,LKGSPEDNEQK,766,1245,10,11,7,2,772,1246,4,,-1,0.067088,0.067088,9.536472,false,true,false,false,Self ,0.002313,0.002886,1.494554,,0,0,0,0,0,632,1440,0,
Scan: 555975 Run: DIA12_CV486075:20251228_A2_N1_Mueller_MS_TechHub_IMP_THIDDIAXL003_Cas9_PhoX_DIA12_CV486075_250ng_FAIMS_001 P1_SDNVPSEEVVKK P2_NSDKLIAR 11 4,DIA12_CV486075:20251228_A2_N1_Mueller_MS_TechHub_IMP_THIDDIAXL003_Cas9_PhoX_DIA12_CV486075_250ng_FAIMS_001,555975,,,0,0,-0,0,3,0,0,Q99ZW2,,,false,Q99ZW2,Q99ZW2,,false,NSDKLIAR,SDNVPSEEVVKK,1115,867,8,12,4,11,1118,877,3,,-1,0.067058,0.067058,9.536397,false,true,false,false,Self ,0.002313,0.002888,1.494554,,0.002765,0,0,0.003061,0,631,498,0,
Scan: 526133 Run: DIA12_CV486075:20251228_A2_N1_Mueller_MS_TechHub_IMP_THIDDIAXL003_Cas9_PhoX_DIA12_CV486075_250ng_FAIMS_001 P1_GKSDNVPSEEVVKK P2_ELGSQILKEHPVENTQLQNEK 2 8,DIA12_CV486075:20251228_A2_N1_Mueller_MS_TechHub_IMP_THIDDIAXL003_Cas9_PhoX_DIA12_CV486075_250ng_FAIMS_001,526133,,,0,0,-0,0,5,0,0,Q99ZW2,,,false,Q99ZW2,Q99ZW2,,false,ELGSQILKEHPVENTQLQNEK,GKSDNVPSEEVVKK,790,865,21,14,8,2,797,866,5,,-1,0.06637,0.06637,9.534676,false,true,false,false,Self ,0.002313,0.002944,1.496777,,0.002765,0,0,0,0,630,497,0,
Scan: 975162 Run: DIA12_CV486075:20251228_A2_N1_Mueller_MS_TechHub_IMP_THIDDIAXL003_Cas9_PhoX_DIA12_CV486075_250ng_FAIMS_002 P1_TEVQTGGFSKESILPK P2_KPAFLSGEQK 10 1,DIA12_CV486075:20251228_A2_N1_Mueller_MS_TechHub_IMP_THIDDIAXL003_Cas9_PhoX_DIA12_CV486075_250ng_FAIMS_002,975162,,,0,0,-0,0,3,0,0,Q99ZW2,,,false,Q99ZW2,Q99ZW2,,false,KPAFLSGEQK,TEVQTGGFSKESILPK,536,1098,10,16,1,10,536,1107,3,,-1,0.066343,0.066343,9.534609,false,true,false,false,Self ,0.002313,0.002946,1.496777,,0,0,0,0,0,629,1213,0,
Scan: 1782260 Run: DIA12_CV486075:20251228_A2_N1_Mueller_MS_TechHub_IMP_THIDDIAXL003_Cas9_PhoX_DIA12_CV486075_250ng_FAIMS_003 P1_KDFQFYK P2_EVKVITLK 1 3,DIA12_CV486075:20251228_A2_N1_Mueller_MS_TechHub_IMP_THIDDIAXL003_Cas9_PhoX_DIA12_CV486075_250ng_FAIMS_003,1782260,,,0,0,-0,0,3,0,0,Q99ZW2,,,false,Q99ZW2,Q99ZW2,,false,EVKVITLK,KDFQFYK,952,968,8,7,3,1,954,968,3,,-1,0.066145,0.066145,9.534114,false,true,false,false,Self ,0.002313,0.002962,1.49752,,0.002765,0,0,0.003061,0,628,496,0,
Scan: 1621636 Run: DIA12_CV486075:20251228_A2_N1_Mueller_MS_TechHub_IMP_THIDDIAXL003_Cas9_PhoX_DIA12_CV486075_250ng_FAIMS_003 P1_TYAHLFDDKVMK P2_KVTVK 9 1,DIA12_CV486075:20251228_A2_N1_Mueller_MS_TechHub_IMP_THIDDIAXL003_Cas9_PhoX_DIA12_CV486075_250ng_FAIMS_003,1621636,,,0,0,-0,0,3,0,0,Q99ZW2,,,false,Q99ZW2,Q99ZW2,,false,KVTVK,TYAHLFDDKVMK,558,638,5,12,1,9,558,646,3,,-1,0.065556,0.065556,9.53264,false,true,false,false,Self ,0.002313,0.00301,1.500497,,0.002765,0,0,0.003061,0,627,495,0,
Scan: 289982 Run: DIA12_CV486075:20251228_A2_N1_Mueller_MS_TechHub_IMP_THIDDIAXL003_Cas9_PhoX_DIA12_CV486075_250ng_FAIMS_001 P1_QEDFYPFLKDNR P2_GILQTVKVVDELVK 9 7,DIA12_CV486075:20251228_A2_N1_Mueller_MS_TechHub_IMP_THIDDIAXL003_Cas9_PhoX_DIA12_CV486075_250ng_FAIMS_001,289982,,,0,0,-0,0,4,0,0,Q99ZW2,,,false,Q99ZW2,Q99ZW2,,false,GILQTVKVVDELVK,QEDFYPFLKDNR,736,426,14,12,7,9,742,434,4,,-1,0.065348,0.065348,9.53212,false,true,false,false,Self ,0.002313,0.003027,1.502738,,0.002765,0,0,0,0,626,81,0,
Scan: 1704632 Run: DIA12_CV486075:20251228_A2_N1_Mueller_MS_TechHub_IMP_THIDDIAXL003_Cas9_PhoX_DIA12_CV486075_250ng_FAIMS_003 P1_FKVLGNTDR P2_ENQTTQKGQK 2 7,DIA12_CV486075:20251228_A2_N1_Mueller_MS_TechHub_IMP_THIDDIAXL003_Cas9_PhoX_DIA12_CV486075_250ng_FAIMS_003,1704632,,,0,0,-0,0,3,0,0,Q99ZW2,,,false,Q99ZW2,Q99ZW2,,false,ENQTTQKGQK,FKVLGNTDR,766,32,10,9,7,2,772,33,3,,-1,0.065342,0.065342,9.532106,false,true,false,false,Self ,0.002313,0.003027,1.502738,,0,0,0,0,0,238,1259,0,
Scan: 594257 Run: DIA12_CV486075:20251228_A2_N1_Mueller_MS_TechHub_IMP_THIDDIAXL003_Cas9_PhoX_DIA12_CV486075_250ng_FAIMS_001 P1_QLKEDYFK P2_KDFQFYK 3 1,DIA12_CV486075:20251228_A2_N1_Mueller_MS_TechHub_IMP_THIDDIAXL003_Cas9_PhoX_DIA12_CV486075_250ng_FAIMS_001,594257,,,0,0,-0,0,3,0,0,Q99ZW2,,,false,Q99ZW2,Q99ZW2,,false,KDFQFYK,QLKEDYFK,968,563,7,8,1,3,968,565,3,,-1,0.065063,0.065063,9.53141,false,true,false,false,Self ,0.002313,0.00305,1.504235,,0.002765,0,0,0.003061,0,624,493,0,
Scan: 1110326 Run: DIA12_CV486075:20251228_A2_N1_Mueller_MS_TechHub_IMP_THIDDIAXL003_Cas9_PhoX_DIA12_CV486075_250ng_FAIMS_002 P1_SNKQGR P2_KGILQTVK 3 1,DIA12_CV486075:20251228_A2_N1_Mueller_MS_TechHub_IMP_THIDDIAXL003_Cas9_PhoX_DIA12_CV486075_250ng_FAIMS_002,1110326,,,0,0,-0,0,3,0,0,Q99ZW2,,,false,decoy:Q99ZW2,decoy:Q99ZW2,decoy,true,KGILQTVK,SNKQGR,735,773,8,6,1,3,735,775,3,,-1,0.064962,0.064962,9.531156,true,false,true,false,Self ,0.003058,0.003565,1.504235,,0.00366,0,1,0.004057,1,623,492,2,
Scan: 1760646 Run: DIA12_CV486075:20251228_A2_N1_Mueller_MS_TechHub_IMP_THIDDIAXL003_Cas9_PhoX_DIA12_CV486075_250ng_FAIMS_003 P1_GGLSELDKAGFIK P2_FDNLTKAER 8 6,DIA12_CV486075:20251228_A2_N1_Mueller_MS_TechHub_IMP_THIDDIAXL003_Cas9_PhoX_DIA12_CV486075_250ng_FAIMS_003,1760646,,,0,0,-0,0,4,0,0,Q99ZW2,,,false,Q99ZW2,Q99ZW2,,false,FDNLTKAER,GGLSELDKAGFIK,897,906,9,13,6,8,902,913,4,,-1,0.064876,0.064876,9.530942,false,true,false,false,Self ,0.003058,0.003096,1.504235,,0,0,0,0,0,622,1303,0,
Scan: 1167198 Run: DIA12_CV486075:20251228_A2_N1_Mueller_MS_TechHub_IMP_THIDDIAXL003_Cas9_PhoX_DIA12_CV486075_250ng_FAIMS_002 P1_KDFQFYK P2_GGLSELDKAGFIK 1 8,DIA12_CV486075:20251228_A2_N1_Mueller_MS_TechHub_IMP_THIDDIAXL003_Cas9_PhoX_DIA12_CV486075_250ng_FAIMS_002,1167198,,,0,0,-0,0,3,0,0,Q99ZW2,,,false,Q99ZW2,Q99ZW2,,false,GGLSELDKAGFIK,KDFQFYK,906,968,13,7,8,1,913,968,3,,-1,0.064508,0.064508,9.530022,false,true,false,false,Self ,0.003058,0.003258,1.506487,,0.00366,0,0,0.004057,0,621,491,0,
Scan: 1739816 Run: DIA12_CV486075:20251228_A2_N1_Mueller_MS_TechHub_IMP_THIDDIAXL003_Cas9_PhoX_DIA12_CV486075_250ng_FAIMS_003 P1_KDWDPK P2_GKSDNVPSEEVVK 1 2,DIA12_CV486075:20251228_A2_N1_Mueller_MS_TechHub_IMP_THIDDIAXL003_Cas9_PhoX_DIA12_CV486075_250ng_FAIMS_003,1739816,,,0,0,-0,0,3,0,0,Q99ZW2,,,false,Q99ZW2,Q99ZW2,,false,GKSDNVPSEEVVK,KDWDPK,865,1124,13,6,2,1,866,1124,3,,-1,0.064461,0.064461,9.529904,false,true,false,false,Self ,0.003058,0.003279,1.507239,,0.00366,0,0,0.004057,0,620,490,0,
Scan: 1453564 Run: DIA12_CV486075:20251228_A2_N1_Mueller_MS_TechHub_IMP_THIDDIAXL003_Cas9_PhoX_DIA12_CV486075_250ng_FAIMS_003 P1_YKEIFFDQSK P2_KNLIGALLFDSGETAEATR 2 1,DIA12_CV486075:20251228_A2_N1_Mueller_MS_TechHub_IMP_THIDDIAXL003_Cas9_PhoX_DIA12_CV486075_250ng_FAIMS_003,1453564,,,0,0,-0,0,4,0,0,Q99ZW2,,,false,Q99ZW2,Q99ZW2,,false,KNLIGALLFDSGETAEATR,YKEIFFDQSK,45,347,19,10,1,2,45,348,4,,-1,0.064436,0.064436,9.529841,false,true,false,false,Self ,0.003058,0.00329,1.507239,,0.00366,0,0,0.004057,0,619,489,0,
Scan: 1624232 Run: DIA12_CV486075:20251228_A2_N1_Mueller_MS_TechHub_IMP_THIDDIAXL003_Cas9_PhoX_DIA12_CV486075_250ng_FAIMS_003 P1_KLINGIR P2_KDLIIKLPK 1 6,DIA12_CV486075:20251228_A2_N1_Mueller_MS_TechHub_IMP_THIDDIAXL003_Cas9_PhoX_DIA12_CV486075_250ng_FAIMS_003,1624232,,,0,0,-0,0,4,0,0,Q99ZW2,,,false,Q99ZW2,Q99ZW2,,false,KDLIIKLPK,KLINGIR,1192,665,9,7,6,1,1197,665,4,,-1,0.064358,0.064358,9.529646,false,true,false,false,Self ,0.003058,0.003325,1.507239,,0.00366,0,0,0,0,618,488,0,
Scan: 676845 Run: DIA12_CV486075:20251228_A2_N1_Mueller_MS_TechHub_IMP_THIDDIAXL003_Cas9_PhoX_DIA12_CV486075_250ng_FAIMS_002 P1_KLINGIR P2_ESILPKR 1 6,DIA12_CV486075:20251228_A2_N1_Mueller_MS_TechHub_IMP_THIDDIAXL003_Cas9_PhoX_DIA12_CV486075_250ng_FAIMS_002,676845,,,0,0,-0,0,4,0,0,Q99ZW2,,,false,Q99ZW2,Q99ZW2,,false,ESILPKR,KLINGIR,1108,665,7,7,6,1,1113,665,4,,-1,0.064222,0.064222,9.529307,false,true,false,false,Self ,0.003058,0.003385,1.507992,,0,0,0,0,0,418,1269,0,
Scan: 872797 Run: DIA12_CV486075:20251228_A2_N1_Mueller_MS_TechHub_IMP_THIDDIAXL003_Cas9_PhoX_DIA12_CV486075_250ng_FAIMS_002 P1_NGYAGYIDGGASQEEFYKFIKPILEK P2_KKDWDPK 18 1,DIA12_CV486075:20251228_A2_N1_Mueller_MS_TechHub_IMP_THIDDIAXL003_Cas9_PhoX_DIA12_CV486075_250ng_FAIMS_002,872797,,,0,0,-0,0,4,0,0,Q99ZW2,,,false,Q99ZW2,Q99ZW2,,false,KKDWDPK,NGYAGYIDGGASQEEFYKFIKPILEK,1123,357,7,26,1,18,1123,374,4,,-1,0.064205,0.064205,9.529263,false,true,false,false,Self ,0.003058,0.003392,1.507992,,0.00366,0,0,0.004057,0,616,487,0,
Scan: 842999 Run: DIA12_CV486075:20251228_A2_N1_Mueller_MS_TechHub_IMP_THIDDIAXL003_Cas9_PhoX_DIA12_CV486075_250ng_FAIMS_002 P1_GKSDNVPSEEVVK P2_FKVLGNTDR 2 2,DIA12_CV486075:20251228_A2_N1_Mueller_MS_TechHub_IMP_THIDDIAXL003_Cas9_PhoX_DIA12_CV486075_250ng_FAIMS_002,842999,,,0,0,-0,0,4,0,0,Q99ZW2,,,false,Q99ZW2,Q99ZW2,,false,FKVLGNTDR,GKSDNVPSEEVVK,32,865,9,13,2,2,33,866,4,,-1,0.064056,0.064056,9.52889,false,true,false,false,Self ,0.003058,0.003458,1.507992,,0,0,0,0,0,615,1422,0,
Scan: 1289980 Run: DIA12_CV486075:20251228_A2_N1_Mueller_MS_TechHub_IMP_THIDDIAXL003_Cas9_PhoX_DIA12_CV486075_250ng_FAIMS_003 P1_KKDWDPK P2_KDWDPK 1 1,DIA12_CV486075:20251228_A2_N1_Mueller_MS_TechHub_IMP_THIDDIAXL003_Cas9_PhoX_DIA12_CV486075_250ng_FAIMS_003,1289980,,,0,0,-0,0,3,0,0,Q99ZW2,,,false,Q99ZW2,Q99ZW2,,false,KDWDPK,KKDWDPK,1124,1123,6,7,1,1,1124,1123,3,,-1,0.063672,0.063672,9.527931,false,true,false,false,Self ,0.003058,0.003628,1.508746,,0.00366,0,0,0.004057,0,614,486,0,
Scan: 1008528 Run: DIA12_CV486075:20251228_A2_N1_Mueller_MS_TechHub_IMP_THIDDIAXL003_Cas9_PhoX_DIA12_CV486075_250ng_FAIMS_002 P1_YDENDKLIR P2_KVTVK 6 1,DIA12_CV486075:20251228_A2_N1_Mueller_MS_TechHub_IMP_THIDDIAXL003_Cas9_PhoX_DIA12_CV486075_250ng_FAIMS_002,1008528,,,0,0,-0,0,3,0,0,Q99ZW2,,,false,Q99ZW2,Q99ZW2,,false,KVTVK,YDENDKLIR,558,943,5,9,1,6,558,948,3,,-1,0.06345,0.06345,9.527376,false,true,false,false,Self ,0.003058,0.003726,1.511768,,0.00366,0,0,0.004057,0,613,485,0,
Scan: 1650548 Run: DIA12_CV486075:20251228_A2_N1_Mueller_MS_TechHub_IMP_THIDDIAXL003_Cas9_PhoX_DIA12_CV486075_250ng_FAIMS_003 P1_KDLIIKLPK P2_EDIQKAQVSGQGDSLHEHIANLAGSPAIK 6 5,DIA12_CV486075:20251228_A2_N1_Mueller_MS_TechHub_IMP_THIDDIAXL003_Cas9_PhoX_DIA12_CV486075_250ng_FAIMS_003,1650548,,,0,0,-0,0,5,0,0,Q99ZW2,,,false,Q99ZW2,Q99ZW2,,false,EDIQKAQVSGQGDSLHEHIANLAGSPAIK,KDLIIKLPK,706,1192,29,9,5,6,710,1197,5,,-1,0.063396,0.063396,9.527242,false,true,false,false,Self ,0.003058,0.00375,1.512525,,0.00366,0,0,0,0,612,484,0,
Scan: 307197 Run: DIA12_CV486075:20251228_A2_N1_Mueller_MS_TechHub_IMP_THIDDIAXL003_Cas9_PhoX_DIA12_CV486075_250ng_FAIMS_001 P1_KSEETITPWNFEEVVDK P2_FTLIKEIKER 1 5,DIA12_CV486075:20251228_A2_N1_Mueller_MS_TechHub_IMP_THIDDIAXL003_Cas9_PhoX_DIA12_CV486075_250ng_FAIMS_001,307197,,,0,0,-0,0,3,0,0,decoy:Q99ZW2,decoy:,decoy,true,Q99ZW2,Q99ZW2,,false,FTLIKEIKER,KSEETITPWNFEEVVDK,438,468,10,17,5,1,442,468,3,,-1,0.063303,0.063303,9.527008,true,false,true,false,Self ,0.003791,0.003716,1.514042,,0.004541,1,0,0.00503,1,611,483,2,
Scan: 1609970 Run: DIA12_CV486075:20251228_A2_N1_Mueller_MS_TechHub_IMP_THIDDIAXL003_Cas9_PhoX_DIA12_CV486075_250ng_FAIMS_003 P1_KIECFDSVEISGVEDR P2_FKVLGNTDR 1 2,DIA12_CV486075:20251228_A2_N1_Mueller_MS_TechHub_IMP_THIDDIAXL003_Cas9_PhoX_DIA12_CV486075_250ng_FAIMS_003,1609970,,,0,0,-0,0,4,0,0,Q99ZW2,,,false,Q99ZW2,Q99ZW2,,false,FKVLGNTDR,KIECFDSVEISGVEDR,32,571,9,16,2,1,33,571,4,,-1,0.06317,0.06317,9.526677,false,true,false,false,Self ,0.003791,0.003839,1.514042,,0.004541,0,0,0.00503,0,610,482,0,
Scan: 1736727 Run: DIA12_CV486075:20251228_A2_N1_Mueller_MS_TechHub_IMP_THIDDIAXL003_Cas9_PhoX_DIA12_CV486075_250ng_FAIMS_003 P1_KGILQTVK P2_DDSIDNKVLTR 1 7,DIA12_CV486075:20251228_A2_N1_Mueller_MS_TechHub_IMP_THIDDIAXL003_Cas9_PhoX_DIA12_CV486075_250ng_FAIMS_003,1736727,,,0,0,-0,0,3,0,0,Q99ZW2,,,false,Q99ZW2,Q99ZW2,,false,DDSIDNKVLTR,KGILQTVK,849,735,11,8,7,1,855,735,3,,-1,0.063083,0.063083,9.526459,false,true,false,false,Self ,0.003791,0.00387,1.515562,,0.004541,0,0,0.00503,0,609,481,0,
Scan: 1575326 Run: DIA12_CV486075:20251228_A2_N1_Mueller_MS_TechHub_IMP_THIDDIAXL003_Cas9_PhoX_DIA12_CV486075_250ng_FAIMS_003 P1_KPAFLSGEQK P2_HPIFGNIVDEVAYHEKYPTIYHLR 1 16,DIA12_CV486075:20251228_A2_N1_Mueller_MS_TechHub_IMP_THIDDIAXL003_Cas9_PhoX_DIA12_CV486075_250ng_FAIMS_003,1575326,,,0,0,-0,0,4,0,0,Q99ZW2,,,false,Q99ZW2,Q99ZW2,,false,HPIFGNIVDEVAYHEKYPTIYHLR,KPAFLSGEQK,116,536,24,10,16,1,131,536,4,,-1,0.063033,0.063033,9.526333,false,true,false,false,Self ,0.003791,0.003888,1.515562,,0,0,0,0,0,608,1489,0,
Scan: 1336760 Run: DIA12_CV486075:20251228_A2_N1_Mueller_MS_TechHub_IMP_THIDDIAXL003_Cas9_PhoX_DIA12_CV486075_250ng_FAIMS_003 P1_SEQEIGKATAK P2_LPKYSLFELENGR 7 3,DIA12_CV486075:20251228_A2_N1_Mueller_MS_TechHub_IMP_THIDDIAXL003_Cas9_PhoX_DIA12_CV486075_250ng_FAIMS_003,1336760,,,0,0,-0,0,3,0,0,Q99ZW2,,,false,Q99ZW2,Q99ZW2,,false,LPKYSLFELENGR,SEQEIGKATAK,1198,1025,13,11,3,7,1200,1031,3,,-1,0.062828,0.062828,9.525822,false,true,false,false,Self ,0.003791,0.003962,1.517085,,0.004541,0,0,0.00503,0,607,480,0,
Scan: 826782 Run: DIA12_CV486075:20251228_A2_N1_Mueller_MS_TechHub_IMP_THIDDIAXL003_Cas9_PhoX_DIA12_CV486075_250ng_FAIMS_002 P1_KFKVLGNTDR P2_KFKVLGNTDR 1 1,DIA12_CV486075:20251228_A2_N1_Mueller_MS_TechHub_IMP_THIDDIAXL003_Cas9_PhoX_DIA12_CV486075_250ng_FAIMS_002,826782,,,0,0,-0,0,3,0,0,Q99ZW2,,,false,Q99ZW2,Q99ZW2,,false,KFKVLGNTDR,KFKVLGNTDR,31,31,10,10,1,1,31,31,3,,-1,0.062726,0.062726,9.525566,false,true,false,false,Self ,0.003791,0.003999,1.517085,,0.004541,0,0,0.00503,0,606,479,0,
Scan: 70881 Run: DIA12_CV486075:20251228_A2_N1_Mueller_MS_TechHub_IMP_THIDDIAXL003_Cas9_PhoX_DIA12_CV486075_250ng_FAIMS_001 P1_NLPNEKVLPK P2_KTEVQTGGFSKESILPK 6 11,DIA12_CV486075:20251228_A2_N1_Mueller_MS_TechHub_IMP_THIDDIAXL003_Cas9_PhoX_DIA12_CV486075_250ng_FAIMS_001,70881,,,0,0,-0,0,3,0,0,Q99ZW2,,,false,Q99ZW2,Q99ZW2,,false,KTEVQTGGFSKESILPK,NLPNEKVLPK,1097,501,17,10,11,6,1107,506,3,,-1,0.062309,0.062309,9.524525,false,true,false,false,Self ,0.003791,0.004149,1.517848,,0,0,0,0,0,605,552,0,
Scan: 513146 Run: DIA12_CV486075:20251228_A2_N1_Mueller_MS_TechHub_IMP_THIDDIAXL003_Cas9_PhoX_DIA12_CV486075_250ng_FAIMS_001 P1_SDKNR P2_GQKNSR 3 3,DIA12_CV486075:20251228_A2_N1_Mueller_MS_TechHub_IMP_THIDDIAXL003_Cas9_PhoX_DIA12_CV486075_250ng_FAIMS_001,513146,,,0,0,-0,0,3,0,0,Q99ZW2,,,false,Q99ZW2,Q99ZW2,,false,GQKNSR,SDKNR,773,860,6,5,3,3,775,862,3,,-1,0.062211,0.062211,9.524278,false,true,false,false,Self ,0.003791,0.004185,1.517848,,0.004541,0,0,0.00503,0,604,478,0,
Scan: 377909 Run: DIA12_CV486075:20251228_A2_N1_Mueller_MS_TechHub_IMP_THIDDIAXL003_Cas9_PhoX_DIA12_CV486075_250ng_FAIMS_001 P1_KPAFLSGEQK P2_ESILPKR 1 6,DIA12_CV486075:20251228_A2_N1_Mueller_MS_TechHub_IMP_THIDDIAXL003_Cas9_PhoX_DIA12_CV486075_250ng_FAIMS_001,377909,,,0,0,-0,0,3,0,0,Q99ZW2,,,false,Q99ZW2,Q99ZW2,,false,ESILPKR,KPAFLSGEQK,1108,536,7,10,6,1,1113,536,3,,-1,0.06221,0.06221,9.524276,false,true,false,false,Self ,0.003791,0.004185,1.517848,,0.004541,0,0,0.00503,0,603,477,0,
Scan: 695372 Run: DIA12_CV486075:20251228_A2_N1_Mueller_MS_TechHub_IMP_THIDDIAXL003_Cas9_PhoX_DIA12_CV486075_250ng_FAIMS_002 P1_KYGGFDSPTVAYSVLVVAK P2_KKDWDPK 1 2,DIA12_CV486075:20251228_A2_N1_Mueller_MS_TechHub_IMP_THIDDIAXL003_Cas9_PhoX_DIA12_CV486075_250ng_FAIMS_002,695372,,,0,0,-0,0,4,0,0,Q99ZW2,,,false,Q99ZW2,Q99ZW2,,false,KKDWDPK,KYGGFDSPTVAYSVLVVAK,1123,1130,7,19,2,1,1124,1130,4,,-1,0.062042,0.062042,9.523857,false,true,false,false,Self ,0.003791,0.004246,1.519376,,0,0,0,0,0,288,1262,0,
Scan: 1447102 Run: DIA12_CV486075:20251228_A2_N1_Mueller_MS_TechHub_IMP_THIDDIAXL003_Cas9_PhoX_DIA12_CV486075_250ng_FAIMS_003 P1_YDEHHQDLTLLKALVR P2_KFDNLTK 12 1,DIA12_CV486075:20251228_A2_N1_Mueller_MS_TechHub_IMP_THIDDIAXL003_Cas9_PhoX_DIA12_CV486075_250ng_FAIMS_003,1447102,,,0,0,-0,0,5,0,0,Q99ZW2,,,false,Q99ZW2,Q99ZW2,,false,KFDNLTK,YDEHHQDLTLLKALVR,896,325,7,16,1,12,896,336,5,,-1,0.061963,0.061963,9.523659,false,true,false,false,Self ,0.003791,0.004274,1.519376,,0.004541,0,0,0.00503,0,601,476,0,
Scan: 1211182 Run: DIA12_CV486075:20251228_A2_N1_Mueller_MS_TechHub_IMP_THIDDIAXL003_Cas9_PhoX_DIA12_CV486075_250ng_FAIMS_003 P1_SEQEIGKATAK P2_KGILQTVK 7 1,DIA12_CV486075:20251228_A2_N1_Mueller_MS_TechHub_IMP_THIDDIAXL003_Cas9_PhoX_DIA12_CV486075_250ng_FAIMS_003,1211182,,,0,0,-0,0,3,0,0,Q99ZW2,,,false,Q99ZW2,Q99ZW2,,false,KGILQTVK,SEQEIGKATAK,735,1025,8,11,1,7,735,1031,3,,-1,0.061777,0.061777,9.523194,false,true,false,false,Self ,0.003791,0.004341,1.519376,,0.004541,0,0,0.00503,0,600,475,0,
Scan: 1468102 Run: DIA12_CV486075:20251228_A2_N1_Mueller_MS_TechHub_IMP_THIDDIAXL003_Cas9_PhoX_DIA12_CV486075_250ng_FAIMS_003 P1_KPAFLSGEQK P2_ELIPKIFKYFEEQSAGGDIYGAYGNK 1 8,DIA12_CV486075:20251228_A2_N1_Mueller_MS_TechHub_IMP_THIDDIAXL003_Cas9_PhoX_DIA12_CV486075_250ng_FAIMS_003,1468102,,,0,0,-0,0,4,0,0,decoy:Q99ZW2,decoy:,decoy,true,Q99ZW2,Q99ZW2,,false,ELIPKIFKYFEEQSAGGDIYGAYGNK,KPAFLSGEQK,357,536,26,10,8,1,364,536,4,,-1,0.061231,0.061231,9.52183,true,false,true,false,Self ,0.004539,0.004893,1.521673,,0.005445,1,0,0.00603,1,599,474,2,
Scan: 1578581 Run: DIA12_CV486075:20251228_A2_N1_Mueller_MS_TechHub_IMP_THIDDIAXL003_Cas9_PhoX_DIA12_CV486075_250ng_FAIMS_003 P1_NLPNEKVLPK P2_KPAFLSGEQK 6 1,DIA12_CV486075:20251228_A2_N1_Mueller_MS_TechHub_IMP_THIDDIAXL003_Cas9_PhoX_DIA12_CV486075_250ng_FAIMS_003,1578581,,,0,0,-0,0,3,0,0,Q99ZW2,,,false,Q99ZW2,Q99ZW2,,false,KPAFLSGEQK,NLPNEKVLPK,536,501,10,10,1,6,536,506,3,,-1,0.061047,0.061047,9.521368,false,true,false,false,Self ,0.004539,0.004737,1.522441,,0.005445,0,0,0.00603,0,598,473,0,
Scan: 1742659 Run: DIA12_CV486075:20251228_A2_N1_Mueller_MS_TechHub_IMP_THIDDIAXL003_Cas9_PhoX_DIA12_CV486075_250ng_FAIMS_003 P1_GKSDNVPSEEVVK P2_ENQTTQKGQK 2 7,DIA12_CV486075:20251228_A2_N1_Mueller_MS_TechHub_IMP_THIDDIAXL003_Cas9_PhoX_DIA12_CV486075_250ng_FAIMS_003,1742659,,,0,0,-0,0,3,0,0,Q99ZW2,,,false,Q99ZW2,Q99ZW2,,false,ENQTTQKGQK,GKSDNVPSEEVVK,766,865,10,13,7,2,772,866,3,,-1,0.060676,0.060676,9.520442,false,true,false,false,Self ,0.004539,0.005136,1.522441,,0,0,0,0,0,39,1254,0,
Scan: 1583010 Run: DIA12_CV486075:20251228_A2_N1_Mueller_MS_TechHub_IMP_THIDDIAXL003_Cas9_PhoX_DIA12_CV486075_250ng_FAIMS_003 P1_KPAFLSGEQK P2_ENQTTQKGQK 1 7,DIA12_CV486075:20251228_A2_N1_Mueller_MS_TechHub_IMP_THIDDIAXL003_Cas9_PhoX_DIA12_CV486075_250ng_FAIMS_003,1583010,,,0,0,-0,0,4,0,0,Q99ZW2,,,false,Q99ZW2,Q99ZW2,,false,ENQTTQKGQK,KPAFLSGEQK,766,536,10,10,7,1,772,536,4,,-1,0.060611,0.060611,9.520278,false,true,false,false,Self ,0.004539,0.005207,1.523209,,0,0,0,0,0,596,1343,0,
Scan: 1215895 Run: DIA12_CV486075:20251228_A2_N1_Mueller_MS_TechHub_IMP_THIDDIAXL003_Cas9_PhoX_DIA12_CV486075_250ng_FAIMS_003 P1_KRPLIETNGETGEIVWDK P2_AILKDSNR 1 4,DIA12_CV486075:20251228_A2_N1_Mueller_MS_TechHub_IMP_THIDDIAXL003_Cas9_PhoX_DIA12_CV486075_250ng_FAIMS_003,1215895,,,0,0,-0,0,4,0,0,decoy:Q99ZW2,decoy:,decoy,true,Q99ZW2,Q99ZW2,,false,AILKDSNR,KRPLIETNGETGEIVWDK,1115,1059,8,18,4,1,1118,1059,4,,-1,0.06058,0.06058,9.520202,true,false,true,false,Self ,0.00524,0.004828,1.523209,,0.006278,1,0,0.006965,1,595,472,2,
Scan: 596610 Run: DIA12_CV486075:20251228_A2_N1_Mueller_MS_TechHub_IMP_THIDDIAXL003_Cas9_PhoX_DIA12_CV486075_250ng_FAIMS_001 P1_NSDKLIAR P2_DFQFYKVR 4 6,DIA12_CV486075:20251228_A2_N1_Mueller_MS_TechHub_IMP_THIDDIAXL003_Cas9_PhoX_DIA12_CV486075_250ng_FAIMS_001,596610,,,0,0,-0,0,3,0,0,Q99ZW2,,,false,Q99ZW2,Q99ZW2,,false,DFQFYKVR,NSDKLIAR,969,1115,8,8,6,4,974,1118,3,,-1,0.060509,0.060509,9.520025,false,true,false,false,Self ,0.00524,0.00526,1.523978,,0.006278,0,0,0.006965,0,594,471,0,
Scan: 953779 Run: DIA12_CV486075:20251228_A2_N1_Mueller_MS_TechHub_IMP_THIDDIAXL003_Cas9_PhoX_DIA12_CV486075_250ng_FAIMS_002 P1_MTNFDKNLPNEK P2_KSEETITPWNFEEVVDKGASAQSFIER 6 1,DIA12_CV486075:20251228_A2_N1_Mueller_MS_TechHub_IMP_THIDDIAXL003_Cas9_PhoX_DIA12_CV486075_250ng_FAIMS_002,953779,,,0,0,-0,0,4,0,0,Q99ZW2,,,false,Q99ZW2,Q99ZW2,,false,KSEETITPWNFEEVVDKGASAQSFIER,MTNFDKNLPNEK,468,495,27,12,1,6,468,500,4,,-1,0.06044,0.06044,9.519851,false,true,false,false,Self ,0.00524,0.00528,1.523978,,0.006278,0,0,0,0,593,470,0,
Scan: 906724 Run: DIA12_CV486075:20251228_A2_N1_Mueller_MS_TechHub_IMP_THIDDIAXL003_Cas9_PhoX_DIA12_CV486075_250ng_FAIMS_002 P1_VKYVTEGMR P2_KSEETITPWNFEEVVDK 2 1,DIA12_CV486075:20251228_A2_N1_Mueller_MS_TechHub_IMP_THIDDIAXL003_Cas9_PhoX_DIA12_CV486075_250ng_FAIMS_002,906724,,,0,0,-0,0,3,0,0,Q99ZW2,,,false,Q99ZW2,Q99ZW2,,false,KSEETITPWNFEEVVDK,VKYVTEGMR,468,527,17,9,1,2,468,528,3,,-1,0.060238,0.060238,9.519346,false,true,false,false,Self ,0.00524,0.005338,1.523978,,0.006278,0,0,0.006965,0,592,469,0,
Scan: 711684 Run: DIA12_CV486075:20251228_A2_N1_Mueller_MS_TechHub_IMP_THIDDIAXL003_Cas9_PhoX_DIA12_CV486075_250ng_FAIMS_002 P1_SSFEKNPIDFLEAK P2_KDLIIKLPK 5 6,DIA12_CV486075:20251228_A2_N1_Mueller_MS_TechHub_IMP_THIDDIAXL003_Cas9_PhoX_DIA12_CV486075_250ng_FAIMS_002,711684,,,0,0,-0,0,4,0,0,Q99ZW2,,,false,Q99ZW2,Q99ZW2,,false,KDLIIKLPK,SSFEKNPIDFLEAK,1192,1172,9,14,6,5,1197,1176,4,,-1,0.060044,0.060044,9.518862,false,true,false,false,Self ,0.00524,0.005393,1.524747,,0.006278,0,0,0,0,591,468,0,
Scan: 1598812 Run: DIA12_CV486075:20251228_A2_N1_Mueller_MS_TechHub_IMP_THIDDIAXL003_Cas9_PhoX_DIA12_CV486075_250ng_FAIMS_003 P1_KPAFLSGEQKK P2_GKSDNVPSEEVVK 10 2,DIA12_CV486075:20251228_A2_N1_Mueller_MS_TechHub_IMP_THIDDIAXL003_Cas9_PhoX_DIA12_CV486075_250ng_FAIMS_003,1598812,,,0,0,-0,0,4,0,0,Q99ZW2,,,false,Q99ZW2,Q99ZW2,,false,GKSDNVPSEEVVK,KPAFLSGEQKK,865,536,13,11,2,10,866,545,4,,-1,0.059995,0.059995,9.518738,false,true,false,false,Self ,0.00524,0.005408,1.524747,,0.006278,0,0,0.006965,0,590,467,0,
Scan: 261603 Run: DIA12_CV486075:20251228_A2_N1_Mueller_MS_TechHub_IMP_THIDDIAXL003_Cas9_PhoX_DIA12_CV486075_250ng_FAIMS_001 P1_YKEIFFDQSK P2_EVKVITLK 2 3,DIA12_CV486075:20251228_A2_N1_Mueller_MS_TechHub_IMP_THIDDIAXL003_Cas9_PhoX_DIA12_CV486075_250ng_FAIMS_001,261603,,,0,0,-0,0,3,0,0,Q99ZW2,,,false,Q99ZW2,Q99ZW2,,false,EVKVITLK,YKEIFFDQSK,952,347,8,10,3,2,954,348,3,,-1,0.059672,0.059672,9.51793,false,true,false,false,Self ,0.00524,0.0055,1.525518,,0.006278,0,0,0.006965,0,589,466,0,
Scan: 844492 Run: DIA12_CV486075:20251228_A2_N1_Mueller_MS_TechHub_IMP_THIDDIAXL003_Cas9_PhoX_DIA12_CV486075_250ng_FAIMS_002 P1_YDEHHQDLTLLKALVR P2_LEESFLVEEDKK 12 11,DIA12_CV486075:20251228_A2_N1_Mueller_MS_TechHub_IMP_THIDDIAXL003_Cas9_PhoX_DIA12_CV486075_250ng_FAIMS_002,844492,,,0,0,-0,0,4,0,0,Q99ZW2,,,false,Q99ZW2,Q99ZW2,,false,LEESFLVEEDKK,YDEHHQDLTLLKALVR,101,325,12,16,11,12,111,336,4,,-1,0.059671,0.059671,9.517928,false,true,false,false,Self ,0.00524,0.005501,1.525518,,0.006278,0,0,0,0,588,392,0,
Scan: 1162496 Run: DIA12_CV486075:20251228_A2_N1_Mueller_MS_TechHub_IMP_THIDDIAXL003_Cas9_PhoX_DIA12_CV486075_250ng_FAIMS_002 P1_KFDNLTKAER P2_ELGSQILKEHPVENTQLQNEK 7 8,DIA12_CV486075:20251228_A2_N1_Mueller_MS_TechHub_IMP_THIDDIAXL003_Cas9_PhoX_DIA12_CV486075_250ng_FAIMS_002,1162496,,,0,0,-0,0,4,0,0,Q99ZW2,,,false,Q99ZW2,Q99ZW2,,false,ELGSQILKEHPVENTQLQNEK,KFDNLTKAER,790,896,21,10,8,7,797,902,4,,-1,0.05902,0.05902,9.5163,false,true,false,false,Self ,0.00524,0.005688,1.53171,,0.006278,0,0,0.006965,0,587,464,0,
Scan: 887950 Run: DIA12_CV486075:20251228_A2_N1_Mueller_MS_TechHub_IMP_THIDDIAXL003_Cas9_PhoX_DIA12_CV486075_250ng_FAIMS_002 P1_SEETITPWNFEEVVDKGASAQSFIER P2_EKIEKILTFR 16 2,DIA12_CV486075:20251228_A2_N1_Mueller_MS_TechHub_IMP_THIDDIAXL003_Cas9_PhoX_DIA12_CV486075_250ng_FAIMS_002,887950,,,0,0,-0,0,4,0,0,Q99ZW2,,,false,Q99ZW2,Q99ZW2,,false,EKIEKILTFR,SEETITPWNFEEVVDKGASAQSFIER,438,469,10,26,2,16,439,484,4,,-1,0.058938,0.058938,9.516097,false,true,false,false,Self ,0.00524,0.005711,1.53171,,0,0,0,0,0,224,1257,0,
Scan: 94135 Run: DIA12_CV486075:20251228_A2_N1_Mueller_MS_TechHub_IMP_THIDDIAXL003_Cas9_PhoX_DIA12_CV486075_250ng_FAIMS_001 P1_SEQEIGKATAK P2_KKDWDPK 7 1,DIA12_CV486075:20251228_A2_N1_Mueller_MS_TechHub_IMP_THIDDIAXL003_Cas9_PhoX_DIA12_CV486075_250ng_FAIMS_001,94135,,,0,0,-0,0,3,0,0,Q99ZW2,,,false,Q99ZW2,Q99ZW2,,false,KKDWDPK,SEQEIGKATAK,1123,1025,7,11,1,7,1123,1031,3,,-1,0.058529,0.058529,9.515074,false,true,false,false,Self ,0.00524,0.005828,1.534045,,0.006278,0,0,0.006965,0,585,463,0,
Scan: 868517 Run: DIA12_CV486075:20251228_A2_N1_Mueller_MS_TechHub_IMP_THIDDIAXL003_Cas9_PhoX_DIA12_CV486075_250ng_FAIMS_002 P1_QQLPEKYK P2_EIFFDQSKNGYAGYIDGGASQEEFYK 6 8,DIA12_CV486075:20251228_A2_N1_Mueller_MS_TechHub_IMP_THIDDIAXL003_Cas9_PhoX_DIA12_CV486075_250ng_FAIMS_002,868517,,,0,0,-0,0,4,0,0,Q99ZW2,,,false,Q99ZW2,Q99ZW2,,false,EIFFDQSKNGYAGYIDGGASQEEFYK,QQLPEKYK,349,341,26,8,8,6,356,346,4,,-1,0.058455,0.058455,9.514887,false,true,false,false,Self ,0.00524,0.00585,1.534045,,0.006278,0,0,0.006965,0,584,462,0,
Scan: 525859 Run: DIA12_CV486075:20251228_A2_N1_Mueller_MS_TechHub_IMP_THIDDIAXL003_Cas9_PhoX_DIA12_CV486075_250ng_FAIMS_001 P1_ELGSQILKEHPVENTQLQNEK P2_ELGSQILKEHPVENTQLQNEK 8 8,DIA12_CV486075:20251228_A2_N1_Mueller_MS_TechHub_IMP_THIDDIAXL003_Cas9_PhoX_DIA12_CV486075_250ng_FAIMS_001,525859,,,0,0,-0,0,5,0,0,Q99ZW2,,,false,Q99ZW2,Q99ZW2,,false,ELGSQILKEHPVENTQLQNEK,ELGSQILKEHPVENTQLQNEK,790,790,21,21,8,8,797,797,5,,-1,0.05842,0.05842,9.514801,false,true,false,false,Self ,0.00524,0.00586,1.534045,,0.006278,0,0,0.006965,0,583,461,0,
Scan: 1158306 Run: DIA12_CV486075:20251228_A2_N1_Mueller_MS_TechHub_IMP_THIDDIAXL003_Cas9_PhoX_DIA12_CV486075_250ng_FAIMS_002 P1_SEQEIGKATAK P2_KFDNLTK 7 1,DIA12_CV486075:20251228_A2_N1_Mueller_MS_TechHub_IMP_THIDDIAXL003_Cas9_PhoX_DIA12_CV486075_250ng_FAIMS_002,1158306,,,0,0,-0,0,3,0,0,Q99ZW2,,,false,Q99ZW2,Q99ZW2,,false,KFDNLTK,SEQEIGKATAK,896,1025,7,11,1,7,896,1031,3,,-1,0.058332,0.058332,9.51458,false,true,false,false,Self ,0.00524,0.005885,1.534045,,0.006278,0,0,0.006965,0,582,460,0,
Scan: 513010 Run: DIA12_CV486075:20251228_A2_N1_Mueller_MS_TechHub_IMP_THIDDIAXL003_Cas9_PhoX_DIA12_CV486075_250ng_FAIMS_001 P1_IEEGIKELGSQILK P2_GQKNSR 6 3,DIA12_CV486075:20251228_A2_N1_Mueller_MS_TechHub_IMP_THIDDIAXL003_Cas9_PhoX_DIA12_CV486075_250ng_FAIMS_001,513010,,,0,0,-0,0,3,0,0,Q99ZW2,,,false,Q99ZW2,Q99ZW2,,false,GQKNSR,IEEGIKELGSQILK,773,784,6,14,3,6,775,789,3,,-1,0.058142,0.058142,9.514105,false,true,false,false,Self ,0.00524,0.00594,1.534045,,0.006278,0,0,0.006965,0,581,459,0,
Scan: 256115 Run: DIA12_CV486075:20251228_A2_N1_Mueller_MS_TechHub_IMP_THIDDIAXL003_Cas9_PhoX_DIA12_CV486075_250ng_FAIMS_001 P1_YKEIFFDQSK P2_LDAKDTSDVLR 2 4,DIA12_CV486075:20251228_A2_N1_Mueller_MS_TechHub_IMP_THIDDIAXL003_Cas9_PhoX_DIA12_CV486075_250ng_FAIMS_001,256115,,,0,0,-0,0,3,0,0,decoy:Q99ZW2,decoy:,decoy,true,Q99ZW2,Q99ZW2,,false,LDAKDTSDVLR,YKEIFFDQSK,142,347,11,10,4,2,145,348,3,,-1,0.057973,0.057973,9.513685,true,false,true,false,Self ,0.005988,0.006702,1.534045,,0.007175,1,0,0.00796,1,580,458,2,
Scan: 1643874 Run: DIA12_CV486075:20251228_A2_N1_Mueller_MS_TechHub_IMP_THIDDIAXL003_Cas9_PhoX_DIA12_CV486075_250ng_FAIMS_003 P1_NAFGDSKLFDLITR P2_EHPVENTQLQNEKLYLYYLQNGR 7 13,DIA12_CV486075:20251228_A2_N1_Mueller_MS_TechHub_IMP_THIDDIAXL003_Cas9_PhoX_DIA12_CV486075_250ng_FAIMS_003,1643874,,,0,0,-0,0,4,0,0,Q99ZW2,,,false,decoy:Q99ZW2,decoy:Q99ZW2,decoy,true,EHPVENTQLQNEKLYLYYLQNGR,NAFGDSKLFDLITR,798,678,23,14,13,7,810,684,4,,-1,0.057965,0.057965,9.513663,true,false,true,false,Self ,0.006706,0.005995,1.534045,,0.00805,0,1,0.008937,1,579,457,2,
Scan: 1093571 Run: DIA12_CV486075:20251228_A2_N1_Mueller_MS_TechHub_IMP_THIDDIAXL003_Cas9_PhoX_DIA12_CV486075_250ng_FAIMS_002 P1_GILQTVKVVDELVK P2_EDIQKAQVSGQGDSLHEHIANLAGSPAIK 7 5,DIA12_CV486075:20251228_A2_N1_Mueller_MS_TechHub_IMP_THIDDIAXL003_Cas9_PhoX_DIA12_CV486075_250ng_FAIMS_002,1093571,,,0,0,-0,0,4,0,0,Q99ZW2,,,false,Q99ZW2,Q99ZW2,,false,EDIQKAQVSGQGDSLHEHIANLAGSPAIK,GILQTVKVVDELVK,706,736,29,14,5,7,710,742,4,,-1,0.057737,0.057737,9.513093,false,true,false,false,Self ,0.006706,0.006798,1.535605,,0,0,0,0,0,578,1430,0,
Scan: 769664 Run: DIA12_CV486075:20251228_A2_N1_Mueller_MS_TechHub_IMP_THIDDIAXL003_Cas9_PhoX_DIA12_CV486075_250ng_FAIMS_002 P1_VLSAYNKHR P2_GSPEDNEQKQLFVEQHK 7 9,DIA12_CV486075:20251228_A2_N1_Mueller_MS_TechHub_IMP_THIDDIAXL003_Cas9_PhoX_DIA12_CV486075_250ng_FAIMS_002,769664,,,0,0,-0,0,4,0,0,Q99ZW2,,,false,Q99ZW2,Q99ZW2,,false,GSPEDNEQKQLFVEQHK,VLSAYNKHR,1247,1290,17,9,9,7,1255,1296,4,,-1,0.057509,0.057509,9.512523,false,true,false,false,Self ,0.006706,0.00689,1.536387,,0.00805,0,0,0.008937,0,577,456,0,
Scan: 381720 Run: DIA12_CV486075:20251228_A2_N1_Mueller_MS_TechHub_IMP_THIDDIAXL003_Cas9_PhoX_DIA12_CV486075_250ng_FAIMS_001 P1_KPAFLSGEQK P2_KFKVLGNTDR 1 3,DIA12_CV486075:20251228_A2_N1_Mueller_MS_TechHub_IMP_THIDDIAXL003_Cas9_PhoX_DIA12_CV486075_250ng_FAIMS_001,381720,,,0,0,-0,0,3,0,0,Q99ZW2,,,false,Q99ZW2,Q99ZW2,,false,KFKVLGNTDR,KPAFLSGEQK,31,536,10,10,3,1,33,536,3,,-1,0.057156,0.057156,9.511641,false,true,false,false,Self ,0.006706,0.007033,1.538736,,0.00805,0,0,0,0,576,455,0,
Scan: 738081 Run: DIA12_CV486075:20251228_A2_N1_Mueller_MS_TechHub_IMP_THIDDIAXL003_Cas9_PhoX_DIA12_CV486075_250ng_FAIMS_002 P1_KSEETITPWNFEEVVDK P2_DLIIKLPK 1 5,DIA12_CV486075:20251228_A2_N1_Mueller_MS_TechHub_IMP_THIDDIAXL003_Cas9_PhoX_DIA12_CV486075_250ng_FAIMS_002,738081,,,0,0,-0,0,3,0,0,Q99ZW2,,,false,Q99ZW2,Q99ZW2,,false,DLIIKLPK,KSEETITPWNFEEVVDK,1193,468,8,17,5,1,1197,468,3,,-1,0.056801,0.056801,9.510753,false,true,false,false,Self ,0.006706,0.007176,1.539521,,0,0,0,0,0,575,886,0,
Scan: 1610622 Run: DIA12_CV486075:20251228_A2_N1_Mueller_MS_TechHub_IMP_THIDDIAXL003_Cas9_PhoX_DIA12_CV486075_250ng_FAIMS_003 P1_KVTVK P2_KIECFDSVEISGVEDR 1 1,DIA12_CV486075:20251228_A2_N1_Mueller_MS_TechHub_IMP_THIDDIAXL003_Cas9_PhoX_DIA12_CV486075_250ng_FAIMS_003,1610622,,,0,0,-0,0,3,0,0,Q99ZW2,,,false,Q99ZW2,Q99ZW2,,false,KIECFDSVEISGVEDR,KVTVK,571,558,16,5,1,1,571,558,3,,-1,0.056627,0.056627,9.510318,false,true,false,false,Self ,0.006706,0.007246,1.541092,,0.00805,0,0,0.008937,0,574,454,0,
Scan: 759493 Run: DIA12_CV486075:20251228_A2_N1_Mueller_MS_TechHub_IMP_THIDDIAXL003_Cas9_PhoX_DIA12_CV486075_250ng_FAIMS_002 P1_LKGSPEDNEQK P2_GNELALPSKYVNFLYLASHYEK 2 9,DIA12_CV486075:20251228_A2_N1_Mueller_MS_TechHub_IMP_THIDDIAXL003_Cas9_PhoX_DIA12_CV486075_250ng_FAIMS_002,759493,,,0,0,-0,0,4,0,0,Q99ZW2,,,false,Q99ZW2,Q99ZW2,,false,GNELALPSKYVNFLYLASHYEK,LKGSPEDNEQK,1223,1245,22,11,9,2,1231,1246,4,,-1,0.056564,0.056564,9.510162,false,true,false,false,Self ,0.006706,0.007271,1.541092,,0,0,0,0,0,195,1255,0,
Scan: 802117 Run: DIA12_CV486075:20251228_A2_N1_Mueller_MS_TechHub_IMP_THIDDIAXL003_Cas9_PhoX_DIA12_CV486075_250ng_FAIMS_002 P1_NKDSR P2_KLVDSTDK 2 1,DIA12_CV486075:20251228_A2_N1_Mueller_MS_TechHub_IMP_THIDDIAXL003_Cas9_PhoX_DIA12_CV486075_250ng_FAIMS_002,802117,,,0,0,-0,0,3,0,0,Q99ZW2,,,false,decoy:Q99ZW2,decoy:Q99ZW2,decoy,true,KLVDSTDK,NKDSR,141,860,8,5,1,2,141,861,3,,-1,0.056199,0.056199,9.50925,true,false,true,false,Self ,0.007418,0.00752,1.543456,,0.008913,0,1,0.009891,1,572,453,2,
Scan: 0 Run: DIA12_CV486075:20251228_A2_N1_Mueller_MS_TechHub_IMP_THIDDIAXL003_Cas9_PhoX_DIA12_CV486075_250ng_FAIMS_001 P1_KYPKLESEFVYGDYK P2_KDWDPK 1 1,DIA12_CV486075:20251228_A2_N1_Mueller_MS_TechHub_IMP_THIDDIAXL003_Cas9_PhoX_DIA12_CV486075_250ng_FAIMS_001,0,,,0,0,-0,0,4,0,0,Q99ZW2,,,false,Q99ZW2,Q99ZW2,,false,KDWDPK,KYPKLESEFVYGDYK,1124,1000,6,15,1,1,1124,1000,4,,-1,0.055931,0.055931,9.508578,false,true,false,false,Self ,0.007418,0.007566,1.543456,,0.008913,0,0,0.009891,0,571,452,0,
Scan: 695478 Run: DIA12_CV486075:20251228_A2_N1_Mueller_MS_TechHub_IMP_THIDDIAXL003_Cas9_PhoX_DIA12_CV486075_250ng_FAIMS_002 P1_SSFEKNPIDFLEAK P2_KKDWDPK 5 2,DIA12_CV486075:20251228_A2_N1_Mueller_MS_TechHub_IMP_THIDDIAXL003_Cas9_PhoX_DIA12_CV486075_250ng_FAIMS_002,695478,,,0,0,-0,0,4,0,0,Q99ZW2,,,false,Q99ZW2,Q99ZW2,,false,KKDWDPK,SSFEKNPIDFLEAK,1123,1172,7,14,2,5,1124,1176,4,,-1,0.055665,0.055665,9.507913,false,true,false,false,Self ,0.007418,0.007712,1.545827,,0,0,0,0,0,570,602,0,
Scan: 1209340 Run: DIA12_CV486075:20251228_A2_N1_Mueller_MS_TechHub_IMP_THIDDIAXL003_Cas9_PhoX_DIA12_CV486075_250ng_FAIMS_003 P1_SEQEIGKATAK P2_KRPLIETNGETGEIVWDK 7 1,DIA12_CV486075:20251228_A2_N1_Mueller_MS_TechHub_IMP_THIDDIAXL003_Cas9_PhoX_DIA12_CV486075_250ng_FAIMS_003,1209340,,,0,0,-0,0,5,0,0,Q99ZW2,,,false,Q99ZW2,Q99ZW2,,false,KRPLIETNGETGEIVWDK,SEQEIGKATAK,1059,1025,18,11,1,7,1059,1031,5,,-1,0.055637,0.055637,9.507844,false,true,false,false,Self ,0.007418,0.007727,1.545827,,0,0,0,0,0,569,1575,0,
Scan: 825674 Run: DIA12_CV486075:20251228_A2_N1_Mueller_MS_TechHub_IMP_THIDDIAXL003_Cas9_PhoX_DIA12_CV486075_250ng_FAIMS_002 P1_SNFDLAEDAKLQLSK P2_KGILQTVK 10 1,DIA12_CV486075:20251228_A2_N1_Mueller_MS_TechHub_IMP_THIDDIAXL003_Cas9_PhoX_DIA12_CV486075_250ng_FAIMS_002,825674,,,0,0,-0,0,4,0,0,Q99ZW2,,,false,Q99ZW2,Q99ZW2,,false,KGILQTVK,SNFDLAEDAKLQLSK,735,254,8,15,1,10,735,263,4,,-1,0.05558,0.05558,9.5077,false,true,false,false,Self ,0.007418,0.007758,1.545827,,0.008913,0,0,0.009891,0,568,451,0,
Scan: 373750 Run: DIA12_CV486075:20251228_A2_N1_Mueller_MS_TechHub_IMP_THIDDIAXL003_Cas9_PhoX_DIA12_CV486075_250ng_FAIMS_001 P1_VKYVTEGMR P2_KDWDPK 2 1,DIA12_CV486075:20251228_A2_N1_Mueller_MS_TechHub_IMP_THIDDIAXL003_Cas9_PhoX_DIA12_CV486075_250ng_FAIMS_001,373750,,,0,0,-0,0,3,0,0,Q99ZW2,,,false,Q99ZW2,Q99ZW2,,false,KDWDPK,VKYVTEGMR,1124,527,6,9,1,2,1124,528,3,,-1,0.055456,0.055456,9.507391,false,true,false,false,Self ,0.007418,0.007826,1.545827,,0.008913,0,0,0.009891,0,567,450,0,
Scan: 255155 Run: DIA12_CV486075:20251228_A2_N1_Mueller_MS_TechHub_IMP_THIDDIAXL003_Cas9_PhoX_DIA12_CV486075_250ng_FAIMS_001 P1_YKEIFFDQSK P2_NPIDFLEAKGYK 2 9,DIA12_CV486075:20251228_A2_N1_Mueller_MS_TechHub_IMP_THIDDIAXL003_Cas9_PhoX_DIA12_CV486075_250ng_FAIMS_001,255155,,,0,0,-0,0,4,0,0,Q99ZW2,,,false,Q99ZW2,Q99ZW2,,false,NPIDFLEAKGYK,YKEIFFDQSK,1177,347,12,10,9,2,1185,348,4,,-1,0.055365,0.055365,9.507165,false,true,false,false,Self ,0.007418,0.007876,1.546619,,0.008913,0,0,0.009891,0,566,449,0,
Scan: 583223 Run: DIA12_CV486075:20251228_A2_N1_Mueller_MS_TechHub_IMP_THIDDIAXL003_Cas9_PhoX_DIA12_CV486075_250ng_FAIMS_001 P1_LESEFVYGDYKVYDVR P2_ILKDNEDYR 11 3,DIA12_CV486075:20251228_A2_N1_Mueller_MS_TechHub_IMP_THIDDIAXL003_Cas9_PhoX_DIA12_CV486075_250ng_FAIMS_001,583223,,,0,0,-0,0,4,0,0,decoy:Q99ZW2,decoy:,decoy,true,Q99ZW2,Q99ZW2,,false,ILKDNEDYR,LESEFVYGDYKVYDVR,943,1004,9,16,3,11,945,1014,4,,-1,0.055032,0.055032,9.506332,true,false,true,false,Self ,0.008059,0.007898,1.546619,,0.009709,1,0,0.010763,1,565,448,2,
Scan: 712744 Run: DIA12_CV486075:20251228_A2_N1_Mueller_MS_TechHub_IMP_THIDDIAXL003_Cas9_PhoX_DIA12_CV486075_250ng_FAIMS_002 P1_SSFEKNPIDFLEAK P2_KNGLFGNLIALSLGLTPNFK 5 1,DIA12_CV486075:20251228_A2_N1_Mueller_MS_TechHub_IMP_THIDDIAXL003_Cas9_PhoX_DIA12_CV486075_250ng_FAIMS_002,712744,,,0,0,-0,0,4,0,0,Q99ZW2,,,false,Q99ZW2,Q99ZW2,,false,KNGLFGNLIALSLGLTPNFK,SSFEKNPIDFLEAK,234,1172,20,14,1,5,234,1176,4,,-1,0.054915,0.054915,9.506039,false,true,false,false,Self ,0.008059,0.008098,1.546619,,0.009709,0,0,0.010763,0,564,447,0,
Scan: 1392253 Run: DIA12_CV486075:20251228_A2_N1_Mueller_MS_TechHub_IMP_THIDDIAXL003_Cas9_PhoX_DIA12_CV486075_250ng_FAIMS_003 P1_YTSTKEVLDATLIHQSITGLYETR P2_KDWDPK 5 1,DIA12_CV486075:20251228_A2_N1_Mueller_MS_TechHub_IMP_THIDDIAXL003_Cas9_PhoX_DIA12_CV486075_250ng_FAIMS_003,1392253,,,0,0,-0,0,4,0,0,Q99ZW2,,,false,Q99ZW2,Q99ZW2,,false,KDWDPK,YTSTKEVLDATLIHQSITGLYETR,1124,1336,6,24,1,5,1124,1340,4,,-1,0.054725,0.054725,9.505563,false,true,false,false,Self ,0.008059,0.008162,1.546619,,0.009709,0,0,0.010763,0,563,446,0,
Scan: 1309056 Run: DIA12_CV486075:20251228_A2_N1_Mueller_MS_TechHub_IMP_THIDDIAXL003_Cas9_PhoX_DIA12_CV486075_250ng_FAIMS_003 P1_SSFEKNPIDFLEAK P2_DLIIKLPK 5 5,DIA12_CV486075:20251228_A2_N1_Mueller_MS_TechHub_IMP_THIDDIAXL003_Cas9_PhoX_DIA12_CV486075_250ng_FAIMS_003,1309056,,,0,0,-0,0,4,0,0,Q99ZW2,,,false,Q99ZW2,Q99ZW2,,false,DLIIKLPK,SSFEKNPIDFLEAK,1193,1172,8,14,5,5,1197,1176,4,,-1,0.054684,0.054684,9.505461,false,true,false,false,Self ,0.008059,0.008176,1.547412,,0,0,0,0,0,562,468,0,
Scan: 1597644 Run: DIA12_CV486075:20251228_A2_N1_Mueller_MS_TechHub_IMP_THIDDIAXL003_Cas9_PhoX_DIA12_CV486075_250ng_FAIMS_003 P1_KPAFLSGEQKK P2_IEKILTFR 10 3,DIA12_CV486075:20251228_A2_N1_Mueller_MS_TechHub_IMP_THIDDIAXL003_Cas9_PhoX_DIA12_CV486075_250ng_FAIMS_003,1597644,,,0,0,-0,0,4,0,0,Q99ZW2,,,false,Q99ZW2,Q99ZW2,,false,IEKILTFR,KPAFLSGEQKK,440,536,8,11,3,10,442,545,4,,-1,0.0546,0.0546,9.505252,false,true,false,false,Self ,0.008059,0.008204,1.547412,,0.009709,0,0,0.010763,0,561,445,0,
Scan: 561150 Run: DIA12_CV486075:20251228_A2_N1_Mueller_MS_TechHub_IMP_THIDDIAXL003_Cas9_PhoX_DIA12_CV486075_250ng_FAIMS_001 P1_KLINGIR P2_KFDNLTK 1 1,DIA12_CV486075:20251228_A2_N1_Mueller_MS_TechHub_IMP_THIDDIAXL003_Cas9_PhoX_DIA12_CV486075_250ng_FAIMS_001,561150,,,0,0,-0,0,3,0,0,Q99ZW2,,,false,Q99ZW2,Q99ZW2,,false,KFDNLTK,KLINGIR,896,665,7,7,1,1,896,665,3,,-1,0.05427,0.05427,9.504427,false,true,false,false,Self ,0.008059,0.008314,1.548205,,0.009709,0,0,0.010763,0,560,444,0,
Scan: 1046846 Run: DIA12_CV486075:20251228_A2_N1_Mueller_MS_TechHub_IMP_THIDDIAXL003_Cas9_PhoX_DIA12_CV486075_250ng_FAIMS_002 P1_TILDFLKSDGFANR P2_EVKVITLK 7 3,DIA12_CV486075:20251228_A2_N1_Mueller_MS_TechHub_IMP_THIDDIAXL003_Cas9_PhoX_DIA12_CV486075_250ng_FAIMS_002,1046846,,,0,0,-0,0,4,0,0,Q99ZW2,,,false,Q99ZW2,Q99ZW2,,false,EVKVITLK,TILDFLKSDGFANR,952,678,8,14,3,7,954,684,4,,-1,0.054212,0.054212,9.504282,false,true,false,false,Self ,0.008059,0.008334,1.548205,,0.009709,0,0,0.010763,0,559,443,0,
Scan: 242371 Run: DIA12_CV486075:20251228_A2_N1_Mueller_MS_TechHub_IMP_THIDDIAXL003_Cas9_PhoX_DIA12_CV486075_250ng_FAIMS_001 P1_FKVLGNTDR P2_DKPIR 2 2,DIA12_CV486075:20251228_A2_N1_Mueller_MS_TechHub_IMP_THIDDIAXL003_Cas9_PhoX_DIA12_CV486075_250ng_FAIMS_001,242371,,,0,0,-0,0,3,0,0,Q99ZW2,,,false,Q99ZW2,Q99ZW2,,false,DKPIR,FKVLGNTDR,1299,32,5,9,2,2,1300,33,3,,-1,0.054111,0.054111,9.504028,false,true,false,false,Self ,0.008059,0.008368,1.548205,,0.009709,0,0,0.010763,0,558,442,0,
Scan: 594461 Run: DIA12_CV486075:20251228_A2_N1_Mueller_MS_TechHub_IMP_THIDDIAXL003_Cas9_PhoX_DIA12_CV486075_250ng_FAIMS_001 P1_KDFQFYK P2_ENQTTQKGQK 1 7,DIA12_CV486075:20251228_A2_N1_Mueller_MS_TechHub_IMP_THIDDIAXL003_Cas9_PhoX_DIA12_CV486075_250ng_FAIMS_001,594461,,,0,0,-0,0,4,0,0,Q99ZW2,,,false,Q99ZW2,Q99ZW2,,false,ENQTTQKGQK,KDFQFYK,766,968,10,7,7,1,772,968,4,,-1,0.054016,0.054016,9.503791,false,true,false,false,Self ,0.008059,0.0084,1.548205,,0,0,0,0,0,557,1346,0,
Scan: 1610051 Run: DIA12_CV486075:20251228_A2_N1_Mueller_MS_TechHub_IMP_THIDDIAXL003_Cas9_PhoX_DIA12_CV486075_250ng_FAIMS_003 P1_YKEIFFDQSK P2_KIECFDSVEISGVEDR 2 1,DIA12_CV486075:20251228_A2_N1_Mueller_MS_TechHub_IMP_THIDDIAXL003_Cas9_PhoX_DIA12_CV486075_250ng_FAIMS_003,1610051,,,0,0,-0,0,4,0,0,Q99ZW2,,,false,Q99ZW2,Q99ZW2,,false,KIECFDSVEISGVEDR,YKEIFFDQSK,571,347,16,10,1,2,571,348,4,,-1,0.054015,0.054015,9.50379,false,true,false,false,Self ,0.008059,0.0084,1.548205,,0.009709,0,0,0.010763,0,556,441,0,
Scan: 1450891 Run: DIA12_CV486075:20251228_A2_N1_Mueller_MS_TechHub_IMP_THIDDIAXL003_Cas9_PhoX_DIA12_CV486075_250ng_FAIMS_003 P1_YKEIFFDQSK P2_HPIFGNIVDEVAYHEKYPTIYHLR 2 16,DIA12_CV486075:20251228_A2_N1_Mueller_MS_TechHub_IMP_THIDDIAXL003_Cas9_PhoX_DIA12_CV486075_250ng_FAIMS_003,1450891,,,0,0,-0,0,4,0,0,Q99ZW2,,,false,Q99ZW2,Q99ZW2,,false,HPIFGNIVDEVAYHEKYPTIYHLR,YKEIFFDQSK,116,347,24,10,16,2,131,348,4,,-1,0.053971,0.053971,9.503679,false,true,false,false,Self ,0.008059,0.008415,1.548999,,0,0,0,0,0,555,1394,0,
Scan: 732777 Run: DIA12_CV486075:20251228_A2_N1_Mueller_MS_TechHub_IMP_THIDDIAXL003_Cas9_PhoX_DIA12_CV486075_250ng_FAIMS_002 P1_TEVQTGGFSKESILPK P2_KDLIIK 10 1,DIA12_CV486075:20251228_A2_N1_Mueller_MS_TechHub_IMP_THIDDIAXL003_Cas9_PhoX_DIA12_CV486075_250ng_FAIMS_002,732777,,,0,0,-0,0,3,0,0,Q99ZW2,,,false,Q99ZW2,Q99ZW2,,false,KDLIIK,TEVQTGGFSKESILPK,1192,1098,6,16,1,10,1192,1107,3,,-1,0.053845,0.053845,9.503363,false,true,false,false,Self ,0.008059,0.008457,1.549795,,0,0,0,0,0,370,1263,0,
Scan: 887490 Run: DIA12_CV486075:20251228_A2_N1_Mueller_MS_TechHub_IMP_THIDDIAXL003_Cas9_PhoX_DIA12_CV486075_250ng_FAIMS_002 P1_QEDFYPFLKDNR P2_KFDNLTK 9 1,DIA12_CV486075:20251228_A2_N1_Mueller_MS_TechHub_IMP_THIDDIAXL003_Cas9_PhoX_DIA12_CV486075_250ng_FAIMS_002,887490,,,0,0,-0,0,4,0,0,Q99ZW2,,,false,Q99ZW2,Q99ZW2,,false,KFDNLTK,QEDFYPFLKDNR,896,426,7,12,1,9,896,434,4,,-1,0.053788,0.053788,9.503221,false,true,false,false,Self ,0.008059,0.008476,1.549795,,0.009709,0,0,0.010763,0,553,440,0,
Scan: 187179 Run: DIA12_CV486075:20251228_A2_N1_Mueller_MS_TechHub_IMP_THIDDIAXL003_Cas9_PhoX_DIA12_CV486075_250ng_FAIMS_001 P1_VLSAYNKHR P2_DKPIR 7 2,DIA12_CV486075:20251228_A2_N1_Mueller_MS_TechHub_IMP_THIDDIAXL003_Cas9_PhoX_DIA12_CV486075_250ng_FAIMS_001,187179,,,0,0,-0,0,5,0,0,Q99ZW2,,,false,Q99ZW2,Q99ZW2,,false,DKPIR,VLSAYNKHR,1299,1290,5,9,2,7,1300,1296,5,,-1,0.053745,0.053745,9.503114,false,true,false,false,Self ,0.008059,0.008491,1.549795,,0,0,0,0,0,552,1250,0,
Scan: 1494449 Run: DIA12_CV486075:20251228_A2_N1_Mueller_MS_TechHub_IMP_THIDDIAXL003_Cas9_PhoX_DIA12_CV486075_250ng_FAIMS_003 P1_KVLSMPQVNIVK P2_KSEETITPWNFEEVVDK 1 1,DIA12_CV486075:20251228_A2_N1_Mueller_MS_TechHub_IMP_THIDDIAXL003_Cas9_PhoX_DIA12_CV486075_250ng_FAIMS_003,1494449,,,0,0,-0,0,3,0,0,Q99ZW2,,,false,Q99ZW2,Q99ZW2,,false,KSEETITPWNFEEVVDK,KVLSMPQVNIVK,468,1085,17,12,1,1,468,1085,3,,-1,0.053614,0.053614,9.502785,false,true,false,false,Self ,0.008059,0.008535,1.549795,,0,0,0,0,0,451,1266,0,
Scan: 1329132 Run: DIA12_CV486075:20251228_A2_N1_Mueller_MS_TechHub_IMP_THIDDIAXL003_Cas9_PhoX_DIA12_CV486075_250ng_FAIMS_003 P1_NPIDFLEAKGYK P2_DLIIKLPK 9 5,DIA12_CV486075:20251228_A2_N1_Mueller_MS_TechHub_IMP_THIDDIAXL003_Cas9_PhoX_DIA12_CV486075_250ng_FAIMS_003,1329132,,,0,0,-0,0,4,0,0,Q99ZW2,,,false,Q99ZW2,Q99ZW2,,false,DLIIKLPK,NPIDFLEAKGYK,1193,1177,8,12,5,9,1197,1185,4,,-1,0.053573,0.053573,9.502685,false,true,false,false,Self ,0.008059,0.008548,1.550591,,0.009709,0,0,0.010763,0,550,439,0,
Scan: 1310118 Run: DIA12_CV486075:20251228_A2_N1_Mueller_MS_TechHub_IMP_THIDDIAXL003_Cas9_PhoX_DIA12_CV486075_250ng_FAIMS_003 P1_SSFEKNPIDFLEAK P2_LENLIAQLPGEKK 5 12,DIA12_CV486075:20251228_A2_N1_Mueller_MS_TechHub_IMP_THIDDIAXL003_Cas9_PhoX_DIA12_CV486075_250ng_FAIMS_003,1310118,,,0,0,-0,0,4,0,0,Q99ZW2,,,false,Q99ZW2,Q99ZW2,,false,LENLIAQLPGEKK,SSFEKNPIDFLEAK,222,1172,13,14,12,5,233,1176,4,,-1,0.053458,0.053458,9.502397,false,true,false,false,Self ,0.008059,0.008587,1.550591,,0.009709,0,0,0.010763,0,549,438,0,
Scan: 542896 Run: DIA12_CV486075:20251228_A2_N1_Mueller_MS_TechHub_IMP_THIDDIAXL003_Cas9_PhoX_DIA12_CV486075_250ng_FAIMS_001 P1_KFDNLTK P2_DDSIDNKVLTR 1 7,DIA12_CV486075:20251228_A2_N1_Mueller_MS_TechHub_IMP_THIDDIAXL003_Cas9_PhoX_DIA12_CV486075_250ng_FAIMS_001,542896,,,0,0,-0,0,3,0,0,Q99ZW2,,,false,Q99ZW2,Q99ZW2,,false,DDSIDNKVLTR,KFDNLTK,849,896,11,7,7,1,855,896,3,,-1,0.053315,0.053315,9.502039,false,true,false,false,Self ,0.008059,0.008635,1.550591,,0.009709,0,0,0.010763,0,548,437,0,
Scan: 1575701 Run: DIA12_CV486075:20251228_A2_N1_Mueller_MS_TechHub_IMP_THIDDIAXL003_Cas9_PhoX_DIA12_CV486075_250ng_FAIMS_003 P1_SLQLKADEALDFNSK P2_KPAFLSGEQK 5 1,DIA12_CV486075:20251228_A2_N1_Mueller_MS_TechHub_IMP_THIDDIAXL003_Cas9_PhoX_DIA12_CV486075_250ng_FAIMS_003,1575701,,,0,0,-0,0,4,0,0,Q99ZW2,,,false,decoy:Q99ZW2,decoy:Q99ZW2,decoy,true,KPAFLSGEQK,SLQLKADEALDFNSK,536,254,10,15,1,5,536,258,4,,-1,0.052907,0.052907,9.501018,true,false,true,false,Self ,0.008772,0.009251,1.552984,,0.010563,0,1,0.011707,1,547,436,2,
Scan: 511253 Run: DIA12_CV486075:20251228_A2_N1_Mueller_MS_TechHub_IMP_THIDDIAXL003_Cas9_PhoX_DIA12_CV486075_250ng_FAIMS_001 P1_KKDWDPK P2_GQKNSR 1 3,DIA12_CV486075:20251228_A2_N1_Mueller_MS_TechHub_IMP_THIDDIAXL003_Cas9_PhoX_DIA12_CV486075_250ng_FAIMS_001,511253,,,0,0,-0,0,3,0,0,Q99ZW2,,,false,Q99ZW2,Q99ZW2,,false,GQKNSR,KKDWDPK,773,1123,6,7,3,1,775,1123,3,,-1,0.052884,0.052884,9.500962,false,true,false,false,Self ,0.008772,0.008816,1.553783,,0.010563,0,0,0.011707,0,546,435,0,
Scan: 1560738 Run: DIA12_CV486075:20251228_A2_N1_Mueller_MS_TechHub_IMP_THIDDIAXL003_Cas9_PhoX_DIA12_CV486075_250ng_FAIMS_003 P1_VLPKHSLLYEYFTVYNELTK P2_KFDNLTK 4 1,DIA12_CV486075:20251228_A2_N1_Mueller_MS_TechHub_IMP_THIDDIAXL003_Cas9_PhoX_DIA12_CV486075_250ng_FAIMS_003,1560738,,,0,0,-0,0,4,0,0,Q99ZW2,,,false,Q99ZW2,Q99ZW2,,false,KFDNLTK,VLPKHSLLYEYFTVYNELTK,896,507,7,20,1,4,896,510,4,,-1,0.05285,0.05285,9.500876,false,true,false,false,Self ,0.008772,0.008884,1.553783,,0.010563,0,0,0.011707,0,545,434,0,
Scan: 565028 Run: DIA12_CV486075:20251228_A2_N1_Mueller_MS_TechHub_IMP_THIDDIAXL003_Cas9_PhoX_DIA12_CV486075_250ng_FAIMS_001 P1_GQKNSR P2_FDNLTKAER 3 6,DIA12_CV486075:20251228_A2_N1_Mueller_MS_TechHub_IMP_THIDDIAXL003_Cas9_PhoX_DIA12_CV486075_250ng_FAIMS_001,565028,,,0,0,-0,0,3,0,0,Q99ZW2,,,false,Q99ZW2,Q99ZW2,,false,FDNLTKAER,GQKNSR,897,773,9,6,6,3,902,775,3,,-1,0.052804,0.052804,9.50076,false,true,false,false,Self ,0.008772,0.008975,1.553783,,0.010563,0,0,0.011707,0,544,433,0,
Scan: 839882 Run: DIA12_CV486075:20251228_A2_N1_Mueller_MS_TechHub_IMP_THIDDIAXL003_Cas9_PhoX_DIA12_CV486075_250ng_FAIMS_002 P1_LDAKDTSDVLR P2_FKVLGNTDR 4 2,DIA12_CV486075:20251228_A2_N1_Mueller_MS_TechHub_IMP_THIDDIAXL003_Cas9_PhoX_DIA12_CV486075_250ng_FAIMS_002,839882,,,0,0,-0,0,3,0,0,Q99ZW2,,,false,decoy:Q99ZW2,decoy:Q99ZW2,decoy,true,FKVLGNTDR,LDAKDTSDVLR,32,142,9,11,2,4,33,145,3,,-1,0.052568,0.052568,9.50017,true,false,true,false,Self ,0.009441,0.009042,1.554583,,0.011364,0,1,0.012597,1,543,432,2,
Scan: 1759560 Run: DIA12_CV486075:20251228_A2_N1_Mueller_MS_TechHub_IMP_THIDDIAXL003_Cas9_PhoX_DIA12_CV486075_250ng_FAIMS_003 P1_VLPKHSLLYEYFTVYNELTK P2_FDNLTKAER 4 6,DIA12_CV486075:20251228_A2_N1_Mueller_MS_TechHub_IMP_THIDDIAXL003_Cas9_PhoX_DIA12_CV486075_250ng_FAIMS_003,1759560,,,0,0,-0,0,4,0,0,Q99ZW2,,,false,Q99ZW2,Q99ZW2,,false,FDNLTKAER,VLPKHSLLYEYFTVYNELTK,897,507,9,20,6,4,902,510,4,,-1,0.052527,0.052527,9.500069,false,true,false,false,Self ,0.009441,0.009461,1.554583,,0.011364,0,0,0.012597,0,542,431,0,
Scan: 816717 Run: DIA12_CV486075:20251228_A2_N1_Mueller_MS_TechHub_IMP_THIDDIAXL003_Cas9_PhoX_DIA12_CV486075_250ng_FAIMS_002 P1_NSDKLIAR P2_NGLFGNLIALSLGLTPNFKSNFDLAEDAK 4 19,DIA12_CV486075:20251228_A2_N1_Mueller_MS_TechHub_IMP_THIDDIAXL003_Cas9_PhoX_DIA12_CV486075_250ng_FAIMS_002,816717,,,0,0,-0,0,5,0,0,Q99ZW2,,,false,Q99ZW2,Q99ZW2,,false,NGLFGNLIALSLGLTPNFKSNFDLAEDAK,NSDKLIAR,235,1115,29,8,19,4,253,1118,5,,-1,0.05209,0.05209,9.498976,false,true,false,false,Self ,0.009441,0.009678,1.556988,,0.011364,0,0,0.012597,0,541,430,0,
Scan: 1599941 Run: DIA12_CV486075:20251228_A2_N1_Mueller_MS_TechHub_IMP_THIDDIAXL003_Cas9_PhoX_DIA12_CV486075_250ng_FAIMS_003 P1_VTVKQLK P2_KAIVDLLFK 4 1,DIA12_CV486075:20251228_A2_N1_Mueller_MS_TechHub_IMP_THIDDIAXL003_Cas9_PhoX_DIA12_CV486075_250ng_FAIMS_003,1599941,,,0,0,-0,0,3,0,0,Q99ZW2,,,false,Q99ZW2,Q99ZW2,,false,KAIVDLLFK,VTVKQLK,546,559,9,7,1,4,546,562,3,,-1,0.051919,0.051919,9.498549,false,true,false,false,Self ,0.009441,0.009762,1.556988,,0.011364,0,0,0.012597,0,540,429,0,
Scan: 1635294 Run: DIA12_CV486075:20251228_A2_N1_Mueller_MS_TechHub_IMP_THIDDIAXL003_Cas9_PhoX_DIA12_CV486075_250ng_FAIMS_003 P1_QSGKTILDFLK P2_EVKVITLK 4 3,DIA12_CV486075:20251228_A2_N1_Mueller_MS_TechHub_IMP_THIDDIAXL003_Cas9_PhoX_DIA12_CV486075_250ng_FAIMS_003,1635294,,,0,0,-0,0,3,0,0,Q99ZW2,,,false,Q99ZW2,Q99ZW2,,false,EVKVITLK,QSGKTILDFLK,952,674,8,11,3,4,954,677,3,,-1,0.051816,0.051816,9.498292,false,true,false,false,Self ,0.009441,0.009813,1.556988,,0.011364,0,0,0.012597,0,539,428,0,
Scan: 1230816 Run: DIA12_CV486075:20251228_A2_N1_Mueller_MS_TechHub_IMP_THIDDIAXL003_Cas9_PhoX_DIA12_CV486075_250ng_FAIMS_003 P1_TEVQTGGFSKESILPK P2_KTEVQTGGFSK 10 1,DIA12_CV486075:20251228_A2_N1_Mueller_MS_TechHub_IMP_THIDDIAXL003_Cas9_PhoX_DIA12_CV486075_250ng_FAIMS_003,1230816,,,0,0,-0,0,4,0,0,Q99ZW2,,,false,Q99ZW2,Q99ZW2,,false,KTEVQTGGFSK,TEVQTGGFSKESILPK,1097,1098,11,16,1,10,1097,1107,4,,-1,0.051754,0.051754,9.498137,false,true,false,false,Self ,0.009441,0.009844,1.557792,,0.011364,0,0,0.012597,0,538,427,0,
Scan: 587144 Run: DIA12_CV486075:20251228_A2_N1_Mueller_MS_TechHub_IMP_THIDDIAXL003_Cas9_PhoX_DIA12_CV486075_250ng_FAIMS_001 P1_YDENDKLIR P2_GQKNSR 6 3,DIA12_CV486075:20251228_A2_N1_Mueller_MS_TechHub_IMP_THIDDIAXL003_Cas9_PhoX_DIA12_CV486075_250ng_FAIMS_001,587144,,,0,0,-0,0,3,0,0,Q99ZW2,,,false,Q99ZW2,Q99ZW2,,false,GQKNSR,YDENDKLIR,773,943,6,9,3,6,775,948,3,,-1,0.051699,0.051699,9.497999,false,true,false,false,Self ,0.009441,0.009872,1.557792,,0.011364,0,0,0.012597,0,537,426,0,
Scan: 39178 Run: DIA12_CV486075:20251228_A2_N1_Mueller_MS_TechHub_IMP_THIDDIAXL003_Cas9_PhoX_DIA12_CV486075_250ng_FAIMS_001 P1_VLPKHSLLYEYFTVYNELTK P2_KTEVQTGGFSK 4 1,DIA12_CV486075:20251228_A2_N1_Mueller_MS_TechHub_IMP_THIDDIAXL003_Cas9_PhoX_DIA12_CV486075_250ng_FAIMS_001,39178,,,0,0,-0,0,4,0,0,Q99ZW2,,,false,Q99ZW2,Q99ZW2,,false,KTEVQTGGFSK,VLPKHSLLYEYFTVYNELTK,1097,507,11,20,1,4,1097,510,4,,-1,0.051563,0.051563,9.497659,false,true,false,false,Self ,0.009441,0.009939,1.558596,,0.011364,0,0,0.012597,0,536,425,0,
Scan: 908371 Run: DIA12_CV486075:20251228_A2_N1_Mueller_MS_TechHub_IMP_THIDDIAXL003_Cas9_PhoX_DIA12_CV486075_250ng_FAIMS_002 P1_KSEETITPWNFEEVVDKGASAQSFIER P2_KLINGIR 1 1,DIA12_CV486075:20251228_A2_N1_Mueller_MS_TechHub_IMP_THIDDIAXL003_Cas9_PhoX_DIA12_CV486075_250ng_FAIMS_002,908371,,,0,0,-0,0,4,0,0,Q99ZW2,,,false,Q99ZW2,Q99ZW2,,false,KLINGIR,KSEETITPWNFEEVVDKGASAQSFIER,665,468,7,27,1,1,665,468,4,,-1,0.051392,0.051392,9.497232,false,true,false,false,Self ,0.009441,0.010024,1.558596,,0.011364,0,0,0,0,535,424,0,
Scan: 1651990 Run: DIA12_CV486075:20251228_A2_N1_Mueller_MS_TechHub_IMP_THIDDIAXL003_Cas9_PhoX_DIA12_CV486075_250ng_FAIMS_003 P1_EKIEKILTFR P2_EDIQKAQVSGQGDSLHEHIANLAGSPAIK 5 5,DIA12_CV486075:20251228_A2_N1_Mueller_MS_TechHub_IMP_THIDDIAXL003_Cas9_PhoX_DIA12_CV486075_250ng_FAIMS_003,1651990,,,0,0,-0,0,6,0,0,Q99ZW2,,,false,Q99ZW2,Q99ZW2,,false,EDIQKAQVSGQGDSLHEHIANLAGSPAIK,EKIEKILTFR,706,438,29,10,5,5,710,442,6,,-1,0.05131,0.05131,9.497026,false,true,false,false,Self ,0.009441,0.010065,1.558596,,0,0,0,0,0,534,953,0,
Scan: 1025556 Run: DIA12_CV486075:20251228_A2_N1_Mueller_MS_TechHub_IMP_THIDDIAXL003_Cas9_PhoX_DIA12_CV486075_250ng_FAIMS_002 P1_KLINGIR P2_AILKDSNR 1 4,DIA12_CV486075:20251228_A2_N1_Mueller_MS_TechHub_IMP_THIDDIAXL003_Cas9_PhoX_DIA12_CV486075_250ng_FAIMS_002,1025556,,,0,0,-0,0,3,0,0,decoy:Q99ZW2,decoy:,decoy,true,Q99ZW2,Q99ZW2,,false,AILKDSNR,KLINGIR,1115,665,8,7,4,1,1118,665,3,,-1,0.051237,0.051237,9.496843,true,false,true,false,Self ,0.010101,0.009804,1.560207,,0.012153,1,0,0.0135,1,533,423,2,
Scan: 1264396 Run: DIA12_CV486075:20251228_A2_N1_Mueller_MS_TechHub_IMP_THIDDIAXL003_Cas9_PhoX_DIA12_CV486075_250ng_FAIMS_003 P1_VILADANLDKVLSAYNK P2_TEVQTGGFSKESILPK 10 10,DIA12_CV486075:20251228_A2_N1_Mueller_MS_TechHub_IMP_THIDDIAXL003_Cas9_PhoX_DIA12_CV486075_250ng_FAIMS_003,1264396,,,0,0,-0,0,4,0,0,Q99ZW2,,,false,Q99ZW2,Q99ZW2,,false,TEVQTGGFSKESILPK,VILADANLDKVLSAYNK,1098,1280,16,17,10,10,1107,1289,4,,-1,0.051221,0.051221,9.496804,false,true,false,false,Self ,0.010101,0.010104,1.560207,,0.012153,0,0,0.0135,0,532,422,0,
Scan: 97621 Run: DIA12_CV486075:20251228_A2_N1_Mueller_MS_TechHub_IMP_THIDDIAXL003_Cas9_PhoX_DIA12_CV486075_250ng_FAIMS_001 P1_RNSDKLIAR P2_KKDWDPK 5 2,DIA12_CV486075:20251228_A2_N1_Mueller_MS_TechHub_IMP_THIDDIAXL003_Cas9_PhoX_DIA12_CV486075_250ng_FAIMS_001,97621,,,0,0,-0,0,5,0,0,Q99ZW2,,,false,Q99ZW2,Q99ZW2,,false,KKDWDPK,RNSDKLIAR,1123,1114,7,9,2,5,1124,1118,5,,-1,0.05083,0.05083,9.495825,false,true,false,false,Self ,0.010101,0.010169,1.564249,,0,0,0,0,0,531,624,0,
Scan: 216383 Run: DIA12_CV486075:20251228_A2_N1_Mueller_MS_TechHub_IMP_THIDDIAXL003_Cas9_PhoX_DIA12_CV486075_250ng_FAIMS_001 P1_RLENLIAQLPGEKK P2_GQKNSR 13 3,DIA12_CV486075:20251228_A2_N1_Mueller_MS_TechHub_IMP_THIDDIAXL003_Cas9_PhoX_DIA12_CV486075_250ng_FAIMS_001,216383,,,0,0,-0,0,4,0,0,Q99ZW2,,,false,Q99ZW2,Q99ZW2,,false,GQKNSR,RLENLIAQLPGEKK,773,221,6,14,3,13,775,233,4,,-1,0.05053,0.05053,9.495075,false,true,false,false,Self ,0.010101,0.01022,1.56506,,0.012153,0,0,0,0,530,375,0,
Scan: 1010521 Run: DIA12_CV486075:20251228_A2_N1_Mueller_MS_TechHub_IMP_THIDDIAXL003_Cas9_PhoX_DIA12_CV486075_250ng_FAIMS_002 P1_QLKEDYFK P2_KAIVDLLFK 3 1,DIA12_CV486075:20251228_A2_N1_Mueller_MS_TechHub_IMP_THIDDIAXL003_Cas9_PhoX_DIA12_CV486075_250ng_FAIMS_002,1010521,,,0,0,-0,0,3,0,0,Q99ZW2,,,false,Q99ZW2,Q99ZW2,,false,KAIVDLLFK,QLKEDYFK,546,563,9,8,1,3,546,565,3,,-1,0.050184,0.050184,9.49421,false,true,false,false,Self ,0.010101,0.010278,1.565871,,0.012153,0,0,0.0135,0,529,420,0,
Scan: 1108066 Run: DIA12_CV486075:20251228_A2_N1_Mueller_MS_TechHub_IMP_THIDDIAXL003_Cas9_PhoX_DIA12_CV486075_250ng_FAIMS_002 P1_KFDNLTK P2_ENQTTQKGQK 1 7,DIA12_CV486075:20251228_A2_N1_Mueller_MS_TechHub_IMP_THIDDIAXL003_Cas9_PhoX_DIA12_CV486075_250ng_FAIMS_002,1108066,,,0,0,-0,0,3,0,0,Q99ZW2,,,false,Q99ZW2,Q99ZW2,,false,ENQTTQKGQK,KFDNLTK,766,896,10,7,7,1,772,896,3,,-1,0.049259,0.049259,9.491899,false,true,false,false,Self ,0.010101,0.010434,1.571577,,0.012153,0,0,0.0135,0,528,419,0,
Scan: 1453448 Run: DIA12_CV486075:20251228_A2_N1_Mueller_MS_TechHub_IMP_THIDDIAXL003_Cas9_PhoX_DIA12_CV486075_250ng_FAIMS_003 P1_YKEIFFDQSK P2_EKIEKILTFR 2 5,DIA12_CV486075:20251228_A2_N1_Mueller_MS_TechHub_IMP_THIDDIAXL003_Cas9_PhoX_DIA12_CV486075_250ng_FAIMS_003,1453448,,,0,0,-0,0,3,0,0,Q99ZW2,,,false,Q99ZW2,Q99ZW2,,false,EKIEKILTFR,YKEIFFDQSK,438,347,10,10,5,2,442,348,3,,-1,0.049215,0.049215,9.491788,false,true,false,false,Self ,0.010101,0.010441,1.571577,,0.012153,0,0,0,0,527,418,0,
Scan: 1389789 Run: DIA12_CV486075:20251228_A2_N1_Mueller_MS_TechHub_IMP_THIDDIAXL003_Cas9_PhoX_DIA12_CV486075_250ng_FAIMS_003 P1_KDWDPK P2_EQAENIIHLFTLTNLGAPAAFKYFDTTIDR 1 22,DIA12_CV486075:20251228_A2_N1_Mueller_MS_TechHub_IMP_THIDDIAXL003_Cas9_PhoX_DIA12_CV486075_250ng_FAIMS_003,1389789,,,0,0,-0,0,5,0,0,Q99ZW2,,,false,Q99ZW2,Q99ZW2,,false,EQAENIIHLFTLTNLGAPAAFKYFDTTIDR,KDWDPK,1304,1124,30,6,22,1,1325,1124,5,,-1,0.049031,0.049031,9.491328,false,true,false,false,Self ,0.010101,0.010472,1.571577,,0.012153,0,0,0.0135,0,526,417,0,
Scan: 242615 Run: DIA12_CV486075:20251228_A2_N1_Mueller_MS_TechHub_IMP_THIDDIAXL003_Cas9_PhoX_DIA12_CV486075_250ng_FAIMS_001 P1_KFKVLGNTDR P2_FKVLGNTDR 1 2,DIA12_CV486075:20251228_A2_N1_Mueller_MS_TechHub_IMP_THIDDIAXL003_Cas9_PhoX_DIA12_CV486075_250ng_FAIMS_001,242615,,,0,0,-0,0,3,0,0,Q99ZW2,,,false,Q99ZW2,Q99ZW2,,false,FKVLGNTDR,KFKVLGNTDR,32,31,9,10,2,1,33,31,3,,-1,0.048862,0.048862,9.490907,false,true,false,false,Self ,0.010101,0.0105,1.571577,,0.012153,0,0,0.0135,0,525,416,0,
Scan: 1356362 Run: DIA12_CV486075:20251228_A2_N1_Mueller_MS_TechHub_IMP_THIDDIAXL003_Cas9_PhoX_DIA12_CV486075_250ng_FAIMS_003 P1_RNSDKLIAR P2_LKGSPEDNEQK 5 2,DIA12_CV486075:20251228_A2_N1_Mueller_MS_TechHub_IMP_THIDDIAXL003_Cas9_PhoX_DIA12_CV486075_250ng_FAIMS_003,1356362,,,0,0,-0,0,4,0,0,Q99ZW2,,,false,Q99ZW2,Q99ZW2,,false,LKGSPEDNEQK,RNSDKLIAR,1245,1114,11,9,2,5,1246,1118,4,,-1,0.048407,0.048407,9.489768,false,true,false,false,Self ,0.010101,0.010577,1.574857,,0.012153,0,0,0,0,524,415,0,
Scan: 1686352 Run: DIA12_CV486075:20251228_A2_N1_Mueller_MS_TechHub_IMP_THIDDIAXL003_Cas9_PhoX_DIA12_CV486075_250ng_FAIMS_003 P1_LDAKDTSDVLR P2_GILQTVKVVDELVK 4 7,DIA12_CV486075:20251228_A2_N1_Mueller_MS_TechHub_IMP_THIDDIAXL003_Cas9_PhoX_DIA12_CV486075_250ng_FAIMS_003,1686352,,,0,0,-0,0,4,0,0,Q99ZW2,,,false,decoy:Q99ZW2,decoy:Q99ZW2,decoy,true,GILQTVKVVDELVK,LDAKDTSDVLR,736,142,14,11,7,4,742,145,4,,-1,0.048398,0.048398,9.489746,true,false,true,false,Self ,0.010578,0.010441,1.574857,,0.012733,0,1,0.014138,1,523,414,2,
Scan: 986853 Run: DIA12_CV486075:20251228_A2_N1_Mueller_MS_TechHub_IMP_THIDDIAXL003_Cas9_PhoX_DIA12_CV486075_250ng_FAIMS_002 P1_QLLNAKLITQR P2_KPAFLSGEQK 6 1,DIA12_CV486075:20251228_A2_N1_Mueller_MS_TechHub_IMP_THIDDIAXL003_Cas9_PhoX_DIA12_CV486075_250ng_FAIMS_002,986853,,,0,0,-0,0,4,0,0,Q99ZW2,,,false,Q99ZW2,Q99ZW2,,false,KPAFLSGEQK,QLLNAKLITQR,536,885,10,11,1,6,536,890,4,,-1,0.048203,0.048203,9.489258,false,true,false,false,Self ,0.010578,0.010597,1.575678,,0.012733,0,0,0.014138,0,522,413,0,
Scan: 1582258 Run: DIA12_CV486075:20251228_A2_N1_Mueller_MS_TechHub_IMP_THIDDIAXL003_Cas9_PhoX_DIA12_CV486075_250ng_FAIMS_003 P1_QSGKTILDFLK P2_KPAFLSGEQK 4 1,DIA12_CV486075:20251228_A2_N1_Mueller_MS_TechHub_IMP_THIDDIAXL003_Cas9_PhoX_DIA12_CV486075_250ng_FAIMS_003,1582258,,,0,0,-0,0,3,0,0,Q99ZW2,,,false,Q99ZW2,Q99ZW2,,false,KPAFLSGEQK,QSGKTILDFLK,536,674,10,11,1,4,536,677,3,,-1,0.048134,0.048134,9.489087,false,true,false,false,Self ,0.010578,0.010603,1.576501,,0,0,0,0,0,521,1354,0,
Scan: 1539153 Run: DIA12_CV486075:20251228_A2_N1_Mueller_MS_TechHub_IMP_THIDDIAXL003_Cas9_PhoX_DIA12_CV486075_250ng_FAIMS_003 P1_SEETITPWNFEEVVDKGASAQSFIER P2_FIKPILEK 16 3,DIA12_CV486075:20251228_A2_N1_Mueller_MS_TechHub_IMP_THIDDIAXL003_Cas9_PhoX_DIA12_CV486075_250ng_FAIMS_003,1539153,,,0,0,-0,0,4,0,0,Q99ZW2,,,false,Q99ZW2,Q99ZW2,,false,FIKPILEK,SEETITPWNFEEVVDKGASAQSFIER,375,469,8,26,3,16,377,484,4,,-1,0.048006,0.048006,9.488767,false,true,false,false,Self ,0.010578,0.010615,1.576501,,0.012733,0,0,0.014138,0,520,412,0,
Scan: 613898 Run: DIA12_CV486075:20251228_A2_N1_Mueller_MS_TechHub_IMP_THIDDIAXL003_Cas9_PhoX_DIA12_CV486075_250ng_FAIMS_002 P1_SEQEIGKATAK P2_GQKNSR 7 3,DIA12_CV486075:20251228_A2_N1_Mueller_MS_TechHub_IMP_THIDDIAXL003_Cas9_PhoX_DIA12_CV486075_250ng_FAIMS_002,613898,,,0,0,-0,0,3,0,0,Q99ZW2,,,false,Q99ZW2,Q99ZW2,,false,GQKNSR,SEQEIGKATAK,773,1025,6,11,3,7,775,1031,3,,-1,0.047651,0.047651,9.487878,false,true,false,false,Self ,0.010578,0.010648,1.576501,,0.012733,0,0,0.014138,0,519,411,0,
Scan: 1635162 Run: DIA12_CV486075:20251228_A2_N1_Mueller_MS_TechHub_IMP_THIDDIAXL003_Cas9_PhoX_DIA12_CV486075_250ng_FAIMS_003 P1_QSGKTILDFLK P2_GKSDNVPSEEVVK 4 2,DIA12_CV486075:20251228_A2_N1_Mueller_MS_TechHub_IMP_THIDDIAXL003_Cas9_PhoX_DIA12_CV486075_250ng_FAIMS_003,1635162,,,0,0,-0,0,4,0,0,Q99ZW2,,,false,Q99ZW2,Q99ZW2,,false,GKSDNVPSEEVVK,QSGKTILDFLK,865,674,13,11,2,4,866,677,4,,-1,0.047488,0.047488,9.487471,false,true,false,false,Self ,0.010578,0.010663,1.57815,,0.012733,0,0,0.014138,0,518,410,0,
Scan: 1367667 Run: DIA12_CV486075:20251228_A2_N1_Mueller_MS_TechHub_IMP_THIDDIAXL003_Cas9_PhoX_DIA12_CV486075_250ng_FAIMS_003 P1_KFDNLTK P2_GSPEDNEQKQLFVEQHK 1 9,DIA12_CV486075:20251228_A2_N1_Mueller_MS_TechHub_IMP_THIDDIAXL003_Cas9_PhoX_DIA12_CV486075_250ng_FAIMS_003,1367667,,,0,0,-0,0,4,0,0,Q99ZW2,,,false,Q99ZW2,Q99ZW2,,false,GSPEDNEQKQLFVEQHK,KFDNLTK,1247,896,17,7,9,1,1255,896,4,,-1,0.047367,0.047367,9.487167,false,true,false,false,Self ,0.010578,0.010675,1.578975,,0.012733,0,0,0.014138,0,517,409,0,
Scan: 1436687 Run: DIA12_CV486075:20251228_A2_N1_Mueller_MS_TechHub_IMP_THIDDIAXL003_Cas9_PhoX_DIA12_CV486075_250ng_FAIMS_003 P1_KDWDPK P2_FKVLGNTDR 1 2,DIA12_CV486075:20251228_A2_N1_Mueller_MS_TechHub_IMP_THIDDIAXL003_Cas9_PhoX_DIA12_CV486075_250ng_FAIMS_003,1436687,,,0,0,-0,0,3,0,0,Q99ZW2,,,false,Q99ZW2,Q99ZW2,,false,FKVLGNTDR,KDWDPK,32,1124,9,6,2,1,33,1124,3,,-1,0.047237,0.047237,9.486845,false,true,false,false,Self ,0.010578,0.010687,1.580628,,0.012733,0,0,0.014138,0,516,408,0,
Scan: 1162685 Run: DIA12_CV486075:20251228_A2_N1_Mueller_MS_TechHub_IMP_THIDDIAXL003_Cas9_PhoX_DIA12_CV486075_250ng_FAIMS_002 P1_KFDNLTKAER P2_GKSDNVPSEEVVK 7 2,DIA12_CV486075:20251228_A2_N1_Mueller_MS_TechHub_IMP_THIDDIAXL003_Cas9_PhoX_DIA12_CV486075_250ng_FAIMS_002,1162685,,,0,0,-0,0,3,0,0,Q99ZW2,,,false,Q99ZW2,Q99ZW2,,false,GKSDNVPSEEVVK,KFDNLTKAER,865,896,13,10,2,7,866,902,3,,-1,0.047229,0.047229,9.486825,false,true,false,false,Self ,0.010578,0.010688,1.580628,,0,0,0,0,0,515,1322,0,
Scan: 361071 Run: DIA12_CV486075:20251228_A2_N1_Mueller_MS_TechHub_IMP_THIDDIAXL003_Cas9_PhoX_DIA12_CV486075_250ng_FAIMS_001 P1_NLPNEKVLPK P2_KLINGIR 6 1,DIA12_CV486075:20251228_A2_N1_Mueller_MS_TechHub_IMP_THIDDIAXL003_Cas9_PhoX_DIA12_CV486075_250ng_FAIMS_001,361071,,,0,0,-0,0,4,0,0,Q99ZW2,,,false,Q99ZW2,Q99ZW2,,false,KLINGIR,NLPNEKVLPK,665,501,7,10,1,6,665,506,4,,-1,0.04719,0.04719,9.486725,false,true,false,false,Self ,0.010578,0.010691,1.580628,,0,0,0,0,0,514,1340,0,
Scan: 1768589 Run: DIA12_CV486075:20251228_A2_N1_Mueller_MS_TechHub_IMP_THIDDIAXL003_Cas9_PhoX_DIA12_CV486075_250ng_FAIMS_003 P1_QITKHVAQILDSR P2_ELGSQILKEHPVENTQLQNEK 4 8,DIA12_CV486075:20251228_A2_N1_Mueller_MS_TechHub_IMP_THIDDIAXL003_Cas9_PhoX_DIA12_CV486075_250ng_FAIMS_003,1768589,,,0,0,-0,0,4,0,0,Q99ZW2,,,false,Q99ZW2,Q99ZW2,,false,ELGSQILKEHPVENTQLQNEK,QITKHVAQILDSR,790,926,21,13,8,4,797,929,4,,-1,0.047125,0.047125,9.486564,false,true,false,false,Self ,0.010578,0.010697,1.582285,,0,0,0,0,0,513,1388,0,
Scan: 1263467 Run: DIA12_CV486075:20251228_A2_N1_Mueller_MS_TechHub_IMP_THIDDIAXL003_Cas9_PhoX_DIA12_CV486075_250ng_FAIMS_003 P1_KTEVQTGGFSKESILPK P2_KDLIIKLPK 11 6,DIA12_CV486075:20251228_A2_N1_Mueller_MS_TechHub_IMP_THIDDIAXL003_Cas9_PhoX_DIA12_CV486075_250ng_FAIMS_003,1263467,,,0,0,-0,0,3,0,0,Q99ZW2,,,false,Q99ZW2,Q99ZW2,,false,KDLIIKLPK,KTEVQTGGFSKESILPK,1192,1097,9,17,6,11,1197,1107,3,,-1,0.04711,0.04711,9.486525,false,true,false,false,Self ,0.010578,0.010699,1.582285,,0,0,0,0,0,512,704,0,
Scan: 135584 Run: DIA12_CV486075:20251228_A2_N1_Mueller_MS_TechHub_IMP_THIDDIAXL003_Cas9_PhoX_DIA12_CV486075_250ng_FAIMS_001 P1_LPKYSLFELENGR P2_KDLIIK 3 1,DIA12_CV486075:20251228_A2_N1_Mueller_MS_TechHub_IMP_THIDDIAXL003_Cas9_PhoX_DIA12_CV486075_250ng_FAIMS_001,135584,,,0,0,-0,0,3,0,0,Q99ZW2,,,false,Q99ZW2,Q99ZW2,,false,KDLIIK,LPKYSLFELENGR,1192,1198,6,13,1,3,1192,1200,3,,-1,0.047023,0.047023,9.48631,false,true,false,false,Self ,0.010578,0.010707,1.582285,,0.012733,0,0,0.014138,0,511,407,0,
Scan: 1700417 Run: DIA12_CV486075:20251228_A2_N1_Mueller_MS_TechHub_IMP_THIDDIAXL003_Cas9_PhoX_DIA12_CV486075_250ng_FAIMS_003 P1_SKLVSDFR P2_HKPENIVIEMAR 2 2,DIA12_CV486075:20251228_A2_N1_Mueller_MS_TechHub_IMP_THIDDIAXL003_Cas9_PhoX_DIA12_CV486075_250ng_FAIMS_003,1700417,,,0,0,-0,0,4,0,0,Q99ZW2,,,false,Q99ZW2,Q99ZW2,,false,HKPENIVIEMAR,SKLVSDFR,754,960,12,8,2,2,755,961,4,,-1,0.046548,0.046548,9.48512,false,true,false,false,Self ,0.010578,0.010751,1.583945,,0.012733,0,0,0.014138,0,510,406,0,
Scan: 162757 Run: DIA12_CV486075:20251228_A2_N1_Mueller_MS_TechHub_IMP_THIDDIAXL003_Cas9_PhoX_DIA12_CV486075_250ng_FAIMS_001 P1_LKGSPEDNEQK P2_IEKILTFR 2 3,DIA12_CV486075:20251228_A2_N1_Mueller_MS_TechHub_IMP_THIDDIAXL003_Cas9_PhoX_DIA12_CV486075_250ng_FAIMS_001,162757,,,0,0,-0,0,3,0,0,Q99ZW2,,,false,Q99ZW2,Q99ZW2,,false,IEKILTFR,LKGSPEDNEQK,440,1245,8,11,3,2,442,1246,3,,-1,0.046494,0.046494,9.484987,false,true,false,false,Self ,0.010578,0.010756,1.583945,,0.012733,0,0,0.014138,0,509,405,0,
Scan: 1159028 Run: DIA12_CV486075:20251228_A2_N1_Mueller_MS_TechHub_IMP_THIDDIAXL003_Cas9_PhoX_DIA12_CV486075_250ng_FAIMS_002 P1_KFDNLTK P2_AGFIKR 1 5,DIA12_CV486075:20251228_A2_N1_Mueller_MS_TechHub_IMP_THIDDIAXL003_Cas9_PhoX_DIA12_CV486075_250ng_FAIMS_002,1159028,,,0,0,-0,0,3,0,0,Q99ZW2,,,false,Q99ZW2,Q99ZW2,,false,AGFIKR,KFDNLTK,914,896,6,7,5,1,918,896,3,,-1,0.046347,0.046347,9.484618,false,true,false,false,Self ,0.010578,0.01077,1.585609,,0.012733,0,0,0.014138,0,508,404,0,
Scan: 564944 Run: DIA12_CV486075:20251228_A2_N1_Mueller_MS_TechHub_IMP_THIDDIAXL003_Cas9_PhoX_DIA12_CV486075_250ng_FAIMS_001 P1_KLINGIR P2_FDNLTKAER 1 6,DIA12_CV486075:20251228_A2_N1_Mueller_MS_TechHub_IMP_THIDDIAXL003_Cas9_PhoX_DIA12_CV486075_250ng_FAIMS_001,564944,,,0,0,-0,0,3,0,0,Q99ZW2,,,false,Q99ZW2,Q99ZW2,,false,FDNLTKAER,KLINGIR,897,665,9,7,6,1,902,665,3,,-1,0.046272,0.046272,9.484432,false,true,false,false,Self ,0.010578,0.010777,1.585609,,0.012733,0,0,0.014138,0,507,403,0,
Scan: 1742459 Run: DIA12_CV486075:20251228_A2_N1_Mueller_MS_TechHub_IMP_THIDDIAXL003_Cas9_PhoX_DIA12_CV486075_250ng_FAIMS_003 P1_KGILQTVK P2_GKSDNVPSEEVVK 1 2,DIA12_CV486075:20251228_A2_N1_Mueller_MS_TechHub_IMP_THIDDIAXL003_Cas9_PhoX_DIA12_CV486075_250ng_FAIMS_003,1742459,,,0,0,-0,0,4,0,0,Q99ZW2,,,false,Q99ZW2,Q99ZW2,,false,GKSDNVPSEEVVK,KGILQTVK,865,735,13,8,2,1,866,735,4,,-1,0.046035,0.046035,9.483839,false,true,false,false,Self ,0.010578,0.010799,1.585609,,0,0,0,0,0,506,1342,0,
Scan: 31590 Run: DIA12_CV486075:20251228_A2_N1_Mueller_MS_TechHub_IMP_THIDDIAXL003_Cas9_PhoX_DIA12_CV486075_250ng_FAIMS_001 P1_SEQEIGKATAK P2_KVLSMPQVNIVK 7 1,DIA12_CV486075:20251228_A2_N1_Mueller_MS_TechHub_IMP_THIDDIAXL003_Cas9_PhoX_DIA12_CV486075_250ng_FAIMS_001,31590,,,0,0,-0,0,3,0,0,Q99ZW2,,,false,Q99ZW2,Q99ZW2,,false,KVLSMPQVNIVK,SEQEIGKATAK,1085,1025,12,11,1,7,1085,1031,3,,-1,0.046022,0.046022,9.483807,false,true,false,false,Self ,0.010578,0.0108,1.585609,,0.012733,0,0,0.014138,0,505,402,0,
Scan: 1710352 Run: DIA12_CV486075:20251228_A2_N1_Mueller_MS_TechHub_IMP_THIDDIAXL003_Cas9_PhoX_DIA12_CV486075_250ng_FAIMS_003 P1_KLINGIR P2_IEEGIKELGSQILK 1 6,DIA12_CV486075:20251228_A2_N1_Mueller_MS_TechHub_IMP_THIDDIAXL003_Cas9_PhoX_DIA12_CV486075_250ng_FAIMS_003,1710352,,,0,0,-0,0,4,0,0,Q99ZW2,,,false,Q99ZW2,Q99ZW2,,false,IEEGIKELGSQILK,KLINGIR,784,665,14,7,6,1,789,665,4,,-1,0.044848,0.044848,9.48087,false,true,false,false,Self ,0.010578,0.01091,1.59314,,0.012733,0,0,0.014138,0,504,401,0,
Scan: 1376737 Run: DIA12_CV486075:20251228_A2_N1_Mueller_MS_TechHub_IMP_THIDDIAXL003_Cas9_PhoX_DIA12_CV486075_250ng_FAIMS_003 P1_VILADANLDKVLSAYNK P2_KTEVQTGGFSK 10 1,DIA12_CV486075:20251228_A2_N1_Mueller_MS_TechHub_IMP_THIDDIAXL003_Cas9_PhoX_DIA12_CV486075_250ng_FAIMS_003,1376737,,,0,0,-0,0,4,0,0,Q99ZW2,,,false,Q99ZW2,Q99ZW2,,false,KTEVQTGGFSK,VILADANLDKVLSAYNK,1097,1280,11,17,1,10,1097,1289,4,,-1,0.044621,0.044621,9.480304,false,true,false,false,Self ,0.010578,0.010932,1.59314,,0.012733,0,0,0.014138,0,503,400,0,
Scan: 241557 Run: DIA12_CV486075:20251228_A2_N1_Mueller_MS_TechHub_IMP_THIDDIAXL003_Cas9_PhoX_DIA12_CV486075_250ng_FAIMS_001 P1_FKVLGNTDR P2_ESILPKR 2 6,DIA12_CV486075:20251228_A2_N1_Mueller_MS_TechHub_IMP_THIDDIAXL003_Cas9_PhoX_DIA12_CV486075_250ng_FAIMS_001,241557,,,0,0,-0,0,3,0,0,Q99ZW2,,,false,Q99ZW2,Q99ZW2,,false,ESILPKR,FKVLGNTDR,1108,32,7,9,6,2,1113,33,3,,-1,0.044198,0.044198,9.479246,false,true,false,false,Self ,0.010578,0.010971,1.595666,,0.012733,0,0,0.014138,0,502,399,0,
Scan: 1162236 Run: DIA12_CV486075:20251228_A2_N1_Mueller_MS_TechHub_IMP_THIDDIAXL003_Cas9_PhoX_DIA12_CV486075_250ng_FAIMS_002 P1_KPAFLSGEQK P2_KFDNLTKAER 1 7,DIA12_CV486075:20251228_A2_N1_Mueller_MS_TechHub_IMP_THIDDIAXL003_Cas9_PhoX_DIA12_CV486075_250ng_FAIMS_002,1162236,,,0,0,-0,0,4,0,0,Q99ZW2,,,false,Q99ZW2,Q99ZW2,,false,KFDNLTKAER,KPAFLSGEQK,896,536,10,10,7,1,902,536,4,,-1,0.044137,0.044137,9.479093,false,true,false,false,Self ,0.010578,0.010977,1.597354,,0.012733,0,0,0,0,501,366,0,
Scan: 1282576 Run: DIA12_CV486075:20251228_A2_N1_Mueller_MS_TechHub_IMP_THIDDIAXL003_Cas9_PhoX_DIA12_CV486075_250ng_FAIMS_003 P1_VNTEITKAPLSASMIK P2_NSDKLIAR 7 4,DIA12_CV486075:20251228_A2_N1_Mueller_MS_TechHub_IMP_THIDDIAXL003_Cas9_PhoX_DIA12_CV486075_250ng_FAIMS_003,1282576,,,0,0,-0,0,4,0,0,Q99ZW2,,,false,Q99ZW2,Q99ZW2,,false,NSDKLIAR,VNTEITKAPLSASMIK,1115,308,8,16,4,7,1118,314,4,,-1,0.044061,0.044061,9.478903,false,true,false,false,Self ,0.010578,0.010984,1.5982,,0.012733,0,0,0.014138,0,500,397,0,
Scan: 1123215 Run: DIA12_CV486075:20251228_A2_N1_Mueller_MS_TechHub_IMP_THIDDIAXL003_Cas9_PhoX_DIA12_CV486075_250ng_FAIMS_002 P1_GQKNSR P2_ELGSQILKEHPVENTQLQNEK 3 8,DIA12_CV486075:20251228_A2_N1_Mueller_MS_TechHub_IMP_THIDDIAXL003_Cas9_PhoX_DIA12_CV486075_250ng_FAIMS_002,1123215,,,0,0,-0,0,4,0,0,Q99ZW2,,,false,Q99ZW2,Q99ZW2,,false,ELGSQILKEHPVENTQLQNEK,GQKNSR,790,773,21,6,8,3,797,775,4,,-1,0.043857,0.043857,9.478394,false,true,false,false,Self ,0.010578,0.011003,1.5982,,0.012733,0,0,0.014138,0,499,396,0,
Scan: 1226255 Run: DIA12_CV486075:20251228_A2_N1_Mueller_MS_TechHub_IMP_THIDDIAXL003_Cas9_PhoX_DIA12_CV486075_250ng_FAIMS_003 P1_RPLIETNGETGEIVWDKGR P2_KDFQFYK 17 1,DIA12_CV486075:20251228_A2_N1_Mueller_MS_TechHub_IMP_THIDDIAXL003_Cas9_PhoX_DIA12_CV486075_250ng_FAIMS_003,1226255,,,0,0,-0,0,4,0,0,Q99ZW2,,,false,Q99ZW2,Q99ZW2,,false,KDFQFYK,RPLIETNGETGEIVWDKGR,968,1060,7,19,1,17,968,1076,4,,-1,0.043751,0.043751,9.47813,false,true,false,false,Self ,0.010578,0.011013,1.5982,,0.012733,0,0,0.014138,0,498,395,0,
Scan: 6794 Run: DIA12_CV486075:20251228_A2_N1_Mueller_MS_TechHub_IMP_THIDDIAXL003_Cas9_PhoX_DIA12_CV486075_250ng_FAIMS_001 P1_LESEFVYGDYKVYDVR P2_KNLIGALLFDSGETAEATR 11 1,DIA12_CV486075:20251228_A2_N1_Mueller_MS_TechHub_IMP_THIDDIAXL003_Cas9_PhoX_DIA12_CV486075_250ng_FAIMS_001,6794,,,0,0,-0,0,5,0,0,Q99ZW2,,,false,Q99ZW2,Q99ZW2,,false,KNLIGALLFDSGETAEATR,LESEFVYGDYKVYDVR,45,1004,19,16,1,11,45,1014,5,,-1,0.043641,0.043641,9.477854,false,true,false,false,Self ,0.010578,0.011023,1.601592,,0.012733,0,0,0.014138,0,497,394,0,
Scan: 1183099 Run: DIA12_CV486075:20251228_A2_N1_Mueller_MS_TechHub_IMP_THIDDIAXL003_Cas9_PhoX_DIA12_CV486075_250ng_FAIMS_002 P1_YDENDKLIR P2_KMIAK 6 1,DIA12_CV486075:20251228_A2_N1_Mueller_MS_TechHub_IMP_THIDDIAXL003_Cas9_PhoX_DIA12_CV486075_250ng_FAIMS_002,1183099,,,0,0,-0,0,3,0,0,Q99ZW2,,,false,Q99ZW2,Q99ZW2,,false,KMIAK,YDENDKLIR,1020,943,5,9,1,6,1020,948,3,,-1,0.043534,0.043534,9.477586,false,true,false,false,Self ,0.010578,0.011033,1.602442,,0.012733,0,0,0.014138,0,496,393,0,
Scan: 77144 Run: DIA12_CV486075:20251228_A2_N1_Mueller_MS_TechHub_IMP_THIDDIAXL003_Cas9_PhoX_DIA12_CV486075_250ng_FAIMS_001 P1_RYDEHHQDLTLLKALVR P2_LEESFLVEEDKKHER 13 11,DIA12_CV486075:20251228_A2_N1_Mueller_MS_TechHub_IMP_THIDDIAXL003_Cas9_PhoX_DIA12_CV486075_250ng_FAIMS_001,77144,,,0,0,-0,0,5,0,0,Q99ZW2,,,false,Q99ZW2,Q99ZW2,,false,LEESFLVEEDKKHER,RYDEHHQDLTLLKALVR,101,324,15,17,11,13,111,336,5,,-1,0.043418,0.043418,9.477296,false,true,false,false,Self ,0.010578,0.011044,1.602442,,0.012733,0,0,0,0,495,392,0,
Scan: 1447332 Run: DIA12_CV486075:20251228_A2_N1_Mueller_MS_TechHub_IMP_THIDDIAXL003_Cas9_PhoX_DIA12_CV486075_250ng_FAIMS_003 P1_YDEHHQDLTLLKALVR P2_KDFQFYK 12 1,DIA12_CV486075:20251228_A2_N1_Mueller_MS_TechHub_IMP_THIDDIAXL003_Cas9_PhoX_DIA12_CV486075_250ng_FAIMS_003,1447332,,,0,0,-0,0,5,0,0,Q99ZW2,,,false,Q99ZW2,Q99ZW2,,false,KDFQFYK,YDEHHQDLTLLKALVR,968,325,7,16,1,12,968,336,5,,-1,0.043333,0.043333,9.477083,false,true,false,false,Self ,0.010578,0.011052,1.601911,,0.012733,0,0,0.014138,0,494,391,0,
Scan: 381089 Run: DIA12_CV486075:20251228_A2_N1_Mueller_MS_TechHub_IMP_THIDDIAXL003_Cas9_PhoX_DIA12_CV486075_250ng_FAIMS_001 P1_KPAFLSGEQK P2_KFKVLGNTDR 1 1,DIA12_CV486075:20251228_A2_N1_Mueller_MS_TechHub_IMP_THIDDIAXL003_Cas9_PhoX_DIA12_CV486075_250ng_FAIMS_001,381089,,,0,0,-0,0,3,0,0,Q99ZW2,,,false,Q99ZW2,Q99ZW2,,false,KFKVLGNTDR,KPAFLSGEQK,31,536,10,10,1,1,31,536,3,,-1,0.043266,0.043266,9.476916,false,true,false,false,Self ,0.010578,0.011058,1.601911,,0.012733,0,0,0.014138,0,493,390,0,
Scan: 774744 Run: DIA12_CV486075:20251228_A2_N1_Mueller_MS_TechHub_IMP_THIDDIAXL003_Cas9_PhoX_DIA12_CV486075_250ng_FAIMS_002 P1_NSDKLIAR P2_HYLDEIIEQISEFSKR 4 15,DIA12_CV486075:20251228_A2_N1_Mueller_MS_TechHub_IMP_THIDDIAXL003_Cas9_PhoX_DIA12_CV486075_250ng_FAIMS_002,774744,,,0,0,-0,0,4,0,0,Q99ZW2,,,false,Q99ZW2,Q99ZW2,,false,HYLDEIIEQISEFSKR,NSDKLIAR,1264,1115,16,8,15,4,1278,1118,4,,-1,0.043235,0.043235,9.476839,false,true,false,false,Self ,0.010578,0.011061,1.601911,,0.012733,0,0,0.014138,0,492,389,0,
Scan: 1546287 Run: DIA12_CV486075:20251228_A2_N1_Mueller_MS_TechHub_IMP_THIDDIAXL003_Cas9_PhoX_DIA12_CV486075_250ng_FAIMS_003 P1_SEETITPWNFEEVVDKGASAQSFIER P2_EVKVITLK 16 3,DIA12_CV486075:20251228_A2_N1_Mueller_MS_TechHub_IMP_THIDDIAXL003_Cas9_PhoX_DIA12_CV486075_250ng_FAIMS_003,1546287,,,0,0,-0,0,4,0,0,Q99ZW2,,,false,Q99ZW2,Q99ZW2,,false,EVKVITLK,SEETITPWNFEEVVDKGASAQSFIER,952,469,8,26,3,16,954,484,4,,-1,0.043212,0.043212,9.476781,false,true,false,false,Self ,0.010578,0.011063,1.601911,,0.012733,0,0,0.014138,0,491,388,0,
Scan: 1171057 Run: DIA12_CV486075:20251228_A2_N1_Mueller_MS_TechHub_IMP_THIDDIAXL003_Cas9_PhoX_DIA12_CV486075_250ng_FAIMS_002 P1_SNKQGR P2_QITKHVAQILDSR 3 4,DIA12_CV486075:20251228_A2_N1_Mueller_MS_TechHub_IMP_THIDDIAXL003_Cas9_PhoX_DIA12_CV486075_250ng_FAIMS_002,1171057,,,0,0,-0,0,3,0,0,Q99ZW2,,,false,decoy:Q99ZW2,decoy:Q99ZW2,decoy,true,QITKHVAQILDSR,SNKQGR,926,773,13,6,4,3,929,775,3,,-1,0.043112,0.043112,9.476532,true,false,true,false,Self ,0.011073,0.011133,1.601911,,0.013367,0,1,0.01487,1,490,387,2,
Scan: 35803 Run: DIA12_CV486075:20251228_A2_N1_Mueller_MS_TechHub_IMP_THIDDIAXL003_Cas9_PhoX_DIA12_CV486075_250ng_FAIMS_001 P1_KTEVQTGGFSK P2_KTEVQTGGFSK 1 1,DIA12_CV486075:20251228_A2_N1_Mueller_MS_TechHub_IMP_THIDDIAXL003_Cas9_PhoX_DIA12_CV486075_250ng_FAIMS_001,35803,,,0,0,-0,0,4,0,0,Q99ZW2,,,false,Q99ZW2,Q99ZW2,,false,KTEVQTGGFSK,KTEVQTGGFSK,1097,1097,11,11,1,1,1097,1097,4,,-1,0.043062,0.043062,9.476406,false,true,false,false,Self ,0.011073,0.011078,1.602762,,0,0,0,0,0,489,1277,0,
Scan: 802140 Run: DIA12_CV486075:20251228_A2_N1_Mueller_MS_TechHub_IMP_THIDDIAXL003_Cas9_PhoX_DIA12_CV486075_250ng_FAIMS_002 P1_SDKNR P2_KLVDSTDK 3 1,DIA12_CV486075:20251228_A2_N1_Mueller_MS_TechHub_IMP_THIDDIAXL003_Cas9_PhoX_DIA12_CV486075_250ng_FAIMS_002,802140,,,0,0,-0,0,3,0,0,Q99ZW2,,,false,Q99ZW2,Q99ZW2,,false,KLVDSTDK,SDKNR,141,860,8,5,1,3,141,862,3,,-1,0.042997,0.042997,9.476243,false,true,false,false,Self ,0.011073,0.011086,1.602762,,0.013367,0,0,0.01487,0,488,386,0,
Scan: 1291860 Run: DIA12_CV486075:20251228_A2_N1_Mueller_MS_TechHub_IMP_THIDDIAXL003_Cas9_PhoX_DIA12_CV486075_250ng_FAIMS_003 P1_KTEVQTGGFSKESILPK P2_KDWDPKK 11 1,DIA12_CV486075:20251228_A2_N1_Mueller_MS_TechHub_IMP_THIDDIAXL003_Cas9_PhoX_DIA12_CV486075_250ng_FAIMS_003,1291860,,,0,0,-0,0,4,0,0,Q99ZW2,,,false,Q99ZW2,Q99ZW2,,false,KDWDPKK,KTEVQTGGFSKESILPK,1124,1097,7,17,1,11,1124,1107,4,,-1,0.042439,0.042439,9.474848,false,true,false,false,Self ,0.011073,0.01115,1.603082,,0.013367,0,0,0,0,487,53,0,
Scan: 1027158 Run: DIA12_CV486075:20251228_A2_N1_Mueller_MS_TechHub_IMP_THIDDIAXL003_Cas9_PhoX_DIA12_CV486075_250ng_FAIMS_002 P1_KLINGIR P2_EKIEKILTFR 1 5,DIA12_CV486075:20251228_A2_N1_Mueller_MS_TechHub_IMP_THIDDIAXL003_Cas9_PhoX_DIA12_CV486075_250ng_FAIMS_002,1027158,,,0,0,-0,0,3,0,0,Q99ZW2,,,false,Q99ZW2,Q99ZW2,,false,EKIEKILTFR,KLINGIR,438,665,10,7,5,1,442,665,3,,-1,0.042023,0.042023,9.47381,false,true,false,false,Self ,0.011073,0.011198,1.603934,,0.013367,0,0,0,0,486,384,0,
Scan: 1341736 Run: DIA12_CV486075:20251228_A2_N1_Mueller_MS_TechHub_IMP_THIDDIAXL003_Cas9_PhoX_DIA12_CV486075_250ng_FAIMS_003 P1_LPKYSLFELENGR P2_GILQTVKVVDELVK 3 7,DIA12_CV486075:20251228_A2_N1_Mueller_MS_TechHub_IMP_THIDDIAXL003_Cas9_PhoX_DIA12_CV486075_250ng_FAIMS_003,1341736,,,0,0,-0,0,4,0,0,Q99ZW2,,,false,Q99ZW2,Q99ZW2,,false,GILQTVKVVDELVK,LPKYSLFELENGR,736,1198,14,13,7,3,742,1200,4,,-1,0.041762,0.041762,9.473156,false,true,false,false,Self ,0.011073,0.011229,1.605641,,0.013367,0,0,0.01487,0,485,383,0,
Scan: 171315 Run: DIA12_CV486075:20251228_A2_N1_Mueller_MS_TechHub_IMP_THIDDIAXL003_Cas9_PhoX_DIA12_CV486075_250ng_FAIMS_001 P1_SEQEIGKATAK P2_GSPEDNEQKQLFVEQHK 7 9,DIA12_CV486075:20251228_A2_N1_Mueller_MS_TechHub_IMP_THIDDIAXL003_Cas9_PhoX_DIA12_CV486075_250ng_FAIMS_001,171315,,,0,0,-0,0,4,0,0,Q99ZW2,,,false,Q99ZW2,Q99ZW2,,false,GSPEDNEQKQLFVEQHK,SEQEIGKATAK,1247,1025,17,11,9,7,1255,1031,4,,-1,0.041143,0.041143,9.471608,false,true,false,false,Self ,0.011073,0.0113,1.608209,,0.013367,0,0,0.01487,0,484,382,0,
Scan: 42118 Run: DIA12_CV486075:20251228_A2_N1_Mueller_MS_TechHub_IMP_THIDDIAXL003_Cas9_PhoX_DIA12_CV486075_250ng_FAIMS_001 P1_KTEVQTGGFSK P2_KDFQFYK 1 1,DIA12_CV486075:20251228_A2_N1_Mueller_MS_TechHub_IMP_THIDDIAXL003_Cas9_PhoX_DIA12_CV486075_250ng_FAIMS_001,42118,,,0,0,-0,0,3,0,0,Q99ZW2,,,false,Q99ZW2,Q99ZW2,,false,KDFQFYK,KTEVQTGGFSK,968,1097,7,11,1,1,968,1097,3,,-1,0.04111,0.04111,9.471525,false,true,false,false,Self ,0.011073,0.011304,1.608209,,0.013367,0,0,0.01487,0,483,381,0,
Scan: 1298 Run: DIA12_CV486075:20251228_A2_N1_Mueller_MS_TechHub_IMP_THIDDIAXL003_Cas9_PhoX_DIA12_CV486075_250ng_FAIMS_001 P1_YPKLESEFVYGDYK P2_QSGKTILDFLK 3 4,DIA12_CV486075:20251228_A2_N1_Mueller_MS_TechHub_IMP_THIDDIAXL003_Cas9_PhoX_DIA12_CV486075_250ng_FAIMS_001,1298,,,0,0,-0,0,4,0,0,Q99ZW2,,,false,Q99ZW2,Q99ZW2,,false,QSGKTILDFLK,YPKLESEFVYGDYK,674,1001,11,14,4,3,677,1003,4,,-1,0.041035,0.041035,9.471339,false,true,false,false,Self ,0.011073,0.011313,1.608209,,0.013367,0,0,0.01487,0,482,380,0,
Scan: 760012 Run: DIA12_CV486075:20251228_A2_N1_Mueller_MS_TechHub_IMP_THIDDIAXL003_Cas9_PhoX_DIA12_CV486075_250ng_FAIMS_002 P1_LSKSR P2_LKGSPEDNEQK 3 2,DIA12_CV486075:20251228_A2_N1_Mueller_MS_TechHub_IMP_THIDDIAXL003_Cas9_PhoX_DIA12_CV486075_250ng_FAIMS_002,760012,,,0,0,-0,0,3,0,0,Q99ZW2,,,false,Q99ZW2,Q99ZW2,,false,LKGSPEDNEQK,LSKSR,1245,216,11,5,2,3,1246,218,3,,-1,0.040537,0.040537,9.470092,false,true,false,false,Self ,0.011073,0.01137,1.609925,,0.013367,0,0,0.01487,0,481,379,0,
Scan: 1377187 Run: DIA12_CV486075:20251228_A2_N1_Mueller_MS_TechHub_IMP_THIDDIAXL003_Cas9_PhoX_DIA12_CV486075_250ng_FAIMS_003 P1_VILADANLDKVLSAYNK P2_KDWDPK 10 1,DIA12_CV486075:20251228_A2_N1_Mueller_MS_TechHub_IMP_THIDDIAXL003_Cas9_PhoX_DIA12_CV486075_250ng_FAIMS_003,1377187,,,0,0,-0,0,4,0,0,Q99ZW2,,,false,Q99ZW2,Q99ZW2,,false,KDWDPK,VILADANLDKVLSAYNK,1124,1280,6,17,1,10,1124,1289,4,,-1,0.040293,0.040293,9.469484,false,true,false,false,Self ,0.011073,0.011398,1.611645,,0.013367,0,0,0.01487,0,480,378,0,
Scan: 260343 Run: DIA12_CV486075:20251228_A2_N1_Mueller_MS_TechHub_IMP_THIDDIAXL003_Cas9_PhoX_DIA12_CV486075_250ng_FAIMS_001 P1_YKEIFFDQSK P2_KLINGIR 2 1,DIA12_CV486075:20251228_A2_N1_Mueller_MS_TechHub_IMP_THIDDIAXL003_Cas9_PhoX_DIA12_CV486075_250ng_FAIMS_001,260343,,,0,0,-0,0,4,0,0,Q99ZW2,,,false,Q99ZW2,Q99ZW2,,false,KLINGIR,YKEIFFDQSK,665,347,7,10,1,2,665,348,4,,-1,0.040203,0.040203,9.469258,false,true,false,false,Self ,0.011073,0.011409,1.611645,,0,0,0,0,0,479,1438,0,
Scan: 1293111 Run: DIA12_CV486075:20251228_A2_N1_Mueller_MS_TechHub_IMP_THIDDIAXL003_Cas9_PhoX_DIA12_CV486075_250ng_FAIMS_003 P1_KLINGIR P2_KDWDPK 1 1,DIA12_CV486075:20251228_A2_N1_Mueller_MS_TechHub_IMP_THIDDIAXL003_Cas9_PhoX_DIA12_CV486075_250ng_FAIMS_003,1293111,,,0,0,-0,0,3,0,0,Q99ZW2,,,false,Q99ZW2,Q99ZW2,,false,KDWDPK,KLINGIR,1124,665,6,7,1,1,1124,665,3,,-1,0.04013,0.04013,9.469076,false,true,false,false,Self ,0.011073,0.011417,1.611645,,0,0,0,0,0,478,59,0,
Scan: 801808 Run: DIA12_CV486075:20251228_A2_N1_Mueller_MS_TechHub_IMP_THIDDIAXL003_Cas9_PhoX_DIA12_CV486075_250ng_FAIMS_002 P1_YKEIFFDQSK P2_KLVDSTDK 2 1,DIA12_CV486075:20251228_A2_N1_Mueller_MS_TechHub_IMP_THIDDIAXL003_Cas9_PhoX_DIA12_CV486075_250ng_FAIMS_002,801808,,,0,0,-0,0,4,0,0,Q99ZW2,,,false,Q99ZW2,Q99ZW2,,false,KLVDSTDK,YKEIFFDQSK,141,347,8,10,1,2,141,348,4,,-1,0.040126,0.040126,9.469067,false,true,false,false,Self ,0.011073,0.011418,1.611645,,0,0,0,0,0,477,1456,0,
Scan: 226387 Run: DIA12_CV486075:20251228_A2_N1_Mueller_MS_TechHub_IMP_THIDDIAXL003_Cas9_PhoX_DIA12_CV486075_250ng_FAIMS_001 P1_SNFDLAEDAKLQLSK P2_KNGLFGNLIALSLGLTPNFK 10 1,DIA12_CV486075:20251228_A2_N1_Mueller_MS_TechHub_IMP_THIDDIAXL003_Cas9_PhoX_DIA12_CV486075_250ng_FAIMS_001,226387,,,0,0,-0,0,4,0,0,Q99ZW2,,,false,Q99ZW2,Q99ZW2,,false,KNGLFGNLIALSLGLTPNFK,SNFDLAEDAKLQLSK,234,254,20,15,1,10,234,263,4,,-1,0.03994,0.03994,9.468601,false,true,false,false,Self ,0.011073,0.011439,1.611645,,0.013367,0,0,0.01487,0,476,377,0,
Scan: 612939 Run: DIA12_CV486075:20251228_A2_N1_Mueller_MS_TechHub_IMP_THIDDIAXL003_Cas9_PhoX_DIA12_CV486075_250ng_FAIMS_002 P1_SEQEIGKATAK P2_DKPIR 7 2,DIA12_CV486075:20251228_A2_N1_Mueller_MS_TechHub_IMP_THIDDIAXL003_Cas9_PhoX_DIA12_CV486075_250ng_FAIMS_002,612939,,,0,0,-0,0,3,0,0,Q99ZW2,,,false,Q99ZW2,Q99ZW2,,false,DKPIR,SEQEIGKATAK,1299,1025,5,11,2,7,1300,1031,3,,-1,0.039768,0.039768,9.46817,false,true,false,false,Self ,0.011073,0.011459,1.612507,,0.013367,0,0,0.01487,0,475,376,0,
Scan: 1109266 Run: DIA12_CV486075:20251228_A2_N1_Mueller_MS_TechHub_IMP_THIDDIAXL003_Cas9_PhoX_DIA12_CV486075_250ng_FAIMS_002 P1_LENLIAQLPGEKK P2_GQKNSR 12 3,DIA12_CV486075:20251228_A2_N1_Mueller_MS_TechHub_IMP_THIDDIAXL003_Cas9_PhoX_DIA12_CV486075_250ng_FAIMS_002,1109266,,,0,0,-0,0,4,0,0,Q99ZW2,,,false,Q99ZW2,Q99ZW2,,false,GQKNSR,LENLIAQLPGEKK,773,222,6,13,3,12,775,233,4,,-1,0.039589,0.039589,9.467723,false,true,false,false,Self ,0.011073,0.01148,1.612507,,0.013367,0,0,0,0,474,375,0,
Scan: 621170 Run: DIA12_CV486075:20251228_A2_N1_Mueller_MS_TechHub_IMP_THIDDIAXL003_Cas9_PhoX_DIA12_CV486075_250ng_FAIMS_002 P1_QITKHVAQILDSR P2_KRPLIETNGETGEIVWDK 4 1,DIA12_CV486075:20251228_A2_N1_Mueller_MS_TechHub_IMP_THIDDIAXL003_Cas9_PhoX_DIA12_CV486075_250ng_FAIMS_002,621170,,,0,0,-0,0,4,0,0,Q99ZW2,,,false,Q99ZW2,Q99ZW2,,false,KRPLIETNGETGEIVWDK,QITKHVAQILDSR,1059,926,18,13,1,4,1059,929,4,,-1,0.039394,0.039394,9.467236,false,true,false,false,Self ,0.011073,0.011502,1.612507,,0.013367,0,0,0.01487,0,473,374,0,
Scan: 41369 Run: DIA12_CV486075:20251228_A2_N1_Mueller_MS_TechHub_IMP_THIDDIAXL003_Cas9_PhoX_DIA12_CV486075_250ng_FAIMS_001 P1_KTEVQTGGFSK P2_GKSDNVPSEEVVK 1 2,DIA12_CV486075:20251228_A2_N1_Mueller_MS_TechHub_IMP_THIDDIAXL003_Cas9_PhoX_DIA12_CV486075_250ng_FAIMS_001,41369,,,0,0,-0,0,4,0,0,Q99ZW2,,,false,Q99ZW2,Q99ZW2,,false,GKSDNVPSEEVVK,KTEVQTGGFSK,865,1097,13,11,2,1,866,1097,4,,-1,0.03926,0.03926,9.466901,false,true,false,false,Self ,0.011073,0.011518,1.614232,,0,0,0,0,0,472,1323,0,
Scan: 1610906 Run: DIA12_CV486075:20251228_A2_N1_Mueller_MS_TechHub_IMP_THIDDIAXL003_Cas9_PhoX_DIA12_CV486075_250ng_FAIMS_003 P1_VTVKQLK P2_KIECFDSVEISGVEDR 4 1,DIA12_CV486075:20251228_A2_N1_Mueller_MS_TechHub_IMP_THIDDIAXL003_Cas9_PhoX_DIA12_CV486075_250ng_FAIMS_003,1610906,,,0,0,-0,0,4,0,0,Q99ZW2,,,false,Q99ZW2,Q99ZW2,,false,KIECFDSVEISGVEDR,VTVKQLK,571,559,16,7,1,4,571,562,4,,-1,0.038915,0.038915,9.466038,false,true,false,false,Self ,0.011073,0.011557,1.616827,,0,0,0,0,0,471,1276,0,
Scan: 1453361 Run: DIA12_CV486075:20251228_A2_N1_Mueller_MS_TechHub_IMP_THIDDIAXL003_Cas9_PhoX_DIA12_CV486075_250ng_FAIMS_003 P1_YKEIFFDQSK P2_EKIEKILTFR 2 2,DIA12_CV486075:20251228_A2_N1_Mueller_MS_TechHub_IMP_THIDDIAXL003_Cas9_PhoX_DIA12_CV486075_250ng_FAIMS_003,1453361,,,0,0,-0,0,3,0,0,Q99ZW2,,,false,Q99ZW2,Q99ZW2,,false,EKIEKILTFR,YKEIFFDQSK,438,347,10,10,2,2,439,348,3,,-1,0.038655,0.038655,9.465388,false,true,false,false,Self ,0.011073,0.011588,1.618562,,0.013367,0,0,0.01487,0,470,373,0,
Scan: 1274236 Run: DIA12_CV486075:20251228_A2_N1_Mueller_MS_TechHub_IMP_THIDDIAXL003_Cas9_PhoX_DIA12_CV486075_250ng_FAIMS_003 P1_NLPNEKVLPK P2_ESILPKR 6 6,DIA12_CV486075:20251228_A2_N1_Mueller_MS_TechHub_IMP_THIDDIAXL003_Cas9_PhoX_DIA12_CV486075_250ng_FAIMS_003,1274236,,,0,0,-0,0,3,0,0,Q99ZW2,,,false,Q99ZW2,Q99ZW2,,false,ESILPKR,NLPNEKVLPK,1108,501,7,10,6,6,1113,506,3,,-1,0.03824,0.03824,9.464351,false,true,false,false,Self ,0.011073,0.011635,1.620301,,0.013367,0,0,0.01487,0,469,372,0,
Scan: 208971 Run: DIA12_CV486075:20251228_A2_N1_Mueller_MS_TechHub_IMP_THIDDIAXL003_Cas9_PhoX_DIA12_CV486075_250ng_FAIMS_001 P1_LSKSR P2_DDSIDNKVLTR 3 7,DIA12_CV486075:20251228_A2_N1_Mueller_MS_TechHub_IMP_THIDDIAXL003_Cas9_PhoX_DIA12_CV486075_250ng_FAIMS_001,208971,,,0,0,-0,0,3,0,0,Q99ZW2,,,false,Q99ZW2,Q99ZW2,,false,DDSIDNKVLTR,LSKSR,849,216,11,5,7,3,855,218,3,,-1,0.038079,0.038079,9.463948,false,true,false,false,Self ,0.011073,0.011654,1.620301,,0.013367,0,0,0.01487,0,468,371,0,
Scan: 1236568 Run: DIA12_CV486075:20251228_A2_N1_Mueller_MS_TechHub_IMP_THIDDIAXL003_Cas9_PhoX_DIA12_CV486075_250ng_FAIMS_003 P1_QITKHVAQILDSR P2_KTEVQTGGFSK 4 1,DIA12_CV486075:20251228_A2_N1_Mueller_MS_TechHub_IMP_THIDDIAXL003_Cas9_PhoX_DIA12_CV486075_250ng_FAIMS_003,1236568,,,0,0,-0,0,4,0,0,Q99ZW2,,,false,Q99ZW2,Q99ZW2,,false,KTEVQTGGFSK,QITKHVAQILDSR,1097,926,11,13,1,4,1097,929,4,,-1,0.038018,0.038018,9.463796,false,true,false,false,Self ,0.011073,0.011661,1.620301,,0.013367,0,0,0.01487,0,467,370,0,
Scan: 1573008 Run: DIA12_CV486075:20251228_A2_N1_Mueller_MS_TechHub_IMP_THIDDIAXL003_Cas9_PhoX_DIA12_CV486075_250ng_FAIMS_003 P1_NSDKLIAR P2_KPAFLSGEQKK 4 1,DIA12_CV486075:20251228_A2_N1_Mueller_MS_TechHub_IMP_THIDDIAXL003_Cas9_PhoX_DIA12_CV486075_250ng_FAIMS_003,1573008,,,0,0,-0,0,3,0,0,Q99ZW2,,,false,Q99ZW2,Q99ZW2,,false,KPAFLSGEQKK,NSDKLIAR,536,1115,11,8,1,4,536,1118,3,,-1,0.037826,0.037826,9.463317,false,true,false,false,Self ,0.011073,0.011683,1.620301,,0.013367,0,0,0,0,466,369,0,
Scan: 1146071 Run: DIA12_CV486075:20251228_A2_N1_Mueller_MS_TechHub_IMP_THIDDIAXL003_Cas9_PhoX_DIA12_CV486075_250ng_FAIMS_002 P1_SDKNR P2_GKSDNVPSEEVVKK 3 2,DIA12_CV486075:20251228_A2_N1_Mueller_MS_TechHub_IMP_THIDDIAXL003_Cas9_PhoX_DIA12_CV486075_250ng_FAIMS_002,1146071,,,0,0,-0,0,4,0,0,Q99ZW2,,,false,Q99ZW2,Q99ZW2,,false,GKSDNVPSEEVVKK,SDKNR,865,860,14,5,2,3,866,862,4,,-1,0.03772,0.03772,9.463052,false,true,false,false,Self ,0.011073,0.011695,1.621171,,0,0,0,0,0,465,1334,0,
Scan: 1655694 Run: DIA12_CV486075:20251228_A2_N1_Mueller_MS_TechHub_IMP_THIDDIAXL003_Cas9_PhoX_DIA12_CV486075_250ng_FAIMS_003 P1_EDIQKAQVSGQGDSLHEHIANLAGSPAIK P2_DKQSGK 5 2,DIA12_CV486075:20251228_A2_N1_Mueller_MS_TechHub_IMP_THIDDIAXL003_Cas9_PhoX_DIA12_CV486075_250ng_FAIMS_003,1655694,,,0,0,-0,0,5,0,0,Q99ZW2,,,false,Q99ZW2,Q99ZW2,,false,DKQSGK,EDIQKAQVSGQGDSLHEHIANLAGSPAIK,672,706,6,29,2,5,673,710,5,,-1,0.037503,0.037503,9.462507,false,true,false,false,Self ,0.011073,0.011721,1.622916,,0,0,0,0,0,230,1569,0,
Scan: 1470435 Run: DIA12_CV486075:20251228_A2_N1_Mueller_MS_TechHub_IMP_THIDDIAXL003_Cas9_PhoX_DIA12_CV486075_250ng_FAIMS_003 P1_YKEIFFDQSK P2_NGYAGYIDGGASQEEFYKFIKPILEK 2 18,DIA12_CV486075:20251228_A2_N1_Mueller_MS_TechHub_IMP_THIDDIAXL003_Cas9_PhoX_DIA12_CV486075_250ng_FAIMS_003,1470435,,,0,0,-0,0,5,0,0,Q99ZW2,,,false,Q99ZW2,Q99ZW2,,false,NGYAGYIDGGASQEEFYKFIKPILEK,YKEIFFDQSK,357,347,26,10,18,2,374,348,5,,-1,0.0375,0.0375,9.462501,false,true,false,false,Self ,0.011073,0.011721,1.622916,,0.013367,0,0,0.01487,0,463,368,0,
Scan: 513134 Run: DIA12_CV486075:20251228_A2_N1_Mueller_MS_TechHub_IMP_THIDDIAXL003_Cas9_PhoX_DIA12_CV486075_250ng_FAIMS_001 P1_NKDSR P2_GQKNSR 2 3,DIA12_CV486075:20251228_A2_N1_Mueller_MS_TechHub_IMP_THIDDIAXL003_Cas9_PhoX_DIA12_CV486075_250ng_FAIMS_001,513134,,,0,0,-0,0,3,0,0,Q99ZW2,,,false,decoy:Q99ZW2,decoy:Q99ZW2,decoy,true,GQKNSR,NKDSR,773,860,6,5,3,2,775,861,3,,-1,0.037402,0.037402,9.462255,true,false,true,false,Self ,0.011732,0.012227,1.623789,,0.01419,0,1,0.015799,1,462,367,2,
Scan: 291592 Run: DIA12_CV486075:20251228_A2_N1_Mueller_MS_TechHub_IMP_THIDDIAXL003_Cas9_PhoX_DIA12_CV486075_250ng_FAIMS_001 P1_YDEHHQDLTLLKALVR P2_IEKILTFR 12 3,DIA12_CV486075:20251228_A2_N1_Mueller_MS_TechHub_IMP_THIDDIAXL003_Cas9_PhoX_DIA12_CV486075_250ng_FAIMS_001,291592,,,0,0,-0,0,4,0,0,Q99ZW2,,,false,Q99ZW2,Q99ZW2,,false,IEKILTFR,YDEHHQDLTLLKALVR,440,325,8,16,3,12,442,336,4,,-1,0.037266,0.037266,9.461915,false,true,false,false,Self ,0.011732,0.011905,1.623789,,0,0,0,0,0,461,1404,0,
Scan: 694388 Run: DIA12_CV486075:20251228_A2_N1_Mueller_MS_TechHub_IMP_THIDDIAXL003_Cas9_PhoX_DIA12_CV486075_250ng_FAIMS_002 P1_TEVQTGGFSKESILPK P2_KDWDPK 10 1,DIA12_CV486075:20251228_A2_N1_Mueller_MS_TechHub_IMP_THIDDIAXL003_Cas9_PhoX_DIA12_CV486075_250ng_FAIMS_002,694388,,,0,0,-0,0,4,0,0,Q99ZW2,,,false,Q99ZW2,Q99ZW2,,false,KDWDPK,TEVQTGGFSKESILPK,1124,1098,6,16,1,10,1124,1107,4,,-1,0.037239,0.037239,9.461848,false,true,false,false,Self ,0.011732,0.011939,1.623789,,0,0,0,0,0,460,53,0,
Scan: 1330930 Run: DIA12_CV486075:20251228_A2_N1_Mueller_MS_TechHub_IMP_THIDDIAXL003_Cas9_PhoX_DIA12_CV486075_250ng_FAIMS_003 P1_MTNFDKNLPNEK P2_KDLIIK 6 1,DIA12_CV486075:20251228_A2_N1_Mueller_MS_TechHub_IMP_THIDDIAXL003_Cas9_PhoX_DIA12_CV486075_250ng_FAIMS_003,1330930,,,0,0,-0,0,4,0,0,Q99ZW2,,,false,Q99ZW2,Q99ZW2,,false,KDLIIK,MTNFDKNLPNEK,1192,495,6,12,1,6,1192,500,4,,-1,0.037232,0.037232,9.461831,false,true,false,false,Self ,0.011732,0.011948,1.623789,,0,0,0,0,0,459,1431,0,
Scan: 1759710 Run: DIA12_CV486075:20251228_A2_N1_Mueller_MS_TechHub_IMP_THIDDIAXL003_Cas9_PhoX_DIA12_CV486075_250ng_FAIMS_003 P1_KPAFLSGEQK P2_FDNLTKAER 1 6,DIA12_CV486075:20251228_A2_N1_Mueller_MS_TechHub_IMP_THIDDIAXL003_Cas9_PhoX_DIA12_CV486075_250ng_FAIMS_003,1759710,,,0,0,-0,0,3,0,0,Q99ZW2,,,false,Q99ZW2,Q99ZW2,,false,FDNLTKAER,KPAFLSGEQK,897,536,9,10,6,1,902,536,3,,-1,0.037036,0.037036,9.461342,false,true,false,false,Self ,0.011732,0.012197,1.624663,,0.01419,0,0,0,0,458,366,0,
Scan: 1419232 Run: DIA12_CV486075:20251228_A2_N1_Mueller_MS_TechHub_IMP_THIDDIAXL003_Cas9_PhoX_DIA12_CV486075_250ng_FAIMS_003 P1_SLQLKADEALDFNSK P2_SKLVSDFR 5 2,DIA12_CV486075:20251228_A2_N1_Mueller_MS_TechHub_IMP_THIDDIAXL003_Cas9_PhoX_DIA12_CV486075_250ng_FAIMS_003,1419232,,,0,0,-0,0,4,0,0,Q99ZW2,,,false,decoy:Q99ZW2,decoy:Q99ZW2,decoy,true,SKLVSDFR,SLQLKADEALDFNSK,960,254,8,15,2,5,961,258,4,,-1,0.036939,0.036939,9.461099,true,false,true,false,Self ,0.01232,0.011855,1.624663,,0.014925,0,1,0.016605,1,457,365,2,
Scan: 1291067 Run: DIA12_CV486075:20251228_A2_N1_Mueller_MS_TechHub_IMP_THIDDIAXL003_Cas9_PhoX_DIA12_CV486075_250ng_FAIMS_003 P1_KKDWDPK P2_GILQTVKVVDELVK 1 7,DIA12_CV486075:20251228_A2_N1_Mueller_MS_TechHub_IMP_THIDDIAXL003_Cas9_PhoX_DIA12_CV486075_250ng_FAIMS_003,1291067,,,0,0,-0,0,3,0,0,Q99ZW2,,,false,Q99ZW2,Q99ZW2,,false,GILQTVKVVDELVK,KKDWDPK,736,1123,14,7,7,1,742,1123,3,,-1,0.036929,0.036929,9.461074,false,true,false,false,Self ,0.01232,0.012322,1.624663,,0.014925,0,0,0.016605,0,456,364,0,
Scan: 36494 Run: DIA12_CV486075:20251228_A2_N1_Mueller_MS_TechHub_IMP_THIDDIAXL003_Cas9_PhoX_DIA12_CV486075_250ng_FAIMS_001 P1_KTEVQTGGFSK P2_KDWDPK 1 1,DIA12_CV486075:20251228_A2_N1_Mueller_MS_TechHub_IMP_THIDDIAXL003_Cas9_PhoX_DIA12_CV486075_250ng_FAIMS_001,36494,,,0,0,-0,0,4,0,0,Q99ZW2,,,false,Q99ZW2,Q99ZW2,,false,KDWDPK,KTEVQTGGFSK,1124,1097,6,11,1,1,1124,1097,4,,-1,0.036928,0.036928,9.461071,false,true,false,false,Self ,0.01232,0.012322,1.624663,,0,0,0,0,0,455,840,0,
Scan: 1560096 Run: DIA12_CV486075:20251228_A2_N1_Mueller_MS_TechHub_IMP_THIDDIAXL003_Cas9_PhoX_DIA12_CV486075_250ng_FAIMS_003 P1_VLPKHSLLYEYFTVYNELTK P2_KGILQTVK 4 1,DIA12_CV486075:20251228_A2_N1_Mueller_MS_TechHub_IMP_THIDDIAXL003_Cas9_PhoX_DIA12_CV486075_250ng_FAIMS_003,1560096,,,0,0,-0,0,4,0,0,Q99ZW2,,,false,Q99ZW2,Q99ZW2,,false,KGILQTVK,VLPKHSLLYEYFTVYNELTK,735,507,8,20,1,4,735,510,4,,-1,0.036811,0.036811,9.460779,false,true,false,false,Self ,0.01232,0.012339,1.624663,,0.014925,0,0,0.016605,0,454,363,0,
Scan: 1165578 Run: DIA12_CV486075:20251228_A2_N1_Mueller_MS_TechHub_IMP_THIDDIAXL003_Cas9_PhoX_DIA12_CV486075_250ng_FAIMS_002 P1_GQKNSR P2_GGLSELDKAGFIK 3 8,DIA12_CV486075:20251228_A2_N1_Mueller_MS_TechHub_IMP_THIDDIAXL003_Cas9_PhoX_DIA12_CV486075_250ng_FAIMS_002,1165578,,,0,0,-0,0,3,0,0,Q99ZW2,,,false,Q99ZW2,Q99ZW2,,false,GGLSELDKAGFIK,GQKNSR,906,773,13,6,8,3,913,775,3,,-1,0.036676,0.036676,9.46044,false,true,false,false,Self ,0.01232,0.01236,1.624663,,0.014925,0,0,0.016605,0,453,362,0,
Scan: 483313 Run: DIA12_CV486075:20251228_A2_N1_Mueller_MS_TechHub_IMP_THIDDIAXL003_Cas9_PhoX_DIA12_CV486075_250ng_FAIMS_001 P1_KGILQTVK P2_KDWDPK 1 1,DIA12_CV486075:20251228_A2_N1_Mueller_MS_TechHub_IMP_THIDDIAXL003_Cas9_PhoX_DIA12_CV486075_250ng_FAIMS_001,483313,,,0,0,-0,0,3,0,0,Q99ZW2,,,false,Q99ZW2,Q99ZW2,,false,KDWDPK,KGILQTVK,1124,735,6,8,1,1,1124,735,3,,-1,0.036233,0.036233,9.459334,false,true,false,false,Self ,0.01232,0.012426,1.625539,,0.014925,0,0,0.016605,0,452,361,0,
Scan: 630187 Run: DIA12_CV486075:20251228_A2_N1_Mueller_MS_TechHub_IMP_THIDDIAXL003_Cas9_PhoX_DIA12_CV486075_250ng_FAIMS_002 P1_KVLSMPQVNIVK P2_KSEETITPWNFEEVVDK 1 1,DIA12_CV486075:20251228_A2_N1_Mueller_MS_TechHub_IMP_THIDDIAXL003_Cas9_PhoX_DIA12_CV486075_250ng_FAIMS_002,630187,,,0,0,-0,0,4,0,0,Q99ZW2,,,false,Q99ZW2,Q99ZW2,,false,KSEETITPWNFEEVVDK,KVLSMPQVNIVK,468,1085,17,12,1,1,468,1085,4,,-1,0.036183,0.036183,9.459208,false,true,false,false,Self ,0.01232,0.012433,1.625539,,0,0,0,0,0,451,1266,0,
Scan: 1002193 Run: DIA12_CV486075:20251228_A2_N1_Mueller_MS_TechHub_IMP_THIDDIAXL003_Cas9_PhoX_DIA12_CV486075_250ng_FAIMS_002 P1_NLPNEKVLPK P2_KAIVDLLFK 6 1,DIA12_CV486075:20251228_A2_N1_Mueller_MS_TechHub_IMP_THIDDIAXL003_Cas9_PhoX_DIA12_CV486075_250ng_FAIMS_002,1002193,,,0,0,-0,0,3,0,0,Q99ZW2,,,false,Q99ZW2,Q99ZW2,,false,KAIVDLLFK,NLPNEKVLPK,546,501,9,10,1,6,546,506,3,,-1,0.035766,0.035766,9.458166,false,true,false,false,Self ,0.01232,0.012496,1.627292,,0.014925,0,0,0.016605,0,450,360,0,
Scan: 379192 Run: DIA12_CV486075:20251228_A2_N1_Mueller_MS_TechHub_IMP_THIDDIAXL003_Cas9_PhoX_DIA12_CV486075_250ng_FAIMS_001 P1_KPAFLSGEQK P2_EVKKDLIIK 1 3,DIA12_CV486075:20251228_A2_N1_Mueller_MS_TechHub_IMP_THIDDIAXL003_Cas9_PhoX_DIA12_CV486075_250ng_FAIMS_001,379192,,,0,0,-0,0,4,0,0,Q99ZW2,,,false,Q99ZW2,Q99ZW2,,false,EVKKDLIIK,KPAFLSGEQK,1189,536,9,10,3,1,1191,536,4,,-1,0.035304,0.035304,9.457011,false,true,false,false,Self ,0.01232,0.012565,1.62905,,0,0,0,0,0,449,1410,0,
Scan: 573535 Run: DIA12_CV486075:20251228_A2_N1_Mueller_MS_TechHub_IMP_THIDDIAXL003_Cas9_PhoX_DIA12_CV486075_250ng_FAIMS_001 P1_QITKHVAQILDSR P2_GQKNSR 4 3,DIA12_CV486075:20251228_A2_N1_Mueller_MS_TechHub_IMP_THIDDIAXL003_Cas9_PhoX_DIA12_CV486075_250ng_FAIMS_001,573535,,,0,0,-0,0,4,0,0,Q99ZW2,,,false,Q99ZW2,Q99ZW2,,false,GQKNSR,QITKHVAQILDSR,773,926,6,13,3,4,775,929,4,,-1,0.034852,0.034852,9.455882,false,true,false,false,Self ,0.01232,0.012632,1.631693,,0,0,0,0,0,448,1282,0,
Scan: 1101497 Run: DIA12_CV486075:20251228_A2_N1_Mueller_MS_TechHub_IMP_THIDDIAXL003_Cas9_PhoX_DIA12_CV486075_250ng_FAIMS_002 P1_VVDELVKVMGR P2_VKYVTEGMR 7 2,DIA12_CV486075:20251228_A2_N1_Mueller_MS_TechHub_IMP_THIDDIAXL003_Cas9_PhoX_DIA12_CV486075_250ng_FAIMS_002,1101497,,,0,0,-0,0,3,0,0,Q99ZW2,,,false,Q99ZW2,Q99ZW2,,false,VKYVTEGMR,VVDELVKVMGR,527,743,9,11,2,7,528,749,3,,-1,0.034064,0.034064,9.453911,false,true,false,false,Self ,0.01232,0.01275,1.638783,,0.014925,0,0,0.016605,0,447,359,0,
Scan: 502468 Run: DIA12_CV486075:20251228_A2_N1_Mueller_MS_TechHub_IMP_THIDDIAXL003_Cas9_PhoX_DIA12_CV486075_250ng_FAIMS_001 P1_VVDELVKVMGR P2_KFKVLGNTDR 7 1,DIA12_CV486075:20251228_A2_N1_Mueller_MS_TechHub_IMP_THIDDIAXL003_Cas9_PhoX_DIA12_CV486075_250ng_FAIMS_001,502468,,,0,0,-0,0,3,0,0,Q99ZW2,,,false,Q99ZW2,Q99ZW2,,false,KFKVLGNTDR,VVDELVKVMGR,31,743,10,11,1,7,31,749,3,,-1,0.033408,0.033408,9.452272,false,true,false,false,Self ,0.01232,0.012848,1.640566,,0.014925,0,0,0.016605,0,446,358,0,
Scan: 245529 Run: DIA12_CV486075:20251228_A2_N1_Mueller_MS_TechHub_IMP_THIDDIAXL003_Cas9_PhoX_DIA12_CV486075_250ng_FAIMS_001 P1_SDKNR P2_FKVLGNTDR 3 2,DIA12_CV486075:20251228_A2_N1_Mueller_MS_TechHub_IMP_THIDDIAXL003_Cas9_PhoX_DIA12_CV486075_250ng_FAIMS_001,245529,,,0,0,-0,0,3,0,0,Q99ZW2,,,false,Q99ZW2,Q99ZW2,,false,FKVLGNTDR,SDKNR,32,860,9,5,2,3,33,862,3,,-1,0.033263,0.033263,9.451907,false,true,false,false,Self ,0.01232,0.01287,1.640566,,0.014925,0,0,0.016605,0,445,357,0,
Scan: 1110245 Run: DIA12_CV486075:20251228_A2_N1_Mueller_MS_TechHub_IMP_THIDDIAXL003_Cas9_PhoX_DIA12_CV486075_250ng_FAIMS_002 P1_SNKQGR P2_KLINGIR 3 1,DIA12_CV486075:20251228_A2_N1_Mueller_MS_TechHub_IMP_THIDDIAXL003_Cas9_PhoX_DIA12_CV486075_250ng_FAIMS_002,1110245,,,0,0,-0,0,3,0,0,Q99ZW2,,,false,decoy:Q99ZW2,decoy:Q99ZW2,decoy,true,KLINGIR,SNKQGR,665,773,7,6,1,3,665,775,3,,-1,0.032893,0.032893,9.450984,true,false,true,false,Self ,0.012925,0.013073,1.640914,,0.015664,0,1,0.017415,1,444,356,2,
Scan: 1598327 Run: DIA12_CV486075:20251228_A2_N1_Mueller_MS_TechHub_IMP_THIDDIAXL003_Cas9_PhoX_DIA12_CV486075_250ng_FAIMS_003 P1_KVTVK P2_KPAFLSGEQKK 1 10,DIA12_CV486075:20251228_A2_N1_Mueller_MS_TechHub_IMP_THIDDIAXL003_Cas9_PhoX_DIA12_CV486075_250ng_FAIMS_003,1598327,,,0,0,-0,0,4,0,0,Q99ZW2,,,false,Q99ZW2,Q99ZW2,,false,KPAFLSGEQKK,KVTVK,536,558,11,5,10,1,545,558,4,,-1,0.032504,0.032504,9.45001,false,true,false,false,Self ,0.012925,0.013027,1.641807,,0,0,0,0,0,443,1296,0,
Scan: 971142 Run: DIA12_CV486075:20251228_A2_N1_Mueller_MS_TechHub_IMP_THIDDIAXL003_Cas9_PhoX_DIA12_CV486075_250ng_FAIMS_002 P1_VKYVTEGMR P2_NSDKLIAR 2 4,DIA12_CV486075:20251228_A2_N1_Mueller_MS_TechHub_IMP_THIDDIAXL003_Cas9_PhoX_DIA12_CV486075_250ng_FAIMS_002,971142,,,0,0,-0,0,3,0,0,Q99ZW2,,,false,Q99ZW2,Q99ZW2,,false,NSDKLIAR,VKYVTEGMR,1115,527,8,9,4,2,1118,528,3,,-1,0.032454,0.032454,9.449885,false,true,false,false,Self ,0.012925,0.01304,1.641807,,0.015664,0,0,0.017415,0,442,355,0,
Scan: 1390487 Run: DIA12_CV486075:20251228_A2_N1_Mueller_MS_TechHub_IMP_THIDDIAXL003_Cas9_PhoX_DIA12_CV486075_250ng_FAIMS_003 P1_KGILQTVK P2_EQAENIIHLFTLTNLGAPAAFKYFDTTIDR 1 22,DIA12_CV486075:20251228_A2_N1_Mueller_MS_TechHub_IMP_THIDDIAXL003_Cas9_PhoX_DIA12_CV486075_250ng_FAIMS_003,1390487,,,0,0,-0,0,5,0,0,Q99ZW2,,,false,Q99ZW2,Q99ZW2,,false,EQAENIIHLFTLTNLGAPAAFKYFDTTIDR,KGILQTVK,1304,735,30,8,22,1,1325,735,5,,-1,0.032343,0.032343,9.449608,false,true,false,false,Self ,0.012925,0.013069,1.641807,,0.015664,0,0,0.017415,0,441,354,0,
Scan: 1577265 Run: DIA12_CV486075:20251228_A2_N1_Mueller_MS_TechHub_IMP_THIDDIAXL003_Cas9_PhoX_DIA12_CV486075_250ng_FAIMS_003 P1_KPAFLSGEQK P2_FIKPILEKMDGTEELLVK 1 8,DIA12_CV486075:20251228_A2_N1_Mueller_MS_TechHub_IMP_THIDDIAXL003_Cas9_PhoX_DIA12_CV486075_250ng_FAIMS_003,1577265,,,0,0,-0,0,4,0,0,Q99ZW2,,,false,Q99ZW2,Q99ZW2,,false,FIKPILEKMDGTEELLVK,KPAFLSGEQK,375,536,18,10,8,1,382,536,4,,-1,0.031519,0.031519,9.447548,false,true,false,false,Self ,0.012925,0.013284,1.64539,,0.015664,0,0,0.017415,0,440,353,0,
Scan: 1640793 Run: DIA12_CV486075:20251228_A2_N1_Mueller_MS_TechHub_IMP_THIDDIAXL003_Cas9_PhoX_DIA12_CV486075_250ng_FAIMS_003 P1_TILDFLKSDGFANR P2_NLPNEKVLPK 7 6,DIA12_CV486075:20251228_A2_N1_Mueller_MS_TechHub_IMP_THIDDIAXL003_Cas9_PhoX_DIA12_CV486075_250ng_FAIMS_003,1640793,,,0,0,-0,0,4,0,0,Q99ZW2,,,false,Q99ZW2,Q99ZW2,,false,NLPNEKVLPK,TILDFLKSDGFANR,501,678,10,14,6,7,506,684,4,,-1,0.03147,0.03147,9.447425,false,true,false,false,Self ,0.012925,0.013297,1.64539,,0.015664,0,0,0.017415,0,439,352,0,
Scan: 1658700 Run: DIA12_CV486075:20251228_A2_N1_Mueller_MS_TechHub_IMP_THIDDIAXL003_Cas9_PhoX_DIA12_CV486075_250ng_FAIMS_003 P1_EDIQKAQVSGQGDSLHEHIANLAGSPAIK P2_DDSIDNKVLTR 5 7,DIA12_CV486075:20251228_A2_N1_Mueller_MS_TechHub_IMP_THIDDIAXL003_Cas9_PhoX_DIA12_CV486075_250ng_FAIMS_003,1658700,,,0,0,-0,0,5,0,0,Q99ZW2,,,false,Q99ZW2,Q99ZW2,,false,DDSIDNKVLTR,EDIQKAQVSGQGDSLHEHIANLAGSPAIK,849,706,11,29,7,5,855,710,5,,-1,0.031364,0.031364,9.447161,false,true,false,false,Self ,0.012925,0.013324,1.64539,,0.015664,0,0,0.017415,0,438,351,0,
Scan: 1717717 Run: DIA12_CV486075:20251228_A2_N1_Mueller_MS_TechHub_IMP_THIDDIAXL003_Cas9_PhoX_DIA12_CV486075_250ng_FAIMS_003 P1_FIKPILEK P2_ELGSQILKEHPVENTQLQNEK 3 8,DIA12_CV486075:20251228_A2_N1_Mueller_MS_TechHub_IMP_THIDDIAXL003_Cas9_PhoX_DIA12_CV486075_250ng_FAIMS_003,1717717,,,0,0,-0,0,4,0,0,Q99ZW2,,,false,Q99ZW2,Q99ZW2,,false,ELGSQILKEHPVENTQLQNEK,FIKPILEK,790,375,21,8,8,3,797,377,4,,-1,0.031065,0.031065,9.446413,false,true,false,false,Self ,0.012925,0.013402,1.646288,,0.015664,0,0,0.017415,0,437,350,0,
Scan: 485127 Run: DIA12_CV486075:20251228_A2_N1_Mueller_MS_TechHub_IMP_THIDDIAXL003_Cas9_PhoX_DIA12_CV486075_250ng_FAIMS_001 P1_KGILQTVK P2_KDFQFYK 1 1,DIA12_CV486075:20251228_A2_N1_Mueller_MS_TechHub_IMP_THIDDIAXL003_Cas9_PhoX_DIA12_CV486075_250ng_FAIMS_001,485127,,,0,0,-0,0,4,0,0,Q99ZW2,,,false,Q99ZW2,Q99ZW2,,false,KDFQFYK,KGILQTVK,968,735,7,8,1,1,968,735,4,,-1,0.031033,0.031033,9.446333,false,true,false,false,Self ,0.012925,0.013411,1.647187,,0,0,0,0,0,436,1429,0,
Scan: 1147208 Run: DIA12_CV486075:20251228_A2_N1_Mueller_MS_TechHub_IMP_THIDDIAXL003_Cas9_PhoX_DIA12_CV486075_250ng_FAIMS_002 P1_GKSDNVPSEEVVK P2_DFQFYKVR 2 6,DIA12_CV486075:20251228_A2_N1_Mueller_MS_TechHub_IMP_THIDDIAXL003_Cas9_PhoX_DIA12_CV486075_250ng_FAIMS_002,1147208,,,0,0,-0,0,3,0,0,Q99ZW2,,,false,Q99ZW2,Q99ZW2,,false,DFQFYKVR,GKSDNVPSEEVVK,969,865,8,13,6,2,974,866,3,,-1,0.031,0.031,9.446251,false,true,false,false,Self ,0.012925,0.013419,1.647187,,0.015664,0,0,0.017415,0,435,349,0,
Scan: 361600 Run: DIA12_CV486075:20251228_A2_N1_Mueller_MS_TechHub_IMP_THIDDIAXL003_Cas9_PhoX_DIA12_CV486075_250ng_FAIMS_001 P1_VLPKHSLLYEYFTVYNELTK P2_KPLISER 4 1,DIA12_CV486075:20251228_A2_N1_Mueller_MS_TechHub_IMP_THIDDIAXL003_Cas9_PhoX_DIA12_CV486075_250ng_FAIMS_001,361600,,,0,0,-0,0,4,0,0,decoy:Q99ZW2,decoy:,decoy,true,Q99ZW2,Q99ZW2,,false,KPLISER,VLPKHSLLYEYFTVYNELTK,1108,507,7,20,1,4,1108,510,4,,-1,0.030917,0.030917,9.446042,true,false,true,false,Self ,0.013441,0.013441,1.648087,,0.016287,1,0,0.018132,1,434,348,2,
Scan: 164318 Run: DIA12_CV486075:20251228_A2_N1_Mueller_MS_TechHub_IMP_THIDDIAXL003_Cas9_PhoX_DIA12_CV486075_250ng_FAIMS_001 P1_LKGSPEDNEQK P2_DDSIDNKVLTR 2 7,DIA12_CV486075:20251228_A2_N1_Mueller_MS_TechHub_IMP_THIDDIAXL003_Cas9_PhoX_DIA12_CV486075_250ng_FAIMS_001,164318,,,0,0,-0,0,4,0,0,Q99ZW2,,,false,Q99ZW2,Q99ZW2,,false,DDSIDNKVLTR,LKGSPEDNEQK,849,1245,11,11,7,2,855,1246,4,,-1,0.030656,0.030656,9.44539,false,true,false,false,Self ,0.013441,0.013509,1.648989,,0,0,0,0,0,433,1392,0,
Scan: 1422312 Run: DIA12_CV486075:20251228_A2_N1_Mueller_MS_TechHub_IMP_THIDDIAXL003_Cas9_PhoX_DIA12_CV486075_250ng_FAIMS_003 P1_SNFDLAEDAKLQLSK P2_FIKPILEK 10 3,DIA12_CV486075:20251228_A2_N1_Mueller_MS_TechHub_IMP_THIDDIAXL003_Cas9_PhoX_DIA12_CV486075_250ng_FAIMS_003,1422312,,,0,0,-0,0,3,0,0,Q99ZW2,,,false,Q99ZW2,Q99ZW2,,false,FIKPILEK,SNFDLAEDAKLQLSK,375,254,8,15,3,10,377,263,3,,-1,0.030614,0.030614,9.445286,false,true,false,false,Self ,0.013441,0.01352,1.648989,,0.016287,0,0,0.018132,0,432,347,0,
Scan: 1402256 Run: DIA12_CV486075:20251228_A2_N1_Mueller_MS_TechHub_IMP_THIDDIAXL003_Cas9_PhoX_DIA12_CV486075_250ng_FAIMS_003 P1_LVDSTDKADLR P2_KDLIIK 7 1,DIA12_CV486075:20251228_A2_N1_Mueller_MS_TechHub_IMP_THIDDIAXL003_Cas9_PhoX_DIA12_CV486075_250ng_FAIMS_003,1402256,,,0,0,-0,0,3,0,0,Q99ZW2,,,false,Q99ZW2,Q99ZW2,,false,KDLIIK,LVDSTDKADLR,1192,142,6,11,1,7,1192,148,3,,-1,0.030611,0.030611,9.445278,false,true,false,false,Self ,0.013441,0.013521,1.648989,,0.016287,0,0,0.018132,0,431,346,0,
Scan: 1634958 Run: DIA12_CV486075:20251228_A2_N1_Mueller_MS_TechHub_IMP_THIDDIAXL003_Cas9_PhoX_DIA12_CV486075_250ng_FAIMS_003 P1_QSGKTILDFLK P2_DKQSGK 4 2,DIA12_CV486075:20251228_A2_N1_Mueller_MS_TechHub_IMP_THIDDIAXL003_Cas9_PhoX_DIA12_CV486075_250ng_FAIMS_003,1634958,,,0,0,-0,0,3,0,0,Q99ZW2,,,false,Q99ZW2,Q99ZW2,,false,DKQSGK,QSGKTILDFLK,672,674,6,11,2,4,673,677,3,,-1,0.030587,0.030587,9.44522,false,true,false,false,Self ,0.013441,0.013527,1.649891,,0.016287,0,0,0.018132,0,430,345,0,
Scan: 1111304 Run: DIA12_CV486075:20251228_A2_N1_Mueller_MS_TechHub_IMP_THIDDIAXL003_Cas9_PhoX_DIA12_CV486075_250ng_FAIMS_002 P1_KRPLIETNGETGEIVWDK P2_IEEGIKELGSQILK 1 6,DIA12_CV486075:20251228_A2_N1_Mueller_MS_TechHub_IMP_THIDDIAXL003_Cas9_PhoX_DIA12_CV486075_250ng_FAIMS_002,1111304,,,0,0,-0,0,4,0,0,Q99ZW2,,,false,Q99ZW2,Q99ZW2,,false,IEEGIKELGSQILK,KRPLIETNGETGEIVWDK,784,1059,14,18,6,1,789,1059,4,,-1,0.030233,0.030233,9.444332,false,true,false,false,Self ,0.013441,0.013619,1.652603,,0.016287,0,0,0.018132,0,429,344,0,
Scan: 503747 Run: DIA12_CV486075:20251228_A2_N1_Mueller_MS_TechHub_IMP_THIDDIAXL003_Cas9_PhoX_DIA12_CV486075_250ng_FAIMS_001 P1_VVDELVKVMGR P2_MTNFDKNLPNEK 7 6,DIA12_CV486075:20251228_A2_N1_Mueller_MS_TechHub_IMP_THIDDIAXL003_Cas9_PhoX_DIA12_CV486075_250ng_FAIMS_001,503747,,,0,0,-0,0,3,0,0,Q99ZW2,,,false,Q99ZW2,Q99ZW2,,false,MTNFDKNLPNEK,VVDELVKVMGR,495,743,12,11,6,7,500,749,3,,-1,0.030228,0.030228,9.44432,false,true,false,false,Self ,0.013441,0.013621,1.652603,,0.016287,0,0,0.018132,0,428,343,0,
Scan: 1138825 Run: DIA12_CV486075:20251228_A2_N1_Mueller_MS_TechHub_IMP_THIDDIAXL003_Cas9_PhoX_DIA12_CV486075_250ng_FAIMS_002 P1_SEETITPWNFEEVVDKGASAQSFIER P2_DDSIDNKVLTR 16 7,DIA12_CV486075:20251228_A2_N1_Mueller_MS_TechHub_IMP_THIDDIAXL003_Cas9_PhoX_DIA12_CV486075_250ng_FAIMS_002,1138825,,,0,0,-0,0,4,0,0,Q99ZW2,,,false,Q99ZW2,Q99ZW2,,false,DDSIDNKVLTR,SEETITPWNFEEVVDKGASAQSFIER,849,469,11,26,7,16,855,484,4,,-1,0.029836,0.029836,9.44334,false,true,false,false,Self ,0.013441,0.013723,1.655324,,0.016287,0,0,0.018132,0,427,342,0,
Scan: 843970 Run: DIA12_CV486075:20251228_A2_N1_Mueller_MS_TechHub_IMP_THIDDIAXL003_Cas9_PhoX_DIA12_CV486075_250ng_FAIMS_002 P1_YDEHHQDLTLLKALVR P2_KRPLIETNGETGEIVWDK 12 1,DIA12_CV486075:20251228_A2_N1_Mueller_MS_TechHub_IMP_THIDDIAXL003_Cas9_PhoX_DIA12_CV486075_250ng_FAIMS_002,843970,,,0,0,-0,0,5,0,0,Q99ZW2,,,false,Q99ZW2,Q99ZW2,,false,KRPLIETNGETGEIVWDK,YDEHHQDLTLLKALVR,1059,325,18,16,1,12,1059,336,5,,-1,0.029701,0.029701,9.443003,false,true,false,false,Self ,0.013441,0.013758,1.655324,,0.016287,0,0,0.018132,0,426,341,0,
Scan: 1110416 Run: DIA12_CV486075:20251228_A2_N1_Mueller_MS_TechHub_IMP_THIDDIAXL003_Cas9_PhoX_DIA12_CV486075_250ng_FAIMS_002 P1_GQKNSR P2_GQKNSR 3 3,DIA12_CV486075:20251228_A2_N1_Mueller_MS_TechHub_IMP_THIDDIAXL003_Cas9_PhoX_DIA12_CV486075_250ng_FAIMS_002,1110416,,,0,0,-0,0,3,0,0,Q99ZW2,,,false,Q99ZW2,Q99ZW2,,false,GQKNSR,GQKNSR,773,773,6,6,3,3,775,775,3,,-1,0.029696,0.029696,9.442991,false,true,false,false,Self ,0.013441,0.013759,1.655324,,0.016287,0,0,0.018132,0,425,340,0,
Scan: 1538213 Run: DIA12_CV486075:20251228_A2_N1_Mueller_MS_TechHub_IMP_THIDDIAXL003_Cas9_PhoX_DIA12_CV486075_250ng_FAIMS_003 P1_SEETITPWNFEEVVDKGASAQSFIER P2_KLVDSTDK 16 1,DIA12_CV486075:20251228_A2_N1_Mueller_MS_TechHub_IMP_THIDDIAXL003_Cas9_PhoX_DIA12_CV486075_250ng_FAIMS_003,1538213,,,0,0,-0,0,4,0,0,Q99ZW2,,,false,Q99ZW2,Q99ZW2,,false,KLVDSTDK,SEETITPWNFEEVVDKGASAQSFIER,141,469,8,26,1,16,141,484,4,,-1,0.029657,0.029657,9.442894,false,true,false,false,Self ,0.013441,0.013769,1.655324,,0.016287,0,0,0.018132,0,424,339,0,
Scan: 695149 Run: DIA12_CV486075:20251228_A2_N1_Mueller_MS_TechHub_IMP_THIDDIAXL003_Cas9_PhoX_DIA12_CV486075_250ng_FAIMS_002 P1_NSDKLIARK P2_KDWDPK 4 1,DIA12_CV486075:20251228_A2_N1_Mueller_MS_TechHub_IMP_THIDDIAXL003_Cas9_PhoX_DIA12_CV486075_250ng_FAIMS_002,695149,,,0,0,-0,0,3,0,0,Q99ZW2,,,false,Q99ZW2,Q99ZW2,,false,KDWDPK,NSDKLIARK,1124,1115,6,9,1,4,1124,1118,3,,-1,0.029416,0.029416,9.442292,false,true,false,false,Self ,0.013441,0.013832,1.657143,,0,0,0,0,0,423,624,0,
Scan: 340821 Run: DIA12_CV486075:20251228_A2_N1_Mueller_MS_TechHub_IMP_THIDDIAXL003_Cas9_PhoX_DIA12_CV486075_250ng_FAIMS_001 P1_TEVQTGGFSKESILPK P2_KSEETITPWNFEEVVDKGASAQSFIER 10 17,DIA12_CV486075:20251228_A2_N1_Mueller_MS_TechHub_IMP_THIDDIAXL003_Cas9_PhoX_DIA12_CV486075_250ng_FAIMS_001,340821,,,0,0,-0,0,5,0,0,Q99ZW2,,,false,Q99ZW2,Q99ZW2,,false,KSEETITPWNFEEVVDKGASAQSFIER,TEVQTGGFSKESILPK,468,1098,27,16,17,10,484,1107,5,,-1,0.029319,0.029319,9.442048,false,true,false,false,Self ,0.013441,0.013858,1.658966,,0.016287,0,0,0,0,422,338,0,
Scan: 37088 Run: DIA12_CV486075:20251228_A2_N1_Mueller_MS_TechHub_IMP_THIDDIAXL003_Cas9_PhoX_DIA12_CV486075_250ng_FAIMS_001 P1_KTEVQTGGFSK P2_DLIIKLPK 1 5,DIA12_CV486075:20251228_A2_N1_Mueller_MS_TechHub_IMP_THIDDIAXL003_Cas9_PhoX_DIA12_CV486075_250ng_FAIMS_001,37088,,,0,0,-0,0,3,0,0,Q99ZW2,,,false,Q99ZW2,Q99ZW2,,false,DLIIKLPK,KTEVQTGGFSK,1193,1097,8,11,5,1,1197,1097,3,,-1,0.029318,0.029318,9.442046,false,true,false,false,Self ,0.013441,0.013858,1.658966,,0.016287,0,0,0,0,421,337,0,
Scan: 1708575 Run: DIA12_CV486075:20251228_A2_N1_Mueller_MS_TechHub_IMP_THIDDIAXL003_Cas9_PhoX_DIA12_CV486075_250ng_FAIMS_003 P1_SKLVSDFRK P2_GQKNSR 2 3,DIA12_CV486075:20251228_A2_N1_Mueller_MS_TechHub_IMP_THIDDIAXL003_Cas9_PhoX_DIA12_CV486075_250ng_FAIMS_003,1708575,,,0,0,-0,0,3,0,0,Q99ZW2,,,false,Q99ZW2,Q99ZW2,,false,GQKNSR,SKLVSDFRK,773,960,6,9,3,2,775,961,3,,-1,0.029029,0.029029,9.441323,false,true,false,false,Self ,0.013441,0.013933,1.661708,,0.016287,0,0,0,0,420,336,0,
Scan: 582034 Run: DIA12_CV486075:20251228_A2_N1_Mueller_MS_TechHub_IMP_THIDDIAXL003_Cas9_PhoX_DIA12_CV486075_250ng_FAIMS_001 P1_QITKHVAQILDSR P2_MNTKYDENDK 4 4,DIA12_CV486075:20251228_A2_N1_Mueller_MS_TechHub_IMP_THIDDIAXL003_Cas9_PhoX_DIA12_CV486075_250ng_FAIMS_001,582034,,,0,0,-0,0,4,0,0,Q99ZW2,,,false,Q99ZW2,Q99ZW2,,false,MNTKYDENDK,QITKHVAQILDSR,939,926,10,13,4,4,942,929,4,,-1,0.028978,0.028978,9.441195,false,true,false,false,Self ,0.013441,0.013947,1.661708,,0.016287,0,0,0.018132,0,419,335,0,
Scan: 428000 Run: DIA12_CV486075:20251228_A2_N1_Mueller_MS_TechHub_IMP_THIDDIAXL003_Cas9_PhoX_DIA12_CV486075_250ng_FAIMS_001 P1_KLINGIR P2_ESILPKR 1 6,DIA12_CV486075:20251228_A2_N1_Mueller_MS_TechHub_IMP_THIDDIAXL003_Cas9_PhoX_DIA12_CV486075_250ng_FAIMS_001,428000,,,0,0,-0,0,3,0,0,Q99ZW2,,,false,Q99ZW2,Q99ZW2,,false,ESILPKR,KLINGIR,1108,665,7,7,6,1,1113,665,3,,-1,0.028726,0.028726,9.440567,false,true,false,false,Self ,0.013441,0.014012,1.664459,,0,0,0,0,0,418,1269,0,
Scan: 1035391 Run: DIA12_CV486075:20251228_A2_N1_Mueller_MS_TechHub_IMP_THIDDIAXL003_Cas9_PhoX_DIA12_CV486075_250ng_FAIMS_002 P1_MNTKYDENDK P2_DKQSGK 4 2,DIA12_CV486075:20251228_A2_N1_Mueller_MS_TechHub_IMP_THIDDIAXL003_Cas9_PhoX_DIA12_CV486075_250ng_FAIMS_002,1035391,,,0,0,-0,0,3,0,0,Q99ZW2,,,false,Q99ZW2,Q99ZW2,,false,DKQSGK,MNTKYDENDK,672,939,6,10,2,4,673,942,3,,-1,0.028665,0.028665,9.440413,false,true,false,false,Self ,0.013441,0.014028,1.664459,,0.016287,0,0,0.018132,0,417,334,0,
Scan: 245187 Run: DIA12_CV486075:20251228_A2_N1_Mueller_MS_TechHub_IMP_THIDDIAXL003_Cas9_PhoX_DIA12_CV486075_250ng_FAIMS_001 P1_HKPENIVIEMAR P2_FKVLGNTDR 2 2,DIA12_CV486075:20251228_A2_N1_Mueller_MS_TechHub_IMP_THIDDIAXL003_Cas9_PhoX_DIA12_CV486075_250ng_FAIMS_001,245187,,,0,0,-0,0,4,0,0,Q99ZW2,,,false,Q99ZW2,Q99ZW2,,false,FKVLGNTDR,HKPENIVIEMAR,32,754,9,12,2,2,33,755,4,,-1,0.028526,0.028526,9.440067,false,true,false,false,Self ,0.013441,0.014065,1.666298,,0.016287,0,0,0.018132,0,416,333,0,
Scan: 1350829 Run: DIA12_CV486075:20251228_A2_N1_Mueller_MS_TechHub_IMP_THIDDIAXL003_Cas9_PhoX_DIA12_CV486075_250ng_FAIMS_003 P1_GNELALPSKYVNFLYLASHYEK P2_AILKDSNR 9 4,DIA12_CV486075:20251228_A2_N1_Mueller_MS_TechHub_IMP_THIDDIAXL003_Cas9_PhoX_DIA12_CV486075_250ng_FAIMS_003,1350829,,,0,0,-0,0,4,0,0,decoy:Q99ZW2,decoy:,decoy,true,Q99ZW2,Q99ZW2,,false,AILKDSNR,GNELALPSKYVNFLYLASHYEK,1115,1223,8,22,4,9,1118,1231,4,,-1,0.02845,0.02845,9.439876,true,false,true,false,Self ,0.014085,0.014342,1.667219,,0.017059,1,0,0.018987,1,415,332,2,
Scan: 88378 Run: DIA12_CV486075:20251228_A2_N1_Mueller_MS_TechHub_IMP_THIDDIAXL003_Cas9_PhoX_DIA12_CV486075_250ng_FAIMS_001 P1_NSDKLIAR P2_EKIEKILTFR 4 2,DIA12_CV486075:20251228_A2_N1_Mueller_MS_TechHub_IMP_THIDDIAXL003_Cas9_PhoX_DIA12_CV486075_250ng_FAIMS_001,88378,,,0,0,-0,0,3,0,0,Q99ZW2,,,false,Q99ZW2,Q99ZW2,,false,EKIEKILTFR,NSDKLIAR,438,1115,10,8,2,4,439,1118,3,,-1,0.028378,0.028378,9.439695,false,true,false,false,Self ,0.014085,0.014131,1.667219,,0.017059,0,0,0.018987,0,414,331,0,
Scan: 351871 Run: DIA12_CV486075:20251228_A2_N1_Mueller_MS_TechHub_IMP_THIDDIAXL003_Cas9_PhoX_DIA12_CV486075_250ng_FAIMS_001 P1_SEETITPWNFEEVVDKGASAQSFIER P2_DFQFYKVR 16 6,DIA12_CV486075:20251228_A2_N1_Mueller_MS_TechHub_IMP_THIDDIAXL003_Cas9_PhoX_DIA12_CV486075_250ng_FAIMS_001,351871,,,0,0,-0,0,4,0,0,Q99ZW2,,,false,Q99ZW2,Q99ZW2,,false,DFQFYKVR,SEETITPWNFEEVVDKGASAQSFIER,969,469,8,26,6,16,974,484,4,,-1,0.02814,0.02814,9.4391,false,true,false,false,Self ,0.014085,0.014283,1.668142,,0.017059,0,0,0.018987,0,413,330,0,
Scan: 1367769 Run: DIA12_CV486075:20251228_A2_N1_Mueller_MS_TechHub_IMP_THIDDIAXL003_Cas9_PhoX_DIA12_CV486075_250ng_FAIMS_003 P1_SKLVSDFR P2_GSPEDNEQKQLFVEQHK 2 9,DIA12_CV486075:20251228_A2_N1_Mueller_MS_TechHub_IMP_THIDDIAXL003_Cas9_PhoX_DIA12_CV486075_250ng_FAIMS_003,1367769,,,0,0,-0,0,4,0,0,Q99ZW2,,,false,Q99ZW2,Q99ZW2,,false,GSPEDNEQKQLFVEQHK,SKLVSDFR,1247,960,17,8,9,2,1255,961,4,,-1,0.027562,0.027562,9.437656,false,true,false,false,Self ,0.014085,0.014651,1.67184,,0.017059,0,0,0.018987,0,412,329,0,
Scan: 1552475 Run: DIA12_CV486075:20251228_A2_N1_Mueller_MS_TechHub_IMP_THIDDIAXL003_Cas9_PhoX_DIA12_CV486075_250ng_FAIMS_003 P1_VLPKHSLLYEYFTVYNELTK P2_ENPLNKDFNTMK 4 6,DIA12_CV486075:20251228_A2_N1_Mueller_MS_TechHub_IMP_THIDDIAXL003_Cas9_PhoX_DIA12_CV486075_250ng_FAIMS_003,1552475,,,0,0,-0,0,4,0,0,decoy:Q99ZW2,decoy:,decoy,true,Q99ZW2,Q99ZW2,,false,ENPLNKDFNTMK,VLPKHSLLYEYFTVYNELTK,495,507,12,20,6,4,500,510,4,,-1,0.027507,0.027507,9.437519,true,false,true,false,Self ,0.014686,0.014601,1.672768,,0.017814,1,0,0.019838,1,411,328,2,
Scan: 97571 Run: DIA12_CV486075:20251228_A2_N1_Mueller_MS_TechHub_IMP_THIDDIAXL003_Cas9_PhoX_DIA12_CV486075_250ng_FAIMS_001 P1_RNSDKLIAR P2_KDWDPKK 5 1,DIA12_CV486075:20251228_A2_N1_Mueller_MS_TechHub_IMP_THIDDIAXL003_Cas9_PhoX_DIA12_CV486075_250ng_FAIMS_001,97571,,,0,0,-0,0,5,0,0,Q99ZW2,,,false,Q99ZW2,Q99ZW2,,false,KDWDPKK,RNSDKLIAR,1124,1114,7,9,1,5,1124,1118,5,,-1,0.027477,0.027477,9.437444,false,true,false,false,Self ,0.014686,0.014701,1.672768,,0,0,0,0,0,410,624,0,
Scan: 1227384 Run: DIA12_CV486075:20251228_A2_N1_Mueller_MS_TechHub_IMP_THIDDIAXL003_Cas9_PhoX_DIA12_CV486075_250ng_FAIMS_003 P1_KVLSMPQVNIVK P2_FKVLGNTDR 1 2,DIA12_CV486075:20251228_A2_N1_Mueller_MS_TechHub_IMP_THIDDIAXL003_Cas9_PhoX_DIA12_CV486075_250ng_FAIMS_003,1227384,,,0,0,-0,0,4,0,0,Q99ZW2,,,false,Q99ZW2,Q99ZW2,,false,FKVLGNTDR,KVLSMPQVNIVK,32,1085,9,12,2,1,33,1085,4,,-1,0.027326,0.027326,9.437065,false,true,false,false,Self ,0.014686,0.014774,1.672768,,0,0,0,0,0,209,1253,0,
Scan: 1604787 Run: DIA12_CV486075:20251228_A2_N1_Mueller_MS_TechHub_IMP_THIDDIAXL003_Cas9_PhoX_DIA12_CV486075_250ng_FAIMS_003 P1_TILDFLKSDGFANR P2_AIVDLLFKTNR 7 8,DIA12_CV486075:20251228_A2_N1_Mueller_MS_TechHub_IMP_THIDDIAXL003_Cas9_PhoX_DIA12_CV486075_250ng_FAIMS_003,1604787,,,0,0,-0,0,4,0,0,Q99ZW2,,,false,Q99ZW2,Q99ZW2,,false,AIVDLLFKTNR,TILDFLKSDGFANR,547,678,11,14,8,7,554,684,4,,-1,0.026832,0.026832,9.435831,false,true,false,false,Self ,0.014686,0.015014,1.674625,,0.017814,0,0,0.019838,0,408,327,0,
Scan: 1194910 Run: DIA12_CV486075:20251228_A2_N1_Mueller_MS_TechHub_IMP_THIDDIAXL003_Cas9_PhoX_DIA12_CV486075_250ng_FAIMS_003 P1_SKLVSDFR P2_KYPKLESEFVYGDYK 2 1,DIA12_CV486075:20251228_A2_N1_Mueller_MS_TechHub_IMP_THIDDIAXL003_Cas9_PhoX_DIA12_CV486075_250ng_FAIMS_003,1194910,,,0,0,-0,0,4,0,0,Q99ZW2,,,false,Q99ZW2,Q99ZW2,,false,KYPKLESEFVYGDYK,SKLVSDFR,1000,960,15,8,1,2,1000,961,4,,-1,0.026433,0.026433,9.434834,false,true,false,false,Self ,0.014686,0.015207,1.677419,,0.017814,0,0,0.019838,0,407,326,0,
Scan: 589534 Run: DIA12_CV486075:20251228_A2_N1_Mueller_MS_TechHub_IMP_THIDDIAXL003_Cas9_PhoX_DIA12_CV486075_250ng_FAIMS_001 P1_SKLVSDFRK P2_ENQTTQKGQK 2 7,DIA12_CV486075:20251228_A2_N1_Mueller_MS_TechHub_IMP_THIDDIAXL003_Cas9_PhoX_DIA12_CV486075_250ng_FAIMS_001,589534,,,0,0,-0,0,3,0,0,Q99ZW2,,,false,Q99ZW2,Q99ZW2,,false,ENQTTQKGQK,SKLVSDFRK,766,960,10,9,7,2,772,961,3,,-1,0.02638,0.02638,9.434701,false,true,false,false,Self ,0.014686,0.015233,1.677419,,0.017814,0,0,0,0,406,325,0,
Scan: 1299351 Run: DIA12_CV486075:20251228_A2_N1_Mueller_MS_TechHub_IMP_THIDDIAXL003_Cas9_PhoX_DIA12_CV486075_250ng_FAIMS_003 P1_KYGGFDSPTVAYSVLVVAK P2_KKDWDPK 1 1,DIA12_CV486075:20251228_A2_N1_Mueller_MS_TechHub_IMP_THIDDIAXL003_Cas9_PhoX_DIA12_CV486075_250ng_FAIMS_003,1299351,,,0,0,-0,0,5,0,0,Q99ZW2,,,false,Q99ZW2,Q99ZW2,,false,KKDWDPK,KYGGFDSPTVAYSVLVVAK,1123,1130,7,19,1,1,1123,1130,5,,-1,0.026284,0.026284,9.434461,false,true,false,false,Self ,0.014686,0.01528,1.678353,,0,0,0,0,0,405,1574,0,
Scan: 1226764 Run: DIA12_CV486075:20251228_A2_N1_Mueller_MS_TechHub_IMP_THIDDIAXL003_Cas9_PhoX_DIA12_CV486075_250ng_FAIMS_003 P1_KVLSMPQVNIVK P2_KTEVQTGGFSK 1 1,DIA12_CV486075:20251228_A2_N1_Mueller_MS_TechHub_IMP_THIDDIAXL003_Cas9_PhoX_DIA12_CV486075_250ng_FAIMS_003,1226764,,,0,0,-0,0,3,0,0,Q99ZW2,,,false,Q99ZW2,Q99ZW2,,false,KTEVQTGGFSK,KVLSMPQVNIVK,1097,1085,11,12,1,1,1097,1085,3,,-1,0.026161,0.026161,9.434153,false,true,false,false,Self ,0.014686,0.015339,1.680223,,0.017814,0,0,0.019838,0,404,324,0,
Scan: 1110432 Run: DIA12_CV486075:20251228_A2_N1_Mueller_MS_TechHub_IMP_THIDDIAXL003_Cas9_PhoX_DIA12_CV486075_250ng_FAIMS_002 P1_SNKQGR P2_GQKNSR 3 3,DIA12_CV486075:20251228_A2_N1_Mueller_MS_TechHub_IMP_THIDDIAXL003_Cas9_PhoX_DIA12_CV486075_250ng_FAIMS_002,1110432,,,0,0,-0,0,3,0,0,Q99ZW2,,,false,decoy:Q99ZW2,decoy:Q99ZW2,decoy,true,GQKNSR,SNKQGR,773,773,6,6,3,3,775,775,3,,-1,0.026152,0.026152,9.434131,true,false,true,false,Self ,0.015344,0.015687,1.680223,,0.018608,0,1,0.020721,1,403,323,2,
Scan: 1780760 Run: DIA12_CV486075:20251228_A2_N1_Mueller_MS_TechHub_IMP_THIDDIAXL003_Cas9_PhoX_DIA12_CV486075_250ng_FAIMS_003 P1_YDENDKLIR P2_LKGSPEDNEQK 6 2,DIA12_CV486075:20251228_A2_N1_Mueller_MS_TechHub_IMP_THIDDIAXL003_Cas9_PhoX_DIA12_CV486075_250ng_FAIMS_003,1780760,,,0,0,-0,0,3,0,0,Q99ZW2,,,false,Q99ZW2,Q99ZW2,,false,LKGSPEDNEQK,YDENDKLIR,1245,943,11,9,2,6,1246,948,3,,-1,0.02605,0.02605,9.433877,false,true,false,false,Self ,0.015344,0.01555,1.680223,,0.018608,0,0,0.020721,0,402,322,0,
Scan: 457981 Run: DIA12_CV486075:20251228_A2_N1_Mueller_MS_TechHub_IMP_THIDDIAXL003_Cas9_PhoX_DIA12_CV486075_250ng_FAIMS_001 P1_EIFSQASAGKDVVEEFNWPTITEESKR P2_EDIQKAQVSGQGDSLHEHIANLAGSPAIK 10 5,DIA12_CV486075:20251228_A2_N1_Mueller_MS_TechHub_IMP_THIDDIAXL003_Cas9_PhoX_DIA12_CV486075_250ng_FAIMS_001,457981,,,0,0,-0,0,6,0,0,Q99ZW2,,,false,decoy:Q99ZW2,decoy:Q99ZW2,decoy,true,EDIQKAQVSGQGDSLHEHIANLAGSPAIK,EIFSQASAGKDVVEEFNWPTITEESKR,706,468,29,27,5,10,710,477,6,,-1,0.025886,0.025886,9.433465,true,false,true,false,Self ,0.015884,0.015467,1.681159,,0.019277,0,1,0.021486,1,401,321,2,
Scan: 805408 Run: DIA12_CV486075:20251228_A2_N1_Mueller_MS_TechHub_IMP_THIDDIAXL003_Cas9_PhoX_DIA12_CV486075_250ng_FAIMS_002 P1_LVDSTDKADLR P2_ELGSQILKEHPVENTQLQNEK 7 8,DIA12_CV486075:20251228_A2_N1_Mueller_MS_TechHub_IMP_THIDDIAXL003_Cas9_PhoX_DIA12_CV486075_250ng_FAIMS_002,805408,,,0,0,-0,0,4,0,0,Q99ZW2,,,false,Q99ZW2,Q99ZW2,,false,ELGSQILKEHPVENTQLQNEK,LVDSTDKADLR,790,142,21,11,8,7,797,148,4,,-1,0.025834,0.025834,9.433336,false,true,false,false,Self ,0.015884,0.015894,1.682097,,0.019277,0,0,0.021486,0,400,320,0,
Scan: 1557681 Run: DIA12_CV486075:20251228_A2_N1_Mueller_MS_TechHub_IMP_THIDDIAXL003_Cas9_PhoX_DIA12_CV486075_250ng_FAIMS_003 P1_VLPKHSLLYEYFTVYNELTK P2_LVDSTDKADLR 4 7,DIA12_CV486075:20251228_A2_N1_Mueller_MS_TechHub_IMP_THIDDIAXL003_Cas9_PhoX_DIA12_CV486075_250ng_FAIMS_003,1557681,,,0,0,-0,0,4,0,0,Q99ZW2,,,false,Q99ZW2,Q99ZW2,,false,LVDSTDKADLR,VLPKHSLLYEYFTVYNELTK,142,507,11,20,7,4,148,510,4,,-1,0.025805,0.025805,9.433264,false,true,false,false,Self ,0.015884,0.0159,1.683036,,0.019277,0,0,0.021486,0,399,319,0,
Scan: 559985 Run: DIA12_CV486075:20251228_A2_N1_Mueller_MS_TechHub_IMP_THIDDIAXL003_Cas9_PhoX_DIA12_CV486075_250ng_FAIMS_001 P1_QLLNAKLITQR P2_KGILQTVK 6 1,DIA12_CV486075:20251228_A2_N1_Mueller_MS_TechHub_IMP_THIDDIAXL003_Cas9_PhoX_DIA12_CV486075_250ng_FAIMS_001,559985,,,0,0,-0,0,4,0,0,Q99ZW2,,,false,Q99ZW2,Q99ZW2,,false,KGILQTVK,QLLNAKLITQR,735,885,8,11,1,6,735,890,4,,-1,0.025784,0.025784,9.43321,false,true,false,false,Self ,0.015884,0.015904,1.683036,,0,0,0,0,0,398,1289,0,
Scan: 1484087 Run: DIA12_CV486075:20251228_A2_N1_Mueller_MS_TechHub_IMP_THIDDIAXL003_Cas9_PhoX_DIA12_CV486075_250ng_FAIMS_003 P1_VLPKHSLLYEYFTVYNELTK P2_RQEDFYPFLKDNR 4 10,DIA12_CV486075:20251228_A2_N1_Mueller_MS_TechHub_IMP_THIDDIAXL003_Cas9_PhoX_DIA12_CV486075_250ng_FAIMS_003,1484087,,,0,0,-0,0,5,0,0,Q99ZW2,,,false,Q99ZW2,Q99ZW2,,false,RQEDFYPFLKDNR,VLPKHSLLYEYFTVYNELTK,425,507,13,20,10,4,434,510,5,,-1,0.025653,0.025653,9.432885,false,true,false,false,Self ,0.015884,0.015931,1.683036,,0.019277,0,0,0,0,397,203,0,
Scan: 1026890 Run: DIA12_CV486075:20251228_A2_N1_Mueller_MS_TechHub_IMP_THIDDIAXL003_Cas9_PhoX_DIA12_CV486075_250ng_FAIMS_002 P1_VLSAYNKHR P2_KLINGIR 7 1,DIA12_CV486075:20251228_A2_N1_Mueller_MS_TechHub_IMP_THIDDIAXL003_Cas9_PhoX_DIA12_CV486075_250ng_FAIMS_002,1026890,,,0,0,-0,0,3,0,0,Q99ZW2,,,false,Q99ZW2,Q99ZW2,,false,KLINGIR,VLSAYNKHR,665,1290,7,9,1,7,665,1296,3,,-1,0.025213,0.025213,9.431784,false,true,false,false,Self ,0.015884,0.016022,1.683036,,0.019277,0,0,0.021486,0,396,317,0,
Scan: 1568860 Run: DIA12_CV486075:20251228_A2_N1_Mueller_MS_TechHub_IMP_THIDDIAXL003_Cas9_PhoX_DIA12_CV486075_250ng_FAIMS_003 P1_VKYVTEGMR P2_FKVLGNTDR 2 2,DIA12_CV486075:20251228_A2_N1_Mueller_MS_TechHub_IMP_THIDDIAXL003_Cas9_PhoX_DIA12_CV486075_250ng_FAIMS_003,1568860,,,0,0,-0,0,4,0,0,Q99ZW2,,,false,Q99ZW2,Q99ZW2,,false,FKVLGNTDR,VKYVTEGMR,32,527,9,9,2,2,33,528,4,,-1,0.025101,0.025101,9.431505,false,true,false,false,Self ,0.015884,0.016045,1.684916,,0,0,0,0,0,395,1321,0,
Scan: 775572 Run: DIA12_CV486075:20251228_A2_N1_Mueller_MS_TechHub_IMP_THIDDIAXL003_Cas9_PhoX_DIA12_CV486075_250ng_FAIMS_002 P1_SKLVSDFR P2_HYLDEIIEQISEFSKR 2 15,DIA12_CV486075:20251228_A2_N1_Mueller_MS_TechHub_IMP_THIDDIAXL003_Cas9_PhoX_DIA12_CV486075_250ng_FAIMS_002,775572,,,0,0,-0,0,4,0,0,Q99ZW2,,,false,Q99ZW2,Q99ZW2,,false,HYLDEIIEQISEFSKR,SKLVSDFR,1264,960,16,8,15,2,1278,961,4,,-1,0.025049,0.025049,9.431374,false,true,false,false,Self ,0.015884,0.016055,1.684916,,0.019277,0,0,0.021486,0,394,316,0,
Scan: 1501325 Run: DIA12_CV486075:20251228_A2_N1_Mueller_MS_TechHub_IMP_THIDDIAXL003_Cas9_PhoX_DIA12_CV486075_250ng_FAIMS_003 P1_KSEETITPWNFEEVVDK P2_EKIEKILTFR 1 2,DIA12_CV486075:20251228_A2_N1_Mueller_MS_TechHub_IMP_THIDDIAXL003_Cas9_PhoX_DIA12_CV486075_250ng_FAIMS_003,1501325,,,0,0,-0,0,3,0,0,Q99ZW2,,,false,Q99ZW2,Q99ZW2,,false,EKIEKILTFR,KSEETITPWNFEEVVDK,438,468,10,17,2,1,439,468,3,,-1,0.024779,0.024779,9.4307,false,true,false,false,Self ,0.015884,0.016111,1.685858,,0,0,0,0,0,393,1351,0,
Scan: 1422763 Run: DIA12_CV486075:20251228_A2_N1_Mueller_MS_TechHub_IMP_THIDDIAXL003_Cas9_PhoX_DIA12_CV486075_250ng_FAIMS_003 P1_SNFDLAEDAKLQLSK P2_KAIVDLLFK 10 1,DIA12_CV486075:20251228_A2_N1_Mueller_MS_TechHub_IMP_THIDDIAXL003_Cas9_PhoX_DIA12_CV486075_250ng_FAIMS_003,1422763,,,0,0,-0,0,4,0,0,Q99ZW2,,,false,Q99ZW2,Q99ZW2,,false,KAIVDLLFK,SNFDLAEDAKLQLSK,546,254,9,15,1,10,546,263,4,,-1,0.024647,0.024647,9.430369,false,true,false,false,Self ,0.015884,0.016138,1.685858,,0.019277,0,0,0.021486,0,392,315,0,
Scan: 1784052 Run: DIA12_CV486075:20251228_A2_N1_Mueller_MS_TechHub_IMP_THIDDIAXL003_Cas9_PhoX_DIA12_CV486075_250ng_FAIMS_003 P1_SKLVSDFR P2_EDIQKAQVSGQGDSLHEHIANLAGSPAIK 2 5,DIA12_CV486075:20251228_A2_N1_Mueller_MS_TechHub_IMP_THIDDIAXL003_Cas9_PhoX_DIA12_CV486075_250ng_FAIMS_003,1784052,,,0,0,-0,0,5,0,0,Q99ZW2,,,false,Q99ZW2,Q99ZW2,,false,EDIQKAQVSGQGDSLHEHIANLAGSPAIK,SKLVSDFR,706,960,29,8,5,2,710,961,5,,-1,0.024624,0.024624,9.430312,false,true,false,false,Self ,0.015884,0.016142,1.685858,,0.019277,0,0,0.021486,0,391,314,0,
Scan: 1711011 Run: DIA12_CV486075:20251228_A2_N1_Mueller_MS_TechHub_IMP_THIDDIAXL003_Cas9_PhoX_DIA12_CV486075_250ng_FAIMS_003 P1_IEEGIKELGSQILK P2_IEEGIKELGSQILK 6 6,DIA12_CV486075:20251228_A2_N1_Mueller_MS_TechHub_IMP_THIDDIAXL003_Cas9_PhoX_DIA12_CV486075_250ng_FAIMS_003,1711011,,,0,0,-0,0,4,0,0,Q99ZW2,,,false,Q99ZW2,Q99ZW2,,false,IEEGIKELGSQILK,IEEGIKELGSQILK,784,784,14,14,6,6,789,789,4,,-1,0.024606,0.024606,9.430265,false,true,false,false,Self ,0.015884,0.016146,1.685858,,0.019277,0,0,0.021486,0,390,313,0,
Scan: 1496675 Run: DIA12_CV486075:20251228_A2_N1_Mueller_MS_TechHub_IMP_THIDDIAXL003_Cas9_PhoX_DIA12_CV486075_250ng_FAIMS_003 P1_SSFEKNPIDFLEAK P2_KSEETITPWNFEEVVDKGASAQSFIER 5 1,DIA12_CV486075:20251228_A2_N1_Mueller_MS_TechHub_IMP_THIDDIAXL003_Cas9_PhoX_DIA12_CV486075_250ng_FAIMS_003,1496675,,,0,0,-0,0,5,0,0,Q99ZW2,,,false,Q99ZW2,Q99ZW2,,false,KSEETITPWNFEEVVDKGASAQSFIER,SSFEKNPIDFLEAK,468,1172,27,14,1,5,468,1176,5,,-1,0.024417,0.024417,9.429792,false,true,false,false,Self ,0.015884,0.016185,1.685858,,0.019277,0,0,0,0,389,312,0,
Scan: 1133416 Run: DIA12_CV486075:20251228_A2_N1_Mueller_MS_TechHub_IMP_THIDDIAXL003_Cas9_PhoX_DIA12_CV486075_250ng_FAIMS_002 P1_QITKHVAQILDSR P2_GNQLYYLYLKENQLQTNEVPHER 4 10,DIA12_CV486075:20251228_A2_N1_Mueller_MS_TechHub_IMP_THIDDIAXL003_Cas9_PhoX_DIA12_CV486075_250ng_FAIMS_002,1133416,,,0,0,-0,0,5,0,0,decoy:Q99ZW2,decoy:,decoy,true,Q99ZW2,Q99ZW2,,false,GNQLYYLYLKENQLQTNEVPHER,QITKHVAQILDSR,798,926,23,13,10,4,807,929,5,,-1,0.024283,0.024283,9.429457,true,false,true,false,Self ,0.016213,0.016131,1.686801,,0.019701,1,0,0.02193,1,388,311,2,
Scan: 805631 Run: DIA12_CV486075:20251228_A2_N1_Mueller_MS_TechHub_IMP_THIDDIAXL003_Cas9_PhoX_DIA12_CV486075_250ng_FAIMS_002 P1_LVDSTDKADLR P2_ICYLQEIFSNEMAKVDDSFFHR 7 14,DIA12_CV486075:20251228_A2_N1_Mueller_MS_TechHub_IMP_THIDDIAXL003_Cas9_PhoX_DIA12_CV486075_250ng_FAIMS_002,805631,,,0,0,-0,0,5,0,0,Q99ZW2,,,false,Q99ZW2,Q99ZW2,,false,ICYLQEIFSNEMAKVDDSFFHR,LVDSTDKADLR,79,142,22,11,14,7,92,148,5,,-1,0.024187,0.024187,9.429219,false,true,false,false,Self ,0.016213,0.016225,1.686801,,0.019701,0,0,0.02193,0,387,310,0,
Scan: 574349 Run: DIA12_CV486075:20251228_A2_N1_Mueller_MS_TechHub_IMP_THIDDIAXL003_Cas9_PhoX_DIA12_CV486075_250ng_FAIMS_001 P1_QITKHVAQILDSR P2_KFDNLTK 4 1,DIA12_CV486075:20251228_A2_N1_Mueller_MS_TechHub_IMP_THIDDIAXL003_Cas9_PhoX_DIA12_CV486075_250ng_FAIMS_001,574349,,,0,0,-0,0,4,0,0,Q99ZW2,,,false,Q99ZW2,Q99ZW2,,false,KFDNLTK,QITKHVAQILDSR,896,926,7,13,1,4,896,929,4,,-1,0.024162,0.024162,9.429155,false,true,false,false,Self ,0.016213,0.016229,1.686801,,0.019701,0,0,0.02193,0,386,309,0,
Scan: 1682944 Run: DIA12_CV486075:20251228_A2_N1_Mueller_MS_TechHub_IMP_THIDDIAXL003_Cas9_PhoX_DIA12_CV486075_250ng_FAIMS_003 P1_KTEVQTGGFSK P2_KGILQTVKVVDELVK 1 8,DIA12_CV486075:20251228_A2_N1_Mueller_MS_TechHub_IMP_THIDDIAXL003_Cas9_PhoX_DIA12_CV486075_250ng_FAIMS_003,1682944,,,0,0,-0,0,3,0,0,Q99ZW2,,,false,Q99ZW2,Q99ZW2,,false,KGILQTVKVVDELVK,KTEVQTGGFSK,735,1097,15,11,8,1,742,1097,3,,-1,0.023969,0.023969,9.428674,false,true,false,false,Self ,0.016213,0.016254,1.68869,,0,0,0,0,0,385,1381,0,
Scan: 1368422 Run: DIA12_CV486075:20251228_A2_N1_Mueller_MS_TechHub_IMP_THIDDIAXL003_Cas9_PhoX_DIA12_CV486075_250ng_FAIMS_003 P1_SSFEKNPIDFLEAK P2_QLFVEQHKHYLDEIIEQISEFSK 5 8,DIA12_CV486075:20251228_A2_N1_Mueller_MS_TechHub_IMP_THIDDIAXL003_Cas9_PhoX_DIA12_CV486075_250ng_FAIMS_003,1368422,,,0,0,-0,0,5,0,0,Q99ZW2,,,false,Q99ZW2,Q99ZW2,,false,QLFVEQHKHYLDEIIEQISEFSK,SSFEKNPIDFLEAK,1256,1172,23,14,8,5,1263,1176,5,,-1,0.02396,0.02396,9.428652,false,true,false,false,Self ,0.016213,0.016255,1.68869,,0.019701,0,0,0.02193,0,384,308,0,
Scan: 1203054 Run: DIA12_CV486075:20251228_A2_N1_Mueller_MS_TechHub_IMP_THIDDIAXL003_Cas9_PhoX_DIA12_CV486075_250ng_FAIMS_003 P1_LESEFVYGDYKVYDVR P2_EVKVITLK 11 3,DIA12_CV486075:20251228_A2_N1_Mueller_MS_TechHub_IMP_THIDDIAXL003_Cas9_PhoX_DIA12_CV486075_250ng_FAIMS_003,1203054,,,0,0,-0,0,3,0,0,Q99ZW2,,,false,Q99ZW2,Q99ZW2,,false,EVKVITLK,LESEFVYGDYKVYDVR,952,1004,8,16,3,11,954,1014,3,,-1,0.023953,0.023953,9.428635,false,true,false,false,Self ,0.016213,0.016256,1.68869,,0,0,0,0,0,383,1283,0,
Scan: 141215 Run: DIA12_CV486075:20251228_A2_N1_Mueller_MS_TechHub_IMP_THIDDIAXL003_Cas9_PhoX_DIA12_CV486075_250ng_FAIMS_001 P1_TILDFLKSDGFANR P2_DLIIKLPK 7 5,DIA12_CV486075:20251228_A2_N1_Mueller_MS_TechHub_IMP_THIDDIAXL003_Cas9_PhoX_DIA12_CV486075_250ng_FAIMS_001,141215,,,0,0,-0,0,4,0,0,Q99ZW2,,,false,Q99ZW2,Q99ZW2,,false,DLIIKLPK,TILDFLKSDGFANR,1193,678,8,14,5,7,1197,684,4,,-1,0.023906,0.023906,9.428517,false,true,false,false,Self ,0.016213,0.016262,1.68869,,0.019701,0,0,0.02193,0,382,307,0,
Scan: 1225816 Run: DIA12_CV486075:20251228_A2_N1_Mueller_MS_TechHub_IMP_THIDDIAXL003_Cas9_PhoX_DIA12_CV486075_250ng_FAIMS_003 P1_RPLIETNGETGEIVWDKGR P2_IEKILTFR 17 3,DIA12_CV486075:20251228_A2_N1_Mueller_MS_TechHub_IMP_THIDDIAXL003_Cas9_PhoX_DIA12_CV486075_250ng_FAIMS_003,1225816,,,0,0,-0,0,4,0,0,Q99ZW2,,,false,Q99ZW2,Q99ZW2,,false,IEKILTFR,RPLIETNGETGEIVWDKGR,440,1060,8,19,3,17,442,1076,4,,-1,0.023842,0.023842,9.428357,false,true,false,false,Self ,0.016213,0.01627,1.68869,,0.019701,0,0,0.02193,0,381,306,0,
Scan: 1627122 Run: DIA12_CV486075:20251228_A2_N1_Mueller_MS_TechHub_IMP_THIDDIAXL003_Cas9_PhoX_DIA12_CV486075_250ng_FAIMS_003 P1_KLINGIR P2_EVKVITLK 1 3,DIA12_CV486075:20251228_A2_N1_Mueller_MS_TechHub_IMP_THIDDIAXL003_Cas9_PhoX_DIA12_CV486075_250ng_FAIMS_003,1627122,,,0,0,-0,0,3,0,0,Q99ZW2,,,false,Q99ZW2,Q99ZW2,,false,EVKVITLK,KLINGIR,952,665,8,7,3,1,954,665,3,,-1,0.023809,0.023809,9.428274,false,true,false,false,Self ,0.016213,0.016275,1.689636,,0.019701,0,0,0.02193,0,380,305,0,
Scan: 593432 Run: DIA12_CV486075:20251228_A2_N1_Mueller_MS_TechHub_IMP_THIDDIAXL003_Cas9_PhoX_DIA12_CV486075_250ng_FAIMS_001 P1_KDFQFYK P2_DLIIKLPK 1 5,DIA12_CV486075:20251228_A2_N1_Mueller_MS_TechHub_IMP_THIDDIAXL003_Cas9_PhoX_DIA12_CV486075_250ng_FAIMS_001,593432,,,0,0,-0,0,3,0,0,Q99ZW2,,,false,Q99ZW2,Q99ZW2,,false,DLIIKLPK,KDFQFYK,1193,968,8,7,5,1,1197,968,3,,-1,0.023806,0.023806,9.428267,false,true,false,false,Self ,0.016213,0.016275,1.689636,,0.019701,0,0,0.02193,0,379,304,0,
Scan: 1622955 Run: DIA12_CV486075:20251228_A2_N1_Mueller_MS_TechHub_IMP_THIDDIAXL003_Cas9_PhoX_DIA12_CV486075_250ng_FAIMS_003 P1_RNSDKLIAR P2_KLINGIR 5 1,DIA12_CV486075:20251228_A2_N1_Mueller_MS_TechHub_IMP_THIDDIAXL003_Cas9_PhoX_DIA12_CV486075_250ng_FAIMS_003,1622955,,,0,0,-0,0,4,0,0,Q99ZW2,,,false,Q99ZW2,Q99ZW2,,false,KLINGIR,RNSDKLIAR,665,1114,7,9,1,5,665,1118,4,,-1,0.023709,0.023709,9.428023,false,true,false,false,Self ,0.016213,0.016288,1.689076,,0.019701,0,0,0,0,378,303,0,
Scan: 438889 Run: DIA12_CV486075:20251228_A2_N1_Mueller_MS_TechHub_IMP_THIDDIAXL003_Cas9_PhoX_DIA12_CV486075_250ng_FAIMS_001 P1_QSGKTILDFLK P2_NSDKLIAR 4 4,DIA12_CV486075:20251228_A2_N1_Mueller_MS_TechHub_IMP_THIDDIAXL003_Cas9_PhoX_DIA12_CV486075_250ng_FAIMS_001,438889,,,0,0,-0,0,3,0,0,Q99ZW2,,,false,Q99ZW2,Q99ZW2,,false,NSDKLIAR,QSGKTILDFLK,1115,674,8,11,4,4,1118,677,3,,-1,0.023495,0.023495,9.427488,false,true,false,false,Self ,0.016213,0.016316,1.690022,,0,0,0,0,0,377,1312,0,
Scan: 1453851 Run: DIA12_CV486075:20251228_A2_N1_Mueller_MS_TechHub_IMP_THIDDIAXL003_Cas9_PhoX_DIA12_CV486075_250ng_FAIMS_003 P1_YKEIFFDQSK P2_NLPNEKVLPK 2 6,DIA12_CV486075:20251228_A2_N1_Mueller_MS_TechHub_IMP_THIDDIAXL003_Cas9_PhoX_DIA12_CV486075_250ng_FAIMS_003,1453851,,,0,0,-0,0,3,0,0,Q99ZW2,,,false,Q99ZW2,Q99ZW2,,false,NLPNEKVLPK,YKEIFFDQSK,501,347,10,10,6,2,506,348,3,,-1,0.023424,0.023424,9.427311,false,true,false,false,Self ,0.016213,0.016325,1.690022,,0.019701,0,0,0.02193,0,376,302,0,
Scan: 781340 Run: DIA12_CV486075:20251228_A2_N1_Mueller_MS_TechHub_IMP_THIDDIAXL003_Cas9_PhoX_DIA12_CV486075_250ng_FAIMS_002 P1_VILADANLDKVLSAYNK P2_KPAFLSGEQK 10 1,DIA12_CV486075:20251228_A2_N1_Mueller_MS_TechHub_IMP_THIDDIAXL003_Cas9_PhoX_DIA12_CV486075_250ng_FAIMS_002,781340,,,0,0,-0,0,4,0,0,Q99ZW2,,,false,Q99ZW2,Q99ZW2,,false,KPAFLSGEQK,VILADANLDKVLSAYNK,536,1280,10,17,1,10,536,1289,4,,-1,0.023379,0.023379,9.427199,false,true,false,false,Self ,0.016213,0.016331,1.690022,,0.019701,0,0,0.02193,0,375,301,0,
Scan: 1740381 Run: DIA12_CV486075:20251228_A2_N1_Mueller_MS_TechHub_IMP_THIDDIAXL003_Cas9_PhoX_DIA12_CV486075_250ng_FAIMS_003 P1_LENLIAQLPGEKK P2_GKSDNVPSEEVVK 12 2,DIA12_CV486075:20251228_A2_N1_Mueller_MS_TechHub_IMP_THIDDIAXL003_Cas9_PhoX_DIA12_CV486075_250ng_FAIMS_003,1740381,,,0,0,-0,0,4,0,0,Q99ZW2,,,false,Q99ZW2,Q99ZW2,,false,GKSDNVPSEEVVK,LENLIAQLPGEKK,865,222,13,13,2,12,866,233,4,,-1,0.023169,0.023169,9.426673,false,true,false,false,Self ,0.016213,0.016359,1.692869,,0.019701,0,0,0.02193,0,374,300,0,
Scan: 1543425 Run: DIA12_CV486075:20251228_A2_N1_Mueller_MS_TechHub_IMP_THIDDIAXL003_Cas9_PhoX_DIA12_CV486075_250ng_FAIMS_003 P1_SEETITPWNFEEVVDKGASAQSFIER P2_QLKEDYFK 16 3,DIA12_CV486075:20251228_A2_N1_Mueller_MS_TechHub_IMP_THIDDIAXL003_Cas9_PhoX_DIA12_CV486075_250ng_FAIMS_003,1543425,,,0,0,-0,0,4,0,0,Q99ZW2,,,false,Q99ZW2,Q99ZW2,,false,QLKEDYFK,SEETITPWNFEEVVDKGASAQSFIER,563,469,8,26,3,16,565,484,4,,-1,0.023145,0.023145,9.426614,false,true,false,false,Self ,0.016213,0.016362,1.692869,,0.019701,0,0,0.02193,0,373,299,0,
Scan: 1438226 Run: DIA12_CV486075:20251228_A2_N1_Mueller_MS_TechHub_IMP_THIDDIAXL003_Cas9_PhoX_DIA12_CV486075_250ng_FAIMS_003 P1_FKVLGNTDR P2_EKIEKILTFR 2 5,DIA12_CV486075:20251228_A2_N1_Mueller_MS_TechHub_IMP_THIDDIAXL003_Cas9_PhoX_DIA12_CV486075_250ng_FAIMS_003,1438226,,,0,0,-0,0,3,0,0,Q99ZW2,,,false,Q99ZW2,Q99ZW2,,false,EKIEKILTFR,FKVLGNTDR,438,32,10,9,5,2,442,33,3,,-1,0.022876,0.022876,9.425941,false,true,false,false,Self ,0.016213,0.016397,1.695726,,0,0,0,0,0,372,1350,0,
Scan: 1788798 Run: DIA12_CV486075:20251228_A2_N1_Mueller_MS_TechHub_IMP_THIDDIAXL003_Cas9_PhoX_DIA12_CV486075_250ng_FAIMS_003 P1_LSKSR P2_KDFQFYK 3 1,DIA12_CV486075:20251228_A2_N1_Mueller_MS_TechHub_IMP_THIDDIAXL003_Cas9_PhoX_DIA12_CV486075_250ng_FAIMS_003,1788798,,,0,0,-0,0,3,0,0,Q99ZW2,,,false,Q99ZW2,Q99ZW2,,false,KDFQFYK,LSKSR,968,216,7,5,1,3,968,218,3,,-1,0.022649,0.022649,9.425374,false,true,false,false,Self ,0.016213,0.016427,1.69668,,0.019701,0,0,0.02193,0,371,298,0,
Scan: 67465 Run: DIA12_CV486075:20251228_A2_N1_Mueller_MS_TechHub_IMP_THIDDIAXL003_Cas9_PhoX_DIA12_CV486075_250ng_FAIMS_001 P1_TEVQTGGFSKESILPK P2_KDLIIK 10 1,DIA12_CV486075:20251228_A2_N1_Mueller_MS_TechHub_IMP_THIDDIAXL003_Cas9_PhoX_DIA12_CV486075_250ng_FAIMS_001,67465,,,0,0,-0,0,4,0,0,Q99ZW2,,,false,Q99ZW2,Q99ZW2,,false,KDLIIK,TEVQTGGFSKESILPK,1192,1098,6,16,1,10,1192,1107,4,,-1,0.022646,0.022646,9.425366,false,true,false,false,Self ,0.016213,0.016427,1.69668,,0,0,0,0,0,370,1263,0,
Scan: 733275 Run: DIA12_CV486075:20251228_A2_N1_Mueller_MS_TechHub_IMP_THIDDIAXL003_Cas9_PhoX_DIA12_CV486075_250ng_FAIMS_002 P1_KDLIIK P2_EKIEK 1 2,DIA12_CV486075:20251228_A2_N1_Mueller_MS_TechHub_IMP_THIDDIAXL003_Cas9_PhoX_DIA12_CV486075_250ng_FAIMS_002,733275,,,0,0,-0,0,3,0,0,Q99ZW2,,,false,Q99ZW2,Q99ZW2,,false,EKIEK,KDLIIK,438,1192,5,6,2,1,439,1192,3,,-1,0.02263,0.02263,9.425325,false,true,false,false,Self ,0.016213,0.016429,1.69668,,0.019701,0,0,0.02193,0,369,297,0,
Scan: 163170 Run: DIA12_CV486075:20251228_A2_N1_Mueller_MS_TechHub_IMP_THIDDIAXL003_Cas9_PhoX_DIA12_CV486075_250ng_FAIMS_001 P1_LKGSPEDNEQK P2_EDIQKAQVSGQGDSLHEHIANLAGSPAIK 2 5,DIA12_CV486075:20251228_A2_N1_Mueller_MS_TechHub_IMP_THIDDIAXL003_Cas9_PhoX_DIA12_CV486075_250ng_FAIMS_001,163170,,,0,0,-0,0,5,0,0,Q99ZW2,,,false,Q99ZW2,Q99ZW2,,false,EDIQKAQVSGQGDSLHEHIANLAGSPAIK,LKGSPEDNEQK,706,1245,29,11,5,2,710,1246,5,,-1,0.022566,0.022566,9.425167,false,true,false,false,Self ,0.016213,0.016438,1.69668,,0.019701,0,0,0.02193,0,368,296,0,
Scan: 1453676 Run: DIA12_CV486075:20251228_A2_N1_Mueller_MS_TechHub_IMP_THIDDIAXL003_Cas9_PhoX_DIA12_CV486075_250ng_FAIMS_003 P1_YKEIFFDQSK P2_MTNFDKNLPNEK 2 6,DIA12_CV486075:20251228_A2_N1_Mueller_MS_TechHub_IMP_THIDDIAXL003_Cas9_PhoX_DIA12_CV486075_250ng_FAIMS_003,1453676,,,0,0,-0,0,3,0,0,Q99ZW2,,,false,Q99ZW2,Q99ZW2,,false,MTNFDKNLPNEK,YKEIFFDQSK,495,347,12,10,6,2,500,348,3,,-1,0.021914,0.021914,9.423535,false,true,false,false,Self ,0.016213,0.016523,1.699944,,0.019701,0,0,0.02193,0,367,295,0,
Scan: 242122 Run: DIA12_CV486075:20251228_A2_N1_Mueller_MS_TechHub_IMP_THIDDIAXL003_Cas9_PhoX_DIA12_CV486075_250ng_FAIMS_001 P1_FKVLGNTDR P2_DLIIKLPK 2 5,DIA12_CV486075:20251228_A2_N1_Mueller_MS_TechHub_IMP_THIDDIAXL003_Cas9_PhoX_DIA12_CV486075_250ng_FAIMS_001,242122,,,0,0,-0,0,3,0,0,Q99ZW2,,,false,Q99ZW2,Q99ZW2,,false,DLIIKLPK,FKVLGNTDR,1193,32,8,9,5,2,1197,33,3,,-1,0.021857,0.021857,9.423394,false,true,false,false,Self ,0.016213,0.016531,1.699944,,0.019701,0,0,0.02193,0,366,294,0,
Scan: 503012 Run: DIA12_CV486075:20251228_A2_N1_Mueller_MS_TechHub_IMP_THIDDIAXL003_Cas9_PhoX_DIA12_CV486075_250ng_FAIMS_001 P1_VVDELVKVMGR P2_KSEETITPWNFEEVVDK 7 1,DIA12_CV486075:20251228_A2_N1_Mueller_MS_TechHub_IMP_THIDDIAXL003_Cas9_PhoX_DIA12_CV486075_250ng_FAIMS_001,503012,,,0,0,-0,0,3,0,0,Q99ZW2,,,false,Q99ZW2,Q99ZW2,,false,KSEETITPWNFEEVVDK,VVDELVKVMGR,468,743,17,11,1,7,468,749,3,,-1,0.021763,0.021763,9.423158,false,true,false,false,Self ,0.016213,0.016543,1.701863,,0,0,0,0,0,365,1393,0,
Scan: 1211152 Run: DIA12_CV486075:20251228_A2_N1_Mueller_MS_TechHub_IMP_THIDDIAXL003_Cas9_PhoX_DIA12_CV486075_250ng_FAIMS_003 P1_SEQEIGKATAK P2_DKQSGK 7 2,DIA12_CV486075:20251228_A2_N1_Mueller_MS_TechHub_IMP_THIDDIAXL003_Cas9_PhoX_DIA12_CV486075_250ng_FAIMS_003,1211152,,,0,0,-0,0,3,0,0,Q99ZW2,,,false,Q99ZW2,Q99ZW2,,false,DKQSGK,SEQEIGKATAK,672,1025,6,11,2,7,673,1031,3,,-1,0.021719,0.021719,9.423049,false,true,false,false,Self ,0.016213,0.016549,1.701863,,0.019701,0,0,0.02193,0,364,293,0,
Scan: 1484997 Run: DIA12_CV486075:20251228_A2_N1_Mueller_MS_TechHub_IMP_THIDDIAXL003_Cas9_PhoX_DIA12_CV486075_250ng_FAIMS_003 P1_SKLVSDFR P2_RQEDFYPFLKDNR 2 10,DIA12_CV486075:20251228_A2_N1_Mueller_MS_TechHub_IMP_THIDDIAXL003_Cas9_PhoX_DIA12_CV486075_250ng_FAIMS_003,1484997,,,0,0,-0,0,4,0,0,Q99ZW2,,,false,Q99ZW2,Q99ZW2,,false,RQEDFYPFLKDNR,SKLVSDFR,425,960,13,8,10,2,434,961,4,,-1,0.021436,0.021436,9.422342,false,true,false,false,Self ,0.016213,0.016586,1.703787,,0.019701,0,0,0.02193,0,363,292,0,
Scan: 483502 Run: DIA12_CV486075:20251228_A2_N1_Mueller_MS_TechHub_IMP_THIDDIAXL003_Cas9_PhoX_DIA12_CV486075_250ng_FAIMS_001 P1_KGILQTVK P2_DLIIKLPK 1 5,DIA12_CV486075:20251228_A2_N1_Mueller_MS_TechHub_IMP_THIDDIAXL003_Cas9_PhoX_DIA12_CV486075_250ng_FAIMS_001,483502,,,0,0,-0,0,3,0,0,Q99ZW2,,,false,Q99ZW2,Q99ZW2,,false,DLIIKLPK,KGILQTVK,1193,735,8,8,5,1,1197,735,3,,-1,0.021304,0.021304,9.422012,false,true,false,false,Self ,0.016213,0.016603,1.703787,,0.019701,0,0,0.02193,0,362,291,0,
Scan: 1446593 Run: DIA12_CV486075:20251228_A2_N1_Mueller_MS_TechHub_IMP_THIDDIAXL003_Cas9_PhoX_DIA12_CV486075_250ng_FAIMS_003 P1_YDEHHQDLTLLKALVR P2_KGILQTVK 12 1,DIA12_CV486075:20251228_A2_N1_Mueller_MS_TechHub_IMP_THIDDIAXL003_Cas9_PhoX_DIA12_CV486075_250ng_FAIMS_003,1446593,,,0,0,-0,0,4,0,0,Q99ZW2,,,false,Q99ZW2,Q99ZW2,,false,KGILQTVK,YDEHHQDLTLLKALVR,735,325,8,16,1,12,735,336,4,,-1,0.021182,0.021182,9.421707,false,true,false,false,Self ,0.016213,0.016619,1.703787,,0.019701,0,0,0.02193,0,361,290,0,
Scan: 1123509 Run: DIA12_CV486075:20251228_A2_N1_Mueller_MS_TechHub_IMP_THIDDIAXL003_Cas9_PhoX_DIA12_CV486075_250ng_FAIMS_002 P1_GKSDNVPSEEVVK P2_ELGSQILKEHPVENTQLQNEK 2 8,DIA12_CV486075:20251228_A2_N1_Mueller_MS_TechHub_IMP_THIDDIAXL003_Cas9_PhoX_DIA12_CV486075_250ng_FAIMS_002,1123509,,,0,0,-0,0,5,0,0,Q99ZW2,,,false,Q99ZW2,Q99ZW2,,false,ELGSQILKEHPVENTQLQNEK,GKSDNVPSEEVVK,790,865,21,13,8,2,797,866,5,,-1,0.02107,0.02107,9.421425,false,true,false,false,Self ,0.016213,0.016634,1.704751,,0,0,0,0,0,360,497,0,
Scan: 1780687 Run: DIA12_CV486075:20251228_A2_N1_Mueller_MS_TechHub_IMP_THIDDIAXL003_Cas9_PhoX_DIA12_CV486075_250ng_FAIMS_003 P1_YDENDKLIR P2_KDWDPK 6 1,DIA12_CV486075:20251228_A2_N1_Mueller_MS_TechHub_IMP_THIDDIAXL003_Cas9_PhoX_DIA12_CV486075_250ng_FAIMS_003,1780687,,,0,0,-0,0,3,0,0,Q99ZW2,,,false,Q99ZW2,Q99ZW2,,false,KDWDPK,YDENDKLIR,1124,943,6,9,1,6,1124,948,3,,-1,0.020844,0.020844,9.420861,false,true,false,false,Self ,0.016213,0.016663,1.706682,,0.019701,0,0,0.02193,0,359,289,0,
Scan: 1118183 Run: DIA12_CV486075:20251228_A2_N1_Mueller_MS_TechHub_IMP_THIDDIAXL003_Cas9_PhoX_DIA12_CV486075_250ng_FAIMS_002 P1_KKDWDPK P2_ELGSQILKEHPVENTQLQNEK 1 8,DIA12_CV486075:20251228_A2_N1_Mueller_MS_TechHub_IMP_THIDDIAXL003_Cas9_PhoX_DIA12_CV486075_250ng_FAIMS_002,1118183,,,0,0,-0,0,4,0,0,Q99ZW2,,,false,Q99ZW2,Q99ZW2,,false,ELGSQILKEHPVENTQLQNEK,KKDWDPK,790,1123,21,7,8,1,797,1123,4,,-1,0.020841,0.020841,9.420853,false,true,false,false,Self ,0.016213,0.016664,1.706682,,0.019701,0,0,0.02193,0,358,288,0,
Scan: 405570 Run: DIA12_CV486075:20251228_A2_N1_Mueller_MS_TechHub_IMP_THIDDIAXL003_Cas9_PhoX_DIA12_CV486075_250ng_FAIMS_001 P1_KAIVDLLFK P2_DFQFYKVR 1 6,DIA12_CV486075:20251228_A2_N1_Mueller_MS_TechHub_IMP_THIDDIAXL003_Cas9_PhoX_DIA12_CV486075_250ng_FAIMS_001,405570,,,0,0,-0,0,3,0,0,Q99ZW2,,,false,Q99ZW2,Q99ZW2,,false,DFQFYKVR,KAIVDLLFK,969,546,8,9,6,1,974,546,3,,-1,0.02075,0.02075,9.420627,false,true,false,false,Self ,0.016213,0.016676,1.707649,,0.019701,0,0,0.02193,0,357,287,0,
Scan: 1391199 Run: DIA12_CV486075:20251228_A2_N1_Mueller_MS_TechHub_IMP_THIDDIAXL003_Cas9_PhoX_DIA12_CV486075_250ng_FAIMS_003 P1_YTSTKEVLDATLIHQSITGLYETR P2_KPLISER 5 1,DIA12_CV486075:20251228_A2_N1_Mueller_MS_TechHub_IMP_THIDDIAXL003_Cas9_PhoX_DIA12_CV486075_250ng_FAIMS_003,1391199,,,0,0,-0,0,5,0,0,decoy:Q99ZW2,decoy:,decoy,true,Q99ZW2,Q99ZW2,,false,KPLISER,YTSTKEVLDATLIHQSITGLYETR,1108,1336,7,24,1,5,1108,1340,5,,-1,0.020737,0.020737,9.420594,true,false,true,false,Self ,0.016677,0.016843,1.707649,,0.020281,1,0,0.022569,1,356,286,2,
Scan: 260244 Run: DIA12_CV486075:20251228_A2_N1_Mueller_MS_TechHub_IMP_THIDDIAXL003_Cas9_PhoX_DIA12_CV486075_250ng_FAIMS_001 P1_YKEIFFDQSK P2_VMKQLK 2 3,DIA12_CV486075:20251228_A2_N1_Mueller_MS_TechHub_IMP_THIDDIAXL003_Cas9_PhoX_DIA12_CV486075_250ng_FAIMS_001,260244,,,0,0,-0,0,3,0,0,Q99ZW2,,,false,Q99ZW2,Q99ZW2,,false,VMKQLK,YKEIFFDQSK,647,347,6,10,3,2,649,348,3,,-1,0.020595,0.020595,9.42024,false,true,false,false,Self ,0.016677,0.016712,1.708617,,0.020281,0,0,0.022569,0,355,285,0,
Scan: 1211245 Run: DIA12_CV486075:20251228_A2_N1_Mueller_MS_TechHub_IMP_THIDDIAXL003_Cas9_PhoX_DIA12_CV486075_250ng_FAIMS_003 P1_SEQEIGKATAK P2_GILQTVKVVDELVK 7 7,DIA12_CV486075:20251228_A2_N1_Mueller_MS_TechHub_IMP_THIDDIAXL003_Cas9_PhoX_DIA12_CV486075_250ng_FAIMS_003,1211245,,,0,0,-0,0,4,0,0,Q99ZW2,,,false,Q99ZW2,Q99ZW2,,false,GILQTVKVVDELVK,SEQEIGKATAK,736,1025,14,11,7,7,742,1031,4,,-1,0.020537,0.020537,9.420092,false,true,false,false,Self ,0.016677,0.016726,1.709586,,0.020281,0,0,0.022569,0,354,284,0,
Scan: 1446417 Run: DIA12_CV486075:20251228_A2_N1_Mueller_MS_TechHub_IMP_THIDDIAXL003_Cas9_PhoX_DIA12_CV486075_250ng_FAIMS_003 P1_YDEHHQDLTLLKALVR P2_QSGKTILDFLK 12 4,DIA12_CV486075:20251228_A2_N1_Mueller_MS_TechHub_IMP_THIDDIAXL003_Cas9_PhoX_DIA12_CV486075_250ng_FAIMS_003,1446417,,,0,0,-0,0,4,0,0,Q99ZW2,,,false,Q99ZW2,Q99ZW2,,false,QSGKTILDFLK,YDEHHQDLTLLKALVR,674,325,11,16,4,12,677,336,4,,-1,0.020528,0.020528,9.42007,false,true,false,false,Self ,0.016677,0.016729,1.709586,,0,0,0,0,0,353,1291,0,
Scan: 1394007 Run: DIA12_CV486075:20251228_A2_N1_Mueller_MS_TechHub_IMP_THIDDIAXL003_Cas9_PhoX_DIA12_CV486075_250ng_FAIMS_003 P1_YTSTKEVLDATLIHQSITGLYETR P2_KLINGIR 5 1,DIA12_CV486075:20251228_A2_N1_Mueller_MS_TechHub_IMP_THIDDIAXL003_Cas9_PhoX_DIA12_CV486075_250ng_FAIMS_003,1394007,,,0,0,-0,0,4,0,0,Q99ZW2,,,false,Q99ZW2,Q99ZW2,,false,KLINGIR,YTSTKEVLDATLIHQSITGLYETR,665,1336,7,24,1,5,665,1340,4,,-1,0.020374,0.020374,9.419687,false,true,false,false,Self ,0.016677,0.016766,1.709586,,0.020281,0,0,0.022569,0,352,283,0,
Scan: 1411953 Run: DIA12_CV486075:20251228_A2_N1_Mueller_MS_TechHub_IMP_THIDDIAXL003_Cas9_PhoX_DIA12_CV486075_250ng_FAIMS_003 P1_RLENLIAQLPGEKK P2_QLLNAKLITQR 13 6,DIA12_CV486075:20251228_A2_N1_Mueller_MS_TechHub_IMP_THIDDIAXL003_Cas9_PhoX_DIA12_CV486075_250ng_FAIMS_003,1411953,,,0,0,-0,0,4,0,0,Q99ZW2,,,false,Q99ZW2,Q99ZW2,,false,QLLNAKLITQR,RLENLIAQLPGEKK,885,221,11,14,6,13,890,233,4,,-1,0.020344,0.020344,9.419612,false,true,false,false,Self ,0.016677,0.016773,1.709586,,0.020281,0,0,0.022569,0,351,282,0,
Scan: 894704 Run: DIA12_CV486075:20251228_A2_N1_Mueller_MS_TechHub_IMP_THIDDIAXL003_Cas9_PhoX_DIA12_CV486075_250ng_FAIMS_002 P1_KNLIGALLFDSGETAEATR P2_FKVLGNTDR 1 2,DIA12_CV486075:20251228_A2_N1_Mueller_MS_TechHub_IMP_THIDDIAXL003_Cas9_PhoX_DIA12_CV486075_250ng_FAIMS_002,894704,,,0,0,-0,0,3,0,0,Q99ZW2,,,false,Q99ZW2,Q99ZW2,,false,FKVLGNTDR,KNLIGALLFDSGETAEATR,32,45,9,19,2,1,33,45,3,,-1,0.020329,0.020329,9.419573,false,true,false,false,Self ,0.016677,0.016777,1.709586,,0,0,0,0,0,350,1329,0,
Scan: 1412302 Run: DIA12_CV486075:20251228_A2_N1_Mueller_MS_TechHub_IMP_THIDDIAXL003_Cas9_PhoX_DIA12_CV486075_250ng_FAIMS_003 P1_NSDKLIAR P2_KNGLFGNLIALSLGLTPNFK 4 1,DIA12_CV486075:20251228_A2_N1_Mueller_MS_TechHub_IMP_THIDDIAXL003_Cas9_PhoX_DIA12_CV486075_250ng_FAIMS_003,1412302,,,0,0,-0,0,4,0,0,Q99ZW2,,,false,Q99ZW2,Q99ZW2,,false,KNGLFGNLIALSLGLTPNFK,NSDKLIAR,234,1115,20,8,1,4,234,1118,4,,-1,0.02032,0.02032,9.419552,false,true,false,false,Self ,0.016677,0.016779,1.709586,,0.020281,0,0,0.022569,0,349,281,0,
Scan: 1704367 Run: DIA12_CV486075:20251228_A2_N1_Mueller_MS_TechHub_IMP_THIDDIAXL003_Cas9_PhoX_DIA12_CV486075_250ng_FAIMS_003 P1_KLVDSTDK P2_ENQTTQKGQK 1 7,DIA12_CV486075:20251228_A2_N1_Mueller_MS_TechHub_IMP_THIDDIAXL003_Cas9_PhoX_DIA12_CV486075_250ng_FAIMS_003,1704367,,,0,0,-0,0,3,0,0,Q99ZW2,,,false,Q99ZW2,Q99ZW2,,false,ENQTTQKGQK,KLVDSTDK,766,141,10,8,7,1,772,141,3,,-1,0.020208,0.020208,9.419272,false,true,false,false,Self ,0.016677,0.016807,1.709586,,0.020281,0,0,0.022569,0,348,280,0,
Scan: 1210807 Run: DIA12_CV486075:20251228_A2_N1_Mueller_MS_TechHub_IMP_THIDDIAXL003_Cas9_PhoX_DIA12_CV486075_250ng_FAIMS_003 P1_SEQEIGKATAK P2_SEETITPWNFEEVVDKGASAQSFIER 7 16,DIA12_CV486075:20251228_A2_N1_Mueller_MS_TechHub_IMP_THIDDIAXL003_Cas9_PhoX_DIA12_CV486075_250ng_FAIMS_003,1210807,,,0,0,-0,0,4,0,0,Q99ZW2,,,false,Q99ZW2,Q99ZW2,,false,SEETITPWNFEEVVDKGASAQSFIER,SEQEIGKATAK,469,1025,26,11,16,7,484,1031,4,,-1,0.020073,0.020073,9.418934,false,true,false,false,Self ,0.016677,0.01684,1.709586,,0.020281,0,0,0.022569,0,347,279,0,
Scan: 586721 Run: DIA12_CV486075:20251228_A2_N1_Mueller_MS_TechHub_IMP_THIDDIAXL003_Cas9_PhoX_DIA12_CV486075_250ng_FAIMS_001 P1_YDENDKLIR P2_KSEETITPWNFEEVVDK 6 1,DIA12_CV486075:20251228_A2_N1_Mueller_MS_TechHub_IMP_THIDDIAXL003_Cas9_PhoX_DIA12_CV486075_250ng_FAIMS_001,586721,,,0,0,-0,0,3,0,0,Q99ZW2,,,false,Q99ZW2,Q99ZW2,,false,KSEETITPWNFEEVVDK,YDENDKLIR,468,943,17,9,1,6,468,948,3,,-1,0.019793,0.019793,9.418234,false,true,false,false,Self ,0.016677,0.016908,1.709989,,0,0,0,0,0,346,1274,0,
Scan: 826022 Run: DIA12_CV486075:20251228_A2_N1_Mueller_MS_TechHub_IMP_THIDDIAXL003_Cas9_PhoX_DIA12_CV486075_250ng_FAIMS_002 P1_SNFDLAEDAKLQLSK P2_GQKNSR 10 3,DIA12_CV486075:20251228_A2_N1_Mueller_MS_TechHub_IMP_THIDDIAXL003_Cas9_PhoX_DIA12_CV486075_250ng_FAIMS_002,826022,,,0,0,-0,0,3,0,0,Q99ZW2,,,false,Q99ZW2,Q99ZW2,,false,GQKNSR,SNFDLAEDAKLQLSK,773,254,6,15,3,10,775,263,3,,-1,0.01951,0.01951,9.417527,false,true,false,false,Self ,0.016677,0.016977,1.709989,,0.020281,0,0,0.022569,0,345,278,0,
Scan: 679702 Run: DIA12_CV486075:20251228_A2_N1_Mueller_MS_TechHub_IMP_THIDDIAXL003_Cas9_PhoX_DIA12_CV486075_250ng_FAIMS_002 P1_NSDKLIAR P2_LEESFLVEEDKK 4 11,DIA12_CV486075:20251228_A2_N1_Mueller_MS_TechHub_IMP_THIDDIAXL003_Cas9_PhoX_DIA12_CV486075_250ng_FAIMS_002,679702,,,0,0,-0,0,4,0,0,Q99ZW2,,,false,Q99ZW2,Q99ZW2,,false,LEESFLVEEDKK,NSDKLIAR,101,1115,12,8,11,4,111,1118,4,,-1,0.019382,0.019382,9.417207,false,true,false,false,Self ,0.016677,0.017009,1.71096,,0.020281,0,0,0.022569,0,344,277,0,
Scan: 560953 Run: DIA12_CV486075:20251228_A2_N1_Mueller_MS_TechHub_IMP_THIDDIAXL003_Cas9_PhoX_DIA12_CV486075_250ng_FAIMS_001 P1_KFDNLTK P2_DLIIKLPK 1 5,DIA12_CV486075:20251228_A2_N1_Mueller_MS_TechHub_IMP_THIDDIAXL003_Cas9_PhoX_DIA12_CV486075_250ng_FAIMS_001,560953,,,0,0,-0,0,3,0,0,Q99ZW2,,,false,Q99ZW2,Q99ZW2,,false,DLIIKLPK,KFDNLTK,1193,896,8,7,5,1,1197,896,3,,-1,0.019225,0.019225,9.416813,false,true,false,false,Self ,0.016677,0.017047,1.712337,,0.020281,0,0,0.022569,0,343,276,0,
Scan: 1008301 Run: DIA12_CV486075:20251228_A2_N1_Mueller_MS_TechHub_IMP_THIDDIAXL003_Cas9_PhoX_DIA12_CV486075_250ng_FAIMS_002 P1_LKTYAHLFDDK P2_KVTVK 2 1,DIA12_CV486075:20251228_A2_N1_Mueller_MS_TechHub_IMP_THIDDIAXL003_Cas9_PhoX_DIA12_CV486075_250ng_FAIMS_002,1008301,,,0,0,-0,0,3,0,0,Q99ZW2,,,false,Q99ZW2,Q99ZW2,,false,KVTVK,LKTYAHLFDDK,558,636,5,11,1,2,558,637,3,,-1,0.019103,0.019103,9.416509,false,true,false,false,Self ,0.016677,0.017077,1.713311,,0.020281,0,0,0.022569,0,342,275,0,
Scan: 692329 Run: DIA12_CV486075:20251228_A2_N1_Mueller_MS_TechHub_IMP_THIDDIAXL003_Cas9_PhoX_DIA12_CV486075_250ng_FAIMS_002 P1_NSDKLIAR P2_KKDWDPK 4 1,DIA12_CV486075:20251228_A2_N1_Mueller_MS_TechHub_IMP_THIDDIAXL003_Cas9_PhoX_DIA12_CV486075_250ng_FAIMS_002,692329,,,0,0,-0,0,4,0,0,Q99ZW2,,,false,Q99ZW2,Q99ZW2,,false,KKDWDPK,NSDKLIAR,1123,1115,7,8,1,4,1123,1118,4,,-1,0.018882,0.018882,9.415957,false,true,false,false,Self ,0.016677,0.017131,1.714286,,0,0,0,0,0,341,870,0,
Scan: 1225298 Run: DIA12_CV486075:20251228_A2_N1_Mueller_MS_TechHub_IMP_THIDDIAXL003_Cas9_PhoX_DIA12_CV486075_250ng_FAIMS_003 P1_TEVQTGGFSKESILPK P2_KRPLIETNGETGEIVWDKGR 10 18,DIA12_CV486075:20251228_A2_N1_Mueller_MS_TechHub_IMP_THIDDIAXL003_Cas9_PhoX_DIA12_CV486075_250ng_FAIMS_003,1225298,,,0,0,-0,0,5,0,0,Q99ZW2,,,false,Q99ZW2,Q99ZW2,,false,KRPLIETNGETGEIVWDKGR,TEVQTGGFSKESILPK,1059,1098,20,16,18,10,1076,1107,5,,-1,0.01875,0.01875,9.415625,false,true,false,false,Self ,0.016677,0.017164,1.716239,,0.020281,0,0,0,0,340,62,0,
Scan: 811650 Run: DIA12_CV486075:20251228_A2_N1_Mueller_MS_TechHub_IMP_THIDDIAXL003_Cas9_PhoX_DIA12_CV486075_250ng_FAIMS_002 P1_LENLIAQLPGEKK P2_KNGLFGNLIALSLGLTPNFK 12 1,DIA12_CV486075:20251228_A2_N1_Mueller_MS_TechHub_IMP_THIDDIAXL003_Cas9_PhoX_DIA12_CV486075_250ng_FAIMS_002,811650,,,0,0,-0,0,4,0,0,Q99ZW2,,,false,Q99ZW2,Q99ZW2,,false,KNGLFGNLIALSLGLTPNFK,LENLIAQLPGEKK,234,222,20,13,1,12,234,233,4,,-1,0.018424,0.018424,9.414811,false,true,false,false,Self ,0.016677,0.017243,1.718197,,0.020281,0,0,0.022569,0,339,273,0,
Scan: 1011449 Run: DIA12_CV486075:20251228_A2_N1_Mueller_MS_TechHub_IMP_THIDDIAXL003_Cas9_PhoX_DIA12_CV486075_250ng_FAIMS_002 P1_IEKILTFR P2_FYDEKLQK 3 5,DIA12_CV486075:20251228_A2_N1_Mueller_MS_TechHub_IMP_THIDDIAXL003_Cas9_PhoX_DIA12_CV486075_250ng_FAIMS_002,1011449,,,0,0,-0,0,3,0,0,decoy:Q99ZW2,decoy:,decoy,true,Q99ZW2,Q99ZW2,,false,FYDEKLQK,IEKILTFR,563,440,8,8,5,3,567,442,3,,-1,0.018251,0.018251,9.414378,true,false,true,false,Self ,0.017286,0.017684,1.718197,,0.021012,1,0,0.023377,1,338,272,2,
Scan: 372722 Run: DIA12_CV486075:20251228_A2_N1_Mueller_MS_TechHub_IMP_THIDDIAXL003_Cas9_PhoX_DIA12_CV486075_250ng_FAIMS_001 P1_HSLLYEYFTVYNELTKVK P2_FKVLGNTDR 16 2,DIA12_CV486075:20251228_A2_N1_Mueller_MS_TechHub_IMP_THIDDIAXL003_Cas9_PhoX_DIA12_CV486075_250ng_FAIMS_001,372722,,,0,0,-0,0,4,0,0,Q99ZW2,,,false,Q99ZW2,Q99ZW2,,false,FKVLGNTDR,HSLLYEYFTVYNELTKVK,32,511,9,18,2,16,33,526,4,,-1,0.018108,0.018108,9.41402,false,true,false,false,Self ,0.017286,0.017468,1.718197,,0.021012,0,0,0.023377,0,337,271,0,
Scan: 1792178 Run: DIA12_CV486075:20251228_A2_N1_Mueller_MS_TechHub_IMP_THIDDIAXL003_Cas9_PhoX_DIA12_CV486075_250ng_FAIMS_003 P1_KDFQFYK P2_EINNYHHAHDAYLNAVVGTALIKK 1 23,DIA12_CV486075:20251228_A2_N1_Mueller_MS_TechHub_IMP_THIDDIAXL003_Cas9_PhoX_DIA12_CV486075_250ng_FAIMS_003,1792178,,,0,0,-0,0,5,0,0,Q99ZW2,,,false,Q99ZW2,Q99ZW2,,false,EINNYHHAHDAYLNAVVGTALIKK,KDFQFYK,977,968,24,7,23,1,999,968,5,,-1,0.018064,0.018064,9.413912,false,true,false,false,Self ,0.017286,0.017524,1.718197,,0.021012,0,0,0.023377,0,336,270,0,
Scan: 1203378 Run: DIA12_CV486075:20251228_A2_N1_Mueller_MS_TechHub_IMP_THIDDIAXL003_Cas9_PhoX_DIA12_CV486075_250ng_FAIMS_003 P1_SEQEIGKATAK P2_KMIAK 7 1,DIA12_CV486075:20251228_A2_N1_Mueller_MS_TechHub_IMP_THIDDIAXL003_Cas9_PhoX_DIA12_CV486075_250ng_FAIMS_003,1203378,,,0,0,-0,0,3,0,0,Q99ZW2,,,false,Q99ZW2,Q99ZW2,,false,KMIAK,SEQEIGKATAK,1020,1025,5,11,1,7,1020,1031,3,,-1,0.017943,0.017943,9.413608,false,true,false,false,Self ,0.017286,0.017679,1.718197,,0.021012,0,0,0.023377,0,335,269,0,
Scan: 1123256 Run: DIA12_CV486075:20251228_A2_N1_Mueller_MS_TechHub_IMP_THIDDIAXL003_Cas9_PhoX_DIA12_CV486075_250ng_FAIMS_002 P1_SNKQGR P2_ELGSQILKEHPVENTQLQNEK 3 8,DIA12_CV486075:20251228_A2_N1_Mueller_MS_TechHub_IMP_THIDDIAXL003_Cas9_PhoX_DIA12_CV486075_250ng_FAIMS_002,1123256,,,0,0,-0,0,4,0,0,Q99ZW2,,,false,decoy:Q99ZW2,decoy:Q99ZW2,decoy,true,ELGSQILKEHPVENTQLQNEK,SNKQGR,790,773,21,6,8,3,797,775,4,,-1,0.017795,0.017795,9.413238,true,false,true,false,Self ,0.017869,0.017592,1.718197,,0.021722,0,1,0.024159,1,334,268,2,
Scan: 561226 Run: DIA12_CV486075:20251228_A2_N1_Mueller_MS_TechHub_IMP_THIDDIAXL003_Cas9_PhoX_DIA12_CV486075_250ng_FAIMS_001 P1_KGILQTVK P2_KFDNLTK 1 1,DIA12_CV486075:20251228_A2_N1_Mueller_MS_TechHub_IMP_THIDDIAXL003_Cas9_PhoX_DIA12_CV486075_250ng_FAIMS_001,561226,,,0,0,-0,0,3,0,0,Q99ZW2,,,false,Q99ZW2,Q99ZW2,,false,KFDNLTK,KGILQTVK,896,735,7,8,1,1,896,735,3,,-1,0.017765,0.017765,9.413163,false,true,false,false,Self ,0.017869,0.017882,1.719178,,0.021722,0,0,0.024159,0,333,267,0,
Scan: 1508491 Run: DIA12_CV486075:20251228_A2_N1_Mueller_MS_TechHub_IMP_THIDDIAXL003_Cas9_PhoX_DIA12_CV486075_250ng_FAIMS_003 P1_KSEETITPWNFEEVVDK P2_ELGSQILKEHPVENTQLQNEK 1 8,DIA12_CV486075:20251228_A2_N1_Mueller_MS_TechHub_IMP_THIDDIAXL003_Cas9_PhoX_DIA12_CV486075_250ng_FAIMS_003,1508491,,,0,0,-0,0,4,0,0,Q99ZW2,,,false,Q99ZW2,Q99ZW2,,false,ELGSQILKEHPVENTQLQNEK,KSEETITPWNFEEVVDK,790,468,21,17,8,1,797,468,4,,-1,0.017685,0.017685,9.412965,false,true,false,false,Self ,0.017869,0.017919,1.72016,,0.021722,0,0,0.024159,0,332,266,0,
Scan: 198873 Run: DIA12_CV486075:20251228_A2_N1_Mueller_MS_TechHub_IMP_THIDDIAXL003_Cas9_PhoX_DIA12_CV486075_250ng_FAIMS_001 P1_YTSTKEVLDATLIHQSITGLYETR P2_IEKILTFR 5 3,DIA12_CV486075:20251228_A2_N1_Mueller_MS_TechHub_IMP_THIDDIAXL003_Cas9_PhoX_DIA12_CV486075_250ng_FAIMS_001,198873,,,0,0,-0,0,4,0,0,Q99ZW2,,,false,Q99ZW2,Q99ZW2,,false,IEKILTFR,YTSTKEVLDATLIHQSITGLYETR,440,1336,8,24,3,5,442,1340,4,,-1,0.017555,0.017555,9.412639,false,true,false,false,Self ,0.017869,0.017978,1.72016,,0.021722,0,0,0.024159,0,331,265,0,
Scan: 908806 Run: DIA12_CV486075:20251228_A2_N1_Mueller_MS_TechHub_IMP_THIDDIAXL003_Cas9_PhoX_DIA12_CV486075_250ng_FAIMS_002 P1_KSEETITPWNFEEVVDK P2_DKQSGK 1 2,DIA12_CV486075:20251228_A2_N1_Mueller_MS_TechHub_IMP_THIDDIAXL003_Cas9_PhoX_DIA12_CV486075_250ng_FAIMS_002,908806,,,0,0,-0,0,4,0,0,Q99ZW2,,,false,Q99ZW2,Q99ZW2,,false,DKQSGK,KSEETITPWNFEEVVDK,672,468,6,17,2,1,673,468,4,,-1,0.017344,0.017344,9.41211,false,true,false,false,Self ,0.017869,0.018075,1.72016,,0,0,0,0,0,330,1293,0,
Scan: 612365 Run: DIA12_CV486075:20251228_A2_N1_Mueller_MS_TechHub_IMP_THIDDIAXL003_Cas9_PhoX_DIA12_CV486075_250ng_FAIMS_002 P1_SEQEIGKATAK P2_KDWDPK 7 1,DIA12_CV486075:20251228_A2_N1_Mueller_MS_TechHub_IMP_THIDDIAXL003_Cas9_PhoX_DIA12_CV486075_250ng_FAIMS_002,612365,,,0,0,-0,0,3,0,0,Q99ZW2,,,false,Q99ZW2,Q99ZW2,,false,KDWDPK,SEQEIGKATAK,1124,1025,6,11,1,7,1124,1031,3,,-1,0.016754,0.016754,9.410637,false,true,false,false,Self ,0.017869,0.018345,1.725086,,0.021722,0,0,0.024159,0,329,264,0,
Scan: 513121 Run: DIA12_CV486075:20251228_A2_N1_Mueller_MS_TechHub_IMP_THIDDIAXL003_Cas9_PhoX_DIA12_CV486075_250ng_FAIMS_001 P1_SNKQGR P2_DDSIDNKVLTR 3 7,DIA12_CV486075:20251228_A2_N1_Mueller_MS_TechHub_IMP_THIDDIAXL003_Cas9_PhoX_DIA12_CV486075_250ng_FAIMS_001,513121,,,0,0,-0,0,4,0,0,Q99ZW2,,,false,decoy:Q99ZW2,decoy:Q99ZW2,decoy,true,DDSIDNKVLTR,SNKQGR,849,773,11,6,7,3,855,775,4,,-1,0.016505,0.016505,9.410014,true,false,true,false,Self ,0.01846,0.018482,1.72394,,0.022428,0,1,0.024978,1,328,263,2,
Scan: 1293374 Run: DIA12_CV486075:20251228_A2_N1_Mueller_MS_TechHub_IMP_THIDDIAXL003_Cas9_PhoX_DIA12_CV486075_250ng_FAIMS_003 P1_KDWDPK P2_EDIQKAQVSGQGDSLHEHIANLAGSPAIK 1 5,DIA12_CV486075:20251228_A2_N1_Mueller_MS_TechHub_IMP_THIDDIAXL003_Cas9_PhoX_DIA12_CV486075_250ng_FAIMS_003,1293374,,,0,0,-0,0,4,0,0,Q99ZW2,,,false,Q99ZW2,Q99ZW2,,false,EDIQKAQVSGQGDSLHEHIANLAGSPAIK,KDWDPK,706,1124,29,6,5,1,710,1124,4,,-1,0.016211,0.016211,9.409278,false,true,false,false,Self ,0.01846,0.018605,1.725917,,0.022428,0,0,0,0,327,181,0,
Scan: 1561343 Run: DIA12_CV486075:20251228_A2_N1_Mueller_MS_TechHub_IMP_THIDDIAXL003_Cas9_PhoX_DIA12_CV486075_250ng_FAIMS_003 P1_VLPKHSLLYEYFTVYNELTK P2_KDFQFYK 4 1,DIA12_CV486075:20251228_A2_N1_Mueller_MS_TechHub_IMP_THIDDIAXL003_Cas9_PhoX_DIA12_CV486075_250ng_FAIMS_003,1561343,,,0,0,-0,0,4,0,0,Q99ZW2,,,false,Q99ZW2,Q99ZW2,,false,KDFQFYK,VLPKHSLLYEYFTVYNELTK,968,507,7,20,1,4,968,510,4,,-1,0.015797,0.015797,9.408243,false,true,false,false,Self ,0.01846,0.01881,1.726908,,0.022428,0,0,0.024978,0,326,261,0,
Scan: 1719507 Run: DIA12_CV486075:20251228_A2_N1_Mueller_MS_TechHub_IMP_THIDDIAXL003_Cas9_PhoX_DIA12_CV486075_250ng_FAIMS_003 P1_ELGSQILKEHPVENTQLQNEK P2_DKQSGK 8 2,DIA12_CV486075:20251228_A2_N1_Mueller_MS_TechHub_IMP_THIDDIAXL003_Cas9_PhoX_DIA12_CV486075_250ng_FAIMS_003,1719507,,,0,0,-0,0,4,0,0,Q99ZW2,,,false,Q99ZW2,Q99ZW2,,false,DKQSGK,ELGSQILKEHPVENTQLQNEK,672,790,6,21,2,8,673,797,4,,-1,0.015697,0.015697,9.407993,false,true,false,false,Self ,0.01846,0.01886,1.726908,,0.022428,0,0,0.024978,0,325,260,0,
Scan: 1486852 Run: DIA12_CV486075:20251228_A2_N1_Mueller_MS_TechHub_IMP_THIDDIAXL003_Cas9_PhoX_DIA12_CV486075_250ng_FAIMS_003 P1_KSEETITPWNFEEVVDKGASAQSFIER P2_IEKILTFR 1 3,DIA12_CV486075:20251228_A2_N1_Mueller_MS_TechHub_IMP_THIDDIAXL003_Cas9_PhoX_DIA12_CV486075_250ng_FAIMS_003,1486852,,,0,0,-0,0,4,0,0,Q99ZW2,,,false,Q99ZW2,Q99ZW2,,false,IEKILTFR,KSEETITPWNFEEVVDKGASAQSFIER,440,468,8,27,3,1,442,468,4,,-1,0.015558,0.015558,9.407647,false,true,false,false,Self ,0.01846,0.018928,1.727899,,0.022428,0,0,0,0,324,259,0,
Scan: 1330610 Run: DIA12_CV486075:20251228_A2_N1_Mueller_MS_TechHub_IMP_THIDDIAXL003_Cas9_PhoX_DIA12_CV486075_250ng_FAIMS_003 P1_YKEPLQQK P2_KDLIIK 2 1,DIA12_CV486075:20251228_A2_N1_Mueller_MS_TechHub_IMP_THIDDIAXL003_Cas9_PhoX_DIA12_CV486075_250ng_FAIMS_003,1330610,,,0,0,-0,0,3,0,0,Q99ZW2,,,false,decoy:Q99ZW2,decoy:Q99ZW2,decoy,true,KDLIIK,YKEPLQQK,1192,341,6,8,1,2,1192,342,3,,-1,0.015342,0.015342,9.407106,true,false,true,false,Self ,0.019036,0.019213,1.728891,,0.02313,0,1,0.025751,1,323,258,2,
Scan: 510428 Run: DIA12_CV486075:20251228_A2_N1_Mueller_MS_TechHub_IMP_THIDDIAXL003_Cas9_PhoX_DIA12_CV486075_250ng_FAIMS_001 P1_ENQTTQKGQK P2_ENQTTQKGQK 7 7,DIA12_CV486075:20251228_A2_N1_Mueller_MS_TechHub_IMP_THIDDIAXL003_Cas9_PhoX_DIA12_CV486075_250ng_FAIMS_001,510428,,,0,0,-0,0,3,0,0,Q99ZW2,,,false,Q99ZW2,Q99ZW2,,false,ENQTTQKGQK,ENQTTQKGQK,766,766,10,10,7,7,772,772,3,,-1,0.015294,0.015294,9.406987,false,true,false,false,Self ,0.019036,0.019079,1.729885,,0.02313,0,0,0.025751,0,322,257,0,
Scan: 873566 Run: DIA12_CV486075:20251228_A2_N1_Mueller_MS_TechHub_IMP_THIDDIAXL003_Cas9_PhoX_DIA12_CV486075_250ng_FAIMS_002 P1_QQLPEKYK P2_FIKPILEKMDGTEELLVK 6 3,DIA12_CV486075:20251228_A2_N1_Mueller_MS_TechHub_IMP_THIDDIAXL003_Cas9_PhoX_DIA12_CV486075_250ng_FAIMS_002,873566,,,0,0,-0,0,4,0,0,Q99ZW2,,,false,Q99ZW2,Q99ZW2,,false,FIKPILEKMDGTEELLVK,QQLPEKYK,375,341,18,8,3,6,377,346,4,,-1,0.015081,0.015081,9.406453,false,true,false,false,Self ,0.019036,0.019275,1.729885,,0.02313,0,0,0.025751,0,321,256,0,
Scan: 785916 Run: DIA12_CV486075:20251228_A2_N1_Mueller_MS_TechHub_IMP_THIDDIAXL003_Cas9_PhoX_DIA12_CV486075_250ng_FAIMS_002 P1_KKLVDSTDK P2_HPIFGNIVDEVAYHEKYPTIYHLR 1 16,DIA12_CV486075:20251228_A2_N1_Mueller_MS_TechHub_IMP_THIDDIAXL003_Cas9_PhoX_DIA12_CV486075_250ng_FAIMS_002,785916,,,0,0,-0,0,4,0,0,Q99ZW2,,,false,Q99ZW2,Q99ZW2,,false,HPIFGNIVDEVAYHEKYPTIYHLR,KKLVDSTDK,116,140,24,9,16,1,131,140,4,,-1,0.015034,0.015034,9.406336,false,true,false,false,Self ,0.019036,0.019317,1.729885,,0.02313,0,0,0.025751,0,320,255,0,
Scan: 556644 Run: DIA12_CV486075:20251228_A2_N1_Mueller_MS_TechHub_IMP_THIDDIAXL003_Cas9_PhoX_DIA12_CV486075_250ng_FAIMS_001 P1_SDKNR P2_MKNYWR 3 2,DIA12_CV486075:20251228_A2_N1_Mueller_MS_TechHub_IMP_THIDDIAXL003_Cas9_PhoX_DIA12_CV486075_250ng_FAIMS_001,556644,,,0,0,-0,0,3,0,0,Q99ZW2,,,false,Q99ZW2,Q99ZW2,,false,MKNYWR,SDKNR,879,860,6,5,2,3,880,862,3,,-1,0.014977,0.014977,9.406194,false,true,false,false,Self ,0.019036,0.019369,1.729885,,0.02313,0,0,0.025751,0,319,254,0,
Scan: 82599 Run: DIA12_CV486075:20251228_A2_N1_Mueller_MS_TechHub_IMP_THIDDIAXL003_Cas9_PhoX_DIA12_CV486075_250ng_FAIMS_001 P1_NSDKLIAR P2_NSDKLIAR 4 4,DIA12_CV486075:20251228_A2_N1_Mueller_MS_TechHub_IMP_THIDDIAXL003_Cas9_PhoX_DIA12_CV486075_250ng_FAIMS_001,82599,,,0,0,-0,0,4,0,0,Q99ZW2,,,false,Q99ZW2,Q99ZW2,,false,NSDKLIAR,NSDKLIAR,1115,1115,8,8,4,4,1118,1118,4,,-1,0.014809,0.014809,9.405774,false,true,false,false,Self ,0.019036,0.019523,1.72931,,0,0,0,0,0,318,1403,0,
Scan: 761326 Run: DIA12_CV486075:20251228_A2_N1_Mueller_MS_TechHub_IMP_THIDDIAXL003_Cas9_PhoX_DIA12_CV486075_250ng_FAIMS_002 P1_LKGSPEDNEQK P2_GNQLYYLYLKENQLQTNEVPHER 2 10,DIA12_CV486075:20251228_A2_N1_Mueller_MS_TechHub_IMP_THIDDIAXL003_Cas9_PhoX_DIA12_CV486075_250ng_FAIMS_002,761326,,,0,0,-0,0,5,0,0,decoy:Q99ZW2,decoy:,decoy,true,Q99ZW2,Q99ZW2,,false,GNQLYYLYLKENQLQTNEVPHER,LKGSPEDNEQK,798,1245,23,11,10,2,807,1246,5,,-1,0.014675,0.014675,9.40544,true,false,true,false,Self ,0.019645,0.019493,1.730305,,0.023883,1,0,0.026587,1,317,253,2,
Scan: 1411142 Run: DIA12_CV486075:20251228_A2_N1_Mueller_MS_TechHub_IMP_THIDDIAXL003_Cas9_PhoX_DIA12_CV486075_250ng_FAIMS_003 P1_RLENLIAQLPGEKK P2_ENQTTQKGQK 13 7,DIA12_CV486075:20251228_A2_N1_Mueller_MS_TechHub_IMP_THIDDIAXL003_Cas9_PhoX_DIA12_CV486075_250ng_FAIMS_003,1411142,,,0,0,-0,0,3,0,0,Q99ZW2,,,false,Q99ZW2,Q99ZW2,,false,ENQTTQKGQK,RLENLIAQLPGEKK,766,221,10,14,7,13,772,233,3,,-1,0.014467,0.014467,9.404919,false,true,false,false,Self ,0.019645,0.019755,1.730305,,0,0,0,0,0,316,980,0,
Scan: 801371 Run: DIA12_CV486075:20251228_A2_N1_Mueller_MS_TechHub_IMP_THIDDIAXL003_Cas9_PhoX_DIA12_CV486075_250ng_FAIMS_002 P1_LKGSPEDNEQK P2_KLVDSTDK 2 1,DIA12_CV486075:20251228_A2_N1_Mueller_MS_TechHub_IMP_THIDDIAXL003_Cas9_PhoX_DIA12_CV486075_250ng_FAIMS_002,801371,,,0,0,-0,0,3,0,0,Q99ZW2,,,false,Q99ZW2,Q99ZW2,,false,KLVDSTDK,LKGSPEDNEQK,141,1245,8,11,1,2,141,1246,3,,-1,0.014315,0.014315,9.404539,false,true,false,false,Self ,0.019645,0.019835,1.733295,,0.023883,0,0,0.026587,0,315,252,0,
Scan: 76137 Run: DIA12_CV486075:20251228_A2_N1_Mueller_MS_TechHub_IMP_THIDDIAXL003_Cas9_PhoX_DIA12_CV486075_250ng_FAIMS_001 P1_KPLISER P2_KLINGIR 1 1,DIA12_CV486075:20251228_A2_N1_Mueller_MS_TechHub_IMP_THIDDIAXL003_Cas9_PhoX_DIA12_CV486075_250ng_FAIMS_001,76137,,,0,0,-0,0,4,0,0,Q99ZW2,,,false,decoy:Q99ZW2,decoy:Q99ZW2,decoy,true,KLINGIR,KPLISER,665,1108,7,7,1,1,665,1108,4,,-1,0.013717,0.013717,9.403043,true,false,true,false,Self ,0.020151,0.020032,1.734717,,0.024465,0,1,0.027304,1,314,251,2,
Scan: 804916 Run: DIA12_CV486075:20251228_A2_N1_Mueller_MS_TechHub_IMP_THIDDIAXL003_Cas9_PhoX_DIA12_CV486075_250ng_FAIMS_002 P1_LVDSTDKADLR P2_LSKSR 7 3,DIA12_CV486075:20251228_A2_N1_Mueller_MS_TechHub_IMP_THIDDIAXL003_Cas9_PhoX_DIA12_CV486075_250ng_FAIMS_002,804916,,,0,0,-0,0,3,0,0,Q99ZW2,,,false,Q99ZW2,Q99ZW2,,false,LSKSR,LVDSTDKADLR,216,142,5,11,3,7,218,148,3,,-1,0.013653,0.013653,9.402883,false,true,false,false,Self ,0.020151,0.020173,1.735718,,0.024465,0,0,0.027304,0,313,250,0,
Scan: 1233452 Run: DIA12_CV486075:20251228_A2_N1_Mueller_MS_TechHub_IMP_THIDDIAXL003_Cas9_PhoX_DIA12_CV486075_250ng_FAIMS_003 P1_KTEVQTGGFSK P2_FIKPILEK 1 3,DIA12_CV486075:20251228_A2_N1_Mueller_MS_TechHub_IMP_THIDDIAXL003_Cas9_PhoX_DIA12_CV486075_250ng_FAIMS_003,1233452,,,0,0,-0,0,3,0,0,Q99ZW2,,,false,Q99ZW2,Q99ZW2,,false,FIKPILEK,KTEVQTGGFSK,375,1097,8,11,3,1,377,1097,3,,-1,0.013503,0.013503,9.402509,false,true,false,false,Self ,0.020151,0.020223,1.735718,,0.024465,0,0,0.027304,0,312,249,0,
Scan: 1448986 Run: DIA12_CV486075:20251228_A2_N1_Mueller_MS_TechHub_IMP_THIDDIAXL003_Cas9_PhoX_DIA12_CV486075_250ng_FAIMS_003 P1_YKEIFFDQSK P2_KTEVQTGGFSKESILPK 2 11,DIA12_CV486075:20251228_A2_N1_Mueller_MS_TechHub_IMP_THIDDIAXL003_Cas9_PhoX_DIA12_CV486075_250ng_FAIMS_003,1448986,,,0,0,-0,0,4,0,0,Q99ZW2,,,false,Q99ZW2,Q99ZW2,,false,KTEVQTGGFSKESILPK,YKEIFFDQSK,1097,347,17,10,11,2,1107,348,4,,-1,0.013268,0.013268,9.40192,false,true,false,false,Self ,0.020151,0.020303,1.738728,,0.024465,0,0,0,0,311,248,0,
Scan: 1203434 Run: DIA12_CV486075:20251228_A2_N1_Mueller_MS_TechHub_IMP_THIDDIAXL003_Cas9_PhoX_DIA12_CV486075_250ng_FAIMS_003 P1_NSDKLIAR P2_KMIAK 4 1,DIA12_CV486075:20251228_A2_N1_Mueller_MS_TechHub_IMP_THIDDIAXL003_Cas9_PhoX_DIA12_CV486075_250ng_FAIMS_003,1203434,,,0,0,-0,0,3,0,0,Q99ZW2,,,false,Q99ZW2,Q99ZW2,,false,KMIAK,NSDKLIAR,1020,1115,5,8,1,4,1020,1118,3,,-1,0.013032,0.013032,9.401332,false,true,false,false,Self ,0.020151,0.020382,1.739734,,0.024465,0,0,0.027304,0,310,247,0,
Scan: 504172 Run: DIA12_CV486075:20251228_A2_N1_Mueller_MS_TechHub_IMP_THIDDIAXL003_Cas9_PhoX_DIA12_CV486075_250ng_FAIMS_001 P1_VVDELVKVMGR P2_KPAFLSGEQK 7 1,DIA12_CV486075:20251228_A2_N1_Mueller_MS_TechHub_IMP_THIDDIAXL003_Cas9_PhoX_DIA12_CV486075_250ng_FAIMS_001,504172,,,0,0,-0,0,4,0,0,Q99ZW2,,,false,Q99ZW2,Q99ZW2,,false,KPAFLSGEQK,VVDELVKVMGR,536,743,10,11,1,7,536,749,4,,-1,0.013017,0.013017,9.401293,false,true,false,false,Self ,0.020151,0.020388,1.739734,,0.024465,0,0,0.027304,0,309,246,0,
Scan: 1598666 Run: DIA12_CV486075:20251228_A2_N1_Mueller_MS_TechHub_IMP_THIDDIAXL003_Cas9_PhoX_DIA12_CV486075_250ng_FAIMS_003 P1_KPAFLSGEQKK P2_DKQSGK 10 2,DIA12_CV486075:20251228_A2_N1_Mueller_MS_TechHub_IMP_THIDDIAXL003_Cas9_PhoX_DIA12_CV486075_250ng_FAIMS_003,1598666,,,0,0,-0,0,3,0,0,Q99ZW2,,,false,Q99ZW2,Q99ZW2,,false,DKQSGK,KPAFLSGEQKK,672,536,6,11,2,10,673,545,3,,-1,0.012536,0.012536,9.400092,false,true,false,false,Self ,0.020151,0.02055,1.746806,,0.024465,0,0,0.027304,0,308,245,0,
Scan: 944904 Run: DIA12_CV486075:20251228_A2_N1_Mueller_MS_TechHub_IMP_THIDDIAXL003_Cas9_PhoX_DIA12_CV486075_250ng_FAIMS_002 P1_VKYVTEGMR P2_SEETITPWNFEEVVDKGASAQSFIER 2 16,DIA12_CV486075:20251228_A2_N1_Mueller_MS_TechHub_IMP_THIDDIAXL003_Cas9_PhoX_DIA12_CV486075_250ng_FAIMS_002,944904,,,0,0,-0,0,4,0,0,Q99ZW2,,,false,Q99ZW2,Q99ZW2,,false,SEETITPWNFEEVVDKGASAQSFIER,VKYVTEGMR,469,527,26,9,16,2,484,528,4,,-1,0.012223,0.012223,9.39931,false,true,false,false,Self ,0.020151,0.020656,1.749855,,0.024465,0,0,0,0,307,244,0,
Scan: 1764456 Run: DIA12_CV486075:20251228_A2_N1_Mueller_MS_TechHub_IMP_THIDDIAXL003_Cas9_PhoX_DIA12_CV486075_250ng_FAIMS_003 P1_GGLSELDKAGFIK P2_EVKVITLK 8 3,DIA12_CV486075:20251228_A2_N1_Mueller_MS_TechHub_IMP_THIDDIAXL003_Cas9_PhoX_DIA12_CV486075_250ng_FAIMS_003,1764456,,,0,0,-0,0,3,0,0,Q99ZW2,,,false,Q99ZW2,Q99ZW2,,false,EVKVITLK,GGLSELDKAGFIK,952,906,8,13,3,8,954,913,3,,-1,0.012166,0.012166,9.399165,false,true,false,false,Self ,0.020151,0.020675,1.750873,,0.024465,0,0,0.027304,0,306,243,0,
Scan: 1272177 Run: DIA12_CV486075:20251228_A2_N1_Mueller_MS_TechHub_IMP_THIDDIAXL003_Cas9_PhoX_DIA12_CV486075_250ng_FAIMS_003 P1_YKEIFFDQSK P2_LEESFLVEEDKKHER 2 11,DIA12_CV486075:20251228_A2_N1_Mueller_MS_TechHub_IMP_THIDDIAXL003_Cas9_PhoX_DIA12_CV486075_250ng_FAIMS_003,1272177,,,0,0,-0,0,4,0,0,Q99ZW2,,,false,Q99ZW2,Q99ZW2,,false,LEESFLVEEDKKHER,YKEIFFDQSK,101,347,15,10,11,2,111,348,4,,-1,0.012054,0.012054,9.398887,false,true,false,false,Self ,0.020151,0.020713,1.751893,,0.024465,0,0,0,0,305,242,0,
Scan: 1452217 Run: DIA12_CV486075:20251228_A2_N1_Mueller_MS_TechHub_IMP_THIDDIAXL003_Cas9_PhoX_DIA12_CV486075_250ng_FAIMS_003 P1_YKEIFFDQSK P2_QQLPEKYKEIFFDQSK 2 8,DIA12_CV486075:20251228_A2_N1_Mueller_MS_TechHub_IMP_THIDDIAXL003_Cas9_PhoX_DIA12_CV486075_250ng_FAIMS_003,1452217,,,0,0,-0,0,4,0,0,Q99ZW2,,,false,Q99ZW2,Q99ZW2,,false,QQLPEKYKEIFFDQSK,YKEIFFDQSK,341,347,16,10,8,2,348,348,4,,-1,0.011932,0.011932,9.398582,false,true,false,false,Self ,0.020151,0.020754,1.751893,,0.024465,0,0,0,0,304,241,0,
Scan: 1553809 Run: DIA12_CV486075:20251228_A2_N1_Mueller_MS_TechHub_IMP_THIDDIAXL003_Cas9_PhoX_DIA12_CV486075_250ng_FAIMS_003 P1_ENPLNKDFNTMK P2_EDIQKAQVSGQGDSLHEHIANLAGSPAIK 6 5,DIA12_CV486075:20251228_A2_N1_Mueller_MS_TechHub_IMP_THIDDIAXL003_Cas9_PhoX_DIA12_CV486075_250ng_FAIMS_003,1553809,,,0,0,-0,0,5,0,0,Q99ZW2,,,false,decoy:Q99ZW2,decoy:Q99ZW2,decoy,true,EDIQKAQVSGQGDSLHEHIANLAGSPAIK,ENPLNKDFNTMK,706,495,29,12,5,6,710,500,5,,-1,0.011891,0.011891,9.398479,true,false,true,false,Self ,0.020768,0.02108,1.751893,,0.025229,0,1,0.028157,1,303,240,2,
Scan: 603730 Run: DIA12_CV486075:20251228_A2_N1_Mueller_MS_TechHub_IMP_THIDDIAXL003_Cas9_PhoX_DIA12_CV486075_250ng_FAIMS_002 P1_MIAKSEQEIGK P2_LESEFVYGDYKVYDVR 4 11,DIA12_CV486075:20251228_A2_N1_Mueller_MS_TechHub_IMP_THIDDIAXL003_Cas9_PhoX_DIA12_CV486075_250ng_FAIMS_002,603730,,,0,0,-0,0,3,0,0,Q99ZW2,,,false,Q99ZW2,Q99ZW2,,false,LESEFVYGDYKVYDVR,MIAKSEQEIGK,1004,1021,16,11,11,4,1014,1024,3,,-1,0.011677,0.011677,9.397944,false,true,false,false,Self ,0.020768,0.020994,1.751893,,0,0,0,0,0,302,1395,0,
Scan: 1172010 Run: DIA12_CV486075:20251228_A2_N1_Mueller_MS_TechHub_IMP_THIDDIAXL003_Cas9_PhoX_DIA12_CV486075_250ng_FAIMS_002 P1_TEVLQRKIFGAKDLESLGGR P2_QITKHVAQILDSR 7 4,DIA12_CV486075:20251228_A2_N1_Mueller_MS_TechHub_IMP_THIDDIAXL003_Cas9_PhoX_DIA12_CV486075_250ng_FAIMS_002,1172010,,,0,0,-0,0,5,0,0,Q99ZW2,,,false,decoy:Q99ZW2,decoy:Q99ZW2,decoy,true,QITKHVAQILDSR,TEVLQRKIFGAKDLESLGGR,926,906,13,20,4,7,929,912,5,,-1,0.011322,0.011322,9.397056,true,false,true,false,Self ,0.02137,0.021563,1.753792,,0.025974,0,1,0.028986,1,301,239,2,
Scan: 946392 Run: DIA12_CV486075:20251228_A2_N1_Mueller_MS_TechHub_IMP_THIDDIAXL003_Cas9_PhoX_DIA12_CV486075_250ng_FAIMS_002 P1_SEETITPWNFEEVVDKGASAQSFIER P2_KLINGIR 16 1,DIA12_CV486075:20251228_A2_N1_Mueller_MS_TechHub_IMP_THIDDIAXL003_Cas9_PhoX_DIA12_CV486075_250ng_FAIMS_002,946392,,,0,0,-0,0,5,0,0,Q99ZW2,,,false,Q99ZW2,Q99ZW2,,false,KLINGIR,SEETITPWNFEEVVDKGASAQSFIER,665,469,7,26,1,16,665,484,5,,-1,0.01119,0.01119,9.396725,false,true,false,false,Self ,0.02137,0.021642,1.754816,,0,0,0,0,0,300,1459,0,
Scan: 1451504 Run: DIA12_CV486075:20251228_A2_N1_Mueller_MS_TechHub_IMP_THIDDIAXL003_Cas9_PhoX_DIA12_CV486075_250ng_FAIMS_003 P1_YKEIFFDQSK P2_VNTEITKAPLSASMIK 2 7,DIA12_CV486075:20251228_A2_N1_Mueller_MS_TechHub_IMP_THIDDIAXL003_Cas9_PhoX_DIA12_CV486075_250ng_FAIMS_003,1451504,,,0,0,-0,0,4,0,0,Q99ZW2,,,false,Q99ZW2,Q99ZW2,,false,VNTEITKAPLSASMIK,YKEIFFDQSK,308,347,16,10,7,2,314,348,4,,-1,0.011179,0.011179,9.396699,false,true,false,false,Self ,0.02137,0.021663,1.754816,,0.025974,0,0,0.028986,0,299,238,0,
Scan: 1608749 Run: DIA12_CV486075:20251228_A2_N1_Mueller_MS_TechHub_IMP_THIDDIAXL003_Cas9_PhoX_DIA12_CV486075_250ng_FAIMS_003 P1_LKGSPEDNEQK P2_FYDEKLQK 2 5,DIA12_CV486075:20251228_A2_N1_Mueller_MS_TechHub_IMP_THIDDIAXL003_Cas9_PhoX_DIA12_CV486075_250ng_FAIMS_003,1608749,,,0,0,-0,0,3,0,0,decoy:Q99ZW2,decoy:,decoy,true,Q99ZW2,Q99ZW2,,false,FYDEKLQK,LKGSPEDNEQK,563,1245,8,11,5,2,567,1246,3,,-1,0.011029,0.011029,9.396324,true,false,true,false,Self ,0.021971,0.021917,1.754816,,0.026697,1,0,0.029787,1,298,237,2,
Scan: 540605 Run: DIA12_CV486075:20251228_A2_N1_Mueller_MS_TechHub_IMP_THIDDIAXL003_Cas9_PhoX_DIA12_CV486075_250ng_FAIMS_001 P1_KRPLIETNGETGEIVWDK P2_DDSIDNKVLTR 1 7,DIA12_CV486075:20251228_A2_N1_Mueller_MS_TechHub_IMP_THIDDIAXL003_Cas9_PhoX_DIA12_CV486075_250ng_FAIMS_001,540605,,,0,0,-0,0,4,0,0,Q99ZW2,,,false,Q99ZW2,Q99ZW2,,false,DDSIDNKVLTR,KRPLIETNGETGEIVWDK,849,1059,11,18,7,1,855,1059,4,,-1,0.010935,0.010935,9.396089,false,true,false,false,Self ,0.021971,0.022129,1.754816,,0.026697,0,0,0.029787,0,297,236,0,
Scan: 759567 Run: DIA12_CV486075:20251228_A2_N1_Mueller_MS_TechHub_IMP_THIDDIAXL003_Cas9_PhoX_DIA12_CV486075_250ng_FAIMS_002 P1_LKGSPEDNEQK P2_LKGSPEDNEQK 2 2,DIA12_CV486075:20251228_A2_N1_Mueller_MS_TechHub_IMP_THIDDIAXL003_Cas9_PhoX_DIA12_CV486075_250ng_FAIMS_002,759567,,,0,0,-0,0,3,0,0,Q99ZW2,,,false,Q99ZW2,Q99ZW2,,false,LKGSPEDNEQK,LKGSPEDNEQK,1245,1245,11,11,2,2,1246,1246,3,,-1,0.010748,0.010748,9.395622,false,true,false,false,Self ,0.021971,0.022443,1.755841,,0.026697,0,0,0.029787,0,296,235,0,
Scan: 353785 Run: DIA12_CV486075:20251228_A2_N1_Mueller_MS_TechHub_IMP_THIDDIAXL003_Cas9_PhoX_DIA12_CV486075_250ng_FAIMS_001 P1_SSFEKNPIDFLEAK P2_ENPLNKDFNTMK 5 6,DIA12_CV486075:20251228_A2_N1_Mueller_MS_TechHub_IMP_THIDDIAXL003_Cas9_PhoX_DIA12_CV486075_250ng_FAIMS_001,353785,,,0,0,-0,0,3,0,0,decoy:Q99ZW2,decoy:,decoy,true,Q99ZW2,Q99ZW2,,false,ENPLNKDFNTMK,SSFEKNPIDFLEAK,495,1172,12,14,6,5,500,1176,3,,-1,0.010731,0.010731,9.39558,true,false,true,false,Self ,0.022472,0.022121,1.755841,,0.027314,1,0,0.030508,1,295,234,2,
Scan: 1330064 Run: DIA12_CV486075:20251228_A2_N1_Mueller_MS_TechHub_IMP_THIDDIAXL003_Cas9_PhoX_DIA12_CV486075_250ng_FAIMS_003 P1_GYKEVK P2_DKQSGK 3 2,DIA12_CV486075:20251228_A2_N1_Mueller_MS_TechHub_IMP_THIDDIAXL003_Cas9_PhoX_DIA12_CV486075_250ng_FAIMS_003,1330064,,,0,0,-0,0,3,0,0,Q99ZW2,,,false,Q99ZW2,Q99ZW2,,false,DKQSGK,GYKEVK,672,1186,6,6,2,3,673,1188,3,,-1,0.010606,0.010606,9.395265,false,true,false,false,Self ,0.022472,0.02251,1.756867,,0.027314,0,0,0.030508,0,294,233,0,
Scan: 1492712 Run: DIA12_CV486075:20251228_A2_N1_Mueller_MS_TechHub_IMP_THIDDIAXL003_Cas9_PhoX_DIA12_CV486075_250ng_FAIMS_003 P1_QEDFYPFLKDNR P2_KNLIGALLFDSGETAEATR 9 1,DIA12_CV486075:20251228_A2_N1_Mueller_MS_TechHub_IMP_THIDDIAXL003_Cas9_PhoX_DIA12_CV486075_250ng_FAIMS_003,1492712,,,0,0,-0,0,4,0,0,Q99ZW2,,,false,Q99ZW2,Q99ZW2,,false,KNLIGALLFDSGETAEATR,QEDFYPFLKDNR,45,426,19,12,1,9,45,434,4,,-1,0.010484,0.010484,9.394962,false,true,false,false,Self ,0.022472,0.022546,1.758923,,0.027314,0,0,0,0,293,232,0,
Scan: 1158956 Run: DIA12_CV486075:20251228_A2_N1_Mueller_MS_TechHub_IMP_THIDDIAXL003_Cas9_PhoX_DIA12_CV486075_250ng_FAIMS_002 P1_KFDNLTK P2_KFDNLTK 1 1,DIA12_CV486075:20251228_A2_N1_Mueller_MS_TechHub_IMP_THIDDIAXL003_Cas9_PhoX_DIA12_CV486075_250ng_FAIMS_002,1158956,,,0,0,-0,0,3,0,0,Q99ZW2,,,false,Q99ZW2,Q99ZW2,,false,KFDNLTK,KFDNLTK,896,896,7,7,1,1,896,896,3,,-1,0.010298,0.010298,9.394496,false,true,false,false,Self ,0.022472,0.022602,1.760984,,0.027314,0,0,0.030508,0,292,231,0,
Scan: 1692812 Run: DIA12_CV486075:20251228_A2_N1_Mueller_MS_TechHub_IMP_THIDDIAXL003_Cas9_PhoX_DIA12_CV486075_250ng_FAIMS_003 P1_GILQTVKVVDELVK P2_EHPVENTQLQNEKLYLYYLQNGR 7 13,DIA12_CV486075:20251228_A2_N1_Mueller_MS_TechHub_IMP_THIDDIAXL003_Cas9_PhoX_DIA12_CV486075_250ng_FAIMS_003,1692812,,,0,0,-0,0,5,0,0,Q99ZW2,,,false,Q99ZW2,Q99ZW2,,false,EHPVENTQLQNEKLYLYYLQNGR,GILQTVKVVDELVK,798,736,23,14,13,7,810,742,5,,-1,0.010199,0.010199,9.394248,false,true,false,false,Self ,0.022472,0.022632,1.760984,,0.027314,0,0,0.030508,0,291,230,0,
Scan: 1178990 Run: DIA12_CV486075:20251228_A2_N1_Mueller_MS_TechHub_IMP_THIDDIAXL003_Cas9_PhoX_DIA12_CV486075_250ng_FAIMS_002 P1_MNTKYDENDKLIR P2_KLINGIR 4 1,DIA12_CV486075:20251228_A2_N1_Mueller_MS_TechHub_IMP_THIDDIAXL003_Cas9_PhoX_DIA12_CV486075_250ng_FAIMS_002,1178990,,,0,0,-0,0,3,0,0,Q99ZW2,,,false,Q99ZW2,Q99ZW2,,false,KLINGIR,MNTKYDENDKLIR,665,939,7,13,1,4,665,942,3,,-1,0.010176,0.010176,9.39419,false,true,false,false,Self ,0.022472,0.022639,1.760984,,0.027314,0,0,0,0,290,229,0,
Scan: 684397 Run: DIA12_CV486075:20251228_A2_N1_Mueller_MS_TechHub_IMP_THIDDIAXL003_Cas9_PhoX_DIA12_CV486075_250ng_FAIMS_002 P1_VLSAYNKHR P2_NSDKLIAR 7 4,DIA12_CV486075:20251228_A2_N1_Mueller_MS_TechHub_IMP_THIDDIAXL003_Cas9_PhoX_DIA12_CV486075_250ng_FAIMS_002,684397,,,0,0,-0,0,4,0,0,Q99ZW2,,,false,Q99ZW2,Q99ZW2,,false,NSDKLIAR,VLSAYNKHR,1115,1290,8,9,4,7,1118,1296,4,,-1,0.009476,0.009476,9.392442,false,true,false,false,Self ,0.022472,0.022849,1.764533,,0,0,0,0,0,289,1380,0,
Scan: 695398 Run: DIA12_CV486075:20251228_A2_N1_Mueller_MS_TechHub_IMP_THIDDIAXL003_Cas9_PhoX_DIA12_CV486075_250ng_FAIMS_002 P1_KYGGFDSPTVAYSVLVVAK P2_KKDWDPK 1 2,DIA12_CV486075:20251228_A2_N1_Mueller_MS_TechHub_IMP_THIDDIAXL003_Cas9_PhoX_DIA12_CV486075_250ng_FAIMS_002,695398,,,0,0,-0,0,5,0,0,Q99ZW2,,,false,Q99ZW2,Q99ZW2,,false,KKDWDPK,KYGGFDSPTVAYSVLVVAK,1123,1130,7,19,2,1,1124,1130,5,,-1,0.009473,0.009473,9.392434,false,true,false,false,Self ,0.022472,0.02285,1.764533,,0,0,0,0,0,288,1262,0,
Scan: 588392 Run: DIA12_CV486075:20251228_A2_N1_Mueller_MS_TechHub_IMP_THIDDIAXL003_Cas9_PhoX_DIA12_CV486075_250ng_FAIMS_001 P1_SKLVSDFR P2_DKPIR 2 2,DIA12_CV486075:20251228_A2_N1_Mueller_MS_TechHub_IMP_THIDDIAXL003_Cas9_PhoX_DIA12_CV486075_250ng_FAIMS_001,588392,,,0,0,-0,0,3,0,0,Q99ZW2,,,false,Q99ZW2,Q99ZW2,,false,DKPIR,SKLVSDFR,1299,960,5,8,2,2,1300,961,3,,-1,0.00926,0.00926,9.391901,false,true,false,false,Self ,0.022472,0.022914,1.76557,,0.027314,0,0,0.030508,0,287,228,0,
Scan: 1194276 Run: DIA12_CV486075:20251228_A2_N1_Mueller_MS_TechHub_IMP_THIDDIAXL003_Cas9_PhoX_DIA12_CV486075_250ng_FAIMS_002 P1_GQKNSR P2_DFQFYKVR 3 6,DIA12_CV486075:20251228_A2_N1_Mueller_MS_TechHub_IMP_THIDDIAXL003_Cas9_PhoX_DIA12_CV486075_250ng_FAIMS_002,1194276,,,0,0,-0,0,4,0,0,Q99ZW2,,,false,Q99ZW2,Q99ZW2,,false,DFQFYKVR,GQKNSR,969,773,8,6,6,3,974,775,4,,-1,0.00909,0.00909,9.391476,false,true,false,false,Self ,0.022472,0.022965,1.76557,,0.027314,0,0,0.030508,0,286,227,0,
Scan: 1499634 Run: DIA12_CV486075:20251228_A2_N1_Mueller_MS_TechHub_IMP_THIDDIAXL003_Cas9_PhoX_DIA12_CV486075_250ng_FAIMS_003 P1_VLAKLLTLDQHHEDYR P2_KSEETITPWNFEEVVDK 4 1,DIA12_CV486075:20251228_A2_N1_Mueller_MS_TechHub_IMP_THIDDIAXL003_Cas9_PhoX_DIA12_CV486075_250ng_FAIMS_003,1499634,,,0,0,-0,0,4,0,0,Q99ZW2,,,false,decoy:Q99ZW2,decoy:Q99ZW2,decoy,true,KSEETITPWNFEEVVDK,VLAKLLTLDQHHEDYR,468,325,17,16,1,4,468,328,4,,-1,0.008989,0.008989,9.391223,true,false,true,false,Self ,0.022996,0.023029,1.76557,,0.027967,0,1,0.03125,1,285,226,2,
Scan: 1610000 Run: DIA12_CV486075:20251228_A2_N1_Mueller_MS_TechHub_IMP_THIDDIAXL003_Cas9_PhoX_DIA12_CV486075_250ng_FAIMS_003 P1_YDEHHQDLTLLKALVR P2_KIECFDSVEISGVEDR 12 1,DIA12_CV486075:20251228_A2_N1_Mueller_MS_TechHub_IMP_THIDDIAXL003_Cas9_PhoX_DIA12_CV486075_250ng_FAIMS_003,1610000,,,0,0,-0,0,4,0,0,Q99ZW2,,,false,Q99ZW2,Q99ZW2,,false,KIECFDSVEISGVEDR,YDEHHQDLTLLKALVR,571,325,16,16,1,12,571,336,4,,-1,0.008454,0.008454,9.389885,false,true,false,false,Self ,0.022996,0.023177,1.766608,,0.027967,0,0,0.03125,0,284,225,0,
Scan: 142644 Run: DIA12_CV486075:20251228_A2_N1_Mueller_MS_TechHub_IMP_THIDDIAXL003_Cas9_PhoX_DIA12_CV486075_250ng_FAIMS_001 P1_TEVQTGGFSKESILPK P2_LPKYSLFELENGRK 10 3,DIA12_CV486075:20251228_A2_N1_Mueller_MS_TechHub_IMP_THIDDIAXL003_Cas9_PhoX_DIA12_CV486075_250ng_FAIMS_001,142644,,,0,0,-0,0,4,0,0,Q99ZW2,,,false,Q99ZW2,Q99ZW2,,false,LPKYSLFELENGRK,TEVQTGGFSKESILPK,1198,1098,14,16,3,10,1200,1107,4,,-1,0.008261,0.008261,9.389403,false,true,false,false,Self ,0.022996,0.023242,1.766608,,0.027967,0,0,0,0,283,224,0,
Scan: 1704153 Run: DIA12_CV486075:20251228_A2_N1_Mueller_MS_TechHub_IMP_THIDDIAXL003_Cas9_PhoX_DIA12_CV486075_250ng_FAIMS_003 P1_KDLIIK P2_ENQTTQKGQK 1 7,DIA12_CV486075:20251228_A2_N1_Mueller_MS_TechHub_IMP_THIDDIAXL003_Cas9_PhoX_DIA12_CV486075_250ng_FAIMS_003,1704153,,,0,0,-0,0,3,0,0,Q99ZW2,,,false,Q99ZW2,Q99ZW2,,false,ENQTTQKGQK,KDLIIK,766,1192,10,6,7,1,772,1192,3,,-1,0.007982,0.007982,9.388706,false,true,false,false,Self ,0.022996,0.023336,1.767647,,0.027967,0,0,0.03125,0,282,223,0,
Scan: 1675768 Run: DIA12_CV486075:20251228_A2_N1_Mueller_MS_TechHub_IMP_THIDDIAXL003_Cas9_PhoX_DIA12_CV486075_250ng_FAIMS_003 P1_TEVQTGGFSKESILPK P2_AQVSGQGDSLHEHIANLAGSPAIKK 10 24,DIA12_CV486075:20251228_A2_N1_Mueller_MS_TechHub_IMP_THIDDIAXL003_Cas9_PhoX_DIA12_CV486075_250ng_FAIMS_003,1675768,,,0,0,-0,0,5,0,0,Q99ZW2,,,false,Q99ZW2,Q99ZW2,,false,AQVSGQGDSLHEHIANLAGSPAIKK,TEVQTGGFSKESILPK,711,1098,25,16,24,10,734,1107,5,,-1,0.007905,0.007905,9.388513,false,true,false,false,Self ,0.022996,0.023362,1.768687,,0.027967,0,0,0.03125,0,281,222,0,
Scan: 811248 Run: DIA12_CV486075:20251228_A2_N1_Mueller_MS_TechHub_IMP_THIDDIAXL003_Cas9_PhoX_DIA12_CV486075_250ng_FAIMS_002 P1_LENLIAQLPGEKK P2_KKDWDPK 12 1,DIA12_CV486075:20251228_A2_N1_Mueller_MS_TechHub_IMP_THIDDIAXL003_Cas9_PhoX_DIA12_CV486075_250ng_FAIMS_002,811248,,,0,0,-0,0,4,0,0,Q99ZW2,,,false,Q99ZW2,Q99ZW2,,false,KKDWDPK,LENLIAQLPGEKK,1123,222,7,13,1,12,1123,233,4,,-1,0.007678,0.007678,9.387945,false,true,false,false,Self ,0.022996,0.023439,1.769729,,0.027967,0,0,0.03125,0,280,221,0,
Scan: 1648731 Run: DIA12_CV486075:20251228_A2_N1_Mueller_MS_TechHub_IMP_THIDDIAXL003_Cas9_PhoX_DIA12_CV486075_250ng_FAIMS_003 P1_KKDWDPK P2_EDIQKAQVSGQGDSLHEHIANLAGSPAIK 1 5,DIA12_CV486075:20251228_A2_N1_Mueller_MS_TechHub_IMP_THIDDIAXL003_Cas9_PhoX_DIA12_CV486075_250ng_FAIMS_003,1648731,,,0,0,-0,0,5,0,0,Q99ZW2,,,false,Q99ZW2,Q99ZW2,,false,EDIQKAQVSGQGDSLHEHIANLAGSPAIK,KKDWDPK,706,1123,29,7,5,1,710,1123,5,,-1,0.007667,0.007667,9.387918,false,true,false,false,Self ,0.022996,0.023443,1.769729,,0,0,0,0,0,279,1317,0,
Scan: 617975 Run: DIA12_CV486075:20251228_A2_N1_Mueller_MS_TechHub_IMP_THIDDIAXL003_Cas9_PhoX_DIA12_CV486075_250ng_FAIMS_002 P1_KRPLIETNGETGEIVWDK P2_KRPLIETNGETGEIVWDK 1 1,DIA12_CV486075:20251228_A2_N1_Mueller_MS_TechHub_IMP_THIDDIAXL003_Cas9_PhoX_DIA12_CV486075_250ng_FAIMS_002,617975,,,0,0,-0,0,4,0,0,Q99ZW2,,,false,Q99ZW2,Q99ZW2,,false,KRPLIETNGETGEIVWDK,KRPLIETNGETGEIVWDK,1059,1059,18,18,1,1,1059,1059,4,,-1,0.007267,0.007267,9.38692,false,true,false,false,Self ,0.022996,0.023577,1.770772,,0,0,0,0,0,278,1278,0,
Scan: 1350616 Run: DIA12_CV486075:20251228_A2_N1_Mueller_MS_TechHub_IMP_THIDDIAXL003_Cas9_PhoX_DIA12_CV486075_250ng_FAIMS_003 P1_KPLISER P2_GNELALPSKYVNFLYLASHYEK 1 9,DIA12_CV486075:20251228_A2_N1_Mueller_MS_TechHub_IMP_THIDDIAXL003_Cas9_PhoX_DIA12_CV486075_250ng_FAIMS_003,1350616,,,0,0,-0,0,4,0,0,Q99ZW2,,,false,decoy:Q99ZW2,decoy:Q99ZW2,decoy,true,GNELALPSKYVNFLYLASHYEK,KPLISER,1223,1108,22,7,9,1,1231,1108,4,,-1,0.00715,0.00715,9.386626,true,false,true,false,Self ,0.023617,0.024043,1.771226,,0.028723,0,1,0.032095,1,277,220,2,
Scan: 1392962 Run: DIA12_CV486075:20251228_A2_N1_Mueller_MS_TechHub_IMP_THIDDIAXL003_Cas9_PhoX_DIA12_CV486075_250ng_FAIMS_003 P1_YTSTKEVLDATLIHQSITGLYETR P2_HQEVFLQKQENDEPSGK 5 8,DIA12_CV486075:20251228_A2_N1_Mueller_MS_TechHub_IMP_THIDDIAXL003_Cas9_PhoX_DIA12_CV486075_250ng_FAIMS_003,1392962,,,0,0,-0,0,5,0,0,decoy:Q99ZW2,decoy:,decoy,true,Q99ZW2,Q99ZW2,,false,HQEVFLQKQENDEPSGK,YTSTKEVLDATLIHQSITGLYETR,1247,1336,17,24,8,5,1254,1340,5,,-1,0.007096,0.007096,9.386491,true,false,true,false,Self ,0.024074,0.023647,1.771226,,0.029257,1,0,0.032718,1,276,219,2,
Scan: 741774 Run: DIA12_CV486075:20251228_A2_N1_Mueller_MS_TechHub_IMP_THIDDIAXL003_Cas9_PhoX_DIA12_CV486075_250ng_FAIMS_002 P1_LPKYSLFELENGR P2_GYKEVK 3 3,DIA12_CV486075:20251228_A2_N1_Mueller_MS_TechHub_IMP_THIDDIAXL003_Cas9_PhoX_DIA12_CV486075_250ng_FAIMS_002,741774,,,0,0,-0,0,3,0,0,Q99ZW2,,,false,Q99ZW2,Q99ZW2,,false,GYKEVK,LPKYSLFELENGR,1186,1198,6,13,3,3,1188,1200,3,,-1,0.006983,0.006983,9.386208,false,true,false,false,Self ,0.024074,0.024111,1.771226,,0.029257,0,0,0.032718,0,275,218,0,
Scan: 1768063 Run: DIA12_CV486075:20251228_A2_N1_Mueller_MS_TechHub_IMP_THIDDIAXL003_Cas9_PhoX_DIA12_CV486075_250ng_FAIMS_003 P1_QITKHVAQILDSR P2_DKQSGK 4 2,DIA12_CV486075:20251228_A2_N1_Mueller_MS_TechHub_IMP_THIDDIAXL003_Cas9_PhoX_DIA12_CV486075_250ng_FAIMS_003,1768063,,,0,0,-0,0,4,0,0,Q99ZW2,,,false,Q99ZW2,Q99ZW2,,false,DKQSGK,QITKHVAQILDSR,672,926,6,13,2,4,673,929,4,,-1,0.006931,0.006931,9.386078,false,true,false,false,Self ,0.024074,0.024128,1.772271,,0.029257,0,0,0.032718,0,274,217,0,
Scan: 1486532 Run: DIA12_CV486075:20251228_A2_N1_Mueller_MS_TechHub_IMP_THIDDIAXL003_Cas9_PhoX_DIA12_CV486075_250ng_FAIMS_003 P1_QQLPEKYK P2_IEKILTFR 6 3,DIA12_CV486075:20251228_A2_N1_Mueller_MS_TechHub_IMP_THIDDIAXL003_Cas9_PhoX_DIA12_CV486075_250ng_FAIMS_003,1486532,,,0,0,-0,0,3,0,0,Q99ZW2,,,false,Q99ZW2,Q99ZW2,,false,IEKILTFR,QQLPEKYK,440,341,8,8,3,6,442,346,3,,-1,0.006615,0.006615,9.385289,false,true,false,false,Self ,0.024074,0.024232,1.774365,,0.029257,0,0,0.032718,0,273,216,0,
Scan: 1676325 Run: DIA12_CV486075:20251228_A2_N1_Mueller_MS_TechHub_IMP_THIDDIAXL003_Cas9_PhoX_DIA12_CV486075_250ng_FAIMS_003 P1_SEETITPWNFEEVVDKGASAQSFIER P2_AQVSGQGDSLHEHIANLAGSPAIKK 16 24,DIA12_CV486075:20251228_A2_N1_Mueller_MS_TechHub_IMP_THIDDIAXL003_Cas9_PhoX_DIA12_CV486075_250ng_FAIMS_003,1676325,,,0,0,-0,0,5,0,0,Q99ZW2,,,false,Q99ZW2,Q99ZW2,,false,AQVSGQGDSLHEHIANLAGSPAIKK,SEETITPWNFEEVVDKGASAQSFIER,711,469,25,26,24,16,734,484,5,,-1,0.006361,0.006361,9.384653,false,true,false,false,Self ,0.024074,0.024316,1.775414,,0.029257,0,0,0.032718,0,272,215,0,
Scan: 30138 Run: DIA12_CV486075:20251228_A2_N1_Mueller_MS_TechHub_IMP_THIDDIAXL003_Cas9_PhoX_DIA12_CV486075_250ng_FAIMS_001 P1_KTEVQTGGFSK P2_KRPLIETNGETGEIVWDKGR 1 18,DIA12_CV486075:20251228_A2_N1_Mueller_MS_TechHub_IMP_THIDDIAXL003_Cas9_PhoX_DIA12_CV486075_250ng_FAIMS_001,30138,,,0,0,-0,0,5,0,0,Q99ZW2,,,false,Q99ZW2,Q99ZW2,,false,KRPLIETNGETGEIVWDKGR,KTEVQTGGFSK,1059,1097,20,11,18,1,1076,1097,5,,-1,0.00629,0.00629,9.384476,false,true,false,false,Self ,0.024074,0.024339,1.775414,,0.029257,0,0,0,0,271,214,0,
Scan: 1448770 Run: DIA12_CV486075:20251228_A2_N1_Mueller_MS_TechHub_IMP_THIDDIAXL003_Cas9_PhoX_DIA12_CV486075_250ng_FAIMS_003 P1_YKEIFFDQSK P2_KVLSMPQVNIVK 2 1,DIA12_CV486075:20251228_A2_N1_Mueller_MS_TechHub_IMP_THIDDIAXL003_Cas9_PhoX_DIA12_CV486075_250ng_FAIMS_003,1448770,,,0,0,-0,0,3,0,0,Q99ZW2,,,false,Q99ZW2,Q99ZW2,,false,KVLSMPQVNIVK,YKEIFFDQSK,1085,347,12,10,1,2,1085,348,3,,-1,0.006198,0.006198,9.384247,false,true,false,false,Self ,0.024074,0.02437,1.776464,,0.029257,0,0,0.032718,0,270,213,0,
Scan: 216692 Run: DIA12_CV486075:20251228_A2_N1_Mueller_MS_TechHub_IMP_THIDDIAXL003_Cas9_PhoX_DIA12_CV486075_250ng_FAIMS_001 P1_LENLIAQLPGEKK P2_ELGSQILKEHPVENTQLQNEK 12 8,DIA12_CV486075:20251228_A2_N1_Mueller_MS_TechHub_IMP_THIDDIAXL003_Cas9_PhoX_DIA12_CV486075_250ng_FAIMS_001,216692,,,0,0,-0,0,4,0,0,Q99ZW2,,,false,Q99ZW2,Q99ZW2,,false,ELGSQILKEHPVENTQLQNEK,LENLIAQLPGEKK,790,222,21,13,8,12,797,233,4,,-1,0.006,0.006,9.38375,false,true,false,false,Self ,0.024074,0.024435,1.778567,,0.029257,0,0,0.032718,0,269,212,0,
Scan: 1737266 Run: DIA12_CV486075:20251228_A2_N1_Mueller_MS_TechHub_IMP_THIDDIAXL003_Cas9_PhoX_DIA12_CV486075_250ng_FAIMS_003 P1_GKSDNVPSEEVVK P2_DDSIDNKVLTR 2 7,DIA12_CV486075:20251228_A2_N1_Mueller_MS_TechHub_IMP_THIDDIAXL003_Cas9_PhoX_DIA12_CV486075_250ng_FAIMS_003,1737266,,,0,0,-0,0,4,0,0,Q99ZW2,,,false,Q99ZW2,Q99ZW2,,false,DDSIDNKVLTR,GKSDNVPSEEVVK,849,865,11,13,7,2,855,866,4,,-1,0.005603,0.005603,9.382759,false,true,false,false,Self ,0.024074,0.024566,1.783848,,0,0,0,0,0,268,1330,0,
Scan: 536266 Run: DIA12_CV486075:20251228_A2_N1_Mueller_MS_TechHub_IMP_THIDDIAXL003_Cas9_PhoX_DIA12_CV486075_250ng_FAIMS_001 P1_YVNFLYLASHYEKLK P2_EHPVENTQLQNEKLYLYYLQNGR 13 13,DIA12_CV486075:20251228_A2_N1_Mueller_MS_TechHub_IMP_THIDDIAXL003_Cas9_PhoX_DIA12_CV486075_250ng_FAIMS_001,536266,,,0,0,-0,0,5,0,0,Q99ZW2,,,false,Q99ZW2,Q99ZW2,,false,EHPVENTQLQNEKLYLYYLQNGR,YVNFLYLASHYEKLK,798,1232,23,15,13,13,810,1244,5,,-1,0.00558,0.00558,9.382701,false,true,false,false,Self ,0.024074,0.024573,1.783848,,0.029257,0,0,0.032718,0,267,211,0,
Scan: 1002818 Run: DIA12_CV486075:20251228_A2_N1_Mueller_MS_TechHub_IMP_THIDDIAXL003_Cas9_PhoX_DIA12_CV486075_250ng_FAIMS_002 P1_MKNYWR P2_KAIVDLLFK 2 1,DIA12_CV486075:20251228_A2_N1_Mueller_MS_TechHub_IMP_THIDDIAXL003_Cas9_PhoX_DIA12_CV486075_250ng_FAIMS_002,1002818,,,0,0,-0,0,3,0,0,Q99ZW2,,,false,Q99ZW2,Q99ZW2,,false,KAIVDLLFK,MKNYWR,546,879,9,6,1,2,546,880,3,,-1,0.005313,0.005313,9.382033,false,true,false,false,Self ,0.024074,0.024661,1.783848,,0.029257,0,0,0.032718,0,266,210,0,
Scan: 242634 Run: DIA12_CV486075:20251228_A2_N1_Mueller_MS_TechHub_IMP_THIDDIAXL003_Cas9_PhoX_DIA12_CV486075_250ng_FAIMS_001 P1_KFKVLGNTDR P2_FKVLGNTDR 3 2,DIA12_CV486075:20251228_A2_N1_Mueller_MS_TechHub_IMP_THIDDIAXL003_Cas9_PhoX_DIA12_CV486075_250ng_FAIMS_001,242634,,,0,0,-0,0,4,0,0,Q99ZW2,,,false,Q99ZW2,Q99ZW2,,false,FKVLGNTDR,KFKVLGNTDR,32,31,9,10,2,3,33,33,4,,-1,0.005254,0.005254,9.381886,false,true,false,false,Self ,0.024074,0.024681,1.785969,,0.029257,0,0,0,0,265,209,0,
Scan: 1213598 Run: DIA12_CV486075:20251228_A2_N1_Mueller_MS_TechHub_IMP_THIDDIAXL003_Cas9_PhoX_DIA12_CV486075_250ng_FAIMS_003 P1_VLPKHSLLYEYFTVYNELTK P2_EHKKDEEVLFSEELR 4 4,DIA12_CV486075:20251228_A2_N1_Mueller_MS_TechHub_IMP_THIDDIAXL003_Cas9_PhoX_DIA12_CV486075_250ng_FAIMS_003,1213598,,,0,0,-0,0,4,0,0,decoy:Q99ZW2,decoy:,decoy,true,Q99ZW2,Q99ZW2,,false,EHKKDEEVLFSEELR,VLPKHSLLYEYFTVYNELTK,101,507,15,20,4,4,104,510,4,,-1,0.005221,0.005221,9.381804,true,false,true,false,Self ,0.024691,0.025158,1.785969,,0.030008,1,0,0.033557,1,264,208,2,
Scan: 1005353 Run: DIA12_CV486075:20251228_A2_N1_Mueller_MS_TechHub_IMP_THIDDIAXL003_Cas9_PhoX_DIA12_CV486075_250ng_FAIMS_002 P1_KPAFLSGEQK P2_FLLDVIAKK 1 8,DIA12_CV486075:20251228_A2_N1_Mueller_MS_TechHub_IMP_THIDDIAXL003_Cas9_PhoX_DIA12_CV486075_250ng_FAIMS_002,1005353,,,0,0,-0,0,3,0,0,decoy:Q99ZW2,decoy:,decoy,true,Q99ZW2,Q99ZW2,,false,FLLDVIAKK,KPAFLSGEQK,546,536,9,10,8,1,553,536,3,,-1,0.004987,0.004987,9.381219,true,false,true,false,Self ,0.025293,0.025238,1.788095,,0.030735,1,0,0.034367,1,263,207,2,
Scan: 85662 Run: DIA12_CV486075:20251228_A2_N1_Mueller_MS_TechHub_IMP_THIDDIAXL003_Cas9_PhoX_DIA12_CV486075_250ng_FAIMS_001 P1_NSDKLIAR P2_GYKEVK 4 3,DIA12_CV486075:20251228_A2_N1_Mueller_MS_TechHub_IMP_THIDDIAXL003_Cas9_PhoX_DIA12_CV486075_250ng_FAIMS_001,85662,,,0,0,-0,0,3,0,0,Q99ZW2,,,false,Q99ZW2,Q99ZW2,,false,GYKEVK,NSDKLIAR,1186,1115,6,8,3,4,1188,1118,3,,-1,0.004898,0.004898,9.380996,false,true,false,false,Self ,0.025293,0.025481,1.788095,,0.030735,0,0,0.034367,0,262,206,0,
Scan: 1552012 Run: DIA12_CV486075:20251228_A2_N1_Mueller_MS_TechHub_IMP_THIDDIAXL003_Cas9_PhoX_DIA12_CV486075_250ng_FAIMS_003 P1_SEETITPWNFEEVVDKGASAQSFIER P2_ENPLNKDFNTMK 16 6,DIA12_CV486075:20251228_A2_N1_Mueller_MS_TechHub_IMP_THIDDIAXL003_Cas9_PhoX_DIA12_CV486075_250ng_FAIMS_003,1552012,,,0,0,-0,0,4,0,0,decoy:Q99ZW2,decoy:,decoy,true,Q99ZW2,Q99ZW2,,false,ENPLNKDFNTMK,SEETITPWNFEEVVDKGASAQSFIER,495,469,12,26,6,16,500,484,4,,-1,0.00474,0.00474,9.380602,true,false,true,false,Self ,0.025814,0.025403,1.790226,,0.031343,1,0,0.035058,1,261,205,2,
Scan: 1722045 Run: DIA12_CV486075:20251228_A2_N1_Mueller_MS_TechHub_IMP_THIDDIAXL003_Cas9_PhoX_DIA12_CV486075_250ng_FAIMS_003 P1_EVKVITLK P2_ELGSQILKEHPVENTQLQNEK 3 8,DIA12_CV486075:20251228_A2_N1_Mueller_MS_TechHub_IMP_THIDDIAXL003_Cas9_PhoX_DIA12_CV486075_250ng_FAIMS_003,1722045,,,0,0,-0,0,4,0,0,Q99ZW2,,,false,Q99ZW2,Q99ZW2,,false,ELGSQILKEHPVENTQLQNEK,EVKVITLK,790,952,21,8,8,3,797,954,4,,-1,0.004699,0.004699,9.3805,false,true,false,false,Self ,0.025814,0.025824,1.790226,,0.031343,0,0,0.035058,0,260,204,0,
Scan: 960765 Run: DIA12_CV486075:20251228_A2_N1_Mueller_MS_TechHub_IMP_THIDDIAXL003_Cas9_PhoX_DIA12_CV486075_250ng_FAIMS_002 P1_VLPKHSLLYEYFTVYNELTK P2_QEDFYPFLKDNR 4 9,DIA12_CV486075:20251228_A2_N1_Mueller_MS_TechHub_IMP_THIDDIAXL003_Cas9_PhoX_DIA12_CV486075_250ng_FAIMS_002,960765,,,0,0,-0,0,4,0,0,Q99ZW2,,,false,Q99ZW2,Q99ZW2,,false,QEDFYPFLKDNR,VLPKHSLLYEYFTVYNELTK,426,507,12,20,9,4,434,510,4,,-1,0.004672,0.004672,9.38043,false,true,false,false,Self ,0.025814,0.02583,1.790226,,0.031343,0,0,0,0,259,203,0,
Scan: 526658 Run: DIA12_CV486075:20251228_A2_N1_Mueller_MS_TechHub_IMP_THIDDIAXL003_Cas9_PhoX_DIA12_CV486075_250ng_FAIMS_001 P1_MKNYWR P2_ELGSQILKEHPVENTQLQNEK 2 8,DIA12_CV486075:20251228_A2_N1_Mueller_MS_TechHub_IMP_THIDDIAXL003_Cas9_PhoX_DIA12_CV486075_250ng_FAIMS_001,526658,,,0,0,-0,0,4,0,0,Q99ZW2,,,false,Q99ZW2,Q99ZW2,,false,ELGSQILKEHPVENTQLQNEK,MKNYWR,790,879,21,6,8,2,797,880,4,,-1,0.004569,0.004569,9.380175,false,true,false,false,Self ,0.025814,0.025854,1.790226,,0.031343,0,0,0.035058,0,258,202,0,
Scan: 873878 Run: DIA12_CV486075:20251228_A2_N1_Mueller_MS_TechHub_IMP_THIDDIAXL003_Cas9_PhoX_DIA12_CV486075_250ng_FAIMS_002 P1_KLINGIR P2_FIKPILEKMDGTEELLVK 1 3,DIA12_CV486075:20251228_A2_N1_Mueller_MS_TechHub_IMP_THIDDIAXL003_Cas9_PhoX_DIA12_CV486075_250ng_FAIMS_002,873878,,,0,0,-0,0,4,0,0,Q99ZW2,,,false,Q99ZW2,Q99ZW2,,false,FIKPILEKMDGTEELLVK,KLINGIR,375,665,18,7,3,1,377,665,4,,-1,0.004278,0.004278,9.379446,false,true,false,false,Self ,0.025814,0.025923,1.790226,,0.031343,0,0,0.035058,0,257,201,0,
Scan: 1357895 Run: DIA12_CV486075:20251228_A2_N1_Mueller_MS_TechHub_IMP_THIDDIAXL003_Cas9_PhoX_DIA12_CV486075_250ng_FAIMS_003 P1_LKGSPEDNEQK P2_KVTVK 2 1,DIA12_CV486075:20251228_A2_N1_Mueller_MS_TechHub_IMP_THIDDIAXL003_Cas9_PhoX_DIA12_CV486075_250ng_FAIMS_003,1357895,,,0,0,-0,0,3,0,0,Q99ZW2,,,false,Q99ZW2,Q99ZW2,,false,KVTVK,LKGSPEDNEQK,558,1245,5,11,1,2,558,1246,3,,-1,0.003952,0.003952,9.378631,false,true,false,false,Self ,0.025814,0.025999,1.790226,,0.031343,0,0,0.035058,0,256,200,0,
Scan: 1316009 Run: DIA12_CV486075:20251228_A2_N1_Mueller_MS_TechHub_IMP_THIDDIAXL003_Cas9_PhoX_DIA12_CV486075_250ng_FAIMS_003 P1_SSFEKNPIDFLEAK P2_EHPVENTQLQNEKLYLYYLQNGR 5 13,DIA12_CV486075:20251228_A2_N1_Mueller_MS_TechHub_IMP_THIDDIAXL003_Cas9_PhoX_DIA12_CV486075_250ng_FAIMS_003,1316009,,,0,0,-0,0,4,0,0,Q99ZW2,,,false,Q99ZW2,Q99ZW2,,false,EHPVENTQLQNEKLYLYYLQNGR,SSFEKNPIDFLEAK,798,1172,23,14,13,5,810,1176,4,,-1,0.003799,0.003799,9.378247,false,true,false,false,Self ,0.025814,0.026035,1.790226,,0.031343,0,0,0.035058,0,255,199,0,
Scan: 1765570 Run: DIA12_CV486075:20251228_A2_N1_Mueller_MS_TechHub_IMP_THIDDIAXL003_Cas9_PhoX_DIA12_CV486075_250ng_FAIMS_003 P1_QITKHVAQILDSR P2_ATAKGIEQESK 4 4,DIA12_CV486075:20251228_A2_N1_Mueller_MS_TechHub_IMP_THIDDIAXL003_Cas9_PhoX_DIA12_CV486075_250ng_FAIMS_003,1765570,,,0,0,-0,0,4,0,0,decoy:Q99ZW2,decoy:,decoy,true,Q99ZW2,Q99ZW2,,false,ATAKGIEQESK,QITKHVAQILDSR,1025,926,11,13,4,4,1028,929,4,,-1,0.002805,0.002805,9.375763,true,false,true,false,Self ,0.026268,0.026258,1.795577,,0.031947,1,0,0.035714,1,254,198,2,
Scan: 586215 Run: DIA12_CV486075:20251228_A2_N1_Mueller_MS_TechHub_IMP_THIDDIAXL003_Cas9_PhoX_DIA12_CV486075_250ng_FAIMS_001 P1_YDENDKLIR P2_FKVLGNTDR 6 2,DIA12_CV486075:20251228_A2_N1_Mueller_MS_TechHub_IMP_THIDDIAXL003_Cas9_PhoX_DIA12_CV486075_250ng_FAIMS_001,586215,,,0,0,-0,0,4,0,0,Q99ZW2,,,false,Q99ZW2,Q99ZW2,,false,FKVLGNTDR,YDENDKLIR,32,943,9,9,2,6,33,948,4,,-1,0.00267,0.00267,9.375427,false,true,false,false,Self ,0.026268,0.026298,1.795577,,0,0,0,0,0,253,1315,0,
Scan: 445989 Run: DIA12_CV486075:20251228_A2_N1_Mueller_MS_TechHub_IMP_THIDDIAXL003_Cas9_PhoX_DIA12_CV486075_250ng_FAIMS_001 P1_VLPKHSLLYEYFTVYNELTK P2_TILDFLKSDGFANR 4 7,DIA12_CV486075:20251228_A2_N1_Mueller_MS_TechHub_IMP_THIDDIAXL003_Cas9_PhoX_DIA12_CV486075_250ng_FAIMS_001,445989,,,0,0,-0,0,4,0,0,Q99ZW2,,,false,Q99ZW2,Q99ZW2,,false,TILDFLKSDGFANR,VLPKHSLLYEYFTVYNELTK,678,507,14,20,7,4,684,510,4,,-1,0.002462,0.002462,9.374907,false,true,false,false,Self ,0.026268,0.026345,1.797726,,0.031947,0,0,0.035714,0,252,197,0,
Scan: 1288243 Run: DIA12_CV486075:20251228_A2_N1_Mueller_MS_TechHub_IMP_THIDDIAXL003_Cas9_PhoX_DIA12_CV486075_250ng_FAIMS_003 P1_NSDKLIAR P2_EVKVITLK 4 3,DIA12_CV486075:20251228_A2_N1_Mueller_MS_TechHub_IMP_THIDDIAXL003_Cas9_PhoX_DIA12_CV486075_250ng_FAIMS_003,1288243,,,0,0,-0,0,3,0,0,Q99ZW2,,,false,Q99ZW2,Q99ZW2,,false,EVKVITLK,NSDKLIAR,952,1115,8,8,3,4,954,1118,3,,-1,0.002077,0.002077,9.373942,false,true,false,false,Self ,0.026268,0.026432,1.80204,,0.031947,0,0,0.035714,0,251,196,0,
Scan: 827324 Run: DIA12_CV486075:20251228_A2_N1_Mueller_MS_TechHub_IMP_THIDDIAXL003_Cas9_PhoX_DIA12_CV486075_250ng_FAIMS_002 P1_VNTEITKAPLSASMIK P2_KRPLIETNGETGEIVWDK 7 1,DIA12_CV486075:20251228_A2_N1_Mueller_MS_TechHub_IMP_THIDDIAXL003_Cas9_PhoX_DIA12_CV486075_250ng_FAIMS_002,827324,,,0,0,-0,0,4,0,0,Q99ZW2,,,false,Q99ZW2,Q99ZW2,,false,KRPLIETNGETGEIVWDK,VNTEITKAPLSASMIK,1059,308,18,16,1,7,1059,314,4,,-1,0.001642,0.001642,9.372856,false,true,false,false,Self ,0.026268,0.02653,1.806859,,0.031947,0,0,0.035714,0,250,195,0,
Scan: 510693 Run: DIA12_CV486075:20251228_A2_N1_Mueller_MS_TechHub_IMP_THIDDIAXL003_Cas9_PhoX_DIA12_CV486075_250ng_FAIMS_001 P1_YDENDKLIR P2_ENQTTQKGQK 6 7,DIA12_CV486075:20251228_A2_N1_Mueller_MS_TechHub_IMP_THIDDIAXL003_Cas9_PhoX_DIA12_CV486075_250ng_FAIMS_001,510693,,,0,0,-0,0,3,0,0,Q99ZW2,,,false,Q99ZW2,Q99ZW2,,false,ENQTTQKGQK,YDENDKLIR,766,943,10,9,7,6,772,948,3,,-1,0.001017,0.001017,9.371292,false,true,false,false,Self ,0.026268,0.026672,1.807947,,0.031947,0,0,0.035714,0,249,194,0,
Scan: 737922 Run: DIA12_CV486075:20251228_A2_N1_Mueller_MS_TechHub_IMP_THIDDIAXL003_Cas9_PhoX_DIA12_CV486075_250ng_FAIMS_002 P1_KKDWDPK P2_KDLIIKLPK 1 6,DIA12_CV486075:20251228_A2_N1_Mueller_MS_TechHub_IMP_THIDDIAXL003_Cas9_PhoX_DIA12_CV486075_250ng_FAIMS_002,737922,,,0,0,-0,0,3,0,0,Q99ZW2,,,false,Q99ZW2,Q99ZW2,,false,KDLIIKLPK,KKDWDPK,1192,1123,9,7,6,1,1197,1123,3,,-1,0.00087,0.00087,9.370926,false,true,false,false,Self ,0.026268,0.026705,1.807947,,0.031947,0,0,0.035714,0,248,193,0,
Scan: 1693953 Run: DIA12_CV486075:20251228_A2_N1_Mueller_MS_TechHub_IMP_THIDDIAXL003_Cas9_PhoX_DIA12_CV486075_250ng_FAIMS_003 P1_GILQTVKVVDELVK P2_EVKVITLK 7 3,DIA12_CV486075:20251228_A2_N1_Mueller_MS_TechHub_IMP_THIDDIAXL003_Cas9_PhoX_DIA12_CV486075_250ng_FAIMS_003,1693953,,,0,0,-0,0,4,0,0,Q99ZW2,,,false,Q99ZW2,Q99ZW2,,false,EVKVITLK,GILQTVKVVDELVK,952,736,8,14,3,7,954,742,4,,-1,0.000668,0.000668,9.370421,false,true,false,false,Self ,0.026268,0.02675,1.809036,,0,0,0,0,0,90,1251,0,
Scan: 1399353 Run: DIA12_CV486075:20251228_A2_N1_Mueller_MS_TechHub_IMP_THIDDIAXL003_Cas9_PhoX_DIA12_CV486075_250ng_FAIMS_003 P1_VTVKQLK P2_KLVDSTDK 4 1,DIA12_CV486075:20251228_A2_N1_Mueller_MS_TechHub_IMP_THIDDIAXL003_Cas9_PhoX_DIA12_CV486075_250ng_FAIMS_003,1399353,,,0,0,-0,0,3,0,0,Q99ZW2,,,false,Q99ZW2,Q99ZW2,,false,KLVDSTDK,VTVKQLK,141,559,8,7,1,4,141,562,3,,-1,0.00065,0.00065,9.370376,false,true,false,false,Self ,0.026268,0.026754,1.809036,,0.031947,0,0,0.035714,0,246,192,0,
Scan: 194335 Run: DIA12_CV486075:20251228_A2_N1_Mueller_MS_TechHub_IMP_THIDDIAXL003_Cas9_PhoX_DIA12_CV486075_250ng_FAIMS_001 P1_NSDKLIAR P2_EQAENIIHLFTLTNLGAPAAFKYFDTTIDR 4 22,DIA12_CV486075:20251228_A2_N1_Mueller_MS_TechHub_IMP_THIDDIAXL003_Cas9_PhoX_DIA12_CV486075_250ng_FAIMS_001,194335,,,0,0,-0,0,6,0,0,Q99ZW2,,,false,Q99ZW2,Q99ZW2,,false,EQAENIIHLFTLTNLGAPAAFKYFDTTIDR,NSDKLIAR,1304,1115,30,8,22,4,1325,1118,6,,-1,0.000502,0.000502,9.370006,false,true,false,false,Self ,0.026268,0.026788,1.810127,,0,0,0,0,0,245,877,0,
Scan: 257149 Run: DIA12_CV486075:20251228_A2_N1_Mueller_MS_TechHub_IMP_THIDDIAXL003_Cas9_PhoX_DIA12_CV486075_250ng_FAIMS_001 P1_YKEIFFDQSK P2_YDEHHQDLTLLKALVR 2 12,DIA12_CV486075:20251228_A2_N1_Mueller_MS_TechHub_IMP_THIDDIAXL003_Cas9_PhoX_DIA12_CV486075_250ng_FAIMS_001,257149,,,0,0,-0,0,3,0,0,Q99ZW2,,,false,Q99ZW2,Q99ZW2,,false,YDEHHQDLTLLKALVR,YKEIFFDQSK,325,347,16,10,12,2,336,348,3,,-1,0.000393,0.000393,9.369733,false,true,false,false,Self ,0.026268,0.026813,1.810127,,0,0,0,0,0,244,1577,0,
Scan: 513571 Run: DIA12_CV486075:20251228_A2_N1_Mueller_MS_TechHub_IMP_THIDDIAXL003_Cas9_PhoX_DIA12_CV486075_250ng_FAIMS_001 P1_SNKQGR P2_QLLNAKLITQR 3 6,DIA12_CV486075:20251228_A2_N1_Mueller_MS_TechHub_IMP_THIDDIAXL003_Cas9_PhoX_DIA12_CV486075_250ng_FAIMS_001,513571,,,0,0,-0,0,4,0,0,Q99ZW2,,,false,decoy:Q99ZW2,decoy:Q99ZW2,decoy,true,QLLNAKLITQR,SNKQGR,885,773,11,6,6,3,890,775,4,,-1,0.000101,0.000101,9.369005,true,false,true,false,Self ,0.026878,0.027418,1.810127,,0.032689,0,1,0.036545,1,243,191,2,
Scan: 1224691 Run: DIA12_CV486075:20251228_A2_N1_Mueller_MS_TechHub_IMP_THIDDIAXL003_Cas9_PhoX_DIA12_CV486075_250ng_FAIMS_003 P1_RPLIETNGETGEIVWDKGR P2_ATAKGIEQESK 17 4,DIA12_CV486075:20251228_A2_N1_Mueller_MS_TechHub_IMP_THIDDIAXL003_Cas9_PhoX_DIA12_CV486075_250ng_FAIMS_003,1224691,,,0,0,-0,0,4,0,0,decoy:Q99ZW2,decoy:,decoy,true,Q99ZW2,Q99ZW2,,false,ATAKGIEQESK,RPLIETNGETGEIVWDKGR,1025,1060,11,19,4,17,1028,1076,4,,-1,-0.000067,-0.000067,9.368583,true,false,true,false,Self ,0.027489,0.027689,1.810127,,0.033432,1,0,0.037375,1,242,190,2,
Scan: 512167 Run: DIA12_CV486075:20251228_A2_N1_Mueller_MS_TechHub_IMP_THIDDIAXL003_Cas9_PhoX_DIA12_CV486075_250ng_FAIMS_001 P1_SNKQGR P2_FKVLGNTDR 3 2,DIA12_CV486075:20251228_A2_N1_Mueller_MS_TechHub_IMP_THIDDIAXL003_Cas9_PhoX_DIA12_CV486075_250ng_FAIMS_001,512167,,,0,0,-0,0,3,0,0,Q99ZW2,,,false,decoy:Q99ZW2,decoy:Q99ZW2,decoy,true,FKVLGNTDR,SNKQGR,32,773,9,6,2,3,33,775,3,,-1,-0.000153,-0.000153,9.368369,true,false,true,false,Self ,0.0281,0.028248,1.812311,,0.034175,0,1,0.038206,1,241,189,2,
Scan: 1110466 Run: DIA12_CV486075:20251228_A2_N1_Mueller_MS_TechHub_IMP_THIDDIAXL003_Cas9_PhoX_DIA12_CV486075_250ng_FAIMS_002 P1_SNKQGR P2_IEEGIKELGSQILK 3 6,DIA12_CV486075:20251228_A2_N1_Mueller_MS_TechHub_IMP_THIDDIAXL003_Cas9_PhoX_DIA12_CV486075_250ng_FAIMS_002,1110466,,,0,0,-0,0,3,0,0,Q99ZW2,,,false,decoy:Q99ZW2,decoy:Q99ZW2,decoy,true,IEEGIKELGSQILK,SNKQGR,784,773,14,6,6,3,789,775,3,,-1,-0.000199,-0.000199,9.368254,true,false,true,false,Self ,0.028659,0.028174,1.812311,,0.034866,0,1,0.038972,1,240,188,2,
Scan: 1560894 Run: DIA12_CV486075:20251228_A2_N1_Mueller_MS_TechHub_IMP_THIDDIAXL003_Cas9_PhoX_DIA12_CV486075_250ng_FAIMS_003 P1_VLPKHSLLYEYFTVYNELTK P2_GGLSELDKAGFIK 4 8,DIA12_CV486075:20251228_A2_N1_Mueller_MS_TechHub_IMP_THIDDIAXL003_Cas9_PhoX_DIA12_CV486075_250ng_FAIMS_003,1560894,,,0,0,-0,0,4,0,0,Q99ZW2,,,false,Q99ZW2,Q99ZW2,,false,GGLSELDKAGFIK,VLPKHSLLYEYFTVYNELTK,906,507,13,20,8,4,913,510,4,,-1,-0.000449,-0.000449,9.367629,false,true,false,false,Self ,0.028659,0.028881,1.813406,,0.034866,0,0,0.038972,0,239,187,0,
Scan: 245328 Run: DIA12_CV486075:20251228_A2_N1_Mueller_MS_TechHub_IMP_THIDDIAXL003_Cas9_PhoX_DIA12_CV486075_250ng_FAIMS_001 P1_FKVLGNTDR P2_ENQTTQKGQK 2 7,DIA12_CV486075:20251228_A2_N1_Mueller_MS_TechHub_IMP_THIDDIAXL003_Cas9_PhoX_DIA12_CV486075_250ng_FAIMS_001,245328,,,0,0,-0,0,4,0,0,Q99ZW2,,,false,Q99ZW2,Q99ZW2,,false,ENQTTQKGQK,FKVLGNTDR,766,32,10,9,7,2,772,33,4,,-1,-0.000489,-0.000489,9.36753,false,true,false,false,Self ,0.028659,0.028917,1.813406,,0,0,0,0,0,238,1259,0,
Scan: 564561 Run: DIA12_CV486075:20251228_A2_N1_Mueller_MS_TechHub_IMP_THIDDIAXL003_Cas9_PhoX_DIA12_CV486075_250ng_FAIMS_001 P1_KSEETITPWNFEEVVDK P2_KFDNLTKAER 1 7,DIA12_CV486075:20251228_A2_N1_Mueller_MS_TechHub_IMP_THIDDIAXL003_Cas9_PhoX_DIA12_CV486075_250ng_FAIMS_001,564561,,,0,0,-0,0,4,0,0,Q99ZW2,,,false,Q99ZW2,Q99ZW2,,false,KFDNLTKAER,KSEETITPWNFEEVVDK,896,468,10,17,7,1,902,468,4,,-1,-0.000572,-0.000572,9.367321,false,true,false,false,Self ,0.028659,0.028992,1.813406,,0.034866,0,0,0.038972,0,237,186,0,
Scan: 1605768 Run: DIA12_CV486075:20251228_A2_N1_Mueller_MS_TechHub_IMP_THIDDIAXL003_Cas9_PhoX_DIA12_CV486075_250ng_FAIMS_003 P1_LQKMVK P2_KVTVK 3 1,DIA12_CV486075:20251228_A2_N1_Mueller_MS_TechHub_IMP_THIDDIAXL003_Cas9_PhoX_DIA12_CV486075_250ng_FAIMS_003,1605768,,,0,0,-0,0,3,0,0,Q99ZW2,,,false,decoy:Q99ZW2,decoy:Q99ZW2,decoy,true,KVTVK,LQKMVK,558,647,5,6,1,3,558,649,3,,-1,-0.000882,-0.000882,9.366546,true,false,true,false,Self ,0.029268,0.029812,1.814502,,0.035608,0,1,0.039801,1,236,185,2,
Scan: 938469 Run: DIA12_CV486075:20251228_A2_N1_Mueller_MS_TechHub_IMP_THIDDIAXL003_Cas9_PhoX_DIA12_CV486075_250ng_FAIMS_002 P1_KSEETITPWNFEEVVDKGASAQSFIER P2_KPLISER 17 1,DIA12_CV486075:20251228_A2_N1_Mueller_MS_TechHub_IMP_THIDDIAXL003_Cas9_PhoX_DIA12_CV486075_250ng_FAIMS_002,938469,,,0,0,-0,0,4,0,0,decoy:Q99ZW2,decoy:,decoy,true,Q99ZW2,Q99ZW2,,false,KPLISER,KSEETITPWNFEEVVDKGASAQSFIER,1108,468,7,27,1,17,1108,484,4,,-1,-0.00091,-0.00091,9.366476,true,false,true,false,Self ,0.02986,0.029367,1.814502,,0.036323,1,0,0.040597,1,235,184,2,
Scan: 1424131 Run: DIA12_CV486075:20251228_A2_N1_Mueller_MS_TechHub_IMP_THIDDIAXL003_Cas9_PhoX_DIA12_CV486075_250ng_FAIMS_003 P1_SNFDLAEDAKLQLSK P2_KDFQFYK 10 1,DIA12_CV486075:20251228_A2_N1_Mueller_MS_TechHub_IMP_THIDDIAXL003_Cas9_PhoX_DIA12_CV486075_250ng_FAIMS_003,1424131,,,0,0,-0,0,4,0,0,Q99ZW2,,,false,Q99ZW2,Q99ZW2,,false,KDFQFYK,SNFDLAEDAKLQLSK,968,254,7,15,1,10,968,263,4,,-1,-0.000921,-0.000921,9.36645,false,true,false,false,Self ,0.02986,0.029877,1.814502,,0.036323,0,0,0.040597,0,234,183,0,
Scan: 63336 Run: DIA12_CV486075:20251228_A2_N1_Mueller_MS_TechHub_IMP_THIDDIAXL003_Cas9_PhoX_DIA12_CV486075_250ng_FAIMS_001 P1_KTEVQTGGFSKESILPK P2_AILKDSNR 11 4,DIA12_CV486075:20251228_A2_N1_Mueller_MS_TechHub_IMP_THIDDIAXL003_Cas9_PhoX_DIA12_CV486075_250ng_FAIMS_001,63336,,,0,0,-0,0,5,0,0,decoy:Q99ZW2,decoy:,decoy,true,Q99ZW2,Q99ZW2,,false,AILKDSNR,KTEVQTGGFSKESILPK,1115,1097,8,17,4,11,1118,1107,5,,-1,-0.001176,-0.001176,9.365812,true,false,true,false,Self ,0.030303,0.03003,1.818898,,0.036928,1,0,0.041322,1,233,182,2,
Scan: 1293349 Run: DIA12_CV486075:20251228_A2_N1_Mueller_MS_TechHub_IMP_THIDDIAXL003_Cas9_PhoX_DIA12_CV486075_250ng_FAIMS_003 P1_KKDWDPK P2_EDIQKAQVSGQGDSLHEHIANLAGSPAIK 2 5,DIA12_CV486075:20251228_A2_N1_Mueller_MS_TechHub_IMP_THIDDIAXL003_Cas9_PhoX_DIA12_CV486075_250ng_FAIMS_003,1293349,,,0,0,-0,0,4,0,0,Q99ZW2,,,false,Q99ZW2,Q99ZW2,,false,EDIQKAQVSGQGDSLHEHIANLAGSPAIK,KKDWDPK,706,1123,29,7,5,2,710,1124,4,,-1,-0.001218,-0.001218,9.365706,false,true,false,false,Self ,0.030303,0.030319,1.818898,,0.036928,0,0,0,0,232,181,0,
Scan: 1335796 Run: DIA12_CV486075:20251228_A2_N1_Mueller_MS_TechHub_IMP_THIDDIAXL003_Cas9_PhoX_DIA12_CV486075_250ng_FAIMS_003 P1_KSEETITPWNFEEVVDKGASAQSFIER P2_KDLIIKLPK 17 6,DIA12_CV486075:20251228_A2_N1_Mueller_MS_TechHub_IMP_THIDDIAXL003_Cas9_PhoX_DIA12_CV486075_250ng_FAIMS_003,1335796,,,0,0,-0,0,4,0,0,Q99ZW2,,,false,Q99ZW2,Q99ZW2,,false,KDLIIKLPK,KSEETITPWNFEEVVDKGASAQSFIER,1192,468,9,27,6,17,1197,484,4,,-1,-0.001504,-0.001504,9.364991,false,true,false,false,Self ,0.030303,0.030431,1.821104,,0.036928,0,0,0,0,231,175,0,
Scan: 1655787 Run: DIA12_CV486075:20251228_A2_N1_Mueller_MS_TechHub_IMP_THIDDIAXL003_Cas9_PhoX_DIA12_CV486075_250ng_FAIMS_003 P1_EDIQKAQVSGQGDSLHEHIANLAGSPAIK P2_DKQSGK 5 2,DIA12_CV486075:20251228_A2_N1_Mueller_MS_TechHub_IMP_THIDDIAXL003_Cas9_PhoX_DIA12_CV486075_250ng_FAIMS_003,1655787,,,0,0,-0,0,6,0,0,Q99ZW2,,,false,Q99ZW2,Q99ZW2,,false,DKQSGK,EDIQKAQVSGQGDSLHEHIANLAGSPAIK,672,706,6,29,2,5,673,710,6,,-1,-0.001534,-0.001534,9.364916,false,true,false,false,Self ,0.030303,0.030442,1.821104,,0,0,0,0,0,230,1569,0,
Scan: 1172778 Run: DIA12_CV486075:20251228_A2_N1_Mueller_MS_TechHub_IMP_THIDDIAXL003_Cas9_PhoX_DIA12_CV486075_250ng_FAIMS_002 P1_VITLKSK P2_QITKHVAQILDSR 5 4,DIA12_CV486075:20251228_A2_N1_Mueller_MS_TechHub_IMP_THIDDIAXL003_Cas9_PhoX_DIA12_CV486075_250ng_FAIMS_002,1172778,,,0,0,-0,0,4,0,0,Q99ZW2,,,false,Q99ZW2,Q99ZW2,,false,QITKHVAQILDSR,VITLKSK,926,955,13,7,4,5,929,959,4,,-1,-0.001547,-0.001547,9.364885,false,true,false,false,Self ,0.030303,0.030447,1.821104,,0,0,0,0,0,229,1290,0,
Scan: 1158780 Run: DIA12_CV486075:20251228_A2_N1_Mueller_MS_TechHub_IMP_THIDDIAXL003_Cas9_PhoX_DIA12_CV486075_250ng_FAIMS_002 P1_KFDNLTK P2_GQKNSR 1 3,DIA12_CV486075:20251228_A2_N1_Mueller_MS_TechHub_IMP_THIDDIAXL003_Cas9_PhoX_DIA12_CV486075_250ng_FAIMS_002,1158780,,,0,0,-0,0,3,0,0,Q99ZW2,,,false,Q99ZW2,Q99ZW2,,false,GQKNSR,KFDNLTK,773,896,6,7,3,1,775,896,3,,-1,-0.001566,-0.001566,9.364837,false,true,false,false,Self ,0.030303,0.030455,1.821104,,0.036928,0,0,0.041322,0,228,179,0,
Scan: 638580 Run: DIA12_CV486075:20251228_A2_N1_Mueller_MS_TechHub_IMP_THIDDIAXL003_Cas9_PhoX_DIA12_CV486075_250ng_FAIMS_002 P1_KTEVQTGGFSK P2_GQKNSR 1 3,DIA12_CV486075:20251228_A2_N1_Mueller_MS_TechHub_IMP_THIDDIAXL003_Cas9_PhoX_DIA12_CV486075_250ng_FAIMS_002,638580,,,0,0,-0,0,3,0,0,Q99ZW2,,,false,Q99ZW2,Q99ZW2,,false,GQKNSR,KTEVQTGGFSK,773,1097,6,11,3,1,775,1097,3,,-1,-0.001726,-0.001726,9.364435,false,true,false,false,Self ,0.030303,0.030517,1.822209,,0.036928,0,0,0.041322,0,227,178,0,
Scan: 209006 Run: DIA12_CV486075:20251228_A2_N1_Mueller_MS_TechHub_IMP_THIDDIAXL003_Cas9_PhoX_DIA12_CV486075_250ng_FAIMS_001 P1_LSKSR P2_KFDNLTK 3 1,DIA12_CV486075:20251228_A2_N1_Mueller_MS_TechHub_IMP_THIDDIAXL003_Cas9_PhoX_DIA12_CV486075_250ng_FAIMS_001,209006,,,0,0,-0,0,3,0,0,Q99ZW2,,,false,Q99ZW2,Q99ZW2,,false,KFDNLTK,LSKSR,896,216,7,5,1,3,896,218,3,,-1,-0.001996,-0.001996,9.36376,false,true,false,false,Self ,0.030303,0.030622,1.824423,,0.036928,0,0,0.041322,0,226,177,0,
Scan: 378451 Run: DIA12_CV486075:20251228_A2_N1_Mueller_MS_TechHub_IMP_THIDDIAXL003_Cas9_PhoX_DIA12_CV486075_250ng_FAIMS_001 P1_KPAFLSGEQK P2_KKDWDPK 1 2,DIA12_CV486075:20251228_A2_N1_Mueller_MS_TechHub_IMP_THIDDIAXL003_Cas9_PhoX_DIA12_CV486075_250ng_FAIMS_001,378451,,,0,0,-0,0,4,0,0,Q99ZW2,,,false,Q99ZW2,Q99ZW2,,false,KKDWDPK,KPAFLSGEQK,1123,536,7,10,2,1,1124,536,4,,-1,-0.002032,-0.002032,9.363671,false,true,false,false,Self ,0.030303,0.030636,1.824423,,0,0,0,0,0,225,1270,0,
Scan: 290544 Run: DIA12_CV486075:20251228_A2_N1_Mueller_MS_TechHub_IMP_THIDDIAXL003_Cas9_PhoX_DIA12_CV486075_250ng_FAIMS_001 P1_SEETITPWNFEEVVDKGASAQSFIER P2_EKIEKILTFR 16 2,DIA12_CV486075:20251228_A2_N1_Mueller_MS_TechHub_IMP_THIDDIAXL003_Cas9_PhoX_DIA12_CV486075_250ng_FAIMS_001,290544,,,0,0,-0,0,5,0,0,Q99ZW2,,,false,Q99ZW2,Q99ZW2,,false,EKIEKILTFR,SEETITPWNFEEVVDKGASAQSFIER,438,469,10,26,2,16,439,484,5,,-1,-0.002049,-0.002049,9.363628,false,true,false,false,Self ,0.030303,0.030643,1.824423,,0,0,0,0,0,224,1257,0,
Scan: 1323971 Run: DIA12_CV486075:20251228_A2_N1_Mueller_MS_TechHub_IMP_THIDDIAXL003_Cas9_PhoX_DIA12_CV486075_250ng_FAIMS_003 P1_KSEETITPWNFEEVVDKGASAQSFIER P2_AELFDIPNKEFSSK 17 9,DIA12_CV486075:20251228_A2_N1_Mueller_MS_TechHub_IMP_THIDDIAXL003_Cas9_PhoX_DIA12_CV486075_250ng_FAIMS_003,1323971,,,0,0,-0,0,5,0,0,decoy:Q99ZW2,decoy:,decoy,true,Q99ZW2,Q99ZW2,,false,AELFDIPNKEFSSK,KSEETITPWNFEEVVDKGASAQSFIER,1172,468,14,27,9,17,1180,484,5,,-1,-0.002255,-0.002255,9.363113,true,false,true,false,Self ,0.030723,0.030659,1.824423,,0.037417,1,0,0.041906,1,223,176,2,
Scan: 140886 Run: DIA12_CV486075:20251228_A2_N1_Mueller_MS_TechHub_IMP_THIDDIAXL003_Cas9_PhoX_DIA12_CV486075_250ng_FAIMS_001 P1_SEETITPWNFEEVVDKGASAQSFIER P2_KDLIIKLPK 16 6,DIA12_CV486075:20251228_A2_N1_Mueller_MS_TechHub_IMP_THIDDIAXL003_Cas9_PhoX_DIA12_CV486075_250ng_FAIMS_001,140886,,,0,0,-0,0,4,0,0,Q99ZW2,,,false,Q99ZW2,Q99ZW2,,false,KDLIIKLPK,SEETITPWNFEEVVDKGASAQSFIER,1192,469,9,26,6,16,1197,484,4,,-1,-0.002267,-0.002267,9.363083,false,true,false,false,Self ,0.030723,0.030726,1.824423,,0.037417,0,0,0,0,222,175,0,
Scan: 1452609 Run: DIA12_CV486075:20251228_A2_N1_Mueller_MS_TechHub_IMP_THIDDIAXL003_Cas9_PhoX_DIA12_CV486075_250ng_FAIMS_003 P1_YKEIFFDQSK P2_EIFFDQSKNGYAGYIDGGASQEEFYK 2 8,DIA12_CV486075:20251228_A2_N1_Mueller_MS_TechHub_IMP_THIDDIAXL003_Cas9_PhoX_DIA12_CV486075_250ng_FAIMS_003,1452609,,,0,0,-0,0,4,0,0,Q99ZW2,,,false,Q99ZW2,Q99ZW2,,false,EIFFDQSKNGYAGYIDGGASQEEFYK,YKEIFFDQSK,349,347,26,10,8,2,356,348,4,,-1,-0.002345,-0.002345,9.362888,false,true,false,false,Self ,0.030723,0.030748,1.825532,,0.037417,0,0,0.041906,0,221,174,0,
Scan: 1367265 Run: DIA12_CV486075:20251228_A2_N1_Mueller_MS_TechHub_IMP_THIDDIAXL003_Cas9_PhoX_DIA12_CV486075_250ng_FAIMS_003 P1_IEKILTFR P2_GSPEDNEQKQLFVEQHK 3 9,DIA12_CV486075:20251228_A2_N1_Mueller_MS_TechHub_IMP_THIDDIAXL003_Cas9_PhoX_DIA12_CV486075_250ng_FAIMS_003,1367265,,,0,0,-0,0,4,0,0,Q99ZW2,,,false,Q99ZW2,Q99ZW2,,false,GSPEDNEQKQLFVEQHK,IEKILTFR,1247,440,17,8,9,3,1255,442,4,,-1,-0.002764,-0.002764,9.36184,false,true,false,false,Self ,0.030723,0.030867,1.826642,,0.037417,0,0,0.041906,0,220,173,0,
Scan: 945869 Run: DIA12_CV486075:20251228_A2_N1_Mueller_MS_TechHub_IMP_THIDDIAXL003_Cas9_PhoX_DIA12_CV486075_250ng_FAIMS_002 P1_KVTVK P2_KSEETITPWNFEEVVDKGASAQSFIER 1 17,DIA12_CV486075:20251228_A2_N1_Mueller_MS_TechHub_IMP_THIDDIAXL003_Cas9_PhoX_DIA12_CV486075_250ng_FAIMS_002,945869,,,0,0,-0,0,5,0,0,Q99ZW2,,,false,Q99ZW2,Q99ZW2,,false,KSEETITPWNFEEVVDKGASAQSFIER,KVTVK,468,558,27,5,17,1,484,558,5,,-1,-0.002909,-0.002909,9.361478,false,true,false,false,Self ,0.030723,0.030908,1.826642,,0.037417,0,0,0.041906,0,219,172,0,
Scan: 1611430 Run: DIA12_CV486075:20251228_A2_N1_Mueller_MS_TechHub_IMP_THIDDIAXL003_Cas9_PhoX_DIA12_CV486075_250ng_FAIMS_003 P1_KIECFDSVEISGVEDR P2_KGILQTVK 1 1,DIA12_CV486075:20251228_A2_N1_Mueller_MS_TechHub_IMP_THIDDIAXL003_Cas9_PhoX_DIA12_CV486075_250ng_FAIMS_003,1611430,,,0,0,-0,0,4,0,0,Q99ZW2,,,false,Q99ZW2,Q99ZW2,,false,KGILQTVK,KIECFDSVEISGVEDR,735,571,8,16,1,1,735,571,4,,-1,-0.002943,-0.002943,9.361393,false,true,false,false,Self ,0.030723,0.030917,1.826642,,0.037417,0,0,0.041906,0,218,171,0,
Scan: 259288 Run: DIA12_CV486075:20251228_A2_N1_Mueller_MS_TechHub_IMP_THIDDIAXL003_Cas9_PhoX_DIA12_CV486075_250ng_FAIMS_001 P1_YKEIFFDQSK P2_VKYVTEGMR 2 2,DIA12_CV486075:20251228_A2_N1_Mueller_MS_TechHub_IMP_THIDDIAXL003_Cas9_PhoX_DIA12_CV486075_250ng_FAIMS_001,259288,,,0,0,-0,0,3,0,0,Q99ZW2,,,false,Q99ZW2,Q99ZW2,,false,VKYVTEGMR,YKEIFFDQSK,527,347,9,10,2,2,528,348,3,,-1,-0.002992,-0.002992,9.36127,false,true,false,false,Self ,0.030723,0.030931,1.826642,,0.037417,0,0,0.041906,0,217,170,0,
Scan: 1009727 Run: DIA12_CV486075:20251228_A2_N1_Mueller_MS_TechHub_IMP_THIDDIAXL003_Cas9_PhoX_DIA12_CV486075_250ng_FAIMS_002 P1_VTVKQLK P2_FKVLGNTDR 4 2,DIA12_CV486075:20251228_A2_N1_Mueller_MS_TechHub_IMP_THIDDIAXL003_Cas9_PhoX_DIA12_CV486075_250ng_FAIMS_002,1009727,,,0,0,-0,0,3,0,0,Q99ZW2,,,false,Q99ZW2,Q99ZW2,,false,FKVLGNTDR,VTVKQLK,32,559,9,7,2,4,33,562,3,,-1,-0.003022,-0.003022,9.361196,false,true,false,false,Self ,0.030723,0.030939,1.827754,,0.037417,0,0,0.041906,0,216,169,0,
Scan: 1082141 Run: DIA12_CV486075:20251228_A2_N1_Mueller_MS_TechHub_IMP_THIDDIAXL003_Cas9_PhoX_DIA12_CV486075_250ng_FAIMS_002 P1_KGILQTVK P2_GQKNSR 1 3,DIA12_CV486075:20251228_A2_N1_Mueller_MS_TechHub_IMP_THIDDIAXL003_Cas9_PhoX_DIA12_CV486075_250ng_FAIMS_002,1082141,,,0,0,-0,0,3,0,0,Q99ZW2,,,false,Q99ZW2,Q99ZW2,,false,GQKNSR,KGILQTVK,773,735,6,8,3,1,775,735,3,,-1,-0.00309,-0.00309,9.361027,false,true,false,false,Self ,0.030723,0.030958,1.827754,,0.037417,0,0,0.041906,0,215,168,0,
Scan: 1580316 Run: DIA12_CV486075:20251228_A2_N1_Mueller_MS_TechHub_IMP_THIDDIAXL003_Cas9_PhoX_DIA12_CV486075_250ng_FAIMS_003 P1_KPAFLSGEQKK P2_KPAFLSGEQK 1 1,DIA12_CV486075:20251228_A2_N1_Mueller_MS_TechHub_IMP_THIDDIAXL003_Cas9_PhoX_DIA12_CV486075_250ng_FAIMS_003,1580316,,,0,0,-0,0,3,0,0,Q99ZW2,,,false,Q99ZW2,Q99ZW2,,false,KPAFLSGEQK,KPAFLSGEQKK,536,536,10,11,1,1,536,536,3,,-1,-0.003136,-0.003136,9.360912,false,true,false,false,Self ,0.030723,0.030971,1.827754,,0,0,0,0,0,117,1252,0,
Scan: 1409475 Run: DIA12_CV486075:20251228_A2_N1_Mueller_MS_TechHub_IMP_THIDDIAXL003_Cas9_PhoX_DIA12_CV486075_250ng_FAIMS_003 P1_YKEIFFDQSK P2_RLENLIAQLPGEKK 2 13,DIA12_CV486075:20251228_A2_N1_Mueller_MS_TechHub_IMP_THIDDIAXL003_Cas9_PhoX_DIA12_CV486075_250ng_FAIMS_003,1409475,,,0,0,-0,0,4,0,0,Q99ZW2,,,false,Q99ZW2,Q99ZW2,,false,RLENLIAQLPGEKK,YKEIFFDQSK,221,347,14,10,13,2,233,348,4,,-1,-0.003397,-0.003397,9.360258,false,true,false,false,Self ,0.030723,0.031045,1.829982,,0.037417,0,0,0,0,213,167,0,
Scan: 1038087 Run: DIA12_CV486075:20251228_A2_N1_Mueller_MS_TechHub_IMP_THIDDIAXL003_Cas9_PhoX_DIA12_CV486075_250ng_FAIMS_002 P1_NSDKLIAR P2_LFDLITKGSQKDK 4 7,DIA12_CV486075:20251228_A2_N1_Mueller_MS_TechHub_IMP_THIDDIAXL003_Cas9_PhoX_DIA12_CV486075_250ng_FAIMS_002,1038087,,,0,0,-0,0,3,0,0,decoy:Q99ZW2,decoy:,decoy,true,Q99ZW2,Q99ZW2,,false,LFDLITKGSQKDK,NSDKLIAR,672,1115,13,8,7,4,678,1118,3,,-1,-0.003593,-0.003593,9.359769,true,false,true,false,Self ,0.0311,0.031191,1.832215,,0.037901,1,0,0.042449,1,212,166,2,
Scan: 453252 Run: DIA12_CV486075:20251228_A2_N1_Mueller_MS_TechHub_IMP_THIDDIAXL003_Cas9_PhoX_DIA12_CV486075_250ng_FAIMS_001 P1_NSDKLIAR P2_EDIQKAQVSGQGDSLHEHIANLAGSPAIK 4 5,DIA12_CV486075:20251228_A2_N1_Mueller_MS_TechHub_IMP_THIDDIAXL003_Cas9_PhoX_DIA12_CV486075_250ng_FAIMS_001,453252,,,0,0,-0,0,5,0,0,Q99ZW2,,,false,Q99ZW2,Q99ZW2,,false,EDIQKAQVSGQGDSLHEHIANLAGSPAIK,NSDKLIAR,706,1115,29,8,5,4,710,1118,5,,-1,-0.003595,-0.003595,9.359763,false,true,false,false,Self ,0.0311,0.031101,1.832215,,0,0,0,0,0,211,1268,0,
Scan: 1195809 Run: DIA12_CV486075:20251228_A2_N1_Mueller_MS_TechHub_IMP_THIDDIAXL003_Cas9_PhoX_DIA12_CV486075_250ng_FAIMS_003 P1_YPKLESEFVYGDYK P2_NSDKLIAR 3 4,DIA12_CV486075:20251228_A2_N1_Mueller_MS_TechHub_IMP_THIDDIAXL003_Cas9_PhoX_DIA12_CV486075_250ng_FAIMS_003,1195809,,,0,0,-0,0,4,0,0,Q99ZW2,,,false,Q99ZW2,Q99ZW2,,false,NSDKLIAR,YPKLESEFVYGDYK,1115,1001,8,14,4,3,1118,1003,4,,-1,-0.003701,-0.003701,9.359498,false,true,false,false,Self ,0.0311,0.031148,1.832215,,0.037901,0,0,0.042449,0,210,165,0,
Scan: 1227397 Run: DIA12_CV486075:20251228_A2_N1_Mueller_MS_TechHub_IMP_THIDDIAXL003_Cas9_PhoX_DIA12_CV486075_250ng_FAIMS_003 P1_KVLSMPQVNIVK P2_FKVLGNTDR 1 2,DIA12_CV486075:20251228_A2_N1_Mueller_MS_TechHub_IMP_THIDDIAXL003_Cas9_PhoX_DIA12_CV486075_250ng_FAIMS_003,1227397,,,0,0,-0,0,3,0,0,Q99ZW2,,,false,Q99ZW2,Q99ZW2,,false,FKVLGNTDR,KVLSMPQVNIVK,32,1085,9,12,2,1,33,1085,3,,-1,-0.003729,-0.003729,9.359428,false,true,false,false,Self ,0.0311,0.03116,1.832215,,0,0,0,0,0,209,1253,0,
Scan: 1605304 Run: DIA12_CV486075:20251228_A2_N1_Mueller_MS_TechHub_IMP_THIDDIAXL003_Cas9_PhoX_DIA12_CV486075_250ng_FAIMS_003 P1_QQLPEKYKEIFFDQSK P2_KVTVK 6 1,DIA12_CV486075:20251228_A2_N1_Mueller_MS_TechHub_IMP_THIDDIAXL003_Cas9_PhoX_DIA12_CV486075_250ng_FAIMS_003,1605304,,,0,0,-0,0,3,0,0,Q99ZW2,,,false,Q99ZW2,Q99ZW2,,false,KVTVK,QQLPEKYKEIFFDQSK,558,341,5,16,1,6,558,346,3,,-1,-0.003959,-0.003959,9.358854,false,true,false,false,Self ,0.0311,0.03126,1.833842,,0.037901,0,0,0.042449,0,208,164,0,
Scan: 445185 Run: DIA12_CV486075:20251228_A2_N1_Mueller_MS_TechHub_IMP_THIDDIAXL003_Cas9_PhoX_DIA12_CV486075_250ng_FAIMS_001 P1_TILDFLKSDGFANR P2_KSEETITPWNFEEVVDK 7 1,DIA12_CV486075:20251228_A2_N1_Mueller_MS_TechHub_IMP_THIDDIAXL003_Cas9_PhoX_DIA12_CV486075_250ng_FAIMS_001,445185,,,0,0,-0,0,4,0,0,Q99ZW2,,,false,Q99ZW2,Q99ZW2,,false,KSEETITPWNFEEVVDK,TILDFLKSDGFANR,468,678,17,14,1,7,468,684,4,,-1,-0.004049,-0.004049,9.358629,false,true,false,false,Self ,0.0311,0.031299,1.837209,,0.037901,0,0,0.042449,0,207,163,0,
Scan: 1615659 Run: DIA12_CV486075:20251228_A2_N1_Mueller_MS_TechHub_IMP_THIDDIAXL003_Cas9_PhoX_DIA12_CV486075_250ng_FAIMS_003 P1_SEETITPWNFEEVVDKGASAQSFIER P2_FNASLGTYHDLLKIIK 16 13,DIA12_CV486075:20251228_A2_N1_Mueller_MS_TechHub_IMP_THIDDIAXL003_Cas9_PhoX_DIA12_CV486075_250ng_FAIMS_003,1615659,,,0,0,-0,0,5,0,0,Q99ZW2,,,false,Q99ZW2,Q99ZW2,,false,FNASLGTYHDLLKIIK,SEETITPWNFEEVVDKGASAQSFIER,587,469,16,26,13,16,599,484,5,,-1,-0.004062,-0.004062,9.358597,false,true,false,false,Self ,0.0311,0.031304,1.837209,,0.037901,0,0,0.042449,0,206,162,0,
Scan: 806334 Run: DIA12_CV486075:20251228_A2_N1_Mueller_MS_TechHub_IMP_THIDDIAXL003_Cas9_PhoX_DIA12_CV486075_250ng_FAIMS_002 P1_LSKSR P2_KLINGIR 3 1,DIA12_CV486075:20251228_A2_N1_Mueller_MS_TechHub_IMP_THIDDIAXL003_Cas9_PhoX_DIA12_CV486075_250ng_FAIMS_002,806334,,,0,0,-0,0,3,0,0,Q99ZW2,,,false,Q99ZW2,Q99ZW2,,false,KLINGIR,LSKSR,665,216,7,5,1,3,665,218,3,,-1,-0.004067,-0.004067,9.358583,false,true,false,false,Self ,0.0311,0.031307,1.837209,,0.037901,0,0,0.042449,0,205,161,0,
Scan: 244652 Run: DIA12_CV486075:20251228_A2_N1_Mueller_MS_TechHub_IMP_THIDDIAXL003_Cas9_PhoX_DIA12_CV486075_250ng_FAIMS_001 P1_LKTYAHLFDDK P2_FKVLGNTDR 2 2,DIA12_CV486075:20251228_A2_N1_Mueller_MS_TechHub_IMP_THIDDIAXL003_Cas9_PhoX_DIA12_CV486075_250ng_FAIMS_001,244652,,,0,0,-0,0,4,0,0,Q99ZW2,,,false,Q99ZW2,Q99ZW2,,false,FKVLGNTDR,LKTYAHLFDDK,32,636,9,11,2,2,33,637,4,,-1,-0.004167,-0.004167,9.358334,false,true,false,false,Self ,0.0311,0.03135,1.837209,,0,0,0,0,0,204,1304,0,
Scan: 37871 Run: DIA12_CV486075:20251228_A2_N1_Mueller_MS_TechHub_IMP_THIDDIAXL003_Cas9_PhoX_DIA12_CV486075_250ng_FAIMS_001 P1_VLSAYNKHR P2_KTEVQTGGFSK 7 1,DIA12_CV486075:20251228_A2_N1_Mueller_MS_TechHub_IMP_THIDDIAXL003_Cas9_PhoX_DIA12_CV486075_250ng_FAIMS_001,37871,,,0,0,-0,0,4,0,0,Q99ZW2,,,false,Q99ZW2,Q99ZW2,,false,KTEVQTGGFSK,VLSAYNKHR,1097,1290,11,9,1,7,1097,1296,4,,-1,-0.004374,-0.004374,9.357816,false,true,false,false,Self ,0.0311,0.03144,1.839975,,0.037901,0,0,0.042449,0,203,160,0,
Scan: 558970 Run: DIA12_CV486075:20251228_A2_N1_Mueller_MS_TechHub_IMP_THIDDIAXL003_Cas9_PhoX_DIA12_CV486075_250ng_FAIMS_001 P1_QLLNAKLITQR P2_NSDKLIAR 6 4,DIA12_CV486075:20251228_A2_N1_Mueller_MS_TechHub_IMP_THIDDIAXL003_Cas9_PhoX_DIA12_CV486075_250ng_FAIMS_001,558970,,,0,0,-0,0,3,0,0,Q99ZW2,,,false,Q99ZW2,Q99ZW2,,false,NSDKLIAR,QLLNAKLITQR,1115,885,8,11,4,6,1118,890,3,,-1,-0.004386,-0.004386,9.357787,false,true,false,false,Self ,0.0311,0.031445,1.839975,,0.037901,0,0,0.042449,0,202,159,0,
Scan: 545385 Run: DIA12_CV486075:20251228_A2_N1_Mueller_MS_TechHub_IMP_THIDDIAXL003_Cas9_PhoX_DIA12_CV486075_250ng_FAIMS_001 P1_LSKSR P2_GKSDNVPSEEVVK 3 2,DIA12_CV486075:20251228_A2_N1_Mueller_MS_TechHub_IMP_THIDDIAXL003_Cas9_PhoX_DIA12_CV486075_250ng_FAIMS_001,545385,,,0,0,-0,0,3,0,0,Q99ZW2,,,false,Q99ZW2,Q99ZW2,,false,GKSDNVPSEEVVK,LSKSR,865,216,13,5,2,3,866,218,3,,-1,-0.004619,-0.004619,9.357202,false,true,false,false,Self ,0.0311,0.031546,1.842234,,0.037901,0,0,0.042449,0,201,158,0,
Scan: 1290785 Run: DIA12_CV486075:20251228_A2_N1_Mueller_MS_TechHub_IMP_THIDDIAXL003_Cas9_PhoX_DIA12_CV486075_250ng_FAIMS_003 P1_KLINGIR P2_KKDWDPKK 1 1,DIA12_CV486075:20251228_A2_N1_Mueller_MS_TechHub_IMP_THIDDIAXL003_Cas9_PhoX_DIA12_CV486075_250ng_FAIMS_003,1290785,,,0,0,-0,0,3,0,0,Q99ZW2,,,false,Q99ZW2,Q99ZW2,,false,KKDWDPKK,KLINGIR,1123,665,8,7,1,1,1123,665,3,,-1,-0.004644,-0.004644,9.357142,false,true,false,false,Self ,0.0311,0.031557,1.842234,,0.037901,0,0,0,0,200,157,0,
Scan: 1488152 Run: DIA12_CV486075:20251228_A2_N1_Mueller_MS_TechHub_IMP_THIDDIAXL003_Cas9_PhoX_DIA12_CV486075_250ng_FAIMS_003 P1_KPAFLSGEQK P2_FTLIKEIKER 1 5,DIA12_CV486075:20251228_A2_N1_Mueller_MS_TechHub_IMP_THIDDIAXL003_Cas9_PhoX_DIA12_CV486075_250ng_FAIMS_003,1488152,,,0,0,-0,0,3,0,0,decoy:Q99ZW2,decoy:,decoy,true,Q99ZW2,Q99ZW2,,false,FTLIKEIKER,KPAFLSGEQK,438,536,10,10,5,1,442,536,3,,-1,-0.004665,-0.004665,9.357088,true,false,true,false,Self ,0.031566,0.031638,1.842234,,0.038489,1,0,0.043124,1,199,156,2,
Scan: 1139187 Run: DIA12_CV486075:20251228_A2_N1_Mueller_MS_TechHub_IMP_THIDDIAXL003_Cas9_PhoX_DIA12_CV486075_250ng_FAIMS_002 P1_DKQSGK P2_DDSIDNKVLTR 2 7,DIA12_CV486075:20251228_A2_N1_Mueller_MS_TechHub_IMP_THIDDIAXL003_Cas9_PhoX_DIA12_CV486075_250ng_FAIMS_002,1139187,,,0,0,-0,0,3,0,0,Q99ZW2,,,false,Q99ZW2,Q99ZW2,,false,DDSIDNKVLTR,DKQSGK,849,672,11,6,7,2,855,673,3,,-1,-0.004753,-0.004753,9.356869,false,true,false,false,Self ,0.031566,0.031619,1.842234,,0.038489,0,0,0.043124,0,198,155,0,
Scan: 1376683 Run: DIA12_CV486075:20251228_A2_N1_Mueller_MS_TechHub_IMP_THIDDIAXL003_Cas9_PhoX_DIA12_CV486075_250ng_FAIMS_003 P1_VILADANLDKVLSAYNK P2_SEQEIGKATAK 10 7,DIA12_CV486075:20251228_A2_N1_Mueller_MS_TechHub_IMP_THIDDIAXL003_Cas9_PhoX_DIA12_CV486075_250ng_FAIMS_003,1376683,,,0,0,-0,0,4,0,0,Q99ZW2,,,false,Q99ZW2,Q99ZW2,,false,SEQEIGKATAK,VILADANLDKVLSAYNK,1025,1280,11,17,7,10,1031,1289,4,,-1,-0.005002,-0.005002,9.356246,false,true,false,false,Self ,0.031566,0.031768,1.842234,,0.038489,0,0,0.043124,0,197,154,0,
Scan: 1082219 Run: DIA12_CV486075:20251228_A2_N1_Mueller_MS_TechHub_IMP_THIDDIAXL003_Cas9_PhoX_DIA12_CV486075_250ng_FAIMS_002 P1_SDKNR P2_KGILQTVK 3 1,DIA12_CV486075:20251228_A2_N1_Mueller_MS_TechHub_IMP_THIDDIAXL003_Cas9_PhoX_DIA12_CV486075_250ng_FAIMS_002,1082219,,,0,0,-0,0,3,0,0,Q99ZW2,,,false,Q99ZW2,Q99ZW2,,false,KGILQTVK,SDKNR,735,860,8,5,1,3,735,862,3,,-1,-0.005041,-0.005041,9.356149,false,true,false,false,Self ,0.031566,0.031791,1.843366,,0.038489,0,0,0.043124,0,196,153,0,
Scan: 1351015 Run: DIA12_CV486075:20251228_A2_N1_Mueller_MS_TechHub_IMP_THIDDIAXL003_Cas9_PhoX_DIA12_CV486075_250ng_FAIMS_003 P1_LKGSPEDNEQK P2_GNELALPSKYVNFLYLASHYEK 2 9,DIA12_CV486075:20251228_A2_N1_Mueller_MS_TechHub_IMP_THIDDIAXL003_Cas9_PhoX_DIA12_CV486075_250ng_FAIMS_003,1351015,,,0,0,-0,0,5,0,0,Q99ZW2,,,false,Q99ZW2,Q99ZW2,,false,GNELALPSKYVNFLYLASHYEK,LKGSPEDNEQK,1223,1245,22,11,9,2,1231,1246,5,,-1,-0.005111,-0.005111,9.355975,false,true,false,false,Self ,0.031566,0.031832,1.844499,,0,0,0,0,0,195,1255,0,
Scan: 1547642 Run: DIA12_CV486075:20251228_A2_N1_Mueller_MS_TechHub_IMP_THIDDIAXL003_Cas9_PhoX_DIA12_CV486075_250ng_FAIMS_003 P1_TEVQTGGFSKESILPK P2_MTNFDKNLPNEK 10 6,DIA12_CV486075:20251228_A2_N1_Mueller_MS_TechHub_IMP_THIDDIAXL003_Cas9_PhoX_DIA12_CV486075_250ng_FAIMS_003,1547642,,,0,0,-0,0,4,0,0,Q99ZW2,,,false,Q99ZW2,Q99ZW2,,false,MTNFDKNLPNEK,TEVQTGGFSKESILPK,495,1098,12,16,6,10,500,1107,4,,-1,-0.005223,-0.005223,9.355694,false,true,false,false,Self ,0.031566,0.0319,1.844499,,0.038489,0,0,0,0,194,152,0,
Scan: 32358 Run: DIA12_CV486075:20251228_A2_N1_Mueller_MS_TechHub_IMP_THIDDIAXL003_Cas9_PhoX_DIA12_CV486075_250ng_FAIMS_001 P1_VNTEITKAPLSASMIK P2_KVLSMPQVNIVK 7 1,DIA12_CV486075:20251228_A2_N1_Mueller_MS_TechHub_IMP_THIDDIAXL003_Cas9_PhoX_DIA12_CV486075_250ng_FAIMS_001,32358,,,0,0,-0,0,4,0,0,Q99ZW2,,,false,Q99ZW2,Q99ZW2,,false,KVLSMPQVNIVK,VNTEITKAPLSASMIK,1085,308,12,16,1,7,1085,314,4,,-1,-0.005286,-0.005286,9.355535,false,true,false,false,Self ,0.031566,0.031937,1.844499,,0.038489,0,0,0.043124,0,193,151,0,
Scan: 858296 Run: DIA12_CV486075:20251228_A2_N1_Mueller_MS_TechHub_IMP_THIDDIAXL003_Cas9_PhoX_DIA12_CV486075_250ng_FAIMS_002 P1_YKEIFFDQSK P2_GQKNSR 2 3,DIA12_CV486075:20251228_A2_N1_Mueller_MS_TechHub_IMP_THIDDIAXL003_Cas9_PhoX_DIA12_CV486075_250ng_FAIMS_002,858296,,,0,0,-0,0,4,0,0,Q99ZW2,,,false,Q99ZW2,Q99ZW2,,false,GQKNSR,YKEIFFDQSK,773,347,6,10,3,2,775,348,4,,-1,-0.005399,-0.005399,9.355254,false,true,false,false,Self ,0.031566,0.032005,1.844499,,0,0,0,0,0,192,1286,0,
Scan: 839931 Run: DIA12_CV486075:20251228_A2_N1_Mueller_MS_TechHub_IMP_THIDDIAXL003_Cas9_PhoX_DIA12_CV486075_250ng_FAIMS_002 P1_SKSLR P2_FKVLGNTDR 2 2,DIA12_CV486075:20251228_A2_N1_Mueller_MS_TechHub_IMP_THIDDIAXL003_Cas9_PhoX_DIA12_CV486075_250ng_FAIMS_002,839931,,,0,0,-0,0,3,0,0,Q99ZW2,,,false,decoy:Q99ZW2,decoy:Q99ZW2,decoy,true,FKVLGNTDR,SKSLR,32,216,9,5,2,2,33,217,3,,-1,-0.005407,-0.005407,9.355233,true,false,true,false,Self ,0.032009,0.031861,1.844499,,0.039046,0,1,0.043796,1,191,150,2,
Scan: 1367965 Run: DIA12_CV486075:20251228_A2_N1_Mueller_MS_TechHub_IMP_THIDDIAXL003_Cas9_PhoX_DIA12_CV486075_250ng_FAIMS_003 P1_KDFQFYK P2_GSPEDNEQKQLFVEQHK 1 9,DIA12_CV486075:20251228_A2_N1_Mueller_MS_TechHub_IMP_THIDDIAXL003_Cas9_PhoX_DIA12_CV486075_250ng_FAIMS_003,1367965,,,0,0,-0,0,5,0,0,Q99ZW2,,,false,Q99ZW2,Q99ZW2,,false,GSPEDNEQKQLFVEQHK,KDFQFYK,1247,968,17,7,9,1,1255,968,5,,-1,-0.005518,-0.005518,9.354957,false,true,false,false,Self ,0.032009,0.032044,1.845633,,0,0,0,0,0,190,1576,0,
Scan: 1209901 Run: DIA12_CV486075:20251228_A2_N1_Mueller_MS_TechHub_IMP_THIDDIAXL003_Cas9_PhoX_DIA12_CV486075_250ng_FAIMS_003 P1_SEQEIGKATAK P2_KDLIIK 7 1,DIA12_CV486075:20251228_A2_N1_Mueller_MS_TechHub_IMP_THIDDIAXL003_Cas9_PhoX_DIA12_CV486075_250ng_FAIMS_003,1209901,,,0,0,-0,0,3,0,0,Q99ZW2,,,false,Q99ZW2,Q99ZW2,,false,KDLIIK,SEQEIGKATAK,1192,1025,6,11,1,7,1192,1031,3,,-1,-0.005545,-0.005545,9.354889,false,true,false,false,Self ,0.032009,0.032052,1.845633,,0.039046,0,0,0.043796,0,189,149,0,
Scan: 1232002 Run: DIA12_CV486075:20251228_A2_N1_Mueller_MS_TechHub_IMP_THIDDIAXL003_Cas9_PhoX_DIA12_CV486075_250ng_FAIMS_003 P1_KTEVQTGGFSKESILPK P2_KDLIIKLPK 1 6,DIA12_CV486075:20251228_A2_N1_Mueller_MS_TechHub_IMP_THIDDIAXL003_Cas9_PhoX_DIA12_CV486075_250ng_FAIMS_003,1232002,,,0,0,-0,0,3,0,0,Q99ZW2,,,false,Q99ZW2,Q99ZW2,,false,KDLIIKLPK,KTEVQTGGFSKESILPK,1192,1097,9,17,6,1,1197,1097,3,,-1,-0.00556,-0.00556,9.354851,false,true,false,false,Self ,0.032009,0.032057,1.845633,,0,0,0,0,0,188,337,0,
Scan: 1274042 Run: DIA12_CV486075:20251228_A2_N1_Mueller_MS_TechHub_IMP_THIDDIAXL003_Cas9_PhoX_DIA12_CV486075_250ng_FAIMS_003 P1_ESILPKR P2_EKIEKILTFR 6 5,DIA12_CV486075:20251228_A2_N1_Mueller_MS_TechHub_IMP_THIDDIAXL003_Cas9_PhoX_DIA12_CV486075_250ng_FAIMS_003,1274042,,,0,0,-0,0,3,0,0,Q99ZW2,,,false,Q99ZW2,Q99ZW2,,false,EKIEKILTFR,ESILPKR,438,1108,10,7,5,6,442,1113,3,,-1,-0.005567,-0.005567,9.354834,false,true,false,false,Self ,0.032009,0.032059,1.845633,,0.039046,0,0,0,0,187,16,0,
Scan: 1315500 Run: DIA12_CV486075:20251228_A2_N1_Mueller_MS_TechHub_IMP_THIDDIAXL003_Cas9_PhoX_DIA12_CV486075_250ng_FAIMS_003 P1_SSFEKNPIDFLEAK P2_KGILQTVK 5 1,DIA12_CV486075:20251228_A2_N1_Mueller_MS_TechHub_IMP_THIDDIAXL003_Cas9_PhoX_DIA12_CV486075_250ng_FAIMS_003,1315500,,,0,0,-0,0,4,0,0,Q99ZW2,,,false,Q99ZW2,Q99ZW2,,false,KGILQTVK,SSFEKNPIDFLEAK,735,1172,8,14,1,5,735,1176,4,,-1,-0.005819,-0.005819,9.354203,false,true,false,false,Self ,0.032009,0.032138,1.845633,,0.039046,0,0,0.043796,0,186,147,0,
Scan: 9326 Run: DIA12_CV486075:20251228_A2_N1_Mueller_MS_TechHub_IMP_THIDDIAXL003_Cas9_PhoX_DIA12_CV486075_250ng_FAIMS_001 P1_MIAKSEQEIGK P2_KPAFLSGEQK 4 1,DIA12_CV486075:20251228_A2_N1_Mueller_MS_TechHub_IMP_THIDDIAXL003_Cas9_PhoX_DIA12_CV486075_250ng_FAIMS_001,9326,,,0,0,-0,0,3,0,0,Q99ZW2,,,false,Q99ZW2,Q99ZW2,,false,KPAFLSGEQK,MIAKSEQEIGK,536,1021,10,11,1,4,536,1024,3,,-1,-0.005937,-0.005937,9.353909,false,true,false,false,Self ,0.032009,0.032174,1.846769,,0.039046,0,0,0.043796,0,185,146,0,
Scan: 568748 Run: DIA12_CV486075:20251228_A2_N1_Mueller_MS_TechHub_IMP_THIDDIAXL003_Cas9_PhoX_DIA12_CV486075_250ng_FAIMS_001 P1_KFDNLTKAER P2_GGLSELDKAGFIK 1 8,DIA12_CV486075:20251228_A2_N1_Mueller_MS_TechHub_IMP_THIDDIAXL003_Cas9_PhoX_DIA12_CV486075_250ng_FAIMS_001,568748,,,0,0,-0,0,3,0,0,Q99ZW2,,,false,Q99ZW2,Q99ZW2,,false,GGLSELDKAGFIK,KFDNLTKAER,906,896,13,10,8,1,913,896,3,,-1,-0.006111,-0.006111,9.353473,false,true,false,false,Self ,0.032009,0.032228,1.846769,,0.039046,0,0,0,0,184,145,0,
Scan: 1642442 Run: DIA12_CV486075:20251228_A2_N1_Mueller_MS_TechHub_IMP_THIDDIAXL003_Cas9_PhoX_DIA12_CV486075_250ng_FAIMS_003 P1_TILDFLKSDGFANR P2_TILDFLKSDGFANR 7 7,DIA12_CV486075:20251228_A2_N1_Mueller_MS_TechHub_IMP_THIDDIAXL003_Cas9_PhoX_DIA12_CV486075_250ng_FAIMS_003,1642442,,,0,0,-0,0,4,0,0,Q99ZW2,,,false,Q99ZW2,Q99ZW2,,false,TILDFLKSDGFANR,TILDFLKSDGFANR,678,678,14,14,7,7,684,684,4,,-1,-0.006341,-0.006341,9.3529,false,true,false,false,Self ,0.032009,0.0323,1.846769,,0.039046,0,0,0.043796,0,183,144,0,
Scan: 1111172 Run: DIA12_CV486075:20251228_A2_N1_Mueller_MS_TechHub_IMP_THIDDIAXL003_Cas9_PhoX_DIA12_CV486075_250ng_FAIMS_002 P1_SNKQGR P2_SKLVSDFR 3 2,DIA12_CV486075:20251228_A2_N1_Mueller_MS_TechHub_IMP_THIDDIAXL003_Cas9_PhoX_DIA12_CV486075_250ng_FAIMS_002,1111172,,,0,0,-0,0,3,0,0,Q99ZW2,,,false,decoy:Q99ZW2,decoy:Q99ZW2,decoy,true,SKLVSDFR,SNKQGR,960,773,8,6,2,3,961,775,3,,-1,-0.007128,-0.007128,9.35093,true,false,true,false,Self ,0.032544,0.032745,1.847906,,0.039711,0,1,0.044534,1,182,143,2,
Scan: 1600330 Run: DIA12_CV486075:20251228_A2_N1_Mueller_MS_TechHub_IMP_THIDDIAXL003_Cas9_PhoX_DIA12_CV486075_250ng_FAIMS_003 P1_VITLKSK P2_KAIVDLLFK 5 1,DIA12_CV486075:20251228_A2_N1_Mueller_MS_TechHub_IMP_THIDDIAXL003_Cas9_PhoX_DIA12_CV486075_250ng_FAIMS_003,1600330,,,0,0,-0,0,3,0,0,Q99ZW2,,,false,Q99ZW2,Q99ZW2,,false,KAIVDLLFK,VITLKSK,546,955,9,7,1,5,546,959,3,,-1,-0.007225,-0.007225,9.350688,false,true,false,false,Self ,0.032544,0.032621,1.849045,,0.039711,0,0,0.044534,0,181,142,0,
Scan: 1172188 Run: DIA12_CV486075:20251228_A2_N1_Mueller_MS_TechHub_IMP_THIDDIAXL003_Cas9_PhoX_DIA12_CV486075_250ng_FAIMS_002 P1_QITKHVAQILDSR P2_QITKHVAQILDSR 4 4,DIA12_CV486075:20251228_A2_N1_Mueller_MS_TechHub_IMP_THIDDIAXL003_Cas9_PhoX_DIA12_CV486075_250ng_FAIMS_002,1172188,,,0,0,-0,0,4,0,0,Q99ZW2,,,false,Q99ZW2,Q99ZW2,,false,QITKHVAQILDSR,QITKHVAQILDSR,926,926,13,13,4,4,929,929,4,,-1,-0.007469,-0.007469,9.350079,false,true,false,false,Self ,0.032544,0.032814,1.849045,,0.039711,0,0,0.044534,0,180,141,0,
Scan: 1770268 Run: DIA12_CV486075:20251228_A2_N1_Mueller_MS_TechHub_IMP_THIDDIAXL003_Cas9_PhoX_DIA12_CV486075_250ng_FAIMS_003 P1_SKLVSDFR P2_QITKHVAQILDSR 2 4,DIA12_CV486075:20251228_A2_N1_Mueller_MS_TechHub_IMP_THIDDIAXL003_Cas9_PhoX_DIA12_CV486075_250ng_FAIMS_003,1770268,,,0,0,-0,0,3,0,0,Q99ZW2,,,false,Q99ZW2,Q99ZW2,,false,QITKHVAQILDSR,SKLVSDFR,926,960,13,8,4,2,929,961,3,,-1,-0.007626,-0.007626,9.349686,false,true,false,false,Self ,0.032544,0.032939,1.849045,,0,0,0,0,0,179,1327,0,
Scan: 358283 Run: DIA12_CV486075:20251228_A2_N1_Mueller_MS_TechHub_IMP_THIDDIAXL003_Cas9_PhoX_DIA12_CV486075_250ng_FAIMS_001 P1_KLINGIR P2_ENPLNKDFNTMK 1 6,DIA12_CV486075:20251228_A2_N1_Mueller_MS_TechHub_IMP_THIDDIAXL003_Cas9_PhoX_DIA12_CV486075_250ng_FAIMS_001,358283,,,0,0,-0,0,4,0,0,decoy:Q99ZW2,decoy:,decoy,true,Q99ZW2,Q99ZW2,,false,ENPLNKDFNTMK,KLINGIR,495,665,12,7,6,1,500,665,4,,-1,-0.007678,-0.007678,9.349557,true,false,true,false,Self ,0.03298,0.032792,1.849045,,0.040259,1,0,0.045125,1,178,140,2,
Scan: 569171 Run: DIA12_CV486075:20251228_A2_N1_Mueller_MS_TechHub_IMP_THIDDIAXL003_Cas9_PhoX_DIA12_CV486075_250ng_FAIMS_001 P1_KFDNLTKAER P2_GGLSELDKAGFIK 7 8,DIA12_CV486075:20251228_A2_N1_Mueller_MS_TechHub_IMP_THIDDIAXL003_Cas9_PhoX_DIA12_CV486075_250ng_FAIMS_001,569171,,,0,0,-0,0,4,0,0,Q99ZW2,,,false,Q99ZW2,Q99ZW2,,false,GGLSELDKAGFIK,KFDNLTKAER,906,896,13,10,8,7,913,902,4,,-1,-0.008088,-0.008088,9.348531,false,true,false,false,Self ,0.03298,0.033119,1.851326,,0,0,0,0,0,177,1303,0,
Scan: 977731 Run: DIA12_CV486075:20251228_A2_N1_Mueller_MS_TechHub_IMP_THIDDIAXL003_Cas9_PhoX_DIA12_CV486075_250ng_FAIMS_002 P1_VLSAYNKHR P2_KPAFLSGEQK 7 1,DIA12_CV486075:20251228_A2_N1_Mueller_MS_TechHub_IMP_THIDDIAXL003_Cas9_PhoX_DIA12_CV486075_250ng_FAIMS_002,977731,,,0,0,-0,0,4,0,0,Q99ZW2,,,false,Q99ZW2,Q99ZW2,,false,KPAFLSGEQK,VLSAYNKHR,536,1290,10,9,1,7,536,1296,4,,-1,-0.008232,-0.008232,9.348172,false,true,false,false,Self ,0.03298,0.033167,1.851326,,0.040259,0,0,0.045125,0,176,139,0,
Scan: 1637328 Run: DIA12_CV486075:20251228_A2_N1_Mueller_MS_TechHub_IMP_THIDDIAXL003_Cas9_PhoX_DIA12_CV486075_250ng_FAIMS_003 P1_TILDFLKSDGFANR P2_SEQEIGKATAK 7 7,DIA12_CV486075:20251228_A2_N1_Mueller_MS_TechHub_IMP_THIDDIAXL003_Cas9_PhoX_DIA12_CV486075_250ng_FAIMS_003,1637328,,,0,0,-0,0,4,0,0,Q99ZW2,,,false,Q99ZW2,Q99ZW2,,false,SEQEIGKATAK,TILDFLKSDGFANR,1025,678,11,14,7,7,1031,684,4,,-1,-0.008297,-0.008297,9.348009,false,true,false,false,Self ,0.03298,0.033189,1.851326,,0.040259,0,0,0.045125,0,175,138,0,
Scan: 707368 Run: DIA12_CV486075:20251228_A2_N1_Mueller_MS_TechHub_IMP_THIDDIAXL003_Cas9_PhoX_DIA12_CV486075_250ng_FAIMS_002 P1_LKSVK P2_KDWDPK 2 1,DIA12_CV486075:20251228_A2_N1_Mueller_MS_TechHub_IMP_THIDDIAXL003_Cas9_PhoX_DIA12_CV486075_250ng_FAIMS_002,707368,,,0,0,-0,0,3,0,0,Q99ZW2,,,false,Q99ZW2,Q99ZW2,,false,KDWDPK,LKSVK,1124,1157,6,5,1,2,1124,1158,3,,-1,-0.008473,-0.008473,9.347569,false,true,false,false,Self ,0.03298,0.033249,1.850709,,0.040259,0,0,0.045125,0,174,137,0,
Scan: 1649615 Run: DIA12_CV486075:20251228_A2_N1_Mueller_MS_TechHub_IMP_THIDDIAXL003_Cas9_PhoX_DIA12_CV486075_250ng_FAIMS_003 P1_KDLIIK P2_EDIQKAQVSGQGDSLHEHIANLAGSPAIK 1 5,DIA12_CV486075:20251228_A2_N1_Mueller_MS_TechHub_IMP_THIDDIAXL003_Cas9_PhoX_DIA12_CV486075_250ng_FAIMS_003,1649615,,,0,0,-0,0,5,0,0,Q99ZW2,,,false,Q99ZW2,Q99ZW2,,false,EDIQKAQVSGQGDSLHEHIANLAGSPAIK,KDLIIK,706,1192,29,6,5,1,710,1192,5,,-1,-0.008491,-0.008491,9.347524,false,true,false,false,Self ,0.03298,0.033255,1.850709,,0,0,0,0,0,173,1260,0,
Scan: 754261 Run: DIA12_CV486075:20251228_A2_N1_Mueller_MS_TechHub_IMP_THIDDIAXL003_Cas9_PhoX_DIA12_CV486075_250ng_FAIMS_002 P1_KGILQTVK P2_GNELALPSKYVNFLYLASHYEK 1 9,DIA12_CV486075:20251228_A2_N1_Mueller_MS_TechHub_IMP_THIDDIAXL003_Cas9_PhoX_DIA12_CV486075_250ng_FAIMS_002,754261,,,0,0,-0,0,4,0,0,Q99ZW2,,,false,Q99ZW2,Q99ZW2,,false,GNELALPSKYVNFLYLASHYEK,KGILQTVK,1223,735,22,8,9,1,1231,735,4,,-1,-0.008595,-0.008595,9.347265,false,true,false,false,Self ,0.03298,0.03329,1.850709,,0.040259,0,0,0.045125,0,172,136,0,
Scan: 1446213 Run: DIA12_CV486075:20251228_A2_N1_Mueller_MS_TechHub_IMP_THIDDIAXL003_Cas9_PhoX_DIA12_CV486075_250ng_FAIMS_003 P1_YDEHHQDLTLLKALVR P2_KLINGIR 12 1,DIA12_CV486075:20251228_A2_N1_Mueller_MS_TechHub_IMP_THIDDIAXL003_Cas9_PhoX_DIA12_CV486075_250ng_FAIMS_003,1446213,,,0,0,-0,0,5,0,0,Q99ZW2,,,false,Q99ZW2,Q99ZW2,,false,KLINGIR,YDEHHQDLTLLKALVR,665,325,7,16,1,12,665,336,5,,-1,-0.009078,-0.009078,9.346056,false,true,false,false,Self ,0.03298,0.033453,1.854141,,0.040259,0,0,0.045125,0,171,135,0,
Scan: 841062 Run: DIA12_CV486075:20251228_A2_N1_Mueller_MS_TechHub_IMP_THIDDIAXL003_Cas9_PhoX_DIA12_CV486075_250ng_FAIMS_002 P1_MTNFDKNLPNEK P2_FKVLGNTDR 6 2,DIA12_CV486075:20251228_A2_N1_Mueller_MS_TechHub_IMP_THIDDIAXL003_Cas9_PhoX_DIA12_CV486075_250ng_FAIMS_002,841062,,,0,0,-0,0,3,0,0,Q99ZW2,,,false,Q99ZW2,Q99ZW2,,false,FKVLGNTDR,MTNFDKNLPNEK,32,495,9,12,2,6,33,500,3,,-1,-0.009296,-0.009296,9.34551,false,true,false,false,Self ,0.03298,0.033527,1.854141,,0.040259,0,0,0.045125,0,170,134,0,
Scan: 216644 Run: DIA12_CV486075:20251228_A2_N1_Mueller_MS_TechHub_IMP_THIDDIAXL003_Cas9_PhoX_DIA12_CV486075_250ng_FAIMS_001 P1_RLENLIAQLPGEKK P2_LIQSGLEKIGEEIK 13 8,DIA12_CV486075:20251228_A2_N1_Mueller_MS_TechHub_IMP_THIDDIAXL003_Cas9_PhoX_DIA12_CV486075_250ng_FAIMS_001,216644,,,0,0,-0,0,4,0,0,decoy:Q99ZW2,decoy:,decoy,true,Q99ZW2,Q99ZW2,,false,LIQSGLEKIGEEIK,RLENLIAQLPGEKK,784,221,14,14,8,13,791,233,4,,-1,-0.009361,-0.009361,9.345348,true,false,true,false,Self ,0.033549,0.033892,1.854141,,0.040948,1,0,0.045894,1,169,133,2,
Scan: 817130 Run: DIA12_CV486075:20251228_A2_N1_Mueller_MS_TechHub_IMP_THIDDIAXL003_Cas9_PhoX_DIA12_CV486075_250ng_FAIMS_002 P1_KNGLFGNLIALSLGLTPNFKSNFDLAEDAK P2_KDWDPK 20 1,DIA12_CV486075:20251228_A2_N1_Mueller_MS_TechHub_IMP_THIDDIAXL003_Cas9_PhoX_DIA12_CV486075_250ng_FAIMS_002,817130,,,0,0,-0,0,5,0,0,Q99ZW2,,,false,Q99ZW2,Q99ZW2,,false,KDWDPK,KNGLFGNLIALSLGLTPNFKSNFDLAEDAK,1124,234,6,30,1,20,1124,253,5,,-1,-0.00951,-0.00951,9.344975,false,true,false,false,Self ,0.033549,0.03385,1.854141,,0.040948,0,0,0.045894,0,168,132,0,
Scan: 1691071 Run: DIA12_CV486075:20251228_A2_N1_Mueller_MS_TechHub_IMP_THIDDIAXL003_Cas9_PhoX_DIA12_CV486075_250ng_FAIMS_003 P1_VLEDVVKVTQLIGK P2_EDIQKAQVSGQGDSLHEHIANLAGSPAIK 7 5,DIA12_CV486075:20251228_A2_N1_Mueller_MS_TechHub_IMP_THIDDIAXL003_Cas9_PhoX_DIA12_CV486075_250ng_FAIMS_003,1691071,,,0,0,-0,0,5,0,0,Q99ZW2,,,false,decoy:Q99ZW2,decoy:Q99ZW2,decoy,true,EDIQKAQVSGQGDSLHEHIANLAGSPAIK,VLEDVVKVTQLIGK,706,736,29,14,5,7,710,742,5,,-1,-0.009593,-0.009593,9.344768,true,false,true,false,Self ,0.034018,0.033857,1.854141,,0.041547,0,1,0.046586,1,167,131,2,
Scan: 1426241 Run: DIA12_CV486075:20251228_A2_N1_Mueller_MS_TechHub_IMP_THIDDIAXL003_Cas9_PhoX_DIA12_CV486075_250ng_FAIMS_003 P1_VNTEITKAPLSASMIK P2_KPAFLSGEQK 7 1,DIA12_CV486075:20251228_A2_N1_Mueller_MS_TechHub_IMP_THIDDIAXL003_Cas9_PhoX_DIA12_CV486075_250ng_FAIMS_003,1426241,,,0,0,-0,0,3,0,0,Q99ZW2,,,false,Q99ZW2,Q99ZW2,,false,KPAFLSGEQK,VNTEITKAPLSASMIK,536,308,10,16,1,7,536,314,3,,-1,-0.009607,-0.009607,9.344733,false,true,false,false,Self ,0.034018,0.034032,1.854141,,0,0,0,0,0,166,1454,0,
Scan: 1605005 Run: DIA12_CV486075:20251228_A2_N1_Mueller_MS_TechHub_IMP_THIDDIAXL003_Cas9_PhoX_DIA12_CV486075_250ng_FAIMS_003 P1_SKLVSDFR P2_AIVDLLFKTNR 2 8,DIA12_CV486075:20251228_A2_N1_Mueller_MS_TechHub_IMP_THIDDIAXL003_Cas9_PhoX_DIA12_CV486075_250ng_FAIMS_003,1605005,,,0,0,-0,0,3,0,0,Q99ZW2,,,false,Q99ZW2,Q99ZW2,,false,AIVDLLFKTNR,SKLVSDFR,547,960,11,8,8,2,554,961,3,,-1,-0.009714,-0.009714,9.344467,false,true,false,false,Self ,0.034018,0.034141,1.854141,,0,0,0,0,0,165,1264,0,
Scan: 1693252 Run: DIA12_CV486075:20251228_A2_N1_Mueller_MS_TechHub_IMP_THIDDIAXL003_Cas9_PhoX_DIA12_CV486075_250ng_FAIMS_003 P1_QLLNAKLITQR P2_GILQTVKVVDELVK 6 7,DIA12_CV486075:20251228_A2_N1_Mueller_MS_TechHub_IMP_THIDDIAXL003_Cas9_PhoX_DIA12_CV486075_250ng_FAIMS_003,1693252,,,0,0,-0,0,4,0,0,Q99ZW2,,,false,Q99ZW2,Q99ZW2,,false,GILQTVKVVDELVK,QLLNAKLITQR,736,885,14,11,7,6,742,890,4,,-1,-0.009744,-0.009744,9.34439,false,true,false,false,Self ,0.034018,0.034173,1.855288,,0.041547,0,0,0.046586,0,164,130,0,
Scan: 894479 Run: DIA12_CV486075:20251228_A2_N1_Mueller_MS_TechHub_IMP_THIDDIAXL003_Cas9_PhoX_DIA12_CV486075_250ng_FAIMS_002 P1_KNLIGALLFDSGETAEATR P2_KFKVLGNTDR 1 1,DIA12_CV486075:20251228_A2_N1_Mueller_MS_TechHub_IMP_THIDDIAXL003_Cas9_PhoX_DIA12_CV486075_250ng_FAIMS_002,894479,,,0,0,-0,0,4,0,0,Q99ZW2,,,false,Q99ZW2,Q99ZW2,,false,KFKVLGNTDR,KNLIGALLFDSGETAEATR,31,45,10,19,1,1,31,45,4,,-1,-0.009758,-0.009758,9.344356,false,true,false,false,Self ,0.034018,0.034186,1.855288,,0.041547,0,0,0.046586,0,163,129,0,
Scan: 546625 Run: DIA12_CV486075:20251228_A2_N1_Mueller_MS_TechHub_IMP_THIDDIAXL003_Cas9_PhoX_DIA12_CV486075_250ng_FAIMS_001 P1_KPAFLSGEQK P2_GKSDNVPSEEVVKK 1 2,DIA12_CV486075:20251228_A2_N1_Mueller_MS_TechHub_IMP_THIDDIAXL003_Cas9_PhoX_DIA12_CV486075_250ng_FAIMS_001,546625,,,0,0,-0,0,4,0,0,Q99ZW2,,,false,Q99ZW2,Q99ZW2,,false,GKSDNVPSEEVVKK,KPAFLSGEQK,865,536,14,10,2,1,866,536,4,,-1,-0.009764,-0.009764,9.344342,false,true,false,false,Self ,0.034018,0.034192,1.855288,,0.041547,0,0,0,0,162,128,0,
Scan: 254742 Run: DIA12_CV486075:20251228_A2_N1_Mueller_MS_TechHub_IMP_THIDDIAXL003_Cas9_PhoX_DIA12_CV486075_250ng_FAIMS_001 P1_YKEIFFDQSK P2_LEESFLVEEDKKHER 2 12,DIA12_CV486075:20251228_A2_N1_Mueller_MS_TechHub_IMP_THIDDIAXL003_Cas9_PhoX_DIA12_CV486075_250ng_FAIMS_001,254742,,,0,0,-0,0,4,0,0,Q99ZW2,,,false,Q99ZW2,Q99ZW2,,false,LEESFLVEEDKKHER,YKEIFFDQSK,101,347,15,10,12,2,112,348,4,,-1,-0.009923,-0.009923,9.343944,false,true,false,false,Self ,0.034018,0.034355,1.857585,,0.041547,0,0,0.046586,0,161,127,0,
Scan: 1690919 Run: DIA12_CV486075:20251228_A2_N1_Mueller_MS_TechHub_IMP_THIDDIAXL003_Cas9_PhoX_DIA12_CV486075_250ng_FAIMS_003 P1_VLEDVVKVTQLIGK P2_TILDFLKSDGFANR 7 7,DIA12_CV486075:20251228_A2_N1_Mueller_MS_TechHub_IMP_THIDDIAXL003_Cas9_PhoX_DIA12_CV486075_250ng_FAIMS_003,1690919,,,0,0,-0,0,4,0,0,Q99ZW2,,,false,decoy:Q99ZW2,decoy:Q99ZW2,decoy,true,TILDFLKSDGFANR,VLEDVVKVTQLIGK,678,736,14,14,7,7,684,742,4,,-1,-0.010126,-0.010126,9.343436,true,false,true,false,Self ,0.034564,0.034648,1.857585,,0.042203,0,1,0.047314,1,160,126,2,
Scan: 1767839 Run: DIA12_CV486075:20251228_A2_N1_Mueller_MS_TechHub_IMP_THIDDIAXL003_Cas9_PhoX_DIA12_CV486075_250ng_FAIMS_003 P1_QITKHVAQILDSR P2_KIECFDSVEISGVEDR 4 1,DIA12_CV486075:20251228_A2_N1_Mueller_MS_TechHub_IMP_THIDDIAXL003_Cas9_PhoX_DIA12_CV486075_250ng_FAIMS_003,1767839,,,0,0,-0,0,4,0,0,Q99ZW2,,,false,Q99ZW2,Q99ZW2,,false,KIECFDSVEISGVEDR,QITKHVAQILDSR,571,926,16,13,1,4,571,929,4,,-1,-0.010137,-0.010137,9.343408,false,true,false,false,Self ,0.034564,0.03458,1.857585,,0.042203,0,0,0.047314,0,159,125,0,
Scan: 1604224 Run: DIA12_CV486075:20251228_A2_N1_Mueller_MS_TechHub_IMP_THIDDIAXL003_Cas9_PhoX_DIA12_CV486075_250ng_FAIMS_003 P1_VLPKHSLLYEYFTVYNELTK P2_AIVDLLFKTNR 4 8,DIA12_CV486075:20251228_A2_N1_Mueller_MS_TechHub_IMP_THIDDIAXL003_Cas9_PhoX_DIA12_CV486075_250ng_FAIMS_003,1604224,,,0,0,-0,0,4,0,0,Q99ZW2,,,false,Q99ZW2,Q99ZW2,,false,AIVDLLFKTNR,VLPKHSLLYEYFTVYNELTK,547,507,11,20,8,4,554,510,4,,-1,-0.010215,-0.010215,9.343213,false,true,false,false,Self ,0.034564,0.03469,1.859888,,0.042203,0,0,0.047314,0,158,124,0,
Scan: 85516 Run: DIA12_CV486075:20251228_A2_N1_Mueller_MS_TechHub_IMP_THIDDIAXL003_Cas9_PhoX_DIA12_CV486075_250ng_FAIMS_001 P1_SSFEKNPIDFLEAK P2_AILKDSNR 5 4,DIA12_CV486075:20251228_A2_N1_Mueller_MS_TechHub_IMP_THIDDIAXL003_Cas9_PhoX_DIA12_CV486075_250ng_FAIMS_001,85516,,,0,0,-0,0,4,0,0,decoy:Q99ZW2,decoy:,decoy,true,Q99ZW2,Q99ZW2,,false,AILKDSNR,SSFEKNPIDFLEAK,1115,1172,8,14,4,5,1118,1176,4,,-1,-0.010497,-0.010497,9.342507,true,false,true,false,Self ,0.035088,0.034858,1.860422,,0.042888,1,0,0.048077,1,157,123,2,
Scan: 685914 Run: DIA12_CV486075:20251228_A2_N1_Mueller_MS_TechHub_IMP_THIDDIAXL003_Cas9_PhoX_DIA12_CV486075_250ng_FAIMS_002 P1_NSDKLIAR P2_EKIEKILTFR 4 5,DIA12_CV486075:20251228_A2_N1_Mueller_MS_TechHub_IMP_THIDDIAXL003_Cas9_PhoX_DIA12_CV486075_250ng_FAIMS_002,685914,,,0,0,-0,0,4,0,0,Q99ZW2,,,false,Q99ZW2,Q99ZW2,,false,EKIEKILTFR,NSDKLIAR,438,1115,10,8,5,4,442,1118,4,,-1,-0.011193,-0.011193,9.340768,false,true,false,false,Self ,0.035088,0.03546,1.867372,,0,0,0,0,0,156,1273,0,
Scan: 293938 Run: DIA12_CV486075:20251228_A2_N1_Mueller_MS_TechHub_IMP_THIDDIAXL003_Cas9_PhoX_DIA12_CV486075_250ng_FAIMS_001 P1_IEKILTFR P2_GQKNSR 3 3,DIA12_CV486075:20251228_A2_N1_Mueller_MS_TechHub_IMP_THIDDIAXL003_Cas9_PhoX_DIA12_CV486075_250ng_FAIMS_001,293938,,,0,0,-0,0,3,0,0,Q99ZW2,,,false,Q99ZW2,Q99ZW2,,false,GQKNSR,IEKILTFR,773,440,6,8,3,3,775,442,3,,-1,-0.011245,-0.011245,9.340639,false,true,false,false,Self ,0.035088,0.035488,1.867372,,0.042888,0,0,0.048077,0,155,122,0,
Scan: 1162650 Run: DIA12_CV486075:20251228_A2_N1_Mueller_MS_TechHub_IMP_THIDDIAXL003_Cas9_PhoX_DIA12_CV486075_250ng_FAIMS_002 P1_GKSDNVPSEEVVK P2_FDNLTKAER 2 6,DIA12_CV486075:20251228_A2_N1_Mueller_MS_TechHub_IMP_THIDDIAXL003_Cas9_PhoX_DIA12_CV486075_250ng_FAIMS_002,1162650,,,0,0,-0,0,4,0,0,Q99ZW2,,,false,Q99ZW2,Q99ZW2,,false,FDNLTKAER,GKSDNVPSEEVVK,897,865,9,13,6,2,902,866,4,,-1,-0.01138,-0.01138,9.340301,false,true,false,false,Self ,0.035088,0.03556,1.867372,,0,0,0,0,0,154,1322,0,
Scan: 1108676 Run: DIA12_CV486075:20251228_A2_N1_Mueller_MS_TechHub_IMP_THIDDIAXL003_Cas9_PhoX_DIA12_CV486075_250ng_FAIMS_002 P1_SNKQGR P2_NSDKLIAR 3 4,DIA12_CV486075:20251228_A2_N1_Mueller_MS_TechHub_IMP_THIDDIAXL003_Cas9_PhoX_DIA12_CV486075_250ng_FAIMS_002,1108676,,,0,0,-0,0,4,0,0,Q99ZW2,,,false,decoy:Q99ZW2,decoy:Q99ZW2,decoy,true,NSDKLIAR,SNKQGR,1115,773,8,6,4,3,1118,775,4,,-1,-0.011396,-0.011396,9.340261,true,false,true,false,Self ,0.035569,0.035486,1.867372,,0.043478,0,1,0.048722,1,153,121,2,
Scan: 1272541 Run: DIA12_CV486075:20251228_A2_N1_Mueller_MS_TechHub_IMP_THIDDIAXL003_Cas9_PhoX_DIA12_CV486075_250ng_FAIMS_003 P1_SEETITPWNFEEVVDKGASAQSFIER P2_LEESFLVEEDKK 16 11,DIA12_CV486075:20251228_A2_N1_Mueller_MS_TechHub_IMP_THIDDIAXL003_Cas9_PhoX_DIA12_CV486075_250ng_FAIMS_003,1272541,,,0,0,-0,0,4,0,0,Q99ZW2,,,false,Q99ZW2,Q99ZW2,,false,LEESFLVEEDKK,SEETITPWNFEEVVDKGASAQSFIER,101,469,12,26,11,16,111,484,4,,-1,-0.01159,-0.01159,9.339776,false,true,false,false,Self ,0.035569,0.035643,1.872035,,0.043478,0,0,0.048722,0,152,120,0,
Scan: 1642944 Run: DIA12_CV486075:20251228_A2_N1_Mueller_MS_TechHub_IMP_THIDDIAXL003_Cas9_PhoX_DIA12_CV486075_250ng_FAIMS_003 P1_TILDFLKSDGFANR P2_KGILQTVK 7 1,DIA12_CV486075:20251228_A2_N1_Mueller_MS_TechHub_IMP_THIDDIAXL003_Cas9_PhoX_DIA12_CV486075_250ng_FAIMS_003,1642944,,,0,0,-0,0,3,0,0,Q99ZW2,,,false,Q99ZW2,Q99ZW2,,false,KGILQTVK,TILDFLKSDGFANR,735,678,8,14,1,7,735,684,3,,-1,-0.011682,-0.011682,9.339547,false,true,false,false,Self ,0.035569,0.035678,1.872035,,0,0,0,0,0,151,1314,0,
Scan: 1108047 Run: DIA12_CV486075:20251228_A2_N1_Mueller_MS_TechHub_IMP_THIDDIAXL003_Cas9_PhoX_DIA12_CV486075_250ng_FAIMS_002 P1_SDNVPSEEVVKK P2_ENQTTQKGQK 11 7,DIA12_CV486075:20251228_A2_N1_Mueller_MS_TechHub_IMP_THIDDIAXL003_Cas9_PhoX_DIA12_CV486075_250ng_FAIMS_002,1108047,,,0,0,-0,0,4,0,0,Q99ZW2,,,false,Q99ZW2,Q99ZW2,,false,ENQTTQKGQK,SDNVPSEEVVKK,766,867,10,12,7,11,772,877,4,,-1,-0.012156,-0.012156,9.338362,false,true,false,false,Self ,0.035569,0.035859,1.875547,,0.043478,0,0,0.048722,0,150,119,0,
Scan: 504930 Run: DIA12_CV486075:20251228_A2_N1_Mueller_MS_TechHub_IMP_THIDDIAXL003_Cas9_PhoX_DIA12_CV486075_250ng_FAIMS_001 P1_KPAFLSGEQK P2_HKPENIVIEMAR 1 2,DIA12_CV486075:20251228_A2_N1_Mueller_MS_TechHub_IMP_THIDDIAXL003_Cas9_PhoX_DIA12_CV486075_250ng_FAIMS_001,504930,,,0,0,-0,0,4,0,0,Q99ZW2,,,false,Q99ZW2,Q99ZW2,,false,HKPENIVIEMAR,KPAFLSGEQK,754,536,12,10,2,1,755,536,4,,-1,-0.012191,-0.012191,9.338273,false,true,false,false,Self ,0.035569,0.035872,1.875547,,0.043478,0,0,0.048722,0,149,118,0,
Scan: 1156975 Run: DIA12_CV486075:20251228_A2_N1_Mueller_MS_TechHub_IMP_THIDDIAXL003_Cas9_PhoX_DIA12_CV486075_250ng_FAIMS_002 P1_QLLNAKLITQR P2_KLINGIR 6 1,DIA12_CV486075:20251228_A2_N1_Mueller_MS_TechHub_IMP_THIDDIAXL003_Cas9_PhoX_DIA12_CV486075_250ng_FAIMS_002,1156975,,,0,0,-0,0,3,0,0,Q99ZW2,,,false,Q99ZW2,Q99ZW2,,false,KLINGIR,QLLNAKLITQR,665,885,7,11,1,6,665,890,3,,-1,-0.012615,-0.012615,9.337212,false,true,false,false,Self ,0.035569,0.036035,1.880251,,0.043478,0,0,0.048722,0,148,117,0,
Scan: 211667 Run: DIA12_CV486075:20251228_A2_N1_Mueller_MS_TechHub_IMP_THIDDIAXL003_Cas9_PhoX_DIA12_CV486075_250ng_FAIMS_001 P1_TILDFLKSDGFANR P2_KEGPLQAILNELK 7 1,DIA12_CV486075:20251228_A2_N1_Mueller_MS_TechHub_IMP_THIDDIAXL003_Cas9_PhoX_DIA12_CV486075_250ng_FAIMS_001,211667,,,0,0,-0,0,4,0,0,decoy:Q99ZW2,decoy:,decoy,true,Q99ZW2,Q99ZW2,,false,KEGPLQAILNELK,TILDFLKSDGFANR,222,678,13,14,1,7,222,684,4,,-1,-0.012756,-0.012756,9.33686,true,false,true,false,Self ,0.036088,0.036252,1.88143,,0.04416,1,0,0.049481,1,147,116,2,
Scan: 234859 Run: DIA12_CV486075:20251228_A2_N1_Mueller_MS_TechHub_IMP_THIDDIAXL003_Cas9_PhoX_DIA12_CV486075_250ng_FAIMS_001 P1_KLVDSTDK P2_APLSASMIKR 1 9,DIA12_CV486075:20251228_A2_N1_Mueller_MS_TechHub_IMP_THIDDIAXL003_Cas9_PhoX_DIA12_CV486075_250ng_FAIMS_001,234859,,,0,0,-0,0,3,0,0,Q99ZW2,,,false,Q99ZW2,Q99ZW2,,false,APLSASMIKR,KLVDSTDK,315,141,10,8,9,1,323,141,3,,-1,-0.012759,-0.012759,9.336854,false,true,false,false,Self ,0.036088,0.03609,1.88143,,0.04416,0,0,0.049481,0,146,115,0,
Scan: 985646 Run: DIA12_CV486075:20251228_A2_N1_Mueller_MS_TechHub_IMP_THIDDIAXL003_Cas9_PhoX_DIA12_CV486075_250ng_FAIMS_002 P1_KPAFLSGEQK P2_GQKNSR 1 3,DIA12_CV486075:20251228_A2_N1_Mueller_MS_TechHub_IMP_THIDDIAXL003_Cas9_PhoX_DIA12_CV486075_250ng_FAIMS_002,985646,,,0,0,-0,0,4,0,0,Q99ZW2,,,false,Q99ZW2,Q99ZW2,,false,GQKNSR,KPAFLSGEQK,773,536,6,10,3,1,775,536,4,,-1,-0.013115,-0.013115,9.335964,false,true,false,false,Self ,0.036088,0.036352,1.883166,,0,0,0,0,0,145,1301,0,
Scan: 255920 Run: DIA12_CV486075:20251228_A2_N1_Mueller_MS_TechHub_IMP_THIDDIAXL003_Cas9_PhoX_DIA12_CV486075_250ng_FAIMS_001 P1_YKEIFFDQSK P2_VLSAYNKHR 2 7,DIA12_CV486075:20251228_A2_N1_Mueller_MS_TechHub_IMP_THIDDIAXL003_Cas9_PhoX_DIA12_CV486075_250ng_FAIMS_001,255920,,,0,0,-0,0,4,0,0,Q99ZW2,,,false,Q99ZW2,Q99ZW2,,false,VLSAYNKHR,YKEIFFDQSK,1290,347,9,10,7,2,1296,348,4,,-1,-0.013165,-0.013165,9.335838,false,true,false,false,Self ,0.036088,0.036389,1.883166,,0,0,0,0,0,144,1261,0,
Scan: 1455134 Run: DIA12_CV486075:20251228_A2_N1_Mueller_MS_TechHub_IMP_THIDDIAXL003_Cas9_PhoX_DIA12_CV486075_250ng_FAIMS_003 P1_YKEIFFDQSK P2_LQKMVK 2 3,DIA12_CV486075:20251228_A2_N1_Mueller_MS_TechHub_IMP_THIDDIAXL003_Cas9_PhoX_DIA12_CV486075_250ng_FAIMS_003,1455134,,,0,0,-0,0,3,0,0,decoy:Q99ZW2,decoy:,decoy,true,Q99ZW2,Q99ZW2,,false,LQKMVK,YKEIFFDQSK,647,347,6,10,3,2,649,348,3,,-1,-0.013461,-0.013461,9.335098,true,false,true,false,Self ,0.036607,0.036595,1.883166,,0.044776,1,0,0.050159,1,143,114,2,
Scan: 1556675 Run: DIA12_CV486075:20251228_A2_N1_Mueller_MS_TechHub_IMP_THIDDIAXL003_Cas9_PhoX_DIA12_CV486075_250ng_FAIMS_003 P1_VLPKHSLLYEYFTVYNELTK P2_KKDWDPK 4 1,DIA12_CV486075:20251228_A2_N1_Mueller_MS_TechHub_IMP_THIDDIAXL003_Cas9_PhoX_DIA12_CV486075_250ng_FAIMS_003,1556675,,,0,0,-0,0,4,0,0,Q99ZW2,,,false,Q99ZW2,Q99ZW2,,false,KKDWDPK,VLPKHSLLYEYFTVYNELTK,1123,507,7,20,1,4,1123,510,4,,-1,-0.013553,-0.013553,9.334868,false,true,false,false,Self ,0.036607,0.036672,1.883166,,0.044776,0,0,0.050159,0,142,113,0,
Scan: 429664 Run: DIA12_CV486075:20251228_A2_N1_Mueller_MS_TechHub_IMP_THIDDIAXL003_Cas9_PhoX_DIA12_CV486075_250ng_FAIMS_001 P1_KLINGIR P2_EKIEK 1 2,DIA12_CV486075:20251228_A2_N1_Mueller_MS_TechHub_IMP_THIDDIAXL003_Cas9_PhoX_DIA12_CV486075_250ng_FAIMS_001,429664,,,0,0,-0,0,3,0,0,Q99ZW2,,,false,Q99ZW2,Q99ZW2,,false,EKIEK,KLINGIR,438,665,5,7,2,1,439,665,3,,-1,-0.013962,-0.013962,9.333846,false,true,false,false,Self ,0.036607,0.03696,1.886092,,0.044776,0,0,0.050159,0,141,112,0,
Scan: 1550279 Run: DIA12_CV486075:20251228_A2_N1_Mueller_MS_TechHub_IMP_THIDDIAXL003_Cas9_PhoX_DIA12_CV486075_250ng_FAIMS_003 P1_QQLPEKYKEIFFDQSK P2_MTNFDKNLPNEK 6 6,DIA12_CV486075:20251228_A2_N1_Mueller_MS_TechHub_IMP_THIDDIAXL003_Cas9_PhoX_DIA12_CV486075_250ng_FAIMS_003,1550279,,,0,0,-0,0,4,0,0,Q99ZW2,,,false,Q99ZW2,Q99ZW2,,false,MTNFDKNLPNEK,QQLPEKYKEIFFDQSK,495,341,12,16,6,6,500,346,4,,-1,-0.013975,-0.013975,9.333814,false,true,false,false,Self ,0.036607,0.036969,1.886092,,0.044776,0,0,0.050159,0,140,111,0,
Scan: 1714332 Run: DIA12_CV486075:20251228_A2_N1_Mueller_MS_TechHub_IMP_THIDDIAXL003_Cas9_PhoX_DIA12_CV486075_250ng_FAIMS_003 P1_LIQSGLEKIGEEIK P2_EHPVENTQLQNEKLYLYYLQNGR 8 13,DIA12_CV486075:20251228_A2_N1_Mueller_MS_TechHub_IMP_THIDDIAXL003_Cas9_PhoX_DIA12_CV486075_250ng_FAIMS_003,1714332,,,0,0,-0,0,4,0,0,Q99ZW2,,,false,decoy:Q99ZW2,decoy:Q99ZW2,decoy,true,EHPVENTQLQNEKLYLYYLQNGR,LIQSGLEKIGEEIK,798,784,23,14,13,8,810,791,4,,-1,-0.014286,-0.014286,9.333037,true,false,true,false,Self ,0.037188,0.03754,1.886092,,0.045487,0,1,0.050955,1,139,110,2,
Scan: 1142102 Run: DIA12_CV486075:20251228_A2_N1_Mueller_MS_TechHub_IMP_THIDDIAXL003_Cas9_PhoX_DIA12_CV486075_250ng_FAIMS_002 P1_KPLISER P2_GKSDNVPSEEVVK 1 2,DIA12_CV486075:20251228_A2_N1_Mueller_MS_TechHub_IMP_THIDDIAXL003_Cas9_PhoX_DIA12_CV486075_250ng_FAIMS_002,1142102,,,0,0,-0,0,3,0,0,Q99ZW2,,,false,decoy:Q99ZW2,decoy:Q99ZW2,decoy,true,GKSDNVPSEEVVK,KPLISER,865,1108,13,7,2,1,866,1108,3,,-1,-0.014352,-0.014352,9.33287,true,false,true,false,Self ,0.037616,0.037254,1.886092,,0.046099,0,1,0.051628,1,138,109,2,
Scan: 1081594 Run: DIA12_CV486075:20251228_A2_N1_Mueller_MS_TechHub_IMP_THIDDIAXL003_Cas9_PhoX_DIA12_CV486075_250ng_FAIMS_002 P1_VKYVTEGMR P2_KGILQTVK 2 1,DIA12_CV486075:20251228_A2_N1_Mueller_MS_TechHub_IMP_THIDDIAXL003_Cas9_PhoX_DIA12_CV486075_250ng_FAIMS_002,1081594,,,0,0,-0,0,3,0,0,Q99ZW2,,,false,Q99ZW2,Q99ZW2,,false,KGILQTVK,VKYVTEGMR,735,527,8,9,1,2,735,528,3,,-1,-0.01454,-0.01454,9.332402,false,true,false,false,Self ,0.037616,0.03773,1.88728,,0.046099,0,0,0.051628,0,137,108,0,
Scan: 1081523 Run: DIA12_CV486075:20251228_A2_N1_Mueller_MS_TechHub_IMP_THIDDIAXL003_Cas9_PhoX_DIA12_CV486075_250ng_FAIMS_002 P1_MTNFDKNLPNEK P2_KGILQTVK 6 1,DIA12_CV486075:20251228_A2_N1_Mueller_MS_TechHub_IMP_THIDDIAXL003_Cas9_PhoX_DIA12_CV486075_250ng_FAIMS_002,1081523,,,0,0,-0,0,4,0,0,Q99ZW2,,,false,Q99ZW2,Q99ZW2,,false,KGILQTVK,MTNFDKNLPNEK,735,495,8,12,1,6,735,500,4,,-1,-0.014543,-0.014543,9.332393,false,true,false,false,Self ,0.037616,0.037732,1.88728,,0,0,0,0,0,136,1325,0,
Scan: 1764593 Run: DIA12_CV486075:20251228_A2_N1_Mueller_MS_TechHub_IMP_THIDDIAXL003_Cas9_PhoX_DIA12_CV486075_250ng_FAIMS_003 P1_VITLKSK P2_GGLSELDKAGFIK 5 8,DIA12_CV486075:20251228_A2_N1_Mueller_MS_TechHub_IMP_THIDDIAXL003_Cas9_PhoX_DIA12_CV486075_250ng_FAIMS_003,1764593,,,0,0,-0,0,3,0,0,Q99ZW2,,,false,Q99ZW2,Q99ZW2,,false,GGLSELDKAGFIK,VITLKSK,906,955,13,7,8,5,913,959,3,,-1,-0.014699,-0.014699,9.332003,false,true,false,false,Self ,0.037616,0.037827,1.88728,,0.046099,0,0,0.051628,0,135,107,0,
Scan: 1420439 Run: DIA12_CV486075:20251228_A2_N1_Mueller_MS_TechHub_IMP_THIDDIAXL003_Cas9_PhoX_DIA12_CV486075_250ng_FAIMS_003 P1_SNFDLAEDAKLQLSK P2_KKDWDPK 10 1,DIA12_CV486075:20251228_A2_N1_Mueller_MS_TechHub_IMP_THIDDIAXL003_Cas9_PhoX_DIA12_CV486075_250ng_FAIMS_003,1420439,,,0,0,-0,0,3,0,0,Q99ZW2,,,false,Q99ZW2,Q99ZW2,,false,KKDWDPK,SNFDLAEDAKLQLSK,1123,254,7,15,1,10,1123,263,3,,-1,-0.0148,-0.0148,9.331752,false,true,false,false,Self ,0.037616,0.037888,1.88728,,0,0,0,0,0,134,1305,0,
Scan: 761231 Run: DIA12_CV486075:20251228_A2_N1_Mueller_MS_TechHub_IMP_THIDDIAXL003_Cas9_PhoX_DIA12_CV486075_250ng_FAIMS_002 P1_LKGSPEDNEQK P2_GQKNSR 2 3,DIA12_CV486075:20251228_A2_N1_Mueller_MS_TechHub_IMP_THIDDIAXL003_Cas9_PhoX_DIA12_CV486075_250ng_FAIMS_002,761231,,,0,0,-0,0,4,0,0,Q99ZW2,,,false,Q99ZW2,Q99ZW2,,false,GQKNSR,LKGSPEDNEQK,773,1245,6,11,3,2,775,1246,4,,-1,-0.015041,-0.015041,9.331148,false,true,false,false,Self ,0.037616,0.038035,1.890852,,0,0,0,0,0,133,1324,0,
Scan: 104036 Run: DIA12_CV486075:20251228_A2_N1_Mueller_MS_TechHub_IMP_THIDDIAXL003_Cas9_PhoX_DIA12_CV486075_250ng_FAIMS_001 P1_RNSDKLIAR P2_KYGGFDSPTVAYSVLVVAK 5 1,DIA12_CV486075:20251228_A2_N1_Mueller_MS_TechHub_IMP_THIDDIAXL003_Cas9_PhoX_DIA12_CV486075_250ng_FAIMS_001,104036,,,0,0,-0,0,3,0,0,Q99ZW2,,,false,Q99ZW2,Q99ZW2,,false,KYGGFDSPTVAYSVLVVAK,RNSDKLIAR,1130,1114,19,9,1,5,1130,1118,3,,-1,-0.015107,-0.015107,9.330984,false,true,false,false,Self ,0.037616,0.038075,1.891414,,0,0,0,0,0,132,1295,0,
Scan: 1284005 Run: DIA12_CV486075:20251228_A2_N1_Mueller_MS_TechHub_IMP_THIDDIAXL003_Cas9_PhoX_DIA12_CV486075_250ng_FAIMS_003 P1_NSDKLIAR P2_KSEETITPWNFEEVVDKGASAQSFIER 4 17,DIA12_CV486075:20251228_A2_N1_Mueller_MS_TechHub_IMP_THIDDIAXL003_Cas9_PhoX_DIA12_CV486075_250ng_FAIMS_003,1284005,,,0,0,-0,0,4,0,0,Q99ZW2,,,false,Q99ZW2,Q99ZW2,,false,KSEETITPWNFEEVVDKGASAQSFIER,NSDKLIAR,468,1115,27,8,17,4,484,1118,4,,-1,-0.015287,-0.015287,9.330534,false,true,false,false,Self ,0.037616,0.038185,1.892609,,0.046099,0,0,0.051628,0,131,106,0,
Scan: 1558376 Run: DIA12_CV486075:20251228_A2_N1_Mueller_MS_TechHub_IMP_THIDDIAXL003_Cas9_PhoX_DIA12_CV486075_250ng_FAIMS_003 P1_VLPKHSLLYEYFTVYNELTK P2_FTLIKEIKER 4 5,DIA12_CV486075:20251228_A2_N1_Mueller_MS_TechHub_IMP_THIDDIAXL003_Cas9_PhoX_DIA12_CV486075_250ng_FAIMS_003,1558376,,,0,0,-0,0,4,0,0,decoy:Q99ZW2,decoy:,decoy,true,Q99ZW2,Q99ZW2,,false,FTLIKEIKER,VLPKHSLLYEYFTVYNELTK,438,507,10,20,5,4,442,510,4,,-1,-0.015302,-0.015302,9.330496,true,false,true,false,Self ,0.038194,0.03866,1.892609,,0.046809,1,0,0.052423,1,130,105,2,
Scan: 142678 Run: DIA12_CV486075:20251228_A2_N1_Mueller_MS_TechHub_IMP_THIDDIAXL003_Cas9_PhoX_DIA12_CV486075_250ng_FAIMS_001 P1_LPKYSLFELENGR P2_KPLISER 3 1,DIA12_CV486075:20251228_A2_N1_Mueller_MS_TechHub_IMP_THIDDIAXL003_Cas9_PhoX_DIA12_CV486075_250ng_FAIMS_001,142678,,,0,0,-0,0,4,0,0,decoy:Q99ZW2,decoy:,decoy,true,Q99ZW2,Q99ZW2,,false,KPLISER,LPKYSLFELENGR,1108,1198,7,13,1,3,1108,1200,4,,-1,-0.015364,-0.015364,9.330341,true,false,true,false,Self ,0.038728,0.038269,1.891977,,0.047484,1,0,0.053175,1,129,104,2,
Scan: 1258941 Run: DIA12_CV486075:20251228_A2_N1_Mueller_MS_TechHub_IMP_THIDDIAXL003_Cas9_PhoX_DIA12_CV486075_250ng_FAIMS_003 P1_KTEVQTGGFSKESILPK P2_KKDWDPK 11 1,DIA12_CV486075:20251228_A2_N1_Mueller_MS_TechHub_IMP_THIDDIAXL003_Cas9_PhoX_DIA12_CV486075_250ng_FAIMS_003,1258941,,,0,0,-0,0,5,0,0,Q99ZW2,,,false,Q99ZW2,Q99ZW2,,false,KKDWDPK,KTEVQTGGFSKESILPK,1123,1097,7,17,1,11,1123,1107,5,,-1,-0.01559,-0.01559,9.329777,false,true,false,false,Self ,0.038728,0.038864,1.89677,,0,0,0,0,0,128,1048,0,
Scan: 1231786 Run: DIA12_CV486075:20251228_A2_N1_Mueller_MS_TechHub_IMP_THIDDIAXL003_Cas9_PhoX_DIA12_CV486075_250ng_FAIMS_003 P1_KTEVQTGGFSK P2_GYKEVK 1 3,DIA12_CV486075:20251228_A2_N1_Mueller_MS_TechHub_IMP_THIDDIAXL003_Cas9_PhoX_DIA12_CV486075_250ng_FAIMS_003,1231786,,,0,0,-0,0,3,0,0,Q99ZW2,,,false,Q99ZW2,Q99ZW2,,false,GYKEVK,KTEVQTGGFSK,1186,1097,6,11,3,1,1188,1097,3,,-1,-0.016058,-0.016058,9.328607,false,true,false,false,Self ,0.038728,0.039146,1.897972,,0.047484,0,0,0.053175,0,127,103,0,
Scan: 1687390 Run: DIA12_CV486075:20251228_A2_N1_Mueller_MS_TechHub_IMP_THIDDIAXL003_Cas9_PhoX_DIA12_CV486075_250ng_FAIMS_003 P1_VLEDVVKVTQLIGK P2_IEKILTFR 7 3,DIA12_CV486075:20251228_A2_N1_Mueller_MS_TechHub_IMP_THIDDIAXL003_Cas9_PhoX_DIA12_CV486075_250ng_FAIMS_003,1687390,,,0,0,-0,0,4,0,0,Q99ZW2,,,false,decoy:Q99ZW2,decoy:Q99ZW2,decoy,true,IEKILTFR,VLEDVVKVTQLIGK,440,736,8,14,3,7,442,742,4,,-1,-0.016137,-0.016137,9.32841,true,false,true,false,Self ,0.039193,0.039413,1.899176,,0.048057,0,1,0.053797,1,126,102,2,
Scan: 245750 Run: DIA12_CV486075:20251228_A2_N1_Mueller_MS_TechHub_IMP_THIDDIAXL003_Cas9_PhoX_DIA12_CV486075_250ng_FAIMS_001 P1_KFDNLTKAER P2_FKVLGNTDR 7 2,DIA12_CV486075:20251228_A2_N1_Mueller_MS_TechHub_IMP_THIDDIAXL003_Cas9_PhoX_DIA12_CV486075_250ng_FAIMS_001,245750,,,0,0,-0,0,4,0,0,Q99ZW2,,,false,Q99ZW2,Q99ZW2,,false,FKVLGNTDR,KFDNLTKAER,32,896,9,10,2,7,33,902,4,,-1,-0.0162,-0.0162,9.32825,false,true,false,false,Self ,0.039193,0.039293,1.900381,,0.048057,0,0,0.053797,0,125,101,0,
Scan: 1551899 Run: DIA12_CV486075:20251228_A2_N1_Mueller_MS_TechHub_IMP_THIDDIAXL003_Cas9_PhoX_DIA12_CV486075_250ng_FAIMS_003 P1_MTNFDKNLPNEK P2_KSEETITPWNFEEVVDKGASAQSFIER 6 17,DIA12_CV486075:20251228_A2_N1_Mueller_MS_TechHub_IMP_THIDDIAXL003_Cas9_PhoX_DIA12_CV486075_250ng_FAIMS_003,1551899,,,0,0,-0,0,4,0,0,Q99ZW2,,,false,Q99ZW2,Q99ZW2,,false,KSEETITPWNFEEVVDKGASAQSFIER,MTNFDKNLPNEK,468,495,27,12,17,6,484,500,4,,-1,-0.016231,-0.016231,9.328173,false,true,false,false,Self ,0.039193,0.039341,1.900381,,0,0,0,0,0,124,1188,0,
Scan: 190778 Run: DIA12_CV486075:20251228_A2_N1_Mueller_MS_TechHub_IMP_THIDDIAXL003_Cas9_PhoX_DIA12_CV486075_250ng_FAIMS_001 P1_KLINGIR P2_HPIFGNIVDEVAYHEKYPTIYHLR 1 16,DIA12_CV486075:20251228_A2_N1_Mueller_MS_TechHub_IMP_THIDDIAXL003_Cas9_PhoX_DIA12_CV486075_250ng_FAIMS_001,190778,,,0,0,-0,0,5,0,0,Q99ZW2,,,false,Q99ZW2,Q99ZW2,,false,HPIFGNIVDEVAYHEKYPTIYHLR,KLINGIR,116,665,24,7,16,1,131,665,5,,-1,-0.016321,-0.016321,9.327949,false,true,false,false,Self ,0.039193,0.039481,1.900381,,0.048057,0,0,0.053797,0,123,100,0,
Scan: 986259 Run: DIA12_CV486075:20251228_A2_N1_Mueller_MS_TechHub_IMP_THIDDIAXL003_Cas9_PhoX_DIA12_CV486075_250ng_FAIMS_002 P1_SDKNR P2_KPAFLSGEQK 3 1,DIA12_CV486075:20251228_A2_N1_Mueller_MS_TechHub_IMP_THIDDIAXL003_Cas9_PhoX_DIA12_CV486075_250ng_FAIMS_002,986259,,,0,0,-0,0,3,0,0,Q99ZW2,,,false,Q99ZW2,Q99ZW2,,false,KPAFLSGEQK,SDKNR,536,860,10,5,1,3,536,862,3,,-1,-0.016409,-0.016409,9.32773,false,true,false,false,Self ,0.039193,0.039619,1.900381,,0.048057,0,0,0.053797,0,122,99,0,
Scan: 1789527 Run: DIA12_CV486075:20251228_A2_N1_Mueller_MS_TechHub_IMP_THIDDIAXL003_Cas9_PhoX_DIA12_CV486075_250ng_FAIMS_003 P1_SDKNR P2_KDFQFYK 3 1,DIA12_CV486075:20251228_A2_N1_Mueller_MS_TechHub_IMP_THIDDIAXL003_Cas9_PhoX_DIA12_CV486075_250ng_FAIMS_003,1789527,,,0,0,-0,0,3,0,0,Q99ZW2,,,false,Q99ZW2,Q99ZW2,,false,KDFQFYK,SDKNR,968,860,7,5,1,3,968,862,3,,-1,-0.016447,-0.016447,9.327633,false,true,false,false,Self ,0.039193,0.039679,1.900381,,0.048057,0,0,0.053797,0,121,98,0,
Scan: 1622086 Run: DIA12_CV486075:20251228_A2_N1_Mueller_MS_TechHub_IMP_THIDDIAXL003_Cas9_PhoX_DIA12_CV486075_250ng_FAIMS_003 P1_NSDKLIAR P2_LQKMVK 4 3,DIA12_CV486075:20251228_A2_N1_Mueller_MS_TechHub_IMP_THIDDIAXL003_Cas9_PhoX_DIA12_CV486075_250ng_FAIMS_003,1622086,,,0,0,-0,0,3,0,0,decoy:Q99ZW2,decoy:,decoy,true,Q99ZW2,Q99ZW2,,false,LQKMVK,NSDKLIAR,647,1115,6,8,3,4,649,1118,3,,-1,-0.016461,-0.016461,9.327599,true,false,true,false,Self ,0.039701,0.03966,1.901587,,0.048729,1,0,0.054589,1,120,97,2,
Scan: 581126 Run: DIA12_CV486075:20251228_A2_N1_Mueller_MS_TechHub_IMP_THIDDIAXL003_Cas9_PhoX_DIA12_CV486075_250ng_FAIMS_001 P1_MTNFDKNLPNEK P2_MNTKYDENDK 6 4,DIA12_CV486075:20251228_A2_N1_Mueller_MS_TechHub_IMP_THIDDIAXL003_Cas9_PhoX_DIA12_CV486075_250ng_FAIMS_001,581126,,,0,0,-0,0,3,0,0,Q99ZW2,,,false,Q99ZW2,Q99ZW2,,false,MNTKYDENDK,MTNFDKNLPNEK,939,495,10,12,4,6,942,500,3,,-1,-0.016486,-0.016486,9.327536,false,true,false,false,Self ,0.039701,0.039735,1.901587,,0.048729,0,0,0,0,119,78,0,
Scan: 670253 Run: DIA12_CV486075:20251228_A2_N1_Mueller_MS_TechHub_IMP_THIDDIAXL003_Cas9_PhoX_DIA12_CV486075_250ng_FAIMS_002 P1_TEVQTGGFSKESILPK P2_DKQSGK 10 2,DIA12_CV486075:20251228_A2_N1_Mueller_MS_TechHub_IMP_THIDDIAXL003_Cas9_PhoX_DIA12_CV486075_250ng_FAIMS_002,670253,,,0,0,-0,0,4,0,0,Q99ZW2,,,false,Q99ZW2,Q99ZW2,,false,DKQSGK,TEVQTGGFSKESILPK,672,1098,6,16,2,10,673,1107,4,,-1,-0.016667,-0.016667,9.327084,false,true,false,false,Self ,0.039701,0.039977,1.905216,,0,0,0,0,0,118,1272,0,
Scan: 385463 Run: DIA12_CV486075:20251228_A2_N1_Mueller_MS_TechHub_IMP_THIDDIAXL003_Cas9_PhoX_DIA12_CV486075_250ng_FAIMS_001 P1_KPAFLSGEQKK P2_KPAFLSGEQK 1 1,DIA12_CV486075:20251228_A2_N1_Mueller_MS_TechHub_IMP_THIDDIAXL003_Cas9_PhoX_DIA12_CV486075_250ng_FAIMS_001,385463,,,0,0,-0,0,4,0,0,Q99ZW2,,,false,Q99ZW2,Q99ZW2,,false,KPAFLSGEQK,KPAFLSGEQKK,536,536,10,11,1,1,536,536,4,,-1,-0.01669,-0.01669,9.327027,false,true,false,false,Self ,0.039701,0.040008,1.905216,,0,0,0,0,0,117,1252,0,
Scan: 1686929 Run: DIA12_CV486075:20251228_A2_N1_Mueller_MS_TechHub_IMP_THIDDIAXL003_Cas9_PhoX_DIA12_CV486075_250ng_FAIMS_003 P1_YKEIFFDQSK P2_VLEDVVKVTQLIGK 2 7,DIA12_CV486075:20251228_A2_N1_Mueller_MS_TechHub_IMP_THIDDIAXL003_Cas9_PhoX_DIA12_CV486075_250ng_FAIMS_003,1686929,,,0,0,-0,0,4,0,0,decoy:Q99ZW2,decoy:,decoy,true,Q99ZW2,Q99ZW2,,false,VLEDVVKVTQLIGK,YKEIFFDQSK,736,347,14,10,7,2,742,348,4,,-1,-0.016889,-0.016889,9.326528,true,false,true,false,Self ,0.040276,0.040709,1.906429,,0.049435,1,0,0.05538,1,116,95,2,
Scan: 1417170 Run: DIA12_CV486075:20251228_A2_N1_Mueller_MS_TechHub_IMP_THIDDIAXL003_Cas9_PhoX_DIA12_CV486075_250ng_FAIMS_003 P1_YKEIFFDQSK P2_SLQLKADEALDFNSK 2 5,DIA12_CV486075:20251228_A2_N1_Mueller_MS_TechHub_IMP_THIDDIAXL003_Cas9_PhoX_DIA12_CV486075_250ng_FAIMS_003,1417170,,,0,0,-0,0,4,0,0,decoy:Q99ZW2,decoy:,decoy,true,Q99ZW2,Q99ZW2,,false,SLQLKADEALDFNSK,YKEIFFDQSK,254,347,15,10,5,2,258,348,4,,-1,-0.01689,-0.01689,9.326526,true,false,true,false,Self ,0.040711,0.040277,1.906429,,0.04993,1,0,0.05595,1,115,94,2,
Scan: 1331076 Run: DIA12_CV486075:20251228_A2_N1_Mueller_MS_TechHub_IMP_THIDDIAXL003_Cas9_PhoX_DIA12_CV486075_250ng_FAIMS_003 P1_KPAFLSGEQK P2_EVKKDLIIK 1 4,DIA12_CV486075:20251228_A2_N1_Mueller_MS_TechHub_IMP_THIDDIAXL003_Cas9_PhoX_DIA12_CV486075_250ng_FAIMS_003,1331076,,,0,0,-0,0,3,0,0,Q99ZW2,,,false,Q99ZW2,Q99ZW2,,false,EVKKDLIIK,KPAFLSGEQK,1189,536,9,10,4,1,1192,536,3,,-1,-0.016954,-0.016954,9.326365,false,true,false,false,Self ,0.040711,0.040747,1.906429,,0.04993,0,0,0,0,114,93,0,
Scan: 1607489 Run: DIA12_CV486075:20251228_A2_N1_Mueller_MS_TechHub_IMP_THIDDIAXL003_Cas9_PhoX_DIA12_CV486075_250ng_FAIMS_003 P1_KVTVKQLK P2_DKQSGK 5 2,DIA12_CV486075:20251228_A2_N1_Mueller_MS_TechHub_IMP_THIDDIAXL003_Cas9_PhoX_DIA12_CV486075_250ng_FAIMS_003,1607489,,,0,0,-0,0,3,0,0,Q99ZW2,,,false,Q99ZW2,Q99ZW2,,false,DKQSGK,KVTVKQLK,672,558,6,8,2,5,673,562,3,,-1,-0.017017,-0.017017,9.326209,false,true,false,false,Self ,0.040711,0.040782,1.905792,,0.04993,0,0,0.05595,0,113,92,0,
Scan: 224531 Run: DIA12_CV486075:20251228_A2_N1_Mueller_MS_TechHub_IMP_THIDDIAXL003_Cas9_PhoX_DIA12_CV486075_250ng_FAIMS_001 P1_SNFDLAEDAKLQLSK P2_KRPLIETNGETGEIVWDK 10 1,DIA12_CV486075:20251228_A2_N1_Mueller_MS_TechHub_IMP_THIDDIAXL003_Cas9_PhoX_DIA12_CV486075_250ng_FAIMS_001,224531,,,0,0,-0,0,4,0,0,Q99ZW2,,,false,Q99ZW2,Q99ZW2,,false,KRPLIETNGETGEIVWDK,SNFDLAEDAKLQLSK,1059,254,18,15,1,10,1059,263,4,,-1,-0.017027,-0.017027,9.326183,false,true,false,false,Self ,0.040711,0.040788,1.905792,,0.04993,0,0,0.05595,0,112,91,0,
Scan: 801407 Run: DIA12_CV486075:20251228_A2_N1_Mueller_MS_TechHub_IMP_THIDDIAXL003_Cas9_PhoX_DIA12_CV486075_250ng_FAIMS_002 P1_KLVDSTDK P2_DKPIR 1 2,DIA12_CV486075:20251228_A2_N1_Mueller_MS_TechHub_IMP_THIDDIAXL003_Cas9_PhoX_DIA12_CV486075_250ng_FAIMS_002,801407,,,0,0,-0,0,3,0,0,Q99ZW2,,,false,Q99ZW2,Q99ZW2,,false,DKPIR,KLVDSTDK,1299,141,5,8,2,1,1300,141,3,,-1,-0.017314,-0.017314,9.325467,false,true,false,false,Self ,0.040711,0.04095,1.911877,,0.04993,0,0,0.05595,0,111,90,0,
Scan: 41357 Run: DIA12_CV486075:20251228_A2_N1_Mueller_MS_TechHub_IMP_THIDDIAXL003_Cas9_PhoX_DIA12_CV486075_250ng_FAIMS_001 P1_SDKNR P2_KTEVQTGGFSK 3 1,DIA12_CV486075:20251228_A2_N1_Mueller_MS_TechHub_IMP_THIDDIAXL003_Cas9_PhoX_DIA12_CV486075_250ng_FAIMS_001,41357,,,0,0,-0,0,3,0,0,Q99ZW2,,,false,Q99ZW2,Q99ZW2,,false,KTEVQTGGFSK,SDKNR,1097,860,11,5,1,3,1097,862,3,,-1,-0.017489,-0.017489,9.325029,false,true,false,false,Self ,0.040711,0.041048,1.916773,,0.04993,0,0,0.05595,0,110,89,0,
Scan: 1445284 Run: DIA12_CV486075:20251228_A2_N1_Mueller_MS_TechHub_IMP_THIDDIAXL003_Cas9_PhoX_DIA12_CV486075_250ng_FAIMS_003 P1_YDEHHQDLTLLKALVR P2_QEDFYPFLKDNR 12 9,DIA12_CV486075:20251228_A2_N1_Mueller_MS_TechHub_IMP_THIDDIAXL003_Cas9_PhoX_DIA12_CV486075_250ng_FAIMS_003,1445284,,,0,0,-0,0,5,0,0,Q99ZW2,,,false,Q99ZW2,Q99ZW2,,false,QEDFYPFLKDNR,YDEHHQDLTLLKALVR,426,325,12,16,9,12,434,336,5,,-1,-0.017518,-0.017518,9.324957,false,true,false,false,Self ,0.040711,0.041064,1.916773,,0.04993,0,0,0.05595,0,109,88,0,
Scan: 163873 Run: DIA12_CV486075:20251228_A2_N1_Mueller_MS_TechHub_IMP_THIDDIAXL003_Cas9_PhoX_DIA12_CV486075_250ng_FAIMS_001 P1_SNKQGR P2_LKGSPEDNEQK 3 2,DIA12_CV486075:20251228_A2_N1_Mueller_MS_TechHub_IMP_THIDDIAXL003_Cas9_PhoX_DIA12_CV486075_250ng_FAIMS_001,163873,,,0,0,-0,0,3,0,0,Q99ZW2,,,false,decoy:Q99ZW2,decoy:Q99ZW2,decoy,true,LKGSPEDNEQK,SNKQGR,1245,773,11,6,2,3,1246,775,3,,-1,-0.017741,-0.017741,9.3244,true,false,true,false,Self ,0.04119,0.041168,1.918001,,0.050491,0,1,0.056559,1,108,87,2,
Scan: 750018 Run: DIA12_CV486075:20251228_A2_N1_Mueller_MS_TechHub_IMP_THIDDIAXL003_Cas9_PhoX_DIA12_CV486075_250ng_FAIMS_002 P1_MLASAGELQKGNELALPSK P2_KLINGIR 10 1,DIA12_CV486075:20251228_A2_N1_Mueller_MS_TechHub_IMP_THIDDIAXL003_Cas9_PhoX_DIA12_CV486075_250ng_FAIMS_002,750018,,,0,0,-0,0,4,0,0,Q99ZW2,,,false,Q99ZW2,Q99ZW2,,false,KLINGIR,MLASAGELQKGNELALPSK,665,1213,7,19,1,10,665,1222,4,,-1,-0.018032,-0.018032,9.323671,false,true,false,false,Self ,0.04119,0.041341,1.921694,,0.050491,0,0,0.056559,0,107,86,0,
Scan: 549030 Run: DIA12_CV486075:20251228_A2_N1_Mueller_MS_TechHub_IMP_THIDDIAXL003_Cas9_PhoX_DIA12_CV486075_250ng_FAIMS_001 P1_MKNYWR P2_GKSDNVPSEEVVK 2 2,DIA12_CV486075:20251228_A2_N1_Mueller_MS_TechHub_IMP_THIDDIAXL003_Cas9_PhoX_DIA12_CV486075_250ng_FAIMS_001,549030,,,0,0,-0,0,3,0,0,Q99ZW2,,,false,Q99ZW2,Q99ZW2,,false,GKSDNVPSEEVVK,MKNYWR,865,879,13,6,2,2,866,880,3,,-1,-0.018461,-0.018461,9.322599,false,true,false,false,Self ,0.04119,0.041563,1.925402,,0.050491,0,0,0.056559,0,106,85,0,
Scan: 1191292 Run: DIA12_CV486075:20251228_A2_N1_Mueller_MS_TechHub_IMP_THIDDIAXL003_Cas9_PhoX_DIA12_CV486075_250ng_FAIMS_002 P1_KDFQFYK P2_DKPIR 1 2,DIA12_CV486075:20251228_A2_N1_Mueller_MS_TechHub_IMP_THIDDIAXL003_Cas9_PhoX_DIA12_CV486075_250ng_FAIMS_002,1191292,,,0,0,-0,0,3,0,0,Q99ZW2,,,false,Q99ZW2,Q99ZW2,,false,DKPIR,KDFQFYK,1299,968,5,7,2,1,1300,968,3,,-1,-0.018467,-0.018467,9.322584,false,true,false,false,Self ,0.04119,0.041566,1.925402,,0.050491,0,0,0.056559,0,105,84,0,
Scan: 464397 Run: DIA12_CV486075:20251228_A2_N1_Mueller_MS_TechHub_IMP_THIDDIAXL003_Cas9_PhoX_DIA12_CV486075_250ng_FAIMS_001 P1_YDENDKLIR P2_EDIQKAQVSGQGDSLHEHIANLAGSPAIK 6 5,DIA12_CV486075:20251228_A2_N1_Mueller_MS_TechHub_IMP_THIDDIAXL003_Cas9_PhoX_DIA12_CV486075_250ng_FAIMS_001,464397,,,0,0,-0,0,5,0,0,Q99ZW2,,,false,Q99ZW2,Q99ZW2,,false,EDIQKAQVSGQGDSLHEHIANLAGSPAIK,YDENDKLIR,706,943,29,9,5,6,710,948,5,,-1,-0.018654,-0.018654,9.322117,false,true,false,false,Self ,0.04119,0.041662,1.929124,,0.050491,0,0,0.056559,0,104,83,0,
Scan: 1089332 Run: DIA12_CV486075:20251228_A2_N1_Mueller_MS_TechHub_IMP_THIDDIAXL003_Cas9_PhoX_DIA12_CV486075_250ng_FAIMS_002 P1_VLEDVVKVTQLIGK P2_FKVLGNTDR 7 2,DIA12_CV486075:20251228_A2_N1_Mueller_MS_TechHub_IMP_THIDDIAXL003_Cas9_PhoX_DIA12_CV486075_250ng_FAIMS_002,1089332,,,0,0,-0,0,4,0,0,Q99ZW2,,,false,decoy:Q99ZW2,decoy:Q99ZW2,decoy,true,FKVLGNTDR,VLEDVVKVTQLIGK,32,736,9,14,2,7,33,742,4,,-1,-0.0188,-0.0188,9.321751,true,false,true,false,Self ,0.041738,0.041937,1.930368,,0.051156,0,1,0.057345,1,103,82,2,
Scan: 1687225 Run: DIA12_CV486075:20251228_A2_N1_Mueller_MS_TechHub_IMP_THIDDIAXL003_Cas9_PhoX_DIA12_CV486075_250ng_FAIMS_003 P1_RQEDFYPFLKDNR P2_GILQTVKVVDELVK 10 7,DIA12_CV486075:20251228_A2_N1_Mueller_MS_TechHub_IMP_THIDDIAXL003_Cas9_PhoX_DIA12_CV486075_250ng_FAIMS_003,1687225,,,0,0,-0,0,4,0,0,Q99ZW2,,,false,Q99ZW2,Q99ZW2,,false,GILQTVKVVDELVK,RQEDFYPFLKDNR,736,425,14,13,7,10,742,434,4,,-1,-0.019144,-0.019144,9.320891,false,true,false,false,Self ,0.041738,0.042141,1.930368,,0.051156,0,0,0,0,102,81,0,
Scan: 199226 Run: DIA12_CV486075:20251228_A2_N1_Mueller_MS_TechHub_IMP_THIDDIAXL003_Cas9_PhoX_DIA12_CV486075_250ng_FAIMS_001 P1_YTSTKEVLDATLIHQSITGLYETR P2_IGNILKR 5 6,DIA12_CV486075:20251228_A2_N1_Mueller_MS_TechHub_IMP_THIDDIAXL003_Cas9_PhoX_DIA12_CV486075_250ng_FAIMS_001,199226,,,0,0,-0,0,4,0,0,decoy:Q99ZW2,decoy:,decoy,true,Q99ZW2,Q99ZW2,,false,IGNILKR,YTSTKEVLDATLIHQSITGLYETR,665,1336,7,24,6,5,670,1340,4,,-1,-0.019226,-0.019226,9.320686,true,false,true,false,Self ,0.042237,0.042164,1.930368,,0.051784,1,0,0.058085,1,101,80,2,
Scan: 1634400 Run: DIA12_CV486075:20251228_A2_N1_Mueller_MS_TechHub_IMP_THIDDIAXL003_Cas9_PhoX_DIA12_CV486075_250ng_FAIMS_003 P1_SNFDLAEDAKLQLSK P2_QSGKTILDFLK 10 4,DIA12_CV486075:20251228_A2_N1_Mueller_MS_TechHub_IMP_THIDDIAXL003_Cas9_PhoX_DIA12_CV486075_250ng_FAIMS_003,1634400,,,0,0,-0,0,4,0,0,Q99ZW2,,,false,Q99ZW2,Q99ZW2,,false,QSGKTILDFLK,SNFDLAEDAKLQLSK,674,254,11,15,4,10,677,263,4,,-1,-0.019455,-0.019455,9.320114,false,true,false,false,Self ,0.042237,0.042436,1.93286,,0.051784,0,0,0.058085,0,100,79,0,
Scan: 1178646 Run: DIA12_CV486075:20251228_A2_N1_Mueller_MS_TechHub_IMP_THIDDIAXL003_Cas9_PhoX_DIA12_CV486075_250ng_FAIMS_002 P1_MTNFDKNLPNEK P2_MNTKYDENDKLIR 6 4,DIA12_CV486075:20251228_A2_N1_Mueller_MS_TechHub_IMP_THIDDIAXL003_Cas9_PhoX_DIA12_CV486075_250ng_FAIMS_002,1178646,,,0,0,-0,0,4,0,0,Q99ZW2,,,false,Q99ZW2,Q99ZW2,,false,MNTKYDENDKLIR,MTNFDKNLPNEK,939,495,13,12,4,6,942,500,4,,-1,-0.019609,-0.019609,9.319729,false,true,false,false,Self ,0.042237,0.042569,1.935359,,0.051784,0,0,0,0,99,78,0,
Scan: 981618 Run: DIA12_CV486075:20251228_A2_N1_Mueller_MS_TechHub_IMP_THIDDIAXL003_Cas9_PhoX_DIA12_CV486075_250ng_FAIMS_002 P1_VLPKHSLLYEYFTVYNELTKVKYVTEGMR P2_KPAFLSGEQK 20 1,DIA12_CV486075:20251228_A2_N1_Mueller_MS_TechHub_IMP_THIDDIAXL003_Cas9_PhoX_DIA12_CV486075_250ng_FAIMS_002,981618,,,0,0,-0,0,6,0,0,Q99ZW2,,,false,Q99ZW2,Q99ZW2,,false,KPAFLSGEQK,VLPKHSLLYEYFTVYNELTKVKYVTEGMR,536,507,10,29,1,20,536,526,6,,-1,-0.019644,-0.019644,9.319641,false,true,false,false,Self ,0.042237,0.042599,1.935359,,0,0,0,0,0,98,685,0,
Scan: 700900 Run: DIA12_CV486075:20251228_A2_N1_Mueller_MS_TechHub_IMP_THIDDIAXL003_Cas9_PhoX_DIA12_CV486075_250ng_FAIMS_002 P1_KYGGFDSPTVAYSVLVVAK P2_KPLISER 1 1,DIA12_CV486075:20251228_A2_N1_Mueller_MS_TechHub_IMP_THIDDIAXL003_Cas9_PhoX_DIA12_CV486075_250ng_FAIMS_002,700900,,,0,0,-0,0,4,0,0,decoy:Q99ZW2,decoy:,decoy,true,Q99ZW2,Q99ZW2,,false,KPLISER,KYGGFDSPTVAYSVLVVAK,1108,1130,7,19,1,1,1108,1130,4,,-1,-0.019773,-0.019773,9.319319,true,false,true,false,Self ,0.042711,0.042572,1.935359,,0.052338,1,0,0.058685,1,97,77,2,
Scan: 1605937 Run: DIA12_CV486075:20251228_A2_N1_Mueller_MS_TechHub_IMP_THIDDIAXL003_Cas9_PhoX_DIA12_CV486075_250ng_FAIMS_003 P1_MNTKYDENDK P2_KVTVK 4 1,DIA12_CV486075:20251228_A2_N1_Mueller_MS_TechHub_IMP_THIDDIAXL003_Cas9_PhoX_DIA12_CV486075_250ng_FAIMS_003,1605937,,,0,0,-0,0,3,0,0,Q99ZW2,,,false,Q99ZW2,Q99ZW2,,false,KVTVK,MNTKYDENDK,558,939,5,10,1,4,558,942,3,,-1,-0.020083,-0.020083,9.318542,false,true,false,false,Self ,0.042711,0.042852,1.939119,,0.052338,0,0,0.058685,0,96,76,0,
Scan: 1477480 Run: DIA12_CV486075:20251228_A2_N1_Mueller_MS_TechHub_IMP_THIDDIAXL003_Cas9_PhoX_DIA12_CV486075_250ng_FAIMS_003 P1_IEKILTFR P2_FIKPILEKMDGTEELLVK 3 8,DIA12_CV486075:20251228_A2_N1_Mueller_MS_TechHub_IMP_THIDDIAXL003_Cas9_PhoX_DIA12_CV486075_250ng_FAIMS_003,1477480,,,0,0,-0,0,4,0,0,Q99ZW2,,,false,Q99ZW2,Q99ZW2,,false,FIKPILEKMDGTEELLVK,IEKILTFR,375,440,18,8,8,3,382,442,4,,-1,-0.0202,-0.0202,9.318252,false,true,false,false,Self ,0.042711,0.042905,1.940376,,0.052338,0,0,0.058685,0,95,75,0,
Scan: 1494185 Run: DIA12_CV486075:20251228_A2_N1_Mueller_MS_TechHub_IMP_THIDDIAXL003_Cas9_PhoX_DIA12_CV486075_250ng_FAIMS_003 P1_SEQEIGKATAK P2_KSEETITPWNFEEVVDK 7 1,DIA12_CV486075:20251228_A2_N1_Mueller_MS_TechHub_IMP_THIDDIAXL003_Cas9_PhoX_DIA12_CV486075_250ng_FAIMS_003,1494185,,,0,0,-0,0,4,0,0,Q99ZW2,,,false,Q99ZW2,Q99ZW2,,false,KSEETITPWNFEEVVDK,SEQEIGKATAK,468,1025,17,11,1,7,468,1031,4,,-1,-0.020244,-0.020244,9.31814,false,true,false,false,Self ,0.042711,0.042925,1.940376,,0.052338,0,0,0.058685,0,94,74,0,
Scan: 261510 Run: DIA12_CV486075:20251228_A2_N1_Mueller_MS_TechHub_IMP_THIDDIAXL003_Cas9_PhoX_DIA12_CV486075_250ng_FAIMS_001 P1_YKEIFFDQSK P2_AGFIKR 2 5,DIA12_CV486075:20251228_A2_N1_Mueller_MS_TechHub_IMP_THIDDIAXL003_Cas9_PhoX_DIA12_CV486075_250ng_FAIMS_001,261510,,,0,0,-0,0,3,0,0,Q99ZW2,,,false,Q99ZW2,Q99ZW2,,false,AGFIKR,YKEIFFDQSK,914,347,6,10,5,2,918,348,3,,-1,-0.020504,-0.020504,9.31749,false,true,false,false,Self ,0.042711,0.043043,1.943506,,0.052338,0,0,0.058685,0,93,73,0,
Scan: 651608 Run: DIA12_CV486075:20251228_A2_N1_Mueller_MS_TechHub_IMP_THIDDIAXL003_Cas9_PhoX_DIA12_CV486075_250ng_FAIMS_002 P1_PLISEKSFGGTQVETK P2_EDIQKAQVSGQGDSLHEHIANLAGSPAIK 6 5,DIA12_CV486075:20251228_A2_N1_Mueller_MS_TechHub_IMP_THIDDIAXL003_Cas9_PhoX_DIA12_CV486075_250ng_FAIMS_002,651608,,,0,0,-0,0,6,0,0,Q99ZW2,,,false,decoy:Q99ZW2,decoy:Q99ZW2,decoy,true,EDIQKAQVSGQGDSLHEHIANLAGSPAIK,PLISEKSFGGTQVETK,706,1098,29,16,5,6,710,1103,6,,-1,-0.020648,-0.020648,9.317132,true,false,true,false,Self ,0.043108,0.042932,1.944769,,0.052888,0,1,0.059329,1,92,72,2,
Scan: 376840 Run: DIA12_CV486075:20251228_A2_N1_Mueller_MS_TechHub_IMP_THIDDIAXL003_Cas9_PhoX_DIA12_CV486075_250ng_FAIMS_001 P1_KPAFLSGEQK P2_KMIAK 1 1,DIA12_CV486075:20251228_A2_N1_Mueller_MS_TechHub_IMP_THIDDIAXL003_Cas9_PhoX_DIA12_CV486075_250ng_FAIMS_001,376840,,,0,0,-0,0,3,0,0,Q99ZW2,,,false,Q99ZW2,Q99ZW2,,false,KMIAK,KPAFLSGEQK,1020,536,5,10,1,1,1020,536,3,,-1,-0.020739,-0.020739,9.316905,false,true,false,false,Self ,0.043108,0.043117,1.9473,,0.052888,0,0,0.059329,0,91,71,0,
Scan: 1693902 Run: DIA12_CV486075:20251228_A2_N1_Mueller_MS_TechHub_IMP_THIDDIAXL003_Cas9_PhoX_DIA12_CV486075_250ng_FAIMS_003 P1_GILQTVKVVDELVK P2_EVKVITLK 7 3,DIA12_CV486075:20251228_A2_N1_Mueller_MS_TechHub_IMP_THIDDIAXL003_Cas9_PhoX_DIA12_CV486075_250ng_FAIMS_003,1693902,,,0,0,-0,0,3,0,0,Q99ZW2,,,false,Q99ZW2,Q99ZW2,,false,EVKVITLK,GILQTVKVVDELVK,952,736,8,14,3,7,954,742,3,,-1,-0.021137,-0.021137,9.315908,false,true,false,false,Self ,0.043108,0.043154,1.953655,,0,0,0,0,0,90,1251,0,
Scan: 980058 Run: DIA12_CV486075:20251228_A2_N1_Mueller_MS_TechHub_IMP_THIDDIAXL003_Cas9_PhoX_DIA12_CV486075_250ng_FAIMS_002 P1_RQEDFYPFLKDNR P2_KPAFLSGEQK 10 1,DIA12_CV486075:20251228_A2_N1_Mueller_MS_TechHub_IMP_THIDDIAXL003_Cas9_PhoX_DIA12_CV486075_250ng_FAIMS_002,980058,,,0,0,-0,0,3,0,0,Q99ZW2,,,false,Q99ZW2,Q99ZW2,,false,KPAFLSGEQK,RQEDFYPFLKDNR,536,425,10,13,1,10,536,434,3,,-1,-0.021147,-0.021147,9.315883,false,true,false,false,Self ,0.043108,0.043155,1.953655,,0,0,0,0,0,89,1409,0,
Scan: 1080971 Run: DIA12_CV486075:20251228_A2_N1_Mueller_MS_TechHub_IMP_THIDDIAXL003_Cas9_PhoX_DIA12_CV486075_250ng_FAIMS_002 P1_LKGSPEDNEQK P2_KGILQTVK 2 1,DIA12_CV486075:20251228_A2_N1_Mueller_MS_TechHub_IMP_THIDDIAXL003_Cas9_PhoX_DIA12_CV486075_250ng_FAIMS_002,1080971,,,0,0,-0,0,4,0,0,Q99ZW2,,,false,Q99ZW2,Q99ZW2,,false,KGILQTVK,LKGSPEDNEQK,735,1245,8,11,1,2,735,1246,4,,-1,-0.021244,-0.021244,9.315641,false,true,false,false,Self ,0.043108,0.043164,1.954931,,0,0,0,0,0,88,1298,0,
Scan: 274533 Run: DIA12_CV486075:20251228_A2_N1_Mueller_MS_TechHub_IMP_THIDDIAXL003_Cas9_PhoX_DIA12_CV486075_250ng_FAIMS_001 P1_NGYAGYIDGGASQEEFYKFIKPILEK P2_ESILPKR 18 6,DIA12_CV486075:20251228_A2_N1_Mueller_MS_TechHub_IMP_THIDDIAXL003_Cas9_PhoX_DIA12_CV486075_250ng_FAIMS_001,274533,,,0,0,-0,0,4,0,0,Q99ZW2,,,false,Q99ZW2,Q99ZW2,,false,ESILPKR,NGYAGYIDGGASQEEFYKFIKPILEK,1108,357,7,26,6,18,1113,374,4,,-1,-0.021268,-0.021268,9.315582,false,true,false,false,Self ,0.043108,0.043166,1.954931,,0.052888,0,0,0.059329,0,87,70,0,
Scan: 1493996 Run: DIA12_CV486075:20251228_A2_N1_Mueller_MS_TechHub_IMP_THIDDIAXL003_Cas9_PhoX_DIA12_CV486075_250ng_FAIMS_003 P1_KNLIGALLFDSGETAEATR P2_DFQFYKVR 1 6,DIA12_CV486075:20251228_A2_N1_Mueller_MS_TechHub_IMP_THIDDIAXL003_Cas9_PhoX_DIA12_CV486075_250ng_FAIMS_003,1493996,,,0,0,-0,0,4,0,0,Q99ZW2,,,false,Q99ZW2,Q99ZW2,,false,DFQFYKVR,KNLIGALLFDSGETAEATR,969,45,8,19,6,1,974,45,4,,-1,-0.021431,-0.021431,9.315175,false,true,false,false,Self ,0.043108,0.043181,1.954931,,0.052888,0,0,0.059329,0,86,69,0,
Scan: 938574 Run: DIA12_CV486075:20251228_A2_N1_Mueller_MS_TechHub_IMP_THIDDIAXL003_Cas9_PhoX_DIA12_CV486075_250ng_FAIMS_002 P1_SEETITPWNFEEVVDKGASAQSFIER P2_ESILPKR 16 6,DIA12_CV486075:20251228_A2_N1_Mueller_MS_TechHub_IMP_THIDDIAXL003_Cas9_PhoX_DIA12_CV486075_250ng_FAIMS_002,938574,,,0,0,-0,0,4,0,0,Q99ZW2,,,false,Q99ZW2,Q99ZW2,,false,ESILPKR,SEETITPWNFEEVVDKGASAQSFIER,1108,469,7,26,6,16,1113,484,4,,-1,-0.021449,-0.021449,9.315128,false,true,false,false,Self ,0.043108,0.043183,1.956209,,0.052888,0,0,0,0,85,68,0,
Scan: 115143 Run: DIA12_CV486075:20251228_A2_N1_Mueller_MS_TechHub_IMP_THIDDIAXL003_Cas9_PhoX_DIA12_CV486075_250ng_FAIMS_001 P1_SSFEKNPIDFLEAK P2_SKSLR 5 2,DIA12_CV486075:20251228_A2_N1_Mueller_MS_TechHub_IMP_THIDDIAXL003_Cas9_PhoX_DIA12_CV486075_250ng_FAIMS_001,115143,,,0,0,-0,0,3,0,0,decoy:Q99ZW2,decoy:,decoy,true,Q99ZW2,Q99ZW2,,false,SKSLR,SSFEKNPIDFLEAK,216,1172,5,14,2,5,217,1176,3,,-1,-0.021743,-0.021743,9.314393,true,false,true,false,Self ,0.04321,0.043299,1.957489,,0.053067,1,0,0.059644,1,84,67,2,
Scan: 1341590 Run: DIA12_CV486075:20251228_A2_N1_Mueller_MS_TechHub_IMP_THIDDIAXL003_Cas9_PhoX_DIA12_CV486075_250ng_FAIMS_003 P1_LPKYSLFELENGR P2_DKQSGK 3 2,DIA12_CV486075:20251228_A2_N1_Mueller_MS_TechHub_IMP_THIDDIAXL003_Cas9_PhoX_DIA12_CV486075_250ng_FAIMS_003,1341590,,,0,0,-0,0,3,0,0,Q99ZW2,,,false,Q99ZW2,Q99ZW2,,false,DKQSGK,LPKYSLFELENGR,672,1198,6,13,2,3,673,1200,3,,-1,-0.021759,-0.021759,9.314353,false,true,false,false,Self ,0.04321,0.043213,1.957489,,0.053067,0,0,0.059644,0,83,66,0,
Scan: 1284406 Run: DIA12_CV486075:20251228_A2_N1_Mueller_MS_TechHub_IMP_THIDDIAXL003_Cas9_PhoX_DIA12_CV486075_250ng_FAIMS_003 P1_NSDKLIAR P2_NLPNEKVLPK 4 6,DIA12_CV486075:20251228_A2_N1_Mueller_MS_TechHub_IMP_THIDDIAXL003_Cas9_PhoX_DIA12_CV486075_250ng_FAIMS_003,1284406,,,0,0,-0,0,4,0,0,Q99ZW2,,,false,Q99ZW2,Q99ZW2,,false,NLPNEKVLPK,NSDKLIAR,501,1115,10,8,6,4,506,1118,4,,-1,-0.022182,-0.022182,9.313296,false,true,false,false,Self ,0.04321,0.0433,1.961337,,0,0,0,0,0,82,1344,0,
Scan: 1232497 Run: DIA12_CV486075:20251228_A2_N1_Mueller_MS_TechHub_IMP_THIDDIAXL003_Cas9_PhoX_DIA12_CV486075_250ng_FAIMS_003 P1_LKGSPEDNEQK P2_KTEVQTGGFSK 2 1,DIA12_CV486075:20251228_A2_N1_Mueller_MS_TechHub_IMP_THIDDIAXL003_Cas9_PhoX_DIA12_CV486075_250ng_FAIMS_003,1232497,,,0,0,-0,0,4,0,0,Q99ZW2,,,false,Q99ZW2,Q99ZW2,,false,KTEVQTGGFSK,LKGSPEDNEQK,1097,1245,11,11,1,2,1097,1246,4,,-1,-0.022336,-0.022336,9.312911,false,true,false,false,Self ,0.04321,0.043332,1.961337,,0,0,0,0,0,81,1300,0,
Scan: 1560666 Run: DIA12_CV486075:20251228_A2_N1_Mueller_MS_TechHub_IMP_THIDDIAXL003_Cas9_PhoX_DIA12_CV486075_250ng_FAIMS_003 P1_VLPKHSLLYEYFTVYNELTK P2_SDNVPSEEVVKK 4 11,DIA12_CV486075:20251228_A2_N1_Mueller_MS_TechHub_IMP_THIDDIAXL003_Cas9_PhoX_DIA12_CV486075_250ng_FAIMS_003,1560666,,,0,0,-0,0,4,0,0,Q99ZW2,,,false,Q99ZW2,Q99ZW2,,false,SDNVPSEEVVKK,VLPKHSLLYEYFTVYNELTK,867,507,12,20,11,4,877,510,4,,-1,-0.022392,-0.022392,9.312772,false,true,false,false,Self ,0.04321,0.043344,1.962623,,0.053067,0,0,0.059644,0,80,65,0,
Scan: 1037610 Run: DIA12_CV486075:20251228_A2_N1_Mueller_MS_TechHub_IMP_THIDDIAXL003_Cas9_PhoX_DIA12_CV486075_250ng_FAIMS_002 P1_QSGKTILDFLK P2_GQKNSR 4 3,DIA12_CV486075:20251228_A2_N1_Mueller_MS_TechHub_IMP_THIDDIAXL003_Cas9_PhoX_DIA12_CV486075_250ng_FAIMS_002,1037610,,,0,0,-0,0,3,0,0,Q99ZW2,,,false,Q99ZW2,Q99ZW2,,false,GQKNSR,QSGKTILDFLK,773,674,6,11,3,4,775,677,3,,-1,-0.02258,-0.02258,9.3123,false,true,false,false,Self ,0.04321,0.043383,1.963911,,0.053067,0,0,0.059644,0,79,64,0,
Scan: 1788864 Run: DIA12_CV486075:20251228_A2_N1_Mueller_MS_TechHub_IMP_THIDDIAXL003_Cas9_PhoX_DIA12_CV486075_250ng_FAIMS_003 P1_QQLPEKYK P2_KDFQFYK 6 1,DIA12_CV486075:20251228_A2_N1_Mueller_MS_TechHub_IMP_THIDDIAXL003_Cas9_PhoX_DIA12_CV486075_250ng_FAIMS_003,1788864,,,0,0,-0,0,3,0,0,Q99ZW2,,,false,Q99ZW2,Q99ZW2,,false,KDFQFYK,QQLPEKYK,968,341,7,8,1,6,968,346,3,,-1,-0.022633,-0.022633,9.312168,false,true,false,false,Self ,0.04321,0.043394,1.963911,,0.053067,0,0,0.059644,0,78,63,0,
Scan: 1257223 Run: DIA12_CV486075:20251228_A2_N1_Mueller_MS_TechHub_IMP_THIDDIAXL003_Cas9_PhoX_DIA12_CV486075_250ng_FAIMS_003 P1_TEVQTGGFSKESILPK P2_RPLIETNGETGEIVWDKGR 10 17,DIA12_CV486075:20251228_A2_N1_Mueller_MS_TechHub_IMP_THIDDIAXL003_Cas9_PhoX_DIA12_CV486075_250ng_FAIMS_003,1257223,,,0,0,-0,0,4,0,0,Q99ZW2,,,false,Q99ZW2,Q99ZW2,,false,RPLIETNGETGEIVWDKGR,TEVQTGGFSKESILPK,1060,1098,19,16,17,10,1076,1107,4,,-1,-0.022691,-0.022691,9.312024,false,true,false,false,Self ,0.04321,0.043405,1.963911,,0.053067,0,0,0,0,77,62,0,
Scan: 1134722 Run: DIA12_CV486075:20251228_A2_N1_Mueller_MS_TechHub_IMP_THIDDIAXL003_Cas9_PhoX_DIA12_CV486075_250ng_FAIMS_002 P1_GQKNSR P2_EHPVENTQLQNEKLYLYYLQNGR 3 13,DIA12_CV486075:20251228_A2_N1_Mueller_MS_TechHub_IMP_THIDDIAXL003_Cas9_PhoX_DIA12_CV486075_250ng_FAIMS_002,1134722,,,0,0,-0,0,4,0,0,Q99ZW2,,,false,Q99ZW2,Q99ZW2,,false,EHPVENTQLQNEKLYLYYLQNGR,GQKNSR,798,773,23,6,13,3,810,775,4,,-1,-0.022731,-0.022731,9.311924,false,true,false,false,Self ,0.04321,0.043414,1.963911,,0.053067,0,0,0.059644,0,76,61,0,
Scan: 859296 Run: DIA12_CV486075:20251228_A2_N1_Mueller_MS_TechHub_IMP_THIDDIAXL003_Cas9_PhoX_DIA12_CV486075_250ng_FAIMS_002 P1_YKEIFFDQSK P2_DFQFYKVR 2 6,DIA12_CV486075:20251228_A2_N1_Mueller_MS_TechHub_IMP_THIDDIAXL003_Cas9_PhoX_DIA12_CV486075_250ng_FAIMS_002,859296,,,0,0,-0,0,3,0,0,Q99ZW2,,,false,Q99ZW2,Q99ZW2,,false,DFQFYKVR,YKEIFFDQSK,969,347,8,10,6,2,974,348,3,,-1,-0.022739,-0.022739,9.311903,false,true,false,false,Self ,0.04321,0.043415,1.963911,,0.053067,0,0,0.059644,0,75,60,0,
Scan: 853606 Run: DIA12_CV486075:20251228_A2_N1_Mueller_MS_TechHub_IMP_THIDDIAXL003_Cas9_PhoX_DIA12_CV486075_250ng_FAIMS_002 P1_YKEIFFDQSK P2_LVDSTDKADLR 2 7,DIA12_CV486075:20251228_A2_N1_Mueller_MS_TechHub_IMP_THIDDIAXL003_Cas9_PhoX_DIA12_CV486075_250ng_FAIMS_002,853606,,,0,0,-0,0,4,0,0,Q99ZW2,,,false,Q99ZW2,Q99ZW2,,false,LVDSTDKADLR,YKEIFFDQSK,142,347,11,10,7,2,148,348,4,,-1,-0.023062,-0.023062,9.311095,false,true,false,false,Self ,0.04321,0.043482,1.964544,,0,0,0,0,0,74,1275,0,
Scan: 439630 Run: DIA12_CV486075:20251228_A2_N1_Mueller_MS_TechHub_IMP_THIDDIAXL003_Cas9_PhoX_DIA12_CV486075_250ng_FAIMS_001 P1_YKEIFFDQSK P2_QSGKTILDFLK 2 4,DIA12_CV486075:20251228_A2_N1_Mueller_MS_TechHub_IMP_THIDDIAXL003_Cas9_PhoX_DIA12_CV486075_250ng_FAIMS_001,439630,,,0,0,-0,0,3,0,0,Q99ZW2,,,false,Q99ZW2,Q99ZW2,,false,QSGKTILDFLK,YKEIFFDQSK,674,347,11,10,4,2,677,348,3,,-1,-0.023147,-0.023147,9.310884,false,true,false,false,Self ,0.04321,0.0435,1.965834,,0,0,0,0,0,73,1318,0,
Scan: 828153 Run: DIA12_CV486075:20251228_A2_N1_Mueller_MS_TechHub_IMP_THIDDIAXL003_Cas9_PhoX_DIA12_CV486075_250ng_FAIMS_002 P1_VNTEITKAPLSASMIK P2_FKVLGNTDR 7 2,DIA12_CV486075:20251228_A2_N1_Mueller_MS_TechHub_IMP_THIDDIAXL003_Cas9_PhoX_DIA12_CV486075_250ng_FAIMS_002,828153,,,0,0,-0,0,4,0,0,Q99ZW2,,,false,Q99ZW2,Q99ZW2,,false,FKVLGNTDR,VNTEITKAPLSASMIK,32,308,9,16,2,7,33,314,4,,-1,-0.023462,-0.023462,9.310095,false,true,false,false,Self ,0.04321,0.043565,1.967763,,0,0,0,0,0,72,1294,0,
Scan: 1623240 Run: DIA12_CV486075:20251228_A2_N1_Mueller_MS_TechHub_IMP_THIDDIAXL003_Cas9_PhoX_DIA12_CV486075_250ng_FAIMS_003 P1_KLINGIR P2_KKDWDPKK 1 2,DIA12_CV486075:20251228_A2_N1_Mueller_MS_TechHub_IMP_THIDDIAXL003_Cas9_PhoX_DIA12_CV486075_250ng_FAIMS_003,1623240,,,0,0,-0,0,4,0,0,Q99ZW2,,,false,Q99ZW2,Q99ZW2,,false,KKDWDPKK,KLINGIR,1123,665,8,7,2,1,1124,665,4,,-1,-0.023533,-0.023533,9.30992,false,true,false,false,Self ,0.04321,0.043579,1.969059,,0.053067,0,0,0,0,71,59,0,
Scan: 16056 Run: DIA12_CV486075:20251228_A2_N1_Mueller_MS_TechHub_IMP_THIDDIAXL003_Cas9_PhoX_DIA12_CV486075_250ng_FAIMS_001 P1_SEQEIGKATAK P2_KPAFLSGEQKK 7 1,DIA12_CV486075:20251228_A2_N1_Mueller_MS_TechHub_IMP_THIDDIAXL003_Cas9_PhoX_DIA12_CV486075_250ng_FAIMS_001,16056,,,0,0,-0,0,3,0,0,Q99ZW2,,,false,Q99ZW2,Q99ZW2,,false,KPAFLSGEQKK,SEQEIGKATAK,536,1025,11,11,1,7,536,1031,3,,-1,-0.023618,-0.023618,9.309706,false,true,false,false,Self ,0.04321,0.043597,1.970356,,0.053067,0,0,0,0,70,58,0,
Scan: 1377903 Run: DIA12_CV486075:20251228_A2_N1_Mueller_MS_TechHub_IMP_THIDDIAXL003_Cas9_PhoX_DIA12_CV486075_250ng_FAIMS_003 P1_VILADANLDKVLSAYNK P2_RVILADANLDKVLSAYNK 10 11,DIA12_CV486075:20251228_A2_N1_Mueller_MS_TechHub_IMP_THIDDIAXL003_Cas9_PhoX_DIA12_CV486075_250ng_FAIMS_003,1377903,,,0,0,-0,0,6,0,0,Q99ZW2,,,false,Q99ZW2,Q99ZW2,,false,RVILADANLDKVLSAYNK,VILADANLDKVLSAYNK,1279,1280,18,17,11,10,1289,1289,6,,-1,-0.023715,-0.023715,9.309463,false,true,false,false,Self ,0.04321,0.043617,1.971655,,0.053067,0,0,0.059644,0,69,57,0,
Scan: 1448141 Run: DIA12_CV486075:20251228_A2_N1_Mueller_MS_TechHub_IMP_THIDDIAXL003_Cas9_PhoX_DIA12_CV486075_250ng_FAIMS_003 P1_YKEIFFDQSK P2_QQLPEKYKEIFFDQSK 2 6,DIA12_CV486075:20251228_A2_N1_Mueller_MS_TechHub_IMP_THIDDIAXL003_Cas9_PhoX_DIA12_CV486075_250ng_FAIMS_003,1448141,,,0,0,-0,0,4,0,0,Q99ZW2,,,false,Q99ZW2,Q99ZW2,,false,QQLPEKYKEIFFDQSK,YKEIFFDQSK,341,347,16,10,6,2,346,348,4,,-1,-0.023894,-0.023894,9.309017,false,true,false,false,Self ,0.04321,0.043654,1.972955,,0.053067,0,0,0.059644,0,68,56,0,
Scan: 1782490 Run: DIA12_CV486075:20251228_A2_N1_Mueller_MS_TechHub_IMP_THIDDIAXL003_Cas9_PhoX_DIA12_CV486075_250ng_FAIMS_003 P1_YKEIFFDQSK P2_VITLKSK 2 5,DIA12_CV486075:20251228_A2_N1_Mueller_MS_TechHub_IMP_THIDDIAXL003_Cas9_PhoX_DIA12_CV486075_250ng_FAIMS_003,1782490,,,0,0,-0,0,3,0,0,Q99ZW2,,,false,Q99ZW2,Q99ZW2,,false,VITLKSK,YKEIFFDQSK,955,347,7,10,5,2,959,348,3,,-1,-0.02407,-0.02407,9.308575,false,true,false,false,Self ,0.04321,0.04369,1.972955,,0.053067,0,0,0.059644,0,67,55,0,
Scan: 1634116 Run: DIA12_CV486075:20251228_A2_N1_Mueller_MS_TechHub_IMP_THIDDIAXL003_Cas9_PhoX_DIA12_CV486075_250ng_FAIMS_003 P1_QSGKTILDFLK P2_DLIIKLPK 4 5,DIA12_CV486075:20251228_A2_N1_Mueller_MS_TechHub_IMP_THIDDIAXL003_Cas9_PhoX_DIA12_CV486075_250ng_FAIMS_003,1634116,,,0,0,-0,0,3,0,0,Q99ZW2,,,false,Q99ZW2,Q99ZW2,,false,DLIIKLPK,QSGKTILDFLK,1193,674,8,11,5,4,1197,677,3,,-1,-0.024104,-0.024104,9.308491,false,true,false,false,Self ,0.04321,0.043697,1.972955,,0.053067,0,0,0.059644,0,66,54,0,
Scan: 694449 Run: DIA12_CV486075:20251228_A2_N1_Mueller_MS_TechHub_IMP_THIDDIAXL003_Cas9_PhoX_DIA12_CV486075_250ng_FAIMS_002 P1_KTEVQTGGFSKESILPK P2_KKDWDPKK 11 2,DIA12_CV486075:20251228_A2_N1_Mueller_MS_TechHub_IMP_THIDDIAXL003_Cas9_PhoX_DIA12_CV486075_250ng_FAIMS_002,694449,,,0,0,-0,0,4,0,0,Q99ZW2,,,false,Q99ZW2,Q99ZW2,,false,KKDWDPKK,KTEVQTGGFSKESILPK,1123,1097,8,17,2,11,1124,1107,4,,-1,-0.024291,-0.024291,9.308023,false,true,false,false,Self ,0.04321,0.043736,1.972955,,0.053067,0,0,0,0,65,53,0,
Scan: 1283437 Run: DIA12_CV486075:20251228_A2_N1_Mueller_MS_TechHub_IMP_THIDDIAXL003_Cas9_PhoX_DIA12_CV486075_250ng_FAIMS_003 P1_EKIEKILTFR P2_AILKDSNR 5 4,DIA12_CV486075:20251228_A2_N1_Mueller_MS_TechHub_IMP_THIDDIAXL003_Cas9_PhoX_DIA12_CV486075_250ng_FAIMS_003,1283437,,,0,0,-0,0,3,0,0,decoy:Q99ZW2,decoy:,decoy,true,Q99ZW2,Q99ZW2,,false,AILKDSNR,EKIEKILTFR,1115,438,8,10,4,5,1118,442,3,,-1,-0.024461,-0.024461,9.307597,true,false,true,false,Self ,0.043771,0.04393,1.972955,,0.053756,1,0,0.060418,1,64,52,2,
Scan: 1707493 Run: DIA12_CV486075:20251228_A2_N1_Mueller_MS_TechHub_IMP_THIDDIAXL003_Cas9_PhoX_DIA12_CV486075_250ng_FAIMS_003 P1_SNKQGR P2_KPAFLSGEQK 3 1,DIA12_CV486075:20251228_A2_N1_Mueller_MS_TechHub_IMP_THIDDIAXL003_Cas9_PhoX_DIA12_CV486075_250ng_FAIMS_003,1707493,,,0,0,-0,0,3,0,0,Q99ZW2,,,false,decoy:Q99ZW2,decoy:Q99ZW2,decoy,true,KPAFLSGEQK,SNKQGR,536,773,10,6,1,3,536,775,3,,-1,-0.024767,-0.024767,9.306833,true,false,true,false,Self ,0.044011,0.043895,1.973597,,0.05411,0,1,0.060863,1,63,51,2,
Scan: 1466455 Run: DIA12_CV486075:20251228_A2_N1_Mueller_MS_TechHub_IMP_THIDDIAXL003_Cas9_PhoX_DIA12_CV486075_250ng_FAIMS_003 P1_KLINGIR P2_EIFFDQSKNGYAGYIDGGASQEEFYK 1 8,DIA12_CV486075:20251228_A2_N1_Mueller_MS_TechHub_IMP_THIDDIAXL003_Cas9_PhoX_DIA12_CV486075_250ng_FAIMS_003,1466455,,,0,0,-0,0,4,0,0,Q99ZW2,,,false,Q99ZW2,Q99ZW2,,false,EIFFDQSKNGYAGYIDGGASQEEFYK,KLINGIR,349,665,26,7,8,1,356,665,4,,-1,-0.024884,-0.024884,9.306541,false,true,false,false,Self ,0.044011,0.04405,1.973597,,0.05411,0,0,0.060863,0,62,50,0,
Scan: 605775 Run: DIA12_CV486075:20251228_A2_N1_Mueller_MS_TechHub_IMP_THIDDIAXL003_Cas9_PhoX_DIA12_CV486075_250ng_FAIMS_002 P1_LESEFVYGDYKVYDVR P2_KDFQFYK 11 1,DIA12_CV486075:20251228_A2_N1_Mueller_MS_TechHub_IMP_THIDDIAXL003_Cas9_PhoX_DIA12_CV486075_250ng_FAIMS_002,605775,,,0,0,-0,0,4,0,0,Q99ZW2,,,false,Q99ZW2,Q99ZW2,,false,KDFQFYK,LESEFVYGDYKVYDVR,968,1004,7,16,1,11,968,1014,4,,-1,-0.025003,-0.025003,9.306244,false,true,false,false,Self ,0.044011,0.044089,1.973597,,0.05411,0,0,0.060863,0,61,49,0,
Scan: 1635273 Run: DIA12_CV486075:20251228_A2_N1_Mueller_MS_TechHub_IMP_THIDDIAXL003_Cas9_PhoX_DIA12_CV486075_250ng_FAIMS_003 P1_YDENDKLIR P2_QSGKTILDFLK 6 4,DIA12_CV486075:20251228_A2_N1_Mueller_MS_TechHub_IMP_THIDDIAXL003_Cas9_PhoX_DIA12_CV486075_250ng_FAIMS_003,1635273,,,0,0,-0,0,4,0,0,Q99ZW2,,,false,Q99ZW2,Q99ZW2,,false,QSGKTILDFLK,YDENDKLIR,674,943,11,9,4,6,677,948,4,,-1,-0.025076,-0.025076,9.306062,false,true,false,false,Self ,0.044011,0.044113,1.974901,,0.05411,0,0,0.060863,0,60,48,0,
Scan: 188197 Run: DIA12_CV486075:20251228_A2_N1_Mueller_MS_TechHub_IMP_THIDDIAXL003_Cas9_PhoX_DIA12_CV486075_250ng_FAIMS_001 P1_VLSAYNKHR P2_DKPIREQAENIIHLFTLTNLGAPAAFK 7 2,DIA12_CV486075:20251228_A2_N1_Mueller_MS_TechHub_IMP_THIDDIAXL003_Cas9_PhoX_DIA12_CV486075_250ng_FAIMS_001,188197,,,0,0,-0,0,5,0,0,Q99ZW2,,,false,Q99ZW2,Q99ZW2,,false,DKPIREQAENIIHLFTLTNLGAPAAFK,VLSAYNKHR,1299,1290,27,9,2,7,1300,1296,5,,-1,-0.025079,-0.025079,9.306053,false,true,false,false,Self ,0.044011,0.044115,1.974901,,0,0,0,0,0,36,1250,0,
Scan: 1383328 Run: DIA12_CV486075:20251228_A2_N1_Mueller_MS_TechHub_IMP_THIDDIAXL003_Cas9_PhoX_DIA12_CV486075_250ng_FAIMS_003 P1_KKDWDPK P2_HPIFGNIVDEVAYHEKYPTIYHLR 1 16,DIA12_CV486075:20251228_A2_N1_Mueller_MS_TechHub_IMP_THIDDIAXL003_Cas9_PhoX_DIA12_CV486075_250ng_FAIMS_003,1383328,,,0,0,-0,0,4,0,0,Q99ZW2,,,false,Q99ZW2,Q99ZW2,,false,HPIFGNIVDEVAYHEKYPTIYHLR,KKDWDPK,116,1123,24,7,16,1,131,1123,4,,-1,-0.025167,-0.025167,9.305833,false,true,false,false,Self ,0.044011,0.044144,1.974901,,0.05411,0,0,0.060863,0,58,47,0,
Scan: 276676 Run: DIA12_CV486075:20251228_A2_N1_Mueller_MS_TechHub_IMP_THIDDIAXL003_Cas9_PhoX_DIA12_CV486075_250ng_FAIMS_001 P1_SKLVSDFR P2_FIKPILEKMDGTEELLVK 2 3,DIA12_CV486075:20251228_A2_N1_Mueller_MS_TechHub_IMP_THIDDIAXL003_Cas9_PhoX_DIA12_CV486075_250ng_FAIMS_001,276676,,,0,0,-0,0,4,0,0,Q99ZW2,,,false,Q99ZW2,Q99ZW2,,false,FIKPILEKMDGTEELLVK,SKLVSDFR,375,960,18,8,3,2,377,961,4,,-1,-0.025417,-0.025417,9.305209,false,true,false,false,Self ,0.044011,0.044227,1.974901,,0.05411,0,0,0,0,57,46,0,
Scan: 886917 Run: DIA12_CV486075:20251228_A2_N1_Mueller_MS_TechHub_IMP_THIDDIAXL003_Cas9_PhoX_DIA12_CV486075_250ng_FAIMS_002 P1_RQEDFYPFLKDNR P2_KAIVDLLFK 10 1,DIA12_CV486075:20251228_A2_N1_Mueller_MS_TechHub_IMP_THIDDIAXL003_Cas9_PhoX_DIA12_CV486075_250ng_FAIMS_002,886917,,,0,0,-0,0,4,0,0,Q99ZW2,,,false,Q99ZW2,Q99ZW2,,false,KAIVDLLFK,RQEDFYPFLKDNR,546,425,9,13,1,10,546,434,4,,-1,-0.025508,-0.025508,9.30498,false,true,false,false,Self ,0.044011,0.044257,1.976206,,0.05411,0,0,0,0,56,45,0,
Scan: 890095 Run: DIA12_CV486075:20251228_A2_N1_Mueller_MS_TechHub_IMP_THIDDIAXL003_Cas9_PhoX_DIA12_CV486075_250ng_FAIMS_002 P1_MTNFDKNLPNEK P2_EKIEKILTFR 6 5,DIA12_CV486075:20251228_A2_N1_Mueller_MS_TechHub_IMP_THIDDIAXL003_Cas9_PhoX_DIA12_CV486075_250ng_FAIMS_002,890095,,,0,0,-0,0,4,0,0,Q99ZW2,,,false,Q99ZW2,Q99ZW2,,false,EKIEKILTFR,MTNFDKNLPNEK,438,495,10,12,5,6,442,500,4,,-1,-0.025887,-0.025887,9.304033,false,true,false,false,Self ,0.044011,0.044383,1.978822,,0,0,0,0,0,55,1287,0,
Scan: 1304816 Run: DIA12_CV486075:20251228_A2_N1_Mueller_MS_TechHub_IMP_THIDDIAXL003_Cas9_PhoX_DIA12_CV486075_250ng_FAIMS_003 P1_QLKEDYFK P2_LKSVK 3 2,DIA12_CV486075:20251228_A2_N1_Mueller_MS_TechHub_IMP_THIDDIAXL003_Cas9_PhoX_DIA12_CV486075_250ng_FAIMS_003,1304816,,,0,0,-0,0,3,0,0,Q99ZW2,,,false,Q99ZW2,Q99ZW2,,false,LKSVK,QLKEDYFK,1157,563,5,8,2,3,1158,565,3,,-1,-0.025948,-0.025948,9.303882,false,true,false,false,Self ,0.044011,0.044403,1.97947,,0.05411,0,0,0.060863,0,54,44,0,
Scan: 1309797 Run: DIA12_CV486075:20251228_A2_N1_Mueller_MS_TechHub_IMP_THIDDIAXL003_Cas9_PhoX_DIA12_CV486075_250ng_FAIMS_003 P1_VLSAYNKHR P2_SSFEKNPIDFLEAK 7 5,DIA12_CV486075:20251228_A2_N1_Mueller_MS_TechHub_IMP_THIDDIAXL003_Cas9_PhoX_DIA12_CV486075_250ng_FAIMS_003,1309797,,,0,0,-0,0,4,0,0,Q99ZW2,,,false,Q99ZW2,Q99ZW2,,false,SSFEKNPIDFLEAK,VLSAYNKHR,1172,1290,14,9,5,7,1176,1296,4,,-1,-0.026081,-0.026081,9.303549,false,true,false,false,Self ,0.044011,0.044447,1.97947,,0.05411,0,0,0.060863,0,53,43,0,
Scan: 1688383 Run: DIA12_CV486075:20251228_A2_N1_Mueller_MS_TechHub_IMP_THIDDIAXL003_Cas9_PhoX_DIA12_CV486075_250ng_FAIMS_003 P1_SEETITPWNFEEVVDKGASAQSFIER P2_GILQTVKVVDELVK 16 7,DIA12_CV486075:20251228_A2_N1_Mueller_MS_TechHub_IMP_THIDDIAXL003_Cas9_PhoX_DIA12_CV486075_250ng_FAIMS_003,1688383,,,0,0,-0,0,5,0,0,Q99ZW2,,,false,Q99ZW2,Q99ZW2,,false,GILQTVKVVDELVK,SEETITPWNFEEVVDKGASAQSFIER,736,469,14,26,7,16,742,484,5,,-1,-0.026095,-0.026095,9.303513,false,true,false,false,Self ,0.044011,0.044452,1.97947,,0,0,0,0,0,52,1049,0,
Scan: 373802 Run: DIA12_CV486075:20251228_A2_N1_Mueller_MS_TechHub_IMP_THIDDIAXL003_Cas9_PhoX_DIA12_CV486075_250ng_FAIMS_001 P1_VKYVTEGMR P2_SSFEKNPIDFLEAK 2 5,DIA12_CV486075:20251228_A2_N1_Mueller_MS_TechHub_IMP_THIDDIAXL003_Cas9_PhoX_DIA12_CV486075_250ng_FAIMS_001,373802,,,0,0,-0,0,4,0,0,Q99ZW2,,,false,Q99ZW2,Q99ZW2,,false,SSFEKNPIDFLEAK,VKYVTEGMR,1172,527,14,9,5,2,1176,528,4,,-1,-0.026226,-0.026226,9.303187,false,true,false,false,Self ,0.044011,0.044495,1.982095,,0,0,0,0,0,51,1417,0,
Scan: 98114 Run: DIA12_CV486075:20251228_A2_N1_Mueller_MS_TechHub_IMP_THIDDIAXL003_Cas9_PhoX_DIA12_CV486075_250ng_FAIMS_001 P1_KKDWDPK P2_DLIIKLPK 2 5,DIA12_CV486075:20251228_A2_N1_Mueller_MS_TechHub_IMP_THIDDIAXL003_Cas9_PhoX_DIA12_CV486075_250ng_FAIMS_001,98114,,,0,0,-0,0,3,0,0,Q99ZW2,,,false,Q99ZW2,Q99ZW2,,false,DLIIKLPK,KKDWDPK,1193,1123,8,7,5,2,1197,1124,3,,-1,-0.026255,-0.026255,9.303114,false,true,false,false,Self ,0.044011,0.044505,1.982095,,0.05411,0,0,0.060863,0,50,42,0,
Scan: 1548189 Run: DIA12_CV486075:20251228_A2_N1_Mueller_MS_TechHub_IMP_THIDDIAXL003_Cas9_PhoX_DIA12_CV486075_250ng_FAIMS_003 P1_MTNFDKNLPNEK P2_AILKDSNR 6 4,DIA12_CV486075:20251228_A2_N1_Mueller_MS_TechHub_IMP_THIDDIAXL003_Cas9_PhoX_DIA12_CV486075_250ng_FAIMS_003,1548189,,,0,0,-0,0,4,0,0,decoy:Q99ZW2,decoy:,decoy,true,Q99ZW2,Q99ZW2,,false,AILKDSNR,MTNFDKNLPNEK,1115,495,8,12,4,6,1118,500,4,,-1,-0.026372,-0.026372,9.302822,true,false,true,false,Self ,0.044543,0.044957,1.983411,,0.054757,1,0,0.061586,1,49,41,2,
Scan: 374908 Run: DIA12_CV486075:20251228_A2_N1_Mueller_MS_TechHub_IMP_THIDDIAXL003_Cas9_PhoX_DIA12_CV486075_250ng_FAIMS_001 P1_VKYVTEGMR P2_GQKNSR 2 3,DIA12_CV486075:20251228_A2_N1_Mueller_MS_TechHub_IMP_THIDDIAXL003_Cas9_PhoX_DIA12_CV486075_250ng_FAIMS_001,374908,,,0,0,-0,0,3,0,0,Q99ZW2,,,false,Q99ZW2,Q99ZW2,,false,GQKNSR,VKYVTEGMR,773,527,6,9,3,2,775,528,3,,-1,-0.026397,-0.026397,9.302758,false,true,false,false,Self ,0.044543,0.044602,1.983411,,0.054757,0,0,0.061586,0,48,40,0,
Scan: 208704 Run: DIA12_CV486075:20251228_A2_N1_Mueller_MS_TechHub_IMP_THIDDIAXL003_Cas9_PhoX_DIA12_CV486075_250ng_FAIMS_001 P1_SKSLR P2_IEKILTFR 2 3,DIA12_CV486075:20251228_A2_N1_Mueller_MS_TechHub_IMP_THIDDIAXL003_Cas9_PhoX_DIA12_CV486075_250ng_FAIMS_001,208704,,,0,0,-0,0,3,0,0,Q99ZW2,,,false,decoy:Q99ZW2,decoy:Q99ZW2,decoy,true,IEKILTFR,SKSLR,440,216,8,5,3,2,442,217,3,,-1,-0.026615,-0.026615,9.302213,true,false,true,false,Self ,0.0451,0.04501,1.984064,,0.055441,0,1,0.062356,1,47,39,2,
Scan: 146011 Run: DIA12_CV486075:20251228_A2_N1_Mueller_MS_TechHub_IMP_THIDDIAXL003_Cas9_PhoX_DIA12_CV486075_250ng_FAIMS_001 P1_LPKYSLFELENGR P2_EIFSQASAGKDVVEEFNWPTITEESR 3 10,DIA12_CV486075:20251228_A2_N1_Mueller_MS_TechHub_IMP_THIDDIAXL003_Cas9_PhoX_DIA12_CV486075_250ng_FAIMS_001,146011,,,0,0,-0,0,4,0,0,decoy:Q99ZW2,decoy:,decoy,true,Q99ZW2,Q99ZW2,,false,EIFSQASAGKDVVEEFNWPTITEESR,LPKYSLFELENGR,469,1198,26,13,10,3,478,1200,4,,-1,-0.026913,-0.026913,9.301469,true,false,true,false,Self ,0.045581,0.045423,1.985382,,0.056011,1,0,0.06298,1,46,38,2,
Scan: 261414 Run: DIA12_CV486075:20251228_A2_N1_Mueller_MS_TechHub_IMP_THIDDIAXL003_Cas9_PhoX_DIA12_CV486075_250ng_FAIMS_001 P1_YKEIFFDQSK P2_KFDNLTKAER 2 7,DIA12_CV486075:20251228_A2_N1_Mueller_MS_TechHub_IMP_THIDDIAXL003_Cas9_PhoX_DIA12_CV486075_250ng_FAIMS_001,261414,,,0,0,-0,0,4,0,0,Q99ZW2,,,false,Q99ZW2,Q99ZW2,,false,KFDNLTKAER,YKEIFFDQSK,896,347,10,10,7,2,902,348,4,,-1,-0.027203,-0.027203,9.300744,false,true,false,false,Self ,0.045581,0.045823,1.986702,,0.056011,0,0,0.06298,0,45,37,0,
Scan: 1006646 Run: DIA12_CV486075:20251228_A2_N1_Mueller_MS_TechHub_IMP_THIDDIAXL003_Cas9_PhoX_DIA12_CV486075_250ng_FAIMS_002 P1_KSEETITPWNFEEVVDK P2_AIVDLLFKTNR 1 8,DIA12_CV486075:20251228_A2_N1_Mueller_MS_TechHub_IMP_THIDDIAXL003_Cas9_PhoX_DIA12_CV486075_250ng_FAIMS_002,1006646,,,0,0,-0,0,4,0,0,Q99ZW2,,,false,Q99ZW2,Q99ZW2,,false,AIVDLLFKTNR,KSEETITPWNFEEVVDK,547,468,11,17,8,1,554,468,4,,-1,-0.027268,-0.027268,9.300581,false,true,false,false,Self ,0.045581,0.045878,1.986702,,0.056011,0,0,0.06298,0,44,36,0,
Scan: 561397 Run: DIA12_CV486075:20251228_A2_N1_Mueller_MS_TechHub_IMP_THIDDIAXL003_Cas9_PhoX_DIA12_CV486075_250ng_FAIMS_001 P1_SDKNR P2_KFDNLTK 3 1,DIA12_CV486075:20251228_A2_N1_Mueller_MS_TechHub_IMP_THIDDIAXL003_Cas9_PhoX_DIA12_CV486075_250ng_FAIMS_001,561397,,,0,0,-0,0,3,0,0,Q99ZW2,,,false,Q99ZW2,Q99ZW2,,false,KFDNLTK,SDKNR,896,860,7,5,1,3,896,862,3,,-1,-0.027283,-0.027283,9.300543,false,true,false,false,Self ,0.045581,0.04589,1.986702,,0.056011,0,0,0.06298,0,43,35,0,
Scan: 1417076 Run: DIA12_CV486075:20251228_A2_N1_Mueller_MS_TechHub_IMP_THIDDIAXL003_Cas9_PhoX_DIA12_CV486075_250ng_FAIMS_003 P1_YDEHHQDLTLLKALVR P2_SLQLKADEALDFNSK 12 5,DIA12_CV486075:20251228_A2_N1_Mueller_MS_TechHub_IMP_THIDDIAXL003_Cas9_PhoX_DIA12_CV486075_250ng_FAIMS_003,1417076,,,0,0,-0,0,4,0,0,decoy:Q99ZW2,decoy:,decoy,true,Q99ZW2,Q99ZW2,,false,SLQLKADEALDFNSK,YDEHHQDLTLLKALVR,254,325,15,16,5,12,258,336,4,,-1,-0.027547,-0.027547,9.299883,true,false,true,false,Self ,0.046111,0.046388,1.986037,,0.056655,1,0,0.063699,1,42,34,2,
Scan: 712599 Run: DIA12_CV486075:20251228_A2_N1_Mueller_MS_TechHub_IMP_THIDDIAXL003_Cas9_PhoX_DIA12_CV486075_250ng_FAIMS_002 P1_SSFEKNPIDFLEAK P2_LSKSR 5 3,DIA12_CV486075:20251228_A2_N1_Mueller_MS_TechHub_IMP_THIDDIAXL003_Cas9_PhoX_DIA12_CV486075_250ng_FAIMS_002,712599,,,0,0,-0,0,3,0,0,Q99ZW2,,,false,Q99ZW2,Q99ZW2,,false,LSKSR,SSFEKNPIDFLEAK,216,1172,5,14,3,5,218,1176,3,,-1,-0.027606,-0.027606,9.299735,false,true,false,false,Self ,0.046111,0.046278,1.987359,,0.056655,0,0,0.063699,0,41,33,0,
Scan: 537349 Run: DIA12_CV486075:20251228_A2_N1_Mueller_MS_TechHub_IMP_THIDDIAXL003_Cas9_PhoX_DIA12_CV486075_250ng_FAIMS_001 P1_SNKQGR P2_EHPVENTQLQNEKLYLYYLQNGR 3 13,DIA12_CV486075:20251228_A2_N1_Mueller_MS_TechHub_IMP_THIDDIAXL003_Cas9_PhoX_DIA12_CV486075_250ng_FAIMS_001,537349,,,0,0,-0,0,4,0,0,Q99ZW2,,,false,decoy:Q99ZW2,decoy:Q99ZW2,decoy,true,EHPVENTQLQNEKLYLYYLQNGR,SNKQGR,798,773,23,6,13,3,810,775,4,,-1,-0.027726,-0.027726,9.299437,true,false,true,false,Self ,0.046615,0.04628,1.987359,,0.057299,0,1,0.064417,1,40,32,2,
Scan: 547813 Run: DIA12_CV486075:20251228_A2_N1_Mueller_MS_TechHub_IMP_THIDDIAXL003_Cas9_PhoX_DIA12_CV486075_250ng_FAIMS_001 P1_GKSDNVPSEEVVK P2_ENQTTQKGQK 2 7,DIA12_CV486075:20251228_A2_N1_Mueller_MS_TechHub_IMP_THIDDIAXL003_Cas9_PhoX_DIA12_CV486075_250ng_FAIMS_001,547813,,,0,0,-0,0,4,0,0,Q99ZW2,,,false,Q99ZW2,Q99ZW2,,false,ENQTTQKGQK,GKSDNVPSEEVVK,766,865,10,13,7,2,772,866,4,,-1,-0.027774,-0.027774,9.299316,false,true,false,false,Self ,0.046615,0.046633,1.988682,,0,0,0,0,0,39,1254,0,
Scan: 1689095 Run: DIA12_CV486075:20251228_A2_N1_Mueller_MS_TechHub_IMP_THIDDIAXL003_Cas9_PhoX_DIA12_CV486075_250ng_FAIMS_003 P1_NLPNEKVLPK P2_GILQTVKVVDELVK 6 7,DIA12_CV486075:20251228_A2_N1_Mueller_MS_TechHub_IMP_THIDDIAXL003_Cas9_PhoX_DIA12_CV486075_250ng_FAIMS_003,1689095,,,0,0,-0,0,4,0,0,Q99ZW2,,,false,Q99ZW2,Q99ZW2,,false,GILQTVKVVDELVK,NLPNEKVLPK,736,501,14,10,7,6,742,506,4,,-1,-0.028196,-0.028196,9.298262,false,true,false,false,Self ,0.046615,0.04679,1.990007,,0.057299,0,0,0.064417,0,38,31,0,
Scan: 1008956 Run: DIA12_CV486075:20251228_A2_N1_Mueller_MS_TechHub_IMP_THIDDIAXL003_Cas9_PhoX_DIA12_CV486075_250ng_FAIMS_002 P1_LQKVTVK P2_FKVLGNTDR 3 2,DIA12_CV486075:20251228_A2_N1_Mueller_MS_TechHub_IMP_THIDDIAXL003_Cas9_PhoX_DIA12_CV486075_250ng_FAIMS_002,1008956,,,0,0,-0,0,3,0,0,Q99ZW2,,,false,decoy:Q99ZW2,decoy:Q99ZW2,decoy,true,FKVLGNTDR,LQKVTVK,32,559,9,7,2,3,33,561,3,,-1,-0.02831,-0.02831,9.297977,true,false,true,false,Self ,0.046832,0.046788,1.992662,,0.057588,0,1,0.064688,1,37,30,2,
Scan: 1382076 Run: DIA12_CV486075:20251228_A2_N1_Mueller_MS_TechHub_IMP_THIDDIAXL003_Cas9_PhoX_DIA12_CV486075_250ng_FAIMS_003 P1_VLSAYNKHR P2_DKPIREQAENIIHLFTLTNLGAPAAFK 7 2,DIA12_CV486075:20251228_A2_N1_Mueller_MS_TechHub_IMP_THIDDIAXL003_Cas9_PhoX_DIA12_CV486075_250ng_FAIMS_003,1382076,,,0,0,-0,0,6,0,0,Q99ZW2,,,false,Q99ZW2,Q99ZW2,,false,DKPIREQAENIIHLFTLTNLGAPAAFK,VLSAYNKHR,1299,1290,27,9,2,7,1300,1296,6,,-1,-0.028384,-0.028384,9.297791,false,true,false,false,Self ,0.046832,0.046852,1.992662,,0,0,0,0,0,36,1250,0,
Scan: 190680 Run: DIA12_CV486075:20251228_A2_N1_Mueller_MS_TechHub_IMP_THIDDIAXL003_Cas9_PhoX_DIA12_CV486075_250ng_FAIMS_001 P1_KAIVDLLFK P2_HPIFGNIVDEVAYHEKYPTIYHLR 1 16,DIA12_CV486075:20251228_A2_N1_Mueller_MS_TechHub_IMP_THIDDIAXL003_Cas9_PhoX_DIA12_CV486075_250ng_FAIMS_001,190680,,,0,0,-0,0,5,0,0,Q99ZW2,,,false,Q99ZW2,Q99ZW2,,false,HPIFGNIVDEVAYHEKYPTIYHLR,KAIVDLLFK,116,546,24,9,16,1,131,546,5,,-1,-0.02841,-0.02841,9.297727,false,true,false,false,Self ,0.046832,0.046859,1.992662,,0.057588,0,0,0.064688,0,35,29,0,
Scan: 404610 Run: DIA12_CV486075:20251228_A2_N1_Mueller_MS_TechHub_IMP_THIDDIAXL003_Cas9_PhoX_DIA12_CV486075_250ng_FAIMS_001 P1_LSKSR P2_KAIVDLLFK 3 1,DIA12_CV486075:20251228_A2_N1_Mueller_MS_TechHub_IMP_THIDDIAXL003_Cas9_PhoX_DIA12_CV486075_250ng_FAIMS_001,404610,,,0,0,-0,0,3,0,0,Q99ZW2,,,false,Q99ZW2,Q99ZW2,,false,KAIVDLLFK,LSKSR,546,216,9,5,1,3,546,218,3,,-1,-0.028448,-0.028448,9.29763,false,true,false,false,Self ,0.046832,0.04687,1.992662,,0.057588,0,0,0.064688,0,34,28,0,
Scan: 636590 Run: DIA12_CV486075:20251228_A2_N1_Mueller_MS_TechHub_IMP_THIDDIAXL003_Cas9_PhoX_DIA12_CV486075_250ng_FAIMS_002 P1_NLPNEKVLPK P2_KTEVQTGGFSK 6 1,DIA12_CV486075:20251228_A2_N1_Mueller_MS_TechHub_IMP_THIDDIAXL003_Cas9_PhoX_DIA12_CV486075_250ng_FAIMS_002,636590,,,0,0,-0,0,3,0,0,Q99ZW2,,,false,Q99ZW2,Q99ZW2,,false,KTEVQTGGFSK,NLPNEKVLPK,1097,501,11,10,1,6,1097,506,3,,-1,-0.028843,-0.028843,9.296643,false,true,false,false,Self ,0.046832,0.046978,1.993992,,0.057588,0,0,0.064688,0,33,27,0,
Scan: 1110986 Run: DIA12_CV486075:20251228_A2_N1_Mueller_MS_TechHub_IMP_THIDDIAXL003_Cas9_PhoX_DIA12_CV486075_250ng_FAIMS_002 P1_QLLNAKLITQR P2_GQKNSR 6 3,DIA12_CV486075:20251228_A2_N1_Mueller_MS_TechHub_IMP_THIDDIAXL003_Cas9_PhoX_DIA12_CV486075_250ng_FAIMS_002,1110986,,,0,0,-0,0,4,0,0,Q99ZW2,,,false,Q99ZW2,Q99ZW2,,false,GQKNSR,QLLNAKLITQR,773,885,6,11,3,6,775,890,4,,-1,-0.029117,-0.029117,9.295959,false,true,false,false,Self ,0.046832,0.047053,1.996658,,0,0,0,0,0,32,1280,0,
Scan: 293488 Run: DIA12_CV486075:20251228_A2_N1_Mueller_MS_TechHub_IMP_THIDDIAXL003_Cas9_PhoX_DIA12_CV486075_250ng_FAIMS_001 P1_VTVKQLK P2_IEKILTFR 4 3,DIA12_CV486075:20251228_A2_N1_Mueller_MS_TechHub_IMP_THIDDIAXL003_Cas9_PhoX_DIA12_CV486075_250ng_FAIMS_001,293488,,,0,0,-0,0,3,0,0,Q99ZW2,,,false,Q99ZW2,Q99ZW2,,false,IEKILTFR,VTVKQLK,440,559,8,7,3,4,442,562,3,,-1,-0.029383,-0.029383,9.295293,false,true,false,false,Self ,0.046832,0.047127,1.998661,,0.057588,0,0,0.064688,0,31,26,0,
Scan: 1621968 Run: DIA12_CV486075:20251228_A2_N1_Mueller_MS_TechHub_IMP_THIDDIAXL003_Cas9_PhoX_DIA12_CV486075_250ng_FAIMS_003 P1_TYAHLFDDKVMK P2_DKQSGK 9 2,DIA12_CV486075:20251228_A2_N1_Mueller_MS_TechHub_IMP_THIDDIAXL003_Cas9_PhoX_DIA12_CV486075_250ng_FAIMS_003,1621968,,,0,0,-0,0,3,0,0,Q99ZW2,,,false,Q99ZW2,Q99ZW2,,false,DKQSGK,TYAHLFDDKVMK,672,638,6,12,2,9,673,646,3,,-1,-0.029545,-0.029545,9.294888,false,true,false,false,Self ,0.046832,0.047171,1.998661,,0.057588,0,0,0.064688,0,30,25,0,
Scan: 891655 Run: DIA12_CV486075:20251228_A2_N1_Mueller_MS_TechHub_IMP_THIDDIAXL003_Cas9_PhoX_DIA12_CV486075_250ng_FAIMS_002 P1_IEKILTFR P2_EVKVITLK 3 3,DIA12_CV486075:20251228_A2_N1_Mueller_MS_TechHub_IMP_THIDDIAXL003_Cas9_PhoX_DIA12_CV486075_250ng_FAIMS_002,891655,,,0,0,-0,0,3,0,0,Q99ZW2,,,false,Q99ZW2,Q99ZW2,,false,EVKVITLK,IEKILTFR,952,440,8,8,3,3,954,442,3,,-1,-0.029933,-0.029933,9.29392,false,true,false,false,Self ,0.046832,0.047277,1.99933,,0.057588,0,0,0.064688,0,29,24,0,
Scan: 453369 Run: DIA12_CV486075:20251228_A2_N1_Mueller_MS_TechHub_IMP_THIDDIAXL003_Cas9_PhoX_DIA12_CV486075_250ng_FAIMS_001 P1_RNSDKLIAR P2_EDIQKAQVSGQGDSLHEHIANLAGSPAIK 5 5,DIA12_CV486075:20251228_A2_N1_Mueller_MS_TechHub_IMP_THIDDIAXL003_Cas9_PhoX_DIA12_CV486075_250ng_FAIMS_001,453369,,,0,0,-0,0,4,0,0,Q99ZW2,,,false,Q99ZW2,Q99ZW2,,false,EDIQKAQVSGQGDSLHEHIANLAGSPAIK,RNSDKLIAR,706,1114,29,9,5,5,710,1118,4,,-1,-0.03009,-0.03009,9.293526,false,true,false,false,Self ,0.046832,0.04732,2.002012,,0,0,0,0,0,28,1268,0,
Scan: 430332 Run: DIA12_CV486075:20251228_A2_N1_Mueller_MS_TechHub_IMP_THIDDIAXL003_Cas9_PhoX_DIA12_CV486075_250ng_FAIMS_001 P1_VKYVTEGMR P2_KLINGIR 2 1,DIA12_CV486075:20251228_A2_N1_Mueller_MS_TechHub_IMP_THIDDIAXL003_Cas9_PhoX_DIA12_CV486075_250ng_FAIMS_001,430332,,,0,0,-0,0,3,0,0,Q99ZW2,,,false,Q99ZW2,Q99ZW2,,false,KLINGIR,VKYVTEGMR,665,527,7,9,1,2,665,528,3,,-1,-0.030095,-0.030095,9.293513,false,true,false,false,Self ,0.046832,0.047322,2.002012,,0.057588,0,0,0.064688,0,27,23,0,
Scan: 15160 Run: DIA12_CV486075:20251228_A2_N1_Mueller_MS_TechHub_IMP_THIDDIAXL003_Cas9_PhoX_DIA12_CV486075_250ng_FAIMS_001 P1_SEQEIGKATAK P2_LKGSPEDNEQK 7 2,DIA12_CV486075:20251228_A2_N1_Mueller_MS_TechHub_IMP_THIDDIAXL003_Cas9_PhoX_DIA12_CV486075_250ng_FAIMS_001,15160,,,0,0,-0,0,3,0,0,Q99ZW2,,,false,Q99ZW2,Q99ZW2,,false,LKGSPEDNEQK,SEQEIGKATAK,1245,1025,11,11,2,7,1246,1031,3,,-1,-0.030137,-0.030137,9.293408,false,true,false,false,Self ,0.046832,0.047333,2.002012,,0.057588,0,0,0.064688,0,26,22,0,
Scan: 1632545 Run: DIA12_CV486075:20251228_A2_N1_Mueller_MS_TechHub_IMP_THIDDIAXL003_Cas9_PhoX_DIA12_CV486075_250ng_FAIMS_003 P1_KSEETITPWNFEEVVDKGASAQSFIER P2_DKQSGK 17 2,DIA12_CV486075:20251228_A2_N1_Mueller_MS_TechHub_IMP_THIDDIAXL003_Cas9_PhoX_DIA12_CV486075_250ng_FAIMS_003,1632545,,,0,0,-0,0,4,0,0,Q99ZW2,,,false,Q99ZW2,Q99ZW2,,false,DKQSGK,KSEETITPWNFEEVVDKGASAQSFIER,672,468,6,27,2,17,673,484,4,,-1,-0.030274,-0.030274,9.293067,false,true,false,false,Self ,0.046832,0.047371,2.001341,,0.057588,0,0,0.064688,0,25,21,0,
Scan: 1272590 Run: DIA12_CV486075:20251228_A2_N1_Mueller_MS_TechHub_IMP_THIDDIAXL003_Cas9_PhoX_DIA12_CV486075_250ng_FAIMS_003 P1_MTNFDKNLPNEK P2_LEESFLVEEDKKHER 6 11,DIA12_CV486075:20251228_A2_N1_Mueller_MS_TechHub_IMP_THIDDIAXL003_Cas9_PhoX_DIA12_CV486075_250ng_FAIMS_003,1272590,,,0,0,-0,0,5,0,0,Q99ZW2,,,false,Q99ZW2,Q99ZW2,,false,LEESFLVEEDKKHER,MTNFDKNLPNEK,101,495,15,12,11,6,111,500,5,,-1,-0.030291,-0.030291,9.293023,false,true,false,false,Self ,0.046832,0.047376,2.001341,,0.057588,0,0,0.064688,0,24,20,0,
Scan: 1317385 Run: DIA12_CV486075:20251228_A2_N1_Mueller_MS_TechHub_IMP_THIDDIAXL003_Cas9_PhoX_DIA12_CV486075_250ng_FAIMS_003 P1_YGKAELFDIPNK P2_IEKILTFR 3 3,DIA12_CV486075:20251228_A2_N1_Mueller_MS_TechHub_IMP_THIDDIAXL003_Cas9_PhoX_DIA12_CV486075_250ng_FAIMS_003,1317385,,,0,0,-0,0,3,0,0,Q99ZW2,,,false,decoy:Q99ZW2,decoy:Q99ZW2,decoy,true,IEKILTFR,YGKAELFDIPNK,440,1177,8,12,3,3,442,1179,3,,-1,-0.030318,-0.030318,9.292956,true,false,true,false,Self ,0.047383,0.047736,2.002685,,0.058266,0,1,0.065449,1,23,19,2,
Scan: 1558676 Run: DIA12_CV486075:20251228_A2_N1_Mueller_MS_TechHub_IMP_THIDDIAXL003_Cas9_PhoX_DIA12_CV486075_250ng_FAIMS_003 P1_VLPKHSLLYEYFTVYNELTK P2_EIFSQASAGKDVVEEFNWPTITEESR 4 10,DIA12_CV486075:20251228_A2_N1_Mueller_MS_TechHub_IMP_THIDDIAXL003_Cas9_PhoX_DIA12_CV486075_250ng_FAIMS_003,1558676,,,0,0,-0,0,5,0,0,decoy:Q99ZW2,decoy:,decoy,true,Q99ZW2,Q99ZW2,,false,EIFSQASAGKDVVEEFNWPTITEESR,VLPKHSLLYEYFTVYNELTK,469,507,26,20,10,4,478,510,5,,-1,-0.030465,-0.030465,9.292588,true,false,true,false,Self ,0.047802,0.047559,2.002685,,0.058744,1,0,0.066009,1,22,18,2,
Scan: 1767519 Run: DIA12_CV486075:20251228_A2_N1_Mueller_MS_TechHub_IMP_THIDDIAXL003_Cas9_PhoX_DIA12_CV486075_250ng_FAIMS_003 P1_QITKHVAQILDSR P2_NLPNEKVLPK 4 6,DIA12_CV486075:20251228_A2_N1_Mueller_MS_TechHub_IMP_THIDDIAXL003_Cas9_PhoX_DIA12_CV486075_250ng_FAIMS_003,1767519,,,0,0,-0,0,4,0,0,Q99ZW2,,,false,Q99ZW2,Q99ZW2,,false,NLPNEKVLPK,QITKHVAQILDSR,501,926,10,13,6,4,506,929,4,,-1,-0.030495,-0.030495,9.292512,false,true,false,false,Self ,0.047802,0.047826,2.00403,,0.058744,0,0,0.066009,0,21,17,0,
Scan: 79157 Run: DIA12_CV486075:20251228_A2_N1_Mueller_MS_TechHub_IMP_THIDDIAXL003_Cas9_PhoX_DIA12_CV486075_250ng_FAIMS_001 P1_IEKILTFR P2_ESILPKR 3 6,DIA12_CV486075:20251228_A2_N1_Mueller_MS_TechHub_IMP_THIDDIAXL003_Cas9_PhoX_DIA12_CV486075_250ng_FAIMS_001,79157,,,0,0,-0,0,3,0,0,Q99ZW2,,,false,Q99ZW2,Q99ZW2,,false,ESILPKR,IEKILTFR,1108,440,7,8,6,3,1113,442,3,,-1,-0.030665,-0.030665,9.292088,false,true,false,false,Self ,0.047802,0.04796,2.004704,,0.058744,0,0,0,0,20,16,0,
Scan: 1711500 Run: DIA12_CV486075:20251228_A2_N1_Mueller_MS_TechHub_IMP_THIDDIAXL003_Cas9_PhoX_DIA12_CV486075_250ng_FAIMS_003 P1_KFDNLTK P2_IEEGIKELGSQILK 1 6,DIA12_CV486075:20251228_A2_N1_Mueller_MS_TechHub_IMP_THIDDIAXL003_Cas9_PhoX_DIA12_CV486075_250ng_FAIMS_003,1711500,,,0,0,-0,0,4,0,0,Q99ZW2,,,false,Q99ZW2,Q99ZW2,,false,IEEGIKELGSQILK,KFDNLTK,784,896,14,7,6,1,789,896,4,,-1,-0.030842,-0.030842,9.291647,false,true,false,false,Self ,0.047802,0.048099,2.006052,,0.058744,0,0,0.066009,0,19,15,0,
Scan: 568016 Run: DIA12_CV486075:20251228_A2_N1_Mueller_MS_TechHub_IMP_THIDDIAXL003_Cas9_PhoX_DIA12_CV486075_250ng_FAIMS_001 P1_SEETITPWNFEEVVDKGASAQSFIER P2_GGLSELDKAGFIK 16 8,DIA12_CV486075:20251228_A2_N1_Mueller_MS_TechHub_IMP_THIDDIAXL003_Cas9_PhoX_DIA12_CV486075_250ng_FAIMS_001,568016,,,0,0,-0,0,4,0,0,Q99ZW2,,,false,Q99ZW2,Q99ZW2,,false,GGLSELDKAGFIK,SEETITPWNFEEVVDKGASAQSFIER,906,469,13,26,8,16,913,484,4,,-1,-0.030865,-0.030865,9.29159,false,true,false,false,Self ,0.047802,0.048117,2.006052,,0.058744,0,0,0.066009,0,18,14,0,
Scan: 854031 Run: DIA12_CV486075:20251228_A2_N1_Mueller_MS_TechHub_IMP_THIDDIAXL003_Cas9_PhoX_DIA12_CV486075_250ng_FAIMS_002 P1_YKEIFFDQSK P2_KFKVLGNTDR 2 1,DIA12_CV486075:20251228_A2_N1_Mueller_MS_TechHub_IMP_THIDDIAXL003_Cas9_PhoX_DIA12_CV486075_250ng_FAIMS_002,854031,,,0,0,-0,0,3,0,0,Q99ZW2,,,false,Q99ZW2,Q99ZW2,,false,KFKVLGNTDR,YKEIFFDQSK,31,347,10,10,1,2,31,348,3,,-1,-0.030914,-0.030914,9.291467,false,true,false,false,Self ,0.047802,0.048156,2.006052,,0.058744,0,0,0.066009,0,17,13,0,
Scan: 685061 Run: DIA12_CV486075:20251228_A2_N1_Mueller_MS_TechHub_IMP_THIDDIAXL003_Cas9_PhoX_DIA12_CV486075_250ng_FAIMS_002 P1_SNFDLAEDAKLQLSK P2_AILKDSNR 10 4,DIA12_CV486075:20251228_A2_N1_Mueller_MS_TechHub_IMP_THIDDIAXL003_Cas9_PhoX_DIA12_CV486075_250ng_FAIMS_002,685061,,,0,0,-0,0,3,0,0,decoy:Q99ZW2,decoy:,decoy,true,Q99ZW2,Q99ZW2,,false,AILKDSNR,SNFDLAEDAKLQLSK,1115,254,8,15,4,10,1118,263,3,,-1,-0.031061,-0.031061,9.291099,true,false,true,false,Self ,0.048272,0.048241,2.008754,,0.059339,1,0,0.066667,1,16,12,2,
Scan: 515883 Run: DIA12_CV486075:20251228_A2_N1_Mueller_MS_TechHub_IMP_THIDDIAXL003_Cas9_PhoX_DIA12_CV486075_250ng_FAIMS_001 P1_KGILQTVK P2_IEEGIKELGSQILK 1 6,DIA12_CV486075:20251228_A2_N1_Mueller_MS_TechHub_IMP_THIDDIAXL003_Cas9_PhoX_DIA12_CV486075_250ng_FAIMS_001,515883,,,0,0,-0,0,4,0,0,Q99ZW2,,,false,Q99ZW2,Q99ZW2,,false,IEEGIKELGSQILK,KGILQTVK,784,735,14,8,6,1,789,735,4,,-1,-0.031296,-0.031296,9.29051,false,true,false,false,Self ,0.048272,0.048433,2.010108,,0.059339,0,0,0.066667,0,15,11,0,
Scan: 510133 Run: DIA12_CV486075:20251228_A2_N1_Mueller_MS_TechHub_IMP_THIDDIAXL003_Cas9_PhoX_DIA12_CV486075_250ng_FAIMS_001 P1_VTVKQLK P2_ENQTTQKGQK 4 7,DIA12_CV486075:20251228_A2_N1_Mueller_MS_TechHub_IMP_THIDDIAXL003_Cas9_PhoX_DIA12_CV486075_250ng_FAIMS_001,510133,,,0,0,-0,0,3,0,0,Q99ZW2,,,false,Q99ZW2,Q99ZW2,,false,ENQTTQKGQK,VTVKQLK,766,559,10,7,7,4,772,562,3,,-1,-0.031623,-0.031623,9.289694,false,true,false,false,Self ,0.048272,0.048657,2.010108,,0.059339,0,0,0.066667,0,14,10,0,
Scan: 1572390 Run: DIA12_CV486075:20251228_A2_N1_Mueller_MS_TechHub_IMP_THIDDIAXL003_Cas9_PhoX_DIA12_CV486075_250ng_FAIMS_003 P1_KVLSMPQVNIVK P2_KPAFLSGEQK 1 1,DIA12_CV486075:20251228_A2_N1_Mueller_MS_TechHub_IMP_THIDDIAXL003_Cas9_PhoX_DIA12_CV486075_250ng_FAIMS_003,1572390,,,0,0,-0,0,3,0,0,Q99ZW2,,,false,Q99ZW2,Q99ZW2,,false,KPAFLSGEQK,KVLSMPQVNIVK,536,1085,10,12,1,1,536,1085,3,,-1,-0.031628,-0.031628,9.289681,false,true,false,false,Self ,0.048272,0.048661,2.010108,,0,0,0,0,0,13,1267,0,
Scan: 116604 Run: DIA12_CV486075:20251228_A2_N1_Mueller_MS_TechHub_IMP_THIDDIAXL003_Cas9_PhoX_DIA12_CV486075_250ng_FAIMS_001 P1_SSFEKNPIDFLEAK P2_EIFSQASAGKDVVEEFNWPTITEESR 5 10,DIA12_CV486075:20251228_A2_N1_Mueller_MS_TechHub_IMP_THIDDIAXL003_Cas9_PhoX_DIA12_CV486075_250ng_FAIMS_001,116604,,,0,0,-0,0,4,0,0,decoy:Q99ZW2,decoy:,decoy,true,Q99ZW2,Q99ZW2,,false,EIFSQASAGKDVVEEFNWPTITEESR,SSFEKNPIDFLEAK,469,1172,26,14,10,5,478,1176,4,,-1,-0.031666,-0.031666,9.289586,true,false,true,false,Self ,0.048687,0.048853,2.010108,,0.059852,1,0,0.067221,1,12,9,2,
Scan: 231333 Run: DIA12_CV486075:20251228_A2_N1_Mueller_MS_TechHub_IMP_THIDDIAXL003_Cas9_PhoX_DIA12_CV486075_250ng_FAIMS_001 P1_VNTEITKAPLSASMIK P2_VKYVTEGMR 7 2,DIA12_CV486075:20251228_A2_N1_Mueller_MS_TechHub_IMP_THIDDIAXL003_Cas9_PhoX_DIA12_CV486075_250ng_FAIMS_001,231333,,,0,0,-0,0,3,0,0,Q99ZW2,,,false,Q99ZW2,Q99ZW2,,false,VKYVTEGMR,VNTEITKAPLSASMIK,527,308,9,16,2,7,528,314,3,,-1,-0.031732,-0.031732,9.289422,false,true,false,false,Self ,0.048687,0.048782,2.010108,,0.059852,0,0,0.067221,0,11,8,0,
Scan: 885451 Run: DIA12_CV486075:20251228_A2_N1_Mueller_MS_TechHub_IMP_THIDDIAXL003_Cas9_PhoX_DIA12_CV486075_250ng_FAIMS_002 P1_QEDFYPFLKDNR P2_KTEVQTGGFSK 9 1,DIA12_CV486075:20251228_A2_N1_Mueller_MS_TechHub_IMP_THIDDIAXL003_Cas9_PhoX_DIA12_CV486075_250ng_FAIMS_002,885451,,,0,0,-0,0,4,0,0,Q99ZW2,,,false,Q99ZW2,Q99ZW2,,false,KTEVQTGGFSK,QEDFYPFLKDNR,1097,426,11,12,1,9,1097,434,4,,-1,-0.031755,-0.031755,9.289363,false,true,false,false,Self ,0.048687,0.048816,2.010108,,0.059852,0,0,0.067221,0,10,7,0,
Scan: 801126 Run: DIA12_CV486075:20251228_A2_N1_Mueller_MS_TechHub_IMP_THIDDIAXL003_Cas9_PhoX_DIA12_CV486075_250ng_FAIMS_002 P1_KLVDSTDK P2_GYKEVK 1 3,DIA12_CV486075:20251228_A2_N1_Mueller_MS_TechHub_IMP_THIDDIAXL003_Cas9_PhoX_DIA12_CV486075_250ng_FAIMS_002,801126,,,0,0,-0,0,3,0,0,Q99ZW2,,,false,Q99ZW2,Q99ZW2,,false,GYKEVK,KLVDSTDK,1186,141,6,8,3,1,1188,141,3,,-1,-0.031855,-0.031855,9.289115,false,true,false,false,Self ,0.048687,0.04896,2.012821,,0.059852,0,0,0.067221,0,9,6,0,
Scan: 946117 Run: DIA12_CV486075:20251228_A2_N1_Mueller_MS_TechHub_IMP_THIDDIAXL003_Cas9_PhoX_DIA12_CV486075_250ng_FAIMS_002 P1_SEETITPWNFEEVVDKGASAQSFIER P2_LKTYAHLFDDK 16 2,DIA12_CV486075:20251228_A2_N1_Mueller_MS_TechHub_IMP_THIDDIAXL003_Cas9_PhoX_DIA12_CV486075_250ng_FAIMS_002,946117,,,0,0,-0,0,4,0,0,Q99ZW2,,,false,Q99ZW2,Q99ZW2,,false,LKTYAHLFDDK,SEETITPWNFEEVVDKGASAQSFIER,636,469,11,26,2,16,637,484,4,,-1,-0.031909,-0.031909,9.288979,false,true,false,false,Self ,0.048687,0.049039,2.012821,,0.059852,0,0,0.067221,0,8,5,0,
Scan: 437248 Run: DIA12_CV486075:20251228_A2_N1_Mueller_MS_TechHub_IMP_THIDDIAXL003_Cas9_PhoX_DIA12_CV486075_250ng_FAIMS_001 P1_RNSDKLIAR P2_DKQSGK 5 2,DIA12_CV486075:20251228_A2_N1_Mueller_MS_TechHub_IMP_THIDDIAXL003_Cas9_PhoX_DIA12_CV486075_250ng_FAIMS_001,437248,,,0,0,-0,0,3,0,0,Q99ZW2,,,false,Q99ZW2,Q99ZW2,,false,DKQSGK,RNSDKLIAR,672,1114,6,9,2,5,673,1118,3,,-1,-0.031938,-0.031938,9.288906,false,true,false,false,Self ,0.048687,0.049081,2.012821,,0,0,0,0,0,7,836,0,
Scan: 89817 Run: DIA12_CV486075:20251228_A2_N1_Mueller_MS_TechHub_IMP_THIDDIAXL003_Cas9_PhoX_DIA12_CV486075_250ng_FAIMS_001 P1_KPAFLSGEQK P2_AILKDSNR 1 4,DIA12_CV486075:20251228_A2_N1_Mueller_MS_TechHub_IMP_THIDDIAXL003_Cas9_PhoX_DIA12_CV486075_250ng_FAIMS_001,89817,,,0,0,-0,0,3,0,0,decoy:Q99ZW2,decoy:,decoy,true,Q99ZW2,Q99ZW2,,false,AILKDSNR,KPAFLSGEQK,1115,536,8,10,4,1,1118,536,3,,-1,-0.032007,-0.032007,9.288735,true,false,true,false,Self ,0.04918,0.049056,2.01418,,0.060484,1,0,0.067925,1,6,4,2,
Scan: 1573384 Run: DIA12_CV486075:20251228_A2_N1_Mueller_MS_TechHub_IMP_THIDDIAXL003_Cas9_PhoX_DIA12_CV486075_250ng_FAIMS_003 P1_KPAFLSGEQK P2_KDWDPK 1 1,DIA12_CV486075:20251228_A2_N1_Mueller_MS_TechHub_IMP_THIDDIAXL003_Cas9_PhoX_DIA12_CV486075_250ng_FAIMS_003,1573384,,,0,0,-0,0,3,0,0,Q99ZW2,,,false,Q99ZW2,Q99ZW2,,false,KDWDPK,KPAFLSGEQK,1124,536,6,10,1,1,1124,536,3,,-1,-0.032226,-0.032226,9.288187,false,true,false,false,Self ,0.04918,0.049368,2.015541,,0,0,0,0,0,5,1270,0,
Scan: 1330036 Run: DIA12_CV486075:20251228_A2_N1_Mueller_MS_TechHub_IMP_THIDDIAXL003_Cas9_PhoX_DIA12_CV486075_250ng_FAIMS_003 P1_KLINGIR P2_GYKEVK 1 3,DIA12_CV486075:20251228_A2_N1_Mueller_MS_TechHub_IMP_THIDDIAXL003_Cas9_PhoX_DIA12_CV486075_250ng_FAIMS_003,1330036,,,0,0,-0,0,3,0,0,Q99ZW2,,,false,Q99ZW2,Q99ZW2,,false,GYKEVK,KLINGIR,1186,665,6,7,3,1,1188,665,3,,-1,-0.032318,-0.032318,9.287957,false,true,false,false,Self ,0.04918,0.049446,2.014865,,0.060484,0,0,0.067925,0,4,3,0,
Scan: 1692896 Run: DIA12_CV486075:20251228_A2_N1_Mueller_MS_TechHub_IMP_THIDDIAXL003_Cas9_PhoX_DIA12_CV486075_250ng_FAIMS_003 P1_VLEDVVKVTQLIGK P2_EHPVENTQLQNEKLYLYYLQNGR 7 13,DIA12_CV486075:20251228_A2_N1_Mueller_MS_TechHub_IMP_THIDDIAXL003_Cas9_PhoX_DIA12_CV486075_250ng_FAIMS_003,1692896,,,0,0,-0,0,5,0,0,Q99ZW2,,,false,decoy:Q99ZW2,decoy:Q99ZW2,decoy,true,EHPVENTQLQNEKLYLYYLQNGR,VLEDVVKVTQLIGK,798,736,23,14,13,7,810,742,5,,-1,-0.032551,-0.032551,9.287374,true,false,true,false,Self ,0.049645,0.04918,2.014865,,0.061074,0,1,0.068576,1,3,2,2,
Scan: 733813 Run: DIA12_CV486075:20251228_A2_N1_Mueller_MS_TechHub_IMP_THIDDIAXL003_Cas9_PhoX_DIA12_CV486075_250ng_FAIMS_002 P1_VTVKQLK P2_KDLIIK 4 1,DIA12_CV486075:20251228_A2_N1_Mueller_MS_TechHub_IMP_THIDDIAXL003_Cas9_PhoX_DIA12_CV486075_250ng_FAIMS_002,733813,,,0,0,-0,0,3,0,0,Q99ZW2,,,false,Q99ZW2,Q99ZW2,,false,KDLIIK,VTVKQLK,1192,559,6,7,1,4,1192,562,3,,-1,-0.032589,-0.032589,9.287279,false,true,false,false,Self ,0.049645,0.049645,2.014865,,0.061074,0,0,0.068576,0,2,1,0,
Scan: 345216 Run: DIA12_CV486075:20251228_A2_N1_Mueller_MS_TechHub_IMP_THIDDIAXL003_Cas9_PhoX_DIA12_CV486075_250ng_FAIMS_001 P1_SEETITPWNFEEVVDKGASAQSFIER P2_EKIEKILTFR 16 5,DIA12_CV486075:20251228_A2_N1_Mueller_MS_TechHub_IMP_THIDDIAXL003_Cas9_PhoX_DIA12_CV486075_250ng_FAIMS_001,345216,,,0,0,-0,0,5,0,0,Q99ZW2,,,false,Q99ZW2,Q99ZW2,,false,EKIEKILTFR,SEETITPWNFEEVVDKGASAQSFIER,438,469,10,26,5,16,442,484,5,,-1,-0.032682,-0.032682,9.287046,false,true,false,false,Self ,0.049645,0.049645,2.014865,,0,0,0,0,0,1,1152,0,
Scan: 491916 Run: DIA12_CV486075:20251228_A2_N1_Mueller_MS_TechHub_IMP_THIDDIAXL003_Cas9_PhoX_DIA12_CV486075_250ng_FAIMS_001 P1_YDEHHQDLTLLKALVR P2_GILQTVKVVDELVK 12 7,DIA12_CV486075:20251228_A2_N1_Mueller_MS_TechHub_IMP_THIDDIAXL003_Cas9_PhoX_DIA12_CV486075_250ng_FAIMS_001,491916,,,0,0,-0,0,5,0,0,Q99ZW2,,,false,Q99ZW2,Q99ZW2,,false,GILQTVKVVDELVK,YDEHHQDLTLLKALVR,736,325,14,16,7,12,742,336,5,,-1,-0.032708,-0.032708,9.28698,false,true,false,false,Self ,0.049645,0.049645,2.014865,,0.061074,0,0,0.068576,0,0,0,0,
