[PSMID, RunName, ScanNumber, PeakListFileName, ScanId, Protein1, Name1, Description1, Decoy 1, Protein2, Name2, Description2, Decoy 2, PepSeq1, PepSeq2, PepPos1, PepPos2, LinkPos1, LinkPos2, ProteinSite1, ProteinSite2, Crosslinker, CrosslinkerModMass, Charge, ExpMz, CalcMz, Score, DIA12_CV48:20251228_A2_N1_Mueller_MS_TechHub_IMP_THIDDIAXL003_Cas9_PhoX_DIA12_CV48_250ng_FAIMS_002, DIA12_CV48:20251228_A2_N1_Mueller_MS_TechHub_IMP_THIDDIAXL003_Cas9_PhoX_DIA12_CV48_250ng_FAIMS_001, DIA12_CV48:20251228_A2_N1_Mueller_MS_TechHub_IMP_THIDDIAXL003_Cas9_PhoX_DIA12_CV48_250ng_FAIMS_003]
Scan: 1495625 Run: DIA12_CV48:20251228_A2_N1_Mueller_MS_TechHub_IMP_THIDDIAXL003_Cas9_PhoX_DIA12_CV48_250ng_FAIMS_003 P1_SSFEKNPIDFLEAK P2_KSEETITPWNFEEVVDK 5 1,DIA12_CV48:20251228_A2_N1_Mueller_MS_TechHub_IMP_THIDDIAXL003_Cas9_PhoX_DIA12_CV48_250ng_FAIMS_003,1495625,,,Q99ZW2,,,false,Q99ZW2,Q99ZW2,,false,KSEETITPWNFEEVVDK,SSFEKNPIDFLEAK,468,1172,1,5,468,1176,,-1,4,0,1.007276,6.726686
Scan: 1501828 Run: DIA12_CV48:20251228_A2_N1_Mueller_MS_TechHub_IMP_THIDDIAXL003_Cas9_PhoX_DIA12_CV48_250ng_FAIMS_003 P1_KSEETITPWNFEEVVDK P2_KSEETITPWNFEEVVDK 1 1,DIA12_CV48:20251228_A2_N1_Mueller_MS_TechHub_IMP_THIDDIAXL003_Cas9_PhoX_DIA12_CV48_250ng_FAIMS_003,1501828,,,Q99ZW2,,,false,Q99ZW2,Q99ZW2,,false,KSEETITPWNFEEVVDK,KSEETITPWNFEEVVDK,468,468,1,1,468,468,,-1,4,0,1.007276,6.612578
Scan: 904667 Run: DIA12_CV48:20251228_A2_N1_Mueller_MS_TechHub_IMP_THIDDIAXL003_Cas9_PhoX_DIA12_CV48_250ng_FAIMS_002 P1_KSEETITPWNFEEVVDK P2_KNLIGALLFDSGETAEATR 1 1,DIA12_CV48:20251228_A2_N1_Mueller_MS_TechHub_IMP_THIDDIAXL003_Cas9_PhoX_DIA12_CV48_250ng_FAIMS_002,904667,,,Q99ZW2,,,false,Q99ZW2,Q99ZW2,,false,KNLIGALLFDSGETAEATR,KSEETITPWNFEEVVDK,45,468,1,1,45,468,,-1,4,0,1.007276,6.583113
Scan: 305979 Run: DIA12_CV48:20251228_A2_N1_Mueller_MS_TechHub_IMP_THIDDIAXL003_Cas9_PhoX_DIA12_CV48_250ng_FAIMS_001 P1_RQEDFYPFLKDNR P2_KSEETITPWNFEEVVDK 10 1,DIA12_CV48:20251228_A2_N1_Mueller_MS_TechHub_IMP_THIDDIAXL003_Cas9_PhoX_DIA12_CV48_250ng_FAIMS_001,305979,,,Q99ZW2,,,false,Q99ZW2,Q99ZW2,,false,KSEETITPWNFEEVVDK,RQEDFYPFLKDNR,468,425,1,10,468,434,,-1,4,0,1.007276,6.506268
Scan: 1054588 Run: DIA12_CV48:20251228_A2_N1_Mueller_MS_TechHub_IMP_THIDDIAXL003_Cas9_PhoX_DIA12_CV48_250ng_FAIMS_002 P1_KSEETITPWNFEEVVDK P2_EDIQKAQVSGQGDSLHEHIANLAGSPAIK 1 5,DIA12_CV48:20251228_A2_N1_Mueller_MS_TechHub_IMP_THIDDIAXL003_Cas9_PhoX_DIA12_CV48_250ng_FAIMS_002,1054588,,,Q99ZW2,,,false,Q99ZW2,Q99ZW2,,false,EDIQKAQVSGQGDSLHEHIANLAGSPAIK,KSEETITPWNFEEVVDK,706,468,5,1,710,468,,-1,5,0,1.007276,6.47722
Scan: 741111 Run: DIA12_CV48:20251228_A2_N1_Mueller_MS_TechHub_IMP_THIDDIAXL003_Cas9_PhoX_DIA12_CV48_250ng_FAIMS_002 P1_LPKYSLFELENGR P2_KYGGFDSPTVAYSVLVVAK 3 1,DIA12_CV48:20251228_A2_N1_Mueller_MS_TechHub_IMP_THIDDIAXL003_Cas9_PhoX_DIA12_CV48_250ng_FAIMS_002,741111,,,Q99ZW2,,,false,Q99ZW2,Q99ZW2,,false,KYGGFDSPTVAYSVLVVAK,LPKYSLFELENGR,1130,1198,1,3,1130,1200,,-1,4,0,1.007276,6.45921
Scan: 346646 Run: DIA12_CV48:20251228_A2_N1_Mueller_MS_TechHub_IMP_THIDDIAXL003_Cas9_PhoX_DIA12_CV48_250ng_FAIMS_001 P1_VLPKHSLLYEYFTVYNELTK P2_KSEETITPWNFEEVVDKGASAQSFIER 4 17,DIA12_CV48:20251228_A2_N1_Mueller_MS_TechHub_IMP_THIDDIAXL003_Cas9_PhoX_DIA12_CV48_250ng_FAIMS_001,346646,,,Q99ZW2,,,false,Q99ZW2,Q99ZW2,,false,KSEETITPWNFEEVVDKGASAQSFIER,VLPKHSLLYEYFTVYNELTK,468,507,17,4,484,510,,-1,5,0,1.007276,6.267796
Scan: 1313921 Run: DIA12_CV48:20251228_A2_N1_Mueller_MS_TechHub_IMP_THIDDIAXL003_Cas9_PhoX_DIA12_CV48_250ng_FAIMS_003 P1_SSFEKNPIDFLEAK P2_EDIQKAQVSGQGDSLHEHIANLAGSPAIK 5 5,DIA12_CV48:20251228_A2_N1_Mueller_MS_TechHub_IMP_THIDDIAXL003_Cas9_PhoX_DIA12_CV48_250ng_FAIMS_003,1313921,,,Q99ZW2,,,false,Q99ZW2,Q99ZW2,,false,EDIQKAQVSGQGDSLHEHIANLAGSPAIK,SSFEKNPIDFLEAK,706,1172,5,5,710,1176,,-1,5,0,1.007276,6.205762
Scan: 1740349 Run: DIA12_CV48:20251228_A2_N1_Mueller_MS_TechHub_IMP_THIDDIAXL003_Cas9_PhoX_DIA12_CV48_250ng_FAIMS_003 P1_KPAFLSGEQK P2_GKSDNVPSEEVVK 1 2,DIA12_CV48:20251228_A2_N1_Mueller_MS_TechHub_IMP_THIDDIAXL003_Cas9_PhoX_DIA12_CV48_250ng_FAIMS_003,1740349,,,Q99ZW2,,,false,Q99ZW2,Q99ZW2,,false,GKSDNVPSEEVVK,KPAFLSGEQK,865,536,2,1,866,536,,-1,3,0,1.007276,6.087471
Scan: 376379 Run: DIA12_CV48:20251228_A2_N1_Mueller_MS_TechHub_IMP_THIDDIAXL003_Cas9_PhoX_DIA12_CV48_250ng_FAIMS_001 P1_LESEFVYGDYKVYDVR P2_KPAFLSGEQK 11 1,DIA12_CV48:20251228_A2_N1_Mueller_MS_TechHub_IMP_THIDDIAXL003_Cas9_PhoX_DIA12_CV48_250ng_FAIMS_001,376379,,,Q99ZW2,,,false,Q99ZW2,Q99ZW2,,false,KPAFLSGEQK,LESEFVYGDYKVYDVR,536,1004,1,11,536,1014,,-1,4,0,1.007276,6.071474
Scan: 415262 Run: DIA12_CV48:20251228_A2_N1_Mueller_MS_TechHub_IMP_THIDDIAXL003_Cas9_PhoX_DIA12_CV48_250ng_FAIMS_001 P1_KPAFLSGEQK P2_KIECFDSVEISGVEDR 1 1,DIA12_CV48:20251228_A2_N1_Mueller_MS_TechHub_IMP_THIDDIAXL003_Cas9_PhoX_DIA12_CV48_250ng_FAIMS_001,415262,,,Q99ZW2,,,false,Q99ZW2,Q99ZW2,,false,KIECFDSVEISGVEDR,KPAFLSGEQK,571,536,1,1,571,536,,-1,3,0,1.007276,6.017278
Scan: 761700 Run: DIA12_CV48:20251228_A2_N1_Mueller_MS_TechHub_IMP_THIDDIAXL003_Cas9_PhoX_DIA12_CV48_250ng_FAIMS_002 P1_SKLVSDFR P2_LKGSPEDNEQK 2 2,DIA12_CV48:20251228_A2_N1_Mueller_MS_TechHub_IMP_THIDDIAXL003_Cas9_PhoX_DIA12_CV48_250ng_FAIMS_002,761700,,,Q99ZW2,,,false,Q99ZW2,Q99ZW2,,false,LKGSPEDNEQK,SKLVSDFR,1245,960,2,2,1246,961,,-1,3,0,1.007276,5.976577
Scan: 1578161 Run: DIA12_CV48:20251228_A2_N1_Mueller_MS_TechHub_IMP_THIDDIAXL003_Cas9_PhoX_DIA12_CV48_250ng_FAIMS_003 P1_VLPKHSLLYEYFTVYNELTKVKYVTEGMR P2_KPAFLSGEQK 20 1,DIA12_CV48:20251228_A2_N1_Mueller_MS_TechHub_IMP_THIDDIAXL003_Cas9_PhoX_DIA12_CV48_250ng_FAIMS_003,1578161,,,Q99ZW2,,,false,Q99ZW2,Q99ZW2,,false,KPAFLSGEQK,VLPKHSLLYEYFTVYNELTKVKYVTEGMR,536,507,1,20,536,526,,-1,5,0,1.007276,5.972101
Scan: 66749 Run: DIA12_CV48:20251228_A2_N1_Mueller_MS_TechHub_IMP_THIDDIAXL003_Cas9_PhoX_DIA12_CV48_250ng_FAIMS_001 P1_SSFEKNPIDFLEAK P2_KTEVQTGGFSKESILPK 5 11,DIA12_CV48:20251228_A2_N1_Mueller_MS_TechHub_IMP_THIDDIAXL003_Cas9_PhoX_DIA12_CV48_250ng_FAIMS_001,66749,,,Q99ZW2,,,false,Q99ZW2,Q99ZW2,,false,KTEVQTGGFSKESILPK,SSFEKNPIDFLEAK,1097,1172,11,5,1107,1176,,-1,5,0,1.007276,5.9434
Scan: 1359037 Run: DIA12_CV48:20251228_A2_N1_Mueller_MS_TechHub_IMP_THIDDIAXL003_Cas9_PhoX_DIA12_CV48_250ng_FAIMS_003 P1_LKGSPEDNEQK P2_KDFQFYK 2 1,DIA12_CV48:20251228_A2_N1_Mueller_MS_TechHub_IMP_THIDDIAXL003_Cas9_PhoX_DIA12_CV48_250ng_FAIMS_003,1359037,,,Q99ZW2,,,false,Q99ZW2,Q99ZW2,,false,KDFQFYK,LKGSPEDNEQK,968,1245,1,2,968,1246,,-1,3,0,1.007276,5.916919
Scan: 1443525 Run: DIA12_CV48:20251228_A2_N1_Mueller_MS_TechHub_IMP_THIDDIAXL003_Cas9_PhoX_DIA12_CV48_250ng_FAIMS_003 P1_YKEIFFDQSK P2_YDEHHQDLTLLKALVR 2 12,DIA12_CV48:20251228_A2_N1_Mueller_MS_TechHub_IMP_THIDDIAXL003_Cas9_PhoX_DIA12_CV48_250ng_FAIMS_003,1443525,,,Q99ZW2,,,false,Q99ZW2,Q99ZW2,,false,YDEHHQDLTLLKALVR,YKEIFFDQSK,325,347,12,2,336,348,,-1,4,0,1.007276,5.90848
Scan: 1653200 Run: DIA12_CV48:20251228_A2_N1_Mueller_MS_TechHub_IMP_THIDDIAXL003_Cas9_PhoX_DIA12_CV48_250ng_FAIMS_003 P1_KLINGIR P2_EDIQKAQVSGQGDSLHEHIANLAGSPAIK 1 5,DIA12_CV48:20251228_A2_N1_Mueller_MS_TechHub_IMP_THIDDIAXL003_Cas9_PhoX_DIA12_CV48_250ng_FAIMS_003,1653200,,,Q99ZW2,,,false,Q99ZW2,Q99ZW2,,false,EDIQKAQVSGQGDSLHEHIANLAGSPAIK,KLINGIR,706,665,5,1,710,665,,-1,5,0,1.007276,5.880165
Scan: 142351 Run: DIA12_CV48:20251228_A2_N1_Mueller_MS_TechHub_IMP_THIDDIAXL003_Cas9_PhoX_DIA12_CV48_250ng_FAIMS_001 P1_LPKYSLFELENGR P2_KTEVQTGGFSKESILPK 3 11,DIA12_CV48:20251228_A2_N1_Mueller_MS_TechHub_IMP_THIDDIAXL003_Cas9_PhoX_DIA12_CV48_250ng_FAIMS_001,142351,,,Q99ZW2,,,false,Q99ZW2,Q99ZW2,,false,KTEVQTGGFSKESILPK,LPKYSLFELENGR,1097,1198,11,3,1107,1200,,-1,4,0,1.007276,5.869364
Scan: 906307 Run: DIA12_CV48:20251228_A2_N1_Mueller_MS_TechHub_IMP_THIDDIAXL003_Cas9_PhoX_DIA12_CV48_250ng_FAIMS_002 P1_KSEETITPWNFEEVVDK P2_KPAFLSGEQK 1 1,DIA12_CV48:20251228_A2_N1_Mueller_MS_TechHub_IMP_THIDDIAXL003_Cas9_PhoX_DIA12_CV48_250ng_FAIMS_002,906307,,,Q99ZW2,,,false,Q99ZW2,Q99ZW2,,false,KPAFLSGEQK,KSEETITPWNFEEVVDK,536,468,1,1,536,468,,-1,4,0,1.007276,5.860099
Scan: 1260216 Run: DIA12_CV48:20251228_A2_N1_Mueller_MS_TechHub_IMP_THIDDIAXL003_Cas9_PhoX_DIA12_CV48_250ng_FAIMS_003 P1_TEVQTGGFSKESILPK P2_KYGGFDSPTVAYSVLVVAK 10 1,DIA12_CV48:20251228_A2_N1_Mueller_MS_TechHub_IMP_THIDDIAXL003_Cas9_PhoX_DIA12_CV48_250ng_FAIMS_003,1260216,,,Q99ZW2,,,false,Q99ZW2,Q99ZW2,,false,KYGGFDSPTVAYSVLVVAK,TEVQTGGFSKESILPK,1130,1098,1,10,1130,1107,,-1,4,0,1.007276,5.834935
Scan: 1120307 Run: DIA12_CV48:20251228_A2_N1_Mueller_MS_TechHub_IMP_THIDDIAXL003_Cas9_PhoX_DIA12_CV48_250ng_FAIMS_002 P1_KPAFLSGEQK P2_ELGSQILKEHPVENTQLQNEK 1 8,DIA12_CV48:20251228_A2_N1_Mueller_MS_TechHub_IMP_THIDDIAXL003_Cas9_PhoX_DIA12_CV48_250ng_FAIMS_002,1120307,,,Q99ZW2,,,false,Q99ZW2,Q99ZW2,,false,ELGSQILKEHPVENTQLQNEK,KPAFLSGEQK,790,536,8,1,797,536,,-1,4,0,1.007276,5.834323
Scan: 635493 Run: DIA12_CV48:20251228_A2_N1_Mueller_MS_TechHub_IMP_THIDDIAXL003_Cas9_PhoX_DIA12_CV48_250ng_FAIMS_002 P1_YKEIFFDQSK P2_KTEVQTGGFSK 2 1,DIA12_CV48:20251228_A2_N1_Mueller_MS_TechHub_IMP_THIDDIAXL003_Cas9_PhoX_DIA12_CV48_250ng_FAIMS_002,635493,,,Q99ZW2,,,false,Q99ZW2,Q99ZW2,,false,KTEVQTGGFSK,YKEIFFDQSK,1097,347,1,2,1097,348,,-1,3,0,1.007276,5.769363
Scan: 856290 Run: DIA12_CV48:20251228_A2_N1_Mueller_MS_TechHub_IMP_THIDDIAXL003_Cas9_PhoX_DIA12_CV48_250ng_FAIMS_002 P1_YKEIFFDQSK P2_KPAFLSGEQK 2 1,DIA12_CV48:20251228_A2_N1_Mueller_MS_TechHub_IMP_THIDDIAXL003_Cas9_PhoX_DIA12_CV48_250ng_FAIMS_002,856290,,,Q99ZW2,,,false,Q99ZW2,Q99ZW2,,false,KPAFLSGEQK,YKEIFFDQSK,536,347,1,2,536,348,,-1,3,0,1.007276,5.755078
Scan: 903460 Run: DIA12_CV48:20251228_A2_N1_Mueller_MS_TechHub_IMP_THIDDIAXL003_Cas9_PhoX_DIA12_CV48_250ng_FAIMS_002 P1_KSEETITPWNFEEVVDK P2_IEKILTFR 1 3,DIA12_CV48:20251228_A2_N1_Mueller_MS_TechHub_IMP_THIDDIAXL003_Cas9_PhoX_DIA12_CV48_250ng_FAIMS_002,903460,,,Q99ZW2,,,false,Q99ZW2,Q99ZW2,,false,IEKILTFR,KSEETITPWNFEEVVDK,440,468,3,1,442,468,,-1,4,0,1.007276,5.74315
Scan: 118140 Run: DIA12_CV48:20251228_A2_N1_Mueller_MS_TechHub_IMP_THIDDIAXL003_Cas9_PhoX_DIA12_CV48_250ng_FAIMS_001 P1_SSFEKNPIDFLEAK P2_KPAFLSGEQK 5 1,DIA12_CV48:20251228_A2_N1_Mueller_MS_TechHub_IMP_THIDDIAXL003_Cas9_PhoX_DIA12_CV48_250ng_FAIMS_001,118140,,,Q99ZW2,,,false,Q99ZW2,Q99ZW2,,false,KPAFLSGEQK,SSFEKNPIDFLEAK,536,1172,1,5,536,1176,,-1,3,0,1.007276,5.739371
Scan: 382363 Run: DIA12_CV48:20251228_A2_N1_Mueller_MS_TechHub_IMP_THIDDIAXL003_Cas9_PhoX_DIA12_CV48_250ng_FAIMS_001 P1_KPAFLSGEQK P2_IEKILTFR 1 3,DIA12_CV48:20251228_A2_N1_Mueller_MS_TechHub_IMP_THIDDIAXL003_Cas9_PhoX_DIA12_CV48_250ng_FAIMS_001,382363,,,Q99ZW2,,,false,Q99ZW2,Q99ZW2,,false,IEKILTFR,KPAFLSGEQK,440,536,3,1,442,536,,-1,3,0,1.007276,5.739305
Scan: 72269 Run: DIA12_CV48:20251228_A2_N1_Mueller_MS_TechHub_IMP_THIDDIAXL003_Cas9_PhoX_DIA12_CV48_250ng_FAIMS_001 P1_KTEVQTGGFSKESILPK P2_KLINGIR 11 1,DIA12_CV48:20251228_A2_N1_Mueller_MS_TechHub_IMP_THIDDIAXL003_Cas9_PhoX_DIA12_CV48_250ng_FAIMS_001,72269,,,Q99ZW2,,,false,Q99ZW2,Q99ZW2,,false,KLINGIR,KTEVQTGGFSKESILPK,665,1097,1,11,665,1107,,-1,3,0,1.007276,5.732232
Scan: 636395 Run: DIA12_CV48:20251228_A2_N1_Mueller_MS_TechHub_IMP_THIDDIAXL003_Cas9_PhoX_DIA12_CV48_250ng_FAIMS_002 P1_KTEVQTGGFSK P2_KPAFLSGEQK 1 1,DIA12_CV48:20251228_A2_N1_Mueller_MS_TechHub_IMP_THIDDIAXL003_Cas9_PhoX_DIA12_CV48_250ng_FAIMS_002,636395,,,Q99ZW2,,,false,Q99ZW2,Q99ZW2,,false,KPAFLSGEQK,KTEVQTGGFSK,536,1097,1,1,536,1097,,-1,3,0,1.007276,5.694358
Scan: 1506611 Run: DIA12_CV48:20251228_A2_N1_Mueller_MS_TechHub_IMP_THIDDIAXL003_Cas9_PhoX_DIA12_CV48_250ng_FAIMS_003 P1_KSEETITPWNFEEVVDK P2_KGILQTVK 1 1,DIA12_CV48:20251228_A2_N1_Mueller_MS_TechHub_IMP_THIDDIAXL003_Cas9_PhoX_DIA12_CV48_250ng_FAIMS_003,1506611,,,Q99ZW2,,,false,Q99ZW2,Q99ZW2,,false,KGILQTVK,KSEETITPWNFEEVVDK,735,468,1,1,735,468,,-1,3,0,1.007276,5.684839
Scan: 713749 Run: DIA12_CV48:20251228_A2_N1_Mueller_MS_TechHub_IMP_THIDDIAXL003_Cas9_PhoX_DIA12_CV48_250ng_FAIMS_002 P1_SSFEKNPIDFLEAK P2_SEETITPWNFEEVVDKGASAQSFIER 5 16,DIA12_CV48:20251228_A2_N1_Mueller_MS_TechHub_IMP_THIDDIAXL003_Cas9_PhoX_DIA12_CV48_250ng_FAIMS_002,713749,,,Q99ZW2,,,false,Q99ZW2,Q99ZW2,,false,SEETITPWNFEEVVDKGASAQSFIER,SSFEKNPIDFLEAK,469,1172,16,5,484,1176,,-1,4,0,1.007276,5.679598
Scan: 1739514 Run: DIA12_CV48:20251228_A2_N1_Mueller_MS_TechHub_IMP_THIDDIAXL003_Cas9_PhoX_DIA12_CV48_250ng_FAIMS_003 P1_YKEIFFDQSK P2_GKSDNVPSEEVVK 2 2,DIA12_CV48:20251228_A2_N1_Mueller_MS_TechHub_IMP_THIDDIAXL003_Cas9_PhoX_DIA12_CV48_250ng_FAIMS_003,1739514,,,Q99ZW2,,,false,Q99ZW2,Q99ZW2,,false,GKSDNVPSEEVVK,YKEIFFDQSK,865,347,2,2,866,348,,-1,3,0,1.007276,5.654979
Scan: 1653060 Run: DIA12_CV48:20251228_A2_N1_Mueller_MS_TechHub_IMP_THIDDIAXL003_Cas9_PhoX_DIA12_CV48_250ng_FAIMS_003 P1_KLINGIR P2_EDIQKAQVSGQGDSLHEHIANLAGSPAIK 1 5,DIA12_CV48:20251228_A2_N1_Mueller_MS_TechHub_IMP_THIDDIAXL003_Cas9_PhoX_DIA12_CV48_250ng_FAIMS_003,1653060,,,Q99ZW2,,,false,Q99ZW2,Q99ZW2,,false,EDIQKAQVSGQGDSLHEHIANLAGSPAIK,KLINGIR,706,665,5,1,710,665,,-1,4,0,1.007276,5.653234
Scan: 374026 Run: DIA12_CV48:20251228_A2_N1_Mueller_MS_TechHub_IMP_THIDDIAXL003_Cas9_PhoX_DIA12_CV48_250ng_FAIMS_001 P1_VKYVTEGMR P2_KPAFLSGEQK 2 1,DIA12_CV48:20251228_A2_N1_Mueller_MS_TechHub_IMP_THIDDIAXL003_Cas9_PhoX_DIA12_CV48_250ng_FAIMS_001,374026,,,Q99ZW2,,,false,Q99ZW2,Q99ZW2,,false,KPAFLSGEQK,VKYVTEGMR,536,527,1,2,536,528,,-1,3,0,1.007276,5.649525
Scan: 663741 Run: DIA12_CV48:20251228_A2_N1_Mueller_MS_TechHub_IMP_THIDDIAXL003_Cas9_PhoX_DIA12_CV48_250ng_FAIMS_002 P1_SSFEKNPIDFLEAK P2_KTEVQTGGFSKESILPK 5 11,DIA12_CV48:20251228_A2_N1_Mueller_MS_TechHub_IMP_THIDDIAXL003_Cas9_PhoX_DIA12_CV48_250ng_FAIMS_002,663741,,,Q99ZW2,,,false,Q99ZW2,Q99ZW2,,false,KTEVQTGGFSKESILPK,SSFEKNPIDFLEAK,1097,1172,11,5,1107,1176,,-1,4,0,1.007276,5.646861
Scan: 487617 Run: DIA12_CV48:20251228_A2_N1_Mueller_MS_TechHub_IMP_THIDDIAXL003_Cas9_PhoX_DIA12_CV48_250ng_FAIMS_001 P1_KTEVQTGGFSK P2_GILQTVKVVDELVK 1 7,DIA12_CV48:20251228_A2_N1_Mueller_MS_TechHub_IMP_THIDDIAXL003_Cas9_PhoX_DIA12_CV48_250ng_FAIMS_001,487617,,,Q99ZW2,,,false,Q99ZW2,Q99ZW2,,false,GILQTVKVVDELVK,KTEVQTGGFSK,736,1097,7,1,742,1097,,-1,3,0,1.007276,5.602622
Scan: 430967 Run: DIA12_CV48:20251228_A2_N1_Mueller_MS_TechHub_IMP_THIDDIAXL003_Cas9_PhoX_DIA12_CV48_250ng_FAIMS_001 P1_KLINGIR P2_EDIQKAQVSGQGDSLHEHIANLAGSPAIKK 1 5,DIA12_CV48:20251228_A2_N1_Mueller_MS_TechHub_IMP_THIDDIAXL003_Cas9_PhoX_DIA12_CV48_250ng_FAIMS_001,430967,,,Q99ZW2,,,false,Q99ZW2,Q99ZW2,,false,EDIQKAQVSGQGDSLHEHIANLAGSPAIKK,KLINGIR,706,665,5,1,710,665,,-1,5,0,1.007276,5.602216
Scan: 1494048 Run: DIA12_CV48:20251228_A2_N1_Mueller_MS_TechHub_IMP_THIDDIAXL003_Cas9_PhoX_DIA12_CV48_250ng_FAIMS_003 P1_TEVQTGGFSKESILPK P2_KSEETITPWNFEEVVDK 10 1,DIA12_CV48:20251228_A2_N1_Mueller_MS_TechHub_IMP_THIDDIAXL003_Cas9_PhoX_DIA12_CV48_250ng_FAIMS_003,1494048,,,Q99ZW2,,,false,Q99ZW2,Q99ZW2,,false,KSEETITPWNFEEVVDK,TEVQTGGFSKESILPK,468,1098,1,10,468,1107,,-1,4,0,1.007276,5.60175
Scan: 1313195 Run: DIA12_CV48:20251228_A2_N1_Mueller_MS_TechHub_IMP_THIDDIAXL003_Cas9_PhoX_DIA12_CV48_250ng_FAIMS_003 P1_SSFEKNPIDFLEAK P2_KLINGIR 5 1,DIA12_CV48:20251228_A2_N1_Mueller_MS_TechHub_IMP_THIDDIAXL003_Cas9_PhoX_DIA12_CV48_250ng_FAIMS_003,1313195,,,Q99ZW2,,,false,Q99ZW2,Q99ZW2,,false,KLINGIR,SSFEKNPIDFLEAK,665,1172,1,5,665,1176,,-1,3,0,1.007276,5.601441
Scan: 450545 Run: DIA12_CV48:20251228_A2_N1_Mueller_MS_TechHub_IMP_THIDDIAXL003_Cas9_PhoX_DIA12_CV48_250ng_FAIMS_001 P1_KTEVQTGGFSK P2_EDIQKAQVSGQGDSLHEHIANLAGSPAIK 1 5,DIA12_CV48:20251228_A2_N1_Mueller_MS_TechHub_IMP_THIDDIAXL003_Cas9_PhoX_DIA12_CV48_250ng_FAIMS_001,450545,,,Q99ZW2,,,false,Q99ZW2,Q99ZW2,,false,EDIQKAQVSGQGDSLHEHIANLAGSPAIK,KTEVQTGGFSK,706,1097,5,1,710,1097,,-1,5,0,1.007276,5.590576
Scan: 379284 Run: DIA12_CV48:20251228_A2_N1_Mueller_MS_TechHub_IMP_THIDDIAXL003_Cas9_PhoX_DIA12_CV48_250ng_FAIMS_001 P1_KPAFLSGEQK P2_GNELALPSKYVNFLYLASHYEK 1 9,DIA12_CV48:20251228_A2_N1_Mueller_MS_TechHub_IMP_THIDDIAXL003_Cas9_PhoX_DIA12_CV48_250ng_FAIMS_001,379284,,,Q99ZW2,,,false,Q99ZW2,Q99ZW2,,false,GNELALPSKYVNFLYLASHYEK,KPAFLSGEQK,1223,536,9,1,1231,536,,-1,4,0,1.007276,5.588806
Scan: 362679 Run: DIA12_CV48:20251228_A2_N1_Mueller_MS_TechHub_IMP_THIDDIAXL003_Cas9_PhoX_DIA12_CV48_250ng_FAIMS_001 P1_VLPKHSLLYEYFTVYNELTK P2_FKVLGNTDR 4 2,DIA12_CV48:20251228_A2_N1_Mueller_MS_TechHub_IMP_THIDDIAXL003_Cas9_PhoX_DIA12_CV48_250ng_FAIMS_001,362679,,,Q99ZW2,,,false,Q99ZW2,Q99ZW2,,false,FKVLGNTDR,VLPKHSLLYEYFTVYNELTK,32,507,2,4,33,510,,-1,4,0,1.007276,5.575923
Scan: 40123 Run: DIA12_CV48:20251228_A2_N1_Mueller_MS_TechHub_IMP_THIDDIAXL003_Cas9_PhoX_DIA12_CV48_250ng_FAIMS_001 P1_KTEVQTGGFSK P2_EDIQKAQVSGQGDSLHEHIANLAGSPAIK 1 5,DIA12_CV48:20251228_A2_N1_Mueller_MS_TechHub_IMP_THIDDIAXL003_Cas9_PhoX_DIA12_CV48_250ng_FAIMS_001,40123,,,Q99ZW2,,,false,Q99ZW2,Q99ZW2,,false,EDIQKAQVSGQGDSLHEHIANLAGSPAIK,KTEVQTGGFSK,706,1097,5,1,710,1097,,-1,4,0,1.007276,5.556442
Scan: 1309856 Run: DIA12_CV48:20251228_A2_N1_Mueller_MS_TechHub_IMP_THIDDIAXL003_Cas9_PhoX_DIA12_CV48_250ng_FAIMS_003 P1_YKEIFFDQSK P2_SSFEKNPIDFLEAK 2 5,DIA12_CV48:20251228_A2_N1_Mueller_MS_TechHub_IMP_THIDDIAXL003_Cas9_PhoX_DIA12_CV48_250ng_FAIMS_003,1309856,,,Q99ZW2,,,false,Q99ZW2,Q99ZW2,,false,SSFEKNPIDFLEAK,YKEIFFDQSK,1172,347,5,2,1176,348,,-1,3,0,1.007276,5.547705
Scan: 243332 Run: DIA12_CV48:20251228_A2_N1_Mueller_MS_TechHub_IMP_THIDDIAXL003_Cas9_PhoX_DIA12_CV48_250ng_FAIMS_001 P1_KSEETITPWNFEEVVDK P2_FKVLGNTDR 1 2,DIA12_CV48:20251228_A2_N1_Mueller_MS_TechHub_IMP_THIDDIAXL003_Cas9_PhoX_DIA12_CV48_250ng_FAIMS_001,243332,,,Q99ZW2,,,false,Q99ZW2,Q99ZW2,,false,FKVLGNTDR,KSEETITPWNFEEVVDK,32,468,2,1,33,468,,-1,3,0,1.007276,5.546802
Scan: 376891 Run: DIA12_CV48:20251228_A2_N1_Mueller_MS_TechHub_IMP_THIDDIAXL003_Cas9_PhoX_DIA12_CV48_250ng_FAIMS_001 P1_KRPLIETNGETGEIVWDK P2_KPAFLSGEQK 1 1,DIA12_CV48:20251228_A2_N1_Mueller_MS_TechHub_IMP_THIDDIAXL003_Cas9_PhoX_DIA12_CV48_250ng_FAIMS_001,376891,,,Q99ZW2,,,false,Q99ZW2,Q99ZW2,,false,KPAFLSGEQK,KRPLIETNGETGEIVWDK,536,1059,1,1,536,1059,,-1,4,0,1.007276,5.543404
Scan: 1542776 Run: DIA12_CV48:20251228_A2_N1_Mueller_MS_TechHub_IMP_THIDDIAXL003_Cas9_PhoX_DIA12_CV48_250ng_FAIMS_003 P1_SEETITPWNFEEVVDKGASAQSFIER P2_KLINGIR 16 1,DIA12_CV48:20251228_A2_N1_Mueller_MS_TechHub_IMP_THIDDIAXL003_Cas9_PhoX_DIA12_CV48_250ng_FAIMS_003,1542776,,,Q99ZW2,,,false,Q99ZW2,Q99ZW2,,false,KLINGIR,SEETITPWNFEEVVDKGASAQSFIER,665,469,1,16,665,484,,-1,4,0,1.007276,5.536364
Scan: 341139 Run: DIA12_CV48:20251228_A2_N1_Mueller_MS_TechHub_IMP_THIDDIAXL003_Cas9_PhoX_DIA12_CV48_250ng_FAIMS_001 P1_SSFEKNPIDFLEAK P2_KSEETITPWNFEEVVDKGASAQSFIER 5 17,DIA12_CV48:20251228_A2_N1_Mueller_MS_TechHub_IMP_THIDDIAXL003_Cas9_PhoX_DIA12_CV48_250ng_FAIMS_001,341139,,,Q99ZW2,,,false,Q99ZW2,Q99ZW2,,false,KSEETITPWNFEEVVDKGASAQSFIER,SSFEKNPIDFLEAK,468,1172,17,5,484,1176,,-1,5,0,1.007276,5.53574
Scan: 1682886 Run: DIA12_CV48:20251228_A2_N1_Mueller_MS_TechHub_IMP_THIDDIAXL003_Cas9_PhoX_DIA12_CV48_250ng_FAIMS_003 P1_KTEVQTGGFSKESILPK P2_GILQTVKVVDELVK 11 7,DIA12_CV48:20251228_A2_N1_Mueller_MS_TechHub_IMP_THIDDIAXL003_Cas9_PhoX_DIA12_CV48_250ng_FAIMS_003,1682886,,,Q99ZW2,,,false,Q99ZW2,Q99ZW2,,false,GILQTVKVVDELVK,KTEVQTGGFSKESILPK,736,1097,7,11,742,1107,,-1,4,0,1.007276,5.507766
Scan: 785678 Run: DIA12_CV48:20251228_A2_N1_Mueller_MS_TechHub_IMP_THIDDIAXL003_Cas9_PhoX_DIA12_CV48_250ng_FAIMS_002 P1_KLVDSTDK P2_HPIFGNIVDEVAYHEKYPTIYHLR 1 16,DIA12_CV48:20251228_A2_N1_Mueller_MS_TechHub_IMP_THIDDIAXL003_Cas9_PhoX_DIA12_CV48_250ng_FAIMS_002,785678,,,Q99ZW2,,,false,Q99ZW2,Q99ZW2,,false,HPIFGNIVDEVAYHEKYPTIYHLR,KLVDSTDK,116,141,16,1,131,141,,-1,5,0,1.007276,5.501197
Scan: 1306527 Run: DIA12_CV48:20251228_A2_N1_Mueller_MS_TechHub_IMP_THIDDIAXL003_Cas9_PhoX_DIA12_CV48_250ng_FAIMS_003 P1_SSFEKNPIDFLEAK P2_KDWDPK 5 1,DIA12_CV48:20251228_A2_N1_Mueller_MS_TechHub_IMP_THIDDIAXL003_Cas9_PhoX_DIA12_CV48_250ng_FAIMS_003,1306527,,,Q99ZW2,,,false,Q99ZW2,Q99ZW2,,false,KDWDPK,SSFEKNPIDFLEAK,1124,1172,1,5,1124,1176,,-1,3,0,1.007276,5.48515
Scan: 1537668 Run: DIA12_CV48:20251228_A2_N1_Mueller_MS_TechHub_IMP_THIDDIAXL003_Cas9_PhoX_DIA12_CV48_250ng_FAIMS_003 P1_KSEETITPWNFEEVVDKGASAQSFIER P2_FKVLGNTDR 17 2,DIA12_CV48:20251228_A2_N1_Mueller_MS_TechHub_IMP_THIDDIAXL003_Cas9_PhoX_DIA12_CV48_250ng_FAIMS_003,1537668,,,Q99ZW2,,,false,Q99ZW2,Q99ZW2,,false,FKVLGNTDR,KSEETITPWNFEEVVDKGASAQSFIER,32,468,2,17,33,484,,-1,4,0,1.007276,5.481296
Scan: 1144783 Run: DIA12_CV48:20251228_A2_N1_Mueller_MS_TechHub_IMP_THIDDIAXL003_Cas9_PhoX_DIA12_CV48_250ng_FAIMS_002 P1_GKSDNVPSEEVVK P2_ELGSQILKEHPVENTQLQNEK 2 8,DIA12_CV48:20251228_A2_N1_Mueller_MS_TechHub_IMP_THIDDIAXL003_Cas9_PhoX_DIA12_CV48_250ng_FAIMS_002,1144783,,,Q99ZW2,,,false,Q99ZW2,Q99ZW2,,false,ELGSQILKEHPVENTQLQNEK,GKSDNVPSEEVVK,790,865,8,2,797,866,,-1,4,0,1.007276,5.47496
Scan: 1622771 Run: DIA12_CV48:20251228_A2_N1_Mueller_MS_TechHub_IMP_THIDDIAXL003_Cas9_PhoX_DIA12_CV48_250ng_FAIMS_003 P1_SSFEKNPIDFLEAK P2_KLINGIR 5 1,DIA12_CV48:20251228_A2_N1_Mueller_MS_TechHub_IMP_THIDDIAXL003_Cas9_PhoX_DIA12_CV48_250ng_FAIMS_003,1622771,,,Q99ZW2,,,false,Q99ZW2,Q99ZW2,,false,KLINGIR,SSFEKNPIDFLEAK,665,1172,1,5,665,1176,,-1,4,0,1.007276,5.47308
Scan: 974764 Run: DIA12_CV48:20251228_A2_N1_Mueller_MS_TechHub_IMP_THIDDIAXL003_Cas9_PhoX_DIA12_CV48_250ng_FAIMS_002 P1_NSDKLIAR P2_KPAFLSGEQK 4 1,DIA12_CV48:20251228_A2_N1_Mueller_MS_TechHub_IMP_THIDDIAXL003_Cas9_PhoX_DIA12_CV48_250ng_FAIMS_002,974764,,,Q99ZW2,,,false,Q99ZW2,Q99ZW2,,false,KPAFLSGEQK,NSDKLIAR,536,1115,1,4,536,1118,,-1,3,0,1.007276,5.463063
Scan: 1311816 Run: DIA12_CV48:20251228_A2_N1_Mueller_MS_TechHub_IMP_THIDDIAXL003_Cas9_PhoX_DIA12_CV48_250ng_FAIMS_003 P1_VLPKHSLLYEYFTVYNELTK P2_SSFEKNPIDFLEAK 4 5,DIA12_CV48:20251228_A2_N1_Mueller_MS_TechHub_IMP_THIDDIAXL003_Cas9_PhoX_DIA12_CV48_250ng_FAIMS_003,1311816,,,Q99ZW2,,,false,Q99ZW2,Q99ZW2,,false,SSFEKNPIDFLEAK,VLPKHSLLYEYFTVYNELTK,1172,507,5,4,1176,510,,-1,4,0,1.007276,5.460859
Scan: 840751 Run: DIA12_CV48:20251228_A2_N1_Mueller_MS_TechHub_IMP_THIDDIAXL003_Cas9_PhoX_DIA12_CV48_250ng_FAIMS_002 P1_NLPNEKVLPK P2_FKVLGNTDR 6 2,DIA12_CV48:20251228_A2_N1_Mueller_MS_TechHub_IMP_THIDDIAXL003_Cas9_PhoX_DIA12_CV48_250ng_FAIMS_002,840751,,,Q99ZW2,,,false,Q99ZW2,Q99ZW2,,false,FKVLGNTDR,NLPNEKVLPK,32,501,2,6,33,506,,-1,3,0,1.007276,5.453309
Scan: 1140096 Run: DIA12_CV48:20251228_A2_N1_Mueller_MS_TechHub_IMP_THIDDIAXL003_Cas9_PhoX_DIA12_CV48_250ng_FAIMS_002 P1_KDFQFYK P2_DDSIDNKVLTR 1 7,DIA12_CV48:20251228_A2_N1_Mueller_MS_TechHub_IMP_THIDDIAXL003_Cas9_PhoX_DIA12_CV48_250ng_FAIMS_002,1140096,,,Q99ZW2,,,false,Q99ZW2,Q99ZW2,,false,DDSIDNKVLTR,KDFQFYK,849,968,7,1,855,968,,-1,3,0,1.007276,5.447526
Scan: 1754303 Run: DIA12_CV48:20251228_A2_N1_Mueller_MS_TechHub_IMP_THIDDIAXL003_Cas9_PhoX_DIA12_CV48_250ng_FAIMS_003 P1_QLLNAKLITQR P2_KFDNLTK 6 1,DIA12_CV48:20251228_A2_N1_Mueller_MS_TechHub_IMP_THIDDIAXL003_Cas9_PhoX_DIA12_CV48_250ng_FAIMS_003,1754303,,,Q99ZW2,,,false,Q99ZW2,Q99ZW2,,false,KFDNLTK,QLLNAKLITQR,896,885,1,6,896,890,,-1,3,0,1.007276,5.437575
Scan: 669289 Run: DIA12_CV48:20251228_A2_N1_Mueller_MS_TechHub_IMP_THIDDIAXL003_Cas9_PhoX_DIA12_CV48_250ng_FAIMS_002 P1_KTEVQTGGFSKESILPK P2_KLINGIR 11 1,DIA12_CV48:20251228_A2_N1_Mueller_MS_TechHub_IMP_THIDDIAXL003_Cas9_PhoX_DIA12_CV48_250ng_FAIMS_002,669289,,,Q99ZW2,,,false,Q99ZW2,Q99ZW2,,false,KLINGIR,KTEVQTGGFSKESILPK,665,1097,1,11,665,1107,,-1,4,0,1.007276,5.437037
Scan: 905677 Run: DIA12_CV48:20251228_A2_N1_Mueller_MS_TechHub_IMP_THIDDIAXL003_Cas9_PhoX_DIA12_CV48_250ng_FAIMS_002 P1_VLPKHSLLYEYFTVYNELTK P2_KSEETITPWNFEEVVDK 4 1,DIA12_CV48:20251228_A2_N1_Mueller_MS_TechHub_IMP_THIDDIAXL003_Cas9_PhoX_DIA12_CV48_250ng_FAIMS_002,905677,,,Q99ZW2,,,false,Q99ZW2,Q99ZW2,,false,KSEETITPWNFEEVVDK,VLPKHSLLYEYFTVYNELTK,468,507,1,4,468,510,,-1,4,0,1.007276,5.432763
Scan: 145426 Run: DIA12_CV48:20251228_A2_N1_Mueller_MS_TechHub_IMP_THIDDIAXL003_Cas9_PhoX_DIA12_CV48_250ng_FAIMS_001 P1_LPKYSLFELENGR P2_FKVLGNTDR 3 2,DIA12_CV48:20251228_A2_N1_Mueller_MS_TechHub_IMP_THIDDIAXL003_Cas9_PhoX_DIA12_CV48_250ng_FAIMS_001,145426,,,Q99ZW2,,,false,Q99ZW2,Q99ZW2,,false,FKVLGNTDR,LPKYSLFELENGR,32,1198,2,3,33,1200,,-1,3,0,1.007276,5.427765
Scan: 1451060 Run: DIA12_CV48:20251228_A2_N1_Mueller_MS_TechHub_IMP_THIDDIAXL003_Cas9_PhoX_DIA12_CV48_250ng_FAIMS_003 P1_YKEIFFDQSK P2_FKVLGNTDR 2 2,DIA12_CV48:20251228_A2_N1_Mueller_MS_TechHub_IMP_THIDDIAXL003_Cas9_PhoX_DIA12_CV48_250ng_FAIMS_003,1451060,,,Q99ZW2,,,false,Q99ZW2,Q99ZW2,,false,FKVLGNTDR,YKEIFFDQSK,32,347,2,2,33,348,,-1,3,0,1.007276,5.420091
Scan: 977975 Run: DIA12_CV48:20251228_A2_N1_Mueller_MS_TechHub_IMP_THIDDIAXL003_Cas9_PhoX_DIA12_CV48_250ng_FAIMS_002 P1_VNTEITKAPLSASMIK P2_KPAFLSGEQK 7 1,DIA12_CV48:20251228_A2_N1_Mueller_MS_TechHub_IMP_THIDDIAXL003_Cas9_PhoX_DIA12_CV48_250ng_FAIMS_002,977975,,,Q99ZW2,,,false,Q99ZW2,Q99ZW2,,false,KPAFLSGEQK,VNTEITKAPLSASMIK,536,308,1,7,536,314,,-1,4,0,1.007276,5.420049
Scan: 963049 Run: DIA12_CV48:20251228_A2_N1_Mueller_MS_TechHub_IMP_THIDDIAXL003_Cas9_PhoX_DIA12_CV48_250ng_FAIMS_002 P1_YDENDKLIR P2_VLPKHSLLYEYFTVYNELTK 6 4,DIA12_CV48:20251228_A2_N1_Mueller_MS_TechHub_IMP_THIDDIAXL003_Cas9_PhoX_DIA12_CV48_250ng_FAIMS_002,963049,,,Q99ZW2,,,false,Q99ZW2,Q99ZW2,,false,VLPKHSLLYEYFTVYNELTK,YDENDKLIR,507,943,4,6,510,948,,-1,4,0,1.007276,5.41163
Scan: 1577644 Run: DIA12_CV48:20251228_A2_N1_Mueller_MS_TechHub_IMP_THIDDIAXL003_Cas9_PhoX_DIA12_CV48_250ng_FAIMS_003 P1_VLPKHSLLYEYFTVYNELTK P2_KPAFLSGEQK 4 1,DIA12_CV48:20251228_A2_N1_Mueller_MS_TechHub_IMP_THIDDIAXL003_Cas9_PhoX_DIA12_CV48_250ng_FAIMS_003,1577644,,,Q99ZW2,,,false,Q99ZW2,Q99ZW2,,false,KPAFLSGEQK,VLPKHSLLYEYFTVYNELTK,536,507,1,4,536,510,,-1,4,0,1.007276,5.408529
Scan: 430487 Run: DIA12_CV48:20251228_A2_N1_Mueller_MS_TechHub_IMP_THIDDIAXL003_Cas9_PhoX_DIA12_CV48_250ng_FAIMS_001 P1_KLINGIR P2_KLINGIR 1 1,DIA12_CV48:20251228_A2_N1_Mueller_MS_TechHub_IMP_THIDDIAXL003_Cas9_PhoX_DIA12_CV48_250ng_FAIMS_001,430487,,,Q99ZW2,,,false,Q99ZW2,Q99ZW2,,false,KLINGIR,KLINGIR,665,665,1,1,665,665,,-1,3,0,1.007276,5.395227
Scan: 113505 Run: DIA12_CV48:20251228_A2_N1_Mueller_MS_TechHub_IMP_THIDDIAXL003_Cas9_PhoX_DIA12_CV48_250ng_FAIMS_001 P1_SSFEKNPIDFLEAK P2_KDLIIK 5 1,DIA12_CV48:20251228_A2_N1_Mueller_MS_TechHub_IMP_THIDDIAXL003_Cas9_PhoX_DIA12_CV48_250ng_FAIMS_001,113505,,,Q99ZW2,,,false,Q99ZW2,Q99ZW2,,false,KDLIIK,SSFEKNPIDFLEAK,1192,1172,1,5,1192,1176,,-1,3,0,1.007276,5.394457
Scan: 254344 Run: DIA12_CV48:20251228_A2_N1_Mueller_MS_TechHub_IMP_THIDDIAXL003_Cas9_PhoX_DIA12_CV48_250ng_FAIMS_001 P1_YKEIFFDQSK P2_NSDKLIAR 2 4,DIA12_CV48:20251228_A2_N1_Mueller_MS_TechHub_IMP_THIDDIAXL003_Cas9_PhoX_DIA12_CV48_250ng_FAIMS_001,254344,,,Q99ZW2,,,false,Q99ZW2,Q99ZW2,,false,NSDKLIAR,YKEIFFDQSK,1115,347,4,2,1118,348,,-1,3,0,1.007276,5.393338
Scan: 256940 Run: DIA12_CV48:20251228_A2_N1_Mueller_MS_TechHub_IMP_THIDDIAXL003_Cas9_PhoX_DIA12_CV48_250ng_FAIMS_001 P1_YKEIFFDQSK P2_YDEHHQDLTLLKALVR 2 12,DIA12_CV48:20251228_A2_N1_Mueller_MS_TechHub_IMP_THIDDIAXL003_Cas9_PhoX_DIA12_CV48_250ng_FAIMS_001,256940,,,Q99ZW2,,,false,Q99ZW2,Q99ZW2,,false,YDEHHQDLTLLKALVR,YKEIFFDQSK,325,347,12,2,336,348,,-1,5,0,1.007276,5.391667
Scan: 1537567 Run: DIA12_CV48:20251228_A2_N1_Mueller_MS_TechHub_IMP_THIDDIAXL003_Cas9_PhoX_DIA12_CV48_250ng_FAIMS_003 P1_SEETITPWNFEEVVDKGASAQSFIER P2_KFKVLGNTDR 16 1,DIA12_CV48:20251228_A2_N1_Mueller_MS_TechHub_IMP_THIDDIAXL003_Cas9_PhoX_DIA12_CV48_250ng_FAIMS_003,1537567,,,Q99ZW2,,,false,Q99ZW2,Q99ZW2,,false,KFKVLGNTDR,SEETITPWNFEEVVDKGASAQSFIER,31,469,1,16,31,484,,-1,4,0,1.007276,5.389549
Scan: 1494193 Run: DIA12_CV48:20251228_A2_N1_Mueller_MS_TechHub_IMP_THIDDIAXL003_Cas9_PhoX_DIA12_CV48_250ng_FAIMS_003 P1_KTEVQTGGFSKESILPK P2_KSEETITPWNFEEVVDK 11 1,DIA12_CV48:20251228_A2_N1_Mueller_MS_TechHub_IMP_THIDDIAXL003_Cas9_PhoX_DIA12_CV48_250ng_FAIMS_003,1494193,,,Q99ZW2,,,false,Q99ZW2,Q99ZW2,,false,KSEETITPWNFEEVVDK,KTEVQTGGFSKESILPK,468,1097,1,11,468,1107,,-1,4,0,1.007276,5.389529
Scan: 1119200 Run: DIA12_CV48:20251228_A2_N1_Mueller_MS_TechHub_IMP_THIDDIAXL003_Cas9_PhoX_DIA12_CV48_250ng_FAIMS_002 P1_YKEIFFDQSK P2_ELGSQILKEHPVENTQLQNEK 2 8,DIA12_CV48:20251228_A2_N1_Mueller_MS_TechHub_IMP_THIDDIAXL003_Cas9_PhoX_DIA12_CV48_250ng_FAIMS_002,1119200,,,Q99ZW2,,,false,Q99ZW2,Q99ZW2,,false,ELGSQILKEHPVENTQLQNEK,YKEIFFDQSK,790,347,8,2,797,348,,-1,4,0,1.007276,5.385226
Scan: 1738182 Run: DIA12_CV48:20251228_A2_N1_Mueller_MS_TechHub_IMP_THIDDIAXL003_Cas9_PhoX_DIA12_CV48_250ng_FAIMS_003 P1_KRPLIETNGETGEIVWDK P2_GKSDNVPSEEVVK 1 2,DIA12_CV48:20251228_A2_N1_Mueller_MS_TechHub_IMP_THIDDIAXL003_Cas9_PhoX_DIA12_CV48_250ng_FAIMS_003,1738182,,,Q99ZW2,,,false,Q99ZW2,Q99ZW2,,false,GKSDNVPSEEVVK,KRPLIETNGETGEIVWDK,865,1059,2,1,866,1059,,-1,4,0,1.007276,5.375813
Scan: 1055151 Run: DIA12_CV48:20251228_A2_N1_Mueller_MS_TechHub_IMP_THIDDIAXL003_Cas9_PhoX_DIA12_CV48_250ng_FAIMS_002 P1_KSEETITPWNFEEVVDKGASAQSFIER P2_EDIQKAQVSGQGDSLHEHIANLAGSPAIK 17 5,DIA12_CV48:20251228_A2_N1_Mueller_MS_TechHub_IMP_THIDDIAXL003_Cas9_PhoX_DIA12_CV48_250ng_FAIMS_002,1055151,,,Q99ZW2,,,false,Q99ZW2,Q99ZW2,,false,EDIQKAQVSGQGDSLHEHIANLAGSPAIK,KSEETITPWNFEEVVDKGASAQSFIER,706,468,5,17,710,484,,-1,6,0,1.007276,5.373409
Scan: 1305289 Run: DIA12_CV48:20251228_A2_N1_Mueller_MS_TechHub_IMP_THIDDIAXL003_Cas9_PhoX_DIA12_CV48_250ng_FAIMS_003 P1_TEVQTGGFSKESILPK P2_SSFEKNPIDFLEAK 10 5,DIA12_CV48:20251228_A2_N1_Mueller_MS_TechHub_IMP_THIDDIAXL003_Cas9_PhoX_DIA12_CV48_250ng_FAIMS_003,1305289,,,Q99ZW2,,,false,Q99ZW2,Q99ZW2,,false,SSFEKNPIDFLEAK,TEVQTGGFSKESILPK,1172,1098,5,10,1176,1107,,-1,4,0,1.007276,5.366687
Scan: 854201 Run: DIA12_CV48:20251228_A2_N1_Mueller_MS_TechHub_IMP_THIDDIAXL003_Cas9_PhoX_DIA12_CV48_250ng_FAIMS_002 P1_YKEIFFDQSK P2_YKEIFFDQSK 2 2,DIA12_CV48:20251228_A2_N1_Mueller_MS_TechHub_IMP_THIDDIAXL003_Cas9_PhoX_DIA12_CV48_250ng_FAIMS_002,854201,,,Q99ZW2,,,false,Q99ZW2,Q99ZW2,,false,YKEIFFDQSK,YKEIFFDQSK,347,347,2,2,348,348,,-1,4,0,1.007276,5.352813
Scan: 1305940 Run: DIA12_CV48:20251228_A2_N1_Mueller_MS_TechHub_IMP_THIDDIAXL003_Cas9_PhoX_DIA12_CV48_250ng_FAIMS_003 P1_SSFEKNPIDFLEAK P2_NSDKLIAR 5 4,DIA12_CV48:20251228_A2_N1_Mueller_MS_TechHub_IMP_THIDDIAXL003_Cas9_PhoX_DIA12_CV48_250ng_FAIMS_003,1305940,,,Q99ZW2,,,false,Q99ZW2,Q99ZW2,,false,NSDKLIAR,SSFEKNPIDFLEAK,1115,1172,4,5,1118,1176,,-1,3,0,1.007276,5.342239
Scan: 1579092 Run: DIA12_CV48:20251228_A2_N1_Mueller_MS_TechHub_IMP_THIDDIAXL003_Cas9_PhoX_DIA12_CV48_250ng_FAIMS_003 P1_KPAFLSGEQK P2_KPAFLSGEQK 1 1,DIA12_CV48:20251228_A2_N1_Mueller_MS_TechHub_IMP_THIDDIAXL003_Cas9_PhoX_DIA12_CV48_250ng_FAIMS_003,1579092,,,Q99ZW2,,,false,Q99ZW2,Q99ZW2,,false,KPAFLSGEQK,KPAFLSGEQK,536,536,1,1,536,536,,-1,3,0,1.007276,5.339531
Scan: 172999 Run: DIA12_CV48:20251228_A2_N1_Mueller_MS_TechHub_IMP_THIDDIAXL003_Cas9_PhoX_DIA12_CV48_250ng_FAIMS_001 P1_KDFQFYK P2_GSPEDNEQKQLFVEQHK 1 9,DIA12_CV48:20251228_A2_N1_Mueller_MS_TechHub_IMP_THIDDIAXL003_Cas9_PhoX_DIA12_CV48_250ng_FAIMS_001,172999,,,Q99ZW2,,,false,Q99ZW2,Q99ZW2,,false,GSPEDNEQKQLFVEQHK,KDFQFYK,1247,968,9,1,1255,968,,-1,3,0,1.007276,5.333781
Scan: 1541550 Run: DIA12_CV48:20251228_A2_N1_Mueller_MS_TechHub_IMP_THIDDIAXL003_Cas9_PhoX_DIA12_CV48_250ng_FAIMS_003 P1_SEETITPWNFEEVVDKGASAQSFIER P2_KPAFLSGEQK 16 1,DIA12_CV48:20251228_A2_N1_Mueller_MS_TechHub_IMP_THIDDIAXL003_Cas9_PhoX_DIA12_CV48_250ng_FAIMS_003,1541550,,,Q99ZW2,,,false,Q99ZW2,Q99ZW2,,false,KPAFLSGEQK,SEETITPWNFEEVVDKGASAQSFIER,536,469,1,16,536,484,,-1,4,0,1.007276,5.326789
Scan: 1572588 Run: DIA12_CV48:20251228_A2_N1_Mueller_MS_TechHub_IMP_THIDDIAXL003_Cas9_PhoX_DIA12_CV48_250ng_FAIMS_003 P1_KYGGFDSPTVAYSVLVVAK P2_KPAFLSGEQK 1 1,DIA12_CV48:20251228_A2_N1_Mueller_MS_TechHub_IMP_THIDDIAXL003_Cas9_PhoX_DIA12_CV48_250ng_FAIMS_003,1572588,,,Q99ZW2,,,false,Q99ZW2,Q99ZW2,,false,KPAFLSGEQK,KYGGFDSPTVAYSVLVVAK,536,1130,1,1,536,1130,,-1,3,0,1.007276,5.316248
Scan: 901285 Run: DIA12_CV48:20251228_A2_N1_Mueller_MS_TechHub_IMP_THIDDIAXL003_Cas9_PhoX_DIA12_CV48_250ng_FAIMS_002 P1_KSEETITPWNFEEVVDK P2_KFKVLGNTDR 1 1,DIA12_CV48:20251228_A2_N1_Mueller_MS_TechHub_IMP_THIDDIAXL003_Cas9_PhoX_DIA12_CV48_250ng_FAIMS_002,901285,,,Q99ZW2,,,false,Q99ZW2,Q99ZW2,,false,KFKVLGNTDR,KSEETITPWNFEEVVDK,31,468,1,1,31,468,,-1,4,0,1.007276,5.315088
Scan: 960896 Run: DIA12_CV48:20251228_A2_N1_Mueller_MS_TechHub_IMP_THIDDIAXL003_Cas9_PhoX_DIA12_CV48_250ng_FAIMS_002 P1_VLPKHSLLYEYFTVYNELTK P2_SEETITPWNFEEVVDKGASAQSFIER 4 16,DIA12_CV48:20251228_A2_N1_Mueller_MS_TechHub_IMP_THIDDIAXL003_Cas9_PhoX_DIA12_CV48_250ng_FAIMS_002,960896,,,Q99ZW2,,,false,Q99ZW2,Q99ZW2,,false,SEETITPWNFEEVVDKGASAQSFIER,VLPKHSLLYEYFTVYNELTK,469,507,16,4,484,510,,-1,5,0,1.007276,5.314803
Scan: 710150 Run: DIA12_CV48:20251228_A2_N1_Mueller_MS_TechHub_IMP_THIDDIAXL003_Cas9_PhoX_DIA12_CV48_250ng_FAIMS_002 P1_SSFEKNPIDFLEAK P2_KYGGFDSPTVAYSVLVVAK 5 1,DIA12_CV48:20251228_A2_N1_Mueller_MS_TechHub_IMP_THIDDIAXL003_Cas9_PhoX_DIA12_CV48_250ng_FAIMS_002,710150,,,Q99ZW2,,,false,Q99ZW2,Q99ZW2,,false,KYGGFDSPTVAYSVLVVAK,SSFEKNPIDFLEAK,1130,1172,1,5,1130,1176,,-1,4,0,1.007276,5.299926
Scan: 543911 Run: DIA12_CV48:20251228_A2_N1_Mueller_MS_TechHub_IMP_THIDDIAXL003_Cas9_PhoX_DIA12_CV48_250ng_FAIMS_001 P1_SEQEIGKATAK P2_GKSDNVPSEEVVK 7 2,DIA12_CV48:20251228_A2_N1_Mueller_MS_TechHub_IMP_THIDDIAXL003_Cas9_PhoX_DIA12_CV48_250ng_FAIMS_001,543911,,,Q99ZW2,,,false,Q99ZW2,Q99ZW2,,false,GKSDNVPSEEVVK,SEQEIGKATAK,865,1025,2,7,866,1031,,-1,3,0,1.007276,5.297811
Scan: 1572214 Run: DIA12_CV48:20251228_A2_N1_Mueller_MS_TechHub_IMP_THIDDIAXL003_Cas9_PhoX_DIA12_CV48_250ng_FAIMS_003 P1_KPAFLSGEQK P2_KKDWDPK 1 1,DIA12_CV48:20251228_A2_N1_Mueller_MS_TechHub_IMP_THIDDIAXL003_Cas9_PhoX_DIA12_CV48_250ng_FAIMS_003,1572214,,,Q99ZW2,,,false,Q99ZW2,Q99ZW2,,false,KKDWDPK,KPAFLSGEQK,1123,536,1,1,1123,536,,-1,3,0,1.007276,5.293911
Scan: 243180 Run: DIA12_CV48:20251228_A2_N1_Mueller_MS_TechHub_IMP_THIDDIAXL003_Cas9_PhoX_DIA12_CV48_250ng_FAIMS_001 P1_IEKILTFR P2_FKVLGNTDR 3 2,DIA12_CV48:20251228_A2_N1_Mueller_MS_TechHub_IMP_THIDDIAXL003_Cas9_PhoX_DIA12_CV48_250ng_FAIMS_001,243180,,,Q99ZW2,,,false,Q99ZW2,Q99ZW2,,false,FKVLGNTDR,IEKILTFR,32,440,2,3,33,442,,-1,3,0,1.007276,5.292115
Scan: 1549498 Run: DIA12_CV48:20251228_A2_N1_Mueller_MS_TechHub_IMP_THIDDIAXL003_Cas9_PhoX_DIA12_CV48_250ng_FAIMS_003 P1_MTNFDKNLPNEK P2_IEKILTFR 6 3,DIA12_CV48:20251228_A2_N1_Mueller_MS_TechHub_IMP_THIDDIAXL003_Cas9_PhoX_DIA12_CV48_250ng_FAIMS_003,1549498,,,Q99ZW2,,,false,Q99ZW2,Q99ZW2,,false,IEKILTFR,MTNFDKNLPNEK,440,495,3,6,442,500,,-1,3,0,1.007276,5.289583
Scan: 1579691 Run: DIA12_CV48:20251228_A2_N1_Mueller_MS_TechHub_IMP_THIDDIAXL003_Cas9_PhoX_DIA12_CV48_250ng_FAIMS_003 P1_KPAFLSGEQK P2_KAIVDLLFK 1 1,DIA12_CV48:20251228_A2_N1_Mueller_MS_TechHub_IMP_THIDDIAXL003_Cas9_PhoX_DIA12_CV48_250ng_FAIMS_003,1579691,,,Q99ZW2,,,false,Q99ZW2,Q99ZW2,,false,KAIVDLLFK,KPAFLSGEQK,546,536,1,1,546,536,,-1,3,0,1.007276,5.284353
Scan: 62961 Run: DIA12_CV48:20251228_A2_N1_Mueller_MS_TechHub_IMP_THIDDIAXL003_Cas9_PhoX_DIA12_CV48_250ng_FAIMS_001 P1_NSDKLIAR P2_KTEVQTGGFSKESILPK 4 11,DIA12_CV48:20251228_A2_N1_Mueller_MS_TechHub_IMP_THIDDIAXL003_Cas9_PhoX_DIA12_CV48_250ng_FAIMS_001,62961,,,Q99ZW2,,,false,Q99ZW2,Q99ZW2,,false,KTEVQTGGFSKESILPK,NSDKLIAR,1097,1115,11,4,1107,1118,,-1,3,0,1.007276,5.283065
Scan: 1024587 Run: DIA12_CV48:20251228_A2_N1_Mueller_MS_TechHub_IMP_THIDDIAXL003_Cas9_PhoX_DIA12_CV48_250ng_FAIMS_002 P1_TEVQTGGFSKESILPK P2_KLINGIR 10 1,DIA12_CV48:20251228_A2_N1_Mueller_MS_TechHub_IMP_THIDDIAXL003_Cas9_PhoX_DIA12_CV48_250ng_FAIMS_002,1024587,,,Q99ZW2,,,false,Q99ZW2,Q99ZW2,,false,KLINGIR,TEVQTGGFSKESILPK,665,1098,1,10,665,1107,,-1,4,0,1.007276,5.280622
Scan: 633725 Run: DIA12_CV48:20251228_A2_N1_Mueller_MS_TechHub_IMP_THIDDIAXL003_Cas9_PhoX_DIA12_CV48_250ng_FAIMS_002 P1_SSFEKNPIDFLEAK P2_KTEVQTGGFSK 5 1,DIA12_CV48:20251228_A2_N1_Mueller_MS_TechHub_IMP_THIDDIAXL003_Cas9_PhoX_DIA12_CV48_250ng_FAIMS_002,633725,,,Q99ZW2,,,false,Q99ZW2,Q99ZW2,,false,KTEVQTGGFSK,SSFEKNPIDFLEAK,1097,1172,1,5,1097,1176,,-1,3,0,1.007276,5.280566
Scan: 1436732 Run: DIA12_CV48:20251228_A2_N1_Mueller_MS_TechHub_IMP_THIDDIAXL003_Cas9_PhoX_DIA12_CV48_250ng_FAIMS_003 P1_FKVLGNTDR P2_FKVLGNTDR 2 2,DIA12_CV48:20251228_A2_N1_Mueller_MS_TechHub_IMP_THIDDIAXL003_Cas9_PhoX_DIA12_CV48_250ng_FAIMS_003,1436732,,,Q99ZW2,,,false,Q99ZW2,Q99ZW2,,false,FKVLGNTDR,FKVLGNTDR,32,32,2,2,33,33,,-1,4,0,1.007276,5.279144
Scan: 868303 Run: DIA12_CV48:20251228_A2_N1_Mueller_MS_TechHub_IMP_THIDDIAXL003_Cas9_PhoX_DIA12_CV48_250ng_FAIMS_002 P1_KPAFLSGEQK P2_EIFFDQSKNGYAGYIDGGASQEEFYK 1 8,DIA12_CV48:20251228_A2_N1_Mueller_MS_TechHub_IMP_THIDDIAXL003_Cas9_PhoX_DIA12_CV48_250ng_FAIMS_002,868303,,,Q99ZW2,,,false,Q99ZW2,Q99ZW2,,false,EIFFDQSKNGYAGYIDGGASQEEFYK,KPAFLSGEQK,349,536,8,1,356,536,,-1,4,0,1.007276,5.276787
Scan: 785628 Run: DIA12_CV48:20251228_A2_N1_Mueller_MS_TechHub_IMP_THIDDIAXL003_Cas9_PhoX_DIA12_CV48_250ng_FAIMS_002 P1_KLVDSTDK P2_HPIFGNIVDEVAYHEKYPTIYHLR 1 16,DIA12_CV48:20251228_A2_N1_Mueller_MS_TechHub_IMP_THIDDIAXL003_Cas9_PhoX_DIA12_CV48_250ng_FAIMS_002,785628,,,Q99ZW2,,,false,Q99ZW2,Q99ZW2,,false,HPIFGNIVDEVAYHEKYPTIYHLR,KLVDSTDK,116,141,16,1,131,141,,-1,4,0,1.007276,5.262688
Scan: 854243 Run: DIA12_CV48:20251228_A2_N1_Mueller_MS_TechHub_IMP_THIDDIAXL003_Cas9_PhoX_DIA12_CV48_250ng_FAIMS_002 P1_YKEIFFDQSK P2_YKEIFFDQSK 2 2,DIA12_CV48:20251228_A2_N1_Mueller_MS_TechHub_IMP_THIDDIAXL003_Cas9_PhoX_DIA12_CV48_250ng_FAIMS_002,854243,,,Q99ZW2,,,false,Q99ZW2,Q99ZW2,,false,YKEIFFDQSK,YKEIFFDQSK,347,347,2,2,348,348,,-1,3,0,1.007276,5.256071
Scan: 907611 Run: DIA12_CV48:20251228_A2_N1_Mueller_MS_TechHub_IMP_THIDDIAXL003_Cas9_PhoX_DIA12_CV48_250ng_FAIMS_002 P1_KSEETITPWNFEEVVDK P2_KLINGIR 1 1,DIA12_CV48:20251228_A2_N1_Mueller_MS_TechHub_IMP_THIDDIAXL003_Cas9_PhoX_DIA12_CV48_250ng_FAIMS_002,907611,,,Q99ZW2,,,false,Q99ZW2,Q99ZW2,,false,KLINGIR,KSEETITPWNFEEVVDK,665,468,1,1,665,468,,-1,3,0,1.007276,5.251935
Scan: 164261 Run: DIA12_CV48:20251228_A2_N1_Mueller_MS_TechHub_IMP_THIDDIAXL003_Cas9_PhoX_DIA12_CV48_250ng_FAIMS_001 P1_LKGSPEDNEQK P2_DDSIDNKVLTR 2 7,DIA12_CV48:20251228_A2_N1_Mueller_MS_TechHub_IMP_THIDDIAXL003_Cas9_PhoX_DIA12_CV48_250ng_FAIMS_001,164261,,,Q99ZW2,,,false,Q99ZW2,Q99ZW2,,false,DDSIDNKVLTR,LKGSPEDNEQK,849,1245,7,2,855,1246,,-1,3,0,1.007276,5.247546
Scan: 1311703 Run: DIA12_CV48:20251228_A2_N1_Mueller_MS_TechHub_IMP_THIDDIAXL003_Cas9_PhoX_DIA12_CV48_250ng_FAIMS_003 P1_SSFEKNPIDFLEAK P2_NLPNEKVLPK 5 6,DIA12_CV48:20251228_A2_N1_Mueller_MS_TechHub_IMP_THIDDIAXL003_Cas9_PhoX_DIA12_CV48_250ng_FAIMS_003,1311703,,,Q99ZW2,,,false,Q99ZW2,Q99ZW2,,false,NLPNEKVLPK,SSFEKNPIDFLEAK,501,1172,6,5,506,1176,,-1,4,0,1.007276,5.243361
Scan: 580419 Run: DIA12_CV48:20251228_A2_N1_Mueller_MS_TechHub_IMP_THIDDIAXL003_Cas9_PhoX_DIA12_CV48_250ng_FAIMS_001 P1_MNTKYDENDKLIR P2_KSEETITPWNFEEVVDK 4 1,DIA12_CV48:20251228_A2_N1_Mueller_MS_TechHub_IMP_THIDDIAXL003_Cas9_PhoX_DIA12_CV48_250ng_FAIMS_001,580419,,,Q99ZW2,,,false,Q99ZW2,Q99ZW2,,false,KSEETITPWNFEEVVDK,MNTKYDENDKLIR,468,939,1,4,468,942,,-1,4,0,1.007276,5.241891
Scan: 384178 Run: DIA12_CV48:20251228_A2_N1_Mueller_MS_TechHub_IMP_THIDDIAXL003_Cas9_PhoX_DIA12_CV48_250ng_FAIMS_001 P1_VKYVTEGMR P2_KPAFLSGEQK 2 1,DIA12_CV48:20251228_A2_N1_Mueller_MS_TechHub_IMP_THIDDIAXL003_Cas9_PhoX_DIA12_CV48_250ng_FAIMS_001,384178,,,Q99ZW2,,,false,Q99ZW2,Q99ZW2,,false,KPAFLSGEQK,VKYVTEGMR,536,527,1,2,536,528,,-1,4,0,1.007276,5.237957
Scan: 245413 Run: DIA12_CV48:20251228_A2_N1_Mueller_MS_TechHub_IMP_THIDDIAXL003_Cas9_PhoX_DIA12_CV48_250ng_FAIMS_001 P1_GKSDNVPSEEVVK P2_FKVLGNTDR 2 2,DIA12_CV48:20251228_A2_N1_Mueller_MS_TechHub_IMP_THIDDIAXL003_Cas9_PhoX_DIA12_CV48_250ng_FAIMS_001,245413,,,Q99ZW2,,,false,Q99ZW2,Q99ZW2,,false,FKVLGNTDR,GKSDNVPSEEVVK,32,865,2,2,33,866,,-1,3,0,1.007276,5.227298
Scan: 841046 Run: DIA12_CV48:20251228_A2_N1_Mueller_MS_TechHub_IMP_THIDDIAXL003_Cas9_PhoX_DIA12_CV48_250ng_FAIMS_002 P1_KPAFLSGEQK P2_FKVLGNTDR 1 2,DIA12_CV48:20251228_A2_N1_Mueller_MS_TechHub_IMP_THIDDIAXL003_Cas9_PhoX_DIA12_CV48_250ng_FAIMS_002,841046,,,Q99ZW2,,,false,Q99ZW2,Q99ZW2,,false,FKVLGNTDR,KPAFLSGEQK,32,536,2,1,33,536,,-1,4,0,1.007276,5.215904
Scan: 1648051 Run: DIA12_CV48:20251228_A2_N1_Mueller_MS_TechHub_IMP_THIDDIAXL003_Cas9_PhoX_DIA12_CV48_250ng_FAIMS_003 P1_KYGGFDSPTVAYSVLVVAK P2_EDIQKAQVSGQGDSLHEHIANLAGSPAIK 1 5,DIA12_CV48:20251228_A2_N1_Mueller_MS_TechHub_IMP_THIDDIAXL003_Cas9_PhoX_DIA12_CV48_250ng_FAIMS_003,1648051,,,Q99ZW2,,,false,Q99ZW2,Q99ZW2,,false,EDIQKAQVSGQGDSLHEHIANLAGSPAIK,KYGGFDSPTVAYSVLVVAK,706,1130,5,1,710,1130,,-1,5,0,1.007276,5.215659
Scan: 1300372 Run: DIA12_CV48:20251228_A2_N1_Mueller_MS_TechHub_IMP_THIDDIAXL003_Cas9_PhoX_DIA12_CV48_250ng_FAIMS_003 P1_KYGGFDSPTVAYSVLVVAK P2_DKQSGK 1 2,DIA12_CV48:20251228_A2_N1_Mueller_MS_TechHub_IMP_THIDDIAXL003_Cas9_PhoX_DIA12_CV48_250ng_FAIMS_003,1300372,,,Q99ZW2,,,false,Q99ZW2,Q99ZW2,,false,DKQSGK,KYGGFDSPTVAYSVLVVAK,672,1130,2,1,673,1130,,-1,3,0,1.007276,5.211979
Scan: 856126 Run: DIA12_CV48:20251228_A2_N1_Mueller_MS_TechHub_IMP_THIDDIAXL003_Cas9_PhoX_DIA12_CV48_250ng_FAIMS_002 P1_YKEIFFDQSK P2_VLPKHSLLYEYFTVYNELTK 2 4,DIA12_CV48:20251228_A2_N1_Mueller_MS_TechHub_IMP_THIDDIAXL003_Cas9_PhoX_DIA12_CV48_250ng_FAIMS_002,856126,,,Q99ZW2,,,false,Q99ZW2,Q99ZW2,,false,VLPKHSLLYEYFTVYNELTK,YKEIFFDQSK,507,347,4,2,510,348,,-1,4,0,1.007276,5.207078
Scan: 839650 Run: DIA12_CV48:20251228_A2_N1_Mueller_MS_TechHub_IMP_THIDDIAXL003_Cas9_PhoX_DIA12_CV48_250ng_FAIMS_002 P1_FKVLGNTDR P2_FKVLGNTDR 2 2,DIA12_CV48:20251228_A2_N1_Mueller_MS_TechHub_IMP_THIDDIAXL003_Cas9_PhoX_DIA12_CV48_250ng_FAIMS_002,839650,,,Q99ZW2,,,false,Q99ZW2,Q99ZW2,,false,FKVLGNTDR,FKVLGNTDR,32,32,2,2,33,33,,-1,3,0,1.007276,5.205019
Scan: 1235374 Run: DIA12_CV48:20251228_A2_N1_Mueller_MS_TechHub_IMP_THIDDIAXL003_Cas9_PhoX_DIA12_CV48_250ng_FAIMS_003 P1_KTEVQTGGFSK P2_ELGSQILKEHPVENTQLQNEK 1 8,DIA12_CV48:20251228_A2_N1_Mueller_MS_TechHub_IMP_THIDDIAXL003_Cas9_PhoX_DIA12_CV48_250ng_FAIMS_003,1235374,,,Q99ZW2,,,false,Q99ZW2,Q99ZW2,,false,ELGSQILKEHPVENTQLQNEK,KTEVQTGGFSK,790,1097,8,1,797,1097,,-1,4,0,1.007276,5.204952
Scan: 1539857 Run: DIA12_CV48:20251228_A2_N1_Mueller_MS_TechHub_IMP_THIDDIAXL003_Cas9_PhoX_DIA12_CV48_250ng_FAIMS_003 P1_SEETITPWNFEEVVDKGASAQSFIER P2_MTNFDKNLPNEK 16 6,DIA12_CV48:20251228_A2_N1_Mueller_MS_TechHub_IMP_THIDDIAXL003_Cas9_PhoX_DIA12_CV48_250ng_FAIMS_003,1539857,,,Q99ZW2,,,false,Q99ZW2,Q99ZW2,,false,MTNFDKNLPNEK,SEETITPWNFEEVVDKGASAQSFIER,495,469,6,16,500,484,,-1,4,0,1.007276,5.203429
Scan: 712614 Run: DIA12_CV48:20251228_A2_N1_Mueller_MS_TechHub_IMP_THIDDIAXL003_Cas9_PhoX_DIA12_CV48_250ng_FAIMS_002 P1_SSFEKNPIDFLEAK P2_FKVLGNTDR 5 2,DIA12_CV48:20251228_A2_N1_Mueller_MS_TechHub_IMP_THIDDIAXL003_Cas9_PhoX_DIA12_CV48_250ng_FAIMS_002,712614,,,Q99ZW2,,,false,Q99ZW2,Q99ZW2,,false,FKVLGNTDR,SSFEKNPIDFLEAK,32,1172,2,5,33,1176,,-1,3,0,1.007276,5.199284
Scan: 348784 Run: DIA12_CV48:20251228_A2_N1_Mueller_MS_TechHub_IMP_THIDDIAXL003_Cas9_PhoX_DIA12_CV48_250ng_FAIMS_001 P1_KSEETITPWNFEEVVDKGASAQSFIER P2_KLINGIR 17 1,DIA12_CV48:20251228_A2_N1_Mueller_MS_TechHub_IMP_THIDDIAXL003_Cas9_PhoX_DIA12_CV48_250ng_FAIMS_001,348784,,,Q99ZW2,,,false,Q99ZW2,Q99ZW2,,false,KLINGIR,KSEETITPWNFEEVVDKGASAQSFIER,665,468,1,17,665,484,,-1,4,0,1.007276,5.195382
Scan: 95979 Run: DIA12_CV48:20251228_A2_N1_Mueller_MS_TechHub_IMP_THIDDIAXL003_Cas9_PhoX_DIA12_CV48_250ng_FAIMS_001 P1_KKDWDPK P2_DKQSGK 1 2,DIA12_CV48:20251228_A2_N1_Mueller_MS_TechHub_IMP_THIDDIAXL003_Cas9_PhoX_DIA12_CV48_250ng_FAIMS_001,95979,,,Q99ZW2,,,false,Q99ZW2,Q99ZW2,,false,DKQSGK,KKDWDPK,672,1123,2,1,673,1123,,-1,4,0,1.007276,5.191541
Scan: 787539 Run: DIA12_CV48:20251228_A2_N1_Mueller_MS_TechHub_IMP_THIDDIAXL003_Cas9_PhoX_DIA12_CV48_250ng_FAIMS_002 P1_KPAFLSGEQK P2_HPIFGNIVDEVAYHEKYPTIYHLR 1 16,DIA12_CV48:20251228_A2_N1_Mueller_MS_TechHub_IMP_THIDDIAXL003_Cas9_PhoX_DIA12_CV48_250ng_FAIMS_002,787539,,,Q99ZW2,,,false,Q99ZW2,Q99ZW2,,false,HPIFGNIVDEVAYHEKYPTIYHLR,KPAFLSGEQK,116,536,16,1,131,536,,-1,5,0,1.007276,5.189513
Scan: 1506950 Run: DIA12_CV48:20251228_A2_N1_Mueller_MS_TechHub_IMP_THIDDIAXL003_Cas9_PhoX_DIA12_CV48_250ng_FAIMS_003 P1_KSEETITPWNFEEVVDK P2_GILQTVKVVDELVK 1 7,DIA12_CV48:20251228_A2_N1_Mueller_MS_TechHub_IMP_THIDDIAXL003_Cas9_PhoX_DIA12_CV48_250ng_FAIMS_003,1506950,,,Q99ZW2,,,false,Q99ZW2,Q99ZW2,,false,GILQTVKVVDELVK,KSEETITPWNFEEVVDK,736,468,7,1,742,468,,-1,4,0,1.007276,5.188476
Scan: 1001748 Run: DIA12_CV48:20251228_A2_N1_Mueller_MS_TechHub_IMP_THIDDIAXL003_Cas9_PhoX_DIA12_CV48_250ng_FAIMS_002 P1_KAIVDLLFK P2_KAIVDLLFK 1 1,DIA12_CV48:20251228_A2_N1_Mueller_MS_TechHub_IMP_THIDDIAXL003_Cas9_PhoX_DIA12_CV48_250ng_FAIMS_002,1001748,,,Q99ZW2,,,false,Q99ZW2,Q99ZW2,,false,KAIVDLLFK,KAIVDLLFK,546,546,1,1,546,546,,-1,3,0,1.007276,5.181094
Scan: 376712 Run: DIA12_CV48:20251228_A2_N1_Mueller_MS_TechHub_IMP_THIDDIAXL003_Cas9_PhoX_DIA12_CV48_250ng_FAIMS_001 P1_SEQEIGKATAK P2_KPAFLSGEQK 7 1,DIA12_CV48:20251228_A2_N1_Mueller_MS_TechHub_IMP_THIDDIAXL003_Cas9_PhoX_DIA12_CV48_250ng_FAIMS_001,376712,,,Q99ZW2,,,false,Q99ZW2,Q99ZW2,,false,KPAFLSGEQK,SEQEIGKATAK,536,1025,1,7,536,1031,,-1,3,0,1.007276,5.176054
Scan: 427920 Run: DIA12_CV48:20251228_A2_N1_Mueller_MS_TechHub_IMP_THIDDIAXL003_Cas9_PhoX_DIA12_CV48_250ng_FAIMS_001 P1_KLINGIR P2_KDWDPK 1 1,DIA12_CV48:20251228_A2_N1_Mueller_MS_TechHub_IMP_THIDDIAXL003_Cas9_PhoX_DIA12_CV48_250ng_FAIMS_001,427920,,,Q99ZW2,,,false,Q99ZW2,Q99ZW2,,false,KDWDPK,KLINGIR,1124,665,1,1,1124,665,,-1,4,0,1.007276,5.174365
Scan: 64235 Run: DIA12_CV48:20251228_A2_N1_Mueller_MS_TechHub_IMP_THIDDIAXL003_Cas9_PhoX_DIA12_CV48_250ng_FAIMS_001 P1_KTEVQTGGFSKESILPK P2_KKDWDPKK 11 1,DIA12_CV48:20251228_A2_N1_Mueller_MS_TechHub_IMP_THIDDIAXL003_Cas9_PhoX_DIA12_CV48_250ng_FAIMS_001,64235,,,Q99ZW2,,,false,Q99ZW2,Q99ZW2,,false,KKDWDPKK,KTEVQTGGFSKESILPK,1123,1097,1,11,1123,1107,,-1,5,0,1.007276,5.172828
Scan: 105967 Run: DIA12_CV48:20251228_A2_N1_Mueller_MS_TechHub_IMP_THIDDIAXL003_Cas9_PhoX_DIA12_CV48_250ng_FAIMS_001 P1_KYGGFDSPTVAYSVLVVAK P2_KLINGIR 1 1,DIA12_CV48:20251228_A2_N1_Mueller_MS_TechHub_IMP_THIDDIAXL003_Cas9_PhoX_DIA12_CV48_250ng_FAIMS_001,105967,,,Q99ZW2,,,false,Q99ZW2,Q99ZW2,,false,KLINGIR,KYGGFDSPTVAYSVLVVAK,665,1130,1,1,665,1130,,-1,3,0,1.007276,5.168078
Scan: 22081 Run: DIA12_CV48:20251228_A2_N1_Mueller_MS_TechHub_IMP_THIDDIAXL003_Cas9_PhoX_DIA12_CV48_250ng_FAIMS_001 P1_YKEIFFDQSK P2_KRPLIETNGETGEIVWDK 2 1,DIA12_CV48:20251228_A2_N1_Mueller_MS_TechHub_IMP_THIDDIAXL003_Cas9_PhoX_DIA12_CV48_250ng_FAIMS_001,22081,,,Q99ZW2,,,false,Q99ZW2,Q99ZW2,,false,KRPLIETNGETGEIVWDK,YKEIFFDQSK,1059,347,1,2,1059,348,,-1,4,0,1.007276,5.166673
Scan: 1277436 Run: DIA12_CV48:20251228_A2_N1_Mueller_MS_TechHub_IMP_THIDDIAXL003_Cas9_PhoX_DIA12_CV48_250ng_FAIMS_003 P1_NSDKLIAR P2_KDWDPK 4 1,DIA12_CV48:20251228_A2_N1_Mueller_MS_TechHub_IMP_THIDDIAXL003_Cas9_PhoX_DIA12_CV48_250ng_FAIMS_003,1277436,,,Q99ZW2,,,false,Q99ZW2,Q99ZW2,,false,KDWDPK,NSDKLIAR,1124,1115,1,4,1124,1118,,-1,3,0,1.007276,5.161964
Scan: 976737 Run: DIA12_CV48:20251228_A2_N1_Mueller_MS_TechHub_IMP_THIDDIAXL003_Cas9_PhoX_DIA12_CV48_250ng_FAIMS_002 P1_LKGSPEDNEQK P2_KPAFLSGEQK 2 1,DIA12_CV48:20251228_A2_N1_Mueller_MS_TechHub_IMP_THIDDIAXL003_Cas9_PhoX_DIA12_CV48_250ng_FAIMS_002,976737,,,Q99ZW2,,,false,Q99ZW2,Q99ZW2,,false,KPAFLSGEQK,LKGSPEDNEQK,536,1245,1,2,536,1246,,-1,3,0,1.007276,5.161101
Scan: 188983 Run: DIA12_CV48:20251228_A2_N1_Mueller_MS_TechHub_IMP_THIDDIAXL003_Cas9_PhoX_DIA12_CV48_250ng_FAIMS_001 P1_KLVDSTDKADLR P2_HPIFGNIVDEVAYHEKYPTIYHLR 1 16,DIA12_CV48:20251228_A2_N1_Mueller_MS_TechHub_IMP_THIDDIAXL003_Cas9_PhoX_DIA12_CV48_250ng_FAIMS_001,188983,,,Q99ZW2,,,false,Q99ZW2,Q99ZW2,,false,HPIFGNIVDEVAYHEKYPTIYHLR,KLVDSTDKADLR,116,141,16,1,131,141,,-1,5,0,1.007276,5.155858
Scan: 986889 Run: DIA12_CV48:20251228_A2_N1_Mueller_MS_TechHub_IMP_THIDDIAXL003_Cas9_PhoX_DIA12_CV48_250ng_FAIMS_002 P1_YDENDKLIR P2_KPAFLSGEQK 6 1,DIA12_CV48:20251228_A2_N1_Mueller_MS_TechHub_IMP_THIDDIAXL003_Cas9_PhoX_DIA12_CV48_250ng_FAIMS_002,986889,,,Q99ZW2,,,false,Q99ZW2,Q99ZW2,,false,KPAFLSGEQK,YDENDKLIR,536,943,1,6,536,948,,-1,3,0,1.007276,5.152576
Scan: 1652610 Run: DIA12_CV48:20251228_A2_N1_Mueller_MS_TechHub_IMP_THIDDIAXL003_Cas9_PhoX_DIA12_CV48_250ng_FAIMS_003 P1_KPAFLSGEQK P2_EDIQKAQVSGQGDSLHEHIANLAGSPAIK 1 5,DIA12_CV48:20251228_A2_N1_Mueller_MS_TechHub_IMP_THIDDIAXL003_Cas9_PhoX_DIA12_CV48_250ng_FAIMS_003,1652610,,,Q99ZW2,,,false,Q99ZW2,Q99ZW2,,false,EDIQKAQVSGQGDSLHEHIANLAGSPAIK,KPAFLSGEQK,706,536,5,1,710,536,,-1,4,0,1.007276,5.144569
Scan: 687532 Run: DIA12_CV48:20251228_A2_N1_Mueller_MS_TechHub_IMP_THIDDIAXL003_Cas9_PhoX_DIA12_CV48_250ng_FAIMS_002 P1_NSDKLIAR P2_KLINGIR 4 1,DIA12_CV48:20251228_A2_N1_Mueller_MS_TechHub_IMP_THIDDIAXL003_Cas9_PhoX_DIA12_CV48_250ng_FAIMS_002,687532,,,Q99ZW2,,,false,Q99ZW2,Q99ZW2,,false,KLINGIR,NSDKLIAR,665,1115,1,4,665,1118,,-1,4,0,1.007276,5.143099
Scan: 300666 Run: DIA12_CV48:20251228_A2_N1_Mueller_MS_TechHub_IMP_THIDDIAXL003_Cas9_PhoX_DIA12_CV48_250ng_FAIMS_001 P1_NSDKLIAR P2_KSEETITPWNFEEVVDK 4 1,DIA12_CV48:20251228_A2_N1_Mueller_MS_TechHub_IMP_THIDDIAXL003_Cas9_PhoX_DIA12_CV48_250ng_FAIMS_001,300666,,,Q99ZW2,,,false,Q99ZW2,Q99ZW2,,false,KSEETITPWNFEEVVDK,NSDKLIAR,468,1115,1,4,468,1118,,-1,3,0,1.007276,5.141701
Scan: 143479 Run: DIA12_CV48:20251228_A2_N1_Mueller_MS_TechHub_IMP_THIDDIAXL003_Cas9_PhoX_DIA12_CV48_250ng_FAIMS_001 P1_LPKYSLFELENGR P2_KDWDPK 3 1,DIA12_CV48:20251228_A2_N1_Mueller_MS_TechHub_IMP_THIDDIAXL003_Cas9_PhoX_DIA12_CV48_250ng_FAIMS_001,143479,,,Q99ZW2,,,false,Q99ZW2,Q99ZW2,,false,KDWDPK,LPKYSLFELENGR,1124,1198,1,3,1124,1200,,-1,3,0,1.007276,5.138755
Scan: 181979 Run: DIA12_CV48:20251228_A2_N1_Mueller_MS_TechHub_IMP_THIDDIAXL003_Cas9_PhoX_DIA12_CV48_250ng_FAIMS_001 P1_VILADANLDKVLSAYNK P2_NSDKLIAR 10 4,DIA12_CV48:20251228_A2_N1_Mueller_MS_TechHub_IMP_THIDDIAXL003_Cas9_PhoX_DIA12_CV48_250ng_FAIMS_001,181979,,,Q99ZW2,,,false,Q99ZW2,Q99ZW2,,false,NSDKLIAR,VILADANLDKVLSAYNK,1115,1280,4,10,1118,1289,,-1,4,0,1.007276,5.137583
Scan: 940908 Run: DIA12_CV48:20251228_A2_N1_Mueller_MS_TechHub_IMP_THIDDIAXL003_Cas9_PhoX_DIA12_CV48_250ng_FAIMS_002 P1_YKEIFFDQSK P2_SEETITPWNFEEVVDKGASAQSFIER 2 16,DIA12_CV48:20251228_A2_N1_Mueller_MS_TechHub_IMP_THIDDIAXL003_Cas9_PhoX_DIA12_CV48_250ng_FAIMS_002,940908,,,Q99ZW2,,,false,Q99ZW2,Q99ZW2,,false,SEETITPWNFEEVVDKGASAQSFIER,YKEIFFDQSK,469,347,16,2,484,348,,-1,4,0,1.007276,5.13592
Scan: 510974 Run: DIA12_CV48:20251228_A2_N1_Mueller_MS_TechHub_IMP_THIDDIAXL003_Cas9_PhoX_DIA12_CV48_250ng_FAIMS_001 P1_LKGSPEDNEQK P2_GQKNSR 2 3,DIA12_CV48:20251228_A2_N1_Mueller_MS_TechHub_IMP_THIDDIAXL003_Cas9_PhoX_DIA12_CV48_250ng_FAIMS_001,510974,,,Q99ZW2,,,false,Q99ZW2,Q99ZW2,,false,GQKNSR,LKGSPEDNEQK,773,1245,3,2,775,1246,,-1,3,0,1.007276,5.135186
Scan: 250814 Run: DIA12_CV48:20251228_A2_N1_Mueller_MS_TechHub_IMP_THIDDIAXL003_Cas9_PhoX_DIA12_CV48_250ng_FAIMS_001 P1_YDEHHQDLTLLKALVR P2_KPAFLSGEQK 12 1,DIA12_CV48:20251228_A2_N1_Mueller_MS_TechHub_IMP_THIDDIAXL003_Cas9_PhoX_DIA12_CV48_250ng_FAIMS_001,250814,,,Q99ZW2,,,false,Q99ZW2,Q99ZW2,,false,KPAFLSGEQK,YDEHHQDLTLLKALVR,536,325,1,12,536,336,,-1,4,0,1.007276,5.132303
Scan: 384886 Run: DIA12_CV48:20251228_A2_N1_Mueller_MS_TechHub_IMP_THIDDIAXL003_Cas9_PhoX_DIA12_CV48_250ng_FAIMS_001 P1_KPAFLSGEQK P2_KPAFLSGEQK 1 1,DIA12_CV48:20251228_A2_N1_Mueller_MS_TechHub_IMP_THIDDIAXL003_Cas9_PhoX_DIA12_CV48_250ng_FAIMS_001,384886,,,Q99ZW2,,,false,Q99ZW2,Q99ZW2,,false,KPAFLSGEQK,KPAFLSGEQK,536,536,1,1,536,536,,-1,4,0,1.007276,5.130057
Scan: 147061 Run: DIA12_CV48:20251228_A2_N1_Mueller_MS_TechHub_IMP_THIDDIAXL003_Cas9_PhoX_DIA12_CV48_250ng_FAIMS_001 P1_SKLVSDFR P2_LPKYSLFELENGR 2 3,DIA12_CV48:20251228_A2_N1_Mueller_MS_TechHub_IMP_THIDDIAXL003_Cas9_PhoX_DIA12_CV48_250ng_FAIMS_001,147061,,,Q99ZW2,,,false,Q99ZW2,Q99ZW2,,false,LPKYSLFELENGR,SKLVSDFR,1198,960,3,2,1200,961,,-1,3,0,1.007276,5.129419
Scan: 1001972 Run: DIA12_CV48:20251228_A2_N1_Mueller_MS_TechHub_IMP_THIDDIAXL003_Cas9_PhoX_DIA12_CV48_250ng_FAIMS_002 P1_TILDFLKSDGFANR P2_KAIVDLLFK 7 1,DIA12_CV48:20251228_A2_N1_Mueller_MS_TechHub_IMP_THIDDIAXL003_Cas9_PhoX_DIA12_CV48_250ng_FAIMS_002,1001972,,,Q99ZW2,,,false,Q99ZW2,Q99ZW2,,false,KAIVDLLFK,TILDFLKSDGFANR,546,678,1,7,546,684,,-1,4,0,1.007276,5.123651
Scan: 1448834 Run: DIA12_CV48:20251228_A2_N1_Mueller_MS_TechHub_IMP_THIDDIAXL003_Cas9_PhoX_DIA12_CV48_250ng_FAIMS_003 P1_YKEIFFDQSK P2_KKDWDPK 2 1,DIA12_CV48:20251228_A2_N1_Mueller_MS_TechHub_IMP_THIDDIAXL003_Cas9_PhoX_DIA12_CV48_250ng_FAIMS_003,1448834,,,Q99ZW2,,,false,Q99ZW2,Q99ZW2,,false,KKDWDPK,YKEIFFDQSK,1123,347,1,2,1123,348,,-1,3,0,1.007276,5.121504
Scan: 1143719 Run: DIA12_CV48:20251228_A2_N1_Mueller_MS_TechHub_IMP_THIDDIAXL003_Cas9_PhoX_DIA12_CV48_250ng_FAIMS_002 P1_KLINGIR P2_GKSDNVPSEEVVK 1 2,DIA12_CV48:20251228_A2_N1_Mueller_MS_TechHub_IMP_THIDDIAXL003_Cas9_PhoX_DIA12_CV48_250ng_FAIMS_002,1143719,,,Q99ZW2,,,false,Q99ZW2,Q99ZW2,,false,GKSDNVPSEEVVK,KLINGIR,865,665,2,1,866,665,,-1,3,0,1.007276,5.120805
Scan: 462374 Run: DIA12_CV48:20251228_A2_N1_Mueller_MS_TechHub_IMP_THIDDIAXL003_Cas9_PhoX_DIA12_CV48_250ng_FAIMS_001 P1_GILQTVKVVDELVK P2_EDIQKAQVSGQGDSLHEHIANLAGSPAIK 7 5,DIA12_CV48:20251228_A2_N1_Mueller_MS_TechHub_IMP_THIDDIAXL003_Cas9_PhoX_DIA12_CV48_250ng_FAIMS_001,462374,,,Q99ZW2,,,false,Q99ZW2,Q99ZW2,,false,EDIQKAQVSGQGDSLHEHIANLAGSPAIK,GILQTVKVVDELVK,706,736,5,7,710,742,,-1,5,0,1.007276,5.120512
Scan: 1314175 Run: DIA12_CV48:20251228_A2_N1_Mueller_MS_TechHub_IMP_THIDDIAXL003_Cas9_PhoX_DIA12_CV48_250ng_FAIMS_003 P1_SSFEKNPIDFLEAK P2_EDIQKAQVSGQGDSLHEHIANLAGSPAIKK 5 5,DIA12_CV48:20251228_A2_N1_Mueller_MS_TechHub_IMP_THIDDIAXL003_Cas9_PhoX_DIA12_CV48_250ng_FAIMS_003,1314175,,,Q99ZW2,,,false,Q99ZW2,Q99ZW2,,false,EDIQKAQVSGQGDSLHEHIANLAGSPAIKK,SSFEKNPIDFLEAK,706,1172,5,5,710,1176,,-1,6,0,1.007276,5.118819
Scan: 841312 Run: DIA12_CV48:20251228_A2_N1_Mueller_MS_TechHub_IMP_THIDDIAXL003_Cas9_PhoX_DIA12_CV48_250ng_FAIMS_002 P1_KAIVDLLFK P2_FKVLGNTDR 1 2,DIA12_CV48:20251228_A2_N1_Mueller_MS_TechHub_IMP_THIDDIAXL003_Cas9_PhoX_DIA12_CV48_250ng_FAIMS_002,841312,,,Q99ZW2,,,false,Q99ZW2,Q99ZW2,,false,FKVLGNTDR,KAIVDLLFK,32,546,2,1,33,546,,-1,3,0,1.007276,5.108381
Scan: 344685 Run: DIA12_CV48:20251228_A2_N1_Mueller_MS_TechHub_IMP_THIDDIAXL003_Cas9_PhoX_DIA12_CV48_250ng_FAIMS_001 P1_KSEETITPWNFEEVVDKGASAQSFIER P2_IEKILTFR 17 3,DIA12_CV48:20251228_A2_N1_Mueller_MS_TechHub_IMP_THIDDIAXL003_Cas9_PhoX_DIA12_CV48_250ng_FAIMS_001,344685,,,Q99ZW2,,,false,Q99ZW2,Q99ZW2,,false,IEKILTFR,KSEETITPWNFEEVVDKGASAQSFIER,440,468,3,17,442,484,,-1,4,0,1.007276,5.106461
Scan: 161202 Run: DIA12_CV48:20251228_A2_N1_Mueller_MS_TechHub_IMP_THIDDIAXL003_Cas9_PhoX_DIA12_CV48_250ng_FAIMS_001 P1_LKGSPEDNEQK P2_KRPLIETNGETGEIVWDK 2 1,DIA12_CV48:20251228_A2_N1_Mueller_MS_TechHub_IMP_THIDDIAXL003_Cas9_PhoX_DIA12_CV48_250ng_FAIMS_001,161202,,,Q99ZW2,,,false,Q99ZW2,Q99ZW2,,false,KRPLIETNGETGEIVWDK,LKGSPEDNEQK,1059,1245,1,2,1059,1246,,-1,4,0,1.007276,5.105139
Scan: 752632 Run: DIA12_CV48:20251228_A2_N1_Mueller_MS_TechHub_IMP_THIDDIAXL003_Cas9_PhoX_DIA12_CV48_250ng_FAIMS_002 P1_KVLSMPQVNIVK P2_GNELALPSKYVNFLYLASHYEK 1 9,DIA12_CV48:20251228_A2_N1_Mueller_MS_TechHub_IMP_THIDDIAXL003_Cas9_PhoX_DIA12_CV48_250ng_FAIMS_002,752632,,,Q99ZW2,,,false,Q99ZW2,Q99ZW2,,false,GNELALPSKYVNFLYLASHYEK,KVLSMPQVNIVK,1223,1085,9,1,1231,1085,,-1,4,0,1.007276,5.104996
Scan: 1312258 Run: DIA12_CV48:20251228_A2_N1_Mueller_MS_TechHub_IMP_THIDDIAXL003_Cas9_PhoX_DIA12_CV48_250ng_FAIMS_003 P1_VKYVTEGMR P2_SSFEKNPIDFLEAK 2 5,DIA12_CV48:20251228_A2_N1_Mueller_MS_TechHub_IMP_THIDDIAXL003_Cas9_PhoX_DIA12_CV48_250ng_FAIMS_003,1312258,,,Q99ZW2,,,false,Q99ZW2,Q99ZW2,,false,SSFEKNPIDFLEAK,VKYVTEGMR,1172,527,5,2,1176,528,,-1,3,0,1.007276,5.099148
Scan: 1449277 Run: DIA12_CV48:20251228_A2_N1_Mueller_MS_TechHub_IMP_THIDDIAXL003_Cas9_PhoX_DIA12_CV48_250ng_FAIMS_003 P1_YKEIFFDQSK P2_KDLIIK 2 1,DIA12_CV48:20251228_A2_N1_Mueller_MS_TechHub_IMP_THIDDIAXL003_Cas9_PhoX_DIA12_CV48_250ng_FAIMS_003,1449277,,,Q99ZW2,,,false,Q99ZW2,Q99ZW2,,false,KDLIIK,YKEIFFDQSK,1192,347,1,2,1192,348,,-1,3,0,1.007276,5.096831
Scan: 1290263 Run: DIA12_CV48:20251228_A2_N1_Mueller_MS_TechHub_IMP_THIDDIAXL003_Cas9_PhoX_DIA12_CV48_250ng_FAIMS_003 P1_KKDWDPK P2_EDIQKAQVSGQGDSLHEHIANLAGSPAIK 1 5,DIA12_CV48:20251228_A2_N1_Mueller_MS_TechHub_IMP_THIDDIAXL003_Cas9_PhoX_DIA12_CV48_250ng_FAIMS_003,1290263,,,Q99ZW2,,,false,Q99ZW2,Q99ZW2,,false,EDIQKAQVSGQGDSLHEHIANLAGSPAIK,KKDWDPK,706,1123,5,1,710,1123,,-1,4,0,1.007276,5.096267
Scan: 143264 Run: DIA12_CV48:20251228_A2_N1_Mueller_MS_TechHub_IMP_THIDDIAXL003_Cas9_PhoX_DIA12_CV48_250ng_FAIMS_001 P1_LPKYSLFELENGR P2_KKDWDPK 3 1,DIA12_CV48:20251228_A2_N1_Mueller_MS_TechHub_IMP_THIDDIAXL003_Cas9_PhoX_DIA12_CV48_250ng_FAIMS_001,143264,,,Q99ZW2,,,false,Q99ZW2,Q99ZW2,,false,KKDWDPK,LPKYSLFELENGR,1123,1198,1,3,1123,1200,,-1,3,0,1.007276,5.095653
Scan: 1645772 Run: DIA12_CV48:20251228_A2_N1_Mueller_MS_TechHub_IMP_THIDDIAXL003_Cas9_PhoX_DIA12_CV48_250ng_FAIMS_003 P1_TEVQTGGFSKESILPK P2_EDIQKAQVSGQGDSLHEHIANLAGSPAIK 10 5,DIA12_CV48:20251228_A2_N1_Mueller_MS_TechHub_IMP_THIDDIAXL003_Cas9_PhoX_DIA12_CV48_250ng_FAIMS_003,1645772,,,Q99ZW2,,,false,Q99ZW2,Q99ZW2,,false,EDIQKAQVSGQGDSLHEHIANLAGSPAIK,TEVQTGGFSKESILPK,706,1098,5,10,710,1107,,-1,5,0,1.007276,5.094503
Scan: 760778 Run: DIA12_CV48:20251228_A2_N1_Mueller_MS_TechHub_IMP_THIDDIAXL003_Cas9_PhoX_DIA12_CV48_250ng_FAIMS_002 P1_LKGSPEDNEQK P2_ENQTTQKGQK 2 7,DIA12_CV48:20251228_A2_N1_Mueller_MS_TechHub_IMP_THIDDIAXL003_Cas9_PhoX_DIA12_CV48_250ng_FAIMS_002,760778,,,Q99ZW2,,,false,Q99ZW2,Q99ZW2,,false,ENQTTQKGQK,LKGSPEDNEQK,766,1245,7,2,772,1246,,-1,3,0,1.007276,5.089316
Scan: 112354 Run: DIA12_CV48:20251228_A2_N1_Mueller_MS_TechHub_IMP_THIDDIAXL003_Cas9_PhoX_DIA12_CV48_250ng_FAIMS_001 P1_SSFEKNPIDFLEAK P2_KDWDPK 5 1,DIA12_CV48:20251228_A2_N1_Mueller_MS_TechHub_IMP_THIDDIAXL003_Cas9_PhoX_DIA12_CV48_250ng_FAIMS_001,112354,,,Q99ZW2,,,false,Q99ZW2,Q99ZW2,,false,KDWDPK,SSFEKNPIDFLEAK,1124,1172,1,5,1124,1176,,-1,4,0,1.007276,5.089226
Scan: 83003 Run: DIA12_CV48:20251228_A2_N1_Mueller_MS_TechHub_IMP_THIDDIAXL003_Cas9_PhoX_DIA12_CV48_250ng_FAIMS_001 P1_RNSDKLIAR P2_KKDWDPK 5 1,DIA12_CV48:20251228_A2_N1_Mueller_MS_TechHub_IMP_THIDDIAXL003_Cas9_PhoX_DIA12_CV48_250ng_FAIMS_001,83003,,,Q99ZW2,,,false,Q99ZW2,Q99ZW2,,false,KKDWDPK,RNSDKLIAR,1123,1114,1,5,1123,1118,,-1,3,0,1.007276,5.087915
Scan: 907653 Run: DIA12_CV48:20251228_A2_N1_Mueller_MS_TechHub_IMP_THIDDIAXL003_Cas9_PhoX_DIA12_CV48_250ng_FAIMS_002 P1_KSEETITPWNFEEVVDK P2_KLINGIR 1 1,DIA12_CV48:20251228_A2_N1_Mueller_MS_TechHub_IMP_THIDDIAXL003_Cas9_PhoX_DIA12_CV48_250ng_FAIMS_002,907653,,,Q99ZW2,,,false,Q99ZW2,Q99ZW2,,false,KLINGIR,KSEETITPWNFEEVVDK,665,468,1,1,665,468,,-1,4,0,1.007276,5.081963
Scan: 73330 Run: DIA12_CV48:20251228_A2_N1_Mueller_MS_TechHub_IMP_THIDDIAXL003_Cas9_PhoX_DIA12_CV48_250ng_FAIMS_001 P1_KTEVQTGGFSKESILPK P2_EDIQKAQVSGQGDSLHEHIANLAGSPAIK 11 5,DIA12_CV48:20251228_A2_N1_Mueller_MS_TechHub_IMP_THIDDIAXL003_Cas9_PhoX_DIA12_CV48_250ng_FAIMS_001,73330,,,Q99ZW2,,,false,Q99ZW2,Q99ZW2,,false,EDIQKAQVSGQGDSLHEHIANLAGSPAIK,KTEVQTGGFSKESILPK,706,1097,5,11,710,1107,,-1,5,0,1.007276,5.080516
Scan: 897533 Run: DIA12_CV48:20251228_A2_N1_Mueller_MS_TechHub_IMP_THIDDIAXL003_Cas9_PhoX_DIA12_CV48_250ng_FAIMS_002 P1_KSEETITPWNFEEVVDK P2_ESILPKR 1 6,DIA12_CV48:20251228_A2_N1_Mueller_MS_TechHub_IMP_THIDDIAXL003_Cas9_PhoX_DIA12_CV48_250ng_FAIMS_002,897533,,,Q99ZW2,,,false,Q99ZW2,Q99ZW2,,false,ESILPKR,KSEETITPWNFEEVVDK,1108,468,6,1,1113,468,,-1,3,0,1.007276,5.079774
Scan: 1354904 Run: DIA12_CV48:20251228_A2_N1_Mueller_MS_TechHub_IMP_THIDDIAXL003_Cas9_PhoX_DIA12_CV48_250ng_FAIMS_003 P1_YVNFLYLASHYEKLK P2_KDFQFYK 13 1,DIA12_CV48:20251228_A2_N1_Mueller_MS_TechHub_IMP_THIDDIAXL003_Cas9_PhoX_DIA12_CV48_250ng_FAIMS_003,1354904,,,Q99ZW2,,,false,Q99ZW2,Q99ZW2,,false,KDFQFYK,YVNFLYLASHYEKLK,968,1232,1,13,968,1244,,-1,4,0,1.007276,5.079507
Scan: 669104 Run: DIA12_CV48:20251228_A2_N1_Mueller_MS_TechHub_IMP_THIDDIAXL003_Cas9_PhoX_DIA12_CV48_250ng_FAIMS_002 P1_TEVQTGGFSKESILPK P2_KLINGIR 10 1,DIA12_CV48:20251228_A2_N1_Mueller_MS_TechHub_IMP_THIDDIAXL003_Cas9_PhoX_DIA12_CV48_250ng_FAIMS_002,669104,,,Q99ZW2,,,false,Q99ZW2,Q99ZW2,,false,KLINGIR,TEVQTGGFSKESILPK,665,1098,1,10,665,1107,,-1,3,0,1.007276,5.07558
Scan: 1282164 Run: DIA12_CV48:20251228_A2_N1_Mueller_MS_TechHub_IMP_THIDDIAXL003_Cas9_PhoX_DIA12_CV48_250ng_FAIMS_003 P1_YKEIFFDQSK P2_RNSDKLIAR 2 5,DIA12_CV48:20251228_A2_N1_Mueller_MS_TechHub_IMP_THIDDIAXL003_Cas9_PhoX_DIA12_CV48_250ng_FAIMS_003,1282164,,,Q99ZW2,,,false,Q99ZW2,Q99ZW2,,false,RNSDKLIAR,YKEIFFDQSK,1114,347,5,2,1118,348,,-1,3,0,1.007276,5.074364
Scan: 1754060 Run: DIA12_CV48:20251228_A2_N1_Mueller_MS_TechHub_IMP_THIDDIAXL003_Cas9_PhoX_DIA12_CV48_250ng_FAIMS_003 P1_QLLNAKLITQR P2_ENQTTQKGQK 6 7,DIA12_CV48:20251228_A2_N1_Mueller_MS_TechHub_IMP_THIDDIAXL003_Cas9_PhoX_DIA12_CV48_250ng_FAIMS_003,1754060,,,Q99ZW2,,,false,Q99ZW2,Q99ZW2,,false,ENQTTQKGQK,QLLNAKLITQR,766,885,7,6,772,890,,-1,3,0,1.007276,5.074338
Scan: 1455761 Run: DIA12_CV48:20251228_A2_N1_Mueller_MS_TechHub_IMP_THIDDIAXL003_Cas9_PhoX_DIA12_CV48_250ng_FAIMS_003 P1_YKEIFFDQSK P2_SKLVSDFR 2 2,DIA12_CV48:20251228_A2_N1_Mueller_MS_TechHub_IMP_THIDDIAXL003_Cas9_PhoX_DIA12_CV48_250ng_FAIMS_003,1455761,,,Q99ZW2,,,false,Q99ZW2,Q99ZW2,,false,SKLVSDFR,YKEIFFDQSK,960,347,2,2,961,348,,-1,3,0,1.007276,5.07335
Scan: 259892 Run: DIA12_CV48:20251228_A2_N1_Mueller_MS_TechHub_IMP_THIDDIAXL003_Cas9_PhoX_DIA12_CV48_250ng_FAIMS_001 P1_YKEIFFDQSK P2_FNASLGTYHDLLKIIK 2 13,DIA12_CV48:20251228_A2_N1_Mueller_MS_TechHub_IMP_THIDDIAXL003_Cas9_PhoX_DIA12_CV48_250ng_FAIMS_001,259892,,,Q99ZW2,,,false,Q99ZW2,Q99ZW2,,false,FNASLGTYHDLLKIIK,YKEIFFDQSK,587,347,13,2,599,348,,-1,4,0,1.007276,5.073332
Scan: 716719 Run: DIA12_CV48:20251228_A2_N1_Mueller_MS_TechHub_IMP_THIDDIAXL003_Cas9_PhoX_DIA12_CV48_250ng_FAIMS_002 P1_SSFEKNPIDFLEAK P2_QSGKTILDFLK 5 4,DIA12_CV48:20251228_A2_N1_Mueller_MS_TechHub_IMP_THIDDIAXL003_Cas9_PhoX_DIA12_CV48_250ng_FAIMS_002,716719,,,Q99ZW2,,,false,Q99ZW2,Q99ZW2,,false,QSGKTILDFLK,SSFEKNPIDFLEAK,674,1172,4,5,677,1176,,-1,3,0,1.007276,5.073317
Scan: 1576412 Run: DIA12_CV48:20251228_A2_N1_Mueller_MS_TechHub_IMP_THIDDIAXL003_Cas9_PhoX_DIA12_CV48_250ng_FAIMS_003 P1_RQEDFYPFLKDNR P2_KPAFLSGEQK 10 1,DIA12_CV48:20251228_A2_N1_Mueller_MS_TechHub_IMP_THIDDIAXL003_Cas9_PhoX_DIA12_CV48_250ng_FAIMS_003,1576412,,,Q99ZW2,,,false,Q99ZW2,Q99ZW2,,false,KPAFLSGEQK,RQEDFYPFLKDNR,536,425,1,10,536,434,,-1,4,0,1.007276,5.067734
Scan: 365326 Run: DIA12_CV48:20251228_A2_N1_Mueller_MS_TechHub_IMP_THIDDIAXL003_Cas9_PhoX_DIA12_CV48_250ng_FAIMS_001 P1_VLPKHSLLYEYFTVYNELTK P2_GKSDNVPSEEVVK 4 2,DIA12_CV48:20251228_A2_N1_Mueller_MS_TechHub_IMP_THIDDIAXL003_Cas9_PhoX_DIA12_CV48_250ng_FAIMS_001,365326,,,Q99ZW2,,,false,Q99ZW2,Q99ZW2,,false,GKSDNVPSEEVVK,VLPKHSLLYEYFTVYNELTK,865,507,2,4,866,510,,-1,4,0,1.007276,5.067072
Scan: 291066 Run: DIA12_CV48:20251228_A2_N1_Mueller_MS_TechHub_IMP_THIDDIAXL003_Cas9_PhoX_DIA12_CV48_250ng_FAIMS_001 P1_KDLIIK P2_IEKILTFR 1 3,DIA12_CV48:20251228_A2_N1_Mueller_MS_TechHub_IMP_THIDDIAXL003_Cas9_PhoX_DIA12_CV48_250ng_FAIMS_001,291066,,,Q99ZW2,,,false,Q99ZW2,Q99ZW2,,false,IEKILTFR,KDLIIK,440,1192,3,1,442,1192,,-1,3,0,1.007276,5.066357
Scan: 142887 Run: DIA12_CV48:20251228_A2_N1_Mueller_MS_TechHub_IMP_THIDDIAXL003_Cas9_PhoX_DIA12_CV48_250ng_FAIMS_001 P1_LPKYSLFELENGR P2_ESILPKR 3 6,DIA12_CV48:20251228_A2_N1_Mueller_MS_TechHub_IMP_THIDDIAXL003_Cas9_PhoX_DIA12_CV48_250ng_FAIMS_001,142887,,,Q99ZW2,,,false,Q99ZW2,Q99ZW2,,false,ESILPKR,LPKYSLFELENGR,1108,1198,6,3,1113,1200,,-1,3,0,1.007276,5.065603
Scan: 1267596 Run: DIA12_CV48:20251228_A2_N1_Mueller_MS_TechHub_IMP_THIDDIAXL003_Cas9_PhoX_DIA12_CV48_250ng_FAIMS_003 P1_KTEVQTGGFSKESILPK P2_EDIQKAQVSGQGDSLHEHIANLAGSPAIK 11 5,DIA12_CV48:20251228_A2_N1_Mueller_MS_TechHub_IMP_THIDDIAXL003_Cas9_PhoX_DIA12_CV48_250ng_FAIMS_003,1267596,,,Q99ZW2,,,false,Q99ZW2,Q99ZW2,,false,EDIQKAQVSGQGDSLHEHIANLAGSPAIK,KTEVQTGGFSKESILPK,706,1097,5,11,710,1107,,-1,6,0,1.007276,5.064608
Scan: 1230375 Run: DIA12_CV48:20251228_A2_N1_Mueller_MS_TechHub_IMP_THIDDIAXL003_Cas9_PhoX_DIA12_CV48_250ng_FAIMS_003 P1_NSDKLIAR P2_KTEVQTGGFSK 4 1,DIA12_CV48:20251228_A2_N1_Mueller_MS_TechHub_IMP_THIDDIAXL003_Cas9_PhoX_DIA12_CV48_250ng_FAIMS_003,1230375,,,Q99ZW2,,,false,Q99ZW2,Q99ZW2,,false,KTEVQTGGFSK,NSDKLIAR,1097,1115,1,4,1097,1118,,-1,3,0,1.007276,5.061066
Scan: 1298039 Run: DIA12_CV48:20251228_A2_N1_Mueller_MS_TechHub_IMP_THIDDIAXL003_Cas9_PhoX_DIA12_CV48_250ng_FAIMS_003 P1_NSDKLIAR P2_KYGGFDSPTVAYSVLVVAK 4 1,DIA12_CV48:20251228_A2_N1_Mueller_MS_TechHub_IMP_THIDDIAXL003_Cas9_PhoX_DIA12_CV48_250ng_FAIMS_003,1298039,,,Q99ZW2,,,false,Q99ZW2,Q99ZW2,,false,KYGGFDSPTVAYSVLVVAK,NSDKLIAR,1130,1115,1,4,1130,1118,,-1,3,0,1.007276,5.059194
Scan: 1538780 Run: DIA12_CV48:20251228_A2_N1_Mueller_MS_TechHub_IMP_THIDDIAXL003_Cas9_PhoX_DIA12_CV48_250ng_FAIMS_003 P1_SEETITPWNFEEVVDKGASAQSFIER P2_IEKILTFR 16 3,DIA12_CV48:20251228_A2_N1_Mueller_MS_TechHub_IMP_THIDDIAXL003_Cas9_PhoX_DIA12_CV48_250ng_FAIMS_003,1538780,,,Q99ZW2,,,false,Q99ZW2,Q99ZW2,,false,IEKILTFR,SEETITPWNFEEVVDKGASAQSFIER,440,469,3,16,442,484,,-1,4,0,1.007276,5.05857
Scan: 901868 Run: DIA12_CV48:20251228_A2_N1_Mueller_MS_TechHub_IMP_THIDDIAXL003_Cas9_PhoX_DIA12_CV48_250ng_FAIMS_002 P1_KSEETITPWNFEEVVDK P2_KFKVLGNTDR 1 3,DIA12_CV48:20251228_A2_N1_Mueller_MS_TechHub_IMP_THIDDIAXL003_Cas9_PhoX_DIA12_CV48_250ng_FAIMS_002,901868,,,Q99ZW2,,,false,Q99ZW2,Q99ZW2,,false,KFKVLGNTDR,KSEETITPWNFEEVVDK,31,468,3,1,33,468,,-1,4,0,1.007276,5.055147
Scan: 536042 Run: DIA12_CV48:20251228_A2_N1_Mueller_MS_TechHub_IMP_THIDDIAXL003_Cas9_PhoX_DIA12_CV48_250ng_FAIMS_001 P1_LKGSPEDNEQK P2_EHPVENTQLQNEKLYLYYLQNGR 2 13,DIA12_CV48:20251228_A2_N1_Mueller_MS_TechHub_IMP_THIDDIAXL003_Cas9_PhoX_DIA12_CV48_250ng_FAIMS_001,536042,,,Q99ZW2,,,false,Q99ZW2,Q99ZW2,,false,EHPVENTQLQNEKLYLYYLQNGR,LKGSPEDNEQK,798,1245,13,2,810,1246,,-1,4,0,1.007276,5.048077
Scan: 1391416 Run: DIA12_CV48:20251228_A2_N1_Mueller_MS_TechHub_IMP_THIDDIAXL003_Cas9_PhoX_DIA12_CV48_250ng_FAIMS_003 P1_YTSTKEVLDATLIHQSITGLYETR P2_KKDWDPK 5 1,DIA12_CV48:20251228_A2_N1_Mueller_MS_TechHub_IMP_THIDDIAXL003_Cas9_PhoX_DIA12_CV48_250ng_FAIMS_003,1391416,,,Q99ZW2,,,false,Q99ZW2,Q99ZW2,,false,KKDWDPK,YTSTKEVLDATLIHQSITGLYETR,1123,1336,1,5,1123,1340,,-1,4,0,1.007276,5.047115
Scan: 430571 Run: DIA12_CV48:20251228_A2_N1_Mueller_MS_TechHub_IMP_THIDDIAXL003_Cas9_PhoX_DIA12_CV48_250ng_FAIMS_001 P1_KLINGIR P2_DKQSGK 1 2,DIA12_CV48:20251228_A2_N1_Mueller_MS_TechHub_IMP_THIDDIAXL003_Cas9_PhoX_DIA12_CV48_250ng_FAIMS_001,430571,,,Q99ZW2,,,false,Q99ZW2,Q99ZW2,,false,DKQSGK,KLINGIR,672,665,2,1,673,665,,-1,3,0,1.007276,5.037727
Scan: 37593 Run: DIA12_CV48:20251228_A2_N1_Mueller_MS_TechHub_IMP_THIDDIAXL003_Cas9_PhoX_DIA12_CV48_250ng_FAIMS_001 P1_LKGSPEDNEQK P2_KTEVQTGGFSK 2 1,DIA12_CV48:20251228_A2_N1_Mueller_MS_TechHub_IMP_THIDDIAXL003_Cas9_PhoX_DIA12_CV48_250ng_FAIMS_001,37593,,,Q99ZW2,,,false,Q99ZW2,Q99ZW2,,false,KTEVQTGGFSK,LKGSPEDNEQK,1097,1245,1,2,1097,1246,,-1,3,0,1.007276,5.032132
Scan: 291779 Run: DIA12_CV48:20251228_A2_N1_Mueller_MS_TechHub_IMP_THIDDIAXL003_Cas9_PhoX_DIA12_CV48_250ng_FAIMS_001 P1_KSEETITPWNFEEVVDK P2_IEKILTFR 1 3,DIA12_CV48:20251228_A2_N1_Mueller_MS_TechHub_IMP_THIDDIAXL003_Cas9_PhoX_DIA12_CV48_250ng_FAIMS_001,291779,,,Q99ZW2,,,false,Q99ZW2,Q99ZW2,,false,IEKILTFR,KSEETITPWNFEEVVDK,440,468,3,1,442,468,,-1,3,0,1.007276,5.031915
Scan: 300691 Run: DIA12_CV48:20251228_A2_N1_Mueller_MS_TechHub_IMP_THIDDIAXL003_Cas9_PhoX_DIA12_CV48_250ng_FAIMS_001 P1_NSDKLIAR P2_KSEETITPWNFEEVVDK 4 1,DIA12_CV48:20251228_A2_N1_Mueller_MS_TechHub_IMP_THIDDIAXL003_Cas9_PhoX_DIA12_CV48_250ng_FAIMS_001,300691,,,Q99ZW2,,,false,Q99ZW2,Q99ZW2,,false,KSEETITPWNFEEVVDK,NSDKLIAR,468,1115,1,4,468,1118,,-1,4,0,1.007276,5.031827
Scan: 1142714 Run: DIA12_CV48:20251228_A2_N1_Mueller_MS_TechHub_IMP_THIDDIAXL003_Cas9_PhoX_DIA12_CV48_250ng_FAIMS_002 P1_GKSDNVPSEEVVK P2_EIFFDQSKNGYAGYIDGGASQEEFYK 2 8,DIA12_CV48:20251228_A2_N1_Mueller_MS_TechHub_IMP_THIDDIAXL003_Cas9_PhoX_DIA12_CV48_250ng_FAIMS_002,1142714,,,Q99ZW2,,,false,Q99ZW2,Q99ZW2,,false,EIFFDQSKNGYAGYIDGGASQEEFYK,GKSDNVPSEEVVK,349,865,8,2,356,866,,-1,4,0,1.007276,5.031318
Scan: 1225932 Run: DIA12_CV48:20251228_A2_N1_Mueller_MS_TechHub_IMP_THIDDIAXL003_Cas9_PhoX_DIA12_CV48_250ng_FAIMS_003 P1_KVLSMPQVNIVK P2_KVLSMPQVNIVK 1 1,DIA12_CV48:20251228_A2_N1_Mueller_MS_TechHub_IMP_THIDDIAXL003_Cas9_PhoX_DIA12_CV48_250ng_FAIMS_003,1225932,,,Q99ZW2,,,false,Q99ZW2,Q99ZW2,,false,KVLSMPQVNIVK,KVLSMPQVNIVK,1085,1085,1,1,1085,1085,,-1,3,0,1.007276,5.030616
Scan: 901842 Run: DIA12_CV48:20251228_A2_N1_Mueller_MS_TechHub_IMP_THIDDIAXL003_Cas9_PhoX_DIA12_CV48_250ng_FAIMS_002 P1_KSEETITPWNFEEVVDK P2_FKVLGNTDR 1 2,DIA12_CV48:20251228_A2_N1_Mueller_MS_TechHub_IMP_THIDDIAXL003_Cas9_PhoX_DIA12_CV48_250ng_FAIMS_002,901842,,,Q99ZW2,,,false,Q99ZW2,Q99ZW2,,false,FKVLGNTDR,KSEETITPWNFEEVVDK,32,468,2,1,33,468,,-1,4,0,1.007276,5.029829
Scan: 889308 Run: DIA12_CV48:20251228_A2_N1_Mueller_MS_TechHub_IMP_THIDDIAXL003_Cas9_PhoX_DIA12_CV48_250ng_FAIMS_002 P1_SEETITPWNFEEVVDKGASAQSFIER P2_EKIEKILTFR 16 5,DIA12_CV48:20251228_A2_N1_Mueller_MS_TechHub_IMP_THIDDIAXL003_Cas9_PhoX_DIA12_CV48_250ng_FAIMS_002,889308,,,Q99ZW2,,,false,Q99ZW2,Q99ZW2,,false,EKIEKILTFR,SEETITPWNFEEVVDKGASAQSFIER,438,469,5,16,442,484,,-1,4,0,1.007276,5.028882
Scan: 105787 Run: DIA12_CV48:20251228_A2_N1_Mueller_MS_TechHub_IMP_THIDDIAXL003_Cas9_PhoX_DIA12_CV48_250ng_FAIMS_001 P1_KYGGFDSPTVAYSVLVVAK P2_KPAFLSGEQK 1 1,DIA12_CV48:20251228_A2_N1_Mueller_MS_TechHub_IMP_THIDDIAXL003_Cas9_PhoX_DIA12_CV48_250ng_FAIMS_001,105787,,,Q99ZW2,,,false,Q99ZW2,Q99ZW2,,false,KPAFLSGEQK,KYGGFDSPTVAYSVLVVAK,536,1130,1,1,536,1130,,-1,4,0,1.007276,5.028868
Scan: 112182 Run: DIA12_CV48:20251228_A2_N1_Mueller_MS_TechHub_IMP_THIDDIAXL003_Cas9_PhoX_DIA12_CV48_250ng_FAIMS_001 P1_SSFEKNPIDFLEAK P2_KKDWDPKK 5 1,DIA12_CV48:20251228_A2_N1_Mueller_MS_TechHub_IMP_THIDDIAXL003_Cas9_PhoX_DIA12_CV48_250ng_FAIMS_001,112182,,,Q99ZW2,,,false,Q99ZW2,Q99ZW2,,false,KKDWDPKK,SSFEKNPIDFLEAK,1123,1172,1,5,1123,1176,,-1,3,0,1.007276,5.020996
Scan: 136486 Run: DIA12_CV48:20251228_A2_N1_Mueller_MS_TechHub_IMP_THIDDIAXL003_Cas9_PhoX_DIA12_CV48_250ng_FAIMS_001 P1_KDLIIK P2_DKQSGK 1 2,DIA12_CV48:20251228_A2_N1_Mueller_MS_TechHub_IMP_THIDDIAXL003_Cas9_PhoX_DIA12_CV48_250ng_FAIMS_001,136486,,,Q99ZW2,,,false,Q99ZW2,Q99ZW2,,false,DKQSGK,KDLIIK,672,1192,2,1,673,1192,,-1,3,0,1.007276,5.020773
Scan: 1182501 Run: DIA12_CV48:20251228_A2_N1_Mueller_MS_TechHub_IMP_THIDDIAXL003_Cas9_PhoX_DIA12_CV48_250ng_FAIMS_002 P1_YDENDKLIR P2_SEQEIGKATAK 6 7,DIA12_CV48:20251228_A2_N1_Mueller_MS_TechHub_IMP_THIDDIAXL003_Cas9_PhoX_DIA12_CV48_250ng_FAIMS_002,1182501,,,Q99ZW2,,,false,Q99ZW2,Q99ZW2,,false,SEQEIGKATAK,YDENDKLIR,1025,943,7,6,1031,948,,-1,3,0,1.007276,5.02073
Scan: 985324 Run: DIA12_CV48:20251228_A2_N1_Mueller_MS_TechHub_IMP_THIDDIAXL003_Cas9_PhoX_DIA12_CV48_250ng_FAIMS_002 P1_KPAFLSGEQK P2_EHPVENTQLQNEKLYLYYLQNGR 1 13,DIA12_CV48:20251228_A2_N1_Mueller_MS_TechHub_IMP_THIDDIAXL003_Cas9_PhoX_DIA12_CV48_250ng_FAIMS_002,985324,,,Q99ZW2,,,false,Q99ZW2,Q99ZW2,,false,EHPVENTQLQNEKLYLYYLQNGR,KPAFLSGEQK,798,536,13,1,810,536,,-1,4,0,1.007276,5.019403
Scan: 244674 Run: DIA12_CV48:20251228_A2_N1_Mueller_MS_TechHub_IMP_THIDDIAXL003_Cas9_PhoX_DIA12_CV48_250ng_FAIMS_001 P1_FKVLGNTDR P2_EDIQKAQVSGQGDSLHEHIANLAGSPAIK 2 5,DIA12_CV48:20251228_A2_N1_Mueller_MS_TechHub_IMP_THIDDIAXL003_Cas9_PhoX_DIA12_CV48_250ng_FAIMS_001,244674,,,Q99ZW2,,,false,Q99ZW2,Q99ZW2,,false,EDIQKAQVSGQGDSLHEHIANLAGSPAIK,FKVLGNTDR,706,32,5,2,710,33,,-1,4,0,1.007276,5.018597
Scan: 888790 Run: DIA12_CV48:20251228_A2_N1_Mueller_MS_TechHub_IMP_THIDDIAXL003_Cas9_PhoX_DIA12_CV48_250ng_FAIMS_002 P1_IEKILTFR P2_IEKILTFR 3 3,DIA12_CV48:20251228_A2_N1_Mueller_MS_TechHub_IMP_THIDDIAXL003_Cas9_PhoX_DIA12_CV48_250ng_FAIMS_002,888790,,,Q99ZW2,,,false,Q99ZW2,Q99ZW2,,false,IEKILTFR,IEKILTFR,440,440,3,3,442,442,,-1,3,0,1.007276,5.018485
Scan: 547857 Run: DIA12_CV48:20251228_A2_N1_Mueller_MS_TechHub_IMP_THIDDIAXL003_Cas9_PhoX_DIA12_CV48_250ng_FAIMS_001 P1_GKSDNVPSEEVVK P2_EHPVENTQLQNEKLYLYYLQNGR 2 13,DIA12_CV48:20251228_A2_N1_Mueller_MS_TechHub_IMP_THIDDIAXL003_Cas9_PhoX_DIA12_CV48_250ng_FAIMS_001,547857,,,Q99ZW2,,,false,Q99ZW2,Q99ZW2,,false,EHPVENTQLQNEKLYLYYLQNGR,GKSDNVPSEEVVK,798,865,13,2,810,866,,-1,4,0,1.007276,5.013639
Scan: 1100466 Run: DIA12_CV48:20251228_A2_N1_Mueller_MS_TechHub_IMP_THIDDIAXL003_Cas9_PhoX_DIA12_CV48_250ng_FAIMS_002 P1_VVDELVKVMGR P2_KSEETITPWNFEEVVDKGASAQSFIER 7 17,DIA12_CV48:20251228_A2_N1_Mueller_MS_TechHub_IMP_THIDDIAXL003_Cas9_PhoX_DIA12_CV48_250ng_FAIMS_002,1100466,,,Q99ZW2,,,false,Q99ZW2,Q99ZW2,,false,KSEETITPWNFEEVVDKGASAQSFIER,VVDELVKVMGR,468,743,17,7,484,749,,-1,4,0,1.007276,5.011221
Scan: 739647 Run: DIA12_CV48:20251228_A2_N1_Mueller_MS_TechHub_IMP_THIDDIAXL003_Cas9_PhoX_DIA12_CV48_250ng_FAIMS_002 P1_TEVQTGGFSKESILPK P2_LPKYSLFELENGR 10 3,DIA12_CV48:20251228_A2_N1_Mueller_MS_TechHub_IMP_THIDDIAXL003_Cas9_PhoX_DIA12_CV48_250ng_FAIMS_002,739647,,,Q99ZW2,,,false,Q99ZW2,Q99ZW2,,false,LPKYSLFELENGR,TEVQTGGFSKESILPK,1198,1098,3,10,1200,1107,,-1,4,0,1.007276,5.007532
Scan: 1580792 Run: DIA12_CV48:20251228_A2_N1_Mueller_MS_TechHub_IMP_THIDDIAXL003_Cas9_PhoX_DIA12_CV48_250ng_FAIMS_003 P1_KPAFLSGEQK P2_KLINGIR 1 1,DIA12_CV48:20251228_A2_N1_Mueller_MS_TechHub_IMP_THIDDIAXL003_Cas9_PhoX_DIA12_CV48_250ng_FAIMS_003,1580792,,,Q99ZW2,,,false,Q99ZW2,Q99ZW2,,false,KLINGIR,KPAFLSGEQK,665,536,1,1,665,536,,-1,3,0,1.007276,5.006403
Scan: 1743497 Run: DIA12_CV48:20251228_A2_N1_Mueller_MS_TechHub_IMP_THIDDIAXL003_Cas9_PhoX_DIA12_CV48_250ng_FAIMS_003 P1_SKLVSDFR P2_GKSDNVPSEEVVK 2 2,DIA12_CV48:20251228_A2_N1_Mueller_MS_TechHub_IMP_THIDDIAXL003_Cas9_PhoX_DIA12_CV48_250ng_FAIMS_003,1743497,,,Q99ZW2,,,false,Q99ZW2,Q99ZW2,,false,GKSDNVPSEEVVK,SKLVSDFR,865,960,2,2,866,961,,-1,3,0,1.007276,5.005557
Scan: 429216 Run: DIA12_CV48:20251228_A2_N1_Mueller_MS_TechHub_IMP_THIDDIAXL003_Cas9_PhoX_DIA12_CV48_250ng_FAIMS_001 P1_KLINGIR P2_FKVLGNTDR 1 2,DIA12_CV48:20251228_A2_N1_Mueller_MS_TechHub_IMP_THIDDIAXL003_Cas9_PhoX_DIA12_CV48_250ng_FAIMS_001,429216,,,Q99ZW2,,,false,Q99ZW2,Q99ZW2,,false,FKVLGNTDR,KLINGIR,32,665,2,1,33,665,,-1,3,0,1.007276,5.003465
Scan: 1215381 Run: DIA12_CV48:20251228_A2_N1_Mueller_MS_TechHub_IMP_THIDDIAXL003_Cas9_PhoX_DIA12_CV48_250ng_FAIMS_003 P1_SSFEKNPIDFLEAK P2_KRPLIETNGETGEIVWDK 5 1,DIA12_CV48:20251228_A2_N1_Mueller_MS_TechHub_IMP_THIDDIAXL003_Cas9_PhoX_DIA12_CV48_250ng_FAIMS_003,1215381,,,Q99ZW2,,,false,Q99ZW2,Q99ZW2,,false,KRPLIETNGETGEIVWDK,SSFEKNPIDFLEAK,1059,1172,1,5,1059,1176,,-1,4,0,1.007276,5.002614
Scan: 146123 Run: DIA12_CV48:20251228_A2_N1_Mueller_MS_TechHub_IMP_THIDDIAXL003_Cas9_PhoX_DIA12_CV48_250ng_FAIMS_001 P1_SEETITPWNFEEVVDKGASAQSFIER P2_LPKYSLFELENGR 16 3,DIA12_CV48:20251228_A2_N1_Mueller_MS_TechHub_IMP_THIDDIAXL003_Cas9_PhoX_DIA12_CV48_250ng_FAIMS_001,146123,,,Q99ZW2,,,false,Q99ZW2,Q99ZW2,,false,LPKYSLFELENGR,SEETITPWNFEEVVDKGASAQSFIER,1198,469,3,16,1200,484,,-1,4,0,1.007276,5.001569
Scan: 305139 Run: DIA12_CV48:20251228_A2_N1_Mueller_MS_TechHub_IMP_THIDDIAXL003_Cas9_PhoX_DIA12_CV48_250ng_FAIMS_001 P1_YKEIFFDQSK P2_KSEETITPWNFEEVVDK 2 1,DIA12_CV48:20251228_A2_N1_Mueller_MS_TechHub_IMP_THIDDIAXL003_Cas9_PhoX_DIA12_CV48_250ng_FAIMS_001,305139,,,Q99ZW2,,,false,Q99ZW2,Q99ZW2,,false,KSEETITPWNFEEVVDK,YKEIFFDQSK,468,347,1,2,468,348,,-1,4,0,1.007276,4.998452
Scan: 1330147 Run: DIA12_CV48:20251228_A2_N1_Mueller_MS_TechHub_IMP_THIDDIAXL003_Cas9_PhoX_DIA12_CV48_250ng_FAIMS_003 P1_SEETITPWNFEEVVDKGASAQSFIER P2_KDLIIK 16 1,DIA12_CV48:20251228_A2_N1_Mueller_MS_TechHub_IMP_THIDDIAXL003_Cas9_PhoX_DIA12_CV48_250ng_FAIMS_003,1330147,,,Q99ZW2,,,false,Q99ZW2,Q99ZW2,,false,KDLIIK,SEETITPWNFEEVVDKGASAQSFIER,1192,469,1,16,1192,484,,-1,4,0,1.007276,4.99838
Scan: 1232467 Run: DIA12_CV48:20251228_A2_N1_Mueller_MS_TechHub_IMP_THIDDIAXL003_Cas9_PhoX_DIA12_CV48_250ng_FAIMS_003 P1_KTEVQTGGFSK P2_FKVLGNTDR 1 2,DIA12_CV48:20251228_A2_N1_Mueller_MS_TechHub_IMP_THIDDIAXL003_Cas9_PhoX_DIA12_CV48_250ng_FAIMS_003,1232467,,,Q99ZW2,,,false,Q99ZW2,Q99ZW2,,false,FKVLGNTDR,KTEVQTGGFSK,32,1097,2,1,33,1097,,-1,3,0,1.007276,4.997999
Scan: 381296 Run: DIA12_CV48:20251228_A2_N1_Mueller_MS_TechHub_IMP_THIDDIAXL003_Cas9_PhoX_DIA12_CV48_250ng_FAIMS_001 P1_KPAFLSGEQK P2_FKVLGNTDR 1 2,DIA12_CV48:20251228_A2_N1_Mueller_MS_TechHub_IMP_THIDDIAXL003_Cas9_PhoX_DIA12_CV48_250ng_FAIMS_001,381296,,,Q99ZW2,,,false,Q99ZW2,Q99ZW2,,false,FKVLGNTDR,KPAFLSGEQK,32,536,2,1,33,536,,-1,3,0,1.007276,4.987433
Scan: 1145045 Run: DIA12_CV48:20251228_A2_N1_Mueller_MS_TechHub_IMP_THIDDIAXL003_Cas9_PhoX_DIA12_CV48_250ng_FAIMS_002 P1_GKSDNVPSEEVVK P2_DDSIDNKVLTR 2 7,DIA12_CV48:20251228_A2_N1_Mueller_MS_TechHub_IMP_THIDDIAXL003_Cas9_PhoX_DIA12_CV48_250ng_FAIMS_002,1145045,,,Q99ZW2,,,false,Q99ZW2,Q99ZW2,,false,DDSIDNKVLTR,GKSDNVPSEEVVK,849,865,7,2,855,866,,-1,3,0,1.007276,4.980923
Scan: 844256 Run: DIA12_CV48:20251228_A2_N1_Mueller_MS_TechHub_IMP_THIDDIAXL003_Cas9_PhoX_DIA12_CV48_250ng_FAIMS_002 P1_YDEHHQDLTLLKALVR P2_NSDKLIAR 12 4,DIA12_CV48:20251228_A2_N1_Mueller_MS_TechHub_IMP_THIDDIAXL003_Cas9_PhoX_DIA12_CV48_250ng_FAIMS_002,844256,,,Q99ZW2,,,false,Q99ZW2,Q99ZW2,,false,NSDKLIAR,YDEHHQDLTLLKALVR,1115,325,4,12,1118,336,,-1,4,0,1.007276,4.980262
Scan: 598448 Run: DIA12_CV48:20251228_A2_N1_Mueller_MS_TechHub_IMP_THIDDIAXL003_Cas9_PhoX_DIA12_CV48_250ng_FAIMS_002 P1_YPKLESEFVYGDYK P2_SKLVSDFR 3 2,DIA12_CV48:20251228_A2_N1_Mueller_MS_TechHub_IMP_THIDDIAXL003_Cas9_PhoX_DIA12_CV48_250ng_FAIMS_002,598448,,,Q99ZW2,,,false,Q99ZW2,Q99ZW2,,false,SKLVSDFR,YPKLESEFVYGDYK,960,1001,2,3,961,1003,,-1,3,0,1.007276,4.979567
Scan: 841111 Run: DIA12_CV48:20251228_A2_N1_Mueller_MS_TechHub_IMP_THIDDIAXL003_Cas9_PhoX_DIA12_CV48_250ng_FAIMS_002 P1_KPAFLSGEQKK P2_FKVLGNTDR 1 2,DIA12_CV48:20251228_A2_N1_Mueller_MS_TechHub_IMP_THIDDIAXL003_Cas9_PhoX_DIA12_CV48_250ng_FAIMS_002,841111,,,Q99ZW2,,,false,Q99ZW2,Q99ZW2,,false,FKVLGNTDR,KPAFLSGEQKK,32,536,2,1,33,536,,-1,3,0,1.007276,4.977646
Scan: 659952 Run: DIA12_CV48:20251228_A2_N1_Mueller_MS_TechHub_IMP_THIDDIAXL003_Cas9_PhoX_DIA12_CV48_250ng_FAIMS_002 P1_TEVQTGGFSKESILPK P2_NSDKLIAR 10 4,DIA12_CV48:20251228_A2_N1_Mueller_MS_TechHub_IMP_THIDDIAXL003_Cas9_PhoX_DIA12_CV48_250ng_FAIMS_002,659952,,,Q99ZW2,,,false,Q99ZW2,Q99ZW2,,false,NSDKLIAR,TEVQTGGFSKESILPK,1115,1098,4,10,1118,1107,,-1,4,0,1.007276,4.972977
Scan: 459170 Run: DIA12_CV48:20251228_A2_N1_Mueller_MS_TechHub_IMP_THIDDIAXL003_Cas9_PhoX_DIA12_CV48_250ng_FAIMS_001 P1_KLINGIR P2_EDIQKAQVSGQGDSLHEHIANLAGSPAIK 1 5,DIA12_CV48:20251228_A2_N1_Mueller_MS_TechHub_IMP_THIDDIAXL003_Cas9_PhoX_DIA12_CV48_250ng_FAIMS_001,459170,,,Q99ZW2,,,false,Q99ZW2,Q99ZW2,,false,EDIQKAQVSGQGDSLHEHIANLAGSPAIK,KLINGIR,706,665,5,1,710,665,,-1,6,0,1.007276,4.959052
Scan: 619095 Run: DIA12_CV48:20251228_A2_N1_Mueller_MS_TechHub_IMP_THIDDIAXL003_Cas9_PhoX_DIA12_CV48_250ng_FAIMS_002 P1_KRPLIETNGETGEIVWDK P2_FKVLGNTDR 1 2,DIA12_CV48:20251228_A2_N1_Mueller_MS_TechHub_IMP_THIDDIAXL003_Cas9_PhoX_DIA12_CV48_250ng_FAIMS_002,619095,,,Q99ZW2,,,false,Q99ZW2,Q99ZW2,,false,FKVLGNTDR,KRPLIETNGETGEIVWDK,32,1059,2,1,33,1059,,-1,4,0,1.007276,4.958431
Scan: 348923 Run: DIA12_CV48:20251228_A2_N1_Mueller_MS_TechHub_IMP_THIDDIAXL003_Cas9_PhoX_DIA12_CV48_250ng_FAIMS_001 P1_KSEETITPWNFEEVVDKGASAQSFIER P2_KLINGIR 17 1,DIA12_CV48:20251228_A2_N1_Mueller_MS_TechHub_IMP_THIDDIAXL003_Cas9_PhoX_DIA12_CV48_250ng_FAIMS_001,348923,,,Q99ZW2,,,false,Q99ZW2,Q99ZW2,,false,KLINGIR,KSEETITPWNFEEVVDKGASAQSFIER,665,468,1,17,665,484,,-1,5,0,1.007276,4.95686
Scan: 347934 Run: DIA12_CV48:20251228_A2_N1_Mueller_MS_TechHub_IMP_THIDDIAXL003_Cas9_PhoX_DIA12_CV48_250ng_FAIMS_001 P1_SEETITPWNFEEVVDKGASAQSFIER P2_KAIVDLLFK 16 1,DIA12_CV48:20251228_A2_N1_Mueller_MS_TechHub_IMP_THIDDIAXL003_Cas9_PhoX_DIA12_CV48_250ng_FAIMS_001,347934,,,Q99ZW2,,,false,Q99ZW2,Q99ZW2,,false,KAIVDLLFK,SEETITPWNFEEVVDKGASAQSFIER,546,469,1,16,546,484,,-1,4,0,1.007276,4.955167
Scan: 958018 Run: DIA12_CV48:20251228_A2_N1_Mueller_MS_TechHub_IMP_THIDDIAXL003_Cas9_PhoX_DIA12_CV48_250ng_FAIMS_002 P1_VLPKHSLLYEYFTVYNELTK P2_SEQEIGKATAK 4 7,DIA12_CV48:20251228_A2_N1_Mueller_MS_TechHub_IMP_THIDDIAXL003_Cas9_PhoX_DIA12_CV48_250ng_FAIMS_002,958018,,,Q99ZW2,,,false,Q99ZW2,Q99ZW2,,false,SEQEIGKATAK,VLPKHSLLYEYFTVYNELTK,1025,507,7,4,1031,510,,-1,4,0,1.007276,4.953081
Scan: 1141366 Run: DIA12_CV48:20251228_A2_N1_Mueller_MS_TechHub_IMP_THIDDIAXL003_Cas9_PhoX_DIA12_CV48_250ng_FAIMS_002 P1_KTEVQTGGFSK P2_GKSDNVPSEEVVK 1 2,DIA12_CV48:20251228_A2_N1_Mueller_MS_TechHub_IMP_THIDDIAXL003_Cas9_PhoX_DIA12_CV48_250ng_FAIMS_002,1141366,,,Q99ZW2,,,false,Q99ZW2,Q99ZW2,,false,GKSDNVPSEEVVK,KTEVQTGGFSK,865,1097,2,1,866,1097,,-1,3,0,1.007276,4.952087
Scan: 62797 Run: DIA12_CV48:20251228_A2_N1_Mueller_MS_TechHub_IMP_THIDDIAXL003_Cas9_PhoX_DIA12_CV48_250ng_FAIMS_001 P1_TEVQTGGFSKESILPK P2_NSDKLIAR 10 4,DIA12_CV48:20251228_A2_N1_Mueller_MS_TechHub_IMP_THIDDIAXL003_Cas9_PhoX_DIA12_CV48_250ng_FAIMS_001,62797,,,Q99ZW2,,,false,Q99ZW2,Q99ZW2,,false,NSDKLIAR,TEVQTGGFSKESILPK,1115,1098,4,10,1118,1107,,-1,3,0,1.007276,4.949321
Scan: 1298749 Run: DIA12_CV48:20251228_A2_N1_Mueller_MS_TechHub_IMP_THIDDIAXL003_Cas9_PhoX_DIA12_CV48_250ng_FAIMS_003 P1_KYGGFDSPTVAYSVLVVAK P2_KDWDPK 1 1,DIA12_CV48:20251228_A2_N1_Mueller_MS_TechHub_IMP_THIDDIAXL003_Cas9_PhoX_DIA12_CV48_250ng_FAIMS_003,1298749,,,Q99ZW2,,,false,Q99ZW2,Q99ZW2,,false,KDWDPK,KYGGFDSPTVAYSVLVVAK,1124,1130,1,1,1124,1130,,-1,3,0,1.007276,4.945482
Scan: 1651479 Run: DIA12_CV48:20251228_A2_N1_Mueller_MS_TechHub_IMP_THIDDIAXL003_Cas9_PhoX_DIA12_CV48_250ng_FAIMS_003 P1_KNLIGALLFDSGETAEATR P2_EDIQKAQVSGQGDSLHEHIANLAGSPAIK 1 5,DIA12_CV48:20251228_A2_N1_Mueller_MS_TechHub_IMP_THIDDIAXL003_Cas9_PhoX_DIA12_CV48_250ng_FAIMS_003,1651479,,,Q99ZW2,,,false,Q99ZW2,Q99ZW2,,false,EDIQKAQVSGQGDSLHEHIANLAGSPAIK,KNLIGALLFDSGETAEATR,706,45,5,1,710,45,,-1,5,0,1.007276,4.945257
Scan: 851182 Run: DIA12_CV48:20251228_A2_N1_Mueller_MS_TechHub_IMP_THIDDIAXL003_Cas9_PhoX_DIA12_CV48_250ng_FAIMS_002 P1_YKEIFFDQSK P2_LEESFLVEEDKK 2 11,DIA12_CV48:20251228_A2_N1_Mueller_MS_TechHub_IMP_THIDDIAXL003_Cas9_PhoX_DIA12_CV48_250ng_FAIMS_002,851182,,,Q99ZW2,,,false,Q99ZW2,Q99ZW2,,false,LEESFLVEEDKK,YKEIFFDQSK,101,347,11,2,111,348,,-1,3,0,1.007276,4.942823
Scan: 1194728 Run: DIA12_CV48:20251228_A2_N1_Mueller_MS_TechHub_IMP_THIDDIAXL003_Cas9_PhoX_DIA12_CV48_250ng_FAIMS_003 P1_YPKLESEFVYGDYK P2_SEQEIGKATAK 3 7,DIA12_CV48:20251228_A2_N1_Mueller_MS_TechHub_IMP_THIDDIAXL003_Cas9_PhoX_DIA12_CV48_250ng_FAIMS_003,1194728,,,Q99ZW2,,,false,Q99ZW2,Q99ZW2,,false,SEQEIGKATAK,YPKLESEFVYGDYK,1025,1001,7,3,1031,1003,,-1,3,0,1.007276,4.941724
Scan: 113548 Run: DIA12_CV48:20251228_A2_N1_Mueller_MS_TechHub_IMP_THIDDIAXL003_Cas9_PhoX_DIA12_CV48_250ng_FAIMS_001 P1_SSFEKNPIDFLEAK P2_KDLIIK 5 1,DIA12_CV48:20251228_A2_N1_Mueller_MS_TechHub_IMP_THIDDIAXL003_Cas9_PhoX_DIA12_CV48_250ng_FAIMS_001,113548,,,Q99ZW2,,,false,Q99ZW2,Q99ZW2,,false,KDLIIK,SSFEKNPIDFLEAK,1192,1172,1,5,1192,1176,,-1,4,0,1.007276,4.940541
Scan: 940785 Run: DIA12_CV48:20251228_A2_N1_Mueller_MS_TechHub_IMP_THIDDIAXL003_Cas9_PhoX_DIA12_CV48_250ng_FAIMS_002 P1_SEETITPWNFEEVVDKGASAQSFIER P2_FKVLGNTDR 16 2,DIA12_CV48:20251228_A2_N1_Mueller_MS_TechHub_IMP_THIDDIAXL003_Cas9_PhoX_DIA12_CV48_250ng_FAIMS_002,940785,,,Q99ZW2,,,false,Q99ZW2,Q99ZW2,,false,FKVLGNTDR,SEETITPWNFEEVVDKGASAQSFIER,32,469,2,16,33,484,,-1,4,0,1.007276,4.939617
Scan: 660092 Run: DIA12_CV48:20251228_A2_N1_Mueller_MS_TechHub_IMP_THIDDIAXL003_Cas9_PhoX_DIA12_CV48_250ng_FAIMS_002 P1_NSDKLIAR P2_KTEVQTGGFSKESILPK 4 11,DIA12_CV48:20251228_A2_N1_Mueller_MS_TechHub_IMP_THIDDIAXL003_Cas9_PhoX_DIA12_CV48_250ng_FAIMS_002,660092,,,Q99ZW2,,,false,Q99ZW2,Q99ZW2,,false,KTEVQTGGFSKESILPK,NSDKLIAR,1097,1115,11,4,1107,1118,,-1,4,0,1.007276,4.939107
Scan: 1540674 Run: DIA12_CV48:20251228_A2_N1_Mueller_MS_TechHub_IMP_THIDDIAXL003_Cas9_PhoX_DIA12_CV48_250ng_FAIMS_003 P1_NLPNEKVLPK P2_KSEETITPWNFEEVVDKGASAQSFIER 6 17,DIA12_CV48:20251228_A2_N1_Mueller_MS_TechHub_IMP_THIDDIAXL003_Cas9_PhoX_DIA12_CV48_250ng_FAIMS_003,1540674,,,Q99ZW2,,,false,Q99ZW2,Q99ZW2,,false,KSEETITPWNFEEVVDKGASAQSFIER,NLPNEKVLPK,468,501,17,6,484,506,,-1,4,0,1.007276,4.935529
Scan: 1409149 Run: DIA12_CV48:20251228_A2_N1_Mueller_MS_TechHub_IMP_THIDDIAXL003_Cas9_PhoX_DIA12_CV48_250ng_FAIMS_003 P1_RLENLIAQLPGEKK P2_KPAFLSGEQK 13 1,DIA12_CV48:20251228_A2_N1_Mueller_MS_TechHub_IMP_THIDDIAXL003_Cas9_PhoX_DIA12_CV48_250ng_FAIMS_003,1409149,,,Q99ZW2,,,false,Q99ZW2,Q99ZW2,,false,KPAFLSGEQK,RLENLIAQLPGEKK,536,221,1,13,536,233,,-1,4,0,1.007276,4.934391
Scan: 424124 Run: DIA12_CV48:20251228_A2_N1_Mueller_MS_TechHub_IMP_THIDDIAXL003_Cas9_PhoX_DIA12_CV48_250ng_FAIMS_001 P1_LKTYAHLFDDK P2_FKVLGNTDR 2 2,DIA12_CV48:20251228_A2_N1_Mueller_MS_TechHub_IMP_THIDDIAXL003_Cas9_PhoX_DIA12_CV48_250ng_FAIMS_001,424124,,,Q99ZW2,,,false,Q99ZW2,Q99ZW2,,false,FKVLGNTDR,LKTYAHLFDDK,32,636,2,2,33,637,,-1,3,0,1.007276,4.931659
Scan: 1780311 Run: DIA12_CV48:20251228_A2_N1_Mueller_MS_TechHub_IMP_THIDDIAXL003_Cas9_PhoX_DIA12_CV48_250ng_FAIMS_003 P1_YDENDKLIR P2_IEKILTFR 6 3,DIA12_CV48:20251228_A2_N1_Mueller_MS_TechHub_IMP_THIDDIAXL003_Cas9_PhoX_DIA12_CV48_250ng_FAIMS_003,1780311,,,Q99ZW2,,,false,Q99ZW2,Q99ZW2,,false,IEKILTFR,YDENDKLIR,440,943,3,6,442,948,,-1,4,0,1.007276,4.928297
Scan: 282780 Run: DIA12_CV48:20251228_A2_N1_Mueller_MS_TechHub_IMP_THIDDIAXL003_Cas9_PhoX_DIA12_CV48_250ng_FAIMS_001 P1_KLINGIR P2_FIKPILEKMDGTEELLVK 1 8,DIA12_CV48:20251228_A2_N1_Mueller_MS_TechHub_IMP_THIDDIAXL003_Cas9_PhoX_DIA12_CV48_250ng_FAIMS_001,282780,,,Q99ZW2,,,false,Q99ZW2,Q99ZW2,,false,FIKPILEKMDGTEELLVK,KLINGIR,375,665,8,1,382,665,,-1,4,0,1.007276,4.92498
Scan: 586104 Run: DIA12_CV48:20251228_A2_N1_Mueller_MS_TechHub_IMP_THIDDIAXL003_Cas9_PhoX_DIA12_CV48_250ng_FAIMS_001 P1_YDENDKLIR P2_IEKILTFR 6 3,DIA12_CV48:20251228_A2_N1_Mueller_MS_TechHub_IMP_THIDDIAXL003_Cas9_PhoX_DIA12_CV48_250ng_FAIMS_001,586104,,,Q99ZW2,,,false,Q99ZW2,Q99ZW2,,false,IEKILTFR,YDENDKLIR,440,943,3,6,442,948,,-1,3,0,1.007276,4.92288
Scan: 1026440 Run: DIA12_CV48:20251228_A2_N1_Mueller_MS_TechHub_IMP_THIDDIAXL003_Cas9_PhoX_DIA12_CV48_250ng_FAIMS_002 P1_KLINGIR P2_IEKILTFR 1 3,DIA12_CV48:20251228_A2_N1_Mueller_MS_TechHub_IMP_THIDDIAXL003_Cas9_PhoX_DIA12_CV48_250ng_FAIMS_002,1026440,,,Q99ZW2,,,false,Q99ZW2,Q99ZW2,,false,IEKILTFR,KLINGIR,440,665,3,1,442,665,,-1,3,0,1.007276,4.918241
Scan: 177648 Run: DIA12_CV48:20251228_A2_N1_Mueller_MS_TechHub_IMP_THIDDIAXL003_Cas9_PhoX_DIA12_CV48_250ng_FAIMS_001 P1_KPAFLSGEQK P2_HYLDEIIEQISEFSKR 1 15,DIA12_CV48:20251228_A2_N1_Mueller_MS_TechHub_IMP_THIDDIAXL003_Cas9_PhoX_DIA12_CV48_250ng_FAIMS_001,177648,,,Q99ZW2,,,false,Q99ZW2,Q99ZW2,,false,HYLDEIIEQISEFSKR,KPAFLSGEQK,1264,536,15,1,1278,536,,-1,4,0,1.007276,4.916655
Scan: 39957 Run: DIA12_CV48:20251228_A2_N1_Mueller_MS_TechHub_IMP_THIDDIAXL003_Cas9_PhoX_DIA12_CV48_250ng_FAIMS_001 P1_KTEVQTGGFSK P2_KLINGIR 1 1,DIA12_CV48:20251228_A2_N1_Mueller_MS_TechHub_IMP_THIDDIAXL003_Cas9_PhoX_DIA12_CV48_250ng_FAIMS_001,39957,,,Q99ZW2,,,false,Q99ZW2,Q99ZW2,,false,KLINGIR,KTEVQTGGFSK,665,1097,1,1,665,1097,,-1,3,0,1.007276,4.916041
Scan: 1390710 Run: DIA12_CV48:20251228_A2_N1_Mueller_MS_TechHub_IMP_THIDDIAXL003_Cas9_PhoX_DIA12_CV48_250ng_FAIMS_003 P1_YTSTKEVLDATLIHQSITGLYETR P2_ESILPKR 5 6,DIA12_CV48:20251228_A2_N1_Mueller_MS_TechHub_IMP_THIDDIAXL003_Cas9_PhoX_DIA12_CV48_250ng_FAIMS_003,1390710,,,Q99ZW2,,,false,Q99ZW2,Q99ZW2,,false,ESILPKR,YTSTKEVLDATLIHQSITGLYETR,1108,1336,6,5,1113,1340,,-1,4,0,1.007276,4.914055
Scan: 668423 Run: DIA12_CV48:20251228_A2_N1_Mueller_MS_TechHub_IMP_THIDDIAXL003_Cas9_PhoX_DIA12_CV48_250ng_FAIMS_002 P1_KTEVQTGGFSKESILPK P2_KPAFLSGEQK 11 1,DIA12_CV48:20251228_A2_N1_Mueller_MS_TechHub_IMP_THIDDIAXL003_Cas9_PhoX_DIA12_CV48_250ng_FAIMS_002,668423,,,Q99ZW2,,,false,Q99ZW2,Q99ZW2,,false,KPAFLSGEQK,KTEVQTGGFSKESILPK,536,1097,1,11,536,1107,,-1,4,0,1.007276,4.912801
Scan: 1012842 Run: DIA12_CV48:20251228_A2_N1_Mueller_MS_TechHub_IMP_THIDDIAXL003_Cas9_PhoX_DIA12_CV48_250ng_FAIMS_002 P1_KVTVKQLK P2_KIECFDSVEISGVEDR 5 1,DIA12_CV48:20251228_A2_N1_Mueller_MS_TechHub_IMP_THIDDIAXL003_Cas9_PhoX_DIA12_CV48_250ng_FAIMS_002,1012842,,,Q99ZW2,,,false,Q99ZW2,Q99ZW2,,false,KIECFDSVEISGVEDR,KVTVKQLK,571,558,1,5,571,562,,-1,3,0,1.007276,4.912392
Scan: 1623110 Run: DIA12_CV48:20251228_A2_N1_Mueller_MS_TechHub_IMP_THIDDIAXL003_Cas9_PhoX_DIA12_CV48_250ng_FAIMS_003 P1_KLINGIR P2_DLIIKLPK 1 5,DIA12_CV48:20251228_A2_N1_Mueller_MS_TechHub_IMP_THIDDIAXL003_Cas9_PhoX_DIA12_CV48_250ng_FAIMS_003,1623110,,,Q99ZW2,,,false,Q99ZW2,Q99ZW2,,false,DLIIKLPK,KLINGIR,1193,665,5,1,1197,665,,-1,4,0,1.007276,4.912268
Scan: 428947 Run: DIA12_CV48:20251228_A2_N1_Mueller_MS_TechHub_IMP_THIDDIAXL003_Cas9_PhoX_DIA12_CV48_250ng_FAIMS_001 P1_KLINGIR P2_DLIIKLPK 1 5,DIA12_CV48:20251228_A2_N1_Mueller_MS_TechHub_IMP_THIDDIAXL003_Cas9_PhoX_DIA12_CV48_250ng_FAIMS_001,428947,,,Q99ZW2,,,false,Q99ZW2,Q99ZW2,,false,DLIIKLPK,KLINGIR,1193,665,5,1,1197,665,,-1,3,0,1.007276,4.911761
Scan: 1687252 Run: DIA12_CV48:20251228_A2_N1_Mueller_MS_TechHub_IMP_THIDDIAXL003_Cas9_PhoX_DIA12_CV48_250ng_FAIMS_003 P1_SEETITPWNFEEVVDKGASAQSFIER P2_GILQTVKVVDELVK 16 7,DIA12_CV48:20251228_A2_N1_Mueller_MS_TechHub_IMP_THIDDIAXL003_Cas9_PhoX_DIA12_CV48_250ng_FAIMS_003,1687252,,,Q99ZW2,,,false,Q99ZW2,Q99ZW2,,false,GILQTVKVVDELVK,SEETITPWNFEEVVDKGASAQSFIER,736,469,7,16,742,484,,-1,4,0,1.007276,4.908899
Scan: 1648272 Run: DIA12_CV48:20251228_A2_N1_Mueller_MS_TechHub_IMP_THIDDIAXL003_Cas9_PhoX_DIA12_CV48_250ng_FAIMS_003 P1_SSFEKNPIDFLEAK P2_EDIQKAQVSGQGDSLHEHIANLAGSPAIK 5 5,DIA12_CV48:20251228_A2_N1_Mueller_MS_TechHub_IMP_THIDDIAXL003_Cas9_PhoX_DIA12_CV48_250ng_FAIMS_003,1648272,,,Q99ZW2,,,false,Q99ZW2,Q99ZW2,,false,EDIQKAQVSGQGDSLHEHIANLAGSPAIK,SSFEKNPIDFLEAK,706,1172,5,5,710,1176,,-1,6,0,1.007276,4.908439
Scan: 451834 Run: DIA12_CV48:20251228_A2_N1_Mueller_MS_TechHub_IMP_THIDDIAXL003_Cas9_PhoX_DIA12_CV48_250ng_FAIMS_001 P1_TEVQTGGFSKESILPK P2_EDIQKAQVSGQGDSLHEHIANLAGSPAIKK 10 5,DIA12_CV48:20251228_A2_N1_Mueller_MS_TechHub_IMP_THIDDIAXL003_Cas9_PhoX_DIA12_CV48_250ng_FAIMS_001,451834,,,Q99ZW2,,,false,Q99ZW2,Q99ZW2,,false,EDIQKAQVSGQGDSLHEHIANLAGSPAIKK,TEVQTGGFSKESILPK,706,1098,5,10,710,1107,,-1,6,0,1.007276,4.907801
Scan: 1541401 Run: DIA12_CV48:20251228_A2_N1_Mueller_MS_TechHub_IMP_THIDDIAXL003_Cas9_PhoX_DIA12_CV48_250ng_FAIMS_003 P1_VKYVTEGMR P2_KSEETITPWNFEEVVDKGASAQSFIER 2 17,DIA12_CV48:20251228_A2_N1_Mueller_MS_TechHub_IMP_THIDDIAXL003_Cas9_PhoX_DIA12_CV48_250ng_FAIMS_003,1541401,,,Q99ZW2,,,false,Q99ZW2,Q99ZW2,,false,KSEETITPWNFEEVVDKGASAQSFIER,VKYVTEGMR,468,527,17,2,484,528,,-1,4,0,1.007276,4.907685
Scan: 502240 Run: DIA12_CV48:20251228_A2_N1_Mueller_MS_TechHub_IMP_THIDDIAXL003_Cas9_PhoX_DIA12_CV48_250ng_FAIMS_001 P1_VVDELVKVMGR P2_FKVLGNTDR 7 2,DIA12_CV48:20251228_A2_N1_Mueller_MS_TechHub_IMP_THIDDIAXL003_Cas9_PhoX_DIA12_CV48_250ng_FAIMS_001,502240,,,Q99ZW2,,,false,Q99ZW2,Q99ZW2,,false,FKVLGNTDR,VVDELVKVMGR,32,743,2,7,33,749,,-1,3,0,1.007276,4.90558
Scan: 94744 Run: DIA12_CV48:20251228_A2_N1_Mueller_MS_TechHub_IMP_THIDDIAXL003_Cas9_PhoX_DIA12_CV48_250ng_FAIMS_001 P1_KKDWDPK P2_ESILPKR 1 6,DIA12_CV48:20251228_A2_N1_Mueller_MS_TechHub_IMP_THIDDIAXL003_Cas9_PhoX_DIA12_CV48_250ng_FAIMS_001,94744,,,Q99ZW2,,,false,Q99ZW2,Q99ZW2,,false,ESILPKR,KKDWDPK,1108,1123,6,1,1113,1123,,-1,3,0,1.007276,4.903004
Scan: 1298446 Run: DIA12_CV48:20251228_A2_N1_Mueller_MS_TechHub_IMP_THIDDIAXL003_Cas9_PhoX_DIA12_CV48_250ng_FAIMS_003 P1_KYGGFDSPTVAYSVLVVAK P2_KKDWDPK 1 1,DIA12_CV48:20251228_A2_N1_Mueller_MS_TechHub_IMP_THIDDIAXL003_Cas9_PhoX_DIA12_CV48_250ng_FAIMS_003,1298446,,,Q99ZW2,,,false,Q99ZW2,Q99ZW2,,false,KKDWDPK,KYGGFDSPTVAYSVLVVAK,1123,1130,1,1,1123,1130,,-1,4,0,1.007276,4.901675
Scan: 365747 Run: DIA12_CV48:20251228_A2_N1_Mueller_MS_TechHub_IMP_THIDDIAXL003_Cas9_PhoX_DIA12_CV48_250ng_FAIMS_001 P1_VLPKHSLLYEYFTVYNELTK P2_MNTKYDENDK 4 4,DIA12_CV48:20251228_A2_N1_Mueller_MS_TechHub_IMP_THIDDIAXL003_Cas9_PhoX_DIA12_CV48_250ng_FAIMS_001,365747,,,Q99ZW2,,,false,Q99ZW2,Q99ZW2,,false,MNTKYDENDK,VLPKHSLLYEYFTVYNELTK,939,507,4,4,942,510,,-1,4,0,1.007276,4.891992
Scan: 1306287 Run: DIA12_CV48:20251228_A2_N1_Mueller_MS_TechHub_IMP_THIDDIAXL003_Cas9_PhoX_DIA12_CV48_250ng_FAIMS_003 P1_SSFEKNPIDFLEAK P2_KKDWDPK 5 1,DIA12_CV48:20251228_A2_N1_Mueller_MS_TechHub_IMP_THIDDIAXL003_Cas9_PhoX_DIA12_CV48_250ng_FAIMS_003,1306287,,,Q99ZW2,,,false,Q99ZW2,Q99ZW2,,false,KKDWDPK,SSFEKNPIDFLEAK,1123,1172,1,5,1123,1176,,-1,3,0,1.007276,4.89093
Scan: 1349700 Run: DIA12_CV48:20251228_A2_N1_Mueller_MS_TechHub_IMP_THIDDIAXL003_Cas9_PhoX_DIA12_CV48_250ng_FAIMS_003 P1_KVLSMPQVNIVK P2_GNELALPSKYVNFLYLASHYEK 1 9,DIA12_CV48:20251228_A2_N1_Mueller_MS_TechHub_IMP_THIDDIAXL003_Cas9_PhoX_DIA12_CV48_250ng_FAIMS_003,1349700,,,Q99ZW2,,,false,Q99ZW2,Q99ZW2,,false,GNELALPSKYVNFLYLASHYEK,KVLSMPQVNIVK,1223,1085,9,1,1231,1085,,-1,5,0,1.007276,4.890017
Scan: 104286 Run: DIA12_CV48:20251228_A2_N1_Mueller_MS_TechHub_IMP_THIDDIAXL003_Cas9_PhoX_DIA12_CV48_250ng_FAIMS_001 P1_KYGGFDSPTVAYSVLVVAK P2_KKDWDPK 1 1,DIA12_CV48:20251228_A2_N1_Mueller_MS_TechHub_IMP_THIDDIAXL003_Cas9_PhoX_DIA12_CV48_250ng_FAIMS_001,104286,,,Q99ZW2,,,false,Q99ZW2,Q99ZW2,,false,KKDWDPK,KYGGFDSPTVAYSVLVVAK,1123,1130,1,1,1123,1130,,-1,3,0,1.007276,4.885808
Scan: 1390296 Run: DIA12_CV48:20251228_A2_N1_Mueller_MS_TechHub_IMP_THIDDIAXL003_Cas9_PhoX_DIA12_CV48_250ng_FAIMS_003 P1_YTSTKEVLDATLIHQSITGLYETR P2_KRPLIETNGETGEIVWDK 5 1,DIA12_CV48:20251228_A2_N1_Mueller_MS_TechHub_IMP_THIDDIAXL003_Cas9_PhoX_DIA12_CV48_250ng_FAIMS_003,1390296,,,Q99ZW2,,,false,Q99ZW2,Q99ZW2,,false,KRPLIETNGETGEIVWDK,YTSTKEVLDATLIHQSITGLYETR,1059,1336,1,5,1059,1340,,-1,5,0,1.007276,4.884929
Scan: 1453870 Run: DIA12_CV48:20251228_A2_N1_Mueller_MS_TechHub_IMP_THIDDIAXL003_Cas9_PhoX_DIA12_CV48_250ng_FAIMS_003 P1_YKEIFFDQSK P2_VTVKQLK 2 4,DIA12_CV48:20251228_A2_N1_Mueller_MS_TechHub_IMP_THIDDIAXL003_Cas9_PhoX_DIA12_CV48_250ng_FAIMS_003,1453870,,,Q99ZW2,,,false,Q99ZW2,Q99ZW2,,false,VTVKQLK,YKEIFFDQSK,559,347,4,2,562,348,,-1,3,0,1.007276,4.88046
Scan: 306178 Run: DIA12_CV48:20251228_A2_N1_Mueller_MS_TechHub_IMP_THIDDIAXL003_Cas9_PhoX_DIA12_CV48_250ng_FAIMS_001 P1_KSEETITPWNFEEVVDK P2_EKIEKILTFR 1 2,DIA12_CV48:20251228_A2_N1_Mueller_MS_TechHub_IMP_THIDDIAXL003_Cas9_PhoX_DIA12_CV48_250ng_FAIMS_001,306178,,,Q99ZW2,,,false,Q99ZW2,Q99ZW2,,false,EKIEKILTFR,KSEETITPWNFEEVVDK,438,468,2,1,439,468,,-1,4,0,1.007276,4.876414
Scan: 1436547 Run: DIA12_CV48:20251228_A2_N1_Mueller_MS_TechHub_IMP_THIDDIAXL003_Cas9_PhoX_DIA12_CV48_250ng_FAIMS_003 P1_LVDSTDKADLR P2_FKVLGNTDR 7 2,DIA12_CV48:20251228_A2_N1_Mueller_MS_TechHub_IMP_THIDDIAXL003_Cas9_PhoX_DIA12_CV48_250ng_FAIMS_003,1436547,,,Q99ZW2,,,false,Q99ZW2,Q99ZW2,,false,FKVLGNTDR,LVDSTDKADLR,32,142,2,7,33,148,,-1,3,0,1.007276,4.875796
Scan: 77056 Run: DIA12_CV48:20251228_A2_N1_Mueller_MS_TechHub_IMP_THIDDIAXL003_Cas9_PhoX_DIA12_CV48_250ng_FAIMS_001 P1_YDEHHQDLTLLKALVR P2_LEESFLVEEDKKHER 12 11,DIA12_CV48:20251228_A2_N1_Mueller_MS_TechHub_IMP_THIDDIAXL003_Cas9_PhoX_DIA12_CV48_250ng_FAIMS_001,77056,,,Q99ZW2,,,false,Q99ZW2,Q99ZW2,,false,LEESFLVEEDKKHER,YDEHHQDLTLLKALVR,101,325,11,12,111,336,,-1,5,0,1.007276,4.873445
Scan: 1450119 Run: DIA12_CV48:20251228_A2_N1_Mueller_MS_TechHub_IMP_THIDDIAXL003_Cas9_PhoX_DIA12_CV48_250ng_FAIMS_003 P1_YKEIFFDQSK P2_KLVDSTDK 2 1,DIA12_CV48:20251228_A2_N1_Mueller_MS_TechHub_IMP_THIDDIAXL003_Cas9_PhoX_DIA12_CV48_250ng_FAIMS_003,1450119,,,Q99ZW2,,,false,Q99ZW2,Q99ZW2,,false,KLVDSTDK,YKEIFFDQSK,141,347,1,2,141,348,,-1,3,0,1.007276,4.871417
Scan: 1787971 Run: DIA12_CV48:20251228_A2_N1_Mueller_MS_TechHub_IMP_THIDDIAXL003_Cas9_PhoX_DIA12_CV48_250ng_FAIMS_003 P1_KPAFLSGEQK P2_KDFQFYK 1 1,DIA12_CV48:20251228_A2_N1_Mueller_MS_TechHub_IMP_THIDDIAXL003_Cas9_PhoX_DIA12_CV48_250ng_FAIMS_003,1787971,,,Q99ZW2,,,false,Q99ZW2,Q99ZW2,,false,KDFQFYK,KPAFLSGEQK,968,536,1,1,968,536,,-1,3,0,1.007276,4.871042
Scan: 783870 Run: DIA12_CV48:20251228_A2_N1_Mueller_MS_TechHub_IMP_THIDDIAXL003_Cas9_PhoX_DIA12_CV48_250ng_FAIMS_002 P1_VLSAYNKHR P2_NSDKLIAR 7 4,DIA12_CV48:20251228_A2_N1_Mueller_MS_TechHub_IMP_THIDDIAXL003_Cas9_PhoX_DIA12_CV48_250ng_FAIMS_002,783870,,,Q99ZW2,,,false,Q99ZW2,Q99ZW2,,false,NSDKLIAR,VLSAYNKHR,1115,1290,4,7,1118,1296,,-1,3,0,1.007276,4.868111
Scan: 112480 Run: DIA12_CV48:20251228_A2_N1_Mueller_MS_TechHub_IMP_THIDDIAXL003_Cas9_PhoX_DIA12_CV48_250ng_FAIMS_001 P1_SSFEKNPIDFLEAK P2_KKDWDPKK 5 2,DIA12_CV48:20251228_A2_N1_Mueller_MS_TechHub_IMP_THIDDIAXL003_Cas9_PhoX_DIA12_CV48_250ng_FAIMS_001,112480,,,Q99ZW2,,,false,Q99ZW2,Q99ZW2,,false,KKDWDPKK,SSFEKNPIDFLEAK,1123,1172,2,5,1124,1176,,-1,3,0,1.007276,4.86796
Scan: 1291606 Run: DIA12_CV48:20251228_A2_N1_Mueller_MS_TechHub_IMP_THIDDIAXL003_Cas9_PhoX_DIA12_CV48_250ng_FAIMS_003 P1_NSDKLIAR P2_KDWDPK 4 1,DIA12_CV48:20251228_A2_N1_Mueller_MS_TechHub_IMP_THIDDIAXL003_Cas9_PhoX_DIA12_CV48_250ng_FAIMS_003,1291606,,,Q99ZW2,,,false,Q99ZW2,Q99ZW2,,false,KDWDPK,NSDKLIAR,1124,1115,1,4,1124,1118,,-1,4,0,1.007276,4.867667
Scan: 740119 Run: DIA12_CV48:20251228_A2_N1_Mueller_MS_TechHub_IMP_THIDDIAXL003_Cas9_PhoX_DIA12_CV48_250ng_FAIMS_002 P1_NSDKLIAR P2_LPKYSLFELENGR 4 3,DIA12_CV48:20251228_A2_N1_Mueller_MS_TechHub_IMP_THIDDIAXL003_Cas9_PhoX_DIA12_CV48_250ng_FAIMS_002,740119,,,Q99ZW2,,,false,Q99ZW2,Q99ZW2,,false,LPKYSLFELENGR,NSDKLIAR,1198,1115,3,4,1200,1118,,-1,3,0,1.007276,4.865815
Scan: 1145850 Run: DIA12_CV48:20251228_A2_N1_Mueller_MS_TechHub_IMP_THIDDIAXL003_Cas9_PhoX_DIA12_CV48_250ng_FAIMS_002 P1_KFDNLTKAER P2_GKSDNVPSEEVVK 1 2,DIA12_CV48:20251228_A2_N1_Mueller_MS_TechHub_IMP_THIDDIAXL003_Cas9_PhoX_DIA12_CV48_250ng_FAIMS_002,1145850,,,Q99ZW2,,,false,Q99ZW2,Q99ZW2,,false,GKSDNVPSEEVVK,KFDNLTKAER,865,896,2,1,866,896,,-1,3,0,1.007276,4.860047
Scan: 430805 Run: DIA12_CV48:20251228_A2_N1_Mueller_MS_TechHub_IMP_THIDDIAXL003_Cas9_PhoX_DIA12_CV48_250ng_FAIMS_001 P1_KLINGIR P2_EDIQKAQVSGQGDSLHEHIANLAGSPAIKK 1 5,DIA12_CV48:20251228_A2_N1_Mueller_MS_TechHub_IMP_THIDDIAXL003_Cas9_PhoX_DIA12_CV48_250ng_FAIMS_001,430805,,,Q99ZW2,,,false,Q99ZW2,Q99ZW2,,false,EDIQKAQVSGQGDSLHEHIANLAGSPAIKK,KLINGIR,706,665,5,1,710,665,,-1,6,0,1.007276,4.858581
Scan: 347182 Run: DIA12_CV48:20251228_A2_N1_Mueller_MS_TechHub_IMP_THIDDIAXL003_Cas9_PhoX_DIA12_CV48_250ng_FAIMS_001 P1_VKYVTEGMR P2_SEETITPWNFEEVVDKGASAQSFIER 2 16,DIA12_CV48:20251228_A2_N1_Mueller_MS_TechHub_IMP_THIDDIAXL003_Cas9_PhoX_DIA12_CV48_250ng_FAIMS_001,347182,,,Q99ZW2,,,false,Q99ZW2,Q99ZW2,,false,SEETITPWNFEEVVDKGASAQSFIER,VKYVTEGMR,469,527,16,2,484,528,,-1,4,0,1.007276,4.857704
Scan: 1632927 Run: DIA12_CV48:20251228_A2_N1_Mueller_MS_TechHub_IMP_THIDDIAXL003_Cas9_PhoX_DIA12_CV48_250ng_FAIMS_003 P1_QSGKTILDFLK P2_KDLIIK 4 1,DIA12_CV48:20251228_A2_N1_Mueller_MS_TechHub_IMP_THIDDIAXL003_Cas9_PhoX_DIA12_CV48_250ng_FAIMS_003,1632927,,,Q99ZW2,,,false,Q99ZW2,Q99ZW2,,false,KDLIIK,QSGKTILDFLK,1192,674,1,4,1192,677,,-1,3,0,1.007276,4.8566
Scan: 1734966 Run: DIA12_CV48:20251228_A2_N1_Mueller_MS_TechHub_IMP_THIDDIAXL003_Cas9_PhoX_DIA12_CV48_250ng_FAIMS_003 P1_YKEIFFDQSK P2_DDSIDNKVLTR 2 7,DIA12_CV48:20251228_A2_N1_Mueller_MS_TechHub_IMP_THIDDIAXL003_Cas9_PhoX_DIA12_CV48_250ng_FAIMS_003,1734966,,,Q99ZW2,,,false,Q99ZW2,Q99ZW2,,false,DDSIDNKVLTR,YKEIFFDQSK,849,347,7,2,855,348,,-1,3,0,1.007276,4.856438
Scan: 431476 Run: DIA12_CV48:20251228_A2_N1_Mueller_MS_TechHub_IMP_THIDDIAXL003_Cas9_PhoX_DIA12_CV48_250ng_FAIMS_001 P1_KLINGIR P2_KGILQTVK 1 1,DIA12_CV48:20251228_A2_N1_Mueller_MS_TechHub_IMP_THIDDIAXL003_Cas9_PhoX_DIA12_CV48_250ng_FAIMS_001,431476,,,Q99ZW2,,,false,Q99ZW2,Q99ZW2,,false,KGILQTVK,KLINGIR,735,665,1,1,735,665,,-1,3,0,1.007276,4.856115
Scan: 94408 Run: DIA12_CV48:20251228_A2_N1_Mueller_MS_TechHub_IMP_THIDDIAXL003_Cas9_PhoX_DIA12_CV48_250ng_FAIMS_001 P1_KTEVQTGGFSKESILPK P2_KKDWDPK 11 1,DIA12_CV48:20251228_A2_N1_Mueller_MS_TechHub_IMP_THIDDIAXL003_Cas9_PhoX_DIA12_CV48_250ng_FAIMS_001,94408,,,Q99ZW2,,,false,Q99ZW2,Q99ZW2,,false,KKDWDPK,KTEVQTGGFSKESILPK,1123,1097,1,11,1123,1107,,-1,4,0,1.007276,4.853836
Scan: 1436702 Run: DIA12_CV48:20251228_A2_N1_Mueller_MS_TechHub_IMP_THIDDIAXL003_Cas9_PhoX_DIA12_CV48_250ng_FAIMS_003 P1_KFKVLGNTDR P2_FKVLGNTDR 3 2,DIA12_CV48:20251228_A2_N1_Mueller_MS_TechHub_IMP_THIDDIAXL003_Cas9_PhoX_DIA12_CV48_250ng_FAIMS_003,1436702,,,Q99ZW2,,,false,Q99ZW2,Q99ZW2,,false,FKVLGNTDR,KFKVLGNTDR,32,31,2,3,33,33,,-1,4,0,1.007276,4.853119
Scan: 412564 Run: DIA12_CV48:20251228_A2_N1_Mueller_MS_TechHub_IMP_THIDDIAXL003_Cas9_PhoX_DIA12_CV48_250ng_FAIMS_001 P1_YKEIFFDQSK P2_QLKEDYFK 2 3,DIA12_CV48:20251228_A2_N1_Mueller_MS_TechHub_IMP_THIDDIAXL003_Cas9_PhoX_DIA12_CV48_250ng_FAIMS_001,412564,,,Q99ZW2,,,false,Q99ZW2,Q99ZW2,,false,QLKEDYFK,YKEIFFDQSK,563,347,3,2,565,348,,-1,3,0,1.007276,4.85306
Scan: 33151 Run: DIA12_CV48:20251228_A2_N1_Mueller_MS_TechHub_IMP_THIDDIAXL003_Cas9_PhoX_DIA12_CV48_250ng_FAIMS_001 P1_KVLSMPQVNIVK P2_ELGSQILKEHPVENTQLQNEK 1 8,DIA12_CV48:20251228_A2_N1_Mueller_MS_TechHub_IMP_THIDDIAXL003_Cas9_PhoX_DIA12_CV48_250ng_FAIMS_001,33151,,,Q99ZW2,,,false,Q99ZW2,Q99ZW2,,false,ELGSQILKEHPVENTQLQNEK,KVLSMPQVNIVK,790,1085,8,1,797,1085,,-1,4,0,1.007276,4.852966
Scan: 297109 Run: DIA12_CV48:20251228_A2_N1_Mueller_MS_TechHub_IMP_THIDDIAXL003_Cas9_PhoX_DIA12_CV48_250ng_FAIMS_001 P1_KNLIGALLFDSGETAEATR P2_FKVLGNTDR 1 2,DIA12_CV48:20251228_A2_N1_Mueller_MS_TechHub_IMP_THIDDIAXL003_Cas9_PhoX_DIA12_CV48_250ng_FAIMS_001,297109,,,Q99ZW2,,,false,Q99ZW2,Q99ZW2,,false,FKVLGNTDR,KNLIGALLFDSGETAEATR,32,45,2,1,33,45,,-1,4,0,1.007276,4.852439
Scan: 1549571 Run: DIA12_CV48:20251228_A2_N1_Mueller_MS_TechHub_IMP_THIDDIAXL003_Cas9_PhoX_DIA12_CV48_250ng_FAIMS_003 P1_MTNFDKNLPNEK P2_EKIEKILTFR 6 5,DIA12_CV48:20251228_A2_N1_Mueller_MS_TechHub_IMP_THIDDIAXL003_Cas9_PhoX_DIA12_CV48_250ng_FAIMS_003,1549571,,,Q99ZW2,,,false,Q99ZW2,Q99ZW2,,false,EKIEKILTFR,MTNFDKNLPNEK,438,495,5,6,442,500,,-1,3,0,1.007276,4.852117
Scan: 1677832 Run: DIA12_CV48:20251228_A2_N1_Mueller_MS_TechHub_IMP_THIDDIAXL003_Cas9_PhoX_DIA12_CV48_250ng_FAIMS_003 P1_KGILQTVK P2_IEKILTFR 1 3,DIA12_CV48:20251228_A2_N1_Mueller_MS_TechHub_IMP_THIDDIAXL003_Cas9_PhoX_DIA12_CV48_250ng_FAIMS_003,1677832,,,Q99ZW2,,,false,Q99ZW2,Q99ZW2,,false,IEKILTFR,KGILQTVK,440,735,3,1,442,735,,-1,3,0,1.007276,4.852026
Scan: 20330 Run: DIA12_CV48:20251228_A2_N1_Mueller_MS_TechHub_IMP_THIDDIAXL003_Cas9_PhoX_DIA12_CV48_250ng_FAIMS_001 P1_SEQEIGKATAK P2_KRPLIETNGETGEIVWDK 7 1,DIA12_CV48:20251228_A2_N1_Mueller_MS_TechHub_IMP_THIDDIAXL003_Cas9_PhoX_DIA12_CV48_250ng_FAIMS_001,20330,,,Q99ZW2,,,false,Q99ZW2,Q99ZW2,,false,KRPLIETNGETGEIVWDK,SEQEIGKATAK,1059,1025,1,7,1059,1031,,-1,4,0,1.007276,4.851546
Scan: 1329535 Run: DIA12_CV48:20251228_A2_N1_Mueller_MS_TechHub_IMP_THIDDIAXL003_Cas9_PhoX_DIA12_CV48_250ng_FAIMS_003 P1_TEVQTGGFSKESILPK P2_KDLIIK 10 1,DIA12_CV48:20251228_A2_N1_Mueller_MS_TechHub_IMP_THIDDIAXL003_Cas9_PhoX_DIA12_CV48_250ng_FAIMS_003,1329535,,,Q99ZW2,,,false,Q99ZW2,Q99ZW2,,false,KDLIIK,TEVQTGGFSKESILPK,1192,1098,1,10,1192,1107,,-1,3,0,1.007276,4.849826
Scan: 1043174 Run: DIA12_CV48:20251228_A2_N1_Mueller_MS_TechHub_IMP_THIDDIAXL003_Cas9_PhoX_DIA12_CV48_250ng_FAIMS_002 P1_TILDFLKSDGFANR P2_KAIVDLLFK 7 1,DIA12_CV48:20251228_A2_N1_Mueller_MS_TechHub_IMP_THIDDIAXL003_Cas9_PhoX_DIA12_CV48_250ng_FAIMS_002,1043174,,,Q99ZW2,,,false,Q99ZW2,Q99ZW2,,false,KAIVDLLFK,TILDFLKSDGFANR,546,678,1,7,546,684,,-1,3,0,1.007276,4.849161
Scan: 1356712 Run: DIA12_CV48:20251228_A2_N1_Mueller_MS_TechHub_IMP_THIDDIAXL003_Cas9_PhoX_DIA12_CV48_250ng_FAIMS_003 P1_LKGSPEDNEQK P2_DKPIR 2 2,DIA12_CV48:20251228_A2_N1_Mueller_MS_TechHub_IMP_THIDDIAXL003_Cas9_PhoX_DIA12_CV48_250ng_FAIMS_003,1356712,,,Q99ZW2,,,false,Q99ZW2,Q99ZW2,,false,DKPIR,LKGSPEDNEQK,1299,1245,2,2,1300,1246,,-1,3,0,1.007276,4.848235
Scan: 1202260 Run: DIA12_CV48:20251228_A2_N1_Mueller_MS_TechHub_IMP_THIDDIAXL003_Cas9_PhoX_DIA12_CV48_250ng_FAIMS_003 P1_YDENDKLIR P2_LESEFVYGDYKVYDVR 6 11,DIA12_CV48:20251228_A2_N1_Mueller_MS_TechHub_IMP_THIDDIAXL003_Cas9_PhoX_DIA12_CV48_250ng_FAIMS_003,1202260,,,Q99ZW2,,,false,Q99ZW2,Q99ZW2,,false,LESEFVYGDYKVYDVR,YDENDKLIR,1004,943,11,6,1014,948,,-1,4,0,1.007276,4.846073
Scan: 381585 Run: DIA12_CV48:20251228_A2_N1_Mueller_MS_TechHub_IMP_THIDDIAXL003_Cas9_PhoX_DIA12_CV48_250ng_FAIMS_001 P1_YKEIFFDQSK P2_KPAFLSGEQK 2 1,DIA12_CV48:20251228_A2_N1_Mueller_MS_TechHub_IMP_THIDDIAXL003_Cas9_PhoX_DIA12_CV48_250ng_FAIMS_001,381585,,,Q99ZW2,,,false,Q99ZW2,Q99ZW2,,false,KPAFLSGEQK,YKEIFFDQSK,536,347,1,2,536,348,,-1,4,0,1.007276,4.845564
Scan: 520215 Run: DIA12_CV48:20251228_A2_N1_Mueller_MS_TechHub_IMP_THIDDIAXL003_Cas9_PhoX_DIA12_CV48_250ng_FAIMS_001 P1_NSDKLIAR P2_ELGSQILKEHPVENTQLQNEK 4 8,DIA12_CV48:20251228_A2_N1_Mueller_MS_TechHub_IMP_THIDDIAXL003_Cas9_PhoX_DIA12_CV48_250ng_FAIMS_001,520215,,,Q99ZW2,,,false,Q99ZW2,Q99ZW2,,false,ELGSQILKEHPVENTQLQNEK,NSDKLIAR,790,1115,8,4,797,1118,,-1,4,0,1.007276,4.843511
Scan: 1267021 Run: DIA12_CV48:20251228_A2_N1_Mueller_MS_TechHub_IMP_THIDDIAXL003_Cas9_PhoX_DIA12_CV48_250ng_FAIMS_003 P1_KTEVQTGGFSKESILPK P2_DKQSGK 11 2,DIA12_CV48:20251228_A2_N1_Mueller_MS_TechHub_IMP_THIDDIAXL003_Cas9_PhoX_DIA12_CV48_250ng_FAIMS_003,1267021,,,Q99ZW2,,,false,Q99ZW2,Q99ZW2,,false,DKQSGK,KTEVQTGGFSKESILPK,672,1097,2,11,673,1107,,-1,3,0,1.007276,4.842569
Scan: 311737 Run: DIA12_CV48:20251228_A2_N1_Mueller_MS_TechHub_IMP_THIDDIAXL003_Cas9_PhoX_DIA12_CV48_250ng_FAIMS_001 P1_KSEETITPWNFEEVVDK P2_EDIQKAQVSGQGDSLHEHIANLAGSPAIK 1 5,DIA12_CV48:20251228_A2_N1_Mueller_MS_TechHub_IMP_THIDDIAXL003_Cas9_PhoX_DIA12_CV48_250ng_FAIMS_001,311737,,,Q99ZW2,,,false,Q99ZW2,Q99ZW2,,false,EDIQKAQVSGQGDSLHEHIANLAGSPAIK,KSEETITPWNFEEVVDK,706,468,5,1,710,468,,-1,6,0,1.007276,4.841543
Scan: 907165 Run: DIA12_CV48:20251228_A2_N1_Mueller_MS_TechHub_IMP_THIDDIAXL003_Cas9_PhoX_DIA12_CV48_250ng_FAIMS_002 P1_KSEETITPWNFEEVVDK P2_KIECFDSVEISGVEDR 1 1,DIA12_CV48:20251228_A2_N1_Mueller_MS_TechHub_IMP_THIDDIAXL003_Cas9_PhoX_DIA12_CV48_250ng_FAIMS_002,907165,,,Q99ZW2,,,false,Q99ZW2,Q99ZW2,,false,KIECFDSVEISGVEDR,KSEETITPWNFEEVVDK,571,468,1,1,571,468,,-1,4,0,1.007276,4.839087
Scan: 298021 Run: DIA12_CV48:20251228_A2_N1_Mueller_MS_TechHub_IMP_THIDDIAXL003_Cas9_PhoX_DIA12_CV48_250ng_FAIMS_001 P1_KNLIGALLFDSGETAEATR P2_KNLIGALLFDSGETAEATR 1 1,DIA12_CV48:20251228_A2_N1_Mueller_MS_TechHub_IMP_THIDDIAXL003_Cas9_PhoX_DIA12_CV48_250ng_FAIMS_001,298021,,,Q99ZW2,,,false,Q99ZW2,Q99ZW2,,false,KNLIGALLFDSGETAEATR,KNLIGALLFDSGETAEATR,45,45,1,1,45,45,,-1,4,0,1.007276,4.838232
Scan: 661582 Run: DIA12_CV48:20251228_A2_N1_Mueller_MS_TechHub_IMP_THIDDIAXL003_Cas9_PhoX_DIA12_CV48_250ng_FAIMS_002 P1_KTEVQTGGFSKESILPK P2_KDWDPK 11 1,DIA12_CV48:20251228_A2_N1_Mueller_MS_TechHub_IMP_THIDDIAXL003_Cas9_PhoX_DIA12_CV48_250ng_FAIMS_002,661582,,,Q99ZW2,,,false,Q99ZW2,Q99ZW2,,false,KDWDPK,KTEVQTGGFSKESILPK,1124,1097,1,11,1124,1107,,-1,3,0,1.007276,4.837215
Scan: 546887 Run: DIA12_CV48:20251228_A2_N1_Mueller_MS_TechHub_IMP_THIDDIAXL003_Cas9_PhoX_DIA12_CV48_250ng_FAIMS_001 P1_GKSDNVPSEEVVK P2_EDIQKAQVSGQGDSLHEHIANLAGSPAIK 2 5,DIA12_CV48:20251228_A2_N1_Mueller_MS_TechHub_IMP_THIDDIAXL003_Cas9_PhoX_DIA12_CV48_250ng_FAIMS_001,546887,,,Q99ZW2,,,false,Q99ZW2,Q99ZW2,,false,EDIQKAQVSGQGDSLHEHIANLAGSPAIK,GKSDNVPSEEVVK,706,865,5,2,710,866,,-1,5,0,1.007276,4.836993
Scan: 378875 Run: DIA12_CV48:20251228_A2_N1_Mueller_MS_TechHub_IMP_THIDDIAXL003_Cas9_PhoX_DIA12_CV48_250ng_FAIMS_001 P1_KPAFLSGEQK P2_EVKKDLIIK 1 3,DIA12_CV48:20251228_A2_N1_Mueller_MS_TechHub_IMP_THIDDIAXL003_Cas9_PhoX_DIA12_CV48_250ng_FAIMS_001,378875,,,Q99ZW2,,,false,Q99ZW2,Q99ZW2,,false,EVKKDLIIK,KPAFLSGEQK,1189,536,3,1,1191,536,,-1,3,0,1.007276,4.836672
Scan: 689233 Run: DIA12_CV48:20251228_A2_N1_Mueller_MS_TechHub_IMP_THIDDIAXL003_Cas9_PhoX_DIA12_CV48_250ng_FAIMS_002 P1_NSDKLIAR P2_GILQTVKVVDELVK 4 7,DIA12_CV48:20251228_A2_N1_Mueller_MS_TechHub_IMP_THIDDIAXL003_Cas9_PhoX_DIA12_CV48_250ng_FAIMS_002,689233,,,Q99ZW2,,,false,Q99ZW2,Q99ZW2,,false,GILQTVKVVDELVK,NSDKLIAR,736,1115,7,4,742,1118,,-1,3,0,1.007276,4.836408
Scan: 743059 Run: DIA12_CV48:20251228_A2_N1_Mueller_MS_TechHub_IMP_THIDDIAXL003_Cas9_PhoX_DIA12_CV48_250ng_FAIMS_002 P1_LPKYSLFELENGR P2_KSEETITPWNFEEVVDK 3 1,DIA12_CV48:20251228_A2_N1_Mueller_MS_TechHub_IMP_THIDDIAXL003_Cas9_PhoX_DIA12_CV48_250ng_FAIMS_002,743059,,,Q99ZW2,,,false,Q99ZW2,Q99ZW2,,false,KSEETITPWNFEEVVDK,LPKYSLFELENGR,468,1198,1,3,468,1200,,-1,4,0,1.007276,4.835897
Scan: 1165807 Run: DIA12_CV48:20251228_A2_N1_Mueller_MS_TechHub_IMP_THIDDIAXL003_Cas9_PhoX_DIA12_CV48_250ng_FAIMS_002 P1_GGLSELDKAGFIK P2_FDNLTKAER 8 6,DIA12_CV48:20251228_A2_N1_Mueller_MS_TechHub_IMP_THIDDIAXL003_Cas9_PhoX_DIA12_CV48_250ng_FAIMS_002,1165807,,,Q99ZW2,,,false,Q99ZW2,Q99ZW2,,false,FDNLTKAER,GGLSELDKAGFIK,897,906,6,8,902,913,,-1,3,0,1.007276,4.835218
Scan: 1053549 Run: DIA12_CV48:20251228_A2_N1_Mueller_MS_TechHub_IMP_THIDDIAXL003_Cas9_PhoX_DIA12_CV48_250ng_FAIMS_002 P1_EKIEKILTFR P2_EDIQKAQVSGQGDSLHEHIANLAGSPAIK 2 5,DIA12_CV48:20251228_A2_N1_Mueller_MS_TechHub_IMP_THIDDIAXL003_Cas9_PhoX_DIA12_CV48_250ng_FAIMS_002,1053549,,,Q99ZW2,,,false,Q99ZW2,Q99ZW2,,false,EDIQKAQVSGQGDSLHEHIANLAGSPAIK,EKIEKILTFR,706,438,5,2,710,439,,-1,5,0,1.007276,4.831956
Scan: 1683018 Run: DIA12_CV48:20251228_A2_N1_Mueller_MS_TechHub_IMP_THIDDIAXL003_Cas9_PhoX_DIA12_CV48_250ng_FAIMS_003 P1_TEVQTGGFSKESILPK P2_GILQTVKVVDELVK 10 7,DIA12_CV48:20251228_A2_N1_Mueller_MS_TechHub_IMP_THIDDIAXL003_Cas9_PhoX_DIA12_CV48_250ng_FAIMS_003,1683018,,,Q99ZW2,,,false,Q99ZW2,Q99ZW2,,false,GILQTVKVVDELVK,TEVQTGGFSKESILPK,736,1098,7,10,742,1107,,-1,4,0,1.007276,4.831227
Scan: 82587 Run: DIA12_CV48:20251228_A2_N1_Mueller_MS_TechHub_IMP_THIDDIAXL003_Cas9_PhoX_DIA12_CV48_250ng_FAIMS_001 P1_NSDKLIAR P2_NSDKLIAR 4 4,DIA12_CV48:20251228_A2_N1_Mueller_MS_TechHub_IMP_THIDDIAXL003_Cas9_PhoX_DIA12_CV48_250ng_FAIMS_001,82587,,,Q99ZW2,,,false,Q99ZW2,Q99ZW2,,false,NSDKLIAR,NSDKLIAR,1115,1115,4,4,1118,1118,,-1,3,0,1.007276,4.829981
Scan: 1235108 Run: DIA12_CV48:20251228_A2_N1_Mueller_MS_TechHub_IMP_THIDDIAXL003_Cas9_PhoX_DIA12_CV48_250ng_FAIMS_003 P1_KTEVQTGGFSK P2_KGILQTVKVVDELVK 1 8,DIA12_CV48:20251228_A2_N1_Mueller_MS_TechHub_IMP_THIDDIAXL003_Cas9_PhoX_DIA12_CV48_250ng_FAIMS_003,1235108,,,Q99ZW2,,,false,Q99ZW2,Q99ZW2,,false,KGILQTVKVVDELVK,KTEVQTGGFSK,735,1097,8,1,742,1097,,-1,4,0,1.007276,4.829921
Scan: 983185 Run: DIA12_CV48:20251228_A2_N1_Mueller_MS_TechHub_IMP_THIDDIAXL003_Cas9_PhoX_DIA12_CV48_250ng_FAIMS_002 P1_QLKEDYFK P2_KPAFLSGEQK 3 1,DIA12_CV48:20251228_A2_N1_Mueller_MS_TechHub_IMP_THIDDIAXL003_Cas9_PhoX_DIA12_CV48_250ng_FAIMS_002,983185,,,Q99ZW2,,,false,Q99ZW2,Q99ZW2,,false,KPAFLSGEQK,QLKEDYFK,536,563,1,3,536,565,,-1,3,0,1.007276,4.827573
Scan: 163873 Run: DIA12_CV48:20251228_A2_N1_Mueller_MS_TechHub_IMP_THIDDIAXL003_Cas9_PhoX_DIA12_CV48_250ng_FAIMS_001 P1_SNKQGR P2_LKGSPEDNEQK 3 2,DIA12_CV48:20251228_A2_N1_Mueller_MS_TechHub_IMP_THIDDIAXL003_Cas9_PhoX_DIA12_CV48_250ng_FAIMS_001,163873,,,Q99ZW2,,,false,decoy:Q99ZW2,decoy,decoy,true,LKGSPEDNEQK,SNKQGR,1245,773,2,3,1246,775,,-1,3,0,1.007276,4.827453
Scan: 636005 Run: DIA12_CV48:20251228_A2_N1_Mueller_MS_TechHub_IMP_THIDDIAXL003_Cas9_PhoX_DIA12_CV48_250ng_FAIMS_002 P1_KTEVQTGGFSK P2_KSEETITPWNFEEVVDK 1 1,DIA12_CV48:20251228_A2_N1_Mueller_MS_TechHub_IMP_THIDDIAXL003_Cas9_PhoX_DIA12_CV48_250ng_FAIMS_002,636005,,,Q99ZW2,,,false,Q99ZW2,Q99ZW2,,false,KSEETITPWNFEEVVDK,KTEVQTGGFSK,468,1097,1,1,468,1097,,-1,4,0,1.007276,4.827231
Scan: 1211319 Run: DIA12_CV48:20251228_A2_N1_Mueller_MS_TechHub_IMP_THIDDIAXL003_Cas9_PhoX_DIA12_CV48_250ng_FAIMS_003 P1_MIAKSEQEIGK P2_ATAKYFFYSNIMNFFK 4 4,DIA12_CV48:20251228_A2_N1_Mueller_MS_TechHub_IMP_THIDDIAXL003_Cas9_PhoX_DIA12_CV48_250ng_FAIMS_003,1211319,,,Q99ZW2,,,false,Q99ZW2,Q99ZW2,,false,ATAKYFFYSNIMNFFK,MIAKSEQEIGK,1032,1021,4,4,1035,1024,,-1,4,0,1.007276,4.825879
Scan: 1049659 Run: DIA12_CV48:20251228_A2_N1_Mueller_MS_TechHub_IMP_THIDDIAXL003_Cas9_PhoX_DIA12_CV48_250ng_FAIMS_002 P1_ESILPKR P2_EDIQKAQVSGQGDSLHEHIANLAGSPAIK 6 5,DIA12_CV48:20251228_A2_N1_Mueller_MS_TechHub_IMP_THIDDIAXL003_Cas9_PhoX_DIA12_CV48_250ng_FAIMS_002,1049659,,,Q99ZW2,,,false,Q99ZW2,Q99ZW2,,false,EDIQKAQVSGQGDSLHEHIANLAGSPAIK,ESILPKR,706,1108,5,6,710,1113,,-1,4,0,1.007276,4.824195
Scan: 855481 Run: DIA12_CV48:20251228_A2_N1_Mueller_MS_TechHub_IMP_THIDDIAXL003_Cas9_PhoX_DIA12_CV48_250ng_FAIMS_002 P1_YKEIFFDQSK P2_IEKILTFR 2 3,DIA12_CV48:20251228_A2_N1_Mueller_MS_TechHub_IMP_THIDDIAXL003_Cas9_PhoX_DIA12_CV48_250ng_FAIMS_002,855481,,,Q99ZW2,,,false,Q99ZW2,Q99ZW2,,false,IEKILTFR,YKEIFFDQSK,440,347,3,2,442,348,,-1,3,0,1.007276,4.81453
Scan: 1002266 Run: DIA12_CV48:20251228_A2_N1_Mueller_MS_TechHub_IMP_THIDDIAXL003_Cas9_PhoX_DIA12_CV48_250ng_FAIMS_002 P1_KDFQFYK P2_KAIVDLLFK 1 1,DIA12_CV48:20251228_A2_N1_Mueller_MS_TechHub_IMP_THIDDIAXL003_Cas9_PhoX_DIA12_CV48_250ng_FAIMS_002,1002266,,,Q99ZW2,,,false,Q99ZW2,Q99ZW2,,false,KAIVDLLFK,KDFQFYK,546,968,1,1,546,968,,-1,3,0,1.007276,4.809851
Scan: 854005 Run: DIA12_CV48:20251228_A2_N1_Mueller_MS_TechHub_IMP_THIDDIAXL003_Cas9_PhoX_DIA12_CV48_250ng_FAIMS_002 P1_YKEIFFDQSK P2_FKVLGNTDR 2 2,DIA12_CV48:20251228_A2_N1_Mueller_MS_TechHub_IMP_THIDDIAXL003_Cas9_PhoX_DIA12_CV48_250ng_FAIMS_002,854005,,,Q99ZW2,,,false,Q99ZW2,Q99ZW2,,false,FKVLGNTDR,YKEIFFDQSK,32,347,2,2,33,348,,-1,4,0,1.007276,4.808136
Scan: 1279156 Run: DIA12_CV48:20251228_A2_N1_Mueller_MS_TechHub_IMP_THIDDIAXL003_Cas9_PhoX_DIA12_CV48_250ng_FAIMS_003 P1_NSDKLIAR P2_KYGGFDSPTVAYSVLVVAK 4 1,DIA12_CV48:20251228_A2_N1_Mueller_MS_TechHub_IMP_THIDDIAXL003_Cas9_PhoX_DIA12_CV48_250ng_FAIMS_003,1279156,,,Q99ZW2,,,false,Q99ZW2,Q99ZW2,,false,KYGGFDSPTVAYSVLVVAK,NSDKLIAR,1130,1115,1,4,1130,1118,,-1,4,0,1.007276,4.807086
Scan: 1216661 Run: DIA12_CV48:20251228_A2_N1_Mueller_MS_TechHub_IMP_THIDDIAXL003_Cas9_PhoX_DIA12_CV48_250ng_FAIMS_003 P1_KSEETITPWNFEEVVDK P2_KRPLIETNGETGEIVWDK 1 1,DIA12_CV48:20251228_A2_N1_Mueller_MS_TechHub_IMP_THIDDIAXL003_Cas9_PhoX_DIA12_CV48_250ng_FAIMS_003,1216661,,,Q99ZW2,,,false,Q99ZW2,Q99ZW2,,false,KRPLIETNGETGEIVWDK,KSEETITPWNFEEVVDK,1059,468,1,1,1059,468,,-1,4,0,1.007276,4.806007
Scan: 713927 Run: DIA12_CV48:20251228_A2_N1_Mueller_MS_TechHub_IMP_THIDDIAXL003_Cas9_PhoX_DIA12_CV48_250ng_FAIMS_002 P1_SSFEKNPIDFLEAK P2_SEETITPWNFEEVVDKGASAQSFIER 5 16,DIA12_CV48:20251228_A2_N1_Mueller_MS_TechHub_IMP_THIDDIAXL003_Cas9_PhoX_DIA12_CV48_250ng_FAIMS_002,713927,,,Q99ZW2,,,false,Q99ZW2,Q99ZW2,,false,SEETITPWNFEEVVDKGASAQSFIER,SSFEKNPIDFLEAK,469,1172,16,5,484,1176,,-1,5,0,1.007276,4.805992
Scan: 1742421 Run: DIA12_CV48:20251228_A2_N1_Mueller_MS_TechHub_IMP_THIDDIAXL003_Cas9_PhoX_DIA12_CV48_250ng_FAIMS_003 P1_SDKNR P2_GKSDNVPSEEVVKK 3 2,DIA12_CV48:20251228_A2_N1_Mueller_MS_TechHub_IMP_THIDDIAXL003_Cas9_PhoX_DIA12_CV48_250ng_FAIMS_003,1742421,,,Q99ZW2,,,false,Q99ZW2,Q99ZW2,,false,GKSDNVPSEEVVKK,SDKNR,865,860,2,3,866,862,,-1,3,0,1.007276,4.80578
Scan: 1286926 Run: DIA12_CV48:20251228_A2_N1_Mueller_MS_TechHub_IMP_THIDDIAXL003_Cas9_PhoX_DIA12_CV48_250ng_FAIMS_003 P1_NSDKLIAR P2_GQKNSR 4 3,DIA12_CV48:20251228_A2_N1_Mueller_MS_TechHub_IMP_THIDDIAXL003_Cas9_PhoX_DIA12_CV48_250ng_FAIMS_003,1286926,,,Q99ZW2,,,false,Q99ZW2,Q99ZW2,,false,GQKNSR,NSDKLIAR,773,1115,3,4,775,1118,,-1,4,0,1.007276,4.805393
Scan: 1742588 Run: DIA12_CV48:20251228_A2_N1_Mueller_MS_TechHub_IMP_THIDDIAXL003_Cas9_PhoX_DIA12_CV48_250ng_FAIMS_003 P1_GKSDNVPSEEVVK P2_GKSDNVPSEEVVK 2 2,DIA12_CV48:20251228_A2_N1_Mueller_MS_TechHub_IMP_THIDDIAXL003_Cas9_PhoX_DIA12_CV48_250ng_FAIMS_003,1742588,,,Q99ZW2,,,false,Q99ZW2,Q99ZW2,,false,GKSDNVPSEEVVK,GKSDNVPSEEVVK,865,865,2,2,866,866,,-1,3,0,1.007276,4.803426
Scan: 694594 Run: DIA12_CV48:20251228_A2_N1_Mueller_MS_TechHub_IMP_THIDDIAXL003_Cas9_PhoX_DIA12_CV48_250ng_FAIMS_002 P1_NSDKLIAR P2_KDWDPKK 4 1,DIA12_CV48:20251228_A2_N1_Mueller_MS_TechHub_IMP_THIDDIAXL003_Cas9_PhoX_DIA12_CV48_250ng_FAIMS_002,694594,,,Q99ZW2,,,false,Q99ZW2,Q99ZW2,,false,KDWDPKK,NSDKLIAR,1124,1115,1,4,1124,1118,,-1,4,0,1.007276,4.802536
Scan: 1092058 Run: DIA12_CV48:20251228_A2_N1_Mueller_MS_TechHub_IMP_THIDDIAXL003_Cas9_PhoX_DIA12_CV48_250ng_FAIMS_002 P1_GILQTVKVVDELVK P2_DKQSGK 7 2,DIA12_CV48:20251228_A2_N1_Mueller_MS_TechHub_IMP_THIDDIAXL003_Cas9_PhoX_DIA12_CV48_250ng_FAIMS_002,1092058,,,Q99ZW2,,,false,Q99ZW2,Q99ZW2,,false,DKQSGK,GILQTVKVVDELVK,672,736,2,7,673,742,,-1,4,0,1.007276,4.802513
Scan: 443836 Run: DIA12_CV48:20251228_A2_N1_Mueller_MS_TechHub_IMP_THIDDIAXL003_Cas9_PhoX_DIA12_CV48_250ng_FAIMS_001 P1_TILDFLKSDGFANR P2_FKVLGNTDR 7 2,DIA12_CV48:20251228_A2_N1_Mueller_MS_TechHub_IMP_THIDDIAXL003_Cas9_PhoX_DIA12_CV48_250ng_FAIMS_001,443836,,,Q99ZW2,,,false,Q99ZW2,Q99ZW2,,false,FKVLGNTDR,TILDFLKSDGFANR,32,678,2,7,33,684,,-1,3,0,1.007276,4.802447
Scan: 1574481 Run: DIA12_CV48:20251228_A2_N1_Mueller_MS_TechHub_IMP_THIDDIAXL003_Cas9_PhoX_DIA12_CV48_250ng_FAIMS_003 P1_LVDSTDKADLR P2_KPAFLSGEQK 7 1,DIA12_CV48:20251228_A2_N1_Mueller_MS_TechHub_IMP_THIDDIAXL003_Cas9_PhoX_DIA12_CV48_250ng_FAIMS_003,1574481,,,Q99ZW2,,,false,Q99ZW2,Q99ZW2,,false,KPAFLSGEQK,LVDSTDKADLR,536,142,1,7,536,148,,-1,3,0,1.007276,4.802422
Scan: 83387 Run: DIA12_CV48:20251228_A2_N1_Mueller_MS_TechHub_IMP_THIDDIAXL003_Cas9_PhoX_DIA12_CV48_250ng_FAIMS_001 P1_RNSDKLIAR P2_KDWDPK 5 1,DIA12_CV48:20251228_A2_N1_Mueller_MS_TechHub_IMP_THIDDIAXL003_Cas9_PhoX_DIA12_CV48_250ng_FAIMS_001,83387,,,Q99ZW2,,,false,Q99ZW2,Q99ZW2,,false,KDWDPK,RNSDKLIAR,1124,1114,1,5,1124,1118,,-1,3,0,1.007276,4.800797
Scan: 462110 Run: DIA12_CV48:20251228_A2_N1_Mueller_MS_TechHub_IMP_THIDDIAXL003_Cas9_PhoX_DIA12_CV48_250ng_FAIMS_001 P1_KGILQTVK P2_EDIQKAQVSGQGDSLHEHIANLAGSPAIK 1 5,DIA12_CV48:20251228_A2_N1_Mueller_MS_TechHub_IMP_THIDDIAXL003_Cas9_PhoX_DIA12_CV48_250ng_FAIMS_001,462110,,,Q99ZW2,,,false,Q99ZW2,Q99ZW2,,false,EDIQKAQVSGQGDSLHEHIANLAGSPAIK,KGILQTVK,706,735,5,1,710,735,,-1,4,0,1.007276,4.799878
Scan: 1289288 Run: DIA12_CV48:20251228_A2_N1_Mueller_MS_TechHub_IMP_THIDDIAXL003_Cas9_PhoX_DIA12_CV48_250ng_FAIMS_003 P1_KKDWDPK P2_KKDWDPK 1 1,DIA12_CV48:20251228_A2_N1_Mueller_MS_TechHub_IMP_THIDDIAXL003_Cas9_PhoX_DIA12_CV48_250ng_FAIMS_003,1289288,,,Q99ZW2,,,false,Q99ZW2,Q99ZW2,,false,KKDWDPK,KKDWDPK,1123,1123,1,1,1123,1123,,-1,3,0,1.007276,4.799386
Scan: 410421 Run: DIA12_CV48:20251228_A2_N1_Mueller_MS_TechHub_IMP_THIDDIAXL003_Cas9_PhoX_DIA12_CV48_250ng_FAIMS_001 P1_KVTVK P2_KVTVK 1 1,DIA12_CV48:20251228_A2_N1_Mueller_MS_TechHub_IMP_THIDDIAXL003_Cas9_PhoX_DIA12_CV48_250ng_FAIMS_001,410421,,,Q99ZW2,,,false,Q99ZW2,Q99ZW2,,false,KVTVK,KVTVK,558,558,1,1,558,558,,-1,3,0,1.007276,4.799157
Scan: 340918 Run: DIA12_CV48:20251228_A2_N1_Mueller_MS_TechHub_IMP_THIDDIAXL003_Cas9_PhoX_DIA12_CV48_250ng_FAIMS_001 P1_KSEETITPWNFEEVVDKGASAQSFIER P2_ESILPKR 17 6,DIA12_CV48:20251228_A2_N1_Mueller_MS_TechHub_IMP_THIDDIAXL003_Cas9_PhoX_DIA12_CV48_250ng_FAIMS_001,340918,,,Q99ZW2,,,false,Q99ZW2,Q99ZW2,,false,ESILPKR,KSEETITPWNFEEVVDKGASAQSFIER,1108,468,6,17,1113,484,,-1,4,0,1.007276,4.798192
Scan: 230663 Run: DIA12_CV48:20251228_A2_N1_Mueller_MS_TechHub_IMP_THIDDIAXL003_Cas9_PhoX_DIA12_CV48_250ng_FAIMS_001 P1_VNTEITKAPLSASMIK P2_FKVLGNTDR 7 2,DIA12_CV48:20251228_A2_N1_Mueller_MS_TechHub_IMP_THIDDIAXL003_Cas9_PhoX_DIA12_CV48_250ng_FAIMS_001,230663,,,Q99ZW2,,,false,Q99ZW2,Q99ZW2,,false,FKVLGNTDR,VNTEITKAPLSASMIK,32,308,2,7,33,314,,-1,3,0,1.007276,4.795734
Scan: 546103 Run: DIA12_CV48:20251228_A2_N1_Mueller_MS_TechHub_IMP_THIDDIAXL003_Cas9_PhoX_DIA12_CV48_250ng_FAIMS_001 P1_VKYVTEGMR P2_GKSDNVPSEEVVK 2 2,DIA12_CV48:20251228_A2_N1_Mueller_MS_TechHub_IMP_THIDDIAXL003_Cas9_PhoX_DIA12_CV48_250ng_FAIMS_001,546103,,,Q99ZW2,,,false,Q99ZW2,Q99ZW2,,false,GKSDNVPSEEVVK,VKYVTEGMR,865,527,2,2,866,528,,-1,3,0,1.007276,4.793235
Scan: 854807 Run: DIA12_CV48:20251228_A2_N1_Mueller_MS_TechHub_IMP_THIDDIAXL003_Cas9_PhoX_DIA12_CV48_250ng_FAIMS_002 P1_YKEIFFDQSK P2_FIKPILEK 2 3,DIA12_CV48:20251228_A2_N1_Mueller_MS_TechHub_IMP_THIDDIAXL003_Cas9_PhoX_DIA12_CV48_250ng_FAIMS_002,854807,,,Q99ZW2,,,false,Q99ZW2,Q99ZW2,,false,FIKPILEK,YKEIFFDQSK,375,347,3,2,377,348,,-1,3,0,1.007276,4.789397
Scan: 688303 Run: DIA12_CV48:20251228_A2_N1_Mueller_MS_TechHub_IMP_THIDDIAXL003_Cas9_PhoX_DIA12_CV48_250ng_FAIMS_002 P1_NSDKLIAR P2_EDIQKAQVSGQGDSLHEHIANLAGSPAIK 4 5,DIA12_CV48:20251228_A2_N1_Mueller_MS_TechHub_IMP_THIDDIAXL003_Cas9_PhoX_DIA12_CV48_250ng_FAIMS_002,688303,,,Q99ZW2,,,false,Q99ZW2,Q99ZW2,,false,EDIQKAQVSGQGDSLHEHIANLAGSPAIK,NSDKLIAR,706,1115,5,4,710,1118,,-1,4,0,1.007276,4.788482
Scan: 898995 Run: DIA12_CV48:20251228_A2_N1_Mueller_MS_TechHub_IMP_THIDDIAXL003_Cas9_PhoX_DIA12_CV48_250ng_FAIMS_002 P1_KSEETITPWNFEEVVDK P2_KDLIIK 1 1,DIA12_CV48:20251228_A2_N1_Mueller_MS_TechHub_IMP_THIDDIAXL003_Cas9_PhoX_DIA12_CV48_250ng_FAIMS_002,898995,,,Q99ZW2,,,false,Q99ZW2,Q99ZW2,,false,KDLIIK,KSEETITPWNFEEVVDK,1192,468,1,1,1192,468,,-1,3,0,1.007276,4.788417
Scan: 241654 Run: DIA12_CV48:20251228_A2_N1_Mueller_MS_TechHub_IMP_THIDDIAXL003_Cas9_PhoX_DIA12_CV48_250ng_FAIMS_001 P1_KKDWDPK P2_FKVLGNTDR 1 2,DIA12_CV48:20251228_A2_N1_Mueller_MS_TechHub_IMP_THIDDIAXL003_Cas9_PhoX_DIA12_CV48_250ng_FAIMS_001,241654,,,Q99ZW2,,,false,Q99ZW2,Q99ZW2,,false,FKVLGNTDR,KKDWDPK,32,1123,2,1,33,1123,,-1,3,0,1.007276,4.786936
Scan: 1687653 Run: DIA12_CV48:20251228_A2_N1_Mueller_MS_TechHub_IMP_THIDDIAXL003_Cas9_PhoX_DIA12_CV48_250ng_FAIMS_003 P1_MTNFDKNLPNEK P2_GILQTVKVVDELVK 6 7,DIA12_CV48:20251228_A2_N1_Mueller_MS_TechHub_IMP_THIDDIAXL003_Cas9_PhoX_DIA12_CV48_250ng_FAIMS_003,1687653,,,Q99ZW2,,,false,Q99ZW2,Q99ZW2,,false,GILQTVKVVDELVK,MTNFDKNLPNEK,736,495,7,6,742,500,,-1,4,0,1.007276,4.783171
Scan: 1439195 Run: DIA12_CV48:20251228_A2_N1_Mueller_MS_TechHub_IMP_THIDDIAXL003_Cas9_PhoX_DIA12_CV48_250ng_FAIMS_003 P1_VVDELVKVMGR P2_FKVLGNTDR 7 2,DIA12_CV48:20251228_A2_N1_Mueller_MS_TechHub_IMP_THIDDIAXL003_Cas9_PhoX_DIA12_CV48_250ng_FAIMS_003,1439195,,,Q99ZW2,,,false,Q99ZW2,Q99ZW2,,false,FKVLGNTDR,VVDELVKVMGR,32,743,2,7,33,749,,-1,4,0,1.007276,4.783141
Scan: 850567 Run: DIA12_CV48:20251228_A2_N1_Mueller_MS_TechHub_IMP_THIDDIAXL003_Cas9_PhoX_DIA12_CV48_250ng_FAIMS_002 P1_YKEIFFDQSK P2_KMIAK 2 1,DIA12_CV48:20251228_A2_N1_Mueller_MS_TechHub_IMP_THIDDIAXL003_Cas9_PhoX_DIA12_CV48_250ng_FAIMS_002,850567,,,Q99ZW2,,,false,Q99ZW2,Q99ZW2,,false,KMIAK,YKEIFFDQSK,1020,347,1,2,1020,348,,-1,3,0,1.007276,4.778346
Scan: 709353 Run: DIA12_CV48:20251228_A2_N1_Mueller_MS_TechHub_IMP_THIDDIAXL003_Cas9_PhoX_DIA12_CV48_250ng_FAIMS_002 P1_SSFEKNPIDFLEAK P2_KKDWDPK 5 2,DIA12_CV48:20251228_A2_N1_Mueller_MS_TechHub_IMP_THIDDIAXL003_Cas9_PhoX_DIA12_CV48_250ng_FAIMS_002,709353,,,Q99ZW2,,,false,Q99ZW2,Q99ZW2,,false,KKDWDPK,SSFEKNPIDFLEAK,1123,1172,2,5,1124,1176,,-1,3,0,1.007276,4.777674
Scan: 947254 Run: DIA12_CV48:20251228_A2_N1_Mueller_MS_TechHub_IMP_THIDDIAXL003_Cas9_PhoX_DIA12_CV48_250ng_FAIMS_002 P1_KSEETITPWNFEEVVDKGASAQSFIER P2_GILQTVKVVDELVK 17 7,DIA12_CV48:20251228_A2_N1_Mueller_MS_TechHub_IMP_THIDDIAXL003_Cas9_PhoX_DIA12_CV48_250ng_FAIMS_002,947254,,,Q99ZW2,,,false,Q99ZW2,Q99ZW2,,false,GILQTVKVVDELVK,KSEETITPWNFEEVVDKGASAQSFIER,736,468,7,17,742,484,,-1,5,0,1.007276,4.773621
Scan: 1567431 Run: DIA12_CV48:20251228_A2_N1_Mueller_MS_TechHub_IMP_THIDDIAXL003_Cas9_PhoX_DIA12_CV48_250ng_FAIMS_003 P1_VKYVTEGMR P2_KVLSMPQVNIVK 2 1,DIA12_CV48:20251228_A2_N1_Mueller_MS_TechHub_IMP_THIDDIAXL003_Cas9_PhoX_DIA12_CV48_250ng_FAIMS_003,1567431,,,Q99ZW2,,,false,Q99ZW2,Q99ZW2,,false,KVLSMPQVNIVK,VKYVTEGMR,1085,527,1,2,1085,528,,-1,3,0,1.007276,4.773594
Scan: 352844 Run: DIA12_CV48:20251228_A2_N1_Mueller_MS_TechHub_IMP_THIDDIAXL003_Cas9_PhoX_DIA12_CV48_250ng_FAIMS_001 P1_NSDKLIAR P2_MTNFDKNLPNEK 4 6,DIA12_CV48:20251228_A2_N1_Mueller_MS_TechHub_IMP_THIDDIAXL003_Cas9_PhoX_DIA12_CV48_250ng_FAIMS_001,352844,,,Q99ZW2,,,false,Q99ZW2,Q99ZW2,,false,MTNFDKNLPNEK,NSDKLIAR,495,1115,6,4,500,1118,,-1,3,0,1.007276,4.772892
Scan: 1113035 Run: DIA12_CV48:20251228_A2_N1_Mueller_MS_TechHub_IMP_THIDDIAXL003_Cas9_PhoX_DIA12_CV48_250ng_FAIMS_002 P1_IEEGIKELGSQILK P2_EHPVENTQLQNEKLYLYYLQNGR 6 13,DIA12_CV48:20251228_A2_N1_Mueller_MS_TechHub_IMP_THIDDIAXL003_Cas9_PhoX_DIA12_CV48_250ng_FAIMS_002,1113035,,,Q99ZW2,,,false,Q99ZW2,Q99ZW2,,false,EHPVENTQLQNEKLYLYYLQNGR,IEEGIKELGSQILK,798,784,13,6,810,789,,-1,4,0,1.007276,4.772787
Scan: 628732 Run: DIA12_CV48:20251228_A2_N1_Mueller_MS_TechHub_IMP_THIDDIAXL003_Cas9_PhoX_DIA12_CV48_250ng_FAIMS_002 P1_KVLSMPQVNIVK P2_KVLSMPQVNIVK 1 1,DIA12_CV48:20251228_A2_N1_Mueller_MS_TechHub_IMP_THIDDIAXL003_Cas9_PhoX_DIA12_CV48_250ng_FAIMS_002,628732,,,Q99ZW2,,,false,Q99ZW2,Q99ZW2,,false,KVLSMPQVNIVK,KVLSMPQVNIVK,1085,1085,1,1,1085,1085,,-1,4,0,1.007276,4.771217
Scan: 762059 Run: DIA12_CV48:20251228_A2_N1_Mueller_MS_TechHub_IMP_THIDDIAXL003_Cas9_PhoX_DIA12_CV48_250ng_FAIMS_002 P1_LKGSPEDNEQK P2_KDFQFYK 2 1,DIA12_CV48:20251228_A2_N1_Mueller_MS_TechHub_IMP_THIDDIAXL003_Cas9_PhoX_DIA12_CV48_250ng_FAIMS_002,762059,,,Q99ZW2,,,false,Q99ZW2,Q99ZW2,,false,KDFQFYK,LKGSPEDNEQK,968,1245,1,2,968,1246,,-1,4,0,1.007276,4.769336
Scan: 1784043 Run: DIA12_CV48:20251228_A2_N1_Mueller_MS_TechHub_IMP_THIDDIAXL003_Cas9_PhoX_DIA12_CV48_250ng_FAIMS_003 P1_SKLVSDFR P2_KDFQFYK 2 1,DIA12_CV48:20251228_A2_N1_Mueller_MS_TechHub_IMP_THIDDIAXL003_Cas9_PhoX_DIA12_CV48_250ng_FAIMS_003,1784043,,,Q99ZW2,,,false,Q99ZW2,Q99ZW2,,false,KDFQFYK,SKLVSDFR,968,960,1,2,968,961,,-1,3,0,1.007276,4.767952
Scan: 1215664 Run: DIA12_CV48:20251228_A2_N1_Mueller_MS_TechHub_IMP_THIDDIAXL003_Cas9_PhoX_DIA12_CV48_250ng_FAIMS_003 P1_KRPLIETNGETGEIVWDK P2_GNELALPSKYVNFLYLASHYEK 1 9,DIA12_CV48:20251228_A2_N1_Mueller_MS_TechHub_IMP_THIDDIAXL003_Cas9_PhoX_DIA12_CV48_250ng_FAIMS_003,1215664,,,Q99ZW2,,,false,Q99ZW2,Q99ZW2,,false,GNELALPSKYVNFLYLASHYEK,KRPLIETNGETGEIVWDK,1223,1059,9,1,1231,1059,,-1,5,0,1.007276,4.766216
Scan: 6074 Run: DIA12_CV48:20251228_A2_N1_Mueller_MS_TechHub_IMP_THIDDIAXL003_Cas9_PhoX_DIA12_CV48_250ng_FAIMS_001 P1_LESEFVYGDYKVYDVR P2_KMIAK 11 1,DIA12_CV48:20251228_A2_N1_Mueller_MS_TechHub_IMP_THIDDIAXL003_Cas9_PhoX_DIA12_CV48_250ng_FAIMS_001,6074,,,Q99ZW2,,,false,Q99ZW2,Q99ZW2,,false,KMIAK,LESEFVYGDYKVYDVR,1020,1004,1,11,1020,1014,,-1,3,0,1.007276,4.761648
Scan: 86358 Run: DIA12_CV48:20251228_A2_N1_Mueller_MS_TechHub_IMP_THIDDIAXL003_Cas9_PhoX_DIA12_CV48_250ng_FAIMS_001 P1_NSDKLIAR P2_LPKYSLFELENGR 4 3,DIA12_CV48:20251228_A2_N1_Mueller_MS_TechHub_IMP_THIDDIAXL003_Cas9_PhoX_DIA12_CV48_250ng_FAIMS_001,86358,,,Q99ZW2,,,false,Q99ZW2,Q99ZW2,,false,LPKYSLFELENGR,NSDKLIAR,1198,1115,3,4,1200,1118,,-1,4,0,1.007276,4.75877
Scan: 707787 Run: DIA12_CV48:20251228_A2_N1_Mueller_MS_TechHub_IMP_THIDDIAXL003_Cas9_PhoX_DIA12_CV48_250ng_FAIMS_002 P1_SSFEKNPIDFLEAK P2_SEQEIGKATAK 5 7,DIA12_CV48:20251228_A2_N1_Mueller_MS_TechHub_IMP_THIDDIAXL003_Cas9_PhoX_DIA12_CV48_250ng_FAIMS_002,707787,,,Q99ZW2,,,false,Q99ZW2,Q99ZW2,,false,SEQEIGKATAK,SSFEKNPIDFLEAK,1025,1172,7,5,1031,1176,,-1,3,0,1.007276,4.755665
Scan: 387758 Run: DIA12_CV48:20251228_A2_N1_Mueller_MS_TechHub_IMP_THIDDIAXL003_Cas9_PhoX_DIA12_CV48_250ng_FAIMS_001 P1_KPAFLSGEQK P2_ENQTTQKGQK 1 7,DIA12_CV48:20251228_A2_N1_Mueller_MS_TechHub_IMP_THIDDIAXL003_Cas9_PhoX_DIA12_CV48_250ng_FAIMS_001,387758,,,Q99ZW2,,,false,Q99ZW2,Q99ZW2,,false,ENQTTQKGQK,KPAFLSGEQK,766,536,7,1,772,536,,-1,3,0,1.007276,4.755082
Scan: 96782 Run: DIA12_CV48:20251228_A2_N1_Mueller_MS_TechHub_IMP_THIDDIAXL003_Cas9_PhoX_DIA12_CV48_250ng_FAIMS_001 P1_KTEVQTGGFSKESILPK P2_KKDWDPK 11 2,DIA12_CV48:20251228_A2_N1_Mueller_MS_TechHub_IMP_THIDDIAXL003_Cas9_PhoX_DIA12_CV48_250ng_FAIMS_001,96782,,,Q99ZW2,,,false,Q99ZW2,Q99ZW2,,false,KKDWDPK,KTEVQTGGFSKESILPK,1123,1097,2,11,1124,1107,,-1,4,0,1.007276,4.753991
Scan: 791984 Run: DIA12_CV48:20251228_A2_N1_Mueller_MS_TechHub_IMP_THIDDIAXL003_Cas9_PhoX_DIA12_CV48_250ng_FAIMS_002 P1_KKDWDPK P2_EQAENIIHLFTLTNLGAPAAFKYFDTTIDR 1 22,DIA12_CV48:20251228_A2_N1_Mueller_MS_TechHub_IMP_THIDDIAXL003_Cas9_PhoX_DIA12_CV48_250ng_FAIMS_002,791984,,,Q99ZW2,,,false,Q99ZW2,Q99ZW2,,false,EQAENIIHLFTLTNLGAPAAFKYFDTTIDR,KKDWDPK,1304,1123,22,1,1325,1123,,-1,5,0,1.007276,4.751502
Scan: 254225 Run: DIA12_CV48:20251228_A2_N1_Mueller_MS_TechHub_IMP_THIDDIAXL003_Cas9_PhoX_DIA12_CV48_250ng_FAIMS_001 P1_YKEIFFDQSK P2_ESILPKR 2 6,DIA12_CV48:20251228_A2_N1_Mueller_MS_TechHub_IMP_THIDDIAXL003_Cas9_PhoX_DIA12_CV48_250ng_FAIMS_001,254225,,,Q99ZW2,,,false,Q99ZW2,Q99ZW2,,false,ESILPKR,YKEIFFDQSK,1108,347,6,2,1113,348,,-1,3,0,1.007276,4.751314
Scan: 118374 Run: DIA12_CV48:20251228_A2_N1_Mueller_MS_TechHub_IMP_THIDDIAXL003_Cas9_PhoX_DIA12_CV48_250ng_FAIMS_001 P1_SSFEKNPIDFLEAK P2_KVTVK 5 1,DIA12_CV48:20251228_A2_N1_Mueller_MS_TechHub_IMP_THIDDIAXL003_Cas9_PhoX_DIA12_CV48_250ng_FAIMS_001,118374,,,Q99ZW2,,,false,Q99ZW2,Q99ZW2,,false,KVTVK,SSFEKNPIDFLEAK,558,1172,1,5,558,1176,,-1,3,0,1.007276,4.751117
Scan: 1209831 Run: DIA12_CV48:20251228_A2_N1_Mueller_MS_TechHub_IMP_THIDDIAXL003_Cas9_PhoX_DIA12_CV48_250ng_FAIMS_003 P1_YKEIFFDQSK P2_SEQEIGKATAK 2 7,DIA12_CV48:20251228_A2_N1_Mueller_MS_TechHub_IMP_THIDDIAXL003_Cas9_PhoX_DIA12_CV48_250ng_FAIMS_003,1209831,,,Q99ZW2,,,false,Q99ZW2,Q99ZW2,,false,SEQEIGKATAK,YKEIFFDQSK,1025,347,7,2,1031,348,,-1,3,0,1.007276,4.749146
Scan: 1329480 Run: DIA12_CV48:20251228_A2_N1_Mueller_MS_TechHub_IMP_THIDDIAXL003_Cas9_PhoX_DIA12_CV48_250ng_FAIMS_003 P1_KTEVQTGGFSK P2_KDLIIK 1 1,DIA12_CV48:20251228_A2_N1_Mueller_MS_TechHub_IMP_THIDDIAXL003_Cas9_PhoX_DIA12_CV48_250ng_FAIMS_003,1329480,,,Q99ZW2,,,false,Q99ZW2,Q99ZW2,,false,KDLIIK,KTEVQTGGFSK,1192,1097,1,1,1192,1097,,-1,3,0,1.007276,4.747328
Scan: 509448 Run: DIA12_CV48:20251228_A2_N1_Mueller_MS_TechHub_IMP_THIDDIAXL003_Cas9_PhoX_DIA12_CV48_250ng_FAIMS_001 P1_YKEIFFDQSK P2_ENQTTQKGQK 2 7,DIA12_CV48:20251228_A2_N1_Mueller_MS_TechHub_IMP_THIDDIAXL003_Cas9_PhoX_DIA12_CV48_250ng_FAIMS_001,509448,,,Q99ZW2,,,false,Q99ZW2,Q99ZW2,,false,ENQTTQKGQK,YKEIFFDQSK,766,347,7,2,772,348,,-1,3,0,1.007276,4.744423
Scan: 791509 Run: DIA12_CV48:20251228_A2_N1_Mueller_MS_TechHub_IMP_THIDDIAXL003_Cas9_PhoX_DIA12_CV48_250ng_FAIMS_002 P1_RNSDKLIAR P2_EQAENIIHLFTLTNLGAPAAFKYFDTTIDR 5 22,DIA12_CV48:20251228_A2_N1_Mueller_MS_TechHub_IMP_THIDDIAXL003_Cas9_PhoX_DIA12_CV48_250ng_FAIMS_002,791509,,,Q99ZW2,,,false,Q99ZW2,Q99ZW2,,false,EQAENIIHLFTLTNLGAPAAFKYFDTTIDR,RNSDKLIAR,1304,1114,22,5,1325,1118,,-1,5,0,1.007276,4.741833
Scan: 813333 Run: DIA12_CV48:20251228_A2_N1_Mueller_MS_TechHub_IMP_THIDDIAXL003_Cas9_PhoX_DIA12_CV48_250ng_FAIMS_002 P1_RLENLIAQLPGEKK P2_ENQTTQKGQK 13 7,DIA12_CV48:20251228_A2_N1_Mueller_MS_TechHub_IMP_THIDDIAXL003_Cas9_PhoX_DIA12_CV48_250ng_FAIMS_002,813333,,,Q99ZW2,,,false,Q99ZW2,Q99ZW2,,false,ENQTTQKGQK,RLENLIAQLPGEKK,766,221,7,13,772,233,,-1,3,0,1.007276,4.738668
Scan: 1625854 Run: DIA12_CV48:20251228_A2_N1_Mueller_MS_TechHub_IMP_THIDDIAXL003_Cas9_PhoX_DIA12_CV48_250ng_FAIMS_003 P1_KLINGIR P2_GQKNSR 1 3,DIA12_CV48:20251228_A2_N1_Mueller_MS_TechHub_IMP_THIDDIAXL003_Cas9_PhoX_DIA12_CV48_250ng_FAIMS_003,1625854,,,Q99ZW2,,,false,Q99ZW2,Q99ZW2,,false,GQKNSR,KLINGIR,773,665,3,1,775,665,,-1,3,0,1.007276,4.738511
Scan: 103626 Run: DIA12_CV48:20251228_A2_N1_Mueller_MS_TechHub_IMP_THIDDIAXL003_Cas9_PhoX_DIA12_CV48_250ng_FAIMS_001 P1_KYGGFDSPTVAYSVLVVAK P2_ESILPKR 1 6,DIA12_CV48:20251228_A2_N1_Mueller_MS_TechHub_IMP_THIDDIAXL003_Cas9_PhoX_DIA12_CV48_250ng_FAIMS_001,103626,,,Q99ZW2,,,false,Q99ZW2,Q99ZW2,,false,ESILPKR,KYGGFDSPTVAYSVLVVAK,1108,1130,6,1,1113,1130,,-1,3,0,1.007276,4.738024
Scan: 1464704 Run: DIA12_CV48:20251228_A2_N1_Mueller_MS_TechHub_IMP_THIDDIAXL003_Cas9_PhoX_DIA12_CV48_250ng_FAIMS_003 P1_NSDKLIAR P2_EIFFDQSKNGYAGYIDGGASQEEFYK 4 8,DIA12_CV48:20251228_A2_N1_Mueller_MS_TechHub_IMP_THIDDIAXL003_Cas9_PhoX_DIA12_CV48_250ng_FAIMS_003,1464704,,,Q99ZW2,,,false,Q99ZW2,Q99ZW2,,false,EIFFDQSKNGYAGYIDGGASQEEFYK,NSDKLIAR,349,1115,8,4,356,1118,,-1,4,0,1.007276,4.737523
Scan: 97178 Run: DIA12_CV48:20251228_A2_N1_Mueller_MS_TechHub_IMP_THIDDIAXL003_Cas9_PhoX_DIA12_CV48_250ng_FAIMS_001 P1_KKDWDPK P2_ESILPKR 2 6,DIA12_CV48:20251228_A2_N1_Mueller_MS_TechHub_IMP_THIDDIAXL003_Cas9_PhoX_DIA12_CV48_250ng_FAIMS_001,97178,,,Q99ZW2,,,false,Q99ZW2,Q99ZW2,,false,ESILPKR,KKDWDPK,1108,1123,6,2,1113,1124,,-1,3,0,1.007276,4.737292
Scan: 893385 Run: DIA12_CV48:20251228_A2_N1_Mueller_MS_TechHub_IMP_THIDDIAXL003_Cas9_PhoX_DIA12_CV48_250ng_FAIMS_002 P1_KRPLIETNGETGEIVWDK P2_KNLIGALLFDSGETAEATR 1 1,DIA12_CV48:20251228_A2_N1_Mueller_MS_TechHub_IMP_THIDDIAXL003_Cas9_PhoX_DIA12_CV48_250ng_FAIMS_002,893385,,,Q99ZW2,,,false,Q99ZW2,Q99ZW2,,false,KNLIGALLFDSGETAEATR,KRPLIETNGETGEIVWDK,45,1059,1,1,45,1059,,-1,4,0,1.007276,4.736936
Scan: 634240 Run: DIA12_CV48:20251228_A2_N1_Mueller_MS_TechHub_IMP_THIDDIAXL003_Cas9_PhoX_DIA12_CV48_250ng_FAIMS_002 P1_LPKYSLFELENGR P2_KTEVQTGGFSK 3 1,DIA12_CV48:20251228_A2_N1_Mueller_MS_TechHub_IMP_THIDDIAXL003_Cas9_PhoX_DIA12_CV48_250ng_FAIMS_002,634240,,,Q99ZW2,,,false,Q99ZW2,Q99ZW2,,false,KTEVQTGGFSK,LPKYSLFELENGR,1097,1198,1,3,1097,1200,,-1,3,0,1.007276,4.736259
Scan: 410577 Run: DIA12_CV48:20251228_A2_N1_Mueller_MS_TechHub_IMP_THIDDIAXL003_Cas9_PhoX_DIA12_CV48_250ng_FAIMS_001 P1_KVTVK P2_DKQSGK 1 2,DIA12_CV48:20251228_A2_N1_Mueller_MS_TechHub_IMP_THIDDIAXL003_Cas9_PhoX_DIA12_CV48_250ng_FAIMS_001,410577,,,Q99ZW2,,,false,Q99ZW2,Q99ZW2,,false,DKQSGK,KVTVK,672,558,2,1,673,558,,-1,3,0,1.007276,4.73553
Scan: 260186 Run: DIA12_CV48:20251228_A2_N1_Mueller_MS_TechHub_IMP_THIDDIAXL003_Cas9_PhoX_DIA12_CV48_250ng_FAIMS_001 P1_YKEIFFDQSK P2_KLINGIR 2 1,DIA12_CV48:20251228_A2_N1_Mueller_MS_TechHub_IMP_THIDDIAXL003_Cas9_PhoX_DIA12_CV48_250ng_FAIMS_001,260186,,,Q99ZW2,,,false,Q99ZW2,Q99ZW2,,false,KLINGIR,YKEIFFDQSK,665,347,1,2,665,348,,-1,3,0,1.007276,4.734113
Scan: 594416 Run: DIA12_CV48:20251228_A2_N1_Mueller_MS_TechHub_IMP_THIDDIAXL003_Cas9_PhoX_DIA12_CV48_250ng_FAIMS_001 P1_SKLVSDFR P2_KDFQFYK 2 1,DIA12_CV48:20251228_A2_N1_Mueller_MS_TechHub_IMP_THIDDIAXL003_Cas9_PhoX_DIA12_CV48_250ng_FAIMS_001,594416,,,Q99ZW2,,,false,Q99ZW2,Q99ZW2,,false,KDFQFYK,SKLVSDFR,968,960,1,2,968,961,,-1,4,0,1.007276,4.732585
Scan: 588532 Run: DIA12_CV48:20251228_A2_N1_Mueller_MS_TechHub_IMP_THIDDIAXL003_Cas9_PhoX_DIA12_CV48_250ng_FAIMS_001 P1_SKLVSDFR P2_KPAFLSGEQK 2 1,DIA12_CV48:20251228_A2_N1_Mueller_MS_TechHub_IMP_THIDDIAXL003_Cas9_PhoX_DIA12_CV48_250ng_FAIMS_001,588532,,,Q99ZW2,,,false,Q99ZW2,Q99ZW2,,false,KPAFLSGEQK,SKLVSDFR,536,960,1,2,536,961,,-1,4,0,1.007276,4.730431
Scan: 91943 Run: DIA12_CV48:20251228_A2_N1_Mueller_MS_TechHub_IMP_THIDDIAXL003_Cas9_PhoX_DIA12_CV48_250ng_FAIMS_001 P1_NSDKLIAR P2_KGILQTVK 4 1,DIA12_CV48:20251228_A2_N1_Mueller_MS_TechHub_IMP_THIDDIAXL003_Cas9_PhoX_DIA12_CV48_250ng_FAIMS_001,91943,,,Q99ZW2,,,false,Q99ZW2,Q99ZW2,,false,KGILQTVK,NSDKLIAR,735,1115,1,4,735,1118,,-1,3,0,1.007276,4.726992
Scan: 385537 Run: DIA12_CV48:20251228_A2_N1_Mueller_MS_TechHub_IMP_THIDDIAXL003_Cas9_PhoX_DIA12_CV48_250ng_FAIMS_001 P1_KPAFLSGEQK P2_KAIVDLLFK 1 1,DIA12_CV48:20251228_A2_N1_Mueller_MS_TechHub_IMP_THIDDIAXL003_Cas9_PhoX_DIA12_CV48_250ng_FAIMS_001,385537,,,Q99ZW2,,,false,Q99ZW2,Q99ZW2,,false,KAIVDLLFK,KPAFLSGEQK,546,536,1,1,546,536,,-1,4,0,1.007276,4.726084
Scan: 901406 Run: DIA12_CV48:20251228_A2_N1_Mueller_MS_TechHub_IMP_THIDDIAXL003_Cas9_PhoX_DIA12_CV48_250ng_FAIMS_002 P1_VNTEITKAPLSASMIK P2_KSEETITPWNFEEVVDK 7 1,DIA12_CV48:20251228_A2_N1_Mueller_MS_TechHub_IMP_THIDDIAXL003_Cas9_PhoX_DIA12_CV48_250ng_FAIMS_002,901406,,,Q99ZW2,,,false,Q99ZW2,Q99ZW2,,false,KSEETITPWNFEEVVDK,VNTEITKAPLSASMIK,468,308,1,7,468,314,,-1,4,0,1.007276,4.724123
Scan: 593785 Run: DIA12_CV48:20251228_A2_N1_Mueller_MS_TechHub_IMP_THIDDIAXL003_Cas9_PhoX_DIA12_CV48_250ng_FAIMS_001 P1_KPAFLSGEQK P2_KDFQFYK 1 1,DIA12_CV48:20251228_A2_N1_Mueller_MS_TechHub_IMP_THIDDIAXL003_Cas9_PhoX_DIA12_CV48_250ng_FAIMS_001,593785,,,Q99ZW2,,,false,Q99ZW2,Q99ZW2,,false,KDFQFYK,KPAFLSGEQK,968,536,1,1,968,536,,-1,4,0,1.007276,4.722235
Scan: 1742400 Run: DIA12_CV48:20251228_A2_N1_Mueller_MS_TechHub_IMP_THIDDIAXL003_Cas9_PhoX_DIA12_CV48_250ng_FAIMS_003 P1_SDKNR P2_GKSDNVPSEEVVK 3 2,DIA12_CV48:20251228_A2_N1_Mueller_MS_TechHub_IMP_THIDDIAXL003_Cas9_PhoX_DIA12_CV48_250ng_FAIMS_003,1742400,,,Q99ZW2,,,false,Q99ZW2,Q99ZW2,,false,GKSDNVPSEEVVK,SDKNR,865,860,2,3,866,862,,-1,4,0,1.007276,4.721661
Scan: 378097 Run: DIA12_CV48:20251228_A2_N1_Mueller_MS_TechHub_IMP_THIDDIAXL003_Cas9_PhoX_DIA12_CV48_250ng_FAIMS_001 P1_KPAFLSGEQK P2_KKDWDPK 1 2,DIA12_CV48:20251228_A2_N1_Mueller_MS_TechHub_IMP_THIDDIAXL003_Cas9_PhoX_DIA12_CV48_250ng_FAIMS_001,378097,,,Q99ZW2,,,false,Q99ZW2,Q99ZW2,,false,KKDWDPK,KPAFLSGEQK,1123,536,2,1,1124,536,,-1,3,0,1.007276,4.720744
Scan: 429950 Run: DIA12_CV48:20251228_A2_N1_Mueller_MS_TechHub_IMP_THIDDIAXL003_Cas9_PhoX_DIA12_CV48_250ng_FAIMS_001 P1_NLPNEKVLPK P2_KLINGIR 6 1,DIA12_CV48:20251228_A2_N1_Mueller_MS_TechHub_IMP_THIDDIAXL003_Cas9_PhoX_DIA12_CV48_250ng_FAIMS_001,429950,,,Q99ZW2,,,false,Q99ZW2,Q99ZW2,,false,KLINGIR,NLPNEKVLPK,665,501,1,6,665,506,,-1,3,0,1.007276,4.719292
Scan: 1567871 Run: DIA12_CV48:20251228_A2_N1_Mueller_MS_TechHub_IMP_THIDDIAXL003_Cas9_PhoX_DIA12_CV48_250ng_FAIMS_003 P1_VKYVTEGMR P2_FKVLGNTDR 2 2,DIA12_CV48:20251228_A2_N1_Mueller_MS_TechHub_IMP_THIDDIAXL003_Cas9_PhoX_DIA12_CV48_250ng_FAIMS_003,1567871,,,Q99ZW2,,,false,Q99ZW2,Q99ZW2,,false,FKVLGNTDR,VKYVTEGMR,32,527,2,2,33,528,,-1,3,0,1.007276,4.71907
Scan: 1229999 Run: DIA12_CV48:20251228_A2_N1_Mueller_MS_TechHub_IMP_THIDDIAXL003_Cas9_PhoX_DIA12_CV48_250ng_FAIMS_003 P1_KTEVQTGGFSK P2_KTEVQTGGFSK 1 1,DIA12_CV48:20251228_A2_N1_Mueller_MS_TechHub_IMP_THIDDIAXL003_Cas9_PhoX_DIA12_CV48_250ng_FAIMS_003,1229999,,,Q99ZW2,,,false,Q99ZW2,Q99ZW2,,false,KTEVQTGGFSK,KTEVQTGGFSK,1097,1097,1,1,1097,1097,,-1,4,0,1.007276,4.718989
Scan: 1491334 Run: DIA12_CV48:20251228_A2_N1_Mueller_MS_TechHub_IMP_THIDDIAXL003_Cas9_PhoX_DIA12_CV48_250ng_FAIMS_003 P1_KNLIGALLFDSGETAEATR P2_FKVLGNTDR 1 2,DIA12_CV48:20251228_A2_N1_Mueller_MS_TechHub_IMP_THIDDIAXL003_Cas9_PhoX_DIA12_CV48_250ng_FAIMS_003,1491334,,,Q99ZW2,,,false,Q99ZW2,Q99ZW2,,false,FKVLGNTDR,KNLIGALLFDSGETAEATR,32,45,2,1,33,45,,-1,3,0,1.007276,4.718935
Scan: 1702768 Run: DIA12_CV48:20251228_A2_N1_Mueller_MS_TechHub_IMP_THIDDIAXL003_Cas9_PhoX_DIA12_CV48_250ng_FAIMS_003 P1_ESILPKR P2_ENQTTQKGQK 6 7,DIA12_CV48:20251228_A2_N1_Mueller_MS_TechHub_IMP_THIDDIAXL003_Cas9_PhoX_DIA12_CV48_250ng_FAIMS_003,1702768,,,Q99ZW2,,,false,Q99ZW2,Q99ZW2,,false,ENQTTQKGQK,ESILPKR,766,1108,7,6,772,1113,,-1,3,0,1.007276,4.718575
Scan: 1715958 Run: DIA12_CV48:20251228_A2_N1_Mueller_MS_TechHub_IMP_THIDDIAXL003_Cas9_PhoX_DIA12_CV48_250ng_FAIMS_003 P1_KNGLFGNLIALSLGLTPNFK P2_ELGSQILKEHPVENTQLQNEK 1 8,DIA12_CV48:20251228_A2_N1_Mueller_MS_TechHub_IMP_THIDDIAXL003_Cas9_PhoX_DIA12_CV48_250ng_FAIMS_003,1715958,,,Q99ZW2,,,false,Q99ZW2,Q99ZW2,,false,ELGSQILKEHPVENTQLQNEK,KNGLFGNLIALSLGLTPNFK,790,234,8,1,797,234,,-1,4,0,1.007276,4.718329
Scan: 786042 Run: DIA12_CV48:20251228_A2_N1_Mueller_MS_TechHub_IMP_THIDDIAXL003_Cas9_PhoX_DIA12_CV48_250ng_FAIMS_002 P1_KLVDSTDK P2_HPIFGNIVDEVAYHEKYPTIYHLR 1 16,DIA12_CV48:20251228_A2_N1_Mueller_MS_TechHub_IMP_THIDDIAXL003_Cas9_PhoX_DIA12_CV48_250ng_FAIMS_002,786042,,,Q99ZW2,,,false,Q99ZW2,Q99ZW2,,false,HPIFGNIVDEVAYHEKYPTIYHLR,KLVDSTDK,116,141,16,1,131,141,,-1,6,0,1.007276,4.716961
Scan: 1143602 Run: DIA12_CV48:20251228_A2_N1_Mueller_MS_TechHub_IMP_THIDDIAXL003_Cas9_PhoX_DIA12_CV48_250ng_FAIMS_002 P1_KVTVK P2_GKSDNVPSEEVVK 1 2,DIA12_CV48:20251228_A2_N1_Mueller_MS_TechHub_IMP_THIDDIAXL003_Cas9_PhoX_DIA12_CV48_250ng_FAIMS_002,1143602,,,Q99ZW2,,,false,Q99ZW2,Q99ZW2,,false,GKSDNVPSEEVVK,KVTVK,865,558,2,1,866,558,,-1,3,0,1.007276,4.708912
Scan: 1172037 Run: DIA12_CV48:20251228_A2_N1_Mueller_MS_TechHub_IMP_THIDDIAXL003_Cas9_PhoX_DIA12_CV48_250ng_FAIMS_002 P1_VITLKSK P2_QITKHVAQILDSR 5 4,DIA12_CV48:20251228_A2_N1_Mueller_MS_TechHub_IMP_THIDDIAXL003_Cas9_PhoX_DIA12_CV48_250ng_FAIMS_002,1172037,,,Q99ZW2,,,false,Q99ZW2,Q99ZW2,,false,QITKHVAQILDSR,VITLKSK,926,955,4,5,929,959,,-1,3,0,1.007276,4.705329
Scan: 1024899 Run: DIA12_CV48:20251228_A2_N1_Mueller_MS_TechHub_IMP_THIDDIAXL003_Cas9_PhoX_DIA12_CV48_250ng_FAIMS_002 P1_KLINGIR P2_KKDWDPK 1 1,DIA12_CV48:20251228_A2_N1_Mueller_MS_TechHub_IMP_THIDDIAXL003_Cas9_PhoX_DIA12_CV48_250ng_FAIMS_002,1024899,,,Q99ZW2,,,false,Q99ZW2,Q99ZW2,,false,KKDWDPK,KLINGIR,1123,665,1,1,1123,665,,-1,4,0,1.007276,4.704258
Scan: 1276692 Run: DIA12_CV48:20251228_A2_N1_Mueller_MS_TechHub_IMP_THIDDIAXL003_Cas9_PhoX_DIA12_CV48_250ng_FAIMS_003 P1_NSDKLIAR P2_ESILPKR 4 6,DIA12_CV48:20251228_A2_N1_Mueller_MS_TechHub_IMP_THIDDIAXL003_Cas9_PhoX_DIA12_CV48_250ng_FAIMS_003,1276692,,,Q99ZW2,,,false,Q99ZW2,Q99ZW2,,false,ESILPKR,NSDKLIAR,1108,1115,6,4,1113,1118,,-1,3,0,1.007276,4.70193
Scan: 97430 Run: DIA12_CV48:20251228_A2_N1_Mueller_MS_TechHub_IMP_THIDDIAXL003_Cas9_PhoX_DIA12_CV48_250ng_FAIMS_001 P1_RNSDKLIAR P2_KDWDPK 5 1,DIA12_CV48:20251228_A2_N1_Mueller_MS_TechHub_IMP_THIDDIAXL003_Cas9_PhoX_DIA12_CV48_250ng_FAIMS_001,97430,,,Q99ZW2,,,false,Q99ZW2,Q99ZW2,,false,KDWDPK,RNSDKLIAR,1124,1114,1,5,1124,1118,,-1,4,0,1.007276,4.701507
Scan: 282221 Run: DIA12_CV48:20251228_A2_N1_Mueller_MS_TechHub_IMP_THIDDIAXL003_Cas9_PhoX_DIA12_CV48_250ng_FAIMS_001 P1_QQLPEKYKEIFFDQSK P2_FIKPILEKMDGTEELLVK 6 8,DIA12_CV48:20251228_A2_N1_Mueller_MS_TechHub_IMP_THIDDIAXL003_Cas9_PhoX_DIA12_CV48_250ng_FAIMS_001,282221,,,Q99ZW2,,,false,Q99ZW2,Q99ZW2,,false,FIKPILEKMDGTEELLVK,QQLPEKYKEIFFDQSK,375,341,8,6,382,346,,-1,5,0,1.007276,4.700602
Scan: 796792 Run: DIA12_CV48:20251228_A2_N1_Mueller_MS_TechHub_IMP_THIDDIAXL003_Cas9_PhoX_DIA12_CV48_250ng_FAIMS_002 P1_YTSTKEVLDATLIHQSITGLYETR P2_KDFQFYK 5 1,DIA12_CV48:20251228_A2_N1_Mueller_MS_TechHub_IMP_THIDDIAXL003_Cas9_PhoX_DIA12_CV48_250ng_FAIMS_002,796792,,,Q99ZW2,,,false,Q99ZW2,Q99ZW2,,false,KDFQFYK,YTSTKEVLDATLIHQSITGLYETR,968,1336,1,5,968,1340,,-1,4,0,1.007276,4.700075
Scan: 1697939 Run: DIA12_CV48:20251228_A2_N1_Mueller_MS_TechHub_IMP_THIDDIAXL003_Cas9_PhoX_DIA12_CV48_250ng_FAIMS_003 P1_VVDELVKVMGR P2_VKYVTEGMR 7 2,DIA12_CV48:20251228_A2_N1_Mueller_MS_TechHub_IMP_THIDDIAXL003_Cas9_PhoX_DIA12_CV48_250ng_FAIMS_003,1697939,,,Q99ZW2,,,false,Q99ZW2,Q99ZW2,,false,VKYVTEGMR,VVDELVKVMGR,527,743,2,7,528,749,,-1,3,0,1.007276,4.695988
Scan: 986570 Run: DIA12_CV48:20251228_A2_N1_Mueller_MS_TechHub_IMP_THIDDIAXL003_Cas9_PhoX_DIA12_CV48_250ng_FAIMS_002 P1_KPAFLSGEQK P2_ICYLQEIFSNEMAKVDDSFFHR 1 14,DIA12_CV48:20251228_A2_N1_Mueller_MS_TechHub_IMP_THIDDIAXL003_Cas9_PhoX_DIA12_CV48_250ng_FAIMS_002,986570,,,Q99ZW2,,,false,Q99ZW2,Q99ZW2,,false,ICYLQEIFSNEMAKVDDSFFHR,KPAFLSGEQK,79,536,14,1,92,536,,-1,5,0,1.007276,4.695696
Scan: 1358603 Run: DIA12_CV48:20251228_A2_N1_Mueller_MS_TechHub_IMP_THIDDIAXL003_Cas9_PhoX_DIA12_CV48_250ng_FAIMS_003 P1_LKGSPEDNEQK P2_GKSDNVPSEEVVK 2 2,DIA12_CV48:20251228_A2_N1_Mueller_MS_TechHub_IMP_THIDDIAXL003_Cas9_PhoX_DIA12_CV48_250ng_FAIMS_003,1358603,,,Q99ZW2,,,false,Q99ZW2,Q99ZW2,,false,GKSDNVPSEEVVK,LKGSPEDNEQK,865,1245,2,2,866,1246,,-1,3,0,1.007276,4.694498
Scan: 249170 Run: DIA12_CV48:20251228_A2_N1_Mueller_MS_TechHub_IMP_THIDDIAXL003_Cas9_PhoX_DIA12_CV48_250ng_FAIMS_001 P1_YDEHHQDLTLLKALVR P2_APLSASMIKR 12 9,DIA12_CV48:20251228_A2_N1_Mueller_MS_TechHub_IMP_THIDDIAXL003_Cas9_PhoX_DIA12_CV48_250ng_FAIMS_001,249170,,,Q99ZW2,,,false,Q99ZW2,Q99ZW2,,false,APLSASMIKR,YDEHHQDLTLLKALVR,315,325,9,12,323,336,,-1,4,0,1.007276,4.694219
Scan: 216111 Run: DIA12_CV48:20251228_A2_N1_Mueller_MS_TechHub_IMP_THIDDIAXL003_Cas9_PhoX_DIA12_CV48_250ng_FAIMS_001 P1_LENLIAQLPGEKK P2_ENQTTQKGQK 12 7,DIA12_CV48:20251228_A2_N1_Mueller_MS_TechHub_IMP_THIDDIAXL003_Cas9_PhoX_DIA12_CV48_250ng_FAIMS_001,216111,,,Q99ZW2,,,false,Q99ZW2,Q99ZW2,,false,ENQTTQKGQK,LENLIAQLPGEKK,766,222,7,12,772,233,,-1,3,0,1.007276,4.689831
Scan: 694048 Run: DIA12_CV48:20251228_A2_N1_Mueller_MS_TechHub_IMP_THIDDIAXL003_Cas9_PhoX_DIA12_CV48_250ng_FAIMS_002 P1_TEVQTGGFSKESILPK P2_KDWDPK 10 1,DIA12_CV48:20251228_A2_N1_Mueller_MS_TechHub_IMP_THIDDIAXL003_Cas9_PhoX_DIA12_CV48_250ng_FAIMS_002,694048,,,Q99ZW2,,,false,Q99ZW2,Q99ZW2,,false,KDWDPK,TEVQTGGFSKESILPK,1124,1098,1,10,1124,1107,,-1,4,0,1.007276,4.689732
Scan: 944555 Run: DIA12_CV48:20251228_A2_N1_Mueller_MS_TechHub_IMP_THIDDIAXL003_Cas9_PhoX_DIA12_CV48_250ng_FAIMS_002 P1_KSEETITPWNFEEVVDKGASAQSFIER P2_KPAFLSGEQK 17 1,DIA12_CV48:20251228_A2_N1_Mueller_MS_TechHub_IMP_THIDDIAXL003_Cas9_PhoX_DIA12_CV48_250ng_FAIMS_002,944555,,,Q99ZW2,,,false,Q99ZW2,Q99ZW2,,false,KPAFLSGEQK,KSEETITPWNFEEVVDKGASAQSFIER,536,468,1,17,536,484,,-1,4,0,1.007276,4.688745
Scan: 361355 Run: DIA12_CV48:20251228_A2_N1_Mueller_MS_TechHub_IMP_THIDDIAXL003_Cas9_PhoX_DIA12_CV48_250ng_FAIMS_001 P1_VLPKHSLLYEYFTVYNELTK P2_NSDKLIAR 4 4,DIA12_CV48:20251228_A2_N1_Mueller_MS_TechHub_IMP_THIDDIAXL003_Cas9_PhoX_DIA12_CV48_250ng_FAIMS_001,361355,,,Q99ZW2,,,false,Q99ZW2,Q99ZW2,,false,NSDKLIAR,VLPKHSLLYEYFTVYNELTK,1115,507,4,4,1118,510,,-1,4,0,1.007276,4.688566
Scan: 1280392 Run: DIA12_CV48:20251228_A2_N1_Mueller_MS_TechHub_IMP_THIDDIAXL003_Cas9_PhoX_DIA12_CV48_250ng_FAIMS_003 P1_NSDKLIAR P2_DLIIKLPK 4 5,DIA12_CV48:20251228_A2_N1_Mueller_MS_TechHub_IMP_THIDDIAXL003_Cas9_PhoX_DIA12_CV48_250ng_FAIMS_003,1280392,,,Q99ZW2,,,false,Q99ZW2,Q99ZW2,,false,DLIIKLPK,NSDKLIAR,1193,1115,5,4,1197,1118,,-1,3,0,1.007276,4.688233
Scan: 852877 Run: DIA12_CV48:20251228_A2_N1_Mueller_MS_TechHub_IMP_THIDDIAXL003_Cas9_PhoX_DIA12_CV48_250ng_FAIMS_002 P1_YKEIFFDQSK P2_VLSAYNKHR 2 7,DIA12_CV48:20251228_A2_N1_Mueller_MS_TechHub_IMP_THIDDIAXL003_Cas9_PhoX_DIA12_CV48_250ng_FAIMS_002,852877,,,Q99ZW2,,,false,Q99ZW2,Q99ZW2,,false,VLSAYNKHR,YKEIFFDQSK,1290,347,7,2,1296,348,,-1,3,0,1.007276,4.688175
Scan: 495564 Run: DIA12_CV48:20251228_A2_N1_Mueller_MS_TechHub_IMP_THIDDIAXL003_Cas9_PhoX_DIA12_CV48_250ng_FAIMS_001 P1_TILDFLKSDGFANR P2_GILQTVKVVDELVK 7 7,DIA12_CV48:20251228_A2_N1_Mueller_MS_TechHub_IMP_THIDDIAXL003_Cas9_PhoX_DIA12_CV48_250ng_FAIMS_001,495564,,,Q99ZW2,,,false,Q99ZW2,Q99ZW2,,false,GILQTVKVVDELVK,TILDFLKSDGFANR,736,678,7,7,742,684,,-1,4,0,1.007276,4.686346
Scan: 1689118 Run: DIA12_CV48:20251228_A2_N1_Mueller_MS_TechHub_IMP_THIDDIAXL003_Cas9_PhoX_DIA12_CV48_250ng_FAIMS_003 P1_GILQTVKVVDELVK P2_DKQSGK 7 2,DIA12_CV48:20251228_A2_N1_Mueller_MS_TechHub_IMP_THIDDIAXL003_Cas9_PhoX_DIA12_CV48_250ng_FAIMS_003,1689118,,,Q99ZW2,,,false,Q99ZW2,Q99ZW2,,false,DKQSGK,GILQTVKVVDELVK,672,736,2,7,673,742,,-1,3,0,1.007276,4.68597
Scan: 1646227 Run: DIA12_CV48:20251228_A2_N1_Mueller_MS_TechHub_IMP_THIDDIAXL003_Cas9_PhoX_DIA12_CV48_250ng_FAIMS_003 P1_KTEVQTGGFSKESILPK P2_EDIQKAQVSGQGDSLHEHIANLAGSPAIKK 11 5,DIA12_CV48:20251228_A2_N1_Mueller_MS_TechHub_IMP_THIDDIAXL003_Cas9_PhoX_DIA12_CV48_250ng_FAIMS_003,1646227,,,Q99ZW2,,,false,Q99ZW2,Q99ZW2,,false,EDIQKAQVSGQGDSLHEHIANLAGSPAIKK,KTEVQTGGFSKESILPK,706,1097,5,11,710,1107,,-1,6,0,1.007276,4.684089
Scan: 1200432 Run: DIA12_CV48:20251228_A2_N1_Mueller_MS_TechHub_IMP_THIDDIAXL003_Cas9_PhoX_DIA12_CV48_250ng_FAIMS_003 P1_MIAKSEQEIGK P2_LESEFVYGDYKVYDVR 4 11,DIA12_CV48:20251228_A2_N1_Mueller_MS_TechHub_IMP_THIDDIAXL003_Cas9_PhoX_DIA12_CV48_250ng_FAIMS_003,1200432,,,Q99ZW2,,,false,Q99ZW2,Q99ZW2,,false,LESEFVYGDYKVYDVR,MIAKSEQEIGK,1004,1021,11,4,1014,1024,,-1,4,0,1.007276,4.683898
Scan: 911324 Run: DIA12_CV48:20251228_A2_N1_Mueller_MS_TechHub_IMP_THIDDIAXL003_Cas9_PhoX_DIA12_CV48_250ng_FAIMS_002 P1_SKLVSDFR P2_KSEETITPWNFEEVVDK 2 1,DIA12_CV48:20251228_A2_N1_Mueller_MS_TechHub_IMP_THIDDIAXL003_Cas9_PhoX_DIA12_CV48_250ng_FAIMS_002,911324,,,Q99ZW2,,,false,Q99ZW2,Q99ZW2,,false,KSEETITPWNFEEVVDK,SKLVSDFR,468,960,1,2,468,961,,-1,4,0,1.007276,4.681464
Scan: 1001135 Run: DIA12_CV48:20251228_A2_N1_Mueller_MS_TechHub_IMP_THIDDIAXL003_Cas9_PhoX_DIA12_CV48_250ng_FAIMS_002 P1_KDLIIK P2_KAIVDLLFK 1 1,DIA12_CV48:20251228_A2_N1_Mueller_MS_TechHub_IMP_THIDDIAXL003_Cas9_PhoX_DIA12_CV48_250ng_FAIMS_002,1001135,,,Q99ZW2,,,false,Q99ZW2,Q99ZW2,,false,KAIVDLLFK,KDLIIK,546,1192,1,1,546,1192,,-1,3,0,1.007276,4.680179
Scan: 384244 Run: DIA12_CV48:20251228_A2_N1_Mueller_MS_TechHub_IMP_THIDDIAXL003_Cas9_PhoX_DIA12_CV48_250ng_FAIMS_001 P1_VKYVTEGMR P2_KPAFLSGEQKK 2 1,DIA12_CV48:20251228_A2_N1_Mueller_MS_TechHub_IMP_THIDDIAXL003_Cas9_PhoX_DIA12_CV48_250ng_FAIMS_001,384244,,,Q99ZW2,,,false,Q99ZW2,Q99ZW2,,false,KPAFLSGEQKK,VKYVTEGMR,536,527,1,2,536,528,,-1,3,0,1.007276,4.676884
Scan: 1652635 Run: DIA12_CV48:20251228_A2_N1_Mueller_MS_TechHub_IMP_THIDDIAXL003_Cas9_PhoX_DIA12_CV48_250ng_FAIMS_003 P1_KPAFLSGEQK P2_EDIQKAQVSGQGDSLHEHIANLAGSPAIK 1 5,DIA12_CV48:20251228_A2_N1_Mueller_MS_TechHub_IMP_THIDDIAXL003_Cas9_PhoX_DIA12_CV48_250ng_FAIMS_003,1652635,,,Q99ZW2,,,false,Q99ZW2,Q99ZW2,,false,EDIQKAQVSGQGDSLHEHIANLAGSPAIK,KPAFLSGEQK,706,536,5,1,710,536,,-1,5,0,1.007276,4.676123
Scan: 1544759 Run: DIA12_CV48:20251228_A2_N1_Mueller_MS_TechHub_IMP_THIDDIAXL003_Cas9_PhoX_DIA12_CV48_250ng_FAIMS_003 P1_VVDELVKVMGR P2_SEETITPWNFEEVVDKGASAQSFIER 7 16,DIA12_CV48:20251228_A2_N1_Mueller_MS_TechHub_IMP_THIDDIAXL003_Cas9_PhoX_DIA12_CV48_250ng_FAIMS_003,1544759,,,Q99ZW2,,,false,Q99ZW2,Q99ZW2,,false,SEETITPWNFEEVVDKGASAQSFIER,VVDELVKVMGR,469,743,16,7,484,749,,-1,4,0,1.007276,4.670909
Scan: 684617 Run: DIA12_CV48:20251228_A2_N1_Mueller_MS_TechHub_IMP_THIDDIAXL003_Cas9_PhoX_DIA12_CV48_250ng_FAIMS_002 P1_SNFDLAEDAKLQLSK P2_NSDKLIAR 10 4,DIA12_CV48:20251228_A2_N1_Mueller_MS_TechHub_IMP_THIDDIAXL003_Cas9_PhoX_DIA12_CV48_250ng_FAIMS_002,684617,,,Q99ZW2,,,false,Q99ZW2,Q99ZW2,,false,NSDKLIAR,SNFDLAEDAKLQLSK,1115,254,4,10,1118,263,,-1,3,0,1.007276,4.670841
Scan: 20549 Run: DIA12_CV48:20251228_A2_N1_Mueller_MS_TechHub_IMP_THIDDIAXL003_Cas9_PhoX_DIA12_CV48_250ng_FAIMS_001 P1_KRPLIETNGETGEIVWDK P2_KRPLIETNGETGEIVWDK 1 1,DIA12_CV48:20251228_A2_N1_Mueller_MS_TechHub_IMP_THIDDIAXL003_Cas9_PhoX_DIA12_CV48_250ng_FAIMS_001,20549,,,Q99ZW2,,,false,Q99ZW2,Q99ZW2,,false,KRPLIETNGETGEIVWDK,KRPLIETNGETGEIVWDK,1059,1059,1,1,1059,1059,,-1,5,0,1.007276,4.669452
Scan: 1215547 Run: DIA12_CV48:20251228_A2_N1_Mueller_MS_TechHub_IMP_THIDDIAXL003_Cas9_PhoX_DIA12_CV48_250ng_FAIMS_003 P1_LPKYSLFELENGR P2_KRPLIETNGETGEIVWDK 3 1,DIA12_CV48:20251228_A2_N1_Mueller_MS_TechHub_IMP_THIDDIAXL003_Cas9_PhoX_DIA12_CV48_250ng_FAIMS_003,1215547,,,Q99ZW2,,,false,Q99ZW2,Q99ZW2,,false,KRPLIETNGETGEIVWDK,LPKYSLFELENGR,1059,1198,1,3,1059,1200,,-1,4,0,1.007276,4.668938
Scan: 1495496 Run: DIA12_CV48:20251228_A2_N1_Mueller_MS_TechHub_IMP_THIDDIAXL003_Cas9_PhoX_DIA12_CV48_250ng_FAIMS_003 P1_KYGGFDSPTVAYSVLVVAK P2_KSEETITPWNFEEVVDK 1 1,DIA12_CV48:20251228_A2_N1_Mueller_MS_TechHub_IMP_THIDDIAXL003_Cas9_PhoX_DIA12_CV48_250ng_FAIMS_003,1495496,,,Q99ZW2,,,false,Q99ZW2,Q99ZW2,,false,KSEETITPWNFEEVVDK,KYGGFDSPTVAYSVLVVAK,468,1130,1,1,468,1130,,-1,4,0,1.007276,4.66487
Scan: 110556 Run: DIA12_CV48:20251228_A2_N1_Mueller_MS_TechHub_IMP_THIDDIAXL003_Cas9_PhoX_DIA12_CV48_250ng_FAIMS_001 P1_SSFEKNPIDFLEAK P2_KMIAK 5 1,DIA12_CV48:20251228_A2_N1_Mueller_MS_TechHub_IMP_THIDDIAXL003_Cas9_PhoX_DIA12_CV48_250ng_FAIMS_001,110556,,,Q99ZW2,,,false,Q99ZW2,Q99ZW2,,false,KMIAK,SSFEKNPIDFLEAK,1020,1172,1,5,1020,1176,,-1,3,0,1.007276,4.664432
Scan: 1487264 Run: DIA12_CV48:20251228_A2_N1_Mueller_MS_TechHub_IMP_THIDDIAXL003_Cas9_PhoX_DIA12_CV48_250ng_FAIMS_003 P1_VKYVTEGMR P2_IEKILTFR 2 3,DIA12_CV48:20251228_A2_N1_Mueller_MS_TechHub_IMP_THIDDIAXL003_Cas9_PhoX_DIA12_CV48_250ng_FAIMS_003,1487264,,,Q99ZW2,,,false,Q99ZW2,Q99ZW2,,false,IEKILTFR,VKYVTEGMR,440,527,3,2,442,528,,-1,3,0,1.007276,4.663844
Scan: 443920 Run: DIA12_CV48:20251228_A2_N1_Mueller_MS_TechHub_IMP_THIDDIAXL003_Cas9_PhoX_DIA12_CV48_250ng_FAIMS_001 P1_YKEIFFDQSK P2_TILDFLKSDGFANR 2 7,DIA12_CV48:20251228_A2_N1_Mueller_MS_TechHub_IMP_THIDDIAXL003_Cas9_PhoX_DIA12_CV48_250ng_FAIMS_001,443920,,,Q99ZW2,,,false,Q99ZW2,Q99ZW2,,false,TILDFLKSDGFANR,YKEIFFDQSK,678,347,7,2,684,348,,-1,3,0,1.007276,4.662358
Scan: 1390941 Run: DIA12_CV48:20251228_A2_N1_Mueller_MS_TechHub_IMP_THIDDIAXL003_Cas9_PhoX_DIA12_CV48_250ng_FAIMS_003 P1_YTSTKEVLDATLIHQSITGLYETR P2_NSDKLIAR 5 4,DIA12_CV48:20251228_A2_N1_Mueller_MS_TechHub_IMP_THIDDIAXL003_Cas9_PhoX_DIA12_CV48_250ng_FAIMS_003,1390941,,,Q99ZW2,,,false,Q99ZW2,Q99ZW2,,false,NSDKLIAR,YTSTKEVLDATLIHQSITGLYETR,1115,1336,4,5,1118,1340,,-1,4,0,1.007276,4.661813
Scan: 1542343 Run: DIA12_CV48:20251228_A2_N1_Mueller_MS_TechHub_IMP_THIDDIAXL003_Cas9_PhoX_DIA12_CV48_250ng_FAIMS_003 P1_KVTVK P2_KSEETITPWNFEEVVDKGASAQSFIER 1 17,DIA12_CV48:20251228_A2_N1_Mueller_MS_TechHub_IMP_THIDDIAXL003_Cas9_PhoX_DIA12_CV48_250ng_FAIMS_003,1542343,,,Q99ZW2,,,false,Q99ZW2,Q99ZW2,,false,KSEETITPWNFEEVVDKGASAQSFIER,KVTVK,468,558,17,1,484,558,,-1,5,0,1.007276,4.661796
Scan: 444580 Run: DIA12_CV48:20251228_A2_N1_Mueller_MS_TechHub_IMP_THIDDIAXL003_Cas9_PhoX_DIA12_CV48_250ng_FAIMS_001 P1_TILDFLKSDGFANR P2_IEKILTFR 7 3,DIA12_CV48:20251228_A2_N1_Mueller_MS_TechHub_IMP_THIDDIAXL003_Cas9_PhoX_DIA12_CV48_250ng_FAIMS_001,444580,,,Q99ZW2,,,false,Q99ZW2,Q99ZW2,,false,IEKILTFR,TILDFLKSDGFANR,440,678,3,7,442,684,,-1,3,0,1.007276,4.659593
Scan: 894898 Run: DIA12_CV48:20251228_A2_N1_Mueller_MS_TechHub_IMP_THIDDIAXL003_Cas9_PhoX_DIA12_CV48_250ng_FAIMS_002 P1_RQEDFYPFLKDNR P2_KNLIGALLFDSGETAEATR 10 1,DIA12_CV48:20251228_A2_N1_Mueller_MS_TechHub_IMP_THIDDIAXL003_Cas9_PhoX_DIA12_CV48_250ng_FAIMS_002,894898,,,Q99ZW2,,,false,Q99ZW2,Q99ZW2,,false,KNLIGALLFDSGETAEATR,RQEDFYPFLKDNR,45,425,1,10,45,434,,-1,4,0,1.007276,4.65834
Scan: 571001 Run: DIA12_CV48:20251228_A2_N1_Mueller_MS_TechHub_IMP_THIDDIAXL003_Cas9_PhoX_DIA12_CV48_250ng_FAIMS_001 P1_QITKHVAQILDSR P2_LPKYSLFELENGR 4 3,DIA12_CV48:20251228_A2_N1_Mueller_MS_TechHub_IMP_THIDDIAXL003_Cas9_PhoX_DIA12_CV48_250ng_FAIMS_001,571001,,,Q99ZW2,,,false,Q99ZW2,Q99ZW2,,false,LPKYSLFELENGR,QITKHVAQILDSR,1198,926,3,4,1200,929,,-1,4,0,1.007276,4.657945
Scan: 204725 Run: DIA12_CV48:20251228_A2_N1_Mueller_MS_TechHub_IMP_THIDDIAXL003_Cas9_PhoX_DIA12_CV48_250ng_FAIMS_001 P1_KLVDSTDK P2_GKSDNVPSEEVVK 1 2,DIA12_CV48:20251228_A2_N1_Mueller_MS_TechHub_IMP_THIDDIAXL003_Cas9_PhoX_DIA12_CV48_250ng_FAIMS_001,204725,,,Q99ZW2,,,false,Q99ZW2,Q99ZW2,,false,GKSDNVPSEEVVK,KLVDSTDK,865,141,2,1,866,141,,-1,3,0,1.007276,4.655594
Scan: 20771 Run: DIA12_CV48:20251228_A2_N1_Mueller_MS_TechHub_IMP_THIDDIAXL003_Cas9_PhoX_DIA12_CV48_250ng_FAIMS_001 P1_KVLSMPQVNIVK P2_KRPLIETNGETGEIVWDK 1 1,DIA12_CV48:20251228_A2_N1_Mueller_MS_TechHub_IMP_THIDDIAXL003_Cas9_PhoX_DIA12_CV48_250ng_FAIMS_001,20771,,,Q99ZW2,,,false,Q99ZW2,Q99ZW2,,false,KRPLIETNGETGEIVWDK,KVLSMPQVNIVK,1059,1085,1,1,1059,1085,,-1,4,0,1.007276,4.654948
Scan: 31888 Run: DIA12_CV48:20251228_A2_N1_Mueller_MS_TechHub_IMP_THIDDIAXL003_Cas9_PhoX_DIA12_CV48_250ng_FAIMS_001 P1_KVLSMPQVNIVK P2_KTEVQTGGFSK 1 1,DIA12_CV48:20251228_A2_N1_Mueller_MS_TechHub_IMP_THIDDIAXL003_Cas9_PhoX_DIA12_CV48_250ng_FAIMS_001,31888,,,Q99ZW2,,,false,Q99ZW2,Q99ZW2,,false,KTEVQTGGFSK,KVLSMPQVNIVK,1097,1085,1,1,1097,1085,,-1,3,0,1.007276,4.653718
Scan: 985144 Run: DIA12_CV48:20251228_A2_N1_Mueller_MS_TechHub_IMP_THIDDIAXL003_Cas9_PhoX_DIA12_CV48_250ng_FAIMS_002 P1_KPAFLSGEQK P2_IEEGIKELGSQILK 1 6,DIA12_CV48:20251228_A2_N1_Mueller_MS_TechHub_IMP_THIDDIAXL003_Cas9_PhoX_DIA12_CV48_250ng_FAIMS_002,985144,,,Q99ZW2,,,false,Q99ZW2,Q99ZW2,,false,IEEGIKELGSQILK,KPAFLSGEQK,784,536,6,1,789,536,,-1,4,0,1.007276,4.650726
Scan: 543511 Run: DIA12_CV48:20251228_A2_N1_Mueller_MS_TechHub_IMP_THIDDIAXL003_Cas9_PhoX_DIA12_CV48_250ng_FAIMS_001 P1_SDKNR P2_GKSDNVPSEEVVK 3 2,DIA12_CV48:20251228_A2_N1_Mueller_MS_TechHub_IMP_THIDDIAXL003_Cas9_PhoX_DIA12_CV48_250ng_FAIMS_001,543511,,,Q99ZW2,,,false,Q99ZW2,Q99ZW2,,false,GKSDNVPSEEVVK,SDKNR,865,860,2,3,866,862,,-1,3,0,1.007276,4.648811
Scan: 1308299 Run: DIA12_CV48:20251228_A2_N1_Mueller_MS_TechHub_IMP_THIDDIAXL003_Cas9_PhoX_DIA12_CV48_250ng_FAIMS_003 P1_SSFEKNPIDFLEAK P2_DLIIKLPK 5 5,DIA12_CV48:20251228_A2_N1_Mueller_MS_TechHub_IMP_THIDDIAXL003_Cas9_PhoX_DIA12_CV48_250ng_FAIMS_003,1308299,,,Q99ZW2,,,false,Q99ZW2,Q99ZW2,,false,DLIIKLPK,SSFEKNPIDFLEAK,1193,1172,5,5,1197,1176,,-1,3,0,1.007276,4.648449
Scan: 674946 Run: DIA12_CV48:20251228_A2_N1_Mueller_MS_TechHub_IMP_THIDDIAXL003_Cas9_PhoX_DIA12_CV48_250ng_FAIMS_002 P1_VLPKHSLLYEYFTVYNELTK P2_LEESFLVEEDKK 4 11,DIA12_CV48:20251228_A2_N1_Mueller_MS_TechHub_IMP_THIDDIAXL003_Cas9_PhoX_DIA12_CV48_250ng_FAIMS_002,674946,,,Q99ZW2,,,false,Q99ZW2,Q99ZW2,,false,LEESFLVEEDKK,VLPKHSLLYEYFTVYNELTK,101,507,11,4,111,510,,-1,4,0,1.007276,4.647115
Scan: 182067 Run: DIA12_CV48:20251228_A2_N1_Mueller_MS_TechHub_IMP_THIDDIAXL003_Cas9_PhoX_DIA12_CV48_250ng_FAIMS_001 P1_VILADANLDKVLSAYNK P2_NSDKLIAR 10 4,DIA12_CV48:20251228_A2_N1_Mueller_MS_TechHub_IMP_THIDDIAXL003_Cas9_PhoX_DIA12_CV48_250ng_FAIMS_001,182067,,,Q99ZW2,,,false,Q99ZW2,Q99ZW2,,false,NSDKLIAR,VILADANLDKVLSAYNK,1115,1280,4,10,1118,1289,,-1,3,0,1.007276,4.646555
Scan: 1750431 Run: DIA12_CV48:20251228_A2_N1_Mueller_MS_TechHub_IMP_THIDDIAXL003_Cas9_PhoX_DIA12_CV48_250ng_FAIMS_003 P1_YKEIFFDQSK P2_MKNYWR 2 2,DIA12_CV48:20251228_A2_N1_Mueller_MS_TechHub_IMP_THIDDIAXL003_Cas9_PhoX_DIA12_CV48_250ng_FAIMS_003,1750431,,,Q99ZW2,,,false,Q99ZW2,Q99ZW2,,false,MKNYWR,YKEIFFDQSK,879,347,2,2,880,348,,-1,3,0,1.007276,4.646282
Scan: 85047 Run: DIA12_CV48:20251228_A2_N1_Mueller_MS_TechHub_IMP_THIDDIAXL003_Cas9_PhoX_DIA12_CV48_250ng_FAIMS_001 P1_RNSDKLIAR P2_KYGGFDSPTVAYSVLVVAK 5 1,DIA12_CV48:20251228_A2_N1_Mueller_MS_TechHub_IMP_THIDDIAXL003_Cas9_PhoX_DIA12_CV48_250ng_FAIMS_001,85047,,,Q99ZW2,,,false,Q99ZW2,Q99ZW2,,false,KYGGFDSPTVAYSVLVVAK,RNSDKLIAR,1130,1114,1,5,1130,1118,,-1,4,0,1.007276,4.646249
Scan: 1025066 Run: DIA12_CV48:20251228_A2_N1_Mueller_MS_TechHub_IMP_THIDDIAXL003_Cas9_PhoX_DIA12_CV48_250ng_FAIMS_002 P1_KLINGIR P2_KKDWDPK 1 2,DIA12_CV48:20251228_A2_N1_Mueller_MS_TechHub_IMP_THIDDIAXL003_Cas9_PhoX_DIA12_CV48_250ng_FAIMS_002,1025066,,,Q99ZW2,,,false,Q99ZW2,Q99ZW2,,false,KKDWDPK,KLINGIR,1123,665,2,1,1124,665,,-1,4,0,1.007276,4.644997
Scan: 1340743 Run: DIA12_CV48:20251228_A2_N1_Mueller_MS_TechHub_IMP_THIDDIAXL003_Cas9_PhoX_DIA12_CV48_250ng_FAIMS_003 P1_LPKYSLFELENGR P2_KLINGIR 3 1,DIA12_CV48:20251228_A2_N1_Mueller_MS_TechHub_IMP_THIDDIAXL003_Cas9_PhoX_DIA12_CV48_250ng_FAIMS_003,1340743,,,Q99ZW2,,,false,Q99ZW2,Q99ZW2,,false,KLINGIR,LPKYSLFELENGR,665,1198,1,3,665,1200,,-1,4,0,1.007276,4.644815
Scan: 1145742 Run: DIA12_CV48:20251228_A2_N1_Mueller_MS_TechHub_IMP_THIDDIAXL003_Cas9_PhoX_DIA12_CV48_250ng_FAIMS_002 P1_SDNVPSEEVVKK P2_GKSDNVPSEEVVK 11 2,DIA12_CV48:20251228_A2_N1_Mueller_MS_TechHub_IMP_THIDDIAXL003_Cas9_PhoX_DIA12_CV48_250ng_FAIMS_002,1145742,,,Q99ZW2,,,false,Q99ZW2,Q99ZW2,,false,GKSDNVPSEEVVK,SDNVPSEEVVKK,865,867,2,11,866,877,,-1,3,0,1.007276,4.642118
Scan: 1710857 Run: DIA12_CV48:20251228_A2_N1_Mueller_MS_TechHub_IMP_THIDDIAXL003_Cas9_PhoX_DIA12_CV48_250ng_FAIMS_003 P1_SKLVSDFR P2_IEEGIKELGSQILK 2 6,DIA12_CV48:20251228_A2_N1_Mueller_MS_TechHub_IMP_THIDDIAXL003_Cas9_PhoX_DIA12_CV48_250ng_FAIMS_003,1710857,,,Q99ZW2,,,false,Q99ZW2,Q99ZW2,,false,IEEGIKELGSQILK,SKLVSDFR,784,960,6,2,789,961,,-1,3,0,1.007276,4.641765
Scan: 888946 Run: DIA12_CV48:20251228_A2_N1_Mueller_MS_TechHub_IMP_THIDDIAXL003_Cas9_PhoX_DIA12_CV48_250ng_FAIMS_002 P1_KSEETITPWNFEEVVDKGASAQSFIER P2_IEKILTFR 1 3,DIA12_CV48:20251228_A2_N1_Mueller_MS_TechHub_IMP_THIDDIAXL003_Cas9_PhoX_DIA12_CV48_250ng_FAIMS_002,888946,,,Q99ZW2,,,false,Q99ZW2,Q99ZW2,,false,IEKILTFR,KSEETITPWNFEEVVDKGASAQSFIER,440,468,3,1,442,468,,-1,4,0,1.007276,4.641526
Scan: 163793 Run: DIA12_CV48:20251228_A2_N1_Mueller_MS_TechHub_IMP_THIDDIAXL003_Cas9_PhoX_DIA12_CV48_250ng_FAIMS_001 P1_LKGSPEDNEQK P2_GQKNSR 2 3,DIA12_CV48:20251228_A2_N1_Mueller_MS_TechHub_IMP_THIDDIAXL003_Cas9_PhoX_DIA12_CV48_250ng_FAIMS_001,163793,,,Q99ZW2,,,false,Q99ZW2,Q99ZW2,,false,GQKNSR,LKGSPEDNEQK,773,1245,3,2,775,1246,,-1,4,0,1.007276,4.641257
Scan: 361683 Run: DIA12_CV48:20251228_A2_N1_Mueller_MS_TechHub_IMP_THIDDIAXL003_Cas9_PhoX_DIA12_CV48_250ng_FAIMS_001 P1_VLPKHSLLYEYFTVYNELTK P2_KDLIIK 4 1,DIA12_CV48:20251228_A2_N1_Mueller_MS_TechHub_IMP_THIDDIAXL003_Cas9_PhoX_DIA12_CV48_250ng_FAIMS_001,361683,,,Q99ZW2,,,false,Q99ZW2,Q99ZW2,,false,KDLIIK,VLPKHSLLYEYFTVYNELTK,1192,507,1,4,1192,510,,-1,4,0,1.007276,4.640788
Scan: 665758 Run: DIA12_CV48:20251228_A2_N1_Mueller_MS_TechHub_IMP_THIDDIAXL003_Cas9_PhoX_DIA12_CV48_250ng_FAIMS_002 P1_TEVQTGGFSKESILPK P2_DLIIKLPK 10 5,DIA12_CV48:20251228_A2_N1_Mueller_MS_TechHub_IMP_THIDDIAXL003_Cas9_PhoX_DIA12_CV48_250ng_FAIMS_002,665758,,,Q99ZW2,,,false,Q99ZW2,Q99ZW2,,false,DLIIKLPK,TEVQTGGFSKESILPK,1193,1098,5,10,1197,1107,,-1,3,0,1.007276,4.640255
Scan: 1718335 Run: DIA12_CV48:20251228_A2_N1_Mueller_MS_TechHub_IMP_THIDDIAXL003_Cas9_PhoX_DIA12_CV48_250ng_FAIMS_003 P1_KLINGIR P2_ELGSQILKEHPVENTQLQNEK 1 8,DIA12_CV48:20251228_A2_N1_Mueller_MS_TechHub_IMP_THIDDIAXL003_Cas9_PhoX_DIA12_CV48_250ng_FAIMS_003,1718335,,,Q99ZW2,,,false,Q99ZW2,Q99ZW2,,false,ELGSQILKEHPVENTQLQNEK,KLINGIR,790,665,8,1,797,665,,-1,4,0,1.007276,4.639671
Scan: 842491 Run: DIA12_CV48:20251228_A2_N1_Mueller_MS_TechHub_IMP_THIDDIAXL003_Cas9_PhoX_DIA12_CV48_250ng_FAIMS_002 P1_SDKNR P2_FKVLGNTDR 3 2,DIA12_CV48:20251228_A2_N1_Mueller_MS_TechHub_IMP_THIDDIAXL003_Cas9_PhoX_DIA12_CV48_250ng_FAIMS_002,842491,,,Q99ZW2,,,false,Q99ZW2,Q99ZW2,,false,FKVLGNTDR,SDKNR,32,860,2,3,33,862,,-1,3,0,1.007276,4.639469
Scan: 1277074 Run: DIA12_CV48:20251228_A2_N1_Mueller_MS_TechHub_IMP_THIDDIAXL003_Cas9_PhoX_DIA12_CV48_250ng_FAIMS_003 P1_NSDKLIAR P2_KKDWDPKK 4 1,DIA12_CV48:20251228_A2_N1_Mueller_MS_TechHub_IMP_THIDDIAXL003_Cas9_PhoX_DIA12_CV48_250ng_FAIMS_003,1277074,,,Q99ZW2,,,false,Q99ZW2,Q99ZW2,,false,KKDWDPKK,NSDKLIAR,1123,1115,1,4,1123,1118,,-1,4,0,1.007276,4.6388
Scan: 1439255 Run: DIA12_CV48:20251228_A2_N1_Mueller_MS_TechHub_IMP_THIDDIAXL003_Cas9_PhoX_DIA12_CV48_250ng_FAIMS_003 P1_HKPENIVIEMAR P2_FKVLGNTDR 2 2,DIA12_CV48:20251228_A2_N1_Mueller_MS_TechHub_IMP_THIDDIAXL003_Cas9_PhoX_DIA12_CV48_250ng_FAIMS_003,1439255,,,Q99ZW2,,,false,Q99ZW2,Q99ZW2,,false,FKVLGNTDR,HKPENIVIEMAR,32,754,2,2,33,755,,-1,4,0,1.007276,4.63852
Scan: 1766978 Run: DIA12_CV48:20251228_A2_N1_Mueller_MS_TechHub_IMP_THIDDIAXL003_Cas9_PhoX_DIA12_CV48_250ng_FAIMS_003 P1_QITKHVAQILDSR P2_KLINGIR 4 1,DIA12_CV48:20251228_A2_N1_Mueller_MS_TechHub_IMP_THIDDIAXL003_Cas9_PhoX_DIA12_CV48_250ng_FAIMS_003,1766978,,,Q99ZW2,,,false,Q99ZW2,Q99ZW2,,false,KLINGIR,QITKHVAQILDSR,665,926,1,4,665,929,,-1,4,0,1.007276,4.638034
Scan: 984389 Run: DIA12_CV48:20251228_A2_N1_Mueller_MS_TechHub_IMP_THIDDIAXL003_Cas9_PhoX_DIA12_CV48_250ng_FAIMS_002 P1_KPAFLSGEQK P2_KGILQTVK 1 1,DIA12_CV48:20251228_A2_N1_Mueller_MS_TechHub_IMP_THIDDIAXL003_Cas9_PhoX_DIA12_CV48_250ng_FAIMS_002,984389,,,Q99ZW2,,,false,Q99ZW2,Q99ZW2,,false,KGILQTVK,KPAFLSGEQK,735,536,1,1,735,536,,-1,3,0,1.007276,4.634999
Scan: 1609602 Run: DIA12_CV48:20251228_A2_N1_Mueller_MS_TechHub_IMP_THIDDIAXL003_Cas9_PhoX_DIA12_CV48_250ng_FAIMS_003 P1_KVTVK P2_KIECFDSVEISGVEDR 1 1,DIA12_CV48:20251228_A2_N1_Mueller_MS_TechHub_IMP_THIDDIAXL003_Cas9_PhoX_DIA12_CV48_250ng_FAIMS_003,1609602,,,Q99ZW2,,,false,Q99ZW2,Q99ZW2,,false,KIECFDSVEISGVEDR,KVTVK,571,558,1,1,571,558,,-1,3,0,1.007276,4.633874
Scan: 1762989 Run: DIA12_CV48:20251228_A2_N1_Mueller_MS_TechHub_IMP_THIDDIAXL003_Cas9_PhoX_DIA12_CV48_250ng_FAIMS_003 P1_KFDNLTKAER P2_GGLSELDKAGFIK 7 8,DIA12_CV48:20251228_A2_N1_Mueller_MS_TechHub_IMP_THIDDIAXL003_Cas9_PhoX_DIA12_CV48_250ng_FAIMS_003,1762989,,,Q99ZW2,,,false,Q99ZW2,Q99ZW2,,false,GGLSELDKAGFIK,KFDNLTKAER,906,896,8,7,913,902,,-1,3,0,1.007276,4.631774
Scan: 194108 Run: DIA12_CV48:20251228_A2_N1_Mueller_MS_TechHub_IMP_THIDDIAXL003_Cas9_PhoX_DIA12_CV48_250ng_FAIMS_001 P1_NSDKLIAR P2_EQAENIIHLFTLTNLGAPAAFKYFDTTIDR 4 22,DIA12_CV48:20251228_A2_N1_Mueller_MS_TechHub_IMP_THIDDIAXL003_Cas9_PhoX_DIA12_CV48_250ng_FAIMS_001,194108,,,Q99ZW2,,,false,Q99ZW2,Q99ZW2,,false,EQAENIIHLFTLTNLGAPAAFKYFDTTIDR,NSDKLIAR,1304,1115,22,4,1325,1118,,-1,5,0,1.007276,4.629597
Scan: 1598993 Run: DIA12_CV48:20251228_A2_N1_Mueller_MS_TechHub_IMP_THIDDIAXL003_Cas9_PhoX_DIA12_CV48_250ng_FAIMS_003 P1_QSGKTILDFLK P2_KAIVDLLFK 4 1,DIA12_CV48:20251228_A2_N1_Mueller_MS_TechHub_IMP_THIDDIAXL003_Cas9_PhoX_DIA12_CV48_250ng_FAIMS_003,1598993,,,Q99ZW2,,,false,Q99ZW2,Q99ZW2,,false,KAIVDLLFK,QSGKTILDFLK,546,674,1,4,546,677,,-1,3,0,1.007276,4.629525
Scan: 1556311 Run: DIA12_CV48:20251228_A2_N1_Mueller_MS_TechHub_IMP_THIDDIAXL003_Cas9_PhoX_DIA12_CV48_250ng_FAIMS_003 P1_VLPKHSLLYEYFTVYNELTK P2_LPKYSLFELENGR 4 3,DIA12_CV48:20251228_A2_N1_Mueller_MS_TechHub_IMP_THIDDIAXL003_Cas9_PhoX_DIA12_CV48_250ng_FAIMS_003,1556311,,,Q99ZW2,,,false,Q99ZW2,Q99ZW2,,false,LPKYSLFELENGR,VLPKHSLLYEYFTVYNELTK,1198,507,3,4,1200,510,,-1,4,0,1.007276,4.628825
Scan: 1007494 Run: DIA12_CV48:20251228_A2_N1_Mueller_MS_TechHub_IMP_THIDDIAXL003_Cas9_PhoX_DIA12_CV48_250ng_FAIMS_002 P1_KVTVK P2_AIVDLLFKTNR 1 8,DIA12_CV48:20251228_A2_N1_Mueller_MS_TechHub_IMP_THIDDIAXL003_Cas9_PhoX_DIA12_CV48_250ng_FAIMS_002,1007494,,,Q99ZW2,,,false,Q99ZW2,Q99ZW2,,false,AIVDLLFKTNR,KVTVK,547,558,8,1,554,558,,-1,3,0,1.007276,4.627941
Scan: 636457 Run: DIA12_CV48:20251228_A2_N1_Mueller_MS_TechHub_IMP_THIDDIAXL003_Cas9_PhoX_DIA12_CV48_250ng_FAIMS_002 P1_KTEVQTGGFSK P2_KPAFLSGEQK 1 1,DIA12_CV48:20251228_A2_N1_Mueller_MS_TechHub_IMP_THIDDIAXL003_Cas9_PhoX_DIA12_CV48_250ng_FAIMS_002,636457,,,Q99ZW2,,,false,Q99ZW2,Q99ZW2,,false,KPAFLSGEQK,KTEVQTGGFSK,536,1097,1,1,536,1097,,-1,4,0,1.007276,4.62787
Scan: 293704 Run: DIA12_CV48:20251228_A2_N1_Mueller_MS_TechHub_IMP_THIDDIAXL003_Cas9_PhoX_DIA12_CV48_250ng_FAIMS_001 P1_IEKILTFR P2_EDIQKAQVSGQGDSLHEHIANLAGSPAIK 3 5,DIA12_CV48:20251228_A2_N1_Mueller_MS_TechHub_IMP_THIDDIAXL003_Cas9_PhoX_DIA12_CV48_250ng_FAIMS_001,293704,,,Q99ZW2,,,false,Q99ZW2,Q99ZW2,,false,EDIQKAQVSGQGDSLHEHIANLAGSPAIK,IEKILTFR,706,440,5,3,710,442,,-1,4,0,1.007276,4.625498
Scan: 661698 Run: DIA12_CV48:20251228_A2_N1_Mueller_MS_TechHub_IMP_THIDDIAXL003_Cas9_PhoX_DIA12_CV48_250ng_FAIMS_002 P1_TEVQTGGFSKESILPK P2_KDWDPK 10 1,DIA12_CV48:20251228_A2_N1_Mueller_MS_TechHub_IMP_THIDDIAXL003_Cas9_PhoX_DIA12_CV48_250ng_FAIMS_002,661698,,,Q99ZW2,,,false,Q99ZW2,Q99ZW2,,false,KDWDPK,TEVQTGGFSKESILPK,1124,1098,1,10,1124,1107,,-1,3,0,1.007276,4.624814
Scan: 377097 Run: DIA12_CV48:20251228_A2_N1_Mueller_MS_TechHub_IMP_THIDDIAXL003_Cas9_PhoX_DIA12_CV48_250ng_FAIMS_001 P1_RPLIETNGETGEIVWDKGR P2_KPAFLSGEQK 17 1,DIA12_CV48:20251228_A2_N1_Mueller_MS_TechHub_IMP_THIDDIAXL003_Cas9_PhoX_DIA12_CV48_250ng_FAIMS_001,377097,,,Q99ZW2,,,false,Q99ZW2,Q99ZW2,,false,KPAFLSGEQK,RPLIETNGETGEIVWDKGR,536,1060,1,17,536,1076,,-1,4,0,1.007276,4.62439
Scan: 1755268 Run: DIA12_CV48:20251228_A2_N1_Mueller_MS_TechHub_IMP_THIDDIAXL003_Cas9_PhoX_DIA12_CV48_250ng_FAIMS_003 P1_KFDNLTK P2_GKSDNVPSEEVVK 1 2,DIA12_CV48:20251228_A2_N1_Mueller_MS_TechHub_IMP_THIDDIAXL003_Cas9_PhoX_DIA12_CV48_250ng_FAIMS_003,1755268,,,Q99ZW2,,,false,Q99ZW2,Q99ZW2,,false,GKSDNVPSEEVVK,KFDNLTK,865,896,2,1,866,896,,-1,3,0,1.007276,4.623524
Scan: 1309502 Run: DIA12_CV48:20251228_A2_N1_Mueller_MS_TechHub_IMP_THIDDIAXL003_Cas9_PhoX_DIA12_CV48_250ng_FAIMS_003 P1_SSFEKNPIDFLEAK P2_KNGLFGNLIALSLGLTPNFK 5 1,DIA12_CV48:20251228_A2_N1_Mueller_MS_TechHub_IMP_THIDDIAXL003_Cas9_PhoX_DIA12_CV48_250ng_FAIMS_003,1309502,,,Q99ZW2,,,false,Q99ZW2,Q99ZW2,,false,KNGLFGNLIALSLGLTPNFK,SSFEKNPIDFLEAK,234,1172,1,5,234,1176,,-1,4,0,1.007276,4.622224
Scan: 1013085 Run: DIA12_CV48:20251228_A2_N1_Mueller_MS_TechHub_IMP_THIDDIAXL003_Cas9_PhoX_DIA12_CV48_250ng_FAIMS_002 P1_KLINGIR P2_KIECFDSVEISGVEDR 1 1,DIA12_CV48:20251228_A2_N1_Mueller_MS_TechHub_IMP_THIDDIAXL003_Cas9_PhoX_DIA12_CV48_250ng_FAIMS_002,1013085,,,Q99ZW2,,,false,Q99ZW2,Q99ZW2,,false,KIECFDSVEISGVEDR,KLINGIR,571,665,1,1,571,665,,-1,3,0,1.007276,4.620869
Scan: 1178188 Run: DIA12_CV48:20251228_A2_N1_Mueller_MS_TechHub_IMP_THIDDIAXL003_Cas9_PhoX_DIA12_CV48_250ng_FAIMS_002 P1_MNTKYDENDK P2_KLINGIR 4 1,DIA12_CV48:20251228_A2_N1_Mueller_MS_TechHub_IMP_THIDDIAXL003_Cas9_PhoX_DIA12_CV48_250ng_FAIMS_002,1178188,,,Q99ZW2,,,false,Q99ZW2,Q99ZW2,,false,KLINGIR,MNTKYDENDK,665,939,1,4,665,942,,-1,3,0,1.007276,4.620626
Scan: 954225 Run: DIA12_CV48:20251228_A2_N1_Mueller_MS_TechHub_IMP_THIDDIAXL003_Cas9_PhoX_DIA12_CV48_250ng_FAIMS_002 P1_VLPKHSLLYEYFTVYNELTK P2_MTNFDKNLPNEK 4 6,DIA12_CV48:20251228_A2_N1_Mueller_MS_TechHub_IMP_THIDDIAXL003_Cas9_PhoX_DIA12_CV48_250ng_FAIMS_002,954225,,,Q99ZW2,,,false,Q99ZW2,Q99ZW2,,false,MTNFDKNLPNEK,VLPKHSLLYEYFTVYNELTK,495,507,6,4,500,510,,-1,4,0,1.007276,4.620242
Scan: 1580511 Run: DIA12_CV48:20251228_A2_N1_Mueller_MS_TechHub_IMP_THIDDIAXL003_Cas9_PhoX_DIA12_CV48_250ng_FAIMS_003 P1_KPAFLSGEQK P2_KIECFDSVEISGVEDR 1 1,DIA12_CV48:20251228_A2_N1_Mueller_MS_TechHub_IMP_THIDDIAXL003_Cas9_PhoX_DIA12_CV48_250ng_FAIMS_003,1580511,,,Q99ZW2,,,false,Q99ZW2,Q99ZW2,,false,KIECFDSVEISGVEDR,KPAFLSGEQK,571,536,1,1,571,536,,-1,4,0,1.007276,4.618889
Scan: 1210678 Run: DIA12_CV48:20251228_A2_N1_Mueller_MS_TechHub_IMP_THIDDIAXL003_Cas9_PhoX_DIA12_CV48_250ng_FAIMS_003 P1_SEQEIGKATAK P2_ELGSQILKEHPVENTQLQNEK 7 8,DIA12_CV48:20251228_A2_N1_Mueller_MS_TechHub_IMP_THIDDIAXL003_Cas9_PhoX_DIA12_CV48_250ng_FAIMS_003,1210678,,,Q99ZW2,,,false,Q99ZW2,Q99ZW2,,false,ELGSQILKEHPVENTQLQNEK,SEQEIGKATAK,790,1025,8,7,797,1031,,-1,4,0,1.007276,4.618305
Scan: 457583 Run: DIA12_CV48:20251228_A2_N1_Mueller_MS_TechHub_IMP_THIDDIAXL003_Cas9_PhoX_DIA12_CV48_250ng_FAIMS_001 P1_KSEETITPWNFEEVVDK P2_EDIQKAQVSGQGDSLHEHIANLAGSPAIKK 1 5,DIA12_CV48:20251228_A2_N1_Mueller_MS_TechHub_IMP_THIDDIAXL003_Cas9_PhoX_DIA12_CV48_250ng_FAIMS_001,457583,,,Q99ZW2,,,false,Q99ZW2,Q99ZW2,,false,EDIQKAQVSGQGDSLHEHIANLAGSPAIKK,KSEETITPWNFEEVVDK,706,468,5,1,710,468,,-1,6,0,1.007276,4.617011
Scan: 1101052 Run: DIA12_CV48:20251228_A2_N1_Mueller_MS_TechHub_IMP_THIDDIAXL003_Cas9_PhoX_DIA12_CV48_250ng_FAIMS_002 P1_VVDELVKVMGR P2_KLINGIR 7 1,DIA12_CV48:20251228_A2_N1_Mueller_MS_TechHub_IMP_THIDDIAXL003_Cas9_PhoX_DIA12_CV48_250ng_FAIMS_002,1101052,,,Q99ZW2,,,false,Q99ZW2,Q99ZW2,,false,KLINGIR,VVDELVKVMGR,665,743,1,7,665,749,,-1,4,0,1.007276,4.615616
Scan: 969634 Run: DIA12_CV48:20251228_A2_N1_Mueller_MS_TechHub_IMP_THIDDIAXL003_Cas9_PhoX_DIA12_CV48_250ng_FAIMS_002 P1_KPAFLSGEQK P2_HSLLYEYFTVYNELTKVKYVTEGMR 1 16,DIA12_CV48:20251228_A2_N1_Mueller_MS_TechHub_IMP_THIDDIAXL003_Cas9_PhoX_DIA12_CV48_250ng_FAIMS_002,969634,,,Q99ZW2,,,false,Q99ZW2,Q99ZW2,,false,HSLLYEYFTVYNELTKVKYVTEGMR,KPAFLSGEQK,511,536,16,1,526,536,,-1,5,0,1.007276,4.613956
Scan: 589682 Run: DIA12_CV48:20251228_A2_N1_Mueller_MS_TechHub_IMP_THIDDIAXL003_Cas9_PhoX_DIA12_CV48_250ng_FAIMS_001 P1_SKLVSDFR P2_EVKVITLK 2 3,DIA12_CV48:20251228_A2_N1_Mueller_MS_TechHub_IMP_THIDDIAXL003_Cas9_PhoX_DIA12_CV48_250ng_FAIMS_001,589682,,,Q99ZW2,,,false,Q99ZW2,Q99ZW2,,false,EVKVITLK,SKLVSDFR,952,960,3,2,954,961,,-1,3,0,1.007276,4.613824
Scan: 1284264 Run: DIA12_CV48:20251228_A2_N1_Mueller_MS_TechHub_IMP_THIDDIAXL003_Cas9_PhoX_DIA12_CV48_250ng_FAIMS_003 P1_QLKEDYFK P2_NSDKLIAR 3 4,DIA12_CV48:20251228_A2_N1_Mueller_MS_TechHub_IMP_THIDDIAXL003_Cas9_PhoX_DIA12_CV48_250ng_FAIMS_003,1284264,,,Q99ZW2,,,false,Q99ZW2,Q99ZW2,,false,NSDKLIAR,QLKEDYFK,1115,563,4,3,1118,565,,-1,3,0,1.007276,4.612014
Scan: 14267 Run: DIA12_CV48:20251228_A2_N1_Mueller_MS_TechHub_IMP_THIDDIAXL003_Cas9_PhoX_DIA12_CV48_250ng_FAIMS_001 P1_SEQEIGKATAK P2_SEQEIGKATAK 7 7,DIA12_CV48:20251228_A2_N1_Mueller_MS_TechHub_IMP_THIDDIAXL003_Cas9_PhoX_DIA12_CV48_250ng_FAIMS_001,14267,,,Q99ZW2,,,false,Q99ZW2,Q99ZW2,,false,SEQEIGKATAK,SEQEIGKATAK,1025,1025,7,7,1031,1031,,-1,3,0,1.007276,4.611049
Scan: 195406 Run: DIA12_CV48:20251228_A2_N1_Mueller_MS_TechHub_IMP_THIDDIAXL003_Cas9_PhoX_DIA12_CV48_250ng_FAIMS_001 P1_KPAFLSGEQK P2_EQAENIIHLFTLTNLGAPAAFKYFDTTIDR 1 22,DIA12_CV48:20251228_A2_N1_Mueller_MS_TechHub_IMP_THIDDIAXL003_Cas9_PhoX_DIA12_CV48_250ng_FAIMS_001,195406,,,Q99ZW2,,,false,Q99ZW2,Q99ZW2,,false,EQAENIIHLFTLTNLGAPAAFKYFDTTIDR,KPAFLSGEQK,1304,536,22,1,1325,536,,-1,5,0,1.007276,4.60655
Scan: 1002038 Run: DIA12_CV48:20251228_A2_N1_Mueller_MS_TechHub_IMP_THIDDIAXL003_Cas9_PhoX_DIA12_CV48_250ng_FAIMS_002 P1_KAIVDLLFK P2_GQKNSR 1 3,DIA12_CV48:20251228_A2_N1_Mueller_MS_TechHub_IMP_THIDDIAXL003_Cas9_PhoX_DIA12_CV48_250ng_FAIMS_002,1002038,,,Q99ZW2,,,false,Q99ZW2,Q99ZW2,,false,GQKNSR,KAIVDLLFK,773,546,3,1,775,546,,-1,3,0,1.007276,4.605784
Scan: 1309732 Run: DIA12_CV48:20251228_A2_N1_Mueller_MS_TechHub_IMP_THIDDIAXL003_Cas9_PhoX_DIA12_CV48_250ng_FAIMS_003 P1_SSFEKNPIDFLEAK P2_FKVLGNTDR 5 2,DIA12_CV48:20251228_A2_N1_Mueller_MS_TechHub_IMP_THIDDIAXL003_Cas9_PhoX_DIA12_CV48_250ng_FAIMS_003,1309732,,,Q99ZW2,,,false,Q99ZW2,Q99ZW2,,false,FKVLGNTDR,SSFEKNPIDFLEAK,32,1172,2,5,33,1176,,-1,4,0,1.007276,4.60521
Scan: 145871 Run: DIA12_CV48:20251228_A2_N1_Mueller_MS_TechHub_IMP_THIDDIAXL003_Cas9_PhoX_DIA12_CV48_250ng_FAIMS_001 P1_LPKYSLFELENGR P2_KNLIGALLFDSGETAEATR 3 1,DIA12_CV48:20251228_A2_N1_Mueller_MS_TechHub_IMP_THIDDIAXL003_Cas9_PhoX_DIA12_CV48_250ng_FAIMS_001,145871,,,Q99ZW2,,,false,Q99ZW2,Q99ZW2,,false,KNLIGALLFDSGETAEATR,LPKYSLFELENGR,45,1198,1,3,45,1200,,-1,4,0,1.007276,4.605089
Scan: 482866 Run: DIA12_CV48:20251228_A2_N1_Mueller_MS_TechHub_IMP_THIDDIAXL003_Cas9_PhoX_DIA12_CV48_250ng_FAIMS_001 P1_KTEVQTGGFSK P2_KGILQTVK 1 1,DIA12_CV48:20251228_A2_N1_Mueller_MS_TechHub_IMP_THIDDIAXL003_Cas9_PhoX_DIA12_CV48_250ng_FAIMS_001,482866,,,Q99ZW2,,,false,Q99ZW2,Q99ZW2,,false,KGILQTVK,KTEVQTGGFSK,735,1097,1,1,735,1097,,-1,3,0,1.007276,4.603765
Scan: 72781 Run: DIA12_CV48:20251228_A2_N1_Mueller_MS_TechHub_IMP_THIDDIAXL003_Cas9_PhoX_DIA12_CV48_250ng_FAIMS_001 P1_TEVQTGGFSKESILPK P2_DKQSGK 10 2,DIA12_CV48:20251228_A2_N1_Mueller_MS_TechHub_IMP_THIDDIAXL003_Cas9_PhoX_DIA12_CV48_250ng_FAIMS_001,72781,,,Q99ZW2,,,false,Q99ZW2,Q99ZW2,,false,DKQSGK,TEVQTGGFSKESILPK,672,1098,2,10,673,1107,,-1,3,0,1.007276,4.602581
Scan: 1633777 Run: DIA12_CV48:20251228_A2_N1_Mueller_MS_TechHub_IMP_THIDDIAXL003_Cas9_PhoX_DIA12_CV48_250ng_FAIMS_003 P1_QSGKTILDFLK P2_KLINGIR 4 1,DIA12_CV48:20251228_A2_N1_Mueller_MS_TechHub_IMP_THIDDIAXL003_Cas9_PhoX_DIA12_CV48_250ng_FAIMS_003,1633777,,,Q99ZW2,,,false,Q99ZW2,Q99ZW2,,false,KLINGIR,QSGKTILDFLK,665,674,1,4,665,677,,-1,3,0,1.007276,4.602374
Scan: 593478 Run: DIA12_CV48:20251228_A2_N1_Mueller_MS_TechHub_IMP_THIDDIAXL003_Cas9_PhoX_DIA12_CV48_250ng_FAIMS_001 P1_KDFQFYK P2_GSPEDNEQKQLFVEQHK 1 9,DIA12_CV48:20251228_A2_N1_Mueller_MS_TechHub_IMP_THIDDIAXL003_Cas9_PhoX_DIA12_CV48_250ng_FAIMS_001,593478,,,Q99ZW2,,,false,Q99ZW2,Q99ZW2,,false,GSPEDNEQKQLFVEQHK,KDFQFYK,1247,968,9,1,1255,968,,-1,4,0,1.007276,4.602348
Scan: 104624 Run: DIA12_CV48:20251228_A2_N1_Mueller_MS_TechHub_IMP_THIDDIAXL003_Cas9_PhoX_DIA12_CV48_250ng_FAIMS_001 P1_KYGGFDSPTVAYSVLVVAK P2_KDWDPK 1 1,DIA12_CV48:20251228_A2_N1_Mueller_MS_TechHub_IMP_THIDDIAXL003_Cas9_PhoX_DIA12_CV48_250ng_FAIMS_001,104624,,,Q99ZW2,,,false,Q99ZW2,Q99ZW2,,false,KDWDPK,KYGGFDSPTVAYSVLVVAK,1124,1130,1,1,1124,1130,,-1,4,0,1.007276,4.601762
Scan: 32749 Run: DIA12_CV48:20251228_A2_N1_Mueller_MS_TechHub_IMP_THIDDIAXL003_Cas9_PhoX_DIA12_CV48_250ng_FAIMS_001 P1_KVLSMPQVNIVK P2_KSEETITPWNFEEVVDK 1 1,DIA12_CV48:20251228_A2_N1_Mueller_MS_TechHub_IMP_THIDDIAXL003_Cas9_PhoX_DIA12_CV48_250ng_FAIMS_001,32749,,,Q99ZW2,,,false,Q99ZW2,Q99ZW2,,false,KSEETITPWNFEEVVDK,KVLSMPQVNIVK,468,1085,1,1,468,1085,,-1,4,0,1.007276,4.601711
Scan: 840232 Run: DIA12_CV48:20251228_A2_N1_Mueller_MS_TechHub_IMP_THIDDIAXL003_Cas9_PhoX_DIA12_CV48_250ng_FAIMS_002 P1_FKVLGNTDR P2_EKIEKILTFR 2 2,DIA12_CV48:20251228_A2_N1_Mueller_MS_TechHub_IMP_THIDDIAXL003_Cas9_PhoX_DIA12_CV48_250ng_FAIMS_002,840232,,,Q99ZW2,,,false,Q99ZW2,Q99ZW2,,false,EKIEKILTFR,FKVLGNTDR,438,32,2,2,439,33,,-1,4,0,1.007276,4.599919
Scan: 363266 Run: DIA12_CV48:20251228_A2_N1_Mueller_MS_TechHub_IMP_THIDDIAXL003_Cas9_PhoX_DIA12_CV48_250ng_FAIMS_001 P1_VLPKHSLLYEYFTVYNELTK P2_KNLIGALLFDSGETAEATR 4 1,DIA12_CV48:20251228_A2_N1_Mueller_MS_TechHub_IMP_THIDDIAXL003_Cas9_PhoX_DIA12_CV48_250ng_FAIMS_001,363266,,,Q99ZW2,,,false,Q99ZW2,Q99ZW2,,false,KNLIGALLFDSGETAEATR,VLPKHSLLYEYFTVYNELTK,45,507,1,4,45,510,,-1,4,0,1.007276,4.598998
Scan: 1021097 Run: DIA12_CV48:20251228_A2_N1_Mueller_MS_TechHub_IMP_THIDDIAXL003_Cas9_PhoX_DIA12_CV48_250ng_FAIMS_002 P1_NSDKLIAR P2_LKTYAHLFDDK 4 2,DIA12_CV48:20251228_A2_N1_Mueller_MS_TechHub_IMP_THIDDIAXL003_Cas9_PhoX_DIA12_CV48_250ng_FAIMS_002,1021097,,,Q99ZW2,,,false,Q99ZW2,Q99ZW2,,false,LKTYAHLFDDK,NSDKLIAR,636,1115,2,4,637,1118,,-1,4,0,1.007276,4.598808
Scan: 1604755 Run: DIA12_CV48:20251228_A2_N1_Mueller_MS_TechHub_IMP_THIDDIAXL003_Cas9_PhoX_DIA12_CV48_250ng_FAIMS_003 P1_KVTVK P2_KLINGIR 1 1,DIA12_CV48:20251228_A2_N1_Mueller_MS_TechHub_IMP_THIDDIAXL003_Cas9_PhoX_DIA12_CV48_250ng_FAIMS_003,1604755,,,Q99ZW2,,,false,Q99ZW2,Q99ZW2,,false,KLINGIR,KVTVK,665,558,1,1,665,558,,-1,3,0,1.007276,4.598517
Scan: 1357913 Run: DIA12_CV48:20251228_A2_N1_Mueller_MS_TechHub_IMP_THIDDIAXL003_Cas9_PhoX_DIA12_CV48_250ng_FAIMS_003 P1_LKGSPEDNEQK P2_ENQTTQKGQK 2 7,DIA12_CV48:20251228_A2_N1_Mueller_MS_TechHub_IMP_THIDDIAXL003_Cas9_PhoX_DIA12_CV48_250ng_FAIMS_003,1357913,,,Q99ZW2,,,false,Q99ZW2,Q99ZW2,,false,ENQTTQKGQK,LKGSPEDNEQK,766,1245,7,2,772,1246,,-1,4,0,1.007276,4.597809
Scan: 456562 Run: DIA12_CV48:20251228_A2_N1_Mueller_MS_TechHub_IMP_THIDDIAXL003_Cas9_PhoX_DIA12_CV48_250ng_FAIMS_001 P1_IEKILTFR P2_EDIQKAQVSGQGDSLHEHIANLAGSPAIK 3 5,DIA12_CV48:20251228_A2_N1_Mueller_MS_TechHub_IMP_THIDDIAXL003_Cas9_PhoX_DIA12_CV48_250ng_FAIMS_001,456562,,,Q99ZW2,,,false,Q99ZW2,Q99ZW2,,false,EDIQKAQVSGQGDSLHEHIANLAGSPAIK,IEKILTFR,706,440,5,3,710,442,,-1,5,0,1.007276,4.59731
Scan: 1382502 Run: DIA12_CV48:20251228_A2_N1_Mueller_MS_TechHub_IMP_THIDDIAXL003_Cas9_PhoX_DIA12_CV48_250ng_FAIMS_003 P1_DKPIR P2_DKPIR 2 2,DIA12_CV48:20251228_A2_N1_Mueller_MS_TechHub_IMP_THIDDIAXL003_Cas9_PhoX_DIA12_CV48_250ng_FAIMS_003,1382502,,,Q99ZW2,,,false,Q99ZW2,Q99ZW2,,false,DKPIR,DKPIR,1299,1299,2,2,1300,1300,,-1,3,0,1.007276,4.596426
Scan: 690149 Run: DIA12_CV48:20251228_A2_N1_Mueller_MS_TechHub_IMP_THIDDIAXL003_Cas9_PhoX_DIA12_CV48_250ng_FAIMS_002 P1_NSDKLIAR P2_GKSDNVPSEEVVK 4 2,DIA12_CV48:20251228_A2_N1_Mueller_MS_TechHub_IMP_THIDDIAXL003_Cas9_PhoX_DIA12_CV48_250ng_FAIMS_002,690149,,,Q99ZW2,,,false,Q99ZW2,Q99ZW2,,false,GKSDNVPSEEVVK,NSDKLIAR,865,1115,2,4,866,1118,,-1,3,0,1.007276,4.59546
Scan: 1297880 Run: DIA12_CV48:20251228_A2_N1_Mueller_MS_TechHub_IMP_THIDDIAXL003_Cas9_PhoX_DIA12_CV48_250ng_FAIMS_003 P1_KYGGFDSPTVAYSVLVVAK P2_ESILPKR 1 6,DIA12_CV48:20251228_A2_N1_Mueller_MS_TechHub_IMP_THIDDIAXL003_Cas9_PhoX_DIA12_CV48_250ng_FAIMS_003,1297880,,,Q99ZW2,,,false,Q99ZW2,Q99ZW2,,false,ESILPKR,KYGGFDSPTVAYSVLVVAK,1108,1130,6,1,1113,1130,,-1,4,0,1.007276,4.595143
Scan: 356001 Run: DIA12_CV48:20251228_A2_N1_Mueller_MS_TechHub_IMP_THIDDIAXL003_Cas9_PhoX_DIA12_CV48_250ng_FAIMS_001 P1_MTNFDKNLPNEK P2_KSEETITPWNFEEVVDKGASAQSFIER 6 1,DIA12_CV48:20251228_A2_N1_Mueller_MS_TechHub_IMP_THIDDIAXL003_Cas9_PhoX_DIA12_CV48_250ng_FAIMS_001,356001,,,Q99ZW2,,,false,Q99ZW2,Q99ZW2,,false,KSEETITPWNFEEVVDKGASAQSFIER,MTNFDKNLPNEK,468,495,1,6,468,500,,-1,4,0,1.007276,4.593234
Scan: 231902 Run: DIA12_CV48:20251228_A2_N1_Mueller_MS_TechHub_IMP_THIDDIAXL003_Cas9_PhoX_DIA12_CV48_250ng_FAIMS_001 P1_VNTEITKAPLSASMIK P2_ELGSQILKEHPVENTQLQNEK 7 8,DIA12_CV48:20251228_A2_N1_Mueller_MS_TechHub_IMP_THIDDIAXL003_Cas9_PhoX_DIA12_CV48_250ng_FAIMS_001,231902,,,Q99ZW2,,,false,Q99ZW2,Q99ZW2,,false,ELGSQILKEHPVENTQLQNEK,VNTEITKAPLSASMIK,790,308,8,7,797,314,,-1,4,0,1.007276,4.592973
Scan: 483710 Run: DIA12_CV48:20251228_A2_N1_Mueller_MS_TechHub_IMP_THIDDIAXL003_Cas9_PhoX_DIA12_CV48_250ng_FAIMS_001 P1_MTNFDKNLPNEK P2_KGILQTVK 6 1,DIA12_CV48:20251228_A2_N1_Mueller_MS_TechHub_IMP_THIDDIAXL003_Cas9_PhoX_DIA12_CV48_250ng_FAIMS_001,483710,,,Q99ZW2,,,false,Q99ZW2,Q99ZW2,,false,KGILQTVK,MTNFDKNLPNEK,735,495,1,6,735,500,,-1,3,0,1.007276,4.591387
Scan: 907853 Run: DIA12_CV48:20251228_A2_N1_Mueller_MS_TechHub_IMP_THIDDIAXL003_Cas9_PhoX_DIA12_CV48_250ng_FAIMS_002 P1_KSEETITPWNFEEVVDKGASAQSFIER P2_KLINGIR 1 1,DIA12_CV48:20251228_A2_N1_Mueller_MS_TechHub_IMP_THIDDIAXL003_Cas9_PhoX_DIA12_CV48_250ng_FAIMS_002,907853,,,Q99ZW2,,,false,Q99ZW2,Q99ZW2,,false,KLINGIR,KSEETITPWNFEEVVDKGASAQSFIER,665,468,1,1,665,468,,-1,4,0,1.007276,4.590588
Scan: 814931 Run: DIA12_CV48:20251228_A2_N1_Mueller_MS_TechHub_IMP_THIDDIAXL003_Cas9_PhoX_DIA12_CV48_250ng_FAIMS_002 P1_KNGLFGNLIALSLGLTPNFK P2_GKSDNVPSEEVVK 1 2,DIA12_CV48:20251228_A2_N1_Mueller_MS_TechHub_IMP_THIDDIAXL003_Cas9_PhoX_DIA12_CV48_250ng_FAIMS_002,814931,,,Q99ZW2,,,false,Q99ZW2,Q99ZW2,,false,GKSDNVPSEEVVK,KNGLFGNLIALSLGLTPNFK,865,234,2,1,866,234,,-1,4,0,1.007276,4.590357
Scan: 597787 Run: DIA12_CV48:20251228_A2_N1_Mueller_MS_TechHub_IMP_THIDDIAXL003_Cas9_PhoX_DIA12_CV48_250ng_FAIMS_002 P1_KYPKLESEFVYGDYK P2_ATAKYFFYSNIMNFFK 4 4,DIA12_CV48:20251228_A2_N1_Mueller_MS_TechHub_IMP_THIDDIAXL003_Cas9_PhoX_DIA12_CV48_250ng_FAIMS_002,597787,,,Q99ZW2,,,false,Q99ZW2,Q99ZW2,,false,ATAKYFFYSNIMNFFK,KYPKLESEFVYGDYK,1032,1000,4,4,1035,1003,,-1,4,0,1.007276,4.589579
Scan: 1289943 Run: DIA12_CV48:20251228_A2_N1_Mueller_MS_TechHub_IMP_THIDDIAXL003_Cas9_PhoX_DIA12_CV48_250ng_FAIMS_003 P1_KPAFLSGEQK P2_KKDWDPKK 1 1,DIA12_CV48:20251228_A2_N1_Mueller_MS_TechHub_IMP_THIDDIAXL003_Cas9_PhoX_DIA12_CV48_250ng_FAIMS_003,1289943,,,Q99ZW2,,,false,Q99ZW2,Q99ZW2,,false,KKDWDPKK,KPAFLSGEQK,1123,536,1,1,1123,536,,-1,3,0,1.007276,4.589439
Scan: 1424719 Run: DIA12_CV48:20251228_A2_N1_Mueller_MS_TechHub_IMP_THIDDIAXL003_Cas9_PhoX_DIA12_CV48_250ng_FAIMS_003 P1_VNTEITKAPLSASMIK P2_VNTEITKAPLSASMIK 7 7,DIA12_CV48:20251228_A2_N1_Mueller_MS_TechHub_IMP_THIDDIAXL003_Cas9_PhoX_DIA12_CV48_250ng_FAIMS_003,1424719,,,Q99ZW2,,,false,Q99ZW2,Q99ZW2,,false,VNTEITKAPLSASMIK,VNTEITKAPLSASMIK,308,308,7,7,314,314,,-1,4,0,1.007276,4.587193
Scan: 1492475 Run: DIA12_CV48:20251228_A2_N1_Mueller_MS_TechHub_IMP_THIDDIAXL003_Cas9_PhoX_DIA12_CV48_250ng_FAIMS_003 P1_KVTVK P2_KNLIGALLFDSGETAEATR 1 1,DIA12_CV48:20251228_A2_N1_Mueller_MS_TechHub_IMP_THIDDIAXL003_Cas9_PhoX_DIA12_CV48_250ng_FAIMS_003,1492475,,,Q99ZW2,,,false,Q99ZW2,Q99ZW2,,false,KNLIGALLFDSGETAEATR,KVTVK,45,558,1,1,45,558,,-1,3,0,1.007276,4.58614
Scan: 549004 Run: DIA12_CV48:20251228_A2_N1_Mueller_MS_TechHub_IMP_THIDDIAXL003_Cas9_PhoX_DIA12_CV48_250ng_FAIMS_001 P1_GKSDNVPSEEVVK P2_GGLSELDKAGFIK 2 8,DIA12_CV48:20251228_A2_N1_Mueller_MS_TechHub_IMP_THIDDIAXL003_Cas9_PhoX_DIA12_CV48_250ng_FAIMS_001,549004,,,Q99ZW2,,,false,Q99ZW2,Q99ZW2,,false,GGLSELDKAGFIK,GKSDNVPSEEVVK,906,865,8,2,913,866,,-1,3,0,1.007276,4.585867
Scan: 1194270 Run: DIA12_CV48:20251228_A2_N1_Mueller_MS_TechHub_IMP_THIDDIAXL003_Cas9_PhoX_DIA12_CV48_250ng_FAIMS_003 P1_YPKLESEFVYGDYK P2_KMIAK 3 1,DIA12_CV48:20251228_A2_N1_Mueller_MS_TechHub_IMP_THIDDIAXL003_Cas9_PhoX_DIA12_CV48_250ng_FAIMS_003,1194270,,,Q99ZW2,,,false,Q99ZW2,Q99ZW2,,false,KMIAK,YPKLESEFVYGDYK,1020,1001,1,3,1020,1003,,-1,3,0,1.007276,4.583337
Scan: 309719 Run: DIA12_CV48:20251228_A2_N1_Mueller_MS_TechHub_IMP_THIDDIAXL003_Cas9_PhoX_DIA12_CV48_250ng_FAIMS_001 P1_KVTVK P2_KSEETITPWNFEEVVDK 1 1,DIA12_CV48:20251228_A2_N1_Mueller_MS_TechHub_IMP_THIDDIAXL003_Cas9_PhoX_DIA12_CV48_250ng_FAIMS_001,309719,,,Q99ZW2,,,false,Q99ZW2,Q99ZW2,,false,KSEETITPWNFEEVVDK,KVTVK,468,558,1,1,468,558,,-1,3,0,1.007276,4.582996
Scan: 105664 Run: DIA12_CV48:20251228_A2_N1_Mueller_MS_TechHub_IMP_THIDDIAXL003_Cas9_PhoX_DIA12_CV48_250ng_FAIMS_001 P1_KYGGFDSPTVAYSVLVVAK P2_EQAENIIHLFTLTNLGAPAAFKYFDTTIDR 1 22,DIA12_CV48:20251228_A2_N1_Mueller_MS_TechHub_IMP_THIDDIAXL003_Cas9_PhoX_DIA12_CV48_250ng_FAIMS_001,105664,,,Q99ZW2,,,false,Q99ZW2,Q99ZW2,,false,EQAENIIHLFTLTNLGAPAAFKYFDTTIDR,KYGGFDSPTVAYSVLVVAK,1304,1130,22,1,1325,1130,,-1,5,0,1.007276,4.581526
Scan: 346413 Run: DIA12_CV48:20251228_A2_N1_Mueller_MS_TechHub_IMP_THIDDIAXL003_Cas9_PhoX_DIA12_CV48_250ng_FAIMS_001 P1_SEETITPWNFEEVVDKGASAQSFIER P2_NLPNEKVLPK 16 6,DIA12_CV48:20251228_A2_N1_Mueller_MS_TechHub_IMP_THIDDIAXL003_Cas9_PhoX_DIA12_CV48_250ng_FAIMS_001,346413,,,Q99ZW2,,,false,Q99ZW2,Q99ZW2,,false,NLPNEKVLPK,SEETITPWNFEEVVDKGASAQSFIER,501,469,6,16,506,484,,-1,4,0,1.007276,4.580573
Scan: 1053008 Run: DIA12_CV48:20251228_A2_N1_Mueller_MS_TechHub_IMP_THIDDIAXL003_Cas9_PhoX_DIA12_CV48_250ng_FAIMS_002 P1_FKVLGNTDR P2_EDIQKAQVSGQGDSLHEHIANLAGSPAIK 2 5,DIA12_CV48:20251228_A2_N1_Mueller_MS_TechHub_IMP_THIDDIAXL003_Cas9_PhoX_DIA12_CV48_250ng_FAIMS_002,1053008,,,Q99ZW2,,,false,Q99ZW2,Q99ZW2,,false,EDIQKAQVSGQGDSLHEHIANLAGSPAIK,FKVLGNTDR,706,32,5,2,710,33,,-1,5,0,1.007276,4.580174
Scan: 960172 Run: DIA12_CV48:20251228_A2_N1_Mueller_MS_TechHub_IMP_THIDDIAXL003_Cas9_PhoX_DIA12_CV48_250ng_FAIMS_002 P1_VLPKHSLLYEYFTVYNELTK P2_EKIEKILTFR 4 2,DIA12_CV48:20251228_A2_N1_Mueller_MS_TechHub_IMP_THIDDIAXL003_Cas9_PhoX_DIA12_CV48_250ng_FAIMS_002,960172,,,Q99ZW2,,,false,Q99ZW2,Q99ZW2,,false,EKIEKILTFR,VLPKHSLLYEYFTVYNELTK,438,507,2,4,439,510,,-1,4,0,1.007276,4.579946
Scan: 1730285 Run: DIA12_CV48:20251228_A2_N1_Mueller_MS_TechHub_IMP_THIDDIAXL003_Cas9_PhoX_DIA12_CV48_250ng_FAIMS_003 P1_LKGSPEDNEQK P2_EHPVENTQLQNEKLYLYYLQNGR 2 13,DIA12_CV48:20251228_A2_N1_Mueller_MS_TechHub_IMP_THIDDIAXL003_Cas9_PhoX_DIA12_CV48_250ng_FAIMS_003,1730285,,,Q99ZW2,,,false,Q99ZW2,Q99ZW2,,false,EHPVENTQLQNEKLYLYYLQNGR,LKGSPEDNEQK,798,1245,13,2,810,1246,,-1,5,0,1.007276,4.579925
Scan: 1185934 Run: DIA12_CV48:20251228_A2_N1_Mueller_MS_TechHub_IMP_THIDDIAXL003_Cas9_PhoX_DIA12_CV48_250ng_FAIMS_002 P1_SKLVSDFR P2_EDIQKAQVSGQGDSLHEHIANLAGSPAIK 2 5,DIA12_CV48:20251228_A2_N1_Mueller_MS_TechHub_IMP_THIDDIAXL003_Cas9_PhoX_DIA12_CV48_250ng_FAIMS_002,1185934,,,Q99ZW2,,,false,Q99ZW2,Q99ZW2,,false,EDIQKAQVSGQGDSLHEHIANLAGSPAIK,SKLVSDFR,706,960,5,2,710,961,,-1,5,0,1.007276,4.579176
Scan: 1051456 Run: DIA12_CV48:20251228_A2_N1_Mueller_MS_TechHub_IMP_THIDDIAXL003_Cas9_PhoX_DIA12_CV48_250ng_FAIMS_002 P1_KDLIIK P2_EDIQKAQVSGQGDSLHEHIANLAGSPAIK 1 5,DIA12_CV48:20251228_A2_N1_Mueller_MS_TechHub_IMP_THIDDIAXL003_Cas9_PhoX_DIA12_CV48_250ng_FAIMS_002,1051456,,,Q99ZW2,,,false,Q99ZW2,Q99ZW2,,false,EDIQKAQVSGQGDSLHEHIANLAGSPAIK,KDLIIK,706,1192,5,1,710,1192,,-1,4,0,1.007276,4.577231
Scan: 779369 Run: DIA12_CV48:20251228_A2_N1_Mueller_MS_TechHub_IMP_THIDDIAXL003_Cas9_PhoX_DIA12_CV48_250ng_FAIMS_002 P1_VILADANLDKVLSAYNK P2_KKDWDPK 10 1,DIA12_CV48:20251228_A2_N1_Mueller_MS_TechHub_IMP_THIDDIAXL003_Cas9_PhoX_DIA12_CV48_250ng_FAIMS_002,779369,,,Q99ZW2,,,false,Q99ZW2,Q99ZW2,,false,KKDWDPK,VILADANLDKVLSAYNK,1123,1280,1,10,1123,1289,,-1,4,0,1.007276,4.5764
Scan: 455712 Run: DIA12_CV48:20251228_A2_N1_Mueller_MS_TechHub_IMP_THIDDIAXL003_Cas9_PhoX_DIA12_CV48_250ng_FAIMS_001 P1_KNGLFGNLIALSLGLTPNFK P2_EDIQKAQVSGQGDSLHEHIANLAGSPAIK 1 5,DIA12_CV48:20251228_A2_N1_Mueller_MS_TechHub_IMP_THIDDIAXL003_Cas9_PhoX_DIA12_CV48_250ng_FAIMS_001,455712,,,Q99ZW2,,,false,Q99ZW2,Q99ZW2,,false,EDIQKAQVSGQGDSLHEHIANLAGSPAIK,KNGLFGNLIALSLGLTPNFK,706,234,5,1,710,234,,-1,5,0,1.007276,4.576056
Scan: 979504 Run: DIA12_CV48:20251228_A2_N1_Mueller_MS_TechHub_IMP_THIDDIAXL003_Cas9_PhoX_DIA12_CV48_250ng_FAIMS_002 P1_KPAFLSGEQK P2_IEKILTFR 1 3,DIA12_CV48:20251228_A2_N1_Mueller_MS_TechHub_IMP_THIDDIAXL003_Cas9_PhoX_DIA12_CV48_250ng_FAIMS_002,979504,,,Q99ZW2,,,false,Q99ZW2,Q99ZW2,,false,IEKILTFR,KPAFLSGEQK,440,536,3,1,442,536,,-1,4,0,1.007276,4.575048
Scan: 1547329 Run: DIA12_CV48:20251228_A2_N1_Mueller_MS_TechHub_IMP_THIDDIAXL003_Cas9_PhoX_DIA12_CV48_250ng_FAIMS_003 P1_SSFEKNPIDFLEAK P2_MTNFDKNLPNEK 5 6,DIA12_CV48:20251228_A2_N1_Mueller_MS_TechHub_IMP_THIDDIAXL003_Cas9_PhoX_DIA12_CV48_250ng_FAIMS_003,1547329,,,Q99ZW2,,,false,Q99ZW2,Q99ZW2,,false,MTNFDKNLPNEK,SSFEKNPIDFLEAK,495,1172,6,5,500,1176,,-1,3,0,1.007276,4.574691
Scan: 357478 Run: DIA12_CV48:20251228_A2_N1_Mueller_MS_TechHub_IMP_THIDDIAXL003_Cas9_PhoX_DIA12_CV48_250ng_FAIMS_001 P1_VKYVTEGMR P2_MTNFDKNLPNEK 2 6,DIA12_CV48:20251228_A2_N1_Mueller_MS_TechHub_IMP_THIDDIAXL003_Cas9_PhoX_DIA12_CV48_250ng_FAIMS_001,357478,,,Q99ZW2,,,false,Q99ZW2,Q99ZW2,,false,MTNFDKNLPNEK,VKYVTEGMR,495,527,6,2,500,528,,-1,3,0,1.007276,4.574653
Scan: 96261 Run: DIA12_CV48:20251228_A2_N1_Mueller_MS_TechHub_IMP_THIDDIAXL003_Cas9_PhoX_DIA12_CV48_250ng_FAIMS_001 P1_KKDWDPK P2_ENQTTQKGQK 1 7,DIA12_CV48:20251228_A2_N1_Mueller_MS_TechHub_IMP_THIDDIAXL003_Cas9_PhoX_DIA12_CV48_250ng_FAIMS_001,96261,,,Q99ZW2,,,false,Q99ZW2,Q99ZW2,,false,ENQTTQKGQK,KKDWDPK,766,1123,7,1,772,1123,,-1,3,0,1.007276,4.574527
Scan: 780 Run: DIA12_CV48:20251228_A2_N1_Mueller_MS_TechHub_IMP_THIDDIAXL003_Cas9_PhoX_DIA12_CV48_250ng_FAIMS_001 P1_YPKLESEFVYGDYK P2_KRPLIETNGETGEIVWDK 3 1,DIA12_CV48:20251228_A2_N1_Mueller_MS_TechHub_IMP_THIDDIAXL003_Cas9_PhoX_DIA12_CV48_250ng_FAIMS_001,780,,,Q99ZW2,,,false,Q99ZW2,Q99ZW2,,false,KRPLIETNGETGEIVWDK,YPKLESEFVYGDYK,1059,1001,1,3,1059,1003,,-1,4,0,1.007276,4.573896
Scan: 88412 Run: DIA12_CV48:20251228_A2_N1_Mueller_MS_TechHub_IMP_THIDDIAXL003_Cas9_PhoX_DIA12_CV48_250ng_FAIMS_001 P1_NSDKLIAR P2_IEKILTFR 4 3,DIA12_CV48:20251228_A2_N1_Mueller_MS_TechHub_IMP_THIDDIAXL003_Cas9_PhoX_DIA12_CV48_250ng_FAIMS_001,88412,,,Q99ZW2,,,false,Q99ZW2,Q99ZW2,,false,IEKILTFR,NSDKLIAR,440,1115,3,4,442,1118,,-1,3,0,1.007276,4.571339
Scan: 1575704 Run: DIA12_CV48:20251228_A2_N1_Mueller_MS_TechHub_IMP_THIDDIAXL003_Cas9_PhoX_DIA12_CV48_250ng_FAIMS_003 P1_QQLPEKYKEIFFDQSK P2_KPAFLSGEQK 6 1,DIA12_CV48:20251228_A2_N1_Mueller_MS_TechHub_IMP_THIDDIAXL003_Cas9_PhoX_DIA12_CV48_250ng_FAIMS_003,1575704,,,Q99ZW2,,,false,Q99ZW2,Q99ZW2,,false,KPAFLSGEQK,QQLPEKYKEIFFDQSK,536,341,1,6,536,346,,-1,4,0,1.007276,4.571321
Scan: 853128 Run: DIA12_CV48:20251228_A2_N1_Mueller_MS_TechHub_IMP_THIDDIAXL003_Cas9_PhoX_DIA12_CV48_250ng_FAIMS_002 P1_YKEIFFDQSK P2_LVDSTDKADLR 2 7,DIA12_CV48:20251228_A2_N1_Mueller_MS_TechHub_IMP_THIDDIAXL003_Cas9_PhoX_DIA12_CV48_250ng_FAIMS_002,853128,,,Q99ZW2,,,false,Q99ZW2,Q99ZW2,,false,LVDSTDKADLR,YKEIFFDQSK,142,347,7,2,148,348,,-1,3,0,1.007276,4.571124
Scan: 1277785 Run: DIA12_CV48:20251228_A2_N1_Mueller_MS_TechHub_IMP_THIDDIAXL003_Cas9_PhoX_DIA12_CV48_250ng_FAIMS_003 P1_RNSDKLIAR P2_KDWDPKK 5 1,DIA12_CV48:20251228_A2_N1_Mueller_MS_TechHub_IMP_THIDDIAXL003_Cas9_PhoX_DIA12_CV48_250ng_FAIMS_003,1277785,,,Q99ZW2,,,false,Q99ZW2,Q99ZW2,,false,KDWDPKK,RNSDKLIAR,1124,1114,1,5,1124,1118,,-1,3,0,1.007276,4.570258
Scan: 525519 Run: DIA12_CV48:20251228_A2_N1_Mueller_MS_TechHub_IMP_THIDDIAXL003_Cas9_PhoX_DIA12_CV48_250ng_FAIMS_001 P1_ELGSQILKEHPVENTQLQNEK P2_ELGSQILKEHPVENTQLQNEK 8 8,DIA12_CV48:20251228_A2_N1_Mueller_MS_TechHub_IMP_THIDDIAXL003_Cas9_PhoX_DIA12_CV48_250ng_FAIMS_001,525519,,,Q99ZW2,,,false,Q99ZW2,Q99ZW2,,false,ELGSQILKEHPVENTQLQNEK,ELGSQILKEHPVENTQLQNEK,790,790,8,8,797,797,,-1,5,0,1.007276,4.570031
Scan: 512806 Run: DIA12_CV48:20251228_A2_N1_Mueller_MS_TechHub_IMP_THIDDIAXL003_Cas9_PhoX_DIA12_CV48_250ng_FAIMS_001 P1_SDKNR P2_GQKNSR 3 3,DIA12_CV48:20251228_A2_N1_Mueller_MS_TechHub_IMP_THIDDIAXL003_Cas9_PhoX_DIA12_CV48_250ng_FAIMS_001,512806,,,Q99ZW2,,,false,Q99ZW2,Q99ZW2,,false,GQKNSR,SDKNR,773,860,3,3,775,862,,-1,3,0,1.007276,4.568632
Scan: 257875 Run: DIA12_CV48:20251228_A2_N1_Mueller_MS_TechHub_IMP_THIDDIAXL003_Cas9_PhoX_DIA12_CV48_250ng_FAIMS_001 P1_YKEIFFDQSK P2_FIKPILEKMDGTEELLVK 2 8,DIA12_CV48:20251228_A2_N1_Mueller_MS_TechHub_IMP_THIDDIAXL003_Cas9_PhoX_DIA12_CV48_250ng_FAIMS_001,257875,,,Q99ZW2,,,false,Q99ZW2,Q99ZW2,,false,FIKPILEKMDGTEELLVK,YKEIFFDQSK,375,347,8,2,382,348,,-1,4,0,1.007276,4.568591
Scan: 1455108 Run: DIA12_CV48:20251228_A2_N1_Mueller_MS_TechHub_IMP_THIDDIAXL003_Cas9_PhoX_DIA12_CV48_250ng_FAIMS_003 P1_YKEIFFDQSK P2_SDKNR 2 3,DIA12_CV48:20251228_A2_N1_Mueller_MS_TechHub_IMP_THIDDIAXL003_Cas9_PhoX_DIA12_CV48_250ng_FAIMS_003,1455108,,,Q99ZW2,,,false,Q99ZW2,Q99ZW2,,false,SDKNR,YKEIFFDQSK,860,347,3,2,862,348,,-1,3,0,1.007276,4.568341
Scan: 1276450 Run: DIA12_CV48:20251228_A2_N1_Mueller_MS_TechHub_IMP_THIDDIAXL003_Cas9_PhoX_DIA12_CV48_250ng_FAIMS_003 P1_NSDKLIAR P2_LEESFLVEEDKK 4 11,DIA12_CV48:20251228_A2_N1_Mueller_MS_TechHub_IMP_THIDDIAXL003_Cas9_PhoX_DIA12_CV48_250ng_FAIMS_003,1276450,,,Q99ZW2,,,false,Q99ZW2,Q99ZW2,,false,LEESFLVEEDKK,NSDKLIAR,101,1115,11,4,111,1118,,-1,3,0,1.007276,4.566698
Scan: 1454514 Run: DIA12_CV48:20251228_A2_N1_Mueller_MS_TechHub_IMP_THIDDIAXL003_Cas9_PhoX_DIA12_CV48_250ng_FAIMS_003 P1_YKEIFFDQSK P2_DKQSGK 2 2,DIA12_CV48:20251228_A2_N1_Mueller_MS_TechHub_IMP_THIDDIAXL003_Cas9_PhoX_DIA12_CV48_250ng_FAIMS_003,1454514,,,Q99ZW2,,,false,Q99ZW2,Q99ZW2,,false,DKQSGK,YKEIFFDQSK,672,347,2,2,673,348,,-1,3,0,1.007276,4.565827
Scan: 244239 Run: DIA12_CV48:20251228_A2_N1_Mueller_MS_TechHub_IMP_THIDDIAXL003_Cas9_PhoX_DIA12_CV48_250ng_FAIMS_001 P1_KAIVDLLFK P2_FKVLGNTDR 1 2,DIA12_CV48:20251228_A2_N1_Mueller_MS_TechHub_IMP_THIDDIAXL003_Cas9_PhoX_DIA12_CV48_250ng_FAIMS_001,244239,,,Q99ZW2,,,false,Q99ZW2,Q99ZW2,,false,FKVLGNTDR,KAIVDLLFK,32,546,2,1,33,546,,-1,4,0,1.007276,4.565691
Scan: 1224263 Run: DIA12_CV48:20251228_A2_N1_Mueller_MS_TechHub_IMP_THIDDIAXL003_Cas9_PhoX_DIA12_CV48_250ng_FAIMS_003 P1_RPLIETNGETGEIVWDKGR P2_KTEVQTGGFSK 17 1,DIA12_CV48:20251228_A2_N1_Mueller_MS_TechHub_IMP_THIDDIAXL003_Cas9_PhoX_DIA12_CV48_250ng_FAIMS_003,1224263,,,Q99ZW2,,,false,Q99ZW2,Q99ZW2,,false,KTEVQTGGFSK,RPLIETNGETGEIVWDKGR,1097,1060,1,17,1097,1076,,-1,4,0,1.007276,4.565241
Scan: 889457 Run: DIA12_CV48:20251228_A2_N1_Mueller_MS_TechHub_IMP_THIDDIAXL003_Cas9_PhoX_DIA12_CV48_250ng_FAIMS_002 P1_KSEETITPWNFEEVVDKGASAQSFIER P2_FTLIKEIKER 17 5,DIA12_CV48:20251228_A2_N1_Mueller_MS_TechHub_IMP_THIDDIAXL003_Cas9_PhoX_DIA12_CV48_250ng_FAIMS_002,889457,,,decoy:Q99ZW2,decoy,decoy,true,Q99ZW2,Q99ZW2,,false,FTLIKEIKER,KSEETITPWNFEEVVDKGASAQSFIER,438,468,5,17,442,484,,-1,4,0,1.007276,4.564662
Scan: 1720514 Run: DIA12_CV48:20251228_A2_N1_Mueller_MS_TechHub_IMP_THIDDIAXL003_Cas9_PhoX_DIA12_CV48_250ng_FAIMS_003 P1_MKNYWR P2_ELGSQILKEHPVENTQLQNEK 2 8,DIA12_CV48:20251228_A2_N1_Mueller_MS_TechHub_IMP_THIDDIAXL003_Cas9_PhoX_DIA12_CV48_250ng_FAIMS_003,1720514,,,Q99ZW2,,,false,Q99ZW2,Q99ZW2,,false,ELGSQILKEHPVENTQLQNEK,MKNYWR,790,879,8,2,797,880,,-1,4,0,1.007276,4.563727
Scan: 661067 Run: DIA12_CV48:20251228_A2_N1_Mueller_MS_TechHub_IMP_THIDDIAXL003_Cas9_PhoX_DIA12_CV48_250ng_FAIMS_002 P1_KTEVQTGGFSKESILPK P2_KKDWDPK 11 1,DIA12_CV48:20251228_A2_N1_Mueller_MS_TechHub_IMP_THIDDIAXL003_Cas9_PhoX_DIA12_CV48_250ng_FAIMS_002,661067,,,Q99ZW2,,,false,Q99ZW2,Q99ZW2,,false,KKDWDPK,KTEVQTGGFSKESILPK,1123,1097,1,11,1123,1107,,-1,3,0,1.007276,4.562758
Scan: 1161941 Run: DIA12_CV48:20251228_A2_N1_Mueller_MS_TechHub_IMP_THIDDIAXL003_Cas9_PhoX_DIA12_CV48_250ng_FAIMS_002 P1_GKSDNVPSEEVVK P2_FDNLTKAER 2 6,DIA12_CV48:20251228_A2_N1_Mueller_MS_TechHub_IMP_THIDDIAXL003_Cas9_PhoX_DIA12_CV48_250ng_FAIMS_002,1161941,,,Q99ZW2,,,false,Q99ZW2,Q99ZW2,,false,FDNLTKAER,GKSDNVPSEEVVK,897,865,6,2,902,866,,-1,3,0,1.007276,4.559484
Scan: 1391947 Run: DIA12_CV48:20251228_A2_N1_Mueller_MS_TechHub_IMP_THIDDIAXL003_Cas9_PhoX_DIA12_CV48_250ng_FAIMS_003 P1_YTSTKEVLDATLIHQSITGLYETR P2_KYGGFDSPTVAYSVLVVAK 5 1,DIA12_CV48:20251228_A2_N1_Mueller_MS_TechHub_IMP_THIDDIAXL003_Cas9_PhoX_DIA12_CV48_250ng_FAIMS_003,1391947,,,Q99ZW2,,,false,Q99ZW2,Q99ZW2,,false,KYGGFDSPTVAYSVLVVAK,YTSTKEVLDATLIHQSITGLYETR,1130,1336,1,5,1130,1340,,-1,5,0,1.007276,4.559192
Scan: 353180 Run: DIA12_CV48:20251228_A2_N1_Mueller_MS_TechHub_IMP_THIDDIAXL003_Cas9_PhoX_DIA12_CV48_250ng_FAIMS_001 P1_SSFEKNPIDFLEAK P2_MTNFDKNLPNEK 5 6,DIA12_CV48:20251228_A2_N1_Mueller_MS_TechHub_IMP_THIDDIAXL003_Cas9_PhoX_DIA12_CV48_250ng_FAIMS_001,353180,,,Q99ZW2,,,false,Q99ZW2,Q99ZW2,,false,MTNFDKNLPNEK,SSFEKNPIDFLEAK,495,1172,6,5,500,1176,,-1,4,0,1.007276,4.559001
Scan: 259501 Run: DIA12_CV48:20251228_A2_N1_Mueller_MS_TechHub_IMP_THIDDIAXL003_Cas9_PhoX_DIA12_CV48_250ng_FAIMS_001 P1_YKEIFFDQSK P2_KAIVDLLFK 2 1,DIA12_CV48:20251228_A2_N1_Mueller_MS_TechHub_IMP_THIDDIAXL003_Cas9_PhoX_DIA12_CV48_250ng_FAIMS_001,259501,,,Q99ZW2,,,false,Q99ZW2,Q99ZW2,,false,KAIVDLLFK,YKEIFFDQSK,546,347,1,2,546,348,,-1,3,0,1.007276,4.558456
Scan: 62977 Run: DIA12_CV48:20251228_A2_N1_Mueller_MS_TechHub_IMP_THIDDIAXL003_Cas9_PhoX_DIA12_CV48_250ng_FAIMS_001 P1_NSDKLIAR P2_KTEVQTGGFSKESILPK 4 11,DIA12_CV48:20251228_A2_N1_Mueller_MS_TechHub_IMP_THIDDIAXL003_Cas9_PhoX_DIA12_CV48_250ng_FAIMS_001,62977,,,Q99ZW2,,,false,Q99ZW2,Q99ZW2,,false,KTEVQTGGFSKESILPK,NSDKLIAR,1097,1115,11,4,1107,1118,,-1,5,0,1.007276,4.558345
Scan: 97660 Run: DIA12_CV48:20251228_A2_N1_Mueller_MS_TechHub_IMP_THIDDIAXL003_Cas9_PhoX_DIA12_CV48_250ng_FAIMS_001 P1_RNSDKLIAR P2_KKDWDPK 5 2,DIA12_CV48:20251228_A2_N1_Mueller_MS_TechHub_IMP_THIDDIAXL003_Cas9_PhoX_DIA12_CV48_250ng_FAIMS_001,97660,,,Q99ZW2,,,false,Q99ZW2,Q99ZW2,,false,KKDWDPK,RNSDKLIAR,1123,1114,2,5,1124,1118,,-1,3,0,1.007276,4.557784
Scan: 1124033 Run: DIA12_CV48:20251228_A2_N1_Mueller_MS_TechHub_IMP_THIDDIAXL003_Cas9_PhoX_DIA12_CV48_250ng_FAIMS_002 P1_SKLVSDFR P2_ELGSQILKEHPVENTQLQNEK 2 8,DIA12_CV48:20251228_A2_N1_Mueller_MS_TechHub_IMP_THIDDIAXL003_Cas9_PhoX_DIA12_CV48_250ng_FAIMS_002,1124033,,,Q99ZW2,,,false,Q99ZW2,Q99ZW2,,false,ELGSQILKEHPVENTQLQNEK,SKLVSDFR,790,960,8,2,797,961,,-1,4,0,1.007276,4.557049
Scan: 35559 Run: DIA12_CV48:20251228_A2_N1_Mueller_MS_TechHub_IMP_THIDDIAXL003_Cas9_PhoX_DIA12_CV48_250ng_FAIMS_001 P1_SEQEIGKATAK P2_KTEVQTGGFSK 7 1,DIA12_CV48:20251228_A2_N1_Mueller_MS_TechHub_IMP_THIDDIAXL003_Cas9_PhoX_DIA12_CV48_250ng_FAIMS_001,35559,,,Q99ZW2,,,false,Q99ZW2,Q99ZW2,,false,KTEVQTGGFSK,SEQEIGKATAK,1097,1025,1,7,1097,1031,,-1,3,0,1.007276,4.556821
Scan: 695236 Run: DIA12_CV48:20251228_A2_N1_Mueller_MS_TechHub_IMP_THIDDIAXL003_Cas9_PhoX_DIA12_CV48_250ng_FAIMS_002 P1_SNFDLAEDAKLQLSK P2_KDWDPK 10 1,DIA12_CV48:20251228_A2_N1_Mueller_MS_TechHub_IMP_THIDDIAXL003_Cas9_PhoX_DIA12_CV48_250ng_FAIMS_002,695236,,,Q99ZW2,,,false,Q99ZW2,Q99ZW2,,false,KDWDPK,SNFDLAEDAKLQLSK,1124,254,1,10,1124,263,,-1,3,0,1.007276,4.556713
Scan: 689665 Run: DIA12_CV48:20251228_A2_N1_Mueller_MS_TechHub_IMP_THIDDIAXL003_Cas9_PhoX_DIA12_CV48_250ng_FAIMS_002 P1_NSDKLIAR P2_ENQTTQKGQK 4 7,DIA12_CV48:20251228_A2_N1_Mueller_MS_TechHub_IMP_THIDDIAXL003_Cas9_PhoX_DIA12_CV48_250ng_FAIMS_002,689665,,,Q99ZW2,,,false,Q99ZW2,Q99ZW2,,false,ENQTTQKGQK,NSDKLIAR,766,1115,7,4,772,1118,,-1,3,0,1.007276,4.555468
Scan: 68314 Run: DIA12_CV48:20251228_A2_N1_Mueller_MS_TechHub_IMP_THIDDIAXL003_Cas9_PhoX_DIA12_CV48_250ng_FAIMS_001 P1_KTEVQTGGFSKESILPK P2_DLIIKLPK 11 5,DIA12_CV48:20251228_A2_N1_Mueller_MS_TechHub_IMP_THIDDIAXL003_Cas9_PhoX_DIA12_CV48_250ng_FAIMS_001,68314,,,Q99ZW2,,,false,Q99ZW2,Q99ZW2,,false,DLIIKLPK,KTEVQTGGFSKESILPK,1193,1097,5,11,1197,1107,,-1,3,0,1.007276,4.555006
Scan: 409983 Run: DIA12_CV48:20251228_A2_N1_Mueller_MS_TechHub_IMP_THIDDIAXL003_Cas9_PhoX_DIA12_CV48_250ng_FAIMS_001 P1_NSDKLIAR P2_KVTVK 4 1,DIA12_CV48:20251228_A2_N1_Mueller_MS_TechHub_IMP_THIDDIAXL003_Cas9_PhoX_DIA12_CV48_250ng_FAIMS_001,409983,,,Q99ZW2,,,false,Q99ZW2,Q99ZW2,,false,KVTVK,NSDKLIAR,558,1115,1,4,558,1118,,-1,3,0,1.007276,4.554927
Scan: 1688720 Run: DIA12_CV48:20251228_A2_N1_Mueller_MS_TechHub_IMP_THIDDIAXL003_Cas9_PhoX_DIA12_CV48_250ng_FAIMS_003 P1_KLINGIR P2_GILQTVKVVDELVK 1 7,DIA12_CV48:20251228_A2_N1_Mueller_MS_TechHub_IMP_THIDDIAXL003_Cas9_PhoX_DIA12_CV48_250ng_FAIMS_003,1688720,,,Q99ZW2,,,false,Q99ZW2,Q99ZW2,,false,GILQTVKVVDELVK,KLINGIR,736,665,7,1,742,665,,-1,3,0,1.007276,4.5547
Scan: 298135 Run: DIA12_CV48:20251228_A2_N1_Mueller_MS_TechHub_IMP_THIDDIAXL003_Cas9_PhoX_DIA12_CV48_250ng_FAIMS_001 P1_KNLIGALLFDSGETAEATR P2_KAIVDLLFK 1 1,DIA12_CV48:20251228_A2_N1_Mueller_MS_TechHub_IMP_THIDDIAXL003_Cas9_PhoX_DIA12_CV48_250ng_FAIMS_001,298135,,,Q99ZW2,,,false,Q99ZW2,Q99ZW2,,false,KAIVDLLFK,KNLIGALLFDSGETAEATR,546,45,1,1,546,45,,-1,4,0,1.007276,4.554559
Scan: 1007505 Run: DIA12_CV48:20251228_A2_N1_Mueller_MS_TechHub_IMP_THIDDIAXL003_Cas9_PhoX_DIA12_CV48_250ng_FAIMS_002 P1_KVTVK P2_KVTVK 1 1,DIA12_CV48:20251228_A2_N1_Mueller_MS_TechHub_IMP_THIDDIAXL003_Cas9_PhoX_DIA12_CV48_250ng_FAIMS_002,1007505,,,Q99ZW2,,,false,Q99ZW2,Q99ZW2,,false,KVTVK,KVTVK,558,558,1,1,558,558,,-1,2,0,1.007276,4.553926
Scan: 898219 Run: DIA12_CV48:20251228_A2_N1_Mueller_MS_TechHub_IMP_THIDDIAXL003_Cas9_PhoX_DIA12_CV48_250ng_FAIMS_002 P1_KSEETITPWNFEEVVDK P2_KKDWDPK 1 1,DIA12_CV48:20251228_A2_N1_Mueller_MS_TechHub_IMP_THIDDIAXL003_Cas9_PhoX_DIA12_CV48_250ng_FAIMS_002,898219,,,Q99ZW2,,,false,Q99ZW2,Q99ZW2,,false,KKDWDPK,KSEETITPWNFEEVVDK,1123,468,1,1,1123,468,,-1,3,0,1.007276,4.553085
Scan: 525793 Run: DIA12_CV48:20251228_A2_N1_Mueller_MS_TechHub_IMP_THIDDIAXL003_Cas9_PhoX_DIA12_CV48_250ng_FAIMS_001 P1_GKSDNVPSEEVVKK P2_ELGSQILKEHPVENTQLQNEK 2 8,DIA12_CV48:20251228_A2_N1_Mueller_MS_TechHub_IMP_THIDDIAXL003_Cas9_PhoX_DIA12_CV48_250ng_FAIMS_001,525793,,,Q99ZW2,,,false,Q99ZW2,Q99ZW2,,false,ELGSQILKEHPVENTQLQNEK,GKSDNVPSEEVVKK,790,865,8,2,797,866,,-1,5,0,1.007276,4.550248
Scan: 1277541 Run: DIA12_CV48:20251228_A2_N1_Mueller_MS_TechHub_IMP_THIDDIAXL003_Cas9_PhoX_DIA12_CV48_250ng_FAIMS_003 P1_NSDKLIAR P2_KKDWDPKK 4 2,DIA12_CV48:20251228_A2_N1_Mueller_MS_TechHub_IMP_THIDDIAXL003_Cas9_PhoX_DIA12_CV48_250ng_FAIMS_003,1277541,,,Q99ZW2,,,false,Q99ZW2,Q99ZW2,,false,KKDWDPKK,NSDKLIAR,1123,1115,2,4,1124,1118,,-1,3,0,1.007276,4.549855
Scan: 903687 Run: DIA12_CV48:20251228_A2_N1_Mueller_MS_TechHub_IMP_THIDDIAXL003_Cas9_PhoX_DIA12_CV48_250ng_FAIMS_002 P1_KSEETITPWNFEEVVDK P2_EKIEKILTFR 1 5,DIA12_CV48:20251228_A2_N1_Mueller_MS_TechHub_IMP_THIDDIAXL003_Cas9_PhoX_DIA12_CV48_250ng_FAIMS_002,903687,,,Q99ZW2,,,false,Q99ZW2,Q99ZW2,,false,EKIEKILTFR,KSEETITPWNFEEVVDK,438,468,5,1,442,468,,-1,4,0,1.007276,4.54929
Scan: 1286889 Run: DIA12_CV48:20251228_A2_N1_Mueller_MS_TechHub_IMP_THIDDIAXL003_Cas9_PhoX_DIA12_CV48_250ng_FAIMS_003 P1_NSDKLIAR P2_GQKNSR 4 3,DIA12_CV48:20251228_A2_N1_Mueller_MS_TechHub_IMP_THIDDIAXL003_Cas9_PhoX_DIA12_CV48_250ng_FAIMS_003,1286889,,,Q99ZW2,,,false,Q99ZW2,Q99ZW2,,false,GQKNSR,NSDKLIAR,773,1115,3,4,775,1118,,-1,3,0,1.007276,4.549282
Scan: 1042405 Run: DIA12_CV48:20251228_A2_N1_Mueller_MS_TechHub_IMP_THIDDIAXL003_Cas9_PhoX_DIA12_CV48_250ng_FAIMS_002 P1_TILDFLKSDGFANR P2_SEETITPWNFEEVVDKGASAQSFIER 7 16,DIA12_CV48:20251228_A2_N1_Mueller_MS_TechHub_IMP_THIDDIAXL003_Cas9_PhoX_DIA12_CV48_250ng_FAIMS_002,1042405,,,Q99ZW2,,,false,Q99ZW2,Q99ZW2,,false,SEETITPWNFEEVVDKGASAQSFIER,TILDFLKSDGFANR,469,678,16,7,484,684,,-1,4,0,1.007276,4.548894
Scan: 1575576 Run: DIA12_CV48:20251228_A2_N1_Mueller_MS_TechHub_IMP_THIDDIAXL003_Cas9_PhoX_DIA12_CV48_250ng_FAIMS_003 P1_KPAFLSGEQK P2_KFKVLGNTDR 1 3,DIA12_CV48:20251228_A2_N1_Mueller_MS_TechHub_IMP_THIDDIAXL003_Cas9_PhoX_DIA12_CV48_250ng_FAIMS_003,1575576,,,Q99ZW2,,,false,Q99ZW2,Q99ZW2,,false,KFKVLGNTDR,KPAFLSGEQK,31,536,3,1,33,536,,-1,3,0,1.007276,4.548395
Scan: 261448 Run: DIA12_CV48:20251228_A2_N1_Mueller_MS_TechHub_IMP_THIDDIAXL003_Cas9_PhoX_DIA12_CV48_250ng_FAIMS_001 P1_YKEIFFDQSK P2_YDENDKLIR 2 6,DIA12_CV48:20251228_A2_N1_Mueller_MS_TechHub_IMP_THIDDIAXL003_Cas9_PhoX_DIA12_CV48_250ng_FAIMS_001,261448,,,Q99ZW2,,,false,Q99ZW2,Q99ZW2,,false,YDENDKLIR,YKEIFFDQSK,943,347,6,2,948,348,,-1,3,0,1.007276,4.547952
Scan: 1277765 Run: DIA12_CV48:20251228_A2_N1_Mueller_MS_TechHub_IMP_THIDDIAXL003_Cas9_PhoX_DIA12_CV48_250ng_FAIMS_003 P1_RNSDKLIAR P2_KDWDPKK 5 1,DIA12_CV48:20251228_A2_N1_Mueller_MS_TechHub_IMP_THIDDIAXL003_Cas9_PhoX_DIA12_CV48_250ng_FAIMS_003,1277765,,,Q99ZW2,,,false,Q99ZW2,Q99ZW2,,false,KDWDPKK,RNSDKLIAR,1124,1114,1,5,1124,1118,,-1,4,0,1.007276,4.546513
Scan: 693289 Run: DIA12_CV48:20251228_A2_N1_Mueller_MS_TechHub_IMP_THIDDIAXL003_Cas9_PhoX_DIA12_CV48_250ng_FAIMS_002 P1_KKDWDPK P2_GILQTVKVVDELVK 1 7,DIA12_CV48:20251228_A2_N1_Mueller_MS_TechHub_IMP_THIDDIAXL003_Cas9_PhoX_DIA12_CV48_250ng_FAIMS_002,693289,,,Q99ZW2,,,false,Q99ZW2,Q99ZW2,,false,GILQTVKVVDELVK,KKDWDPK,736,1123,7,1,742,1123,,-1,3,0,1.007276,4.545833
Scan: 544581 Run: DIA12_CV48:20251228_A2_N1_Mueller_MS_TechHub_IMP_THIDDIAXL003_Cas9_PhoX_DIA12_CV48_250ng_FAIMS_001 P1_KKDWDPK P2_GKSDNVPSEEVVK 1 2,DIA12_CV48:20251228_A2_N1_Mueller_MS_TechHub_IMP_THIDDIAXL003_Cas9_PhoX_DIA12_CV48_250ng_FAIMS_001,544581,,,Q99ZW2,,,false,Q99ZW2,Q99ZW2,,false,GKSDNVPSEEVVK,KKDWDPK,865,1123,2,1,866,1123,,-1,3,0,1.007276,4.545193
Scan: 572128 Run: DIA12_CV48:20251228_A2_N1_Mueller_MS_TechHub_IMP_THIDDIAXL003_Cas9_PhoX_DIA12_CV48_250ng_FAIMS_001 P1_SEETITPWNFEEVVDKGASAQSFIER P2_QITKHVAQILDSR 16 4,DIA12_CV48:20251228_A2_N1_Mueller_MS_TechHub_IMP_THIDDIAXL003_Cas9_PhoX_DIA12_CV48_250ng_FAIMS_001,572128,,,Q99ZW2,,,false,Q99ZW2,Q99ZW2,,false,QITKHVAQILDSR,SEETITPWNFEEVVDKGASAQSFIER,926,469,4,16,929,484,,-1,4,0,1.007276,4.545173
Scan: 898719 Run: DIA12_CV48:20251228_A2_N1_Mueller_MS_TechHub_IMP_THIDDIAXL003_Cas9_PhoX_DIA12_CV48_250ng_FAIMS_002 P1_SSFEKNPIDFLEAK P2_KSEETITPWNFEEVVDKGASAQSFIER 5 1,DIA12_CV48:20251228_A2_N1_Mueller_MS_TechHub_IMP_THIDDIAXL003_Cas9_PhoX_DIA12_CV48_250ng_FAIMS_002,898719,,,Q99ZW2,,,false,Q99ZW2,Q99ZW2,,false,KSEETITPWNFEEVVDKGASAQSFIER,SSFEKNPIDFLEAK,468,1172,1,5,468,1176,,-1,5,0,1.007276,4.539246
Scan: 1622253 Run: DIA12_CV48:20251228_A2_N1_Mueller_MS_TechHub_IMP_THIDDIAXL003_Cas9_PhoX_DIA12_CV48_250ng_FAIMS_003 P1_KLINGIR P2_KDWDPKK 1 1,DIA12_CV48:20251228_A2_N1_Mueller_MS_TechHub_IMP_THIDDIAXL003_Cas9_PhoX_DIA12_CV48_250ng_FAIMS_003,1622253,,,Q99ZW2,,,false,Q99ZW2,Q99ZW2,,false,KDWDPKK,KLINGIR,1124,665,1,1,1124,665,,-1,3,0,1.007276,4.539135
Scan: 760986 Run: DIA12_CV48:20251228_A2_N1_Mueller_MS_TechHub_IMP_THIDDIAXL003_Cas9_PhoX_DIA12_CV48_250ng_FAIMS_002 P1_LKGSPEDNEQK P2_GNQLYYLYLKENQLQTNEVPHER 2 10,DIA12_CV48:20251228_A2_N1_Mueller_MS_TechHub_IMP_THIDDIAXL003_Cas9_PhoX_DIA12_CV48_250ng_FAIMS_002,760986,,,decoy:Q99ZW2,decoy,decoy,true,Q99ZW2,Q99ZW2,,false,GNQLYYLYLKENQLQTNEVPHER,LKGSPEDNEQK,798,1245,10,2,807,1246,,-1,5,0,1.007276,4.538949
Scan: 1624356 Run: DIA12_CV48:20251228_A2_N1_Mueller_MS_TechHub_IMP_THIDDIAXL003_Cas9_PhoX_DIA12_CV48_250ng_FAIMS_003 P1_VTVKQLK P2_KLINGIR 4 1,DIA12_CV48:20251228_A2_N1_Mueller_MS_TechHub_IMP_THIDDIAXL003_Cas9_PhoX_DIA12_CV48_250ng_FAIMS_003,1624356,,,Q99ZW2,,,false,Q99ZW2,Q99ZW2,,false,KLINGIR,VTVKQLK,665,559,1,4,665,562,,-1,3,0,1.007276,4.538763
Scan: 1110306 Run: DIA12_CV48:20251228_A2_N1_Mueller_MS_TechHub_IMP_THIDDIAXL003_Cas9_PhoX_DIA12_CV48_250ng_FAIMS_002 P1_QLLNAKLITQR P2_GQKNSR 6 3,DIA12_CV48:20251228_A2_N1_Mueller_MS_TechHub_IMP_THIDDIAXL003_Cas9_PhoX_DIA12_CV48_250ng_FAIMS_002,1110306,,,Q99ZW2,,,false,Q99ZW2,Q99ZW2,,false,GQKNSR,QLLNAKLITQR,773,885,3,6,775,890,,-1,4,0,1.007276,4.537604
Scan: 1366163 Run: DIA12_CV48:20251228_A2_N1_Mueller_MS_TechHub_IMP_THIDDIAXL003_Cas9_PhoX_DIA12_CV48_250ng_FAIMS_003 P1_YVNFLYLASHYEKLK P2_GSPEDNEQKQLFVEQHK 13 9,DIA12_CV48:20251228_A2_N1_Mueller_MS_TechHub_IMP_THIDDIAXL003_Cas9_PhoX_DIA12_CV48_250ng_FAIMS_003,1366163,,,Q99ZW2,,,false,Q99ZW2,Q99ZW2,,false,GSPEDNEQKQLFVEQHK,YVNFLYLASHYEKLK,1247,1232,9,13,1255,1244,,-1,5,0,1.007276,4.535588
Scan: 227436 Run: DIA12_CV48:20251228_A2_N1_Mueller_MS_TechHub_IMP_THIDDIAXL003_Cas9_PhoX_DIA12_CV48_250ng_FAIMS_001 P1_SNFDLAEDAKLQLSK P2_FIKPILEK 10 3,DIA12_CV48:20251228_A2_N1_Mueller_MS_TechHub_IMP_THIDDIAXL003_Cas9_PhoX_DIA12_CV48_250ng_FAIMS_001,227436,,,Q99ZW2,,,false,Q99ZW2,Q99ZW2,,false,FIKPILEK,SNFDLAEDAKLQLSK,375,254,3,10,377,263,,-1,3,0,1.007276,4.535237
Scan: 1107996 Run: DIA12_CV48:20251228_A2_N1_Mueller_MS_TechHub_IMP_THIDDIAXL003_Cas9_PhoX_DIA12_CV48_250ng_FAIMS_002 P1_SNKQGR P2_NSDKLIAR 3 4,DIA12_CV48:20251228_A2_N1_Mueller_MS_TechHub_IMP_THIDDIAXL003_Cas9_PhoX_DIA12_CV48_250ng_FAIMS_002,1107996,,,Q99ZW2,,,false,decoy:Q99ZW2,decoy,decoy,true,NSDKLIAR,SNKQGR,1115,773,4,3,1118,775,,-1,4,0,1.007276,4.534682
Scan: 1384265 Run: DIA12_CV48:20251228_A2_N1_Mueller_MS_TechHub_IMP_THIDDIAXL003_Cas9_PhoX_DIA12_CV48_250ng_FAIMS_003 P1_YKEIFFDQSK P2_HPIFGNIVDEVAYHEKYPTIYHLR 2 16,DIA12_CV48:20251228_A2_N1_Mueller_MS_TechHub_IMP_THIDDIAXL003_Cas9_PhoX_DIA12_CV48_250ng_FAIMS_003,1384265,,,Q99ZW2,,,false,Q99ZW2,Q99ZW2,,false,HPIFGNIVDEVAYHEKYPTIYHLR,YKEIFFDQSK,116,347,16,2,131,348,,-1,5,0,1.007276,4.53366
Scan: 1157047 Run: DIA12_CV48:20251228_A2_N1_Mueller_MS_TechHub_IMP_THIDDIAXL003_Cas9_PhoX_DIA12_CV48_250ng_FAIMS_002 P1_QLLNAKLITQR P2_GQKNSR 6 3,DIA12_CV48:20251228_A2_N1_Mueller_MS_TechHub_IMP_THIDDIAXL003_Cas9_PhoX_DIA12_CV48_250ng_FAIMS_002,1157047,,,Q99ZW2,,,false,Q99ZW2,Q99ZW2,,false,GQKNSR,QLLNAKLITQR,773,885,3,6,775,890,,-1,3,0,1.007276,4.532806
Scan: 546285 Run: DIA12_CV48:20251228_A2_N1_Mueller_MS_TechHub_IMP_THIDDIAXL003_Cas9_PhoX_DIA12_CV48_250ng_FAIMS_001 P1_KPAFLSGEQK P2_GKSDNVPSEEVVKK 1 2,DIA12_CV48:20251228_A2_N1_Mueller_MS_TechHub_IMP_THIDDIAXL003_Cas9_PhoX_DIA12_CV48_250ng_FAIMS_001,546285,,,Q99ZW2,,,false,Q99ZW2,Q99ZW2,,false,GKSDNVPSEEVVKK,KPAFLSGEQK,865,536,2,1,866,536,,-1,4,0,1.007276,4.532735
Scan: 230317 Run: DIA12_CV48:20251228_A2_N1_Mueller_MS_TechHub_IMP_THIDDIAXL003_Cas9_PhoX_DIA12_CV48_250ng_FAIMS_001 P1_VNTEITKAPLSASMIK P2_KDLIIK 7 1,DIA12_CV48:20251228_A2_N1_Mueller_MS_TechHub_IMP_THIDDIAXL003_Cas9_PhoX_DIA12_CV48_250ng_FAIMS_001,230317,,,Q99ZW2,,,false,Q99ZW2,Q99ZW2,,false,KDLIIK,VNTEITKAPLSASMIK,1192,308,1,7,1192,314,,-1,3,0,1.007276,4.532536
Scan: 970616 Run: DIA12_CV48:20251228_A2_N1_Mueller_MS_TechHub_IMP_THIDDIAXL003_Cas9_PhoX_DIA12_CV48_250ng_FAIMS_002 P1_VKYVTEGMR P2_KDLIIK 2 1,DIA12_CV48:20251228_A2_N1_Mueller_MS_TechHub_IMP_THIDDIAXL003_Cas9_PhoX_DIA12_CV48_250ng_FAIMS_002,970616,,,Q99ZW2,,,false,Q99ZW2,Q99ZW2,,false,KDLIIK,VKYVTEGMR,1192,527,1,2,1192,528,,-1,3,0,1.007276,4.531458
Scan: 844136 Run: DIA12_CV48:20251228_A2_N1_Mueller_MS_TechHub_IMP_THIDDIAXL003_Cas9_PhoX_DIA12_CV48_250ng_FAIMS_002 P1_YDEHHQDLTLLKALVR P2_LEESFLVEEDKKHER 12 11,DIA12_CV48:20251228_A2_N1_Mueller_MS_TechHub_IMP_THIDDIAXL003_Cas9_PhoX_DIA12_CV48_250ng_FAIMS_002,844136,,,Q99ZW2,,,false,Q99ZW2,Q99ZW2,,false,LEESFLVEEDKKHER,YDEHHQDLTLLKALVR,101,325,11,12,111,336,,-1,6,0,1.007276,4.531228
Scan: 842832 Run: DIA12_CV48:20251228_A2_N1_Mueller_MS_TechHub_IMP_THIDDIAXL003_Cas9_PhoX_DIA12_CV48_250ng_FAIMS_002 P1_FKVLGNTDR P2_EVKVITLK 2 3,DIA12_CV48:20251228_A2_N1_Mueller_MS_TechHub_IMP_THIDDIAXL003_Cas9_PhoX_DIA12_CV48_250ng_FAIMS_002,842832,,,Q99ZW2,,,false,Q99ZW2,Q99ZW2,,false,EVKVITLK,FKVLGNTDR,952,32,3,2,954,33,,-1,3,0,1.007276,4.530823
Scan: 790929 Run: DIA12_CV48:20251228_A2_N1_Mueller_MS_TechHub_IMP_THIDDIAXL003_Cas9_PhoX_DIA12_CV48_250ng_FAIMS_002 P1_ESILPKR P2_EQAENIIHLFTLTNLGAPAAFKYFDTTIDR 6 22,DIA12_CV48:20251228_A2_N1_Mueller_MS_TechHub_IMP_THIDDIAXL003_Cas9_PhoX_DIA12_CV48_250ng_FAIMS_002,790929,,,Q99ZW2,,,false,Q99ZW2,Q99ZW2,,false,EQAENIIHLFTLTNLGAPAAFKYFDTTIDR,ESILPKR,1304,1108,22,6,1325,1113,,-1,5,0,1.007276,4.530517
Scan: 1571956 Run: DIA12_CV48:20251228_A2_N1_Mueller_MS_TechHub_IMP_THIDDIAXL003_Cas9_PhoX_DIA12_CV48_250ng_FAIMS_003 P1_RNSDKLIAR P2_KPAFLSGEQK 5 1,DIA12_CV48:20251228_A2_N1_Mueller_MS_TechHub_IMP_THIDDIAXL003_Cas9_PhoX_DIA12_CV48_250ng_FAIMS_003,1571956,,,Q99ZW2,,,false,Q99ZW2,Q99ZW2,,false,KPAFLSGEQK,RNSDKLIAR,536,1114,1,5,536,1118,,-1,4,0,1.007276,4.529961
Scan: 1289451 Run: DIA12_CV48:20251228_A2_N1_Mueller_MS_TechHub_IMP_THIDDIAXL003_Cas9_PhoX_DIA12_CV48_250ng_FAIMS_003 P1_SSFEKNPIDFLEAK P2_KKDWDPKK 5 1,DIA12_CV48:20251228_A2_N1_Mueller_MS_TechHub_IMP_THIDDIAXL003_Cas9_PhoX_DIA12_CV48_250ng_FAIMS_003,1289451,,,Q99ZW2,,,false,Q99ZW2,Q99ZW2,,false,KKDWDPKK,SSFEKNPIDFLEAK,1123,1172,1,5,1123,1176,,-1,4,0,1.007276,4.529358
Scan: 537190 Run: DIA12_CV48:20251228_A2_N1_Mueller_MS_TechHub_IMP_THIDDIAXL003_Cas9_PhoX_DIA12_CV48_250ng_FAIMS_001 P1_QITKHVAQILDSR P2_EHPVENTQLQNEKLYLYYLQNGR 4 13,DIA12_CV48:20251228_A2_N1_Mueller_MS_TechHub_IMP_THIDDIAXL003_Cas9_PhoX_DIA12_CV48_250ng_FAIMS_001,537190,,,Q99ZW2,,,false,Q99ZW2,Q99ZW2,,false,EHPVENTQLQNEKLYLYYLQNGR,QITKHVAQILDSR,798,926,13,4,810,929,,-1,5,0,1.007276,4.525702
Scan: 410589 Run: DIA12_CV48:20251228_A2_N1_Mueller_MS_TechHub_IMP_THIDDIAXL003_Cas9_PhoX_DIA12_CV48_250ng_FAIMS_001 P1_KVTVK P2_GQKNSR 1 3,DIA12_CV48:20251228_A2_N1_Mueller_MS_TechHub_IMP_THIDDIAXL003_Cas9_PhoX_DIA12_CV48_250ng_FAIMS_001,410589,,,Q99ZW2,,,false,Q99ZW2,Q99ZW2,,false,GQKNSR,KVTVK,773,558,3,1,775,558,,-1,3,0,1.007276,4.522268
Scan: 1598045 Run: DIA12_CV48:20251228_A2_N1_Mueller_MS_TechHub_IMP_THIDDIAXL003_Cas9_PhoX_DIA12_CV48_250ng_FAIMS_003 P1_NSDKLIAR P2_KAIVDLLFK 4 1,DIA12_CV48:20251228_A2_N1_Mueller_MS_TechHub_IMP_THIDDIAXL003_Cas9_PhoX_DIA12_CV48_250ng_FAIMS_003,1598045,,,Q99ZW2,,,false,Q99ZW2,Q99ZW2,,false,KAIVDLLFK,NSDKLIAR,546,1115,1,4,546,1118,,-1,3,0,1.007276,4.521175
Scan: 1305706 Run: DIA12_CV48:20251228_A2_N1_Mueller_MS_TechHub_IMP_THIDDIAXL003_Cas9_PhoX_DIA12_CV48_250ng_FAIMS_003 P1_SSFEKNPIDFLEAK P2_ESILPKR 5 6,DIA12_CV48:20251228_A2_N1_Mueller_MS_TechHub_IMP_THIDDIAXL003_Cas9_PhoX_DIA12_CV48_250ng_FAIMS_003,1305706,,,Q99ZW2,,,false,Q99ZW2,Q99ZW2,,false,ESILPKR,SSFEKNPIDFLEAK,1108,1172,6,5,1113,1176,,-1,3,0,1.007276,4.519552
Scan: 973598 Run: DIA12_CV48:20251228_A2_N1_Mueller_MS_TechHub_IMP_THIDDIAXL003_Cas9_PhoX_DIA12_CV48_250ng_FAIMS_002 P1_KPAFLSGEQK P2_KMIAK 1 1,DIA12_CV48:20251228_A2_N1_Mueller_MS_TechHub_IMP_THIDDIAXL003_Cas9_PhoX_DIA12_CV48_250ng_FAIMS_002,973598,,,Q99ZW2,,,false,Q99ZW2,Q99ZW2,,false,KMIAK,KPAFLSGEQK,1020,536,1,1,1020,536,,-1,3,0,1.007276,4.518995
Scan: 1230588 Run: DIA12_CV48:20251228_A2_N1_Mueller_MS_TechHub_IMP_THIDDIAXL003_Cas9_PhoX_DIA12_CV48_250ng_FAIMS_003 P1_KTEVQTGGFSK P2_KKDWDPK 1 1,DIA12_CV48:20251228_A2_N1_Mueller_MS_TechHub_IMP_THIDDIAXL003_Cas9_PhoX_DIA12_CV48_250ng_FAIMS_003,1230588,,,Q99ZW2,,,false,Q99ZW2,Q99ZW2,,false,KKDWDPK,KTEVQTGGFSK,1123,1097,1,1,1123,1097,,-1,3,0,1.007276,4.517653
Scan: 1450899 Run: DIA12_CV48:20251228_A2_N1_Mueller_MS_TechHub_IMP_THIDDIAXL003_Cas9_PhoX_DIA12_CV48_250ng_FAIMS_003 P1_YKEIFFDQSK P2_APLSASMIKR 2 9,DIA12_CV48:20251228_A2_N1_Mueller_MS_TechHub_IMP_THIDDIAXL003_Cas9_PhoX_DIA12_CV48_250ng_FAIMS_003,1450899,,,Q99ZW2,,,false,Q99ZW2,Q99ZW2,,false,APLSASMIKR,YKEIFFDQSK,315,347,9,2,323,348,,-1,3,0,1.007276,4.517266
Scan: 588490 Run: DIA12_CV48:20251228_A2_N1_Mueller_MS_TechHub_IMP_THIDDIAXL003_Cas9_PhoX_DIA12_CV48_250ng_FAIMS_001 P1_SKLVSDFR P2_KPAFLSGEQK 2 1,DIA12_CV48:20251228_A2_N1_Mueller_MS_TechHub_IMP_THIDDIAXL003_Cas9_PhoX_DIA12_CV48_250ng_FAIMS_001,588490,,,Q99ZW2,,,false,Q99ZW2,Q99ZW2,,false,KPAFLSGEQK,SKLVSDFR,536,960,1,2,536,961,,-1,3,0,1.007276,4.517229
Scan: 290168 Run: DIA12_CV48:20251228_A2_N1_Mueller_MS_TechHub_IMP_THIDDIAXL003_Cas9_PhoX_DIA12_CV48_250ng_FAIMS_001 P1_FKVLGNTDR P2_EKIEKILTFR 2 2,DIA12_CV48:20251228_A2_N1_Mueller_MS_TechHub_IMP_THIDDIAXL003_Cas9_PhoX_DIA12_CV48_250ng_FAIMS_001,290168,,,Q99ZW2,,,false,Q99ZW2,Q99ZW2,,false,EKIEKILTFR,FKVLGNTDR,438,32,2,2,439,33,,-1,3,0,1.007276,4.517196
Scan: 309621 Run: DIA12_CV48:20251228_A2_N1_Mueller_MS_TechHub_IMP_THIDDIAXL003_Cas9_PhoX_DIA12_CV48_250ng_FAIMS_001 P1_KSEETITPWNFEEVVDK P2_KAIVDLLFK 1 1,DIA12_CV48:20251228_A2_N1_Mueller_MS_TechHub_IMP_THIDDIAXL003_Cas9_PhoX_DIA12_CV48_250ng_FAIMS_001,309621,,,Q99ZW2,,,false,Q99ZW2,Q99ZW2,,false,KAIVDLLFK,KSEETITPWNFEEVVDK,546,468,1,1,546,468,,-1,4,0,1.007276,4.515524
Scan: 1625664 Run: DIA12_CV48:20251228_A2_N1_Mueller_MS_TechHub_IMP_THIDDIAXL003_Cas9_PhoX_DIA12_CV48_250ng_FAIMS_003 P1_KLINGIR P2_EDIQKAQVSGQGDSLHEHIANLAGSPAIKK 1 29,DIA12_CV48:20251228_A2_N1_Mueller_MS_TechHub_IMP_THIDDIAXL003_Cas9_PhoX_DIA12_CV48_250ng_FAIMS_003,1625664,,,Q99ZW2,,,false,Q99ZW2,Q99ZW2,,false,EDIQKAQVSGQGDSLHEHIANLAGSPAIKK,KLINGIR,706,665,29,1,734,665,,-1,4,0,1.007276,4.513828
Scan: 1108916 Run: DIA12_CV48:20251228_A2_N1_Mueller_MS_TechHub_IMP_THIDDIAXL003_Cas9_PhoX_DIA12_CV48_250ng_FAIMS_002 P1_GQKNSR P2_FKVLGNTDR 3 2,DIA12_CV48:20251228_A2_N1_Mueller_MS_TechHub_IMP_THIDDIAXL003_Cas9_PhoX_DIA12_CV48_250ng_FAIMS_002,1108916,,,Q99ZW2,,,false,Q99ZW2,Q99ZW2,,false,FKVLGNTDR,GQKNSR,32,773,2,3,33,775,,-1,3,0,1.007276,4.513014
Scan: 871663 Run: DIA12_CV48:20251228_A2_N1_Mueller_MS_TechHub_IMP_THIDDIAXL003_Cas9_PhoX_DIA12_CV48_250ng_FAIMS_002 P1_NSDKLIAR P2_NGYAGYIDGGASQEEFYKFIKPILEK 4 18,DIA12_CV48:20251228_A2_N1_Mueller_MS_TechHub_IMP_THIDDIAXL003_Cas9_PhoX_DIA12_CV48_250ng_FAIMS_002,871663,,,Q99ZW2,,,false,Q99ZW2,Q99ZW2,,false,NGYAGYIDGGASQEEFYKFIKPILEK,NSDKLIAR,357,1115,18,4,374,1118,,-1,4,0,1.007276,4.512658
Scan: 386456 Run: DIA12_CV48:20251228_A2_N1_Mueller_MS_TechHub_IMP_THIDDIAXL003_Cas9_PhoX_DIA12_CV48_250ng_FAIMS_001 P1_KPAFLSGEQK P2_FNASLGTYHDLLKIIK 1 13,DIA12_CV48:20251228_A2_N1_Mueller_MS_TechHub_IMP_THIDDIAXL003_Cas9_PhoX_DIA12_CV48_250ng_FAIMS_001,386456,,,Q99ZW2,,,false,Q99ZW2,Q99ZW2,,false,FNASLGTYHDLLKIIK,KPAFLSGEQK,587,536,13,1,599,536,,-1,4,0,1.007276,4.510966
Scan: 1133761 Run: DIA12_CV48:20251228_A2_N1_Mueller_MS_TechHub_IMP_THIDDIAXL003_Cas9_PhoX_DIA12_CV48_250ng_FAIMS_002 P1_KGILQTVK P2_EHPVENTQLQNEKLYLYYLQNGR 1 13,DIA12_CV48:20251228_A2_N1_Mueller_MS_TechHub_IMP_THIDDIAXL003_Cas9_PhoX_DIA12_CV48_250ng_FAIMS_002,1133761,,,Q99ZW2,,,false,Q99ZW2,Q99ZW2,,false,EHPVENTQLQNEKLYLYYLQNGR,KGILQTVK,798,735,13,1,810,735,,-1,4,0,1.007276,4.510897
Scan: 544324 Run: DIA12_CV48:20251228_A2_N1_Mueller_MS_TechHub_IMP_THIDDIAXL003_Cas9_PhoX_DIA12_CV48_250ng_FAIMS_001 P1_KPLISER P2_GKSDNVPSEEVVK 1 2,DIA12_CV48:20251228_A2_N1_Mueller_MS_TechHub_IMP_THIDDIAXL003_Cas9_PhoX_DIA12_CV48_250ng_FAIMS_001,544324,,,Q99ZW2,,,false,decoy:Q99ZW2,decoy,decoy,true,GKSDNVPSEEVVK,KPLISER,865,1108,2,1,866,1108,,-1,3,0,1.007276,4.510636
Scan: 1153402 Run: DIA12_CV48:20251228_A2_N1_Mueller_MS_TechHub_IMP_THIDDIAXL003_Cas9_PhoX_DIA12_CV48_250ng_FAIMS_002 P1_SDKNR P2_MKNYWR 3 2,DIA12_CV48:20251228_A2_N1_Mueller_MS_TechHub_IMP_THIDDIAXL003_Cas9_PhoX_DIA12_CV48_250ng_FAIMS_002,1153402,,,Q99ZW2,,,false,Q99ZW2,Q99ZW2,,false,MKNYWR,SDKNR,879,860,2,3,880,862,,-1,3,0,1.007276,4.510513
Scan: 1631799 Run: DIA12_CV48:20251228_A2_N1_Mueller_MS_TechHub_IMP_THIDDIAXL003_Cas9_PhoX_DIA12_CV48_250ng_FAIMS_003 P1_MNTKYDENDK P2_DKQSGK 4 2,DIA12_CV48:20251228_A2_N1_Mueller_MS_TechHub_IMP_THIDDIAXL003_Cas9_PhoX_DIA12_CV48_250ng_FAIMS_003,1631799,,,Q99ZW2,,,false,Q99ZW2,Q99ZW2,,false,DKQSGK,MNTKYDENDK,672,939,2,4,673,942,,-1,3,0,1.007276,4.508643
Scan: 651268 Run: DIA12_CV48:20251228_A2_N1_Mueller_MS_TechHub_IMP_THIDDIAXL003_Cas9_PhoX_DIA12_CV48_250ng_FAIMS_002 P1_PLISEKSFGGTQVETK P2_EDIQKAQVSGQGDSLHEHIANLAGSPAIK 6 5,DIA12_CV48:20251228_A2_N1_Mueller_MS_TechHub_IMP_THIDDIAXL003_Cas9_PhoX_DIA12_CV48_250ng_FAIMS_002,651268,,,Q99ZW2,,,false,decoy:Q99ZW2,decoy,decoy,true,EDIQKAQVSGQGDSLHEHIANLAGSPAIK,PLISEKSFGGTQVETK,706,1098,5,6,710,1103,,-1,6,0,1.007276,4.507914
Scan: 632873 Run: DIA12_CV48:20251228_A2_N1_Mueller_MS_TechHub_IMP_THIDDIAXL003_Cas9_PhoX_DIA12_CV48_250ng_FAIMS_002 P1_KTEVQTGGFSK P2_KTEVQTGGFSK 1 1,DIA12_CV48:20251228_A2_N1_Mueller_MS_TechHub_IMP_THIDDIAXL003_Cas9_PhoX_DIA12_CV48_250ng_FAIMS_002,632873,,,Q99ZW2,,,false,Q99ZW2,Q99ZW2,,false,KTEVQTGGFSK,KTEVQTGGFSK,1097,1097,1,1,1097,1097,,-1,3,0,1.007276,4.507624
Scan: 243959 Run: DIA12_CV48:20251228_A2_N1_Mueller_MS_TechHub_IMP_THIDDIAXL003_Cas9_PhoX_DIA12_CV48_250ng_FAIMS_001 P1_KPAFLSGEQKK P2_FKVLGNTDR 1 2,DIA12_CV48:20251228_A2_N1_Mueller_MS_TechHub_IMP_THIDDIAXL003_Cas9_PhoX_DIA12_CV48_250ng_FAIMS_001,243959,,,Q99ZW2,,,false,Q99ZW2,Q99ZW2,,false,FKVLGNTDR,KPAFLSGEQKK,32,536,2,1,33,536,,-1,4,0,1.007276,4.506594
Scan: 979913 Run: DIA12_CV48:20251228_A2_N1_Mueller_MS_TechHub_IMP_THIDDIAXL003_Cas9_PhoX_DIA12_CV48_250ng_FAIMS_002 P1_KSEETITPWNFEEVVDK P2_KPAFLSGEQK 1 1,DIA12_CV48:20251228_A2_N1_Mueller_MS_TechHub_IMP_THIDDIAXL003_Cas9_PhoX_DIA12_CV48_250ng_FAIMS_002,979913,,,Q99ZW2,,,false,Q99ZW2,Q99ZW2,,false,KPAFLSGEQK,KSEETITPWNFEEVVDK,536,468,1,1,536,468,,-1,3,0,1.007276,4.506368
Scan: 986662 Run: DIA12_CV48:20251228_A2_N1_Mueller_MS_TechHub_IMP_THIDDIAXL003_Cas9_PhoX_DIA12_CV48_250ng_FAIMS_002 P1_QITKHVAQILDSR P2_KPAFLSGEQK 4 1,DIA12_CV48:20251228_A2_N1_Mueller_MS_TechHub_IMP_THIDDIAXL003_Cas9_PhoX_DIA12_CV48_250ng_FAIMS_002,986662,,,Q99ZW2,,,false,Q99ZW2,Q99ZW2,,false,KPAFLSGEQK,QITKHVAQILDSR,536,926,1,4,536,929,,-1,4,0,1.007276,4.506001
Scan: 341347 Run: DIA12_CV48:20251228_A2_N1_Mueller_MS_TechHub_IMP_THIDDIAXL003_Cas9_PhoX_DIA12_CV48_250ng_FAIMS_001 P1_KSEETITPWNFEEVVDKGASAQSFIER P2_KDLIIK 17 1,DIA12_CV48:20251228_A2_N1_Mueller_MS_TechHub_IMP_THIDDIAXL003_Cas9_PhoX_DIA12_CV48_250ng_FAIMS_001,341347,,,Q99ZW2,,,false,Q99ZW2,Q99ZW2,,false,KDLIIK,KSEETITPWNFEEVVDKGASAQSFIER,1192,468,1,17,1192,484,,-1,4,0,1.007276,4.505318
Scan: 384384 Run: DIA12_CV48:20251228_A2_N1_Mueller_MS_TechHub_IMP_THIDDIAXL003_Cas9_PhoX_DIA12_CV48_250ng_FAIMS_001 P1_VKYVTEGMR P2_KPAFLSGEQKK 2 1,DIA12_CV48:20251228_A2_N1_Mueller_MS_TechHub_IMP_THIDDIAXL003_Cas9_PhoX_DIA12_CV48_250ng_FAIMS_001,384384,,,Q99ZW2,,,false,Q99ZW2,Q99ZW2,,false,KPAFLSGEQKK,VKYVTEGMR,536,527,1,2,536,528,,-1,5,0,1.007276,4.505298
Scan: 1028883 Run: DIA12_CV48:20251228_A2_N1_Mueller_MS_TechHub_IMP_THIDDIAXL003_Cas9_PhoX_DIA12_CV48_250ng_FAIMS_002 P1_MNTKYDENDKLIR P2_KLINGIR 4 1,DIA12_CV48:20251228_A2_N1_Mueller_MS_TechHub_IMP_THIDDIAXL003_Cas9_PhoX_DIA12_CV48_250ng_FAIMS_002,1028883,,,Q99ZW2,,,false,Q99ZW2,Q99ZW2,,false,KLINGIR,MNTKYDENDKLIR,665,939,1,4,665,942,,-1,4,0,1.007276,4.504271
Scan: 484391 Run: DIA12_CV48:20251228_A2_N1_Mueller_MS_TechHub_IMP_THIDDIAXL003_Cas9_PhoX_DIA12_CV48_250ng_FAIMS_001 P1_KGILQTVK P2_IEEGIKELGSQILK 1 6,DIA12_CV48:20251228_A2_N1_Mueller_MS_TechHub_IMP_THIDDIAXL003_Cas9_PhoX_DIA12_CV48_250ng_FAIMS_001,484391,,,Q99ZW2,,,false,Q99ZW2,Q99ZW2,,false,IEEGIKELGSQILK,KGILQTVK,784,735,6,1,789,735,,-1,3,0,1.007276,4.504103
Scan: 580868 Run: DIA12_CV48:20251228_A2_N1_Mueller_MS_TechHub_IMP_THIDDIAXL003_Cas9_PhoX_DIA12_CV48_250ng_FAIMS_001 P1_MTNFDKNLPNEK P2_MNTKYDENDKLIR 6 4,DIA12_CV48:20251228_A2_N1_Mueller_MS_TechHub_IMP_THIDDIAXL003_Cas9_PhoX_DIA12_CV48_250ng_FAIMS_001,580868,,,Q99ZW2,,,false,Q99ZW2,Q99ZW2,,false,MNTKYDENDKLIR,MTNFDKNLPNEK,939,495,4,6,942,500,,-1,4,0,1.007276,4.503902
Scan: 415650 Run: DIA12_CV48:20251228_A2_N1_Mueller_MS_TechHub_IMP_THIDDIAXL003_Cas9_PhoX_DIA12_CV48_250ng_FAIMS_001 P1_VTVKQLK P2_KIECFDSVEISGVEDR 4 1,DIA12_CV48:20251228_A2_N1_Mueller_MS_TechHub_IMP_THIDDIAXL003_Cas9_PhoX_DIA12_CV48_250ng_FAIMS_001,415650,,,Q99ZW2,,,false,Q99ZW2,Q99ZW2,,false,KIECFDSVEISGVEDR,VTVKQLK,571,559,1,4,571,562,,-1,3,0,1.007276,4.503562
Scan: 136452 Run: DIA12_CV48:20251228_A2_N1_Mueller_MS_TechHub_IMP_THIDDIAXL003_Cas9_PhoX_DIA12_CV48_250ng_FAIMS_001 P1_KLINGIR P2_KDLIIK 1 1,DIA12_CV48:20251228_A2_N1_Mueller_MS_TechHub_IMP_THIDDIAXL003_Cas9_PhoX_DIA12_CV48_250ng_FAIMS_001,136452,,,Q99ZW2,,,false,Q99ZW2,Q99ZW2,,false,KDLIIK,KLINGIR,1192,665,1,1,1192,665,,-1,3,0,1.007276,4.502382
Scan: 380025 Run: DIA12_CV48:20251228_A2_N1_Mueller_MS_TechHub_IMP_THIDDIAXL003_Cas9_PhoX_DIA12_CV48_250ng_FAIMS_001 P1_KPAFLSGEQK P2_DKPIR 1 2,DIA12_CV48:20251228_A2_N1_Mueller_MS_TechHub_IMP_THIDDIAXL003_Cas9_PhoX_DIA12_CV48_250ng_FAIMS_001,380025,,,Q99ZW2,,,false,Q99ZW2,Q99ZW2,,false,DKPIR,KPAFLSGEQK,1299,536,2,1,1300,536,,-1,3,0,1.007276,4.502247
Scan: 1706964 Run: DIA12_CV48:20251228_A2_N1_Mueller_MS_TechHub_IMP_THIDDIAXL003_Cas9_PhoX_DIA12_CV48_250ng_FAIMS_003 P1_GQKNSR P2_DDSIDNKVLTR 3 7,DIA12_CV48:20251228_A2_N1_Mueller_MS_TechHub_IMP_THIDDIAXL003_Cas9_PhoX_DIA12_CV48_250ng_FAIMS_003,1706964,,,Q99ZW2,,,false,Q99ZW2,Q99ZW2,,false,DDSIDNKVLTR,GQKNSR,849,773,7,3,855,775,,-1,4,0,1.007276,4.501987
Scan: 1102059 Run: DIA12_CV48:20251228_A2_N1_Mueller_MS_TechHub_IMP_THIDDIAXL003_Cas9_PhoX_DIA12_CV48_250ng_FAIMS_002 P1_MNTKYDENDK P2_HKPENIVIEMAR 4 2,DIA12_CV48:20251228_A2_N1_Mueller_MS_TechHub_IMP_THIDDIAXL003_Cas9_PhoX_DIA12_CV48_250ng_FAIMS_002,1102059,,,Q99ZW2,,,false,Q99ZW2,Q99ZW2,,false,HKPENIVIEMAR,MNTKYDENDK,754,939,2,4,755,942,,-1,3,0,1.007276,4.501035
Scan: 115751 Run: DIA12_CV48:20251228_A2_N1_Mueller_MS_TechHub_IMP_THIDDIAXL003_Cas9_PhoX_DIA12_CV48_250ng_FAIMS_001 P1_YKEIFFDQSK P2_SSFEKNPIDFLEAK 2 5,DIA12_CV48:20251228_A2_N1_Mueller_MS_TechHub_IMP_THIDDIAXL003_Cas9_PhoX_DIA12_CV48_250ng_FAIMS_001,115751,,,Q99ZW2,,,false,Q99ZW2,Q99ZW2,,false,SSFEKNPIDFLEAK,YKEIFFDQSK,1172,347,5,2,1176,348,,-1,4,0,1.007276,4.500501
Scan: 387831 Run: DIA12_CV48:20251228_A2_N1_Mueller_MS_TechHub_IMP_THIDDIAXL003_Cas9_PhoX_DIA12_CV48_250ng_FAIMS_001 P1_KPAFLSGEQK P2_GQKNSR 1 3,DIA12_CV48:20251228_A2_N1_Mueller_MS_TechHub_IMP_THIDDIAXL003_Cas9_PhoX_DIA12_CV48_250ng_FAIMS_001,387831,,,Q99ZW2,,,false,Q99ZW2,Q99ZW2,,false,GQKNSR,KPAFLSGEQK,773,536,3,1,775,536,,-1,3,0,1.007276,4.499204
Scan: 1124093 Run: DIA12_CV48:20251228_A2_N1_Mueller_MS_TechHub_IMP_THIDDIAXL003_Cas9_PhoX_DIA12_CV48_250ng_FAIMS_002 P1_KDFQFYK P2_ELGSQILKEHPVENTQLQNEK 1 8,DIA12_CV48:20251228_A2_N1_Mueller_MS_TechHub_IMP_THIDDIAXL003_Cas9_PhoX_DIA12_CV48_250ng_FAIMS_002,1124093,,,Q99ZW2,,,false,Q99ZW2,Q99ZW2,,false,ELGSQILKEHPVENTQLQNEK,KDFQFYK,790,968,8,1,797,968,,-1,4,0,1.007276,4.498442
Scan: 156652 Run: DIA12_CV48:20251228_A2_N1_Mueller_MS_TechHub_IMP_THIDDIAXL003_Cas9_PhoX_DIA12_CV48_250ng_FAIMS_001 P1_KLINGIR P2_GNELALPSKYVNFLYLASHYEK 1 9,DIA12_CV48:20251228_A2_N1_Mueller_MS_TechHub_IMP_THIDDIAXL003_Cas9_PhoX_DIA12_CV48_250ng_FAIMS_001,156652,,,Q99ZW2,,,false,Q99ZW2,Q99ZW2,,false,GNELALPSKYVNFLYLASHYEK,KLINGIR,1223,665,9,1,1231,665,,-1,4,0,1.007276,4.498185
Scan: 911390 Run: DIA12_CV48:20251228_A2_N1_Mueller_MS_TechHub_IMP_THIDDIAXL003_Cas9_PhoX_DIA12_CV48_250ng_FAIMS_002 P1_KSEETITPWNFEEVVDK P2_KDFQFYK 1 1,DIA12_CV48:20251228_A2_N1_Mueller_MS_TechHub_IMP_THIDDIAXL003_Cas9_PhoX_DIA12_CV48_250ng_FAIMS_002,911390,,,Q99ZW2,,,false,Q99ZW2,Q99ZW2,,false,KDFQFYK,KSEETITPWNFEEVVDK,968,468,1,1,968,468,,-1,4,0,1.007276,4.498176
Scan: 484311 Run: DIA12_CV48:20251228_A2_N1_Mueller_MS_TechHub_IMP_THIDDIAXL003_Cas9_PhoX_DIA12_CV48_250ng_FAIMS_001 P1_KGILQTVK P2_KGILQTVK 1 1,DIA12_CV48:20251228_A2_N1_Mueller_MS_TechHub_IMP_THIDDIAXL003_Cas9_PhoX_DIA12_CV48_250ng_FAIMS_001,484311,,,Q99ZW2,,,false,Q99ZW2,Q99ZW2,,false,KGILQTVK,KGILQTVK,735,735,1,1,735,735,,-1,3,0,1.007276,4.498086
Scan: 115059 Run: DIA12_CV48:20251228_A2_N1_Mueller_MS_TechHub_IMP_THIDDIAXL003_Cas9_PhoX_DIA12_CV48_250ng_FAIMS_001 P1_SSFEKNPIDFLEAK P2_EQAENIIHLFTLTNLGAPAAFKYFDTTIDR 5 22,DIA12_CV48:20251228_A2_N1_Mueller_MS_TechHub_IMP_THIDDIAXL003_Cas9_PhoX_DIA12_CV48_250ng_FAIMS_001,115059,,,Q99ZW2,,,false,Q99ZW2,Q99ZW2,,false,EQAENIIHLFTLTNLGAPAAFKYFDTTIDR,SSFEKNPIDFLEAK,1304,1172,22,5,1325,1176,,-1,5,0,1.007276,4.495645
Scan: 1739998 Run: DIA12_CV48:20251228_A2_N1_Mueller_MS_TechHub_IMP_THIDDIAXL003_Cas9_PhoX_DIA12_CV48_250ng_FAIMS_003 P1_KSEETITPWNFEEVVDK P2_GKSDNVPSEEVVK 1 2,DIA12_CV48:20251228_A2_N1_Mueller_MS_TechHub_IMP_THIDDIAXL003_Cas9_PhoX_DIA12_CV48_250ng_FAIMS_003,1739998,,,Q99ZW2,,,false,Q99ZW2,Q99ZW2,,false,GKSDNVPSEEVVK,KSEETITPWNFEEVVDK,865,468,2,1,866,468,,-1,4,0,1.007276,4.495255
Scan: 1292694 Run: DIA12_CV48:20251228_A2_N1_Mueller_MS_TechHub_IMP_THIDDIAXL003_Cas9_PhoX_DIA12_CV48_250ng_FAIMS_003 P1_KDWDPK P2_EDIQKAQVSGQGDSLHEHIANLAGSPAIK 1 5,DIA12_CV48:20251228_A2_N1_Mueller_MS_TechHub_IMP_THIDDIAXL003_Cas9_PhoX_DIA12_CV48_250ng_FAIMS_003,1292694,,,Q99ZW2,,,false,Q99ZW2,Q99ZW2,,false,EDIQKAQVSGQGDSLHEHIANLAGSPAIK,KDWDPK,706,1124,5,1,710,1124,,-1,4,0,1.007276,4.495165
Scan: 389654 Run: DIA12_CV48:20251228_A2_N1_Mueller_MS_TechHub_IMP_THIDDIAXL003_Cas9_PhoX_DIA12_CV48_250ng_FAIMS_001 P1_MNTKYDENDK P2_KPAFLSGEQK 4 1,DIA12_CV48:20251228_A2_N1_Mueller_MS_TechHub_IMP_THIDDIAXL003_Cas9_PhoX_DIA12_CV48_250ng_FAIMS_001,389654,,,Q99ZW2,,,false,Q99ZW2,Q99ZW2,,false,KPAFLSGEQK,MNTKYDENDK,536,939,1,4,536,942,,-1,3,0,1.007276,4.494959
Scan: 787071 Run: DIA12_CV48:20251228_A2_N1_Mueller_MS_TechHub_IMP_THIDDIAXL003_Cas9_PhoX_DIA12_CV48_250ng_FAIMS_002 P1_HPIFGNIVDEVAYHEKYPTIYHLR P2_FKVLGNTDR 16 2,DIA12_CV48:20251228_A2_N1_Mueller_MS_TechHub_IMP_THIDDIAXL003_Cas9_PhoX_DIA12_CV48_250ng_FAIMS_002,787071,,,Q99ZW2,,,false,Q99ZW2,Q99ZW2,,false,FKVLGNTDR,HPIFGNIVDEVAYHEKYPTIYHLR,32,116,2,16,33,131,,-1,5,0,1.007276,4.494337
Scan: 847495 Run: DIA12_CV48:20251228_A2_N1_Mueller_MS_TechHub_IMP_THIDDIAXL003_Cas9_PhoX_DIA12_CV48_250ng_FAIMS_002 P1_YDEHHQDLTLLKALVR P2_IEKILTFR 12 3,DIA12_CV48:20251228_A2_N1_Mueller_MS_TechHub_IMP_THIDDIAXL003_Cas9_PhoX_DIA12_CV48_250ng_FAIMS_002,847495,,,Q99ZW2,,,false,Q99ZW2,Q99ZW2,,false,IEKILTFR,YDEHHQDLTLLKALVR,440,325,3,12,442,336,,-1,5,0,1.007276,4.494109
Scan: 1144304 Run: DIA12_CV48:20251228_A2_N1_Mueller_MS_TechHub_IMP_THIDDIAXL003_Cas9_PhoX_DIA12_CV48_250ng_FAIMS_002 P1_KGILQTVK P2_GKSDNVPSEEVVK 1 2,DIA12_CV48:20251228_A2_N1_Mueller_MS_TechHub_IMP_THIDDIAXL003_Cas9_PhoX_DIA12_CV48_250ng_FAIMS_002,1144304,,,Q99ZW2,,,false,Q99ZW2,Q99ZW2,,false,GKSDNVPSEEVVK,KGILQTVK,865,735,2,1,866,735,,-1,3,0,1.007276,4.492931
Scan: 588231 Run: DIA12_CV48:20251228_A2_N1_Mueller_MS_TechHub_IMP_THIDDIAXL003_Cas9_PhoX_DIA12_CV48_250ng_FAIMS_001 P1_SKLVSDFR P2_EIFFDQSKNGYAGYIDGGASQEEFYK 2 8,DIA12_CV48:20251228_A2_N1_Mueller_MS_TechHub_IMP_THIDDIAXL003_Cas9_PhoX_DIA12_CV48_250ng_FAIMS_001,588231,,,Q99ZW2,,,false,Q99ZW2,Q99ZW2,,false,EIFFDQSKNGYAGYIDGGASQEEFYK,SKLVSDFR,349,960,8,2,356,961,,-1,4,0,1.007276,4.492128
Scan: 1329780 Run: DIA12_CV48:20251228_A2_N1_Mueller_MS_TechHub_IMP_THIDDIAXL003_Cas9_PhoX_DIA12_CV48_250ng_FAIMS_003 P1_LPKYSLFELENGR P2_KDLIIK 3 1,DIA12_CV48:20251228_A2_N1_Mueller_MS_TechHub_IMP_THIDDIAXL003_Cas9_PhoX_DIA12_CV48_250ng_FAIMS_003,1329780,,,Q99ZW2,,,false,Q99ZW2,Q99ZW2,,false,KDLIIK,LPKYSLFELENGR,1192,1198,1,3,1192,1200,,-1,3,0,1.007276,4.491633
Scan: 144336 Run: DIA12_CV48:20251228_A2_N1_Mueller_MS_TechHub_IMP_THIDDIAXL003_Cas9_PhoX_DIA12_CV48_250ng_FAIMS_001 P1_LPKYSLFELENGR P2_GYKEVK 3 3,DIA12_CV48:20251228_A2_N1_Mueller_MS_TechHub_IMP_THIDDIAXL003_Cas9_PhoX_DIA12_CV48_250ng_FAIMS_001,144336,,,Q99ZW2,,,false,Q99ZW2,Q99ZW2,,false,GYKEVK,LPKYSLFELENGR,1186,1198,3,3,1188,1200,,-1,3,0,1.007276,4.490204
Scan: 695020 Run: DIA12_CV48:20251228_A2_N1_Mueller_MS_TechHub_IMP_THIDDIAXL003_Cas9_PhoX_DIA12_CV48_250ng_FAIMS_002 P1_KKDWDPK P2_KDWDPK 1 1,DIA12_CV48:20251228_A2_N1_Mueller_MS_TechHub_IMP_THIDDIAXL003_Cas9_PhoX_DIA12_CV48_250ng_FAIMS_002,695020,,,Q99ZW2,,,false,Q99ZW2,Q99ZW2,,false,KDWDPK,KKDWDPK,1124,1123,1,1,1124,1123,,-1,3,0,1.007276,4.489861
Scan: 851250 Run: DIA12_CV48:20251228_A2_N1_Mueller_MS_TechHub_IMP_THIDDIAXL003_Cas9_PhoX_DIA12_CV48_250ng_FAIMS_002 P1_YKEIFFDQSK P2_LEESFLVEEDKK 2 11,DIA12_CV48:20251228_A2_N1_Mueller_MS_TechHub_IMP_THIDDIAXL003_Cas9_PhoX_DIA12_CV48_250ng_FAIMS_002,851250,,,Q99ZW2,,,false,Q99ZW2,Q99ZW2,,false,LEESFLVEEDKK,YKEIFFDQSK,101,347,11,2,111,348,,-1,4,0,1.007276,4.488882
Scan: 349548 Run: DIA12_CV48:20251228_A2_N1_Mueller_MS_TechHub_IMP_THIDDIAXL003_Cas9_PhoX_DIA12_CV48_250ng_FAIMS_001 P1_SEETITPWNFEEVVDKGASAQSFIER P2_QSGKTILDFLK 16 4,DIA12_CV48:20251228_A2_N1_Mueller_MS_TechHub_IMP_THIDDIAXL003_Cas9_PhoX_DIA12_CV48_250ng_FAIMS_001,349548,,,Q99ZW2,,,false,Q99ZW2,Q99ZW2,,false,QSGKTILDFLK,SEETITPWNFEEVVDKGASAQSFIER,674,469,4,16,677,484,,-1,4,0,1.007276,4.488423
Scan: 1002138 Run: DIA12_CV48:20251228_A2_N1_Mueller_MS_TechHub_IMP_THIDDIAXL003_Cas9_PhoX_DIA12_CV48_250ng_FAIMS_002 P1_MKNYWR P2_KAIVDLLFK 2 1,DIA12_CV48:20251228_A2_N1_Mueller_MS_TechHub_IMP_THIDDIAXL003_Cas9_PhoX_DIA12_CV48_250ng_FAIMS_002,1002138,,,Q99ZW2,,,false,Q99ZW2,Q99ZW2,,false,KAIVDLLFK,MKNYWR,546,879,1,2,546,880,,-1,3,0,1.007276,4.487874
Scan: 1287675 Run: DIA12_CV48:20251228_A2_N1_Mueller_MS_TechHub_IMP_THIDDIAXL003_Cas9_PhoX_DIA12_CV48_250ng_FAIMS_003 P1_NSDKLIAR P2_KDFQFYK 4 1,DIA12_CV48:20251228_A2_N1_Mueller_MS_TechHub_IMP_THIDDIAXL003_Cas9_PhoX_DIA12_CV48_250ng_FAIMS_003,1287675,,,Q99ZW2,,,false,Q99ZW2,Q99ZW2,,false,KDFQFYK,NSDKLIAR,968,1115,1,4,968,1118,,-1,4,0,1.007276,4.487214
Scan: 245573 Run: DIA12_CV48:20251228_A2_N1_Mueller_MS_TechHub_IMP_THIDDIAXL003_Cas9_PhoX_DIA12_CV48_250ng_FAIMS_001 P1_KFDNLTK P2_FKVLGNTDR 1 2,DIA12_CV48:20251228_A2_N1_Mueller_MS_TechHub_IMP_THIDDIAXL003_Cas9_PhoX_DIA12_CV48_250ng_FAIMS_001,245573,,,Q99ZW2,,,false,Q99ZW2,Q99ZW2,,false,FKVLGNTDR,KFDNLTK,32,896,2,1,33,896,,-1,3,0,1.007276,4.486771
Scan: 104660 Run: DIA12_CV48:20251228_A2_N1_Mueller_MS_TechHub_IMP_THIDDIAXL003_Cas9_PhoX_DIA12_CV48_250ng_FAIMS_001 P1_KYGGFDSPTVAYSVLVVAK P2_KDWDPKK 1 1,DIA12_CV48:20251228_A2_N1_Mueller_MS_TechHub_IMP_THIDDIAXL003_Cas9_PhoX_DIA12_CV48_250ng_FAIMS_001,104660,,,Q99ZW2,,,false,Q99ZW2,Q99ZW2,,false,KDWDPKK,KYGGFDSPTVAYSVLVVAK,1124,1130,1,1,1124,1130,,-1,3,0,1.007276,4.486023
Scan: 311060 Run: DIA12_CV48:20251228_A2_N1_Mueller_MS_TechHub_IMP_THIDDIAXL003_Cas9_PhoX_DIA12_CV48_250ng_FAIMS_001 P1_KSEETITPWNFEEVVDK P2_DKQSGK 1 2,DIA12_CV48:20251228_A2_N1_Mueller_MS_TechHub_IMP_THIDDIAXL003_Cas9_PhoX_DIA12_CV48_250ng_FAIMS_001,311060,,,Q99ZW2,,,false,Q99ZW2,Q99ZW2,,false,DKQSGK,KSEETITPWNFEEVVDK,672,468,2,1,673,468,,-1,3,0,1.007276,4.48533
Scan: 374185 Run: DIA12_CV48:20251228_A2_N1_Mueller_MS_TechHub_IMP_THIDDIAXL003_Cas9_PhoX_DIA12_CV48_250ng_FAIMS_001 P1_VKYVTEGMR P2_KPAFLSGEQKK 2 1,DIA12_CV48:20251228_A2_N1_Mueller_MS_TechHub_IMP_THIDDIAXL003_Cas9_PhoX_DIA12_CV48_250ng_FAIMS_001,374185,,,Q99ZW2,,,false,Q99ZW2,Q99ZW2,,false,KPAFLSGEQKK,VKYVTEGMR,536,527,1,2,536,528,,-1,4,0,1.007276,4.48412
Scan: 89618 Run: DIA12_CV48:20251228_A2_N1_Mueller_MS_TechHub_IMP_THIDDIAXL003_Cas9_PhoX_DIA12_CV48_250ng_FAIMS_001 P1_VKYVTEGMR P2_NSDKLIAR 2 4,DIA12_CV48:20251228_A2_N1_Mueller_MS_TechHub_IMP_THIDDIAXL003_Cas9_PhoX_DIA12_CV48_250ng_FAIMS_001,89618,,,Q99ZW2,,,false,Q99ZW2,Q99ZW2,,false,NSDKLIAR,VKYVTEGMR,1115,527,4,2,1118,528,,-1,3,0,1.007276,4.483732
Scan: 20893 Run: DIA12_CV48:20251228_A2_N1_Mueller_MS_TechHub_IMP_THIDDIAXL003_Cas9_PhoX_DIA12_CV48_250ng_FAIMS_001 P1_KTEVQTGGFSK P2_KRPLIETNGETGEIVWDK 1 1,DIA12_CV48:20251228_A2_N1_Mueller_MS_TechHub_IMP_THIDDIAXL003_Cas9_PhoX_DIA12_CV48_250ng_FAIMS_001,20893,,,Q99ZW2,,,false,Q99ZW2,Q99ZW2,,false,KRPLIETNGETGEIVWDK,KTEVQTGGFSK,1059,1097,1,1,1059,1097,,-1,4,0,1.007276,4.482927
Scan: 1574332 Run: DIA12_CV48:20251228_A2_N1_Mueller_MS_TechHub_IMP_THIDDIAXL003_Cas9_PhoX_DIA12_CV48_250ng_FAIMS_003 P1_KPAFLSGEQK P2_KLVDSTDK 1 1,DIA12_CV48:20251228_A2_N1_Mueller_MS_TechHub_IMP_THIDDIAXL003_Cas9_PhoX_DIA12_CV48_250ng_FAIMS_003,1574332,,,Q99ZW2,,,false,Q99ZW2,Q99ZW2,,false,KLVDSTDK,KPAFLSGEQK,141,536,1,1,141,536,,-1,3,0,1.007276,4.482574
Scan: 1107888 Run: DIA12_CV48:20251228_A2_N1_Mueller_MS_TechHub_IMP_THIDDIAXL003_Cas9_PhoX_DIA12_CV48_250ng_FAIMS_002 P1_ENQTTQKGQK P2_DFQFYKVR 7 6,DIA12_CV48:20251228_A2_N1_Mueller_MS_TechHub_IMP_THIDDIAXL003_Cas9_PhoX_DIA12_CV48_250ng_FAIMS_002,1107888,,,Q99ZW2,,,false,Q99ZW2,Q99ZW2,,false,DFQFYKVR,ENQTTQKGQK,969,766,6,7,974,772,,-1,3,0,1.007276,4.482232
Scan: 709216 Run: DIA12_CV48:20251228_A2_N1_Mueller_MS_TechHub_IMP_THIDDIAXL003_Cas9_PhoX_DIA12_CV48_250ng_FAIMS_002 P1_SSFEKNPIDFLEAK P2_KKDWDPK 5 1,DIA12_CV48:20251228_A2_N1_Mueller_MS_TechHub_IMP_THIDDIAXL003_Cas9_PhoX_DIA12_CV48_250ng_FAIMS_002,709216,,,Q99ZW2,,,false,Q99ZW2,Q99ZW2,,false,KKDWDPK,SSFEKNPIDFLEAK,1123,1172,1,5,1123,1176,,-1,4,0,1.007276,4.480667
Scan: 1297658 Run: DIA12_CV48:20251228_A2_N1_Mueller_MS_TechHub_IMP_THIDDIAXL003_Cas9_PhoX_DIA12_CV48_250ng_FAIMS_003 P1_KYGGFDSPTVAYSVLVVAK P2_KPLISER 1 1,DIA12_CV48:20251228_A2_N1_Mueller_MS_TechHub_IMP_THIDDIAXL003_Cas9_PhoX_DIA12_CV48_250ng_FAIMS_003,1297658,,,decoy:Q99ZW2,decoy,decoy,true,Q99ZW2,Q99ZW2,,false,KPLISER,KYGGFDSPTVAYSVLVVAK,1108,1130,1,1,1108,1130,,-1,4,0,1.007276,4.479398
Scan: 712259 Run: DIA12_CV48:20251228_A2_N1_Mueller_MS_TechHub_IMP_THIDDIAXL003_Cas9_PhoX_DIA12_CV48_250ng_FAIMS_002 P1_SSFEKNPIDFLEAK P2_LSKSR 5 3,DIA12_CV48:20251228_A2_N1_Mueller_MS_TechHub_IMP_THIDDIAXL003_Cas9_PhoX_DIA12_CV48_250ng_FAIMS_002,712259,,,Q99ZW2,,,false,Q99ZW2,Q99ZW2,,false,LSKSR,SSFEKNPIDFLEAK,216,1172,3,5,218,1176,,-1,3,0,1.007276,4.478674
Scan: 593602 Run: DIA12_CV48:20251228_A2_N1_Mueller_MS_TechHub_IMP_THIDDIAXL003_Cas9_PhoX_DIA12_CV48_250ng_FAIMS_001 P1_KDFQFYK P2_FKVLGNTDR 1 2,DIA12_CV48:20251228_A2_N1_Mueller_MS_TechHub_IMP_THIDDIAXL003_Cas9_PhoX_DIA12_CV48_250ng_FAIMS_001,593602,,,Q99ZW2,,,false,Q99ZW2,Q99ZW2,,false,FKVLGNTDR,KDFQFYK,32,968,2,1,33,968,,-1,3,0,1.007276,4.478575
Scan: 1049723 Run: DIA12_CV48:20251228_A2_N1_Mueller_MS_TechHub_IMP_THIDDIAXL003_Cas9_PhoX_DIA12_CV48_250ng_FAIMS_002 P1_ESILPKR P2_EDIQKAQVSGQGDSLHEHIANLAGSPAIK 6 5,DIA12_CV48:20251228_A2_N1_Mueller_MS_TechHub_IMP_THIDDIAXL003_Cas9_PhoX_DIA12_CV48_250ng_FAIMS_002,1049723,,,Q99ZW2,,,false,Q99ZW2,Q99ZW2,,false,EDIQKAQVSGQGDSLHEHIANLAGSPAIK,ESILPKR,706,1108,5,6,710,1113,,-1,5,0,1.007276,4.477608
Scan: 906206 Run: DIA12_CV48:20251228_A2_N1_Mueller_MS_TechHub_IMP_THIDDIAXL003_Cas9_PhoX_DIA12_CV48_250ng_FAIMS_002 P1_VKYVTEGMR P2_KSEETITPWNFEEVVDK 2 1,DIA12_CV48:20251228_A2_N1_Mueller_MS_TechHub_IMP_THIDDIAXL003_Cas9_PhoX_DIA12_CV48_250ng_FAIMS_002,906206,,,Q99ZW2,,,false,Q99ZW2,Q99ZW2,,false,KSEETITPWNFEEVVDK,VKYVTEGMR,468,527,1,2,468,528,,-1,3,0,1.007276,4.476727
Scan: 162588 Run: DIA12_CV48:20251228_A2_N1_Mueller_MS_TechHub_IMP_THIDDIAXL003_Cas9_PhoX_DIA12_CV48_250ng_FAIMS_001 P1_LKGSPEDNEQK P2_FKVLGNTDR 2 2,DIA12_CV48:20251228_A2_N1_Mueller_MS_TechHub_IMP_THIDDIAXL003_Cas9_PhoX_DIA12_CV48_250ng_FAIMS_001,162588,,,Q99ZW2,,,false,Q99ZW2,Q99ZW2,,false,FKVLGNTDR,LKGSPEDNEQK,32,1245,2,2,33,1246,,-1,3,0,1.007276,4.475392
Scan: 250605 Run: DIA12_CV48:20251228_A2_N1_Mueller_MS_TechHub_IMP_THIDDIAXL003_Cas9_PhoX_DIA12_CV48_250ng_FAIMS_001 P1_YDEHHQDLTLLKALVR P2_SEETITPWNFEEVVDKGASAQSFIER 12 16,DIA12_CV48:20251228_A2_N1_Mueller_MS_TechHub_IMP_THIDDIAXL003_Cas9_PhoX_DIA12_CV48_250ng_FAIMS_001,250605,,,Q99ZW2,,,false,Q99ZW2,Q99ZW2,,false,SEETITPWNFEEVVDKGASAQSFIER,YDEHHQDLTLLKALVR,469,325,16,12,484,336,,-1,5,0,1.007276,4.47459
Scan: 1751290 Run: DIA12_CV48:20251228_A2_N1_Mueller_MS_TechHub_IMP_THIDDIAXL003_Cas9_PhoX_DIA12_CV48_250ng_FAIMS_003 P1_YKEIFFDQSK P2_QTILKANLLQR 2 5,DIA12_CV48:20251228_A2_N1_Mueller_MS_TechHub_IMP_THIDDIAXL003_Cas9_PhoX_DIA12_CV48_250ng_FAIMS_003,1751290,,,decoy:Q99ZW2,decoy,decoy,true,Q99ZW2,Q99ZW2,,false,QTILKANLLQR,YKEIFFDQSK,885,347,5,2,889,348,,-1,3,0,1.007276,4.474521
Scan: 141985 Run: DIA12_CV48:20251228_A2_N1_Mueller_MS_TechHub_IMP_THIDDIAXL003_Cas9_PhoX_DIA12_CV48_250ng_FAIMS_001 P1_LPKYSLFELENGR P2_KTEVQTGGFSKESILPK 3 1,DIA12_CV48:20251228_A2_N1_Mueller_MS_TechHub_IMP_THIDDIAXL003_Cas9_PhoX_DIA12_CV48_250ng_FAIMS_001,141985,,,Q99ZW2,,,false,Q99ZW2,Q99ZW2,,false,KTEVQTGGFSKESILPK,LPKYSLFELENGR,1097,1198,1,3,1097,1200,,-1,4,0,1.007276,4.474383
Scan: 1108004 Run: DIA12_CV48:20251228_A2_N1_Mueller_MS_TechHub_IMP_THIDDIAXL003_Cas9_PhoX_DIA12_CV48_250ng_FAIMS_002 P1_KKDWDPK P2_GQKNSR 1 3,DIA12_CV48:20251228_A2_N1_Mueller_MS_TechHub_IMP_THIDDIAXL003_Cas9_PhoX_DIA12_CV48_250ng_FAIMS_002,1108004,,,Q99ZW2,,,false,Q99ZW2,Q99ZW2,,false,GQKNSR,KKDWDPK,773,1123,3,1,775,1123,,-1,3,0,1.007276,4.472834
Scan: 1775408 Run: DIA12_CV48:20251228_A2_N1_Mueller_MS_TechHub_IMP_THIDDIAXL003_Cas9_PhoX_DIA12_CV48_250ng_FAIMS_003 P1_MNTKYDENDKLIR P2_KLINGIR 4 1,DIA12_CV48:20251228_A2_N1_Mueller_MS_TechHub_IMP_THIDDIAXL003_Cas9_PhoX_DIA12_CV48_250ng_FAIMS_003,1775408,,,Q99ZW2,,,false,Q99ZW2,Q99ZW2,,false,KLINGIR,MNTKYDENDKLIR,665,939,1,4,665,942,,-1,3,0,1.007276,4.472584
Scan: 580328 Run: DIA12_CV48:20251228_A2_N1_Mueller_MS_TechHub_IMP_THIDDIAXL003_Cas9_PhoX_DIA12_CV48_250ng_FAIMS_001 P1_MNTKYDENDK P2_KSEETITPWNFEEVVDK 4 1,DIA12_CV48:20251228_A2_N1_Mueller_MS_TechHub_IMP_THIDDIAXL003_Cas9_PhoX_DIA12_CV48_250ng_FAIMS_001,580328,,,Q99ZW2,,,false,Q99ZW2,Q99ZW2,,false,KSEETITPWNFEEVVDK,MNTKYDENDK,468,939,1,4,468,942,,-1,4,0,1.007276,4.472296
Scan: 274691 Run: DIA12_CV48:20251228_A2_N1_Mueller_MS_TechHub_IMP_THIDDIAXL003_Cas9_PhoX_DIA12_CV48_250ng_FAIMS_001 P1_NSDKLIAR P2_NGYAGYIDGGASQEEFYKFIKPILEK 4 18,DIA12_CV48:20251228_A2_N1_Mueller_MS_TechHub_IMP_THIDDIAXL003_Cas9_PhoX_DIA12_CV48_250ng_FAIMS_001,274691,,,Q99ZW2,,,false,Q99ZW2,Q99ZW2,,false,NGYAGYIDGGASQEEFYKFIKPILEK,NSDKLIAR,357,1115,18,4,374,1118,,-1,5,0,1.007276,4.470891
Scan: 544207 Run: DIA12_CV48:20251228_A2_N1_Mueller_MS_TechHub_IMP_THIDDIAXL003_Cas9_PhoX_DIA12_CV48_250ng_FAIMS_001 P1_RPLIETNGETGEIVWDKGR P2_GKSDNVPSEEVVK 17 2,DIA12_CV48:20251228_A2_N1_Mueller_MS_TechHub_IMP_THIDDIAXL003_Cas9_PhoX_DIA12_CV48_250ng_FAIMS_001,544207,,,Q99ZW2,,,false,Q99ZW2,Q99ZW2,,false,GKSDNVPSEEVVK,RPLIETNGETGEIVWDKGR,865,1060,2,17,866,1076,,-1,4,0,1.007276,4.468438
Scan: 892007 Run: DIA12_CV48:20251228_A2_N1_Mueller_MS_TechHub_IMP_THIDDIAXL003_Cas9_PhoX_DIA12_CV48_250ng_FAIMS_002 P1_SEETITPWNFEEVVDKGASAQSFIER P2_FTLIKEIR 16 5,DIA12_CV48:20251228_A2_N1_Mueller_MS_TechHub_IMP_THIDDIAXL003_Cas9_PhoX_DIA12_CV48_250ng_FAIMS_002,892007,,,decoy:Q99ZW2,decoy,decoy,true,Q99ZW2,Q99ZW2,,false,FTLIKEIR,SEETITPWNFEEVVDKGASAQSFIER,440,469,5,16,444,484,,-1,4,0,1.007276,4.467826
Scan: 1184519 Run: DIA12_CV48:20251228_A2_N1_Mueller_MS_TechHub_IMP_THIDDIAXL003_Cas9_PhoX_DIA12_CV48_250ng_FAIMS_002 P1_SKLVSDFR P2_RPLIETNGETGEIVWDKGR 2 17,DIA12_CV48:20251228_A2_N1_Mueller_MS_TechHub_IMP_THIDDIAXL003_Cas9_PhoX_DIA12_CV48_250ng_FAIMS_002,1184519,,,Q99ZW2,,,false,Q99ZW2,Q99ZW2,,false,RPLIETNGETGEIVWDKGR,SKLVSDFR,1060,960,17,2,1076,961,,-1,4,0,1.007276,4.467456
Scan: 512688 Run: DIA12_CV48:20251228_A2_N1_Mueller_MS_TechHub_IMP_THIDDIAXL003_Cas9_PhoX_DIA12_CV48_250ng_FAIMS_001 P1_SNKQGR P2_IEEGIKELGSQILK 3 6,DIA12_CV48:20251228_A2_N1_Mueller_MS_TechHub_IMP_THIDDIAXL003_Cas9_PhoX_DIA12_CV48_250ng_FAIMS_001,512688,,,Q99ZW2,,,false,decoy:Q99ZW2,decoy,decoy,true,IEEGIKELGSQILK,SNKQGR,784,773,6,3,789,775,,-1,3,0,1.007276,4.467074
Scan: 547443 Run: DIA12_CV48:20251228_A2_N1_Mueller_MS_TechHub_IMP_THIDDIAXL003_Cas9_PhoX_DIA12_CV48_250ng_FAIMS_001 P1_GKSDNVPSEEVVK P2_ENQTTQKGQK 2 7,DIA12_CV48:20251228_A2_N1_Mueller_MS_TechHub_IMP_THIDDIAXL003_Cas9_PhoX_DIA12_CV48_250ng_FAIMS_001,547443,,,Q99ZW2,,,false,Q99ZW2,Q99ZW2,,false,ENQTTQKGQK,GKSDNVPSEEVVK,766,865,7,2,772,866,,-1,3,0,1.007276,4.466812
Scan: 796085 Run: DIA12_CV48:20251228_A2_N1_Mueller_MS_TechHub_IMP_THIDDIAXL003_Cas9_PhoX_DIA12_CV48_250ng_FAIMS_002 P1_YTSTKEVLDATLIHQSITGLYETR P2_KPAFLSGEQK 5 1,DIA12_CV48:20251228_A2_N1_Mueller_MS_TechHub_IMP_THIDDIAXL003_Cas9_PhoX_DIA12_CV48_250ng_FAIMS_002,796085,,,Q99ZW2,,,false,Q99ZW2,Q99ZW2,,false,KPAFLSGEQK,YTSTKEVLDATLIHQSITGLYETR,536,1336,1,5,536,1340,,-1,5,0,1.007276,4.466493
Scan: 571361 Run: DIA12_CV48:20251228_A2_N1_Mueller_MS_TechHub_IMP_THIDDIAXL003_Cas9_PhoX_DIA12_CV48_250ng_FAIMS_001 P1_QITKHVAQILDSR P2_KLVDSTDK 4 1,DIA12_CV48:20251228_A2_N1_Mueller_MS_TechHub_IMP_THIDDIAXL003_Cas9_PhoX_DIA12_CV48_250ng_FAIMS_001,571361,,,Q99ZW2,,,false,Q99ZW2,Q99ZW2,,false,KLVDSTDK,QITKHVAQILDSR,141,926,1,4,141,929,,-1,4,0,1.007276,4.465822
Scan: 1111439 Run: DIA12_CV48:20251228_A2_N1_Mueller_MS_TechHub_IMP_THIDDIAXL003_Cas9_PhoX_DIA12_CV48_250ng_FAIMS_002 P1_IEEGIKELGSQILK P2_FKVLGNTDR 6 2,DIA12_CV48:20251228_A2_N1_Mueller_MS_TechHub_IMP_THIDDIAXL003_Cas9_PhoX_DIA12_CV48_250ng_FAIMS_002,1111439,,,Q99ZW2,,,false,Q99ZW2,Q99ZW2,,false,FKVLGNTDR,IEEGIKELGSQILK,32,784,2,6,33,789,,-1,3,0,1.007276,4.463541
Scan: 902045 Run: DIA12_CV48:20251228_A2_N1_Mueller_MS_TechHub_IMP_THIDDIAXL003_Cas9_PhoX_DIA12_CV48_250ng_FAIMS_002 P1_YDEHHQDLTLLKALVR P2_KSEETITPWNFEEVVDK 12 1,DIA12_CV48:20251228_A2_N1_Mueller_MS_TechHub_IMP_THIDDIAXL003_Cas9_PhoX_DIA12_CV48_250ng_FAIMS_002,902045,,,Q99ZW2,,,false,Q99ZW2,Q99ZW2,,false,KSEETITPWNFEEVVDK,YDEHHQDLTLLKALVR,468,325,1,12,468,336,,-1,5,0,1.007276,4.46333
Scan: 743493 Run: DIA12_CV48:20251228_A2_N1_Mueller_MS_TechHub_IMP_THIDDIAXL003_Cas9_PhoX_DIA12_CV48_250ng_FAIMS_002 P1_LPKYSLFELENGR P2_KAIVDLLFK 3 1,DIA12_CV48:20251228_A2_N1_Mueller_MS_TechHub_IMP_THIDDIAXL003_Cas9_PhoX_DIA12_CV48_250ng_FAIMS_002,743493,,,Q99ZW2,,,false,Q99ZW2,Q99ZW2,,false,KAIVDLLFK,LPKYSLFELENGR,546,1198,1,3,546,1200,,-1,4,0,1.007276,4.462176
Scan: 888449 Run: DIA12_CV48:20251228_A2_N1_Mueller_MS_TechHub_IMP_THIDDIAXL003_Cas9_PhoX_DIA12_CV48_250ng_FAIMS_002 P1_IEKILTFR P2_FKVLGNTDR 3 2,DIA12_CV48:20251228_A2_N1_Mueller_MS_TechHub_IMP_THIDDIAXL003_Cas9_PhoX_DIA12_CV48_250ng_FAIMS_002,888449,,,Q99ZW2,,,false,Q99ZW2,Q99ZW2,,false,FKVLGNTDR,IEKILTFR,32,440,2,3,33,442,,-1,4,0,1.007276,4.460899
Scan: 1630990 Run: DIA12_CV48:20251228_A2_N1_Mueller_MS_TechHub_IMP_THIDDIAXL003_Cas9_PhoX_DIA12_CV48_250ng_FAIMS_003 P1_KTEVQTGGFSK P2_DKQSGK 1 2,DIA12_CV48:20251228_A2_N1_Mueller_MS_TechHub_IMP_THIDDIAXL003_Cas9_PhoX_DIA12_CV48_250ng_FAIMS_003,1630990,,,Q99ZW2,,,false,Q99ZW2,Q99ZW2,,false,DKQSGK,KTEVQTGGFSK,672,1097,2,1,673,1097,,-1,3,0,1.007276,4.459201
Scan: 309914 Run: DIA12_CV48:20251228_A2_N1_Mueller_MS_TechHub_IMP_THIDDIAXL003_Cas9_PhoX_DIA12_CV48_250ng_FAIMS_001 P1_QLKEDYFK P2_KSEETITPWNFEEVVDK 3 1,DIA12_CV48:20251228_A2_N1_Mueller_MS_TechHub_IMP_THIDDIAXL003_Cas9_PhoX_DIA12_CV48_250ng_FAIMS_001,309914,,,Q99ZW2,,,false,Q99ZW2,Q99ZW2,,false,KSEETITPWNFEEVVDK,QLKEDYFK,468,563,1,3,468,565,,-1,4,0,1.007276,4.458846
Scan: 868491 Run: DIA12_CV48:20251228_A2_N1_Mueller_MS_TechHub_IMP_THIDDIAXL003_Cas9_PhoX_DIA12_CV48_250ng_FAIMS_002 P1_KAIVDLLFK P2_EIFFDQSKNGYAGYIDGGASQEEFYK 1 8,DIA12_CV48:20251228_A2_N1_Mueller_MS_TechHub_IMP_THIDDIAXL003_Cas9_PhoX_DIA12_CV48_250ng_FAIMS_002,868491,,,Q99ZW2,,,false,Q99ZW2,Q99ZW2,,false,EIFFDQSKNGYAGYIDGGASQEEFYK,KAIVDLLFK,349,546,8,1,356,546,,-1,4,0,1.007276,4.458147
Scan: 732874 Run: DIA12_CV48:20251228_A2_N1_Mueller_MS_TechHub_IMP_THIDDIAXL003_Cas9_PhoX_DIA12_CV48_250ng_FAIMS_002 P1_YKEIFFDQSK P2_KDLIIK 2 1,DIA12_CV48:20251228_A2_N1_Mueller_MS_TechHub_IMP_THIDDIAXL003_Cas9_PhoX_DIA12_CV48_250ng_FAIMS_002,732874,,,Q99ZW2,,,false,Q99ZW2,Q99ZW2,,false,KDLIIK,YKEIFFDQSK,1192,347,1,2,1192,348,,-1,4,0,1.007276,4.457881
Scan: 307876 Run: DIA12_CV48:20251228_A2_N1_Mueller_MS_TechHub_IMP_THIDDIAXL003_Cas9_PhoX_DIA12_CV48_250ng_FAIMS_001 P1_MTNFDKNLPNEK P2_KSEETITPWNFEEVVDK 6 1,DIA12_CV48:20251228_A2_N1_Mueller_MS_TechHub_IMP_THIDDIAXL003_Cas9_PhoX_DIA12_CV48_250ng_FAIMS_001,307876,,,Q99ZW2,,,false,Q99ZW2,Q99ZW2,,false,KSEETITPWNFEEVVDK,MTNFDKNLPNEK,468,495,1,6,468,500,,-1,4,0,1.007276,4.457359
Scan: 1389807 Run: DIA12_CV48:20251228_A2_N1_Mueller_MS_TechHub_IMP_THIDDIAXL003_Cas9_PhoX_DIA12_CV48_250ng_FAIMS_003 P1_KGILQTVK P2_EQAENIIHLFTLTNLGAPAAFKYFDTTIDR 1 22,DIA12_CV48:20251228_A2_N1_Mueller_MS_TechHub_IMP_THIDDIAXL003_Cas9_PhoX_DIA12_CV48_250ng_FAIMS_003,1389807,,,Q99ZW2,,,false,Q99ZW2,Q99ZW2,,false,EQAENIIHLFTLTNLGAPAAFKYFDTTIDR,KGILQTVK,1304,735,22,1,1325,735,,-1,5,0,1.007276,4.45662
Scan: 849946 Run: DIA12_CV48:20251228_A2_N1_Mueller_MS_TechHub_IMP_THIDDIAXL003_Cas9_PhoX_DIA12_CV48_250ng_FAIMS_002 P1_VNTEITKAPLSASMIK P2_QQLPEKYKEIFFDQSK 7 6,DIA12_CV48:20251228_A2_N1_Mueller_MS_TechHub_IMP_THIDDIAXL003_Cas9_PhoX_DIA12_CV48_250ng_FAIMS_002,849946,,,Q99ZW2,,,false,Q99ZW2,Q99ZW2,,false,QQLPEKYKEIFFDQSK,VNTEITKAPLSASMIK,341,308,6,7,346,314,,-1,4,0,1.007276,4.455477
Scan: 1706866 Run: DIA12_CV48:20251228_A2_N1_Mueller_MS_TechHub_IMP_THIDDIAXL003_Cas9_PhoX_DIA12_CV48_250ng_FAIMS_003 P1_IEEGIKELGSQILK P2_GQKNSR 6 3,DIA12_CV48:20251228_A2_N1_Mueller_MS_TechHub_IMP_THIDDIAXL003_Cas9_PhoX_DIA12_CV48_250ng_FAIMS_003,1706866,,,Q99ZW2,,,false,Q99ZW2,Q99ZW2,,false,GQKNSR,IEEGIKELGSQILK,773,784,3,6,775,789,,-1,3,0,1.007276,4.454292
Scan: 839800 Run: DIA12_CV48:20251228_A2_N1_Mueller_MS_TechHub_IMP_THIDDIAXL003_Cas9_PhoX_DIA12_CV48_250ng_FAIMS_002 P1_FKVLGNTDR P2_EIFFDQSKNGYAGYIDGGASQEEFYK 2 8,DIA12_CV48:20251228_A2_N1_Mueller_MS_TechHub_IMP_THIDDIAXL003_Cas9_PhoX_DIA12_CV48_250ng_FAIMS_002,839800,,,Q99ZW2,,,false,Q99ZW2,Q99ZW2,,false,EIFFDQSKNGYAGYIDGGASQEEFYK,FKVLGNTDR,349,32,8,2,356,33,,-1,4,0,1.007276,4.453588
Scan: 741689 Run: DIA12_CV48:20251228_A2_N1_Mueller_MS_TechHub_IMP_THIDDIAXL003_Cas9_PhoX_DIA12_CV48_250ng_FAIMS_002 P1_LPKYSLFELENGR P2_GNELALPSKYVNFLYLASHYEK 3 9,DIA12_CV48:20251228_A2_N1_Mueller_MS_TechHub_IMP_THIDDIAXL003_Cas9_PhoX_DIA12_CV48_250ng_FAIMS_002,741689,,,Q99ZW2,,,false,Q99ZW2,Q99ZW2,,false,GNELALPSKYVNFLYLASHYEK,LPKYSLFELENGR,1223,1198,9,3,1231,1200,,-1,5,0,1.007276,4.453346
Scan: 910779 Run: DIA12_CV48:20251228_A2_N1_Mueller_MS_TechHub_IMP_THIDDIAXL003_Cas9_PhoX_DIA12_CV48_250ng_FAIMS_002 P1_QITKHVAQILDSR P2_KSEETITPWNFEEVVDK 4 1,DIA12_CV48:20251228_A2_N1_Mueller_MS_TechHub_IMP_THIDDIAXL003_Cas9_PhoX_DIA12_CV48_250ng_FAIMS_002,910779,,,Q99ZW2,,,false,Q99ZW2,Q99ZW2,,false,KSEETITPWNFEEVVDK,QITKHVAQILDSR,468,926,1,4,468,929,,-1,4,0,1.007276,4.45327
Scan: 245713 Run: DIA12_CV48:20251228_A2_N1_Mueller_MS_TechHub_IMP_THIDDIAXL003_Cas9_PhoX_DIA12_CV48_250ng_FAIMS_001 P1_YDENDKLIR P2_FKVLGNTDR 6 2,DIA12_CV48:20251228_A2_N1_Mueller_MS_TechHub_IMP_THIDDIAXL003_Cas9_PhoX_DIA12_CV48_250ng_FAIMS_001,245713,,,Q99ZW2,,,false,Q99ZW2,Q99ZW2,,false,FKVLGNTDR,YDENDKLIR,32,943,2,6,33,948,,-1,3,0,1.007276,4.452059
Scan: 1448949 Run: DIA12_CV48:20251228_A2_N1_Mueller_MS_TechHub_IMP_THIDDIAXL003_Cas9_PhoX_DIA12_CV48_250ng_FAIMS_003 P1_YKEIFFDQSK P2_KDWDPK 2 1,DIA12_CV48:20251228_A2_N1_Mueller_MS_TechHub_IMP_THIDDIAXL003_Cas9_PhoX_DIA12_CV48_250ng_FAIMS_003,1448949,,,Q99ZW2,,,false,Q99ZW2,Q99ZW2,,false,KDWDPK,YKEIFFDQSK,1124,347,1,2,1124,348,,-1,3,0,1.007276,4.452014
Scan: 545740 Run: DIA12_CV48:20251228_A2_N1_Mueller_MS_TechHub_IMP_THIDDIAXL003_Cas9_PhoX_DIA12_CV48_250ng_FAIMS_001 P1_IEKILTFR P2_GKSDNVPSEEVVK 3 2,DIA12_CV48:20251228_A2_N1_Mueller_MS_TechHub_IMP_THIDDIAXL003_Cas9_PhoX_DIA12_CV48_250ng_FAIMS_001,545740,,,Q99ZW2,,,false,Q99ZW2,Q99ZW2,,false,GKSDNVPSEEVVK,IEKILTFR,865,440,2,3,866,442,,-1,3,0,1.007276,4.45134
Scan: 1753314 Run: DIA12_CV48:20251228_A2_N1_Mueller_MS_TechHub_IMP_THIDDIAXL003_Cas9_PhoX_DIA12_CV48_250ng_FAIMS_003 P1_QLLNAKLITQR P2_KPAFLSGEQK 6 1,DIA12_CV48:20251228_A2_N1_Mueller_MS_TechHub_IMP_THIDDIAXL003_Cas9_PhoX_DIA12_CV48_250ng_FAIMS_003,1753314,,,Q99ZW2,,,false,Q99ZW2,Q99ZW2,,false,KPAFLSGEQK,QLLNAKLITQR,536,885,1,6,536,890,,-1,3,0,1.007276,4.451133
Scan: 1788341 Run: DIA12_CV48:20251228_A2_N1_Mueller_MS_TechHub_IMP_THIDDIAXL003_Cas9_PhoX_DIA12_CV48_250ng_FAIMS_003 P1_KDFQFYK P2_GQKNSR 1 3,DIA12_CV48:20251228_A2_N1_Mueller_MS_TechHub_IMP_THIDDIAXL003_Cas9_PhoX_DIA12_CV48_250ng_FAIMS_003,1788341,,,Q99ZW2,,,false,Q99ZW2,Q99ZW2,,false,GQKNSR,KDFQFYK,773,968,3,1,775,968,,-1,3,0,1.007276,4.450463
Scan: 1340974 Run: DIA12_CV48:20251228_A2_N1_Mueller_MS_TechHub_IMP_THIDDIAXL003_Cas9_PhoX_DIA12_CV48_250ng_FAIMS_003 P1_LPKYSLFELENGR P2_KGILQTVK 3 1,DIA12_CV48:20251228_A2_N1_Mueller_MS_TechHub_IMP_THIDDIAXL003_Cas9_PhoX_DIA12_CV48_250ng_FAIMS_003,1340974,,,Q99ZW2,,,false,Q99ZW2,Q99ZW2,,false,KGILQTVK,LPKYSLFELENGR,735,1198,1,3,735,1200,,-1,4,0,1.007276,4.450359
Scan: 1632761 Run: DIA12_CV48:20251228_A2_N1_Mueller_MS_TechHub_IMP_THIDDIAXL003_Cas9_PhoX_DIA12_CV48_250ng_FAIMS_003 P1_NSDKLIAR P2_DKQSGKTILDFLK 4 6,DIA12_CV48:20251228_A2_N1_Mueller_MS_TechHub_IMP_THIDDIAXL003_Cas9_PhoX_DIA12_CV48_250ng_FAIMS_003,1632761,,,Q99ZW2,,,false,Q99ZW2,Q99ZW2,,false,DKQSGKTILDFLK,NSDKLIAR,672,1115,6,4,677,1118,,-1,3,0,1.007276,4.450242
Scan: 1769373 Run: DIA12_CV48:20251228_A2_N1_Mueller_MS_TechHub_IMP_THIDDIAXL003_Cas9_PhoX_DIA12_CV48_250ng_FAIMS_003 P1_QITKHVAQILDSR P2_KDFQFYK 4 1,DIA12_CV48:20251228_A2_N1_Mueller_MS_TechHub_IMP_THIDDIAXL003_Cas9_PhoX_DIA12_CV48_250ng_FAIMS_003,1769373,,,Q99ZW2,,,false,Q99ZW2,Q99ZW2,,false,KDFQFYK,QITKHVAQILDSR,968,926,1,4,968,929,,-1,3,0,1.007276,4.44965
Scan: 437179 Run: DIA12_CV48:20251228_A2_N1_Mueller_MS_TechHub_IMP_THIDDIAXL003_Cas9_PhoX_DIA12_CV48_250ng_FAIMS_001 P1_DKQSGK P2_DKPIR 2 2,DIA12_CV48:20251228_A2_N1_Mueller_MS_TechHub_IMP_THIDDIAXL003_Cas9_PhoX_DIA12_CV48_250ng_FAIMS_001,437179,,,Q99ZW2,,,false,Q99ZW2,Q99ZW2,,false,DKPIR,DKQSGK,1299,672,2,2,1300,673,,-1,3,0,1.007276,4.44928
Scan: 1502541 Run: DIA12_CV48:20251228_A2_N1_Mueller_MS_TechHub_IMP_THIDDIAXL003_Cas9_PhoX_DIA12_CV48_250ng_FAIMS_003 P1_NLPNEKVLPK P2_KSEETITPWNFEEVVDK 6 1,DIA12_CV48:20251228_A2_N1_Mueller_MS_TechHub_IMP_THIDDIAXL003_Cas9_PhoX_DIA12_CV48_250ng_FAIMS_003,1502541,,,Q99ZW2,,,false,Q99ZW2,Q99ZW2,,false,KSEETITPWNFEEVVDK,NLPNEKVLPK,468,501,1,6,468,506,,-1,4,0,1.007276,4.448756
Scan: 1446943 Run: DIA12_CV48:20251228_A2_N1_Mueller_MS_TechHub_IMP_THIDDIAXL003_Cas9_PhoX_DIA12_CV48_250ng_FAIMS_003 P1_QQLPEKYKEIFFDQSK P2_NSDKLIAR 6 4,DIA12_CV48:20251228_A2_N1_Mueller_MS_TechHub_IMP_THIDDIAXL003_Cas9_PhoX_DIA12_CV48_250ng_FAIMS_003,1446943,,,Q99ZW2,,,false,Q99ZW2,Q99ZW2,,false,NSDKLIAR,QQLPEKYKEIFFDQSK,1115,341,4,6,1118,346,,-1,4,0,1.007276,4.44796
Scan: 604914 Run: DIA12_CV48:20251228_A2_N1_Mueller_MS_TechHub_IMP_THIDDIAXL003_Cas9_PhoX_DIA12_CV48_250ng_FAIMS_002 P1_LESEFVYGDYKVYDVR P2_AGFIKR 11 5,DIA12_CV48:20251228_A2_N1_Mueller_MS_TechHub_IMP_THIDDIAXL003_Cas9_PhoX_DIA12_CV48_250ng_FAIMS_002,604914,,,Q99ZW2,,,false,Q99ZW2,Q99ZW2,,false,AGFIKR,LESEFVYGDYKVYDVR,914,1004,5,11,918,1014,,-1,4,0,1.007276,4.447837
Scan: 1624446 Run: DIA12_CV48:20251228_A2_N1_Mueller_MS_TechHub_IMP_THIDDIAXL003_Cas9_PhoX_DIA12_CV48_250ng_FAIMS_003 P1_LKTYAHLFDDK P2_KLINGIR 2 1,DIA12_CV48:20251228_A2_N1_Mueller_MS_TechHub_IMP_THIDDIAXL003_Cas9_PhoX_DIA12_CV48_250ng_FAIMS_003,1624446,,,Q99ZW2,,,false,Q99ZW2,Q99ZW2,,false,KLINGIR,LKTYAHLFDDK,665,636,1,2,665,637,,-1,4,0,1.007276,4.447638
Scan: 589239 Run: DIA12_CV48:20251228_A2_N1_Mueller_MS_TechHub_IMP_THIDDIAXL003_Cas9_PhoX_DIA12_CV48_250ng_FAIMS_001 P1_SKLVSDFR P2_GQKNSR 2 3,DIA12_CV48:20251228_A2_N1_Mueller_MS_TechHub_IMP_THIDDIAXL003_Cas9_PhoX_DIA12_CV48_250ng_FAIMS_001,589239,,,Q99ZW2,,,false,Q99ZW2,Q99ZW2,,false,GQKNSR,SKLVSDFR,773,960,3,2,775,961,,-1,3,0,1.007276,4.44722
Scan: 1292420 Run: DIA12_CV48:20251228_A2_N1_Mueller_MS_TechHub_IMP_THIDDIAXL003_Cas9_PhoX_DIA12_CV48_250ng_FAIMS_003 P1_KLINGIR P2_KDWDPK 1 1,DIA12_CV48:20251228_A2_N1_Mueller_MS_TechHub_IMP_THIDDIAXL003_Cas9_PhoX_DIA12_CV48_250ng_FAIMS_003,1292420,,,Q99ZW2,,,false,Q99ZW2,Q99ZW2,,false,KDWDPK,KLINGIR,1124,665,1,1,1124,665,,-1,3,0,1.007276,4.446441
Scan: 437029 Run: DIA12_CV48:20251228_A2_N1_Mueller_MS_TechHub_IMP_THIDDIAXL003_Cas9_PhoX_DIA12_CV48_250ng_FAIMS_001 P1_SSFEKNPIDFLEAK P2_DKQSGK 5 2,DIA12_CV48:20251228_A2_N1_Mueller_MS_TechHub_IMP_THIDDIAXL003_Cas9_PhoX_DIA12_CV48_250ng_FAIMS_001,437029,,,Q99ZW2,,,false,Q99ZW2,Q99ZW2,,false,DKQSGK,SSFEKNPIDFLEAK,672,1172,2,5,673,1176,,-1,4,0,1.007276,4.445453
Scan: 1356836 Run: DIA12_CV48:20251228_A2_N1_Mueller_MS_TechHub_IMP_THIDDIAXL003_Cas9_PhoX_DIA12_CV48_250ng_FAIMS_003 P1_LKGSPEDNEQK P2_FKVLGNTDR 2 2,DIA12_CV48:20251228_A2_N1_Mueller_MS_TechHub_IMP_THIDDIAXL003_Cas9_PhoX_DIA12_CV48_250ng_FAIMS_003,1356836,,,Q99ZW2,,,false,Q99ZW2,Q99ZW2,,false,FKVLGNTDR,LKGSPEDNEQK,32,1245,2,2,33,1246,,-1,4,0,1.007276,4.445145
Scan: 838590 Run: DIA12_CV48:20251228_A2_N1_Mueller_MS_TechHub_IMP_THIDDIAXL003_Cas9_PhoX_DIA12_CV48_250ng_FAIMS_002 P1_NSDKLIAR P2_FKVLGNTDR 4 2,DIA12_CV48:20251228_A2_N1_Mueller_MS_TechHub_IMP_THIDDIAXL003_Cas9_PhoX_DIA12_CV48_250ng_FAIMS_002,838590,,,Q99ZW2,,,false,Q99ZW2,Q99ZW2,,false,FKVLGNTDR,NSDKLIAR,32,1115,2,4,33,1118,,-1,3,0,1.007276,4.444024
Scan: 879802 Run: DIA12_CV48:20251228_A2_N1_Mueller_MS_TechHub_IMP_THIDDIAXL003_Cas9_PhoX_DIA12_CV48_250ng_FAIMS_002 P1_KAIVDLLFK P2_FIKPILEKMDGTEELLVK 1 8,DIA12_CV48:20251228_A2_N1_Mueller_MS_TechHub_IMP_THIDDIAXL003_Cas9_PhoX_DIA12_CV48_250ng_FAIMS_002,879802,,,Q99ZW2,,,false,Q99ZW2,Q99ZW2,,false,FIKPILEKMDGTEELLVK,KAIVDLLFK,375,546,8,1,382,546,,-1,4,0,1.007276,4.443302
Scan: 1351279 Run: DIA12_CV48:20251228_A2_N1_Mueller_MS_TechHub_IMP_THIDDIAXL003_Cas9_PhoX_DIA12_CV48_250ng_FAIMS_003 P1_KFDNLTK P2_GNELALPSKYVNFLYLASHYEK 1 9,DIA12_CV48:20251228_A2_N1_Mueller_MS_TechHub_IMP_THIDDIAXL003_Cas9_PhoX_DIA12_CV48_250ng_FAIMS_003,1351279,,,Q99ZW2,,,false,Q99ZW2,Q99ZW2,,false,GNELALPSKYVNFLYLASHYEK,KFDNLTK,1223,896,9,1,1231,896,,-1,4,0,1.007276,4.441095
Scan: 902298 Run: DIA12_CV48:20251228_A2_N1_Mueller_MS_TechHub_IMP_THIDDIAXL003_Cas9_PhoX_DIA12_CV48_250ng_FAIMS_002 P1_YKEIFFDQSK P2_KSEETITPWNFEEVVDK 2 1,DIA12_CV48:20251228_A2_N1_Mueller_MS_TechHub_IMP_THIDDIAXL003_Cas9_PhoX_DIA12_CV48_250ng_FAIMS_002,902298,,,Q99ZW2,,,false,Q99ZW2,Q99ZW2,,false,KSEETITPWNFEEVVDK,YKEIFFDQSK,468,347,1,2,468,348,,-1,3,0,1.007276,4.440936
Scan: 304580 Run: DIA12_CV48:20251228_A2_N1_Mueller_MS_TechHub_IMP_THIDDIAXL003_Cas9_PhoX_DIA12_CV48_250ng_FAIMS_001 P1_VLAKLLTLDQHHEDYR P2_KSEETITPWNFEEVVDK 4 1,DIA12_CV48:20251228_A2_N1_Mueller_MS_TechHub_IMP_THIDDIAXL003_Cas9_PhoX_DIA12_CV48_250ng_FAIMS_001,304580,,,Q99ZW2,,,false,decoy:Q99ZW2,decoy,decoy,true,KSEETITPWNFEEVVDK,VLAKLLTLDQHHEDYR,468,325,1,4,468,328,,-1,4,0,1.007276,4.440224
Scan: 858710 Run: DIA12_CV48:20251228_A2_N1_Mueller_MS_TechHub_IMP_THIDDIAXL003_Cas9_PhoX_DIA12_CV48_250ng_FAIMS_002 P1_YKEIFFDQSK P2_KDFQFYK 2 1,DIA12_CV48:20251228_A2_N1_Mueller_MS_TechHub_IMP_THIDDIAXL003_Cas9_PhoX_DIA12_CV48_250ng_FAIMS_002,858710,,,Q99ZW2,,,false,Q99ZW2,Q99ZW2,,false,KDFQFYK,YKEIFFDQSK,968,347,1,2,968,348,,-1,4,0,1.007276,4.440186
Scan: 1622177 Run: DIA12_CV48:20251228_A2_N1_Mueller_MS_TechHub_IMP_THIDDIAXL003_Cas9_PhoX_DIA12_CV48_250ng_FAIMS_003 P1_KLINGIR P2_KKDWDPK 1 2,DIA12_CV48:20251228_A2_N1_Mueller_MS_TechHub_IMP_THIDDIAXL003_Cas9_PhoX_DIA12_CV48_250ng_FAIMS_003,1622177,,,Q99ZW2,,,false,Q99ZW2,Q99ZW2,,false,KKDWDPK,KLINGIR,1123,665,2,1,1124,665,,-1,3,0,1.007276,4.43951
Scan: 619841 Run: DIA12_CV48:20251228_A2_N1_Mueller_MS_TechHub_IMP_THIDDIAXL003_Cas9_PhoX_DIA12_CV48_250ng_FAIMS_002 P1_VKYVTEGMR P2_KRPLIETNGETGEIVWDK 2 1,DIA12_CV48:20251228_A2_N1_Mueller_MS_TechHub_IMP_THIDDIAXL003_Cas9_PhoX_DIA12_CV48_250ng_FAIMS_002,619841,,,Q99ZW2,,,false,Q99ZW2,Q99ZW2,,false,KRPLIETNGETGEIVWDK,VKYVTEGMR,1059,527,1,2,1059,528,,-1,4,0,1.007276,4.439051
Scan: 660886 Run: DIA12_CV48:20251228_A2_N1_Mueller_MS_TechHub_IMP_THIDDIAXL003_Cas9_PhoX_DIA12_CV48_250ng_FAIMS_002 P1_TEVQTGGFSKESILPK P2_KKDWDPK 10 1,DIA12_CV48:20251228_A2_N1_Mueller_MS_TechHub_IMP_THIDDIAXL003_Cas9_PhoX_DIA12_CV48_250ng_FAIMS_002,660886,,,Q99ZW2,,,false,Q99ZW2,Q99ZW2,,false,KKDWDPK,TEVQTGGFSKESILPK,1123,1098,1,10,1123,1107,,-1,3,0,1.007276,4.43842
Scan: 541988 Run: DIA12_CV48:20251228_A2_N1_Mueller_MS_TechHub_IMP_THIDDIAXL003_Cas9_PhoX_DIA12_CV48_250ng_FAIMS_001 P1_SDKNR P2_DDSIDNKVLTR 3 7,DIA12_CV48:20251228_A2_N1_Mueller_MS_TechHub_IMP_THIDDIAXL003_Cas9_PhoX_DIA12_CV48_250ng_FAIMS_001,541988,,,Q99ZW2,,,false,Q99ZW2,Q99ZW2,,false,DDSIDNKVLTR,SDKNR,849,860,7,3,855,862,,-1,3,0,1.007276,4.438244
Scan: 225646 Run: DIA12_CV48:20251228_A2_N1_Mueller_MS_TechHub_IMP_THIDDIAXL003_Cas9_PhoX_DIA12_CV48_250ng_FAIMS_001 P1_SNFDLAEDAKLQLSK P2_KDWDPK 10 1,DIA12_CV48:20251228_A2_N1_Mueller_MS_TechHub_IMP_THIDDIAXL003_Cas9_PhoX_DIA12_CV48_250ng_FAIMS_001,225646,,,Q99ZW2,,,false,Q99ZW2,Q99ZW2,,false,KDWDPK,SNFDLAEDAKLQLSK,1124,254,1,10,1124,263,,-1,4,0,1.007276,4.437702
Scan: 594480 Run: DIA12_CV48:20251228_A2_N1_Mueller_MS_TechHub_IMP_THIDDIAXL003_Cas9_PhoX_DIA12_CV48_250ng_FAIMS_001 P1_KDFQFYK P2_KDFQFYK 1 1,DIA12_CV48:20251228_A2_N1_Mueller_MS_TechHub_IMP_THIDDIAXL003_Cas9_PhoX_DIA12_CV48_250ng_FAIMS_001,594480,,,Q99ZW2,,,false,Q99ZW2,Q99ZW2,,false,KDFQFYK,KDFQFYK,968,968,1,1,968,968,,-1,3,0,1.007276,4.437604
Scan: 732804 Run: DIA12_CV48:20251228_A2_N1_Mueller_MS_TechHub_IMP_THIDDIAXL003_Cas9_PhoX_DIA12_CV48_250ng_FAIMS_002 P1_KDLIIK P2_FKVLGNTDR 1 2,DIA12_CV48:20251228_A2_N1_Mueller_MS_TechHub_IMP_THIDDIAXL003_Cas9_PhoX_DIA12_CV48_250ng_FAIMS_002,732804,,,Q99ZW2,,,false,Q99ZW2,Q99ZW2,,false,FKVLGNTDR,KDLIIK,32,1192,2,1,33,1192,,-1,3,0,1.007276,4.435317
Scan: 573295 Run: DIA12_CV48:20251228_A2_N1_Mueller_MS_TechHub_IMP_THIDDIAXL003_Cas9_PhoX_DIA12_CV48_250ng_FAIMS_001 P1_QITKHVAQILDSR P2_ELGSQILKEHPVENTQLQNEK 4 8,DIA12_CV48:20251228_A2_N1_Mueller_MS_TechHub_IMP_THIDDIAXL003_Cas9_PhoX_DIA12_CV48_250ng_FAIMS_001,573295,,,Q99ZW2,,,false,Q99ZW2,Q99ZW2,,false,ELGSQILKEHPVENTQLQNEK,QITKHVAQILDSR,790,926,8,4,797,929,,-1,5,0,1.007276,4.434876
Scan: 416214 Run: DIA12_CV48:20251228_A2_N1_Mueller_MS_TechHub_IMP_THIDDIAXL003_Cas9_PhoX_DIA12_CV48_250ng_FAIMS_001 P1_KIECFDSVEISGVEDR P2_KGILQTVK 1 1,DIA12_CV48:20251228_A2_N1_Mueller_MS_TechHub_IMP_THIDDIAXL003_Cas9_PhoX_DIA12_CV48_250ng_FAIMS_001,416214,,,Q99ZW2,,,false,Q99ZW2,Q99ZW2,,false,KGILQTVK,KIECFDSVEISGVEDR,735,571,1,1,735,571,,-1,4,0,1.007276,4.434772
Scan: 957411 Run: DIA12_CV48:20251228_A2_N1_Mueller_MS_TechHub_IMP_THIDDIAXL003_Cas9_PhoX_DIA12_CV48_250ng_FAIMS_002 P1_NLPNEKVLPK P2_KTEVQTGGFSKESILPK 6 11,DIA12_CV48:20251228_A2_N1_Mueller_MS_TechHub_IMP_THIDDIAXL003_Cas9_PhoX_DIA12_CV48_250ng_FAIMS_002,957411,,,Q99ZW2,,,false,Q99ZW2,Q99ZW2,,false,KTEVQTGGFSKESILPK,NLPNEKVLPK,1097,501,11,6,1107,506,,-1,4,0,1.007276,4.434271
Scan: 661559 Run: DIA12_CV48:20251228_A2_N1_Mueller_MS_TechHub_IMP_THIDDIAXL003_Cas9_PhoX_DIA12_CV48_250ng_FAIMS_002 P1_KTEVQTGGFSKESILPK P2_KDWDPK 11 1,DIA12_CV48:20251228_A2_N1_Mueller_MS_TechHub_IMP_THIDDIAXL003_Cas9_PhoX_DIA12_CV48_250ng_FAIMS_002,661559,,,Q99ZW2,,,false,Q99ZW2,Q99ZW2,,false,KDWDPK,KTEVQTGGFSKESILPK,1124,1097,1,11,1124,1107,,-1,4,0,1.007276,4.434058
Scan: 1555655 Run: DIA12_CV48:20251228_A2_N1_Mueller_MS_TechHub_IMP_THIDDIAXL003_Cas9_PhoX_DIA12_CV48_250ng_FAIMS_003 P1_VLPKHSLLYEYFTVYNELTK P2_KKDWDPK 4 1,DIA12_CV48:20251228_A2_N1_Mueller_MS_TechHub_IMP_THIDDIAXL003_Cas9_PhoX_DIA12_CV48_250ng_FAIMS_003,1555655,,,Q99ZW2,,,false,Q99ZW2,Q99ZW2,,false,KKDWDPK,VLPKHSLLYEYFTVYNELTK,1123,507,1,4,1123,510,,-1,4,0,1.007276,4.433817
Scan: 81989 Run: DIA12_CV48:20251228_A2_N1_Mueller_MS_TechHub_IMP_THIDDIAXL003_Cas9_PhoX_DIA12_CV48_250ng_FAIMS_001 P1_TEVQTGGFSKESILPK P2_RNSDKLIAR 10 5,DIA12_CV48:20251228_A2_N1_Mueller_MS_TechHub_IMP_THIDDIAXL003_Cas9_PhoX_DIA12_CV48_250ng_FAIMS_001,81989,,,Q99ZW2,,,false,Q99ZW2,Q99ZW2,,false,RNSDKLIAR,TEVQTGGFSKESILPK,1114,1098,5,10,1118,1107,,-1,4,0,1.007276,4.433648
Scan: 351071 Run: DIA12_CV48:20251228_A2_N1_Mueller_MS_TechHub_IMP_THIDDIAXL003_Cas9_PhoX_DIA12_CV48_250ng_FAIMS_001 P1_SEETITPWNFEEVVDKGASAQSFIER P2_EVKVITLK 16 3,DIA12_CV48:20251228_A2_N1_Mueller_MS_TechHub_IMP_THIDDIAXL003_Cas9_PhoX_DIA12_CV48_250ng_FAIMS_001,351071,,,Q99ZW2,,,false,Q99ZW2,Q99ZW2,,false,EVKVITLK,SEETITPWNFEEVVDKGASAQSFIER,952,469,3,16,954,484,,-1,4,0,1.007276,4.432083
Scan: 1534779 Run: DIA12_CV48:20251228_A2_N1_Mueller_MS_TechHub_IMP_THIDDIAXL003_Cas9_PhoX_DIA12_CV48_250ng_FAIMS_003 P1_TEVQTGGFSKESILPK P2_SEETITPWNFEEVVDKGASAQSFIER 10 16,DIA12_CV48:20251228_A2_N1_Mueller_MS_TechHub_IMP_THIDDIAXL003_Cas9_PhoX_DIA12_CV48_250ng_FAIMS_003,1534779,,,Q99ZW2,,,false,Q99ZW2,Q99ZW2,,false,SEETITPWNFEEVVDKGASAQSFIER,TEVQTGGFSKESILPK,469,1098,16,10,484,1107,,-1,5,0,1.007276,4.431296
Scan: 1604087 Run: DIA12_CV48:20251228_A2_N1_Mueller_MS_TechHub_IMP_THIDDIAXL003_Cas9_PhoX_DIA12_CV48_250ng_FAIMS_003 P1_YPKLESEFVYGDYK P2_KVTVK 3 1,DIA12_CV48:20251228_A2_N1_Mueller_MS_TechHub_IMP_THIDDIAXL003_Cas9_PhoX_DIA12_CV48_250ng_FAIMS_003,1604087,,,Q99ZW2,,,false,Q99ZW2,Q99ZW2,,false,KVTVK,YPKLESEFVYGDYK,558,1001,1,3,558,1003,,-1,3,0,1.007276,4.430619
Scan: 879848 Run: DIA12_CV48:20251228_A2_N1_Mueller_MS_TechHub_IMP_THIDDIAXL003_Cas9_PhoX_DIA12_CV48_250ng_FAIMS_002 P1_KVTVK P2_FIKPILEKMDGTEELLVK 1 8,DIA12_CV48:20251228_A2_N1_Mueller_MS_TechHub_IMP_THIDDIAXL003_Cas9_PhoX_DIA12_CV48_250ng_FAIMS_002,879848,,,Q99ZW2,,,false,Q99ZW2,Q99ZW2,,false,FIKPILEKMDGTEELLVK,KVTVK,375,558,8,1,382,558,,-1,3,0,1.007276,4.429979
Scan: 873410 Run: DIA12_CV48:20251228_A2_N1_Mueller_MS_TechHub_IMP_THIDDIAXL003_Cas9_PhoX_DIA12_CV48_250ng_FAIMS_002 P1_KLINGIR P2_FIKPILEKMDGTEELLVK 1 3,DIA12_CV48:20251228_A2_N1_Mueller_MS_TechHub_IMP_THIDDIAXL003_Cas9_PhoX_DIA12_CV48_250ng_FAIMS_002,873410,,,Q99ZW2,,,false,Q99ZW2,Q99ZW2,,false,FIKPILEKMDGTEELLVK,KLINGIR,375,665,3,1,377,665,,-1,4,0,1.007276,4.429265
Scan: 40635 Run: DIA12_CV48:20251228_A2_N1_Mueller_MS_TechHub_IMP_THIDDIAXL003_Cas9_PhoX_DIA12_CV48_250ng_FAIMS_001 P1_KTEVQTGGFSK P2_KGILQTVK 1 1,DIA12_CV48:20251228_A2_N1_Mueller_MS_TechHub_IMP_THIDDIAXL003_Cas9_PhoX_DIA12_CV48_250ng_FAIMS_001,40635,,,Q99ZW2,,,false,Q99ZW2,Q99ZW2,,false,KGILQTVK,KTEVQTGGFSK,735,1097,1,1,735,1097,,-1,4,0,1.007276,4.427984
Scan: 587832 Run: DIA12_CV48:20251228_A2_N1_Mueller_MS_TechHub_IMP_THIDDIAXL003_Cas9_PhoX_DIA12_CV48_250ng_FAIMS_001 P1_SKLVSDFRK P2_LKGSPEDNEQK 2 2,DIA12_CV48:20251228_A2_N1_Mueller_MS_TechHub_IMP_THIDDIAXL003_Cas9_PhoX_DIA12_CV48_250ng_FAIMS_001,587832,,,Q99ZW2,,,false,Q99ZW2,Q99ZW2,,false,LKGSPEDNEQK,SKLVSDFRK,1245,960,2,2,1246,961,,-1,4,0,1.007276,4.427845
Scan: 1650970 Run: DIA12_CV48:20251228_A2_N1_Mueller_MS_TechHub_IMP_THIDDIAXL003_Cas9_PhoX_DIA12_CV48_250ng_FAIMS_003 P1_EKIEKILTFR P2_EDIQKAQVSGQGDSLHEHIANLAGSPAIK 5 5,DIA12_CV48:20251228_A2_N1_Mueller_MS_TechHub_IMP_THIDDIAXL003_Cas9_PhoX_DIA12_CV48_250ng_FAIMS_003,1650970,,,Q99ZW2,,,false,Q99ZW2,Q99ZW2,,false,EDIQKAQVSGQGDSLHEHIANLAGSPAIK,EKIEKILTFR,706,438,5,5,710,442,,-1,6,0,1.007276,4.426774
Scan: 156333 Run: DIA12_CV48:20251228_A2_N1_Mueller_MS_TechHub_IMP_THIDDIAXL003_Cas9_PhoX_DIA12_CV48_250ng_FAIMS_001 P1_YKEIFFDQSK P2_GNELALPSKYVNFLYLASHYEK 2 9,DIA12_CV48:20251228_A2_N1_Mueller_MS_TechHub_IMP_THIDDIAXL003_Cas9_PhoX_DIA12_CV48_250ng_FAIMS_001,156333,,,Q99ZW2,,,false,Q99ZW2,Q99ZW2,,false,GNELALPSKYVNFLYLASHYEK,YKEIFFDQSK,1223,347,9,2,1231,348,,-1,4,0,1.007276,4.426245
Scan: 380110 Run: DIA12_CV48:20251228_A2_N1_Mueller_MS_TechHub_IMP_THIDDIAXL003_Cas9_PhoX_DIA12_CV48_250ng_FAIMS_001 P1_KPAFLSGEQK P2_HPIFGNIVDEVAYHEKYPTIYHLR 1 16,DIA12_CV48:20251228_A2_N1_Mueller_MS_TechHub_IMP_THIDDIAXL003_Cas9_PhoX_DIA12_CV48_250ng_FAIMS_001,380110,,,Q99ZW2,,,false,Q99ZW2,Q99ZW2,,false,HPIFGNIVDEVAYHEKYPTIYHLR,KPAFLSGEQK,116,536,16,1,131,536,,-1,4,0,1.007276,4.426033
Scan: 204262 Run: DIA12_CV48:20251228_A2_N1_Mueller_MS_TechHub_IMP_THIDDIAXL003_Cas9_PhoX_DIA12_CV48_250ng_FAIMS_001 P1_LSKSR P2_KLVDSTDK 3 1,DIA12_CV48:20251228_A2_N1_Mueller_MS_TechHub_IMP_THIDDIAXL003_Cas9_PhoX_DIA12_CV48_250ng_FAIMS_001,204262,,,Q99ZW2,,,false,Q99ZW2,Q99ZW2,,false,KLVDSTDK,LSKSR,141,216,1,3,141,218,,-1,3,0,1.007276,4.42573
Scan: 546267 Run: DIA12_CV48:20251228_A2_N1_Mueller_MS_TechHub_IMP_THIDDIAXL003_Cas9_PhoX_DIA12_CV48_250ng_FAIMS_001 P1_KPAFLSGEQK P2_GKSDNVPSEEVVKK 1 2,DIA12_CV48:20251228_A2_N1_Mueller_MS_TechHub_IMP_THIDDIAXL003_Cas9_PhoX_DIA12_CV48_250ng_FAIMS_001,546267,,,Q99ZW2,,,false,Q99ZW2,Q99ZW2,,false,GKSDNVPSEEVVKK,KPAFLSGEQK,865,536,2,1,866,536,,-1,3,0,1.007276,4.425704
Scan: 743674 Run: DIA12_CV48:20251228_A2_N1_Mueller_MS_TechHub_IMP_THIDDIAXL003_Cas9_PhoX_DIA12_CV48_250ng_FAIMS_002 P1_LPKYSLFELENGR P2_KLINGIR 3 1,DIA12_CV48:20251228_A2_N1_Mueller_MS_TechHub_IMP_THIDDIAXL003_Cas9_PhoX_DIA12_CV48_250ng_FAIMS_002,743674,,,Q99ZW2,,,false,Q99ZW2,Q99ZW2,,false,KLINGIR,LPKYSLFELENGR,665,1198,1,3,665,1200,,-1,3,0,1.007276,4.425536
Scan: 1357366 Run: DIA12_CV48:20251228_A2_N1_Mueller_MS_TechHub_IMP_THIDDIAXL003_Cas9_PhoX_DIA12_CV48_250ng_FAIMS_003 P1_LKGSPEDNEQK P2_EDIQKAQVSGQGDSLHEHIANLAGSPAIK 2 5,DIA12_CV48:20251228_A2_N1_Mueller_MS_TechHub_IMP_THIDDIAXL003_Cas9_PhoX_DIA12_CV48_250ng_FAIMS_003,1357366,,,Q99ZW2,,,false,Q99ZW2,Q99ZW2,,false,EDIQKAQVSGQGDSLHEHIANLAGSPAIK,LKGSPEDNEQK,706,1245,5,2,710,1246,,-1,5,0,1.007276,4.42544
Scan: 785295 Run: DIA12_CV48:20251228_A2_N1_Mueller_MS_TechHub_IMP_THIDDIAXL003_Cas9_PhoX_DIA12_CV48_250ng_FAIMS_002 P1_VLSAYNKHR P2_DKPIREQAENIIHLFTLTNLGAPAAFK 7 2,DIA12_CV48:20251228_A2_N1_Mueller_MS_TechHub_IMP_THIDDIAXL003_Cas9_PhoX_DIA12_CV48_250ng_FAIMS_002,785295,,,Q99ZW2,,,false,Q99ZW2,Q99ZW2,,false,DKPIREQAENIIHLFTLTNLGAPAAFK,VLSAYNKHR,1299,1290,2,7,1300,1296,,-1,5,0,1.007276,4.424793
Scan: 147076 Run: DIA12_CV48:20251228_A2_N1_Mueller_MS_TechHub_IMP_THIDDIAXL003_Cas9_PhoX_DIA12_CV48_250ng_FAIMS_001 P1_SKLVSDFR P2_LPKYSLFELENGR 2 3,DIA12_CV48:20251228_A2_N1_Mueller_MS_TechHub_IMP_THIDDIAXL003_Cas9_PhoX_DIA12_CV48_250ng_FAIMS_001,147076,,,Q99ZW2,,,false,Q99ZW2,Q99ZW2,,false,LPKYSLFELENGR,SKLVSDFR,1198,960,3,2,1200,961,,-1,4,0,1.007276,4.424112
Scan: 1165463 Run: DIA12_CV48:20251228_A2_N1_Mueller_MS_TechHub_IMP_THIDDIAXL003_Cas9_PhoX_DIA12_CV48_250ng_FAIMS_002 P1_KFDNLTK P2_GGLSELDKAGFIK 1 8,DIA12_CV48:20251228_A2_N1_Mueller_MS_TechHub_IMP_THIDDIAXL003_Cas9_PhoX_DIA12_CV48_250ng_FAIMS_002,1165463,,,Q99ZW2,,,false,Q99ZW2,Q99ZW2,,false,GGLSELDKAGFIK,KFDNLTK,906,896,8,1,913,896,,-1,3,0,1.007276,4.421981
Scan: 1292130 Run: DIA12_CV48:20251228_A2_N1_Mueller_MS_TechHub_IMP_THIDDIAXL003_Cas9_PhoX_DIA12_CV48_250ng_FAIMS_003 P1_KYGGFDSPTVAYSVLVVAK P2_KKDWDPK 1 2,DIA12_CV48:20251228_A2_N1_Mueller_MS_TechHub_IMP_THIDDIAXL003_Cas9_PhoX_DIA12_CV48_250ng_FAIMS_003,1292130,,,Q99ZW2,,,false,Q99ZW2,Q99ZW2,,false,KKDWDPK,KYGGFDSPTVAYSVLVVAK,1123,1130,2,1,1124,1130,,-1,4,0,1.007276,4.421903
Scan: 292815 Run: DIA12_CV48:20251228_A2_N1_Mueller_MS_TechHub_IMP_THIDDIAXL003_Cas9_PhoX_DIA12_CV48_250ng_FAIMS_001 P1_NLPNEKVLPK P2_IEKILTFR 6 3,DIA12_CV48:20251228_A2_N1_Mueller_MS_TechHub_IMP_THIDDIAXL003_Cas9_PhoX_DIA12_CV48_250ng_FAIMS_001,292815,,,Q99ZW2,,,false,Q99ZW2,Q99ZW2,,false,IEKILTFR,NLPNEKVLPK,440,501,3,6,442,506,,-1,3,0,1.007276,4.421699
Scan: 1226704 Run: DIA12_CV48:20251228_A2_N1_Mueller_MS_TechHub_IMP_THIDDIAXL003_Cas9_PhoX_DIA12_CV48_250ng_FAIMS_003 P1_KVLSMPQVNIVK P2_FKVLGNTDR 1 2,DIA12_CV48:20251228_A2_N1_Mueller_MS_TechHub_IMP_THIDDIAXL003_Cas9_PhoX_DIA12_CV48_250ng_FAIMS_003,1226704,,,Q99ZW2,,,false,Q99ZW2,Q99ZW2,,false,FKVLGNTDR,KVLSMPQVNIVK,32,1085,2,1,33,1085,,-1,4,0,1.007276,4.421319
Scan: 241229 Run: DIA12_CV48:20251228_A2_N1_Mueller_MS_TechHub_IMP_THIDDIAXL003_Cas9_PhoX_DIA12_CV48_250ng_FAIMS_001 P1_RPLIETNGETGEIVWDKGR P2_FKVLGNTDR 17 2,DIA12_CV48:20251228_A2_N1_Mueller_MS_TechHub_IMP_THIDDIAXL003_Cas9_PhoX_DIA12_CV48_250ng_FAIMS_001,241229,,,Q99ZW2,,,false,Q99ZW2,Q99ZW2,,false,FKVLGNTDR,RPLIETNGETGEIVWDKGR,32,1060,2,17,33,1076,,-1,4,0,1.007276,4.421228
Scan: 227985 Run: DIA12_CV48:20251228_A2_N1_Mueller_MS_TechHub_IMP_THIDDIAXL003_Cas9_PhoX_DIA12_CV48_250ng_FAIMS_001 P1_SNFDLAEDAKLQLSK P2_KVTVK 10 1,DIA12_CV48:20251228_A2_N1_Mueller_MS_TechHub_IMP_THIDDIAXL003_Cas9_PhoX_DIA12_CV48_250ng_FAIMS_001,227985,,,Q99ZW2,,,false,Q99ZW2,Q99ZW2,,false,KVTVK,SNFDLAEDAKLQLSK,558,254,1,10,558,263,,-1,3,0,1.007276,4.419655
Scan: 1340382 Run: DIA12_CV48:20251228_A2_N1_Mueller_MS_TechHub_IMP_THIDDIAXL003_Cas9_PhoX_DIA12_CV48_250ng_FAIMS_003 P1_LPKYSLFELENGR P2_KPAFLSGEQK 3 1,DIA12_CV48:20251228_A2_N1_Mueller_MS_TechHub_IMP_THIDDIAXL003_Cas9_PhoX_DIA12_CV48_250ng_FAIMS_003,1340382,,,Q99ZW2,,,false,Q99ZW2,Q99ZW2,,false,KPAFLSGEQK,LPKYSLFELENGR,536,1198,1,3,536,1200,,-1,4,0,1.007276,4.419364
Scan: 377792 Run: DIA12_CV48:20251228_A2_N1_Mueller_MS_TechHub_IMP_THIDDIAXL003_Cas9_PhoX_DIA12_CV48_250ng_FAIMS_001 P1_NSDKLIAR P2_KPAFLSGEQKK 4 1,DIA12_CV48:20251228_A2_N1_Mueller_MS_TechHub_IMP_THIDDIAXL003_Cas9_PhoX_DIA12_CV48_250ng_FAIMS_001,377792,,,Q99ZW2,,,false,Q99ZW2,Q99ZW2,,false,KPAFLSGEQKK,NSDKLIAR,536,1115,1,4,536,1118,,-1,3,0,1.007276,4.418526
Scan: 1146289 Run: DIA12_CV48:20251228_A2_N1_Mueller_MS_TechHub_IMP_THIDDIAXL003_Cas9_PhoX_DIA12_CV48_250ng_FAIMS_002 P1_YDENDKLIR P2_GKSDNVPSEEVVK 6 2,DIA12_CV48:20251228_A2_N1_Mueller_MS_TechHub_IMP_THIDDIAXL003_Cas9_PhoX_DIA12_CV48_250ng_FAIMS_002,1146289,,,Q99ZW2,,,false,Q99ZW2,Q99ZW2,,false,GKSDNVPSEEVVK,YDENDKLIR,865,943,2,6,866,948,,-1,3,0,1.007276,4.418039
Scan: 1411743 Run: DIA12_CV48:20251228_A2_N1_Mueller_MS_TechHub_IMP_THIDDIAXL003_Cas9_PhoX_DIA12_CV48_250ng_FAIMS_003 P1_KNGLFGNLIALSLGLTPNFK P2_FKVLGNTDR 1 2,DIA12_CV48:20251228_A2_N1_Mueller_MS_TechHub_IMP_THIDDIAXL003_Cas9_PhoX_DIA12_CV48_250ng_FAIMS_003,1411743,,,Q99ZW2,,,false,Q99ZW2,Q99ZW2,,false,FKVLGNTDR,KNGLFGNLIALSLGLTPNFK,32,234,2,1,33,234,,-1,4,0,1.007276,4.417357
Scan: 95875 Run: DIA12_CV48:20251228_A2_N1_Mueller_MS_TechHub_IMP_THIDDIAXL003_Cas9_PhoX_DIA12_CV48_250ng_FAIMS_001 P1_KLINGIR P2_KKDWDPK 1 1,DIA12_CV48:20251228_A2_N1_Mueller_MS_TechHub_IMP_THIDDIAXL003_Cas9_PhoX_DIA12_CV48_250ng_FAIMS_001,95875,,,Q99ZW2,,,false,Q99ZW2,Q99ZW2,,false,KKDWDPK,KLINGIR,1123,665,1,1,1123,665,,-1,3,0,1.007276,4.41448
Scan: 887514 Run: DIA12_CV48:20251228_A2_N1_Mueller_MS_TechHub_IMP_THIDDIAXL003_Cas9_PhoX_DIA12_CV48_250ng_FAIMS_002 P1_SEETITPWNFEEVVDKGASAQSFIER P2_EKIEKILTFR 16 2,DIA12_CV48:20251228_A2_N1_Mueller_MS_TechHub_IMP_THIDDIAXL003_Cas9_PhoX_DIA12_CV48_250ng_FAIMS_002,887514,,,Q99ZW2,,,false,Q99ZW2,Q99ZW2,,false,EKIEKILTFR,SEETITPWNFEEVVDKGASAQSFIER,438,469,2,16,439,484,,-1,5,0,1.007276,4.414449
Scan: 1699063 Run: DIA12_CV48:20251228_A2_N1_Mueller_MS_TechHub_IMP_THIDDIAXL003_Cas9_PhoX_DIA12_CV48_250ng_FAIMS_003 P1_MNTKYDENDKLIR P2_HKPENIVIEMAR 4 2,DIA12_CV48:20251228_A2_N1_Mueller_MS_TechHub_IMP_THIDDIAXL003_Cas9_PhoX_DIA12_CV48_250ng_FAIMS_003,1699063,,,Q99ZW2,,,false,Q99ZW2,Q99ZW2,,false,HKPENIVIEMAR,MNTKYDENDKLIR,754,939,2,4,755,942,,-1,4,0,1.007276,4.41395
Scan: 1754823 Run: DIA12_CV48:20251228_A2_N1_Mueller_MS_TechHub_IMP_THIDDIAXL003_Cas9_PhoX_DIA12_CV48_250ng_FAIMS_003 P1_LKGSPEDNEQK P2_KFDNLTK 2 1,DIA12_CV48:20251228_A2_N1_Mueller_MS_TechHub_IMP_THIDDIAXL003_Cas9_PhoX_DIA12_CV48_250ng_FAIMS_003,1754823,,,Q99ZW2,,,false,Q99ZW2,Q99ZW2,,false,KFDNLTK,LKGSPEDNEQK,896,1245,1,2,896,1246,,-1,3,0,1.007276,4.413694
Scan: 947883 Run: DIA12_CV48:20251228_A2_N1_Mueller_MS_TechHub_IMP_THIDDIAXL003_Cas9_PhoX_DIA12_CV48_250ng_FAIMS_002 P1_SEETITPWNFEEVVDKGASAQSFIER P2_KFDNLTK 16 1,DIA12_CV48:20251228_A2_N1_Mueller_MS_TechHub_IMP_THIDDIAXL003_Cas9_PhoX_DIA12_CV48_250ng_FAIMS_002,947883,,,Q99ZW2,,,false,Q99ZW2,Q99ZW2,,false,KFDNLTK,SEETITPWNFEEVVDKGASAQSFIER,896,469,1,16,896,484,,-1,4,0,1.007276,4.413393
Scan: 385705 Run: DIA12_CV48:20251228_A2_N1_Mueller_MS_TechHub_IMP_THIDDIAXL003_Cas9_PhoX_DIA12_CV48_250ng_FAIMS_001 P1_KPAFLSGEQK P2_AIVDLLFKTNR 1 8,DIA12_CV48:20251228_A2_N1_Mueller_MS_TechHub_IMP_THIDDIAXL003_Cas9_PhoX_DIA12_CV48_250ng_FAIMS_001,385705,,,Q99ZW2,,,false,Q99ZW2,Q99ZW2,,false,AIVDLLFKTNR,KPAFLSGEQK,547,536,8,1,554,536,,-1,3,0,1.007276,4.412497
Scan: 1138828 Run: DIA12_CV48:20251228_A2_N1_Mueller_MS_TechHub_IMP_THIDDIAXL003_Cas9_PhoX_DIA12_CV48_250ng_FAIMS_002 P1_GQKNSR P2_DDSIDNKVLTR 3 7,DIA12_CV48:20251228_A2_N1_Mueller_MS_TechHub_IMP_THIDDIAXL003_Cas9_PhoX_DIA12_CV48_250ng_FAIMS_002,1138828,,,Q99ZW2,,,false,Q99ZW2,Q99ZW2,,false,DDSIDNKVLTR,GQKNSR,849,773,7,3,855,775,,-1,3,0,1.007276,4.412129
Scan: 1637389 Run: DIA12_CV48:20251228_A2_N1_Mueller_MS_TechHub_IMP_THIDDIAXL003_Cas9_PhoX_DIA12_CV48_250ng_FAIMS_003 P1_VILADANLDKVLSAYNK P2_TILDFLKSDGFANR 10 7,DIA12_CV48:20251228_A2_N1_Mueller_MS_TechHub_IMP_THIDDIAXL003_Cas9_PhoX_DIA12_CV48_250ng_FAIMS_003,1637389,,,Q99ZW2,,,false,Q99ZW2,Q99ZW2,,false,TILDFLKSDGFANR,VILADANLDKVLSAYNK,678,1280,7,10,684,1289,,-1,4,0,1.007276,4.412011
Scan: 32358 Run: DIA12_CV48:20251228_A2_N1_Mueller_MS_TechHub_IMP_THIDDIAXL003_Cas9_PhoX_DIA12_CV48_250ng_FAIMS_001 P1_VNTEITKAPLSASMIK P2_KVLSMPQVNIVK 7 1,DIA12_CV48:20251228_A2_N1_Mueller_MS_TechHub_IMP_THIDDIAXL003_Cas9_PhoX_DIA12_CV48_250ng_FAIMS_001,32358,,,Q99ZW2,,,false,Q99ZW2,Q99ZW2,,false,KVLSMPQVNIVK,VNTEITKAPLSASMIK,1085,308,1,7,1085,314,,-1,4,0,1.007276,4.411719
Scan: 145347 Run: DIA12_CV48:20251228_A2_N1_Mueller_MS_TechHub_IMP_THIDDIAXL003_Cas9_PhoX_DIA12_CV48_250ng_FAIMS_001 P1_LPKYSLFELENGR P2_EQAENIIHLFTLTNLGAPAAFKYFDTTIDR 3 22,DIA12_CV48:20251228_A2_N1_Mueller_MS_TechHub_IMP_THIDDIAXL003_Cas9_PhoX_DIA12_CV48_250ng_FAIMS_001,145347,,,Q99ZW2,,,false,Q99ZW2,Q99ZW2,,false,EQAENIIHLFTLTNLGAPAAFKYFDTTIDR,LPKYSLFELENGR,1304,1198,22,3,1325,1200,,-1,5,0,1.007276,4.410502
Scan: 1697643 Run: DIA12_CV48:20251228_A2_N1_Mueller_MS_TechHub_IMP_THIDDIAXL003_Cas9_PhoX_DIA12_CV48_250ng_FAIMS_003 P1_VVDELVKVMGR P2_MTNFDKNLPNEK 7 6,DIA12_CV48:20251228_A2_N1_Mueller_MS_TechHub_IMP_THIDDIAXL003_Cas9_PhoX_DIA12_CV48_250ng_FAIMS_003,1697643,,,Q99ZW2,,,false,Q99ZW2,Q99ZW2,,false,MTNFDKNLPNEK,VVDELVKVMGR,495,743,6,7,500,749,,-1,3,0,1.007276,4.409801
Scan: 1487305 Run: DIA12_CV48:20251228_A2_N1_Mueller_MS_TechHub_IMP_THIDDIAXL003_Cas9_PhoX_DIA12_CV48_250ng_FAIMS_003 P1_KPAFLSGEQK P2_EKIEKILTFR 1 5,DIA12_CV48:20251228_A2_N1_Mueller_MS_TechHub_IMP_THIDDIAXL003_Cas9_PhoX_DIA12_CV48_250ng_FAIMS_003,1487305,,,Q99ZW2,,,false,Q99ZW2,Q99ZW2,,false,EKIEKILTFR,KPAFLSGEQK,438,536,5,1,442,536,,-1,3,0,1.007276,4.409791
Scan: 37204 Run: DIA12_CV48:20251228_A2_N1_Mueller_MS_TechHub_IMP_THIDDIAXL003_Cas9_PhoX_DIA12_CV48_250ng_FAIMS_001 P1_LPKYSLFELENGR P2_KTEVQTGGFSK 3 1,DIA12_CV48:20251228_A2_N1_Mueller_MS_TechHub_IMP_THIDDIAXL003_Cas9_PhoX_DIA12_CV48_250ng_FAIMS_001,37204,,,Q99ZW2,,,false,Q99ZW2,Q99ZW2,,false,KTEVQTGGFSK,LPKYSLFELENGR,1097,1198,1,3,1097,1200,,-1,4,0,1.007276,4.409681
Scan: 436950 Run: DIA12_CV48:20251228_A2_N1_Mueller_MS_TechHub_IMP_THIDDIAXL003_Cas9_PhoX_DIA12_CV48_250ng_FAIMS_001 P1_KKDWDPK P2_DKQSGK 1 2,DIA12_CV48:20251228_A2_N1_Mueller_MS_TechHub_IMP_THIDDIAXL003_Cas9_PhoX_DIA12_CV48_250ng_FAIMS_001,436950,,,Q99ZW2,,,false,Q99ZW2,Q99ZW2,,false,DKQSGK,KKDWDPK,672,1123,2,1,673,1123,,-1,3,0,1.007276,4.40967
Scan: 887747 Run: DIA12_CV48:20251228_A2_N1_Mueller_MS_TechHub_IMP_THIDDIAXL003_Cas9_PhoX_DIA12_CV48_250ng_FAIMS_002 P1_YDENDKLIR P2_EKIEKILTFR 6 2,DIA12_CV48:20251228_A2_N1_Mueller_MS_TechHub_IMP_THIDDIAXL003_Cas9_PhoX_DIA12_CV48_250ng_FAIMS_002,887747,,,Q99ZW2,,,false,Q99ZW2,Q99ZW2,,false,EKIEKILTFR,YDENDKLIR,438,943,2,6,439,948,,-1,4,0,1.007276,4.409272
Scan: 1503507 Run: DIA12_CV48:20251228_A2_N1_Mueller_MS_TechHub_IMP_THIDDIAXL003_Cas9_PhoX_DIA12_CV48_250ng_FAIMS_003 P1_KSEETITPWNFEEVVDK P2_KPAFLSGEQKK 1 1,DIA12_CV48:20251228_A2_N1_Mueller_MS_TechHub_IMP_THIDDIAXL003_Cas9_PhoX_DIA12_CV48_250ng_FAIMS_003,1503507,,,Q99ZW2,,,false,Q99ZW2,Q99ZW2,,false,KPAFLSGEQKK,KSEETITPWNFEEVVDK,536,468,1,1,536,468,,-1,4,0,1.007276,4.408345
Scan: 1650837 Run: DIA12_CV48:20251228_A2_N1_Mueller_MS_TechHub_IMP_THIDDIAXL003_Cas9_PhoX_DIA12_CV48_250ng_FAIMS_003 P1_EKIEKILTFR P2_EDIQKAQVSGQGDSLHEHIANLAGSPAIK 5 5,DIA12_CV48:20251228_A2_N1_Mueller_MS_TechHub_IMP_THIDDIAXL003_Cas9_PhoX_DIA12_CV48_250ng_FAIMS_003,1650837,,,Q99ZW2,,,false,Q99ZW2,Q99ZW2,,false,EDIQKAQVSGQGDSLHEHIANLAGSPAIK,EKIEKILTFR,706,438,5,5,710,442,,-1,4,0,1.007276,4.408043
Scan: 684760 Run: DIA12_CV48:20251228_A2_N1_Mueller_MS_TechHub_IMP_THIDDIAXL003_Cas9_PhoX_DIA12_CV48_250ng_FAIMS_002 P1_VNTEITKAPLSASMIK P2_NSDKLIAR 7 4,DIA12_CV48:20251228_A2_N1_Mueller_MS_TechHub_IMP_THIDDIAXL003_Cas9_PhoX_DIA12_CV48_250ng_FAIMS_002,684760,,,Q99ZW2,,,false,Q99ZW2,Q99ZW2,,false,NSDKLIAR,VNTEITKAPLSASMIK,1115,308,4,7,1118,314,,-1,4,0,1.007276,4.408002
Scan: 198693 Run: DIA12_CV48:20251228_A2_N1_Mueller_MS_TechHub_IMP_THIDDIAXL003_Cas9_PhoX_DIA12_CV48_250ng_FAIMS_001 P1_YTSTKEVLDATLIHQSITGLYETR P2_FKVLGNTDR 5 2,DIA12_CV48:20251228_A2_N1_Mueller_MS_TechHub_IMP_THIDDIAXL003_Cas9_PhoX_DIA12_CV48_250ng_FAIMS_001,198693,,,Q99ZW2,,,false,Q99ZW2,Q99ZW2,,false,FKVLGNTDR,YTSTKEVLDATLIHQSITGLYETR,32,1336,2,5,33,1340,,-1,5,0,1.007276,4.407778
Scan: 1449448 Run: DIA12_CV48:20251228_A2_N1_Mueller_MS_TechHub_IMP_THIDDIAXL003_Cas9_PhoX_DIA12_CV48_250ng_FAIMS_003 P1_YKEIFFDQSK P2_DLIIKLPK 2 5,DIA12_CV48:20251228_A2_N1_Mueller_MS_TechHub_IMP_THIDDIAXL003_Cas9_PhoX_DIA12_CV48_250ng_FAIMS_003,1449448,,,Q99ZW2,,,false,Q99ZW2,Q99ZW2,,false,DLIIKLPK,YKEIFFDQSK,1193,347,5,2,1197,348,,-1,3,0,1.007276,4.406568
Scan: 77301 Run: DIA12_CV48:20251228_A2_N1_Mueller_MS_TechHub_IMP_THIDDIAXL003_Cas9_PhoX_DIA12_CV48_250ng_FAIMS_001 P1_YKEIFFDQSK P2_LEESFLVEEDKKHER 2 11,DIA12_CV48:20251228_A2_N1_Mueller_MS_TechHub_IMP_THIDDIAXL003_Cas9_PhoX_DIA12_CV48_250ng_FAIMS_001,77301,,,Q99ZW2,,,false,Q99ZW2,Q99ZW2,,false,LEESFLVEEDKKHER,YKEIFFDQSK,101,347,11,2,111,348,,-1,4,0,1.007276,4.406322
Scan: 1631104 Run: DIA12_CV48:20251228_A2_N1_Mueller_MS_TechHub_IMP_THIDDIAXL003_Cas9_PhoX_DIA12_CV48_250ng_FAIMS_003 P1_RNSDKLIAR P2_DKQSGK 5 2,DIA12_CV48:20251228_A2_N1_Mueller_MS_TechHub_IMP_THIDDIAXL003_Cas9_PhoX_DIA12_CV48_250ng_FAIMS_003,1631104,,,Q99ZW2,,,false,Q99ZW2,Q99ZW2,,false,DKQSGK,RNSDKLIAR,672,1114,2,5,673,1118,,-1,3,0,1.007276,4.405762
Scan: 1650867 Run: DIA12_CV48:20251228_A2_N1_Mueller_MS_TechHub_IMP_THIDDIAXL003_Cas9_PhoX_DIA12_CV48_250ng_FAIMS_003 P1_EKIEKILTFR P2_EDIQKAQVSGQGDSLHEHIANLAGSPAIK 5 5,DIA12_CV48:20251228_A2_N1_Mueller_MS_TechHub_IMP_THIDDIAXL003_Cas9_PhoX_DIA12_CV48_250ng_FAIMS_003,1650867,,,Q99ZW2,,,false,Q99ZW2,Q99ZW2,,false,EDIQKAQVSGQGDSLHEHIANLAGSPAIK,EKIEKILTFR,706,438,5,5,710,442,,-1,5,0,1.007276,4.404908
Scan: 510420 Run: DIA12_CV48:20251228_A2_N1_Mueller_MS_TechHub_IMP_THIDDIAXL003_Cas9_PhoX_DIA12_CV48_250ng_FAIMS_001 P1_VITLKSK P2_ENQTTQKGQK 5 7,DIA12_CV48:20251228_A2_N1_Mueller_MS_TechHub_IMP_THIDDIAXL003_Cas9_PhoX_DIA12_CV48_250ng_FAIMS_001,510420,,,Q99ZW2,,,false,Q99ZW2,Q99ZW2,,false,ENQTTQKGQK,VITLKSK,766,955,7,5,772,959,,-1,3,0,1.007276,4.4047
Scan: 1260358 Run: DIA12_CV48:20251228_A2_N1_Mueller_MS_TechHub_IMP_THIDDIAXL003_Cas9_PhoX_DIA12_CV48_250ng_FAIMS_003 P1_KYGGFDSPTVAYSVLVVAK P2_KTEVQTGGFSKESILPK 1 11,DIA12_CV48:20251228_A2_N1_Mueller_MS_TechHub_IMP_THIDDIAXL003_Cas9_PhoX_DIA12_CV48_250ng_FAIMS_003,1260358,,,Q99ZW2,,,false,Q99ZW2,Q99ZW2,,false,KTEVQTGGFSKESILPK,KYGGFDSPTVAYSVLVVAK,1097,1130,11,1,1107,1130,,-1,4,0,1.007276,4.404518
Scan: 6794 Run: DIA12_CV48:20251228_A2_N1_Mueller_MS_TechHub_IMP_THIDDIAXL003_Cas9_PhoX_DIA12_CV48_250ng_FAIMS_001 P1_LESEFVYGDYKVYDVR P2_KNLIGALLFDSGETAEATR 11 1,DIA12_CV48:20251228_A2_N1_Mueller_MS_TechHub_IMP_THIDDIAXL003_Cas9_PhoX_DIA12_CV48_250ng_FAIMS_001,6794,,,Q99ZW2,,,false,Q99ZW2,Q99ZW2,,false,KNLIGALLFDSGETAEATR,LESEFVYGDYKVYDVR,45,1004,1,11,45,1014,,-1,5,0,1.007276,4.401509
Scan: 1766069 Run: DIA12_CV48:20251228_A2_N1_Mueller_MS_TechHub_IMP_THIDDIAXL003_Cas9_PhoX_DIA12_CV48_250ng_FAIMS_003 P1_QITKHVAQILDSR P2_IEKILTFR 4 3,DIA12_CV48:20251228_A2_N1_Mueller_MS_TechHub_IMP_THIDDIAXL003_Cas9_PhoX_DIA12_CV48_250ng_FAIMS_003,1766069,,,Q99ZW2,,,false,Q99ZW2,Q99ZW2,,false,IEKILTFR,QITKHVAQILDSR,440,926,3,4,442,929,,-1,4,0,1.007276,4.401225
Scan: 429354 Run: DIA12_CV48:20251228_A2_N1_Mueller_MS_TechHub_IMP_THIDDIAXL003_Cas9_PhoX_DIA12_CV48_250ng_FAIMS_001 P1_KLINGIR P2_IEKILTFR 1 3,DIA12_CV48:20251228_A2_N1_Mueller_MS_TechHub_IMP_THIDDIAXL003_Cas9_PhoX_DIA12_CV48_250ng_FAIMS_001,429354,,,Q99ZW2,,,false,Q99ZW2,Q99ZW2,,false,IEKILTFR,KLINGIR,440,665,3,1,442,665,,-1,4,0,1.007276,4.401125
Scan: 1781672 Run: DIA12_CV48:20251228_A2_N1_Mueller_MS_TechHub_IMP_THIDDIAXL003_Cas9_PhoX_DIA12_CV48_250ng_FAIMS_003 P1_SKLVSDFR P2_KTEVQTGGFSK 2 1,DIA12_CV48:20251228_A2_N1_Mueller_MS_TechHub_IMP_THIDDIAXL003_Cas9_PhoX_DIA12_CV48_250ng_FAIMS_003,1781672,,,Q99ZW2,,,false,Q99ZW2,Q99ZW2,,false,KTEVQTGGFSK,SKLVSDFR,1097,960,1,2,1097,961,,-1,4,0,1.007276,4.400516
Scan: 1788220 Run: DIA12_CV48:20251228_A2_N1_Mueller_MS_TechHub_IMP_THIDDIAXL003_Cas9_PhoX_DIA12_CV48_250ng_FAIMS_003 P1_KGILQTVK P2_KDFQFYK 1 1,DIA12_CV48:20251228_A2_N1_Mueller_MS_TechHub_IMP_THIDDIAXL003_Cas9_PhoX_DIA12_CV48_250ng_FAIMS_003,1788220,,,Q99ZW2,,,false,Q99ZW2,Q99ZW2,,false,KDFQFYK,KGILQTVK,968,735,1,1,968,735,,-1,3,0,1.007276,4.399737
Scan: 853085 Run: DIA12_CV48:20251228_A2_N1_Mueller_MS_TechHub_IMP_THIDDIAXL003_Cas9_PhoX_DIA12_CV48_250ng_FAIMS_002 P1_YKEIFFDQSK P2_LDAKDTSDVLR 2 4,DIA12_CV48:20251228_A2_N1_Mueller_MS_TechHub_IMP_THIDDIAXL003_Cas9_PhoX_DIA12_CV48_250ng_FAIMS_002,853085,,,decoy:Q99ZW2,decoy,decoy,true,Q99ZW2,Q99ZW2,,false,LDAKDTSDVLR,YKEIFFDQSK,142,347,4,2,145,348,,-1,3,0,1.007276,4.399288
Scan: 185808 Run: DIA12_CV48:20251228_A2_N1_Mueller_MS_TechHub_IMP_THIDDIAXL003_Cas9_PhoX_DIA12_CV48_250ng_FAIMS_001 P1_HKNYASLVR P2_DKPIR 2 2,DIA12_CV48:20251228_A2_N1_Mueller_MS_TechHub_IMP_THIDDIAXL003_Cas9_PhoX_DIA12_CV48_250ng_FAIMS_001,185808,,,Q99ZW2,,,false,decoy:Q99ZW2,decoy,decoy,true,DKPIR,HKNYASLVR,1299,1290,2,2,1300,1291,,-1,5,0,1.007276,4.398159
Scan: 1026556 Run: DIA12_CV48:20251228_A2_N1_Mueller_MS_TechHub_IMP_THIDDIAXL003_Cas9_PhoX_DIA12_CV48_250ng_FAIMS_002 P1_KLINGIR P2_FTLIKEIR 1 5,DIA12_CV48:20251228_A2_N1_Mueller_MS_TechHub_IMP_THIDDIAXL003_Cas9_PhoX_DIA12_CV48_250ng_FAIMS_002,1026556,,,decoy:Q99ZW2,decoy,decoy,true,Q99ZW2,Q99ZW2,,false,FTLIKEIR,KLINGIR,440,665,5,1,444,665,,-1,3,0,1.007276,4.398128
Scan: 742561 Run: DIA12_CV48:20251228_A2_N1_Mueller_MS_TechHub_IMP_THIDDIAXL003_Cas9_PhoX_DIA12_CV48_250ng_FAIMS_002 P1_LPKYSLFELENGR P2_FKVLGNTDR 3 2,DIA12_CV48:20251228_A2_N1_Mueller_MS_TechHub_IMP_THIDDIAXL003_Cas9_PhoX_DIA12_CV48_250ng_FAIMS_002,742561,,,Q99ZW2,,,false,Q99ZW2,Q99ZW2,,false,FKVLGNTDR,LPKYSLFELENGR,32,1198,2,3,33,1200,,-1,4,0,1.007276,4.398015
Scan: 603065 Run: DIA12_CV48:20251228_A2_N1_Mueller_MS_TechHub_IMP_THIDDIAXL003_Cas9_PhoX_DIA12_CV48_250ng_FAIMS_002 P1_LESEFVYGDYKVYDVR P2_LESEFVYGDYKVYDVR 11 11,DIA12_CV48:20251228_A2_N1_Mueller_MS_TechHub_IMP_THIDDIAXL003_Cas9_PhoX_DIA12_CV48_250ng_FAIMS_002,603065,,,Q99ZW2,,,false,Q99ZW2,Q99ZW2,,false,LESEFVYGDYKVYDVR,LESEFVYGDYKVYDVR,1004,1004,11,11,1014,1014,,-1,4,0,1.007276,4.397861
Scan: 957809 Run: DIA12_CV48:20251228_A2_N1_Mueller_MS_TechHub_IMP_THIDDIAXL003_Cas9_PhoX_DIA12_CV48_250ng_FAIMS_002 P1_NLPNEKVLPK P2_KPAFLSGEQK 6 1,DIA12_CV48:20251228_A2_N1_Mueller_MS_TechHub_IMP_THIDDIAXL003_Cas9_PhoX_DIA12_CV48_250ng_FAIMS_002,957809,,,Q99ZW2,,,false,Q99ZW2,Q99ZW2,,false,KPAFLSGEQK,NLPNEKVLPK,536,501,1,6,536,506,,-1,3,0,1.007276,4.397499
Scan: 1027286 Run: DIA12_CV48:20251228_A2_N1_Mueller_MS_TechHub_IMP_THIDDIAXL003_Cas9_PhoX_DIA12_CV48_250ng_FAIMS_002 P1_QLKEDYFK P2_KLINGIR 3 1,DIA12_CV48:20251228_A2_N1_Mueller_MS_TechHub_IMP_THIDDIAXL003_Cas9_PhoX_DIA12_CV48_250ng_FAIMS_002,1027286,,,Q99ZW2,,,false,Q99ZW2,Q99ZW2,,false,KLINGIR,QLKEDYFK,665,563,1,3,665,565,,-1,3,0,1.007276,4.396552
Scan: 1731085 Run: DIA12_CV48:20251228_A2_N1_Mueller_MS_TechHub_IMP_THIDDIAXL003_Cas9_PhoX_DIA12_CV48_250ng_FAIMS_003 P1_ENQTTQKGQK P2_EHPVENTQLQNEKLYLYYLQNGR 7 13,DIA12_CV48:20251228_A2_N1_Mueller_MS_TechHub_IMP_THIDDIAXL003_Cas9_PhoX_DIA12_CV48_250ng_FAIMS_003,1731085,,,Q99ZW2,,,false,Q99ZW2,Q99ZW2,,false,EHPVENTQLQNEKLYLYYLQNGR,ENQTTQKGQK,798,766,13,7,810,772,,-1,4,0,1.007276,4.396115
Scan: 1145274 Run: DIA12_CV48:20251228_A2_N1_Mueller_MS_TechHub_IMP_THIDDIAXL003_Cas9_PhoX_DIA12_CV48_250ng_FAIMS_002 P1_NKDSR P2_GKSDNVPSEEVVK 2 2,DIA12_CV48:20251228_A2_N1_Mueller_MS_TechHub_IMP_THIDDIAXL003_Cas9_PhoX_DIA12_CV48_250ng_FAIMS_002,1145274,,,Q99ZW2,,,false,decoy:Q99ZW2,decoy,decoy,true,GKSDNVPSEEVVK,NKDSR,865,860,2,2,866,861,,-1,3,0,1.007276,4.395881
Scan: 1081839 Run: DIA12_CV48:20251228_A2_N1_Mueller_MS_TechHub_IMP_THIDDIAXL003_Cas9_PhoX_DIA12_CV48_250ng_FAIMS_002 P1_SKLVSDFR P2_KGILQTVK 2 1,DIA12_CV48:20251228_A2_N1_Mueller_MS_TechHub_IMP_THIDDIAXL003_Cas9_PhoX_DIA12_CV48_250ng_FAIMS_002,1081839,,,Q99ZW2,,,false,Q99ZW2,Q99ZW2,,false,KGILQTVK,SKLVSDFR,735,960,1,2,735,961,,-1,4,0,1.007276,4.395596
Scan: 695363 Run: DIA12_CV48:20251228_A2_N1_Mueller_MS_TechHub_IMP_THIDDIAXL003_Cas9_PhoX_DIA12_CV48_250ng_FAIMS_002 P1_KLINGIR P2_KDWDPKK 1 1,DIA12_CV48:20251228_A2_N1_Mueller_MS_TechHub_IMP_THIDDIAXL003_Cas9_PhoX_DIA12_CV48_250ng_FAIMS_002,695363,,,Q99ZW2,,,false,Q99ZW2,Q99ZW2,,false,KDWDPKK,KLINGIR,1124,665,1,1,1124,665,,-1,4,0,1.007276,4.39548
Scan: 1356756 Run: DIA12_CV48:20251228_A2_N1_Mueller_MS_TechHub_IMP_THIDDIAXL003_Cas9_PhoX_DIA12_CV48_250ng_FAIMS_003 P1_SKSLR P2_LKGSPEDNEQK 2 2,DIA12_CV48:20251228_A2_N1_Mueller_MS_TechHub_IMP_THIDDIAXL003_Cas9_PhoX_DIA12_CV48_250ng_FAIMS_003,1356756,,,Q99ZW2,,,false,decoy:Q99ZW2,decoy,decoy,true,LKGSPEDNEQK,SKSLR,1245,216,2,2,1246,217,,-1,3,0,1.007276,4.395356
Scan: 508799 Run: DIA12_CV48:20251228_A2_N1_Mueller_MS_TechHub_IMP_THIDDIAXL003_Cas9_PhoX_DIA12_CV48_250ng_FAIMS_001 P1_KYGGFDSPTVAYSVLVVAK P2_ENQTTQKGQK 1 7,DIA12_CV48:20251228_A2_N1_Mueller_MS_TechHub_IMP_THIDDIAXL003_Cas9_PhoX_DIA12_CV48_250ng_FAIMS_001,508799,,,Q99ZW2,,,false,Q99ZW2,Q99ZW2,,false,ENQTTQKGQK,KYGGFDSPTVAYSVLVVAK,766,1130,7,1,772,1130,,-1,3,0,1.007276,4.395193
Scan: 275256 Run: DIA12_CV48:20251228_A2_N1_Mueller_MS_TechHub_IMP_THIDDIAXL003_Cas9_PhoX_DIA12_CV48_250ng_FAIMS_001 P1_NGYAGYIDGGASQEEFYKFIKPILEK P2_KKDWDPK 18 1,DIA12_CV48:20251228_A2_N1_Mueller_MS_TechHub_IMP_THIDDIAXL003_Cas9_PhoX_DIA12_CV48_250ng_FAIMS_001,275256,,,Q99ZW2,,,false,Q99ZW2,Q99ZW2,,false,KKDWDPK,NGYAGYIDGGASQEEFYKFIKPILEK,1123,357,1,18,1123,374,,-1,4,0,1.007276,4.395115
Scan: 1277136 Run: DIA12_CV48:20251228_A2_N1_Mueller_MS_TechHub_IMP_THIDDIAXL003_Cas9_PhoX_DIA12_CV48_250ng_FAIMS_003 P1_NSDKLIAR P2_KKDWDPK 4 1,DIA12_CV48:20251228_A2_N1_Mueller_MS_TechHub_IMP_THIDDIAXL003_Cas9_PhoX_DIA12_CV48_250ng_FAIMS_003,1277136,,,Q99ZW2,,,false,Q99ZW2,Q99ZW2,,false,KKDWDPK,NSDKLIAR,1123,1115,1,4,1123,1118,,-1,3,0,1.007276,4.393652
Scan: 604610 Run: DIA12_CV48:20251228_A2_N1_Mueller_MS_TechHub_IMP_THIDDIAXL003_Cas9_PhoX_DIA12_CV48_250ng_FAIMS_002 P1_LESEFVYGDYKVYDVR P2_ELGSQILKEHPVENTQLQNEK 11 8,DIA12_CV48:20251228_A2_N1_Mueller_MS_TechHub_IMP_THIDDIAXL003_Cas9_PhoX_DIA12_CV48_250ng_FAIMS_002,604610,,,Q99ZW2,,,false,Q99ZW2,Q99ZW2,,false,ELGSQILKEHPVENTQLQNEK,LESEFVYGDYKVYDVR,790,1004,8,11,797,1014,,-1,4,0,1.007276,4.393143
Scan: 1435844 Run: DIA12_CV48:20251228_A2_N1_Mueller_MS_TechHub_IMP_THIDDIAXL003_Cas9_PhoX_DIA12_CV48_250ng_FAIMS_003 P1_KKDWDPK P2_FKVLGNTDR 1 2,DIA12_CV48:20251228_A2_N1_Mueller_MS_TechHub_IMP_THIDDIAXL003_Cas9_PhoX_DIA12_CV48_250ng_FAIMS_003,1435844,,,Q99ZW2,,,false,Q99ZW2,Q99ZW2,,false,FKVLGNTDR,KKDWDPK,32,1123,2,1,33,1123,,-1,4,0,1.007276,4.39262
Scan: 1737531 Run: DIA12_CV48:20251228_A2_N1_Mueller_MS_TechHub_IMP_THIDDIAXL003_Cas9_PhoX_DIA12_CV48_250ng_FAIMS_003 P1_NKDSR P2_GKSDNVPSEEVVKK 2 2,DIA12_CV48:20251228_A2_N1_Mueller_MS_TechHub_IMP_THIDDIAXL003_Cas9_PhoX_DIA12_CV48_250ng_FAIMS_003,1737531,,,Q99ZW2,,,false,decoy:Q99ZW2,decoy,decoy,true,GKSDNVPSEEVVKK,NKDSR,865,860,2,2,866,861,,-1,4,0,1.007276,4.392244
Scan: 693007 Run: DIA12_CV48:20251228_A2_N1_Mueller_MS_TechHub_IMP_THIDDIAXL003_Cas9_PhoX_DIA12_CV48_250ng_FAIMS_002 P1_KLINGIR P2_KKDWDPKK 1 1,DIA12_CV48:20251228_A2_N1_Mueller_MS_TechHub_IMP_THIDDIAXL003_Cas9_PhoX_DIA12_CV48_250ng_FAIMS_002,693007,,,Q99ZW2,,,false,Q99ZW2,Q99ZW2,,false,KKDWDPKK,KLINGIR,1123,665,1,1,1123,665,,-1,3,0,1.007276,4.392081
Scan: 1120803 Run: DIA12_CV48:20251228_A2_N1_Mueller_MS_TechHub_IMP_THIDDIAXL003_Cas9_PhoX_DIA12_CV48_250ng_FAIMS_002 P1_KAIVDLLFK P2_ELGSQILKEHPVENTQLQNEK 1 8,DIA12_CV48:20251228_A2_N1_Mueller_MS_TechHub_IMP_THIDDIAXL003_Cas9_PhoX_DIA12_CV48_250ng_FAIMS_002,1120803,,,Q99ZW2,,,false,Q99ZW2,Q99ZW2,,false,ELGSQILKEHPVENTQLQNEK,KAIVDLLFK,790,546,8,1,797,546,,-1,4,0,1.007276,4.391993
Scan: 1081447 Run: DIA12_CV48:20251228_A2_N1_Mueller_MS_TechHub_IMP_THIDDIAXL003_Cas9_PhoX_DIA12_CV48_250ng_FAIMS_002 P1_KGILQTVK P2_ENQTTQKGQK 1 7,DIA12_CV48:20251228_A2_N1_Mueller_MS_TechHub_IMP_THIDDIAXL003_Cas9_PhoX_DIA12_CV48_250ng_FAIMS_002,1081447,,,Q99ZW2,,,false,Q99ZW2,Q99ZW2,,false,ENQTTQKGQK,KGILQTVK,766,735,7,1,772,735,,-1,3,0,1.007276,4.391988
Scan: 685052 Run: DIA12_CV48:20251228_A2_N1_Mueller_MS_TechHub_IMP_THIDDIAXL003_Cas9_PhoX_DIA12_CV48_250ng_FAIMS_002 P1_YKEIFFDQSK P2_NSDKLIAR 2 4,DIA12_CV48:20251228_A2_N1_Mueller_MS_TechHub_IMP_THIDDIAXL003_Cas9_PhoX_DIA12_CV48_250ng_FAIMS_002,685052,,,Q99ZW2,,,false,Q99ZW2,Q99ZW2,,false,NSDKLIAR,YKEIFFDQSK,1115,347,4,2,1118,348,,-1,4,0,1.007276,4.391884
Scan: 1304395 Run: DIA12_CV48:20251228_A2_N1_Mueller_MS_TechHub_IMP_THIDDIAXL003_Cas9_PhoX_DIA12_CV48_250ng_FAIMS_003 P1_SVKELLGITIMER P2_IEKILTFR 3 3,DIA12_CV48:20251228_A2_N1_Mueller_MS_TechHub_IMP_THIDDIAXL003_Cas9_PhoX_DIA12_CV48_250ng_FAIMS_003,1304395,,,Q99ZW2,,,false,Q99ZW2,Q99ZW2,,false,IEKILTFR,SVKELLGITIMER,440,1159,3,3,442,1161,,-1,4,0,1.007276,4.391868
Scan: 484459 Run: DIA12_CV48:20251228_A2_N1_Mueller_MS_TechHub_IMP_THIDDIAXL003_Cas9_PhoX_DIA12_CV48_250ng_FAIMS_001 P1_MKNYWR P2_KGILQTVK 2 1,DIA12_CV48:20251228_A2_N1_Mueller_MS_TechHub_IMP_THIDDIAXL003_Cas9_PhoX_DIA12_CV48_250ng_FAIMS_001,484459,,,Q99ZW2,,,false,Q99ZW2,Q99ZW2,,false,KGILQTVK,MKNYWR,735,879,1,2,735,880,,-1,3,0,1.007276,4.391797
Scan: 1438654 Run: DIA12_CV48:20251228_A2_N1_Mueller_MS_TechHub_IMP_THIDDIAXL003_Cas9_PhoX_DIA12_CV48_250ng_FAIMS_003 P1_QLKEDYFK P2_FKVLGNTDR 3 2,DIA12_CV48:20251228_A2_N1_Mueller_MS_TechHub_IMP_THIDDIAXL003_Cas9_PhoX_DIA12_CV48_250ng_FAIMS_003,1438654,,,Q99ZW2,,,false,Q99ZW2,Q99ZW2,,false,FKVLGNTDR,QLKEDYFK,32,563,2,3,33,565,,-1,3,0,1.007276,4.391192
Scan: 855658 Run: DIA12_CV48:20251228_A2_N1_Mueller_MS_TechHub_IMP_THIDDIAXL003_Cas9_PhoX_DIA12_CV48_250ng_FAIMS_002 P1_YKEIFFDQSK P2_KNLIGALLFDSGETAEATR 2 1,DIA12_CV48:20251228_A2_N1_Mueller_MS_TechHub_IMP_THIDDIAXL003_Cas9_PhoX_DIA12_CV48_250ng_FAIMS_002,855658,,,Q99ZW2,,,false,Q99ZW2,Q99ZW2,,false,KNLIGALLFDSGETAEATR,YKEIFFDQSK,45,347,1,2,45,348,,-1,4,0,1.007276,4.39113
Scan: 1618331 Run: DIA12_CV48:20251228_A2_N1_Mueller_MS_TechHub_IMP_THIDDIAXL003_Cas9_PhoX_DIA12_CV48_250ng_FAIMS_003 P1_YKEIFFDQSK P2_LKTYAHLFDDK 2 2,DIA12_CV48:20251228_A2_N1_Mueller_MS_TechHub_IMP_THIDDIAXL003_Cas9_PhoX_DIA12_CV48_250ng_FAIMS_003,1618331,,,Q99ZW2,,,false,Q99ZW2,Q99ZW2,,false,LKTYAHLFDDK,YKEIFFDQSK,636,347,2,2,637,348,,-1,4,0,1.007276,4.390833
Scan: 686389 Run: DIA12_CV48:20251228_A2_N1_Mueller_MS_TechHub_IMP_THIDDIAXL003_Cas9_PhoX_DIA12_CV48_250ng_FAIMS_002 P1_SEETITPWNFEEVVDKGASAQSFIER P2_AILKDSNR 16 4,DIA12_CV48:20251228_A2_N1_Mueller_MS_TechHub_IMP_THIDDIAXL003_Cas9_PhoX_DIA12_CV48_250ng_FAIMS_002,686389,,,decoy:Q99ZW2,decoy,decoy,true,Q99ZW2,Q99ZW2,,false,AILKDSNR,SEETITPWNFEEVVDKGASAQSFIER,1115,469,4,16,1118,484,,-1,4,0,1.007276,4.390469
Scan: 196870 Run: DIA12_CV48:20251228_A2_N1_Mueller_MS_TechHub_IMP_THIDDIAXL003_Cas9_PhoX_DIA12_CV48_250ng_FAIMS_001 P1_YTSTKEVLDATLIHQSITGLYETR P2_NSDKLIAR 5 4,DIA12_CV48:20251228_A2_N1_Mueller_MS_TechHub_IMP_THIDDIAXL003_Cas9_PhoX_DIA12_CV48_250ng_FAIMS_001,196870,,,Q99ZW2,,,false,Q99ZW2,Q99ZW2,,false,NSDKLIAR,YTSTKEVLDATLIHQSITGLYETR,1115,1336,4,5,1118,1340,,-1,5,0,1.007276,4.390275
Scan: 1034544 Run: DIA12_CV48:20251228_A2_N1_Mueller_MS_TechHub_IMP_THIDDIAXL003_Cas9_PhoX_DIA12_CV48_250ng_FAIMS_002 P1_EDIQKAQVSGQGDSLHEHIANLAGSPAIKK P2_DKQSGK 5 2,DIA12_CV48:20251228_A2_N1_Mueller_MS_TechHub_IMP_THIDDIAXL003_Cas9_PhoX_DIA12_CV48_250ng_FAIMS_002,1034544,,,Q99ZW2,,,false,Q99ZW2,Q99ZW2,,false,DKQSGK,EDIQKAQVSGQGDSLHEHIANLAGSPAIKK,672,706,2,5,673,710,,-1,6,0,1.007276,4.390059
Scan: 260215 Run: DIA12_CV48:20251228_A2_N1_Mueller_MS_TechHub_IMP_THIDDIAXL003_Cas9_PhoX_DIA12_CV48_250ng_FAIMS_001 P1_YKEIFFDQSK P2_KLINGIR 2 1,DIA12_CV48:20251228_A2_N1_Mueller_MS_TechHub_IMP_THIDDIAXL003_Cas9_PhoX_DIA12_CV48_250ng_FAIMS_001,260215,,,Q99ZW2,,,false,Q99ZW2,Q99ZW2,,false,KLINGIR,YKEIFFDQSK,665,347,1,2,665,348,,-1,4,0,1.007276,4.388114
Scan: 522967 Run: DIA12_CV48:20251228_A2_N1_Mueller_MS_TechHub_IMP_THIDDIAXL003_Cas9_PhoX_DIA12_CV48_250ng_FAIMS_001 P1_VLPKHSLLYEYFTVYNELTK P2_ELGSQILKEHPVENTQLQNEK 4 8,DIA12_CV48:20251228_A2_N1_Mueller_MS_TechHub_IMP_THIDDIAXL003_Cas9_PhoX_DIA12_CV48_250ng_FAIMS_001,522967,,,Q99ZW2,,,false,Q99ZW2,Q99ZW2,,false,ELGSQILKEHPVENTQLQNEK,VLPKHSLLYEYFTVYNELTK,790,507,8,4,797,510,,-1,5,0,1.007276,4.385645
Scan: 1631211 Run: DIA12_CV48:20251228_A2_N1_Mueller_MS_TechHub_IMP_THIDDIAXL003_Cas9_PhoX_DIA12_CV48_250ng_FAIMS_003 P1_SSFEKNPIDFLEAK P2_DKQSGK 5 2,DIA12_CV48:20251228_A2_N1_Mueller_MS_TechHub_IMP_THIDDIAXL003_Cas9_PhoX_DIA12_CV48_250ng_FAIMS_003,1631211,,,Q99ZW2,,,false,Q99ZW2,Q99ZW2,,false,DKQSGK,SSFEKNPIDFLEAK,672,1172,2,5,673,1176,,-1,3,0,1.007276,4.385311
Scan: 85445 Run: DIA12_CV48:20251228_A2_N1_Mueller_MS_TechHub_IMP_THIDDIAXL003_Cas9_PhoX_DIA12_CV48_250ng_FAIMS_001 P1_SSFEKNPIDFLEAK P2_RNSDKLIAR 5 5,DIA12_CV48:20251228_A2_N1_Mueller_MS_TechHub_IMP_THIDDIAXL003_Cas9_PhoX_DIA12_CV48_250ng_FAIMS_001,85445,,,Q99ZW2,,,false,Q99ZW2,Q99ZW2,,false,RNSDKLIAR,SSFEKNPIDFLEAK,1114,1172,5,5,1118,1176,,-1,3,0,1.007276,4.384957
Scan: 690201 Run: DIA12_CV48:20251228_A2_N1_Mueller_MS_TechHub_IMP_THIDDIAXL003_Cas9_PhoX_DIA12_CV48_250ng_FAIMS_002 P1_NSDKLIAR P2_MKNYWR 4 2,DIA12_CV48:20251228_A2_N1_Mueller_MS_TechHub_IMP_THIDDIAXL003_Cas9_PhoX_DIA12_CV48_250ng_FAIMS_002,690201,,,Q99ZW2,,,false,Q99ZW2,Q99ZW2,,false,MKNYWR,NSDKLIAR,879,1115,2,4,880,1118,,-1,3,0,1.007276,4.384824
Scan: 1390519 Run: DIA12_CV48:20251228_A2_N1_Mueller_MS_TechHub_IMP_THIDDIAXL003_Cas9_PhoX_DIA12_CV48_250ng_FAIMS_003 P1_YTSTKEVLDATLIHQSITGLYETR P2_KPLISER 5 1,DIA12_CV48:20251228_A2_N1_Mueller_MS_TechHub_IMP_THIDDIAXL003_Cas9_PhoX_DIA12_CV48_250ng_FAIMS_003,1390519,,,decoy:Q99ZW2,decoy,decoy,true,Q99ZW2,Q99ZW2,,false,KPLISER,YTSTKEVLDATLIHQSITGLYETR,1108,1336,1,5,1108,1340,,-1,5,0,1.007276,4.38463
Scan: 868076 Run: DIA12_CV48:20251228_A2_N1_Mueller_MS_TechHub_IMP_THIDDIAXL003_Cas9_PhoX_DIA12_CV48_250ng_FAIMS_002 P1_QQLPEKYK P2_EIFFDQSKNGYAGYIDGGASQEEFYK 6 8,DIA12_CV48:20251228_A2_N1_Mueller_MS_TechHub_IMP_THIDDIAXL003_Cas9_PhoX_DIA12_CV48_250ng_FAIMS_002,868076,,,Q99ZW2,,,false,Q99ZW2,Q99ZW2,,false,EIFFDQSKNGYAGYIDGGASQEEFYK,QQLPEKYK,349,341,8,6,356,346,,-1,4,0,1.007276,4.384163
Scan: 825682 Run: DIA12_CV48:20251228_A2_N1_Mueller_MS_TechHub_IMP_THIDDIAXL003_Cas9_PhoX_DIA12_CV48_250ng_FAIMS_002 P1_SNFDLAEDAKLQLSK P2_GQKNSR 10 3,DIA12_CV48:20251228_A2_N1_Mueller_MS_TechHub_IMP_THIDDIAXL003_Cas9_PhoX_DIA12_CV48_250ng_FAIMS_002,825682,,,Q99ZW2,,,false,Q99ZW2,Q99ZW2,,false,GQKNSR,SNFDLAEDAKLQLSK,773,254,3,10,775,263,,-1,3,0,1.007276,4.383991
Scan: 97451 Run: DIA12_CV48:20251228_A2_N1_Mueller_MS_TechHub_IMP_THIDDIAXL003_Cas9_PhoX_DIA12_CV48_250ng_FAIMS_001 P1_NSDKLIAR P2_KKDWDPK 4 2,DIA12_CV48:20251228_A2_N1_Mueller_MS_TechHub_IMP_THIDDIAXL003_Cas9_PhoX_DIA12_CV48_250ng_FAIMS_001,97451,,,Q99ZW2,,,false,Q99ZW2,Q99ZW2,,false,KKDWDPK,NSDKLIAR,1123,1115,2,4,1124,1118,,-1,4,0,1.007276,4.383927
Scan: 547554 Run: DIA12_CV48:20251228_A2_N1_Mueller_MS_TechHub_IMP_THIDDIAXL003_Cas9_PhoX_DIA12_CV48_250ng_FAIMS_001 P1_GQKNSR P2_GKSDNVPSEEVVK 3 2,DIA12_CV48:20251228_A2_N1_Mueller_MS_TechHub_IMP_THIDDIAXL003_Cas9_PhoX_DIA12_CV48_250ng_FAIMS_001,547554,,,Q99ZW2,,,false,Q99ZW2,Q99ZW2,,false,GKSDNVPSEEVVK,GQKNSR,865,773,2,3,866,775,,-1,3,0,1.007276,4.383484
Scan: 586486 Run: DIA12_CV48:20251228_A2_N1_Mueller_MS_TechHub_IMP_THIDDIAXL003_Cas9_PhoX_DIA12_CV48_250ng_FAIMS_001 P1_YDENDKLIR P2_KPAFLSGEQK 6 1,DIA12_CV48:20251228_A2_N1_Mueller_MS_TechHub_IMP_THIDDIAXL003_Cas9_PhoX_DIA12_CV48_250ng_FAIMS_001,586486,,,Q99ZW2,,,false,Q99ZW2,Q99ZW2,,false,KPAFLSGEQK,YDENDKLIR,536,943,1,6,536,948,,-1,4,0,1.007276,4.383383
Scan: 1699397 Run: DIA12_CV48:20251228_A2_N1_Mueller_MS_TechHub_IMP_THIDDIAXL003_Cas9_PhoX_DIA12_CV48_250ng_FAIMS_003 P1_SKLVSDFR P2_HKPENIVIEMAR 2 2,DIA12_CV48:20251228_A2_N1_Mueller_MS_TechHub_IMP_THIDDIAXL003_Cas9_PhoX_DIA12_CV48_250ng_FAIMS_003,1699397,,,Q99ZW2,,,false,Q99ZW2,Q99ZW2,,false,HKPENIVIEMAR,SKLVSDFR,754,960,2,2,755,961,,-1,4,0,1.007276,4.383033
Scan: 1121389 Run: DIA12_CV48:20251228_A2_N1_Mueller_MS_TechHub_IMP_THIDDIAXL003_Cas9_PhoX_DIA12_CV48_250ng_FAIMS_002 P1_ELGSQILKEHPVENTQLQNEK P2_DKQSGK 8 2,DIA12_CV48:20251228_A2_N1_Mueller_MS_TechHub_IMP_THIDDIAXL003_Cas9_PhoX_DIA12_CV48_250ng_FAIMS_002,1121389,,,Q99ZW2,,,false,Q99ZW2,Q99ZW2,,false,DKQSGK,ELGSQILKEHPVENTQLQNEK,672,790,2,8,673,797,,-1,4,0,1.007276,4.38273
Scan: 982198 Run: DIA12_CV48:20251228_A2_N1_Mueller_MS_TechHub_IMP_THIDDIAXL003_Cas9_PhoX_DIA12_CV48_250ng_FAIMS_002 P1_KPAFLSGEQKK P2_KPAFLSGEQK 1 1,DIA12_CV48:20251228_A2_N1_Mueller_MS_TechHub_IMP_THIDDIAXL003_Cas9_PhoX_DIA12_CV48_250ng_FAIMS_002,982198,,,Q99ZW2,,,false,Q99ZW2,Q99ZW2,,false,KPAFLSGEQK,KPAFLSGEQKK,536,536,1,1,536,536,,-1,3,0,1.007276,4.382547
Scan: 589311 Run: DIA12_CV48:20251228_A2_N1_Mueller_MS_TechHub_IMP_THIDDIAXL003_Cas9_PhoX_DIA12_CV48_250ng_FAIMS_001 P1_SKLVSDFR P2_IEEGIKELGSQILK 2 6,DIA12_CV48:20251228_A2_N1_Mueller_MS_TechHub_IMP_THIDDIAXL003_Cas9_PhoX_DIA12_CV48_250ng_FAIMS_001,589311,,,Q99ZW2,,,false,Q99ZW2,Q99ZW2,,false,IEEGIKELGSQILK,SKLVSDFR,784,960,6,2,789,961,,-1,4,0,1.007276,4.382309
Scan: 544600 Run: DIA12_CV48:20251228_A2_N1_Mueller_MS_TechHub_IMP_THIDDIAXL003_Cas9_PhoX_DIA12_CV48_250ng_FAIMS_001 P1_KDWDPK P2_GKSDNVPSEEVVK 1 2,DIA12_CV48:20251228_A2_N1_Mueller_MS_TechHub_IMP_THIDDIAXL003_Cas9_PhoX_DIA12_CV48_250ng_FAIMS_001,544600,,,Q99ZW2,,,false,Q99ZW2,Q99ZW2,,false,GKSDNVPSEEVVK,KDWDPK,865,1124,2,1,866,1124,,-1,3,0,1.007276,4.381838
Scan: 1767832 Run: DIA12_CV48:20251228_A2_N1_Mueller_MS_TechHub_IMP_THIDDIAXL003_Cas9_PhoX_DIA12_CV48_250ng_FAIMS_003 P1_QITKHVAQILDSR P2_DDSIDNKVLTR 4 7,DIA12_CV48:20251228_A2_N1_Mueller_MS_TechHub_IMP_THIDDIAXL003_Cas9_PhoX_DIA12_CV48_250ng_FAIMS_003,1767832,,,Q99ZW2,,,false,Q99ZW2,Q99ZW2,,false,DDSIDNKVLTR,QITKHVAQILDSR,849,926,7,4,855,929,,-1,4,0,1.007276,4.381718
Scan: 826656 Run: DIA12_CV48:20251228_A2_N1_Mueller_MS_TechHub_IMP_THIDDIAXL003_Cas9_PhoX_DIA12_CV48_250ng_FAIMS_002 P1_KPAFLSGEQK P2_KFKVLGNTDR 1 1,DIA12_CV48:20251228_A2_N1_Mueller_MS_TechHub_IMP_THIDDIAXL003_Cas9_PhoX_DIA12_CV48_250ng_FAIMS_002,826656,,,Q99ZW2,,,false,Q99ZW2,Q99ZW2,,false,KFKVLGNTDR,KPAFLSGEQK,31,536,1,1,31,536,,-1,3,0,1.007276,4.381537
Scan: 1002124 Run: DIA12_CV48:20251228_A2_N1_Mueller_MS_TechHub_IMP_THIDDIAXL003_Cas9_PhoX_DIA12_CV48_250ng_FAIMS_002 P1_SDKNR P2_KAIVDLLFK 3 1,DIA12_CV48:20251228_A2_N1_Mueller_MS_TechHub_IMP_THIDDIAXL003_Cas9_PhoX_DIA12_CV48_250ng_FAIMS_002,1002124,,,Q99ZW2,,,false,Q99ZW2,Q99ZW2,,false,KAIVDLLFK,SDKNR,546,860,1,3,546,862,,-1,3,0,1.007276,4.381269
Scan: 204353 Run: DIA12_CV48:20251228_A2_N1_Mueller_MS_TechHub_IMP_THIDDIAXL003_Cas9_PhoX_DIA12_CV48_250ng_FAIMS_001 P1_KLVDSTDK P2_FKVLGNTDR 1 2,DIA12_CV48:20251228_A2_N1_Mueller_MS_TechHub_IMP_THIDDIAXL003_Cas9_PhoX_DIA12_CV48_250ng_FAIMS_001,204353,,,Q99ZW2,,,false,Q99ZW2,Q99ZW2,,false,FKVLGNTDR,KLVDSTDK,32,141,2,1,33,141,,-1,4,0,1.007276,4.380256
Scan: 536412 Run: DIA12_CV48:20251228_A2_N1_Mueller_MS_TechHub_IMP_THIDDIAXL003_Cas9_PhoX_DIA12_CV48_250ng_FAIMS_001 P1_IEKILTFR P2_EHPVENTQLQNEKLYLYYLQNGR 3 13,DIA12_CV48:20251228_A2_N1_Mueller_MS_TechHub_IMP_THIDDIAXL003_Cas9_PhoX_DIA12_CV48_250ng_FAIMS_001,536412,,,Q99ZW2,,,false,Q99ZW2,Q99ZW2,,false,EHPVENTQLQNEKLYLYYLQNGR,IEKILTFR,798,440,13,3,810,442,,-1,4,0,1.007276,4.379918
Scan: 804404 Run: DIA12_CV48:20251228_A2_N1_Mueller_MS_TechHub_IMP_THIDDIAXL003_Cas9_PhoX_DIA12_CV48_250ng_FAIMS_002 P1_NSDKLIAR P2_LVDSTDKADLR 4 7,DIA12_CV48:20251228_A2_N1_Mueller_MS_TechHub_IMP_THIDDIAXL003_Cas9_PhoX_DIA12_CV48_250ng_FAIMS_002,804404,,,Q99ZW2,,,false,Q99ZW2,Q99ZW2,,false,LVDSTDKADLR,NSDKLIAR,142,1115,7,4,148,1118,,-1,3,0,1.007276,4.379902
Scan: 1050217 Run: DIA12_CV48:20251228_A2_N1_Mueller_MS_TechHub_IMP_THIDDIAXL003_Cas9_PhoX_DIA12_CV48_250ng_FAIMS_002 P1_RNSDKLIAR P2_EDIQKAQVSGQGDSLHEHIANLAGSPAIK 5 5,DIA12_CV48:20251228_A2_N1_Mueller_MS_TechHub_IMP_THIDDIAXL003_Cas9_PhoX_DIA12_CV48_250ng_FAIMS_002,1050217,,,Q99ZW2,,,false,Q99ZW2,Q99ZW2,,false,EDIQKAQVSGQGDSLHEHIANLAGSPAIK,RNSDKLIAR,706,1114,5,5,710,1118,,-1,5,0,1.007276,4.379706
Scan: 1329646 Run: DIA12_CV48:20251228_A2_N1_Mueller_MS_TechHub_IMP_THIDDIAXL003_Cas9_PhoX_DIA12_CV48_250ng_FAIMS_003 P1_KDLIIK P2_GYKEVK 1 3,DIA12_CV48:20251228_A2_N1_Mueller_MS_TechHub_IMP_THIDDIAXL003_Cas9_PhoX_DIA12_CV48_250ng_FAIMS_003,1329646,,,Q99ZW2,,,false,Q99ZW2,Q99ZW2,,false,GYKEVK,KDLIIK,1186,1192,3,1,1188,1192,,-1,3,0,1.007276,4.378579
Scan: 1398345 Run: DIA12_CV48:20251228_A2_N1_Mueller_MS_TechHub_IMP_THIDDIAXL003_Cas9_PhoX_DIA12_CV48_250ng_FAIMS_003 P1_KLVDSTDK P2_KLVDSTDK 1 1,DIA12_CV48:20251228_A2_N1_Mueller_MS_TechHub_IMP_THIDDIAXL003_Cas9_PhoX_DIA12_CV48_250ng_FAIMS_003,1398345,,,Q99ZW2,,,false,Q99ZW2,Q99ZW2,,false,KLVDSTDK,KLVDSTDK,141,141,1,1,141,141,,-1,3,0,1.007276,4.377492
Scan: 1108925 Run: DIA12_CV48:20251228_A2_N1_Mueller_MS_TechHub_IMP_THIDDIAXL003_Cas9_PhoX_DIA12_CV48_250ng_FAIMS_002 P1_SNKQGR P2_FKVLGNTDR 3 2,DIA12_CV48:20251228_A2_N1_Mueller_MS_TechHub_IMP_THIDDIAXL003_Cas9_PhoX_DIA12_CV48_250ng_FAIMS_002,1108925,,,Q99ZW2,,,false,decoy:Q99ZW2,decoy,decoy,true,FKVLGNTDR,SNKQGR,32,773,2,3,33,775,,-1,3,0,1.007276,4.376595
Scan: 814711 Run: DIA12_CV48:20251228_A2_N1_Mueller_MS_TechHub_IMP_THIDDIAXL003_Cas9_PhoX_DIA12_CV48_250ng_FAIMS_002 P1_KPAFLSGEQK P2_KNGLFGNLIALSLGLTPNFK 1 1,DIA12_CV48:20251228_A2_N1_Mueller_MS_TechHub_IMP_THIDDIAXL003_Cas9_PhoX_DIA12_CV48_250ng_FAIMS_002,814711,,,Q99ZW2,,,false,Q99ZW2,Q99ZW2,,false,KNGLFGNLIALSLGLTPNFK,KPAFLSGEQK,234,536,1,1,234,536,,-1,4,0,1.007276,4.375566
Scan: 438939 Run: DIA12_CV48:20251228_A2_N1_Mueller_MS_TechHub_IMP_THIDDIAXL003_Cas9_PhoX_DIA12_CV48_250ng_FAIMS_001 P1_QSGKTILDFLK P2_LPKYSLFELENGR 4 3,DIA12_CV48:20251228_A2_N1_Mueller_MS_TechHub_IMP_THIDDIAXL003_Cas9_PhoX_DIA12_CV48_250ng_FAIMS_001,438939,,,Q99ZW2,,,false,Q99ZW2,Q99ZW2,,false,LPKYSLFELENGR,QSGKTILDFLK,1198,674,3,4,1200,677,,-1,4,0,1.007276,4.375249
Scan: 1607139 Run: DIA12_CV48:20251228_A2_N1_Mueller_MS_TechHub_IMP_THIDDIAXL003_Cas9_PhoX_DIA12_CV48_250ng_FAIMS_003 P1_QLKEDYFK P2_DKQSGK 3 2,DIA12_CV48:20251228_A2_N1_Mueller_MS_TechHub_IMP_THIDDIAXL003_Cas9_PhoX_DIA12_CV48_250ng_FAIMS_003,1607139,,,Q99ZW2,,,false,Q99ZW2,Q99ZW2,,false,DKQSGK,QLKEDYFK,672,563,2,3,673,565,,-1,3,0,1.007276,4.374711
Scan: 1329690 Run: DIA12_CV48:20251228_A2_N1_Mueller_MS_TechHub_IMP_THIDDIAXL003_Cas9_PhoX_DIA12_CV48_250ng_FAIMS_003 P1_KDLIIK P2_EVKKDLIIK 1 3,DIA12_CV48:20251228_A2_N1_Mueller_MS_TechHub_IMP_THIDDIAXL003_Cas9_PhoX_DIA12_CV48_250ng_FAIMS_003,1329690,,,Q99ZW2,,,false,Q99ZW2,Q99ZW2,,false,EVKKDLIIK,KDLIIK,1189,1192,3,1,1191,1192,,-1,3,0,1.007276,4.374482
Scan: 1169332 Run: DIA12_CV48:20251228_A2_N1_Mueller_MS_TechHub_IMP_THIDDIAXL003_Cas9_PhoX_DIA12_CV48_250ng_FAIMS_002 P1_QITKHVAQILDSR P2_ENPLNKDFNTMK 4 6,DIA12_CV48:20251228_A2_N1_Mueller_MS_TechHub_IMP_THIDDIAXL003_Cas9_PhoX_DIA12_CV48_250ng_FAIMS_002,1169332,,,decoy:Q99ZW2,decoy,decoy,true,Q99ZW2,Q99ZW2,,false,ENPLNKDFNTMK,QITKHVAQILDSR,495,926,6,4,500,929,,-1,4,0,1.007276,4.373697
Scan: 1288977 Run: DIA12_CV48:20251228_A2_N1_Mueller_MS_TechHub_IMP_THIDDIAXL003_Cas9_PhoX_DIA12_CV48_250ng_FAIMS_003 P1_KKDWDPKK P2_ESILPKR 1 6,DIA12_CV48:20251228_A2_N1_Mueller_MS_TechHub_IMP_THIDDIAXL003_Cas9_PhoX_DIA12_CV48_250ng_FAIMS_003,1288977,,,Q99ZW2,,,false,Q99ZW2,Q99ZW2,,false,ESILPKR,KKDWDPKK,1108,1123,6,1,1113,1123,,-1,3,0,1.007276,4.372642
Scan: 856258 Run: DIA12_CV48:20251228_A2_N1_Mueller_MS_TechHub_IMP_THIDDIAXL003_Cas9_PhoX_DIA12_CV48_250ng_FAIMS_002 P1_YKEIFFDQSK P2_VKYVTEGMR 2 2,DIA12_CV48:20251228_A2_N1_Mueller_MS_TechHub_IMP_THIDDIAXL003_Cas9_PhoX_DIA12_CV48_250ng_FAIMS_002,856258,,,Q99ZW2,,,false,Q99ZW2,Q99ZW2,,false,VKYVTEGMR,YKEIFFDQSK,527,347,2,2,528,348,,-1,3,0,1.007276,4.372286
Scan: 629619 Run: DIA12_CV48:20251228_A2_N1_Mueller_MS_TechHub_IMP_THIDDIAXL003_Cas9_PhoX_DIA12_CV48_250ng_FAIMS_002 P1_KVLSMPQVNIVK P2_FKVLGNTDR 1 2,DIA12_CV48:20251228_A2_N1_Mueller_MS_TechHub_IMP_THIDDIAXL003_Cas9_PhoX_DIA12_CV48_250ng_FAIMS_002,629619,,,Q99ZW2,,,false,Q99ZW2,Q99ZW2,,false,FKVLGNTDR,KVLSMPQVNIVK,32,1085,2,1,33,1085,,-1,3,0,1.007276,4.372031
Scan: 353789 Run: DIA12_CV48:20251228_A2_N1_Mueller_MS_TechHub_IMP_THIDDIAXL003_Cas9_PhoX_DIA12_CV48_250ng_FAIMS_001 P1_MTNFDKNLPNEK P2_KDLIIK 6 1,DIA12_CV48:20251228_A2_N1_Mueller_MS_TechHub_IMP_THIDDIAXL003_Cas9_PhoX_DIA12_CV48_250ng_FAIMS_001,353789,,,Q99ZW2,,,false,Q99ZW2,Q99ZW2,,false,KDLIIK,MTNFDKNLPNEK,1192,495,1,6,1192,500,,-1,3,0,1.007276,4.371773
Scan: 1158196 Run: DIA12_CV48:20251228_A2_N1_Mueller_MS_TechHub_IMP_THIDDIAXL003_Cas9_PhoX_DIA12_CV48_250ng_FAIMS_002 P1_KFDNLTK P2_GKSDNVPSEEVVKK 1 2,DIA12_CV48:20251228_A2_N1_Mueller_MS_TechHub_IMP_THIDDIAXL003_Cas9_PhoX_DIA12_CV48_250ng_FAIMS_002,1158196,,,Q99ZW2,,,false,Q99ZW2,Q99ZW2,,false,GKSDNVPSEEVVKK,KFDNLTK,865,896,2,1,866,896,,-1,4,0,1.007276,4.371072
Scan: 213512 Run: DIA12_CV48:20251228_A2_N1_Mueller_MS_TechHub_IMP_THIDDIAXL003_Cas9_PhoX_DIA12_CV48_250ng_FAIMS_001 P1_NSDKLIAR P2_LENLIAQLPGEKK 4 12,DIA12_CV48:20251228_A2_N1_Mueller_MS_TechHub_IMP_THIDDIAXL003_Cas9_PhoX_DIA12_CV48_250ng_FAIMS_001,213512,,,Q99ZW2,,,false,Q99ZW2,Q99ZW2,,false,LENLIAQLPGEKK,NSDKLIAR,222,1115,12,4,233,1118,,-1,3,0,1.007276,4.369793
Scan: 297887 Run: DIA12_CV48:20251228_A2_N1_Mueller_MS_TechHub_IMP_THIDDIAXL003_Cas9_PhoX_DIA12_CV48_250ng_FAIMS_001 P1_KNLIGALLFDSGETAEATR P2_IEKILTFR 1 3,DIA12_CV48:20251228_A2_N1_Mueller_MS_TechHub_IMP_THIDDIAXL003_Cas9_PhoX_DIA12_CV48_250ng_FAIMS_001,297887,,,Q99ZW2,,,false,Q99ZW2,Q99ZW2,,false,IEKILTFR,KNLIGALLFDSGETAEATR,440,45,3,1,442,45,,-1,4,0,1.007276,4.369533
Scan: 361750 Run: DIA12_CV48:20251228_A2_N1_Mueller_MS_TechHub_IMP_THIDDIAXL003_Cas9_PhoX_DIA12_CV48_250ng_FAIMS_001 P1_VLPKHSLLYEYFTVYNELTK P2_KDLIIK 4 1,DIA12_CV48:20251228_A2_N1_Mueller_MS_TechHub_IMP_THIDDIAXL003_Cas9_PhoX_DIA12_CV48_250ng_FAIMS_001,361750,,,Q99ZW2,,,false,Q99ZW2,Q99ZW2,,false,KDLIIK,VLPKHSLLYEYFTVYNELTK,1192,507,1,4,1192,510,,-1,3,0,1.007276,4.36885
Scan: 254782 Run: DIA12_CV48:20251228_A2_N1_Mueller_MS_TechHub_IMP_THIDDIAXL003_Cas9_PhoX_DIA12_CV48_250ng_FAIMS_001 P1_YKEIFFDQSK P2_KKDWDPK 2 2,DIA12_CV48:20251228_A2_N1_Mueller_MS_TechHub_IMP_THIDDIAXL003_Cas9_PhoX_DIA12_CV48_250ng_FAIMS_001,254782,,,Q99ZW2,,,false,Q99ZW2,Q99ZW2,,false,KKDWDPK,YKEIFFDQSK,1123,347,2,2,1124,348,,-1,3,0,1.007276,4.367878
Scan: 1604917 Run: DIA12_CV48:20251228_A2_N1_Mueller_MS_TechHub_IMP_THIDDIAXL003_Cas9_PhoX_DIA12_CV48_250ng_FAIMS_003 P1_MNTKYDENDK P2_KVTVK 4 1,DIA12_CV48:20251228_A2_N1_Mueller_MS_TechHub_IMP_THIDDIAXL003_Cas9_PhoX_DIA12_CV48_250ng_FAIMS_003,1604917,,,Q99ZW2,,,false,Q99ZW2,Q99ZW2,,false,KVTVK,MNTKYDENDK,558,939,1,4,558,942,,-1,3,0,1.007276,4.367649
Scan: 351186 Run: DIA12_CV48:20251228_A2_N1_Mueller_MS_TechHub_IMP_THIDDIAXL003_Cas9_PhoX_DIA12_CV48_250ng_FAIMS_001 P1_SKLVSDFR P2_SEETITPWNFEEVVDKGASAQSFIER 2 16,DIA12_CV48:20251228_A2_N1_Mueller_MS_TechHub_IMP_THIDDIAXL003_Cas9_PhoX_DIA12_CV48_250ng_FAIMS_001,351186,,,Q99ZW2,,,false,Q99ZW2,Q99ZW2,,false,SEETITPWNFEEVVDKGASAQSFIER,SKLVSDFR,469,960,16,2,484,961,,-1,4,0,1.007276,4.36762
Scan: 985260 Run: DIA12_CV48:20251228_A2_N1_Mueller_MS_TechHub_IMP_THIDDIAXL003_Cas9_PhoX_DIA12_CV48_250ng_FAIMS_002 P1_KPAFLSGEQK P2_GNQLYYLYLKENQLQTNEVPHER 1 10,DIA12_CV48:20251228_A2_N1_Mueller_MS_TechHub_IMP_THIDDIAXL003_Cas9_PhoX_DIA12_CV48_250ng_FAIMS_002,985260,,,decoy:Q99ZW2,decoy,decoy,true,Q99ZW2,Q99ZW2,,false,GNQLYYLYLKENQLQTNEVPHER,KPAFLSGEQK,798,536,10,1,807,536,,-1,4,0,1.007276,4.367575
Scan: 364748 Run: DIA12_CV48:20251228_A2_N1_Mueller_MS_TechHub_IMP_THIDDIAXL003_Cas9_PhoX_DIA12_CV48_250ng_FAIMS_001 P1_VLPKHSLLYEYFTVYNELTK P2_QSGKTILDFLK 4 4,DIA12_CV48:20251228_A2_N1_Mueller_MS_TechHub_IMP_THIDDIAXL003_Cas9_PhoX_DIA12_CV48_250ng_FAIMS_001,364748,,,Q99ZW2,,,false,Q99ZW2,Q99ZW2,,false,QSGKTILDFLK,VLPKHSLLYEYFTVYNELTK,674,507,4,4,677,510,,-1,4,0,1.007276,4.367138
Scan: 1698335 Run: DIA12_CV48:20251228_A2_N1_Mueller_MS_TechHub_IMP_THIDDIAXL003_Cas9_PhoX_DIA12_CV48_250ng_FAIMS_003 P1_VVDELVKVMGR P2_EDIQKAQVSGQGDSLHEHIANLAGSPAIK 7 5,DIA12_CV48:20251228_A2_N1_Mueller_MS_TechHub_IMP_THIDDIAXL003_Cas9_PhoX_DIA12_CV48_250ng_FAIMS_003,1698335,,,Q99ZW2,,,false,Q99ZW2,Q99ZW2,,false,EDIQKAQVSGQGDSLHEHIANLAGSPAIK,VVDELVKVMGR,706,743,5,7,710,749,,-1,5,0,1.007276,4.366808
Scan: 1579319 Run: DIA12_CV48:20251228_A2_N1_Mueller_MS_TechHub_IMP_THIDDIAXL003_Cas9_PhoX_DIA12_CV48_250ng_FAIMS_003 P1_KPAFLSGEQKK P2_KPAFLSGEQK 1 1,DIA12_CV48:20251228_A2_N1_Mueller_MS_TechHub_IMP_THIDDIAXL003_Cas9_PhoX_DIA12_CV48_250ng_FAIMS_003,1579319,,,Q99ZW2,,,false,Q99ZW2,Q99ZW2,,false,KPAFLSGEQK,KPAFLSGEQKK,536,536,1,1,536,536,,-1,4,0,1.007276,4.366793
Scan: 715686 Run: DIA12_CV48:20251228_A2_N1_Mueller_MS_TechHub_IMP_THIDDIAXL003_Cas9_PhoX_DIA12_CV48_250ng_FAIMS_002 P1_SSFEKNPIDFLEAK P2_QLKEDYFK 5 3,DIA12_CV48:20251228_A2_N1_Mueller_MS_TechHub_IMP_THIDDIAXL003_Cas9_PhoX_DIA12_CV48_250ng_FAIMS_002,715686,,,Q99ZW2,,,false,Q99ZW2,Q99ZW2,,false,QLKEDYFK,SSFEKNPIDFLEAK,563,1172,3,5,565,1176,,-1,3,0,1.007276,4.366623
Scan: 275868 Run: DIA12_CV48:20251228_A2_N1_Mueller_MS_TechHub_IMP_THIDDIAXL003_Cas9_PhoX_DIA12_CV48_250ng_FAIMS_001 P1_KDLIIK P2_FIKPILEK 1 3,DIA12_CV48:20251228_A2_N1_Mueller_MS_TechHub_IMP_THIDDIAXL003_Cas9_PhoX_DIA12_CV48_250ng_FAIMS_001,275868,,,Q99ZW2,,,false,Q99ZW2,Q99ZW2,,false,FIKPILEK,KDLIIK,375,1192,3,1,377,1192,,-1,3,0,1.007276,4.366087
Scan: 1057351 Run: DIA12_CV48:20251228_A2_N1_Mueller_MS_TechHub_IMP_THIDDIAXL003_Cas9_PhoX_DIA12_CV48_250ng_FAIMS_002 P1_EDIQKAQVSGQGDSLHEHIANLAGSPAIK P2_DKQSGK 5 2,DIA12_CV48:20251228_A2_N1_Mueller_MS_TechHub_IMP_THIDDIAXL003_Cas9_PhoX_DIA12_CV48_250ng_FAIMS_002,1057351,,,Q99ZW2,,,false,Q99ZW2,Q99ZW2,,false,DKQSGK,EDIQKAQVSGQGDSLHEHIANLAGSPAIK,672,706,2,5,673,710,,-1,4,0,1.007276,4.365773
Scan: 1425497 Run: DIA12_CV48:20251228_A2_N1_Mueller_MS_TechHub_IMP_THIDDIAXL003_Cas9_PhoX_DIA12_CV48_250ng_FAIMS_003 P1_VNTEITKAPLSASMIK P2_KPAFLSGEQK 7 1,DIA12_CV48:20251228_A2_N1_Mueller_MS_TechHub_IMP_THIDDIAXL003_Cas9_PhoX_DIA12_CV48_250ng_FAIMS_003,1425497,,,Q99ZW2,,,false,Q99ZW2,Q99ZW2,,false,KPAFLSGEQK,VNTEITKAPLSASMIK,536,308,1,7,536,314,,-1,3,0,1.007276,4.365168
Scan: 943157 Run: DIA12_CV48:20251228_A2_N1_Mueller_MS_TechHub_IMP_THIDDIAXL003_Cas9_PhoX_DIA12_CV48_250ng_FAIMS_002 P1_SEETITPWNFEEVVDKGASAQSFIER P2_ENPLNKDFNTMK 16 6,DIA12_CV48:20251228_A2_N1_Mueller_MS_TechHub_IMP_THIDDIAXL003_Cas9_PhoX_DIA12_CV48_250ng_FAIMS_002,943157,,,decoy:Q99ZW2,decoy,decoy,true,Q99ZW2,Q99ZW2,,false,ENPLNKDFNTMK,SEETITPWNFEEVVDKGASAQSFIER,495,469,6,16,500,484,,-1,4,0,1.007276,4.365119
Scan: 1737987 Run: DIA12_CV48:20251228_A2_N1_Mueller_MS_TechHub_IMP_THIDDIAXL003_Cas9_PhoX_DIA12_CV48_250ng_FAIMS_003 P1_KMIAK P2_GKSDNVPSEEVVK 1 2,DIA12_CV48:20251228_A2_N1_Mueller_MS_TechHub_IMP_THIDDIAXL003_Cas9_PhoX_DIA12_CV48_250ng_FAIMS_003,1737987,,,Q99ZW2,,,false,Q99ZW2,Q99ZW2,,false,GKSDNVPSEEVVK,KMIAK,865,1020,2,1,866,1020,,-1,3,0,1.007276,4.365118
Scan: 378928 Run: DIA12_CV48:20251228_A2_N1_Mueller_MS_TechHub_IMP_THIDDIAXL003_Cas9_PhoX_DIA12_CV48_250ng_FAIMS_001 P1_KPAFLSGEQK P2_KDLIIK 1 1,DIA12_CV48:20251228_A2_N1_Mueller_MS_TechHub_IMP_THIDDIAXL003_Cas9_PhoX_DIA12_CV48_250ng_FAIMS_001,378928,,,Q99ZW2,,,false,Q99ZW2,Q99ZW2,,false,KDLIIK,KPAFLSGEQK,1192,536,1,1,1192,536,,-1,3,0,1.007276,4.364137
Scan: 1021637 Run: DIA12_CV48:20251228_A2_N1_Mueller_MS_TechHub_IMP_THIDDIAXL003_Cas9_PhoX_DIA12_CV48_250ng_FAIMS_002 P1_SKLVSDFR P2_LKTYAHLFDDK 2 2,DIA12_CV48:20251228_A2_N1_Mueller_MS_TechHub_IMP_THIDDIAXL003_Cas9_PhoX_DIA12_CV48_250ng_FAIMS_002,1021637,,,Q99ZW2,,,false,Q99ZW2,Q99ZW2,,false,LKTYAHLFDDK,SKLVSDFR,636,960,2,2,637,961,,-1,4,0,1.007276,4.363323
Scan: 373644 Run: DIA12_CV48:20251228_A2_N1_Mueller_MS_TechHub_IMP_THIDDIAXL003_Cas9_PhoX_DIA12_CV48_250ng_FAIMS_001 P1_VKYVTEGMR P2_FKVLGNTDR 2 2,DIA12_CV48:20251228_A2_N1_Mueller_MS_TechHub_IMP_THIDDIAXL003_Cas9_PhoX_DIA12_CV48_250ng_FAIMS_001,373644,,,Q99ZW2,,,false,Q99ZW2,Q99ZW2,,false,FKVLGNTDR,VKYVTEGMR,32,527,2,2,33,528,,-1,4,0,1.007276,4.3625
Scan: 937950 Run: DIA12_CV48:20251228_A2_N1_Mueller_MS_TechHub_IMP_THIDDIAXL003_Cas9_PhoX_DIA12_CV48_250ng_FAIMS_002 P1_SEETITPWNFEEVVDKGASAQSFIER P2_ESILPKR 16 6,DIA12_CV48:20251228_A2_N1_Mueller_MS_TechHub_IMP_THIDDIAXL003_Cas9_PhoX_DIA12_CV48_250ng_FAIMS_002,937950,,,Q99ZW2,,,false,Q99ZW2,Q99ZW2,,false,ESILPKR,SEETITPWNFEEVVDKGASAQSFIER,1108,469,6,16,1113,484,,-1,4,0,1.007276,4.36239
Scan: 521406 Run: DIA12_CV48:20251228_A2_N1_Mueller_MS_TechHub_IMP_THIDDIAXL003_Cas9_PhoX_DIA12_CV48_250ng_FAIMS_001 P1_YTSTKEVLDATLIHQSITGLYETR P2_ELGSQILKEHPVENTQLQNEK 5 8,DIA12_CV48:20251228_A2_N1_Mueller_MS_TechHub_IMP_THIDDIAXL003_Cas9_PhoX_DIA12_CV48_250ng_FAIMS_001,521406,,,Q99ZW2,,,false,Q99ZW2,Q99ZW2,,false,ELGSQILKEHPVENTQLQNEK,YTSTKEVLDATLIHQSITGLYETR,790,1336,8,5,797,1340,,-1,5,0,1.007276,4.361989
Scan: 630022 Run: DIA12_CV48:20251228_A2_N1_Mueller_MS_TechHub_IMP_THIDDIAXL003_Cas9_PhoX_DIA12_CV48_250ng_FAIMS_002 P1_KVLSMPQVNIVK P2_KPAFLSGEQK 1 1,DIA12_CV48:20251228_A2_N1_Mueller_MS_TechHub_IMP_THIDDIAXL003_Cas9_PhoX_DIA12_CV48_250ng_FAIMS_002,630022,,,Q99ZW2,,,false,Q99ZW2,Q99ZW2,,false,KPAFLSGEQK,KVLSMPQVNIVK,536,1085,1,1,536,1085,,-1,4,0,1.007276,4.36194
Scan: 1024804 Run: DIA12_CV48:20251228_A2_N1_Mueller_MS_TechHub_IMP_THIDDIAXL003_Cas9_PhoX_DIA12_CV48_250ng_FAIMS_002 P1_KLINGIR P2_AILKDSNRR 1 4,DIA12_CV48:20251228_A2_N1_Mueller_MS_TechHub_IMP_THIDDIAXL003_Cas9_PhoX_DIA12_CV48_250ng_FAIMS_002,1024804,,,decoy:Q99ZW2,decoy,decoy,true,Q99ZW2,Q99ZW2,,false,AILKDSNRR,KLINGIR,1114,665,4,1,1117,665,,-1,3,0,1.007276,4.361883
Scan: 98473 Run: DIA12_CV48:20251228_A2_N1_Mueller_MS_TechHub_IMP_THIDDIAXL003_Cas9_PhoX_DIA12_CV48_250ng_FAIMS_001 P1_KKDWDPK P2_EDIQKAQVSGQGDSLHEHIANLAGSPAIK 2 5,DIA12_CV48:20251228_A2_N1_Mueller_MS_TechHub_IMP_THIDDIAXL003_Cas9_PhoX_DIA12_CV48_250ng_FAIMS_001,98473,,,Q99ZW2,,,false,Q99ZW2,Q99ZW2,,false,EDIQKAQVSGQGDSLHEHIANLAGSPAIK,KKDWDPK,706,1123,5,2,710,1124,,-1,4,0,1.007276,4.36181
Scan: 1356325 Run: DIA12_CV48:20251228_A2_N1_Mueller_MS_TechHub_IMP_THIDDIAXL003_Cas9_PhoX_DIA12_CV48_250ng_FAIMS_003 P1_LKGSPEDNEQK P2_LKGSPEDNEQK 2 2,DIA12_CV48:20251228_A2_N1_Mueller_MS_TechHub_IMP_THIDDIAXL003_Cas9_PhoX_DIA12_CV48_250ng_FAIMS_003,1356325,,,Q99ZW2,,,false,Q99ZW2,Q99ZW2,,false,LKGSPEDNEQK,LKGSPEDNEQK,1245,1245,2,2,1246,1246,,-1,3,0,1.007276,4.361566
Scan: 1217928 Run: DIA12_CV48:20251228_A2_N1_Mueller_MS_TechHub_IMP_THIDDIAXL003_Cas9_PhoX_DIA12_CV48_250ng_FAIMS_003 P1_QITKHVAQILDSR P2_KRPLIETNGETGEIVWDK 4 1,DIA12_CV48:20251228_A2_N1_Mueller_MS_TechHub_IMP_THIDDIAXL003_Cas9_PhoX_DIA12_CV48_250ng_FAIMS_003,1217928,,,Q99ZW2,,,false,Q99ZW2,Q99ZW2,,false,KRPLIETNGETGEIVWDK,QITKHVAQILDSR,1059,926,1,4,1059,929,,-1,4,0,1.007276,4.360844
Scan: 637941 Run: DIA12_CV48:20251228_A2_N1_Mueller_MS_TechHub_IMP_THIDDIAXL003_Cas9_PhoX_DIA12_CV48_250ng_FAIMS_002 P1_KTEVQTGGFSK P2_GILQTVKVVDELVK 1 7,DIA12_CV48:20251228_A2_N1_Mueller_MS_TechHub_IMP_THIDDIAXL003_Cas9_PhoX_DIA12_CV48_250ng_FAIMS_002,637941,,,Q99ZW2,,,false,Q99ZW2,Q99ZW2,,false,GILQTVKVVDELVK,KTEVQTGGFSK,736,1097,7,1,742,1097,,-1,4,0,1.007276,4.359801
Scan: 97960 Run: DIA12_CV48:20251228_A2_N1_Mueller_MS_TechHub_IMP_THIDDIAXL003_Cas9_PhoX_DIA12_CV48_250ng_FAIMS_001 P1_KYGGFDSPTVAYSVLVVAK P2_KKDWDPK 1 2,DIA12_CV48:20251228_A2_N1_Mueller_MS_TechHub_IMP_THIDDIAXL003_Cas9_PhoX_DIA12_CV48_250ng_FAIMS_001,97960,,,Q99ZW2,,,false,Q99ZW2,Q99ZW2,,false,KKDWDPK,KYGGFDSPTVAYSVLVVAK,1123,1130,2,1,1124,1130,,-1,5,0,1.007276,4.359627
Scan: 9326 Run: DIA12_CV48:20251228_A2_N1_Mueller_MS_TechHub_IMP_THIDDIAXL003_Cas9_PhoX_DIA12_CV48_250ng_FAIMS_001 P1_MIAKSEQEIGK P2_KPAFLSGEQK 4 1,DIA12_CV48:20251228_A2_N1_Mueller_MS_TechHub_IMP_THIDDIAXL003_Cas9_PhoX_DIA12_CV48_250ng_FAIMS_001,9326,,,Q99ZW2,,,false,Q99ZW2,Q99ZW2,,false,KPAFLSGEQK,MIAKSEQEIGK,536,1021,1,4,536,1024,,-1,3,0,1.007276,4.359396
Scan: 693944 Run: DIA12_CV48:20251228_A2_N1_Mueller_MS_TechHub_IMP_THIDDIAXL003_Cas9_PhoX_DIA12_CV48_250ng_FAIMS_002 P1_KTEVQTGGFSKESILPK P2_KKDWDPK 11 2,DIA12_CV48:20251228_A2_N1_Mueller_MS_TechHub_IMP_THIDDIAXL003_Cas9_PhoX_DIA12_CV48_250ng_FAIMS_002,693944,,,Q99ZW2,,,false,Q99ZW2,Q99ZW2,,false,KKDWDPK,KTEVQTGGFSKESILPK,1123,1097,2,11,1124,1107,,-1,3,0,1.007276,4.35913
Scan: 848307 Run: DIA12_CV48:20251228_A2_N1_Mueller_MS_TechHub_IMP_THIDDIAXL003_Cas9_PhoX_DIA12_CV48_250ng_FAIMS_002 P1_YDEHHQDLTLLKALVR P2_KLINGIR 12 1,DIA12_CV48:20251228_A2_N1_Mueller_MS_TechHub_IMP_THIDDIAXL003_Cas9_PhoX_DIA12_CV48_250ng_FAIMS_002,848307,,,Q99ZW2,,,false,Q99ZW2,Q99ZW2,,false,KLINGIR,YDEHHQDLTLLKALVR,665,325,1,12,665,336,,-1,5,0,1.007276,4.358629
Scan: 1505434 Run: DIA12_CV48:20251228_A2_N1_Mueller_MS_TechHub_IMP_THIDDIAXL003_Cas9_PhoX_DIA12_CV48_250ng_FAIMS_003 P1_KSEETITPWNFEEVVDKGASAQSFIER P2_DKQSGK 1 2,DIA12_CV48:20251228_A2_N1_Mueller_MS_TechHub_IMP_THIDDIAXL003_Cas9_PhoX_DIA12_CV48_250ng_FAIMS_003,1505434,,,Q99ZW2,,,false,Q99ZW2,Q99ZW2,,false,DKQSGK,KSEETITPWNFEEVVDKGASAQSFIER,672,468,2,1,673,468,,-1,4,0,1.007276,4.358492
Scan: 452912 Run: DIA12_CV48:20251228_A2_N1_Mueller_MS_TechHub_IMP_THIDDIAXL003_Cas9_PhoX_DIA12_CV48_250ng_FAIMS_001 P1_NSDKLIAR P2_EDIQKAQVSGQGDSLHEHIANLAGSPAIK 4 5,DIA12_CV48:20251228_A2_N1_Mueller_MS_TechHub_IMP_THIDDIAXL003_Cas9_PhoX_DIA12_CV48_250ng_FAIMS_001,452912,,,Q99ZW2,,,false,Q99ZW2,Q99ZW2,,false,EDIQKAQVSGQGDSLHEHIANLAGSPAIK,NSDKLIAR,706,1115,5,4,710,1118,,-1,5,0,1.007276,4.358114
Scan: 22946 Run: DIA12_CV48:20251228_A2_N1_Mueller_MS_TechHub_IMP_THIDDIAXL003_Cas9_PhoX_DIA12_CV48_250ng_FAIMS_001 P1_KRPLIETNGETGEIVWDK P2_KLINGIR 1 1,DIA12_CV48:20251228_A2_N1_Mueller_MS_TechHub_IMP_THIDDIAXL003_Cas9_PhoX_DIA12_CV48_250ng_FAIMS_001,22946,,,Q99ZW2,,,false,Q99ZW2,Q99ZW2,,false,KLINGIR,KRPLIETNGETGEIVWDK,665,1059,1,1,665,1059,,-1,4,0,1.007276,4.356577
Scan: 374568 Run: DIA12_CV48:20251228_A2_N1_Mueller_MS_TechHub_IMP_THIDDIAXL003_Cas9_PhoX_DIA12_CV48_250ng_FAIMS_001 P1_VKYVTEGMR P2_GQKNSR 2 3,DIA12_CV48:20251228_A2_N1_Mueller_MS_TechHub_IMP_THIDDIAXL003_Cas9_PhoX_DIA12_CV48_250ng_FAIMS_001,374568,,,Q99ZW2,,,false,Q99ZW2,Q99ZW2,,false,GQKNSR,VKYVTEGMR,773,527,3,2,775,528,,-1,3,0,1.007276,4.35548
Scan: 731152 Run: DIA12_CV48:20251228_A2_N1_Mueller_MS_TechHub_IMP_THIDDIAXL003_Cas9_PhoX_DIA12_CV48_250ng_FAIMS_002 P1_NPIDFLEAKGYK P2_KDLIIK 9 1,DIA12_CV48:20251228_A2_N1_Mueller_MS_TechHub_IMP_THIDDIAXL003_Cas9_PhoX_DIA12_CV48_250ng_FAIMS_002,731152,,,Q99ZW2,,,false,Q99ZW2,Q99ZW2,,false,KDLIIK,NPIDFLEAKGYK,1192,1177,1,9,1192,1185,,-1,3,0,1.007276,4.354991
Scan: 91328 Run: DIA12_CV48:20251228_A2_N1_Mueller_MS_TechHub_IMP_THIDDIAXL003_Cas9_PhoX_DIA12_CV48_250ng_FAIMS_001 P1_EDIQKAQVSGQGDSLHEHIANLAGSPAIK P2_AILKDSNR 5 4,DIA12_CV48:20251228_A2_N1_Mueller_MS_TechHub_IMP_THIDDIAXL003_Cas9_PhoX_DIA12_CV48_250ng_FAIMS_001,91328,,,decoy:Q99ZW2,decoy,decoy,true,Q99ZW2,Q99ZW2,,false,AILKDSNR,EDIQKAQVSGQGDSLHEHIANLAGSPAIK,1115,706,4,5,1118,710,,-1,5,0,1.007276,4.354801
Scan: 173963 Run: DIA12_CV48:20251228_A2_N1_Mueller_MS_TechHub_IMP_THIDDIAXL003_Cas9_PhoX_DIA12_CV48_250ng_FAIMS_001 P1_QLFVEQHKHYLDEIIEQISEFSK P2_KNLIGALLFDSGETAEATR 8 1,DIA12_CV48:20251228_A2_N1_Mueller_MS_TechHub_IMP_THIDDIAXL003_Cas9_PhoX_DIA12_CV48_250ng_FAIMS_001,173963,,,Q99ZW2,,,false,Q99ZW2,Q99ZW2,,false,KNLIGALLFDSGETAEATR,QLFVEQHKHYLDEIIEQISEFSK,45,1256,1,8,45,1263,,-1,5,0,1.007276,4.354692
Scan: 1236314 Run: DIA12_CV48:20251228_A2_N1_Mueller_MS_TechHub_IMP_THIDDIAXL003_Cas9_PhoX_DIA12_CV48_250ng_FAIMS_003 P1_KTEVQTGGFSK P2_KDFQFYK 1 1,DIA12_CV48:20251228_A2_N1_Mueller_MS_TechHub_IMP_THIDDIAXL003_Cas9_PhoX_DIA12_CV48_250ng_FAIMS_003,1236314,,,Q99ZW2,,,false,Q99ZW2,Q99ZW2,,false,KDFQFYK,KTEVQTGGFSK,968,1097,1,1,968,1097,,-1,3,0,1.007276,4.354271
Scan: 430063 Run: DIA12_CV48:20251228_A2_N1_Mueller_MS_TechHub_IMP_THIDDIAXL003_Cas9_PhoX_DIA12_CV48_250ng_FAIMS_001 P1_KLINGIR P2_KAIVDLLFK 1 1,DIA12_CV48:20251228_A2_N1_Mueller_MS_TechHub_IMP_THIDDIAXL003_Cas9_PhoX_DIA12_CV48_250ng_FAIMS_001,430063,,,Q99ZW2,,,false,Q99ZW2,Q99ZW2,,false,KAIVDLLFK,KLINGIR,546,665,1,1,546,665,,-1,3,0,1.007276,4.353945
Scan: 350722 Run: DIA12_CV48:20251228_A2_N1_Mueller_MS_TechHub_IMP_THIDDIAXL003_Cas9_PhoX_DIA12_CV48_250ng_FAIMS_001 P1_SEETITPWNFEEVVDKGASAQSFIER P2_QLLNAKLITQR 16 6,DIA12_CV48:20251228_A2_N1_Mueller_MS_TechHub_IMP_THIDDIAXL003_Cas9_PhoX_DIA12_CV48_250ng_FAIMS_001,350722,,,Q99ZW2,,,false,Q99ZW2,Q99ZW2,,false,QLLNAKLITQR,SEETITPWNFEEVVDKGASAQSFIER,885,469,6,16,890,484,,-1,4,0,1.007276,4.353226
Scan: 1781936 Run: DIA12_CV48:20251228_A2_N1_Mueller_MS_TechHub_IMP_THIDDIAXL003_Cas9_PhoX_DIA12_CV48_250ng_FAIMS_003 P1_SKLVSDFR P2_KDLIIK 2 1,DIA12_CV48:20251228_A2_N1_Mueller_MS_TechHub_IMP_THIDDIAXL003_Cas9_PhoX_DIA12_CV48_250ng_FAIMS_003,1781936,,,Q99ZW2,,,false,Q99ZW2,Q99ZW2,,false,KDLIIK,SKLVSDFR,1192,960,1,2,1192,961,,-1,3,0,1.007276,4.352124
Scan: 291808 Run: DIA12_CV48:20251228_A2_N1_Mueller_MS_TechHub_IMP_THIDDIAXL003_Cas9_PhoX_DIA12_CV48_250ng_FAIMS_001 P1_KSEETITPWNFEEVVDKGASAQSFIER P2_EKIEKILTFR 1 5,DIA12_CV48:20251228_A2_N1_Mueller_MS_TechHub_IMP_THIDDIAXL003_Cas9_PhoX_DIA12_CV48_250ng_FAIMS_001,291808,,,Q99ZW2,,,false,Q99ZW2,Q99ZW2,,false,EKIEKILTFR,KSEETITPWNFEEVVDKGASAQSFIER,438,468,5,1,442,468,,-1,4,0,1.007276,4.352037
Scan: 825724 Run: DIA12_CV48:20251228_A2_N1_Mueller_MS_TechHub_IMP_THIDDIAXL003_Cas9_PhoX_DIA12_CV48_250ng_FAIMS_002 P1_SNFDLAEDAKLQLSK P2_ELGSQILKEHPVENTQLQNEK 10 8,DIA12_CV48:20251228_A2_N1_Mueller_MS_TechHub_IMP_THIDDIAXL003_Cas9_PhoX_DIA12_CV48_250ng_FAIMS_002,825724,,,Q99ZW2,,,false,Q99ZW2,Q99ZW2,,false,ELGSQILKEHPVENTQLQNEK,SNFDLAEDAKLQLSK,790,254,8,10,797,263,,-1,4,0,1.007276,4.351983
Scan: 1677649 Run: DIA12_CV48:20251228_A2_N1_Mueller_MS_TechHub_IMP_THIDDIAXL003_Cas9_PhoX_DIA12_CV48_250ng_FAIMS_003 P1_KGILQTVK P2_FKVLGNTDR 1 2,DIA12_CV48:20251228_A2_N1_Mueller_MS_TechHub_IMP_THIDDIAXL003_Cas9_PhoX_DIA12_CV48_250ng_FAIMS_003,1677649,,,Q99ZW2,,,false,Q99ZW2,Q99ZW2,,false,FKVLGNTDR,KGILQTVK,32,735,2,1,33,735,,-1,3,0,1.007276,4.351643
Scan: 787876 Run: DIA12_CV48:20251228_A2_N1_Mueller_MS_TechHub_IMP_THIDDIAXL003_Cas9_PhoX_DIA12_CV48_250ng_FAIMS_002 P1_KLINGIR P2_HPIFGNIVDEVAYHEKYPTIYHLR 1 16,DIA12_CV48:20251228_A2_N1_Mueller_MS_TechHub_IMP_THIDDIAXL003_Cas9_PhoX_DIA12_CV48_250ng_FAIMS_002,787876,,,Q99ZW2,,,false,Q99ZW2,Q99ZW2,,false,HPIFGNIVDEVAYHEKYPTIYHLR,KLINGIR,116,665,16,1,131,665,,-1,5,0,1.007276,4.351242
Scan: 512538 Run: DIA12_CV48:20251228_A2_N1_Mueller_MS_TechHub_IMP_THIDDIAXL003_Cas9_PhoX_DIA12_CV48_250ng_FAIMS_001 P1_KGILQTVK P2_GQKNSR 1 3,DIA12_CV48:20251228_A2_N1_Mueller_MS_TechHub_IMP_THIDDIAXL003_Cas9_PhoX_DIA12_CV48_250ng_FAIMS_001,512538,,,Q99ZW2,,,false,Q99ZW2,Q99ZW2,,false,GQKNSR,KGILQTVK,773,735,3,1,775,735,,-1,3,0,1.007276,4.351034
Scan: 224865 Run: DIA12_CV48:20251228_A2_N1_Mueller_MS_TechHub_IMP_THIDDIAXL003_Cas9_PhoX_DIA12_CV48_250ng_FAIMS_001 P1_SNFDLAEDAKLQLSK P2_ESILPKR 10 6,DIA12_CV48:20251228_A2_N1_Mueller_MS_TechHub_IMP_THIDDIAXL003_Cas9_PhoX_DIA12_CV48_250ng_FAIMS_001,224865,,,Q99ZW2,,,false,Q99ZW2,Q99ZW2,,false,ESILPKR,SNFDLAEDAKLQLSK,1108,254,6,10,1113,263,,-1,3,0,1.007276,4.34952
Scan: 373401 Run: DIA12_CV48:20251228_A2_N1_Mueller_MS_TechHub_IMP_THIDDIAXL003_Cas9_PhoX_DIA12_CV48_250ng_FAIMS_001 P1_VKYVTEGMR P2_KKDWDPK 2 1,DIA12_CV48:20251228_A2_N1_Mueller_MS_TechHub_IMP_THIDDIAXL003_Cas9_PhoX_DIA12_CV48_250ng_FAIMS_001,373401,,,Q99ZW2,,,false,Q99ZW2,Q99ZW2,,false,KKDWDPK,VKYVTEGMR,1123,527,1,2,1123,528,,-1,3,0,1.007276,4.349352
Scan: 215022 Run: DIA12_CV48:20251228_A2_N1_Mueller_MS_TechHub_IMP_THIDDIAXL003_Cas9_PhoX_DIA12_CV48_250ng_FAIMS_001 P1_RLENLIAQLPGEKK P2_KPAFLSGEQK 13 1,DIA12_CV48:20251228_A2_N1_Mueller_MS_TechHub_IMP_THIDDIAXL003_Cas9_PhoX_DIA12_CV48_250ng_FAIMS_001,215022,,,Q99ZW2,,,false,Q99ZW2,Q99ZW2,,false,KPAFLSGEQK,RLENLIAQLPGEKK,536,221,1,13,536,233,,-1,3,0,1.007276,4.349165
Scan: 114334 Run: DIA12_CV48:20251228_A2_N1_Mueller_MS_TechHub_IMP_THIDDIAXL003_Cas9_PhoX_DIA12_CV48_250ng_FAIMS_001 P1_SSFEKNPIDFLEAK P2_LPKYSLFELENGR 5 3,DIA12_CV48:20251228_A2_N1_Mueller_MS_TechHub_IMP_THIDDIAXL003_Cas9_PhoX_DIA12_CV48_250ng_FAIMS_001,114334,,,Q99ZW2,,,false,Q99ZW2,Q99ZW2,,false,LPKYSLFELENGR,SSFEKNPIDFLEAK,1198,1172,3,5,1200,1176,,-1,4,0,1.007276,4.348653
Scan: 1516489 Run: DIA12_CV48:20251228_A2_N1_Mueller_MS_TechHub_IMP_THIDDIAXL003_Cas9_PhoX_DIA12_CV48_250ng_FAIMS_003 P1_IEKILTFR P2_EIFSQASAGKDVVEEFNWPTITEESR 3 10,DIA12_CV48:20251228_A2_N1_Mueller_MS_TechHub_IMP_THIDDIAXL003_Cas9_PhoX_DIA12_CV48_250ng_FAIMS_003,1516489,,,decoy:Q99ZW2,decoy,decoy,true,Q99ZW2,Q99ZW2,,false,EIFSQASAGKDVVEEFNWPTITEESR,IEKILTFR,469,440,10,3,478,442,,-1,4,0,1.007276,4.348327
Scan: 276548 Run: DIA12_CV48:20251228_A2_N1_Mueller_MS_TechHub_IMP_THIDDIAXL003_Cas9_PhoX_DIA12_CV48_250ng_FAIMS_001 P1_SKLVSDFR P2_FIKPILEKMDGTEELLVK 2 3,DIA12_CV48:20251228_A2_N1_Mueller_MS_TechHub_IMP_THIDDIAXL003_Cas9_PhoX_DIA12_CV48_250ng_FAIMS_001,276548,,,Q99ZW2,,,false,Q99ZW2,Q99ZW2,,false,FIKPILEKMDGTEELLVK,SKLVSDFR,375,960,3,2,377,961,,-1,4,0,1.007276,4.348056
Scan: 366127 Run: DIA12_CV48:20251228_A2_N1_Mueller_MS_TechHub_IMP_THIDDIAXL003_Cas9_PhoX_DIA12_CV48_250ng_FAIMS_001 P1_VLPKHSLLYEYFTVYNELTK P2_KDFQFYK 4 1,DIA12_CV48:20251228_A2_N1_Mueller_MS_TechHub_IMP_THIDDIAXL003_Cas9_PhoX_DIA12_CV48_250ng_FAIMS_001,366127,,,Q99ZW2,,,false,Q99ZW2,Q99ZW2,,false,KDFQFYK,VLPKHSLLYEYFTVYNELTK,968,507,1,4,968,510,,-1,4,0,1.007276,4.347346
Scan: 1497103 Run: DIA12_CV48:20251228_A2_N1_Mueller_MS_TechHub_IMP_THIDDIAXL003_Cas9_PhoX_DIA12_CV48_250ng_FAIMS_003 P1_KSEETITPWNFEEVVDK P2_DLIIKLPK 1 5,DIA12_CV48:20251228_A2_N1_Mueller_MS_TechHub_IMP_THIDDIAXL003_Cas9_PhoX_DIA12_CV48_250ng_FAIMS_003,1497103,,,Q99ZW2,,,false,Q99ZW2,Q99ZW2,,false,DLIIKLPK,KSEETITPWNFEEVVDK,1193,468,5,1,1197,468,,-1,4,0,1.007276,4.346902
Scan: 288880 Run: DIA12_CV48:20251228_A2_N1_Mueller_MS_TechHub_IMP_THIDDIAXL003_Cas9_PhoX_DIA12_CV48_250ng_FAIMS_001 P1_SEETITPWNFEEVVDKGASAQSFIER P2_QEDFYPFLKDNR 16 9,DIA12_CV48:20251228_A2_N1_Mueller_MS_TechHub_IMP_THIDDIAXL003_Cas9_PhoX_DIA12_CV48_250ng_FAIMS_001,288880,,,Q99ZW2,,,false,Q99ZW2,Q99ZW2,,false,QEDFYPFLKDNR,SEETITPWNFEEVVDKGASAQSFIER,426,469,9,16,434,484,,-1,4,0,1.007276,4.345277
Scan: 910665 Run: DIA12_CV48:20251228_A2_N1_Mueller_MS_TechHub_IMP_THIDDIAXL003_Cas9_PhoX_DIA12_CV48_250ng_FAIMS_002 P1_KSEETITPWNFEEVVDK P2_KFDNLTK 1 1,DIA12_CV48:20251228_A2_N1_Mueller_MS_TechHub_IMP_THIDDIAXL003_Cas9_PhoX_DIA12_CV48_250ng_FAIMS_002,910665,,,Q99ZW2,,,false,Q99ZW2,Q99ZW2,,false,KFDNLTK,KSEETITPWNFEEVVDK,896,468,1,1,896,468,,-1,4,0,1.007276,4.345023
Scan: 1035647 Run: DIA12_CV48:20251228_A2_N1_Mueller_MS_TechHub_IMP_THIDDIAXL003_Cas9_PhoX_DIA12_CV48_250ng_FAIMS_002 P1_QSGKTILDFLK P2_NSDKLIAR 4 4,DIA12_CV48:20251228_A2_N1_Mueller_MS_TechHub_IMP_THIDDIAXL003_Cas9_PhoX_DIA12_CV48_250ng_FAIMS_002,1035647,,,Q99ZW2,,,false,Q99ZW2,Q99ZW2,,false,NSDKLIAR,QSGKTILDFLK,1115,674,4,4,1118,677,,-1,3,0,1.007276,4.344775
Scan: 621054 Run: DIA12_CV48:20251228_A2_N1_Mueller_MS_TechHub_IMP_THIDDIAXL003_Cas9_PhoX_DIA12_CV48_250ng_FAIMS_002 P1_SKLVSDFR P2_KRPLIETNGETGEIVWDK 2 1,DIA12_CV48:20251228_A2_N1_Mueller_MS_TechHub_IMP_THIDDIAXL003_Cas9_PhoX_DIA12_CV48_250ng_FAIMS_002,621054,,,Q99ZW2,,,false,Q99ZW2,Q99ZW2,,false,KRPLIETNGETGEIVWDK,SKLVSDFR,1059,960,1,2,1059,961,,-1,4,0,1.007276,4.344488
Scan: 872472 Run: DIA12_CV48:20251228_A2_N1_Mueller_MS_TechHub_IMP_THIDDIAXL003_Cas9_PhoX_DIA12_CV48_250ng_FAIMS_002 P1_SNFDLAEDAKLQLSK P2_NGYAGYIDGGASQEEFYKFIKPILEK 10 18,DIA12_CV48:20251228_A2_N1_Mueller_MS_TechHub_IMP_THIDDIAXL003_Cas9_PhoX_DIA12_CV48_250ng_FAIMS_002,872472,,,Q99ZW2,,,false,Q99ZW2,Q99ZW2,,false,NGYAGYIDGGASQEEFYKFIKPILEK,SNFDLAEDAKLQLSK,357,254,18,10,374,263,,-1,5,0,1.007276,4.343124
Scan: 242316 Run: DIA12_CV48:20251228_A2_N1_Mueller_MS_TechHub_IMP_THIDDIAXL003_Cas9_PhoX_DIA12_CV48_250ng_FAIMS_001 P1_LDAKDTSDVLR P2_FKVLGNTDR 4 2,DIA12_CV48:20251228_A2_N1_Mueller_MS_TechHub_IMP_THIDDIAXL003_Cas9_PhoX_DIA12_CV48_250ng_FAIMS_001,242316,,,Q99ZW2,,,false,decoy:Q99ZW2,decoy,decoy,true,FKVLGNTDR,LDAKDTSDVLR,32,142,2,4,33,145,,-1,3,0,1.007276,4.343073
Scan: 1490835 Run: DIA12_CV48:20251228_A2_N1_Mueller_MS_TechHub_IMP_THIDDIAXL003_Cas9_PhoX_DIA12_CV48_250ng_FAIMS_003 P1_SSFEKNPIDFLEAK P2_KNLIGALLFDSGETAEATR 5 1,DIA12_CV48:20251228_A2_N1_Mueller_MS_TechHub_IMP_THIDDIAXL003_Cas9_PhoX_DIA12_CV48_250ng_FAIMS_003,1490835,,,Q99ZW2,,,false,Q99ZW2,Q99ZW2,,false,KNLIGALLFDSGETAEATR,SSFEKNPIDFLEAK,45,1172,1,5,45,1176,,-1,4,0,1.007276,4.342707
Scan: 1756658 Run: DIA12_CV48:20251228_A2_N1_Mueller_MS_TechHub_IMP_THIDDIAXL003_Cas9_PhoX_DIA12_CV48_250ng_FAIMS_003 P1_KPAFLSGEQK P2_EAKTLNDFR 1 3,DIA12_CV48:20251228_A2_N1_Mueller_MS_TechHub_IMP_THIDDIAXL003_Cas9_PhoX_DIA12_CV48_250ng_FAIMS_003,1756658,,,decoy:Q99ZW2,decoy,decoy,true,Q99ZW2,Q99ZW2,,false,EAKTLNDFR,KPAFLSGEQK,897,536,3,1,899,536,,-1,3,0,1.007276,4.342156
Scan: 298815 Run: DIA12_CV48:20251228_A2_N1_Mueller_MS_TechHub_IMP_THIDDIAXL003_Cas9_PhoX_DIA12_CV48_250ng_FAIMS_001 P1_SKLVSDFR P2_KNLIGALLFDSGETAEATR 2 1,DIA12_CV48:20251228_A2_N1_Mueller_MS_TechHub_IMP_THIDDIAXL003_Cas9_PhoX_DIA12_CV48_250ng_FAIMS_001,298815,,,Q99ZW2,,,false,Q99ZW2,Q99ZW2,,false,KNLIGALLFDSGETAEATR,SKLVSDFR,45,960,1,2,45,961,,-1,4,0,1.007276,4.341922
Scan: 1282338 Run: DIA12_CV48:20251228_A2_N1_Mueller_MS_TechHub_IMP_THIDDIAXL003_Cas9_PhoX_DIA12_CV48_250ng_FAIMS_003 P1_NSDKLIAR P2_FIKPILEK 4 3,DIA12_CV48:20251228_A2_N1_Mueller_MS_TechHub_IMP_THIDDIAXL003_Cas9_PhoX_DIA12_CV48_250ng_FAIMS_003,1282338,,,Q99ZW2,,,false,Q99ZW2,Q99ZW2,,false,FIKPILEK,NSDKLIAR,375,1115,3,4,377,1118,,-1,3,0,1.007276,4.341597
Scan: 1230136 Run: DIA12_CV48:20251228_A2_N1_Mueller_MS_TechHub_IMP_THIDDIAXL003_Cas9_PhoX_DIA12_CV48_250ng_FAIMS_003 P1_TEVQTGGFSKESILPK P2_KTEVQTGGFSK 10 1,DIA12_CV48:20251228_A2_N1_Mueller_MS_TechHub_IMP_THIDDIAXL003_Cas9_PhoX_DIA12_CV48_250ng_FAIMS_003,1230136,,,Q99ZW2,,,false,Q99ZW2,Q99ZW2,,false,KTEVQTGGFSK,TEVQTGGFSKESILPK,1097,1098,1,10,1097,1107,,-1,4,0,1.007276,4.341502
Scan: 743334 Run: DIA12_CV48:20251228_A2_N1_Mueller_MS_TechHub_IMP_THIDDIAXL003_Cas9_PhoX_DIA12_CV48_250ng_FAIMS_002 P1_LPKYSLFELENGR P2_KPAFLSGEQK 3 1,DIA12_CV48:20251228_A2_N1_Mueller_MS_TechHub_IMP_THIDDIAXL003_Cas9_PhoX_DIA12_CV48_250ng_FAIMS_002,743334,,,Q99ZW2,,,false,Q99ZW2,Q99ZW2,,false,KPAFLSGEQK,LPKYSLFELENGR,536,1198,1,3,536,1200,,-1,3,0,1.007276,4.340901
Scan: 1101116 Run: DIA12_CV48:20251228_A2_N1_Mueller_MS_TechHub_IMP_THIDDIAXL003_Cas9_PhoX_DIA12_CV48_250ng_FAIMS_002 P1_VVDELVKVMGR P2_KLINGIR 7 1,DIA12_CV48:20251228_A2_N1_Mueller_MS_TechHub_IMP_THIDDIAXL003_Cas9_PhoX_DIA12_CV48_250ng_FAIMS_002,1101116,,,Q99ZW2,,,false,Q99ZW2,Q99ZW2,,false,KLINGIR,VVDELVKVMGR,665,743,1,7,665,749,,-1,3,0,1.007276,4.340848
Scan: 1167905 Run: DIA12_CV48:20251228_A2_N1_Mueller_MS_TechHub_IMP_THIDDIAXL003_Cas9_PhoX_DIA12_CV48_250ng_FAIMS_002 P1_QITKHVAQILDSR P2_KDLIIK 4 1,DIA12_CV48:20251228_A2_N1_Mueller_MS_TechHub_IMP_THIDDIAXL003_Cas9_PhoX_DIA12_CV48_250ng_FAIMS_002,1167905,,,Q99ZW2,,,false,Q99ZW2,Q99ZW2,,false,KDLIIK,QITKHVAQILDSR,1192,926,1,4,1192,929,,-1,4,0,1.007276,4.340665
Scan: 116212 Run: DIA12_CV48:20251228_A2_N1_Mueller_MS_TechHub_IMP_THIDDIAXL003_Cas9_PhoX_DIA12_CV48_250ng_FAIMS_001 P1_SSFEKNPIDFLEAK P2_RQEDFYPFLKDNR 5 10,DIA12_CV48:20251228_A2_N1_Mueller_MS_TechHub_IMP_THIDDIAXL003_Cas9_PhoX_DIA12_CV48_250ng_FAIMS_001,116212,,,Q99ZW2,,,false,Q99ZW2,Q99ZW2,,false,RQEDFYPFLKDNR,SSFEKNPIDFLEAK,425,1172,10,5,434,1176,,-1,4,0,1.007276,4.340406
Scan: 889357 Run: DIA12_CV48:20251228_A2_N1_Mueller_MS_TechHub_IMP_THIDDIAXL003_Cas9_PhoX_DIA12_CV48_250ng_FAIMS_002 P1_KSEETITPWNFEEVVDKGASAQSFIER P2_EKIEKILTFR 17 5,DIA12_CV48:20251228_A2_N1_Mueller_MS_TechHub_IMP_THIDDIAXL003_Cas9_PhoX_DIA12_CV48_250ng_FAIMS_002,889357,,,Q99ZW2,,,false,Q99ZW2,Q99ZW2,,false,EKIEKILTFR,KSEETITPWNFEEVVDKGASAQSFIER,438,468,5,17,442,484,,-1,4,0,1.007276,4.340376
Scan: 1110329 Run: DIA12_CV48:20251228_A2_N1_Mueller_MS_TechHub_IMP_THIDDIAXL003_Cas9_PhoX_DIA12_CV48_250ng_FAIMS_002 P1_SNKQGR P2_QLLNAKLITQR 3 6,DIA12_CV48:20251228_A2_N1_Mueller_MS_TechHub_IMP_THIDDIAXL003_Cas9_PhoX_DIA12_CV48_250ng_FAIMS_002,1110329,,,Q99ZW2,,,false,decoy:Q99ZW2,decoy,decoy,true,QLLNAKLITQR,SNKQGR,885,773,6,3,890,775,,-1,4,0,1.007276,4.340142
Scan: 541864 Run: DIA12_CV48:20251228_A2_N1_Mueller_MS_TechHub_IMP_THIDDIAXL003_Cas9_PhoX_DIA12_CV48_250ng_FAIMS_001 P1_ELGSQILKEHPVENTQLQNEK P2_DDSIDNKVLTR 8 7,DIA12_CV48:20251228_A2_N1_Mueller_MS_TechHub_IMP_THIDDIAXL003_Cas9_PhoX_DIA12_CV48_250ng_FAIMS_001,541864,,,Q99ZW2,,,false,Q99ZW2,Q99ZW2,,false,DDSIDNKVLTR,ELGSQILKEHPVENTQLQNEK,849,790,7,8,855,797,,-1,4,0,1.007276,4.338881
Scan: 1045340 Run: DIA12_CV48:20251228_A2_N1_Mueller_MS_TechHub_IMP_THIDDIAXL003_Cas9_PhoX_DIA12_CV48_250ng_FAIMS_002 P1_TILDFLKSDGFANR P2_ELGSQILKEHPVENTQLQNEK 7 8,DIA12_CV48:20251228_A2_N1_Mueller_MS_TechHub_IMP_THIDDIAXL003_Cas9_PhoX_DIA12_CV48_250ng_FAIMS_002,1045340,,,Q99ZW2,,,false,Q99ZW2,Q99ZW2,,false,ELGSQILKEHPVENTQLQNEK,TILDFLKSDGFANR,790,678,8,7,797,684,,-1,4,0,1.007276,4.338591
Scan: 784277 Run: DIA12_CV48:20251228_A2_N1_Mueller_MS_TechHub_IMP_THIDDIAXL003_Cas9_PhoX_DIA12_CV48_250ng_FAIMS_002 P1_VLSAYNKHR P2_DKPIR 7 2,DIA12_CV48:20251228_A2_N1_Mueller_MS_TechHub_IMP_THIDDIAXL003_Cas9_PhoX_DIA12_CV48_250ng_FAIMS_002,784277,,,Q99ZW2,,,false,Q99ZW2,Q99ZW2,,false,DKPIR,VLSAYNKHR,1299,1290,2,7,1300,1296,,-1,5,0,1.007276,4.338256
Scan: 915002 Run: DIA12_CV48:20251228_A2_N1_Mueller_MS_TechHub_IMP_THIDDIAXL003_Cas9_PhoX_DIA12_CV48_250ng_FAIMS_002 P1_VLPKHSLLYEYFTVYNELTK P2_EIFSQASAGKDVVEEFNWPTITEESKR 4 10,DIA12_CV48:20251228_A2_N1_Mueller_MS_TechHub_IMP_THIDDIAXL003_Cas9_PhoX_DIA12_CV48_250ng_FAIMS_002,915002,,,decoy:Q99ZW2,decoy,decoy,true,Q99ZW2,Q99ZW2,,false,EIFSQASAGKDVVEEFNWPTITEESKR,VLPKHSLLYEYFTVYNELTK,468,507,10,4,477,510,,-1,5,0,1.007276,4.337388
Scan: 1201847 Run: DIA12_CV48:20251228_A2_N1_Mueller_MS_TechHub_IMP_THIDDIAXL003_Cas9_PhoX_DIA12_CV48_250ng_FAIMS_003 P1_LESEFVYGDYKVYDVR P2_GKSDNVPSEEVVK 11 2,DIA12_CV48:20251228_A2_N1_Mueller_MS_TechHub_IMP_THIDDIAXL003_Cas9_PhoX_DIA12_CV48_250ng_FAIMS_003,1201847,,,Q99ZW2,,,false,Q99ZW2,Q99ZW2,,false,GKSDNVPSEEVVK,LESEFVYGDYKVYDVR,865,1004,2,11,866,1014,,-1,4,0,1.007276,4.336709
Scan: 1371998 Run: DIA12_CV48:20251228_A2_N1_Mueller_MS_TechHub_IMP_THIDDIAXL003_Cas9_PhoX_DIA12_CV48_250ng_FAIMS_003 P1_KLINGIR P2_HYLDEIIEQISEFSKR 1 15,DIA12_CV48:20251228_A2_N1_Mueller_MS_TechHub_IMP_THIDDIAXL003_Cas9_PhoX_DIA12_CV48_250ng_FAIMS_003,1371998,,,Q99ZW2,,,false,Q99ZW2,Q99ZW2,,false,HYLDEIIEQISEFSKR,KLINGIR,1264,665,15,1,1278,665,,-1,4,0,1.007276,4.33649
Scan: 1571910 Run: DIA12_CV48:20251228_A2_N1_Mueller_MS_TechHub_IMP_THIDDIAXL003_Cas9_PhoX_DIA12_CV48_250ng_FAIMS_003 P1_NSDKLIAR P2_KPAFLSGEQK 4 1,DIA12_CV48:20251228_A2_N1_Mueller_MS_TechHub_IMP_THIDDIAXL003_Cas9_PhoX_DIA12_CV48_250ng_FAIMS_003,1571910,,,Q99ZW2,,,false,Q99ZW2,Q99ZW2,,false,KPAFLSGEQK,NSDKLIAR,536,1115,1,4,536,1118,,-1,4,0,1.007276,4.336479
Scan: 1783390 Run: DIA12_CV48:20251228_A2_N1_Mueller_MS_TechHub_IMP_THIDDIAXL003_Cas9_PhoX_DIA12_CV48_250ng_FAIMS_003 P1_SKLVSDFRK P2_ENQTTQKGQK 2 7,DIA12_CV48:20251228_A2_N1_Mueller_MS_TechHub_IMP_THIDDIAXL003_Cas9_PhoX_DIA12_CV48_250ng_FAIMS_003,1783390,,,Q99ZW2,,,false,Q99ZW2,Q99ZW2,,false,ENQTTQKGQK,SKLVSDFRK,766,960,7,2,772,961,,-1,3,0,1.007276,4.335621
Scan: 1185150 Run: DIA12_CV48:20251228_A2_N1_Mueller_MS_TechHub_IMP_THIDDIAXL003_Cas9_PhoX_DIA12_CV48_250ng_FAIMS_002 P1_SKLVSDFR P2_DKPIR 2 2,DIA12_CV48:20251228_A2_N1_Mueller_MS_TechHub_IMP_THIDDIAXL003_Cas9_PhoX_DIA12_CV48_250ng_FAIMS_002,1185150,,,Q99ZW2,,,false,Q99ZW2,Q99ZW2,,false,DKPIR,SKLVSDFR,1299,960,2,2,1300,961,,-1,3,0,1.007276,4.334852
Scan: 1696548 Run: DIA12_CV48:20251228_A2_N1_Mueller_MS_TechHub_IMP_THIDDIAXL003_Cas9_PhoX_DIA12_CV48_250ng_FAIMS_003 P1_YKEIFFDQSK P2_VVDELVKVMGR 2 7,DIA12_CV48:20251228_A2_N1_Mueller_MS_TechHub_IMP_THIDDIAXL003_Cas9_PhoX_DIA12_CV48_250ng_FAIMS_003,1696548,,,Q99ZW2,,,false,Q99ZW2,Q99ZW2,,false,VVDELVKVMGR,YKEIFFDQSK,743,347,7,2,749,348,,-1,3,0,1.007276,4.334706
Scan: 1690051 Run: DIA12_CV48:20251228_A2_N1_Mueller_MS_TechHub_IMP_THIDDIAXL003_Cas9_PhoX_DIA12_CV48_250ng_FAIMS_003 P1_VLEDVVKVTQLIGK P2_EDIQKAQVSGQGDSLHEHIANLAGSPAIK 7 5,DIA12_CV48:20251228_A2_N1_Mueller_MS_TechHub_IMP_THIDDIAXL003_Cas9_PhoX_DIA12_CV48_250ng_FAIMS_003,1690051,,,Q99ZW2,,,false,decoy:Q99ZW2,decoy,decoy,true,EDIQKAQVSGQGDSLHEHIANLAGSPAIK,VLEDVVKVTQLIGK,706,736,5,7,710,742,,-1,5,0,1.007276,4.334223
Scan: 1447333 Run: DIA12_CV48:20251228_A2_N1_Mueller_MS_TechHub_IMP_THIDDIAXL003_Cas9_PhoX_DIA12_CV48_250ng_FAIMS_003 P1_YKEIFFDQSK P2_QQLPEKYKEIFFDQSK 2 6,DIA12_CV48:20251228_A2_N1_Mueller_MS_TechHub_IMP_THIDDIAXL003_Cas9_PhoX_DIA12_CV48_250ng_FAIMS_003,1447333,,,Q99ZW2,,,false,Q99ZW2,Q99ZW2,,false,QQLPEKYKEIFFDQSK,YKEIFFDQSK,341,347,6,2,346,348,,-1,4,0,1.007276,4.333644
Scan: 456006 Run: DIA12_CV48:20251228_A2_N1_Mueller_MS_TechHub_IMP_THIDDIAXL003_Cas9_PhoX_DIA12_CV48_250ng_FAIMS_001 P1_YKEIFFDQSK P2_EDIQKAQVSGQGDSLHEHIANLAGSPAIK 2 5,DIA12_CV48:20251228_A2_N1_Mueller_MS_TechHub_IMP_THIDDIAXL003_Cas9_PhoX_DIA12_CV48_250ng_FAIMS_001,456006,,,Q99ZW2,,,false,Q99ZW2,Q99ZW2,,false,EDIQKAQVSGQGDSLHEHIANLAGSPAIK,YKEIFFDQSK,706,347,5,2,710,348,,-1,5,0,1.007276,4.332945
Scan: 1142020 Run: DIA12_CV48:20251228_A2_N1_Mueller_MS_TechHub_IMP_THIDDIAXL003_Cas9_PhoX_DIA12_CV48_250ng_FAIMS_002 P1_GKSDNVPSEEVVK P2_DKPIR 2 2,DIA12_CV48:20251228_A2_N1_Mueller_MS_TechHub_IMP_THIDDIAXL003_Cas9_PhoX_DIA12_CV48_250ng_FAIMS_002,1142020,,,Q99ZW2,,,false,Q99ZW2,Q99ZW2,,false,DKPIR,GKSDNVPSEEVVK,1299,865,2,2,1300,866,,-1,3,0,1.007276,4.332633
Scan: 975740 Run: DIA12_CV48:20251228_A2_N1_Mueller_MS_TechHub_IMP_THIDDIAXL003_Cas9_PhoX_DIA12_CV48_250ng_FAIMS_002 P1_SSFEKNPIDFLEAK P2_KPAFLSGEQK 5 1,DIA12_CV48:20251228_A2_N1_Mueller_MS_TechHub_IMP_THIDDIAXL003_Cas9_PhoX_DIA12_CV48_250ng_FAIMS_002,975740,,,Q99ZW2,,,false,Q99ZW2,Q99ZW2,,false,KPAFLSGEQK,SSFEKNPIDFLEAK,536,1172,1,5,536,1176,,-1,4,0,1.007276,4.332254
Scan: 407575 Run: DIA12_CV48:20251228_A2_N1_Mueller_MS_TechHub_IMP_THIDDIAXL003_Cas9_PhoX_DIA12_CV48_250ng_FAIMS_001 P1_KPAFLSGEQK P2_FLLDVIAKK 1 8,DIA12_CV48:20251228_A2_N1_Mueller_MS_TechHub_IMP_THIDDIAXL003_Cas9_PhoX_DIA12_CV48_250ng_FAIMS_001,407575,,,decoy:Q99ZW2,decoy,decoy,true,Q99ZW2,Q99ZW2,,false,FLLDVIAKK,KPAFLSGEQK,546,536,8,1,553,536,,-1,3,0,1.007276,4.331344
Scan: 1191055 Run: DIA12_CV48:20251228_A2_N1_Mueller_MS_TechHub_IMP_THIDDIAXL003_Cas9_PhoX_DIA12_CV48_250ng_FAIMS_002 P1_KLINGIR P2_KDFQFYK 1 1,DIA12_CV48:20251228_A2_N1_Mueller_MS_TechHub_IMP_THIDDIAXL003_Cas9_PhoX_DIA12_CV48_250ng_FAIMS_002,1191055,,,Q99ZW2,,,false,Q99ZW2,Q99ZW2,,false,KDFQFYK,KLINGIR,968,665,1,1,968,665,,-1,3,0,1.007276,4.331275
Scan: 229424 Run: DIA12_CV48:20251228_A2_N1_Mueller_MS_TechHub_IMP_THIDDIAXL003_Cas9_PhoX_DIA12_CV48_250ng_FAIMS_001 P1_KFKVLGNTDR P2_EIFSQASAGKDVVEEFNWPTITEESR 1 10,DIA12_CV48:20251228_A2_N1_Mueller_MS_TechHub_IMP_THIDDIAXL003_Cas9_PhoX_DIA12_CV48_250ng_FAIMS_001,229424,,,decoy:Q99ZW2,decoy,decoy,true,Q99ZW2,Q99ZW2,,false,EIFSQASAGKDVVEEFNWPTITEESR,KFKVLGNTDR,469,31,10,1,478,31,,-1,4,0,1.007276,4.330585
Scan: 1438550 Run: DIA12_CV48:20251228_A2_N1_Mueller_MS_TechHub_IMP_THIDDIAXL003_Cas9_PhoX_DIA12_CV48_250ng_FAIMS_003 P1_KVTVK P2_FKVLGNTDR 1 2,DIA12_CV48:20251228_A2_N1_Mueller_MS_TechHub_IMP_THIDDIAXL003_Cas9_PhoX_DIA12_CV48_250ng_FAIMS_003,1438550,,,Q99ZW2,,,false,Q99ZW2,Q99ZW2,,false,FKVLGNTDR,KVTVK,32,558,2,1,33,558,,-1,3,0,1.007276,4.330569
Scan: 494342 Run: DIA12_CV48:20251228_A2_N1_Mueller_MS_TechHub_IMP_THIDDIAXL003_Cas9_PhoX_DIA12_CV48_250ng_FAIMS_001 P1_LKTYAHLFDDK P2_GILQTVKVVDELVK 2 7,DIA12_CV48:20251228_A2_N1_Mueller_MS_TechHub_IMP_THIDDIAXL003_Cas9_PhoX_DIA12_CV48_250ng_FAIMS_001,494342,,,Q99ZW2,,,false,Q99ZW2,Q99ZW2,,false,GILQTVKVVDELVK,LKTYAHLFDDK,736,636,7,2,742,637,,-1,4,0,1.007276,4.33053
Scan: 204586 Run: DIA12_CV48:20251228_A2_N1_Mueller_MS_TechHub_IMP_THIDDIAXL003_Cas9_PhoX_DIA12_CV48_250ng_FAIMS_001 P1_KLVDSTDK P2_KGILQTVK 1 1,DIA12_CV48:20251228_A2_N1_Mueller_MS_TechHub_IMP_THIDDIAXL003_Cas9_PhoX_DIA12_CV48_250ng_FAIMS_001,204586,,,Q99ZW2,,,false,Q99ZW2,Q99ZW2,,false,KGILQTVK,KLVDSTDK,735,141,1,1,735,141,,-1,3,0,1.007276,4.330137
Scan: 1157649 Run: DIA12_CV48:20251228_A2_N1_Mueller_MS_TechHub_IMP_THIDDIAXL003_Cas9_PhoX_DIA12_CV48_250ng_FAIMS_002 P1_KTEVQTGGFSK P2_KFDNLTKAER 1 1,DIA12_CV48:20251228_A2_N1_Mueller_MS_TechHub_IMP_THIDDIAXL003_Cas9_PhoX_DIA12_CV48_250ng_FAIMS_002,1157649,,,Q99ZW2,,,false,Q99ZW2,Q99ZW2,,false,KFDNLTKAER,KTEVQTGGFSK,896,1097,1,1,896,1097,,-1,4,0,1.007276,4.329667
Scan: 253766 Run: DIA12_CV48:20251228_A2_N1_Mueller_MS_TechHub_IMP_THIDDIAXL003_Cas9_PhoX_DIA12_CV48_250ng_FAIMS_001 P1_YKEIFFDQSK P2_KVLSMPQVNIVK 2 1,DIA12_CV48:20251228_A2_N1_Mueller_MS_TechHub_IMP_THIDDIAXL003_Cas9_PhoX_DIA12_CV48_250ng_FAIMS_001,253766,,,Q99ZW2,,,false,Q99ZW2,Q99ZW2,,false,KVLSMPQVNIVK,YKEIFFDQSK,1085,347,1,2,1085,348,,-1,3,0,1.007276,4.329526
Scan: 1706977 Run: DIA12_CV48:20251228_A2_N1_Mueller_MS_TechHub_IMP_THIDDIAXL003_Cas9_PhoX_DIA12_CV48_250ng_FAIMS_003 P1_SNKQGR P2_DDSIDNKVLTR 3 7,DIA12_CV48:20251228_A2_N1_Mueller_MS_TechHub_IMP_THIDDIAXL003_Cas9_PhoX_DIA12_CV48_250ng_FAIMS_003,1706977,,,Q99ZW2,,,false,decoy:Q99ZW2,decoy,decoy,true,DDSIDNKVLTR,SNKQGR,849,773,7,3,855,775,,-1,4,0,1.007276,4.329059
Scan: 1143675 Run: DIA12_CV48:20251228_A2_N1_Mueller_MS_TechHub_IMP_THIDDIAXL003_Cas9_PhoX_DIA12_CV48_250ng_FAIMS_002 P1_QLKEDYFK P2_GKSDNVPSEEVVK 3 2,DIA12_CV48:20251228_A2_N1_Mueller_MS_TechHub_IMP_THIDDIAXL003_Cas9_PhoX_DIA12_CV48_250ng_FAIMS_002,1143675,,,Q99ZW2,,,false,Q99ZW2,Q99ZW2,,false,GKSDNVPSEEVVK,QLKEDYFK,865,563,2,3,866,565,,-1,3,0,1.007276,4.328609
Scan: 742152 Run: DIA12_CV48:20251228_A2_N1_Mueller_MS_TechHub_IMP_THIDDIAXL003_Cas9_PhoX_DIA12_CV48_250ng_FAIMS_002 P1_LPKYSLFELENGR P2_LKGSPEDNEQK 3 2,DIA12_CV48:20251228_A2_N1_Mueller_MS_TechHub_IMP_THIDDIAXL003_Cas9_PhoX_DIA12_CV48_250ng_FAIMS_002,742152,,,Q99ZW2,,,false,Q99ZW2,Q99ZW2,,false,LKGSPEDNEQK,LPKYSLFELENGR,1245,1198,2,3,1246,1200,,-1,3,0,1.007276,4.327496
Scan: 795720 Run: DIA12_CV48:20251228_A2_N1_Mueller_MS_TechHub_IMP_THIDDIAXL003_Cas9_PhoX_DIA12_CV48_250ng_FAIMS_002 P1_YTSTKEVLDATLIHQSITGLYETR P2_FKVLGNTDR 5 2,DIA12_CV48:20251228_A2_N1_Mueller_MS_TechHub_IMP_THIDDIAXL003_Cas9_PhoX_DIA12_CV48_250ng_FAIMS_002,795720,,,Q99ZW2,,,false,Q99ZW2,Q99ZW2,,false,FKVLGNTDR,YTSTKEVLDATLIHQSITGLYETR,32,1336,2,5,33,1340,,-1,4,0,1.007276,4.327341
Scan: 573941 Run: DIA12_CV48:20251228_A2_N1_Mueller_MS_TechHub_IMP_THIDDIAXL003_Cas9_PhoX_DIA12_CV48_250ng_FAIMS_001 P1_QLLNAKLITQR P2_QITKHVAQILDSR 6 4,DIA12_CV48:20251228_A2_N1_Mueller_MS_TechHub_IMP_THIDDIAXL003_Cas9_PhoX_DIA12_CV48_250ng_FAIMS_001,573941,,,Q99ZW2,,,false,Q99ZW2,Q99ZW2,,false,QITKHVAQILDSR,QLLNAKLITQR,926,885,4,6,929,890,,-1,4,0,1.007276,4.326847
Scan: 588125 Run: DIA12_CV48:20251228_A2_N1_Mueller_MS_TechHub_IMP_THIDDIAXL003_Cas9_PhoX_DIA12_CV48_250ng_FAIMS_001 P1_SKLVSDFR P2_LSKSR 2 3,DIA12_CV48:20251228_A2_N1_Mueller_MS_TechHub_IMP_THIDDIAXL003_Cas9_PhoX_DIA12_CV48_250ng_FAIMS_001,588125,,,Q99ZW2,,,false,Q99ZW2,Q99ZW2,,false,LSKSR,SKLVSDFR,216,960,3,2,218,961,,-1,3,0,1.007276,4.326433
Scan: 1450083 Run: DIA12_CV48:20251228_A2_N1_Mueller_MS_TechHub_IMP_THIDDIAXL003_Cas9_PhoX_DIA12_CV48_250ng_FAIMS_003 P1_YKEIFFDQSK P2_HPIFGNIVDEVAYHEKYPTIYHLR 2 16,DIA12_CV48:20251228_A2_N1_Mueller_MS_TechHub_IMP_THIDDIAXL003_Cas9_PhoX_DIA12_CV48_250ng_FAIMS_003,1450083,,,Q99ZW2,,,false,Q99ZW2,Q99ZW2,,false,HPIFGNIVDEVAYHEKYPTIYHLR,YKEIFFDQSK,116,347,16,2,131,348,,-1,4,0,1.007276,4.325939
Scan: 635917 Run: DIA12_CV48:20251228_A2_N1_Mueller_MS_TechHub_IMP_THIDDIAXL003_Cas9_PhoX_DIA12_CV48_250ng_FAIMS_002 P1_KTEVQTGGFSK P2_KNLIGALLFDSGETAEATR 1 1,DIA12_CV48:20251228_A2_N1_Mueller_MS_TechHub_IMP_THIDDIAXL003_Cas9_PhoX_DIA12_CV48_250ng_FAIMS_002,635917,,,Q99ZW2,,,false,Q99ZW2,Q99ZW2,,false,KNLIGALLFDSGETAEATR,KTEVQTGGFSK,45,1097,1,1,45,1097,,-1,4,0,1.007276,4.325673
Scan: 1455585 Run: DIA12_CV48:20251228_A2_N1_Mueller_MS_TechHub_IMP_THIDDIAXL003_Cas9_PhoX_DIA12_CV48_250ng_FAIMS_003 P1_YKEIFFDQSK P2_AGFIKR 2 5,DIA12_CV48:20251228_A2_N1_Mueller_MS_TechHub_IMP_THIDDIAXL003_Cas9_PhoX_DIA12_CV48_250ng_FAIMS_003,1455585,,,Q99ZW2,,,false,Q99ZW2,Q99ZW2,,false,AGFIKR,YKEIFFDQSK,914,347,5,2,918,348,,-1,3,0,1.007276,4.32565
Scan: 1706702 Run: DIA12_CV48:20251228_A2_N1_Mueller_MS_TechHub_IMP_THIDDIAXL003_Cas9_PhoX_DIA12_CV48_250ng_FAIMS_003 P1_GQKNSR P2_DKQSGK 3 2,DIA12_CV48:20251228_A2_N1_Mueller_MS_TechHub_IMP_THIDDIAXL003_Cas9_PhoX_DIA12_CV48_250ng_FAIMS_003,1706702,,,Q99ZW2,,,false,Q99ZW2,Q99ZW2,,false,DKQSGK,GQKNSR,672,773,2,3,673,775,,-1,3,0,1.007276,4.325489
Scan: 444716 Run: DIA12_CV48:20251228_A2_N1_Mueller_MS_TechHub_IMP_THIDDIAXL003_Cas9_PhoX_DIA12_CV48_250ng_FAIMS_001 P1_TILDFLKSDGFANR P2_KNLIGALLFDSGETAEATR 7 1,DIA12_CV48:20251228_A2_N1_Mueller_MS_TechHub_IMP_THIDDIAXL003_Cas9_PhoX_DIA12_CV48_250ng_FAIMS_001,444716,,,Q99ZW2,,,false,Q99ZW2,Q99ZW2,,false,KNLIGALLFDSGETAEATR,TILDFLKSDGFANR,45,678,1,7,45,684,,-1,4,0,1.007276,4.324831
Scan: 1451801 Run: DIA12_CV48:20251228_A2_N1_Mueller_MS_TechHub_IMP_THIDDIAXL003_Cas9_PhoX_DIA12_CV48_250ng_FAIMS_003 P1_YKEIFFDQSK P2_EIFFDQSKNGYAGYIDGGASQEEFYK 2 8,DIA12_CV48:20251228_A2_N1_Mueller_MS_TechHub_IMP_THIDDIAXL003_Cas9_PhoX_DIA12_CV48_250ng_FAIMS_003,1451801,,,Q99ZW2,,,false,Q99ZW2,Q99ZW2,,false,EIFFDQSKNGYAGYIDGGASQEEFYK,YKEIFFDQSK,349,347,8,2,356,348,,-1,4,0,1.007276,4.324539
Scan: 983099 Run: DIA12_CV48:20251228_A2_N1_Mueller_MS_TechHub_IMP_THIDDIAXL003_Cas9_PhoX_DIA12_CV48_250ng_FAIMS_002 P1_VTVKQLK P2_KPAFLSGEQK 4 1,DIA12_CV48:20251228_A2_N1_Mueller_MS_TechHub_IMP_THIDDIAXL003_Cas9_PhoX_DIA12_CV48_250ng_FAIMS_002,983099,,,Q99ZW2,,,false,Q99ZW2,Q99ZW2,,false,KPAFLSGEQK,VTVKQLK,536,559,1,4,536,562,,-1,3,0,1.007276,4.324341
Scan: 955499 Run: DIA12_CV48:20251228_A2_N1_Mueller_MS_TechHub_IMP_THIDDIAXL003_Cas9_PhoX_DIA12_CV48_250ng_FAIMS_002 P1_NFMQLIHDDSLTFKEDIQK P2_MTNFDKNLPNEK 14 6,DIA12_CV48:20251228_A2_N1_Mueller_MS_TechHub_IMP_THIDDIAXL003_Cas9_PhoX_DIA12_CV48_250ng_FAIMS_002,955499,,,Q99ZW2,,,false,Q99ZW2,Q99ZW2,,false,MTNFDKNLPNEK,NFMQLIHDDSLTFKEDIQK,495,692,6,14,500,705,,-1,4,0,1.007276,4.324071
Scan: 511884 Run: DIA12_CV48:20251228_A2_N1_Mueller_MS_TechHub_IMP_THIDDIAXL003_Cas9_PhoX_DIA12_CV48_250ng_FAIMS_001 P1_YKEIFFDQSK P2_GQKNSR 2 3,DIA12_CV48:20251228_A2_N1_Mueller_MS_TechHub_IMP_THIDDIAXL003_Cas9_PhoX_DIA12_CV48_250ng_FAIMS_001,511884,,,Q99ZW2,,,false,Q99ZW2,Q99ZW2,,false,GQKNSR,YKEIFFDQSK,773,347,3,2,775,348,,-1,3,0,1.007276,4.323469
Scan: 548155 Run: DIA12_CV48:20251228_A2_N1_Mueller_MS_TechHub_IMP_THIDDIAXL003_Cas9_PhoX_DIA12_CV48_250ng_FAIMS_001 P1_NKDSR P2_GKSDNVPSEEVVK 2 2,DIA12_CV48:20251228_A2_N1_Mueller_MS_TechHub_IMP_THIDDIAXL003_Cas9_PhoX_DIA12_CV48_250ng_FAIMS_001,548155,,,Q99ZW2,,,false,decoy:Q99ZW2,decoy,decoy,true,GKSDNVPSEEVVK,NKDSR,865,860,2,2,866,861,,-1,4,0,1.007276,4.322048
Scan: 702813 Run: DIA12_CV48:20251228_A2_N1_Mueller_MS_TechHub_IMP_THIDDIAXL003_Cas9_PhoX_DIA12_CV48_250ng_FAIMS_002 P1_YKEIFFDQSK P2_KYGGFDSPTVAYSVLVVAK 2 1,DIA12_CV48:20251228_A2_N1_Mueller_MS_TechHub_IMP_THIDDIAXL003_Cas9_PhoX_DIA12_CV48_250ng_FAIMS_002,702813,,,Q99ZW2,,,false,Q99ZW2,Q99ZW2,,false,KYGGFDSPTVAYSVLVVAK,YKEIFFDQSK,1130,347,1,2,1130,348,,-1,3,0,1.007276,4.320903
Scan: 199131 Run: DIA12_CV48:20251228_A2_N1_Mueller_MS_TechHub_IMP_THIDDIAXL003_Cas9_PhoX_DIA12_CV48_250ng_FAIMS_001 P1_YTSTKEVLDATLIHQSITGLYETR P2_KLINGIR 5 1,DIA12_CV48:20251228_A2_N1_Mueller_MS_TechHub_IMP_THIDDIAXL003_Cas9_PhoX_DIA12_CV48_250ng_FAIMS_001,199131,,,Q99ZW2,,,false,Q99ZW2,Q99ZW2,,false,KLINGIR,YTSTKEVLDATLIHQSITGLYETR,665,1336,1,5,665,1340,,-1,4,0,1.007276,4.320822
Scan: 1496215 Run: DIA12_CV48:20251228_A2_N1_Mueller_MS_TechHub_IMP_THIDDIAXL003_Cas9_PhoX_DIA12_CV48_250ng_FAIMS_003 P1_KSEETITPWNFEEVVDK P2_KDLIIK 1 1,DIA12_CV48:20251228_A2_N1_Mueller_MS_TechHub_IMP_THIDDIAXL003_Cas9_PhoX_DIA12_CV48_250ng_FAIMS_003,1496215,,,Q99ZW2,,,false,Q99ZW2,Q99ZW2,,false,KDLIIK,KSEETITPWNFEEVVDK,1192,468,1,1,1192,468,,-1,4,0,1.007276,4.320381
Scan: 410344 Run: DIA12_CV48:20251228_A2_N1_Mueller_MS_TechHub_IMP_THIDDIAXL003_Cas9_PhoX_DIA12_CV48_250ng_FAIMS_001 P1_KVTVK P2_KAIVDLLFK 1 1,DIA12_CV48:20251228_A2_N1_Mueller_MS_TechHub_IMP_THIDDIAXL003_Cas9_PhoX_DIA12_CV48_250ng_FAIMS_001,410344,,,Q99ZW2,,,false,Q99ZW2,Q99ZW2,,false,KAIVDLLFK,KVTVK,546,558,1,1,546,558,,-1,3,0,1.007276,4.319994
Scan: 1086331 Run: DIA12_CV48:20251228_A2_N1_Mueller_MS_TechHub_IMP_THIDDIAXL003_Cas9_PhoX_DIA12_CV48_250ng_FAIMS_002 P1_GILQTVKVVDELVK P2_ESILPKR 7 6,DIA12_CV48:20251228_A2_N1_Mueller_MS_TechHub_IMP_THIDDIAXL003_Cas9_PhoX_DIA12_CV48_250ng_FAIMS_002,1086331,,,Q99ZW2,,,false,Q99ZW2,Q99ZW2,,false,ESILPKR,GILQTVKVVDELVK,1108,736,6,7,1113,742,,-1,3,0,1.007276,4.319869
Scan: 1436491 Run: DIA12_CV48:20251228_A2_N1_Mueller_MS_TechHub_IMP_THIDDIAXL003_Cas9_PhoX_DIA12_CV48_250ng_FAIMS_003 P1_KLVDSTDK P2_FKVLGNTDR 1 2,DIA12_CV48:20251228_A2_N1_Mueller_MS_TechHub_IMP_THIDDIAXL003_Cas9_PhoX_DIA12_CV48_250ng_FAIMS_003,1436491,,,Q99ZW2,,,false,Q99ZW2,Q99ZW2,,false,FKVLGNTDR,KLVDSTDK,32,141,2,1,33,141,,-1,3,0,1.007276,4.319702
Scan: 1557288 Run: DIA12_CV48:20251228_A2_N1_Mueller_MS_TechHub_IMP_THIDDIAXL003_Cas9_PhoX_DIA12_CV48_250ng_FAIMS_003 P1_VLPKHSLLYEYFTVYNELTK P2_EKIEKILTFR 4 5,DIA12_CV48:20251228_A2_N1_Mueller_MS_TechHub_IMP_THIDDIAXL003_Cas9_PhoX_DIA12_CV48_250ng_FAIMS_003,1557288,,,Q99ZW2,,,false,Q99ZW2,Q99ZW2,,false,EKIEKILTFR,VLPKHSLLYEYFTVYNELTK,438,507,5,4,442,510,,-1,4,0,1.007276,4.31897
Scan: 754336 Run: DIA12_CV48:20251228_A2_N1_Mueller_MS_TechHub_IMP_THIDDIAXL003_Cas9_PhoX_DIA12_CV48_250ng_FAIMS_002 P1_SKLVSDFR P2_GNELALPSKYVNFLYLASHYEK 2 9,DIA12_CV48:20251228_A2_N1_Mueller_MS_TechHub_IMP_THIDDIAXL003_Cas9_PhoX_DIA12_CV48_250ng_FAIMS_002,754336,,,Q99ZW2,,,false,Q99ZW2,Q99ZW2,,false,GNELALPSKYVNFLYLASHYEK,SKLVSDFR,1223,960,9,2,1231,961,,-1,4,0,1.007276,4.318481
Scan: 98040 Run: DIA12_CV48:20251228_A2_N1_Mueller_MS_TechHub_IMP_THIDDIAXL003_Cas9_PhoX_DIA12_CV48_250ng_FAIMS_001 P1_SSFEKNPIDFLEAK P2_KKDWDPK 5 2,DIA12_CV48:20251228_A2_N1_Mueller_MS_TechHub_IMP_THIDDIAXL003_Cas9_PhoX_DIA12_CV48_250ng_FAIMS_001,98040,,,Q99ZW2,,,false,Q99ZW2,Q99ZW2,,false,KKDWDPK,SSFEKNPIDFLEAK,1123,1172,2,5,1124,1176,,-1,4,0,1.007276,4.318404
Scan: 38011 Run: DIA12_CV48:20251228_A2_N1_Mueller_MS_TechHub_IMP_THIDDIAXL003_Cas9_PhoX_DIA12_CV48_250ng_FAIMS_001 P1_KTEVQTGGFSK P2_KLVDSTDK 1 1,DIA12_CV48:20251228_A2_N1_Mueller_MS_TechHub_IMP_THIDDIAXL003_Cas9_PhoX_DIA12_CV48_250ng_FAIMS_001,38011,,,Q99ZW2,,,false,Q99ZW2,Q99ZW2,,false,KLVDSTDK,KTEVQTGGFSK,141,1097,1,1,141,1097,,-1,3,0,1.007276,4.318271
Scan: 898230 Run: DIA12_CV48:20251228_A2_N1_Mueller_MS_TechHub_IMP_THIDDIAXL003_Cas9_PhoX_DIA12_CV48_250ng_FAIMS_002 P1_KSEETITPWNFEEVVDK P2_KKDWDPK 1 1,DIA12_CV48:20251228_A2_N1_Mueller_MS_TechHub_IMP_THIDDIAXL003_Cas9_PhoX_DIA12_CV48_250ng_FAIMS_002,898230,,,Q99ZW2,,,false,Q99ZW2,Q99ZW2,,false,KKDWDPK,KSEETITPWNFEEVVDK,1123,468,1,1,1123,468,,-1,4,0,1.007276,4.317615
Scan: 612830 Run: DIA12_CV48:20251228_A2_N1_Mueller_MS_TechHub_IMP_THIDDIAXL003_Cas9_PhoX_DIA12_CV48_250ng_FAIMS_002 P1_SEQEIGKATAK P2_IEKILTFR 7 3,DIA12_CV48:20251228_A2_N1_Mueller_MS_TechHub_IMP_THIDDIAXL003_Cas9_PhoX_DIA12_CV48_250ng_FAIMS_002,612830,,,Q99ZW2,,,false,Q99ZW2,Q99ZW2,,false,IEKILTFR,SEQEIGKATAK,440,1025,3,7,442,1031,,-1,3,0,1.007276,4.31715
Scan: 1185287 Run: DIA12_CV48:20251228_A2_N1_Mueller_MS_TechHub_IMP_THIDDIAXL003_Cas9_PhoX_DIA12_CV48_250ng_FAIMS_002 P1_YKEIFFDQSK P2_SKLVSDFR 2 2,DIA12_CV48:20251228_A2_N1_Mueller_MS_TechHub_IMP_THIDDIAXL003_Cas9_PhoX_DIA12_CV48_250ng_FAIMS_002,1185287,,,Q99ZW2,,,false,Q99ZW2,Q99ZW2,,false,SKLVSDFR,YKEIFFDQSK,960,347,2,2,961,348,,-1,4,0,1.007276,4.317086
Scan: 630458 Run: DIA12_CV48:20251228_A2_N1_Mueller_MS_TechHub_IMP_THIDDIAXL003_Cas9_PhoX_DIA12_CV48_250ng_FAIMS_002 P1_MNTKYDENDKLIR P2_KVLSMPQVNIVK 4 1,DIA12_CV48:20251228_A2_N1_Mueller_MS_TechHub_IMP_THIDDIAXL003_Cas9_PhoX_DIA12_CV48_250ng_FAIMS_002,630458,,,Q99ZW2,,,false,Q99ZW2,Q99ZW2,,false,KVLSMPQVNIVK,MNTKYDENDKLIR,1085,939,1,4,1085,942,,-1,4,0,1.007276,4.316828
Scan: 31271 Run: DIA12_CV48:20251228_A2_N1_Mueller_MS_TechHub_IMP_THIDDIAXL003_Cas9_PhoX_DIA12_CV48_250ng_FAIMS_001 P1_RPLIETNGETGEIVWDKGR P2_KFDNLTK 17 1,DIA12_CV48:20251228_A2_N1_Mueller_MS_TechHub_IMP_THIDDIAXL003_Cas9_PhoX_DIA12_CV48_250ng_FAIMS_001,31271,,,Q99ZW2,,,false,Q99ZW2,Q99ZW2,,false,KFDNLTK,RPLIETNGETGEIVWDKGR,896,1060,1,17,896,1076,,-1,4,0,1.007276,4.316769
Scan: 225595 Run: DIA12_CV48:20251228_A2_N1_Mueller_MS_TechHub_IMP_THIDDIAXL003_Cas9_PhoX_DIA12_CV48_250ng_FAIMS_001 P1_SNFDLAEDAKLQLSK P2_KKDWDPK 10 1,DIA12_CV48:20251228_A2_N1_Mueller_MS_TechHub_IMP_THIDDIAXL003_Cas9_PhoX_DIA12_CV48_250ng_FAIMS_001,225595,,,Q99ZW2,,,false,Q99ZW2,Q99ZW2,,false,KKDWDPK,SNFDLAEDAKLQLSK,1123,254,1,10,1123,263,,-1,3,0,1.007276,4.315997
Scan: 708428 Run: DIA12_CV48:20251228_A2_N1_Mueller_MS_TechHub_IMP_THIDDIAXL003_Cas9_PhoX_DIA12_CV48_250ng_FAIMS_002 P1_SSFEKNPIDFLEAK P2_KPLISER 5 1,DIA12_CV48:20251228_A2_N1_Mueller_MS_TechHub_IMP_THIDDIAXL003_Cas9_PhoX_DIA12_CV48_250ng_FAIMS_002,708428,,,decoy:Q99ZW2,decoy,decoy,true,Q99ZW2,Q99ZW2,,false,KPLISER,SSFEKNPIDFLEAK,1108,1172,1,5,1108,1176,,-1,4,0,1.007276,4.315587
Scan: 743109 Run: DIA12_CV48:20251228_A2_N1_Mueller_MS_TechHub_IMP_THIDDIAXL003_Cas9_PhoX_DIA12_CV48_250ng_FAIMS_002 P1_LPKYSLFELENGR P2_EIFSQASAGKDVVEEFNWPTITEESR 3 10,DIA12_CV48:20251228_A2_N1_Mueller_MS_TechHub_IMP_THIDDIAXL003_Cas9_PhoX_DIA12_CV48_250ng_FAIMS_002,743109,,,decoy:Q99ZW2,decoy,decoy,true,Q99ZW2,Q99ZW2,,false,EIFSQASAGKDVVEEFNWPTITEESR,LPKYSLFELENGR,469,1198,10,3,478,1200,,-1,4,0,1.007276,4.315246
Scan: 1557656 Run: DIA12_CV48:20251228_A2_N1_Mueller_MS_TechHub_IMP_THIDDIAXL003_Cas9_PhoX_DIA12_CV48_250ng_FAIMS_003 P1_VLPKHSLLYEYFTVYNELTK P2_EIFSQASAGKDVVEEFNWPTITEESR 4 10,DIA12_CV48:20251228_A2_N1_Mueller_MS_TechHub_IMP_THIDDIAXL003_Cas9_PhoX_DIA12_CV48_250ng_FAIMS_003,1557656,,,decoy:Q99ZW2,decoy,decoy,true,Q99ZW2,Q99ZW2,,false,EIFSQASAGKDVVEEFNWPTITEESR,VLPKHSLLYEYFTVYNELTK,469,507,10,4,478,510,,-1,5,0,1.007276,4.313722
Scan: 1109268 Run: DIA12_CV48:20251228_A2_N1_Mueller_MS_TechHub_IMP_THIDDIAXL003_Cas9_PhoX_DIA12_CV48_250ng_FAIMS_002 P1_KSEETITPWNFEEVVDK P2_GQKNSR 1 3,DIA12_CV48:20251228_A2_N1_Mueller_MS_TechHub_IMP_THIDDIAXL003_Cas9_PhoX_DIA12_CV48_250ng_FAIMS_002,1109268,,,Q99ZW2,,,false,Q99ZW2,Q99ZW2,,false,GQKNSR,KSEETITPWNFEEVVDK,773,468,3,1,775,468,,-1,3,0,1.007276,4.313377
Scan: 104441 Run: DIA12_CV48:20251228_A2_N1_Mueller_MS_TechHub_IMP_THIDDIAXL003_Cas9_PhoX_DIA12_CV48_250ng_FAIMS_001 P1_KYGGFDSPTVAYSVLVVAK P2_KKDWDPK 1 1,DIA12_CV48:20251228_A2_N1_Mueller_MS_TechHub_IMP_THIDDIAXL003_Cas9_PhoX_DIA12_CV48_250ng_FAIMS_001,104441,,,Q99ZW2,,,false,Q99ZW2,Q99ZW2,,false,KKDWDPK,KYGGFDSPTVAYSVLVVAK,1123,1130,1,1,1123,1130,,-1,5,0,1.007276,4.313349
Scan: 256298 Run: DIA12_CV48:20251228_A2_N1_Mueller_MS_TechHub_IMP_THIDDIAXL003_Cas9_PhoX_DIA12_CV48_250ng_FAIMS_001 P1_YKEIFFDQSK P2_KNGLFGNLIALSLGLTPNFK 2 1,DIA12_CV48:20251228_A2_N1_Mueller_MS_TechHub_IMP_THIDDIAXL003_Cas9_PhoX_DIA12_CV48_250ng_FAIMS_001,256298,,,Q99ZW2,,,false,Q99ZW2,Q99ZW2,,false,KNGLFGNLIALSLGLTPNFK,YKEIFFDQSK,234,347,1,2,234,348,,-1,4,0,1.007276,4.313267
Scan: 199321 Run: DIA12_CV48:20251228_A2_N1_Mueller_MS_TechHub_IMP_THIDDIAXL003_Cas9_PhoX_DIA12_CV48_250ng_FAIMS_001 P1_YTSTKEVLDATLIHQSITGLYETR P2_QSGKTILDFLK 5 4,DIA12_CV48:20251228_A2_N1_Mueller_MS_TechHub_IMP_THIDDIAXL003_Cas9_PhoX_DIA12_CV48_250ng_FAIMS_001,199321,,,Q99ZW2,,,false,Q99ZW2,Q99ZW2,,false,QSGKTILDFLK,YTSTKEVLDATLIHQSITGLYETR,674,1336,4,5,677,1340,,-1,4,0,1.007276,4.312965
Scan: 1202277 Run: DIA12_CV48:20251228_A2_N1_Mueller_MS_TechHub_IMP_THIDDIAXL003_Cas9_PhoX_DIA12_CV48_250ng_FAIMS_003 P1_YDENDKLIR P2_LESEFVYGDYKVYDVR 6 11,DIA12_CV48:20251228_A2_N1_Mueller_MS_TechHub_IMP_THIDDIAXL003_Cas9_PhoX_DIA12_CV48_250ng_FAIMS_003,1202277,,,Q99ZW2,,,false,Q99ZW2,Q99ZW2,,false,LESEFVYGDYKVYDVR,YDENDKLIR,1004,943,11,6,1014,948,,-1,3,0,1.007276,4.312773
Scan: 163093 Run: DIA12_CV48:20251228_A2_N1_Mueller_MS_TechHub_IMP_THIDDIAXL003_Cas9_PhoX_DIA12_CV48_250ng_FAIMS_001 P1_LKGSPEDNEQK P2_KLINGIR 2 1,DIA12_CV48:20251228_A2_N1_Mueller_MS_TechHub_IMP_THIDDIAXL003_Cas9_PhoX_DIA12_CV48_250ng_FAIMS_001,163093,,,Q99ZW2,,,false,Q99ZW2,Q99ZW2,,false,KLINGIR,LKGSPEDNEQK,665,1245,1,2,665,1246,,-1,3,0,1.007276,4.31251
Scan: 162574 Run: DIA12_CV48:20251228_A2_N1_Mueller_MS_TechHub_IMP_THIDDIAXL003_Cas9_PhoX_DIA12_CV48_250ng_FAIMS_001 P1_LSKSR P2_LKGSPEDNEQK 3 2,DIA12_CV48:20251228_A2_N1_Mueller_MS_TechHub_IMP_THIDDIAXL003_Cas9_PhoX_DIA12_CV48_250ng_FAIMS_001,162574,,,Q99ZW2,,,false,Q99ZW2,Q99ZW2,,false,LKGSPEDNEQK,LSKSR,1245,216,2,3,1246,218,,-1,3,0,1.007276,4.311167
Scan: 733325 Run: DIA12_CV48:20251228_A2_N1_Mueller_MS_TechHub_IMP_THIDDIAXL003_Cas9_PhoX_DIA12_CV48_250ng_FAIMS_002 P1_KPAFLSGEQKK P2_KDLIIK 1 1,DIA12_CV48:20251228_A2_N1_Mueller_MS_TechHub_IMP_THIDDIAXL003_Cas9_PhoX_DIA12_CV48_250ng_FAIMS_002,733325,,,Q99ZW2,,,false,Q99ZW2,Q99ZW2,,false,KDLIIK,KPAFLSGEQKK,1192,536,1,1,1192,536,,-1,3,0,1.007276,4.31093
Scan: 83426 Run: DIA12_CV48:20251228_A2_N1_Mueller_MS_TechHub_IMP_THIDDIAXL003_Cas9_PhoX_DIA12_CV48_250ng_FAIMS_001 P1_NSDKLIAR P2_KDWDPKK 4 1,DIA12_CV48:20251228_A2_N1_Mueller_MS_TechHub_IMP_THIDDIAXL003_Cas9_PhoX_DIA12_CV48_250ng_FAIMS_001,83426,,,Q99ZW2,,,false,Q99ZW2,Q99ZW2,,false,KDWDPKK,NSDKLIAR,1124,1115,1,4,1124,1118,,-1,3,0,1.007276,4.310839
Scan: 427739 Run: DIA12_CV48:20251228_A2_N1_Mueller_MS_TechHub_IMP_THIDDIAXL003_Cas9_PhoX_DIA12_CV48_250ng_FAIMS_001 P1_RNSDKLIAR P2_KLINGIR 5 1,DIA12_CV48:20251228_A2_N1_Mueller_MS_TechHub_IMP_THIDDIAXL003_Cas9_PhoX_DIA12_CV48_250ng_FAIMS_001,427739,,,Q99ZW2,,,false,Q99ZW2,Q99ZW2,,false,KLINGIR,RNSDKLIAR,665,1114,1,5,665,1118,,-1,4,0,1.007276,4.310589
Scan: 1606511 Run: DIA12_CV48:20251228_A2_N1_Mueller_MS_TechHub_IMP_THIDDIAXL003_Cas9_PhoX_DIA12_CV48_250ng_FAIMS_003 P1_QLKEDYFK P2_KVLSMPQVNIVK 3 1,DIA12_CV48:20251228_A2_N1_Mueller_MS_TechHub_IMP_THIDDIAXL003_Cas9_PhoX_DIA12_CV48_250ng_FAIMS_003,1606511,,,Q99ZW2,,,false,Q99ZW2,Q99ZW2,,false,KVLSMPQVNIVK,QLKEDYFK,1085,563,1,3,1085,565,,-1,3,0,1.007276,4.310481
Scan: 1264793 Run: DIA12_CV48:20251228_A2_N1_Mueller_MS_TechHub_IMP_THIDDIAXL003_Cas9_PhoX_DIA12_CV48_250ng_FAIMS_003 P1_MTNFDKNLPNEK P2_KTEVQTGGFSKESILPK 6 11,DIA12_CV48:20251228_A2_N1_Mueller_MS_TechHub_IMP_THIDDIAXL003_Cas9_PhoX_DIA12_CV48_250ng_FAIMS_003,1264793,,,Q99ZW2,,,false,Q99ZW2,Q99ZW2,,false,KTEVQTGGFSKESILPK,MTNFDKNLPNEK,1097,495,11,6,1107,500,,-1,4,0,1.007276,4.310437
Scan: 502672 Run: DIA12_CV48:20251228_A2_N1_Mueller_MS_TechHub_IMP_THIDDIAXL003_Cas9_PhoX_DIA12_CV48_250ng_FAIMS_001 P1_VVDELVKVMGR P2_KSEETITPWNFEEVVDK 7 1,DIA12_CV48:20251228_A2_N1_Mueller_MS_TechHub_IMP_THIDDIAXL003_Cas9_PhoX_DIA12_CV48_250ng_FAIMS_001,502672,,,Q99ZW2,,,false,Q99ZW2,Q99ZW2,,false,KSEETITPWNFEEVVDK,VVDELVKVMGR,468,743,1,7,468,749,,-1,3,0,1.007276,4.310317
Scan: 1424969 Run: DIA12_CV48:20251228_A2_N1_Mueller_MS_TechHub_IMP_THIDDIAXL003_Cas9_PhoX_DIA12_CV48_250ng_FAIMS_003 P1_YKEIFFDQSK P2_VNTEITKAPLSASMIK 2 7,DIA12_CV48:20251228_A2_N1_Mueller_MS_TechHub_IMP_THIDDIAXL003_Cas9_PhoX_DIA12_CV48_250ng_FAIMS_003,1424969,,,Q99ZW2,,,false,Q99ZW2,Q99ZW2,,false,VNTEITKAPLSASMIK,YKEIFFDQSK,308,347,7,2,314,348,,-1,4,0,1.007276,4.310088
Scan: 93504 Run: DIA12_CV48:20251228_A2_N1_Mueller_MS_TechHub_IMP_THIDDIAXL003_Cas9_PhoX_DIA12_CV48_250ng_FAIMS_001 P1_KDFQFYK P2_AILKDSNR 1 4,DIA12_CV48:20251228_A2_N1_Mueller_MS_TechHub_IMP_THIDDIAXL003_Cas9_PhoX_DIA12_CV48_250ng_FAIMS_001,93504,,,decoy:Q99ZW2,decoy,decoy,true,Q99ZW2,Q99ZW2,,false,AILKDSNR,KDFQFYK,1115,968,4,1,1118,968,,-1,4,0,1.007276,4.309186
Scan: 1335493 Run: DIA12_CV48:20251228_A2_N1_Mueller_MS_TechHub_IMP_THIDDIAXL003_Cas9_PhoX_DIA12_CV48_250ng_FAIMS_003 P1_EDIQKAQVSGQGDSLHEHIANLAGSPAIK P2_DLIIKLPK 5 5,DIA12_CV48:20251228_A2_N1_Mueller_MS_TechHub_IMP_THIDDIAXL003_Cas9_PhoX_DIA12_CV48_250ng_FAIMS_003,1335493,,,Q99ZW2,,,false,Q99ZW2,Q99ZW2,,false,DLIIKLPK,EDIQKAQVSGQGDSLHEHIANLAGSPAIK,1193,706,5,5,1197,710,,-1,5,0,1.007276,4.309073
Scan: 97675 Run: DIA12_CV48:20251228_A2_N1_Mueller_MS_TechHub_IMP_THIDDIAXL003_Cas9_PhoX_DIA12_CV48_250ng_FAIMS_001 P1_RNSDKLIAR P2_KKDWDPK 5 2,DIA12_CV48:20251228_A2_N1_Mueller_MS_TechHub_IMP_THIDDIAXL003_Cas9_PhoX_DIA12_CV48_250ng_FAIMS_001,97675,,,Q99ZW2,,,false,Q99ZW2,Q99ZW2,,false,KKDWDPK,RNSDKLIAR,1123,1114,2,5,1124,1118,,-1,4,0,1.007276,4.308873
Scan: 115987 Run: DIA12_CV48:20251228_A2_N1_Mueller_MS_TechHub_IMP_THIDDIAXL003_Cas9_PhoX_DIA12_CV48_250ng_FAIMS_001 P1_SSFEKNPIDFLEAK P2_EIFFDQSKNGYAGYIDGGASQEEFYK 5 8,DIA12_CV48:20251228_A2_N1_Mueller_MS_TechHub_IMP_THIDDIAXL003_Cas9_PhoX_DIA12_CV48_250ng_FAIMS_001,115987,,,Q99ZW2,,,false,Q99ZW2,Q99ZW2,,false,EIFFDQSKNGYAGYIDGGASQEEFYK,SSFEKNPIDFLEAK,349,1172,8,5,356,1176,,-1,4,0,1.007276,4.308748
Scan: 1157843 Run: DIA12_CV48:20251228_A2_N1_Mueller_MS_TechHub_IMP_THIDDIAXL003_Cas9_PhoX_DIA12_CV48_250ng_FAIMS_002 P1_KFDNLTK P2_KAIVDLLFK 1 1,DIA12_CV48:20251228_A2_N1_Mueller_MS_TechHub_IMP_THIDDIAXL003_Cas9_PhoX_DIA12_CV48_250ng_FAIMS_002,1157843,,,Q99ZW2,,,false,Q99ZW2,Q99ZW2,,false,KAIVDLLFK,KFDNLTK,546,896,1,1,546,896,,-1,3,0,1.007276,4.308694
Scan: 513359 Run: DIA12_CV48:20251228_A2_N1_Mueller_MS_TechHub_IMP_THIDDIAXL003_Cas9_PhoX_DIA12_CV48_250ng_FAIMS_001 P1_SKLVSDFRK P2_GQKNSR 2 3,DIA12_CV48:20251228_A2_N1_Mueller_MS_TechHub_IMP_THIDDIAXL003_Cas9_PhoX_DIA12_CV48_250ng_FAIMS_001,513359,,,Q99ZW2,,,false,Q99ZW2,Q99ZW2,,false,GQKNSR,SKLVSDFRK,773,960,3,2,775,961,,-1,3,0,1.007276,4.308314
Scan: 1768205 Run: DIA12_CV48:20251228_A2_N1_Mueller_MS_TechHub_IMP_THIDDIAXL003_Cas9_PhoX_DIA12_CV48_250ng_FAIMS_003 P1_QITKHVAQILDSR P2_KFDNLTK 4 1,DIA12_CV48:20251228_A2_N1_Mueller_MS_TechHub_IMP_THIDDIAXL003_Cas9_PhoX_DIA12_CV48_250ng_FAIMS_003,1768205,,,Q99ZW2,,,false,Q99ZW2,Q99ZW2,,false,KFDNLTK,QITKHVAQILDSR,896,926,1,4,896,929,,-1,4,0,1.007276,4.308117
Scan: 900702 Run: DIA12_CV48:20251228_A2_N1_Mueller_MS_TechHub_IMP_THIDDIAXL003_Cas9_PhoX_DIA12_CV48_250ng_FAIMS_002 P1_VILADANLDKVLSAYNK P2_KSEETITPWNFEEVVDK 10 1,DIA12_CV48:20251228_A2_N1_Mueller_MS_TechHub_IMP_THIDDIAXL003_Cas9_PhoX_DIA12_CV48_250ng_FAIMS_002,900702,,,Q99ZW2,,,false,Q99ZW2,Q99ZW2,,false,KSEETITPWNFEEVVDK,VILADANLDKVLSAYNK,468,1280,1,10,468,1289,,-1,4,0,1.007276,4.3079
Scan: 448608 Run: DIA12_CV48:20251228_A2_N1_Mueller_MS_TechHub_IMP_THIDDIAXL003_Cas9_PhoX_DIA12_CV48_250ng_FAIMS_001 P1_TILDFLKSDGFANR P2_EHPVENTQLQNEKLYLYYLQNGR 7 13,DIA12_CV48:20251228_A2_N1_Mueller_MS_TechHub_IMP_THIDDIAXL003_Cas9_PhoX_DIA12_CV48_250ng_FAIMS_001,448608,,,Q99ZW2,,,false,Q99ZW2,Q99ZW2,,false,EHPVENTQLQNEKLYLYYLQNGR,TILDFLKSDGFANR,798,678,13,7,810,684,,-1,4,0,1.007276,4.307632
Scan: 1485643 Run: DIA12_CV48:20251228_A2_N1_Mueller_MS_TechHub_IMP_THIDDIAXL003_Cas9_PhoX_DIA12_CV48_250ng_FAIMS_003 P1_FTLIKEIKER P2_FKVLGNTDR 5 2,DIA12_CV48:20251228_A2_N1_Mueller_MS_TechHub_IMP_THIDDIAXL003_Cas9_PhoX_DIA12_CV48_250ng_FAIMS_003,1485643,,,Q99ZW2,,,false,decoy:Q99ZW2,decoy,decoy,true,FKVLGNTDR,FTLIKEIKER,32,438,2,5,33,442,,-1,3,0,1.007276,4.30721
Scan: 1119834 Run: DIA12_CV48:20251228_A2_N1_Mueller_MS_TechHub_IMP_THIDDIAXL003_Cas9_PhoX_DIA12_CV48_250ng_FAIMS_002 P1_KNLIGALLFDSGETAEATR P2_ELGSQILKEHPVENTQLQNEK 1 8,DIA12_CV48:20251228_A2_N1_Mueller_MS_TechHub_IMP_THIDDIAXL003_Cas9_PhoX_DIA12_CV48_250ng_FAIMS_002,1119834,,,Q99ZW2,,,false,Q99ZW2,Q99ZW2,,false,ELGSQILKEHPVENTQLQNEK,KNLIGALLFDSGETAEATR,790,45,8,1,797,45,,-1,4,0,1.007276,4.304056
Scan: 1177884 Run: DIA12_CV48:20251228_A2_N1_Mueller_MS_TechHub_IMP_THIDDIAXL003_Cas9_PhoX_DIA12_CV48_250ng_FAIMS_002 P1_MTNFDKNLPNEK P2_MNTKYDENDK 6 4,DIA12_CV48:20251228_A2_N1_Mueller_MS_TechHub_IMP_THIDDIAXL003_Cas9_PhoX_DIA12_CV48_250ng_FAIMS_002,1177884,,,Q99ZW2,,,false,Q99ZW2,Q99ZW2,,false,MNTKYDENDK,MTNFDKNLPNEK,939,495,4,6,942,500,,-1,3,0,1.007276,4.303758
Scan: 1519408 Run: DIA12_CV48:20251228_A2_N1_Mueller_MS_TechHub_IMP_THIDDIAXL003_Cas9_PhoX_DIA12_CV48_250ng_FAIMS_003 P1_SKLVSDFR P2_EIFSQASAGKDVVEEFNWPTITEESR 2 10,DIA12_CV48:20251228_A2_N1_Mueller_MS_TechHub_IMP_THIDDIAXL003_Cas9_PhoX_DIA12_CV48_250ng_FAIMS_003,1519408,,,decoy:Q99ZW2,decoy,decoy,true,Q99ZW2,Q99ZW2,,false,EIFSQASAGKDVVEEFNWPTITEESR,SKLVSDFR,469,960,10,2,478,961,,-1,4,0,1.007276,4.303675
Scan: 1156699 Run: DIA12_CV48:20251228_A2_N1_Mueller_MS_TechHub_IMP_THIDDIAXL003_Cas9_PhoX_DIA12_CV48_250ng_FAIMS_002 P1_QLLNAKLITQR P2_KGILQTVK 6 1,DIA12_CV48:20251228_A2_N1_Mueller_MS_TechHub_IMP_THIDDIAXL003_Cas9_PhoX_DIA12_CV48_250ng_FAIMS_002,1156699,,,Q99ZW2,,,false,Q99ZW2,Q99ZW2,,false,KGILQTVK,QLLNAKLITQR,735,885,1,6,735,890,,-1,3,0,1.007276,4.303558
Scan: 690215 Run: DIA12_CV48:20251228_A2_N1_Mueller_MS_TechHub_IMP_THIDDIAXL003_Cas9_PhoX_DIA12_CV48_250ng_FAIMS_002 P1_MKNYWR P2_AILKDSNR 2 4,DIA12_CV48:20251228_A2_N1_Mueller_MS_TechHub_IMP_THIDDIAXL003_Cas9_PhoX_DIA12_CV48_250ng_FAIMS_002,690215,,,decoy:Q99ZW2,decoy,decoy,true,Q99ZW2,Q99ZW2,,false,AILKDSNR,MKNYWR,1115,879,4,2,1118,880,,-1,3,0,1.007276,4.303163
Scan: 792011 Run: DIA12_CV48:20251228_A2_N1_Mueller_MS_TechHub_IMP_THIDDIAXL003_Cas9_PhoX_DIA12_CV48_250ng_FAIMS_002 P1_KDWDPK P2_EQAENIIHLFTLTNLGAPAAFKYFDTTIDR 1 22,DIA12_CV48:20251228_A2_N1_Mueller_MS_TechHub_IMP_THIDDIAXL003_Cas9_PhoX_DIA12_CV48_250ng_FAIMS_002,792011,,,Q99ZW2,,,false,Q99ZW2,Q99ZW2,,false,EQAENIIHLFTLTNLGAPAAFKYFDTTIDR,KDWDPK,1304,1124,22,1,1325,1124,,-1,5,0,1.007276,4.30183
Scan: 1676622 Run: DIA12_CV48:20251228_A2_N1_Mueller_MS_TechHub_IMP_THIDDIAXL003_Cas9_PhoX_DIA12_CV48_250ng_FAIMS_003 P1_ELGSQILKEHPVENTQLQNEK P2_AQVSGQGDSLHEHIANLAGSPAIKK 8 24,DIA12_CV48:20251228_A2_N1_Mueller_MS_TechHub_IMP_THIDDIAXL003_Cas9_PhoX_DIA12_CV48_250ng_FAIMS_003,1676622,,,Q99ZW2,,,false,Q99ZW2,Q99ZW2,,false,AQVSGQGDSLHEHIANLAGSPAIKK,ELGSQILKEHPVENTQLQNEK,711,790,24,8,734,797,,-1,5,0,1.007276,4.3016
Scan: 304839 Run: DIA12_CV48:20251228_A2_N1_Mueller_MS_TechHub_IMP_THIDDIAXL003_Cas9_PhoX_DIA12_CV48_250ng_FAIMS_001 P1_YDEHHQDLTLLKALVR P2_KSEETITPWNFEEVVDK 12 1,DIA12_CV48:20251228_A2_N1_Mueller_MS_TechHub_IMP_THIDDIAXL003_Cas9_PhoX_DIA12_CV48_250ng_FAIMS_001,304839,,,Q99ZW2,,,false,Q99ZW2,Q99ZW2,,false,KSEETITPWNFEEVVDK,YDEHHQDLTLLKALVR,468,325,1,12,468,336,,-1,4,0,1.007276,4.301459
Scan: 1571370 Run: DIA12_CV48:20251228_A2_N1_Mueller_MS_TechHub_IMP_THIDDIAXL003_Cas9_PhoX_DIA12_CV48_250ng_FAIMS_003 P1_KVLSMPQVNIVK P2_KPAFLSGEQK 1 1,DIA12_CV48:20251228_A2_N1_Mueller_MS_TechHub_IMP_THIDDIAXL003_Cas9_PhoX_DIA12_CV48_250ng_FAIMS_003,1571370,,,Q99ZW2,,,false,Q99ZW2,Q99ZW2,,false,KPAFLSGEQK,KVLSMPQVNIVK,536,1085,1,1,536,1085,,-1,3,0,1.007276,4.301413
Scan: 1298199 Run: DIA12_CV48:20251228_A2_N1_Mueller_MS_TechHub_IMP_THIDDIAXL003_Cas9_PhoX_DIA12_CV48_250ng_FAIMS_003 P1_RNSDKLIAR P2_KYGGFDSPTVAYSVLVVAK 5 1,DIA12_CV48:20251228_A2_N1_Mueller_MS_TechHub_IMP_THIDDIAXL003_Cas9_PhoX_DIA12_CV48_250ng_FAIMS_003,1298199,,,Q99ZW2,,,false,Q99ZW2,Q99ZW2,,false,KYGGFDSPTVAYSVLVVAK,RNSDKLIAR,1130,1114,1,5,1130,1118,,-1,3,0,1.007276,4.301371
Scan: 1706389 Run: DIA12_CV48:20251228_A2_N1_Mueller_MS_TechHub_IMP_THIDDIAXL003_Cas9_PhoX_DIA12_CV48_250ng_FAIMS_003 P1_SNKQGR P2_KSEETITPWNFEEVVDK 3 1,DIA12_CV48:20251228_A2_N1_Mueller_MS_TechHub_IMP_THIDDIAXL003_Cas9_PhoX_DIA12_CV48_250ng_FAIMS_003,1706389,,,Q99ZW2,,,false,decoy:Q99ZW2,decoy,decoy,true,KSEETITPWNFEEVVDK,SNKQGR,468,773,1,3,468,775,,-1,3,0,1.007276,4.30088
Scan: 1720545 Run: DIA12_CV48:20251228_A2_N1_Mueller_MS_TechHub_IMP_THIDDIAXL003_Cas9_PhoX_DIA12_CV48_250ng_FAIMS_003 P1_WYNKMR P2_ELGSQILKEHPVENTQLQNEK 4 8,DIA12_CV48:20251228_A2_N1_Mueller_MS_TechHub_IMP_THIDDIAXL003_Cas9_PhoX_DIA12_CV48_250ng_FAIMS_003,1720545,,,Q99ZW2,,,false,decoy:Q99ZW2,decoy,decoy,true,ELGSQILKEHPVENTQLQNEK,WYNKMR,790,879,8,4,797,882,,-1,4,0,1.007276,4.300592
Scan: 1779958 Run: DIA12_CV48:20251228_A2_N1_Mueller_MS_TechHub_IMP_THIDDIAXL003_Cas9_PhoX_DIA12_CV48_250ng_FAIMS_003 P1_YDENDKLIR P2_DKPIR 6 2,DIA12_CV48:20251228_A2_N1_Mueller_MS_TechHub_IMP_THIDDIAXL003_Cas9_PhoX_DIA12_CV48_250ng_FAIMS_003,1779958,,,Q99ZW2,,,false,Q99ZW2,Q99ZW2,,false,DKPIR,YDENDKLIR,1299,943,2,6,1300,948,,-1,3,0,1.007276,4.300558
Scan: 293582 Run: DIA12_CV48:20251228_A2_N1_Mueller_MS_TechHub_IMP_THIDDIAXL003_Cas9_PhoX_DIA12_CV48_250ng_FAIMS_001 P1_IEKILTFR P2_DKQSGK 3 2,DIA12_CV48:20251228_A2_N1_Mueller_MS_TechHub_IMP_THIDDIAXL003_Cas9_PhoX_DIA12_CV48_250ng_FAIMS_001,293582,,,Q99ZW2,,,false,Q99ZW2,Q99ZW2,,false,DKQSGK,IEKILTFR,672,440,2,3,673,442,,-1,3,0,1.007276,4.299848
Scan: 246404 Run: DIA12_CV48:20251228_A2_N1_Mueller_MS_TechHub_IMP_THIDDIAXL003_Cas9_PhoX_DIA12_CV48_250ng_FAIMS_001 P1_YDEHHQDLTLLKALVR P2_KRPLIETNGETGEIVWDK 12 1,DIA12_CV48:20251228_A2_N1_Mueller_MS_TechHub_IMP_THIDDIAXL003_Cas9_PhoX_DIA12_CV48_250ng_FAIMS_001,246404,,,Q99ZW2,,,false,Q99ZW2,Q99ZW2,,false,KRPLIETNGETGEIVWDK,YDEHHQDLTLLKALVR,1059,325,1,12,1059,336,,-1,5,0,1.007276,4.299803
Scan: 414961 Run: DIA12_CV48:20251228_A2_N1_Mueller_MS_TechHub_IMP_THIDDIAXL003_Cas9_PhoX_DIA12_CV48_250ng_FAIMS_001 P1_KIECFDSVEISGVEDR P2_IEKILTFR 1 3,DIA12_CV48:20251228_A2_N1_Mueller_MS_TechHub_IMP_THIDDIAXL003_Cas9_PhoX_DIA12_CV48_250ng_FAIMS_001,414961,,,Q99ZW2,,,false,Q99ZW2,Q99ZW2,,false,IEKILTFR,KIECFDSVEISGVEDR,440,571,3,1,442,571,,-1,4,0,1.007276,4.299457
Scan: 98407 Run: DIA12_CV48:20251228_A2_N1_Mueller_MS_TechHub_IMP_THIDDIAXL003_Cas9_PhoX_DIA12_CV48_250ng_FAIMS_001 P1_KDWDPK P2_DKQSGK 1 2,DIA12_CV48:20251228_A2_N1_Mueller_MS_TechHub_IMP_THIDDIAXL003_Cas9_PhoX_DIA12_CV48_250ng_FAIMS_001,98407,,,Q99ZW2,,,false,Q99ZW2,Q99ZW2,,false,DKQSGK,KDWDPK,672,1124,2,1,673,1124,,-1,3,0,1.007276,4.299337
Scan: 900914 Run: DIA12_CV48:20251228_A2_N1_Mueller_MS_TechHub_IMP_THIDDIAXL003_Cas9_PhoX_DIA12_CV48_250ng_FAIMS_002 P1_KSEETITPWNFEEVVDK P2_KLVDSTDK 1 1,DIA12_CV48:20251228_A2_N1_Mueller_MS_TechHub_IMP_THIDDIAXL003_Cas9_PhoX_DIA12_CV48_250ng_FAIMS_002,900914,,,Q99ZW2,,,false,Q99ZW2,Q99ZW2,,false,KLVDSTDK,KSEETITPWNFEEVVDK,141,468,1,1,141,468,,-1,4,0,1.007276,4.29877
Scan: 1718657 Run: DIA12_CV48:20251228_A2_N1_Mueller_MS_TechHub_IMP_THIDDIAXL003_Cas9_PhoX_DIA12_CV48_250ng_FAIMS_003 P1_ELGSQILKEHPVENTQLQNEK P2_EDIQKAQVSGQGDSLHEHIANLAGSPAIK 8 5,DIA12_CV48:20251228_A2_N1_Mueller_MS_TechHub_IMP_THIDDIAXL003_Cas9_PhoX_DIA12_CV48_250ng_FAIMS_003,1718657,,,Q99ZW2,,,false,Q99ZW2,Q99ZW2,,false,EDIQKAQVSGQGDSLHEHIANLAGSPAIK,ELGSQILKEHPVENTQLQNEK,706,790,5,8,710,797,,-1,6,0,1.007276,4.297691
Scan: 1557307 Run: DIA12_CV48:20251228_A2_N1_Mueller_MS_TechHub_IMP_THIDDIAXL003_Cas9_PhoX_DIA12_CV48_250ng_FAIMS_003 P1_VLPKHSLLYEYFTVYNELTK P2_IEKILTFR 4 3,DIA12_CV48:20251228_A2_N1_Mueller_MS_TechHub_IMP_THIDDIAXL003_Cas9_PhoX_DIA12_CV48_250ng_FAIMS_003,1557307,,,Q99ZW2,,,false,Q99ZW2,Q99ZW2,,false,IEKILTFR,VLPKHSLLYEYFTVYNELTK,440,507,3,4,442,510,,-1,4,0,1.007276,4.297315
Scan: 839557 Run: DIA12_CV48:20251228_A2_N1_Mueller_MS_TechHub_IMP_THIDDIAXL003_Cas9_PhoX_DIA12_CV48_250ng_FAIMS_002 P1_KFKVLGNTDR P2_FKVLGNTDR 1 2,DIA12_CV48:20251228_A2_N1_Mueller_MS_TechHub_IMP_THIDDIAXL003_Cas9_PhoX_DIA12_CV48_250ng_FAIMS_002,839557,,,Q99ZW2,,,false,Q99ZW2,Q99ZW2,,false,FKVLGNTDR,KFKVLGNTDR,32,31,2,1,33,31,,-1,3,0,1.007276,4.295222
Scan: 1765766 Run: DIA12_CV48:20251228_A2_N1_Mueller_MS_TechHub_IMP_THIDDIAXL003_Cas9_PhoX_DIA12_CV48_250ng_FAIMS_003 P1_QITKHVAQILDSR P2_FKVLGNTDR 4 2,DIA12_CV48:20251228_A2_N1_Mueller_MS_TechHub_IMP_THIDDIAXL003_Cas9_PhoX_DIA12_CV48_250ng_FAIMS_003,1765766,,,Q99ZW2,,,false,Q99ZW2,Q99ZW2,,false,FKVLGNTDR,QITKHVAQILDSR,32,926,2,4,33,929,,-1,4,0,1.007276,4.294956
Scan: 1657114 Run: DIA12_CV48:20251228_A2_N1_Mueller_MS_TechHub_IMP_THIDDIAXL003_Cas9_PhoX_DIA12_CV48_250ng_FAIMS_003 P1_VVDELVKVMGR P2_EDIQKAQVSGQGDSLHEHIANLAGSPAIK 7 5,DIA12_CV48:20251228_A2_N1_Mueller_MS_TechHub_IMP_THIDDIAXL003_Cas9_PhoX_DIA12_CV48_250ng_FAIMS_003,1657114,,,Q99ZW2,,,false,Q99ZW2,Q99ZW2,,false,EDIQKAQVSGQGDSLHEHIANLAGSPAIK,VVDELVKVMGR,706,743,5,7,710,749,,-1,4,0,1.007276,4.294761
Scan: 1045756 Run: DIA12_CV48:20251228_A2_N1_Mueller_MS_TechHub_IMP_THIDDIAXL003_Cas9_PhoX_DIA12_CV48_250ng_FAIMS_002 P1_NAFGDSKLFDLITR P2_EHPVENTQLQNEKLYLYYLQNGR 7 13,DIA12_CV48:20251228_A2_N1_Mueller_MS_TechHub_IMP_THIDDIAXL003_Cas9_PhoX_DIA12_CV48_250ng_FAIMS_002,1045756,,,Q99ZW2,,,false,decoy:Q99ZW2,decoy,decoy,true,EHPVENTQLQNEKLYLYYLQNGR,NAFGDSKLFDLITR,798,678,13,7,810,684,,-1,4,0,1.007276,4.293805
Scan: 437166 Run: DIA12_CV48:20251228_A2_N1_Mueller_MS_TechHub_IMP_THIDDIAXL003_Cas9_PhoX_DIA12_CV48_250ng_FAIMS_001 P1_GSPEDNEQKQLFVEQHK P2_DKQSGK 9 2,DIA12_CV48:20251228_A2_N1_Mueller_MS_TechHub_IMP_THIDDIAXL003_Cas9_PhoX_DIA12_CV48_250ng_FAIMS_001,437166,,,Q99ZW2,,,false,Q99ZW2,Q99ZW2,,false,DKQSGK,GSPEDNEQKQLFVEQHK,672,1247,2,9,673,1255,,-1,4,0,1.007276,4.293655
Scan: 620180 Run: DIA12_CV48:20251228_A2_N1_Mueller_MS_TechHub_IMP_THIDDIAXL003_Cas9_PhoX_DIA12_CV48_250ng_FAIMS_002 P1_QSGKTILDFLK P2_KRPLIETNGETGEIVWDK 4 1,DIA12_CV48:20251228_A2_N1_Mueller_MS_TechHub_IMP_THIDDIAXL003_Cas9_PhoX_DIA12_CV48_250ng_FAIMS_002,620180,,,Q99ZW2,,,false,Q99ZW2,Q99ZW2,,false,KRPLIETNGETGEIVWDK,QSGKTILDFLK,1059,674,1,4,1059,677,,-1,4,0,1.007276,4.293376
Scan: 413319 Run: DIA12_CV48:20251228_A2_N1_Mueller_MS_TechHub_IMP_THIDDIAXL003_Cas9_PhoX_DIA12_CV48_250ng_FAIMS_001 P1_QLKEDYFK P2_KDFQFYK 3 1,DIA12_CV48:20251228_A2_N1_Mueller_MS_TechHub_IMP_THIDDIAXL003_Cas9_PhoX_DIA12_CV48_250ng_FAIMS_001,413319,,,Q99ZW2,,,false,Q99ZW2,Q99ZW2,,false,KDFQFYK,QLKEDYFK,968,563,1,3,968,565,,-1,4,0,1.007276,4.293052
Scan: 163390 Run: DIA12_CV48:20251228_A2_N1_Mueller_MS_TechHub_IMP_THIDDIAXL003_Cas9_PhoX_DIA12_CV48_250ng_FAIMS_001 P1_LKGSPEDNEQK P2_KGILQTVK 2 1,DIA12_CV48:20251228_A2_N1_Mueller_MS_TechHub_IMP_THIDDIAXL003_Cas9_PhoX_DIA12_CV48_250ng_FAIMS_001,163390,,,Q99ZW2,,,false,Q99ZW2,Q99ZW2,,false,KGILQTVK,LKGSPEDNEQK,735,1245,1,2,735,1246,,-1,3,0,1.007276,4.292747
Scan: 361013 Run: DIA12_CV48:20251228_A2_N1_Mueller_MS_TechHub_IMP_THIDDIAXL003_Cas9_PhoX_DIA12_CV48_250ng_FAIMS_001 P1_VLPKHSLLYEYFTVYNELTK P2_KVLSMPQVNIVK 4 1,DIA12_CV48:20251228_A2_N1_Mueller_MS_TechHub_IMP_THIDDIAXL003_Cas9_PhoX_DIA12_CV48_250ng_FAIMS_001,361013,,,Q99ZW2,,,false,Q99ZW2,Q99ZW2,,false,KVLSMPQVNIVK,VLPKHSLLYEYFTVYNELTK,1085,507,1,4,1085,510,,-1,4,0,1.007276,4.291754
Scan: 1092370 Run: DIA12_CV48:20251228_A2_N1_Mueller_MS_TechHub_IMP_THIDDIAXL003_Cas9_PhoX_DIA12_CV48_250ng_FAIMS_002 P1_QSGKTILDFLK P2_GILQTVKVVDELVK 4 7,DIA12_CV48:20251228_A2_N1_Mueller_MS_TechHub_IMP_THIDDIAXL003_Cas9_PhoX_DIA12_CV48_250ng_FAIMS_002,1092370,,,Q99ZW2,,,false,Q99ZW2,Q99ZW2,,false,GILQTVKVVDELVK,QSGKTILDFLK,736,674,7,4,742,677,,-1,4,0,1.007276,4.291506
Scan: 950436 Run: DIA12_CV48:20251228_A2_N1_Mueller_MS_TechHub_IMP_THIDDIAXL003_Cas9_PhoX_DIA12_CV48_250ng_FAIMS_002 P1_SSFEKNPIDFLEAK P2_ENPLNKDFNTMK 5 6,DIA12_CV48:20251228_A2_N1_Mueller_MS_TechHub_IMP_THIDDIAXL003_Cas9_PhoX_DIA12_CV48_250ng_FAIMS_002,950436,,,decoy:Q99ZW2,decoy,decoy,true,Q99ZW2,Q99ZW2,,false,ENPLNKDFNTMK,SSFEKNPIDFLEAK,495,1172,6,5,500,1176,,-1,3,0,1.007276,4.291325
Scan: 986253 Run: DIA12_CV48:20251228_A2_N1_Mueller_MS_TechHub_IMP_THIDDIAXL003_Cas9_PhoX_DIA12_CV48_250ng_FAIMS_002 P1_KPAFLSGEQK P2_KFDNLTK 1 1,DIA12_CV48:20251228_A2_N1_Mueller_MS_TechHub_IMP_THIDDIAXL003_Cas9_PhoX_DIA12_CV48_250ng_FAIMS_002,986253,,,Q99ZW2,,,false,Q99ZW2,Q99ZW2,,false,KFDNLTK,KPAFLSGEQK,896,536,1,1,896,536,,-1,4,0,1.007276,4.290202
Scan: 1737746 Run: DIA12_CV48:20251228_A2_N1_Mueller_MS_TechHub_IMP_THIDDIAXL003_Cas9_PhoX_DIA12_CV48_250ng_FAIMS_003 P1_SDKNR P2_GKSDNVPSEEVVKK 3 2,DIA12_CV48:20251228_A2_N1_Mueller_MS_TechHub_IMP_THIDDIAXL003_Cas9_PhoX_DIA12_CV48_250ng_FAIMS_003,1737746,,,Q99ZW2,,,false,Q99ZW2,Q99ZW2,,false,GKSDNVPSEEVVKK,SDKNR,865,860,2,3,866,862,,-1,4,0,1.007276,4.290056
Scan: 1107186 Run: DIA12_CV48:20251228_A2_N1_Mueller_MS_TechHub_IMP_THIDDIAXL003_Cas9_PhoX_DIA12_CV48_250ng_FAIMS_002 P1_ENQTTQKGQK P2_ENQTTQKGQK 7 7,DIA12_CV48:20251228_A2_N1_Mueller_MS_TechHub_IMP_THIDDIAXL003_Cas9_PhoX_DIA12_CV48_250ng_FAIMS_002,1107186,,,Q99ZW2,,,false,Q99ZW2,Q99ZW2,,false,ENQTTQKGQK,ENQTTQKGQK,766,766,7,7,772,772,,-1,3,0,1.007276,4.289967
Scan: 1446294 Run: DIA12_CV48:20251228_A2_N1_Mueller_MS_TechHub_IMP_THIDDIAXL003_Cas9_PhoX_DIA12_CV48_250ng_FAIMS_003 P1_YDEHHQDLTLLKALVR P2_KFDNLTK 12 1,DIA12_CV48:20251228_A2_N1_Mueller_MS_TechHub_IMP_THIDDIAXL003_Cas9_PhoX_DIA12_CV48_250ng_FAIMS_003,1446294,,,Q99ZW2,,,false,Q99ZW2,Q99ZW2,,false,KFDNLTK,YDEHHQDLTLLKALVR,896,325,1,12,896,336,,-1,5,0,1.007276,4.289911
Scan: 543287 Run: DIA12_CV48:20251228_A2_N1_Mueller_MS_TechHub_IMP_THIDDIAXL003_Cas9_PhoX_DIA12_CV48_250ng_FAIMS_001 P1_NKDSR P2_DKPIR 2 2,DIA12_CV48:20251228_A2_N1_Mueller_MS_TechHub_IMP_THIDDIAXL003_Cas9_PhoX_DIA12_CV48_250ng_FAIMS_001,543287,,,Q99ZW2,,,false,decoy:Q99ZW2,decoy,decoy,true,DKPIR,NKDSR,1299,860,2,2,1300,861,,-1,3,0,1.007276,4.289516
Scan: 1011852 Run: DIA12_CV48:20251228_A2_N1_Mueller_MS_TechHub_IMP_THIDDIAXL003_Cas9_PhoX_DIA12_CV48_250ng_FAIMS_002 P1_KIECFDSVEISGVEDR P2_FKVLGNTDR 1 2,DIA12_CV48:20251228_A2_N1_Mueller_MS_TechHub_IMP_THIDDIAXL003_Cas9_PhoX_DIA12_CV48_250ng_FAIMS_002,1011852,,,Q99ZW2,,,false,Q99ZW2,Q99ZW2,,false,FKVLGNTDR,KIECFDSVEISGVEDR,32,571,2,1,33,571,,-1,4,0,1.007276,4.289137
Scan: 1419372 Run: DIA12_CV48:20251228_A2_N1_Mueller_MS_TechHub_IMP_THIDDIAXL003_Cas9_PhoX_DIA12_CV48_250ng_FAIMS_003 P1_SNFDLAEDAKLQLSK P2_NSDKLIAR 10 4,DIA12_CV48:20251228_A2_N1_Mueller_MS_TechHub_IMP_THIDDIAXL003_Cas9_PhoX_DIA12_CV48_250ng_FAIMS_003,1419372,,,Q99ZW2,,,false,Q99ZW2,Q99ZW2,,false,NSDKLIAR,SNFDLAEDAKLQLSK,1115,254,4,10,1118,263,,-1,4,0,1.007276,4.289042
Scan: 1146435 Run: DIA12_CV48:20251228_A2_N1_Mueller_MS_TechHub_IMP_THIDDIAXL003_Cas9_PhoX_DIA12_CV48_250ng_FAIMS_002 P1_KDFQFYK P2_GKSDNVPSEEVVK 1 2,DIA12_CV48:20251228_A2_N1_Mueller_MS_TechHub_IMP_THIDDIAXL003_Cas9_PhoX_DIA12_CV48_250ng_FAIMS_002,1146435,,,Q99ZW2,,,false,Q99ZW2,Q99ZW2,,false,GKSDNVPSEEVVK,KDFQFYK,865,968,2,1,866,968,,-1,3,0,1.007276,4.289011
Scan: 156965 Run: DIA12_CV48:20251228_A2_N1_Mueller_MS_TechHub_IMP_THIDDIAXL003_Cas9_PhoX_DIA12_CV48_250ng_FAIMS_001 P1_GNELALPSKYVNFLYLASHYEK P2_GKSDNVPSEEVVK 9 2,DIA12_CV48:20251228_A2_N1_Mueller_MS_TechHub_IMP_THIDDIAXL003_Cas9_PhoX_DIA12_CV48_250ng_FAIMS_001,156965,,,Q99ZW2,,,false,Q99ZW2,Q99ZW2,,false,GKSDNVPSEEVVK,GNELALPSKYVNFLYLASHYEK,865,1223,2,9,866,1231,,-1,4,0,1.007276,4.289004
Scan: 429380 Run: DIA12_CV48:20251228_A2_N1_Mueller_MS_TechHub_IMP_THIDDIAXL003_Cas9_PhoX_DIA12_CV48_250ng_FAIMS_001 P1_KLINGIR P2_EKIEKILTFR 1 5,DIA12_CV48:20251228_A2_N1_Mueller_MS_TechHub_IMP_THIDDIAXL003_Cas9_PhoX_DIA12_CV48_250ng_FAIMS_001,429380,,,Q99ZW2,,,false,Q99ZW2,Q99ZW2,,false,EKIEKILTFR,KLINGIR,438,665,5,1,442,665,,-1,3,0,1.007276,4.287857
Scan: 712241 Run: DIA12_CV48:20251228_A2_N1_Mueller_MS_TechHub_IMP_THIDDIAXL003_Cas9_PhoX_DIA12_CV48_250ng_FAIMS_002 P1_SSFEKNPIDFLEAK P2_SKSLR 5 2,DIA12_CV48:20251228_A2_N1_Mueller_MS_TechHub_IMP_THIDDIAXL003_Cas9_PhoX_DIA12_CV48_250ng_FAIMS_002,712241,,,decoy:Q99ZW2,decoy,decoy,true,Q99ZW2,Q99ZW2,,false,SKSLR,SSFEKNPIDFLEAK,216,1172,2,5,217,1176,,-1,3,0,1.007276,4.28736
Scan: 695754 Run: DIA12_CV48:20251228_A2_N1_Mueller_MS_TechHub_IMP_THIDDIAXL003_Cas9_PhoX_DIA12_CV48_250ng_FAIMS_002 P1_KDWDPKK P2_GQKNSR 1 3,DIA12_CV48:20251228_A2_N1_Mueller_MS_TechHub_IMP_THIDDIAXL003_Cas9_PhoX_DIA12_CV48_250ng_FAIMS_002,695754,,,Q99ZW2,,,false,Q99ZW2,Q99ZW2,,false,GQKNSR,KDWDPKK,773,1124,3,1,775,1124,,-1,3,0,1.007276,4.28619
Scan: 1184130 Run: DIA12_CV48:20251228_A2_N1_Mueller_MS_TechHub_IMP_THIDDIAXL003_Cas9_PhoX_DIA12_CV48_250ng_FAIMS_002 P1_YDENDKLIR P2_EVKVITLK 6 3,DIA12_CV48:20251228_A2_N1_Mueller_MS_TechHub_IMP_THIDDIAXL003_Cas9_PhoX_DIA12_CV48_250ng_FAIMS_002,1184130,,,Q99ZW2,,,false,Q99ZW2,Q99ZW2,,false,EVKVITLK,YDENDKLIR,952,943,3,6,954,948,,-1,3,0,1.007276,4.285509
Scan: 1782956 Run: DIA12_CV48:20251228_A2_N1_Mueller_MS_TechHub_IMP_THIDDIAXL003_Cas9_PhoX_DIA12_CV48_250ng_FAIMS_003 P1_SKLVSDFR P2_QSGKTILDFLK 2 4,DIA12_CV48:20251228_A2_N1_Mueller_MS_TechHub_IMP_THIDDIAXL003_Cas9_PhoX_DIA12_CV48_250ng_FAIMS_003,1782956,,,Q99ZW2,,,false,Q99ZW2,Q99ZW2,,false,QSGKTILDFLK,SKLVSDFR,674,960,4,2,677,961,,-1,3,0,1.007276,4.285493
Scan: 437363 Run: DIA12_CV48:20251228_A2_N1_Mueller_MS_TechHub_IMP_THIDDIAXL003_Cas9_PhoX_DIA12_CV48_250ng_FAIMS_001 P1_SEETITPWNFEEVVDKGASAQSFIER P2_DKQSGK 16 2,DIA12_CV48:20251228_A2_N1_Mueller_MS_TechHub_IMP_THIDDIAXL003_Cas9_PhoX_DIA12_CV48_250ng_FAIMS_001,437363,,,Q99ZW2,,,false,Q99ZW2,Q99ZW2,,false,DKQSGK,SEETITPWNFEEVVDKGASAQSFIER,672,469,2,16,673,484,,-1,4,0,1.007276,4.285414
Scan: 504590 Run: DIA12_CV48:20251228_A2_N1_Mueller_MS_TechHub_IMP_THIDDIAXL003_Cas9_PhoX_DIA12_CV48_250ng_FAIMS_001 P1_KPAFLSGEQK P2_HKPENIVIEMAR 1 2,DIA12_CV48:20251228_A2_N1_Mueller_MS_TechHub_IMP_THIDDIAXL003_Cas9_PhoX_DIA12_CV48_250ng_FAIMS_001,504590,,,Q99ZW2,,,false,Q99ZW2,Q99ZW2,,false,HKPENIVIEMAR,KPAFLSGEQK,754,536,2,1,755,536,,-1,4,0,1.007276,4.285262
Scan: 1145520 Run: DIA12_CV48:20251228_A2_N1_Mueller_MS_TechHub_IMP_THIDDIAXL003_Cas9_PhoX_DIA12_CV48_250ng_FAIMS_002 P1_GKSDNVPSEEVVK P2_GKSDNVPSEEVVK 2 2,DIA12_CV48:20251228_A2_N1_Mueller_MS_TechHub_IMP_THIDDIAXL003_Cas9_PhoX_DIA12_CV48_250ng_FAIMS_002,1145520,,,Q99ZW2,,,false,Q99ZW2,Q99ZW2,,false,GKSDNVPSEEVVK,GKSDNVPSEEVVK,865,865,2,2,866,866,,-1,4,0,1.007276,4.284716
