LinkID,PeptidePairIDs,PSMIDs,Protein1,Name1,Description1,Decoy1,Protein2,Name2,Description2,Decoy2,fromSite,ToSite,Croslinkers,Score,isDecoy,isTT,isTD,isDD,count PSMs,count peptide pairs,fdrGroup,fdr,ifdr,PEP,DIA12_CV48:20251228_A2_N1_Mueller_MS_TechHub_IMP_THIDDIAXL003_Cas9_PhoX_DIA12_CV48_250ng_FAIMS_002,DIA12_CV48:20251228_A2_N1_Mueller_MS_TechHub_IMP_THIDDIAXL003_Cas9_PhoX_DIA12_CV48_250ng_FAIMS_001,DIA12_CV48:20251228_A2_N1_Mueller_MS_TechHub_IMP_THIDDIAXL003_Cas9_PhoX_DIA12_CV48_250ng_FAIMS_003,,Protein1FDR,Protein2FDR,PPIFDR,,top pep fdr,top psm fdr,,PPI id
190,760;643;63;479;55;485;229,Scan: 1277436 Run: DIA12_CV48:20251228_A2_N1_Mueller_MS_TechHub_IMP_THIDDIAXL003_Cas9_PhoX_DIA12_CV48_250ng_FAIMS_003 P1_NSDKLIAR P2_KDWDPK 4 1;Scan: 1291606 Run: DIA12_CV48:20251228_A2_N1_Mueller_MS_TechHub_IMP_THIDDIAXL003_Cas9_PhoX_DIA12_CV48_250ng_FAIMS_003 P1_NSDKLIAR P2_KDWDPK 4 1;Scan: 83387 Run: DIA12_CV48:20251228_A2_N1_Mueller_MS_TechHub_IMP_THIDDIAXL003_Cas9_PhoX_DIA12_CV48_250ng_FAIMS_001 P1_RNSDKLIAR P2_KDWDPK 5 1;Scan: 97430 Run: DIA12_CV48:20251228_A2_N1_Mueller_MS_TechHub_IMP_THIDDIAXL003_Cas9_PhoX_DIA12_CV48_250ng_FAIMS_001 P1_RNSDKLIAR P2_KDWDPK 5 1;Scan: 83426 Run: DIA12_CV48:20251228_A2_N1_Mueller_MS_TechHub_IMP_THIDDIAXL003_Cas9_PhoX_DIA12_CV48_250ng_FAIMS_001 P1_NSDKLIAR P2_KDWDPKK 4 1;Scan: 694594 Run: DIA12_CV48:20251228_A2_N1_Mueller_MS_TechHub_IMP_THIDDIAXL003_Cas9_PhoX_DIA12_CV48_250ng_FAIMS_002 P1_NSDKLIAR P2_KDWDPKK 4 1;Scan: 1277785 Run: DIA12_CV48:20251228_A2_N1_Mueller_MS_TechHub_IMP_THIDDIAXL003_Cas9_PhoX_DIA12_CV48_250ng_FAIMS_003 P1_RNSDKLIAR P2_KDWDPKK 5 1;Scan: 1277765 Run: DIA12_CV48:20251228_A2_N1_Mueller_MS_TechHub_IMP_THIDDIAXL003_Cas9_PhoX_DIA12_CV48_250ng_FAIMS_003 P1_RNSDKLIAR P2_KDWDPKK 5 1;Scan: 97660 Run: DIA12_CV48:20251228_A2_N1_Mueller_MS_TechHub_IMP_THIDDIAXL003_Cas9_PhoX_DIA12_CV48_250ng_FAIMS_001 P1_RNSDKLIAR P2_KKDWDPK 5 2;Scan: 97675 Run: DIA12_CV48:20251228_A2_N1_Mueller_MS_TechHub_IMP_THIDDIAXL003_Cas9_PhoX_DIA12_CV48_250ng_FAIMS_001 P1_RNSDKLIAR P2_KKDWDPK 5 2;Scan: 1277541 Run: DIA12_CV48:20251228_A2_N1_Mueller_MS_TechHub_IMP_THIDDIAXL003_Cas9_PhoX_DIA12_CV48_250ng_FAIMS_003 P1_NSDKLIAR P2_KKDWDPKK 4 2;Scan: 97451 Run: DIA12_CV48:20251228_A2_N1_Mueller_MS_TechHub_IMP_THIDDIAXL003_Cas9_PhoX_DIA12_CV48_250ng_FAIMS_001 P1_NSDKLIAR P2_KKDWDPK 4 2,Q99ZW2,null,,false,Q99ZW2,null,,false,1124,1118,,16.061052,false,true,false,false,12,7,Self,0,0,0.003497,4.802536,4.800797,5.161964,,0,0,0,,0,0,,0
840,808;757,Scan: 1653060 Run: DIA12_CV48:20251228_A2_N1_Mueller_MS_TechHub_IMP_THIDDIAXL003_Cas9_PhoX_DIA12_CV48_250ng_FAIMS_003 P1_KLINGIR P2_EDIQKAQVSGQGDSLHEHIANLAGSPAIK 1 5;Scan: 1653200 Run: DIA12_CV48:20251228_A2_N1_Mueller_MS_TechHub_IMP_THIDDIAXL003_Cas9_PhoX_DIA12_CV48_250ng_FAIMS_003 P1_KLINGIR P2_EDIQKAQVSGQGDSLHEHIANLAGSPAIK 1 5;Scan: 459170 Run: DIA12_CV48:20251228_A2_N1_Mueller_MS_TechHub_IMP_THIDDIAXL003_Cas9_PhoX_DIA12_CV48_250ng_FAIMS_001 P1_KLINGIR P2_EDIQKAQVSGQGDSLHEHIANLAGSPAIK 1 5;Scan: 430967 Run: DIA12_CV48:20251228_A2_N1_Mueller_MS_TechHub_IMP_THIDDIAXL003_Cas9_PhoX_DIA12_CV48_250ng_FAIMS_001 P1_KLINGIR P2_EDIQKAQVSGQGDSLHEHIANLAGSPAIKK 1 5;Scan: 430805 Run: DIA12_CV48:20251228_A2_N1_Mueller_MS_TechHub_IMP_THIDDIAXL003_Cas9_PhoX_DIA12_CV48_250ng_FAIMS_001 P1_KLINGIR P2_EDIQKAQVSGQGDSLHEHIANLAGSPAIKK 1 5,Q99ZW2,null,,false,Q99ZW2,null,,false,710,665,,12.087937,false,true,false,false,5,2,Self,0,0.001636,0.003509,4.963393,5.602216,5.880165,,0,0,0,,0,0,,0
260,498;802;324,Scan: 62961 Run: DIA12_CV48:20251228_A2_N1_Mueller_MS_TechHub_IMP_THIDDIAXL003_Cas9_PhoX_DIA12_CV48_250ng_FAIMS_001 P1_NSDKLIAR P2_KTEVQTGGFSKESILPK 4 11;Scan: 660092 Run: DIA12_CV48:20251228_A2_N1_Mueller_MS_TechHub_IMP_THIDDIAXL003_Cas9_PhoX_DIA12_CV48_250ng_FAIMS_002 P1_NSDKLIAR P2_KTEVQTGGFSKESILPK 4 11;Scan: 62977 Run: DIA12_CV48:20251228_A2_N1_Mueller_MS_TechHub_IMP_THIDDIAXL003_Cas9_PhoX_DIA12_CV48_250ng_FAIMS_001 P1_NSDKLIAR P2_KTEVQTGGFSKESILPK 4 11;Scan: 62797 Run: DIA12_CV48:20251228_A2_N1_Mueller_MS_TechHub_IMP_THIDDIAXL003_Cas9_PhoX_DIA12_CV48_250ng_FAIMS_001 P1_TEVQTGGFSKESILPK P2_NSDKLIAR 10 4;Scan: 659952 Run: DIA12_CV48:20251228_A2_N1_Mueller_MS_TechHub_IMP_THIDDIAXL003_Cas9_PhoX_DIA12_CV48_250ng_FAIMS_002 P1_TEVQTGGFSKESILPK P2_NSDKLIAR 10 4;Scan: 81989 Run: DIA12_CV48:20251228_A2_N1_Mueller_MS_TechHub_IMP_THIDDIAXL003_Cas9_PhoX_DIA12_CV48_250ng_FAIMS_001 P1_TEVQTGGFSKESILPK P2_RNSDKLIAR 10 5,Q99ZW2,null,,false,Q99ZW2,null,,false,1118,1107,,11.915014,false,true,false,false,6,3,Self,0,0.001707,0.003509,4.972977,5.283065,4.24586,,0,0,0,,0,0,,0
752,577;326;172,Scan: 661698 Run: DIA12_CV48:20251228_A2_N1_Mueller_MS_TechHub_IMP_THIDDIAXL003_Cas9_PhoX_DIA12_CV48_250ng_FAIMS_002 P1_TEVQTGGFSKESILPK P2_KDWDPK 10 1;Scan: 694048 Run: DIA12_CV48:20251228_A2_N1_Mueller_MS_TechHub_IMP_THIDDIAXL003_Cas9_PhoX_DIA12_CV48_250ng_FAIMS_002 P1_TEVQTGGFSKESILPK P2_KDWDPK 10 1;Scan: 661582 Run: DIA12_CV48:20251228_A2_N1_Mueller_MS_TechHub_IMP_THIDDIAXL003_Cas9_PhoX_DIA12_CV48_250ng_FAIMS_002 P1_KTEVQTGGFSKESILPK P2_KDWDPK 11 1;Scan: 661559 Run: DIA12_CV48:20251228_A2_N1_Mueller_MS_TechHub_IMP_THIDDIAXL003_Cas9_PhoX_DIA12_CV48_250ng_FAIMS_002 P1_KTEVQTGGFSKESILPK P2_KDWDPK 11 1;Scan: 693944 Run: DIA12_CV48:20251228_A2_N1_Mueller_MS_TechHub_IMP_THIDDIAXL003_Cas9_PhoX_DIA12_CV48_250ng_FAIMS_002 P1_KTEVQTGGFSKESILPK P2_KKDWDPK 11 2;Scan: 96782 Run: DIA12_CV48:20251228_A2_N1_Mueller_MS_TechHub_IMP_THIDDIAXL003_Cas9_PhoX_DIA12_CV48_250ng_FAIMS_001 P1_KTEVQTGGFSKESILPK P2_KKDWDPK 11 2,Q99ZW2,null,,false,Q99ZW2,null,,false,1124,1107,,11.315673,false,true,false,false,6,3,Self,0,0.001954,0.003534,4.837215,4.76354,,,0,0,0,,0,0,,0
730,345;336;257,Scan: 1292420 Run: DIA12_CV48:20251228_A2_N1_Mueller_MS_TechHub_IMP_THIDDIAXL003_Cas9_PhoX_DIA12_CV48_250ng_FAIMS_003 P1_KLINGIR P2_KDWDPK 1 1;Scan: 427920 Run: DIA12_CV48:20251228_A2_N1_Mueller_MS_TechHub_IMP_THIDDIAXL003_Cas9_PhoX_DIA12_CV48_250ng_FAIMS_001 P1_KLINGIR P2_KDWDPK 1 1;Scan: 1622177 Run: DIA12_CV48:20251228_A2_N1_Mueller_MS_TechHub_IMP_THIDDIAXL003_Cas9_PhoX_DIA12_CV48_250ng_FAIMS_003 P1_KLINGIR P2_KKDWDPK 1 2;Scan: 1025066 Run: DIA12_CV48:20251228_A2_N1_Mueller_MS_TechHub_IMP_THIDDIAXL003_Cas9_PhoX_DIA12_CV48_250ng_FAIMS_002 P1_KLINGIR P2_KKDWDPK 1 2;Scan: 1622253 Run: DIA12_CV48:20251228_A2_N1_Mueller_MS_TechHub_IMP_THIDDIAXL003_Cas9_PhoX_DIA12_CV48_250ng_FAIMS_003 P1_KLINGIR P2_KDWDPKK 1 1;Scan: 695363 Run: DIA12_CV48:20251228_A2_N1_Mueller_MS_TechHub_IMP_THIDDIAXL003_Cas9_PhoX_DIA12_CV48_250ng_FAIMS_002 P1_KLINGIR P2_KDWDPKK 1 1,Q99ZW2,null,,false,Q99ZW2,null,,false,1124,665,,11.302837,false,true,false,false,6,3,Self,0,0.001959,0.003534,4.644997,5.174365,4.539135,,0,0,0,,0,0,,0
490,847;865;778;628,Scan: 73330 Run: DIA12_CV48:20251228_A2_N1_Mueller_MS_TechHub_IMP_THIDDIAXL003_Cas9_PhoX_DIA12_CV48_250ng_FAIMS_001 P1_KTEVQTGGFSKESILPK P2_EDIQKAQVSGQGDSLHEHIANLAGSPAIK 11 5;Scan: 1267596 Run: DIA12_CV48:20251228_A2_N1_Mueller_MS_TechHub_IMP_THIDDIAXL003_Cas9_PhoX_DIA12_CV48_250ng_FAIMS_003 P1_KTEVQTGGFSKESILPK P2_EDIQKAQVSGQGDSLHEHIANLAGSPAIK 11 5;Scan: 1645772 Run: DIA12_CV48:20251228_A2_N1_Mueller_MS_TechHub_IMP_THIDDIAXL003_Cas9_PhoX_DIA12_CV48_250ng_FAIMS_003 P1_TEVQTGGFSKESILPK P2_EDIQKAQVSGQGDSLHEHIANLAGSPAIK 10 5;Scan: 451834 Run: DIA12_CV48:20251228_A2_N1_Mueller_MS_TechHub_IMP_THIDDIAXL003_Cas9_PhoX_DIA12_CV48_250ng_FAIMS_001 P1_TEVQTGGFSKESILPK P2_EDIQKAQVSGQGDSLHEHIANLAGSPAIKK 10 5;Scan: 1646227 Run: DIA12_CV48:20251228_A2_N1_Mueller_MS_TechHub_IMP_THIDDIAXL003_Cas9_PhoX_DIA12_CV48_250ng_FAIMS_003 P1_KTEVQTGGFSKESILPK P2_EDIQKAQVSGQGDSLHEHIANLAGSPAIKK 11 5,Q99ZW2,null,,false,Q99ZW2,null,,false,710,1107,,11.110493,false,true,false,false,5,4,Self,0,0.002038,0.003534,4.443902,5.080516,5.094503,,0,0,0,,0,0,,0
850,400;912,Scan: 384244 Run: DIA12_CV48:20251228_A2_N1_Mueller_MS_TechHub_IMP_THIDDIAXL003_Cas9_PhoX_DIA12_CV48_250ng_FAIMS_001 P1_VKYVTEGMR P2_KPAFLSGEQKK 2 1;Scan: 374185 Run: DIA12_CV48:20251228_A2_N1_Mueller_MS_TechHub_IMP_THIDDIAXL003_Cas9_PhoX_DIA12_CV48_250ng_FAIMS_001 P1_VKYVTEGMR P2_KPAFLSGEQKK 2 1;Scan: 384384 Run: DIA12_CV48:20251228_A2_N1_Mueller_MS_TechHub_IMP_THIDDIAXL003_Cas9_PhoX_DIA12_CV48_250ng_FAIMS_001 P1_VKYVTEGMR P2_KPAFLSGEQKK 2 1;Scan: 374026 Run: DIA12_CV48:20251228_A2_N1_Mueller_MS_TechHub_IMP_THIDDIAXL003_Cas9_PhoX_DIA12_CV48_250ng_FAIMS_001 P1_VKYVTEGMR P2_KPAFLSGEQK 2 1;Scan: 384178 Run: DIA12_CV48:20251228_A2_N1_Mueller_MS_TechHub_IMP_THIDDIAXL003_Cas9_PhoX_DIA12_CV48_250ng_FAIMS_001 P1_VKYVTEGMR P2_KPAFLSGEQK 2 1,Q99ZW2,null,,false,Q99ZW2,null,,false,536,528,,11.028672,false,true,false,false,5,2,Self,0,0.002072,0.003559,4.156237,5.649525,4.908116,,0,0,0,,0,0,,0
576,863;82;761,Scan: 1306527 Run: DIA12_CV48:20251228_A2_N1_Mueller_MS_TechHub_IMP_THIDDIAXL003_Cas9_PhoX_DIA12_CV48_250ng_FAIMS_003 P1_SSFEKNPIDFLEAK P2_KDWDPK 5 1;Scan: 112354 Run: DIA12_CV48:20251228_A2_N1_Mueller_MS_TechHub_IMP_THIDDIAXL003_Cas9_PhoX_DIA12_CV48_250ng_FAIMS_001 P1_SSFEKNPIDFLEAK P2_KDWDPK 5 1;Scan: 709353 Run: DIA12_CV48:20251228_A2_N1_Mueller_MS_TechHub_IMP_THIDDIAXL003_Cas9_PhoX_DIA12_CV48_250ng_FAIMS_002 P1_SSFEKNPIDFLEAK P2_KKDWDPK 5 2;Scan: 98040 Run: DIA12_CV48:20251228_A2_N1_Mueller_MS_TechHub_IMP_THIDDIAXL003_Cas9_PhoX_DIA12_CV48_250ng_FAIMS_001 P1_SSFEKNPIDFLEAK P2_KKDWDPK 5 2;Scan: 112480 Run: DIA12_CV48:20251228_A2_N1_Mueller_MS_TechHub_IMP_THIDDIAXL003_Cas9_PhoX_DIA12_CV48_250ng_FAIMS_001 P1_SSFEKNPIDFLEAK P2_KKDWDPKK 5 2,Q99ZW2,null,,false,Q99ZW2,null,,false,1124,1176,,11.007221,false,true,false,false,5,3,Self,0,0.002081,0.003559,4.777674,5.089226,5.48515,,0,0,0,,0,0,,0
135,838;595;484;159,Scan: 291779 Run: DIA12_CV48:20251228_A2_N1_Mueller_MS_TechHub_IMP_THIDDIAXL003_Cas9_PhoX_DIA12_CV48_250ng_FAIMS_001 P1_KSEETITPWNFEEVVDK P2_IEKILTFR 1 3;Scan: 903460 Run: DIA12_CV48:20251228_A2_N1_Mueller_MS_TechHub_IMP_THIDDIAXL003_Cas9_PhoX_DIA12_CV48_250ng_FAIMS_002 P1_KSEETITPWNFEEVVDK P2_IEKILTFR 1 3;Scan: 888946 Run: DIA12_CV48:20251228_A2_N1_Mueller_MS_TechHub_IMP_THIDDIAXL003_Cas9_PhoX_DIA12_CV48_250ng_FAIMS_002 P1_KSEETITPWNFEEVVDKGASAQSFIER P2_IEKILTFR 1 3;Scan: 903687 Run: DIA12_CV48:20251228_A2_N1_Mueller_MS_TechHub_IMP_THIDDIAXL003_Cas9_PhoX_DIA12_CV48_250ng_FAIMS_002 P1_KSEETITPWNFEEVVDK P2_EKIEKILTFR 1 5;Scan: 291808 Run: DIA12_CV48:20251228_A2_N1_Mueller_MS_TechHub_IMP_THIDDIAXL003_Cas9_PhoX_DIA12_CV48_250ng_FAIMS_001 P1_KSEETITPWNFEEVVDKGASAQSFIER P2_EKIEKILTFR 1 5,Q99ZW2,null,,false,Q99ZW2,null,,false,442,468,,10.930872,false,true,false,false,5,4,Self,0,0.002112,0.003559,5.74315,5.031915,,,0,0,0,,0,0,,0
382,814;437;481,Scan: 381296 Run: DIA12_CV48:20251228_A2_N1_Mueller_MS_TechHub_IMP_THIDDIAXL003_Cas9_PhoX_DIA12_CV48_250ng_FAIMS_001 P1_KPAFLSGEQK P2_FKVLGNTDR 1 2;Scan: 841046 Run: DIA12_CV48:20251228_A2_N1_Mueller_MS_TechHub_IMP_THIDDIAXL003_Cas9_PhoX_DIA12_CV48_250ng_FAIMS_002 P1_KPAFLSGEQK P2_FKVLGNTDR 1 2;Scan: 841111 Run: DIA12_CV48:20251228_A2_N1_Mueller_MS_TechHub_IMP_THIDDIAXL003_Cas9_PhoX_DIA12_CV48_250ng_FAIMS_002 P1_KPAFLSGEQKK P2_FKVLGNTDR 1 2;Scan: 243959 Run: DIA12_CV48:20251228_A2_N1_Mueller_MS_TechHub_IMP_THIDDIAXL003_Cas9_PhoX_DIA12_CV48_250ng_FAIMS_001 P1_KPAFLSGEQKK P2_FKVLGNTDR 1 2;Scan: 1575576 Run: DIA12_CV48:20251228_A2_N1_Mueller_MS_TechHub_IMP_THIDDIAXL003_Cas9_PhoX_DIA12_CV48_250ng_FAIMS_003 P1_KPAFLSGEQK P2_KFKVLGNTDR 1 3,Q99ZW2,null,,false,Q99ZW2,null,,false,33,536,,10.856076,false,true,false,false,5,3,Self,0,0.002143,0.003571,5.215904,4.987433,4.548395,,0,0,0,,0,0,,0
834,954;857,Scan: 72269 Run: DIA12_CV48:20251228_A2_N1_Mueller_MS_TechHub_IMP_THIDDIAXL003_Cas9_PhoX_DIA12_CV48_250ng_FAIMS_001 P1_KTEVQTGGFSKESILPK P2_KLINGIR 11 1;Scan: 669289 Run: DIA12_CV48:20251228_A2_N1_Mueller_MS_TechHub_IMP_THIDDIAXL003_Cas9_PhoX_DIA12_CV48_250ng_FAIMS_002 P1_KTEVQTGGFSKESILPK P2_KLINGIR 11 1;Scan: 669104 Run: DIA12_CV48:20251228_A2_N1_Mueller_MS_TechHub_IMP_THIDDIAXL003_Cas9_PhoX_DIA12_CV48_250ng_FAIMS_002 P1_TEVQTGGFSKESILPK P2_KLINGIR 10 1;Scan: 1024587 Run: DIA12_CV48:20251228_A2_N1_Mueller_MS_TechHub_IMP_THIDDIAXL003_Cas9_PhoX_DIA12_CV48_250ng_FAIMS_002 P1_TEVQTGGFSKESILPK P2_KLINGIR 10 1,Q99ZW2,null,,false,Q99ZW2,null,,false,665,1107,,10.773409,false,true,false,false,4,2,Self,0,0.002177,0.003584,5.437037,5.732232,,,0,0,0,,0,0,,0
653,648;890,Scan: 785628 Run: DIA12_CV48:20251228_A2_N1_Mueller_MS_TechHub_IMP_THIDDIAXL003_Cas9_PhoX_DIA12_CV48_250ng_FAIMS_002 P1_KLVDSTDK P2_HPIFGNIVDEVAYHEKYPTIYHLR 1 16;Scan: 785678 Run: DIA12_CV48:20251228_A2_N1_Mueller_MS_TechHub_IMP_THIDDIAXL003_Cas9_PhoX_DIA12_CV48_250ng_FAIMS_002 P1_KLVDSTDK P2_HPIFGNIVDEVAYHEKYPTIYHLR 1 16;Scan: 786042 Run: DIA12_CV48:20251228_A2_N1_Mueller_MS_TechHub_IMP_THIDDIAXL003_Cas9_PhoX_DIA12_CV48_250ng_FAIMS_002 P1_KLVDSTDK P2_HPIFGNIVDEVAYHEKYPTIYHLR 1 16;Scan: 188983 Run: DIA12_CV48:20251228_A2_N1_Mueller_MS_TechHub_IMP_THIDDIAXL003_Cas9_PhoX_DIA12_CV48_250ng_FAIMS_001 P1_KLVDSTDKADLR P2_HPIFGNIVDEVAYHEKYPTIYHLR 1 16,Q99ZW2,null,,false,Q99ZW2,null,,false,131,141,,10.334005,false,true,false,false,4,2,Self,0,0.002358,0.003636,5.501197,5.155858,5.081918,,0,0,0,,0,0,,0
322,554;174;402,Scan: 1298749 Run: DIA12_CV48:20251228_A2_N1_Mueller_MS_TechHub_IMP_THIDDIAXL003_Cas9_PhoX_DIA12_CV48_250ng_FAIMS_003 P1_KYGGFDSPTVAYSVLVVAK P2_KDWDPK 1 1;Scan: 104624 Run: DIA12_CV48:20251228_A2_N1_Mueller_MS_TechHub_IMP_THIDDIAXL003_Cas9_PhoX_DIA12_CV48_250ng_FAIMS_001 P1_KYGGFDSPTVAYSVLVVAK P2_KDWDPK 1 1;Scan: 1292130 Run: DIA12_CV48:20251228_A2_N1_Mueller_MS_TechHub_IMP_THIDDIAXL003_Cas9_PhoX_DIA12_CV48_250ng_FAIMS_003 P1_KYGGFDSPTVAYSVLVVAK P2_KKDWDPK 1 2;Scan: 97960 Run: DIA12_CV48:20251228_A2_N1_Mueller_MS_TechHub_IMP_THIDDIAXL003_Cas9_PhoX_DIA12_CV48_250ng_FAIMS_001 P1_KYGGFDSPTVAYSVLVVAK P2_KKDWDPK 1 2;Scan: 104660 Run: DIA12_CV48:20251228_A2_N1_Mueller_MS_TechHub_IMP_THIDDIAXL003_Cas9_PhoX_DIA12_CV48_250ng_FAIMS_001 P1_KYGGFDSPTVAYSVLVVAK P2_KDWDPKK 1 1,Q99ZW2,null,,false,Q99ZW2,null,,false,1124,1130,,10.213618,false,true,false,false,5,3,Self,0,0.002408,0.003636,,4.601762,4.945482,,0,0,0,,0,0,,0
763,275;547,Scan: 1650837 Run: DIA12_CV48:20251228_A2_N1_Mueller_MS_TechHub_IMP_THIDDIAXL003_Cas9_PhoX_DIA12_CV48_250ng_FAIMS_003 P1_EKIEKILTFR P2_EDIQKAQVSGQGDSLHEHIANLAGSPAIK 5 5;Scan: 1650867 Run: DIA12_CV48:20251228_A2_N1_Mueller_MS_TechHub_IMP_THIDDIAXL003_Cas9_PhoX_DIA12_CV48_250ng_FAIMS_003 P1_EKIEKILTFR P2_EDIQKAQVSGQGDSLHEHIANLAGSPAIK 5 5;Scan: 1650970 Run: DIA12_CV48:20251228_A2_N1_Mueller_MS_TechHub_IMP_THIDDIAXL003_Cas9_PhoX_DIA12_CV48_250ng_FAIMS_003 P1_EKIEKILTFR P2_EDIQKAQVSGQGDSLHEHIANLAGSPAIK 5 5;Scan: 293704 Run: DIA12_CV48:20251228_A2_N1_Mueller_MS_TechHub_IMP_THIDDIAXL003_Cas9_PhoX_DIA12_CV48_250ng_FAIMS_001 P1_IEKILTFR P2_EDIQKAQVSGQGDSLHEHIANLAGSPAIK 3 5;Scan: 456562 Run: DIA12_CV48:20251228_A2_N1_Mueller_MS_TechHub_IMP_THIDDIAXL003_Cas9_PhoX_DIA12_CV48_250ng_FAIMS_001 P1_IEKILTFR P2_EDIQKAQVSGQGDSLHEHIANLAGSPAIK 3 5,Q99ZW2,null,,false,Q99ZW2,null,,false,710,442,,10.047929,false,true,false,false,5,2,Self,0,0.002476,0.00365,,4.625498,4.426774,,0,0,0,,0,0.001976,,0
680,979;938,Scan: 663741 Run: DIA12_CV48:20251228_A2_N1_Mueller_MS_TechHub_IMP_THIDDIAXL003_Cas9_PhoX_DIA12_CV48_250ng_FAIMS_002 P1_SSFEKNPIDFLEAK P2_KTEVQTGGFSKESILPK 5 11;Scan: 66749 Run: DIA12_CV48:20251228_A2_N1_Mueller_MS_TechHub_IMP_THIDDIAXL003_Cas9_PhoX_DIA12_CV48_250ng_FAIMS_001 P1_SSFEKNPIDFLEAK P2_KTEVQTGGFSKESILPK 5 11;Scan: 1305289 Run: DIA12_CV48:20251228_A2_N1_Mueller_MS_TechHub_IMP_THIDDIAXL003_Cas9_PhoX_DIA12_CV48_250ng_FAIMS_003 P1_TEVQTGGFSKESILPK P2_SSFEKNPIDFLEAK 10 5,Q99ZW2,null,,false,Q99ZW2,null,,false,1176,1107,,9.79859,false,true,false,false,3,2,Self,0,0.002579,0.003676,5.646861,5.9434,5.366687,,0,0,0,,0,0,,0
110,872;844;833;131,Scan: 344685 Run: DIA12_CV48:20251228_A2_N1_Mueller_MS_TechHub_IMP_THIDDIAXL003_Cas9_PhoX_DIA12_CV48_250ng_FAIMS_001 P1_KSEETITPWNFEEVVDKGASAQSFIER P2_IEKILTFR 17 3;Scan: 1538780 Run: DIA12_CV48:20251228_A2_N1_Mueller_MS_TechHub_IMP_THIDDIAXL003_Cas9_PhoX_DIA12_CV48_250ng_FAIMS_003 P1_SEETITPWNFEEVVDKGASAQSFIER P2_IEKILTFR 16 3;Scan: 889308 Run: DIA12_CV48:20251228_A2_N1_Mueller_MS_TechHub_IMP_THIDDIAXL003_Cas9_PhoX_DIA12_CV48_250ng_FAIMS_002 P1_SEETITPWNFEEVVDKGASAQSFIER P2_EKIEKILTFR 16 5;Scan: 889357 Run: DIA12_CV48:20251228_A2_N1_Mueller_MS_TechHub_IMP_THIDDIAXL003_Cas9_PhoX_DIA12_CV48_250ng_FAIMS_002 P1_KSEETITPWNFEEVVDKGASAQSFIER P2_EKIEKILTFR 17 5,Q99ZW2,null,,false,Q99ZW2,null,,false,442,484,,9.78742,false,true,false,false,4,4,Self,0,0.002583,0.003676,5.028882,5.106461,5.05857,,0,0,0,,0.003195,0,,0
718,880;192,Scan: 1579092 Run: DIA12_CV48:20251228_A2_N1_Mueller_MS_TechHub_IMP_THIDDIAXL003_Cas9_PhoX_DIA12_CV48_250ng_FAIMS_003 P1_KPAFLSGEQK P2_KPAFLSGEQK 1 1;Scan: 384886 Run: DIA12_CV48:20251228_A2_N1_Mueller_MS_TechHub_IMP_THIDDIAXL003_Cas9_PhoX_DIA12_CV48_250ng_FAIMS_001 P1_KPAFLSGEQK P2_KPAFLSGEQK 1 1;Scan: 982198 Run: DIA12_CV48:20251228_A2_N1_Mueller_MS_TechHub_IMP_THIDDIAXL003_Cas9_PhoX_DIA12_CV48_250ng_FAIMS_002 P1_KPAFLSGEQKK P2_KPAFLSGEQK 1 1;Scan: 1579319 Run: DIA12_CV48:20251228_A2_N1_Mueller_MS_TechHub_IMP_THIDDIAXL003_Cas9_PhoX_DIA12_CV48_250ng_FAIMS_003 P1_KPAFLSGEQKK P2_KPAFLSGEQK 1 1,Q99ZW2,null,,false,Q99ZW2,null,,false,536,536,,9.649024,false,true,false,false,4,2,Self,0,0.00264,0.003676,4.382547,5.130057,5.339531,,0,0,0,,0,0,,0
268,503;895;334,Scan: 661067 Run: DIA12_CV48:20251228_A2_N1_Mueller_MS_TechHub_IMP_THIDDIAXL003_Cas9_PhoX_DIA12_CV48_250ng_FAIMS_002 P1_KTEVQTGGFSKESILPK P2_KKDWDPK 11 1;Scan: 94408 Run: DIA12_CV48:20251228_A2_N1_Mueller_MS_TechHub_IMP_THIDDIAXL003_Cas9_PhoX_DIA12_CV48_250ng_FAIMS_001 P1_KTEVQTGGFSKESILPK P2_KKDWDPK 11 1;Scan: 64235 Run: DIA12_CV48:20251228_A2_N1_Mueller_MS_TechHub_IMP_THIDDIAXL003_Cas9_PhoX_DIA12_CV48_250ng_FAIMS_001 P1_KTEVQTGGFSKESILPK P2_KKDWDPKK 11 1;Scan: 660886 Run: DIA12_CV48:20251228_A2_N1_Mueller_MS_TechHub_IMP_THIDDIAXL003_Cas9_PhoX_DIA12_CV48_250ng_FAIMS_002 P1_TEVQTGGFSKESILPK P2_KKDWDPK 10 1,Q99ZW2,null,,false,Q99ZW2,null,,false,1123,1107,,9.530803,false,true,false,false,4,3,Self,0,0.002689,0.003704,4.562758,5.172828,,,0,0,0,,0,0,,0
777,458;395,Scan: 112182 Run: DIA12_CV48:20251228_A2_N1_Mueller_MS_TechHub_IMP_THIDDIAXL003_Cas9_PhoX_DIA12_CV48_250ng_FAIMS_001 P1_SSFEKNPIDFLEAK P2_KKDWDPKK 5 1;Scan: 1289451 Run: DIA12_CV48:20251228_A2_N1_Mueller_MS_TechHub_IMP_THIDDIAXL003_Cas9_PhoX_DIA12_CV48_250ng_FAIMS_003 P1_SSFEKNPIDFLEAK P2_KKDWDPKK 5 1;Scan: 1306287 Run: DIA12_CV48:20251228_A2_N1_Mueller_MS_TechHub_IMP_THIDDIAXL003_Cas9_PhoX_DIA12_CV48_250ng_FAIMS_003 P1_SSFEKNPIDFLEAK P2_KKDWDPK 5 1;Scan: 709216 Run: DIA12_CV48:20251228_A2_N1_Mueller_MS_TechHub_IMP_THIDDIAXL003_Cas9_PhoX_DIA12_CV48_250ng_FAIMS_002 P1_SSFEKNPIDFLEAK P2_KKDWDPK 5 1,Q99ZW2,null,,false,Q99ZW2,null,,false,1123,1176,,9.472225,false,true,false,false,4,2,Self,0,0.002713,0.003704,4.480667,5.020996,4.89093,,0,0,0,,0,0,,0
645,779;874,Scan: 1313921 Run: DIA12_CV48:20251228_A2_N1_Mueller_MS_TechHub_IMP_THIDDIAXL003_Cas9_PhoX_DIA12_CV48_250ng_FAIMS_003 P1_SSFEKNPIDFLEAK P2_EDIQKAQVSGQGDSLHEHIANLAGSPAIK 5 5;Scan: 1648272 Run: DIA12_CV48:20251228_A2_N1_Mueller_MS_TechHub_IMP_THIDDIAXL003_Cas9_PhoX_DIA12_CV48_250ng_FAIMS_003 P1_SSFEKNPIDFLEAK P2_EDIQKAQVSGQGDSLHEHIANLAGSPAIK 5 5;Scan: 1314175 Run: DIA12_CV48:20251228_A2_N1_Mueller_MS_TechHub_IMP_THIDDIAXL003_Cas9_PhoX_DIA12_CV48_250ng_FAIMS_003 P1_SSFEKNPIDFLEAK P2_EDIQKAQVSGQGDSLHEHIANLAGSPAIKK 5 5,Q99ZW2,null,,false,Q99ZW2,null,,false,710,1176,,9.423723,false,true,false,false,3,2,Self,0,0.002733,0.003704,4.941936,,6.205762,,0,0,0,,0,0,,0
731,716;38,Scan: 1298039 Run: DIA12_CV48:20251228_A2_N1_Mueller_MS_TechHub_IMP_THIDDIAXL003_Cas9_PhoX_DIA12_CV48_250ng_FAIMS_003 P1_NSDKLIAR P2_KYGGFDSPTVAYSVLVVAK 4 1;Scan: 1279156 Run: DIA12_CV48:20251228_A2_N1_Mueller_MS_TechHub_IMP_THIDDIAXL003_Cas9_PhoX_DIA12_CV48_250ng_FAIMS_003 P1_NSDKLIAR P2_KYGGFDSPTVAYSVLVVAK 4 1;Scan: 1298199 Run: DIA12_CV48:20251228_A2_N1_Mueller_MS_TechHub_IMP_THIDDIAXL003_Cas9_PhoX_DIA12_CV48_250ng_FAIMS_003 P1_RNSDKLIAR P2_KYGGFDSPTVAYSVLVVAK 5 1;Scan: 85047 Run: DIA12_CV48:20251228_A2_N1_Mueller_MS_TechHub_IMP_THIDDIAXL003_Cas9_PhoX_DIA12_CV48_250ng_FAIMS_001 P1_RNSDKLIAR P2_KYGGFDSPTVAYSVLVVAK 5 1,Q99ZW2,null,,false,Q99ZW2,null,,false,1130,1118,,9.423001,false,true,false,false,4,2,Self,0,0.002733,0.003704,,4.646249,5.059194,,0,0,0,,0,0,,0
245,123;459;300,Scan: 974764 Run: DIA12_CV48:20251228_A2_N1_Mueller_MS_TechHub_IMP_THIDDIAXL003_Cas9_PhoX_DIA12_CV48_250ng_FAIMS_002 P1_NSDKLIAR P2_KPAFLSGEQK 4 1;Scan: 1571910 Run: DIA12_CV48:20251228_A2_N1_Mueller_MS_TechHub_IMP_THIDDIAXL003_Cas9_PhoX_DIA12_CV48_250ng_FAIMS_003 P1_NSDKLIAR P2_KPAFLSGEQK 4 1;Scan: 1571956 Run: DIA12_CV48:20251228_A2_N1_Mueller_MS_TechHub_IMP_THIDDIAXL003_Cas9_PhoX_DIA12_CV48_250ng_FAIMS_003 P1_RNSDKLIAR P2_KPAFLSGEQK 5 1;Scan: 377792 Run: DIA12_CV48:20251228_A2_N1_Mueller_MS_TechHub_IMP_THIDDIAXL003_Cas9_PhoX_DIA12_CV48_250ng_FAIMS_001 P1_NSDKLIAR P2_KPAFLSGEQKK 4 1,Q99ZW2,null,,false,Q99ZW2,null,,false,536,1118,,9.417751,false,true,false,false,4,3,Self,0,0.002735,0.003704,5.463063,4.418526,4.529961,,0,0,0,,0,0,,0
446,737;568,Scan: 1054588 Run: DIA12_CV48:20251228_A2_N1_Mueller_MS_TechHub_IMP_THIDDIAXL003_Cas9_PhoX_DIA12_CV48_250ng_FAIMS_002 P1_KSEETITPWNFEEVVDK P2_EDIQKAQVSGQGDSLHEHIANLAGSPAIK 1 5;Scan: 311737 Run: DIA12_CV48:20251228_A2_N1_Mueller_MS_TechHub_IMP_THIDDIAXL003_Cas9_PhoX_DIA12_CV48_250ng_FAIMS_001 P1_KSEETITPWNFEEVVDK P2_EDIQKAQVSGQGDSLHEHIANLAGSPAIK 1 5;Scan: 457583 Run: DIA12_CV48:20251228_A2_N1_Mueller_MS_TechHub_IMP_THIDDIAXL003_Cas9_PhoX_DIA12_CV48_250ng_FAIMS_001 P1_KSEETITPWNFEEVVDK P2_EDIQKAQVSGQGDSLHEHIANLAGSPAIKK 1 5,Q99ZW2,null,,false,Q99ZW2,null,,false,710,468,,9.311912,false,true,false,false,3,2,Self,0,0.002779,0.003717,6.47722,4.841543,,,0,0,0,,0,0,,0
697,714;966,Scan: 713749 Run: DIA12_CV48:20251228_A2_N1_Mueller_MS_TechHub_IMP_THIDDIAXL003_Cas9_PhoX_DIA12_CV48_250ng_FAIMS_002 P1_SSFEKNPIDFLEAK P2_SEETITPWNFEEVVDKGASAQSFIER 5 16;Scan: 713927 Run: DIA12_CV48:20251228_A2_N1_Mueller_MS_TechHub_IMP_THIDDIAXL003_Cas9_PhoX_DIA12_CV48_250ng_FAIMS_002 P1_SSFEKNPIDFLEAK P2_SEETITPWNFEEVVDKGASAQSFIER 5 16;Scan: 341139 Run: DIA12_CV48:20251228_A2_N1_Mueller_MS_TechHub_IMP_THIDDIAXL003_Cas9_PhoX_DIA12_CV48_250ng_FAIMS_001 P1_SSFEKNPIDFLEAK P2_KSEETITPWNFEEVVDKGASAQSFIER 5 17,Q99ZW2,null,,false,Q99ZW2,null,,false,484,1176,,9.273608,false,true,false,false,3,2,Self,0,0.002795,0.003731,5.679598,5.53574,,,0,0,0,,0,0,,0
748,605;15,Scan: 543511 Run: DIA12_CV48:20251228_A2_N1_Mueller_MS_TechHub_IMP_THIDDIAXL003_Cas9_PhoX_DIA12_CV48_250ng_FAIMS_001 P1_SDKNR P2_GKSDNVPSEEVVK 3 2;Scan: 1742400 Run: DIA12_CV48:20251228_A2_N1_Mueller_MS_TechHub_IMP_THIDDIAXL003_Cas9_PhoX_DIA12_CV48_250ng_FAIMS_003 P1_SDKNR P2_GKSDNVPSEEVVK 3 2;Scan: 1742421 Run: DIA12_CV48:20251228_A2_N1_Mueller_MS_TechHub_IMP_THIDDIAXL003_Cas9_PhoX_DIA12_CV48_250ng_FAIMS_003 P1_SDKNR P2_GKSDNVPSEEVVKK 3 2;Scan: 1737746 Run: DIA12_CV48:20251228_A2_N1_Mueller_MS_TechHub_IMP_THIDDIAXL003_Cas9_PhoX_DIA12_CV48_250ng_FAIMS_003 P1_SDKNR P2_GKSDNVPSEEVVKK 3 2,Q99ZW2,null,,false,Q99ZW2,null,,false,866,862,,9.241517,false,true,false,false,4,2,Self,0,0.002808,0.003731,4.393462,4.648811,4.80578,,0,0,0,,0,0.001976,,0
698,806;967,Scan: 348784 Run: DIA12_CV48:20251228_A2_N1_Mueller_MS_TechHub_IMP_THIDDIAXL003_Cas9_PhoX_DIA12_CV48_250ng_FAIMS_001 P1_KSEETITPWNFEEVVDKGASAQSFIER P2_KLINGIR 17 1;Scan: 348923 Run: DIA12_CV48:20251228_A2_N1_Mueller_MS_TechHub_IMP_THIDDIAXL003_Cas9_PhoX_DIA12_CV48_250ng_FAIMS_001 P1_KSEETITPWNFEEVVDKGASAQSFIER P2_KLINGIR 17 1;Scan: 1542776 Run: DIA12_CV48:20251228_A2_N1_Mueller_MS_TechHub_IMP_THIDDIAXL003_Cas9_PhoX_DIA12_CV48_250ng_FAIMS_003 P1_SEETITPWNFEEVVDKGASAQSFIER P2_KLINGIR 16 1,Q99ZW2,null,,false,Q99ZW2,null,,false,665,484,,9.067181,false,true,false,false,3,2,Self,0,0.00288,0.003802,,5.195382,5.536364,,0,0,0,,0,0,,0
625,834;843,Scan: 243332 Run: DIA12_CV48:20251228_A2_N1_Mueller_MS_TechHub_IMP_THIDDIAXL003_Cas9_PhoX_DIA12_CV48_250ng_FAIMS_001 P1_KSEETITPWNFEEVVDK P2_FKVLGNTDR 1 2;Scan: 901842 Run: DIA12_CV48:20251228_A2_N1_Mueller_MS_TechHub_IMP_THIDDIAXL003_Cas9_PhoX_DIA12_CV48_250ng_FAIMS_002 P1_KSEETITPWNFEEVVDK P2_FKVLGNTDR 1 2;Scan: 901868 Run: DIA12_CV48:20251228_A2_N1_Mueller_MS_TechHub_IMP_THIDDIAXL003_Cas9_PhoX_DIA12_CV48_250ng_FAIMS_002 P1_KSEETITPWNFEEVVDK P2_KFKVLGNTDR 1 3,Q99ZW2,null,,false,Q99ZW2,null,,false,33,468,,9.034418,false,true,false,false,3,2,Self,0,0.002893,0.003817,5.055147,5.546802,,,0,0,0,,0,0,,0
570,906;751,Scan: 839650 Run: DIA12_CV48:20251228_A2_N1_Mueller_MS_TechHub_IMP_THIDDIAXL003_Cas9_PhoX_DIA12_CV48_250ng_FAIMS_002 P1_FKVLGNTDR P2_FKVLGNTDR 2 2;Scan: 1436732 Run: DIA12_CV48:20251228_A2_N1_Mueller_MS_TechHub_IMP_THIDDIAXL003_Cas9_PhoX_DIA12_CV48_250ng_FAIMS_003 P1_FKVLGNTDR P2_FKVLGNTDR 2 2;Scan: 1436702 Run: DIA12_CV48:20251228_A2_N1_Mueller_MS_TechHub_IMP_THIDDIAXL003_Cas9_PhoX_DIA12_CV48_250ng_FAIMS_003 P1_KFKVLGNTDR P2_FKVLGNTDR 3 2,Q99ZW2,null,,false,Q99ZW2,null,,false,33,33,,8.860832,false,true,false,false,3,2,Self,0,0.002965,0.003831,5.205019,,5.279144,,0,0,0,,0,0,,0
712,312;1004,Scan: 546267 Run: DIA12_CV48:20251228_A2_N1_Mueller_MS_TechHub_IMP_THIDDIAXL003_Cas9_PhoX_DIA12_CV48_250ng_FAIMS_001 P1_KPAFLSGEQK P2_GKSDNVPSEEVVKK 1 2;Scan: 546285 Run: DIA12_CV48:20251228_A2_N1_Mueller_MS_TechHub_IMP_THIDDIAXL003_Cas9_PhoX_DIA12_CV48_250ng_FAIMS_001 P1_KPAFLSGEQK P2_GKSDNVPSEEVVKK 1 2;Scan: 1740349 Run: DIA12_CV48:20251228_A2_N1_Mueller_MS_TechHub_IMP_THIDDIAXL003_Cas9_PhoX_DIA12_CV48_250ng_FAIMS_003 P1_KPAFLSGEQK P2_GKSDNVPSEEVVK 1 2,Q99ZW2,null,,false,Q99ZW2,null,,false,866,536,,8.785775,false,true,false,false,3,2,Self,0,0.002996,0.003861,,4.532735,6.087471,,0,0,0,,0,0,,0
427,861;540,Scan: 907611 Run: DIA12_CV48:20251228_A2_N1_Mueller_MS_TechHub_IMP_THIDDIAXL003_Cas9_PhoX_DIA12_CV48_250ng_FAIMS_002 P1_KSEETITPWNFEEVVDK P2_KLINGIR 1 1;Scan: 907653 Run: DIA12_CV48:20251228_A2_N1_Mueller_MS_TechHub_IMP_THIDDIAXL003_Cas9_PhoX_DIA12_CV48_250ng_FAIMS_002 P1_KSEETITPWNFEEVVDK P2_KLINGIR 1 1;Scan: 907853 Run: DIA12_CV48:20251228_A2_N1_Mueller_MS_TechHub_IMP_THIDDIAXL003_Cas9_PhoX_DIA12_CV48_250ng_FAIMS_002 P1_KSEETITPWNFEEVVDKGASAQSFIER P2_KLINGIR 1 1,Q99ZW2,null,,false,Q99ZW2,null,,false,665,468,,8.630334,false,true,false,false,3,2,Self,0,0.00306,0.003861,5.251935,4.427822,,,0,0,0,,0,0,,0
635,246;856,Scan: 254344 Run: DIA12_CV48:20251228_A2_N1_Mueller_MS_TechHub_IMP_THIDDIAXL003_Cas9_PhoX_DIA12_CV48_250ng_FAIMS_001 P1_YKEIFFDQSK P2_NSDKLIAR 2 4;Scan: 685052 Run: DIA12_CV48:20251228_A2_N1_Mueller_MS_TechHub_IMP_THIDDIAXL003_Cas9_PhoX_DIA12_CV48_250ng_FAIMS_002 P1_YKEIFFDQSK P2_NSDKLIAR 2 4;Scan: 1282164 Run: DIA12_CV48:20251228_A2_N1_Mueller_MS_TechHub_IMP_THIDDIAXL003_Cas9_PhoX_DIA12_CV48_250ng_FAIMS_003 P1_YKEIFFDQSK P2_RNSDKLIAR 2 5,Q99ZW2,null,,false,Q99ZW2,null,,false,1118,348,,8.609641,false,true,false,false,3,2,Self,0,0.003068,0.003876,4.391884,5.393338,5.074364,,0,0,0,,0,0,,0
231,436;282,Scan: 979913 Run: DIA12_CV48:20251228_A2_N1_Mueller_MS_TechHub_IMP_THIDDIAXL003_Cas9_PhoX_DIA12_CV48_250ng_FAIMS_002 P1_KSEETITPWNFEEVVDK P2_KPAFLSGEQK 1 1;Scan: 906307 Run: DIA12_CV48:20251228_A2_N1_Mueller_MS_TechHub_IMP_THIDDIAXL003_Cas9_PhoX_DIA12_CV48_250ng_FAIMS_002 P1_KSEETITPWNFEEVVDK P2_KPAFLSGEQK 1 1;Scan: 1503507 Run: DIA12_CV48:20251228_A2_N1_Mueller_MS_TechHub_IMP_THIDDIAXL003_Cas9_PhoX_DIA12_CV48_250ng_FAIMS_003 P1_KSEETITPWNFEEVVDK P2_KPAFLSGEQKK 1 1,Q99ZW2,null,,false,Q99ZW2,null,,false,536,468,,8.607068,false,true,false,false,3,2,Self,0,0.003069,0.003876,5.860099,,4.408345,,0,0,0,,0,0,,0
550,175;725,Scan: 487617 Run: DIA12_CV48:20251228_A2_N1_Mueller_MS_TechHub_IMP_THIDDIAXL003_Cas9_PhoX_DIA12_CV48_250ng_FAIMS_001 P1_KTEVQTGGFSK P2_GILQTVKVVDELVK 1 7;Scan: 637941 Run: DIA12_CV48:20251228_A2_N1_Mueller_MS_TechHub_IMP_THIDDIAXL003_Cas9_PhoX_DIA12_CV48_250ng_FAIMS_002 P1_KTEVQTGGFSK P2_GILQTVKVVDELVK 1 7;Scan: 1235108 Run: DIA12_CV48:20251228_A2_N1_Mueller_MS_TechHub_IMP_THIDDIAXL003_Cas9_PhoX_DIA12_CV48_250ng_FAIMS_003 P1_KTEVQTGGFSK P2_KGILQTVKVVDELVK 1 8,Q99ZW2,null,,false,Q99ZW2,null,,false,742,1097,,8.586348,false,true,false,false,3,2,Self,0,0.003078,0.003876,4.359801,5.602622,4.829921,,0,0,0,,0,0,,0
233,522;286,Scan: 382363 Run: DIA12_CV48:20251228_A2_N1_Mueller_MS_TechHub_IMP_THIDDIAXL003_Cas9_PhoX_DIA12_CV48_250ng_FAIMS_001 P1_KPAFLSGEQK P2_IEKILTFR 1 3;Scan: 979504 Run: DIA12_CV48:20251228_A2_N1_Mueller_MS_TechHub_IMP_THIDDIAXL003_Cas9_PhoX_DIA12_CV48_250ng_FAIMS_002 P1_KPAFLSGEQK P2_IEKILTFR 1 3;Scan: 1487305 Run: DIA12_CV48:20251228_A2_N1_Mueller_MS_TechHub_IMP_THIDDIAXL003_Cas9_PhoX_DIA12_CV48_250ng_FAIMS_003 P1_KPAFLSGEQK P2_EKIEKILTFR 1 5,Q99ZW2,null,,false,Q99ZW2,null,,false,442,536,,8.562531,false,true,false,false,3,2,Self,0,0.003088,0.003876,4.575048,5.739305,4.409791,,0,0,0,,0,0,,0
676,1006;930,Scan: 346646 Run: DIA12_CV48:20251228_A2_N1_Mueller_MS_TechHub_IMP_THIDDIAXL003_Cas9_PhoX_DIA12_CV48_250ng_FAIMS_001 P1_VLPKHSLLYEYFTVYNELTK P2_KSEETITPWNFEEVVDKGASAQSFIER 4 17;Scan: 960896 Run: DIA12_CV48:20251228_A2_N1_Mueller_MS_TechHub_IMP_THIDDIAXL003_Cas9_PhoX_DIA12_CV48_250ng_FAIMS_002 P1_VLPKHSLLYEYFTVYNELTK P2_SEETITPWNFEEVVDKGASAQSFIER 4 16,Q99ZW2,null,,false,Q99ZW2,null,,false,484,510,,8.21781,false,true,false,false,2,2,Self,0,0.00323,0.003968,5.314803,6.267796,,,0,0,0,,0,0,,0
209,862;589;253,Scan: 83003 Run: DIA12_CV48:20251228_A2_N1_Mueller_MS_TechHub_IMP_THIDDIAXL003_Cas9_PhoX_DIA12_CV48_250ng_FAIMS_001 P1_RNSDKLIAR P2_KKDWDPK 5 1;Scan: 1277074 Run: DIA12_CV48:20251228_A2_N1_Mueller_MS_TechHub_IMP_THIDDIAXL003_Cas9_PhoX_DIA12_CV48_250ng_FAIMS_003 P1_NSDKLIAR P2_KKDWDPKK 4 1;Scan: 1277136 Run: DIA12_CV48:20251228_A2_N1_Mueller_MS_TechHub_IMP_THIDDIAXL003_Cas9_PhoX_DIA12_CV48_250ng_FAIMS_003 P1_NSDKLIAR P2_KKDWDPK 4 1,Q99ZW2,null,,false,Q99ZW2,null,,false,1123,1118,,8.167589,false,true,false,false,3,3,Self,0,0.00325,0.003968,,5.087915,4.6388,,0,0,0,,0.003195,0,,0
858,70,Scan: 104286 Run: DIA12_CV48:20251228_A2_N1_Mueller_MS_TechHub_IMP_THIDDIAXL003_Cas9_PhoX_DIA12_CV48_250ng_FAIMS_001 P1_KYGGFDSPTVAYSVLVVAK P2_KKDWDPK 1 1;Scan: 1298446 Run: DIA12_CV48:20251228_A2_N1_Mueller_MS_TechHub_IMP_THIDDIAXL003_Cas9_PhoX_DIA12_CV48_250ng_FAIMS_003 P1_KYGGFDSPTVAYSVLVVAK P2_KKDWDPK 1 1;Scan: 104441 Run: DIA12_CV48:20251228_A2_N1_Mueller_MS_TechHub_IMP_THIDDIAXL003_Cas9_PhoX_DIA12_CV48_250ng_FAIMS_001 P1_KYGGFDSPTVAYSVLVVAK P2_KKDWDPK 1 1,Q99ZW2,null,,false,Q99ZW2,null,,false,1123,1130,,8.154907,false,true,false,false,3,1,Self,0,0.003255,0.003968,,4.885808,4.901675,,0,0,0,,0,0,,0
377,1012;475,Scan: 1495625 Run: DIA12_CV48:20251228_A2_N1_Mueller_MS_TechHub_IMP_THIDDIAXL003_Cas9_PhoX_DIA12_CV48_250ng_FAIMS_003 P1_SSFEKNPIDFLEAK P2_KSEETITPWNFEEVVDK 5 1;Scan: 898719 Run: DIA12_CV48:20251228_A2_N1_Mueller_MS_TechHub_IMP_THIDDIAXL003_Cas9_PhoX_DIA12_CV48_250ng_FAIMS_002 P1_SSFEKNPIDFLEAK P2_KSEETITPWNFEEVVDKGASAQSFIER 5 1,Q99ZW2,null,,false,Q99ZW2,null,,false,468,1176,,8.11499,false,true,false,false,2,2,Self,0,0.003272,0.003968,4.539246,,6.726686,,0,0,0,,0,0,,0
168,758;575;202,Scan: 1145850 Run: DIA12_CV48:20251228_A2_N1_Mueller_MS_TechHub_IMP_THIDDIAXL003_Cas9_PhoX_DIA12_CV48_250ng_FAIMS_002 P1_KFDNLTKAER P2_GKSDNVPSEEVVK 1 2;Scan: 1755268 Run: DIA12_CV48:20251228_A2_N1_Mueller_MS_TechHub_IMP_THIDDIAXL003_Cas9_PhoX_DIA12_CV48_250ng_FAIMS_003 P1_KFDNLTK P2_GKSDNVPSEEVVK 1 2;Scan: 1158196 Run: DIA12_CV48:20251228_A2_N1_Mueller_MS_TechHub_IMP_THIDDIAXL003_Cas9_PhoX_DIA12_CV48_250ng_FAIMS_002 P1_KFDNLTK P2_GKSDNVPSEEVVKK 1 2,Q99ZW2,null,,false,Q99ZW2,null,,false,866,896,,8.006454,false,true,false,false,3,3,Self,0,0.003317,0.003968,4.860047,,4.623524,,0,0,0,,0.003195,0,,0
228,407;277,Scan: 851182 Run: DIA12_CV48:20251228_A2_N1_Mueller_MS_TechHub_IMP_THIDDIAXL003_Cas9_PhoX_DIA12_CV48_250ng_FAIMS_002 P1_YKEIFFDQSK P2_LEESFLVEEDKK 2 11;Scan: 851250 Run: DIA12_CV48:20251228_A2_N1_Mueller_MS_TechHub_IMP_THIDDIAXL003_Cas9_PhoX_DIA12_CV48_250ng_FAIMS_002 P1_YKEIFFDQSK P2_LEESFLVEEDKK 2 11;Scan: 77301 Run: DIA12_CV48:20251228_A2_N1_Mueller_MS_TechHub_IMP_THIDDIAXL003_Cas9_PhoX_DIA12_CV48_250ng_FAIMS_001 P1_YKEIFFDQSK P2_LEESFLVEEDKKHER 2 11,Q99ZW2,null,,false,Q99ZW2,null,,false,111,348,,7.999827,false,true,false,false,3,2,Self,0,0.003319,0.003968,4.942823,4.406322,,,0,0,0,,0,0,,0
856,944,Scan: 1443525 Run: DIA12_CV48:20251228_A2_N1_Mueller_MS_TechHub_IMP_THIDDIAXL003_Cas9_PhoX_DIA12_CV48_250ng_FAIMS_003 P1_YKEIFFDQSK P2_YDEHHQDLTLLKALVR 2 12;Scan: 256940 Run: DIA12_CV48:20251228_A2_N1_Mueller_MS_TechHub_IMP_THIDDIAXL003_Cas9_PhoX_DIA12_CV48_250ng_FAIMS_001 P1_YKEIFFDQSK P2_YDEHHQDLTLLKALVR 2 12,Q99ZW2,null,,false,Q99ZW2,null,,false,336,348,,7.998763,false,true,false,false,2,1,Self,0,0.00332,0.003968,4.212068,5.391667,5.90848,,0,0,0,,0,0,,0
852,971,Scan: 40123 Run: DIA12_CV48:20251228_A2_N1_Mueller_MS_TechHub_IMP_THIDDIAXL003_Cas9_PhoX_DIA12_CV48_250ng_FAIMS_001 P1_KTEVQTGGFSK P2_EDIQKAQVSGQGDSLHEHIANLAGSPAIK 1 5;Scan: 450545 Run: DIA12_CV48:20251228_A2_N1_Mueller_MS_TechHub_IMP_THIDDIAXL003_Cas9_PhoX_DIA12_CV48_250ng_FAIMS_001 P1_KTEVQTGGFSK P2_EDIQKAQVSGQGDSLHEHIANLAGSPAIK 1 5,Q99ZW2,null,,false,Q99ZW2,null,,false,710,1097,,7.882169,false,true,false,false,2,1,Self,0,0.003368,0.004016,4.810351,5.590576,5.235144,,0,0,0,,0,0,,0
6,270;7,Scan: 1026440 Run: DIA12_CV48:20251228_A2_N1_Mueller_MS_TechHub_IMP_THIDDIAXL003_Cas9_PhoX_DIA12_CV48_250ng_FAIMS_002 P1_KLINGIR P2_IEKILTFR 1 3;Scan: 429354 Run: DIA12_CV48:20251228_A2_N1_Mueller_MS_TechHub_IMP_THIDDIAXL003_Cas9_PhoX_DIA12_CV48_250ng_FAIMS_001 P1_KLINGIR P2_IEKILTFR 1 3;Scan: 429380 Run: DIA12_CV48:20251228_A2_N1_Mueller_MS_TechHub_IMP_THIDDIAXL003_Cas9_PhoX_DIA12_CV48_250ng_FAIMS_001 P1_KLINGIR P2_EKIEKILTFR 1 5,Q99ZW2,null,,false,Q99ZW2,null,,false,442,665,,7.870497,false,true,false,false,3,2,Self,0,0.003373,0.004032,4.918241,4.401125,,,0,0,0,,0,0,,0
310,285;386,Scan: 634240 Run: DIA12_CV48:20251228_A2_N1_Mueller_MS_TechHub_IMP_THIDDIAXL003_Cas9_PhoX_DIA12_CV48_250ng_FAIMS_002 P1_LPKYSLFELENGR P2_KTEVQTGGFSK 3 1;Scan: 37204 Run: DIA12_CV48:20251228_A2_N1_Mueller_MS_TechHub_IMP_THIDDIAXL003_Cas9_PhoX_DIA12_CV48_250ng_FAIMS_001 P1_LPKYSLFELENGR P2_KTEVQTGGFSK 3 1;Scan: 141985 Run: DIA12_CV48:20251228_A2_N1_Mueller_MS_TechHub_IMP_THIDDIAXL003_Cas9_PhoX_DIA12_CV48_250ng_FAIMS_001 P1_LPKYSLFELENGR P2_KTEVQTGGFSKESILPK 3 1,Q99ZW2,null,,false,Q99ZW2,null,,false,1097,1200,,7.867499,false,true,false,false,3,2,Self,0,0.003374,0.004032,4.736259,4.474383,,,0,0,0,,0,0.001976,,0
449,384;572,Scan: 1775408 Run: DIA12_CV48:20251228_A2_N1_Mueller_MS_TechHub_IMP_THIDDIAXL003_Cas9_PhoX_DIA12_CV48_250ng_FAIMS_003 P1_MNTKYDENDKLIR P2_KLINGIR 4 1;Scan: 1028883 Run: DIA12_CV48:20251228_A2_N1_Mueller_MS_TechHub_IMP_THIDDIAXL003_Cas9_PhoX_DIA12_CV48_250ng_FAIMS_002 P1_MNTKYDENDKLIR P2_KLINGIR 4 1;Scan: 1178188 Run: DIA12_CV48:20251228_A2_N1_Mueller_MS_TechHub_IMP_THIDDIAXL003_Cas9_PhoX_DIA12_CV48_250ng_FAIMS_002 P1_MNTKYDENDK P2_KLINGIR 4 1,Q99ZW2,null,,false,Q99ZW2,null,,false,665,942,,7.851284,false,true,false,false,3,2,Self,0,0.00338,0.004032,4.620626,,4.472584,,0,0,0,,0,0.001976,,0
851,960,Scan: 1313195 Run: DIA12_CV48:20251228_A2_N1_Mueller_MS_TechHub_IMP_THIDDIAXL003_Cas9_PhoX_DIA12_CV48_250ng_FAIMS_003 P1_SSFEKNPIDFLEAK P2_KLINGIR 5 1;Scan: 1622771 Run: DIA12_CV48:20251228_A2_N1_Mueller_MS_TechHub_IMP_THIDDIAXL003_Cas9_PhoX_DIA12_CV48_250ng_FAIMS_003 P1_SSFEKNPIDFLEAK P2_KLINGIR 5 1,Q99ZW2,null,,false,Q99ZW2,null,,false,665,1176,,7.831395,false,true,false,false,2,1,Self,0,0.003389,0.004032,4.387232,,5.601441,,0,0,0,,0,0,,0
180,169;215,Scan: 688303 Run: DIA12_CV48:20251228_A2_N1_Mueller_MS_TechHub_IMP_THIDDIAXL003_Cas9_PhoX_DIA12_CV48_250ng_FAIMS_002 P1_NSDKLIAR P2_EDIQKAQVSGQGDSLHEHIANLAGSPAIK 4 5;Scan: 452912 Run: DIA12_CV48:20251228_A2_N1_Mueller_MS_TechHub_IMP_THIDDIAXL003_Cas9_PhoX_DIA12_CV48_250ng_FAIMS_001 P1_NSDKLIAR P2_EDIQKAQVSGQGDSLHEHIANLAGSPAIK 4 5;Scan: 1050217 Run: DIA12_CV48:20251228_A2_N1_Mueller_MS_TechHub_IMP_THIDDIAXL003_Cas9_PhoX_DIA12_CV48_250ng_FAIMS_002 P1_RNSDKLIAR P2_EDIQKAQVSGQGDSLHEHIANLAGSPAIK 5 5,Q99ZW2,null,,false,Q99ZW2,null,,false,710,1118,,7.81694,false,true,false,false,3,2,Self,0,0.003395,0.004032,4.788482,4.358114,,,0,0,0,,0,0.001976,,0
206,297;249,Scan: 95875 Run: DIA12_CV48:20251228_A2_N1_Mueller_MS_TechHub_IMP_THIDDIAXL003_Cas9_PhoX_DIA12_CV48_250ng_FAIMS_001 P1_KLINGIR P2_KKDWDPK 1 1;Scan: 1024899 Run: DIA12_CV48:20251228_A2_N1_Mueller_MS_TechHub_IMP_THIDDIAXL003_Cas9_PhoX_DIA12_CV48_250ng_FAIMS_002 P1_KLINGIR P2_KKDWDPK 1 1;Scan: 693007 Run: DIA12_CV48:20251228_A2_N1_Mueller_MS_TechHub_IMP_THIDDIAXL003_Cas9_PhoX_DIA12_CV48_250ng_FAIMS_002 P1_KLINGIR P2_KKDWDPKK 1 1,Q99ZW2,null,,false,Q99ZW2,null,,false,1123,665,,7.804361,false,true,false,false,3,2,Self,0,0.0034,0.004032,4.704258,4.41448,,,0,0,0,,0,0.001976,,0
684,976;942,Scan: 1494048 Run: DIA12_CV48:20251228_A2_N1_Mueller_MS_TechHub_IMP_THIDDIAXL003_Cas9_PhoX_DIA12_CV48_250ng_FAIMS_003 P1_TEVQTGGFSKESILPK P2_KSEETITPWNFEEVVDK 10 1;Scan: 1494193 Run: DIA12_CV48:20251228_A2_N1_Mueller_MS_TechHub_IMP_THIDDIAXL003_Cas9_PhoX_DIA12_CV48_250ng_FAIMS_003 P1_KTEVQTGGFSKESILPK P2_KSEETITPWNFEEVVDK 11 1,Q99ZW2,null,,false,Q99ZW2,null,,false,468,1107,,7.773457,false,true,false,false,2,2,Self,0,0.003412,0.004032,4.044228,,5.60175,,0,0,0,,0.003195,0,,0
613,995;823,Scan: 142351 Run: DIA12_CV48:20251228_A2_N1_Mueller_MS_TechHub_IMP_THIDDIAXL003_Cas9_PhoX_DIA12_CV48_250ng_FAIMS_001 P1_LPKYSLFELENGR P2_KTEVQTGGFSKESILPK 3 11;Scan: 739647 Run: DIA12_CV48:20251228_A2_N1_Mueller_MS_TechHub_IMP_THIDDIAXL003_Cas9_PhoX_DIA12_CV48_250ng_FAIMS_002 P1_TEVQTGGFSKESILPK P2_LPKYSLFELENGR 10 3,Q99ZW2,null,,false,Q99ZW2,null,,false,1200,1107,,7.715232,false,true,false,false,2,2,Self,0,0.003436,0.004082,5.007532,5.869364,,,0,0,0,,0.003195,0,,0
847,686,Scan: 1359037 Run: DIA12_CV48:20251228_A2_N1_Mueller_MS_TechHub_IMP_THIDDIAXL003_Cas9_PhoX_DIA12_CV48_250ng_FAIMS_003 P1_LKGSPEDNEQK P2_KDFQFYK 2 1;Scan: 762059 Run: DIA12_CV48:20251228_A2_N1_Mueller_MS_TechHub_IMP_THIDDIAXL003_Cas9_PhoX_DIA12_CV48_250ng_FAIMS_002 P1_LKGSPEDNEQK P2_KDFQFYK 2 1,Q99ZW2,null,,false,Q99ZW2,null,,false,968,1246,,7.599769,false,true,false,false,2,1,Self,0,0.003484,0.004149,4.769336,,5.916919,,0,0,0,,0,0,,0
846,570,Scan: 415262 Run: DIA12_CV48:20251228_A2_N1_Mueller_MS_TechHub_IMP_THIDDIAXL003_Cas9_PhoX_DIA12_CV48_250ng_FAIMS_001 P1_KPAFLSGEQK P2_KIECFDSVEISGVEDR 1 1;Scan: 1580511 Run: DIA12_CV48:20251228_A2_N1_Mueller_MS_TechHub_IMP_THIDDIAXL003_Cas9_PhoX_DIA12_CV48_250ng_FAIMS_003 P1_KPAFLSGEQK P2_KIECFDSVEISGVEDR 1 1,Q99ZW2,null,,false,Q99ZW2,null,,false,571,536,,7.585629,false,true,false,false,2,1,Self,0,0.00349,0.004167,,6.017278,4.618889,,0,0,0,,0,0,,0
207,91;250,Scan: 1145274 Run: DIA12_CV48:20251228_A2_N1_Mueller_MS_TechHub_IMP_THIDDIAXL003_Cas9_PhoX_DIA12_CV48_250ng_FAIMS_002 P1_NKDSR P2_GKSDNVPSEEVVK 2 2;Scan: 548155 Run: DIA12_CV48:20251228_A2_N1_Mueller_MS_TechHub_IMP_THIDDIAXL003_Cas9_PhoX_DIA12_CV48_250ng_FAIMS_001 P1_NKDSR P2_GKSDNVPSEEVVK 2 2;Scan: 1737531 Run: DIA12_CV48:20251228_A2_N1_Mueller_MS_TechHub_IMP_THIDDIAXL003_Cas9_PhoX_DIA12_CV48_250ng_FAIMS_003 P1_NKDSR P2_GKSDNVPSEEVVKK 2 2,Q99ZW2,null,,false,decoy:Q99ZW2,decoydecoy:null,decoy:,true,866,861,,7.56939,true,false,true,false,3,2,Self,0.003497,0.003661,0.004184,4.395881,4.322048,4.392244,,0,1,1,,0.003195,0.020243,,5
445,1000;566,Scan: 1578161 Run: DIA12_CV48:20251228_A2_N1_Mueller_MS_TechHub_IMP_THIDDIAXL003_Cas9_PhoX_DIA12_CV48_250ng_FAIMS_003 P1_VLPKHSLLYEYFTVYNELTKVKYVTEGMR P2_KPAFLSGEQK 20 1;Scan: 969634 Run: DIA12_CV48:20251228_A2_N1_Mueller_MS_TechHub_IMP_THIDDIAXL003_Cas9_PhoX_DIA12_CV48_250ng_FAIMS_002 P1_KPAFLSGEQK P2_HSLLYEYFTVYNELTKVKYVTEGMR 1 16,Q99ZW2,null,,false,Q99ZW2,null,,false,526,536,,7.546826,false,true,false,false,2,2,Self,0.003497,0.003508,0.004202,4.613956,,5.972101,,0,0,0,,0.003195,0,,0
845,740,Scan: 856290 Run: DIA12_CV48:20251228_A2_N1_Mueller_MS_TechHub_IMP_THIDDIAXL003_Cas9_PhoX_DIA12_CV48_250ng_FAIMS_002 P1_YKEIFFDQSK P2_KPAFLSGEQK 2 1;Scan: 381585 Run: DIA12_CV48:20251228_A2_N1_Mueller_MS_TechHub_IMP_THIDDIAXL003_Cas9_PhoX_DIA12_CV48_250ng_FAIMS_001 P1_YKEIFFDQSK P2_KPAFLSGEQK 2 1,Q99ZW2,null,,false,Q99ZW2,null,,false,536,348,,7.523324,false,true,false,false,2,1,Self,0.003497,0.003519,0.004219,5.755078,4.870306,,,0,0,0,,0,0,,0
844,917,Scan: 854243 Run: DIA12_CV48:20251228_A2_N1_Mueller_MS_TechHub_IMP_THIDDIAXL003_Cas9_PhoX_DIA12_CV48_250ng_FAIMS_002 P1_YKEIFFDQSK P2_YKEIFFDQSK 2 2;Scan: 854201 Run: DIA12_CV48:20251228_A2_N1_Mueller_MS_TechHub_IMP_THIDDIAXL003_Cas9_PhoX_DIA12_CV48_250ng_FAIMS_002 P1_YKEIFFDQSK P2_YKEIFFDQSK 2 2,Q99ZW2,null,,false,Q99ZW2,null,,false,348,348,,7.501925,false,true,false,false,2,1,Self,0.003497,0.00353,0.004219,5.352813,,,,0,0,0,,0,0,,0
254,1001;317,Scan: 761700 Run: DIA12_CV48:20251228_A2_N1_Mueller_MS_TechHub_IMP_THIDDIAXL003_Cas9_PhoX_DIA12_CV48_250ng_FAIMS_002 P1_SKLVSDFR P2_LKGSPEDNEQK 2 2;Scan: 587832 Run: DIA12_CV48:20251228_A2_N1_Mueller_MS_TechHub_IMP_THIDDIAXL003_Cas9_PhoX_DIA12_CV48_250ng_FAIMS_001 P1_SKLVSDFRK P2_LKGSPEDNEQK 2 2,Q99ZW2,null,,false,Q99ZW2,null,,false,1246,961,,7.438097,false,true,false,false,2,2,Self,0.003497,0.003561,0.004237,5.976577,4.427845,,,0,0,0,,0.003195,0,,0
596,962;796,Scan: 1537668 Run: DIA12_CV48:20251228_A2_N1_Mueller_MS_TechHub_IMP_THIDDIAXL003_Cas9_PhoX_DIA12_CV48_250ng_FAIMS_003 P1_KSEETITPWNFEEVVDKGASAQSFIER P2_FKVLGNTDR 17 2;Scan: 940785 Run: DIA12_CV48:20251228_A2_N1_Mueller_MS_TechHub_IMP_THIDDIAXL003_Cas9_PhoX_DIA12_CV48_250ng_FAIMS_002 P1_SEETITPWNFEEVVDKGASAQSFIER P2_FKVLGNTDR 16 2,Q99ZW2,null,,false,Q99ZW2,null,,false,33,484,,7.378646,false,true,false,false,2,2,Self,0.003497,0.00359,0.004237,4.939617,,5.481296,,0,0,0,,0.003195,0,,0
835,579,Scan: 636395 Run: DIA12_CV48:20251228_A2_N1_Mueller_MS_TechHub_IMP_THIDDIAXL003_Cas9_PhoX_DIA12_CV48_250ng_FAIMS_002 P1_KTEVQTGGFSK P2_KPAFLSGEQK 1 1;Scan: 636457 Run: DIA12_CV48:20251228_A2_N1_Mueller_MS_TechHub_IMP_THIDDIAXL003_Cas9_PhoX_DIA12_CV48_250ng_FAIMS_002 P1_KTEVQTGGFSK P2_KPAFLSGEQK 1 1,Q99ZW2,null,,false,Q99ZW2,null,,false,536,1097,,7.337772,false,true,false,false,2,1,Self,0.003497,0.00361,0.004274,5.694358,5.390418,,,0,0,0,,0,0,,0
552,965;727,Scan: 1682886 Run: DIA12_CV48:20251228_A2_N1_Mueller_MS_TechHub_IMP_THIDDIAXL003_Cas9_PhoX_DIA12_CV48_250ng_FAIMS_003 P1_KTEVQTGGFSKESILPK P2_GILQTVKVVDELVK 11 7;Scan: 1683018 Run: DIA12_CV48:20251228_A2_N1_Mueller_MS_TechHub_IMP_THIDDIAXL003_Cas9_PhoX_DIA12_CV48_250ng_FAIMS_003 P1_TEVQTGGFSKESILPK P2_GILQTVKVVDELVK 10 7,Q99ZW2,null,,false,Q99ZW2,null,,false,742,1107,,7.326407,false,true,false,false,2,2,Self,0.003497,0.003616,0.00277,4.638734,,5.507766,,0,0,0,,0.003195,0,,0
833,832,Scan: 1572588 Run: DIA12_CV48:20251228_A2_N1_Mueller_MS_TechHub_IMP_THIDDIAXL003_Cas9_PhoX_DIA12_CV48_250ng_FAIMS_003 P1_KYGGFDSPTVAYSVLVVAK P2_KPAFLSGEQK 1 1;Scan: 105787 Run: DIA12_CV48:20251228_A2_N1_Mueller_MS_TechHub_IMP_THIDDIAXL003_Cas9_PhoX_DIA12_CV48_250ng_FAIMS_001 P1_KYGGFDSPTVAYSVLVVAK P2_KPAFLSGEQK 1 1,Q99ZW2,null,,false,Q99ZW2,null,,false,536,1130,,7.317923,false,true,false,false,2,1,Self,0.003497,0.00362,0.00277,,5.028868,5.316248,,0,0,0,,0,0,,0
832,797,Scan: 113505 Run: DIA12_CV48:20251228_A2_N1_Mueller_MS_TechHub_IMP_THIDDIAXL003_Cas9_PhoX_DIA12_CV48_250ng_FAIMS_001 P1_SSFEKNPIDFLEAK P2_KDLIIK 5 1;Scan: 113548 Run: DIA12_CV48:20251228_A2_N1_Mueller_MS_TechHub_IMP_THIDDIAXL003_Cas9_PhoX_DIA12_CV48_250ng_FAIMS_001 P1_SSFEKNPIDFLEAK P2_KDLIIK 5 1,Q99ZW2,null,,false,Q99ZW2,null,,false,1192,1176,,7.314992,false,true,false,false,2,1,Self,0.003497,0.003621,0.00277,,5.394457,,,0,0,0,,0,0,,0
225,993;273,Scan: 1260216 Run: DIA12_CV48:20251228_A2_N1_Mueller_MS_TechHub_IMP_THIDDIAXL003_Cas9_PhoX_DIA12_CV48_250ng_FAIMS_003 P1_TEVQTGGFSKESILPK P2_KYGGFDSPTVAYSVLVVAK 10 1;Scan: 1260358 Run: DIA12_CV48:20251228_A2_N1_Mueller_MS_TechHub_IMP_THIDDIAXL003_Cas9_PhoX_DIA12_CV48_250ng_FAIMS_003 P1_KYGGFDSPTVAYSVLVVAK P2_KTEVQTGGFSKESILPK 1 11,Q99ZW2,null,,false,Q99ZW2,null,,false,1107,1130,,7.310694,false,true,false,false,2,2,Self,0.003497,0.003624,0.00277,4.367552,4.439847,5.834935,,0,0,0,,0.003195,0,,0
830,717,Scan: 1451060 Run: DIA12_CV48:20251228_A2_N1_Mueller_MS_TechHub_IMP_THIDDIAXL003_Cas9_PhoX_DIA12_CV48_250ng_FAIMS_003 P1_YKEIFFDQSK P2_FKVLGNTDR 2 2;Scan: 854005 Run: DIA12_CV48:20251228_A2_N1_Mueller_MS_TechHub_IMP_THIDDIAXL003_Cas9_PhoX_DIA12_CV48_250ng_FAIMS_002 P1_YKEIFFDQSK P2_FKVLGNTDR 2 2,Q99ZW2,null,,false,Q99ZW2,null,,false,33,348,,7.245382,false,true,false,false,2,1,Self,0.003497,0.003656,0.002793,4.808136,5.248328,5.420091,,0,0,0,,0,0,,0
828,837,Scan: 300666 Run: DIA12_CV48:20251228_A2_N1_Mueller_MS_TechHub_IMP_THIDDIAXL003_Cas9_PhoX_DIA12_CV48_250ng_FAIMS_001 P1_NSDKLIAR P2_KSEETITPWNFEEVVDK 4 1;Scan: 300691 Run: DIA12_CV48:20251228_A2_N1_Mueller_MS_TechHub_IMP_THIDDIAXL003_Cas9_PhoX_DIA12_CV48_250ng_FAIMS_001 P1_NSDKLIAR P2_KSEETITPWNFEEVVDK 4 1,Q99ZW2,null,,false,Q99ZW2,null,,false,468,1118,,7.19419,false,true,false,false,2,1,Self,0.003497,0.003681,0.002801,4.418978,5.141701,,,0,0,0,,0,0,,0
827,115,Scan: 118140 Run: DIA12_CV48:20251228_A2_N1_Mueller_MS_TechHub_IMP_THIDDIAXL003_Cas9_PhoX_DIA12_CV48_250ng_FAIMS_001 P1_SSFEKNPIDFLEAK P2_KPAFLSGEQK 5 1;Scan: 975740 Run: DIA12_CV48:20251228_A2_N1_Mueller_MS_TechHub_IMP_THIDDIAXL003_Cas9_PhoX_DIA12_CV48_250ng_FAIMS_002 P1_SSFEKNPIDFLEAK P2_KPAFLSGEQK 5 1,Q99ZW2,null,,false,Q99ZW2,null,,false,536,1176,,7.190883,false,true,false,false,2,1,Self,0.003497,0.003682,0.002801,4.332254,5.739371,,,0,0,0,,0,0,,0
567,925;747,Scan: 1549498 Run: DIA12_CV48:20251228_A2_N1_Mueller_MS_TechHub_IMP_THIDDIAXL003_Cas9_PhoX_DIA12_CV48_250ng_FAIMS_003 P1_MTNFDKNLPNEK P2_IEKILTFR 6 3;Scan: 1549571 Run: DIA12_CV48:20251228_A2_N1_Mueller_MS_TechHub_IMP_THIDDIAXL003_Cas9_PhoX_DIA12_CV48_250ng_FAIMS_003 P1_MTNFDKNLPNEK P2_EKIEKILTFR 6 5,Q99ZW2,null,,false,Q99ZW2,null,,false,442,500,,7.177934,false,true,false,false,2,2,Self,0.003497,0.003689,0.002801,3.788923,,5.289583,,0,0,0,,0.003195,0,,0
824,424,Scan: 1309856 Run: DIA12_CV48:20251228_A2_N1_Mueller_MS_TechHub_IMP_THIDDIAXL003_Cas9_PhoX_DIA12_CV48_250ng_FAIMS_003 P1_YKEIFFDQSK P2_SSFEKNPIDFLEAK 2 5;Scan: 115751 Run: DIA12_CV48:20251228_A2_N1_Mueller_MS_TechHub_IMP_THIDDIAXL003_Cas9_PhoX_DIA12_CV48_250ng_FAIMS_001 P1_YKEIFFDQSK P2_SSFEKNPIDFLEAK 2 5,Q99ZW2,null,,false,Q99ZW2,null,,false,1176,348,,7.143636,false,true,false,false,2,1,Self,0.003497,0.003706,0.002801,,4.500501,5.547705,,0,0,0,,0,0,,0
386,961;486,Scan: 1144783 Run: DIA12_CV48:20251228_A2_N1_Mueller_MS_TechHub_IMP_THIDDIAXL003_Cas9_PhoX_DIA12_CV48_250ng_FAIMS_002 P1_GKSDNVPSEEVVK P2_ELGSQILKEHPVENTQLQNEK 2 8;Scan: 525793 Run: DIA12_CV48:20251228_A2_N1_Mueller_MS_TechHub_IMP_THIDDIAXL003_Cas9_PhoX_DIA12_CV48_250ng_FAIMS_001 P1_GKSDNVPSEEVVKK P2_ELGSQILKEHPVENTQLQNEK 2 8,Q99ZW2,null,,false,Q99ZW2,null,,false,797,866,,7.118985,false,true,false,false,2,2,Self,0.003497,0.003718,0.002809,5.47496,4.550248,,,0,0,0,,0.003195,0,,0
495,933;634,Scan: 1541550 Run: DIA12_CV48:20251228_A2_N1_Mueller_MS_TechHub_IMP_THIDDIAXL003_Cas9_PhoX_DIA12_CV48_250ng_FAIMS_003 P1_SEETITPWNFEEVVDKGASAQSFIER P2_KPAFLSGEQK 16 1;Scan: 944555 Run: DIA12_CV48:20251228_A2_N1_Mueller_MS_TechHub_IMP_THIDDIAXL003_Cas9_PhoX_DIA12_CV48_250ng_FAIMS_002 P1_KSEETITPWNFEEVVDKGASAQSFIER P2_KPAFLSGEQK 17 1,Q99ZW2,null,,false,Q99ZW2,null,,false,536,484,,7.096408,false,true,false,false,2,2,Self,0.003497,0.003729,0.002817,4.688745,,5.326789,,0,0,0,,0.003195,0,,0
821,659,Scan: 1579691 Run: DIA12_CV48:20251228_A2_N1_Mueller_MS_TechHub_IMP_THIDDIAXL003_Cas9_PhoX_DIA12_CV48_250ng_FAIMS_003 P1_KPAFLSGEQK P2_KAIVDLLFK 1 1;Scan: 385537 Run: DIA12_CV48:20251228_A2_N1_Mueller_MS_TechHub_IMP_THIDDIAXL003_Cas9_PhoX_DIA12_CV48_250ng_FAIMS_001 P1_KPAFLSGEQK P2_KAIVDLLFK 1 1,Q99ZW2,null,,false,Q99ZW2,null,,false,546,536,,7.089447,false,true,false,false,2,1,Self,0.003497,0.003732,0.002817,,4.726084,5.284353,,0,0,0,,0,0,,0
820,771,Scan: 752632 Run: DIA12_CV48:20251228_A2_N1_Mueller_MS_TechHub_IMP_THIDDIAXL003_Cas9_PhoX_DIA12_CV48_250ng_FAIMS_002 P1_KVLSMPQVNIVK P2_GNELALPSKYVNFLYLASHYEK 1 9;Scan: 1349700 Run: DIA12_CV48:20251228_A2_N1_Mueller_MS_TechHub_IMP_THIDDIAXL003_Cas9_PhoX_DIA12_CV48_250ng_FAIMS_003 P1_KVLSMPQVNIVK P2_GNELALPSKYVNFLYLASHYEK 1 9,Q99ZW2,null,,false,Q99ZW2,null,,false,1231,1085,,7.069176,false,true,false,false,2,1,Self,0.003497,0.003742,0.002849,5.104996,,4.890017,,0,0,0,,0,0,,0
819,743,Scan: 1043174 Run: DIA12_CV48:20251228_A2_N1_Mueller_MS_TechHub_IMP_THIDDIAXL003_Cas9_PhoX_DIA12_CV48_250ng_FAIMS_002 P1_TILDFLKSDGFANR P2_KAIVDLLFK 7 1;Scan: 1001972 Run: DIA12_CV48:20251228_A2_N1_Mueller_MS_TechHub_IMP_THIDDIAXL003_Cas9_PhoX_DIA12_CV48_250ng_FAIMS_002 P1_TILDFLKSDGFANR P2_KAIVDLLFK 7 1,Q99ZW2,null,,false,Q99ZW2,null,,false,546,684,,7.054513,false,true,false,false,2,1,Self,0.003497,0.003749,0.002849,5.123651,4.637313,,,0,0,0,,0,0,,0
818,555,Scan: 172999 Run: DIA12_CV48:20251228_A2_N1_Mueller_MS_TechHub_IMP_THIDDIAXL003_Cas9_PhoX_DIA12_CV48_250ng_FAIMS_001 P1_KDFQFYK P2_GSPEDNEQKQLFVEQHK 1 9;Scan: 593478 Run: DIA12_CV48:20251228_A2_N1_Mueller_MS_TechHub_IMP_THIDDIAXL003_Cas9_PhoX_DIA12_CV48_250ng_FAIMS_001 P1_KDFQFYK P2_GSPEDNEQKQLFVEQHK 1 9,Q99ZW2,null,,false,Q99ZW2,null,,false,1255,968,,7.044915,false,true,false,false,2,1,Self,0.003497,0.003754,0.002849,4.817432,5.333781,,,0,0,0,,0,0,,0
424,927;537,Scan: 1572214 Run: DIA12_CV48:20251228_A2_N1_Mueller_MS_TechHub_IMP_THIDDIAXL003_Cas9_PhoX_DIA12_CV48_250ng_FAIMS_003 P1_KPAFLSGEQK P2_KKDWDPK 1 1;Scan: 1289943 Run: DIA12_CV48:20251228_A2_N1_Mueller_MS_TechHub_IMP_THIDDIAXL003_Cas9_PhoX_DIA12_CV48_250ng_FAIMS_003 P1_KPAFLSGEQK P2_KKDWDPKK 1 1,Q99ZW2,null,,false,Q99ZW2,null,,false,1123,536,,7.006314,false,true,false,false,2,2,Self,0.003497,0.003773,0.002857,,,5.293911,,0,0,0,,0.003195,0,,0
816,264,Scan: 145426 Run: DIA12_CV48:20251228_A2_N1_Mueller_MS_TechHub_IMP_THIDDIAXL003_Cas9_PhoX_DIA12_CV48_250ng_FAIMS_001 P1_LPKYSLFELENGR P2_FKVLGNTDR 3 2;Scan: 742561 Run: DIA12_CV48:20251228_A2_N1_Mueller_MS_TechHub_IMP_THIDDIAXL003_Cas9_PhoX_DIA12_CV48_250ng_FAIMS_002 P1_LPKYSLFELENGR P2_FKVLGNTDR 3 2,Q99ZW2,null,,false,Q99ZW2,null,,false,33,1200,,6.985927,false,true,false,false,2,1,Self,0.003497,0.003783,0.002857,4.398015,5.427765,,,0,0,0,,0,0,,0
813,789,Scan: 586104 Run: DIA12_CV48:20251228_A2_N1_Mueller_MS_TechHub_IMP_THIDDIAXL003_Cas9_PhoX_DIA12_CV48_250ng_FAIMS_001 P1_YDENDKLIR P2_IEKILTFR 6 3;Scan: 1780311 Run: DIA12_CV48:20251228_A2_N1_Mueller_MS_TechHub_IMP_THIDDIAXL003_Cas9_PhoX_DIA12_CV48_250ng_FAIMS_003 P1_YDENDKLIR P2_IEKILTFR 6 3,Q99ZW2,null,,false,Q99ZW2,null,,false,442,948,,6.965836,false,true,false,false,2,1,Self,0.003497,0.003793,0.002857,4.052702,4.92288,4.928297,,0,0,0,,0,0,,0
812,188,Scan: 1425497 Run: DIA12_CV48:20251228_A2_N1_Mueller_MS_TechHub_IMP_THIDDIAXL003_Cas9_PhoX_DIA12_CV48_250ng_FAIMS_003 P1_VNTEITKAPLSASMIK P2_KPAFLSGEQK 7 1;Scan: 977975 Run: DIA12_CV48:20251228_A2_N1_Mueller_MS_TechHub_IMP_THIDDIAXL003_Cas9_PhoX_DIA12_CV48_250ng_FAIMS_002 P1_VNTEITKAPLSASMIK P2_KPAFLSGEQK 7 1,Q99ZW2,null,,false,Q99ZW2,null,,false,536,314,,6.959283,false,true,false,false,2,1,Self,0.003497,0.003796,0.002857,5.420049,4.235309,4.365168,,0,0,0,,0,0,,0
810,623,Scan: 1652610 Run: DIA12_CV48:20251228_A2_N1_Mueller_MS_TechHub_IMP_THIDDIAXL003_Cas9_PhoX_DIA12_CV48_250ng_FAIMS_003 P1_KPAFLSGEQK P2_EDIQKAQVSGQGDSLHEHIANLAGSPAIK 1 5;Scan: 1652635 Run: DIA12_CV48:20251228_A2_N1_Mueller_MS_TechHub_IMP_THIDDIAXL003_Cas9_PhoX_DIA12_CV48_250ng_FAIMS_003 P1_KPAFLSGEQK P2_EDIQKAQVSGQGDSLHEHIANLAGSPAIK 1 5,Q99ZW2,null,,false,Q99ZW2,null,,false,710,536,,6.952174,false,true,false,false,2,1,Self,0.003497,0.0038,0.002874,,5.076331,5.144569,,0,0,0,,0,0,,0
809,781,Scan: 428947 Run: DIA12_CV48:20251228_A2_N1_Mueller_MS_TechHub_IMP_THIDDIAXL003_Cas9_PhoX_DIA12_CV48_250ng_FAIMS_001 P1_KLINGIR P2_DLIIKLPK 1 5;Scan: 1623110 Run: DIA12_CV48:20251228_A2_N1_Mueller_MS_TechHub_IMP_THIDDIAXL003_Cas9_PhoX_DIA12_CV48_250ng_FAIMS_003 P1_KLINGIR P2_DLIIKLPK 1 5,Q99ZW2,null,,false,Q99ZW2,null,,false,1197,665,,6.946637,false,true,false,false,2,1,Self,0.003497,0.003802,0.002874,,4.911761,4.912268,,0,0,0,,0,0,,0
808,560,Scan: 712614 Run: DIA12_CV48:20251228_A2_N1_Mueller_MS_TechHub_IMP_THIDDIAXL003_Cas9_PhoX_DIA12_CV48_250ng_FAIMS_002 P1_SSFEKNPIDFLEAK P2_FKVLGNTDR 5 2;Scan: 1309732 Run: DIA12_CV48:20251228_A2_N1_Mueller_MS_TechHub_IMP_THIDDIAXL003_Cas9_PhoX_DIA12_CV48_250ng_FAIMS_003 P1_SSFEKNPIDFLEAK P2_FKVLGNTDR 5 2,Q99ZW2,null,,false,Q99ZW2,null,,false,33,1176,,6.945539,false,true,false,false,2,1,Self,0.003497,0.003803,0.002874,5.199284,,4.807788,,0,0,0,,0,0,,0
807,687,Scan: 1225932 Run: DIA12_CV48:20251228_A2_N1_Mueller_MS_TechHub_IMP_THIDDIAXL003_Cas9_PhoX_DIA12_CV48_250ng_FAIMS_003 P1_KVLSMPQVNIVK P2_KVLSMPQVNIVK 1 1;Scan: 628732 Run: DIA12_CV48:20251228_A2_N1_Mueller_MS_TechHub_IMP_THIDDIAXL003_Cas9_PhoX_DIA12_CV48_250ng_FAIMS_002 P1_KVLSMPQVNIVK P2_KVLSMPQVNIVK 1 1,Q99ZW2,null,,false,Q99ZW2,null,,false,1085,1085,,6.93337,false,true,false,false,2,1,Self,0.003497,0.003809,0.002882,4.771217,,5.030616,,0,0,0,,0,0,,0
806,602,Scan: 182067 Run: DIA12_CV48:20251228_A2_N1_Mueller_MS_TechHub_IMP_THIDDIAXL003_Cas9_PhoX_DIA12_CV48_250ng_FAIMS_001 P1_VILADANLDKVLSAYNK P2_NSDKLIAR 10 4;Scan: 181979 Run: DIA12_CV48:20251228_A2_N1_Mueller_MS_TechHub_IMP_THIDDIAXL003_Cas9_PhoX_DIA12_CV48_250ng_FAIMS_001 P1_VILADANLDKVLSAYNK P2_NSDKLIAR 10 4,Q99ZW2,null,,false,Q99ZW2,null,,false,1118,1289,,6.927138,false,true,false,false,2,1,Self,0.003497,0.003812,0.002882,,5.137583,,,0,0,0,,0,0,,0
805,594,Scan: 510974 Run: DIA12_CV48:20251228_A2_N1_Mueller_MS_TechHub_IMP_THIDDIAXL003_Cas9_PhoX_DIA12_CV48_250ng_FAIMS_001 P1_LKGSPEDNEQK P2_GQKNSR 2 3;Scan: 163793 Run: DIA12_CV48:20251228_A2_N1_Mueller_MS_TechHub_IMP_THIDDIAXL003_Cas9_PhoX_DIA12_CV48_250ng_FAIMS_001 P1_LKGSPEDNEQK P2_GQKNSR 2 3,Q99ZW2,null,,false,Q99ZW2,null,,false,775,1246,,6.921807,false,true,false,false,2,1,Self,0.003497,0.003814,0.002882,5.000335,5.135186,4.259528,,0,0,0,,0,0,,0
804,371,Scan: 243180 Run: DIA12_CV48:20251228_A2_N1_Mueller_MS_TechHub_IMP_THIDDIAXL003_Cas9_PhoX_DIA12_CV48_250ng_FAIMS_001 P1_IEKILTFR P2_FKVLGNTDR 3 2;Scan: 888449 Run: DIA12_CV48:20251228_A2_N1_Mueller_MS_TechHub_IMP_THIDDIAXL003_Cas9_PhoX_DIA12_CV48_250ng_FAIMS_002 P1_IEKILTFR P2_FKVLGNTDR 3 2,Q99ZW2,null,,false,Q99ZW2,null,,false,33,442,,6.921423,false,true,false,false,2,1,Self,0.003497,0.003815,0.002882,4.460899,5.292115,,,0,0,0,,0,0,,0
195,936;234,Scan: 1305940 Run: DIA12_CV48:20251228_A2_N1_Mueller_MS_TechHub_IMP_THIDDIAXL003_Cas9_PhoX_DIA12_CV48_250ng_FAIMS_003 P1_SSFEKNPIDFLEAK P2_NSDKLIAR 5 4;Scan: 85445 Run: DIA12_CV48:20251228_A2_N1_Mueller_MS_TechHub_IMP_THIDDIAXL003_Cas9_PhoX_DIA12_CV48_250ng_FAIMS_001 P1_SSFEKNPIDFLEAK P2_RNSDKLIAR 5 5,Q99ZW2,null,,false,Q99ZW2,null,,false,1118,1176,,6.911394,false,true,false,false,2,2,Self,0.003497,0.00382,0.002882,,4.384957,5.342239,,0,0,0,,0.003195,0,,0
574,777;756,Scan: 1541401 Run: DIA12_CV48:20251228_A2_N1_Mueller_MS_TechHub_IMP_THIDDIAXL003_Cas9_PhoX_DIA12_CV48_250ng_FAIMS_003 P1_VKYVTEGMR P2_KSEETITPWNFEEVVDKGASAQSFIER 2 17;Scan: 347182 Run: DIA12_CV48:20251228_A2_N1_Mueller_MS_TechHub_IMP_THIDDIAXL003_Cas9_PhoX_DIA12_CV48_250ng_FAIMS_001 P1_VKYVTEGMR P2_SEETITPWNFEEVVDKGASAQSFIER 2 16,Q99ZW2,null,,false,Q99ZW2,null,,false,484,528,,6.905263,false,true,false,false,2,2,Self,0.003497,0.003823,0.00289,4.194192,4.857704,4.907685,,0,0,0,,0.003195,0,,0
308,913;383,Scan: 580419 Run: DIA12_CV48:20251228_A2_N1_Mueller_MS_TechHub_IMP_THIDDIAXL003_Cas9_PhoX_DIA12_CV48_250ng_FAIMS_001 P1_MNTKYDENDKLIR P2_KSEETITPWNFEEVVDK 4 1;Scan: 580328 Run: DIA12_CV48:20251228_A2_N1_Mueller_MS_TechHub_IMP_THIDDIAXL003_Cas9_PhoX_DIA12_CV48_250ng_FAIMS_001 P1_MNTKYDENDK P2_KSEETITPWNFEEVVDK 4 1,Q99ZW2,null,,false,Q99ZW2,null,,false,468,942,,6.89049,false,true,false,false,2,2,Self,0.003497,0.00383,0.00289,,5.241891,4.227921,,0,0,0,,0.003195,0,,0
803,548,Scan: 760778 Run: DIA12_CV48:20251228_A2_N1_Mueller_MS_TechHub_IMP_THIDDIAXL003_Cas9_PhoX_DIA12_CV48_250ng_FAIMS_002 P1_LKGSPEDNEQK P2_ENQTTQKGQK 2 7;Scan: 1357913 Run: DIA12_CV48:20251228_A2_N1_Mueller_MS_TechHub_IMP_THIDDIAXL003_Cas9_PhoX_DIA12_CV48_250ng_FAIMS_003 P1_LKGSPEDNEQK P2_ENQTTQKGQK 2 7,Q99ZW2,null,,false,Q99ZW2,null,,false,772,1246,,6.858643,false,true,false,false,2,1,Self,0.003497,0.003845,0.002899,5.089316,,4.597809,,0,0,0,,0,0,,0
802,694,Scan: 502240 Run: DIA12_CV48:20251228_A2_N1_Mueller_MS_TechHub_IMP_THIDDIAXL003_Cas9_PhoX_DIA12_CV48_250ng_FAIMS_001 P1_VVDELVKVMGR P2_FKVLGNTDR 7 2;Scan: 1439195 Run: DIA12_CV48:20251228_A2_N1_Mueller_MS_TechHub_IMP_THIDDIAXL003_Cas9_PhoX_DIA12_CV48_250ng_FAIMS_003 P1_VVDELVKVMGR P2_FKVLGNTDR 7 2,Q99ZW2,null,,false,Q99ZW2,null,,false,33,749,,6.851507,false,true,false,false,2,1,Self,0.003497,0.003849,0.002907,4.486411,4.90558,4.783141,,0,0,0,,0,0,,0
801,507,Scan: 841312 Run: DIA12_CV48:20251228_A2_N1_Mueller_MS_TechHub_IMP_THIDDIAXL003_Cas9_PhoX_DIA12_CV48_250ng_FAIMS_002 P1_KAIVDLLFK P2_FKVLGNTDR 1 2;Scan: 244239 Run: DIA12_CV48:20251228_A2_N1_Mueller_MS_TechHub_IMP_THIDDIAXL003_Cas9_PhoX_DIA12_CV48_250ng_FAIMS_001 P1_KAIVDLLFK P2_FKVLGNTDR 1 2,Q99ZW2,null,,false,Q99ZW2,null,,false,33,546,,6.851356,false,true,false,false,2,1,Self,0.003497,0.003849,0.002915,5.108381,4.565691,,,0,0,0,,0,0,,0
486,824;622,Scan: 1100466 Run: DIA12_CV48:20251228_A2_N1_Mueller_MS_TechHub_IMP_THIDDIAXL003_Cas9_PhoX_DIA12_CV48_250ng_FAIMS_002 P1_VVDELVKVMGR P2_KSEETITPWNFEEVVDKGASAQSFIER 7 17;Scan: 1544759 Run: DIA12_CV48:20251228_A2_N1_Mueller_MS_TechHub_IMP_THIDDIAXL003_Cas9_PhoX_DIA12_CV48_250ng_FAIMS_003 P1_VVDELVKVMGR P2_SEETITPWNFEEVVDKGASAQSFIER 7 16,Q99ZW2,null,,false,Q99ZW2,null,,false,484,749,,6.850527,false,true,false,false,2,2,Self,0.003497,0.003849,0.002915,5.011221,4.467943,4.670909,,0,0,0,,0.003195,0,,0
532,780;691,Scan: 1687252 Run: DIA12_CV48:20251228_A2_N1_Mueller_MS_TechHub_IMP_THIDDIAXL003_Cas9_PhoX_DIA12_CV48_250ng_FAIMS_003 P1_SEETITPWNFEEVVDKGASAQSFIER P2_GILQTVKVVDELVK 16 7;Scan: 947254 Run: DIA12_CV48:20251228_A2_N1_Mueller_MS_TechHub_IMP_THIDDIAXL003_Cas9_PhoX_DIA12_CV48_250ng_FAIMS_002 P1_KSEETITPWNFEEVVDKGASAQSFIER P2_GILQTVKVVDELVK 17 7,Q99ZW2,null,,false,Q99ZW2,null,,false,742,484,,6.847244,false,true,false,false,2,2,Self,0.003497,0.003851,0.002915,4.773621,,4.908899,,0,0,0,,0.003195,0,,0
799,314,Scan: 380110 Run: DIA12_CV48:20251228_A2_N1_Mueller_MS_TechHub_IMP_THIDDIAXL003_Cas9_PhoX_DIA12_CV48_250ng_FAIMS_001 P1_KPAFLSGEQK P2_HPIFGNIVDEVAYHEKYPTIYHLR 1 16;Scan: 787539 Run: DIA12_CV48:20251228_A2_N1_Mueller_MS_TechHub_IMP_THIDDIAXL003_Cas9_PhoX_DIA12_CV48_250ng_FAIMS_002 P1_KPAFLSGEQK P2_HPIFGNIVDEVAYHEKYPTIYHLR 1 16,Q99ZW2,null,,false,Q99ZW2,null,,false,131,536,,6.820617,false,true,false,false,2,1,Self,0.003497,0.003864,0.002924,5.189513,4.472653,,,0,0,0,,0,0,,0
798,527,Scan: 536042 Run: DIA12_CV48:20251228_A2_N1_Mueller_MS_TechHub_IMP_THIDDIAXL003_Cas9_PhoX_DIA12_CV48_250ng_FAIMS_001 P1_LKGSPEDNEQK P2_EHPVENTQLQNEKLYLYYLQNGR 2 13;Scan: 1730285 Run: DIA12_CV48:20251228_A2_N1_Mueller_MS_TechHub_IMP_THIDDIAXL003_Cas9_PhoX_DIA12_CV48_250ng_FAIMS_003 P1_LKGSPEDNEQK P2_EHPVENTQLQNEKLYLYYLQNGR 2 13,Q99ZW2,null,,false,Q99ZW2,null,,false,810,1246,,6.816069,false,true,false,false,2,1,Self,0.003497,0.003866,0.002933,,5.048077,4.579925,,0,0,0,,0,0,,0
797,284,Scan: 436950 Run: DIA12_CV48:20251228_A2_N1_Mueller_MS_TechHub_IMP_THIDDIAXL003_Cas9_PhoX_DIA12_CV48_250ng_FAIMS_001 P1_KKDWDPK P2_DKQSGK 1 2;Scan: 95979 Run: DIA12_CV48:20251228_A2_N1_Mueller_MS_TechHub_IMP_THIDDIAXL003_Cas9_PhoX_DIA12_CV48_250ng_FAIMS_001 P1_KKDWDPK P2_DKQSGK 1 2,Q99ZW2,null,,false,Q99ZW2,null,,false,673,1123,,6.811556,false,true,false,false,2,1,Self,0.003497,0.003869,0.002933,,5.191541,,,0,0,0,,0,0,,0
796,682,Scan: 740119 Run: DIA12_CV48:20251228_A2_N1_Mueller_MS_TechHub_IMP_THIDDIAXL003_Cas9_PhoX_DIA12_CV48_250ng_FAIMS_002 P1_NSDKLIAR P2_LPKYSLFELENGR 4 3;Scan: 86358 Run: DIA12_CV48:20251228_A2_N1_Mueller_MS_TechHub_IMP_THIDDIAXL003_Cas9_PhoX_DIA12_CV48_250ng_FAIMS_001 P1_NSDKLIAR P2_LPKYSLFELENGR 4 3,Q99ZW2,null,,false,Q99ZW2,null,,false,1200,1118,,6.80603,false,true,false,false,2,1,Self,0.003497,0.003871,0.002941,4.865815,4.75877,,,0,0,0,,0,0,,0
795,529,Scan: 244674 Run: DIA12_CV48:20251228_A2_N1_Mueller_MS_TechHub_IMP_THIDDIAXL003_Cas9_PhoX_DIA12_CV48_250ng_FAIMS_001 P1_FKVLGNTDR P2_EDIQKAQVSGQGDSLHEHIANLAGSPAIK 2 5;Scan: 1053008 Run: DIA12_CV48:20251228_A2_N1_Mueller_MS_TechHub_IMP_THIDDIAXL003_Cas9_PhoX_DIA12_CV48_250ng_FAIMS_002 P1_FKVLGNTDR P2_EDIQKAQVSGQGDSLHEHIANLAGSPAIK 2 5,Q99ZW2,null,,false,Q99ZW2,null,,false,710,33,,6.794433,false,true,false,false,2,1,Self,0.003497,0.003877,0.002941,4.580174,5.018597,,,0,0,0,,0,0,,0
794,657,Scan: 1787971 Run: DIA12_CV48:20251228_A2_N1_Mueller_MS_TechHub_IMP_THIDDIAXL003_Cas9_PhoX_DIA12_CV48_250ng_FAIMS_003 P1_KPAFLSGEQK P2_KDFQFYK 1 1;Scan: 593785 Run: DIA12_CV48:20251228_A2_N1_Mueller_MS_TechHub_IMP_THIDDIAXL003_Cas9_PhoX_DIA12_CV48_250ng_FAIMS_001 P1_KPAFLSGEQK P2_KDFQFYK 1 1,Q99ZW2,null,,false,Q99ZW2,null,,false,968,536,,6.784287,false,true,false,false,2,1,Self,0.003497,0.003882,0.002941,4.110167,4.722235,4.871042,,0,0,0,,0,0,,0
793,308,Scan: 147061 Run: DIA12_CV48:20251228_A2_N1_Mueller_MS_TechHub_IMP_THIDDIAXL003_Cas9_PhoX_DIA12_CV48_250ng_FAIMS_001 P1_SKLVSDFR P2_LPKYSLFELENGR 2 3;Scan: 147076 Run: DIA12_CV48:20251228_A2_N1_Mueller_MS_TechHub_IMP_THIDDIAXL003_Cas9_PhoX_DIA12_CV48_250ng_FAIMS_001 P1_SKLVSDFR P2_LPKYSLFELENGR 2 3,Q99ZW2,null,,false,Q99ZW2,null,,false,1200,961,,6.773751,false,true,false,false,2,1,Self,0.003497,0.003887,0.002941,,5.129419,,,0,0,0,,0,0,,0
792,367,Scan: 1449277 Run: DIA12_CV48:20251228_A2_N1_Mueller_MS_TechHub_IMP_THIDDIAXL003_Cas9_PhoX_DIA12_CV48_250ng_FAIMS_003 P1_YKEIFFDQSK P2_KDLIIK 2 1;Scan: 732874 Run: DIA12_CV48:20251228_A2_N1_Mueller_MS_TechHub_IMP_THIDDIAXL003_Cas9_PhoX_DIA12_CV48_250ng_FAIMS_002 P1_YKEIFFDQSK P2_KDLIIK 2 1,Q99ZW2,null,,false,Q99ZW2,null,,false,1192,348,,6.771291,false,true,false,false,2,1,Self,0.003497,0.003888,0.002941,4.457881,,5.096831,,0,0,0,,0,0,,0
791,651,Scan: 1491334 Run: DIA12_CV48:20251228_A2_N1_Mueller_MS_TechHub_IMP_THIDDIAXL003_Cas9_PhoX_DIA12_CV48_250ng_FAIMS_003 P1_KNLIGALLFDSGETAEATR P2_FKVLGNTDR 1 2;Scan: 297109 Run: DIA12_CV48:20251228_A2_N1_Mueller_MS_TechHub_IMP_THIDDIAXL003_Cas9_PhoX_DIA12_CV48_250ng_FAIMS_001 P1_KNLIGALLFDSGETAEATR P2_FKVLGNTDR 1 2,Q99ZW2,null,,false,Q99ZW2,null,,false,33,45,,6.768642,false,true,false,false,2,1,Self,0.003497,0.00389,0.002941,,4.852439,4.718935,,0,0,0,,0,0,,0
790,227,Scan: 986889 Run: DIA12_CV48:20251228_A2_N1_Mueller_MS_TechHub_IMP_THIDDIAXL003_Cas9_PhoX_DIA12_CV48_250ng_FAIMS_002 P1_YDENDKLIR P2_KPAFLSGEQK 6 1;Scan: 586486 Run: DIA12_CV48:20251228_A2_N1_Mueller_MS_TechHub_IMP_THIDDIAXL003_Cas9_PhoX_DIA12_CV48_250ng_FAIMS_001 P1_YDENDKLIR P2_KPAFLSGEQK 6 1,Q99ZW2,null,,false,Q99ZW2,null,,false,536,948,,6.764841,false,true,false,false,2,1,Self,0.003497,0.003891,0.00295,5.152576,4.383383,,,0,0,0,,0,0,,0
417,794;530,Scan: 1540674 Run: DIA12_CV48:20251228_A2_N1_Mueller_MS_TechHub_IMP_THIDDIAXL003_Cas9_PhoX_DIA12_CV48_250ng_FAIMS_003 P1_NLPNEKVLPK P2_KSEETITPWNFEEVVDKGASAQSFIER 6 17;Scan: 346413 Run: DIA12_CV48:20251228_A2_N1_Mueller_MS_TechHub_IMP_THIDDIAXL003_Cas9_PhoX_DIA12_CV48_250ng_FAIMS_001 P1_SEETITPWNFEEVVDKGASAQSFIER P2_NLPNEKVLPK 16 6,Q99ZW2,null,,false,Q99ZW2,null,,false,506,484,,6.733579,false,true,false,false,2,2,Self,0.003497,0.003907,0.002959,,4.580573,4.935529,,0,0,0,,0.003195,0,,0
349,816;434,Scan: 1330147 Run: DIA12_CV48:20251228_A2_N1_Mueller_MS_TechHub_IMP_THIDDIAXL003_Cas9_PhoX_DIA12_CV48_250ng_FAIMS_003 P1_SEETITPWNFEEVVDKGASAQSFIER P2_KDLIIK 16 1;Scan: 341347 Run: DIA12_CV48:20251228_A2_N1_Mueller_MS_TechHub_IMP_THIDDIAXL003_Cas9_PhoX_DIA12_CV48_250ng_FAIMS_001 P1_KSEETITPWNFEEVVDKGASAQSFIER P2_KDLIIK 17 1,Q99ZW2,null,,false,Q99ZW2,null,,false,1192,484,,6.729167,false,true,false,false,2,2,Self,0.003497,0.003909,0.002959,,4.505318,4.99838,,0,0,0,,0.003195,0,,0
785,662,Scan: 1784043 Run: DIA12_CV48:20251228_A2_N1_Mueller_MS_TechHub_IMP_THIDDIAXL003_Cas9_PhoX_DIA12_CV48_250ng_FAIMS_003 P1_SKLVSDFR P2_KDFQFYK 2 1;Scan: 594416 Run: DIA12_CV48:20251228_A2_N1_Mueller_MS_TechHub_IMP_THIDDIAXL003_Cas9_PhoX_DIA12_CV48_250ng_FAIMS_001 P1_SKLVSDFR P2_KDFQFYK 2 1,Q99ZW2,null,,false,Q99ZW2,null,,false,968,961,,6.71794,false,true,false,false,2,1,Self,0.003497,0.003915,0.002976,,4.732585,4.767952,,0,0,0,,0,0.001976,,0
54,887;62,Scan: 687532 Run: DIA12_CV48:20251228_A2_N1_Mueller_MS_TechHub_IMP_THIDDIAXL003_Cas9_PhoX_DIA12_CV48_250ng_FAIMS_002 P1_NSDKLIAR P2_KLINGIR 4 1;Scan: 427739 Run: DIA12_CV48:20251228_A2_N1_Mueller_MS_TechHub_IMP_THIDDIAXL003_Cas9_PhoX_DIA12_CV48_250ng_FAIMS_001 P1_RNSDKLIAR P2_KLINGIR 5 1,Q99ZW2,null,,false,Q99ZW2,null,,false,665,1118,,6.710637,false,true,false,false,2,2,Self,0.003497,0.003918,0.002985,5.143099,4.310589,,,0,0,0,,0.003195,0,,0
783,629,Scan: 1689118 Run: DIA12_CV48:20251228_A2_N1_Mueller_MS_TechHub_IMP_THIDDIAXL003_Cas9_PhoX_DIA12_CV48_250ng_FAIMS_003 P1_GILQTVKVVDELVK P2_DKQSGK 7 2;Scan: 1092058 Run: DIA12_CV48:20251228_A2_N1_Mueller_MS_TechHub_IMP_THIDDIAXL003_Cas9_PhoX_DIA12_CV48_250ng_FAIMS_002 P1_GILQTVKVVDELVK P2_DKQSGK 7 2,Q99ZW2,null,,false,Q99ZW2,null,,false,673,742,,6.709877,false,true,false,false,2,1,Self,0.003497,0.003918,0.002985,4.802513,,4.68597,,0,0,0,,0,0.001976,,0
458,729;584,Scan: 1165807 Run: DIA12_CV48:20251228_A2_N1_Mueller_MS_TechHub_IMP_THIDDIAXL003_Cas9_PhoX_DIA12_CV48_250ng_FAIMS_002 P1_GGLSELDKAGFIK P2_FDNLTKAER 8 6;Scan: 1762989 Run: DIA12_CV48:20251228_A2_N1_Mueller_MS_TechHub_IMP_THIDDIAXL003_Cas9_PhoX_DIA12_CV48_250ng_FAIMS_003 P1_KFDNLTKAER P2_GGLSELDKAGFIK 7 8,Q99ZW2,null,,false,Q99ZW2,null,,false,913,902,,6.69572,false,true,false,false,2,2,Self,0.003497,0.003925,0.003003,4.835218,,4.631774,,0,0,0,,0.003195,0,,0
782,339,Scan: 902298 Run: DIA12_CV48:20251228_A2_N1_Mueller_MS_TechHub_IMP_THIDDIAXL003_Cas9_PhoX_DIA12_CV48_250ng_FAIMS_002 P1_YKEIFFDQSK P2_KSEETITPWNFEEVVDK 2 1;Scan: 305139 Run: DIA12_CV48:20251228_A2_N1_Mueller_MS_TechHub_IMP_THIDDIAXL003_Cas9_PhoX_DIA12_CV48_250ng_FAIMS_001 P1_YKEIFFDQSK P2_KSEETITPWNFEEVVDK 2 1,Q99ZW2,null,,false,Q99ZW2,null,,false,468,348,,6.686287,false,true,false,false,2,1,Self,0.003497,0.00393,0.003021,4.440936,4.998452,4.686815,,0,0,0,,0,0,,0
438,738;557,Scan: 1267021 Run: DIA12_CV48:20251228_A2_N1_Mueller_MS_TechHub_IMP_THIDDIAXL003_Cas9_PhoX_DIA12_CV48_250ng_FAIMS_003 P1_KTEVQTGGFSKESILPK P2_DKQSGK 11 2;Scan: 72781 Run: DIA12_CV48:20251228_A2_N1_Mueller_MS_TechHub_IMP_THIDDIAXL003_Cas9_PhoX_DIA12_CV48_250ng_FAIMS_001 P1_TEVQTGGFSKESILPK P2_DKQSGK 10 2,Q99ZW2,null,,false,Q99ZW2,null,,false,673,1107,,6.680885,false,true,false,false,2,2,Self,0.003497,0.003933,0.00304,,4.602581,4.842569,,0,0,0,,0.003195,0,,0
496,671;636,Scan: 813333 Run: DIA12_CV48:20251228_A2_N1_Mueller_MS_TechHub_IMP_THIDDIAXL003_Cas9_PhoX_DIA12_CV48_250ng_FAIMS_002 P1_RLENLIAQLPGEKK P2_ENQTTQKGQK 13 7;Scan: 216111 Run: DIA12_CV48:20251228_A2_N1_Mueller_MS_TechHub_IMP_THIDDIAXL003_Cas9_PhoX_DIA12_CV48_250ng_FAIMS_001 P1_LENLIAQLPGEKK P2_ENQTTQKGQK 12 7,Q99ZW2,null,,false,Q99ZW2,null,,false,772,233,,6.667045,false,true,false,false,2,2,Self,0.003497,0.003939,0.003058,4.738668,4.689831,,,0,0,0,,0.004329,0.001976,,0
346,783;429,Scan: 1012842 Run: DIA12_CV48:20251228_A2_N1_Mueller_MS_TechHub_IMP_THIDDIAXL003_Cas9_PhoX_DIA12_CV48_250ng_FAIMS_002 P1_KVTVKQLK P2_KIECFDSVEISGVEDR 5 1;Scan: 415650 Run: DIA12_CV48:20251228_A2_N1_Mueller_MS_TechHub_IMP_THIDDIAXL003_Cas9_PhoX_DIA12_CV48_250ng_FAIMS_001 P1_VTVKQLK P2_KIECFDSVEISGVEDR 4 1,Q99ZW2,null,,false,Q99ZW2,null,,false,571,562,,6.664357,false,true,false,false,2,2,Self,0.003497,0.003941,0.003058,4.912392,4.503562,3.712827,,0,0,0,,0.003195,0,,0
779,78,Scan: 1455761 Run: DIA12_CV48:20251228_A2_N1_Mueller_MS_TechHub_IMP_THIDDIAXL003_Cas9_PhoX_DIA12_CV48_250ng_FAIMS_003 P1_YKEIFFDQSK P2_SKLVSDFR 2 2;Scan: 1185287 Run: DIA12_CV48:20251228_A2_N1_Mueller_MS_TechHub_IMP_THIDDIAXL003_Cas9_PhoX_DIA12_CV48_250ng_FAIMS_002 P1_YKEIFFDQSK P2_SKLVSDFR 2 2,Q99ZW2,null,,false,Q99ZW2,null,,false,961,348,,6.66154,false,true,false,false,2,1,Self,0.003497,0.003942,0.003058,4.317086,,5.07335,,0,0,0,,0,0,,0
778,462,Scan: 77056 Run: DIA12_CV48:20251228_A2_N1_Mueller_MS_TechHub_IMP_THIDDIAXL003_Cas9_PhoX_DIA12_CV48_250ng_FAIMS_001 P1_YDEHHQDLTLLKALVR P2_LEESFLVEEDKKHER 12 11;Scan: 844136 Run: DIA12_CV48:20251228_A2_N1_Mueller_MS_TechHub_IMP_THIDDIAXL003_Cas9_PhoX_DIA12_CV48_250ng_FAIMS_002 P1_YDEHHQDLTLLKALVR P2_LEESFLVEEDKKHER 12 11,Q99ZW2,null,,false,Q99ZW2,null,,false,111,336,,6.654509,false,true,false,false,2,1,Self,0.003497,0.003946,0.003058,4.531228,4.873445,,,0,0,0,,0,0,,0
457,672;583,Scan: 791509 Run: DIA12_CV48:20251228_A2_N1_Mueller_MS_TechHub_IMP_THIDDIAXL003_Cas9_PhoX_DIA12_CV48_250ng_FAIMS_002 P1_RNSDKLIAR P2_EQAENIIHLFTLTNLGAPAAFKYFDTTIDR 5 22;Scan: 194108 Run: DIA12_CV48:20251228_A2_N1_Mueller_MS_TechHub_IMP_THIDDIAXL003_Cas9_PhoX_DIA12_CV48_250ng_FAIMS_001 P1_NSDKLIAR P2_EQAENIIHLFTLTNLGAPAAFKYFDTTIDR 4 22,Q99ZW2,null,,false,Q99ZW2,null,,false,1325,1118,,6.627077,false,true,false,false,2,2,Self,0.003497,0.003959,0.003067,4.741833,4.629597,,,0,0,0,,0.004329,0.001976,,0
775,483,Scan: 1286889 Run: DIA12_CV48:20251228_A2_N1_Mueller_MS_TechHub_IMP_THIDDIAXL003_Cas9_PhoX_DIA12_CV48_250ng_FAIMS_003 P1_NSDKLIAR P2_GQKNSR 4 3;Scan: 1286926 Run: DIA12_CV48:20251228_A2_N1_Mueller_MS_TechHub_IMP_THIDDIAXL003_Cas9_PhoX_DIA12_CV48_250ng_FAIMS_003 P1_NSDKLIAR P2_GQKNSR 4 3,Q99ZW2,null,,false,Q99ZW2,null,,false,775,1118,,6.617233,false,true,false,false,2,1,Self,0.003497,0.003964,0.003077,,4.621681,4.805393,,0,0,0,,0,0.001976,,0
774,488,Scan: 1007505 Run: DIA12_CV48:20251228_A2_N1_Mueller_MS_TechHub_IMP_THIDDIAXL003_Cas9_PhoX_DIA12_CV48_250ng_FAIMS_002 P1_KVTVK P2_KVTVK 1 1;Scan: 410421 Run: DIA12_CV48:20251228_A2_N1_Mueller_MS_TechHub_IMP_THIDDIAXL003_Cas9_PhoX_DIA12_CV48_250ng_FAIMS_001 P1_KVTVK P2_KVTVK 1 1,Q99ZW2,null,,false,Q99ZW2,null,,false,558,558,,6.615901,false,true,false,false,2,1,Self,0.003497,0.003965,0.003077,4.553926,4.799157,,,0,0,0,,0,0.001976,,0
773,1011,Scan: 1501828 Run: DIA12_CV48:20251228_A2_N1_Mueller_MS_TechHub_IMP_THIDDIAXL003_Cas9_PhoX_DIA12_CV48_250ng_FAIMS_003 P1_KSEETITPWNFEEVVDK P2_KSEETITPWNFEEVVDK 1 1,Q99ZW2,null,,false,Q99ZW2,null,,false,468,468,,6.612578,false,true,false,false,1,1,Self,0.003497,0.003966,0.003096,,,6.612578,,0,0,0,,0,0,,0
772,544,Scan: 103626 Run: DIA12_CV48:20251228_A2_N1_Mueller_MS_TechHub_IMP_THIDDIAXL003_Cas9_PhoX_DIA12_CV48_250ng_FAIMS_001 P1_KYGGFDSPTVAYSVLVVAK P2_ESILPKR 1 6;Scan: 1297880 Run: DIA12_CV48:20251228_A2_N1_Mueller_MS_TechHub_IMP_THIDDIAXL003_Cas9_PhoX_DIA12_CV48_250ng_FAIMS_003 P1_KYGGFDSPTVAYSVLVVAK P2_ESILPKR 1 6,Q99ZW2,null,,false,Q99ZW2,null,,false,1113,1130,,6.600319,false,true,false,false,2,1,Self,0.003497,0.003972,0.003115,,4.738024,4.595143,,0,0,0,,0,0.001976,,0
769,1010,Scan: 904667 Run: DIA12_CV48:20251228_A2_N1_Mueller_MS_TechHub_IMP_THIDDIAXL003_Cas9_PhoX_DIA12_CV48_250ng_FAIMS_002 P1_KSEETITPWNFEEVVDK P2_KNLIGALLFDSGETAEATR 1 1,Q99ZW2,null,,false,Q99ZW2,null,,false,45,468,,6.583113,false,true,false,false,1,1,Self,0.003497,0.003981,0.003115,6.583113,5.183354,,,0,0,0,,0,0,,0
768,391,Scan: 1049659 Run: DIA12_CV48:20251228_A2_N1_Mueller_MS_TechHub_IMP_THIDDIAXL003_Cas9_PhoX_DIA12_CV48_250ng_FAIMS_002 P1_ESILPKR P2_EDIQKAQVSGQGDSLHEHIANLAGSPAIK 6 5;Scan: 1049723 Run: DIA12_CV48:20251228_A2_N1_Mueller_MS_TechHub_IMP_THIDDIAXL003_Cas9_PhoX_DIA12_CV48_250ng_FAIMS_002 P1_ESILPKR P2_EDIQKAQVSGQGDSLHEHIANLAGSPAIK 6 5,Q99ZW2,null,,false,Q99ZW2,null,,false,710,1113,,6.581932,false,true,false,false,2,1,Self,0.003497,0.003981,0.003125,4.824195,,,,0,0,0,,0,0.001976,,0
767,152,Scan: 215022 Run: DIA12_CV48:20251228_A2_N1_Mueller_MS_TechHub_IMP_THIDDIAXL003_Cas9_PhoX_DIA12_CV48_250ng_FAIMS_001 P1_RLENLIAQLPGEKK P2_KPAFLSGEQK 13 1;Scan: 1409149 Run: DIA12_CV48:20251228_A2_N1_Mueller_MS_TechHub_IMP_THIDDIAXL003_Cas9_PhoX_DIA12_CV48_250ng_FAIMS_003 P1_RLENLIAQLPGEKK P2_KPAFLSGEQK 13 1,Q99ZW2,null,,false,Q99ZW2,null,,false,536,233,,6.577496,false,true,false,false,2,1,Self,0.003497,0.003983,0.003135,3.444358,4.349165,4.934391,,0,0,0,,0,0,,0
171,775;206,Scan: 94744 Run: DIA12_CV48:20251228_A2_N1_Mueller_MS_TechHub_IMP_THIDDIAXL003_Cas9_PhoX_DIA12_CV48_250ng_FAIMS_001 P1_KKDWDPK P2_ESILPKR 1 6;Scan: 1288977 Run: DIA12_CV48:20251228_A2_N1_Mueller_MS_TechHub_IMP_THIDDIAXL003_Cas9_PhoX_DIA12_CV48_250ng_FAIMS_003 P1_KKDWDPKK P2_ESILPKR 1 6,Q99ZW2,null,,false,Q99ZW2,null,,false,1113,1123,,6.569586,false,true,false,false,2,2,Self,0.003497,0.003987,0.003145,,4.903004,4.372642,,0,0,0,,0.003195,0,,0
765,450,Scan: 588490 Run: DIA12_CV48:20251228_A2_N1_Mueller_MS_TechHub_IMP_THIDDIAXL003_Cas9_PhoX_DIA12_CV48_250ng_FAIMS_001 P1_SKLVSDFR P2_KPAFLSGEQK 2 1;Scan: 588532 Run: DIA12_CV48:20251228_A2_N1_Mueller_MS_TechHub_IMP_THIDDIAXL003_Cas9_PhoX_DIA12_CV48_250ng_FAIMS_001 P1_SKLVSDFR P2_KPAFLSGEQK 2 1,Q99ZW2,null,,false,Q99ZW2,null,,false,536,961,,6.540821,false,true,false,false,2,1,Self,0.003497,0.004001,0.003175,,4.730431,,,0,0,0,,0,0.001976,,0
764,438,Scan: 632873 Run: DIA12_CV48:20251228_A2_N1_Mueller_MS_TechHub_IMP_THIDDIAXL003_Cas9_PhoX_DIA12_CV48_250ng_FAIMS_002 P1_KTEVQTGGFSK P2_KTEVQTGGFSK 1 1;Scan: 1229999 Run: DIA12_CV48:20251228_A2_N1_Mueller_MS_TechHub_IMP_THIDDIAXL003_Cas9_PhoX_DIA12_CV48_250ng_FAIMS_003 P1_KTEVQTGGFSK P2_KTEVQTGGFSK 1 1,Q99ZW2,null,,false,Q99ZW2,null,,false,1097,1097,,6.525912,false,true,false,false,2,1,Self,0.003497,0.004009,0.003215,4.507624,,4.718989,,0,0,0,,0,0.001976,,0
762,1009,Scan: 305979 Run: DIA12_CV48:20251228_A2_N1_Mueller_MS_TechHub_IMP_THIDDIAXL003_Cas9_PhoX_DIA12_CV48_250ng_FAIMS_001 P1_RQEDFYPFLKDNR P2_KSEETITPWNFEEVVDK 10 1,Q99ZW2,null,,false,Q99ZW2,null,,false,468,434,,6.506268,false,true,false,false,1,1,Self,0.003497,0.004018,0.003215,,6.506268,,,0,0,0,,0,0,,0
390,592;492,Scan: 665758 Run: DIA12_CV48:20251228_A2_N1_Mueller_MS_TechHub_IMP_THIDDIAXL003_Cas9_PhoX_DIA12_CV48_250ng_FAIMS_002 P1_TEVQTGGFSKESILPK P2_DLIIKLPK 10 5;Scan: 68314 Run: DIA12_CV48:20251228_A2_N1_Mueller_MS_TechHub_IMP_THIDDIAXL003_Cas9_PhoX_DIA12_CV48_250ng_FAIMS_001 P1_KTEVQTGGFSKESILPK P2_DLIIKLPK 11 5,Q99ZW2,null,,false,Q99ZW2,null,,false,1197,1107,,6.502311,false,true,false,false,2,2,Self,0.003497,0.00402,0.003215,4.640255,4.555006,,,0,0,0,,0.004329,0.001976,,0
761,251,Scan: 241654 Run: DIA12_CV48:20251228_A2_N1_Mueller_MS_TechHub_IMP_THIDDIAXL003_Cas9_PhoX_DIA12_CV48_250ng_FAIMS_001 P1_KKDWDPK P2_FKVLGNTDR 1 2;Scan: 1435844 Run: DIA12_CV48:20251228_A2_N1_Mueller_MS_TechHub_IMP_THIDDIAXL003_Cas9_PhoX_DIA12_CV48_250ng_FAIMS_003 P1_KKDWDPK P2_FKVLGNTDR 1 2,Q99ZW2,null,,false,Q99ZW2,null,,false,33,1123,,6.496913,false,true,false,false,2,1,Self,0.003497,0.004023,0.003215,,4.786936,4.39262,,0,0,0,,0,0.001976,,0
760,67,Scan: 1202277 Run: DIA12_CV48:20251228_A2_N1_Mueller_MS_TechHub_IMP_THIDDIAXL003_Cas9_PhoX_DIA12_CV48_250ng_FAIMS_003 P1_YDENDKLIR P2_LESEFVYGDYKVYDVR 6 11;Scan: 1202260 Run: DIA12_CV48:20251228_A2_N1_Mueller_MS_TechHub_IMP_THIDDIAXL003_Cas9_PhoX_DIA12_CV48_250ng_FAIMS_003 P1_YDENDKLIR P2_LESEFVYGDYKVYDVR 6 11,Q99ZW2,null,,false,Q99ZW2,null,,false,1014,948,,6.487252,false,true,false,false,2,1,Self,0.003497,0.004028,0.003236,,,4.846073,,0,0,0,,0,0,,0
153,702;182,Scan: 340918 Run: DIA12_CV48:20251228_A2_N1_Mueller_MS_TechHub_IMP_THIDDIAXL003_Cas9_PhoX_DIA12_CV48_250ng_FAIMS_001 P1_KSEETITPWNFEEVVDKGASAQSFIER P2_ESILPKR 17 6;Scan: 937950 Run: DIA12_CV48:20251228_A2_N1_Mueller_MS_TechHub_IMP_THIDDIAXL003_Cas9_PhoX_DIA12_CV48_250ng_FAIMS_002 P1_SEETITPWNFEEVVDKGASAQSFIER P2_ESILPKR 16 6,Q99ZW2,null,,false,Q99ZW2,null,,false,1113,484,,6.484835,false,true,false,false,2,2,Self,0.003497,0.004029,0.003236,4.36239,4.798192,,,0,0,0,,0.004329,0.001976,,0
757,1007,Scan: 741111 Run: DIA12_CV48:20251228_A2_N1_Mueller_MS_TechHub_IMP_THIDDIAXL003_Cas9_PhoX_DIA12_CV48_250ng_FAIMS_002 P1_LPKYSLFELENGR P2_KYGGFDSPTVAYSVLVVAK 3 1,Q99ZW2,null,,false,Q99ZW2,null,,false,1130,1200,,6.45921,false,true,false,false,1,1,Self,0.003497,0.004042,0.003268,6.45921,,,,0,0,0,,0,0,,0
756,500,Scan: 1547329 Run: DIA12_CV48:20251228_A2_N1_Mueller_MS_TechHub_IMP_THIDDIAXL003_Cas9_PhoX_DIA12_CV48_250ng_FAIMS_003 P1_SSFEKNPIDFLEAK P2_MTNFDKNLPNEK 5 6;Scan: 353180 Run: DIA12_CV48:20251228_A2_N1_Mueller_MS_TechHub_IMP_THIDDIAXL003_Cas9_PhoX_DIA12_CV48_250ng_FAIMS_001 P1_SSFEKNPIDFLEAK P2_MTNFDKNLPNEK 5 6,Q99ZW2,null,,false,Q99ZW2,null,,false,500,1176,,6.458505,false,true,false,false,2,1,Self,0.003497,0.004042,0.003268,4.241396,4.559001,4.574691,,0,0,0,,0,0.001976,,0
755,237,Scan: 260186 Run: DIA12_CV48:20251228_A2_N1_Mueller_MS_TechHub_IMP_THIDDIAXL003_Cas9_PhoX_DIA12_CV48_250ng_FAIMS_001 P1_YKEIFFDQSK P2_KLINGIR 2 1;Scan: 260215 Run: DIA12_CV48:20251228_A2_N1_Mueller_MS_TechHub_IMP_THIDDIAXL003_Cas9_PhoX_DIA12_CV48_250ng_FAIMS_001 P1_YKEIFFDQSK P2_KLINGIR 2 1,Q99ZW2,null,,false,Q99ZW2,null,,false,665,348,,6.455026,false,true,false,false,2,1,Self,0.003497,0.004044,0.003279,,4.734113,4.387531,,0,0,0,,0,0.001976,,0
751,88,Scan: 898995 Run: DIA12_CV48:20251228_A2_N1_Mueller_MS_TechHub_IMP_THIDDIAXL003_Cas9_PhoX_DIA12_CV48_250ng_FAIMS_002 P1_KSEETITPWNFEEVVDK P2_KDLIIK 1 1;Scan: 1496215 Run: DIA12_CV48:20251228_A2_N1_Mueller_MS_TechHub_IMP_THIDDIAXL003_Cas9_PhoX_DIA12_CV48_250ng_FAIMS_003 P1_KSEETITPWNFEEVVDK P2_KDLIIK 1 1,Q99ZW2,null,,false,Q99ZW2,null,,false,1192,468,,6.449389,false,true,false,false,2,1,Self,0.003497,0.004046,0.003279,4.788417,,4.320381,,0,0,0,,0,0.001976,,0
750,449,Scan: 290168 Run: DIA12_CV48:20251228_A2_N1_Mueller_MS_TechHub_IMP_THIDDIAXL003_Cas9_PhoX_DIA12_CV48_250ng_FAIMS_001 P1_FKVLGNTDR P2_EKIEKILTFR 2 2;Scan: 840232 Run: DIA12_CV48:20251228_A2_N1_Mueller_MS_TechHub_IMP_THIDDIAXL003_Cas9_PhoX_DIA12_CV48_250ng_FAIMS_002 P1_FKVLGNTDR P2_EKIEKILTFR 2 2,Q99ZW2,null,,false,Q99ZW2,null,,false,439,33,,6.44704,false,true,false,false,2,1,Self,0.003497,0.004048,0.003289,4.599919,4.517196,,,0,0,0,,0,0.001976,,0
746,0,Scan: 1742588 Run: DIA12_CV48:20251228_A2_N1_Mueller_MS_TechHub_IMP_THIDDIAXL003_Cas9_PhoX_DIA12_CV48_250ng_FAIMS_003 P1_GKSDNVPSEEVVK P2_GKSDNVPSEEVVK 2 2;Scan: 1145520 Run: DIA12_CV48:20251228_A2_N1_Mueller_MS_TechHub_IMP_THIDDIAXL003_Cas9_PhoX_DIA12_CV48_250ng_FAIMS_002 P1_GKSDNVPSEEVVK P2_GKSDNVPSEEVVK 2 2,Q99ZW2,null,,false,Q99ZW2,null,,false,866,866,,6.436745,false,true,false,false,2,1,Self,0.003497,0.004053,0.0033,4.284716,,4.803426,,0,0,0,,0,0.001976,,0
745,183,Scan: 1567871 Run: DIA12_CV48:20251228_A2_N1_Mueller_MS_TechHub_IMP_THIDDIAXL003_Cas9_PhoX_DIA12_CV48_250ng_FAIMS_003 P1_VKYVTEGMR P2_FKVLGNTDR 2 2;Scan: 373644 Run: DIA12_CV48:20251228_A2_N1_Mueller_MS_TechHub_IMP_THIDDIAXL003_Cas9_PhoX_DIA12_CV48_250ng_FAIMS_001 P1_VKYVTEGMR P2_FKVLGNTDR 2 2,Q99ZW2,null,,false,Q99ZW2,null,,false,33,528,,6.426587,false,true,false,false,2,1,Self,0.003497,0.004058,0.003311,4.381706,4.3625,4.71907,,0,0,0,,0,0.001976,,0
743,311,Scan: 743674 Run: DIA12_CV48:20251228_A2_N1_Mueller_MS_TechHub_IMP_THIDDIAXL003_Cas9_PhoX_DIA12_CV48_250ng_FAIMS_002 P1_LPKYSLFELENGR P2_KLINGIR 3 1;Scan: 1340743 Run: DIA12_CV48:20251228_A2_N1_Mueller_MS_TechHub_IMP_THIDDIAXL003_Cas9_PhoX_DIA12_CV48_250ng_FAIMS_003 P1_LPKYSLFELENGR P2_KLINGIR 3 1,Q99ZW2,null,,false,Q99ZW2,null,,false,665,1200,,6.415581,false,true,false,false,2,1,Self,0.003497,0.004063,0.003344,4.425536,,4.644815,,0,0,0,,0,0.001976,,0
742,466,Scan: 1157047 Run: DIA12_CV48:20251228_A2_N1_Mueller_MS_TechHub_IMP_THIDDIAXL003_Cas9_PhoX_DIA12_CV48_250ng_FAIMS_002 P1_QLLNAKLITQR P2_GQKNSR 6 3;Scan: 1110306 Run: DIA12_CV48:20251228_A2_N1_Mueller_MS_TechHub_IMP_THIDDIAXL003_Cas9_PhoX_DIA12_CV48_250ng_FAIMS_002 P1_QLLNAKLITQR P2_GQKNSR 6 3,Q99ZW2,null,,false,Q99ZW2,null,,false,775,890,,6.413749,false,true,false,false,2,1,Self,0.003497,0.004064,0.003344,4.537604,,4.030496,,0,0,0,,0,0.005545,,0
741,239,Scan: 1390941 Run: DIA12_CV48:20251228_A2_N1_Mueller_MS_TechHub_IMP_THIDDIAXL003_Cas9_PhoX_DIA12_CV48_250ng_FAIMS_003 P1_YTSTKEVLDATLIHQSITGLYETR P2_NSDKLIAR 5 4;Scan: 196870 Run: DIA12_CV48:20251228_A2_N1_Mueller_MS_TechHub_IMP_THIDDIAXL003_Cas9_PhoX_DIA12_CV48_250ng_FAIMS_001 P1_YTSTKEVLDATLIHQSITGLYETR P2_NSDKLIAR 5 4,Q99ZW2,null,,false,Q99ZW2,null,,false,1118,1340,,6.403672,false,true,false,false,2,1,Self,0.003497,0.004069,0.003344,,4.390275,4.661813,,0,0,0,,0,0.001976,,0
295,543;366,Scan: 356001 Run: DIA12_CV48:20251228_A2_N1_Mueller_MS_TechHub_IMP_THIDDIAXL003_Cas9_PhoX_DIA12_CV48_250ng_FAIMS_001 P1_MTNFDKNLPNEK P2_KSEETITPWNFEEVVDKGASAQSFIER 6 1;Scan: 307876 Run: DIA12_CV48:20251228_A2_N1_Mueller_MS_TechHub_IMP_THIDDIAXL003_Cas9_PhoX_DIA12_CV48_250ng_FAIMS_001 P1_MTNFDKNLPNEK P2_KSEETITPWNFEEVVDK 6 1,Q99ZW2,null,,false,Q99ZW2,null,,false,468,500,,6.400457,false,true,false,false,2,2,Self,0.003497,0.00407,0.003344,4.346958,4.593234,,,0,0,0,,0.004329,0.001976,,0
740,318,Scan: 482866 Run: DIA12_CV48:20251228_A2_N1_Mueller_MS_TechHub_IMP_THIDDIAXL003_Cas9_PhoX_DIA12_CV48_250ng_FAIMS_001 P1_KTEVQTGGFSK P2_KGILQTVK 1 1;Scan: 40635 Run: DIA12_CV48:20251228_A2_N1_Mueller_MS_TechHub_IMP_THIDDIAXL003_Cas9_PhoX_DIA12_CV48_250ng_FAIMS_001 P1_KTEVQTGGFSK P2_KGILQTVK 1 1,Q99ZW2,null,,false,Q99ZW2,null,,false,735,1097,,6.38762,false,true,false,false,2,1,Self,0.003497,0.004077,0.003356,,4.603765,,,0,0,0,,0,0.001976,,0
739,223,Scan: 1710857 Run: DIA12_CV48:20251228_A2_N1_Mueller_MS_TechHub_IMP_THIDDIAXL003_Cas9_PhoX_DIA12_CV48_250ng_FAIMS_003 P1_SKLVSDFR P2_IEEGIKELGSQILK 2 6;Scan: 589311 Run: DIA12_CV48:20251228_A2_N1_Mueller_MS_TechHub_IMP_THIDDIAXL003_Cas9_PhoX_DIA12_CV48_250ng_FAIMS_001 P1_SKLVSDFR P2_IEEGIKELGSQILK 2 6,Q99ZW2,null,,false,Q99ZW2,null,,false,789,961,,6.38362,false,true,false,false,2,1,Self,0.003497,0.004079,0.003356,,4.382309,4.641765,,0,0,0,,0,0.001976,,0
738,199,Scan: 361750 Run: DIA12_CV48:20251228_A2_N1_Mueller_MS_TechHub_IMP_THIDDIAXL003_Cas9_PhoX_DIA12_CV48_250ng_FAIMS_001 P1_VLPKHSLLYEYFTVYNELTK P2_KDLIIK 4 1;Scan: 361683 Run: DIA12_CV48:20251228_A2_N1_Mueller_MS_TechHub_IMP_THIDDIAXL003_Cas9_PhoX_DIA12_CV48_250ng_FAIMS_001 P1_VLPKHSLLYEYFTVYNELTK P2_KDLIIK 4 1,Q99ZW2,null,,false,Q99ZW2,null,,false,1192,510,,6.373678,false,true,false,false,2,1,Self,0.003497,0.004084,0.00339,,4.640788,,,0,0,0,,0,0.001976,,0
737,332,Scan: 695236 Run: DIA12_CV48:20251228_A2_N1_Mueller_MS_TechHub_IMP_THIDDIAXL003_Cas9_PhoX_DIA12_CV48_250ng_FAIMS_002 P1_SNFDLAEDAKLQLSK P2_KDWDPK 10 1;Scan: 225646 Run: DIA12_CV48:20251228_A2_N1_Mueller_MS_TechHub_IMP_THIDDIAXL003_Cas9_PhoX_DIA12_CV48_250ng_FAIMS_001 P1_SNFDLAEDAKLQLSK P2_KDWDPK 10 1,Q99ZW2,null,,false,Q99ZW2,null,,false,1124,263,,6.360569,false,true,false,false,2,1,Self,0.003497,0.00409,0.003401,4.556713,4.437702,,,0,0,0,,0,0.003724,,0
736,382,Scan: 871663 Run: DIA12_CV48:20251228_A2_N1_Mueller_MS_TechHub_IMP_THIDDIAXL003_Cas9_PhoX_DIA12_CV48_250ng_FAIMS_002 P1_NSDKLIAR P2_NGYAGYIDGGASQEEFYKFIKPILEK 4 18;Scan: 274691 Run: DIA12_CV48:20251228_A2_N1_Mueller_MS_TechHub_IMP_THIDDIAXL003_Cas9_PhoX_DIA12_CV48_250ng_FAIMS_001 P1_NSDKLIAR P2_NGYAGYIDGGASQEEFYKFIKPILEK 4 18,Q99ZW2,null,,false,Q99ZW2,null,,false,374,1118,,6.352397,false,true,false,false,2,1,Self,0.003497,0.004094,0.003401,4.512658,4.470891,,,0,0,0,,0,0.007067,,0
734,10,Scan: 684617 Run: DIA12_CV48:20251228_A2_N1_Mueller_MS_TechHub_IMP_THIDDIAXL003_Cas9_PhoX_DIA12_CV48_250ng_FAIMS_002 P1_SNFDLAEDAKLQLSK P2_NSDKLIAR 10 4;Scan: 1419372 Run: DIA12_CV48:20251228_A2_N1_Mueller_MS_TechHub_IMP_THIDDIAXL003_Cas9_PhoX_DIA12_CV48_250ng_FAIMS_003 P1_SNFDLAEDAKLQLSK P2_NSDKLIAR 10 4,Q99ZW2,null,,false,Q99ZW2,null,,false,1118,263,,6.341344,false,true,false,false,2,1,Self,0.003497,0.004099,0.003425,4.670841,4.644401,4.289042,,0,0,0,,0,0.001976,,0
733,134,Scan: 1101116 Run: DIA12_CV48:20251228_A2_N1_Mueller_MS_TechHub_IMP_THIDDIAXL003_Cas9_PhoX_DIA12_CV48_250ng_FAIMS_002 P1_VVDELVKVMGR P2_KLINGIR 7 1;Scan: 1101052 Run: DIA12_CV48:20251228_A2_N1_Mueller_MS_TechHub_IMP_THIDDIAXL003_Cas9_PhoX_DIA12_CV48_250ng_FAIMS_002 P1_VVDELVKVMGR P2_KLINGIR 7 1,Q99ZW2,null,,false,Q99ZW2,null,,false,665,749,,6.336156,false,true,false,false,2,1,Self,0.003497,0.004102,0.003436,4.615616,,,,0,0,0,,0,0.001976,,0
729,343,Scan: 162588 Run: DIA12_CV48:20251228_A2_N1_Mueller_MS_TechHub_IMP_THIDDIAXL003_Cas9_PhoX_DIA12_CV48_250ng_FAIMS_001 P1_LKGSPEDNEQK P2_FKVLGNTDR 2 2;Scan: 1356836 Run: DIA12_CV48:20251228_A2_N1_Mueller_MS_TechHub_IMP_THIDDIAXL003_Cas9_PhoX_DIA12_CV48_250ng_FAIMS_003 P1_LKGSPEDNEQK P2_FKVLGNTDR 2 2,Q99ZW2,null,,false,Q99ZW2,null,,false,33,1246,,6.307809,false,true,false,false,2,1,Self,0.003497,0.004116,0.003448,,4.475392,4.445145,,0,0,0,,0,0.011327,,0
241,425;295,Scan: 1102059 Run: DIA12_CV48:20251228_A2_N1_Mueller_MS_TechHub_IMP_THIDDIAXL003_Cas9_PhoX_DIA12_CV48_250ng_FAIMS_002 P1_MNTKYDENDK P2_HKPENIVIEMAR 4 2;Scan: 1699063 Run: DIA12_CV48:20251228_A2_N1_Mueller_MS_TechHub_IMP_THIDDIAXL003_Cas9_PhoX_DIA12_CV48_250ng_FAIMS_003 P1_MNTKYDENDKLIR P2_HKPENIVIEMAR 4 2,Q99ZW2,null,,false,Q99ZW2,null,,false,755,942,,6.304147,false,true,false,false,2,2,Self,0.003497,0.004118,0.003448,4.501035,,4.41395,,0,0,0,,0.012987,0.009804,,0
728,291,Scan: 1138828 Run: DIA12_CV48:20251228_A2_N1_Mueller_MS_TechHub_IMP_THIDDIAXL003_Cas9_PhoX_DIA12_CV48_250ng_FAIMS_002 P1_GQKNSR P2_DDSIDNKVLTR 3 7;Scan: 1706964 Run: DIA12_CV48:20251228_A2_N1_Mueller_MS_TechHub_IMP_THIDDIAXL003_Cas9_PhoX_DIA12_CV48_250ng_FAIMS_003 P1_GQKNSR P2_DDSIDNKVLTR 3 7,Q99ZW2,null,,false,Q99ZW2,null,,false,855,775,,6.303552,false,true,false,false,2,1,Self,0.003497,0.004118,0.003448,4.412129,,4.501987,,0,0,0,,0,0.009804,,0
727,80,Scan: 898219 Run: DIA12_CV48:20251228_A2_N1_Mueller_MS_TechHub_IMP_THIDDIAXL003_Cas9_PhoX_DIA12_CV48_250ng_FAIMS_002 P1_KSEETITPWNFEEVVDK P2_KKDWDPK 1 1;Scan: 898230 Run: DIA12_CV48:20251228_A2_N1_Mueller_MS_TechHub_IMP_THIDDIAXL003_Cas9_PhoX_DIA12_CV48_250ng_FAIMS_002 P1_KSEETITPWNFEEVVDK P2_KKDWDPK 1 1,Q99ZW2,null,,false,Q99ZW2,null,,false,1123,468,,6.274742,false,true,false,false,2,1,Self,0.003497,0.004132,0.003472,4.553085,,,,0,0,0,,0,0.003724,,0
724,100,Scan: 1450083 Run: DIA12_CV48:20251228_A2_N1_Mueller_MS_TechHub_IMP_THIDDIAXL003_Cas9_PhoX_DIA12_CV48_250ng_FAIMS_003 P1_YKEIFFDQSK P2_HPIFGNIVDEVAYHEKYPTIYHLR 2 16;Scan: 1384265 Run: DIA12_CV48:20251228_A2_N1_Mueller_MS_TechHub_IMP_THIDDIAXL003_Cas9_PhoX_DIA12_CV48_250ng_FAIMS_003 P1_YKEIFFDQSK P2_HPIFGNIVDEVAYHEKYPTIYHLR 2 16,Q99ZW2,null,,false,Q99ZW2,null,,false,131,348,,6.266404,false,true,false,false,2,1,Self,0.003497,0.004136,0.003484,,,4.53366,,0,0,0,,0,0.007067,,0
150,416;178,Scan: 1292694 Run: DIA12_CV48:20251228_A2_N1_Mueller_MS_TechHub_IMP_THIDDIAXL003_Cas9_PhoX_DIA12_CV48_250ng_FAIMS_003 P1_KDWDPK P2_EDIQKAQVSGQGDSLHEHIANLAGSPAIK 1 5;Scan: 98473 Run: DIA12_CV48:20251228_A2_N1_Mueller_MS_TechHub_IMP_THIDDIAXL003_Cas9_PhoX_DIA12_CV48_250ng_FAIMS_001 P1_KKDWDPK P2_EDIQKAQVSGQGDSLHEHIANLAGSPAIK 2 5,Q99ZW2,null,,false,Q99ZW2,null,,false,710,1124,,6.263537,false,true,false,false,2,2,Self,0.003497,0.004138,0.003497,,4.36181,4.495165,,0,0,0,,0.012987,0.009804,,0
145,401;170,Scan: 311060 Run: DIA12_CV48:20251228_A2_N1_Mueller_MS_TechHub_IMP_THIDDIAXL003_Cas9_PhoX_DIA12_CV48_250ng_FAIMS_001 P1_KSEETITPWNFEEVVDK P2_DKQSGK 1 2;Scan: 1505434 Run: DIA12_CV48:20251228_A2_N1_Mueller_MS_TechHub_IMP_THIDDIAXL003_Cas9_PhoX_DIA12_CV48_250ng_FAIMS_003 P1_KSEETITPWNFEEVVDKGASAQSFIER P2_DKQSGK 1 2,Q99ZW2,null,,false,Q99ZW2,null,,false,673,468,,6.254169,false,true,false,false,2,2,Self,0.003497,0.004142,0.003509,,4.48533,4.358492,,0,0,0,,0.012987,0.009804,,0
723,235,Scan: 1631211 Run: DIA12_CV48:20251228_A2_N1_Mueller_MS_TechHub_IMP_THIDDIAXL003_Cas9_PhoX_DIA12_CV48_250ng_FAIMS_003 P1_SSFEKNPIDFLEAK P2_DKQSGK 5 2;Scan: 437029 Run: DIA12_CV48:20251228_A2_N1_Mueller_MS_TechHub_IMP_THIDDIAXL003_Cas9_PhoX_DIA12_CV48_250ng_FAIMS_001 P1_SSFEKNPIDFLEAK P2_DKQSGK 5 2,Q99ZW2,null,,false,Q99ZW2,null,,false,673,1176,,6.244438,false,true,false,false,2,1,Self,0.003497,0.004147,0.003534,,4.445453,4.385311,,0,0,0,,0,0.014986,,0
165,358;198,Scan: 1448949 Run: DIA12_CV48:20251228_A2_N1_Mueller_MS_TechHub_IMP_THIDDIAXL003_Cas9_PhoX_DIA12_CV48_250ng_FAIMS_003 P1_YKEIFFDQSK P2_KDWDPK 2 1;Scan: 254782 Run: DIA12_CV48:20251228_A2_N1_Mueller_MS_TechHub_IMP_THIDDIAXL003_Cas9_PhoX_DIA12_CV48_250ng_FAIMS_001 P1_YKEIFFDQSK P2_KKDWDPK 2 2,Q99ZW2,null,,false,Q99ZW2,null,,false,1124,348,,6.236889,false,true,false,false,2,2,Self,0.003497,0.004151,0.003534,,4.367878,4.452014,,0,0,0,,0.018966,0.014986,,0
39,430;46,Scan: 580868 Run: DIA12_CV48:20251228_A2_N1_Mueller_MS_TechHub_IMP_THIDDIAXL003_Cas9_PhoX_DIA12_CV48_250ng_FAIMS_001 P1_MTNFDKNLPNEK P2_MNTKYDENDKLIR 6 4;Scan: 1177884 Run: DIA12_CV48:20251228_A2_N1_Mueller_MS_TechHub_IMP_THIDDIAXL003_Cas9_PhoX_DIA12_CV48_250ng_FAIMS_002 P1_MTNFDKNLPNEK P2_MNTKYDENDK 6 4,Q99ZW2,null,,false,Q99ZW2,null,,false,942,500,,6.229564,false,true,false,false,2,2,Self,0.003497,0.004154,0.003534,4.303758,4.503902,,,0,0,0,,0.012987,0.009804,,0
121,353;144,Scan: 1632761 Run: DIA12_CV48:20251228_A2_N1_Mueller_MS_TechHub_IMP_THIDDIAXL003_Cas9_PhoX_DIA12_CV48_250ng_FAIMS_003 P1_NSDKLIAR P2_DKQSGKTILDFLK 4 6;Scan: 1035647 Run: DIA12_CV48:20251228_A2_N1_Mueller_MS_TechHub_IMP_THIDDIAXL003_Cas9_PhoX_DIA12_CV48_250ng_FAIMS_002 P1_QSGKTILDFLK P2_NSDKLIAR 4 4,Q99ZW2,null,,false,Q99ZW2,null,,false,1118,677,,6.219463,false,true,false,false,2,2,Self,0.003497,0.004159,0.003559,4.344775,,4.450242,,0,0,0,,0.018966,0.014986,,0
722,204,Scan: 629619 Run: DIA12_CV48:20251228_A2_N1_Mueller_MS_TechHub_IMP_THIDDIAXL003_Cas9_PhoX_DIA12_CV48_250ng_FAIMS_002 P1_KVLSMPQVNIVK P2_FKVLGNTDR 1 2;Scan: 1226704 Run: DIA12_CV48:20251228_A2_N1_Mueller_MS_TechHub_IMP_THIDDIAXL003_Cas9_PhoX_DIA12_CV48_250ng_FAIMS_003 P1_KVLSMPQVNIVK P2_FKVLGNTDR 1 2,Q99ZW2,null,,false,Q99ZW2,null,,false,33,1085,,6.217935,false,true,false,false,2,1,Self,0.003497,0.00416,0.003559,4.372031,4.371152,4.421319,,0,0,0,,0,0.014986,,0
720,40,Scan: 304839 Run: DIA12_CV48:20251228_A2_N1_Mueller_MS_TechHub_IMP_THIDDIAXL003_Cas9_PhoX_DIA12_CV48_250ng_FAIMS_001 P1_YDEHHQDLTLLKALVR P2_KSEETITPWNFEEVVDK 12 1;Scan: 902045 Run: DIA12_CV48:20251228_A2_N1_Mueller_MS_TechHub_IMP_THIDDIAXL003_Cas9_PhoX_DIA12_CV48_250ng_FAIMS_002 P1_YDEHHQDLTLLKALVR P2_KSEETITPWNFEEVVDK 12 1,Q99ZW2,null,,false,Q99ZW2,null,,false,468,336,,6.198699,false,true,false,false,2,1,Self,0.003497,0.004169,0.00361,4.46333,4.301459,,,0,0,0,,0,0.014986,,0
106,309;127,Scan: 785295 Run: DIA12_CV48:20251228_A2_N1_Mueller_MS_TechHub_IMP_THIDDIAXL003_Cas9_PhoX_DIA12_CV48_250ng_FAIMS_002 P1_VLSAYNKHR P2_DKPIREQAENIIHLFTLTNLGAPAAFK 7 2;Scan: 784277 Run: DIA12_CV48:20251228_A2_N1_Mueller_MS_TechHub_IMP_THIDDIAXL003_Cas9_PhoX_DIA12_CV48_250ng_FAIMS_002 P1_VLSAYNKHR P2_DKPIR 7 2,Q99ZW2,null,,false,Q99ZW2,null,,false,1300,1296,,6.196713,false,true,false,false,2,2,Self,0.003497,0.00417,0.00361,4.424793,,,,0,0,0,,0.019048,0.014986,,0
719,135,Scan: 743334 Run: DIA12_CV48:20251228_A2_N1_Mueller_MS_TechHub_IMP_THIDDIAXL003_Cas9_PhoX_DIA12_CV48_250ng_FAIMS_002 P1_LPKYSLFELENGR P2_KPAFLSGEQK 3 1;Scan: 1340382 Run: DIA12_CV48:20251228_A2_N1_Mueller_MS_TechHub_IMP_THIDDIAXL003_Cas9_PhoX_DIA12_CV48_250ng_FAIMS_003 P1_LPKYSLFELENGR P2_KPAFLSGEQK 3 1,Q99ZW2,null,,false,Q99ZW2,null,,false,536,1200,,6.194691,false,true,false,false,2,1,Self,0.003497,0.004171,0.00361,4.340901,,4.419364,,0,0,0,,0,0.014986,,0
45,346;52,Scan: 589239 Run: DIA12_CV48:20251228_A2_N1_Mueller_MS_TechHub_IMP_THIDDIAXL003_Cas9_PhoX_DIA12_CV48_250ng_FAIMS_001 P1_SKLVSDFR P2_GQKNSR 2 3;Scan: 513359 Run: DIA12_CV48:20251228_A2_N1_Mueller_MS_TechHub_IMP_THIDDIAXL003_Cas9_PhoX_DIA12_CV48_250ng_FAIMS_001 P1_SKLVSDFRK P2_GQKNSR 2 3,Q99ZW2,null,,false,Q99ZW2,null,,false,775,961,,6.191877,false,true,false,false,2,2,Self,0.003497,0.004173,0.00361,,4.44722,,,0,0,0,,0.018966,0.014986,,0
158,238;189,Scan: 1034544 Run: DIA12_CV48:20251228_A2_N1_Mueller_MS_TechHub_IMP_THIDDIAXL003_Cas9_PhoX_DIA12_CV48_250ng_FAIMS_002 P1_EDIQKAQVSGQGDSLHEHIANLAGSPAIKK P2_DKQSGK 5 2;Scan: 1057351 Run: DIA12_CV48:20251228_A2_N1_Mueller_MS_TechHub_IMP_THIDDIAXL003_Cas9_PhoX_DIA12_CV48_250ng_FAIMS_002 P1_EDIQKAQVSGQGDSLHEHIANLAGSPAIK P2_DKQSGK 5 2,Q99ZW2,null,,false,Q99ZW2,null,,false,673,710,,6.191332,false,true,false,false,2,2,Self,0.003497,0.004173,0.00361,4.390059,,4.315824,,0,0,0,,0.02765,0.023622,,0
717,103,Scan: 795720 Run: DIA12_CV48:20251228_A2_N1_Mueller_MS_TechHub_IMP_THIDDIAXL003_Cas9_PhoX_DIA12_CV48_250ng_FAIMS_002 P1_YTSTKEVLDATLIHQSITGLYETR P2_FKVLGNTDR 5 2;Scan: 198693 Run: DIA12_CV48:20251228_A2_N1_Mueller_MS_TechHub_IMP_THIDDIAXL003_Cas9_PhoX_DIA12_CV48_250ng_FAIMS_001 P1_YTSTKEVLDATLIHQSITGLYETR P2_FKVLGNTDR 5 2,Q99ZW2,null,,false,Q99ZW2,null,,false,33,1340,,6.176924,false,true,false,false,2,1,Self,0.003497,0.00418,0.003636,4.327341,4.407778,,,0,0,0,,0,0.014986,,0
715,85,Scan: 1436491 Run: DIA12_CV48:20251228_A2_N1_Mueller_MS_TechHub_IMP_THIDDIAXL003_Cas9_PhoX_DIA12_CV48_250ng_FAIMS_003 P1_KLVDSTDK P2_FKVLGNTDR 1 2;Scan: 204353 Run: DIA12_CV48:20251228_A2_N1_Mueller_MS_TechHub_IMP_THIDDIAXL003_Cas9_PhoX_DIA12_CV48_250ng_FAIMS_001 P1_KLVDSTDK P2_FKVLGNTDR 1 2,Q99ZW2,null,,false,Q99ZW2,null,,false,33,141,,6.151948,false,true,false,false,2,1,Self,0.003497,0.004192,0.003676,,4.380256,4.319702,,0,0,0,,0.003195,0.024328,,0
55,185;64,Scan: 378928 Run: DIA12_CV48:20251228_A2_N1_Mueller_MS_TechHub_IMP_THIDDIAXL003_Cas9_PhoX_DIA12_CV48_250ng_FAIMS_001 P1_KPAFLSGEQK P2_KDLIIK 1 1;Scan: 733325 Run: DIA12_CV48:20251228_A2_N1_Mueller_MS_TechHub_IMP_THIDDIAXL003_Cas9_PhoX_DIA12_CV48_250ng_FAIMS_002 P1_KPAFLSGEQKK P2_KDLIIK 1 1,Q99ZW2,null,,false,Q99ZW2,null,,false,1192,536,,6.134314,false,true,false,false,2,2,Self,0.003497,0.004201,0.003717,4.31093,4.364137,4.20355,,0,0,0,,0.03343,0.028395,,0
714,39,Scan: 1571370 Run: DIA12_CV48:20251228_A2_N1_Mueller_MS_TechHub_IMP_THIDDIAXL003_Cas9_PhoX_DIA12_CV48_250ng_FAIMS_003 P1_KVLSMPQVNIVK P2_KPAFLSGEQK 1 1;Scan: 630022 Run: DIA12_CV48:20251228_A2_N1_Mueller_MS_TechHub_IMP_THIDDIAXL003_Cas9_PhoX_DIA12_CV48_250ng_FAIMS_002 P1_KVLSMPQVNIVK P2_KPAFLSGEQK 1 1,Q99ZW2,null,,false,Q99ZW2,null,,false,536,1085,,6.126065,false,true,false,false,2,1,Self,0.003497,0.004205,0.003717,4.36194,,4.301413,,0,0,0,,0.003195,0.028395,,0
713,25,Scan: 1657114 Run: DIA12_CV48:20251228_A2_N1_Mueller_MS_TechHub_IMP_THIDDIAXL003_Cas9_PhoX_DIA12_CV48_250ng_FAIMS_003 P1_VVDELVKVMGR P2_EDIQKAQVSGQGDSLHEHIANLAGSPAIK 7 5;Scan: 1698335 Run: DIA12_CV48:20251228_A2_N1_Mueller_MS_TechHub_IMP_THIDDIAXL003_Cas9_PhoX_DIA12_CV48_250ng_FAIMS_003 P1_VVDELVKVMGR P2_EDIQKAQVSGQGDSLHEHIANLAGSPAIK 7 5,Q99ZW2,null,,false,Q99ZW2,null,,false,710,749,,6.124866,false,true,false,false,2,1,Self,0.003497,0.004206,0.003717,,3.96104,4.366808,,0,0,0,,0.003195,0.027397,,0
24,84;28,Scan: 1557288 Run: DIA12_CV48:20251228_A2_N1_Mueller_MS_TechHub_IMP_THIDDIAXL003_Cas9_PhoX_DIA12_CV48_250ng_FAIMS_003 P1_VLPKHSLLYEYFTVYNELTK P2_EKIEKILTFR 4 5;Scan: 1557307 Run: DIA12_CV48:20251228_A2_N1_Mueller_MS_TechHub_IMP_THIDDIAXL003_Cas9_PhoX_DIA12_CV48_250ng_FAIMS_003 P1_VLPKHSLLYEYFTVYNELTK P2_IEKILTFR 4 3,Q99ZW2,null,,false,Q99ZW2,null,,false,442,510,,6.092653,false,true,false,false,2,2,Self,0.003497,0.004221,0.003774,3.93928,,4.31897,,0,0,0,,0.044444,0.03876,,0
711,1003,Scan: 376379 Run: DIA12_CV48:20251228_A2_N1_Mueller_MS_TechHub_IMP_THIDDIAXL003_Cas9_PhoX_DIA12_CV48_250ng_FAIMS_001 P1_LESEFVYGDYKVYDVR P2_KPAFLSGEQK 11 1,Q99ZW2,null,,false,Q99ZW2,null,,false,536,1014,,6.071474,false,true,false,false,1,1,Self,0.003497,0.004232,0.003774,,6.071474,,,0,0,0,,0.003195,0,,0
706,992,Scan: 1120307 Run: DIA12_CV48:20251228_A2_N1_Mueller_MS_TechHub_IMP_THIDDIAXL003_Cas9_PhoX_DIA12_CV48_250ng_FAIMS_002 P1_KPAFLSGEQK P2_ELGSQILKEHPVENTQLQNEK 1 8,Q99ZW2,null,,false,Q99ZW2,null,,false,797,536,,5.834323,false,true,false,false,1,1,Self,0.003497,0.004348,0.004132,5.834323,,,,0,0,0,,0.003195,0,,0
705,991,Scan: 635493 Run: DIA12_CV48:20251228_A2_N1_Mueller_MS_TechHub_IMP_THIDDIAXL003_Cas9_PhoX_DIA12_CV48_250ng_FAIMS_002 P1_YKEIFFDQSK P2_KTEVQTGGFSK 2 1,Q99ZW2,null,,false,Q99ZW2,null,,false,1097,348,,5.769363,false,true,false,false,1,1,Self,0.003497,0.00438,0.004149,5.769363,,,,0,0,0,,0.003195,0,,0
704,984,Scan: 1506611 Run: DIA12_CV48:20251228_A2_N1_Mueller_MS_TechHub_IMP_THIDDIAXL003_Cas9_PhoX_DIA12_CV48_250ng_FAIMS_003 P1_KSEETITPWNFEEVVDK P2_KGILQTVK 1 1,Q99ZW2,null,,false,Q99ZW2,null,,false,735,468,,5.684839,false,true,false,false,1,1,Self,0.003497,0.004422,0.004149,,,5.684839,,0,0,0,,0.003195,0,,0
703,982,Scan: 1739514 Run: DIA12_CV48:20251228_A2_N1_Mueller_MS_TechHub_IMP_THIDDIAXL003_Cas9_PhoX_DIA12_CV48_250ng_FAIMS_003 P1_YKEIFFDQSK P2_GKSDNVPSEEVVK 2 2,Q99ZW2,null,,false,Q99ZW2,null,,false,866,348,,5.654979,false,true,false,false,1,1,Self,0.003497,0.004436,0.004149,5.100699,,5.654979,,0,0,0,,0.003195,0,,0
701,973,Scan: 379284 Run: DIA12_CV48:20251228_A2_N1_Mueller_MS_TechHub_IMP_THIDDIAXL003_Cas9_PhoX_DIA12_CV48_250ng_FAIMS_001 P1_KPAFLSGEQK P2_GNELALPSKYVNFLYLASHYEK 1 9,Q99ZW2,null,,false,Q99ZW2,null,,false,1231,536,,5.588806,false,true,false,false,1,1,Self,0.003497,0.004469,0.004167,,5.588806,,,0,0,0,,0.003195,0,,0
700,972,Scan: 362679 Run: DIA12_CV48:20251228_A2_N1_Mueller_MS_TechHub_IMP_THIDDIAXL003_Cas9_PhoX_DIA12_CV48_250ng_FAIMS_001 P1_VLPKHSLLYEYFTVYNELTK P2_FKVLGNTDR 4 2,Q99ZW2,null,,false,Q99ZW2,null,,false,33,510,,5.575923,false,true,false,false,1,1,Self,0.003497,0.004475,0.004167,4.87103,5.575923,,,0,0,0,,0.003195,0,,0
699,968,Scan: 376891 Run: DIA12_CV48:20251228_A2_N1_Mueller_MS_TechHub_IMP_THIDDIAXL003_Cas9_PhoX_DIA12_CV48_250ng_FAIMS_001 P1_KRPLIETNGETGEIVWDK P2_KPAFLSGEQK 1 1,Q99ZW2,null,,false,Q99ZW2,null,,false,536,1059,,5.543404,false,true,false,false,1,1,Self,0.003497,0.004491,0.004167,,5.543404,4.638296,,0,0,0,,0.003195,0,,0
693,958,Scan: 1311816 Run: DIA12_CV48:20251228_A2_N1_Mueller_MS_TechHub_IMP_THIDDIAXL003_Cas9_PhoX_DIA12_CV48_250ng_FAIMS_003 P1_VLPKHSLLYEYFTVYNELTK P2_SSFEKNPIDFLEAK 4 5,Q99ZW2,null,,false,Q99ZW2,null,,false,1176,510,,5.460859,false,true,false,false,1,1,Self,0.003497,0.004532,0.004184,,,5.460859,,0,0,0,,0.003195,0,,0
692,957,Scan: 840751 Run: DIA12_CV48:20251228_A2_N1_Mueller_MS_TechHub_IMP_THIDDIAXL003_Cas9_PhoX_DIA12_CV48_250ng_FAIMS_002 P1_NLPNEKVLPK P2_FKVLGNTDR 6 2,Q99ZW2,null,,false,Q99ZW2,null,,false,33,506,,5.453309,false,true,false,false,1,1,Self,0.003497,0.004535,0.004184,5.453309,,,,0,0,0,,0.003195,0,,0
691,956,Scan: 1140096 Run: DIA12_CV48:20251228_A2_N1_Mueller_MS_TechHub_IMP_THIDDIAXL003_Cas9_PhoX_DIA12_CV48_250ng_FAIMS_002 P1_KDFQFYK P2_DDSIDNKVLTR 1 7,Q99ZW2,null,,false,Q99ZW2,null,,false,855,968,,5.447526,false,true,false,false,1,1,Self,0.003497,0.004538,0.004184,5.447526,,,,0,0,0,,0.003195,0,,0
690,955,Scan: 1754303 Run: DIA12_CV48:20251228_A2_N1_Mueller_MS_TechHub_IMP_THIDDIAXL003_Cas9_PhoX_DIA12_CV48_250ng_FAIMS_003 P1_QLLNAKLITQR P2_KFDNLTK 6 1,Q99ZW2,null,,false,Q99ZW2,null,,false,896,890,,5.437575,false,true,false,false,1,1,Self,0.003497,0.004543,0.004202,,,5.437575,,0,0,0,,0.003195,0,,0
689,953,Scan: 905677 Run: DIA12_CV48:20251228_A2_N1_Mueller_MS_TechHub_IMP_THIDDIAXL003_Cas9_PhoX_DIA12_CV48_250ng_FAIMS_002 P1_VLPKHSLLYEYFTVYNELTK P2_KSEETITPWNFEEVVDK 4 1,Q99ZW2,null,,false,Q99ZW2,null,,false,468,510,,5.432763,false,true,false,false,1,1,Self,0.003497,0.004545,0.004202,5.432763,4.007372,,,0,0,0,,0.003195,0,,0
688,949,Scan: 963049 Run: DIA12_CV48:20251228_A2_N1_Mueller_MS_TechHub_IMP_THIDDIAXL003_Cas9_PhoX_DIA12_CV48_250ng_FAIMS_002 P1_YDENDKLIR P2_VLPKHSLLYEYFTVYNELTK 6 4,Q99ZW2,null,,false,Q99ZW2,null,,false,510,948,,5.41163,false,true,false,false,1,1,Self,0.003497,0.004556,0.004219,5.41163,,,,0,0,0,,0.003195,0,,0
687,948,Scan: 1577644 Run: DIA12_CV48:20251228_A2_N1_Mueller_MS_TechHub_IMP_THIDDIAXL003_Cas9_PhoX_DIA12_CV48_250ng_FAIMS_003 P1_VLPKHSLLYEYFTVYNELTK P2_KPAFLSGEQK 4 1,Q99ZW2,null,,false,Q99ZW2,null,,false,536,510,,5.408529,false,true,false,false,1,1,Self,0.003497,0.004557,0.004219,4.62232,,5.408529,,0,0,0,,0.003195,0,,0
686,947,Scan: 430487 Run: DIA12_CV48:20251228_A2_N1_Mueller_MS_TechHub_IMP_THIDDIAXL003_Cas9_PhoX_DIA12_CV48_250ng_FAIMS_001 P1_KLINGIR P2_KLINGIR 1 1,Q99ZW2,null,,false,Q99ZW2,null,,false,665,665,,5.395227,false,true,false,false,1,1,Self,0.003497,0.004564,0.004219,,5.395227,,,0,0,0,,0.003195,0,,0
685,943,Scan: 1537567 Run: DIA12_CV48:20251228_A2_N1_Mueller_MS_TechHub_IMP_THIDDIAXL003_Cas9_PhoX_DIA12_CV48_250ng_FAIMS_003 P1_SEETITPWNFEEVVDKGASAQSFIER P2_KFKVLGNTDR 16 1,Q99ZW2,null,,false,Q99ZW2,null,,false,31,484,,5.389549,false,true,false,false,1,1,Self,0.003497,0.004567,0.004219,4.780242,,5.389549,,0,0,0,,0.003195,0,,0
683,941,Scan: 1119200 Run: DIA12_CV48:20251228_A2_N1_Mueller_MS_TechHub_IMP_THIDDIAXL003_Cas9_PhoX_DIA12_CV48_250ng_FAIMS_002 P1_YKEIFFDQSK P2_ELGSQILKEHPVENTQLQNEK 2 8,Q99ZW2,null,,false,Q99ZW2,null,,false,797,348,,5.385226,false,true,false,false,1,1,Self,0.003497,0.004569,0.004219,5.385226,,,,0,0,0,,0.003195,0,,0
682,940,Scan: 1738182 Run: DIA12_CV48:20251228_A2_N1_Mueller_MS_TechHub_IMP_THIDDIAXL003_Cas9_PhoX_DIA12_CV48_250ng_FAIMS_003 P1_KRPLIETNGETGEIVWDK P2_GKSDNVPSEEVVK 1 2,Q99ZW2,null,,false,Q99ZW2,null,,false,866,1059,,5.375813,false,true,false,false,1,1,Self,0.003497,0.004573,0.004219,,,5.375813,,0,0,0,,0.003195,0,,0
681,939,Scan: 1055151 Run: DIA12_CV48:20251228_A2_N1_Mueller_MS_TechHub_IMP_THIDDIAXL003_Cas9_PhoX_DIA12_CV48_250ng_FAIMS_002 P1_KSEETITPWNFEEVVDKGASAQSFIER P2_EDIQKAQVSGQGDSLHEHIANLAGSPAIK 17 5,Q99ZW2,null,,false,Q99ZW2,null,,false,710,484,,5.373409,false,true,false,false,1,1,Self,0.003497,0.004575,0.004219,5.373409,5.058541,,,0,0,0,,0.003195,0,,0
677,931,Scan: 901285 Run: DIA12_CV48:20251228_A2_N1_Mueller_MS_TechHub_IMP_THIDDIAXL003_Cas9_PhoX_DIA12_CV48_250ng_FAIMS_002 P1_KSEETITPWNFEEVVDK P2_KFKVLGNTDR 1 1,Q99ZW2,null,,false,Q99ZW2,null,,false,31,468,,5.315088,false,true,false,false,1,1,Self,0.003497,0.004603,0.004255,5.315088,,,,0,0,0,,0.003195,0,,0
675,929,Scan: 710150 Run: DIA12_CV48:20251228_A2_N1_Mueller_MS_TechHub_IMP_THIDDIAXL003_Cas9_PhoX_DIA12_CV48_250ng_FAIMS_002 P1_SSFEKNPIDFLEAK P2_KYGGFDSPTVAYSVLVVAK 5 1,Q99ZW2,null,,false,Q99ZW2,null,,false,1130,1176,,5.299926,false,true,false,false,1,1,Self,0.003497,0.004611,0.004274,5.299926,,,,0,0,0,,0.003195,0,,0
674,928,Scan: 543911 Run: DIA12_CV48:20251228_A2_N1_Mueller_MS_TechHub_IMP_THIDDIAXL003_Cas9_PhoX_DIA12_CV48_250ng_FAIMS_001 P1_SEQEIGKATAK P2_GKSDNVPSEEVVK 7 2,Q99ZW2,null,,false,Q99ZW2,null,,false,866,1031,,5.297811,false,true,false,false,1,1,Self,0.003497,0.004612,0.004274,,5.297811,4.082361,,0,0,0,,0.003195,0,,0
671,921,Scan: 633725 Run: DIA12_CV48:20251228_A2_N1_Mueller_MS_TechHub_IMP_THIDDIAXL003_Cas9_PhoX_DIA12_CV48_250ng_FAIMS_002 P1_SSFEKNPIDFLEAK P2_KTEVQTGGFSK 5 1,Q99ZW2,null,,false,Q99ZW2,null,,false,1097,1176,,5.280566,false,true,false,false,1,1,Self,0.003497,0.00462,0.004274,5.280566,,,,0,0,0,,0.003195,0,,0
670,919,Scan: 868303 Run: DIA12_CV48:20251228_A2_N1_Mueller_MS_TechHub_IMP_THIDDIAXL003_Cas9_PhoX_DIA12_CV48_250ng_FAIMS_002 P1_KPAFLSGEQK P2_EIFFDQSKNGYAGYIDGGASQEEFYK 1 8,Q99ZW2,null,,false,Q99ZW2,null,,false,356,536,,5.276787,false,true,false,false,1,1,Self,0.003497,0.004622,0.004274,5.276787,,,,0,0,0,,0.003195,0,,0
669,915,Scan: 164261 Run: DIA12_CV48:20251228_A2_N1_Mueller_MS_TechHub_IMP_THIDDIAXL003_Cas9_PhoX_DIA12_CV48_250ng_FAIMS_001 P1_LKGSPEDNEQK P2_DDSIDNKVLTR 2 7,Q99ZW2,null,,false,Q99ZW2,null,,false,855,1246,,5.247546,false,true,false,false,1,1,Self,0.003497,0.004636,0.004274,4.689997,5.247546,,,0,0,0,,0.003195,0,,0
668,914,Scan: 1311703 Run: DIA12_CV48:20251228_A2_N1_Mueller_MS_TechHub_IMP_THIDDIAXL003_Cas9_PhoX_DIA12_CV48_250ng_FAIMS_003 P1_SSFEKNPIDFLEAK P2_NLPNEKVLPK 5 6,Q99ZW2,null,,false,Q99ZW2,null,,false,506,1176,,5.243361,false,true,false,false,1,1,Self,0.003497,0.004638,0.004274,,,5.243361,,0,0,0,,0.003195,0,,0
666,911,Scan: 245413 Run: DIA12_CV48:20251228_A2_N1_Mueller_MS_TechHub_IMP_THIDDIAXL003_Cas9_PhoX_DIA12_CV48_250ng_FAIMS_001 P1_GKSDNVPSEEVVK P2_FKVLGNTDR 2 2,Q99ZW2,null,,false,Q99ZW2,null,,false,33,866,,5.227298,false,true,false,false,1,1,Self,0.003497,0.004646,0.004274,,5.227298,5.106368,,0,0,0,,0.003195,0,,0
665,909,Scan: 1648051 Run: DIA12_CV48:20251228_A2_N1_Mueller_MS_TechHub_IMP_THIDDIAXL003_Cas9_PhoX_DIA12_CV48_250ng_FAIMS_003 P1_KYGGFDSPTVAYSVLVVAK P2_EDIQKAQVSGQGDSLHEHIANLAGSPAIK 1 5,Q99ZW2,null,,false,Q99ZW2,null,,false,710,1130,,5.215659,false,true,false,false,1,1,Self,0.003497,0.004652,0.004292,,,5.215659,,0,0,0,,0.003195,0,,0
664,908,Scan: 1300372 Run: DIA12_CV48:20251228_A2_N1_Mueller_MS_TechHub_IMP_THIDDIAXL003_Cas9_PhoX_DIA12_CV48_250ng_FAIMS_003 P1_KYGGFDSPTVAYSVLVVAK P2_DKQSGK 1 2,Q99ZW2,null,,false,Q99ZW2,null,,false,673,1130,,5.211979,false,true,false,false,1,1,Self,0.003497,0.004654,0.00431,,,5.211979,,0,0,0,,0.003195,0,,0
663,907,Scan: 856126 Run: DIA12_CV48:20251228_A2_N1_Mueller_MS_TechHub_IMP_THIDDIAXL003_Cas9_PhoX_DIA12_CV48_250ng_FAIMS_002 P1_YKEIFFDQSK P2_VLPKHSLLYEYFTVYNELTK 2 4,Q99ZW2,null,,false,Q99ZW2,null,,false,510,348,,5.207078,false,true,false,false,1,1,Self,0.003497,0.004656,0.004329,5.207078,,4.684357,,0,0,0,,0.003195,0,,0
662,905,Scan: 1235374 Run: DIA12_CV48:20251228_A2_N1_Mueller_MS_TechHub_IMP_THIDDIAXL003_Cas9_PhoX_DIA12_CV48_250ng_FAIMS_003 P1_KTEVQTGGFSK P2_ELGSQILKEHPVENTQLQNEK 1 8,Q99ZW2,null,,false,Q99ZW2,null,,false,797,1097,,5.204952,false,true,false,false,1,1,Self,0.003497,0.004657,0.004329,,,5.204952,,0,0,0,,0.003195,0,,0
661,904,Scan: 1539857 Run: DIA12_CV48:20251228_A2_N1_Mueller_MS_TechHub_IMP_THIDDIAXL003_Cas9_PhoX_DIA12_CV48_250ng_FAIMS_003 P1_SEETITPWNFEEVVDKGASAQSFIER P2_MTNFDKNLPNEK 16 6,Q99ZW2,null,,false,Q99ZW2,null,,false,500,484,,5.203429,false,true,false,false,1,1,Self,0.003497,0.004658,0.004329,4.463298,4.540222,5.203429,,0,0,0,,0.003195,0,,0
660,899,Scan: 1506950 Run: DIA12_CV48:20251228_A2_N1_Mueller_MS_TechHub_IMP_THIDDIAXL003_Cas9_PhoX_DIA12_CV48_250ng_FAIMS_003 P1_KSEETITPWNFEEVVDK P2_GILQTVKVVDELVK 1 7,Q99ZW2,null,,false,Q99ZW2,null,,false,742,468,,5.188476,false,true,false,false,1,1,Self,0.003497,0.004665,0.004367,,4.32646,5.188476,,0,0,0,,0.003195,0,,0
659,898,Scan: 1001748 Run: DIA12_CV48:20251228_A2_N1_Mueller_MS_TechHub_IMP_THIDDIAXL003_Cas9_PhoX_DIA12_CV48_250ng_FAIMS_002 P1_KAIVDLLFK P2_KAIVDLLFK 1 1,Q99ZW2,null,,false,Q99ZW2,null,,false,546,546,,5.181094,false,true,false,false,1,1,Self,0.003497,0.004669,0.004367,5.181094,,,,0,0,0,,0.003195,0,,0
658,897,Scan: 376712 Run: DIA12_CV48:20251228_A2_N1_Mueller_MS_TechHub_IMP_THIDDIAXL003_Cas9_PhoX_DIA12_CV48_250ng_FAIMS_001 P1_SEQEIGKATAK P2_KPAFLSGEQK 7 1,Q99ZW2,null,,false,Q99ZW2,null,,false,536,1031,,5.176054,false,true,false,false,1,1,Self,0.003497,0.004671,0.004367,,5.176054,,,0,0,0,,0.003195,0,,0
656,894,Scan: 105967 Run: DIA12_CV48:20251228_A2_N1_Mueller_MS_TechHub_IMP_THIDDIAXL003_Cas9_PhoX_DIA12_CV48_250ng_FAIMS_001 P1_KYGGFDSPTVAYSVLVVAK P2_KLINGIR 1 1,Q99ZW2,null,,false,Q99ZW2,null,,false,665,1130,,5.168078,false,true,false,false,1,1,Self,0.003497,0.004675,0.004405,,5.168078,,,0,0,0,,0.003195,0,,0
655,893,Scan: 22081 Run: DIA12_CV48:20251228_A2_N1_Mueller_MS_TechHub_IMP_THIDDIAXL003_Cas9_PhoX_DIA12_CV48_250ng_FAIMS_001 P1_YKEIFFDQSK P2_KRPLIETNGETGEIVWDK 2 1,Q99ZW2,null,,false,Q99ZW2,null,,false,1059,348,,5.166673,false,true,false,false,1,1,Self,0.003497,0.004676,0.004405,,5.166673,,,0,0,0,,0.003195,0,,0
654,891,Scan: 976737 Run: DIA12_CV48:20251228_A2_N1_Mueller_MS_TechHub_IMP_THIDDIAXL003_Cas9_PhoX_DIA12_CV48_250ng_FAIMS_002 P1_LKGSPEDNEQK P2_KPAFLSGEQK 2 1,Q99ZW2,null,,false,Q99ZW2,null,,false,536,1246,,5.161101,false,true,false,false,1,1,Self,0.003497,0.004679,0.004405,5.161101,,,,0,0,0,,0.003195,0,,0
651,885,Scan: 143479 Run: DIA12_CV48:20251228_A2_N1_Mueller_MS_TechHub_IMP_THIDDIAXL003_Cas9_PhoX_DIA12_CV48_250ng_FAIMS_001 P1_LPKYSLFELENGR P2_KDWDPK 3 1,Q99ZW2,null,,false,Q99ZW2,null,,false,1124,1200,,5.138755,false,true,false,false,1,1,Self,0.003497,0.00469,0.004464,,5.138755,,,0,0,0,,0.003195,0,,0
650,883,Scan: 940908 Run: DIA12_CV48:20251228_A2_N1_Mueller_MS_TechHub_IMP_THIDDIAXL003_Cas9_PhoX_DIA12_CV48_250ng_FAIMS_002 P1_YKEIFFDQSK P2_SEETITPWNFEEVVDKGASAQSFIER 2 16,Q99ZW2,null,,false,Q99ZW2,null,,false,484,348,,5.13592,false,true,false,false,1,1,Self,0.003497,0.004691,0.004484,5.13592,,,,0,0,0,,0.003195,0,,0
649,881,Scan: 250814 Run: DIA12_CV48:20251228_A2_N1_Mueller_MS_TechHub_IMP_THIDDIAXL003_Cas9_PhoX_DIA12_CV48_250ng_FAIMS_001 P1_YDEHHQDLTLLKALVR P2_KPAFLSGEQK 12 1,Q99ZW2,null,,false,Q99ZW2,null,,false,536,336,,5.132303,false,true,false,false,1,1,Self,0.003497,0.004693,0.004505,,5.132303,,,0,0,0,,0.003195,0,,0
648,877,Scan: 1448834 Run: DIA12_CV48:20251228_A2_N1_Mueller_MS_TechHub_IMP_THIDDIAXL003_Cas9_PhoX_DIA12_CV48_250ng_FAIMS_003 P1_YKEIFFDQSK P2_KKDWDPK 2 1,Q99ZW2,null,,false,Q99ZW2,null,,false,1123,348,,5.121504,false,true,false,false,1,1,Self,0.003497,0.004698,0.004505,,,5.121504,,0,0,0,,0.003195,0,,0
647,876,Scan: 1143719 Run: DIA12_CV48:20251228_A2_N1_Mueller_MS_TechHub_IMP_THIDDIAXL003_Cas9_PhoX_DIA12_CV48_250ng_FAIMS_002 P1_KLINGIR P2_GKSDNVPSEEVVK 1 2,Q99ZW2,null,,false,Q99ZW2,null,,false,866,665,,5.120805,false,true,false,false,1,1,Self,0.003497,0.004699,0.004505,5.120805,,,,0,0,0,,0.003195,0,,0
646,875,Scan: 462374 Run: DIA12_CV48:20251228_A2_N1_Mueller_MS_TechHub_IMP_THIDDIAXL003_Cas9_PhoX_DIA12_CV48_250ng_FAIMS_001 P1_GILQTVKVVDELVK P2_EDIQKAQVSGQGDSLHEHIANLAGSPAIK 7 5,Q99ZW2,null,,false,Q99ZW2,null,,false,710,742,,5.120512,false,true,false,false,1,1,Self,0.003497,0.004699,0.004505,,5.120512,4.374559,,0,0,0,,0.003195,0,,0
643,871,Scan: 161202 Run: DIA12_CV48:20251228_A2_N1_Mueller_MS_TechHub_IMP_THIDDIAXL003_Cas9_PhoX_DIA12_CV48_250ng_FAIMS_001 P1_LKGSPEDNEQK P2_KRPLIETNGETGEIVWDK 2 1,Q99ZW2,null,,false,Q99ZW2,null,,false,1059,1246,,5.105139,false,true,false,false,1,1,Self,0.003497,0.004706,0.004505,,5.105139,,,0,0,0,,0.003195,0,,0
642,869,Scan: 1312258 Run: DIA12_CV48:20251228_A2_N1_Mueller_MS_TechHub_IMP_THIDDIAXL003_Cas9_PhoX_DIA12_CV48_250ng_FAIMS_003 P1_VKYVTEGMR P2_SSFEKNPIDFLEAK 2 5,Q99ZW2,null,,false,Q99ZW2,null,,false,1176,528,,5.099148,false,true,false,false,1,1,Self,0.003497,0.004709,0.004505,,,5.099148,,0,0,0,,0.003195,0,,0
641,867,Scan: 1290263 Run: DIA12_CV48:20251228_A2_N1_Mueller_MS_TechHub_IMP_THIDDIAXL003_Cas9_PhoX_DIA12_CV48_250ng_FAIMS_003 P1_KKDWDPK P2_EDIQKAQVSGQGDSLHEHIANLAGSPAIK 1 5,Q99ZW2,null,,false,Q99ZW2,null,,false,710,1123,,5.096267,false,true,false,false,1,1,Self,0.003497,0.004711,0.004505,,4.351544,5.096267,,0,0,0,,0.003195,0,,0
640,866,Scan: 143264 Run: DIA12_CV48:20251228_A2_N1_Mueller_MS_TechHub_IMP_THIDDIAXL003_Cas9_PhoX_DIA12_CV48_250ng_FAIMS_001 P1_LPKYSLFELENGR P2_KKDWDPK 3 1,Q99ZW2,null,,false,Q99ZW2,null,,false,1123,1200,,5.095653,false,true,false,false,1,1,Self,0.003497,0.004711,0.004505,,5.095653,,,0,0,0,,0.003195,0,,0
637,859,Scan: 897533 Run: DIA12_CV48:20251228_A2_N1_Mueller_MS_TechHub_IMP_THIDDIAXL003_Cas9_PhoX_DIA12_CV48_250ng_FAIMS_002 P1_KSEETITPWNFEEVVDK P2_ESILPKR 1 6,Q99ZW2,null,,false,Q99ZW2,null,,false,1113,468,,5.079774,false,true,false,false,1,1,Self,0.003497,0.004719,0.004505,5.079774,,,,0,0,0,,0.003195,0,,0
636,858,Scan: 1354904 Run: DIA12_CV48:20251228_A2_N1_Mueller_MS_TechHub_IMP_THIDDIAXL003_Cas9_PhoX_DIA12_CV48_250ng_FAIMS_003 P1_YVNFLYLASHYEKLK P2_KDFQFYK 13 1,Q99ZW2,null,,false,Q99ZW2,null,,false,968,1244,,5.079507,false,true,false,false,1,1,Self,0.003497,0.004719,0.004505,,,5.079507,,0,0,0,,0.003195,0,,0
634,855,Scan: 1754060 Run: DIA12_CV48:20251228_A2_N1_Mueller_MS_TechHub_IMP_THIDDIAXL003_Cas9_PhoX_DIA12_CV48_250ng_FAIMS_003 P1_QLLNAKLITQR P2_ENQTTQKGQK 6 7,Q99ZW2,null,,false,Q99ZW2,null,,false,772,890,,5.074338,false,true,false,false,1,1,Self,0.003497,0.004721,0.004525,,,5.074338,,0,0,0,,0.003195,0,,0
633,853,Scan: 259892 Run: DIA12_CV48:20251228_A2_N1_Mueller_MS_TechHub_IMP_THIDDIAXL003_Cas9_PhoX_DIA12_CV48_250ng_FAIMS_001 P1_YKEIFFDQSK P2_FNASLGTYHDLLKIIK 2 13,Q99ZW2,null,,false,Q99ZW2,null,,false,599,348,,5.073332,false,true,false,false,1,1,Self,0.003497,0.004722,0.004525,,5.073332,,,0,0,0,,0.003195,0,,0
632,852,Scan: 716719 Run: DIA12_CV48:20251228_A2_N1_Mueller_MS_TechHub_IMP_THIDDIAXL003_Cas9_PhoX_DIA12_CV48_250ng_FAIMS_002 P1_SSFEKNPIDFLEAK P2_QSGKTILDFLK 5 4,Q99ZW2,null,,false,Q99ZW2,null,,false,677,1176,,5.073317,false,true,false,false,1,1,Self,0.003497,0.004722,0.004525,5.073317,4.682138,,,0,0,0,,0.003195,0,,0
631,851,Scan: 1576412 Run: DIA12_CV48:20251228_A2_N1_Mueller_MS_TechHub_IMP_THIDDIAXL003_Cas9_PhoX_DIA12_CV48_250ng_FAIMS_003 P1_RQEDFYPFLKDNR P2_KPAFLSGEQK 10 1,Q99ZW2,null,,false,Q99ZW2,null,,false,536,434,,5.067734,false,true,false,false,1,1,Self,0.003497,0.004725,0.004525,,3.760288,5.067734,,0,0,0,,0.003195,0,,0
630,850,Scan: 365326 Run: DIA12_CV48:20251228_A2_N1_Mueller_MS_TechHub_IMP_THIDDIAXL003_Cas9_PhoX_DIA12_CV48_250ng_FAIMS_001 P1_VLPKHSLLYEYFTVYNELTK P2_GKSDNVPSEEVVK 4 2,Q99ZW2,null,,false,Q99ZW2,null,,false,866,510,,5.067072,false,true,false,false,1,1,Self,0.003497,0.004725,0.004525,4.373674,5.067072,,,0,0,0,,0.003195,0,,0
629,849,Scan: 291066 Run: DIA12_CV48:20251228_A2_N1_Mueller_MS_TechHub_IMP_THIDDIAXL003_Cas9_PhoX_DIA12_CV48_250ng_FAIMS_001 P1_KDLIIK P2_IEKILTFR 1 3,Q99ZW2,null,,false,Q99ZW2,null,,false,442,1192,,5.066357,false,true,false,false,1,1,Self,0.003497,0.004725,0.004525,,5.066357,,,0,0,0,,0.003195,0,,0
628,848,Scan: 142887 Run: DIA12_CV48:20251228_A2_N1_Mueller_MS_TechHub_IMP_THIDDIAXL003_Cas9_PhoX_DIA12_CV48_250ng_FAIMS_001 P1_LPKYSLFELENGR P2_ESILPKR 3 6,Q99ZW2,null,,false,Q99ZW2,null,,false,1113,1200,,5.065603,false,true,false,false,1,1,Self,0.003497,0.004726,0.004525,,5.065603,,,0,0,0,,0.003195,0,,0
627,846,Scan: 1230375 Run: DIA12_CV48:20251228_A2_N1_Mueller_MS_TechHub_IMP_THIDDIAXL003_Cas9_PhoX_DIA12_CV48_250ng_FAIMS_003 P1_NSDKLIAR P2_KTEVQTGGFSK 4 1,Q99ZW2,null,,false,Q99ZW2,null,,false,1097,1118,,5.061066,false,true,false,false,1,1,Self,0.003497,0.004728,0.004545,,,5.061066,,0,0,0,,0.003195,0,,0
624,841,Scan: 1391416 Run: DIA12_CV48:20251228_A2_N1_Mueller_MS_TechHub_IMP_THIDDIAXL003_Cas9_PhoX_DIA12_CV48_250ng_FAIMS_003 P1_YTSTKEVLDATLIHQSITGLYETR P2_KKDWDPK 5 1,Q99ZW2,null,,false,Q99ZW2,null,,false,1123,1340,,5.047115,false,true,false,false,1,1,Self,0.003497,0.004735,0.004566,,,5.047115,,0,0,0,,0.003195,0,,0
623,840,Scan: 430571 Run: DIA12_CV48:20251228_A2_N1_Mueller_MS_TechHub_IMP_THIDDIAXL003_Cas9_PhoX_DIA12_CV48_250ng_FAIMS_001 P1_KLINGIR P2_DKQSGK 1 2,Q99ZW2,null,,false,Q99ZW2,null,,false,673,665,,5.037727,false,true,false,false,1,1,Self,0.003497,0.004739,0.004608,,5.037727,,,0,0,0,,0.003195,0,,0
622,839,Scan: 37593 Run: DIA12_CV48:20251228_A2_N1_Mueller_MS_TechHub_IMP_THIDDIAXL003_Cas9_PhoX_DIA12_CV48_250ng_FAIMS_001 P1_LKGSPEDNEQK P2_KTEVQTGGFSK 2 1,Q99ZW2,null,,false,Q99ZW2,null,,false,1097,1246,,5.032132,false,true,false,false,1,1,Self,0.003497,0.004742,0.004608,,5.032132,,,0,0,0,,0.003195,0,,0
621,836,Scan: 1142714 Run: DIA12_CV48:20251228_A2_N1_Mueller_MS_TechHub_IMP_THIDDIAXL003_Cas9_PhoX_DIA12_CV48_250ng_FAIMS_002 P1_GKSDNVPSEEVVK P2_EIFFDQSKNGYAGYIDGGASQEEFYK 2 8,Q99ZW2,null,,false,Q99ZW2,null,,false,356,866,,5.031318,false,true,false,false,1,1,Self,0.003497,0.004743,0.004608,5.031318,,,,0,0,0,,0.003195,0,,0
619,830,Scan: 136486 Run: DIA12_CV48:20251228_A2_N1_Mueller_MS_TechHub_IMP_THIDDIAXL003_Cas9_PhoX_DIA12_CV48_250ng_FAIMS_001 P1_KDLIIK P2_DKQSGK 1 2,Q99ZW2,null,,false,Q99ZW2,null,,false,673,1192,,5.020773,false,true,false,false,1,1,Self,0.003497,0.004748,0.004608,,5.020773,,,0,0,0,,0.003195,0,,0
618,829,Scan: 1182501 Run: DIA12_CV48:20251228_A2_N1_Mueller_MS_TechHub_IMP_THIDDIAXL003_Cas9_PhoX_DIA12_CV48_250ng_FAIMS_002 P1_YDENDKLIR P2_SEQEIGKATAK 6 7,Q99ZW2,null,,false,Q99ZW2,null,,false,1031,948,,5.02073,false,true,false,false,1,1,Self,0.003497,0.004748,0.004608,5.02073,,,,0,0,0,,0.003195,0,,0
617,828,Scan: 985324 Run: DIA12_CV48:20251228_A2_N1_Mueller_MS_TechHub_IMP_THIDDIAXL003_Cas9_PhoX_DIA12_CV48_250ng_FAIMS_002 P1_KPAFLSGEQK P2_EHPVENTQLQNEKLYLYYLQNGR 1 13,Q99ZW2,null,,false,Q99ZW2,null,,false,810,536,,5.019403,false,true,false,false,1,1,Self,0.003497,0.004748,0.004608,5.019403,,,,0,0,0,,0.003195,0,,0
616,826,Scan: 888790 Run: DIA12_CV48:20251228_A2_N1_Mueller_MS_TechHub_IMP_THIDDIAXL003_Cas9_PhoX_DIA12_CV48_250ng_FAIMS_002 P1_IEKILTFR P2_IEKILTFR 3 3,Q99ZW2,null,,false,Q99ZW2,null,,false,442,442,,5.018485,false,true,false,false,1,1,Self,0.003497,0.004749,0.004608,5.018485,,,,0,0,0,,0.003195,0,,0
615,825,Scan: 547857 Run: DIA12_CV48:20251228_A2_N1_Mueller_MS_TechHub_IMP_THIDDIAXL003_Cas9_PhoX_DIA12_CV48_250ng_FAIMS_001 P1_GKSDNVPSEEVVK P2_EHPVENTQLQNEKLYLYYLQNGR 2 13,Q99ZW2,null,,false,Q99ZW2,null,,false,810,866,,5.013639,false,true,false,false,1,1,Self,0.003497,0.004751,0.004608,,5.013639,,,0,0,0,,0.003195,0,,0
612,822,Scan: 1580792 Run: DIA12_CV48:20251228_A2_N1_Mueller_MS_TechHub_IMP_THIDDIAXL003_Cas9_PhoX_DIA12_CV48_250ng_FAIMS_003 P1_KPAFLSGEQK P2_KLINGIR 1 1,Q99ZW2,null,,false,Q99ZW2,null,,false,665,536,,5.006403,false,true,false,false,1,1,Self,0.003497,0.004755,0.00463,,,5.006403,,0,0,0,,0.003195,0,,0
611,821,Scan: 1743497 Run: DIA12_CV48:20251228_A2_N1_Mueller_MS_TechHub_IMP_THIDDIAXL003_Cas9_PhoX_DIA12_CV48_250ng_FAIMS_003 P1_SKLVSDFR P2_GKSDNVPSEEVVK 2 2,Q99ZW2,null,,false,Q99ZW2,null,,false,866,961,,5.005557,false,true,false,false,1,1,Self,0.003497,0.004755,0.00463,,,5.005557,,0,0,0,,0.003195,0,,0
610,820,Scan: 429216 Run: DIA12_CV48:20251228_A2_N1_Mueller_MS_TechHub_IMP_THIDDIAXL003_Cas9_PhoX_DIA12_CV48_250ng_FAIMS_001 P1_KLINGIR P2_FKVLGNTDR 1 2,Q99ZW2,null,,false,Q99ZW2,null,,false,33,665,,5.003465,false,true,false,false,1,1,Self,0.003497,0.004756,0.004651,,5.003465,4.1817,,0,0,0,,0.003195,0,,0
609,819,Scan: 1215381 Run: DIA12_CV48:20251228_A2_N1_Mueller_MS_TechHub_IMP_THIDDIAXL003_Cas9_PhoX_DIA12_CV48_250ng_FAIMS_003 P1_SSFEKNPIDFLEAK P2_KRPLIETNGETGEIVWDK 5 1,Q99ZW2,null,,false,Q99ZW2,null,,false,1059,1176,,5.002614,false,true,false,false,1,1,Self,0.003497,0.004757,0.004651,,,5.002614,,0,0,0,,0.003195,0,,0
608,818,Scan: 146123 Run: DIA12_CV48:20251228_A2_N1_Mueller_MS_TechHub_IMP_THIDDIAXL003_Cas9_PhoX_DIA12_CV48_250ng_FAIMS_001 P1_SEETITPWNFEEVVDKGASAQSFIER P2_LPKYSLFELENGR 16 3,Q99ZW2,null,,false,Q99ZW2,null,,false,1200,484,,5.001569,false,true,false,false,1,1,Self,0.003497,0.004757,0.004651,,5.001569,,,0,0,0,,0.003195,0,,0
606,815,Scan: 1232467 Run: DIA12_CV48:20251228_A2_N1_Mueller_MS_TechHub_IMP_THIDDIAXL003_Cas9_PhoX_DIA12_CV48_250ng_FAIMS_003 P1_KTEVQTGGFSK P2_FKVLGNTDR 1 2,Q99ZW2,null,,false,Q99ZW2,null,,false,33,1097,,4.997999,false,true,false,false,1,1,Self,0.003497,0.004759,0.004651,,,4.997999,,0,0,0,,0.003195,0,,0
605,813,Scan: 1145045 Run: DIA12_CV48:20251228_A2_N1_Mueller_MS_TechHub_IMP_THIDDIAXL003_Cas9_PhoX_DIA12_CV48_250ng_FAIMS_002 P1_GKSDNVPSEEVVK P2_DDSIDNKVLTR 2 7,Q99ZW2,null,,false,Q99ZW2,null,,false,855,866,,4.980923,false,true,false,false,1,1,Self,0.003497,0.004767,0.004673,4.980923,4.482552,,,0,0,0,,0.003195,0,,0
604,812,Scan: 844256 Run: DIA12_CV48:20251228_A2_N1_Mueller_MS_TechHub_IMP_THIDDIAXL003_Cas9_PhoX_DIA12_CV48_250ng_FAIMS_002 P1_YDEHHQDLTLLKALVR P2_NSDKLIAR 12 4,Q99ZW2,null,,false,Q99ZW2,null,,false,1118,336,,4.980262,false,true,false,false,1,1,Self,0.003497,0.004768,0.004673,4.980262,,,,0,0,0,,0.003195,0,,0
603,811,Scan: 598448 Run: DIA12_CV48:20251228_A2_N1_Mueller_MS_TechHub_IMP_THIDDIAXL003_Cas9_PhoX_DIA12_CV48_250ng_FAIMS_002 P1_YPKLESEFVYGDYK P2_SKLVSDFR 3 2,Q99ZW2,null,,false,Q99ZW2,null,,false,961,1003,,4.979567,false,true,false,false,1,1,Self,0.003497,0.004768,0.004673,4.979567,,,,0,0,0,,0.003195,0,,0
602,807,Scan: 619095 Run: DIA12_CV48:20251228_A2_N1_Mueller_MS_TechHub_IMP_THIDDIAXL003_Cas9_PhoX_DIA12_CV48_250ng_FAIMS_002 P1_KRPLIETNGETGEIVWDK P2_FKVLGNTDR 1 2,Q99ZW2,null,,false,Q99ZW2,null,,false,33,1059,,4.958431,false,true,false,false,1,1,Self,0.003497,0.004778,0.004785,4.958431,,,,0,0,0,,0.003195,0,,0
601,805,Scan: 347934 Run: DIA12_CV48:20251228_A2_N1_Mueller_MS_TechHub_IMP_THIDDIAXL003_Cas9_PhoX_DIA12_CV48_250ng_FAIMS_001 P1_SEETITPWNFEEVVDKGASAQSFIER P2_KAIVDLLFK 16 1,Q99ZW2,null,,false,Q99ZW2,null,,false,546,484,,4.955167,false,true,false,false,1,1,Self,0.003497,0.00478,0.004785,,4.955167,,,0,0,0,,0.003195,0,,0
600,804,Scan: 958018 Run: DIA12_CV48:20251228_A2_N1_Mueller_MS_TechHub_IMP_THIDDIAXL003_Cas9_PhoX_DIA12_CV48_250ng_FAIMS_002 P1_VLPKHSLLYEYFTVYNELTK P2_SEQEIGKATAK 4 7,Q99ZW2,null,,false,Q99ZW2,null,,false,1031,510,,4.953081,false,true,false,false,1,1,Self,0.003497,0.004781,0.004785,4.953081,,,,0,0,0,,0.003195,0,,0
599,803,Scan: 1141366 Run: DIA12_CV48:20251228_A2_N1_Mueller_MS_TechHub_IMP_THIDDIAXL003_Cas9_PhoX_DIA12_CV48_250ng_FAIMS_002 P1_KTEVQTGGFSK P2_GKSDNVPSEEVVK 1 2,Q99ZW2,null,,false,Q99ZW2,null,,false,866,1097,,4.952087,false,true,false,false,1,1,Self,0.003497,0.004781,0.004785,4.952087,,,,0,0,0,,0.003195,0,,0
598,800,Scan: 1651479 Run: DIA12_CV48:20251228_A2_N1_Mueller_MS_TechHub_IMP_THIDDIAXL003_Cas9_PhoX_DIA12_CV48_250ng_FAIMS_003 P1_KNLIGALLFDSGETAEATR P2_EDIQKAQVSGQGDSLHEHIANLAGSPAIK 1 5,Q99ZW2,null,,false,Q99ZW2,null,,false,710,45,,4.945257,false,true,false,false,1,1,Self,0.003497,0.004785,0.004808,,,4.945257,,0,0,0,,0.003195,0,,0
597,798,Scan: 1194728 Run: DIA12_CV48:20251228_A2_N1_Mueller_MS_TechHub_IMP_THIDDIAXL003_Cas9_PhoX_DIA12_CV48_250ng_FAIMS_003 P1_YPKLESEFVYGDYK P2_SEQEIGKATAK 3 7,Q99ZW2,null,,false,Q99ZW2,null,,false,1031,1003,,4.941724,false,true,false,false,1,1,Self,0.003497,0.004787,0.004831,,,4.941724,,0,0,0,,0.003195,0,,0
594,792,Scan: 424124 Run: DIA12_CV48:20251228_A2_N1_Mueller_MS_TechHub_IMP_THIDDIAXL003_Cas9_PhoX_DIA12_CV48_250ng_FAIMS_001 P1_LKTYAHLFDDK P2_FKVLGNTDR 2 2,Q99ZW2,null,,false,Q99ZW2,null,,false,33,637,,4.931659,false,true,false,false,1,1,Self,0.003497,0.004791,0.004854,,4.931659,,,0,0,0,,0.003195,0,,0
593,790,Scan: 282780 Run: DIA12_CV48:20251228_A2_N1_Mueller_MS_TechHub_IMP_THIDDIAXL003_Cas9_PhoX_DIA12_CV48_250ng_FAIMS_001 P1_KLINGIR P2_FIKPILEKMDGTEELLVK 1 8,Q99ZW2,null,,false,Q99ZW2,null,,false,382,665,,4.92498,false,true,false,false,1,1,Self,0.003497,0.004795,0.004902,,4.92498,,,0,0,0,,0.003195,0,,0
592,787,Scan: 177648 Run: DIA12_CV48:20251228_A2_N1_Mueller_MS_TechHub_IMP_THIDDIAXL003_Cas9_PhoX_DIA12_CV48_250ng_FAIMS_001 P1_KPAFLSGEQK P2_HYLDEIIEQISEFSKR 1 15,Q99ZW2,null,,false,Q99ZW2,null,,false,1278,536,,4.916655,false,true,false,false,1,1,Self,0.003497,0.004799,0.004926,,4.916655,,,0,0,0,,0.003195,0,,0
591,786,Scan: 39957 Run: DIA12_CV48:20251228_A2_N1_Mueller_MS_TechHub_IMP_THIDDIAXL003_Cas9_PhoX_DIA12_CV48_250ng_FAIMS_001 P1_KTEVQTGGFSK P2_KLINGIR 1 1,Q99ZW2,null,,false,Q99ZW2,null,,false,665,1097,,4.916041,false,true,false,false,1,1,Self,0.003497,0.004799,0.004926,,4.916041,,,0,0,0,,0.003195,0,,0
590,785,Scan: 1390710 Run: DIA12_CV48:20251228_A2_N1_Mueller_MS_TechHub_IMP_THIDDIAXL003_Cas9_PhoX_DIA12_CV48_250ng_FAIMS_003 P1_YTSTKEVLDATLIHQSITGLYETR P2_ESILPKR 5 6,Q99ZW2,null,,false,Q99ZW2,null,,false,1113,1340,,4.914055,false,true,false,false,1,1,Self,0.003497,0.0048,0.004926,,,4.914055,,0,0,0,,0.003195,0,,0
589,784,Scan: 668423 Run: DIA12_CV48:20251228_A2_N1_Mueller_MS_TechHub_IMP_THIDDIAXL003_Cas9_PhoX_DIA12_CV48_250ng_FAIMS_002 P1_KTEVQTGGFSKESILPK P2_KPAFLSGEQK 11 1,Q99ZW2,null,,false,Q99ZW2,null,,false,536,1107,,4.912801,false,true,false,false,1,1,Self,0.003497,0.004801,0.004926,4.912801,,,,0,0,0,,0.003195,0,,0
583,773,Scan: 365747 Run: DIA12_CV48:20251228_A2_N1_Mueller_MS_TechHub_IMP_THIDDIAXL003_Cas9_PhoX_DIA12_CV48_250ng_FAIMS_001 P1_VLPKHSLLYEYFTVYNELTK P2_MNTKYDENDK 4 4,Q99ZW2,null,,false,Q99ZW2,null,,false,942,510,,4.891992,false,true,false,false,1,1,Self,0.003497,0.004811,0.005,4.201226,4.891992,,,0,0,0,,0.003195,0,,0
582,769,Scan: 1390296 Run: DIA12_CV48:20251228_A2_N1_Mueller_MS_TechHub_IMP_THIDDIAXL003_Cas9_PhoX_DIA12_CV48_250ng_FAIMS_003 P1_YTSTKEVLDATLIHQSITGLYETR P2_KRPLIETNGETGEIVWDK 5 1,Q99ZW2,null,,false,Q99ZW2,null,,false,1059,1340,,4.884929,false,true,false,false,1,1,Self,0.003497,0.004814,0.005,,,4.884929,,0,0,0,,0.003195,0,,0
581,768,Scan: 1453870 Run: DIA12_CV48:20251228_A2_N1_Mueller_MS_TechHub_IMP_THIDDIAXL003_Cas9_PhoX_DIA12_CV48_250ng_FAIMS_003 P1_YKEIFFDQSK P2_VTVKQLK 2 4,Q99ZW2,null,,false,Q99ZW2,null,,false,562,348,,4.88046,false,true,false,false,1,1,Self,0.003497,0.004817,0.005076,,,4.88046,,0,0,0,,0.003195,0,,0
580,767,Scan: 306178 Run: DIA12_CV48:20251228_A2_N1_Mueller_MS_TechHub_IMP_THIDDIAXL003_Cas9_PhoX_DIA12_CV48_250ng_FAIMS_001 P1_KSEETITPWNFEEVVDK P2_EKIEKILTFR 1 2,Q99ZW2,null,,false,Q99ZW2,null,,false,439,468,,4.876414,false,true,false,false,1,1,Self,0.003497,0.004819,0.005076,,4.876414,,,0,0,0,,0.003195,0,,0
579,766,Scan: 1436547 Run: DIA12_CV48:20251228_A2_N1_Mueller_MS_TechHub_IMP_THIDDIAXL003_Cas9_PhoX_DIA12_CV48_250ng_FAIMS_003 P1_LVDSTDKADLR P2_FKVLGNTDR 7 2,Q99ZW2,null,,false,Q99ZW2,null,,false,33,148,,4.875796,false,true,false,false,1,1,Self,0.003497,0.004819,0.005076,,,4.875796,,0,0,0,,0.003195,0,,0
578,764,Scan: 1450119 Run: DIA12_CV48:20251228_A2_N1_Mueller_MS_TechHub_IMP_THIDDIAXL003_Cas9_PhoX_DIA12_CV48_250ng_FAIMS_003 P1_YKEIFFDQSK P2_KLVDSTDK 2 1,Q99ZW2,null,,false,Q99ZW2,null,,false,141,348,,4.871417,false,true,false,false,1,1,Self,0.003497,0.004821,0.005076,,,4.871417,,0,0,0,,0.003195,0,,0
577,762,Scan: 783870 Run: DIA12_CV48:20251228_A2_N1_Mueller_MS_TechHub_IMP_THIDDIAXL003_Cas9_PhoX_DIA12_CV48_250ng_FAIMS_002 P1_VLSAYNKHR P2_NSDKLIAR 7 4,Q99ZW2,null,,false,Q99ZW2,null,,false,1118,1296,,4.868111,false,true,false,false,1,1,Self,0.003497,0.004823,0.005076,4.868111,,,,0,0,0,,0.003195,0,,0
573,755,Scan: 1632927 Run: DIA12_CV48:20251228_A2_N1_Mueller_MS_TechHub_IMP_THIDDIAXL003_Cas9_PhoX_DIA12_CV48_250ng_FAIMS_003 P1_QSGKTILDFLK P2_KDLIIK 4 1,Q99ZW2,null,,false,Q99ZW2,null,,false,1192,677,,4.8566,false,true,false,false,1,1,Self,0.003497,0.004828,0.005181,,4.824544,4.8566,,0,0,0,,0.003195,0,,0
572,754,Scan: 1734966 Run: DIA12_CV48:20251228_A2_N1_Mueller_MS_TechHub_IMP_THIDDIAXL003_Cas9_PhoX_DIA12_CV48_250ng_FAIMS_003 P1_YKEIFFDQSK P2_DDSIDNKVLTR 2 7,Q99ZW2,null,,false,Q99ZW2,null,,false,855,348,,4.856438,false,true,false,false,1,1,Self,0.003497,0.004828,0.005181,,4.461117,4.856438,,0,0,0,,0.003195,0,,0
571,753,Scan: 431476 Run: DIA12_CV48:20251228_A2_N1_Mueller_MS_TechHub_IMP_THIDDIAXL003_Cas9_PhoX_DIA12_CV48_250ng_FAIMS_001 P1_KLINGIR P2_KGILQTVK 1 1,Q99ZW2,null,,false,Q99ZW2,null,,false,735,665,,4.856115,false,true,false,false,1,1,Self,0.003497,0.004829,0.005181,,4.856115,4.350372,,0,0,0,,0.003195,0,,0
569,750,Scan: 412564 Run: DIA12_CV48:20251228_A2_N1_Mueller_MS_TechHub_IMP_THIDDIAXL003_Cas9_PhoX_DIA12_CV48_250ng_FAIMS_001 P1_YKEIFFDQSK P2_QLKEDYFK 2 3,Q99ZW2,null,,false,Q99ZW2,null,,false,565,348,,4.85306,false,true,false,false,1,1,Self,0.003497,0.00483,0.005181,,4.85306,4.089017,,0,0,0,,0.003195,0,,0
568,749,Scan: 33151 Run: DIA12_CV48:20251228_A2_N1_Mueller_MS_TechHub_IMP_THIDDIAXL003_Cas9_PhoX_DIA12_CV48_250ng_FAIMS_001 P1_KVLSMPQVNIVK P2_ELGSQILKEHPVENTQLQNEK 1 8,Q99ZW2,null,,false,Q99ZW2,null,,false,797,1085,,4.852966,false,true,false,false,1,1,Self,0.003497,0.00483,0.005181,,4.852966,,,0,0,0,,0.003195,0,,0
566,746,Scan: 1677832 Run: DIA12_CV48:20251228_A2_N1_Mueller_MS_TechHub_IMP_THIDDIAXL003_Cas9_PhoX_DIA12_CV48_250ng_FAIMS_003 P1_KGILQTVK P2_IEKILTFR 1 3,Q99ZW2,null,,false,Q99ZW2,null,,false,442,735,,4.852026,false,true,false,false,1,1,Self,0.003497,0.004831,0.005181,,,4.852026,,0,0,0,,0.003195,0,,0
565,745,Scan: 20330 Run: DIA12_CV48:20251228_A2_N1_Mueller_MS_TechHub_IMP_THIDDIAXL003_Cas9_PhoX_DIA12_CV48_250ng_FAIMS_001 P1_SEQEIGKATAK P2_KRPLIETNGETGEIVWDK 7 1,Q99ZW2,null,,false,Q99ZW2,null,,false,1059,1031,,4.851546,false,true,false,false,1,1,Self,0.003497,0.004831,0.005181,,4.851546,4.081675,,0,0,0,,0.003195,0,,0
564,744,Scan: 1329535 Run: DIA12_CV48:20251228_A2_N1_Mueller_MS_TechHub_IMP_THIDDIAXL003_Cas9_PhoX_DIA12_CV48_250ng_FAIMS_003 P1_TEVQTGGFSKESILPK P2_KDLIIK 10 1,Q99ZW2,null,,false,Q99ZW2,null,,false,1192,1107,,4.849826,false,true,false,false,1,1,Self,0.003497,0.004832,0.005181,,,4.849826,,0,0,0,,0.003195,0,,0
563,742,Scan: 1356712 Run: DIA12_CV48:20251228_A2_N1_Mueller_MS_TechHub_IMP_THIDDIAXL003_Cas9_PhoX_DIA12_CV48_250ng_FAIMS_003 P1_LKGSPEDNEQK P2_DKPIR 2 2,Q99ZW2,null,,false,Q99ZW2,null,,false,1300,1246,,4.848235,false,true,false,false,1,1,Self,0.003497,0.004832,0.005181,,,4.848235,,0,0,0,,0.003195,0,,0
562,739,Scan: 520215 Run: DIA12_CV48:20251228_A2_N1_Mueller_MS_TechHub_IMP_THIDDIAXL003_Cas9_PhoX_DIA12_CV48_250ng_FAIMS_001 P1_NSDKLIAR P2_ELGSQILKEHPVENTQLQNEK 4 8,Q99ZW2,null,,false,Q99ZW2,null,,false,797,1118,,4.843511,false,true,false,false,1,1,Self,0.003497,0.004835,0.005181,,4.843511,,,0,0,0,,0.003195,0,,0
560,736,Scan: 907165 Run: DIA12_CV48:20251228_A2_N1_Mueller_MS_TechHub_IMP_THIDDIAXL003_Cas9_PhoX_DIA12_CV48_250ng_FAIMS_002 P1_KSEETITPWNFEEVVDK P2_KIECFDSVEISGVEDR 1 1,Q99ZW2,null,,false,Q99ZW2,null,,false,571,468,,4.839087,false,true,false,false,1,1,Self,0.003497,0.004837,0.005236,4.839087,,,,0,0,0,,0.003195,0,,0
559,735,Scan: 298021 Run: DIA12_CV48:20251228_A2_N1_Mueller_MS_TechHub_IMP_THIDDIAXL003_Cas9_PhoX_DIA12_CV48_250ng_FAIMS_001 P1_KNLIGALLFDSGETAEATR P2_KNLIGALLFDSGETAEATR 1 1,Q99ZW2,null,,false,Q99ZW2,null,,false,45,45,,4.838232,false,true,false,false,1,1,Self,0.003497,0.004837,0.005236,,4.838232,,,0,0,0,,0.003195,0,,0
558,733,Scan: 546887 Run: DIA12_CV48:20251228_A2_N1_Mueller_MS_TechHub_IMP_THIDDIAXL003_Cas9_PhoX_DIA12_CV48_250ng_FAIMS_001 P1_GKSDNVPSEEVVK P2_EDIQKAQVSGQGDSLHEHIANLAGSPAIK 2 5,Q99ZW2,null,,false,Q99ZW2,null,,false,710,866,,4.836993,false,true,false,false,1,1,Self,0.003497,0.004838,0.005236,,4.836993,,,0,0,0,,0.003195,0,,0
557,732,Scan: 378875 Run: DIA12_CV48:20251228_A2_N1_Mueller_MS_TechHub_IMP_THIDDIAXL003_Cas9_PhoX_DIA12_CV48_250ng_FAIMS_001 P1_KPAFLSGEQK P2_EVKKDLIIK 1 3,Q99ZW2,null,,false,Q99ZW2,null,,false,1191,536,,4.836672,false,true,false,false,1,1,Self,0.003497,0.004838,0.005236,,4.836672,,,0,0,0,,0.003195,0,,0
556,731,Scan: 689233 Run: DIA12_CV48:20251228_A2_N1_Mueller_MS_TechHub_IMP_THIDDIAXL003_Cas9_PhoX_DIA12_CV48_250ng_FAIMS_002 P1_NSDKLIAR P2_GILQTVKVVDELVK 4 7,Q99ZW2,null,,false,Q99ZW2,null,,false,742,1118,,4.836408,false,true,false,false,1,1,Self,0.003497,0.004838,0.005236,4.836408,4.542575,,,0,0,0,,0.003195,0,,0
555,730,Scan: 743059 Run: DIA12_CV48:20251228_A2_N1_Mueller_MS_TechHub_IMP_THIDDIAXL003_Cas9_PhoX_DIA12_CV48_250ng_FAIMS_002 P1_LPKYSLFELENGR P2_KSEETITPWNFEEVVDK 3 1,Q99ZW2,null,,false,Q99ZW2,null,,false,468,1200,,4.835897,false,true,false,false,1,1,Self,0.003497,0.004838,0.005263,4.835897,,,,0,0,0,,0.003195,0,,0
553,728,Scan: 1053549 Run: DIA12_CV48:20251228_A2_N1_Mueller_MS_TechHub_IMP_THIDDIAXL003_Cas9_PhoX_DIA12_CV48_250ng_FAIMS_002 P1_EKIEKILTFR P2_EDIQKAQVSGQGDSLHEHIANLAGSPAIK 2 5,Q99ZW2,null,,false,Q99ZW2,null,,false,710,439,,4.831956,false,true,false,false,1,1,Self,0.003497,0.00484,0.005319,4.831956,,,,0,0,0,,0.003195,0,,0
551,726,Scan: 82587 Run: DIA12_CV48:20251228_A2_N1_Mueller_MS_TechHub_IMP_THIDDIAXL003_Cas9_PhoX_DIA12_CV48_250ng_FAIMS_001 P1_NSDKLIAR P2_NSDKLIAR 4 4,Q99ZW2,null,,false,Q99ZW2,null,,false,1118,1118,,4.829981,false,true,false,false,1,1,Self,0.003497,0.004841,0.005319,,4.829981,,,0,0,0,,0.003195,0,,0
549,724,Scan: 983185 Run: DIA12_CV48:20251228_A2_N1_Mueller_MS_TechHub_IMP_THIDDIAXL003_Cas9_PhoX_DIA12_CV48_250ng_FAIMS_002 P1_QLKEDYFK P2_KPAFLSGEQK 3 1,Q99ZW2,null,,false,Q99ZW2,null,,false,536,565,,4.827573,false,true,false,false,1,1,Self,0.003497,0.004843,0.005435,4.827573,4.262826,,,0,0,0,,0.003195,0,,0
548,723,Scan: 163873 Run: DIA12_CV48:20251228_A2_N1_Mueller_MS_TechHub_IMP_THIDDIAXL003_Cas9_PhoX_DIA12_CV48_250ng_FAIMS_001 P1_SNKQGR P2_LKGSPEDNEQK 3 2,Q99ZW2,null,,false,decoy:Q99ZW2,decoydecoy:null,decoy:,true,1246,775,,4.827453,true,false,true,false,1,1,Self,0.004843,0.006702,0.005435,,4.827453,3.505173,,0,1,1,,0.004329,0.001976,,5
547,722,Scan: 636005 Run: DIA12_CV48:20251228_A2_N1_Mueller_MS_TechHub_IMP_THIDDIAXL003_Cas9_PhoX_DIA12_CV48_250ng_FAIMS_002 P1_KTEVQTGGFSK P2_KSEETITPWNFEEVVDK 1 1,Q99ZW2,null,,false,Q99ZW2,null,,false,468,1097,,4.827231,false,true,false,false,1,1,Self,0.004843,0.004844,0.005435,4.827231,,,,0,0,0,,0.004329,0.001976,,0
546,721,Scan: 1211319 Run: DIA12_CV48:20251228_A2_N1_Mueller_MS_TechHub_IMP_THIDDIAXL003_Cas9_PhoX_DIA12_CV48_250ng_FAIMS_003 P1_MIAKSEQEIGK P2_ATAKYFFYSNIMNFFK 4 4,Q99ZW2,null,,false,Q99ZW2,null,,false,1035,1024,,4.825879,false,true,false,false,1,1,Self,0.004843,0.004856,0.005435,,4.180873,4.825879,,0,0,0,,0.004329,0.001976,,0
545,719,Scan: 855481 Run: DIA12_CV48:20251228_A2_N1_Mueller_MS_TechHub_IMP_THIDDIAXL003_Cas9_PhoX_DIA12_CV48_250ng_FAIMS_002 P1_YKEIFFDQSK P2_IEKILTFR 2 3,Q99ZW2,null,,false,Q99ZW2,null,,false,442,348,,4.81453,false,true,false,false,1,1,Self,0.004843,0.004949,0.005464,4.81453,,4.422769,,0,0,0,,0.004329,0.001976,,0
544,718,Scan: 1002266 Run: DIA12_CV48:20251228_A2_N1_Mueller_MS_TechHub_IMP_THIDDIAXL003_Cas9_PhoX_DIA12_CV48_250ng_FAIMS_002 P1_KDFQFYK P2_KAIVDLLFK 1 1,Q99ZW2,null,,false,Q99ZW2,null,,false,546,968,,4.809851,false,true,false,false,1,1,Self,0.004843,0.004988,0.005464,4.809851,,,,0,0,0,,0.004329,0.001976,,0
543,715,Scan: 1216661 Run: DIA12_CV48:20251228_A2_N1_Mueller_MS_TechHub_IMP_THIDDIAXL003_Cas9_PhoX_DIA12_CV48_250ng_FAIMS_003 P1_KSEETITPWNFEEVVDK P2_KRPLIETNGETGEIVWDK 1 1,Q99ZW2,null,,false,Q99ZW2,null,,false,1059,468,,4.806007,false,true,false,false,1,1,Self,0.004843,0.005019,0.005495,,,4.806007,,0,0,0,,0.004329,0.001976,,0
542,708,Scan: 443836 Run: DIA12_CV48:20251228_A2_N1_Mueller_MS_TechHub_IMP_THIDDIAXL003_Cas9_PhoX_DIA12_CV48_250ng_FAIMS_001 P1_TILDFLKSDGFANR P2_FKVLGNTDR 7 2,Q99ZW2,null,,false,Q99ZW2,null,,false,33,684,,4.802447,false,true,false,false,1,1,Self,0.004843,0.005049,0.010989,,4.802447,,,0,0,0,,0.004329,0.001976,,0
541,707,Scan: 1574481 Run: DIA12_CV48:20251228_A2_N1_Mueller_MS_TechHub_IMP_THIDDIAXL003_Cas9_PhoX_DIA12_CV48_250ng_FAIMS_003 P1_LVDSTDKADLR P2_KPAFLSGEQK 7 1,Q99ZW2,null,,false,Q99ZW2,null,,false,536,148,,4.802422,false,true,false,false,1,1,Self,0.004843,0.005049,0.010989,,4.749821,4.802422,,0,0,0,,0.004329,0.001976,,0
540,705,Scan: 462110 Run: DIA12_CV48:20251228_A2_N1_Mueller_MS_TechHub_IMP_THIDDIAXL003_Cas9_PhoX_DIA12_CV48_250ng_FAIMS_001 P1_KGILQTVK P2_EDIQKAQVSGQGDSLHEHIANLAGSPAIK 1 5,Q99ZW2,null,,false,Q99ZW2,null,,false,710,735,,4.799878,false,true,false,false,1,1,Self,0.004843,0.00507,0.010929,4.619522,4.799878,,,0,0,0,,0.004329,0.001976,,0
539,704,Scan: 1289288 Run: DIA12_CV48:20251228_A2_N1_Mueller_MS_TechHub_IMP_THIDDIAXL003_Cas9_PhoX_DIA12_CV48_250ng_FAIMS_003 P1_KKDWDPK P2_KKDWDPK 1 1,Q99ZW2,null,,false,Q99ZW2,null,,false,1123,1123,,4.799386,false,true,false,false,1,1,Self,0.004843,0.005074,0.010989,,,4.799386,,0,0,0,,0.004329,0.001976,,0
537,701,Scan: 230663 Run: DIA12_CV48:20251228_A2_N1_Mueller_MS_TechHub_IMP_THIDDIAXL003_Cas9_PhoX_DIA12_CV48_250ng_FAIMS_001 P1_VNTEITKAPLSASMIK P2_FKVLGNTDR 7 2,Q99ZW2,null,,false,Q99ZW2,null,,false,33,314,,4.795734,false,true,false,false,1,1,Self,0.004843,0.005104,0.010811,,4.795734,,,0,0,0,,0.004329,0.001976,,0
536,700,Scan: 546103 Run: DIA12_CV48:20251228_A2_N1_Mueller_MS_TechHub_IMP_THIDDIAXL003_Cas9_PhoX_DIA12_CV48_250ng_FAIMS_001 P1_VKYVTEGMR P2_GKSDNVPSEEVVK 2 2,Q99ZW2,null,,false,Q99ZW2,null,,false,866,528,,4.793235,false,true,false,false,1,1,Self,0.004843,0.005125,0.010753,,4.793235,,,0,0,0,,0.004329,0.001976,,0
535,699,Scan: 854807 Run: DIA12_CV48:20251228_A2_N1_Mueller_MS_TechHub_IMP_THIDDIAXL003_Cas9_PhoX_DIA12_CV48_250ng_FAIMS_002 P1_YKEIFFDQSK P2_FIKPILEK 2 3,Q99ZW2,null,,false,Q99ZW2,null,,false,377,348,,4.789397,false,true,false,false,1,1,Self,0.004843,0.005156,0.010582,4.789397,,,,0,0,0,,0.004329,0.001976,,0
534,695,Scan: 1687653 Run: DIA12_CV48:20251228_A2_N1_Mueller_MS_TechHub_IMP_THIDDIAXL003_Cas9_PhoX_DIA12_CV48_250ng_FAIMS_003 P1_MTNFDKNLPNEK P2_GILQTVKVVDELVK 6 7,Q99ZW2,null,,false,Q99ZW2,null,,false,742,500,,4.783171,false,true,false,false,1,1,Self,0.004843,0.005208,0.010309,3.595273,,4.783171,,0,0,0,,0.004329,0.001976,,0
533,693,Scan: 850567 Run: DIA12_CV48:20251228_A2_N1_Mueller_MS_TechHub_IMP_THIDDIAXL003_Cas9_PhoX_DIA12_CV48_250ng_FAIMS_002 P1_YKEIFFDQSK P2_KMIAK 2 1,Q99ZW2,null,,false,Q99ZW2,null,,false,1020,348,,4.778346,false,true,false,false,1,1,Self,0.004843,0.005248,0.010526,4.778346,,,,0,0,0,,0.004329,0.001976,,0
531,690,Scan: 1567431 Run: DIA12_CV48:20251228_A2_N1_Mueller_MS_TechHub_IMP_THIDDIAXL003_Cas9_PhoX_DIA12_CV48_250ng_FAIMS_003 P1_VKYVTEGMR P2_KVLSMPQVNIVK 2 1,Q99ZW2,null,,false,Q99ZW2,null,,false,1085,528,,4.773594,false,true,false,false,1,1,Self,0.004843,0.005287,0.015707,,,4.773594,,0,0,0,,0.004329,0.001976,,0
530,689,Scan: 352844 Run: DIA12_CV48:20251228_A2_N1_Mueller_MS_TechHub_IMP_THIDDIAXL003_Cas9_PhoX_DIA12_CV48_250ng_FAIMS_001 P1_NSDKLIAR P2_MTNFDKNLPNEK 4 6,Q99ZW2,null,,false,Q99ZW2,null,,false,500,1118,,4.772892,false,true,false,false,1,1,Self,0.004843,0.005292,0.015625,,4.772892,,,0,0,0,,0.004329,0.001976,,0
529,688,Scan: 1113035 Run: DIA12_CV48:20251228_A2_N1_Mueller_MS_TechHub_IMP_THIDDIAXL003_Cas9_PhoX_DIA12_CV48_250ng_FAIMS_002 P1_IEEGIKELGSQILK P2_EHPVENTQLQNEKLYLYYLQNGR 6 13,Q99ZW2,null,,false,Q99ZW2,null,,false,810,789,,4.772787,false,true,false,false,1,1,Self,0.004843,0.005293,0.015625,4.772787,,,,0,0,0,,0.004329,0.001976,,0
528,684,Scan: 1215664 Run: DIA12_CV48:20251228_A2_N1_Mueller_MS_TechHub_IMP_THIDDIAXL003_Cas9_PhoX_DIA12_CV48_250ng_FAIMS_003 P1_KRPLIETNGETGEIVWDK P2_GNELALPSKYVNFLYLASHYEK 1 9,Q99ZW2,null,,false,Q99ZW2,null,,false,1231,1059,,4.766216,false,true,false,false,1,1,Self,0.004843,0.005348,0.020619,,,4.766216,,0,0,0,,0.004329,0.001976,,0
527,683,Scan: 6074 Run: DIA12_CV48:20251228_A2_N1_Mueller_MS_TechHub_IMP_THIDDIAXL003_Cas9_PhoX_DIA12_CV48_250ng_FAIMS_001 P1_LESEFVYGDYKVYDVR P2_KMIAK 11 1,Q99ZW2,null,,false,Q99ZW2,null,,false,1020,1014,,4.761648,false,true,false,false,1,1,Self,0.004843,0.005385,0.020833,4.313016,4.761648,4.555344,,0,0,0,,0.004329,0.001976,,0
526,681,Scan: 707787 Run: DIA12_CV48:20251228_A2_N1_Mueller_MS_TechHub_IMP_THIDDIAXL003_Cas9_PhoX_DIA12_CV48_250ng_FAIMS_002 P1_SSFEKNPIDFLEAK P2_SEQEIGKATAK 5 7,Q99ZW2,null,,false,Q99ZW2,null,,false,1031,1176,,4.755665,false,true,false,false,1,1,Self,0.004843,0.005435,0.020408,4.755665,,,,0,0,0,,0.004329,0.001976,,0
525,680,Scan: 387758 Run: DIA12_CV48:20251228_A2_N1_Mueller_MS_TechHub_IMP_THIDDIAXL003_Cas9_PhoX_DIA12_CV48_250ng_FAIMS_001 P1_KPAFLSGEQK P2_ENQTTQKGQK 1 7,Q99ZW2,null,,false,Q99ZW2,null,,false,772,536,,4.755082,false,true,false,false,1,1,Self,0.004843,0.005439,0.020305,,4.755082,4.113948,,0,0,0,,0.004329,0.001976,,0
524,678,Scan: 791984 Run: DIA12_CV48:20251228_A2_N1_Mueller_MS_TechHub_IMP_THIDDIAXL003_Cas9_PhoX_DIA12_CV48_250ng_FAIMS_002 P1_KKDWDPK P2_EQAENIIHLFTLTNLGAPAAFKYFDTTIDR 1 22,Q99ZW2,null,,false,Q99ZW2,null,,false,1325,1123,,4.751502,false,true,false,false,1,1,Self,0.004843,0.005469,0.020101,4.751502,,,,0,0,0,,0.004329,0.001976,,0
523,677,Scan: 254225 Run: DIA12_CV48:20251228_A2_N1_Mueller_MS_TechHub_IMP_THIDDIAXL003_Cas9_PhoX_DIA12_CV48_250ng_FAIMS_001 P1_YKEIFFDQSK P2_ESILPKR 2 6,Q99ZW2,null,,false,Q99ZW2,null,,false,1113,348,,4.751314,false,true,false,false,1,1,Self,0.004843,0.00547,0.020101,,4.751314,,,0,0,0,,0.004329,0.001976,,0
522,676,Scan: 118374 Run: DIA12_CV48:20251228_A2_N1_Mueller_MS_TechHub_IMP_THIDDIAXL003_Cas9_PhoX_DIA12_CV48_250ng_FAIMS_001 P1_SSFEKNPIDFLEAK P2_KVTVK 5 1,Q99ZW2,null,,false,Q99ZW2,null,,false,558,1176,,4.751117,false,true,false,false,1,1,Self,0.004843,0.005472,0.020101,,4.751117,,,0,0,0,,0.004329,0.001976,,0
521,675,Scan: 1209831 Run: DIA12_CV48:20251228_A2_N1_Mueller_MS_TechHub_IMP_THIDDIAXL003_Cas9_PhoX_DIA12_CV48_250ng_FAIMS_003 P1_YKEIFFDQSK P2_SEQEIGKATAK 2 7,Q99ZW2,null,,false,Q99ZW2,null,,false,1031,348,,4.749146,false,true,false,false,1,1,Self,0.004843,0.005488,0.02,,,4.749146,,0,0,0,,0.004329,0.001976,,0
520,674,Scan: 1329480 Run: DIA12_CV48:20251228_A2_N1_Mueller_MS_TechHub_IMP_THIDDIAXL003_Cas9_PhoX_DIA12_CV48_250ng_FAIMS_003 P1_KTEVQTGGFSK P2_KDLIIK 1 1,Q99ZW2,null,,false,Q99ZW2,null,,false,1192,1097,,4.747328,false,true,false,false,1,1,Self,0.004843,0.005503,0.024631,,,4.747328,,0,0,0,,0.004329,0.001976,,0
519,673,Scan: 509448 Run: DIA12_CV48:20251228_A2_N1_Mueller_MS_TechHub_IMP_THIDDIAXL003_Cas9_PhoX_DIA12_CV48_250ng_FAIMS_001 P1_YKEIFFDQSK P2_ENQTTQKGQK 2 7,Q99ZW2,null,,false,Q99ZW2,null,,false,772,348,,4.744423,false,true,false,false,1,1,Self,0.004843,0.005527,0.029412,,4.744423,,,0,0,0,,0.004329,0.001976,,0
516,670,Scan: 1625854 Run: DIA12_CV48:20251228_A2_N1_Mueller_MS_TechHub_IMP_THIDDIAXL003_Cas9_PhoX_DIA12_CV48_250ng_FAIMS_003 P1_KLINGIR P2_GQKNSR 1 3,Q99ZW2,null,,false,Q99ZW2,null,,false,775,665,,4.738511,false,true,false,false,1,1,Self,0.004843,0.005576,0.029268,,,4.738511,,0,0,0,,0.004329,0.001976,,0
515,668,Scan: 1464704 Run: DIA12_CV48:20251228_A2_N1_Mueller_MS_TechHub_IMP_THIDDIAXL003_Cas9_PhoX_DIA12_CV48_250ng_FAIMS_003 P1_NSDKLIAR P2_EIFFDQSKNGYAGYIDGGASQEEFYK 4 8,Q99ZW2,null,,false,Q99ZW2,null,,false,356,1118,,4.737523,false,true,false,false,1,1,Self,0.004843,0.005584,0.029268,,,4.737523,,0,0,0,,0.004329,0.001976,,0
514,667,Scan: 97178 Run: DIA12_CV48:20251228_A2_N1_Mueller_MS_TechHub_IMP_THIDDIAXL003_Cas9_PhoX_DIA12_CV48_250ng_FAIMS_001 P1_KKDWDPK P2_ESILPKR 2 6,Q99ZW2,null,,false,Q99ZW2,null,,false,1113,1124,,4.737292,false,true,false,false,1,1,Self,0.004843,0.005586,0.029268,,4.737292,,,0,0,0,,0.004329,0.001976,,0
513,666,Scan: 893385 Run: DIA12_CV48:20251228_A2_N1_Mueller_MS_TechHub_IMP_THIDDIAXL003_Cas9_PhoX_DIA12_CV48_250ng_FAIMS_002 P1_KRPLIETNGETGEIVWDK P2_KNLIGALLFDSGETAEATR 1 1,Q99ZW2,null,,false,Q99ZW2,null,,false,45,1059,,4.736936,false,true,false,false,1,1,Self,0.004843,0.005589,0.029126,4.736936,,,,0,0,0,,0.004329,0.001976,,0
512,664,Scan: 410577 Run: DIA12_CV48:20251228_A2_N1_Mueller_MS_TechHub_IMP_THIDDIAXL003_Cas9_PhoX_DIA12_CV48_250ng_FAIMS_001 P1_KVTVK P2_DKQSGK 1 2,Q99ZW2,null,,false,Q99ZW2,null,,false,673,558,,4.73553,false,true,false,false,1,1,Self,0.004843,0.005601,0.028571,,4.73553,,,0,0,0,,0.004329,0.001976,,0
511,660,Scan: 91943 Run: DIA12_CV48:20251228_A2_N1_Mueller_MS_TechHub_IMP_THIDDIAXL003_Cas9_PhoX_DIA12_CV48_250ng_FAIMS_001 P1_NSDKLIAR P2_KGILQTVK 4 1,Q99ZW2,null,,false,Q99ZW2,null,,false,735,1118,,4.726992,false,true,false,false,1,1,Self,0.004843,0.005671,0.027273,,4.726992,,,0,0,0,,0.004329,0.001976,,0
510,658,Scan: 901406 Run: DIA12_CV48:20251228_A2_N1_Mueller_MS_TechHub_IMP_THIDDIAXL003_Cas9_PhoX_DIA12_CV48_250ng_FAIMS_002 P1_VNTEITKAPLSASMIK P2_KSEETITPWNFEEVVDK 7 1,Q99ZW2,null,,false,Q99ZW2,null,,false,468,314,,4.724123,false,true,false,false,1,1,Self,0.004843,0.005695,0.026786,4.724123,,4.154368,,0,0,0,,0.004329,0.001976,,0
509,655,Scan: 378097 Run: DIA12_CV48:20251228_A2_N1_Mueller_MS_TechHub_IMP_THIDDIAXL003_Cas9_PhoX_DIA12_CV48_250ng_FAIMS_001 P1_KPAFLSGEQK P2_KKDWDPK 1 2,Q99ZW2,null,,false,Q99ZW2,null,,false,1124,536,,4.720744,false,true,false,false,1,1,Self,0.004843,0.005722,0.026549,,4.720744,,,0,0,0,,0.004329,0.001976,,0
508,654,Scan: 429950 Run: DIA12_CV48:20251228_A2_N1_Mueller_MS_TechHub_IMP_THIDDIAXL003_Cas9_PhoX_DIA12_CV48_250ng_FAIMS_001 P1_NLPNEKVLPK P2_KLINGIR 6 1,Q99ZW2,null,,false,Q99ZW2,null,,false,665,506,,4.719292,false,true,false,false,1,1,Self,0.004843,0.005734,0.026432,,4.719292,,,0,0,0,,0.004329,0.001976,,0
507,650,Scan: 1702768 Run: DIA12_CV48:20251228_A2_N1_Mueller_MS_TechHub_IMP_THIDDIAXL003_Cas9_PhoX_DIA12_CV48_250ng_FAIMS_003 P1_ESILPKR P2_ENQTTQKGQK 6 7,Q99ZW2,null,,false,Q99ZW2,null,,false,772,1113,,4.718575,false,true,false,false,1,1,Self,0.004843,0.00574,0.026432,,,4.718575,,0,0,0,,0.004329,0.001976,,0
506,649,Scan: 1715958 Run: DIA12_CV48:20251228_A2_N1_Mueller_MS_TechHub_IMP_THIDDIAXL003_Cas9_PhoX_DIA12_CV48_250ng_FAIMS_003 P1_KNGLFGNLIALSLGLTPNFK P2_ELGSQILKEHPVENTQLQNEK 1 8,Q99ZW2,null,,false,Q99ZW2,null,,false,797,234,,4.718329,false,true,false,false,1,1,Self,0.004843,0.005742,0.026432,,,4.718329,,0,0,0,,0.004329,0.001976,,0
505,647,Scan: 1143602 Run: DIA12_CV48:20251228_A2_N1_Mueller_MS_TechHub_IMP_THIDDIAXL003_Cas9_PhoX_DIA12_CV48_250ng_FAIMS_002 P1_KVTVK P2_GKSDNVPSEEVVK 1 2,Q99ZW2,null,,false,Q99ZW2,null,,false,866,558,,4.708912,false,true,false,false,1,1,Self,0.004843,0.00582,0.034934,4.708912,4.675566,,,0,0,0,,0.004329,0.001976,,0
504,646,Scan: 1172037 Run: DIA12_CV48:20251228_A2_N1_Mueller_MS_TechHub_IMP_THIDDIAXL003_Cas9_PhoX_DIA12_CV48_250ng_FAIMS_002 P1_VITLKSK P2_QITKHVAQILDSR 5 4,Q99ZW2,null,,false,Q99ZW2,null,,false,929,959,,4.705329,false,true,false,false,1,1,Self,0.004843,0.00585,0.03913,4.705329,,,,0,0,0,,0.004329,0.001976,,0
503,644,Scan: 1276692 Run: DIA12_CV48:20251228_A2_N1_Mueller_MS_TechHub_IMP_THIDDIAXL003_Cas9_PhoX_DIA12_CV48_250ng_FAIMS_003 P1_NSDKLIAR P2_ESILPKR 4 6,Q99ZW2,null,,false,Q99ZW2,null,,false,1113,1118,,4.70193,false,true,false,false,1,1,Self,0.004843,0.005878,0.043103,,,4.70193,,0,0,0,,0.004329,0.001976,,0
502,642,Scan: 282221 Run: DIA12_CV48:20251228_A2_N1_Mueller_MS_TechHub_IMP_THIDDIAXL003_Cas9_PhoX_DIA12_CV48_250ng_FAIMS_001 P1_QQLPEKYKEIFFDQSK P2_FIKPILEKMDGTEELLVK 6 8,Q99ZW2,null,,false,Q99ZW2,null,,false,382,346,,4.700602,false,true,false,false,1,1,Self,0.004843,0.005889,0.042918,,4.700602,,,0,0,0,,0.004329,0.001976,,0
501,641,Scan: 796792 Run: DIA12_CV48:20251228_A2_N1_Mueller_MS_TechHub_IMP_THIDDIAXL003_Cas9_PhoX_DIA12_CV48_250ng_FAIMS_002 P1_YTSTKEVLDATLIHQSITGLYETR P2_KDFQFYK 5 1,Q99ZW2,null,,false,Q99ZW2,null,,false,968,1340,,4.700075,false,true,false,false,1,1,Self,0.004843,0.005893,0.042735,4.700075,,,,0,0,0,,0.004329,0.001976,,0
500,640,Scan: 1697939 Run: DIA12_CV48:20251228_A2_N1_Mueller_MS_TechHub_IMP_THIDDIAXL003_Cas9_PhoX_DIA12_CV48_250ng_FAIMS_003 P1_VVDELVKVMGR P2_VKYVTEGMR 7 2,Q99ZW2,null,,false,Q99ZW2,null,,false,528,749,,4.695988,false,true,false,false,1,1,Self,0.004843,0.005927,0.042194,,,4.695988,,0,0,0,,0.004329,0.001976,,0
499,639,Scan: 986570 Run: DIA12_CV48:20251228_A2_N1_Mueller_MS_TechHub_IMP_THIDDIAXL003_Cas9_PhoX_DIA12_CV48_250ng_FAIMS_002 P1_KPAFLSGEQK P2_ICYLQEIFSNEMAKVDDSFFHR 1 14,Q99ZW2,null,,false,Q99ZW2,null,,false,92,536,,4.695696,false,true,false,false,1,1,Self,0.004843,0.005929,0.042194,4.695696,,,,0,0,0,,0.004329,0.001976,,0
498,638,Scan: 1358603 Run: DIA12_CV48:20251228_A2_N1_Mueller_MS_TechHub_IMP_THIDDIAXL003_Cas9_PhoX_DIA12_CV48_250ng_FAIMS_003 P1_LKGSPEDNEQK P2_GKSDNVPSEEVVK 2 2,Q99ZW2,null,,false,Q99ZW2,null,,false,866,1246,,4.694498,false,true,false,false,1,1,Self,0.004843,0.005939,0.042017,,,4.694498,,0,0,0,,0.004329,0.001976,,0
497,637,Scan: 249170 Run: DIA12_CV48:20251228_A2_N1_Mueller_MS_TechHub_IMP_THIDDIAXL003_Cas9_PhoX_DIA12_CV48_250ng_FAIMS_001 P1_YDEHHQDLTLLKALVR P2_APLSASMIKR 12 9,Q99ZW2,null,,false,Q99ZW2,null,,false,323,336,,4.694219,false,true,false,false,1,1,Self,0.004843,0.005941,0.042017,,4.694219,,,0,0,0,,0.004329,0.001976,,0
494,633,Scan: 361355 Run: DIA12_CV48:20251228_A2_N1_Mueller_MS_TechHub_IMP_THIDDIAXL003_Cas9_PhoX_DIA12_CV48_250ng_FAIMS_001 P1_VLPKHSLLYEYFTVYNELTK P2_NSDKLIAR 4 4,Q99ZW2,null,,false,Q99ZW2,null,,false,1118,510,,4.688566,false,true,false,false,1,1,Self,0.004843,0.005988,0.040816,,4.688566,,,0,0,0,,0.004329,0.001976,,0
493,632,Scan: 1280392 Run: DIA12_CV48:20251228_A2_N1_Mueller_MS_TechHub_IMP_THIDDIAXL003_Cas9_PhoX_DIA12_CV48_250ng_FAIMS_003 P1_NSDKLIAR P2_DLIIKLPK 4 5,Q99ZW2,null,,false,Q99ZW2,null,,false,1197,1118,,4.688233,false,true,false,false,1,1,Self,0.004843,0.00599,0.040486,,,4.688233,,0,0,0,,0.004329,0.001976,,0
492,631,Scan: 852877 Run: DIA12_CV48:20251228_A2_N1_Mueller_MS_TechHub_IMP_THIDDIAXL003_Cas9_PhoX_DIA12_CV48_250ng_FAIMS_002 P1_YKEIFFDQSK P2_VLSAYNKHR 2 7,Q99ZW2,null,,false,Q99ZW2,null,,false,1296,348,,4.688175,false,true,false,false,1,1,Self,0.004843,0.005991,0.040486,4.688175,,,,0,0,0,,0.004329,0.001976,,0
491,630,Scan: 495564 Run: DIA12_CV48:20251228_A2_N1_Mueller_MS_TechHub_IMP_THIDDIAXL003_Cas9_PhoX_DIA12_CV48_250ng_FAIMS_001 P1_TILDFLKSDGFANR P2_GILQTVKVVDELVK 7 7,Q99ZW2,null,,false,Q99ZW2,null,,false,742,684,,4.686346,false,true,false,false,1,1,Self,0.004843,0.006006,0.040161,,4.686346,,,0,0,0,,0.004329,0.001976,,0
489,627,Scan: 1200432 Run: DIA12_CV48:20251228_A2_N1_Mueller_MS_TechHub_IMP_THIDDIAXL003_Cas9_PhoX_DIA12_CV48_250ng_FAIMS_003 P1_MIAKSEQEIGK P2_LESEFVYGDYKVYDVR 4 11,Q99ZW2,null,,false,Q99ZW2,null,,false,1014,1024,,4.683898,false,true,false,false,1,1,Self,0.004843,0.006026,0.039683,,4.094559,4.683898,,0,0,0,,0.004329,0.001976,,0
488,626,Scan: 911324 Run: DIA12_CV48:20251228_A2_N1_Mueller_MS_TechHub_IMP_THIDDIAXL003_Cas9_PhoX_DIA12_CV48_250ng_FAIMS_002 P1_SKLVSDFR P2_KSEETITPWNFEEVVDK 2 1,Q99ZW2,null,,false,Q99ZW2,null,,false,468,961,,4.681464,false,true,false,false,1,1,Self,0.004843,0.006046,0.039526,4.681464,,,,0,0,0,,0.004329,0.001976,,0
487,625,Scan: 1001135 Run: DIA12_CV48:20251228_A2_N1_Mueller_MS_TechHub_IMP_THIDDIAXL003_Cas9_PhoX_DIA12_CV48_250ng_FAIMS_002 P1_KDLIIK P2_KAIVDLLFK 1 1,Q99ZW2,null,,false,Q99ZW2,null,,false,546,1192,,4.680179,false,true,false,false,1,1,Self,0.004843,0.006057,0.03937,4.680179,,,,0,0,0,,0.004329,0.001976,,0
485,620,Scan: 20549 Run: DIA12_CV48:20251228_A2_N1_Mueller_MS_TechHub_IMP_THIDDIAXL003_Cas9_PhoX_DIA12_CV48_250ng_FAIMS_001 P1_KRPLIETNGETGEIVWDK P2_KRPLIETNGETGEIVWDK 1 1,Q99ZW2,null,,false,Q99ZW2,null,,false,1059,1059,,4.669452,false,true,false,false,1,1,Self,0.004843,0.006145,0.042146,,4.669452,,,0,0,0,,0.004329,0.001976,,0
484,619,Scan: 1215547 Run: DIA12_CV48:20251228_A2_N1_Mueller_MS_TechHub_IMP_THIDDIAXL003_Cas9_PhoX_DIA12_CV48_250ng_FAIMS_003 P1_LPKYSLFELENGR P2_KRPLIETNGETGEIVWDK 3 1,Q99ZW2,null,,false,Q99ZW2,null,,false,1059,1200,,4.668938,false,true,false,false,1,1,Self,0.004843,0.00615,0.041985,,,4.668938,,0,0,0,,0.004329,0.001976,,0
483,618,Scan: 1495496 Run: DIA12_CV48:20251228_A2_N1_Mueller_MS_TechHub_IMP_THIDDIAXL003_Cas9_PhoX_DIA12_CV48_250ng_FAIMS_003 P1_KYGGFDSPTVAYSVLVVAK P2_KSEETITPWNFEEVVDK 1 1,Q99ZW2,null,,false,Q99ZW2,null,,false,468,1130,,4.66487,false,true,false,false,1,1,Self,0.004843,0.006183,0.041509,,,4.66487,,0,0,0,,0.004329,0.001976,,0
482,617,Scan: 110556 Run: DIA12_CV48:20251228_A2_N1_Mueller_MS_TechHub_IMP_THIDDIAXL003_Cas9_PhoX_DIA12_CV48_250ng_FAIMS_001 P1_SSFEKNPIDFLEAK P2_KMIAK 5 1,Q99ZW2,null,,false,Q99ZW2,null,,false,1020,1176,,4.664432,false,true,false,false,1,1,Self,0.004843,0.006187,0.041509,,4.664432,,,0,0,0,,0.004329,0.001976,,0
481,616,Scan: 1487264 Run: DIA12_CV48:20251228_A2_N1_Mueller_MS_TechHub_IMP_THIDDIAXL003_Cas9_PhoX_DIA12_CV48_250ng_FAIMS_003 P1_VKYVTEGMR P2_IEKILTFR 2 3,Q99ZW2,null,,false,Q99ZW2,null,,false,442,528,,4.663844,false,true,false,false,1,1,Self,0.004843,0.006192,0.041353,4.591391,,4.663844,,0,0,0,,0.004329,0.001976,,0
480,615,Scan: 443920 Run: DIA12_CV48:20251228_A2_N1_Mueller_MS_TechHub_IMP_THIDDIAXL003_Cas9_PhoX_DIA12_CV48_250ng_FAIMS_001 P1_YKEIFFDQSK P2_TILDFLKSDGFANR 2 7,Q99ZW2,null,,false,Q99ZW2,null,,false,684,348,,4.662358,false,true,false,false,1,1,Self,0.004843,0.006204,0.041045,,4.662358,,,0,0,0,,0.004329,0.001976,,0
479,613,Scan: 1542343 Run: DIA12_CV48:20251228_A2_N1_Mueller_MS_TechHub_IMP_THIDDIAXL003_Cas9_PhoX_DIA12_CV48_250ng_FAIMS_003 P1_KVTVK P2_KSEETITPWNFEEVVDKGASAQSFIER 1 17,Q99ZW2,null,,false,Q99ZW2,null,,false,484,558,,4.661796,false,true,false,false,1,1,Self,0.004843,0.006208,0.041045,,,4.661796,,0,0,0,,0.004329,0.001976,,0
478,612,Scan: 444580 Run: DIA12_CV48:20251228_A2_N1_Mueller_MS_TechHub_IMP_THIDDIAXL003_Cas9_PhoX_DIA12_CV48_250ng_FAIMS_001 P1_TILDFLKSDGFANR P2_IEKILTFR 7 3,Q99ZW2,null,,false,Q99ZW2,null,,false,442,684,,4.659593,false,true,false,false,1,1,Self,0.004843,0.006227,0.040741,,4.659593,,,0,0,0,,0.004329,0.001976,,0
477,611,Scan: 894898 Run: DIA12_CV48:20251228_A2_N1_Mueller_MS_TechHub_IMP_THIDDIAXL003_Cas9_PhoX_DIA12_CV48_250ng_FAIMS_002 P1_RQEDFYPFLKDNR P2_KNLIGALLFDSGETAEATR 10 1,Q99ZW2,null,,false,Q99ZW2,null,,false,45,434,,4.65834,false,true,false,false,1,1,Self,0.004843,0.006237,0.04059,4.65834,,,,0,0,0,,0.004329,0.001976,,0
476,610,Scan: 571001 Run: DIA12_CV48:20251228_A2_N1_Mueller_MS_TechHub_IMP_THIDDIAXL003_Cas9_PhoX_DIA12_CV48_250ng_FAIMS_001 P1_QITKHVAQILDSR P2_LPKYSLFELENGR 4 3,Q99ZW2,null,,false,Q99ZW2,null,,false,1200,929,,4.657945,false,true,false,false,1,1,Self,0.004843,0.00624,0.04059,,4.657945,,,0,0,0,,0.004329,0.001976,,0
475,609,Scan: 204725 Run: DIA12_CV48:20251228_A2_N1_Mueller_MS_TechHub_IMP_THIDDIAXL003_Cas9_PhoX_DIA12_CV48_250ng_FAIMS_001 P1_KLVDSTDK P2_GKSDNVPSEEVVK 1 2,Q99ZW2,null,,false,Q99ZW2,null,,false,866,141,,4.655594,false,true,false,false,1,1,Self,0.004843,0.00626,0.040293,,4.655594,,,0,0,0,,0.004329,0.001976,,0
474,608,Scan: 20771 Run: DIA12_CV48:20251228_A2_N1_Mueller_MS_TechHub_IMP_THIDDIAXL003_Cas9_PhoX_DIA12_CV48_250ng_FAIMS_001 P1_KVLSMPQVNIVK P2_KRPLIETNGETGEIVWDK 1 1,Q99ZW2,null,,false,Q99ZW2,null,,false,1059,1085,,4.654948,false,true,false,false,1,1,Self,0.004843,0.006265,0.040146,,4.654948,,,0,0,0,,0.004329,0.001976,,0
473,607,Scan: 31888 Run: DIA12_CV48:20251228_A2_N1_Mueller_MS_TechHub_IMP_THIDDIAXL003_Cas9_PhoX_DIA12_CV48_250ng_FAIMS_001 P1_KVLSMPQVNIVK P2_KTEVQTGGFSK 1 1,Q99ZW2,null,,false,Q99ZW2,null,,false,1097,1085,,4.653718,false,true,false,false,1,1,Self,0.004843,0.006275,0.040293,,4.653718,,,0,0,0,,0.004329,0.001976,,0
472,606,Scan: 985144 Run: DIA12_CV48:20251228_A2_N1_Mueller_MS_TechHub_IMP_THIDDIAXL003_Cas9_PhoX_DIA12_CV48_250ng_FAIMS_002 P1_KPAFLSGEQK P2_IEEGIKELGSQILK 1 6,Q99ZW2,null,,false,Q99ZW2,null,,false,789,536,,4.650726,false,true,false,false,1,1,Self,0.004843,0.0063,0.039855,4.650726,,,,0,0,0,,0.004329,0.001976,,0
471,604,Scan: 1308299 Run: DIA12_CV48:20251228_A2_N1_Mueller_MS_TechHub_IMP_THIDDIAXL003_Cas9_PhoX_DIA12_CV48_250ng_FAIMS_003 P1_SSFEKNPIDFLEAK P2_DLIIKLPK 5 5,Q99ZW2,null,,false,Q99ZW2,null,,false,1197,1176,,4.648449,false,true,false,false,1,1,Self,0.004843,0.006319,0.039286,,,4.648449,,0,0,0,,0.004329,0.001976,,0
470,603,Scan: 674946 Run: DIA12_CV48:20251228_A2_N1_Mueller_MS_TechHub_IMP_THIDDIAXL003_Cas9_PhoX_DIA12_CV48_250ng_FAIMS_002 P1_VLPKHSLLYEYFTVYNELTK P2_LEESFLVEEDKK 4 11,Q99ZW2,null,,false,Q99ZW2,null,,false,111,510,,4.647115,false,true,false,false,1,1,Self,0.004843,0.00633,0.039007,4.647115,,,,0,0,0,,0.004329,0.001976,,0
469,601,Scan: 1750431 Run: DIA12_CV48:20251228_A2_N1_Mueller_MS_TechHub_IMP_THIDDIAXL003_Cas9_PhoX_DIA12_CV48_250ng_FAIMS_003 P1_YKEIFFDQSK P2_MKNYWR 2 2,Q99ZW2,null,,false,Q99ZW2,null,,false,880,348,,4.646282,false,true,false,false,1,1,Self,0.004843,0.006336,0.039146,4.271542,,4.646282,,0,0,0,,0.004329,0.001976,,0
468,597,Scan: 1145742 Run: DIA12_CV48:20251228_A2_N1_Mueller_MS_TechHub_IMP_THIDDIAXL003_Cas9_PhoX_DIA12_CV48_250ng_FAIMS_002 P1_SDNVPSEEVVKK P2_GKSDNVPSEEVVK 11 2,Q99ZW2,null,,false,Q99ZW2,null,,false,866,877,,4.642118,false,true,false,false,1,1,Self,0.004843,0.006371,0.038732,4.642118,,,,0,0,0,,0.004329,0.001976,,0
465,591,Scan: 1718335 Run: DIA12_CV48:20251228_A2_N1_Mueller_MS_TechHub_IMP_THIDDIAXL003_Cas9_PhoX_DIA12_CV48_250ng_FAIMS_003 P1_KLINGIR P2_ELGSQILKEHPVENTQLQNEK 1 8,Q99ZW2,null,,false,Q99ZW2,null,,false,797,665,,4.639671,false,true,false,false,1,1,Self,0.004843,0.006391,0.038732,,,4.639671,,0,0,0,,0.004329,0.001976,,0
464,590,Scan: 842491 Run: DIA12_CV48:20251228_A2_N1_Mueller_MS_TechHub_IMP_THIDDIAXL003_Cas9_PhoX_DIA12_CV48_250ng_FAIMS_002 P1_SDKNR P2_FKVLGNTDR 3 2,Q99ZW2,null,,false,Q99ZW2,null,,false,33,862,,4.639469,false,true,false,false,1,1,Self,0.004843,0.006393,0.038596,4.639469,,,,0,0,0,,0.004329,0.001976,,0
462,588,Scan: 1439255 Run: DIA12_CV48:20251228_A2_N1_Mueller_MS_TechHub_IMP_THIDDIAXL003_Cas9_PhoX_DIA12_CV48_250ng_FAIMS_003 P1_HKPENIVIEMAR P2_FKVLGNTDR 2 2,Q99ZW2,null,,false,Q99ZW2,null,,false,33,755,,4.63852,false,true,false,false,1,1,Self,0.004843,0.0064,0.038328,,,4.63852,,0,0,0,,0.004329,0.001976,,0
461,587,Scan: 1766978 Run: DIA12_CV48:20251228_A2_N1_Mueller_MS_TechHub_IMP_THIDDIAXL003_Cas9_PhoX_DIA12_CV48_250ng_FAIMS_003 P1_QITKHVAQILDSR P2_KLINGIR 4 1,Q99ZW2,null,,false,Q99ZW2,null,,false,665,929,,4.638034,false,true,false,false,1,1,Self,0.004843,0.006404,0.038462,,,4.638034,,0,0,0,,0.004329,0.001976,,0
460,586,Scan: 984389 Run: DIA12_CV48:20251228_A2_N1_Mueller_MS_TechHub_IMP_THIDDIAXL003_Cas9_PhoX_DIA12_CV48_250ng_FAIMS_002 P1_KPAFLSGEQK P2_KGILQTVK 1 1,Q99ZW2,null,,false,Q99ZW2,null,,false,735,536,,4.634999,false,true,false,false,1,1,Self,0.004843,0.006429,0.048611,4.634999,,4.420301,,0,0,0,,0.004329,0.001976,,0
459,585,Scan: 1609602 Run: DIA12_CV48:20251228_A2_N1_Mueller_MS_TechHub_IMP_THIDDIAXL003_Cas9_PhoX_DIA12_CV48_250ng_FAIMS_003 P1_KVTVK P2_KIECFDSVEISGVEDR 1 1,Q99ZW2,null,,false,Q99ZW2,null,,false,571,558,,4.633874,false,true,false,false,1,1,Self,0.004843,0.006439,0.048276,,,4.633874,,0,0,0,,0.004329,0.001976,,0
456,582,Scan: 1598993 Run: DIA12_CV48:20251228_A2_N1_Mueller_MS_TechHub_IMP_THIDDIAXL003_Cas9_PhoX_DIA12_CV48_250ng_FAIMS_003 P1_QSGKTILDFLK P2_KAIVDLLFK 4 1,Q99ZW2,null,,false,Q99ZW2,null,,false,546,677,,4.629525,false,true,false,false,1,1,Self,0.004843,0.006475,0.050676,,,4.629525,,0,0,0,,0.004329,0.001976,,0
455,581,Scan: 1556311 Run: DIA12_CV48:20251228_A2_N1_Mueller_MS_TechHub_IMP_THIDDIAXL003_Cas9_PhoX_DIA12_CV48_250ng_FAIMS_003 P1_VLPKHSLLYEYFTVYNELTK P2_LPKYSLFELENGR 4 3,Q99ZW2,null,,false,Q99ZW2,null,,false,1200,510,,4.628825,false,true,false,false,1,1,Self,0.004843,0.00648,0.050167,,,4.628825,,0,0,0,,0.004329,0.001976,,0
454,580,Scan: 1007494 Run: DIA12_CV48:20251228_A2_N1_Mueller_MS_TechHub_IMP_THIDDIAXL003_Cas9_PhoX_DIA12_CV48_250ng_FAIMS_002 P1_KVTVK P2_AIVDLLFKTNR 1 8,Q99ZW2,null,,false,Q99ZW2,null,,false,554,558,,4.627941,false,true,false,false,1,1,Self,0.004843,0.006488,0.053512,4.627941,,,,0,0,0,,0.004329,0.001976,,0
453,576,Scan: 377097 Run: DIA12_CV48:20251228_A2_N1_Mueller_MS_TechHub_IMP_THIDDIAXL003_Cas9_PhoX_DIA12_CV48_250ng_FAIMS_001 P1_RPLIETNGETGEIVWDKGR P2_KPAFLSGEQK 17 1,Q99ZW2,null,,false,Q99ZW2,null,,false,536,1076,,4.62439,false,true,false,false,1,1,Self,0.004843,0.006517,0.053512,,4.62439,,,0,0,0,,0.004329,0.001976,,0
451,574,Scan: 1309502 Run: DIA12_CV48:20251228_A2_N1_Mueller_MS_TechHub_IMP_THIDDIAXL003_Cas9_PhoX_DIA12_CV48_250ng_FAIMS_003 P1_SSFEKNPIDFLEAK P2_KNGLFGNLIALSLGLTPNFK 5 1,Q99ZW2,null,,false,Q99ZW2,null,,false,234,1176,,4.622224,false,true,false,false,1,1,Self,0.004843,0.006535,0.056478,,,4.622224,,0,0,0,,0.004329,0.001976,,0
450,573,Scan: 1013085 Run: DIA12_CV48:20251228_A2_N1_Mueller_MS_TechHub_IMP_THIDDIAXL003_Cas9_PhoX_DIA12_CV48_250ng_FAIMS_002 P1_KLINGIR P2_KIECFDSVEISGVEDR 1 1,Q99ZW2,null,,false,Q99ZW2,null,,false,571,665,,4.620869,false,true,false,false,1,1,Self,0.004843,0.006546,0.055738,4.620869,,,,0,0,0,,0.004329,0.001976,,0
448,571,Scan: 954225 Run: DIA12_CV48:20251228_A2_N1_Mueller_MS_TechHub_IMP_THIDDIAXL003_Cas9_PhoX_DIA12_CV48_250ng_FAIMS_002 P1_VLPKHSLLYEYFTVYNELTK P2_MTNFDKNLPNEK 4 6,Q99ZW2,null,,false,Q99ZW2,null,,false,500,510,,4.620242,false,true,false,false,1,1,Self,0.004843,0.006551,0.055556,4.620242,4.318213,,,0,0,0,,0.004329,0.001976,,0
447,569,Scan: 1210678 Run: DIA12_CV48:20251228_A2_N1_Mueller_MS_TechHub_IMP_THIDDIAXL003_Cas9_PhoX_DIA12_CV48_250ng_FAIMS_003 P1_SEQEIGKATAK P2_ELGSQILKEHPVENTQLQNEK 7 8,Q99ZW2,null,,false,Q99ZW2,null,,false,797,1031,,4.618305,false,true,false,false,1,1,Self,0.004843,0.006567,0.055195,,,4.618305,,0,0,0,,0.004329,0.001976,,0
444,565,Scan: 589682 Run: DIA12_CV48:20251228_A2_N1_Mueller_MS_TechHub_IMP_THIDDIAXL003_Cas9_PhoX_DIA12_CV48_250ng_FAIMS_001 P1_SKLVSDFR P2_EVKVITLK 2 3,Q99ZW2,null,,false,Q99ZW2,null,,false,954,961,,4.613824,false,true,false,false,1,1,Self,0.004843,0.006604,0.058442,,4.613824,,,0,0,0,,0.004329,0.001976,,0
443,564,Scan: 1284264 Run: DIA12_CV48:20251228_A2_N1_Mueller_MS_TechHub_IMP_THIDDIAXL003_Cas9_PhoX_DIA12_CV48_250ng_FAIMS_003 P1_QLKEDYFK P2_NSDKLIAR 3 4,Q99ZW2,null,,false,Q99ZW2,null,,false,1118,565,,4.612014,false,true,false,false,1,1,Self,0.004843,0.006619,0.057878,,3.925145,4.612014,,0,0,0,,0.004329,0.001976,,0
442,563,Scan: 14267 Run: DIA12_CV48:20251228_A2_N1_Mueller_MS_TechHub_IMP_THIDDIAXL003_Cas9_PhoX_DIA12_CV48_250ng_FAIMS_001 P1_SEQEIGKATAK P2_SEQEIGKATAK 7 7,Q99ZW2,null,,false,Q99ZW2,null,,false,1031,1031,,4.611049,false,true,false,false,1,1,Self,0.004843,0.006627,0.06129,,4.611049,,,0,0,0,,0.004329,0.001976,,0
441,562,Scan: 195406 Run: DIA12_CV48:20251228_A2_N1_Mueller_MS_TechHub_IMP_THIDDIAXL003_Cas9_PhoX_DIA12_CV48_250ng_FAIMS_001 P1_KPAFLSGEQK P2_EQAENIIHLFTLTNLGAPAAFKYFDTTIDR 1 22,Q99ZW2,null,,false,Q99ZW2,null,,false,1325,536,,4.60655,false,true,false,false,1,1,Self,0.004843,0.006664,0.060703,,4.60655,,,0,0,0,,0.004329,0.001976,,0
440,561,Scan: 1002038 Run: DIA12_CV48:20251228_A2_N1_Mueller_MS_TechHub_IMP_THIDDIAXL003_Cas9_PhoX_DIA12_CV48_250ng_FAIMS_002 P1_KAIVDLLFK P2_GQKNSR 1 3,Q99ZW2,null,,false,Q99ZW2,null,,false,775,546,,4.605784,false,true,false,false,1,1,Self,0.004843,0.00667,0.060703,4.605784,3.768286,,,0,0,0,,0.004329,0.001976,,0
439,559,Scan: 145871 Run: DIA12_CV48:20251228_A2_N1_Mueller_MS_TechHub_IMP_THIDDIAXL003_Cas9_PhoX_DIA12_CV48_250ng_FAIMS_001 P1_LPKYSLFELENGR P2_KNLIGALLFDSGETAEATR 3 1,Q99ZW2,null,,false,Q99ZW2,null,,false,45,1200,,4.605089,false,true,false,false,1,1,Self,0.004843,0.006676,0.063492,,4.605089,,,0,0,0,,0.004329,0.001976,,0
437,556,Scan: 1633777 Run: DIA12_CV48:20251228_A2_N1_Mueller_MS_TechHub_IMP_THIDDIAXL003_Cas9_PhoX_DIA12_CV48_250ng_FAIMS_003 P1_QSGKTILDFLK P2_KLINGIR 4 1,Q99ZW2,null,,false,Q99ZW2,null,,false,665,677,,4.602374,false,true,false,false,1,1,Self,0.004843,0.006698,0.066038,,,4.602374,,0,0,0,,0.004329,0.001976,,0
436,553,Scan: 32749 Run: DIA12_CV48:20251228_A2_N1_Mueller_MS_TechHub_IMP_THIDDIAXL003_Cas9_PhoX_DIA12_CV48_250ng_FAIMS_001 P1_KVLSMPQVNIVK P2_KSEETITPWNFEEVVDK 1 1,Q99ZW2,null,,false,Q99ZW2,null,,false,468,1085,,4.601711,false,true,false,false,1,1,Self,0.004843,0.006704,0.066038,,4.601711,,,0,0,0,,0.004329,0.001976,,0
435,551,Scan: 363266 Run: DIA12_CV48:20251228_A2_N1_Mueller_MS_TechHub_IMP_THIDDIAXL003_Cas9_PhoX_DIA12_CV48_250ng_FAIMS_001 P1_VLPKHSLLYEYFTVYNELTK P2_KNLIGALLFDSGETAEATR 4 1,Q99ZW2,null,,false,Q99ZW2,null,,false,45,510,,4.598998,false,true,false,false,1,1,Self,0.004843,0.006726,0.068966,,4.598998,,,0,0,0,,0.004329,0.001976,,0
434,550,Scan: 1021097 Run: DIA12_CV48:20251228_A2_N1_Mueller_MS_TechHub_IMP_THIDDIAXL003_Cas9_PhoX_DIA12_CV48_250ng_FAIMS_002 P1_NSDKLIAR P2_LKTYAHLFDDK 4 2,Q99ZW2,null,,false,Q99ZW2,null,,false,637,1118,,4.598808,false,true,false,false,1,1,Self,0.004843,0.006728,0.068966,4.598808,,,,0,0,0,,0.004329,0.001976,,0
433,549,Scan: 1604755 Run: DIA12_CV48:20251228_A2_N1_Mueller_MS_TechHub_IMP_THIDDIAXL003_Cas9_PhoX_DIA12_CV48_250ng_FAIMS_003 P1_KVTVK P2_KLINGIR 1 1,Q99ZW2,null,,false,Q99ZW2,null,,false,665,558,,4.598517,false,true,false,false,1,1,Self,0.004843,0.00673,0.069182,,4.064268,4.598517,,0,0,0,,0.004329,0.001976,,0
432,546,Scan: 1382502 Run: DIA12_CV48:20251228_A2_N1_Mueller_MS_TechHub_IMP_THIDDIAXL003_Cas9_PhoX_DIA12_CV48_250ng_FAIMS_003 P1_DKPIR P2_DKPIR 2 2,Q99ZW2,null,,false,Q99ZW2,null,,false,1300,1300,,4.596426,false,true,false,false,1,1,Self,0.004843,0.006747,0.069182,,,4.596426,,0,0,0,,0.004329,0.001976,,0
431,545,Scan: 690149 Run: DIA12_CV48:20251228_A2_N1_Mueller_MS_TechHub_IMP_THIDDIAXL003_Cas9_PhoX_DIA12_CV48_250ng_FAIMS_002 P1_NSDKLIAR P2_GKSDNVPSEEVVK 4 2,Q99ZW2,null,,false,Q99ZW2,null,,false,866,1118,,4.59546,false,true,false,false,1,1,Self,0.004843,0.006755,0.069182,4.59546,4.209178,,,0,0,0,,0.004329,0.001976,,0
429,542,Scan: 231902 Run: DIA12_CV48:20251228_A2_N1_Mueller_MS_TechHub_IMP_THIDDIAXL003_Cas9_PhoX_DIA12_CV48_250ng_FAIMS_001 P1_VNTEITKAPLSASMIK P2_ELGSQILKEHPVENTQLQNEK 7 8,Q99ZW2,null,,false,Q99ZW2,null,,false,797,314,,4.592973,false,true,false,false,1,1,Self,0.004843,0.006776,0.06875,,4.592973,,,0,0,0,,0.004329,0.001976,,0
428,541,Scan: 483710 Run: DIA12_CV48:20251228_A2_N1_Mueller_MS_TechHub_IMP_THIDDIAXL003_Cas9_PhoX_DIA12_CV48_250ng_FAIMS_001 P1_MTNFDKNLPNEK P2_KGILQTVK 6 1,Q99ZW2,null,,false,Q99ZW2,null,,false,735,500,,4.591387,false,true,false,false,1,1,Self,0.004843,0.006789,0.071429,,4.591387,,,0,0,0,,0.004329,0.001976,,0
426,539,Scan: 814931 Run: DIA12_CV48:20251228_A2_N1_Mueller_MS_TechHub_IMP_THIDDIAXL003_Cas9_PhoX_DIA12_CV48_250ng_FAIMS_002 P1_KNGLFGNLIALSLGLTPNFK P2_GKSDNVPSEEVVK 1 2,Q99ZW2,null,,false,Q99ZW2,null,,false,866,234,,4.590357,false,true,false,false,1,1,Self,0.004843,0.006797,0.071207,4.590357,,,,0,0,0,,0.004329,0.001976,,0
425,538,Scan: 597787 Run: DIA12_CV48:20251228_A2_N1_Mueller_MS_TechHub_IMP_THIDDIAXL003_Cas9_PhoX_DIA12_CV48_250ng_FAIMS_002 P1_KYPKLESEFVYGDYK P2_ATAKYFFYSNIMNFFK 4 4,Q99ZW2,null,,false,Q99ZW2,null,,false,1035,1003,,4.589579,false,true,false,false,1,1,Self,0.004843,0.006804,0.070552,4.589579,,4.150794,,0,0,0,,0.004329,0.001976,,0
423,536,Scan: 1424719 Run: DIA12_CV48:20251228_A2_N1_Mueller_MS_TechHub_IMP_THIDDIAXL003_Cas9_PhoX_DIA12_CV48_250ng_FAIMS_003 P1_VNTEITKAPLSASMIK P2_VNTEITKAPLSASMIK 7 7,Q99ZW2,null,,false,Q99ZW2,null,,false,314,314,,4.587193,false,true,false,false,1,1,Self,0.004843,0.006824,0.067278,,,4.587193,,0,0,0,,0.004329,0.001976,,0
422,535,Scan: 1492475 Run: DIA12_CV48:20251228_A2_N1_Mueller_MS_TechHub_IMP_THIDDIAXL003_Cas9_PhoX_DIA12_CV48_250ng_FAIMS_003 P1_KVTVK P2_KNLIGALLFDSGETAEATR 1 1,Q99ZW2,null,,false,Q99ZW2,null,,false,45,558,,4.58614,false,true,false,false,1,1,Self,0.004843,0.006832,0.070122,,,4.58614,,0,0,0,,0.004329,0.001976,,0
421,534,Scan: 549004 Run: DIA12_CV48:20251228_A2_N1_Mueller_MS_TechHub_IMP_THIDDIAXL003_Cas9_PhoX_DIA12_CV48_250ng_FAIMS_001 P1_GKSDNVPSEEVVK P2_GGLSELDKAGFIK 2 8,Q99ZW2,null,,false,Q99ZW2,null,,false,913,866,,4.585867,false,true,false,false,1,1,Self,0.004843,0.006835,0.069909,,4.585867,,,0,0,0,,0.004329,0.001976,,0
420,533,Scan: 1194270 Run: DIA12_CV48:20251228_A2_N1_Mueller_MS_TechHub_IMP_THIDDIAXL003_Cas9_PhoX_DIA12_CV48_250ng_FAIMS_003 P1_YPKLESEFVYGDYK P2_KMIAK 3 1,Q99ZW2,null,,false,Q99ZW2,null,,false,1020,1003,,4.583337,false,true,false,false,1,1,Self,0.004843,0.006855,0.069486,,,4.583337,,0,0,0,,0.004329,0.001976,,0
419,532,Scan: 309719 Run: DIA12_CV48:20251228_A2_N1_Mueller_MS_TechHub_IMP_THIDDIAXL003_Cas9_PhoX_DIA12_CV48_250ng_FAIMS_001 P1_KVTVK P2_KSEETITPWNFEEVVDK 1 1,Q99ZW2,null,,false,Q99ZW2,null,,false,468,558,,4.582996,false,true,false,false,1,1,Self,0.004843,0.006858,0.069069,,4.582996,,,0,0,0,,0.004329,0.001976,,0
418,531,Scan: 105664 Run: DIA12_CV48:20251228_A2_N1_Mueller_MS_TechHub_IMP_THIDDIAXL003_Cas9_PhoX_DIA12_CV48_250ng_FAIMS_001 P1_KYGGFDSPTVAYSVLVVAK P2_EQAENIIHLFTLTNLGAPAAFKYFDTTIDR 1 22,Q99ZW2,null,,false,Q99ZW2,null,,false,1325,1130,,4.581526,false,true,false,false,1,1,Self,0.004843,0.00687,0.068862,,4.581526,,,0,0,0,,0.004329,0.001976,,0
416,528,Scan: 960172 Run: DIA12_CV48:20251228_A2_N1_Mueller_MS_TechHub_IMP_THIDDIAXL003_Cas9_PhoX_DIA12_CV48_250ng_FAIMS_002 P1_VLPKHSLLYEYFTVYNELTK P2_EKIEKILTFR 4 2,Q99ZW2,null,,false,Q99ZW2,null,,false,439,510,,4.579946,false,true,false,false,1,1,Self,0.004843,0.006883,0.074405,4.579946,,,,0,0,0,,0.004329,0.001976,,0
415,526,Scan: 1185934 Run: DIA12_CV48:20251228_A2_N1_Mueller_MS_TechHub_IMP_THIDDIAXL003_Cas9_PhoX_DIA12_CV48_250ng_FAIMS_002 P1_SKLVSDFR P2_EDIQKAQVSGQGDSLHEHIANLAGSPAIK 2 5,Q99ZW2,null,,false,Q99ZW2,null,,false,710,961,,4.579176,false,true,false,false,1,1,Self,0.004843,0.00689,0.073746,4.579176,,,,0,0,0,,0.004329,0.001976,,0
414,525,Scan: 1051456 Run: DIA12_CV48:20251228_A2_N1_Mueller_MS_TechHub_IMP_THIDDIAXL003_Cas9_PhoX_DIA12_CV48_250ng_FAIMS_002 P1_KDLIIK P2_EDIQKAQVSGQGDSLHEHIANLAGSPAIK 1 5,Q99ZW2,null,,false,Q99ZW2,null,,false,710,1192,,4.577231,false,true,false,false,1,1,Self,0.004843,0.006906,0.076246,4.577231,,,,0,0,0,,0.004329,0.001976,,0
413,524,Scan: 779369 Run: DIA12_CV48:20251228_A2_N1_Mueller_MS_TechHub_IMP_THIDDIAXL003_Cas9_PhoX_DIA12_CV48_250ng_FAIMS_002 P1_VILADANLDKVLSAYNK P2_KKDWDPK 10 1,Q99ZW2,null,,false,Q99ZW2,null,,false,1123,1289,,4.5764,false,true,false,false,1,1,Self,0.004843,0.006913,0.076023,4.5764,,,,0,0,0,,0.004329,0.001976,,0
412,523,Scan: 455712 Run: DIA12_CV48:20251228_A2_N1_Mueller_MS_TechHub_IMP_THIDDIAXL003_Cas9_PhoX_DIA12_CV48_250ng_FAIMS_001 P1_KNGLFGNLIALSLGLTPNFK P2_EDIQKAQVSGQGDSLHEHIANLAGSPAIK 1 5,Q99ZW2,null,,false,Q99ZW2,null,,false,710,234,,4.576056,false,true,false,false,1,1,Self,0.004843,0.006915,0.076023,,4.576056,,,0,0,0,,0.004329,0.001976,,0
411,520,Scan: 357478 Run: DIA12_CV48:20251228_A2_N1_Mueller_MS_TechHub_IMP_THIDDIAXL003_Cas9_PhoX_DIA12_CV48_250ng_FAIMS_001 P1_VKYVTEGMR P2_MTNFDKNLPNEK 2 6,Q99ZW2,null,,false,Q99ZW2,null,,false,500,528,,4.574653,false,true,false,false,1,1,Self,0.004843,0.006927,0.078717,,4.574653,,,0,0,0,,0.004329,0.001976,,0
410,519,Scan: 96261 Run: DIA12_CV48:20251228_A2_N1_Mueller_MS_TechHub_IMP_THIDDIAXL003_Cas9_PhoX_DIA12_CV48_250ng_FAIMS_001 P1_KKDWDPK P2_ENQTTQKGQK 1 7,Q99ZW2,null,,false,Q99ZW2,null,,false,772,1123,,4.574527,false,true,false,false,1,1,Self,0.004843,0.006928,0.078717,,4.574527,4.05305,,0,0,0,,0.004329,0.001976,,0
409,518,Scan: 780 Run: DIA12_CV48:20251228_A2_N1_Mueller_MS_TechHub_IMP_THIDDIAXL003_Cas9_PhoX_DIA12_CV48_250ng_FAIMS_001 P1_YPKLESEFVYGDYK P2_KRPLIETNGETGEIVWDK 3 1,Q99ZW2,null,,false,Q99ZW2,null,,false,1059,1003,,4.573896,false,true,false,false,1,1,Self,0.004843,0.006933,0.078488,,4.573896,,,0,0,0,,0.004329,0.001976,,0
408,517,Scan: 88412 Run: DIA12_CV48:20251228_A2_N1_Mueller_MS_TechHub_IMP_THIDDIAXL003_Cas9_PhoX_DIA12_CV48_250ng_FAIMS_001 P1_NSDKLIAR P2_IEKILTFR 4 3,Q99ZW2,null,,false,Q99ZW2,null,,false,442,1118,,4.571339,false,true,false,false,1,1,Self,0.004843,0.006954,0.080692,,4.571339,,,0,0,0,,0.004329,0.001976,,0
407,516,Scan: 1575704 Run: DIA12_CV48:20251228_A2_N1_Mueller_MS_TechHub_IMP_THIDDIAXL003_Cas9_PhoX_DIA12_CV48_250ng_FAIMS_003 P1_QQLPEKYKEIFFDQSK P2_KPAFLSGEQK 6 1,Q99ZW2,null,,false,Q99ZW2,null,,false,536,346,,4.571321,false,true,false,false,1,1,Self,0.004843,0.006954,0.080692,,,4.571321,,0,0,0,,0.004329,0.001976,,0
406,515,Scan: 853128 Run: DIA12_CV48:20251228_A2_N1_Mueller_MS_TechHub_IMP_THIDDIAXL003_Cas9_PhoX_DIA12_CV48_250ng_FAIMS_002 P1_YKEIFFDQSK P2_LVDSTDKADLR 2 7,Q99ZW2,null,,false,Q99ZW2,null,,false,148,348,,4.571124,false,true,false,false,1,1,Self,0.004843,0.006956,0.080692,4.571124,,,,0,0,0,,0.004329,0.001976,,0
405,513,Scan: 525519 Run: DIA12_CV48:20251228_A2_N1_Mueller_MS_TechHub_IMP_THIDDIAXL003_Cas9_PhoX_DIA12_CV48_250ng_FAIMS_001 P1_ELGSQILKEHPVENTQLQNEK P2_ELGSQILKEHPVENTQLQNEK 8 8,Q99ZW2,null,,false,Q99ZW2,null,,false,797,797,,4.570031,false,true,false,false,1,1,Self,0.004843,0.006965,0.080229,,4.570031,,,0,0,0,,0.004329,0.001976,,0
404,512,Scan: 512806 Run: DIA12_CV48:20251228_A2_N1_Mueller_MS_TechHub_IMP_THIDDIAXL003_Cas9_PhoX_DIA12_CV48_250ng_FAIMS_001 P1_SDKNR P2_GQKNSR 3 3,Q99ZW2,null,,false,Q99ZW2,null,,false,775,862,,4.568632,false,true,false,false,1,1,Self,0.004843,0.006977,0.082857,,4.568632,,,0,0,0,,0.004329,0.001976,,0
403,511,Scan: 257875 Run: DIA12_CV48:20251228_A2_N1_Mueller_MS_TechHub_IMP_THIDDIAXL003_Cas9_PhoX_DIA12_CV48_250ng_FAIMS_001 P1_YKEIFFDQSK P2_FIKPILEKMDGTEELLVK 2 8,Q99ZW2,null,,false,Q99ZW2,null,,false,382,348,,4.568591,false,true,false,false,1,1,Self,0.004843,0.006977,0.085714,,4.568591,,,0,0,0,,0.004329,0.001976,,0
402,510,Scan: 1455108 Run: DIA12_CV48:20251228_A2_N1_Mueller_MS_TechHub_IMP_THIDDIAXL003_Cas9_PhoX_DIA12_CV48_250ng_FAIMS_003 P1_YKEIFFDQSK P2_SDKNR 2 3,Q99ZW2,null,,false,Q99ZW2,null,,false,862,348,,4.568341,false,true,false,false,1,1,Self,0.004843,0.006979,0.085227,,,4.568341,,0,0,0,,0.004329,0.001976,,0
401,509,Scan: 1276450 Run: DIA12_CV48:20251228_A2_N1_Mueller_MS_TechHub_IMP_THIDDIAXL003_Cas9_PhoX_DIA12_CV48_250ng_FAIMS_003 P1_NSDKLIAR P2_LEESFLVEEDKK 4 11,Q99ZW2,null,,false,Q99ZW2,null,,false,111,1118,,4.566698,false,true,false,false,1,1,Self,0.004843,0.006993,0.087571,,,4.566698,,0,0,0,,0.004329,0.001976,,0
400,508,Scan: 1454514 Run: DIA12_CV48:20251228_A2_N1_Mueller_MS_TechHub_IMP_THIDDIAXL003_Cas9_PhoX_DIA12_CV48_250ng_FAIMS_003 P1_YKEIFFDQSK P2_DKQSGK 2 2,Q99ZW2,null,,false,Q99ZW2,null,,false,673,348,,4.565827,false,true,false,false,1,1,Self,0.004843,0.007,0.087324,,,4.565827,,0,0,0,,0.004329,0.001976,,0
399,506,Scan: 1224263 Run: DIA12_CV48:20251228_A2_N1_Mueller_MS_TechHub_IMP_THIDDIAXL003_Cas9_PhoX_DIA12_CV48_250ng_FAIMS_003 P1_RPLIETNGETGEIVWDKGR P2_KTEVQTGGFSK 17 1,Q99ZW2,null,,false,Q99ZW2,null,,false,1097,1076,,4.565241,false,true,false,false,1,1,Self,0.004843,0.007005,0.087079,,,4.565241,,0,0,0,,0.004329,0.001976,,0
398,505,Scan: 889457 Run: DIA12_CV48:20251228_A2_N1_Mueller_MS_TechHub_IMP_THIDDIAXL003_Cas9_PhoX_DIA12_CV48_250ng_FAIMS_002 P1_KSEETITPWNFEEVVDKGASAQSFIER P2_FTLIKEIKER 17 5,decoy:Q99ZW2,decoydecoy:null,decoy:,true,Q99ZW2,null,,false,442,484,,4.564662,true,false,true,false,1,1,Self,0.007009,0.008885,0.086835,4.564662,,,,1,0,1,,0.006211,0.003724,,5
397,504,Scan: 1720514 Run: DIA12_CV48:20251228_A2_N1_Mueller_MS_TechHub_IMP_THIDDIAXL003_Cas9_PhoX_DIA12_CV48_250ng_FAIMS_003 P1_MKNYWR P2_ELGSQILKEHPVENTQLQNEK 2 8,Q99ZW2,null,,false,Q99ZW2,null,,false,797,880,,4.563727,false,true,false,false,1,1,Self,0.007009,0.007092,0.087079,,,4.563727,,0,0,0,,0.006211,0.003724,,0
396,502,Scan: 1161941 Run: DIA12_CV48:20251228_A2_N1_Mueller_MS_TechHub_IMP_THIDDIAXL003_Cas9_PhoX_DIA12_CV48_250ng_FAIMS_002 P1_GKSDNVPSEEVVK P2_FDNLTKAER 2 6,Q99ZW2,null,,false,Q99ZW2,null,,false,902,866,,4.559484,false,true,false,false,1,1,Self,0.007009,0.007467,0.085635,4.559484,,,,0,0,0,,0.006211,0.003724,,0
395,501,Scan: 1391947 Run: DIA12_CV48:20251228_A2_N1_Mueller_MS_TechHub_IMP_THIDDIAXL003_Cas9_PhoX_DIA12_CV48_250ng_FAIMS_003 P1_YTSTKEVLDATLIHQSITGLYETR P2_KYGGFDSPTVAYSVLVVAK 5 1,Q99ZW2,null,,false,Q99ZW2,null,,false,1130,1340,,4.559192,false,true,false,false,1,1,Self,0.007009,0.007493,0.085635,,,4.559192,,0,0,0,,0.006211,0.003724,,0
394,499,Scan: 259501 Run: DIA12_CV48:20251228_A2_N1_Mueller_MS_TechHub_IMP_THIDDIAXL003_Cas9_PhoX_DIA12_CV48_250ng_FAIMS_001 P1_YKEIFFDQSK P2_KAIVDLLFK 2 1,Q99ZW2,null,,false,Q99ZW2,null,,false,546,348,,4.558456,false,true,false,false,1,1,Self,0.007009,0.007558,0.085165,,4.558456,,,0,0,0,,0.006211,0.003724,,0
393,496,Scan: 1124033 Run: DIA12_CV48:20251228_A2_N1_Mueller_MS_TechHub_IMP_THIDDIAXL003_Cas9_PhoX_DIA12_CV48_250ng_FAIMS_002 P1_SKLVSDFR P2_ELGSQILKEHPVENTQLQNEK 2 8,Q99ZW2,null,,false,Q99ZW2,null,,false,797,961,,4.557049,false,true,false,false,1,1,Self,0.007009,0.007682,0.084932,4.557049,,,,0,0,0,,0.006211,0.003724,,0
392,495,Scan: 35559 Run: DIA12_CV48:20251228_A2_N1_Mueller_MS_TechHub_IMP_THIDDIAXL003_Cas9_PhoX_DIA12_CV48_250ng_FAIMS_001 P1_SEQEIGKATAK P2_KTEVQTGGFSK 7 1,Q99ZW2,null,,false,Q99ZW2,null,,false,1097,1031,,4.556821,false,true,false,false,1,1,Self,0.007009,0.007702,0.084932,,4.556821,,,0,0,0,,0.006211,0.003724,,0
391,493,Scan: 689665 Run: DIA12_CV48:20251228_A2_N1_Mueller_MS_TechHub_IMP_THIDDIAXL003_Cas9_PhoX_DIA12_CV48_250ng_FAIMS_002 P1_NSDKLIAR P2_ENQTTQKGQK 4 7,Q99ZW2,null,,false,Q99ZW2,null,,false,772,1118,,4.555468,false,true,false,false,1,1,Self,0.007009,0.007821,0.084469,4.555468,3.957134,,,0,0,0,,0.006211,0.003724,,0
389,491,Scan: 409983 Run: DIA12_CV48:20251228_A2_N1_Mueller_MS_TechHub_IMP_THIDDIAXL003_Cas9_PhoX_DIA12_CV48_250ng_FAIMS_001 P1_NSDKLIAR P2_KVTVK 4 1,Q99ZW2,null,,false,Q99ZW2,null,,false,558,1118,,4.554927,false,true,false,false,1,1,Self,0.007009,0.007869,0.084469,,4.554927,4.191289,,0,0,0,,0.006211,0.003724,,0
388,490,Scan: 1688720 Run: DIA12_CV48:20251228_A2_N1_Mueller_MS_TechHub_IMP_THIDDIAXL003_Cas9_PhoX_DIA12_CV48_250ng_FAIMS_003 P1_KLINGIR P2_GILQTVKVVDELVK 1 7,Q99ZW2,null,,false,Q99ZW2,null,,false,742,665,,4.5547,false,true,false,false,1,1,Self,0.007009,0.007889,0.084011,,,4.5547,,0,0,0,,0.006211,0.003724,,0
387,489,Scan: 298135 Run: DIA12_CV48:20251228_A2_N1_Mueller_MS_TechHub_IMP_THIDDIAXL003_Cas9_PhoX_DIA12_CV48_250ng_FAIMS_001 P1_KNLIGALLFDSGETAEATR P2_KAIVDLLFK 1 1,Q99ZW2,null,,false,Q99ZW2,null,,false,546,45,,4.554559,false,true,false,false,1,1,Self,0.007009,0.007902,0.084011,,4.554559,,,0,0,0,,0.006211,0.003724,,0
383,482,Scan: 1042405 Run: DIA12_CV48:20251228_A2_N1_Mueller_MS_TechHub_IMP_THIDDIAXL003_Cas9_PhoX_DIA12_CV48_250ng_FAIMS_002 P1_TILDFLKSDGFANR P2_SEETITPWNFEEVVDKGASAQSFIER 7 16,Q99ZW2,null,,false,Q99ZW2,null,,false,484,684,,4.548894,false,true,false,false,1,1,Self,0.007009,0.008402,0.090909,4.548894,,,,0,0,0,,0.006211,0.003724,,0
381,480,Scan: 261448 Run: DIA12_CV48:20251228_A2_N1_Mueller_MS_TechHub_IMP_THIDDIAXL003_Cas9_PhoX_DIA12_CV48_250ng_FAIMS_001 P1_YKEIFFDQSK P2_YDENDKLIR 2 6,Q99ZW2,null,,false,Q99ZW2,null,,false,948,348,,4.547952,false,true,false,false,1,1,Self,0.007009,0.008485,0.089947,,4.547952,3.732496,,0,0,0,,0.006211,0.003724,,0
380,478,Scan: 693289 Run: DIA12_CV48:20251228_A2_N1_Mueller_MS_TechHub_IMP_THIDDIAXL003_Cas9_PhoX_DIA12_CV48_250ng_FAIMS_002 P1_KKDWDPK P2_GILQTVKVVDELVK 1 7,Q99ZW2,null,,false,Q99ZW2,null,,false,742,1123,,4.545833,false,true,false,false,1,1,Self,0.007009,0.008673,0.091384,4.545833,,,,0,0,0,,0.006211,0.003724,,0
379,477,Scan: 544581 Run: DIA12_CV48:20251228_A2_N1_Mueller_MS_TechHub_IMP_THIDDIAXL003_Cas9_PhoX_DIA12_CV48_250ng_FAIMS_001 P1_KKDWDPK P2_GKSDNVPSEEVVK 1 2,Q99ZW2,null,,false,Q99ZW2,null,,false,866,1123,,4.545193,false,true,false,false,1,1,Self,0.007009,0.008729,0.09375,4.006923,4.545193,,,0,0,0,,0.006211,0.003724,,0
378,476,Scan: 572128 Run: DIA12_CV48:20251228_A2_N1_Mueller_MS_TechHub_IMP_THIDDIAXL003_Cas9_PhoX_DIA12_CV48_250ng_FAIMS_001 P1_SEETITPWNFEEVVDKGASAQSFIER P2_QITKHVAQILDSR 16 4,Q99ZW2,null,,false,Q99ZW2,null,,false,929,484,,4.545173,false,true,false,false,1,1,Self,0.007009,0.008731,0.09375,,4.545173,,,0,0,0,,0.006211,0.003724,,0
376,473,Scan: 760986 Run: DIA12_CV48:20251228_A2_N1_Mueller_MS_TechHub_IMP_THIDDIAXL003_Cas9_PhoX_DIA12_CV48_250ng_FAIMS_002 P1_LKGSPEDNEQK P2_GNQLYYLYLKENQLQTNEVPHER 2 10,decoy:Q99ZW2,decoydecoy:null,decoy:,true,Q99ZW2,null,,false,807,1246,,4.538949,true,false,true,false,1,1,Self,0.009281,0.010591,0.098446,4.538949,,,,1,0,1,,0.00823,0.005545,,5
375,472,Scan: 1624356 Run: DIA12_CV48:20251228_A2_N1_Mueller_MS_TechHub_IMP_THIDDIAXL003_Cas9_PhoX_DIA12_CV48_250ng_FAIMS_003 P1_VTVKQLK P2_KLINGIR 4 1,Q99ZW2,null,,false,Q99ZW2,null,,false,665,562,,4.538763,false,true,false,false,1,1,Self,0.009281,0.009364,0.101036,,,4.538763,,0,0,0,,0.00823,0.005545,,0
374,470,Scan: 1366163 Run: DIA12_CV48:20251228_A2_N1_Mueller_MS_TechHub_IMP_THIDDIAXL003_Cas9_PhoX_DIA12_CV48_250ng_FAIMS_003 P1_YVNFLYLASHYEKLK P2_GSPEDNEQKQLFVEQHK 13 9,Q99ZW2,null,,false,Q99ZW2,null,,false,1255,1244,,4.535588,false,true,false,false,1,1,Self,0.009281,0.010782,0.101781,,,4.535588,,0,0,0,,0.00823,0.005545,,0
373,469,Scan: 227436 Run: DIA12_CV48:20251228_A2_N1_Mueller_MS_TechHub_IMP_THIDDIAXL003_Cas9_PhoX_DIA12_CV48_250ng_FAIMS_001 P1_SNFDLAEDAKLQLSK P2_FIKPILEK 10 3,Q99ZW2,null,,false,Q99ZW2,null,,false,377,263,,4.535237,false,true,false,false,1,1,Self,0.009281,0.010938,0.102041,,4.535237,,,0,0,0,,0.00823,0.005545,,0
372,468,Scan: 1107996 Run: DIA12_CV48:20251228_A2_N1_Mueller_MS_TechHub_IMP_THIDDIAXL003_Cas9_PhoX_DIA12_CV48_250ng_FAIMS_002 P1_SNKQGR P2_NSDKLIAR 3 4,Q99ZW2,null,,false,decoy:Q99ZW2,decoydecoy:null,decoy:,true,1118,775,,4.534682,true,false,true,false,1,1,Self,0.011186,0.009896,0.102564,4.534682,,3.372652,,0,1,1,,0.00994,0.007067,,5
371,464,Scan: 230317 Run: DIA12_CV48:20251228_A2_N1_Mueller_MS_TechHub_IMP_THIDDIAXL003_Cas9_PhoX_DIA12_CV48_250ng_FAIMS_001 P1_VNTEITKAPLSASMIK P2_KDLIIK 7 1,Q99ZW2,null,,false,Q99ZW2,null,,false,1192,314,,4.532536,false,true,false,false,1,1,Self,0.011186,0.01138,0.102041,,4.532536,,,0,0,0,,0.00994,0.007067,,0
370,463,Scan: 970616 Run: DIA12_CV48:20251228_A2_N1_Mueller_MS_TechHub_IMP_THIDDIAXL003_Cas9_PhoX_DIA12_CV48_250ng_FAIMS_002 P1_VKYVTEGMR P2_KDLIIK 2 1,Q99ZW2,null,,false,Q99ZW2,null,,false,1192,528,,4.531458,false,true,false,false,1,1,Self,0.011186,0.011478,0.104326,4.531458,,,,0,0,0,,0.00994,0.007067,,0
369,461,Scan: 842832 Run: DIA12_CV48:20251228_A2_N1_Mueller_MS_TechHub_IMP_THIDDIAXL003_Cas9_PhoX_DIA12_CV48_250ng_FAIMS_002 P1_FKVLGNTDR P2_EVKVITLK 2 3,Q99ZW2,null,,false,Q99ZW2,null,,false,954,33,,4.530823,false,true,false,false,1,1,Self,0.011186,0.011535,0.103797,4.530823,,,,0,0,0,,0.00994,0.007067,,0
368,460,Scan: 790929 Run: DIA12_CV48:20251228_A2_N1_Mueller_MS_TechHub_IMP_THIDDIAXL003_Cas9_PhoX_DIA12_CV48_250ng_FAIMS_002 P1_ESILPKR P2_EQAENIIHLFTLTNLGAPAAFKYFDTTIDR 6 22,Q99ZW2,null,,false,Q99ZW2,null,,false,1325,1113,,4.530517,false,true,false,false,1,1,Self,0.011186,0.011563,0.103535,4.530517,,,,0,0,0,,0.00994,0.007067,,0
366,457,Scan: 537190 Run: DIA12_CV48:20251228_A2_N1_Mueller_MS_TechHub_IMP_THIDDIAXL003_Cas9_PhoX_DIA12_CV48_250ng_FAIMS_001 P1_QITKHVAQILDSR P2_EHPVENTQLQNEKLYLYYLQNGR 4 13,Q99ZW2,null,,false,Q99ZW2,null,,false,810,929,,4.525702,false,true,false,false,1,1,Self,0.011186,0.011999,0.1067,,4.525702,,,0,0,0,,0.00994,0.007067,,0
365,456,Scan: 410589 Run: DIA12_CV48:20251228_A2_N1_Mueller_MS_TechHub_IMP_THIDDIAXL003_Cas9_PhoX_DIA12_CV48_250ng_FAIMS_001 P1_KVTVK P2_GQKNSR 1 3,Q99ZW2,null,,false,Q99ZW2,null,,false,775,558,,4.522268,false,true,false,false,1,1,Self,0.011186,0.01231,0.108108,4.310061,4.522268,,,0,0,0,,0.00994,0.007067,,0
364,455,Scan: 1598045 Run: DIA12_CV48:20251228_A2_N1_Mueller_MS_TechHub_IMP_THIDDIAXL003_Cas9_PhoX_DIA12_CV48_250ng_FAIMS_003 P1_NSDKLIAR P2_KAIVDLLFK 4 1,Q99ZW2,null,,false,Q99ZW2,null,,false,546,1118,,4.521175,false,true,false,false,1,1,Self,0.011186,0.012409,0.108108,,4.04968,4.521175,,0,0,0,,0.00994,0.007067,,0
363,454,Scan: 1305706 Run: DIA12_CV48:20251228_A2_N1_Mueller_MS_TechHub_IMP_THIDDIAXL003_Cas9_PhoX_DIA12_CV48_250ng_FAIMS_003 P1_SSFEKNPIDFLEAK P2_ESILPKR 5 6,Q99ZW2,null,,false,Q99ZW2,null,,false,1113,1176,,4.519552,false,true,false,false,1,1,Self,0.011186,0.012556,0.108108,,,4.519552,,0,0,0,,0.00994,0.007067,,0
362,453,Scan: 973598 Run: DIA12_CV48:20251228_A2_N1_Mueller_MS_TechHub_IMP_THIDDIAXL003_Cas9_PhoX_DIA12_CV48_250ng_FAIMS_002 P1_KPAFLSGEQK P2_KMIAK 1 1,Q99ZW2,null,,false,Q99ZW2,null,,false,1020,536,,4.518995,false,true,false,false,1,1,Self,0.011186,0.012606,0.108108,4.518995,4.244991,,,0,0,0,,0.00994,0.007067,,0
361,452,Scan: 1230588 Run: DIA12_CV48:20251228_A2_N1_Mueller_MS_TechHub_IMP_THIDDIAXL003_Cas9_PhoX_DIA12_CV48_250ng_FAIMS_003 P1_KTEVQTGGFSK P2_KKDWDPK 1 1,Q99ZW2,null,,false,Q99ZW2,null,,false,1123,1097,,4.517653,false,true,false,false,1,1,Self,0.011186,0.012728,0.108108,,,4.517653,,0,0,0,,0.00994,0.007067,,0
360,451,Scan: 1450899 Run: DIA12_CV48:20251228_A2_N1_Mueller_MS_TechHub_IMP_THIDDIAXL003_Cas9_PhoX_DIA12_CV48_250ng_FAIMS_003 P1_YKEIFFDQSK P2_APLSASMIKR 2 9,Q99ZW2,null,,false,Q99ZW2,null,,false,323,348,,4.517266,false,true,false,false,1,1,Self,0.011186,0.012763,0.108374,,,4.517266,,0,0,0,,0.00994,0.007067,,0
359,448,Scan: 309621 Run: DIA12_CV48:20251228_A2_N1_Mueller_MS_TechHub_IMP_THIDDIAXL003_Cas9_PhoX_DIA12_CV48_250ng_FAIMS_001 P1_KSEETITPWNFEEVVDK P2_KAIVDLLFK 1 1,Q99ZW2,null,,false,Q99ZW2,null,,false,546,468,,4.515524,false,true,false,false,1,1,Self,0.011186,0.01292,0.108642,,4.515524,,,0,0,0,,0.00994,0.007067,,0
358,447,Scan: 1625664 Run: DIA12_CV48:20251228_A2_N1_Mueller_MS_TechHub_IMP_THIDDIAXL003_Cas9_PhoX_DIA12_CV48_250ng_FAIMS_003 P1_KLINGIR P2_EDIQKAQVSGQGDSLHEHIANLAGSPAIKK 1 29,Q99ZW2,null,,false,Q99ZW2,null,,false,734,665,,4.513828,false,true,false,false,1,1,Self,0.011186,0.013074,0.108642,,,4.513828,,0,0,0,,0.00994,0.007067,,0
357,446,Scan: 1108916 Run: DIA12_CV48:20251228_A2_N1_Mueller_MS_TechHub_IMP_THIDDIAXL003_Cas9_PhoX_DIA12_CV48_250ng_FAIMS_002 P1_GQKNSR P2_FKVLGNTDR 3 2,Q99ZW2,null,,false,Q99ZW2,null,,false,33,775,,4.513014,false,true,false,false,1,1,Self,0.011186,0.013148,0.109453,4.513014,,,,0,0,0,,0.00994,0.007067,,0
356,444,Scan: 386456 Run: DIA12_CV48:20251228_A2_N1_Mueller_MS_TechHub_IMP_THIDDIAXL003_Cas9_PhoX_DIA12_CV48_250ng_FAIMS_001 P1_KPAFLSGEQK P2_FNASLGTYHDLLKIIK 1 13,Q99ZW2,null,,false,Q99ZW2,null,,false,599,536,,4.510966,false,true,false,false,1,1,Self,0.011186,0.013333,0.109726,,4.510966,,,0,0,0,,0.00994,0.007067,,0
355,443,Scan: 1133761 Run: DIA12_CV48:20251228_A2_N1_Mueller_MS_TechHub_IMP_THIDDIAXL003_Cas9_PhoX_DIA12_CV48_250ng_FAIMS_002 P1_KGILQTVK P2_EHPVENTQLQNEKLYLYYLQNGR 1 13,Q99ZW2,null,,false,Q99ZW2,null,,false,810,735,,4.510897,false,true,false,false,1,1,Self,0.011186,0.013339,0.109726,4.510897,,,,0,0,0,,0.00994,0.007067,,0
354,442,Scan: 544324 Run: DIA12_CV48:20251228_A2_N1_Mueller_MS_TechHub_IMP_THIDDIAXL003_Cas9_PhoX_DIA12_CV48_250ng_FAIMS_001 P1_KPLISER P2_GKSDNVPSEEVVK 1 2,Q99ZW2,null,,false,decoy:Q99ZW2,decoydecoy:null,decoy:,true,866,1108,,4.510636,true,false,true,false,1,1,Self,0.013363,0.014348,0.109726,,4.510636,,,0,1,1,,0.011881,0.008803,,5
353,441,Scan: 1153402 Run: DIA12_CV48:20251228_A2_N1_Mueller_MS_TechHub_IMP_THIDDIAXL003_Cas9_PhoX_DIA12_CV48_250ng_FAIMS_002 P1_SDKNR P2_MKNYWR 3 2,Q99ZW2,null,,false,Q99ZW2,null,,false,880,862,,4.510513,false,true,false,false,1,1,Self,0.013363,0.013424,0.109726,4.510513,,,,0,0,0,,0.011881,0.008803,,0
352,440,Scan: 1631799 Run: DIA12_CV48:20251228_A2_N1_Mueller_MS_TechHub_IMP_THIDDIAXL003_Cas9_PhoX_DIA12_CV48_250ng_FAIMS_003 P1_MNTKYDENDK P2_DKQSGK 4 2,Q99ZW2,null,,false,Q99ZW2,null,,false,673,942,,4.508643,false,true,false,false,1,1,Self,0.013363,0.014346,0.11,,3.917366,4.508643,,0,0,0,,0.011881,0.008803,,0
351,439,Scan: 651268 Run: DIA12_CV48:20251228_A2_N1_Mueller_MS_TechHub_IMP_THIDDIAXL003_Cas9_PhoX_DIA12_CV48_250ng_FAIMS_002 P1_PLISEKSFGGTQVETK P2_EDIQKAQVSGQGDSLHEHIANLAGSPAIK 6 5,Q99ZW2,null,,false,decoy:Q99ZW2,decoydecoy:null,decoy:,true,710,1103,,4.507914,true,false,true,false,1,1,Self,0.014706,0.013651,0.11,4.507914,,,,0,1,1,,0.012987,0.009804,,5
350,435,Scan: 986662 Run: DIA12_CV48:20251228_A2_N1_Mueller_MS_TechHub_IMP_THIDDIAXL003_Cas9_PhoX_DIA12_CV48_250ng_FAIMS_002 P1_QITKHVAQILDSR P2_KPAFLSGEQK 4 1,Q99ZW2,null,,false,Q99ZW2,null,,false,536,929,,4.506001,false,true,false,false,1,1,Self,0.014706,0.014837,0.110276,4.506001,,,,0,0,0,,0.012987,0.009804,,0
348,431,Scan: 484391 Run: DIA12_CV48:20251228_A2_N1_Mueller_MS_TechHub_IMP_THIDDIAXL003_Cas9_PhoX_DIA12_CV48_250ng_FAIMS_001 P1_KGILQTVK P2_IEEGIKELGSQILK 1 6,Q99ZW2,null,,false,Q99ZW2,null,,false,789,735,,4.504103,false,true,false,false,1,1,Self,0.014706,0.014968,0.110276,,4.504103,,,0,0,0,,0.012987,0.009804,,0
345,428,Scan: 136452 Run: DIA12_CV48:20251228_A2_N1_Mueller_MS_TechHub_IMP_THIDDIAXL003_Cas9_PhoX_DIA12_CV48_250ng_FAIMS_001 P1_KLINGIR P2_KDLIIK 1 1,Q99ZW2,null,,false,Q99ZW2,null,,false,1192,665,,4.502382,false,true,false,false,1,1,Self,0.014706,0.015086,0.110276,,4.502382,4.306545,,0,0,0,,0.012987,0.009804,,0
344,427,Scan: 380025 Run: DIA12_CV48:20251228_A2_N1_Mueller_MS_TechHub_IMP_THIDDIAXL003_Cas9_PhoX_DIA12_CV48_250ng_FAIMS_001 P1_KPAFLSGEQK P2_DKPIR 1 2,Q99ZW2,null,,false,Q99ZW2,null,,false,1300,536,,4.502247,false,true,false,false,1,1,Self,0.014706,0.015096,0.110276,,4.502247,,,0,0,0,,0.012987,0.009804,,0
342,423,Scan: 387831 Run: DIA12_CV48:20251228_A2_N1_Mueller_MS_TechHub_IMP_THIDDIAXL003_Cas9_PhoX_DIA12_CV48_250ng_FAIMS_001 P1_KPAFLSGEQK P2_GQKNSR 1 3,Q99ZW2,null,,false,Q99ZW2,null,,false,775,536,,4.499204,false,true,false,false,1,1,Self,0.014706,0.015305,0.111111,,4.499204,4.205237,,0,0,0,,0.012987,0.009804,,0
341,422,Scan: 1124093 Run: DIA12_CV48:20251228_A2_N1_Mueller_MS_TechHub_IMP_THIDDIAXL003_Cas9_PhoX_DIA12_CV48_250ng_FAIMS_002 P1_KDFQFYK P2_ELGSQILKEHPVENTQLQNEK 1 8,Q99ZW2,null,,false,Q99ZW2,null,,false,797,968,,4.498442,false,true,false,false,1,1,Self,0.014706,0.015357,0.111392,4.498442,,,,0,0,0,,0.012987,0.009804,,0
340,421,Scan: 156652 Run: DIA12_CV48:20251228_A2_N1_Mueller_MS_TechHub_IMP_THIDDIAXL003_Cas9_PhoX_DIA12_CV48_250ng_FAIMS_001 P1_KLINGIR P2_GNELALPSKYVNFLYLASHYEK 1 9,Q99ZW2,null,,false,Q99ZW2,null,,false,1231,665,,4.498185,false,true,false,false,1,1,Self,0.014706,0.015375,0.111392,,4.498185,,,0,0,0,,0.012987,0.009804,,0
339,420,Scan: 911390 Run: DIA12_CV48:20251228_A2_N1_Mueller_MS_TechHub_IMP_THIDDIAXL003_Cas9_PhoX_DIA12_CV48_250ng_FAIMS_002 P1_KSEETITPWNFEEVVDK P2_KDFQFYK 1 1,Q99ZW2,null,,false,Q99ZW2,null,,false,968,468,,4.498176,false,true,false,false,1,1,Self,0.014706,0.015375,0.111392,4.498176,,,,0,0,0,,0.012987,0.009804,,0
338,419,Scan: 484311 Run: DIA12_CV48:20251228_A2_N1_Mueller_MS_TechHub_IMP_THIDDIAXL003_Cas9_PhoX_DIA12_CV48_250ng_FAIMS_001 P1_KGILQTVK P2_KGILQTVK 1 1,Q99ZW2,null,,false,Q99ZW2,null,,false,735,735,,4.498086,false,true,false,false,1,1,Self,0.014706,0.015382,0.111392,,4.498086,,,0,0,0,,0.012987,0.009804,,0
337,418,Scan: 115059 Run: DIA12_CV48:20251228_A2_N1_Mueller_MS_TechHub_IMP_THIDDIAXL003_Cas9_PhoX_DIA12_CV48_250ng_FAIMS_001 P1_SSFEKNPIDFLEAK P2_EQAENIIHLFTLTNLGAPAAFKYFDTTIDR 5 22,Q99ZW2,null,,false,Q99ZW2,null,,false,1325,1176,,4.495645,false,true,false,false,1,1,Self,0.014706,0.015549,0.111675,,4.495645,,,0,0,0,,0.012987,0.009804,,0
336,417,Scan: 1739998 Run: DIA12_CV48:20251228_A2_N1_Mueller_MS_TechHub_IMP_THIDDIAXL003_Cas9_PhoX_DIA12_CV48_250ng_FAIMS_003 P1_KSEETITPWNFEEVVDK P2_GKSDNVPSEEVVK 1 2,Q99ZW2,null,,false,Q99ZW2,null,,false,866,468,,4.495255,false,true,false,false,1,1,Self,0.014706,0.015576,0.111675,,,4.495255,,0,0,0,,0.012987,0.009804,,0
334,415,Scan: 389654 Run: DIA12_CV48:20251228_A2_N1_Mueller_MS_TechHub_IMP_THIDDIAXL003_Cas9_PhoX_DIA12_CV48_250ng_FAIMS_001 P1_MNTKYDENDK P2_KPAFLSGEQK 4 1,Q99ZW2,null,,false,Q99ZW2,null,,false,536,942,,4.494959,false,true,false,false,1,1,Self,0.014706,0.015597,0.111675,,4.494959,,,0,0,0,,0.012987,0.009804,,0
333,414,Scan: 787071 Run: DIA12_CV48:20251228_A2_N1_Mueller_MS_TechHub_IMP_THIDDIAXL003_Cas9_PhoX_DIA12_CV48_250ng_FAIMS_002 P1_HPIFGNIVDEVAYHEKYPTIYHLR P2_FKVLGNTDR 16 2,Q99ZW2,null,,false,Q99ZW2,null,,false,33,131,,4.494337,false,true,false,false,1,1,Self,0.014706,0.015639,0.111675,4.494337,,,,0,0,0,,0.012987,0.009804,,0
332,413,Scan: 847495 Run: DIA12_CV48:20251228_A2_N1_Mueller_MS_TechHub_IMP_THIDDIAXL003_Cas9_PhoX_DIA12_CV48_250ng_FAIMS_002 P1_YDEHHQDLTLLKALVR P2_IEKILTFR 12 3,Q99ZW2,null,,false,Q99ZW2,null,,false,442,336,,4.494109,false,true,false,false,1,1,Self,0.014706,0.015655,0.111675,4.494109,,,,0,0,0,,0.012987,0.009804,,0
331,412,Scan: 1144304 Run: DIA12_CV48:20251228_A2_N1_Mueller_MS_TechHub_IMP_THIDDIAXL003_Cas9_PhoX_DIA12_CV48_250ng_FAIMS_002 P1_KGILQTVK P2_GKSDNVPSEEVVK 1 2,Q99ZW2,null,,false,Q99ZW2,null,,false,866,735,,4.492931,false,true,false,false,1,1,Self,0.014706,0.015736,0.111675,4.492931,,,,0,0,0,,0.012987,0.009804,,0
330,411,Scan: 588231 Run: DIA12_CV48:20251228_A2_N1_Mueller_MS_TechHub_IMP_THIDDIAXL003_Cas9_PhoX_DIA12_CV48_250ng_FAIMS_001 P1_SKLVSDFR P2_EIFFDQSKNGYAGYIDGGASQEEFYK 2 8,Q99ZW2,null,,false,Q99ZW2,null,,false,356,961,,4.492128,false,true,false,false,1,1,Self,0.014706,0.015791,0.111675,,4.492128,,,0,0,0,,0.012987,0.009804,,0
329,410,Scan: 1329780 Run: DIA12_CV48:20251228_A2_N1_Mueller_MS_TechHub_IMP_THIDDIAXL003_Cas9_PhoX_DIA12_CV48_250ng_FAIMS_003 P1_LPKYSLFELENGR P2_KDLIIK 3 1,Q99ZW2,null,,false,Q99ZW2,null,,false,1192,1200,,4.491633,false,true,false,false,1,1,Self,0.014706,0.015825,0.111675,,,4.491633,,0,0,0,,0.012987,0.009804,,0
328,409,Scan: 144336 Run: DIA12_CV48:20251228_A2_N1_Mueller_MS_TechHub_IMP_THIDDIAXL003_Cas9_PhoX_DIA12_CV48_250ng_FAIMS_001 P1_LPKYSLFELENGR P2_GYKEVK 3 3,Q99ZW2,null,,false,Q99ZW2,null,,false,1188,1200,,4.490204,false,true,false,false,1,1,Self,0.014706,0.015924,0.111675,,4.490204,,,0,0,0,,0.012987,0.009804,,0
327,408,Scan: 695020 Run: DIA12_CV48:20251228_A2_N1_Mueller_MS_TechHub_IMP_THIDDIAXL003_Cas9_PhoX_DIA12_CV48_250ng_FAIMS_002 P1_KKDWDPK P2_KDWDPK 1 1,Q99ZW2,null,,false,Q99ZW2,null,,false,1124,1123,,4.489861,false,true,false,false,1,1,Self,0.014706,0.015947,0.111675,4.489861,,,,0,0,0,,0.012987,0.009804,,0
326,406,Scan: 349548 Run: DIA12_CV48:20251228_A2_N1_Mueller_MS_TechHub_IMP_THIDDIAXL003_Cas9_PhoX_DIA12_CV48_250ng_FAIMS_001 P1_SEETITPWNFEEVVDKGASAQSFIER P2_QSGKTILDFLK 16 4,Q99ZW2,null,,false,Q99ZW2,null,,false,677,484,,4.488423,false,true,false,false,1,1,Self,0.014706,0.016046,0.111959,,4.488423,,,0,0,0,,0.012987,0.009804,,0
325,405,Scan: 1002138 Run: DIA12_CV48:20251228_A2_N1_Mueller_MS_TechHub_IMP_THIDDIAXL003_Cas9_PhoX_DIA12_CV48_250ng_FAIMS_002 P1_MKNYWR P2_KAIVDLLFK 2 1,Q99ZW2,null,,false,Q99ZW2,null,,false,546,880,,4.487874,false,true,false,false,1,1,Self,0.014706,0.016084,0.111959,4.487874,,,,0,0,0,,0.012987,0.009804,,0
324,404,Scan: 1287675 Run: DIA12_CV48:20251228_A2_N1_Mueller_MS_TechHub_IMP_THIDDIAXL003_Cas9_PhoX_DIA12_CV48_250ng_FAIMS_003 P1_NSDKLIAR P2_KDFQFYK 4 1,Q99ZW2,null,,false,Q99ZW2,null,,false,968,1118,,4.487214,false,true,false,false,1,1,Self,0.014706,0.016129,0.111959,,,4.487214,,0,0,0,,0.012987,0.009804,,0
323,403,Scan: 245573 Run: DIA12_CV48:20251228_A2_N1_Mueller_MS_TechHub_IMP_THIDDIAXL003_Cas9_PhoX_DIA12_CV48_250ng_FAIMS_001 P1_KFDNLTK P2_FKVLGNTDR 1 2,Q99ZW2,null,,false,Q99ZW2,null,,false,33,896,,4.486771,false,true,false,false,1,1,Self,0.014706,0.01616,0.111959,,4.486771,,,0,0,0,,0.012987,0.009804,,0
320,399,Scan: 89618 Run: DIA12_CV48:20251228_A2_N1_Mueller_MS_TechHub_IMP_THIDDIAXL003_Cas9_PhoX_DIA12_CV48_250ng_FAIMS_001 P1_VKYVTEGMR P2_NSDKLIAR 2 4,Q99ZW2,null,,false,Q99ZW2,null,,false,1118,528,,4.483732,false,true,false,false,1,1,Self,0.014706,0.016369,0.112245,,4.483732,,,0,0,0,,0.012987,0.009804,,0
319,398,Scan: 20893 Run: DIA12_CV48:20251228_A2_N1_Mueller_MS_TechHub_IMP_THIDDIAXL003_Cas9_PhoX_DIA12_CV48_250ng_FAIMS_001 P1_KTEVQTGGFSK P2_KRPLIETNGETGEIVWDK 1 1,Q99ZW2,null,,false,Q99ZW2,null,,false,1059,1097,,4.482927,false,true,false,false,1,1,Self,0.014706,0.016424,0.112245,,4.482927,4.091307,,0,0,0,,0.012987,0.009804,,0
318,397,Scan: 1574332 Run: DIA12_CV48:20251228_A2_N1_Mueller_MS_TechHub_IMP_THIDDIAXL003_Cas9_PhoX_DIA12_CV48_250ng_FAIMS_003 P1_KPAFLSGEQK P2_KLVDSTDK 1 1,Q99ZW2,null,,false,Q99ZW2,null,,false,141,536,,4.482574,false,true,false,false,1,1,Self,0.014706,0.016448,0.112532,,,4.482574,,0,0,0,,0.012987,0.009804,,0
317,396,Scan: 1107888 Run: DIA12_CV48:20251228_A2_N1_Mueller_MS_TechHub_IMP_THIDDIAXL003_Cas9_PhoX_DIA12_CV48_250ng_FAIMS_002 P1_ENQTTQKGQK P2_DFQFYKVR 7 6,Q99ZW2,null,,false,Q99ZW2,null,,false,974,772,,4.482232,false,true,false,false,1,1,Self,0.014706,0.016472,0.112532,4.482232,,,,0,0,0,,0.012987,0.009804,,0
316,394,Scan: 1297658 Run: DIA12_CV48:20251228_A2_N1_Mueller_MS_TechHub_IMP_THIDDIAXL003_Cas9_PhoX_DIA12_CV48_250ng_FAIMS_003 P1_KYGGFDSPTVAYSVLVVAK P2_KPLISER 1 1,decoy:Q99ZW2,decoydecoy:null,decoy:,true,Q99ZW2,null,,false,1108,1130,,4.479398,true,false,true,false,1,1,Self,0.016667,0.018093,0.113402,,,4.479398,,1,0,1,,0.014733,0.011327,,5
315,393,Scan: 712259 Run: DIA12_CV48:20251228_A2_N1_Mueller_MS_TechHub_IMP_THIDDIAXL003_Cas9_PhoX_DIA12_CV48_250ng_FAIMS_002 P1_SSFEKNPIDFLEAK P2_LSKSR 5 3,Q99ZW2,null,,false,Q99ZW2,null,,false,218,1176,,4.478674,false,true,false,false,1,1,Self,0.016667,0.016964,0.113402,4.478674,,,,0,0,0,,0.014733,0.011327,,0
314,392,Scan: 593602 Run: DIA12_CV48:20251228_A2_N1_Mueller_MS_TechHub_IMP_THIDDIAXL003_Cas9_PhoX_DIA12_CV48_250ng_FAIMS_001 P1_KDFQFYK P2_FKVLGNTDR 1 2,Q99ZW2,null,,false,Q99ZW2,null,,false,33,968,,4.478575,false,true,false,false,1,1,Self,0.016667,0.017005,0.113402,4.048892,4.478575,,,0,0,0,,0.014733,0.011327,,0
313,390,Scan: 906206 Run: DIA12_CV48:20251228_A2_N1_Mueller_MS_TechHub_IMP_THIDDIAXL003_Cas9_PhoX_DIA12_CV48_250ng_FAIMS_002 P1_VKYVTEGMR P2_KSEETITPWNFEEVVDK 2 1,Q99ZW2,null,,false,Q99ZW2,null,,false,468,528,,4.476727,false,true,false,false,1,1,Self,0.016667,0.017765,0.113402,4.476727,,,,0,0,0,,0.014733,0.011327,,0
312,388,Scan: 250605 Run: DIA12_CV48:20251228_A2_N1_Mueller_MS_TechHub_IMP_THIDDIAXL003_Cas9_PhoX_DIA12_CV48_250ng_FAIMS_001 P1_YDEHHQDLTLLKALVR P2_SEETITPWNFEEVVDKGASAQSFIER 12 16,Q99ZW2,null,,false,Q99ZW2,null,,false,484,336,,4.47459,false,true,false,false,1,1,Self,0.016667,0.018644,0.113402,,4.47459,,,0,0,0,,0.014733,0.011327,,0
311,387,Scan: 1751290 Run: DIA12_CV48:20251228_A2_N1_Mueller_MS_TechHub_IMP_THIDDIAXL003_Cas9_PhoX_DIA12_CV48_250ng_FAIMS_003 P1_YKEIFFDQSK P2_QTILKANLLQR 2 5,decoy:Q99ZW2,decoydecoy:null,decoy:,true,Q99ZW2,null,,false,889,348,,4.474521,true,false,true,false,1,1,Self,0.018672,0.018368,0.113402,,,4.474521,,1,0,1,,0.016453,0.012821,,5
309,385,Scan: 1108004 Run: DIA12_CV48:20251228_A2_N1_Mueller_MS_TechHub_IMP_THIDDIAXL003_Cas9_PhoX_DIA12_CV48_250ng_FAIMS_002 P1_KKDWDPK P2_GQKNSR 1 3,Q99ZW2,null,,false,Q99ZW2,null,,false,775,1123,,4.472834,false,true,false,false,1,1,Self,0.018672,0.019184,0.113402,4.472834,,,,0,0,0,,0.016453,0.012821,,0
307,381,Scan: 544207 Run: DIA12_CV48:20251228_A2_N1_Mueller_MS_TechHub_IMP_THIDDIAXL003_Cas9_PhoX_DIA12_CV48_250ng_FAIMS_001 P1_RPLIETNGETGEIVWDKGR P2_GKSDNVPSEEVVK 17 2,Q99ZW2,null,,false,Q99ZW2,null,,false,866,1076,,4.468438,false,true,false,false,1,1,Self,0.018672,0.020518,0.113695,,4.468438,,,0,0,0,,0.016453,0.012821,,0
306,380,Scan: 892007 Run: DIA12_CV48:20251228_A2_N1_Mueller_MS_TechHub_IMP_THIDDIAXL003_Cas9_PhoX_DIA12_CV48_250ng_FAIMS_002 P1_SEETITPWNFEEVVDKGASAQSFIER P2_FTLIKEIR 16 5,decoy:Q99ZW2,decoydecoy:null,decoy:,true,Q99ZW2,null,,false,444,484,,4.467826,true,false,true,false,1,1,Self,0.020704,0.021238,0.113695,4.467826,,,,1,0,1,,0.018248,0.0144,,5
305,379,Scan: 1184519 Run: DIA12_CV48:20251228_A2_N1_Mueller_MS_TechHub_IMP_THIDDIAXL003_Cas9_PhoX_DIA12_CV48_250ng_FAIMS_002 P1_SKLVSDFR P2_RPLIETNGETGEIVWDKGR 2 17,Q99ZW2,null,,false,Q99ZW2,null,,false,1076,961,,4.467456,false,true,false,false,1,1,Self,0.020704,0.021109,0.113695,4.467456,,,,0,0,0,,0.018248,0.0144,,0
304,378,Scan: 512688 Run: DIA12_CV48:20251228_A2_N1_Mueller_MS_TechHub_IMP_THIDDIAXL003_Cas9_PhoX_DIA12_CV48_250ng_FAIMS_001 P1_SNKQGR P2_IEEGIKELGSQILK 3 6,Q99ZW2,null,,false,decoy:Q99ZW2,decoydecoy:null,decoy:,true,789,775,,4.467074,true,false,true,false,1,1,Self,0.021526,0.020733,0.11399,4.003101,4.467074,,,0,1,1,,0.018966,0.014986,,5
303,377,Scan: 547443 Run: DIA12_CV48:20251228_A2_N1_Mueller_MS_TechHub_IMP_THIDDIAXL003_Cas9_PhoX_DIA12_CV48_250ng_FAIMS_001 P1_GKSDNVPSEEVVK P2_ENQTTQKGQK 2 7,Q99ZW2,null,,false,Q99ZW2,null,,false,772,866,,4.466812,false,true,false,false,1,1,Self,0.021526,0.021529,0.11399,,4.466812,,,0,0,0,,0.018966,0.014986,,0
302,376,Scan: 796085 Run: DIA12_CV48:20251228_A2_N1_Mueller_MS_TechHub_IMP_THIDDIAXL003_Cas9_PhoX_DIA12_CV48_250ng_FAIMS_002 P1_YTSTKEVLDATLIHQSITGLYETR P2_KPAFLSGEQK 5 1,Q99ZW2,null,,false,Q99ZW2,null,,false,536,1340,,4.466493,false,true,false,false,1,1,Self,0.021526,0.021532,0.11399,4.466493,,,,0,0,0,,0.018966,0.014986,,0
301,375,Scan: 571361 Run: DIA12_CV48:20251228_A2_N1_Mueller_MS_TechHub_IMP_THIDDIAXL003_Cas9_PhoX_DIA12_CV48_250ng_FAIMS_001 P1_QITKHVAQILDSR P2_KLVDSTDK 4 1,Q99ZW2,null,,false,Q99ZW2,null,,false,141,929,,4.465822,false,true,false,false,1,1,Self,0.021526,0.021538,0.11399,,4.465822,,,0,0,0,,0.018966,0.014986,,0
300,374,Scan: 1111439 Run: DIA12_CV48:20251228_A2_N1_Mueller_MS_TechHub_IMP_THIDDIAXL003_Cas9_PhoX_DIA12_CV48_250ng_FAIMS_002 P1_IEEGIKELGSQILK P2_FKVLGNTDR 6 2,Q99ZW2,null,,false,Q99ZW2,null,,false,33,789,,4.463541,false,true,false,false,1,1,Self,0.021526,0.02156,0.114286,4.463541,,,,0,0,0,,0.018966,0.014986,,0
299,372,Scan: 743493 Run: DIA12_CV48:20251228_A2_N1_Mueller_MS_TechHub_IMP_THIDDIAXL003_Cas9_PhoX_DIA12_CV48_250ng_FAIMS_002 P1_LPKYSLFELENGR P2_KAIVDLLFK 3 1,Q99ZW2,null,,false,Q99ZW2,null,,false,546,1200,,4.462176,false,true,false,false,1,1,Self,0.021526,0.021572,0.114583,4.462176,,,,0,0,0,,0.018966,0.014986,,0
298,370,Scan: 1630990 Run: DIA12_CV48:20251228_A2_N1_Mueller_MS_TechHub_IMP_THIDDIAXL003_Cas9_PhoX_DIA12_CV48_250ng_FAIMS_003 P1_KTEVQTGGFSK P2_DKQSGK 1 2,Q99ZW2,null,,false,Q99ZW2,null,,false,673,1097,,4.459201,false,true,false,false,1,1,Self,0.021526,0.0216,0.114883,,4.098007,4.459201,,0,0,0,,0.018966,0.014986,,0
297,369,Scan: 309914 Run: DIA12_CV48:20251228_A2_N1_Mueller_MS_TechHub_IMP_THIDDIAXL003_Cas9_PhoX_DIA12_CV48_250ng_FAIMS_001 P1_QLKEDYFK P2_KSEETITPWNFEEVVDK 3 1,Q99ZW2,null,,false,Q99ZW2,null,,false,468,565,,4.458846,false,true,false,false,1,1,Self,0.021526,0.021604,0.114883,,4.458846,,,0,0,0,,0.018966,0.014986,,0
296,368,Scan: 868491 Run: DIA12_CV48:20251228_A2_N1_Mueller_MS_TechHub_IMP_THIDDIAXL003_Cas9_PhoX_DIA12_CV48_250ng_FAIMS_002 P1_KAIVDLLFK P2_EIFFDQSKNGYAGYIDGGASQEEFYK 1 8,Q99ZW2,null,,false,Q99ZW2,null,,false,356,546,,4.458147,false,true,false,false,1,1,Self,0.021526,0.02161,0.114883,4.458147,,,,0,0,0,,0.018966,0.014986,,0
294,365,Scan: 1389807 Run: DIA12_CV48:20251228_A2_N1_Mueller_MS_TechHub_IMP_THIDDIAXL003_Cas9_PhoX_DIA12_CV48_250ng_FAIMS_003 P1_KGILQTVK P2_EQAENIIHLFTLTNLGAPAAFKYFDTTIDR 1 22,Q99ZW2,null,,false,Q99ZW2,null,,false,1325,735,,4.45662,false,true,false,false,1,1,Self,0.021526,0.021625,0.115486,,,4.45662,,0,0,0,,0.018966,0.014986,,0
293,364,Scan: 849946 Run: DIA12_CV48:20251228_A2_N1_Mueller_MS_TechHub_IMP_THIDDIAXL003_Cas9_PhoX_DIA12_CV48_250ng_FAIMS_002 P1_VNTEITKAPLSASMIK P2_QQLPEKYKEIFFDQSK 7 6,Q99ZW2,null,,false,Q99ZW2,null,,false,346,314,,4.455477,false,true,false,false,1,1,Self,0.021526,0.021635,0.116095,4.455477,,,,0,0,0,,0.018966,0.014986,,0
292,363,Scan: 1706866 Run: DIA12_CV48:20251228_A2_N1_Mueller_MS_TechHub_IMP_THIDDIAXL003_Cas9_PhoX_DIA12_CV48_250ng_FAIMS_003 P1_IEEGIKELGSQILK P2_GQKNSR 6 3,Q99ZW2,null,,false,Q99ZW2,null,,false,775,789,,4.454292,false,true,false,false,1,1,Self,0.021526,0.021646,0.116095,,4.016117,4.454292,,0,0,0,,0.018966,0.014986,,0
291,362,Scan: 839800 Run: DIA12_CV48:20251228_A2_N1_Mueller_MS_TechHub_IMP_THIDDIAXL003_Cas9_PhoX_DIA12_CV48_250ng_FAIMS_002 P1_FKVLGNTDR P2_EIFFDQSKNGYAGYIDGGASQEEFYK 2 8,Q99ZW2,null,,false,Q99ZW2,null,,false,356,33,,4.453588,false,true,false,false,1,1,Self,0.021526,0.021653,0.116095,4.453588,,,,0,0,0,,0.018966,0.014986,,0
290,361,Scan: 741689 Run: DIA12_CV48:20251228_A2_N1_Mueller_MS_TechHub_IMP_THIDDIAXL003_Cas9_PhoX_DIA12_CV48_250ng_FAIMS_002 P1_LPKYSLFELENGR P2_GNELALPSKYVNFLYLASHYEK 3 9,Q99ZW2,null,,false,Q99ZW2,null,,false,1231,1200,,4.453346,false,true,false,false,1,1,Self,0.021526,0.021655,0.116095,4.453346,,,,0,0,0,,0.018966,0.014986,,0
289,360,Scan: 910779 Run: DIA12_CV48:20251228_A2_N1_Mueller_MS_TechHub_IMP_THIDDIAXL003_Cas9_PhoX_DIA12_CV48_250ng_FAIMS_002 P1_QITKHVAQILDSR P2_KSEETITPWNFEEVVDK 4 1,Q99ZW2,null,,false,Q99ZW2,null,,false,468,929,,4.45327,false,true,false,false,1,1,Self,0.021526,0.021656,0.116095,4.45327,,,,0,0,0,,0.018966,0.014986,,0
288,359,Scan: 245713 Run: DIA12_CV48:20251228_A2_N1_Mueller_MS_TechHub_IMP_THIDDIAXL003_Cas9_PhoX_DIA12_CV48_250ng_FAIMS_001 P1_YDENDKLIR P2_FKVLGNTDR 6 2,Q99ZW2,null,,false,Q99ZW2,null,,false,33,948,,4.452059,false,true,false,false,1,1,Self,0.021526,0.021667,0.116095,,4.452059,4.132855,,0,0,0,,0.018966,0.014986,,0
286,357,Scan: 545740 Run: DIA12_CV48:20251228_A2_N1_Mueller_MS_TechHub_IMP_THIDDIAXL003_Cas9_PhoX_DIA12_CV48_250ng_FAIMS_001 P1_IEKILTFR P2_GKSDNVPSEEVVK 3 2,Q99ZW2,null,,false,Q99ZW2,null,,false,866,442,,4.45134,false,true,false,false,1,1,Self,0.021526,0.021674,0.116095,,4.45134,,,0,0,0,,0.018966,0.014986,,0
285,356,Scan: 1753314 Run: DIA12_CV48:20251228_A2_N1_Mueller_MS_TechHub_IMP_THIDDIAXL003_Cas9_PhoX_DIA12_CV48_250ng_FAIMS_003 P1_QLLNAKLITQR P2_KPAFLSGEQK 6 1,Q99ZW2,null,,false,Q99ZW2,null,,false,536,890,,4.451133,false,true,false,false,1,1,Self,0.021526,0.021676,0.116095,,4.018584,4.451133,,0,0,0,,0.018966,0.014986,,0
284,355,Scan: 1788341 Run: DIA12_CV48:20251228_A2_N1_Mueller_MS_TechHub_IMP_THIDDIAXL003_Cas9_PhoX_DIA12_CV48_250ng_FAIMS_003 P1_KDFQFYK P2_GQKNSR 1 3,Q99ZW2,null,,false,Q99ZW2,null,,false,775,968,,4.450463,false,true,false,false,1,1,Self,0.021526,0.021682,0.116402,,,4.450463,,0,0,0,,0.018966,0.014986,,0
283,354,Scan: 1340974 Run: DIA12_CV48:20251228_A2_N1_Mueller_MS_TechHub_IMP_THIDDIAXL003_Cas9_PhoX_DIA12_CV48_250ng_FAIMS_003 P1_LPKYSLFELENGR P2_KGILQTVK 3 1,Q99ZW2,null,,false,Q99ZW2,null,,false,735,1200,,4.450359,false,true,false,false,1,1,Self,0.021526,0.021683,0.116402,,,4.450359,,0,0,0,,0.018966,0.014986,,0
281,352,Scan: 1769373 Run: DIA12_CV48:20251228_A2_N1_Mueller_MS_TechHub_IMP_THIDDIAXL003_Cas9_PhoX_DIA12_CV48_250ng_FAIMS_003 P1_QITKHVAQILDSR P2_KDFQFYK 4 1,Q99ZW2,null,,false,Q99ZW2,null,,false,968,929,,4.44965,false,true,false,false,1,1,Self,0.021526,0.02169,0.117021,,,4.44965,,0,0,0,,0.018966,0.014986,,0
280,351,Scan: 437179 Run: DIA12_CV48:20251228_A2_N1_Mueller_MS_TechHub_IMP_THIDDIAXL003_Cas9_PhoX_DIA12_CV48_250ng_FAIMS_001 P1_DKQSGK P2_DKPIR 2 2,Q99ZW2,null,,false,Q99ZW2,null,,false,1300,673,,4.44928,false,true,false,false,1,1,Self,0.021526,0.021694,0.117021,,4.44928,,,0,0,0,,0.018966,0.014986,,0
279,350,Scan: 1502541 Run: DIA12_CV48:20251228_A2_N1_Mueller_MS_TechHub_IMP_THIDDIAXL003_Cas9_PhoX_DIA12_CV48_250ng_FAIMS_003 P1_NLPNEKVLPK P2_KSEETITPWNFEEVVDK 6 1,Q99ZW2,null,,false,Q99ZW2,null,,false,468,506,,4.448756,false,true,false,false,1,1,Self,0.021526,0.021698,0.117021,,3.773772,4.448756,,0,0,0,,0.018966,0.014986,,0
278,349,Scan: 1446943 Run: DIA12_CV48:20251228_A2_N1_Mueller_MS_TechHub_IMP_THIDDIAXL003_Cas9_PhoX_DIA12_CV48_250ng_FAIMS_003 P1_QQLPEKYKEIFFDQSK P2_NSDKLIAR 6 4,Q99ZW2,null,,false,Q99ZW2,null,,false,1118,346,,4.44796,false,true,false,false,1,1,Self,0.021526,0.021706,0.117333,,,4.44796,,0,0,0,,0.018966,0.014986,,0
277,348,Scan: 604914 Run: DIA12_CV48:20251228_A2_N1_Mueller_MS_TechHub_IMP_THIDDIAXL003_Cas9_PhoX_DIA12_CV48_250ng_FAIMS_002 P1_LESEFVYGDYKVYDVR P2_AGFIKR 11 5,Q99ZW2,null,,false,Q99ZW2,null,,false,918,1014,,4.447837,false,true,false,false,1,1,Self,0.021526,0.021707,0.117333,4.447837,,,,0,0,0,,0.018966,0.014986,,0
276,347,Scan: 1624446 Run: DIA12_CV48:20251228_A2_N1_Mueller_MS_TechHub_IMP_THIDDIAXL003_Cas9_PhoX_DIA12_CV48_250ng_FAIMS_003 P1_LKTYAHLFDDK P2_KLINGIR 2 1,Q99ZW2,null,,false,Q99ZW2,null,,false,665,637,,4.447638,false,true,false,false,1,1,Self,0.021526,0.021709,0.117333,,,4.447638,,0,0,0,,0.018966,0.014986,,0
274,342,Scan: 838590 Run: DIA12_CV48:20251228_A2_N1_Mueller_MS_TechHub_IMP_THIDDIAXL003_Cas9_PhoX_DIA12_CV48_250ng_FAIMS_002 P1_NSDKLIAR P2_FKVLGNTDR 4 2,Q99ZW2,null,,false,Q99ZW2,null,,false,33,1118,,4.444024,false,true,false,false,1,1,Self,0.021526,0.021743,0.117647,4.444024,,4.242183,,0,0,0,,0.018966,0.014986,,0
273,341,Scan: 879802 Run: DIA12_CV48:20251228_A2_N1_Mueller_MS_TechHub_IMP_THIDDIAXL003_Cas9_PhoX_DIA12_CV48_250ng_FAIMS_002 P1_KAIVDLLFK P2_FIKPILEKMDGTEELLVK 1 8,Q99ZW2,null,,false,Q99ZW2,null,,false,382,546,,4.443302,false,true,false,false,1,1,Self,0.021526,0.02175,0.117962,4.443302,,,,0,0,0,,0.018966,0.014986,,0
272,340,Scan: 1351279 Run: DIA12_CV48:20251228_A2_N1_Mueller_MS_TechHub_IMP_THIDDIAXL003_Cas9_PhoX_DIA12_CV48_250ng_FAIMS_003 P1_KFDNLTK P2_GNELALPSKYVNFLYLASHYEK 1 9,Q99ZW2,null,,false,Q99ZW2,null,,false,1231,896,,4.441095,false,true,false,false,1,1,Self,0.021526,0.02177,0.11828,,,4.441095,,0,0,0,,0.018966,0.014986,,0
271,338,Scan: 304580 Run: DIA12_CV48:20251228_A2_N1_Mueller_MS_TechHub_IMP_THIDDIAXL003_Cas9_PhoX_DIA12_CV48_250ng_FAIMS_001 P1_VLAKLLTLDQHHEDYR P2_KSEETITPWNFEEVVDK 4 1,Q99ZW2,null,,false,decoy:Q99ZW2,decoydecoy:null,decoy:,true,468,328,,4.440224,true,false,true,false,1,1,Self,0.021779,0.022345,0.11828,,4.440224,,,0,1,1,,0.019048,0.014986,,5
270,337,Scan: 858710 Run: DIA12_CV48:20251228_A2_N1_Mueller_MS_TechHub_IMP_THIDDIAXL003_Cas9_PhoX_DIA12_CV48_250ng_FAIMS_002 P1_YKEIFFDQSK P2_KDFQFYK 2 1,Q99ZW2,null,,false,Q99ZW2,null,,false,968,348,,4.440186,false,true,false,false,1,1,Self,0.021779,0.02178,0.11828,4.440186,,,,0,0,0,,0.019048,0.014986,,0
269,335,Scan: 619841 Run: DIA12_CV48:20251228_A2_N1_Mueller_MS_TechHub_IMP_THIDDIAXL003_Cas9_PhoX_DIA12_CV48_250ng_FAIMS_002 P1_VKYVTEGMR P2_KRPLIETNGETGEIVWDK 2 1,Q99ZW2,null,,false,Q99ZW2,null,,false,1059,528,,4.439051,false,true,false,false,1,1,Self,0.021779,0.021831,0.11828,4.439051,,3.61268,,0,0,0,,0.019048,0.014986,,0
267,333,Scan: 541988 Run: DIA12_CV48:20251228_A2_N1_Mueller_MS_TechHub_IMP_THIDDIAXL003_Cas9_PhoX_DIA12_CV48_250ng_FAIMS_001 P1_SDKNR P2_DDSIDNKVLTR 3 7,Q99ZW2,null,,false,Q99ZW2,null,,false,855,862,,4.438244,false,true,false,false,1,1,Self,0.021779,0.021866,0.11828,,4.438244,,,0,0,0,,0.019048,0.014986,,0
266,331,Scan: 594480 Run: DIA12_CV48:20251228_A2_N1_Mueller_MS_TechHub_IMP_THIDDIAXL003_Cas9_PhoX_DIA12_CV48_250ng_FAIMS_001 P1_KDFQFYK P2_KDFQFYK 1 1,Q99ZW2,null,,false,Q99ZW2,null,,false,968,968,,4.437604,false,true,false,false,1,1,Self,0.021779,0.021895,0.11828,,4.437604,,,0,0,0,,0.019048,0.014986,,0
265,330,Scan: 732804 Run: DIA12_CV48:20251228_A2_N1_Mueller_MS_TechHub_IMP_THIDDIAXL003_Cas9_PhoX_DIA12_CV48_250ng_FAIMS_002 P1_KDLIIK P2_FKVLGNTDR 1 2,Q99ZW2,null,,false,Q99ZW2,null,,false,33,1192,,4.435317,false,true,false,false,1,1,Self,0.021779,0.021996,0.11828,4.435317,3.70504,,,0,0,0,,0.019048,0.014986,,0
264,329,Scan: 573295 Run: DIA12_CV48:20251228_A2_N1_Mueller_MS_TechHub_IMP_THIDDIAXL003_Cas9_PhoX_DIA12_CV48_250ng_FAIMS_001 P1_QITKHVAQILDSR P2_ELGSQILKEHPVENTQLQNEK 4 8,Q99ZW2,null,,false,Q99ZW2,null,,false,797,929,,4.434876,false,true,false,false,1,1,Self,0.021779,0.022016,0.11828,,4.434876,,,0,0,0,,0.019048,0.014986,,0
263,328,Scan: 416214 Run: DIA12_CV48:20251228_A2_N1_Mueller_MS_TechHub_IMP_THIDDIAXL003_Cas9_PhoX_DIA12_CV48_250ng_FAIMS_001 P1_KIECFDSVEISGVEDR P2_KGILQTVK 1 1,Q99ZW2,null,,false,Q99ZW2,null,,false,735,571,,4.434772,false,true,false,false,1,1,Self,0.021779,0.02202,0.11828,,4.434772,,,0,0,0,,0.019048,0.014986,,0
262,327,Scan: 957411 Run: DIA12_CV48:20251228_A2_N1_Mueller_MS_TechHub_IMP_THIDDIAXL003_Cas9_PhoX_DIA12_CV48_250ng_FAIMS_002 P1_NLPNEKVLPK P2_KTEVQTGGFSKESILPK 6 11,Q99ZW2,null,,false,Q99ZW2,null,,false,1107,506,,4.434271,false,true,false,false,1,1,Self,0.021779,0.022043,0.11828,4.434271,,,,0,0,0,,0.019048,0.014986,,0
261,325,Scan: 1555655 Run: DIA12_CV48:20251228_A2_N1_Mueller_MS_TechHub_IMP_THIDDIAXL003_Cas9_PhoX_DIA12_CV48_250ng_FAIMS_003 P1_VLPKHSLLYEYFTVYNELTK P2_KKDWDPK 4 1,Q99ZW2,null,,false,Q99ZW2,null,,false,1123,510,,4.433817,false,true,false,false,1,1,Self,0.021779,0.022063,0.11828,,,4.433817,,0,0,0,,0.019048,0.014986,,0
259,323,Scan: 351071 Run: DIA12_CV48:20251228_A2_N1_Mueller_MS_TechHub_IMP_THIDDIAXL003_Cas9_PhoX_DIA12_CV48_250ng_FAIMS_001 P1_SEETITPWNFEEVVDKGASAQSFIER P2_EVKVITLK 16 3,Q99ZW2,null,,false,Q99ZW2,null,,false,954,484,,4.432083,false,true,false,false,1,1,Self,0.021779,0.02214,0.11828,,4.432083,,,0,0,0,,0.019048,0.014986,,0
258,322,Scan: 1534779 Run: DIA12_CV48:20251228_A2_N1_Mueller_MS_TechHub_IMP_THIDDIAXL003_Cas9_PhoX_DIA12_CV48_250ng_FAIMS_003 P1_TEVQTGGFSKESILPK P2_SEETITPWNFEEVVDKGASAQSFIER 10 16,Q99ZW2,null,,false,Q99ZW2,null,,false,484,1107,,4.431296,false,true,false,false,1,1,Self,0.021779,0.022174,0.118598,,,4.431296,,0,0,0,,0.019048,0.014986,,0
257,321,Scan: 1604087 Run: DIA12_CV48:20251228_A2_N1_Mueller_MS_TechHub_IMP_THIDDIAXL003_Cas9_PhoX_DIA12_CV48_250ng_FAIMS_003 P1_YPKLESEFVYGDYK P2_KVTVK 3 1,Q99ZW2,null,,false,Q99ZW2,null,,false,558,1003,,4.430619,false,true,false,false,1,1,Self,0.021779,0.022204,0.118919,,,4.430619,,0,0,0,,0.019048,0.014986,,0
256,320,Scan: 879848 Run: DIA12_CV48:20251228_A2_N1_Mueller_MS_TechHub_IMP_THIDDIAXL003_Cas9_PhoX_DIA12_CV48_250ng_FAIMS_002 P1_KVTVK P2_FIKPILEKMDGTEELLVK 1 8,Q99ZW2,null,,false,Q99ZW2,null,,false,382,558,,4.429979,false,true,false,false,1,1,Self,0.021779,0.022233,0.118919,4.429979,,,,0,0,0,,0.019048,0.014986,,0
255,319,Scan: 873410 Run: DIA12_CV48:20251228_A2_N1_Mueller_MS_TechHub_IMP_THIDDIAXL003_Cas9_PhoX_DIA12_CV48_250ng_FAIMS_002 P1_KLINGIR P2_FIKPILEKMDGTEELLVK 1 3,Q99ZW2,null,,false,Q99ZW2,null,,false,377,665,,4.429265,false,true,false,false,1,1,Self,0.021779,0.022264,0.118919,4.429265,,,,0,0,0,,0.019048,0.014986,,0
253,315,Scan: 156333 Run: DIA12_CV48:20251228_A2_N1_Mueller_MS_TechHub_IMP_THIDDIAXL003_Cas9_PhoX_DIA12_CV48_250ng_FAIMS_001 P1_YKEIFFDQSK P2_GNELALPSKYVNFLYLASHYEK 2 9,Q99ZW2,null,,false,Q99ZW2,null,,false,1231,348,,4.426245,false,true,false,false,1,1,Self,0.021779,0.022398,0.119565,,4.426245,,,0,0,0,,0.019048,0.014986,,0
252,313,Scan: 204262 Run: DIA12_CV48:20251228_A2_N1_Mueller_MS_TechHub_IMP_THIDDIAXL003_Cas9_PhoX_DIA12_CV48_250ng_FAIMS_001 P1_LSKSR P2_KLVDSTDK 3 1,Q99ZW2,null,,false,Q99ZW2,null,,false,141,218,,4.42573,false,true,false,false,1,1,Self,0.021779,0.022421,0.119891,,4.42573,,,0,0,0,,0.019048,0.014986,,0
251,310,Scan: 1357366 Run: DIA12_CV48:20251228_A2_N1_Mueller_MS_TechHub_IMP_THIDDIAXL003_Cas9_PhoX_DIA12_CV48_250ng_FAIMS_003 P1_LKGSPEDNEQK P2_EDIQKAQVSGQGDSLHEHIANLAGSPAIK 2 5,Q99ZW2,null,,false,Q99ZW2,null,,false,710,1246,,4.42544,false,true,false,false,1,1,Self,0.021779,0.022434,0.119891,,,4.42544,,0,0,0,,0.019048,0.014986,,0
249,307,Scan: 1165463 Run: DIA12_CV48:20251228_A2_N1_Mueller_MS_TechHub_IMP_THIDDIAXL003_Cas9_PhoX_DIA12_CV48_250ng_FAIMS_002 P1_KFDNLTK P2_GGLSELDKAGFIK 1 8,Q99ZW2,null,,false,Q99ZW2,null,,false,913,896,,4.421981,false,true,false,false,1,1,Self,0.021779,0.022587,0.120548,4.421981,,,,0,0,0,,0.019048,0.014986,,0
248,305,Scan: 292815 Run: DIA12_CV48:20251228_A2_N1_Mueller_MS_TechHub_IMP_THIDDIAXL003_Cas9_PhoX_DIA12_CV48_250ng_FAIMS_001 P1_NLPNEKVLPK P2_IEKILTFR 6 3,Q99ZW2,null,,false,Q99ZW2,null,,false,442,506,,4.421699,false,true,false,false,1,1,Self,0.021779,0.0226,0.120548,,4.421699,,,0,0,0,,0.019048,0.014986,,0
247,303,Scan: 241229 Run: DIA12_CV48:20251228_A2_N1_Mueller_MS_TechHub_IMP_THIDDIAXL003_Cas9_PhoX_DIA12_CV48_250ng_FAIMS_001 P1_RPLIETNGETGEIVWDKGR P2_FKVLGNTDR 17 2,Q99ZW2,null,,false,Q99ZW2,null,,false,33,1076,,4.421228,false,true,false,false,1,1,Self,0.021779,0.022621,0.120879,,4.421228,,,0,0,0,,0.019048,0.014986,,0
246,302,Scan: 227985 Run: DIA12_CV48:20251228_A2_N1_Mueller_MS_TechHub_IMP_THIDDIAXL003_Cas9_PhoX_DIA12_CV48_250ng_FAIMS_001 P1_SNFDLAEDAKLQLSK P2_KVTVK 10 1,Q99ZW2,null,,false,Q99ZW2,null,,false,558,263,,4.419655,false,true,false,false,1,1,Self,0.021779,0.02269,0.121547,,4.419655,,,0,0,0,,0.019048,0.014986,,0
244,299,Scan: 1146289 Run: DIA12_CV48:20251228_A2_N1_Mueller_MS_TechHub_IMP_THIDDIAXL003_Cas9_PhoX_DIA12_CV48_250ng_FAIMS_002 P1_YDENDKLIR P2_GKSDNVPSEEVVK 6 2,Q99ZW2,null,,false,Q99ZW2,null,,false,866,948,,4.418039,false,true,false,false,1,1,Self,0.021779,0.022762,0.121547,4.418039,,,,0,0,0,,0.019048,0.014986,,0
243,298,Scan: 1411743 Run: DIA12_CV48:20251228_A2_N1_Mueller_MS_TechHub_IMP_THIDDIAXL003_Cas9_PhoX_DIA12_CV48_250ng_FAIMS_003 P1_KNGLFGNLIALSLGLTPNFK P2_FKVLGNTDR 1 2,Q99ZW2,null,,false,Q99ZW2,null,,false,33,234,,4.417357,false,true,false,false,1,1,Self,0.021779,0.022792,0.121884,,,4.417357,,0,0,0,,0.019048,0.014986,,0
242,296,Scan: 887514 Run: DIA12_CV48:20251228_A2_N1_Mueller_MS_TechHub_IMP_THIDDIAXL003_Cas9_PhoX_DIA12_CV48_250ng_FAIMS_002 P1_SEETITPWNFEEVVDKGASAQSFIER P2_EKIEKILTFR 16 2,Q99ZW2,null,,false,Q99ZW2,null,,false,439,484,,4.414449,false,true,false,false,1,1,Self,0.021779,0.022921,0.122563,4.414449,,,,0,0,0,,0.019048,0.014986,,0
240,294,Scan: 1754823 Run: DIA12_CV48:20251228_A2_N1_Mueller_MS_TechHub_IMP_THIDDIAXL003_Cas9_PhoX_DIA12_CV48_250ng_FAIMS_003 P1_LKGSPEDNEQK P2_KFDNLTK 2 1,Q99ZW2,null,,false,Q99ZW2,null,,false,896,1246,,4.413694,false,true,false,false,1,1,Self,0.021779,0.022955,0.122563,,,4.413694,,0,0,0,,0.019048,0.014986,,0
239,293,Scan: 947883 Run: DIA12_CV48:20251228_A2_N1_Mueller_MS_TechHub_IMP_THIDDIAXL003_Cas9_PhoX_DIA12_CV48_250ng_FAIMS_002 P1_SEETITPWNFEEVVDKGASAQSFIER P2_KFDNLTK 16 1,Q99ZW2,null,,false,Q99ZW2,null,,false,896,484,,4.413393,false,true,false,false,1,1,Self,0.021779,0.022968,0.122563,4.413393,,,,0,0,0,,0.019048,0.014986,,0
238,292,Scan: 385705 Run: DIA12_CV48:20251228_A2_N1_Mueller_MS_TechHub_IMP_THIDDIAXL003_Cas9_PhoX_DIA12_CV48_250ng_FAIMS_001 P1_KPAFLSGEQK P2_AIVDLLFKTNR 1 8,Q99ZW2,null,,false,Q99ZW2,null,,false,554,536,,4.412497,false,true,false,false,1,1,Self,0.021779,0.023008,0.122905,,4.412497,,,0,0,0,,0.019048,0.014986,,0
237,290,Scan: 1637389 Run: DIA12_CV48:20251228_A2_N1_Mueller_MS_TechHub_IMP_THIDDIAXL003_Cas9_PhoX_DIA12_CV48_250ng_FAIMS_003 P1_VILADANLDKVLSAYNK P2_TILDFLKSDGFANR 10 7,Q99ZW2,null,,false,Q99ZW2,null,,false,684,1289,,4.412011,false,true,false,false,1,1,Self,0.021779,0.023029,0.122905,,,4.412011,,0,0,0,,0.019048,0.014986,,0
236,289,Scan: 32358 Run: DIA12_CV48:20251228_A2_N1_Mueller_MS_TechHub_IMP_THIDDIAXL003_Cas9_PhoX_DIA12_CV48_250ng_FAIMS_001 P1_VNTEITKAPLSASMIK P2_KVLSMPQVNIVK 7 1,Q99ZW2,null,,false,Q99ZW2,null,,false,1085,314,,4.411719,false,true,false,false,1,1,Self,0.021779,0.023042,0.122905,,4.411719,,,0,0,0,,0.019048,0.014986,,0
235,288,Scan: 145347 Run: DIA12_CV48:20251228_A2_N1_Mueller_MS_TechHub_IMP_THIDDIAXL003_Cas9_PhoX_DIA12_CV48_250ng_FAIMS_001 P1_LPKYSLFELENGR P2_EQAENIIHLFTLTNLGAPAAFKYFDTTIDR 3 22,Q99ZW2,null,,false,Q99ZW2,null,,false,1325,1200,,4.410502,false,true,false,false,1,1,Self,0.021779,0.023096,0.122905,,4.410502,,,0,0,0,,0.019048,0.014986,,0
234,287,Scan: 1697643 Run: DIA12_CV48:20251228_A2_N1_Mueller_MS_TechHub_IMP_THIDDIAXL003_Cas9_PhoX_DIA12_CV48_250ng_FAIMS_003 P1_VVDELVKVMGR P2_MTNFDKNLPNEK 7 6,Q99ZW2,null,,false,Q99ZW2,null,,false,500,749,,4.409801,false,true,false,false,1,1,Self,0.021779,0.023127,0.123249,,3.838365,4.409801,,0,0,0,,0.019048,0.014986,,0
232,283,Scan: 887747 Run: DIA12_CV48:20251228_A2_N1_Mueller_MS_TechHub_IMP_THIDDIAXL003_Cas9_PhoX_DIA12_CV48_250ng_FAIMS_002 P1_YDENDKLIR P2_EKIEKILTFR 6 2,Q99ZW2,null,,false,Q99ZW2,null,,false,439,948,,4.409272,false,true,false,false,1,1,Self,0.021779,0.023151,0.123249,4.409272,,,,0,0,0,,0.019048,0.014986,,0
230,280,Scan: 684760 Run: DIA12_CV48:20251228_A2_N1_Mueller_MS_TechHub_IMP_THIDDIAXL003_Cas9_PhoX_DIA12_CV48_250ng_FAIMS_002 P1_VNTEITKAPLSASMIK P2_NSDKLIAR 7 4,Q99ZW2,null,,false,Q99ZW2,null,,false,1118,314,,4.408002,false,true,false,false,1,1,Self,0.021779,0.023207,0.123944,4.408002,,,,0,0,0,,0.019048,0.014986,,0
229,278,Scan: 1449448 Run: DIA12_CV48:20251228_A2_N1_Mueller_MS_TechHub_IMP_THIDDIAXL003_Cas9_PhoX_DIA12_CV48_250ng_FAIMS_003 P1_YKEIFFDQSK P2_DLIIKLPK 2 5,Q99ZW2,null,,false,Q99ZW2,null,,false,1197,348,,4.406568,false,true,false,false,1,1,Self,0.021779,0.023271,0.123944,,,4.406568,,0,0,0,,0.019048,0.014986,,0
227,276,Scan: 1631104 Run: DIA12_CV48:20251228_A2_N1_Mueller_MS_TechHub_IMP_THIDDIAXL003_Cas9_PhoX_DIA12_CV48_250ng_FAIMS_003 P1_RNSDKLIAR P2_DKQSGK 5 2,Q99ZW2,null,,false,Q99ZW2,null,,false,673,1118,,4.405762,false,true,false,false,1,1,Self,0.021779,0.023306,0.123944,,4.143735,4.405762,,0,0,0,,0.019048,0.014986,,0
226,274,Scan: 510420 Run: DIA12_CV48:20251228_A2_N1_Mueller_MS_TechHub_IMP_THIDDIAXL003_Cas9_PhoX_DIA12_CV48_250ng_FAIMS_001 P1_VITLKSK P2_ENQTTQKGQK 5 7,Q99ZW2,null,,false,Q99ZW2,null,,false,772,959,,4.4047,false,true,false,false,1,1,Self,0.021779,0.023354,0.123944,,4.4047,,,0,0,0,,0.019048,0.014986,,0
224,272,Scan: 6794 Run: DIA12_CV48:20251228_A2_N1_Mueller_MS_TechHub_IMP_THIDDIAXL003_Cas9_PhoX_DIA12_CV48_250ng_FAIMS_001 P1_LESEFVYGDYKVYDVR P2_KNLIGALLFDSGETAEATR 11 1,Q99ZW2,null,,false,Q99ZW2,null,,false,45,1014,,4.401509,false,true,false,false,1,1,Self,0.021779,0.023495,0.124646,,4.401509,,,0,0,0,,0.019048,0.014986,,0
223,271,Scan: 1766069 Run: DIA12_CV48:20251228_A2_N1_Mueller_MS_TechHub_IMP_THIDDIAXL003_Cas9_PhoX_DIA12_CV48_250ng_FAIMS_003 P1_QITKHVAQILDSR P2_IEKILTFR 4 3,Q99ZW2,null,,false,Q99ZW2,null,,false,442,929,,4.401225,false,true,false,false,1,1,Self,0.021779,0.023508,0.125,,,4.401225,,0,0,0,,0.019048,0.014986,,0
222,269,Scan: 1781672 Run: DIA12_CV48:20251228_A2_N1_Mueller_MS_TechHub_IMP_THIDDIAXL003_Cas9_PhoX_DIA12_CV48_250ng_FAIMS_003 P1_SKLVSDFR P2_KTEVQTGGFSK 2 1,Q99ZW2,null,,false,Q99ZW2,null,,false,1097,961,,4.400516,false,true,false,false,1,1,Self,0.021779,0.023539,0.125,,,4.400516,,0,0,0,,0.019048,0.014986,,0
221,268,Scan: 1788220 Run: DIA12_CV48:20251228_A2_N1_Mueller_MS_TechHub_IMP_THIDDIAXL003_Cas9_PhoX_DIA12_CV48_250ng_FAIMS_003 P1_KGILQTVK P2_KDFQFYK 1 1,Q99ZW2,null,,false,Q99ZW2,null,,false,968,735,,4.399737,false,true,false,false,1,1,Self,0.021779,0.023574,0.125714,,,4.399737,,0,0,0,,0.019048,0.014986,,0
220,267,Scan: 853085 Run: DIA12_CV48:20251228_A2_N1_Mueller_MS_TechHub_IMP_THIDDIAXL003_Cas9_PhoX_DIA12_CV48_250ng_FAIMS_002 P1_YKEIFFDQSK P2_LDAKDTSDVLR 2 4,decoy:Q99ZW2,decoydecoy:null,decoy:,true,Q99ZW2,null,,false,145,348,,4.399288,true,false,true,false,1,1,Self,0.023593,0.025311,0.125714,4.399288,,,,1,0,1,,0.020635,0.016349,,5
219,266,Scan: 185808 Run: DIA12_CV48:20251228_A2_N1_Mueller_MS_TechHub_IMP_THIDDIAXL003_Cas9_PhoX_DIA12_CV48_250ng_FAIMS_001 P1_HKNYASLVR P2_DKPIR 2 2,Q99ZW2,null,,false,decoy:Q99ZW2,decoydecoy:null,decoy:,true,1300,1291,,4.398159,true,false,true,false,1,1,Self,0.025408,0.026886,0.125714,,4.398159,,,0,1,1,,0.022222,0.017711,,5
218,265,Scan: 1026556 Run: DIA12_CV48:20251228_A2_N1_Mueller_MS_TechHub_IMP_THIDDIAXL003_Cas9_PhoX_DIA12_CV48_250ng_FAIMS_002 P1_KLINGIR P2_FTLIKEIR 1 5,decoy:Q99ZW2,decoydecoy:null,decoy:,true,Q99ZW2,null,,false,444,665,,4.398128,true,false,true,false,1,1,Self,0.026978,0.025441,0.125714,4.398128,3.269684,,,1,0,1,,0.023622,0.018945,,5
217,263,Scan: 603065 Run: DIA12_CV48:20251228_A2_N1_Mueller_MS_TechHub_IMP_THIDDIAXL003_Cas9_PhoX_DIA12_CV48_250ng_FAIMS_002 P1_LESEFVYGDYKVYDVR P2_LESEFVYGDYKVYDVR 11 11,Q99ZW2,null,,false,Q99ZW2,null,,false,1014,1014,,4.397861,false,true,false,false,1,1,Self,0.026978,0.027103,0.125714,4.397861,,,,0,0,0,,0.023622,0.018945,,0
216,262,Scan: 957809 Run: DIA12_CV48:20251228_A2_N1_Mueller_MS_TechHub_IMP_THIDDIAXL003_Cas9_PhoX_DIA12_CV48_250ng_FAIMS_002 P1_NLPNEKVLPK P2_KPAFLSGEQK 6 1,Q99ZW2,null,,false,Q99ZW2,null,,false,536,506,,4.397499,false,true,false,false,1,1,Self,0.026978,0.027271,0.125714,4.397499,,,,0,0,0,,0.023622,0.018945,,0
215,261,Scan: 1027286 Run: DIA12_CV48:20251228_A2_N1_Mueller_MS_TechHub_IMP_THIDDIAXL003_Cas9_PhoX_DIA12_CV48_250ng_FAIMS_002 P1_QLKEDYFK P2_KLINGIR 3 1,Q99ZW2,null,,false,Q99ZW2,null,,false,665,565,,4.396552,false,true,false,false,1,1,Self,0.026978,0.027712,0.126074,4.396552,,,,0,0,0,,0.023622,0.018945,,0
214,260,Scan: 1731085 Run: DIA12_CV48:20251228_A2_N1_Mueller_MS_TechHub_IMP_THIDDIAXL003_Cas9_PhoX_DIA12_CV48_250ng_FAIMS_003 P1_ENQTTQKGQK P2_EHPVENTQLQNEKLYLYYLQNGR 7 13,Q99ZW2,null,,false,Q99ZW2,null,,false,810,772,,4.396115,false,true,false,false,1,1,Self,0.026978,0.027915,0.126074,,,4.396115,,0,0,0,,0.023622,0.018945,,0
213,258,Scan: 1081839 Run: DIA12_CV48:20251228_A2_N1_Mueller_MS_TechHub_IMP_THIDDIAXL003_Cas9_PhoX_DIA12_CV48_250ng_FAIMS_002 P1_SKLVSDFR P2_KGILQTVK 2 1,Q99ZW2,null,,false,Q99ZW2,null,,false,735,961,,4.395596,false,true,false,false,1,1,Self,0.026978,0.028157,0.126437,4.395596,,,,0,0,0,,0.023622,0.020243,,0
212,256,Scan: 1356756 Run: DIA12_CV48:20251228_A2_N1_Mueller_MS_TechHub_IMP_THIDDIAXL003_Cas9_PhoX_DIA12_CV48_250ng_FAIMS_003 P1_SKSLR P2_LKGSPEDNEQK 2 2,Q99ZW2,null,,false,decoy:Q99ZW2,decoydecoy:null,decoy:,true,1246,217,,4.395356,true,false,true,false,1,1,Self,0.028269,0.028046,0.126437,,,4.395356,,0,1,1,,0.025039,0.021448,,5
211,255,Scan: 508799 Run: DIA12_CV48:20251228_A2_N1_Mueller_MS_TechHub_IMP_THIDDIAXL003_Cas9_PhoX_DIA12_CV48_250ng_FAIMS_001 P1_KYGGFDSPTVAYSVLVVAK P2_ENQTTQKGQK 1 7,Q99ZW2,null,,false,Q99ZW2,null,,false,772,1130,,4.395193,false,true,false,false,1,1,Self,0.028269,0.028324,0.126437,,4.395193,,,0,0,0,,0.025039,0.021448,,0
210,254,Scan: 275256 Run: DIA12_CV48:20251228_A2_N1_Mueller_MS_TechHub_IMP_THIDDIAXL003_Cas9_PhoX_DIA12_CV48_250ng_FAIMS_001 P1_NGYAGYIDGGASQEEFYKFIKPILEK P2_KKDWDPK 18 1,Q99ZW2,null,,false,Q99ZW2,null,,false,1123,374,,4.395115,false,true,false,false,1,1,Self,0.028269,0.028351,0.126437,,4.395115,,,0,0,0,,0.025039,0.021448,,0
208,252,Scan: 604610 Run: DIA12_CV48:20251228_A2_N1_Mueller_MS_TechHub_IMP_THIDDIAXL003_Cas9_PhoX_DIA12_CV48_250ng_FAIMS_002 P1_LESEFVYGDYKVYDVR P2_ELGSQILKEHPVENTQLQNEK 11 8,Q99ZW2,null,,false,Q99ZW2,null,,false,797,1014,,4.393143,false,true,false,false,1,1,Self,0.028269,0.029021,0.126437,4.393143,,,,0,0,0,,0.025039,0.021448,,0
205,248,Scan: 1120803 Run: DIA12_CV48:20251228_A2_N1_Mueller_MS_TechHub_IMP_THIDDIAXL003_Cas9_PhoX_DIA12_CV48_250ng_FAIMS_002 P1_KAIVDLLFK P2_ELGSQILKEHPVENTQLQNEK 1 8,Q99ZW2,null,,false,Q99ZW2,null,,false,797,546,,4.391993,false,true,false,false,1,1,Self,0.028269,0.029412,0.126437,4.391993,,,,0,0,0,,0.026275,0.022517,,0
204,247,Scan: 1081447 Run: DIA12_CV48:20251228_A2_N1_Mueller_MS_TechHub_IMP_THIDDIAXL003_Cas9_PhoX_DIA12_CV48_250ng_FAIMS_002 P1_KGILQTVK P2_ENQTTQKGQK 1 7,Q99ZW2,null,,false,Q99ZW2,null,,false,772,735,,4.391988,false,true,false,false,1,1,Self,0.028269,0.029413,0.126437,4.391988,,,,0,0,0,,0.026275,0.022517,,0
203,245,Scan: 1304395 Run: DIA12_CV48:20251228_A2_N1_Mueller_MS_TechHub_IMP_THIDDIAXL003_Cas9_PhoX_DIA12_CV48_250ng_FAIMS_003 P1_SVKELLGITIMER P2_IEKILTFR 3 3,Q99ZW2,null,,false,Q99ZW2,null,,false,442,1161,,4.391868,false,true,false,false,1,1,Self,0.028269,0.029454,0.126437,,,4.391868,,0,0,0,,0.026275,0.022517,,0
202,244,Scan: 484459 Run: DIA12_CV48:20251228_A2_N1_Mueller_MS_TechHub_IMP_THIDDIAXL003_Cas9_PhoX_DIA12_CV48_250ng_FAIMS_001 P1_MKNYWR P2_KGILQTVK 2 1,Q99ZW2,null,,false,Q99ZW2,null,,false,735,880,,4.391797,false,true,false,false,1,1,Self,0.028269,0.029478,0.126437,,4.391797,,,0,0,0,,0.026275,0.022517,,0
201,243,Scan: 1438654 Run: DIA12_CV48:20251228_A2_N1_Mueller_MS_TechHub_IMP_THIDDIAXL003_Cas9_PhoX_DIA12_CV48_250ng_FAIMS_003 P1_QLKEDYFK P2_FKVLGNTDR 3 2,Q99ZW2,null,,false,Q99ZW2,null,,false,33,565,,4.391192,false,true,false,false,1,1,Self,0.028269,0.029684,0.126801,,,4.391192,,0,0,0,,0.026275,0.022517,,0
200,242,Scan: 855658 Run: DIA12_CV48:20251228_A2_N1_Mueller_MS_TechHub_IMP_THIDDIAXL003_Cas9_PhoX_DIA12_CV48_250ng_FAIMS_002 P1_YKEIFFDQSK P2_KNLIGALLFDSGETAEATR 2 1,Q99ZW2,null,,false,Q99ZW2,null,,false,45,348,,4.39113,false,true,false,false,1,1,Self,0.028269,0.029705,0.126801,4.39113,,,,0,0,0,,0.026275,0.022517,,0
199,241,Scan: 1618331 Run: DIA12_CV48:20251228_A2_N1_Mueller_MS_TechHub_IMP_THIDDIAXL003_Cas9_PhoX_DIA12_CV48_250ng_FAIMS_003 P1_YKEIFFDQSK P2_LKTYAHLFDDK 2 2,Q99ZW2,null,,false,Q99ZW2,null,,false,637,348,,4.390833,false,true,false,false,1,1,Self,0.028269,0.029806,0.126801,,,4.390833,,0,0,0,,0.026275,0.022517,,0
198,240,Scan: 686389 Run: DIA12_CV48:20251228_A2_N1_Mueller_MS_TechHub_IMP_THIDDIAXL003_Cas9_PhoX_DIA12_CV48_250ng_FAIMS_002 P1_SEETITPWNFEEVVDKGASAQSFIER P2_AILKDSNR 16 4,decoy:Q99ZW2,decoydecoy:null,decoy:,true,Q99ZW2,null,,false,1118,484,,4.390469,true,false,true,false,1,1,Self,0.02993,0.029505,0.127168,4.390469,,,,1,0,1,,0.02765,0.023622,,5
196,236,Scan: 522967 Run: DIA12_CV48:20251228_A2_N1_Mueller_MS_TechHub_IMP_THIDDIAXL003_Cas9_PhoX_DIA12_CV48_250ng_FAIMS_001 P1_VLPKHSLLYEYFTVYNELTK P2_ELGSQILKEHPVENTQLQNEK 4 8,Q99ZW2,null,,false,Q99ZW2,null,,false,797,510,,4.385645,false,true,false,false,1,1,Self,0.02993,0.030798,0.127907,,4.385645,,,0,0,0,,0.02765,0.023622,,0
194,233,Scan: 690201 Run: DIA12_CV48:20251228_A2_N1_Mueller_MS_TechHub_IMP_THIDDIAXL003_Cas9_PhoX_DIA12_CV48_250ng_FAIMS_002 P1_NSDKLIAR P2_MKNYWR 4 2,Q99ZW2,null,,false,Q99ZW2,null,,false,880,1118,,4.384824,false,true,false,false,1,1,Self,0.02993,0.030946,0.127907,4.384824,,,,0,0,0,,0.02765,0.023622,,0
193,232,Scan: 1390519 Run: DIA12_CV48:20251228_A2_N1_Mueller_MS_TechHub_IMP_THIDDIAXL003_Cas9_PhoX_DIA12_CV48_250ng_FAIMS_003 P1_YTSTKEVLDATLIHQSITGLYETR P2_KPLISER 5 1,decoy:Q99ZW2,decoydecoy:null,decoy:,true,Q99ZW2,null,,false,1108,1340,,4.38463,true,false,true,false,1,1,Self,0.030981,0.031002,0.127907,,,4.38463,,1,0,1,,0.028529,0.024328,,5
192,231,Scan: 868076 Run: DIA12_CV48:20251228_A2_N1_Mueller_MS_TechHub_IMP_THIDDIAXL003_Cas9_PhoX_DIA12_CV48_250ng_FAIMS_002 P1_QQLPEKYK P2_EIFFDQSKNGYAGYIDGGASQEEFYK 6 8,Q99ZW2,null,,false,Q99ZW2,null,,false,356,346,,4.384163,false,true,false,false,1,1,Self,0.030981,0.031068,0.12828,4.384163,,,,0,0,0,,0.028529,0.024328,,0
191,230,Scan: 825682 Run: DIA12_CV48:20251228_A2_N1_Mueller_MS_TechHub_IMP_THIDDIAXL003_Cas9_PhoX_DIA12_CV48_250ng_FAIMS_002 P1_SNFDLAEDAKLQLSK P2_GQKNSR 10 3,Q99ZW2,null,,false,Q99ZW2,null,,false,775,263,,4.383991,false,true,false,false,1,1,Self,0.030981,0.0311,0.12828,4.383991,,,,0,0,0,,0.028529,0.024328,,0
189,228,Scan: 547554 Run: DIA12_CV48:20251228_A2_N1_Mueller_MS_TechHub_IMP_THIDDIAXL003_Cas9_PhoX_DIA12_CV48_250ng_FAIMS_001 P1_GQKNSR P2_GKSDNVPSEEVVK 3 2,Q99ZW2,null,,false,Q99ZW2,null,,false,866,775,,4.383484,false,true,false,false,1,1,Self,0.030981,0.031195,0.12828,4.031667,4.383484,,,0,0,0,,0.028529,0.024328,,0
188,226,Scan: 1699397 Run: DIA12_CV48:20251228_A2_N1_Mueller_MS_TechHub_IMP_THIDDIAXL003_Cas9_PhoX_DIA12_CV48_250ng_FAIMS_003 P1_SKLVSDFR P2_HKPENIVIEMAR 2 2,Q99ZW2,null,,false,Q99ZW2,null,,false,755,961,,4.383033,false,true,false,false,1,1,Self,0.030981,0.031279,0.12828,,,4.383033,,0,0,0,,0.028529,0.024328,,0
187,225,Scan: 1121389 Run: DIA12_CV48:20251228_A2_N1_Mueller_MS_TechHub_IMP_THIDDIAXL003_Cas9_PhoX_DIA12_CV48_250ng_FAIMS_002 P1_ELGSQILKEHPVENTQLQNEK P2_DKQSGK 8 2,Q99ZW2,null,,false,Q99ZW2,null,,false,673,797,,4.38273,false,true,false,false,1,1,Self,0.030981,0.031335,0.128655,4.38273,,,,0,0,0,,0.028529,0.024328,,0
186,222,Scan: 544600 Run: DIA12_CV48:20251228_A2_N1_Mueller_MS_TechHub_IMP_THIDDIAXL003_Cas9_PhoX_DIA12_CV48_250ng_FAIMS_001 P1_KDWDPK P2_GKSDNVPSEEVVK 1 2,Q99ZW2,null,,false,Q99ZW2,null,,false,866,1124,,4.381838,false,true,false,false,1,1,Self,0.030981,0.031501,0.129032,,4.381838,,,0,0,0,,0.028529,0.024328,,0
185,221,Scan: 1767832 Run: DIA12_CV48:20251228_A2_N1_Mueller_MS_TechHub_IMP_THIDDIAXL003_Cas9_PhoX_DIA12_CV48_250ng_FAIMS_003 P1_QITKHVAQILDSR P2_DDSIDNKVLTR 4 7,Q99ZW2,null,,false,Q99ZW2,null,,false,855,929,,4.381718,false,true,false,false,1,1,Self,0.030981,0.031524,0.129032,,,4.381718,,0,0,0,,0.028529,0.024328,,0
184,220,Scan: 826656 Run: DIA12_CV48:20251228_A2_N1_Mueller_MS_TechHub_IMP_THIDDIAXL003_Cas9_PhoX_DIA12_CV48_250ng_FAIMS_002 P1_KPAFLSGEQK P2_KFKVLGNTDR 1 1,Q99ZW2,null,,false,Q99ZW2,null,,false,31,536,,4.381537,false,true,false,false,1,1,Self,0.030981,0.031558,0.129032,4.381537,,4.195144,,0,0,0,,0.028529,0.024328,,0
183,219,Scan: 1002124 Run: DIA12_CV48:20251228_A2_N1_Mueller_MS_TechHub_IMP_THIDDIAXL003_Cas9_PhoX_DIA12_CV48_250ng_FAIMS_002 P1_SDKNR P2_KAIVDLLFK 3 1,Q99ZW2,null,,false,Q99ZW2,null,,false,546,862,,4.381269,false,true,false,false,1,1,Self,0.030981,0.031607,0.129032,4.381269,,,,0,0,0,,0.028529,0.024328,,0
182,217,Scan: 536412 Run: DIA12_CV48:20251228_A2_N1_Mueller_MS_TechHub_IMP_THIDDIAXL003_Cas9_PhoX_DIA12_CV48_250ng_FAIMS_001 P1_IEKILTFR P2_EHPVENTQLQNEKLYLYYLQNGR 3 13,Q99ZW2,null,,false,Q99ZW2,null,,false,810,442,,4.379918,false,true,false,false,1,1,Self,0.030981,0.031859,0.129412,,4.379918,,,0,0,0,,0.028529,0.024328,,0
181,216,Scan: 804404 Run: DIA12_CV48:20251228_A2_N1_Mueller_MS_TechHub_IMP_THIDDIAXL003_Cas9_PhoX_DIA12_CV48_250ng_FAIMS_002 P1_NSDKLIAR P2_LVDSTDKADLR 4 7,Q99ZW2,null,,false,Q99ZW2,null,,false,148,1118,,4.379902,false,true,false,false,1,1,Self,0.030981,0.031862,0.129412,4.379902,,,,0,0,0,,0.028529,0.024328,,0
179,214,Scan: 1329646 Run: DIA12_CV48:20251228_A2_N1_Mueller_MS_TechHub_IMP_THIDDIAXL003_Cas9_PhoX_DIA12_CV48_250ng_FAIMS_003 P1_KDLIIK P2_GYKEVK 1 3,Q99ZW2,null,,false,Q99ZW2,null,,false,1188,1192,,4.378579,false,true,false,false,1,1,Self,0.030981,0.032109,0.129412,,4.052476,4.378579,,0,0,0,,0.028529,0.024328,,0
178,213,Scan: 1398345 Run: DIA12_CV48:20251228_A2_N1_Mueller_MS_TechHub_IMP_THIDDIAXL003_Cas9_PhoX_DIA12_CV48_250ng_FAIMS_003 P1_KLVDSTDK P2_KLVDSTDK 1 1,Q99ZW2,null,,false,Q99ZW2,null,,false,141,141,,4.377492,false,true,false,false,1,1,Self,0.030981,0.032311,0.129412,,,4.377492,,0,0,0,,0.028529,0.024328,,0
177,212,Scan: 1108925 Run: DIA12_CV48:20251228_A2_N1_Mueller_MS_TechHub_IMP_THIDDIAXL003_Cas9_PhoX_DIA12_CV48_250ng_FAIMS_002 P1_SNKQGR P2_FKVLGNTDR 3 2,Q99ZW2,null,,false,decoy:Q99ZW2,decoydecoy:null,decoy:,true,33,775,,4.376595,true,false,true,false,1,1,Self,0.032479,0.033083,0.129412,4.376595,,,,0,1,1,,0.029851,0.025478,,5
176,211,Scan: 814711 Run: DIA12_CV48:20251228_A2_N1_Mueller_MS_TechHub_IMP_THIDDIAXL003_Cas9_PhoX_DIA12_CV48_250ng_FAIMS_002 P1_KPAFLSGEQK P2_KNGLFGNLIALSLGLTPNFK 1 1,Q99ZW2,null,,false,Q99ZW2,null,,false,234,536,,4.375566,false,true,false,false,1,1,Self,0.032479,0.032962,0.129794,4.375566,,,,0,0,0,,0.029851,0.025478,,0
175,210,Scan: 438939 Run: DIA12_CV48:20251228_A2_N1_Mueller_MS_TechHub_IMP_THIDDIAXL003_Cas9_PhoX_DIA12_CV48_250ng_FAIMS_001 P1_QSGKTILDFLK P2_LPKYSLFELENGR 4 3,Q99ZW2,null,,false,Q99ZW2,null,,false,1200,677,,4.375249,false,true,false,false,1,1,Self,0.032479,0.033111,0.129794,,4.375249,,,0,0,0,,0.029851,0.025478,,0
174,209,Scan: 1607139 Run: DIA12_CV48:20251228_A2_N1_Mueller_MS_TechHub_IMP_THIDDIAXL003_Cas9_PhoX_DIA12_CV48_250ng_FAIMS_003 P1_QLKEDYFK P2_DKQSGK 3 2,Q99ZW2,null,,false,Q99ZW2,null,,false,673,565,,4.374711,false,true,false,false,1,1,Self,0.032479,0.033365,0.129794,,,4.374711,,0,0,0,,0.029851,0.025478,,0
173,208,Scan: 1329690 Run: DIA12_CV48:20251228_A2_N1_Mueller_MS_TechHub_IMP_THIDDIAXL003_Cas9_PhoX_DIA12_CV48_250ng_FAIMS_003 P1_KDLIIK P2_EVKKDLIIK 1 3,Q99ZW2,null,,false,Q99ZW2,null,,false,1191,1192,,4.374482,false,true,false,false,1,1,Self,0.032479,0.033472,0.129794,,,4.374482,,0,0,0,,0.029851,0.025478,,0
172,207,Scan: 1169332 Run: DIA12_CV48:20251228_A2_N1_Mueller_MS_TechHub_IMP_THIDDIAXL003_Cas9_PhoX_DIA12_CV48_250ng_FAIMS_002 P1_QITKHVAQILDSR P2_ENPLNKDFNTMK 4 6,decoy:Q99ZW2,decoydecoy:null,decoy:,true,Q99ZW2,null,,false,500,929,,4.373697,true,false,true,false,1,1,Self,0.033841,0.033402,0.130178,4.373697,,,,1,0,1,,0.030928,0.026382,,5
170,205,Scan: 856258 Run: DIA12_CV48:20251228_A2_N1_Mueller_MS_TechHub_IMP_THIDDIAXL003_Cas9_PhoX_DIA12_CV48_250ng_FAIMS_002 P1_YKEIFFDQSK P2_VKYVTEGMR 2 2,Q99ZW2,null,,false,Q99ZW2,null,,false,528,348,,4.372286,false,true,false,false,1,1,Self,0.033841,0.03419,0.130564,4.372286,,4.155614,,0,0,0,,0.030928,0.026382,,0
169,203,Scan: 353789 Run: DIA12_CV48:20251228_A2_N1_Mueller_MS_TechHub_IMP_THIDDIAXL003_Cas9_PhoX_DIA12_CV48_250ng_FAIMS_001 P1_MTNFDKNLPNEK P2_KDLIIK 6 1,Q99ZW2,null,,false,Q99ZW2,null,,false,1192,500,,4.371773,false,true,false,false,1,1,Self,0.033841,0.034316,0.130564,,4.371773,,,0,0,0,,0.030928,0.026382,,0
167,201,Scan: 213512 Run: DIA12_CV48:20251228_A2_N1_Mueller_MS_TechHub_IMP_THIDDIAXL003_Cas9_PhoX_DIA12_CV48_250ng_FAIMS_001 P1_NSDKLIAR P2_LENLIAQLPGEKK 4 12,Q99ZW2,null,,false,Q99ZW2,null,,false,233,1118,,4.369793,false,true,false,false,1,1,Self,0.033841,0.034806,0.130564,,4.369793,,,0,0,0,,0.030928,0.026382,,0
166,200,Scan: 297887 Run: DIA12_CV48:20251228_A2_N1_Mueller_MS_TechHub_IMP_THIDDIAXL003_Cas9_PhoX_DIA12_CV48_250ng_FAIMS_001 P1_KNLIGALLFDSGETAEATR P2_IEKILTFR 1 3,Q99ZW2,null,,false,Q99ZW2,null,,false,442,45,,4.369533,false,true,false,false,1,1,Self,0.033841,0.03487,0.130564,,4.369533,,,0,0,0,,0.030928,0.026382,,0
164,197,Scan: 1604917 Run: DIA12_CV48:20251228_A2_N1_Mueller_MS_TechHub_IMP_THIDDIAXL003_Cas9_PhoX_DIA12_CV48_250ng_FAIMS_003 P1_MNTKYDENDK P2_KVTVK 4 1,Q99ZW2,null,,false,Q99ZW2,null,,false,558,942,,4.367649,false,true,false,false,1,1,Self,0.033841,0.035335,0.131343,,,4.367649,,0,0,0,,0.030928,0.026382,,0
163,196,Scan: 351186 Run: DIA12_CV48:20251228_A2_N1_Mueller_MS_TechHub_IMP_THIDDIAXL003_Cas9_PhoX_DIA12_CV48_250ng_FAIMS_001 P1_SKLVSDFR P2_SEETITPWNFEEVVDKGASAQSFIER 2 16,Q99ZW2,null,,false,Q99ZW2,null,,false,484,961,,4.36762,false,true,false,false,1,1,Self,0.033841,0.035342,0.131343,,4.36762,,,0,0,0,,0.030928,0.026382,,0
162,195,Scan: 985260 Run: DIA12_CV48:20251228_A2_N1_Mueller_MS_TechHub_IMP_THIDDIAXL003_Cas9_PhoX_DIA12_CV48_250ng_FAIMS_002 P1_KPAFLSGEQK P2_GNQLYYLYLKENQLQTNEVPHER 1 10,decoy:Q99ZW2,decoydecoy:null,decoy:,true,Q99ZW2,null,,false,807,536,,4.367575,true,false,true,false,1,1,Self,0.035354,0.035989,0.131343,4.367575,,,,1,0,1,,0.032211,0.027397,,5
161,194,Scan: 364748 Run: DIA12_CV48:20251228_A2_N1_Mueller_MS_TechHub_IMP_THIDDIAXL003_Cas9_PhoX_DIA12_CV48_250ng_FAIMS_001 P1_VLPKHSLLYEYFTVYNELTK P2_QSGKTILDFLK 4 4,Q99ZW2,null,,false,Q99ZW2,null,,false,677,510,,4.367138,false,true,false,false,1,1,Self,0.035354,0.03562,0.131343,,4.367138,,,0,0,0,,0.032211,0.027397,,0
160,191,Scan: 715686 Run: DIA12_CV48:20251228_A2_N1_Mueller_MS_TechHub_IMP_THIDDIAXL003_Cas9_PhoX_DIA12_CV48_250ng_FAIMS_002 P1_SSFEKNPIDFLEAK P2_QLKEDYFK 5 3,Q99ZW2,null,,false,Q99ZW2,null,,false,565,1176,,4.366623,false,true,false,false,1,1,Self,0.035354,0.035934,0.131737,4.366623,,,,0,0,0,,0.032211,0.027397,,0
159,190,Scan: 275868 Run: DIA12_CV48:20251228_A2_N1_Mueller_MS_TechHub_IMP_THIDDIAXL003_Cas9_PhoX_DIA12_CV48_250ng_FAIMS_001 P1_KDLIIK P2_FIKPILEK 1 3,Q99ZW2,null,,false,Q99ZW2,null,,false,377,1192,,4.366087,false,true,false,false,1,1,Self,0.035354,0.036261,0.131737,,4.366087,,,0,0,0,,0.032211,0.027397,,0
157,187,Scan: 943157 Run: DIA12_CV48:20251228_A2_N1_Mueller_MS_TechHub_IMP_THIDDIAXL003_Cas9_PhoX_DIA12_CV48_250ng_FAIMS_002 P1_SEETITPWNFEEVVDKGASAQSFIER P2_ENPLNKDFNTMK 16 6,decoy:Q99ZW2,decoydecoy:null,decoy:,true,Q99ZW2,null,,false,500,484,,4.365119,true,false,true,false,1,1,Self,0.036851,0.03653,0.131737,4.365119,4.121082,,,1,0,1,,0.03343,0.028395,,5
156,186,Scan: 1737987 Run: DIA12_CV48:20251228_A2_N1_Mueller_MS_TechHub_IMP_THIDDIAXL003_Cas9_PhoX_DIA12_CV48_250ng_FAIMS_003 P1_KMIAK P2_GKSDNVPSEEVVK 1 2,Q99ZW2,null,,false,Q99ZW2,null,,false,866,1020,,4.365118,false,true,false,false,1,1,Self,0.036851,0.036851,0.131737,,,4.365118,,0,0,0,,0.03343,0.028395,,0
154,184,Scan: 1021637 Run: DIA12_CV48:20251228_A2_N1_Mueller_MS_TechHub_IMP_THIDDIAXL003_Cas9_PhoX_DIA12_CV48_250ng_FAIMS_002 P1_SKLVSDFR P2_LKTYAHLFDDK 2 2,Q99ZW2,null,,false,Q99ZW2,null,,false,637,961,,4.363323,false,true,false,false,1,1,Self,0.036851,0.037533,0.13253,4.363323,,,,0,0,0,,0.03343,0.028395,,0
152,181,Scan: 521406 Run: DIA12_CV48:20251228_A2_N1_Mueller_MS_TechHub_IMP_THIDDIAXL003_Cas9_PhoX_DIA12_CV48_250ng_FAIMS_001 P1_YTSTKEVLDATLIHQSITGLYETR P2_ELGSQILKEHPVENTQLQNEK 5 8,Q99ZW2,null,,false,Q99ZW2,null,,false,797,1340,,4.361989,false,true,false,false,1,1,Self,0.036851,0.038039,0.13253,,4.361989,,,0,0,0,,0.03343,0.028395,,0
151,179,Scan: 1024804 Run: DIA12_CV48:20251228_A2_N1_Mueller_MS_TechHub_IMP_THIDDIAXL003_Cas9_PhoX_DIA12_CV48_250ng_FAIMS_002 P1_KLINGIR P2_AILKDSNRR 1 4,decoy:Q99ZW2,decoydecoy:null,decoy:,true,Q99ZW2,null,,false,1117,665,,4.361883,true,false,true,false,1,1,Self,0.038079,0.037513,0.13253,4.361883,3.681351,,,1,0,1,,0.034433,0.029162,,5
149,177,Scan: 1356325 Run: DIA12_CV48:20251228_A2_N1_Mueller_MS_TechHub_IMP_THIDDIAXL003_Cas9_PhoX_DIA12_CV48_250ng_FAIMS_003 P1_LKGSPEDNEQK P2_LKGSPEDNEQK 2 2,Q99ZW2,null,,false,Q99ZW2,null,,false,1246,1246,,4.361566,false,true,false,false,1,1,Self,0.038079,0.038119,0.13253,,,4.361566,,0,0,0,,0.034433,0.029162,,0
148,176,Scan: 1217928 Run: DIA12_CV48:20251228_A2_N1_Mueller_MS_TechHub_IMP_THIDDIAXL003_Cas9_PhoX_DIA12_CV48_250ng_FAIMS_003 P1_QITKHVAQILDSR P2_KRPLIETNGETGEIVWDK 4 1,Q99ZW2,null,,false,Q99ZW2,null,,false,1059,929,,4.360844,false,true,false,false,1,1,Self,0.038079,0.038209,0.132931,,,4.360844,,0,0,0,,0.034433,0.029162,,0
147,173,Scan: 9326 Run: DIA12_CV48:20251228_A2_N1_Mueller_MS_TechHub_IMP_THIDDIAXL003_Cas9_PhoX_DIA12_CV48_250ng_FAIMS_001 P1_MIAKSEQEIGK P2_KPAFLSGEQK 4 1,Q99ZW2,null,,false,Q99ZW2,null,,false,536,1024,,4.359396,false,true,false,false,1,1,Self,0.038079,0.038389,0.133739,,4.359396,4.309908,,0,0,0,,0.034433,0.029162,,0
146,171,Scan: 848307 Run: DIA12_CV48:20251228_A2_N1_Mueller_MS_TechHub_IMP_THIDDIAXL003_Cas9_PhoX_DIA12_CV48_250ng_FAIMS_002 P1_YDEHHQDLTLLKALVR P2_KLINGIR 12 1,Q99ZW2,null,,false,Q99ZW2,null,,false,665,336,,4.358629,false,true,false,false,1,1,Self,0.038079,0.038485,0.133739,4.358629,,,,0,0,0,,0.034433,0.029162,,0
144,168,Scan: 22946 Run: DIA12_CV48:20251228_A2_N1_Mueller_MS_TechHub_IMP_THIDDIAXL003_Cas9_PhoX_DIA12_CV48_250ng_FAIMS_001 P1_KRPLIETNGETGEIVWDK P2_KLINGIR 1 1,Q99ZW2,null,,false,Q99ZW2,null,,false,665,1059,,4.356577,false,true,false,false,1,1,Self,0.038079,0.03874,0.134557,,4.356577,,,0,0,0,,0.034433,0.029162,,0
143,167,Scan: 374568 Run: DIA12_CV48:20251228_A2_N1_Mueller_MS_TechHub_IMP_THIDDIAXL003_Cas9_PhoX_DIA12_CV48_250ng_FAIMS_001 P1_VKYVTEGMR P2_GQKNSR 2 3,Q99ZW2,null,,false,Q99ZW2,null,,false,775,528,,4.35548,false,true,false,false,1,1,Self,0.038079,0.038877,0.134557,,4.35548,,,0,0,0,,0.034433,0.029162,,0
142,166,Scan: 731152 Run: DIA12_CV48:20251228_A2_N1_Mueller_MS_TechHub_IMP_THIDDIAXL003_Cas9_PhoX_DIA12_CV48_250ng_FAIMS_002 P1_NPIDFLEAKGYK P2_KDLIIK 9 1,Q99ZW2,null,,false,Q99ZW2,null,,false,1192,1185,,4.354991,false,true,false,false,1,1,Self,0.038079,0.038937,0.134557,4.354991,,,,0,0,0,,0.034433,0.029162,,0
141,165,Scan: 91328 Run: DIA12_CV48:20251228_A2_N1_Mueller_MS_TechHub_IMP_THIDDIAXL003_Cas9_PhoX_DIA12_CV48_250ng_FAIMS_001 P1_EDIQKAQVSGQGDSLHEHIANLAGSPAIK P2_AILKDSNR 5 4,decoy:Q99ZW2,decoydecoy:null,decoy:,true,Q99ZW2,null,,false,1118,710,,4.354801,true,false,true,false,1,1,Self,0.038961,0.03915,0.134969,4.021723,4.354801,,,1,0,1,,0.035211,0.029869,,5
140,164,Scan: 173963 Run: DIA12_CV48:20251228_A2_N1_Mueller_MS_TechHub_IMP_THIDDIAXL003_Cas9_PhoX_DIA12_CV48_250ng_FAIMS_001 P1_QLFVEQHKHYLDEIIEQISEFSK P2_KNLIGALLFDSGETAEATR 8 1,Q99ZW2,null,,false,Q99ZW2,null,,false,45,1263,,4.354692,false,true,false,false,1,1,Self,0.038961,0.038981,0.134969,,4.354692,,,0,0,0,,0.035211,0.029869,,0
139,163,Scan: 1236314 Run: DIA12_CV48:20251228_A2_N1_Mueller_MS_TechHub_IMP_THIDDIAXL003_Cas9_PhoX_DIA12_CV48_250ng_FAIMS_003 P1_KTEVQTGGFSK P2_KDFQFYK 1 1,Q99ZW2,null,,false,Q99ZW2,null,,false,968,1097,,4.354271,false,true,false,false,1,1,Self,0.038961,0.039057,0.134969,,,4.354271,,0,0,0,,0.035211,0.029869,,0
138,162,Scan: 430063 Run: DIA12_CV48:20251228_A2_N1_Mueller_MS_TechHub_IMP_THIDDIAXL003_Cas9_PhoX_DIA12_CV48_250ng_FAIMS_001 P1_KLINGIR P2_KAIVDLLFK 1 1,Q99ZW2,null,,false,Q99ZW2,null,,false,546,665,,4.353945,false,true,false,false,1,1,Self,0.038961,0.039115,0.134969,,4.353945,,,0,0,0,,0.035211,0.029869,,0
137,161,Scan: 350722 Run: DIA12_CV48:20251228_A2_N1_Mueller_MS_TechHub_IMP_THIDDIAXL003_Cas9_PhoX_DIA12_CV48_250ng_FAIMS_001 P1_SEETITPWNFEEVVDKGASAQSFIER P2_QLLNAKLITQR 16 6,Q99ZW2,null,,false,Q99ZW2,null,,false,890,484,,4.353226,false,true,false,false,1,1,Self,0.038961,0.039245,0.135385,,4.353226,,,0,0,0,,0.035211,0.029869,,0
136,160,Scan: 1781936 Run: DIA12_CV48:20251228_A2_N1_Mueller_MS_TechHub_IMP_THIDDIAXL003_Cas9_PhoX_DIA12_CV48_250ng_FAIMS_003 P1_SKLVSDFR P2_KDLIIK 2 1,Q99ZW2,null,,false,Q99ZW2,null,,false,1192,961,,4.352124,false,true,false,false,1,1,Self,0.038961,0.039444,0.135802,,,4.352124,,0,0,0,,0.035211,0.029869,,0
134,158,Scan: 825724 Run: DIA12_CV48:20251228_A2_N1_Mueller_MS_TechHub_IMP_THIDDIAXL003_Cas9_PhoX_DIA12_CV48_250ng_FAIMS_002 P1_SNFDLAEDAKLQLSK P2_ELGSQILKEHPVENTQLQNEK 10 8,Q99ZW2,null,,false,Q99ZW2,null,,false,797,263,,4.351983,false,true,false,false,1,1,Self,0.038961,0.039469,0.135802,4.351983,,,,0,0,0,,0.035211,0.029869,,0
133,157,Scan: 1677649 Run: DIA12_CV48:20251228_A2_N1_Mueller_MS_TechHub_IMP_THIDDIAXL003_Cas9_PhoX_DIA12_CV48_250ng_FAIMS_003 P1_KGILQTVK P2_FKVLGNTDR 1 2,Q99ZW2,null,,false,Q99ZW2,null,,false,33,735,,4.351643,false,true,false,false,1,1,Self,0.038961,0.03953,0.135802,4.309717,,4.351643,,0,0,0,,0.035211,0.029869,,0
132,156,Scan: 787876 Run: DIA12_CV48:20251228_A2_N1_Mueller_MS_TechHub_IMP_THIDDIAXL003_Cas9_PhoX_DIA12_CV48_250ng_FAIMS_002 P1_KLINGIR P2_HPIFGNIVDEVAYHEKYPTIYHLR 1 16,Q99ZW2,null,,false,Q99ZW2,null,,false,131,665,,4.351242,false,true,false,false,1,1,Self,0.038961,0.039603,0.136223,4.351242,,,,0,0,0,,0.035211,0.029869,,0
131,155,Scan: 512538 Run: DIA12_CV48:20251228_A2_N1_Mueller_MS_TechHub_IMP_THIDDIAXL003_Cas9_PhoX_DIA12_CV48_250ng_FAIMS_001 P1_KGILQTVK P2_GQKNSR 1 3,Q99ZW2,null,,false,Q99ZW2,null,,false,775,735,,4.351034,false,true,false,false,1,1,Self,0.038961,0.03964,0.136223,,4.351034,,,0,0,0,,0.035211,0.029869,,0
130,154,Scan: 224865 Run: DIA12_CV48:20251228_A2_N1_Mueller_MS_TechHub_IMP_THIDDIAXL003_Cas9_PhoX_DIA12_CV48_250ng_FAIMS_001 P1_SNFDLAEDAKLQLSK P2_ESILPKR 10 6,Q99ZW2,null,,false,Q99ZW2,null,,false,1113,263,,4.34952,false,true,false,false,1,1,Self,0.038961,0.039913,0.136223,,4.34952,,,0,0,0,,0.035211,0.029869,,0
129,153,Scan: 373401 Run: DIA12_CV48:20251228_A2_N1_Mueller_MS_TechHub_IMP_THIDDIAXL003_Cas9_PhoX_DIA12_CV48_250ng_FAIMS_001 P1_VKYVTEGMR P2_KKDWDPK 2 1,Q99ZW2,null,,false,Q99ZW2,null,,false,1123,528,,4.349352,false,true,false,false,1,1,Self,0.038961,0.039944,0.136223,,4.349352,,,0,0,0,,0.035211,0.029869,,0
128,151,Scan: 114334 Run: DIA12_CV48:20251228_A2_N1_Mueller_MS_TechHub_IMP_THIDDIAXL003_Cas9_PhoX_DIA12_CV48_250ng_FAIMS_001 P1_SSFEKNPIDFLEAK P2_LPKYSLFELENGR 5 3,Q99ZW2,null,,false,Q99ZW2,null,,false,1200,1176,,4.348653,false,true,false,false,1,1,Self,0.038961,0.04007,0.136646,,4.348653,,,0,0,0,,0.035211,0.029869,,0
127,150,Scan: 1516489 Run: DIA12_CV48:20251228_A2_N1_Mueller_MS_TechHub_IMP_THIDDIAXL003_Cas9_PhoX_DIA12_CV48_250ng_FAIMS_003 P1_IEKILTFR P2_EIFSQASAGKDVVEEFNWPTITEESR 3 10,decoy:Q99ZW2,decoydecoy:null,decoy:,true,Q99ZW2,null,,false,478,442,,4.348327,true,false,true,false,1,1,Self,0.040128,0.040454,0.136646,,4.022411,4.348327,,1,0,1,,0.036212,0.030769,,5
126,149,Scan: 276548 Run: DIA12_CV48:20251228_A2_N1_Mueller_MS_TechHub_IMP_THIDDIAXL003_Cas9_PhoX_DIA12_CV48_250ng_FAIMS_001 P1_SKLVSDFR P2_FIKPILEKMDGTEELLVK 2 3,Q99ZW2,null,,false,Q99ZW2,null,,false,377,961,,4.348056,false,true,false,false,1,1,Self,0.040128,0.040208,0.137072,,4.348056,,,0,0,0,,0.036212,0.030769,,0
125,148,Scan: 366127 Run: DIA12_CV48:20251228_A2_N1_Mueller_MS_TechHub_IMP_THIDDIAXL003_Cas9_PhoX_DIA12_CV48_250ng_FAIMS_001 P1_VLPKHSLLYEYFTVYNELTK P2_KDFQFYK 4 1,Q99ZW2,null,,false,Q99ZW2,null,,false,968,510,,4.347346,false,true,false,false,1,1,Self,0.040128,0.040416,0.1375,,4.347346,,,0,0,0,,0.036212,0.030769,,0
124,147,Scan: 1497103 Run: DIA12_CV48:20251228_A2_N1_Mueller_MS_TechHub_IMP_THIDDIAXL003_Cas9_PhoX_DIA12_CV48_250ng_FAIMS_003 P1_KSEETITPWNFEEVVDK P2_DLIIKLPK 1 5,Q99ZW2,null,,false,Q99ZW2,null,,false,1197,468,,4.346902,false,true,false,false,1,1,Self,0.040128,0.040546,0.1375,,,4.346902,,0,0,0,,0.036212,0.030769,,0
123,146,Scan: 288880 Run: DIA12_CV48:20251228_A2_N1_Mueller_MS_TechHub_IMP_THIDDIAXL003_Cas9_PhoX_DIA12_CV48_250ng_FAIMS_001 P1_SEETITPWNFEEVVDKGASAQSFIER P2_QEDFYPFLKDNR 16 9,Q99ZW2,null,,false,Q99ZW2,null,,false,434,484,,4.345277,false,true,false,false,1,1,Self,0.040128,0.041021,0.137931,,4.345277,,,0,0,0,,0.036212,0.030769,,0
122,145,Scan: 910665 Run: DIA12_CV48:20251228_A2_N1_Mueller_MS_TechHub_IMP_THIDDIAXL003_Cas9_PhoX_DIA12_CV48_250ng_FAIMS_002 P1_KSEETITPWNFEEVVDK P2_KFDNLTK 1 1,Q99ZW2,null,,false,Q99ZW2,null,,false,896,468,,4.345023,false,true,false,false,1,1,Self,0.040128,0.041096,0.137931,4.345023,,,,0,0,0,,0.036212,0.030769,,0
120,143,Scan: 621054 Run: DIA12_CV48:20251228_A2_N1_Mueller_MS_TechHub_IMP_THIDDIAXL003_Cas9_PhoX_DIA12_CV48_250ng_FAIMS_002 P1_SKLVSDFR P2_KRPLIETNGETGEIVWDK 2 1,Q99ZW2,null,,false,Q99ZW2,null,,false,1059,961,,4.344488,false,true,false,false,1,1,Self,0.040128,0.041252,0.138365,4.344488,,,,0,0,0,,0.036212,0.030769,,0
119,142,Scan: 872472 Run: DIA12_CV48:20251228_A2_N1_Mueller_MS_TechHub_IMP_THIDDIAXL003_Cas9_PhoX_DIA12_CV48_250ng_FAIMS_002 P1_SNFDLAEDAKLQLSK P2_NGYAGYIDGGASQEEFYKFIKPILEK 10 18,Q99ZW2,null,,false,Q99ZW2,null,,false,374,263,,4.343124,false,true,false,false,1,1,Self,0.040128,0.041652,0.138801,4.343124,,,,0,0,0,,0.036212,0.030769,,0
118,141,Scan: 242316 Run: DIA12_CV48:20251228_A2_N1_Mueller_MS_TechHub_IMP_THIDDIAXL003_Cas9_PhoX_DIA12_CV48_250ng_FAIMS_001 P1_LDAKDTSDVLR P2_FKVLGNTDR 4 2,Q99ZW2,null,,false,decoy:Q99ZW2,decoydecoy:null,decoy:,true,33,145,,4.343073,true,false,true,false,1,1,Self,0.041667,0.04251,0.138801,,4.343073,,,0,1,1,,0.037552,0.031915,,5
117,140,Scan: 1490835 Run: DIA12_CV48:20251228_A2_N1_Mueller_MS_TechHub_IMP_THIDDIAXL003_Cas9_PhoX_DIA12_CV48_250ng_FAIMS_003 P1_SSFEKNPIDFLEAK P2_KNLIGALLFDSGETAEATR 5 1,Q99ZW2,null,,false,Q99ZW2,null,,false,45,1176,,4.342707,false,true,false,false,1,1,Self,0.041667,0.042168,0.138801,,,4.342707,,0,0,0,,0.037552,0.031915,,0
116,139,Scan: 1756658 Run: DIA12_CV48:20251228_A2_N1_Mueller_MS_TechHub_IMP_THIDDIAXL003_Cas9_PhoX_DIA12_CV48_250ng_FAIMS_003 P1_KPAFLSGEQK P2_EAKTLNDFR 1 3,decoy:Q99ZW2,decoydecoy:null,decoy:,true,Q99ZW2,null,,false,899,536,,4.342156,true,false,true,false,1,1,Self,0.042925,0.042514,0.138801,,,4.342156,,1,0,1,,0.038621,0.032787,,5
115,138,Scan: 298815 Run: DIA12_CV48:20251228_A2_N1_Mueller_MS_TechHub_IMP_THIDDIAXL003_Cas9_PhoX_DIA12_CV48_250ng_FAIMS_001 P1_SKLVSDFR P2_KNLIGALLFDSGETAEATR 2 1,Q99ZW2,null,,false,Q99ZW2,null,,false,45,961,,4.341922,false,true,false,false,1,1,Self,0.042925,0.043094,0.139241,,4.341922,,,0,0,0,,0.038621,0.032787,,0
114,137,Scan: 1282338 Run: DIA12_CV48:20251228_A2_N1_Mueller_MS_TechHub_IMP_THIDDIAXL003_Cas9_PhoX_DIA12_CV48_250ng_FAIMS_003 P1_NSDKLIAR P2_FIKPILEK 4 3,Q99ZW2,null,,false,Q99ZW2,null,,false,377,1118,,4.341597,false,true,false,false,1,1,Self,0.042925,0.043327,0.139241,,,4.341597,,0,0,0,,0.038621,0.032787,,0
113,136,Scan: 1230136 Run: DIA12_CV48:20251228_A2_N1_Mueller_MS_TechHub_IMP_THIDDIAXL003_Cas9_PhoX_DIA12_CV48_250ng_FAIMS_003 P1_TEVQTGGFSKESILPK P2_KTEVQTGGFSK 10 1,Q99ZW2,null,,false,Q99ZW2,null,,false,1097,1107,,4.341502,false,true,false,false,1,1,Self,0.042925,0.043396,0.139241,,,4.341502,,0,0,0,,0.038621,0.032787,,0
112,133,Scan: 1167905 Run: DIA12_CV48:20251228_A2_N1_Mueller_MS_TechHub_IMP_THIDDIAXL003_Cas9_PhoX_DIA12_CV48_250ng_FAIMS_002 P1_QITKHVAQILDSR P2_KDLIIK 4 1,Q99ZW2,null,,false,Q99ZW2,null,,false,1192,929,,4.340665,false,true,false,false,1,1,Self,0.042925,0.043997,0.139683,4.340665,,,,0,0,0,,0.038621,0.032787,,0
111,132,Scan: 116212 Run: DIA12_CV48:20251228_A2_N1_Mueller_MS_TechHub_IMP_THIDDIAXL003_Cas9_PhoX_DIA12_CV48_250ng_FAIMS_001 P1_SSFEKNPIDFLEAK P2_RQEDFYPFLKDNR 5 10,Q99ZW2,null,,false,Q99ZW2,null,,false,434,1176,,4.340406,false,true,false,false,1,1,Self,0.042925,0.044184,0.139683,,4.340406,,,0,0,0,,0.038621,0.032787,,0
109,130,Scan: 1110329 Run: DIA12_CV48:20251228_A2_N1_Mueller_MS_TechHub_IMP_THIDDIAXL003_Cas9_PhoX_DIA12_CV48_250ng_FAIMS_002 P1_SNKQGR P2_QLLNAKLITQR 3 6,Q99ZW2,null,,false,decoy:Q99ZW2,decoydecoy:null,decoy:,true,890,775,,4.340142,true,false,true,false,1,1,Self,0.044374,0.044054,0.139683,4.340142,,,,0,1,1,,0.039835,0.033839,,5
108,129,Scan: 541864 Run: DIA12_CV48:20251228_A2_N1_Mueller_MS_TechHub_IMP_THIDDIAXL003_Cas9_PhoX_DIA12_CV48_250ng_FAIMS_001 P1_ELGSQILKEHPVENTQLQNEK P2_DDSIDNKVLTR 8 7,Q99ZW2,null,,false,Q99ZW2,null,,false,855,797,,4.338881,false,true,false,false,1,1,Self,0.044374,0.044934,0.140127,,4.338881,,,0,0,0,,0.039835,0.033839,,0
107,128,Scan: 1045340 Run: DIA12_CV48:20251228_A2_N1_Mueller_MS_TechHub_IMP_THIDDIAXL003_Cas9_PhoX_DIA12_CV48_250ng_FAIMS_002 P1_TILDFLKSDGFANR P2_ELGSQILKEHPVENTQLQNEK 7 8,Q99ZW2,null,,false,Q99ZW2,null,,false,797,684,,4.338591,false,true,false,false,1,1,Self,0.044374,0.045063,0.140127,4.338591,,,,0,0,0,,0.039835,0.033839,,0
105,126,Scan: 915002 Run: DIA12_CV48:20251228_A2_N1_Mueller_MS_TechHub_IMP_THIDDIAXL003_Cas9_PhoX_DIA12_CV48_250ng_FAIMS_002 P1_VLPKHSLLYEYFTVYNELTK P2_EIFSQASAGKDVVEEFNWPTITEESKR 4 10,decoy:Q99ZW2,decoydecoy:null,decoy:,true,Q99ZW2,null,,false,477,510,,4.337388,true,false,true,false,1,1,Self,0.045597,0.045572,0.141026,4.337388,,,,1,0,1,,0.040928,0.034762,,5
104,125,Scan: 1201847 Run: DIA12_CV48:20251228_A2_N1_Mueller_MS_TechHub_IMP_THIDDIAXL003_Cas9_PhoX_DIA12_CV48_250ng_FAIMS_003 P1_LESEFVYGDYKVYDVR P2_GKSDNVPSEEVVK 11 2,Q99ZW2,null,,false,Q99ZW2,null,,false,866,1014,,4.336709,false,true,false,false,1,1,Self,0.045597,0.045887,0.141026,,,4.336709,,0,0,0,,0.040928,0.034762,,0
103,124,Scan: 1371998 Run: DIA12_CV48:20251228_A2_N1_Mueller_MS_TechHub_IMP_THIDDIAXL003_Cas9_PhoX_DIA12_CV48_250ng_FAIMS_003 P1_KLINGIR P2_HYLDEIIEQISEFSKR 1 15,Q99ZW2,null,,false,Q99ZW2,null,,false,1278,665,,4.33649,false,true,false,false,1,1,Self,0.045597,0.045981,0.141935,,,4.33649,,0,0,0,,0.040928,0.034762,,0
102,122,Scan: 1783390 Run: DIA12_CV48:20251228_A2_N1_Mueller_MS_TechHub_IMP_THIDDIAXL003_Cas9_PhoX_DIA12_CV48_250ng_FAIMS_003 P1_SKLVSDFRK P2_ENQTTQKGQK 2 7,Q99ZW2,null,,false,Q99ZW2,null,,false,772,961,,4.335621,false,true,false,false,1,1,Self,0.045597,0.046352,0.142395,,,4.335621,,0,0,0,,0.040928,0.034762,,0
101,121,Scan: 1185150 Run: DIA12_CV48:20251228_A2_N1_Mueller_MS_TechHub_IMP_THIDDIAXL003_Cas9_PhoX_DIA12_CV48_250ng_FAIMS_002 P1_SKLVSDFR P2_DKPIR 2 2,Q99ZW2,null,,false,Q99ZW2,null,,false,1300,961,,4.334852,false,true,false,false,1,1,Self,0.045597,0.04668,0.142395,4.334852,,,,0,0,0,,0.040928,0.034762,,0
100,120,Scan: 1696548 Run: DIA12_CV48:20251228_A2_N1_Mueller_MS_TechHub_IMP_THIDDIAXL003_Cas9_PhoX_DIA12_CV48_250ng_FAIMS_003 P1_YKEIFFDQSK P2_VVDELVKVMGR 2 7,Q99ZW2,null,,false,Q99ZW2,null,,false,749,348,,4.334706,false,true,false,false,1,1,Self,0.045597,0.046742,0.142395,,,4.334706,,0,0,0,,0.040928,0.034762,,0
99,119,Scan: 1690051 Run: DIA12_CV48:20251228_A2_N1_Mueller_MS_TechHub_IMP_THIDDIAXL003_Cas9_PhoX_DIA12_CV48_250ng_FAIMS_003 P1_VLEDVVKVTQLIGK P2_EDIQKAQVSGQGDSLHEHIANLAGSPAIK 7 5,Q99ZW2,null,,false,decoy:Q99ZW2,decoydecoy:null,decoy:,true,710,742,,4.334223,true,false,true,false,1,1,Self,0.046948,0.047085,0.142395,,,4.334223,,0,1,1,,0.04212,0.035755,,5
98,118,Scan: 1447333 Run: DIA12_CV48:20251228_A2_N1_Mueller_MS_TechHub_IMP_THIDDIAXL003_Cas9_PhoX_DIA12_CV48_250ng_FAIMS_003 P1_YKEIFFDQSK P2_QQLPEKYKEIFFDQSK 2 6,Q99ZW2,null,,false,Q99ZW2,null,,false,346,348,,4.333644,false,true,false,false,1,1,Self,0.046948,0.047248,0.142395,3.983617,,4.333644,,0,0,0,,0.04212,0.035755,,0
97,117,Scan: 456006 Run: DIA12_CV48:20251228_A2_N1_Mueller_MS_TechHub_IMP_THIDDIAXL003_Cas9_PhoX_DIA12_CV48_250ng_FAIMS_001 P1_YKEIFFDQSK P2_EDIQKAQVSGQGDSLHEHIANLAGSPAIK 2 5,Q99ZW2,null,,false,Q99ZW2,null,,false,710,348,,4.332945,false,true,false,false,1,1,Self,0.046948,0.047609,0.143791,,4.332945,,,0,0,0,,0.04212,0.035755,,0
96,116,Scan: 1142020 Run: DIA12_CV48:20251228_A2_N1_Mueller_MS_TechHub_IMP_THIDDIAXL003_Cas9_PhoX_DIA12_CV48_250ng_FAIMS_002 P1_GKSDNVPSEEVVK P2_DKPIR 2 2,Q99ZW2,null,,false,Q99ZW2,null,,false,1300,866,,4.332633,false,true,false,false,1,1,Self,0.046948,0.047771,0.143791,4.332633,,,,0,0,0,,0.04212,0.035755,,0
95,114,Scan: 407575 Run: DIA12_CV48:20251228_A2_N1_Mueller_MS_TechHub_IMP_THIDDIAXL003_Cas9_PhoX_DIA12_CV48_250ng_FAIMS_001 P1_KPAFLSGEQK P2_FLLDVIAKK 1 8,decoy:Q99ZW2,decoydecoy:null,decoy:,true,Q99ZW2,null,,false,553,536,,4.331344,true,false,true,false,1,1,Self,0.048438,0.048948,0.144262,,4.331344,3.345177,,1,0,1,,0.043419,0.036866,,5
94,113,Scan: 1191055 Run: DIA12_CV48:20251228_A2_N1_Mueller_MS_TechHub_IMP_THIDDIAXL003_Cas9_PhoX_DIA12_CV48_250ng_FAIMS_002 P1_KLINGIR P2_KDFQFYK 1 1,Q99ZW2,null,,false,Q99ZW2,null,,false,968,665,,4.331275,false,true,false,false,1,1,Self,0.048438,0.048532,0.144262,4.331275,,,,0,0,0,,0.043419,0.036866,,0
93,112,Scan: 229424 Run: DIA12_CV48:20251228_A2_N1_Mueller_MS_TechHub_IMP_THIDDIAXL003_Cas9_PhoX_DIA12_CV48_250ng_FAIMS_001 P1_KFKVLGNTDR P2_EIFSQASAGKDVVEEFNWPTITEESR 1 10,decoy:Q99ZW2,decoydecoy:null,decoy:,true,Q99ZW2,null,,false,478,31,,4.330585,true,false,true,false,1,1,Self,0.049475,0.048782,0.144737,,4.330585,3.577803,,1,0,1,,0.044444,0.037801,,5
92,111,Scan: 1438550 Run: DIA12_CV48:20251228_A2_N1_Mueller_MS_TechHub_IMP_THIDDIAXL003_Cas9_PhoX_DIA12_CV48_250ng_FAIMS_003 P1_KVTVK P2_FKVLGNTDR 1 2,Q99ZW2,null,,false,Q99ZW2,null,,false,33,558,,4.330569,false,true,false,false,1,1,Self,0.049475,0.049475,0.145215,,,4.330569,,0,0,0,,0.044444,0.037801,,0
91,110,Scan: 494342 Run: DIA12_CV48:20251228_A2_N1_Mueller_MS_TechHub_IMP_THIDDIAXL003_Cas9_PhoX_DIA12_CV48_250ng_FAIMS_001 P1_LKTYAHLFDDK P2_GILQTVKVVDELVK 2 7,Q99ZW2,null,,false,Q99ZW2,null,,false,742,637,,4.33053,false,true,false,false,1,1,Self,0.049475,0.049475,0.145215,,4.33053,,,0,0,0,,0.044444,0.037801,,0
90,109,Scan: 204586 Run: DIA12_CV48:20251228_A2_N1_Mueller_MS_TechHub_IMP_THIDDIAXL003_Cas9_PhoX_DIA12_CV48_250ng_FAIMS_001 P1_KLVDSTDK P2_KGILQTVK 1 1,Q99ZW2,null,,false,Q99ZW2,null,,false,735,141,,4.330137,false,true,false,false,1,1,Self,0.049475,0.049475,0.145695,,4.330137,,,0,0,0,,0.044444,0.037801,,0
89,108,Scan: 1157649 Run: DIA12_CV48:20251228_A2_N1_Mueller_MS_TechHub_IMP_THIDDIAXL003_Cas9_PhoX_DIA12_CV48_250ng_FAIMS_002 P1_KTEVQTGGFSK P2_KFDNLTKAER 1 1,Q99ZW2,null,,false,Q99ZW2,null,,false,896,1097,,4.329667,false,true,false,false,1,1,Self,0.049475,0.049475,0.145695,4.329667,,,,0,0,0,,0.044444,0.037801,,0
88,107,Scan: 253766 Run: DIA12_CV48:20251228_A2_N1_Mueller_MS_TechHub_IMP_THIDDIAXL003_Cas9_PhoX_DIA12_CV48_250ng_FAIMS_001 P1_YKEIFFDQSK P2_KVLSMPQVNIVK 2 1,Q99ZW2,null,,false,Q99ZW2,null,,false,1085,348,,4.329526,false,true,false,false,1,1,Self,0.049475,0.049475,0.145695,,4.329526,4.284873,,0,0,0,,0.044444,0.037801,,0
87,106,Scan: 1706977 Run: DIA12_CV48:20251228_A2_N1_Mueller_MS_TechHub_IMP_THIDDIAXL003_Cas9_PhoX_DIA12_CV48_250ng_FAIMS_003 P1_SNKQGR P2_DDSIDNKVLTR 3 7,Q99ZW2,null,,false,decoy:Q99ZW2,decoydecoy:null,decoy:,true,855,775,,4.329059,true,false,true,false,1,1,Self,0.049475,0.049628,0.145695,4.0002,,4.329059,,0,1,1,,0.044444,0.038331,,5
86,105,Scan: 1143675 Run: DIA12_CV48:20251228_A2_N1_Mueller_MS_TechHub_IMP_THIDDIAXL003_Cas9_PhoX_DIA12_CV48_250ng_FAIMS_002 P1_QLKEDYFK P2_GKSDNVPSEEVVK 3 2,Q99ZW2,null,,false,Q99ZW2,null,,false,866,565,,4.328609,false,true,false,false,1,1,Self,0.049475,0.049525,0.146179,4.328609,,,,0,0,0,,0.044444,0.038331,,0
85,104,Scan: 742152 Run: DIA12_CV48:20251228_A2_N1_Mueller_MS_TechHub_IMP_THIDDIAXL003_Cas9_PhoX_DIA12_CV48_250ng_FAIMS_002 P1_LPKYSLFELENGR P2_LKGSPEDNEQK 3 2,Q99ZW2,null,,false,Q99ZW2,null,,false,1246,1200,,4.327496,false,true,false,false,1,1,Self,0.049475,0.049649,0.146667,4.327496,,,,0,0,0,,0.044444,0.038331,,0
84,102,Scan: 573941 Run: DIA12_CV48:20251228_A2_N1_Mueller_MS_TechHub_IMP_THIDDIAXL003_Cas9_PhoX_DIA12_CV48_250ng_FAIMS_001 P1_QLLNAKLITQR P2_QITKHVAQILDSR 6 4,Q99ZW2,null,,false,Q99ZW2,null,,false,929,890,,4.326847,false,true,false,false,1,1,Self,0.049475,0.049721,0.147157,,4.326847,,,0,0,0,,0.044444,0.038331,,0
83,101,Scan: 588125 Run: DIA12_CV48:20251228_A2_N1_Mueller_MS_TechHub_IMP_THIDDIAXL003_Cas9_PhoX_DIA12_CV48_250ng_FAIMS_001 P1_SKLVSDFR P2_LSKSR 2 3,Q99ZW2,null,,false,Q99ZW2,null,,false,218,961,,4.326433,false,true,false,false,1,1,Self,0.049475,0.049768,0.143813,,4.326433,,,0,0,0,,0.044444,0.038331,,0
82,99,Scan: 635917 Run: DIA12_CV48:20251228_A2_N1_Mueller_MS_TechHub_IMP_THIDDIAXL003_Cas9_PhoX_DIA12_CV48_250ng_FAIMS_002 P1_KTEVQTGGFSK P2_KNLIGALLFDSGETAEATR 1 1,Q99ZW2,null,,false,Q99ZW2,null,,false,45,1097,,4.325673,false,true,false,false,1,1,Self,0.049475,0.049852,0.144295,4.325673,4.10962,,,0,0,0,,0.044444,0.038331,,0
81,98,Scan: 1455585 Run: DIA12_CV48:20251228_A2_N1_Mueller_MS_TechHub_IMP_THIDDIAXL003_Cas9_PhoX_DIA12_CV48_250ng_FAIMS_003 P1_YKEIFFDQSK P2_AGFIKR 2 5,Q99ZW2,null,,false,Q99ZW2,null,,false,918,348,,4.32565,false,true,false,false,1,1,Self,0.049475,0.049855,0.144295,,,4.32565,,0,0,0,,0.044444,0.038331,,0
80,97,Scan: 1706702 Run: DIA12_CV48:20251228_A2_N1_Mueller_MS_TechHub_IMP_THIDDIAXL003_Cas9_PhoX_DIA12_CV48_250ng_FAIMS_003 P1_GQKNSR P2_DKQSGK 3 2,Q99ZW2,null,,false,Q99ZW2,null,,false,673,775,,4.325489,false,true,false,false,1,1,Self,0.049475,0.049873,0.144295,,3.878621,4.325489,,0,0,0,,0.044444,0.038331,,0
79,96,Scan: 444716 Run: DIA12_CV48:20251228_A2_N1_Mueller_MS_TechHub_IMP_THIDDIAXL003_Cas9_PhoX_DIA12_CV48_250ng_FAIMS_001 P1_TILDFLKSDGFANR P2_KNLIGALLFDSGETAEATR 7 1,Q99ZW2,null,,false,Q99ZW2,null,,false,45,684,,4.324831,false,true,false,false,1,1,Self,0.049475,0.049946,0.144295,,4.324831,,,0,0,0,,0.044444,0.038331,,0
78,95,Scan: 1451801 Run: DIA12_CV48:20251228_A2_N1_Mueller_MS_TechHub_IMP_THIDDIAXL003_Cas9_PhoX_DIA12_CV48_250ng_FAIMS_003 P1_YKEIFFDQSK P2_EIFFDQSKNGYAGYIDGGASQEEFYK 2 8,Q99ZW2,null,,false,Q99ZW2,null,,false,356,348,,4.324539,false,true,false,false,1,1,Self,0.049475,0.049978,0.144295,,,4.324539,,0,0,0,,0.044444,0.038331,,0
77,94,Scan: 983099 Run: DIA12_CV48:20251228_A2_N1_Mueller_MS_TechHub_IMP_THIDDIAXL003_Cas9_PhoX_DIA12_CV48_250ng_FAIMS_002 P1_VTVKQLK P2_KPAFLSGEQK 4 1,Q99ZW2,null,,false,Q99ZW2,null,,false,536,562,,4.324341,false,true,false,false,1,1,Self,0.049475,0.05,0.144295,4.324341,,,,0,0,0,,0.044444,0.038331,,0
76,93,Scan: 955499 Run: DIA12_CV48:20251228_A2_N1_Mueller_MS_TechHub_IMP_THIDDIAXL003_Cas9_PhoX_DIA12_CV48_250ng_FAIMS_002 P1_NFMQLIHDDSLTFKEDIQK P2_MTNFDKNLPNEK 14 6,Q99ZW2,null,,false,Q99ZW2,null,,false,500,705,,4.324071,false,true,false,false,1,1,Self,0.049475,0.05003,0.144295,4.324071,,,,0,0,0,,0.044444,0.038331,,0
75,92,Scan: 511884 Run: DIA12_CV48:20251228_A2_N1_Mueller_MS_TechHub_IMP_THIDDIAXL003_Cas9_PhoX_DIA12_CV48_250ng_FAIMS_001 P1_YKEIFFDQSK P2_GQKNSR 2 3,Q99ZW2,null,,false,Q99ZW2,null,,false,775,348,,4.323469,false,true,false,false,1,1,Self,0.049475,0.050097,0.144295,4.268766,4.323469,,,0,0,0,,0.044444,0.038331,,0
74,90,Scan: 702813 Run: DIA12_CV48:20251228_A2_N1_Mueller_MS_TechHub_IMP_THIDDIAXL003_Cas9_PhoX_DIA12_CV48_250ng_FAIMS_002 P1_YKEIFFDQSK P2_KYGGFDSPTVAYSVLVVAK 2 1,Q99ZW2,null,,false,Q99ZW2,null,,false,1130,348,,4.320903,false,true,false,false,1,1,Self,0.049475,0.050383,0.14527,4.320903,,,,0,0,0,,0.044444,0.03876,,0
73,89,Scan: 199131 Run: DIA12_CV48:20251228_A2_N1_Mueller_MS_TechHub_IMP_THIDDIAXL003_Cas9_PhoX_DIA12_CV48_250ng_FAIMS_001 P1_YTSTKEVLDATLIHQSITGLYETR P2_KLINGIR 5 1,Q99ZW2,null,,false,Q99ZW2,null,,false,665,1340,,4.320822,false,true,false,false,1,1,Self,0.049475,0.050392,0.14527,,4.320822,,,0,0,0,,0.044444,0.03876,,0
72,87,Scan: 410344 Run: DIA12_CV48:20251228_A2_N1_Mueller_MS_TechHub_IMP_THIDDIAXL003_Cas9_PhoX_DIA12_CV48_250ng_FAIMS_001 P1_KVTVK P2_KAIVDLLFK 1 1,Q99ZW2,null,,false,Q99ZW2,null,,false,546,558,,4.319994,false,true,false,false,1,1,Self,0.049475,0.050484,0.145763,,4.319994,4.281719,,0,0,0,,0.044444,0.03876,,0
71,86,Scan: 1086331 Run: DIA12_CV48:20251228_A2_N1_Mueller_MS_TechHub_IMP_THIDDIAXL003_Cas9_PhoX_DIA12_CV48_250ng_FAIMS_002 P1_GILQTVKVVDELVK P2_ESILPKR 7 6,Q99ZW2,null,,false,Q99ZW2,null,,false,1113,742,,4.319869,false,true,false,false,1,1,Self,0.049475,0.050498,0.145763,4.319869,,,,0,0,0,,0.044444,0.03876,,0
69,83,Scan: 754336 Run: DIA12_CV48:20251228_A2_N1_Mueller_MS_TechHub_IMP_THIDDIAXL003_Cas9_PhoX_DIA12_CV48_250ng_FAIMS_002 P1_SKLVSDFR P2_GNELALPSKYVNFLYLASHYEK 2 9,Q99ZW2,null,,false,Q99ZW2,null,,false,1231,961,,4.318481,false,true,false,false,1,1,Self,0.049475,0.050652,0.146758,4.318481,,,,0,0,0,,0.044444,0.03876,,0
68,81,Scan: 38011 Run: DIA12_CV48:20251228_A2_N1_Mueller_MS_TechHub_IMP_THIDDIAXL003_Cas9_PhoX_DIA12_CV48_250ng_FAIMS_001 P1_KTEVQTGGFSK P2_KLVDSTDK 1 1,Q99ZW2,null,,false,Q99ZW2,null,,false,141,1097,,4.318271,false,true,false,false,1,1,Self,0.049475,0.050676,0.146758,,4.318271,,,0,0,0,,0.044444,0.03876,,0
67,79,Scan: 612830 Run: DIA12_CV48:20251228_A2_N1_Mueller_MS_TechHub_IMP_THIDDIAXL003_Cas9_PhoX_DIA12_CV48_250ng_FAIMS_002 P1_SEQEIGKATAK P2_IEKILTFR 7 3,Q99ZW2,null,,false,Q99ZW2,null,,false,442,1031,,4.31715,false,true,false,false,1,1,Self,0.049475,0.050801,0.14726,4.31715,,,,0,0,0,,0.044444,0.03876,,0
66,77,Scan: 630458 Run: DIA12_CV48:20251228_A2_N1_Mueller_MS_TechHub_IMP_THIDDIAXL003_Cas9_PhoX_DIA12_CV48_250ng_FAIMS_002 P1_MNTKYDENDKLIR P2_KVLSMPQVNIVK 4 1,Q99ZW2,null,,false,Q99ZW2,null,,false,1085,942,,4.316828,false,true,false,false,1,1,Self,0.049475,0.050836,0.147766,4.316828,,,,0,0,0,,0.044444,0.03876,,0
65,76,Scan: 31271 Run: DIA12_CV48:20251228_A2_N1_Mueller_MS_TechHub_IMP_THIDDIAXL003_Cas9_PhoX_DIA12_CV48_250ng_FAIMS_001 P1_RPLIETNGETGEIVWDKGR P2_KFDNLTK 17 1,Q99ZW2,null,,false,Q99ZW2,null,,false,896,1076,,4.316769,false,true,false,false,1,1,Self,0.049475,0.050843,0.147766,,4.316769,,,0,0,0,,0.044444,0.03876,,0
64,75,Scan: 225595 Run: DIA12_CV48:20251228_A2_N1_Mueller_MS_TechHub_IMP_THIDDIAXL003_Cas9_PhoX_DIA12_CV48_250ng_FAIMS_001 P1_SNFDLAEDAKLQLSK P2_KKDWDPK 10 1,Q99ZW2,null,,false,Q99ZW2,null,,false,1123,263,,4.315997,false,true,false,false,1,1,Self,0.049475,0.050929,0.148789,,4.315997,,,0,0,0,,0.044444,0.03876,,0
63,74,Scan: 708428 Run: DIA12_CV48:20251228_A2_N1_Mueller_MS_TechHub_IMP_THIDDIAXL003_Cas9_PhoX_DIA12_CV48_250ng_FAIMS_002 P1_SSFEKNPIDFLEAK P2_KPLISER 5 1,decoy:Q99ZW2,decoydecoy:null,decoy:,true,Q99ZW2,null,,false,1108,1176,,4.315587,true,false,true,false,1,1,Self,0.050975,0.0524,0.148789,4.315587,,,,1,0,1,,0.045752,0.039867,,5
62,73,Scan: 743109 Run: DIA12_CV48:20251228_A2_N1_Mueller_MS_TechHub_IMP_THIDDIAXL003_Cas9_PhoX_DIA12_CV48_250ng_FAIMS_002 P1_LPKYSLFELENGR P2_EIFSQASAGKDVVEEFNWPTITEESR 3 10,decoy:Q99ZW2,decoydecoy:null,decoy:,true,Q99ZW2,null,,false,478,1200,,4.315246,true,false,true,false,1,1,Self,0.052474,0.051391,0.148789,4.315246,,,,1,0,1,,0.047059,0.040975,,5
61,72,Scan: 1557656 Run: DIA12_CV48:20251228_A2_N1_Mueller_MS_TechHub_IMP_THIDDIAXL003_Cas9_PhoX_DIA12_CV48_250ng_FAIMS_003 P1_VLPKHSLLYEYFTVYNELTK P2_EIFSQASAGKDVVEEFNWPTITEESR 4 10,decoy:Q99ZW2,decoydecoy:null,decoy:,true,Q99ZW2,null,,false,478,510,,4.313722,true,false,true,false,1,1,Self,0.053254,0.052921,0.148789,,,4.313722,,1,0,1,,0.04768,0.041439,,5
60,71,Scan: 1109268 Run: DIA12_CV48:20251228_A2_N1_Mueller_MS_TechHub_IMP_THIDDIAXL003_Cas9_PhoX_DIA12_CV48_250ng_FAIMS_002 P1_KSEETITPWNFEEVVDK P2_GQKNSR 1 3,Q99ZW2,null,,false,Q99ZW2,null,,false,775,468,,4.313377,false,true,false,false,1,1,Self,0.053254,0.05333,0.148789,4.313377,,4.187817,,0,0,0,,0.04768,0.041439,,0
59,69,Scan: 256298 Run: DIA12_CV48:20251228_A2_N1_Mueller_MS_TechHub_IMP_THIDDIAXL003_Cas9_PhoX_DIA12_CV48_250ng_FAIMS_001 P1_YKEIFFDQSK P2_KNGLFGNLIALSLGLTPNFK 2 1,Q99ZW2,null,,false,Q99ZW2,null,,false,234,348,,4.313267,false,true,false,false,1,1,Self,0.053254,0.053355,0.148789,,4.313267,,,0,0,0,,0.04768,0.041439,,0
58,68,Scan: 199321 Run: DIA12_CV48:20251228_A2_N1_Mueller_MS_TechHub_IMP_THIDDIAXL003_Cas9_PhoX_DIA12_CV48_250ng_FAIMS_001 P1_YTSTKEVLDATLIHQSITGLYETR P2_QSGKTILDFLK 5 4,Q99ZW2,null,,false,Q99ZW2,null,,false,677,1340,,4.312965,false,true,false,false,1,1,Self,0.053254,0.053421,0.148789,,4.312965,,,0,0,0,,0.04768,0.041439,,0
57,66,Scan: 163093 Run: DIA12_CV48:20251228_A2_N1_Mueller_MS_TechHub_IMP_THIDDIAXL003_Cas9_PhoX_DIA12_CV48_250ng_FAIMS_001 P1_LKGSPEDNEQK P2_KLINGIR 2 1,Q99ZW2,null,,false,Q99ZW2,null,,false,665,1246,,4.31251,false,true,false,false,1,1,Self,0.053254,0.053521,0.148789,,4.31251,,,0,0,0,,0.04768,0.041439,,0
56,65,Scan: 162574 Run: DIA12_CV48:20251228_A2_N1_Mueller_MS_TechHub_IMP_THIDDIAXL003_Cas9_PhoX_DIA12_CV48_250ng_FAIMS_001 P1_LSKSR P2_LKGSPEDNEQK 3 2,Q99ZW2,null,,false,Q99ZW2,null,,false,1246,218,,4.311167,false,true,false,false,1,1,Self,0.053254,0.053817,0.148789,,4.311167,,,0,0,0,,0.04768,0.041439,,0
53,61,Scan: 1606511 Run: DIA12_CV48:20251228_A2_N1_Mueller_MS_TechHub_IMP_THIDDIAXL003_Cas9_PhoX_DIA12_CV48_250ng_FAIMS_003 P1_QLKEDYFK P2_KVLSMPQVNIVK 3 1,Q99ZW2,null,,false,Q99ZW2,null,,false,1085,565,,4.310481,false,true,false,false,1,1,Self,0.053254,0.053967,0.149306,,,4.310481,,0,0,0,,0.04768,0.041439,,0
52,60,Scan: 1264793 Run: DIA12_CV48:20251228_A2_N1_Mueller_MS_TechHub_IMP_THIDDIAXL003_Cas9_PhoX_DIA12_CV48_250ng_FAIMS_003 P1_MTNFDKNLPNEK P2_KTEVQTGGFSKESILPK 6 11,Q99ZW2,null,,false,Q99ZW2,null,,false,1107,500,,4.310437,false,true,false,false,1,1,Self,0.053254,0.053977,0.149306,,,4.310437,,0,0,0,,0.04768,0.041439,,0
51,59,Scan: 502672 Run: DIA12_CV48:20251228_A2_N1_Mueller_MS_TechHub_IMP_THIDDIAXL003_Cas9_PhoX_DIA12_CV48_250ng_FAIMS_001 P1_VVDELVKVMGR P2_KSEETITPWNFEEVVDK 7 1,Q99ZW2,null,,false,Q99ZW2,null,,false,468,749,,4.310317,false,true,false,false,1,1,Self,0.053254,0.054003,0.149306,,4.310317,,,0,0,0,,0.04768,0.041439,,0
50,58,Scan: 1424969 Run: DIA12_CV48:20251228_A2_N1_Mueller_MS_TechHub_IMP_THIDDIAXL003_Cas9_PhoX_DIA12_CV48_250ng_FAIMS_003 P1_YKEIFFDQSK P2_VNTEITKAPLSASMIK 2 7,Q99ZW2,null,,false,Q99ZW2,null,,false,314,348,,4.310088,false,true,false,false,1,1,Self,0.053254,0.054054,0.149306,4.214459,,4.310088,,0,0,0,,0.04768,0.041439,,0
49,57,Scan: 93504 Run: DIA12_CV48:20251228_A2_N1_Mueller_MS_TechHub_IMP_THIDDIAXL003_Cas9_PhoX_DIA12_CV48_250ng_FAIMS_001 P1_KDFQFYK P2_AILKDSNR 1 4,decoy:Q99ZW2,decoydecoy:null,decoy:,true,Q99ZW2,null,,false,1118,968,,4.309186,true,false,true,false,1,1,Self,0.054252,0.054914,0.149826,,4.309186,,,1,0,1,,0.048531,0.042162,,5
48,56,Scan: 1335493 Run: DIA12_CV48:20251228_A2_N1_Mueller_MS_TechHub_IMP_THIDDIAXL003_Cas9_PhoX_DIA12_CV48_250ng_FAIMS_003 P1_EDIQKAQVSGQGDSLHEHIANLAGSPAIK P2_DLIIKLPK 5 5,Q99ZW2,null,,false,Q99ZW2,null,,false,1197,710,,4.309073,false,true,false,false,1,1,Self,0.054252,0.054332,0.149826,,3.634186,4.309073,,0,0,0,,0.048531,0.042162,,0
47,54,Scan: 115987 Run: DIA12_CV48:20251228_A2_N1_Mueller_MS_TechHub_IMP_THIDDIAXL003_Cas9_PhoX_DIA12_CV48_250ng_FAIMS_001 P1_SSFEKNPIDFLEAK P2_EIFFDQSKNGYAGYIDGGASQEEFYK 5 8,Q99ZW2,null,,false,Q99ZW2,null,,false,356,1176,,4.308748,false,true,false,false,1,1,Self,0.054252,0.05456,0.149826,,4.308748,,,0,0,0,,0.048531,0.042162,,0
46,53,Scan: 1157843 Run: DIA12_CV48:20251228_A2_N1_Mueller_MS_TechHub_IMP_THIDDIAXL003_Cas9_PhoX_DIA12_CV48_250ng_FAIMS_002 P1_KFDNLTK P2_KAIVDLLFK 1 1,Q99ZW2,null,,false,Q99ZW2,null,,false,546,896,,4.308694,false,true,false,false,1,1,Self,0.054252,0.054597,0.149826,4.308694,,,,0,0,0,,0.048531,0.042162,,0
44,51,Scan: 1768205 Run: DIA12_CV48:20251228_A2_N1_Mueller_MS_TechHub_IMP_THIDDIAXL003_Cas9_PhoX_DIA12_CV48_250ng_FAIMS_003 P1_QITKHVAQILDSR P2_KFDNLTK 4 1,Q99ZW2,null,,false,Q99ZW2,null,,false,896,929,,4.308117,false,true,false,false,1,1,Self,0.054252,0.055001,0.149826,,,4.308117,,0,0,0,,0.048531,0.042162,,0
43,50,Scan: 900702 Run: DIA12_CV48:20251228_A2_N1_Mueller_MS_TechHub_IMP_THIDDIAXL003_Cas9_PhoX_DIA12_CV48_250ng_FAIMS_002 P1_VILADANLDKVLSAYNK P2_KSEETITPWNFEEVVDK 10 1,Q99ZW2,null,,false,Q99ZW2,null,,false,468,1289,,4.3079,false,true,false,false,1,1,Self,0.054252,0.055154,0.149826,4.3079,,,,0,0,0,,0.048531,0.042162,,0
42,49,Scan: 448608 Run: DIA12_CV48:20251228_A2_N1_Mueller_MS_TechHub_IMP_THIDDIAXL003_Cas9_PhoX_DIA12_CV48_250ng_FAIMS_001 P1_TILDFLKSDGFANR P2_EHPVENTQLQNEKLYLYYLQNGR 7 13,Q99ZW2,null,,false,Q99ZW2,null,,false,810,684,,4.307632,false,true,false,false,1,1,Self,0.054252,0.055341,0.15035,,4.307632,,,0,0,0,,0.048531,0.042162,,0
41,48,Scan: 1485643 Run: DIA12_CV48:20251228_A2_N1_Mueller_MS_TechHub_IMP_THIDDIAXL003_Cas9_PhoX_DIA12_CV48_250ng_FAIMS_003 P1_FTLIKEIKER P2_FKVLGNTDR 5 2,Q99ZW2,null,,false,decoy:Q99ZW2,decoydecoy:null,decoy:,true,33,442,,4.30721,true,false,true,false,1,1,Self,0.055637,0.055244,0.15035,,,4.30721,,0,1,1,,0.049682,0.04315,,5
40,47,Scan: 1119834 Run: DIA12_CV48:20251228_A2_N1_Mueller_MS_TechHub_IMP_THIDDIAXL003_Cas9_PhoX_DIA12_CV48_250ng_FAIMS_002 P1_KNLIGALLFDSGETAEATR P2_ELGSQILKEHPVENTQLQNEK 1 8,Q99ZW2,null,,false,Q99ZW2,null,,false,797,45,,4.304056,false,true,false,false,1,1,Self,0.055637,0.056869,0.151408,4.304056,,,,0,0,0,,0.049682,0.04315,,0
38,45,Scan: 1519408 Run: DIA12_CV48:20251228_A2_N1_Mueller_MS_TechHub_IMP_THIDDIAXL003_Cas9_PhoX_DIA12_CV48_250ng_FAIMS_003 P1_SKLVSDFR P2_EIFSQASAGKDVVEEFNWPTITEESR 2 10,decoy:Q99ZW2,decoydecoy:null,decoy:,true,Q99ZW2,null,,false,478,961,,4.303675,true,false,true,false,1,1,Self,0.057018,0.057971,0.151408,,,4.303675,,1,0,1,,0.050891,0.044181,,5
37,44,Scan: 1156699 Run: DIA12_CV48:20251228_A2_N1_Mueller_MS_TechHub_IMP_THIDDIAXL003_Cas9_PhoX_DIA12_CV48_250ng_FAIMS_002 P1_QLLNAKLITQR P2_KGILQTVK 6 1,Q99ZW2,null,,false,Q99ZW2,null,,false,735,890,,4.303558,false,true,false,false,1,1,Self,0.057018,0.057312,0.151408,4.303558,,,,0,0,0,,0.050891,0.044181,,0
36,43,Scan: 690215 Run: DIA12_CV48:20251228_A2_N1_Mueller_MS_TechHub_IMP_THIDDIAXL003_Cas9_PhoX_DIA12_CV48_250ng_FAIMS_002 P1_MKNYWR P2_AILKDSNR 2 4,decoy:Q99ZW2,decoydecoy:null,decoy:,true,Q99ZW2,null,,false,1118,880,,4.303163,true,false,true,false,1,1,Self,0.058309,0.057521,0.151408,4.303163,,,,1,0,1,,0.05203,0.045016,,5
35,42,Scan: 792011 Run: DIA12_CV48:20251228_A2_N1_Mueller_MS_TechHub_IMP_THIDDIAXL003_Cas9_PhoX_DIA12_CV48_250ng_FAIMS_002 P1_KDWDPK P2_EQAENIIHLFTLTNLGAPAAFKYFDTTIDR 1 22,Q99ZW2,null,,false,Q99ZW2,null,,false,1325,1124,,4.30183,false,true,false,false,1,1,Self,0.058309,0.05916,0.151408,4.30183,,,,0,0,0,,0.05203,0.045016,,0
34,41,Scan: 1676622 Run: DIA12_CV48:20251228_A2_N1_Mueller_MS_TechHub_IMP_THIDDIAXL003_Cas9_PhoX_DIA12_CV48_250ng_FAIMS_003 P1_ELGSQILKEHPVENTQLQNEK P2_AQVSGQGDSLHEHIANLAGSPAIKK 8 24,Q99ZW2,null,,false,Q99ZW2,null,,false,734,797,,4.3016,false,true,false,false,1,1,Self,0.058309,0.059307,0.151408,,,4.3016,,0,0,0,,0.05203,0.045016,,0
33,37,Scan: 1706389 Run: DIA12_CV48:20251228_A2_N1_Mueller_MS_TechHub_IMP_THIDDIAXL003_Cas9_PhoX_DIA12_CV48_250ng_FAIMS_003 P1_SNKQGR P2_KSEETITPWNFEEVVDK 3 1,Q99ZW2,null,,false,decoy:Q99ZW2,decoydecoy:null,decoy:,true,468,775,,4.30088,true,false,true,false,1,1,Self,0.059767,0.060193,0.147887,4.009533,,4.30088,,0,1,1,,0.053299,0.046088,,5
32,36,Scan: 1720545 Run: DIA12_CV48:20251228_A2_N1_Mueller_MS_TechHub_IMP_THIDDIAXL003_Cas9_PhoX_DIA12_CV48_250ng_FAIMS_003 P1_WYNKMR P2_ELGSQILKEHPVENTQLQNEK 4 8,Q99ZW2,null,,false,decoy:Q99ZW2,decoydecoy:null,decoy:,true,797,882,,4.300592,true,false,true,false,1,1,Self,0.060432,0.059831,0.14841,,,4.300592,,0,1,1,,0.053885,0.04661,,5
31,35,Scan: 1779958 Run: DIA12_CV48:20251228_A2_N1_Mueller_MS_TechHub_IMP_THIDDIAXL003_Cas9_PhoX_DIA12_CV48_250ng_FAIMS_003 P1_YDENDKLIR P2_DKPIR 6 2,Q99ZW2,null,,false,Q99ZW2,null,,false,1300,948,,4.300558,false,true,false,false,1,1,Self,0.060432,0.060436,0.14841,,,4.300558,,0,0,0,,0.053885,0.04661,,0
30,34,Scan: 293582 Run: DIA12_CV48:20251228_A2_N1_Mueller_MS_TechHub_IMP_THIDDIAXL003_Cas9_PhoX_DIA12_CV48_250ng_FAIMS_001 P1_IEKILTFR P2_DKQSGK 3 2,Q99ZW2,null,,false,Q99ZW2,null,,false,673,442,,4.299848,false,true,false,false,1,1,Self,0.060432,0.060531,0.14841,4.224527,4.299848,,,0,0,0,,0.053885,0.04661,,0
29,33,Scan: 246404 Run: DIA12_CV48:20251228_A2_N1_Mueller_MS_TechHub_IMP_THIDDIAXL003_Cas9_PhoX_DIA12_CV48_250ng_FAIMS_001 P1_YDEHHQDLTLLKALVR P2_KRPLIETNGETGEIVWDK 12 1,Q99ZW2,null,,false,Q99ZW2,null,,false,1059,336,,4.299803,false,true,false,false,1,1,Self,0.060432,0.060537,0.14841,,4.299803,,,0,0,0,,0.053885,0.04661,,0
28,32,Scan: 414961 Run: DIA12_CV48:20251228_A2_N1_Mueller_MS_TechHub_IMP_THIDDIAXL003_Cas9_PhoX_DIA12_CV48_250ng_FAIMS_001 P1_KIECFDSVEISGVEDR P2_IEKILTFR 1 3,Q99ZW2,null,,false,Q99ZW2,null,,false,442,571,,4.299457,false,true,false,false,1,1,Self,0.060432,0.060584,0.14841,,4.299457,,,0,0,0,,0.053885,0.04661,,0
27,31,Scan: 98407 Run: DIA12_CV48:20251228_A2_N1_Mueller_MS_TechHub_IMP_THIDDIAXL003_Cas9_PhoX_DIA12_CV48_250ng_FAIMS_001 P1_KDWDPK P2_DKQSGK 1 2,Q99ZW2,null,,false,Q99ZW2,null,,false,673,1124,,4.299337,false,true,false,false,1,1,Self,0.060432,0.0606,0.14841,,4.299337,,,0,0,0,,0.053885,0.04661,,0
26,30,Scan: 900914 Run: DIA12_CV48:20251228_A2_N1_Mueller_MS_TechHub_IMP_THIDDIAXL003_Cas9_PhoX_DIA12_CV48_250ng_FAIMS_002 P1_KSEETITPWNFEEVVDK P2_KLVDSTDK 1 1,Q99ZW2,null,,false,Q99ZW2,null,,false,141,468,,4.29877,false,true,false,false,1,1,Self,0.060432,0.060676,0.14841,4.29877,,,,0,0,0,,0.053885,0.04661,,0
25,29,Scan: 1718657 Run: DIA12_CV48:20251228_A2_N1_Mueller_MS_TechHub_IMP_THIDDIAXL003_Cas9_PhoX_DIA12_CV48_250ng_FAIMS_003 P1_ELGSQILKEHPVENTQLQNEK P2_EDIQKAQVSGQGDSLHEHIANLAGSPAIK 8 5,Q99ZW2,null,,false,Q99ZW2,null,,false,710,797,,4.297691,false,true,false,false,1,1,Self,0.060432,0.06082,0.14841,,,4.297691,,0,0,0,,0.053885,0.04661,,0
23,27,Scan: 839557 Run: DIA12_CV48:20251228_A2_N1_Mueller_MS_TechHub_IMP_THIDDIAXL003_Cas9_PhoX_DIA12_CV48_250ng_FAIMS_002 P1_KFKVLGNTDR P2_FKVLGNTDR 1 2,Q99ZW2,null,,false,Q99ZW2,null,,false,33,31,,4.295222,false,true,false,false,1,1,Self,0.060432,0.061151,0.145907,4.295222,,,,0,0,0,,0.053885,0.04661,,0
22,26,Scan: 1765766 Run: DIA12_CV48:20251228_A2_N1_Mueller_MS_TechHub_IMP_THIDDIAXL003_Cas9_PhoX_DIA12_CV48_250ng_FAIMS_003 P1_QITKHVAQILDSR P2_FKVLGNTDR 4 2,Q99ZW2,null,,false,Q99ZW2,null,,false,33,929,,4.294956,false,true,false,false,1,1,Self,0.060432,0.061187,0.145907,,,4.294956,,0,0,0,,0.053885,0.04661,,0
21,24,Scan: 1045756 Run: DIA12_CV48:20251228_A2_N1_Mueller_MS_TechHub_IMP_THIDDIAXL003_Cas9_PhoX_DIA12_CV48_250ng_FAIMS_002 P1_NAFGDSKLFDLITR P2_EHPVENTQLQNEKLYLYYLQNGR 7 13,Q99ZW2,null,,false,decoy:Q99ZW2,decoydecoy:null,decoy:,true,810,684,,4.293805,true,false,true,false,1,1,Self,0.061341,0.061946,0.146429,4.293805,,,,0,1,1,,0.054726,0.047368,,5
20,23,Scan: 437166 Run: DIA12_CV48:20251228_A2_N1_Mueller_MS_TechHub_IMP_THIDDIAXL003_Cas9_PhoX_DIA12_CV48_250ng_FAIMS_001 P1_GSPEDNEQKQLFVEQHK P2_DKQSGK 9 2,Q99ZW2,null,,false,Q99ZW2,null,,false,673,1255,,4.293655,false,true,false,false,1,1,Self,0.061341,0.061411,0.146429,,4.293655,,,0,0,0,,0.054726,0.047368,,0
19,22,Scan: 620180 Run: DIA12_CV48:20251228_A2_N1_Mueller_MS_TechHub_IMP_THIDDIAXL003_Cas9_PhoX_DIA12_CV48_250ng_FAIMS_002 P1_QSGKTILDFLK P2_KRPLIETNGETGEIVWDK 4 1,Q99ZW2,null,,false,Q99ZW2,null,,false,1059,677,,4.293376,false,true,false,false,1,1,Self,0.061341,0.061542,0.146953,4.293376,,,,0,0,0,,0.054726,0.047368,,0
18,21,Scan: 413319 Run: DIA12_CV48:20251228_A2_N1_Mueller_MS_TechHub_IMP_THIDDIAXL003_Cas9_PhoX_DIA12_CV48_250ng_FAIMS_001 P1_QLKEDYFK P2_KDFQFYK 3 1,Q99ZW2,null,,false,Q99ZW2,null,,false,968,565,,4.293052,false,true,false,false,1,1,Self,0.061341,0.061693,0.146953,,4.293052,,,0,0,0,,0.054726,0.047368,,0
17,20,Scan: 163390 Run: DIA12_CV48:20251228_A2_N1_Mueller_MS_TechHub_IMP_THIDDIAXL003_Cas9_PhoX_DIA12_CV48_250ng_FAIMS_001 P1_LKGSPEDNEQK P2_KGILQTVK 2 1,Q99ZW2,null,,false,Q99ZW2,null,,false,735,1246,,4.292747,false,true,false,false,1,1,Self,0.061341,0.061836,0.147482,,4.292747,,,0,0,0,,0.054726,0.047368,,0
16,19,Scan: 361013 Run: DIA12_CV48:20251228_A2_N1_Mueller_MS_TechHub_IMP_THIDDIAXL003_Cas9_PhoX_DIA12_CV48_250ng_FAIMS_001 P1_VLPKHSLLYEYFTVYNELTK P2_KVLSMPQVNIVK 4 1,Q99ZW2,null,,false,Q99ZW2,null,,false,1085,510,,4.291754,false,true,false,false,1,1,Self,0.061341,0.0623,0.148014,,4.291754,,,0,0,0,,0.054726,0.047368,,0
15,18,Scan: 1092370 Run: DIA12_CV48:20251228_A2_N1_Mueller_MS_TechHub_IMP_THIDDIAXL003_Cas9_PhoX_DIA12_CV48_250ng_FAIMS_002 P1_QSGKTILDFLK P2_GILQTVKVVDELVK 4 7,Q99ZW2,null,,false,Q99ZW2,null,,false,742,677,,4.291506,false,true,false,false,1,1,Self,0.061341,0.062415,0.148014,4.291506,,,,0,0,0,,0.054726,0.047368,,0
14,17,Scan: 950436 Run: DIA12_CV48:20251228_A2_N1_Mueller_MS_TechHub_IMP_THIDDIAXL003_Cas9_PhoX_DIA12_CV48_250ng_FAIMS_002 P1_SSFEKNPIDFLEAK P2_ENPLNKDFNTMK 5 6,decoy:Q99ZW2,decoydecoy:null,decoy:,true,Q99ZW2,null,,false,500,1176,,4.291325,true,false,true,false,1,1,Self,0.0625,0.062676,0.148014,4.291325,,3.145451,,1,0,1,,0.055762,0.048218,,5
13,16,Scan: 986253 Run: DIA12_CV48:20251228_A2_N1_Mueller_MS_TechHub_IMP_THIDDIAXL003_Cas9_PhoX_DIA12_CV48_250ng_FAIMS_002 P1_KPAFLSGEQK P2_KFDNLTK 1 1,Q99ZW2,null,,false,Q99ZW2,null,,false,896,536,,4.290202,false,true,false,false,1,1,Self,0.0625,0.063213,0.148014,4.290202,,,,0,0,0,,0.055762,0.048218,,0
12,14,Scan: 1107186 Run: DIA12_CV48:20251228_A2_N1_Mueller_MS_TechHub_IMP_THIDDIAXL003_Cas9_PhoX_DIA12_CV48_250ng_FAIMS_002 P1_ENQTTQKGQK P2_ENQTTQKGQK 7 7,Q99ZW2,null,,false,Q99ZW2,null,,false,772,772,,4.289967,false,true,false,false,1,1,Self,0.0625,0.063363,0.148014,4.289967,,,,0,0,0,,0.055762,0.048218,,0
11,13,Scan: 1446294 Run: DIA12_CV48:20251228_A2_N1_Mueller_MS_TechHub_IMP_THIDDIAXL003_Cas9_PhoX_DIA12_CV48_250ng_FAIMS_003 P1_YDEHHQDLTLLKALVR P2_KFDNLTK 12 1,Q99ZW2,null,,false,Q99ZW2,null,,false,896,336,,4.289911,false,true,false,false,1,1,Self,0.0625,0.063398,0.148014,,,4.289911,,0,0,0,,0.055762,0.048218,,0
10,12,Scan: 543287 Run: DIA12_CV48:20251228_A2_N1_Mueller_MS_TechHub_IMP_THIDDIAXL003_Cas9_PhoX_DIA12_CV48_250ng_FAIMS_001 P1_NKDSR P2_DKPIR 2 2,Q99ZW2,null,,false,decoy:Q99ZW2,decoydecoy:null,decoy:,true,1300,861,,4.289516,true,false,true,false,1,1,Self,0.063649,0.063461,0.148014,,4.289516,,,0,1,1,,0.05672,0.049009,,5
9,11,Scan: 1011852 Run: DIA12_CV48:20251228_A2_N1_Mueller_MS_TechHub_IMP_THIDDIAXL003_Cas9_PhoX_DIA12_CV48_250ng_FAIMS_002 P1_KIECFDSVEISGVEDR P2_FKVLGNTDR 1 2,Q99ZW2,null,,false,Q99ZW2,null,,false,33,571,,4.289137,false,true,false,false,1,1,Self,0.063649,0.063818,0.148014,4.289137,,,,0,0,0,,0.05672,0.049009,,0
8,9,Scan: 1146435 Run: DIA12_CV48:20251228_A2_N1_Mueller_MS_TechHub_IMP_THIDDIAXL003_Cas9_PhoX_DIA12_CV48_250ng_FAIMS_002 P1_KDFQFYK P2_GKSDNVPSEEVVK 1 2,Q99ZW2,null,,false,Q99ZW2,null,,false,866,968,,4.289011,false,true,false,false,1,1,Self,0.063649,0.063874,0.148014,4.289011,,,,0,0,0,,0.05672,0.049009,,0
7,8,Scan: 156965 Run: DIA12_CV48:20251228_A2_N1_Mueller_MS_TechHub_IMP_THIDDIAXL003_Cas9_PhoX_DIA12_CV48_250ng_FAIMS_001 P1_GNELALPSKYVNFLYLASHYEK P2_GKSDNVPSEEVVK 9 2,Q99ZW2,null,,false,Q99ZW2,null,,false,866,1231,,4.289004,false,true,false,false,1,1,Self,0.063649,0.063877,0.148014,,4.289004,,,0,0,0,,0.05672,0.049009,,0
5,6,Scan: 712241 Run: DIA12_CV48:20251228_A2_N1_Mueller_MS_TechHub_IMP_THIDDIAXL003_Cas9_PhoX_DIA12_CV48_250ng_FAIMS_002 P1_SSFEKNPIDFLEAK P2_SKSLR 5 2,decoy:Q99ZW2,decoydecoy:null,decoy:,true,Q99ZW2,null,,false,217,1176,,4.28736,true,false,true,false,1,1,Self,0.064607,0.064134,0.148551,4.28736,,,,1,0,1,,0.057598,0.049741,,5
4,5,Scan: 695754 Run: DIA12_CV48:20251228_A2_N1_Mueller_MS_TechHub_IMP_THIDDIAXL003_Cas9_PhoX_DIA12_CV48_250ng_FAIMS_002 P1_KDWDPKK P2_GQKNSR 1 3,Q99ZW2,null,,false,Q99ZW2,null,,false,775,1124,,4.28619,false,true,false,false,1,1,Self,0.064607,0.064607,0.148551,4.28619,,,,0,0,0,,0.057598,0.049741,,0
3,4,Scan: 1184130 Run: DIA12_CV48:20251228_A2_N1_Mueller_MS_TechHub_IMP_THIDDIAXL003_Cas9_PhoX_DIA12_CV48_250ng_FAIMS_002 P1_YDENDKLIR P2_EVKVITLK 6 3,Q99ZW2,null,,false,Q99ZW2,null,,false,954,948,,4.285509,false,true,false,false,1,1,Self,0.064607,0.064607,0.148551,4.285509,,3.617688,,0,0,0,,0.057598,0.049741,,0
2,3,Scan: 1782956 Run: DIA12_CV48:20251228_A2_N1_Mueller_MS_TechHub_IMP_THIDDIAXL003_Cas9_PhoX_DIA12_CV48_250ng_FAIMS_003 P1_SKLVSDFR P2_QSGKTILDFLK 2 4,Q99ZW2,null,,false,Q99ZW2,null,,false,677,961,,4.285493,false,true,false,false,1,1,Self,0.064607,0.064607,0.148551,,,4.285493,,0,0,0,,0.057598,0.049741,,0
1,2,Scan: 437363 Run: DIA12_CV48:20251228_A2_N1_Mueller_MS_TechHub_IMP_THIDDIAXL003_Cas9_PhoX_DIA12_CV48_250ng_FAIMS_001 P1_SEETITPWNFEEVVDKGASAQSFIER P2_DKQSGK 16 2,Q99ZW2,null,,false,Q99ZW2,null,,false,673,484,,4.285414,false,true,false,false,1,1,Self,0.064607,0.064607,0.148551,,4.285414,,,0,0,0,,0.057598,0.049741,,0
0,1,Scan: 504590 Run: DIA12_CV48:20251228_A2_N1_Mueller_MS_TechHub_IMP_THIDDIAXL003_Cas9_PhoX_DIA12_CV48_250ng_FAIMS_001 P1_KPAFLSGEQK P2_HKPENIVIEMAR 1 2,Q99ZW2,null,,false,Q99ZW2,null,,false,755,536,,4.285262,false,true,false,false,1,1,Self,0.064607,0.064607,0.148551,,4.285262,,,0,0,0,,0.057598,0.049741,,0
