[PSMID, RunName, ScanNumber, PeakListFileName, ScanId, Protein1, Name1, Description1, Decoy 1, Protein2, Name2, Description2, Decoy 2, PepSeq1, PepSeq2, PepPos1, PepPos2, LinkPos1, LinkPos2, ProteinSite1, ProteinSite2, Crosslinker, CrosslinkerModMass, Charge, ExpMz, CalcMz, Score, DIA12_CV486075:20251228_A2_N1_Mueller_MS_TechHub_IMP_THIDDIAXL003_Cas9_PhoX_DIA12_CV486075_250ng_FAIMS_003, DIA12_CV486075:20251228_A2_N1_Mueller_MS_TechHub_IMP_THIDDIAXL003_Cas9_PhoX_DIA12_CV486075_250ng_FAIMS_002, DIA12_CV486075:20251228_A2_N1_Mueller_MS_TechHub_IMP_THIDDIAXL003_Cas9_PhoX_DIA12_CV486075_250ng_FAIMS_001]
Scan: 899045 Run: DIA12_CV486075:20251228_A2_N1_Mueller_MS_TechHub_IMP_THIDDIAXL003_Cas9_PhoX_DIA12_CV486075_250ng_FAIMS_002 P1_SSFEKNPIDFLEAK P2_KSEETITPWNFEEVVDK 5 1,DIA12_CV486075:20251228_A2_N1_Mueller_MS_TechHub_IMP_THIDDIAXL003_Cas9_PhoX_DIA12_CV486075_250ng_FAIMS_002,899045,,,Q99ZW2,,,false,Q99ZW2,Q99ZW2,,false,KSEETITPWNFEEVVDK,SSFEKNPIDFLEAK,468,1172,1,5,468,1176,,-1,4,0,1.007276,12.03839
Scan: 1541806 Run: DIA12_CV486075:20251228_A2_N1_Mueller_MS_TechHub_IMP_THIDDIAXL003_Cas9_PhoX_DIA12_CV486075_250ng_FAIMS_003 P1_VLPKHSLLYEYFTVYNELTK P2_KSEETITPWNFEEVVDKGASAQSFIER 4 17,DIA12_CV486075:20251228_A2_N1_Mueller_MS_TechHub_IMP_THIDDIAXL003_Cas9_PhoX_DIA12_CV486075_250ng_FAIMS_003,1541806,,,Q99ZW2,,,false,Q99ZW2,Q99ZW2,,false,KSEETITPWNFEEVVDKGASAQSFIER,VLPKHSLLYEYFTVYNELTK,468,507,17,4,484,510,,-1,5,0,1.007276,12.016917
Scan: 903559 Run: DIA12_CV486075:20251228_A2_N1_Mueller_MS_TechHub_IMP_THIDDIAXL003_Cas9_PhoX_DIA12_CV486075_250ng_FAIMS_002 P1_RQEDFYPFLKDNR P2_KSEETITPWNFEEVVDK 10 1,DIA12_CV486075:20251228_A2_N1_Mueller_MS_TechHub_IMP_THIDDIAXL003_Cas9_PhoX_DIA12_CV486075_250ng_FAIMS_002,903559,,,Q99ZW2,,,false,Q99ZW2,Q99ZW2,,false,KSEETITPWNFEEVVDK,RQEDFYPFLKDNR,468,425,1,10,468,434,,-1,4,0,1.007276,11.777783
Scan: 1338856 Run: DIA12_CV486075:20251228_A2_N1_Mueller_MS_TechHub_IMP_THIDDIAXL003_Cas9_PhoX_DIA12_CV486075_250ng_FAIMS_003 P1_LPKYSLFELENGR P2_KYGGFDSPTVAYSVLVVAK 3 1,DIA12_CV486075:20251228_A2_N1_Mueller_MS_TechHub_IMP_THIDDIAXL003_Cas9_PhoX_DIA12_CV486075_250ng_FAIMS_003,1338856,,,Q99ZW2,,,false,Q99ZW2,Q99ZW2,,false,KYGGFDSPTVAYSVLVVAK,LPKYSLFELENGR,1130,1198,1,3,1130,1200,,-1,4,0,1.007276,11.746945
Scan: 307605 Run: DIA12_CV486075:20251228_A2_N1_Mueller_MS_TechHub_IMP_THIDDIAXL003_Cas9_PhoX_DIA12_CV486075_250ng_FAIMS_001 P1_KSEETITPWNFEEVVDK P2_KNLIGALLFDSGETAEATR 1 1,DIA12_CV486075:20251228_A2_N1_Mueller_MS_TechHub_IMP_THIDDIAXL003_Cas9_PhoX_DIA12_CV486075_250ng_FAIMS_001,307605,,,Q99ZW2,,,false,Q99ZW2,Q99ZW2,,false,KNLIGALLFDSGETAEATR,KSEETITPWNFEEVVDK,45,468,1,1,45,468,,-1,4,0,1.007276,11.650583
Scan: 1652634 Run: DIA12_CV486075:20251228_A2_N1_Mueller_MS_TechHub_IMP_THIDDIAXL003_Cas9_PhoX_DIA12_CV486075_250ng_FAIMS_003 P1_KSEETITPWNFEEVVDK P2_EDIQKAQVSGQGDSLHEHIANLAGSPAIK 1 5,DIA12_CV486075:20251228_A2_N1_Mueller_MS_TechHub_IMP_THIDDIAXL003_Cas9_PhoX_DIA12_CV486075_250ng_FAIMS_003,1652634,,,Q99ZW2,,,false,Q99ZW2,Q99ZW2,,false,EDIQKAQVSGQGDSLHEHIANLAGSPAIK,KSEETITPWNFEEVVDK,706,468,5,1,710,468,,-1,5,0,1.007276,11.632153
Scan: 309387 Run: DIA12_CV486075:20251228_A2_N1_Mueller_MS_TechHub_IMP_THIDDIAXL003_Cas9_PhoX_DIA12_CV486075_250ng_FAIMS_001 P1_KSEETITPWNFEEVVDK P2_KPAFLSGEQK 1 1,DIA12_CV486075:20251228_A2_N1_Mueller_MS_TechHub_IMP_THIDDIAXL003_Cas9_PhoX_DIA12_CV486075_250ng_FAIMS_001,309387,,,Q99ZW2,,,false,Q99ZW2,Q99ZW2,,false,KPAFLSGEQK,KSEETITPWNFEEVVDK,536,468,1,1,536,468,,-1,4,0,1.007276,11.564371
Scan: 1718425 Run: DIA12_CV486075:20251228_A2_N1_Mueller_MS_TechHub_IMP_THIDDIAXL003_Cas9_PhoX_DIA12_CV486075_250ng_FAIMS_003 P1_KPAFLSGEQK P2_ELGSQILKEHPVENTQLQNEK 1 8,DIA12_CV486075:20251228_A2_N1_Mueller_MS_TechHub_IMP_THIDDIAXL003_Cas9_PhoX_DIA12_CV486075_250ng_FAIMS_003,1718425,,,Q99ZW2,,,false,Q99ZW2,Q99ZW2,,false,ELGSQILKEHPVENTQLQNEK,KPAFLSGEQK,790,536,8,1,797,536,,-1,4,0,1.007276,11.522895
Scan: 1502686 Run: DIA12_CV486075:20251228_A2_N1_Mueller_MS_TechHub_IMP_THIDDIAXL003_Cas9_PhoX_DIA12_CV486075_250ng_FAIMS_003 P1_KSEETITPWNFEEVVDK P2_KSEETITPWNFEEVVDK 1 1,DIA12_CV486075:20251228_A2_N1_Mueller_MS_TechHub_IMP_THIDDIAXL003_Cas9_PhoX_DIA12_CV486075_250ng_FAIMS_003,1502686,,,Q99ZW2,,,false,Q99ZW2,Q99ZW2,,false,KSEETITPWNFEEVVDK,KSEETITPWNFEEVVDK,468,468,1,1,468,468,,-1,4,0,1.007276,11.519382
Scan: 415584 Run: DIA12_CV486075:20251228_A2_N1_Mueller_MS_TechHub_IMP_THIDDIAXL003_Cas9_PhoX_DIA12_CV486075_250ng_FAIMS_001 P1_KPAFLSGEQK P2_KIECFDSVEISGVEDR 1 1,DIA12_CV486075:20251228_A2_N1_Mueller_MS_TechHub_IMP_THIDDIAXL003_Cas9_PhoX_DIA12_CV486075_250ng_FAIMS_001,415584,,,Q99ZW2,,,false,Q99ZW2,Q99ZW2,,false,KIECFDSVEISGVEDR,KPAFLSGEQK,571,536,1,1,571,536,,-1,3,0,1.007276,11.480015
Scan: 974170 Run: DIA12_CV486075:20251228_A2_N1_Mueller_MS_TechHub_IMP_THIDDIAXL003_Cas9_PhoX_DIA12_CV486075_250ng_FAIMS_002 P1_LESEFVYGDYKVYDVR P2_KPAFLSGEQK 11 1,DIA12_CV486075:20251228_A2_N1_Mueller_MS_TechHub_IMP_THIDDIAXL003_Cas9_PhoX_DIA12_CV486075_250ng_FAIMS_002,974170,,,Q99ZW2,,,false,Q99ZW2,Q99ZW2,,false,KPAFLSGEQK,LESEFVYGDYKVYDVR,536,1004,1,11,536,1014,,-1,4,0,1.007276,11.38746
Scan: 1143987 Run: DIA12_CV486075:20251228_A2_N1_Mueller_MS_TechHub_IMP_THIDDIAXL003_Cas9_PhoX_DIA12_CV486075_250ng_FAIMS_002 P1_KPAFLSGEQK P2_GKSDNVPSEEVVK 1 2,DIA12_CV486075:20251228_A2_N1_Mueller_MS_TechHub_IMP_THIDDIAXL003_Cas9_PhoX_DIA12_CV486075_250ng_FAIMS_002,1143987,,,Q99ZW2,,,false,Q99ZW2,Q99ZW2,,false,GKSDNVPSEEVVK,KPAFLSGEQK,865,536,2,1,866,536,,-1,3,0,1.007276,11.296181
Scan: 663458 Run: DIA12_CV486075:20251228_A2_N1_Mueller_MS_TechHub_IMP_THIDDIAXL003_Cas9_PhoX_DIA12_CV486075_250ng_FAIMS_002 P1_TEVQTGGFSKESILPK P2_KYGGFDSPTVAYSVLVVAK 10 1,DIA12_CV486075:20251228_A2_N1_Mueller_MS_TechHub_IMP_THIDDIAXL003_Cas9_PhoX_DIA12_CV486075_250ng_FAIMS_002,663458,,,Q99ZW2,,,false,Q99ZW2,Q99ZW2,,false,KYGGFDSPTVAYSVLVVAK,TEVQTGGFSKESILPK,1130,1098,1,10,1130,1107,,-1,4,0,1.007276,11.237184
Scan: 1311527 Run: DIA12_CV486075:20251228_A2_N1_Mueller_MS_TechHub_IMP_THIDDIAXL003_Cas9_PhoX_DIA12_CV486075_250ng_FAIMS_003 P1_SSFEKNPIDFLEAK P2_SEETITPWNFEEVVDKGASAQSFIER 5 16,DIA12_CV486075:20251228_A2_N1_Mueller_MS_TechHub_IMP_THIDDIAXL003_Cas9_PhoX_DIA12_CV486075_250ng_FAIMS_003,1311527,,,Q99ZW2,,,false,Q99ZW2,Q99ZW2,,false,SEETITPWNFEEVVDKGASAQSFIER,SSFEKNPIDFLEAK,469,1172,16,5,484,1176,,-1,4,0,1.007276,11.232117
Scan: 244021 Run: DIA12_CV486075:20251228_A2_N1_Mueller_MS_TechHub_IMP_THIDDIAXL003_Cas9_PhoX_DIA12_CV486075_250ng_FAIMS_001 P1_KPAFLSGEQK P2_FKVLGNTDR 1 2,DIA12_CV486075:20251228_A2_N1_Mueller_MS_TechHub_IMP_THIDDIAXL003_Cas9_PhoX_DIA12_CV486075_250ng_FAIMS_001,244021,,,Q99ZW2,,,false,Q99ZW2,Q99ZW2,,false,FKVLGNTDR,KPAFLSGEQK,32,536,2,1,33,536,,-1,4,0,1.007276,11.223495
Scan: 142351 Run: DIA12_CV486075:20251228_A2_N1_Mueller_MS_TechHub_IMP_THIDDIAXL003_Cas9_PhoX_DIA12_CV486075_250ng_FAIMS_001 P1_LPKYSLFELENGR P2_KTEVQTGGFSKESILPK 3 11,DIA12_CV486075:20251228_A2_N1_Mueller_MS_TechHub_IMP_THIDDIAXL003_Cas9_PhoX_DIA12_CV486075_250ng_FAIMS_001,142351,,,Q99ZW2,,,false,Q99ZW2,Q99ZW2,,false,KTEVQTGGFSKESILPK,LPKYSLFELENGR,1097,1198,11,3,1107,1200,,-1,4,0,1.007276,11.218444
Scan: 22081 Run: DIA12_CV486075:20251228_A2_N1_Mueller_MS_TechHub_IMP_THIDDIAXL003_Cas9_PhoX_DIA12_CV486075_250ng_FAIMS_001 P1_YKEIFFDQSK P2_KRPLIETNGETGEIVWDK 2 1,DIA12_CV486075:20251228_A2_N1_Mueller_MS_TechHub_IMP_THIDDIAXL003_Cas9_PhoX_DIA12_CV486075_250ng_FAIMS_001,22081,,,Q99ZW2,,,false,Q99ZW2,Q99ZW2,,false,KRPLIETNGETGEIVWDK,YKEIFFDQSK,1059,347,1,2,1059,348,,-1,4,0,1.007276,11.141948
Scan: 1085371 Run: DIA12_CV486075:20251228_A2_N1_Mueller_MS_TechHub_IMP_THIDDIAXL003_Cas9_PhoX_DIA12_CV486075_250ng_FAIMS_002 P1_KTEVQTGGFSK P2_GILQTVKVVDELVK 1 7,DIA12_CV486075:20251228_A2_N1_Mueller_MS_TechHub_IMP_THIDDIAXL003_Cas9_PhoX_DIA12_CV486075_250ng_FAIMS_002,1085371,,,Q99ZW2,,,false,Q99ZW2,Q99ZW2,,false,GILQTVKVVDELVK,KTEVQTGGFSK,736,1097,7,1,742,1097,,-1,3,0,1.007276,11.139828
Scan: 902320 Run: DIA12_CV486075:20251228_A2_N1_Mueller_MS_TechHub_IMP_THIDDIAXL003_Cas9_PhoX_DIA12_CV486075_250ng_FAIMS_002 P1_KSEETITPWNFEEVVDK P2_FKVLGNTDR 1 2,DIA12_CV486075:20251228_A2_N1_Mueller_MS_TechHub_IMP_THIDDIAXL003_Cas9_PhoX_DIA12_CV486075_250ng_FAIMS_002,902320,,,Q99ZW2,,,false,Q99ZW2,Q99ZW2,,false,FKVLGNTDR,KSEETITPWNFEEVVDK,32,468,2,1,33,468,,-1,4,0,1.007276,11.138359
Scan: 716437 Run: DIA12_CV486075:20251228_A2_N1_Mueller_MS_TechHub_IMP_THIDDIAXL003_Cas9_PhoX_DIA12_CV486075_250ng_FAIMS_002 P1_SSFEKNPIDFLEAK P2_KLINGIR 5 1,DIA12_CV486075:20251228_A2_N1_Mueller_MS_TechHub_IMP_THIDDIAXL003_Cas9_PhoX_DIA12_CV486075_250ng_FAIMS_002,716437,,,Q99ZW2,,,false,Q99ZW2,Q99ZW2,,false,KLINGIR,SSFEKNPIDFLEAK,665,1172,1,5,665,1176,,-1,3,0,1.007276,11.074659
Scan: 635833 Run: DIA12_CV486075:20251228_A2_N1_Mueller_MS_TechHub_IMP_THIDDIAXL003_Cas9_PhoX_DIA12_CV486075_250ng_FAIMS_002 P1_YKEIFFDQSK P2_KTEVQTGGFSK 2 1,DIA12_CV486075:20251228_A2_N1_Mueller_MS_TechHub_IMP_THIDDIAXL003_Cas9_PhoX_DIA12_CV486075_250ng_FAIMS_002,635833,,,Q99ZW2,,,false,Q99ZW2,Q99ZW2,,false,KTEVQTGGFSK,YKEIFFDQSK,1097,347,1,2,1097,348,,-1,3,0,1.007276,11.073525
Scan: 1654220 Run: DIA12_CV486075:20251228_A2_N1_Mueller_MS_TechHub_IMP_THIDDIAXL003_Cas9_PhoX_DIA12_CV486075_250ng_FAIMS_003 P1_KLINGIR P2_EDIQKAQVSGQGDSLHEHIANLAGSPAIK 1 5,DIA12_CV486075:20251228_A2_N1_Mueller_MS_TechHub_IMP_THIDDIAXL003_Cas9_PhoX_DIA12_CV486075_250ng_FAIMS_003,1654220,,,Q99ZW2,,,false,Q99ZW2,Q99ZW2,,false,EDIQKAQVSGQGDSLHEHIANLAGSPAIK,KLINGIR,706,665,5,1,710,665,,-1,5,0,1.007276,11.063871
Scan: 694980 Run: DIA12_CV486075:20251228_A2_N1_Mueller_MS_TechHub_IMP_THIDDIAXL003_Cas9_PhoX_DIA12_CV486075_250ng_FAIMS_002 P1_NSDKLIAR P2_KDWDPKK 4 1,DIA12_CV486075:20251228_A2_N1_Mueller_MS_TechHub_IMP_THIDDIAXL003_Cas9_PhoX_DIA12_CV486075_250ng_FAIMS_002,694980,,,Q99ZW2,,,false,Q99ZW2,Q99ZW2,,false,KDWDPKK,NSDKLIAR,1124,1115,1,4,1124,1118,,-1,4,0,1.007276,11.056593
Scan: 846895 Run: DIA12_CV486075:20251228_A2_N1_Mueller_MS_TechHub_IMP_THIDDIAXL003_Cas9_PhoX_DIA12_CV486075_250ng_FAIMS_002 P1_YKEIFFDQSK P2_YDEHHQDLTLLKALVR 2 12,DIA12_CV486075:20251228_A2_N1_Mueller_MS_TechHub_IMP_THIDDIAXL003_Cas9_PhoX_DIA12_CV486075_250ng_FAIMS_002,846895,,,Q99ZW2,,,false,Q99ZW2,Q99ZW2,,false,YDEHHQDLTLLKALVR,YKEIFFDQSK,325,347,12,2,336,348,,-1,4,0,1.007276,11.05007
Scan: 164841 Run: DIA12_CV486075:20251228_A2_N1_Mueller_MS_TechHub_IMP_THIDDIAXL003_Cas9_PhoX_DIA12_CV486075_250ng_FAIMS_001 P1_LKGSPEDNEQK P2_KDFQFYK 2 1,DIA12_CV486075:20251228_A2_N1_Mueller_MS_TechHub_IMP_THIDDIAXL003_Cas9_PhoX_DIA12_CV486075_250ng_FAIMS_001,164841,,,Q99ZW2,,,false,Q99ZW2,Q99ZW2,,false,KDFQFYK,LKGSPEDNEQK,968,1245,1,2,968,1246,,-1,3,0,1.007276,11.04244
Scan: 1267219 Run: DIA12_CV486075:20251228_A2_N1_Mueller_MS_TechHub_IMP_THIDDIAXL003_Cas9_PhoX_DIA12_CV486075_250ng_FAIMS_003 P1_KTEVQTGGFSKESILPK P2_KLINGIR 11 1,DIA12_CV486075:20251228_A2_N1_Mueller_MS_TechHub_IMP_THIDDIAXL003_Cas9_PhoX_DIA12_CV486075_250ng_FAIMS_003,1267219,,,Q99ZW2,,,false,Q99ZW2,Q99ZW2,,false,KLINGIR,KTEVQTGGFSKESILPK,665,1097,1,11,665,1107,,-1,3,0,1.007276,11.032248
Scan: 715578 Run: DIA12_CV486075:20251228_A2_N1_Mueller_MS_TechHub_IMP_THIDDIAXL003_Cas9_PhoX_DIA12_CV486075_250ng_FAIMS_002 P1_SSFEKNPIDFLEAK P2_KPAFLSGEQK 5 1,DIA12_CV486075:20251228_A2_N1_Mueller_MS_TechHub_IMP_THIDDIAXL003_Cas9_PhoX_DIA12_CV486075_250ng_FAIMS_002,715578,,,Q99ZW2,,,false,Q99ZW2,Q99ZW2,,false,KPAFLSGEQK,SSFEKNPIDFLEAK,536,1172,1,5,536,1176,,-1,3,0,1.007276,11.03003
Scan: 66749 Run: DIA12_CV486075:20251228_A2_N1_Mueller_MS_TechHub_IMP_THIDDIAXL003_Cas9_PhoX_DIA12_CV486075_250ng_FAIMS_001 P1_SSFEKNPIDFLEAK P2_KTEVQTGGFSKESILPK 5 11,DIA12_CV486075:20251228_A2_N1_Mueller_MS_TechHub_IMP_THIDDIAXL003_Cas9_PhoX_DIA12_CV486075_250ng_FAIMS_001,66749,,,Q99ZW2,,,false,Q99ZW2,Q99ZW2,,false,KTEVQTGGFSKESILPK,SSFEKNPIDFLEAK,1097,1172,11,5,1107,1176,,-1,5,0,1.007276,11.000373
Scan: 115685 Run: DIA12_CV486075:20251228_A2_N1_Mueller_MS_TechHub_IMP_THIDDIAXL003_Cas9_PhoX_DIA12_CV486075_250ng_FAIMS_001 P1_YKEIFFDQSK P2_SSFEKNPIDFLEAK 2 5,DIA12_CV486075:20251228_A2_N1_Mueller_MS_TechHub_IMP_THIDDIAXL003_Cas9_PhoX_DIA12_CV486075_250ng_FAIMS_001,115685,,,Q99ZW2,,,false,Q99ZW2,Q99ZW2,,false,SSFEKNPIDFLEAK,YKEIFFDQSK,1172,347,5,2,1176,348,,-1,3,0,1.007276,10.996668
Scan: 1359526 Run: DIA12_CV486075:20251228_A2_N1_Mueller_MS_TechHub_IMP_THIDDIAXL003_Cas9_PhoX_DIA12_CV486075_250ng_FAIMS_003 P1_SKLVSDFR P2_LKGSPEDNEQK 2 2,DIA12_CV486075:20251228_A2_N1_Mueller_MS_TechHub_IMP_THIDDIAXL003_Cas9_PhoX_DIA12_CV486075_250ng_FAIMS_003,1359526,,,Q99ZW2,,,false,Q99ZW2,Q99ZW2,,false,LKGSPEDNEQK,SKLVSDFR,1245,960,2,2,1246,961,,-1,3,0,1.007276,10.979573
Scan: 1550539 Run: DIA12_CV486075:20251228_A2_N1_Mueller_MS_TechHub_IMP_THIDDIAXL003_Cas9_PhoX_DIA12_CV486075_250ng_FAIMS_003 P1_MTNFDKNLPNEK P2_IEKILTFR 6 3,DIA12_CV486075:20251228_A2_N1_Mueller_MS_TechHub_IMP_THIDDIAXL003_Cas9_PhoX_DIA12_CV486075_250ng_FAIMS_003,1550539,,,Q99ZW2,,,false,Q99ZW2,Q99ZW2,,false,IEKILTFR,MTNFDKNLPNEK,440,495,3,6,442,500,,-1,3,0,1.007276,10.964094
Scan: 66643 Run: DIA12_CV486075:20251228_A2_N1_Mueller_MS_TechHub_IMP_THIDDIAXL003_Cas9_PhoX_DIA12_CV486075_250ng_FAIMS_001 P1_SSFEKNPIDFLEAK P2_KTEVQTGGFSKESILPK 5 11,DIA12_CV486075:20251228_A2_N1_Mueller_MS_TechHub_IMP_THIDDIAXL003_Cas9_PhoX_DIA12_CV486075_250ng_FAIMS_001,66643,,,Q99ZW2,,,false,Q99ZW2,Q99ZW2,,false,KTEVQTGGFSKESILPK,SSFEKNPIDFLEAK,1097,1172,11,5,1107,1176,,-1,4,0,1.007276,10.959682
Scan: 1580102 Run: DIA12_CV486075:20251228_A2_N1_Mueller_MS_TechHub_IMP_THIDDIAXL003_Cas9_PhoX_DIA12_CV486075_250ng_FAIMS_003 P1_KPAFLSGEQK P2_KPAFLSGEQK 1 1,DIA12_CV486075:20251228_A2_N1_Mueller_MS_TechHub_IMP_THIDDIAXL003_Cas9_PhoX_DIA12_CV486075_250ng_FAIMS_003,1580102,,,Q99ZW2,,,false,Q99ZW2,Q99ZW2,,false,KPAFLSGEQK,KPAFLSGEQK,536,536,1,1,536,536,,-1,4,0,1.007276,10.948609
Scan: 72191 Run: DIA12_CV486075:20251228_A2_N1_Mueller_MS_TechHub_IMP_THIDDIAXL003_Cas9_PhoX_DIA12_CV486075_250ng_FAIMS_001 P1_KTEVQTGGFSKESILPK P2_KLINGIR 11 1,DIA12_CV486075:20251228_A2_N1_Mueller_MS_TechHub_IMP_THIDDIAXL003_Cas9_PhoX_DIA12_CV486075_250ng_FAIMS_001,72191,,,Q99ZW2,,,false,Q99ZW2,Q99ZW2,,false,KLINGIR,KTEVQTGGFSKESILPK,665,1097,1,11,665,1107,,-1,4,0,1.007276,10.947224
Scan: 1157901 Run: DIA12_CV486075:20251228_A2_N1_Mueller_MS_TechHub_IMP_THIDDIAXL003_Cas9_PhoX_DIA12_CV486075_250ng_FAIMS_002 P1_QLLNAKLITQR P2_KFDNLTK 6 1,DIA12_CV486075:20251228_A2_N1_Mueller_MS_TechHub_IMP_THIDDIAXL003_Cas9_PhoX_DIA12_CV486075_250ng_FAIMS_002,1157901,,,Q99ZW2,,,false,Q99ZW2,Q99ZW2,,false,KFDNLTK,QLLNAKLITQR,896,885,1,6,896,890,,-1,3,0,1.007276,10.92739
Scan: 493797 Run: DIA12_CV486075:20251228_A2_N1_Mueller_MS_TechHub_IMP_THIDDIAXL003_Cas9_PhoX_DIA12_CV486075_250ng_FAIMS_001 P1_MTNFDKNLPNEK P2_GILQTVKVVDELVK 6 7,DIA12_CV486075:20251228_A2_N1_Mueller_MS_TechHub_IMP_THIDDIAXL003_Cas9_PhoX_DIA12_CV486075_250ng_FAIMS_001,493797,,,Q99ZW2,,,false,Q99ZW2,Q99ZW2,,false,GILQTVKVVDELVK,MTNFDKNLPNEK,736,495,7,6,742,500,,-1,4,0,1.007276,10.926996
Scan: 304365 Run: DIA12_CV486075:20251228_A2_N1_Mueller_MS_TechHub_IMP_THIDDIAXL003_Cas9_PhoX_DIA12_CV486075_250ng_FAIMS_001 P1_KSEETITPWNFEEVVDK P2_KFKVLGNTDR 1 1,DIA12_CV486075:20251228_A2_N1_Mueller_MS_TechHub_IMP_THIDDIAXL003_Cas9_PhoX_DIA12_CV486075_250ng_FAIMS_001,304365,,,Q99ZW2,,,false,Q99ZW2,Q99ZW2,,false,KFKVLGNTDR,KSEETITPWNFEEVVDK,31,468,1,1,31,468,,-1,4,0,1.007276,10.916001
Scan: 980161 Run: DIA12_CV486075:20251228_A2_N1_Mueller_MS_TechHub_IMP_THIDDIAXL003_Cas9_PhoX_DIA12_CV486075_250ng_FAIMS_002 P1_KPAFLSGEQK P2_IEKILTFR 1 3,DIA12_CV486075:20251228_A2_N1_Mueller_MS_TechHub_IMP_THIDDIAXL003_Cas9_PhoX_DIA12_CV486075_250ng_FAIMS_002,980161,,,Q99ZW2,,,false,Q99ZW2,Q99ZW2,,false,IEKILTFR,KPAFLSGEQK,440,536,3,1,442,536,,-1,3,0,1.007276,10.906141
Scan: 306540 Run: DIA12_CV486075:20251228_A2_N1_Mueller_MS_TechHub_IMP_THIDDIAXL003_Cas9_PhoX_DIA12_CV486075_250ng_FAIMS_001 P1_KSEETITPWNFEEVVDK P2_IEKILTFR 1 3,DIA12_CV486075:20251228_A2_N1_Mueller_MS_TechHub_IMP_THIDDIAXL003_Cas9_PhoX_DIA12_CV486075_250ng_FAIMS_001,306540,,,Q99ZW2,,,false,Q99ZW2,Q99ZW2,,false,IEKILTFR,KSEETITPWNFEEVVDK,440,468,3,1,442,468,,-1,4,0,1.007276,10.89722
Scan: 1438200 Run: DIA12_CV486075:20251228_A2_N1_Mueller_MS_TechHub_IMP_THIDDIAXL003_Cas9_PhoX_DIA12_CV486075_250ng_FAIMS_003 P1_IEKILTFR P2_FKVLGNTDR 3 2,DIA12_CV486075:20251228_A2_N1_Mueller_MS_TechHub_IMP_THIDDIAXL003_Cas9_PhoX_DIA12_CV486075_250ng_FAIMS_003,1438200,,,Q99ZW2,,,false,Q99ZW2,Q99ZW2,,false,FKVLGNTDR,IEKILTFR,32,440,2,3,33,442,,-1,3,0,1.007276,10.877724
Scan: 981645 Run: DIA12_CV486075:20251228_A2_N1_Mueller_MS_TechHub_IMP_THIDDIAXL003_Cas9_PhoX_DIA12_CV486075_250ng_FAIMS_002 P1_VLPKHSLLYEYFTVYNELTKVKYVTEGMR P2_KPAFLSGEQK 20 1,DIA12_CV486075:20251228_A2_N1_Mueller_MS_TechHub_IMP_THIDDIAXL003_Cas9_PhoX_DIA12_CV486075_250ng_FAIMS_002,981645,,,Q99ZW2,,,false,Q99ZW2,Q99ZW2,,false,KPAFLSGEQK,VLPKHSLLYEYFTVYNELTKVKYVTEGMR,536,507,1,20,536,526,,-1,5,0,1.007276,10.871031
Scan: 976144 Run: DIA12_CV486075:20251228_A2_N1_Mueller_MS_TechHub_IMP_THIDDIAXL003_Cas9_PhoX_DIA12_CV486075_250ng_FAIMS_002 P1_KYGGFDSPTVAYSVLVVAK P2_KPAFLSGEQK 1 1,DIA12_CV486075:20251228_A2_N1_Mueller_MS_TechHub_IMP_THIDDIAXL003_Cas9_PhoX_DIA12_CV486075_250ng_FAIMS_002,976144,,,Q99ZW2,,,false,Q99ZW2,Q99ZW2,,false,KPAFLSGEQK,KYGGFDSPTVAYSVLVVAK,536,1130,1,1,536,1130,,-1,3,0,1.007276,10.849834
Scan: 710490 Run: DIA12_CV486075:20251228_A2_N1_Mueller_MS_TechHub_IMP_THIDDIAXL003_Cas9_PhoX_DIA12_CV486075_250ng_FAIMS_002 P1_SSFEKNPIDFLEAK P2_KYGGFDSPTVAYSVLVVAK 5 1,DIA12_CV486075:20251228_A2_N1_Mueller_MS_TechHub_IMP_THIDDIAXL003_Cas9_PhoX_DIA12_CV486075_250ng_FAIMS_002,710490,,,Q99ZW2,,,false,Q99ZW2,Q99ZW2,,false,KYGGFDSPTVAYSVLVVAK,SSFEKNPIDFLEAK,1130,1172,1,5,1130,1176,,-1,4,0,1.007276,10.839904
Scan: 271333 Run: DIA12_CV486075:20251228_A2_N1_Mueller_MS_TechHub_IMP_THIDDIAXL003_Cas9_PhoX_DIA12_CV486075_250ng_FAIMS_001 P1_KPAFLSGEQK P2_EIFFDQSKNGYAGYIDGGASQEEFYK 1 8,DIA12_CV486075:20251228_A2_N1_Mueller_MS_TechHub_IMP_THIDDIAXL003_Cas9_PhoX_DIA12_CV486075_250ng_FAIMS_001,271333,,,Q99ZW2,,,false,Q99ZW2,Q99ZW2,,false,EIFFDQSKNGYAGYIDGGASQEEFYK,KPAFLSGEQK,349,536,8,1,356,536,,-1,4,0,1.007276,10.839898
Scan: 374406 Run: DIA12_CV486075:20251228_A2_N1_Mueller_MS_TechHub_IMP_THIDDIAXL003_Cas9_PhoX_DIA12_CV486075_250ng_FAIMS_001 P1_VKYVTEGMR P2_KPAFLSGEQK 2 1,DIA12_CV486075:20251228_A2_N1_Mueller_MS_TechHub_IMP_THIDDIAXL003_Cas9_PhoX_DIA12_CV486075_250ng_FAIMS_001,374406,,,Q99ZW2,,,false,Q99ZW2,Q99ZW2,,false,KPAFLSGEQK,VKYVTEGMR,536,527,1,2,536,528,,-1,4,0,1.007276,10.820837
Scan: 938861 Run: DIA12_CV486075:20251228_A2_N1_Mueller_MS_TechHub_IMP_THIDDIAXL003_Cas9_PhoX_DIA12_CV486075_250ng_FAIMS_002 P1_SSFEKNPIDFLEAK P2_KSEETITPWNFEEVVDKGASAQSFIER 5 17,DIA12_CV486075:20251228_A2_N1_Mueller_MS_TechHub_IMP_THIDDIAXL003_Cas9_PhoX_DIA12_CV486075_250ng_FAIMS_002,938861,,,Q99ZW2,,,false,Q99ZW2,Q99ZW2,,false,KSEETITPWNFEEVVDKGASAQSFIER,SSFEKNPIDFLEAK,468,1172,17,5,484,1176,,-1,5,0,1.007276,10.820385
Scan: 1503528 Run: DIA12_CV486075:20251228_A2_N1_Mueller_MS_TechHub_IMP_THIDDIAXL003_Cas9_PhoX_DIA12_CV486075_250ng_FAIMS_003 P1_VLPKHSLLYEYFTVYNELTK P2_KSEETITPWNFEEVVDK 4 1,DIA12_CV486075:20251228_A2_N1_Mueller_MS_TechHub_IMP_THIDDIAXL003_Cas9_PhoX_DIA12_CV486075_250ng_FAIMS_003,1503528,,,Q99ZW2,,,false,Q99ZW2,Q99ZW2,,false,KSEETITPWNFEEVVDK,VLPKHSLLYEYFTVYNELTK,468,507,1,4,468,510,,-1,4,0,1.007276,10.803783
Scan: 431816 Run: DIA12_CV486075:20251228_A2_N1_Mueller_MS_TechHub_IMP_THIDDIAXL003_Cas9_PhoX_DIA12_CV486075_250ng_FAIMS_001 P1_KLINGIR P2_KGILQTVK 1 1,DIA12_CV486075:20251228_A2_N1_Mueller_MS_TechHub_IMP_THIDDIAXL003_Cas9_PhoX_DIA12_CV486075_250ng_FAIMS_001,431816,,,Q99ZW2,,,false,Q99ZW2,Q99ZW2,,false,KGILQTVK,KLINGIR,735,665,1,1,735,665,,-1,3,0,1.007276,10.800169
Scan: 119725 Run: DIA12_CV486075:20251228_A2_N1_Mueller_MS_TechHub_IMP_THIDDIAXL003_Cas9_PhoX_DIA12_CV486075_250ng_FAIMS_001 P1_SSFEKNPIDFLEAK P2_EDIQKAQVSGQGDSLHEHIANLAGSPAIK 5 5,DIA12_CV486075:20251228_A2_N1_Mueller_MS_TechHub_IMP_THIDDIAXL003_Cas9_PhoX_DIA12_CV486075_250ng_FAIMS_001,119725,,,Q99ZW2,,,false,Q99ZW2,Q99ZW2,,false,EDIQKAQVSGQGDSLHEHIANLAGSPAIK,SSFEKNPIDFLEAK,706,1172,5,5,710,1176,,-1,5,0,1.007276,10.788934
Scan: 547974 Run: DIA12_CV486075:20251228_A2_N1_Mueller_MS_TechHub_IMP_THIDDIAXL003_Cas9_PhoX_DIA12_CV486075_250ng_FAIMS_001 P1_GKSDNVPSEEVVK P2_ELGSQILKEHPVENTQLQNEK 2 8,DIA12_CV486075:20251228_A2_N1_Mueller_MS_TechHub_IMP_THIDDIAXL003_Cas9_PhoX_DIA12_CV486075_250ng_FAIMS_001,547974,,,Q99ZW2,,,false,Q99ZW2,Q99ZW2,,false,ELGSQILKEHPVENTQLQNEK,GKSDNVPSEEVVK,790,865,8,2,797,866,,-1,4,0,1.007276,10.784665
Scan: 960478 Run: DIA12_CV486075:20251228_A2_N1_Mueller_MS_TechHub_IMP_THIDDIAXL003_Cas9_PhoX_DIA12_CV486075_250ng_FAIMS_002 P1_VLPKHSLLYEYFTVYNELTK P2_FKVLGNTDR 4 2,DIA12_CV486075:20251228_A2_N1_Mueller_MS_TechHub_IMP_THIDDIAXL003_Cas9_PhoX_DIA12_CV486075_250ng_FAIMS_002,960478,,,Q99ZW2,,,false,Q99ZW2,Q99ZW2,,false,FKVLGNTDR,VLPKHSLLYEYFTVYNELTK,32,507,2,4,33,510,,-1,4,0,1.007276,10.772341
Scan: 1653269 Run: DIA12_CV486075:20251228_A2_N1_Mueller_MS_TechHub_IMP_THIDDIAXL003_Cas9_PhoX_DIA12_CV486075_250ng_FAIMS_003 P1_KSEETITPWNFEEVVDKGASAQSFIER P2_EDIQKAQVSGQGDSLHEHIANLAGSPAIK 17 5,DIA12_CV486075:20251228_A2_N1_Mueller_MS_TechHub_IMP_THIDDIAXL003_Cas9_PhoX_DIA12_CV486075_250ng_FAIMS_003,1653269,,,Q99ZW2,,,false,Q99ZW2,Q99ZW2,,false,EDIQKAQVSGQGDSLHEHIANLAGSPAIK,KSEETITPWNFEEVVDKGASAQSFIER,706,468,5,17,710,484,,-1,6,0,1.007276,10.767952
Scan: 786018 Run: DIA12_CV486075:20251228_A2_N1_Mueller_MS_TechHub_IMP_THIDDIAXL003_Cas9_PhoX_DIA12_CV486075_250ng_FAIMS_002 P1_KLVDSTDK P2_HPIFGNIVDEVAYHEKYPTIYHLR 1 16,DIA12_CV486075:20251228_A2_N1_Mueller_MS_TechHub_IMP_THIDDIAXL003_Cas9_PhoX_DIA12_CV486075_250ng_FAIMS_002,786018,,,Q99ZW2,,,false,Q99ZW2,Q99ZW2,,false,HPIFGNIVDEVAYHEKYPTIYHLR,KLVDSTDK,116,141,16,1,131,141,,-1,5,0,1.007276,10.763228
Scan: 708531 Run: DIA12_CV486075:20251228_A2_N1_Mueller_MS_TechHub_IMP_THIDDIAXL003_Cas9_PhoX_DIA12_CV486075_250ng_FAIMS_002 P1_TEVQTGGFSKESILPK P2_SSFEKNPIDFLEAK 10 5,DIA12_CV486075:20251228_A2_N1_Mueller_MS_TechHub_IMP_THIDDIAXL003_Cas9_PhoX_DIA12_CV486075_250ng_FAIMS_002,708531,,,Q99ZW2,,,false,Q99ZW2,Q99ZW2,,false,SSFEKNPIDFLEAK,TEVQTGGFSKESILPK,1172,1098,5,10,1176,1107,,-1,4,0,1.007276,10.742044
Scan: 38907 Run: DIA12_CV486075:20251228_A2_N1_Mueller_MS_TechHub_IMP_THIDDIAXL003_Cas9_PhoX_DIA12_CV486075_250ng_FAIMS_001 P1_KTEVQTGGFSK P2_KSEETITPWNFEEVVDK 1 1,DIA12_CV486075:20251228_A2_N1_Mueller_MS_TechHub_IMP_THIDDIAXL003_Cas9_PhoX_DIA12_CV486075_250ng_FAIMS_001,38907,,,Q99ZW2,,,false,Q99ZW2,Q99ZW2,,false,KSEETITPWNFEEVVDK,KTEVQTGGFSK,468,1097,1,1,468,1097,,-1,4,0,1.007276,10.729974
Scan: 489030 Run: DIA12_CV486075:20251228_A2_N1_Mueller_MS_TechHub_IMP_THIDDIAXL003_Cas9_PhoX_DIA12_CV486075_250ng_FAIMS_001 P1_KTEVQTGGFSKESILPK P2_GILQTVKVVDELVK 11 7,DIA12_CV486075:20251228_A2_N1_Mueller_MS_TechHub_IMP_THIDDIAXL003_Cas9_PhoX_DIA12_CV486075_250ng_FAIMS_001,489030,,,Q99ZW2,,,false,Q99ZW2,Q99ZW2,,false,GILQTVKVVDELVK,KTEVQTGGFSKESILPK,736,1097,7,11,742,1107,,-1,4,0,1.007276,10.726327
Scan: 39297 Run: DIA12_CV486075:20251228_A2_N1_Mueller_MS_TechHub_IMP_THIDDIAXL003_Cas9_PhoX_DIA12_CV486075_250ng_FAIMS_001 P1_KTEVQTGGFSK P2_KPAFLSGEQK 1 1,DIA12_CV486075:20251228_A2_N1_Mueller_MS_TechHub_IMP_THIDDIAXL003_Cas9_PhoX_DIA12_CV486075_250ng_FAIMS_001,39297,,,Q99ZW2,,,false,Q99ZW2,Q99ZW2,,false,KPAFLSGEQK,KTEVQTGGFSK,536,1097,1,1,536,1097,,-1,3,0,1.007276,10.725569
Scan: 840922 Run: DIA12_CV486075:20251228_A2_N1_Mueller_MS_TechHub_IMP_THIDDIAXL003_Cas9_PhoX_DIA12_CV486075_250ng_FAIMS_002 P1_KSEETITPWNFEEVVDK P2_FKVLGNTDR 1 2,DIA12_CV486075:20251228_A2_N1_Mueller_MS_TechHub_IMP_THIDDIAXL003_Cas9_PhoX_DIA12_CV486075_250ng_FAIMS_002,840922,,,Q99ZW2,,,false,Q99ZW2,Q99ZW2,,false,FKVLGNTDR,KSEETITPWNFEEVVDK,32,468,2,1,33,468,,-1,3,0,1.007276,10.721135
Scan: 305317 Run: DIA12_CV486075:20251228_A2_N1_Mueller_MS_TechHub_IMP_THIDDIAXL003_Cas9_PhoX_DIA12_CV486075_250ng_FAIMS_001 P1_YKEIFFDQSK P2_KSEETITPWNFEEVVDK 2 1,DIA12_CV486075:20251228_A2_N1_Mueller_MS_TechHub_IMP_THIDDIAXL003_Cas9_PhoX_DIA12_CV486075_250ng_FAIMS_001,305317,,,Q99ZW2,,,false,Q99ZW2,Q99ZW2,,false,KSEETITPWNFEEVVDK,YKEIFFDQSK,468,347,1,2,468,348,,-1,4,0,1.007276,10.712984
Scan: 1385317 Run: DIA12_CV486075:20251228_A2_N1_Mueller_MS_TechHub_IMP_THIDDIAXL003_Cas9_PhoX_DIA12_CV486075_250ng_FAIMS_003 P1_KPAFLSGEQK P2_HPIFGNIVDEVAYHEKYPTIYHLR 1 16,DIA12_CV486075:20251228_A2_N1_Mueller_MS_TechHub_IMP_THIDDIAXL003_Cas9_PhoX_DIA12_CV486075_250ng_FAIMS_003,1385317,,,Q99ZW2,,,false,Q99ZW2,Q99ZW2,,false,HPIFGNIVDEVAYHEKYPTIYHLR,KPAFLSGEQK,116,536,16,1,131,536,,-1,5,0,1.007276,10.694449
Scan: 635709 Run: DIA12_CV486075:20251228_A2_N1_Mueller_MS_TechHub_IMP_THIDDIAXL003_Cas9_PhoX_DIA12_CV486075_250ng_FAIMS_002 P1_KTEVQTGGFSK P2_FKVLGNTDR 1 2,DIA12_CV486075:20251228_A2_N1_Mueller_MS_TechHub_IMP_THIDDIAXL003_Cas9_PhoX_DIA12_CV486075_250ng_FAIMS_002,635709,,,Q99ZW2,,,false,Q99ZW2,Q99ZW2,,false,FKVLGNTDR,KTEVQTGGFSK,32,1097,2,1,33,1097,,-1,3,0,1.007276,10.692453
Scan: 259320 Run: DIA12_CV486075:20251228_A2_N1_Mueller_MS_TechHub_IMP_THIDDIAXL003_Cas9_PhoX_DIA12_CV486075_250ng_FAIMS_001 P1_YKEIFFDQSK P2_KPAFLSGEQK 2 1,DIA12_CV486075:20251228_A2_N1_Mueller_MS_TechHub_IMP_THIDDIAXL003_Cas9_PhoX_DIA12_CV486075_250ng_FAIMS_001,259320,,,Q99ZW2,,,false,Q99ZW2,Q99ZW2,,false,KPAFLSGEQK,YKEIFFDQSK,536,347,1,2,536,348,,-1,3,0,1.007276,10.689009
Scan: 1571950 Run: DIA12_CV486075:20251228_A2_N1_Mueller_MS_TechHub_IMP_THIDDIAXL003_Cas9_PhoX_DIA12_CV486075_250ng_FAIMS_003 P1_SEQEIGKATAK P2_KPAFLSGEQK 7 1,DIA12_CV486075:20251228_A2_N1_Mueller_MS_TechHub_IMP_THIDDIAXL003_Cas9_PhoX_DIA12_CV486075_250ng_FAIMS_003,1571950,,,Q99ZW2,,,false,Q99ZW2,Q99ZW2,,false,KPAFLSGEQK,SEQEIGKATAK,536,1025,1,7,536,1031,,-1,3,0,1.007276,10.686863
Scan: 983273 Run: DIA12_CV486075:20251228_A2_N1_Mueller_MS_TechHub_IMP_THIDDIAXL003_Cas9_PhoX_DIA12_CV486075_250ng_FAIMS_002 P1_KPAFLSGEQK P2_KAIVDLLFK 1 1,DIA12_CV486075:20251228_A2_N1_Mueller_MS_TechHub_IMP_THIDDIAXL003_Cas9_PhoX_DIA12_CV486075_250ng_FAIMS_002,983273,,,Q99ZW2,,,false,Q99ZW2,Q99ZW2,,false,KAIVDLLFK,KPAFLSGEQK,546,536,1,1,546,536,,-1,3,0,1.007276,10.683365
Scan: 770482 Run: DIA12_CV486075:20251228_A2_N1_Mueller_MS_TechHub_IMP_THIDDIAXL003_Cas9_PhoX_DIA12_CV486075_250ng_FAIMS_002 P1_KDFQFYK P2_GSPEDNEQKQLFVEQHK 1 9,DIA12_CV486075:20251228_A2_N1_Mueller_MS_TechHub_IMP_THIDDIAXL003_Cas9_PhoX_DIA12_CV486075_250ng_FAIMS_002,770482,,,Q99ZW2,,,false,Q99ZW2,Q99ZW2,,false,GSPEDNEQKQLFVEQHK,KDFQFYK,1247,968,9,1,1255,968,,-1,3,0,1.007276,10.682022
Scan: 1506791 Run: DIA12_CV486075:20251228_A2_N1_Mueller_MS_TechHub_IMP_THIDDIAXL003_Cas9_PhoX_DIA12_CV486075_250ng_FAIMS_003 P1_KSEETITPWNFEEVVDK P2_EDIQKAQVSGQGDSLHEHIANLAGSPAIK 1 5,DIA12_CV486075:20251228_A2_N1_Mueller_MS_TechHub_IMP_THIDDIAXL003_Cas9_PhoX_DIA12_CV486075_250ng_FAIMS_003,1506791,,,Q99ZW2,,,false,Q99ZW2,Q99ZW2,,false,EDIQKAQVSGQGDSLHEHIANLAGSPAIK,KSEETITPWNFEEVVDK,706,468,5,1,710,468,,-1,6,0,1.007276,10.675703
Scan: 779417 Run: DIA12_CV486075:20251228_A2_N1_Mueller_MS_TechHub_IMP_THIDDIAXL003_Cas9_PhoX_DIA12_CV486075_250ng_FAIMS_002 P1_VILADANLDKVLSAYNK P2_NSDKLIAR 10 4,DIA12_CV486075:20251228_A2_N1_Mueller_MS_TechHub_IMP_THIDDIAXL003_Cas9_PhoX_DIA12_CV486075_250ng_FAIMS_002,779417,,,Q99ZW2,,,false,Q99ZW2,Q99ZW2,,false,NSDKLIAR,VILADANLDKVLSAYNK,1115,1280,4,10,1118,1289,,-1,4,0,1.007276,10.662754
Scan: 1499320 Run: DIA12_CV486075:20251228_A2_N1_Mueller_MS_TechHub_IMP_THIDDIAXL003_Cas9_PhoX_DIA12_CV486075_250ng_FAIMS_003 P1_VNTEITKAPLSASMIK P2_KSEETITPWNFEEVVDK 7 1,DIA12_CV486075:20251228_A2_N1_Mueller_MS_TechHub_IMP_THIDDIAXL003_Cas9_PhoX_DIA12_CV486075_250ng_FAIMS_003,1499320,,,Q99ZW2,,,false,Q99ZW2,Q99ZW2,,false,KSEETITPWNFEEVVDK,VNTEITKAPLSASMIK,468,308,1,7,468,314,,-1,4,0,1.007276,10.661242
Scan: 1257870 Run: DIA12_CV486075:20251228_A2_N1_Mueller_MS_TechHub_IMP_THIDDIAXL003_Cas9_PhoX_DIA12_CV486075_250ng_FAIMS_003 P1_NSDKLIAR P2_KTEVQTGGFSKESILPK 4 11,DIA12_CV486075:20251228_A2_N1_Mueller_MS_TechHub_IMP_THIDDIAXL003_Cas9_PhoX_DIA12_CV486075_250ng_FAIMS_003,1257870,,,Q99ZW2,,,false,Q99ZW2,Q99ZW2,,false,KTEVQTGGFSKESILPK,NSDKLIAR,1097,1115,11,4,1107,1118,,-1,4,0,1.007276,10.654342
Scan: 903999 Run: DIA12_CV486075:20251228_A2_N1_Mueller_MS_TechHub_IMP_THIDDIAXL003_Cas9_PhoX_DIA12_CV486075_250ng_FAIMS_002 P1_KSEETITPWNFEEVVDK P2_IEKILTFR 1 3,DIA12_CV486075:20251228_A2_N1_Mueller_MS_TechHub_IMP_THIDDIAXL003_Cas9_PhoX_DIA12_CV486075_250ng_FAIMS_002,903999,,,Q99ZW2,,,false,Q99ZW2,Q99ZW2,,false,IEKILTFR,KSEETITPWNFEEVVDK,440,468,3,1,442,468,,-1,3,0,1.007276,10.648641
Scan: 1501643 Run: DIA12_CV486075:20251228_A2_N1_Mueller_MS_TechHub_IMP_THIDDIAXL003_Cas9_PhoX_DIA12_CV486075_250ng_FAIMS_003 P1_KSEETITPWNFEEVVDK P2_EKIEKILTFR 1 5,DIA12_CV486075:20251228_A2_N1_Mueller_MS_TechHub_IMP_THIDDIAXL003_Cas9_PhoX_DIA12_CV486075_250ng_FAIMS_003,1501643,,,Q99ZW2,,,false,Q99ZW2,Q99ZW2,,false,EKIEKILTFR,KSEETITPWNFEEVVDK,438,468,5,1,442,468,,-1,4,0,1.007276,10.627501
Scan: 1451911 Run: DIA12_CV486075:20251228_A2_N1_Mueller_MS_TechHub_IMP_THIDDIAXL003_Cas9_PhoX_DIA12_CV486075_250ng_FAIMS_003 P1_YKEIFFDQSK P2_FKVLGNTDR 2 2,DIA12_CV486075:20251228_A2_N1_Mueller_MS_TechHub_IMP_THIDDIAXL003_Cas9_PhoX_DIA12_CV486075_250ng_FAIMS_003,1451911,,,Q99ZW2,,,false,Q99ZW2,Q99ZW2,,false,FKVLGNTDR,YKEIFFDQSK,32,347,2,2,33,348,,-1,4,0,1.007276,10.624935
Scan: 950958 Run: DIA12_CV486075:20251228_A2_N1_Mueller_MS_TechHub_IMP_THIDDIAXL003_Cas9_PhoX_DIA12_CV486075_250ng_FAIMS_002 P1_SSFEKNPIDFLEAK P2_MTNFDKNLPNEK 5 6,DIA12_CV486075:20251228_A2_N1_Mueller_MS_TechHub_IMP_THIDDIAXL003_Cas9_PhoX_DIA12_CV486075_250ng_FAIMS_002,950958,,,Q99ZW2,,,false,Q99ZW2,Q99ZW2,,false,MTNFDKNLPNEK,SSFEKNPIDFLEAK,495,1172,6,5,500,1176,,-1,4,0,1.007276,10.624881
Scan: 1576093 Run: DIA12_CV486075:20251228_A2_N1_Mueller_MS_TechHub_IMP_THIDDIAXL003_Cas9_PhoX_DIA12_CV486075_250ng_FAIMS_003 P1_VNTEITKAPLSASMIK P2_KPAFLSGEQK 7 1,DIA12_CV486075:20251228_A2_N1_Mueller_MS_TechHub_IMP_THIDDIAXL003_Cas9_PhoX_DIA12_CV486075_250ng_FAIMS_003,1576093,,,Q99ZW2,,,false,Q99ZW2,Q99ZW2,,false,KPAFLSGEQK,VNTEITKAPLSASMIK,536,308,1,7,536,314,,-1,4,0,1.007276,10.6237
Scan: 1574500 Run: DIA12_CV486075:20251228_A2_N1_Mueller_MS_TechHub_IMP_THIDDIAXL003_Cas9_PhoX_DIA12_CV486075_250ng_FAIMS_003 P1_KPAFLSGEQK P2_GNELALPSKYVNFLYLASHYEK 1 9,DIA12_CV486075:20251228_A2_N1_Mueller_MS_TechHub_IMP_THIDDIAXL003_Cas9_PhoX_DIA12_CV486075_250ng_FAIMS_003,1574500,,,Q99ZW2,,,false,Q99ZW2,Q99ZW2,,false,GNELALPSKYVNFLYLASHYEK,KPAFLSGEQK,1223,536,9,1,1231,536,,-1,4,0,1.007276,10.612197
Scan: 1178868 Run: DIA12_CV486075:20251228_A2_N1_Mueller_MS_TechHub_IMP_THIDDIAXL003_Cas9_PhoX_DIA12_CV486075_250ng_FAIMS_002 P1_MNTKYDENDK P2_KLINGIR 4 1,DIA12_CV486075:20251228_A2_N1_Mueller_MS_TechHub_IMP_THIDDIAXL003_Cas9_PhoX_DIA12_CV486075_250ng_FAIMS_002,1178868,,,Q99ZW2,,,false,Q99ZW2,Q99ZW2,,false,KLINGIR,MNTKYDENDK,665,939,1,4,665,942,,-1,3,0,1.007276,10.611391
Scan: 1056642 Run: DIA12_CV486075:20251228_A2_N1_Mueller_MS_TechHub_IMP_THIDDIAXL003_Cas9_PhoX_DIA12_CV486075_250ng_FAIMS_002 P1_KLINGIR P2_EDIQKAQVSGQGDSLHEHIANLAGSPAIK 1 5,DIA12_CV486075:20251228_A2_N1_Mueller_MS_TechHub_IMP_THIDDIAXL003_Cas9_PhoX_DIA12_CV486075_250ng_FAIMS_002,1056642,,,Q99ZW2,,,false,Q99ZW2,Q99ZW2,,false,EDIQKAQVSGQGDSLHEHIANLAGSPAIK,KLINGIR,706,665,5,1,710,665,,-1,4,0,1.007276,10.607495
Scan: 851929 Run: DIA12_CV486075:20251228_A2_N1_Mueller_MS_TechHub_IMP_THIDDIAXL003_Cas9_PhoX_DIA12_CV486075_250ng_FAIMS_002 P1_YKEIFFDQSK P2_NSDKLIAR 2 4,DIA12_CV486075:20251228_A2_N1_Mueller_MS_TechHub_IMP_THIDDIAXL003_Cas9_PhoX_DIA12_CV486075_250ng_FAIMS_002,851929,,,Q99ZW2,,,false,Q99ZW2,Q99ZW2,,false,NSDKLIAR,YKEIFFDQSK,1115,347,4,2,1118,348,,-1,3,0,1.007276,10.604889
Scan: 897497 Run: DIA12_CV486075:20251228_A2_N1_Mueller_MS_TechHub_IMP_THIDDIAXL003_Cas9_PhoX_DIA12_CV486075_250ng_FAIMS_002 P1_TEVQTGGFSKESILPK P2_KSEETITPWNFEEVVDK 10 1,DIA12_CV486075:20251228_A2_N1_Mueller_MS_TechHub_IMP_THIDDIAXL003_Cas9_PhoX_DIA12_CV486075_250ng_FAIMS_002,897497,,,Q99ZW2,,,false,Q99ZW2,Q99ZW2,,false,KSEETITPWNFEEVVDK,TEVQTGGFSKESILPK,468,1098,1,10,468,1107,,-1,4,0,1.007276,10.6007
Scan: 450885 Run: DIA12_CV486075:20251228_A2_N1_Mueller_MS_TechHub_IMP_THIDDIAXL003_Cas9_PhoX_DIA12_CV486075_250ng_FAIMS_001 P1_KTEVQTGGFSK P2_EDIQKAQVSGQGDSLHEHIANLAGSPAIK 1 5,DIA12_CV486075:20251228_A2_N1_Mueller_MS_TechHub_IMP_THIDDIAXL003_Cas9_PhoX_DIA12_CV486075_250ng_FAIMS_001,450885,,,Q99ZW2,,,false,Q99ZW2,Q99ZW2,,false,EDIQKAQVSGQGDSLHEHIANLAGSPAIK,KTEVQTGGFSK,706,1097,5,1,710,1097,,-1,5,0,1.007276,10.597687
Scan: 387631 Run: DIA12_CV486075:20251228_A2_N1_Mueller_MS_TechHub_IMP_THIDDIAXL003_Cas9_PhoX_DIA12_CV486075_250ng_FAIMS_001 P1_KPAFLSGEQK P2_KGILQTVK 1 1,DIA12_CV486075:20251228_A2_N1_Mueller_MS_TechHub_IMP_THIDDIAXL003_Cas9_PhoX_DIA12_CV486075_250ng_FAIMS_001,387631,,,Q99ZW2,,,false,Q99ZW2,Q99ZW2,,false,KGILQTVK,KPAFLSGEQK,735,536,1,1,735,536,,-1,3,0,1.007276,10.59733
Scan: 348813 Run: DIA12_CV486075:20251228_A2_N1_Mueller_MS_TechHub_IMP_THIDDIAXL003_Cas9_PhoX_DIA12_CV486075_250ng_FAIMS_001 P1_SEETITPWNFEEVVDKGASAQSFIER P2_KLINGIR 16 1,DIA12_CV486075:20251228_A2_N1_Mueller_MS_TechHub_IMP_THIDDIAXL003_Cas9_PhoX_DIA12_CV486075_250ng_FAIMS_001,348813,,,Q99ZW2,,,false,Q99ZW2,Q99ZW2,,false,KLINGIR,SEETITPWNFEEVVDKGASAQSFIER,665,469,1,16,665,484,,-1,4,0,1.007276,10.597047
Scan: 1445926 Run: DIA12_CV486075:20251228_A2_N1_Mueller_MS_TechHub_IMP_THIDDIAXL003_Cas9_PhoX_DIA12_CV486075_250ng_FAIMS_003 P1_YDEHHQDLTLLKALVR P2_KPAFLSGEQK 12 1,DIA12_CV486075:20251228_A2_N1_Mueller_MS_TechHub_IMP_THIDDIAXL003_Cas9_PhoX_DIA12_CV486075_250ng_FAIMS_003,1445926,,,Q99ZW2,,,false,Q99ZW2,Q99ZW2,,false,KPAFLSGEQK,YDEHHQDLTLLKALVR,536,325,1,12,536,336,,-1,4,0,1.007276,10.593037
Scan: 454195 Run: DIA12_CV486075:20251228_A2_N1_Mueller_MS_TechHub_IMP_THIDDIAXL003_Cas9_PhoX_DIA12_CV486075_250ng_FAIMS_001 P1_KYGGFDSPTVAYSVLVVAK P2_EDIQKAQVSGQGDSLHEHIANLAGSPAIK 1 5,DIA12_CV486075:20251228_A2_N1_Mueller_MS_TechHub_IMP_THIDDIAXL003_Cas9_PhoX_DIA12_CV486075_250ng_FAIMS_001,454195,,,Q99ZW2,,,false,Q99ZW2,Q99ZW2,,false,EDIQKAQVSGQGDSLHEHIANLAGSPAIK,KYGGFDSPTVAYSVLVVAK,706,1130,5,1,710,1130,,-1,5,0,1.007276,10.586142
Scan: 382746 Run: DIA12_CV486075:20251228_A2_N1_Mueller_MS_TechHub_IMP_THIDDIAXL003_Cas9_PhoX_DIA12_CV486075_250ng_FAIMS_001 P1_KPAFLSGEQK P2_IEKILTFR 1 3,DIA12_CV486075:20251228_A2_N1_Mueller_MS_TechHub_IMP_THIDDIAXL003_Cas9_PhoX_DIA12_CV486075_250ng_FAIMS_001,382746,,,Q99ZW2,,,false,Q99ZW2,Q99ZW2,,false,IEKILTFR,KPAFLSGEQK,440,536,3,1,442,536,,-1,4,0,1.007276,10.586062
Scan: 1572107 Run: DIA12_CV486075:20251228_A2_N1_Mueller_MS_TechHub_IMP_THIDDIAXL003_Cas9_PhoX_DIA12_CV486075_250ng_FAIMS_003 P1_KRPLIETNGETGEIVWDK P2_KPAFLSGEQK 1 1,DIA12_CV486075:20251228_A2_N1_Mueller_MS_TechHub_IMP_THIDDIAXL003_Cas9_PhoX_DIA12_CV486075_250ng_FAIMS_003,1572107,,,Q99ZW2,,,false,Q99ZW2,Q99ZW2,,false,KPAFLSGEQK,KRPLIETNGETGEIVWDK,536,1059,1,1,536,1059,,-1,4,0,1.007276,10.583792
Scan: 544340 Run: DIA12_CV486075:20251228_A2_N1_Mueller_MS_TechHub_IMP_THIDDIAXL003_Cas9_PhoX_DIA12_CV486075_250ng_FAIMS_001 P1_KRPLIETNGETGEIVWDK P2_GKSDNVPSEEVVK 1 2,DIA12_CV486075:20251228_A2_N1_Mueller_MS_TechHub_IMP_THIDDIAXL003_Cas9_PhoX_DIA12_CV486075_250ng_FAIMS_001,544340,,,Q99ZW2,,,false,Q99ZW2,Q99ZW2,,false,GKSDNVPSEEVVK,KRPLIETNGETGEIVWDK,865,1059,2,1,866,1059,,-1,4,0,1.007276,10.583513
Scan: 378006 Run: DIA12_CV486075:20251228_A2_N1_Mueller_MS_TechHub_IMP_THIDDIAXL003_Cas9_PhoX_DIA12_CV486075_250ng_FAIMS_001 P1_NSDKLIAR P2_KPAFLSGEQK 4 1,DIA12_CV486075:20251228_A2_N1_Mueller_MS_TechHub_IMP_THIDDIAXL003_Cas9_PhoX_DIA12_CV486075_250ng_FAIMS_001,378006,,,Q99ZW2,,,false,Q99ZW2,Q99ZW2,,false,KPAFLSGEQK,NSDKLIAR,536,1115,1,4,536,1118,,-1,3,0,1.007276,10.579458
Scan: 619435 Run: DIA12_CV486075:20251228_A2_N1_Mueller_MS_TechHub_IMP_THIDDIAXL003_Cas9_PhoX_DIA12_CV486075_250ng_FAIMS_002 P1_KRPLIETNGETGEIVWDK P2_FKVLGNTDR 1 2,DIA12_CV486075:20251228_A2_N1_Mueller_MS_TechHub_IMP_THIDDIAXL003_Cas9_PhoX_DIA12_CV486075_250ng_FAIMS_002,619435,,,Q99ZW2,,,false,Q99ZW2,Q99ZW2,,false,FKVLGNTDR,KRPLIETNGETGEIVWDK,32,1059,2,1,33,1059,,-1,4,0,1.007276,10.573335
Scan: 1187625 Run: DIA12_CV486075:20251228_A2_N1_Mueller_MS_TechHub_IMP_THIDDIAXL003_Cas9_PhoX_DIA12_CV486075_250ng_FAIMS_002 P1_SKLVSDFR P2_KDFQFYK 2 1,DIA12_CV486075:20251228_A2_N1_Mueller_MS_TechHub_IMP_THIDDIAXL003_Cas9_PhoX_DIA12_CV486075_250ng_FAIMS_002,1187625,,,Q99ZW2,,,false,Q99ZW2,Q99ZW2,,false,KDFQFYK,SKLVSDFR,968,960,1,2,968,961,,-1,3,0,1.007276,10.567618
Scan: 62919 Run: DIA12_CV486075:20251228_A2_N1_Mueller_MS_TechHub_IMP_THIDDIAXL003_Cas9_PhoX_DIA12_CV486075_250ng_FAIMS_001 P1_TEVQTGGFSKESILPK P2_NSDKLIAR 10 4,DIA12_CV486075:20251228_A2_N1_Mueller_MS_TechHub_IMP_THIDDIAXL003_Cas9_PhoX_DIA12_CV486075_250ng_FAIMS_001,62919,,,Q99ZW2,,,false,Q99ZW2,Q99ZW2,,false,NSDKLIAR,TEVQTGGFSKESILPK,1115,1098,4,10,1118,1107,,-1,4,0,1.007276,10.561948
Scan: 255209 Run: DIA12_CV486075:20251228_A2_N1_Mueller_MS_TechHub_IMP_THIDDIAXL003_Cas9_PhoX_DIA12_CV486075_250ng_FAIMS_001 P1_YKEIFFDQSK P2_KDLIIK 2 1,DIA12_CV486075:20251228_A2_N1_Mueller_MS_TechHub_IMP_THIDDIAXL003_Cas9_PhoX_DIA12_CV486075_250ng_FAIMS_001,255209,,,Q99ZW2,,,false,Q99ZW2,Q99ZW2,,false,KDLIIK,YKEIFFDQSK,1192,347,1,2,1192,348,,-1,3,0,1.007276,10.560569
Scan: 1652499 Run: DIA12_CV486075:20251228_A2_N1_Mueller_MS_TechHub_IMP_THIDDIAXL003_Cas9_PhoX_DIA12_CV486075_250ng_FAIMS_003 P1_KNLIGALLFDSGETAEATR P2_EDIQKAQVSGQGDSLHEHIANLAGSPAIK 1 5,DIA12_CV486075:20251228_A2_N1_Mueller_MS_TechHub_IMP_THIDDIAXL003_Cas9_PhoX_DIA12_CV486075_250ng_FAIMS_003,1652499,,,Q99ZW2,,,false,Q99ZW2,Q99ZW2,,false,EDIQKAQVSGQGDSLHEHIANLAGSPAIK,KNLIGALLFDSGETAEATR,706,45,5,1,710,45,,-1,5,0,1.007276,10.55559
Scan: 431199 Run: DIA12_CV486075:20251228_A2_N1_Mueller_MS_TechHub_IMP_THIDDIAXL003_Cas9_PhoX_DIA12_CV486075_250ng_FAIMS_001 P1_KLINGIR P2_EDIQKAQVSGQGDSLHEHIANLAGSPAIKK 1 5,DIA12_CV486075:20251228_A2_N1_Mueller_MS_TechHub_IMP_THIDDIAXL003_Cas9_PhoX_DIA12_CV486075_250ng_FAIMS_001,431199,,,Q99ZW2,,,false,Q99ZW2,Q99ZW2,,false,EDIQKAQVSGQGDSLHEHIANLAGSPAIKK,KLINGIR,706,665,5,1,710,665,,-1,5,0,1.007276,10.555317
Scan: 545678 Run: DIA12_CV486075:20251228_A2_N1_Mueller_MS_TechHub_IMP_THIDDIAXL003_Cas9_PhoX_DIA12_CV486075_250ng_FAIMS_001 P1_YKEIFFDQSK P2_GKSDNVPSEEVVK 2 2,DIA12_CV486075:20251228_A2_N1_Mueller_MS_TechHub_IMP_THIDDIAXL003_Cas9_PhoX_DIA12_CV486075_250ng_FAIMS_001,545678,,,Q99ZW2,,,false,Q99ZW2,Q99ZW2,,false,GKSDNVPSEEVVK,YKEIFFDQSK,865,347,2,2,866,348,,-1,3,0,1.007276,10.553808
Scan: 188983 Run: DIA12_CV486075:20251228_A2_N1_Mueller_MS_TechHub_IMP_THIDDIAXL003_Cas9_PhoX_DIA12_CV486075_250ng_FAIMS_001 P1_KLVDSTDKADLR P2_HPIFGNIVDEVAYHEKYPTIYHLR 1 16,DIA12_CV486075:20251228_A2_N1_Mueller_MS_TechHub_IMP_THIDDIAXL003_Cas9_PhoX_DIA12_CV486075_250ng_FAIMS_001,188983,,,Q99ZW2,,,false,Q99ZW2,Q99ZW2,,false,HPIFGNIVDEVAYHEKYPTIYHLR,KLVDSTDKADLR,116,141,16,1,131,141,,-1,5,0,1.007276,10.553707
Scan: 310733 Run: DIA12_CV486075:20251228_A2_N1_Mueller_MS_TechHub_IMP_THIDDIAXL003_Cas9_PhoX_DIA12_CV486075_250ng_FAIMS_001 P1_KSEETITPWNFEEVVDK P2_KLINGIR 1 1,DIA12_CV486075:20251228_A2_N1_Mueller_MS_TechHub_IMP_THIDDIAXL003_Cas9_PhoX_DIA12_CV486075_250ng_FAIMS_001,310733,,,Q99ZW2,,,false,Q99ZW2,Q99ZW2,,false,KLINGIR,KSEETITPWNFEEVVDK,665,468,1,1,665,468,,-1,4,0,1.007276,10.547877
Scan: 1308381 Run: DIA12_CV486075:20251228_A2_N1_Mueller_MS_TechHub_IMP_THIDDIAXL003_Cas9_PhoX_DIA12_CV486075_250ng_FAIMS_003 P1_SSFEKNPIDFLEAK P2_KDLIIK 5 1,DIA12_CV486075:20251228_A2_N1_Mueller_MS_TechHub_IMP_THIDDIAXL003_Cas9_PhoX_DIA12_CV486075_250ng_FAIMS_003,1308381,,,Q99ZW2,,,false,Q99ZW2,Q99ZW2,,false,KDLIIK,SSFEKNPIDFLEAK,1192,1172,1,5,1192,1176,,-1,3,0,1.007276,10.546949
Scan: 1477266 Run: DIA12_CV486075:20251228_A2_N1_Mueller_MS_TechHub_IMP_THIDDIAXL003_Cas9_PhoX_DIA12_CV486075_250ng_FAIMS_003 P1_QQLPEKYKEIFFDQSK P2_FIKPILEKMDGTEELLVK 6 8,DIA12_CV486075:20251228_A2_N1_Mueller_MS_TechHub_IMP_THIDDIAXL003_Cas9_PhoX_DIA12_CV486075_250ng_FAIMS_003,1477266,,,Q99ZW2,,,false,Q99ZW2,Q99ZW2,,false,FIKPILEKMDGTEELLVK,QQLPEKYKEIFFDQSK,375,341,8,6,382,346,,-1,5,0,1.007276,10.544349
Scan: 703405 Run: DIA12_CV486075:20251228_A2_N1_Mueller_MS_TechHub_IMP_THIDDIAXL003_Cas9_PhoX_DIA12_CV486075_250ng_FAIMS_002 P1_KYGGFDSPTVAYSVLVVAK P2_KLINGIR 1 1,DIA12_CV486075:20251228_A2_N1_Mueller_MS_TechHub_IMP_THIDDIAXL003_Cas9_PhoX_DIA12_CV486075_250ng_FAIMS_002,703405,,,Q99ZW2,,,false,Q99ZW2,Q99ZW2,,false,KLINGIR,KYGGFDSPTVAYSVLVVAK,665,1130,1,1,665,1130,,-1,3,0,1.007276,10.541314
Scan: 687908 Run: DIA12_CV486075:20251228_A2_N1_Mueller_MS_TechHub_IMP_THIDDIAXL003_Cas9_PhoX_DIA12_CV486075_250ng_FAIMS_002 P1_NSDKLIAR P2_KLINGIR 4 1,DIA12_CV486075:20251228_A2_N1_Mueller_MS_TechHub_IMP_THIDDIAXL003_Cas9_PhoX_DIA12_CV486075_250ng_FAIMS_002,687908,,,Q99ZW2,,,false,Q99ZW2,Q99ZW2,,false,KLINGIR,NSDKLIAR,665,1115,1,4,665,1118,,-1,4,0,1.007276,10.53765
Scan: 758156 Run: DIA12_CV486075:20251228_A2_N1_Mueller_MS_TechHub_IMP_THIDDIAXL003_Cas9_PhoX_DIA12_CV486075_250ng_FAIMS_002 P1_YVNFLYLASHYEKLK P2_KDFQFYK 13 1,DIA12_CV486075:20251228_A2_N1_Mueller_MS_TechHub_IMP_THIDDIAXL003_Cas9_PhoX_DIA12_CV486075_250ng_FAIMS_002,758156,,,Q99ZW2,,,false,Q99ZW2,Q99ZW2,,false,KDFQFYK,YVNFLYLASHYEKLK,968,1232,1,13,968,1244,,-1,4,0,1.007276,10.534347
Scan: 1583215 Run: DIA12_CV486075:20251228_A2_N1_Mueller_MS_TechHub_IMP_THIDDIAXL003_Cas9_PhoX_DIA12_CV486075_250ng_FAIMS_003 P1_KPAFLSGEQK P2_IEEGIKELGSQILK 1 6,DIA12_CV486075:20251228_A2_N1_Mueller_MS_TechHub_IMP_THIDDIAXL003_Cas9_PhoX_DIA12_CV486075_250ng_FAIMS_003,1583215,,,Q99ZW2,,,false,Q99ZW2,Q99ZW2,,false,IEEGIKELGSQILK,KPAFLSGEQK,784,536,6,1,789,536,,-1,4,0,1.007276,10.534013
Scan: 386953 Run: DIA12_CV486075:20251228_A2_N1_Mueller_MS_TechHub_IMP_THIDDIAXL003_Cas9_PhoX_DIA12_CV486075_250ng_FAIMS_001 P1_KPAFLSGEQK P2_KLINGIR 1 1,DIA12_CV486075:20251228_A2_N1_Mueller_MS_TechHub_IMP_THIDDIAXL003_Cas9_PhoX_DIA12_CV486075_250ng_FAIMS_001,386953,,,Q99ZW2,,,false,Q99ZW2,Q99ZW2,,false,KLINGIR,KPAFLSGEQK,665,536,1,1,665,536,,-1,3,0,1.007276,10.529671
Scan: 715058 Run: DIA12_CV486075:20251228_A2_N1_Mueller_MS_TechHub_IMP_THIDDIAXL003_Cas9_PhoX_DIA12_CV486075_250ng_FAIMS_002 P1_VLPKHSLLYEYFTVYNELTK P2_SSFEKNPIDFLEAK 4 5,DIA12_CV486075:20251228_A2_N1_Mueller_MS_TechHub_IMP_THIDDIAXL003_Cas9_PhoX_DIA12_CV486075_250ng_FAIMS_002,715058,,,Q99ZW2,,,false,Q99ZW2,Q99ZW2,,false,SSFEKNPIDFLEAK,VLPKHSLLYEYFTVYNELTK,1172,507,5,4,1176,510,,-1,4,0,1.007276,10.525727
Scan: 1450927 Run: DIA12_CV486075:20251228_A2_N1_Mueller_MS_TechHub_IMP_THIDDIAXL003_Cas9_PhoX_DIA12_CV486075_250ng_FAIMS_003 P1_YKEIFFDQSK P2_KLVDSTDK 2 1,DIA12_CV486075:20251228_A2_N1_Mueller_MS_TechHub_IMP_THIDDIAXL003_Cas9_PhoX_DIA12_CV486075_250ng_FAIMS_003,1450927,,,Q99ZW2,,,false,Q99ZW2,Q99ZW2,,false,KLVDSTDK,YKEIFFDQSK,141,347,1,2,141,348,,-1,3,0,1.007276,10.522662
Scan: 709819 Run: DIA12_CV486075:20251228_A2_N1_Mueller_MS_TechHub_IMP_THIDDIAXL003_Cas9_PhoX_DIA12_CV486075_250ng_FAIMS_002 P1_SSFEKNPIDFLEAK P2_KDWDPK 5 1,DIA12_CV486075:20251228_A2_N1_Mueller_MS_TechHub_IMP_THIDDIAXL003_Cas9_PhoX_DIA12_CV486075_250ng_FAIMS_002,709819,,,Q99ZW2,,,false,Q99ZW2,Q99ZW2,,false,KDWDPK,SSFEKNPIDFLEAK,1124,1172,1,5,1124,1176,,-1,3,0,1.007276,10.513094
Scan: 243794 Run: DIA12_CV486075:20251228_A2_N1_Mueller_MS_TechHub_IMP_THIDDIAXL003_Cas9_PhoX_DIA12_CV486075_250ng_FAIMS_001 P1_NLPNEKVLPK P2_FKVLGNTDR 6 2,DIA12_CV486075:20251228_A2_N1_Mueller_MS_TechHub_IMP_THIDDIAXL003_Cas9_PhoX_DIA12_CV486075_250ng_FAIMS_001,243794,,,Q99ZW2,,,false,Q99ZW2,Q99ZW2,,false,FKVLGNTDR,NLPNEKVLPK,32,501,2,6,33,506,,-1,3,0,1.007276,10.511403
Scan: 428941 Run: DIA12_CV486075:20251228_A2_N1_Mueller_MS_TechHub_IMP_THIDDIAXL003_Cas9_PhoX_DIA12_CV486075_250ng_FAIMS_001 P1_SSFEKNPIDFLEAK P2_KLINGIR 5 1,DIA12_CV486075:20251228_A2_N1_Mueller_MS_TechHub_IMP_THIDDIAXL003_Cas9_PhoX_DIA12_CV486075_250ng_FAIMS_001,428941,,,Q99ZW2,,,false,Q99ZW2,Q99ZW2,,false,KLINGIR,SSFEKNPIDFLEAK,665,1172,1,5,665,1176,,-1,4,0,1.007276,10.508365
Scan: 941260 Run: DIA12_CV486075:20251228_A2_N1_Mueller_MS_TechHub_IMP_THIDDIAXL003_Cas9_PhoX_DIA12_CV486075_250ng_FAIMS_002 P1_KSEETITPWNFEEVVDKGASAQSFIER P2_FKVLGNTDR 17 2,DIA12_CV486075:20251228_A2_N1_Mueller_MS_TechHub_IMP_THIDDIAXL003_Cas9_PhoX_DIA12_CV486075_250ng_FAIMS_002,941260,,,Q99ZW2,,,false,Q99ZW2,Q99ZW2,,false,FKVLGNTDR,KSEETITPWNFEEVVDKGASAQSFIER,32,468,2,17,33,484,,-1,4,0,1.007276,10.50489
Scan: 1486088 Run: DIA12_CV486075:20251228_A2_N1_Mueller_MS_TechHub_IMP_THIDDIAXL003_Cas9_PhoX_DIA12_CV486075_250ng_FAIMS_003 P1_KDLIIK P2_IEKILTFR 1 3,DIA12_CV486075:20251228_A2_N1_Mueller_MS_TechHub_IMP_THIDDIAXL003_Cas9_PhoX_DIA12_CV486075_250ng_FAIMS_003,1486088,,,Q99ZW2,,,false,Q99ZW2,Q99ZW2,,false,IEKILTFR,KDLIIK,440,1192,3,1,442,1192,,-1,3,0,1.007276,10.500628
Scan: 854669 Run: DIA12_CV486075:20251228_A2_N1_Mueller_MS_TechHub_IMP_THIDDIAXL003_Cas9_PhoX_DIA12_CV486075_250ng_FAIMS_002 P1_YKEIFFDQSK P2_YKEIFFDQSK 2 2,DIA12_CV486075:20251228_A2_N1_Mueller_MS_TechHub_IMP_THIDDIAXL003_Cas9_PhoX_DIA12_CV486075_250ng_FAIMS_002,854669,,,Q99ZW2,,,false,Q99ZW2,Q99ZW2,,false,YKEIFFDQSK,YKEIFFDQSK,347,347,2,2,348,348,,-1,4,0,1.007276,10.494658
Scan: 1210608 Run: DIA12_CV486075:20251228_A2_N1_Mueller_MS_TechHub_IMP_THIDDIAXL003_Cas9_PhoX_DIA12_CV486075_250ng_FAIMS_003 P1_SEQEIGKATAK P2_IEKILTFR 7 3,DIA12_CV486075:20251228_A2_N1_Mueller_MS_TechHub_IMP_THIDDIAXL003_Cas9_PhoX_DIA12_CV486075_250ng_FAIMS_003,1210608,,,Q99ZW2,,,false,Q99ZW2,Q99ZW2,,false,IEKILTFR,SEQEIGKATAK,440,1025,3,7,442,1031,,-1,3,0,1.007276,10.493608
Scan: 543320 Run: DIA12_CV486075:20251228_A2_N1_Mueller_MS_TechHub_IMP_THIDDIAXL003_Cas9_PhoX_DIA12_CV486075_250ng_FAIMS_001 P1_KDFQFYK P2_DDSIDNKVLTR 1 7,DIA12_CV486075:20251228_A2_N1_Mueller_MS_TechHub_IMP_THIDDIAXL003_Cas9_PhoX_DIA12_CV486075_250ng_FAIMS_001,543320,,,Q99ZW2,,,false,Q99ZW2,Q99ZW2,,false,DDSIDNKVLTR,KDFQFYK,849,968,7,1,855,968,,-1,3,0,1.007276,10.487859
Scan: 902410 Run: DIA12_CV486075:20251228_A2_N1_Mueller_MS_TechHub_IMP_THIDDIAXL003_Cas9_PhoX_DIA12_CV486075_250ng_FAIMS_002 P1_KSEETITPWNFEEVVDK P2_KFKVLGNTDR 1 3,DIA12_CV486075:20251228_A2_N1_Mueller_MS_TechHub_IMP_THIDDIAXL003_Cas9_PhoX_DIA12_CV486075_250ng_FAIMS_002,902410,,,Q99ZW2,,,false,Q99ZW2,Q99ZW2,,false,KFKVLGNTDR,KSEETITPWNFEEVVDK,31,468,3,1,33,468,,-1,4,0,1.007276,10.484258
Scan: 1266215 Run: DIA12_CV486075:20251228_A2_N1_Mueller_MS_TechHub_IMP_THIDDIAXL003_Cas9_PhoX_DIA12_CV486075_250ng_FAIMS_003 P1_KTEVQTGGFSKESILPK P2_KPAFLSGEQK 11 1,DIA12_CV486075:20251228_A2_N1_Mueller_MS_TechHub_IMP_THIDDIAXL003_Cas9_PhoX_DIA12_CV486075_250ng_FAIMS_003,1266215,,,Q99ZW2,,,false,Q99ZW2,Q99ZW2,,false,KPAFLSGEQK,KTEVQTGGFSKESILPK,536,1097,1,11,536,1107,,-1,4,0,1.007276,10.48004
Scan: 72006 Run: DIA12_CV486075:20251228_A2_N1_Mueller_MS_TechHub_IMP_THIDDIAXL003_Cas9_PhoX_DIA12_CV486075_250ng_FAIMS_001 P1_TEVQTGGFSKESILPK P2_KLINGIR 10 1,DIA12_CV486075:20251228_A2_N1_Mueller_MS_TechHub_IMP_THIDDIAXL003_Cas9_PhoX_DIA12_CV486075_250ng_FAIMS_001,72006,,,Q99ZW2,,,false,Q99ZW2,Q99ZW2,,false,KLINGIR,TEVQTGGFSKESILPK,665,1098,1,10,665,1107,,-1,3,0,1.007276,10.479632
Scan: 979363 Run: DIA12_CV486075:20251228_A2_N1_Mueller_MS_TechHub_IMP_THIDDIAXL003_Cas9_PhoX_DIA12_CV486075_250ng_FAIMS_002 P1_YKEIFFDQSK P2_KPAFLSGEQK 2 1,DIA12_CV486075:20251228_A2_N1_Mueller_MS_TechHub_IMP_THIDDIAXL003_Cas9_PhoX_DIA12_CV486075_250ng_FAIMS_002,979363,,,Q99ZW2,,,false,Q99ZW2,Q99ZW2,,false,KPAFLSGEQK,YKEIFFDQSK,536,347,1,2,536,348,,-1,4,0,1.007276,10.469802
Scan: 1300629 Run: DIA12_CV486075:20251228_A2_N1_Mueller_MS_TechHub_IMP_THIDDIAXL003_Cas9_PhoX_DIA12_CV486075_250ng_FAIMS_003 P1_KYGGFDSPTVAYSVLVVAK P2_KPAFLSGEQK 1 1,DIA12_CV486075:20251228_A2_N1_Mueller_MS_TechHub_IMP_THIDDIAXL003_Cas9_PhoX_DIA12_CV486075_250ng_FAIMS_003,1300629,,,Q99ZW2,,,false,Q99ZW2,Q99ZW2,,false,KPAFLSGEQK,KYGGFDSPTVAYSVLVVAK,536,1130,1,1,536,1130,,-1,4,0,1.007276,10.467444
Scan: 161202 Run: DIA12_CV486075:20251228_A2_N1_Mueller_MS_TechHub_IMP_THIDDIAXL003_Cas9_PhoX_DIA12_CV486075_250ng_FAIMS_001 P1_LKGSPEDNEQK P2_KRPLIETNGETGEIVWDK 2 1,DIA12_CV486075:20251228_A2_N1_Mueller_MS_TechHub_IMP_THIDDIAXL003_Cas9_PhoX_DIA12_CV486075_250ng_FAIMS_001,161202,,,Q99ZW2,,,false,Q99ZW2,Q99ZW2,,false,KRPLIETNGETGEIVWDK,LKGSPEDNEQK,1059,1245,1,2,1059,1246,,-1,4,0,1.007276,10.465497
Scan: 20330 Run: DIA12_CV486075:20251228_A2_N1_Mueller_MS_TechHub_IMP_THIDDIAXL003_Cas9_PhoX_DIA12_CV486075_250ng_FAIMS_001 P1_SEQEIGKATAK P2_KRPLIETNGETGEIVWDK 7 1,DIA12_CV486075:20251228_A2_N1_Mueller_MS_TechHub_IMP_THIDDIAXL003_Cas9_PhoX_DIA12_CV486075_250ng_FAIMS_001,20330,,,Q99ZW2,,,false,Q99ZW2,Q99ZW2,,false,KRPLIETNGETGEIVWDK,SEQEIGKATAK,1059,1025,1,7,1059,1031,,-1,4,0,1.007276,10.46397
Scan: 1409772 Run: DIA12_CV486075:20251228_A2_N1_Mueller_MS_TechHub_IMP_THIDDIAXL003_Cas9_PhoX_DIA12_CV486075_250ng_FAIMS_003 P1_RLENLIAQLPGEKK P2_KPAFLSGEQK 13 1,DIA12_CV486075:20251228_A2_N1_Mueller_MS_TechHub_IMP_THIDDIAXL003_Cas9_PhoX_DIA12_CV486075_250ng_FAIMS_003,1409772,,,Q99ZW2,,,false,Q99ZW2,Q99ZW2,,false,KPAFLSGEQK,RLENLIAQLPGEKK,536,221,1,13,536,233,,-1,4,0,1.007276,10.46141
Scan: 427788 Run: DIA12_CV486075:20251228_A2_N1_Mueller_MS_TechHub_IMP_THIDDIAXL003_Cas9_PhoX_DIA12_CV486075_250ng_FAIMS_001 P1_TEVQTGGFSKESILPK P2_KLINGIR 10 1,DIA12_CV486075:20251228_A2_N1_Mueller_MS_TechHub_IMP_THIDDIAXL003_Cas9_PhoX_DIA12_CV486075_250ng_FAIMS_001,427788,,,Q99ZW2,,,false,Q99ZW2,Q99ZW2,,false,KLINGIR,TEVQTGGFSKESILPK,665,1098,1,10,665,1107,,-1,4,0,1.007276,10.454661
Scan: 374366 Run: DIA12_CV486075:20251228_A2_N1_Mueller_MS_TechHub_IMP_THIDDIAXL003_Cas9_PhoX_DIA12_CV486075_250ng_FAIMS_001 P1_VKYVTEGMR P2_KPAFLSGEQK 2 1,DIA12_CV486075:20251228_A2_N1_Mueller_MS_TechHub_IMP_THIDDIAXL003_Cas9_PhoX_DIA12_CV486075_250ng_FAIMS_001,374366,,,Q99ZW2,,,false,Q99ZW2,Q99ZW2,,false,KPAFLSGEQK,VKYVTEGMR,536,527,1,2,536,528,,-1,3,0,1.007276,10.454432
Scan: 1341062 Run: DIA12_CV486075:20251228_A2_N1_Mueller_MS_TechHub_IMP_THIDDIAXL003_Cas9_PhoX_DIA12_CV486075_250ng_FAIMS_003 P1_LPKYSLFELENGR P2_KPAFLSGEQK 3 1,DIA12_CV486075:20251228_A2_N1_Mueller_MS_TechHub_IMP_THIDDIAXL003_Cas9_PhoX_DIA12_CV486075_250ng_FAIMS_003,1341062,,,Q99ZW2,,,false,Q99ZW2,Q99ZW2,,false,KPAFLSGEQK,LPKYSLFELENGR,536,1198,1,3,536,1200,,-1,4,0,1.007276,10.454174
Scan: 439082 Run: DIA12_CV486075:20251228_A2_N1_Mueller_MS_TechHub_IMP_THIDDIAXL003_Cas9_PhoX_DIA12_CV486075_250ng_FAIMS_001 P1_QSGKTILDFLK P2_KDLIIK 4 1,DIA12_CV486075:20251228_A2_N1_Mueller_MS_TechHub_IMP_THIDDIAXL003_Cas9_PhoX_DIA12_CV486075_250ng_FAIMS_001,439082,,,Q99ZW2,,,false,Q99ZW2,Q99ZW2,,false,KDLIIK,QSGKTILDFLK,1192,674,1,4,1192,677,,-1,3,0,1.007276,10.449954
Scan: 709150 Run: DIA12_CV486075:20251228_A2_N1_Mueller_MS_TechHub_IMP_THIDDIAXL003_Cas9_PhoX_DIA12_CV486075_250ng_FAIMS_002 P1_SSFEKNPIDFLEAK P2_NSDKLIAR 5 4,DIA12_CV486075:20251228_A2_N1_Mueller_MS_TechHub_IMP_THIDDIAXL003_Cas9_PhoX_DIA12_CV486075_250ng_FAIMS_002,709150,,,Q99ZW2,,,false,Q99ZW2,Q99ZW2,,false,NSDKLIAR,SSFEKNPIDFLEAK,1115,1172,4,5,1118,1176,,-1,3,0,1.007276,10.446741
Scan: 802252 Run: DIA12_CV486075:20251228_A2_N1_Mueller_MS_TechHub_IMP_THIDDIAXL003_Cas9_PhoX_DIA12_CV486075_250ng_FAIMS_002 P1_KLVDSTDK P2_KFDNLTK 1 1,DIA12_CV486075:20251228_A2_N1_Mueller_MS_TechHub_IMP_THIDDIAXL003_Cas9_PhoX_DIA12_CV486075_250ng_FAIMS_002,802252,,,Q99ZW2,,,false,Q99ZW2,Q99ZW2,,false,KFDNLTK,KLVDSTDK,896,141,1,1,896,141,,-1,3,0,1.007276,10.446548
Scan: 1049354 Run: DIA12_CV486075:20251228_A2_N1_Mueller_MS_TechHub_IMP_THIDDIAXL003_Cas9_PhoX_DIA12_CV486075_250ng_FAIMS_002 P1_TEVQTGGFSKESILPK P2_EDIQKAQVSGQGDSLHEHIANLAGSPAIK 10 5,DIA12_CV486075:20251228_A2_N1_Mueller_MS_TechHub_IMP_THIDDIAXL003_Cas9_PhoX_DIA12_CV486075_250ng_FAIMS_002,1049354,,,Q99ZW2,,,false,Q99ZW2,Q99ZW2,,false,EDIQKAQVSGQGDSLHEHIANLAGSPAIK,TEVQTGGFSKESILPK,706,1098,5,10,710,1107,,-1,5,0,1.007276,10.440104
Scan: 1502984 Run: DIA12_CV486075:20251228_A2_N1_Mueller_MS_TechHub_IMP_THIDDIAXL003_Cas9_PhoX_DIA12_CV486075_250ng_FAIMS_003 P1_MTNFDKNLPNEK P2_KSEETITPWNFEEVVDK 6 1,DIA12_CV486075:20251228_A2_N1_Mueller_MS_TechHub_IMP_THIDDIAXL003_Cas9_PhoX_DIA12_CV486075_250ng_FAIMS_003,1502984,,,Q99ZW2,,,false,Q99ZW2,Q99ZW2,,false,KSEETITPWNFEEVVDK,MTNFDKNLPNEK,468,495,1,6,468,500,,-1,4,0,1.007276,10.437709
Scan: 483805 Run: DIA12_CV486075:20251228_A2_N1_Mueller_MS_TechHub_IMP_THIDDIAXL003_Cas9_PhoX_DIA12_CV486075_250ng_FAIMS_001 P1_KGILQTVK P2_FKVLGNTDR 1 2,DIA12_CV486075:20251228_A2_N1_Mueller_MS_TechHub_IMP_THIDDIAXL003_Cas9_PhoX_DIA12_CV486075_250ng_FAIMS_001,483805,,,Q99ZW2,,,false,Q99ZW2,Q99ZW2,,false,FKVLGNTDR,KGILQTVK,32,735,2,1,33,735,,-1,3,0,1.007276,10.43726
Scan: 839058 Run: DIA12_CV486075:20251228_A2_N1_Mueller_MS_TechHub_IMP_THIDDIAXL003_Cas9_PhoX_DIA12_CV486075_250ng_FAIMS_002 P1_NSDKLIAR P2_FKVLGNTDR 4 2,DIA12_CV486075:20251228_A2_N1_Mueller_MS_TechHub_IMP_THIDDIAXL003_Cas9_PhoX_DIA12_CV486075_250ng_FAIMS_002,839058,,,Q99ZW2,,,false,Q99ZW2,Q99ZW2,,false,FKVLGNTDR,NSDKLIAR,32,1115,2,4,33,1118,,-1,3,0,1.007276,10.435672
Scan: 1372524 Run: DIA12_CV486075:20251228_A2_N1_Mueller_MS_TechHub_IMP_THIDDIAXL003_Cas9_PhoX_DIA12_CV486075_250ng_FAIMS_003 P1_KPAFLSGEQK P2_HYLDEIIEQISEFSKR 1 15,DIA12_CV486075:20251228_A2_N1_Mueller_MS_TechHub_IMP_THIDDIAXL003_Cas9_PhoX_DIA12_CV486075_250ng_FAIMS_003,1372524,,,Q99ZW2,,,false,Q99ZW2,Q99ZW2,,false,HYLDEIIEQISEFSKR,KPAFLSGEQK,1264,536,15,1,1278,536,,-1,4,0,1.007276,10.43444
Scan: 83240 Run: DIA12_CV486075:20251228_A2_N1_Mueller_MS_TechHub_IMP_THIDDIAXL003_Cas9_PhoX_DIA12_CV486075_250ng_FAIMS_001 P1_NSDKLIAR P2_KDWDPK 4 1,DIA12_CV486075:20251228_A2_N1_Mueller_MS_TechHub_IMP_THIDDIAXL003_Cas9_PhoX_DIA12_CV486075_250ng_FAIMS_001,83240,,,Q99ZW2,,,false,Q99ZW2,Q99ZW2,,false,KDWDPK,NSDKLIAR,1124,1115,1,4,1124,1118,,-1,3,0,1.007276,10.434279
Scan: 381636 Run: DIA12_CV486075:20251228_A2_N1_Mueller_MS_TechHub_IMP_THIDDIAXL003_Cas9_PhoX_DIA12_CV486075_250ng_FAIMS_001 P1_KPAFLSGEQK P2_FKVLGNTDR 1 2,DIA12_CV486075:20251228_A2_N1_Mueller_MS_TechHub_IMP_THIDDIAXL003_Cas9_PhoX_DIA12_CV486075_250ng_FAIMS_001,381636,,,Q99ZW2,,,false,Q99ZW2,Q99ZW2,,false,FKVLGNTDR,KPAFLSGEQK,32,536,2,1,33,536,,-1,3,0,1.007276,10.434094
Scan: 62961 Run: DIA12_CV486075:20251228_A2_N1_Mueller_MS_TechHub_IMP_THIDDIAXL003_Cas9_PhoX_DIA12_CV486075_250ng_FAIMS_001 P1_NSDKLIAR P2_KTEVQTGGFSKESILPK 4 11,DIA12_CV486075:20251228_A2_N1_Mueller_MS_TechHub_IMP_THIDDIAXL003_Cas9_PhoX_DIA12_CV486075_250ng_FAIMS_001,62961,,,Q99ZW2,,,false,Q99ZW2,Q99ZW2,,false,KTEVQTGGFSKESILPK,NSDKLIAR,1097,1115,11,4,1107,1118,,-1,3,0,1.007276,10.432451
Scan: 1698467 Run: DIA12_CV486075:20251228_A2_N1_Mueller_MS_TechHub_IMP_THIDDIAXL003_Cas9_PhoX_DIA12_CV486075_250ng_FAIMS_003 P1_VVDELVKVMGR P2_KSEETITPWNFEEVVDKGASAQSFIER 7 17,DIA12_CV486075:20251228_A2_N1_Mueller_MS_TechHub_IMP_THIDDIAXL003_Cas9_PhoX_DIA12_CV486075_250ng_FAIMS_003,1698467,,,Q99ZW2,,,false,Q99ZW2,Q99ZW2,,false,KSEETITPWNFEEVVDKGASAQSFIER,VVDELVKVMGR,468,743,17,7,484,749,,-1,4,0,1.007276,10.43087
Scan: 115715 Run: DIA12_CV486075:20251228_A2_N1_Mueller_MS_TechHub_IMP_THIDDIAXL003_Cas9_PhoX_DIA12_CV486075_250ng_FAIMS_001 P1_YKEIFFDQSK P2_SSFEKNPIDFLEAK 2 5,DIA12_CV486075:20251228_A2_N1_Mueller_MS_TechHub_IMP_THIDDIAXL003_Cas9_PhoX_DIA12_CV486075_250ng_FAIMS_001,115715,,,Q99ZW2,,,false,Q99ZW2,Q99ZW2,,false,SSFEKNPIDFLEAK,YKEIFFDQSK,1172,347,5,2,1176,348,,-1,4,0,1.007276,10.42632
Scan: 40164 Run: DIA12_CV486075:20251228_A2_N1_Mueller_MS_TechHub_IMP_THIDDIAXL003_Cas9_PhoX_DIA12_CV486075_250ng_FAIMS_001 P1_KTEVQTGGFSK P2_EDIQKAQVSGQGDSLHEHIANLAGSPAIK 1 5,DIA12_CV486075:20251228_A2_N1_Mueller_MS_TechHub_IMP_THIDDIAXL003_Cas9_PhoX_DIA12_CV486075_250ng_FAIMS_001,40164,,,Q99ZW2,,,false,Q99ZW2,Q99ZW2,,false,EDIQKAQVSGQGDSLHEHIANLAGSPAIK,KTEVQTGGFSK,706,1097,5,1,710,1097,,-1,4,0,1.007276,10.421354
Scan: 1542573 Run: DIA12_CV486075:20251228_A2_N1_Mueller_MS_TechHub_IMP_THIDDIAXL003_Cas9_PhoX_DIA12_CV486075_250ng_FAIMS_003 P1_KSEETITPWNFEEVVDKGASAQSFIER P2_KPAFLSGEQK 17 1,DIA12_CV486075:20251228_A2_N1_Mueller_MS_TechHub_IMP_THIDDIAXL003_Cas9_PhoX_DIA12_CV486075_250ng_FAIMS_003,1542573,,,Q99ZW2,,,false,Q99ZW2,Q99ZW2,,false,KPAFLSGEQK,KSEETITPWNFEEVVDKGASAQSFIER,536,468,1,17,536,484,,-1,4,0,1.007276,10.412529
Scan: 857067 Run: DIA12_CV486075:20251228_A2_N1_Mueller_MS_TechHub_IMP_THIDDIAXL003_Cas9_PhoX_DIA12_CV486075_250ng_FAIMS_002 P1_YKEIFFDQSK P2_KAIVDLLFK 2 1,DIA12_CV486075:20251228_A2_N1_Mueller_MS_TechHub_IMP_THIDDIAXL003_Cas9_PhoX_DIA12_CV486075_250ng_FAIMS_002,857067,,,Q99ZW2,,,false,Q99ZW2,Q99ZW2,,false,KAIVDLLFK,YKEIFFDQSK,546,347,1,2,546,348,,-1,3,0,1.007276,10.408292
Scan: 256992 Run: DIA12_CV486075:20251228_A2_N1_Mueller_MS_TechHub_IMP_THIDDIAXL003_Cas9_PhoX_DIA12_CV486075_250ng_FAIMS_001 P1_YKEIFFDQSK P2_FKVLGNTDR 2 2,DIA12_CV486075:20251228_A2_N1_Mueller_MS_TechHub_IMP_THIDDIAXL003_Cas9_PhoX_DIA12_CV486075_250ng_FAIMS_001,256992,,,Q99ZW2,,,false,Q99ZW2,Q99ZW2,,false,FKVLGNTDR,YKEIFFDQSK,32,347,2,2,33,348,,-1,3,0,1.007276,10.4082
Scan: 590022 Run: DIA12_CV486075:20251228_A2_N1_Mueller_MS_TechHub_IMP_THIDDIAXL003_Cas9_PhoX_DIA12_CV486075_250ng_FAIMS_001 P1_SKLVSDFR P2_EVKVITLK 2 3,DIA12_CV486075:20251228_A2_N1_Mueller_MS_TechHub_IMP_THIDDIAXL003_Cas9_PhoX_DIA12_CV486075_250ng_FAIMS_001,590022,,,Q99ZW2,,,false,Q99ZW2,Q99ZW2,,false,EVKVITLK,SKLVSDFR,952,960,3,2,954,961,,-1,3,0,1.007276,10.408167
Scan: 1507469 Run: DIA12_CV486075:20251228_A2_N1_Mueller_MS_TechHub_IMP_THIDDIAXL003_Cas9_PhoX_DIA12_CV486075_250ng_FAIMS_003 P1_KSEETITPWNFEEVVDK P2_KGILQTVK 1 1,DIA12_CV486075:20251228_A2_N1_Mueller_MS_TechHub_IMP_THIDDIAXL003_Cas9_PhoX_DIA12_CV486075_250ng_FAIMS_003,1507469,,,Q99ZW2,,,false,Q99ZW2,Q99ZW2,,false,KGILQTVK,KSEETITPWNFEEVVDK,735,468,1,1,735,468,,-1,3,0,1.007276,10.40154
Scan: 1775635 Run: DIA12_CV486075:20251228_A2_N1_Mueller_MS_TechHub_IMP_THIDDIAXL003_Cas9_PhoX_DIA12_CV486075_250ng_FAIMS_003 P1_MNTKYDENDKLIR P2_KSEETITPWNFEEVVDK 4 1,DIA12_CV486075:20251228_A2_N1_Mueller_MS_TechHub_IMP_THIDDIAXL003_Cas9_PhoX_DIA12_CV486075_250ng_FAIMS_003,1775635,,,Q99ZW2,,,false,Q99ZW2,Q99ZW2,,false,KSEETITPWNFEEVVDK,MNTKYDENDKLIR,468,939,1,4,468,942,,-1,4,0,1.007276,10.39995
Scan: 410761 Run: DIA12_CV486075:20251228_A2_N1_Mueller_MS_TechHub_IMP_THIDDIAXL003_Cas9_PhoX_DIA12_CV486075_250ng_FAIMS_001 P1_KVTVK P2_KVTVK 1 1,DIA12_CV486075:20251228_A2_N1_Mueller_MS_TechHub_IMP_THIDDIAXL003_Cas9_PhoX_DIA12_CV486075_250ng_FAIMS_001,410761,,,Q99ZW2,,,false,Q99ZW2,Q99ZW2,,false,KVTVK,KVTVK,558,558,1,1,558,558,,-1,3,0,1.007276,10.399659
Scan: 1497042 Run: DIA12_CV486075:20251228_A2_N1_Mueller_MS_TechHub_IMP_THIDDIAXL003_Cas9_PhoX_DIA12_CV486075_250ng_FAIMS_003 P1_KSEETITPWNFEEVVDK P2_KDLIIK 1 1,DIA12_CV486075:20251228_A2_N1_Mueller_MS_TechHub_IMP_THIDDIAXL003_Cas9_PhoX_DIA12_CV486075_250ng_FAIMS_003,1497042,,,Q99ZW2,,,false,Q99ZW2,Q99ZW2,,false,KDLIIK,KSEETITPWNFEEVVDK,1192,468,1,1,1192,468,,-1,4,0,1.007276,10.398439
Scan: 502554 Run: DIA12_CV486075:20251228_A2_N1_Mueller_MS_TechHub_IMP_THIDDIAXL003_Cas9_PhoX_DIA12_CV486075_250ng_FAIMS_001 P1_VVDELVKVMGR P2_FKVLGNTDR 7 2,DIA12_CV486075:20251228_A2_N1_Mueller_MS_TechHub_IMP_THIDDIAXL003_Cas9_PhoX_DIA12_CV486075_250ng_FAIMS_001,502554,,,Q99ZW2,,,false,Q99ZW2,Q99ZW2,,false,FKVLGNTDR,VVDELVKVMGR,32,743,2,7,33,749,,-1,3,0,1.007276,10.397202
Scan: 981226 Run: DIA12_CV486075:20251228_A2_N1_Mueller_MS_TechHub_IMP_THIDDIAXL003_Cas9_PhoX_DIA12_CV486075_250ng_FAIMS_002 P1_VLPKHSLLYEYFTVYNELTK P2_KPAFLSGEQK 4 1,DIA12_CV486075:20251228_A2_N1_Mueller_MS_TechHub_IMP_THIDDIAXL003_Cas9_PhoX_DIA12_CV486075_250ng_FAIMS_002,981226,,,Q99ZW2,,,false,Q99ZW2,Q99ZW2,,false,KPAFLSGEQK,VLPKHSLLYEYFTVYNELTK,536,507,1,4,536,510,,-1,4,0,1.007276,10.396339
Scan: 1544083 Run: DIA12_CV486075:20251228_A2_N1_Mueller_MS_TechHub_IMP_THIDDIAXL003_Cas9_PhoX_DIA12_CV486075_250ng_FAIMS_003 P1_KSEETITPWNFEEVVDKGASAQSFIER P2_KLINGIR 17 1,DIA12_CV486075:20251228_A2_N1_Mueller_MS_TechHub_IMP_THIDDIAXL003_Cas9_PhoX_DIA12_CV486075_250ng_FAIMS_003,1544083,,,Q99ZW2,,,false,Q99ZW2,Q99ZW2,,false,KLINGIR,KSEETITPWNFEEVVDKGASAQSFIER,665,468,1,17,665,484,,-1,5,0,1.007276,10.395346
Scan: 537530 Run: DIA12_CV486075:20251228_A2_N1_Mueller_MS_TechHub_IMP_THIDDIAXL003_Cas9_PhoX_DIA12_CV486075_250ng_FAIMS_001 P1_QITKHVAQILDSR P2_EHPVENTQLQNEKLYLYYLQNGR 4 13,DIA12_CV486075:20251228_A2_N1_Mueller_MS_TechHub_IMP_THIDDIAXL003_Cas9_PhoX_DIA12_CV486075_250ng_FAIMS_001,537530,,,Q99ZW2,,,false,Q99ZW2,Q99ZW2,,false,EHPVENTQLQNEKLYLYYLQNGR,QITKHVAQILDSR,798,926,13,4,810,929,,-1,5,0,1.007276,10.395014
Scan: 242680 Run: DIA12_CV486075:20251228_A2_N1_Mueller_MS_TechHub_IMP_THIDDIAXL003_Cas9_PhoX_DIA12_CV486075_250ng_FAIMS_001 P1_FKVLGNTDR P2_FKVLGNTDR 2 2,DIA12_CV486075:20251228_A2_N1_Mueller_MS_TechHub_IMP_THIDDIAXL003_Cas9_PhoX_DIA12_CV486075_250ng_FAIMS_001,242680,,,Q99ZW2,,,false,Q99ZW2,Q99ZW2,,false,FKVLGNTDR,FKVLGNTDR,32,32,2,2,33,33,,-1,3,0,1.007276,10.394264
Scan: 1626021 Run: DIA12_CV486075:20251228_A2_N1_Mueller_MS_TechHub_IMP_THIDDIAXL003_Cas9_PhoX_DIA12_CV486075_250ng_FAIMS_003 P1_KLINGIR P2_EDIQKAQVSGQGDSLHEHIANLAGSPAIKK 1 5,DIA12_CV486075:20251228_A2_N1_Mueller_MS_TechHub_IMP_THIDDIAXL003_Cas9_PhoX_DIA12_CV486075_250ng_FAIMS_003,1626021,,,Q99ZW2,,,false,Q99ZW2,Q99ZW2,,false,EDIQKAQVSGQGDSLHEHIANLAGSPAIKK,KLINGIR,706,665,5,1,710,665,,-1,6,0,1.007276,10.392928
Scan: 1234833 Run: DIA12_CV486075:20251228_A2_N1_Mueller_MS_TechHub_IMP_THIDDIAXL003_Cas9_PhoX_DIA12_CV486075_250ng_FAIMS_003 P1_KTEVQTGGFSK P2_KLINGIR 1 1,DIA12_CV486075:20251228_A2_N1_Mueller_MS_TechHub_IMP_THIDDIAXL003_Cas9_PhoX_DIA12_CV486075_250ng_FAIMS_003,1234833,,,Q99ZW2,,,false,Q99ZW2,Q99ZW2,,false,KLINGIR,KTEVQTGGFSK,665,1097,1,1,665,1097,,-1,3,0,1.007276,10.391242
Scan: 254228 Run: DIA12_CV486075:20251228_A2_N1_Mueller_MS_TechHub_IMP_THIDDIAXL003_Cas9_PhoX_DIA12_CV486075_250ng_FAIMS_001 P1_YKEIFFDQSK P2_LEESFLVEEDKK 2 11,DIA12_CV486075:20251228_A2_N1_Mueller_MS_TechHub_IMP_THIDDIAXL003_Cas9_PhoX_DIA12_CV486075_250ng_FAIMS_001,254228,,,Q99ZW2,,,false,Q99ZW2,Q99ZW2,,false,LEESFLVEEDKK,YKEIFFDQSK,101,347,11,2,111,348,,-1,3,0,1.007276,10.39077
Scan: 118044 Run: DIA12_CV486075:20251228_A2_N1_Mueller_MS_TechHub_IMP_THIDDIAXL003_Cas9_PhoX_DIA12_CV486075_250ng_FAIMS_001 P1_VKYVTEGMR P2_SSFEKNPIDFLEAK 2 5,DIA12_CV486075:20251228_A2_N1_Mueller_MS_TechHub_IMP_THIDDIAXL003_Cas9_PhoX_DIA12_CV486075_250ng_FAIMS_001,118044,,,Q99ZW2,,,false,Q99ZW2,Q99ZW2,,false,SSFEKNPIDFLEAK,VKYVTEGMR,1172,527,5,2,1176,528,,-1,3,0,1.007276,10.388506
Scan: 1739127 Run: DIA12_CV486075:20251228_A2_N1_Mueller_MS_TechHub_IMP_THIDDIAXL003_Cas9_PhoX_DIA12_CV486075_250ng_FAIMS_003 P1_SEQEIGKATAK P2_GKSDNVPSEEVVK 7 2,DIA12_CV486075:20251228_A2_N1_Mueller_MS_TechHub_IMP_THIDDIAXL003_Cas9_PhoX_DIA12_CV486075_250ng_FAIMS_003,1739127,,,Q99ZW2,,,false,Q99ZW2,Q99ZW2,,false,GKSDNVPSEEVVK,SEQEIGKATAK,865,1025,2,7,866,1031,,-1,3,0,1.007276,10.388428
Scan: 977377 Run: DIA12_CV486075:20251228_A2_N1_Mueller_MS_TechHub_IMP_THIDDIAXL003_Cas9_PhoX_DIA12_CV486075_250ng_FAIMS_002 P1_LKGSPEDNEQK P2_KPAFLSGEQK 2 1,DIA12_CV486075:20251228_A2_N1_Mueller_MS_TechHub_IMP_THIDDIAXL003_Cas9_PhoX_DIA12_CV486075_250ng_FAIMS_002,977377,,,Q99ZW2,,,false,Q99ZW2,Q99ZW2,,false,KPAFLSGEQK,LKGSPEDNEQK,536,1245,1,2,536,1246,,-1,3,0,1.007276,10.385922
Scan: 36627 Run: DIA12_CV486075:20251228_A2_N1_Mueller_MS_TechHub_IMP_THIDDIAXL003_Cas9_PhoX_DIA12_CV486075_250ng_FAIMS_001 P1_SSFEKNPIDFLEAK P2_KTEVQTGGFSK 5 1,DIA12_CV486075:20251228_A2_N1_Mueller_MS_TechHub_IMP_THIDDIAXL003_Cas9_PhoX_DIA12_CV486075_250ng_FAIMS_001,36627,,,Q99ZW2,,,false,Q99ZW2,Q99ZW2,,false,KTEVQTGGFSK,SSFEKNPIDFLEAK,1097,1172,1,5,1097,1176,,-1,3,0,1.007276,10.383628
Scan: 689381 Run: DIA12_CV486075:20251228_A2_N1_Mueller_MS_TechHub_IMP_THIDDIAXL003_Cas9_PhoX_DIA12_CV486075_250ng_FAIMS_002 P1_NSDKLIAR P2_KGILQTVK 4 1,DIA12_CV486075:20251228_A2_N1_Mueller_MS_TechHub_IMP_THIDDIAXL003_Cas9_PhoX_DIA12_CV486075_250ng_FAIMS_002,689381,,,Q99ZW2,,,false,Q99ZW2,Q99ZW2,,false,KGILQTVK,NSDKLIAR,735,1115,1,4,735,1118,,-1,3,0,1.007276,10.381776
Scan: 1261090 Run: DIA12_CV486075:20251228_A2_N1_Mueller_MS_TechHub_IMP_THIDDIAXL003_Cas9_PhoX_DIA12_CV486075_250ng_FAIMS_003 P1_KYGGFDSPTVAYSVLVVAK P2_KTEVQTGGFSKESILPK 1 11,DIA12_CV486075:20251228_A2_N1_Mueller_MS_TechHub_IMP_THIDDIAXL003_Cas9_PhoX_DIA12_CV486075_250ng_FAIMS_003,1261090,,,Q99ZW2,,,false,Q99ZW2,Q99ZW2,,false,KTEVQTGGFSKESILPK,KYGGFDSPTVAYSVLVVAK,1097,1130,11,1,1107,1130,,-1,4,0,1.007276,10.376926
Scan: 1561167 Run: DIA12_CV486075:20251228_A2_N1_Mueller_MS_TechHub_IMP_THIDDIAXL003_Cas9_PhoX_DIA12_CV486075_250ng_FAIMS_003 P1_YDENDKLIR P2_VLPKHSLLYEYFTVYNELTK 6 4,DIA12_CV486075:20251228_A2_N1_Mueller_MS_TechHub_IMP_THIDDIAXL003_Cas9_PhoX_DIA12_CV486075_250ng_FAIMS_003,1561167,,,Q99ZW2,,,false,Q99ZW2,Q99ZW2,,false,VLPKHSLLYEYFTVYNELTK,YDENDKLIR,507,943,4,6,510,948,,-1,4,0,1.007276,10.376216
Scan: 310691 Run: DIA12_CV486075:20251228_A2_N1_Mueller_MS_TechHub_IMP_THIDDIAXL003_Cas9_PhoX_DIA12_CV486075_250ng_FAIMS_001 P1_KSEETITPWNFEEVVDK P2_KLINGIR 1 1,DIA12_CV486075:20251228_A2_N1_Mueller_MS_TechHub_IMP_THIDDIAXL003_Cas9_PhoX_DIA12_CV486075_250ng_FAIMS_001,310691,,,Q99ZW2,,,false,Q99ZW2,Q99ZW2,,false,KLINGIR,KSEETITPWNFEEVVDK,665,468,1,1,665,468,,-1,3,0,1.007276,10.367775
Scan: 429556 Run: DIA12_CV486075:20251228_A2_N1_Mueller_MS_TechHub_IMP_THIDDIAXL003_Cas9_PhoX_DIA12_CV486075_250ng_FAIMS_001 P1_KLINGIR P2_FKVLGNTDR 1 2,DIA12_CV486075:20251228_A2_N1_Mueller_MS_TechHub_IMP_THIDDIAXL003_Cas9_PhoX_DIA12_CV486075_250ng_FAIMS_001,429556,,,Q99ZW2,,,false,Q99ZW2,Q99ZW2,,false,FKVLGNTDR,KLINGIR,32,665,2,1,33,665,,-1,3,0,1.007276,10.367671
Scan: 260314 Run: DIA12_CV486075:20251228_A2_N1_Mueller_MS_TechHub_IMP_THIDDIAXL003_Cas9_PhoX_DIA12_CV486075_250ng_FAIMS_001 P1_YKEIFFDQSK P2_KLINGIR 2 1,DIA12_CV486075:20251228_A2_N1_Mueller_MS_TechHub_IMP_THIDDIAXL003_Cas9_PhoX_DIA12_CV486075_250ng_FAIMS_001,260314,,,Q99ZW2,,,false,Q99ZW2,Q99ZW2,,false,KLINGIR,YKEIFFDQSK,665,347,1,2,665,348,,-1,3,0,1.007276,10.365912
Scan: 143264 Run: DIA12_CV486075:20251228_A2_N1_Mueller_MS_TechHub_IMP_THIDDIAXL003_Cas9_PhoX_DIA12_CV486075_250ng_FAIMS_001 P1_LPKYSLFELENGR P2_KKDWDPK 3 1,DIA12_CV486075:20251228_A2_N1_Mueller_MS_TechHub_IMP_THIDDIAXL003_Cas9_PhoX_DIA12_CV486075_250ng_FAIMS_001,143264,,,Q99ZW2,,,false,Q99ZW2,Q99ZW2,,false,KKDWDPK,LPKYSLFELENGR,1123,1198,1,3,1123,1200,,-1,3,0,1.007276,10.364983
Scan: 225176 Run: DIA12_CV486075:20251228_A2_N1_Mueller_MS_TechHub_IMP_THIDDIAXL003_Cas9_PhoX_DIA12_CV486075_250ng_FAIMS_001 P1_SNFDLAEDAKLQLSK P2_NSDKLIAR 10 4,DIA12_CV486075:20251228_A2_N1_Mueller_MS_TechHub_IMP_THIDDIAXL003_Cas9_PhoX_DIA12_CV486075_250ng_FAIMS_001,225176,,,Q99ZW2,,,false,Q99ZW2,Q99ZW2,,false,NSDKLIAR,SNFDLAEDAKLQLSK,1115,254,4,10,1118,263,,-1,4,0,1.007276,10.362734
Scan: 1305590 Run: DIA12_CV486075:20251228_A2_N1_Mueller_MS_TechHub_IMP_THIDDIAXL003_Cas9_PhoX_DIA12_CV486075_250ng_FAIMS_003 P1_SSFEKNPIDFLEAK P2_SEQEIGKATAK 5 7,DIA12_CV486075:20251228_A2_N1_Mueller_MS_TechHub_IMP_THIDDIAXL003_Cas9_PhoX_DIA12_CV486075_250ng_FAIMS_003,1305590,,,Q99ZW2,,,false,Q99ZW2,Q99ZW2,,false,SEQEIGKATAK,SSFEKNPIDFLEAK,1025,1172,7,5,1031,1176,,-1,3,0,1.007276,10.359433
Scan: 1383725 Run: DIA12_CV486075:20251228_A2_N1_Mueller_MS_TechHub_IMP_THIDDIAXL003_Cas9_PhoX_DIA12_CV486075_250ng_FAIMS_003 P1_KLVDSTDK P2_HPIFGNIVDEVAYHEKYPTIYHLR 1 16,DIA12_CV486075:20251228_A2_N1_Mueller_MS_TechHub_IMP_THIDDIAXL003_Cas9_PhoX_DIA12_CV486075_250ng_FAIMS_003,1383725,,,Q99ZW2,,,false,Q99ZW2,Q99ZW2,,false,HPIFGNIVDEVAYHEKYPTIYHLR,KLVDSTDK,116,141,16,1,131,141,,-1,6,0,1.007276,10.358196
Scan: 1507808 Run: DIA12_CV486075:20251228_A2_N1_Mueller_MS_TechHub_IMP_THIDDIAXL003_Cas9_PhoX_DIA12_CV486075_250ng_FAIMS_003 P1_KSEETITPWNFEEVVDK P2_GILQTVKVVDELVK 1 7,DIA12_CV486075:20251228_A2_N1_Mueller_MS_TechHub_IMP_THIDDIAXL003_Cas9_PhoX_DIA12_CV486075_250ng_FAIMS_003,1507808,,,Q99ZW2,,,false,Q99ZW2,Q99ZW2,,false,GILQTVKVVDELVK,KSEETITPWNFEEVVDK,736,468,7,1,742,468,,-1,4,0,1.007276,10.354023
Scan: 40843 Run: DIA12_CV486075:20251228_A2_N1_Mueller_MS_TechHub_IMP_THIDDIAXL003_Cas9_PhoX_DIA12_CV486075_250ng_FAIMS_001 P1_KTEVQTGGFSK P2_GILQTVKVVDELVK 1 7,DIA12_CV486075:20251228_A2_N1_Mueller_MS_TechHub_IMP_THIDDIAXL003_Cas9_PhoX_DIA12_CV486075_250ng_FAIMS_001,40843,,,Q99ZW2,,,false,Q99ZW2,Q99ZW2,,false,GILQTVKVVDELVK,KTEVQTGGFSK,736,1097,7,1,742,1097,,-1,4,0,1.007276,10.352702
Scan: 975796 Run: DIA12_CV486075:20251228_A2_N1_Mueller_MS_TechHub_IMP_THIDDIAXL003_Cas9_PhoX_DIA12_CV486075_250ng_FAIMS_002 P1_KPAFLSGEQK P2_KKDWDPK 1 1,DIA12_CV486075:20251228_A2_N1_Mueller_MS_TechHub_IMP_THIDDIAXL003_Cas9_PhoX_DIA12_CV486075_250ng_FAIMS_002,975796,,,Q99ZW2,,,false,Q99ZW2,Q99ZW2,,false,KKDWDPK,KPAFLSGEQK,1123,536,1,1,1123,536,,-1,3,0,1.007276,10.351065
Scan: 1192194 Run: DIA12_CV486075:20251228_A2_N1_Mueller_MS_TechHub_IMP_THIDDIAXL003_Cas9_PhoX_DIA12_CV486075_250ng_FAIMS_002 P1_SKLVSDFR P2_KDFQFYK 2 1,DIA12_CV486075:20251228_A2_N1_Mueller_MS_TechHub_IMP_THIDDIAXL003_Cas9_PhoX_DIA12_CV486075_250ng_FAIMS_002,1192194,,,Q99ZW2,,,false,Q99ZW2,Q99ZW2,,false,KDFQFYK,SKLVSDFR,968,960,1,2,968,961,,-1,4,0,1.007276,10.343789
Scan: 115536 Run: DIA12_CV486075:20251228_A2_N1_Mueller_MS_TechHub_IMP_THIDDIAXL003_Cas9_PhoX_DIA12_CV486075_250ng_FAIMS_001 P1_SSFEKNPIDFLEAK P2_FKVLGNTDR 5 2,DIA12_CV486075:20251228_A2_N1_Mueller_MS_TechHub_IMP_THIDDIAXL003_Cas9_PhoX_DIA12_CV486075_250ng_FAIMS_001,115536,,,Q99ZW2,,,false,Q99ZW2,Q99ZW2,,false,FKVLGNTDR,SSFEKNPIDFLEAK,32,1172,2,5,33,1176,,-1,4,0,1.007276,10.336734
Scan: 244342 Run: DIA12_CV486075:20251228_A2_N1_Mueller_MS_TechHub_IMP_THIDDIAXL003_Cas9_PhoX_DIA12_CV486075_250ng_FAIMS_001 P1_KAIVDLLFK P2_FKVLGNTDR 1 2,DIA12_CV486075:20251228_A2_N1_Mueller_MS_TechHub_IMP_THIDDIAXL003_Cas9_PhoX_DIA12_CV486075_250ng_FAIMS_001,244342,,,Q99ZW2,,,false,Q99ZW2,Q99ZW2,,false,FKVLGNTDR,KAIVDLLFK,32,546,2,1,33,546,,-1,3,0,1.007276,10.336559
Scan: 979994 Run: DIA12_CV486075:20251228_A2_N1_Mueller_MS_TechHub_IMP_THIDDIAXL003_Cas9_PhoX_DIA12_CV486075_250ng_FAIMS_002 P1_RQEDFYPFLKDNR P2_KPAFLSGEQK 10 1,DIA12_CV486075:20251228_A2_N1_Mueller_MS_TechHub_IMP_THIDDIAXL003_Cas9_PhoX_DIA12_CV486075_250ng_FAIMS_002,979994,,,Q99ZW2,,,false,Q99ZW2,Q99ZW2,,false,KPAFLSGEQK,RQEDFYPFLKDNR,536,425,1,10,536,434,,-1,4,0,1.007276,10.33629
Scan: 103843 Run: DIA12_CV486075:20251228_A2_N1_Mueller_MS_TechHub_IMP_THIDDIAXL003_Cas9_PhoX_DIA12_CV486075_250ng_FAIMS_001 P1_NSDKLIAR P2_KYGGFDSPTVAYSVLVVAK 4 1,DIA12_CV486075:20251228_A2_N1_Mueller_MS_TechHub_IMP_THIDDIAXL003_Cas9_PhoX_DIA12_CV486075_250ng_FAIMS_001,103843,,,Q99ZW2,,,false,Q99ZW2,Q99ZW2,,false,KYGGFDSPTVAYSVLVVAK,NSDKLIAR,1130,1115,1,4,1130,1118,,-1,3,0,1.007276,10.329764
Scan: 300175 Run: DIA12_CV486075:20251228_A2_N1_Mueller_MS_TechHub_IMP_THIDDIAXL003_Cas9_PhoX_DIA12_CV486075_250ng_FAIMS_001 P1_KTEVQTGGFSKESILPK P2_KSEETITPWNFEEVVDK 11 1,DIA12_CV486075:20251228_A2_N1_Mueller_MS_TechHub_IMP_THIDDIAXL003_Cas9_PhoX_DIA12_CV486075_250ng_FAIMS_001,300175,,,Q99ZW2,,,false,Q99ZW2,Q99ZW2,,false,KSEETITPWNFEEVVDK,KTEVQTGGFSKESILPK,468,1097,1,11,468,1107,,-1,4,0,1.007276,10.328682
Scan: 855981 Run: DIA12_CV486075:20251228_A2_N1_Mueller_MS_TechHub_IMP_THIDDIAXL003_Cas9_PhoX_DIA12_CV486075_250ng_FAIMS_002 P1_YKEIFFDQSK P2_IEKILTFR 2 3,DIA12_CV486075:20251228_A2_N1_Mueller_MS_TechHub_IMP_THIDDIAXL003_Cas9_PhoX_DIA12_CV486075_250ng_FAIMS_002,855981,,,Q99ZW2,,,false,Q99ZW2,Q99ZW2,,false,IEKILTFR,YKEIFFDQSK,440,347,3,2,442,348,,-1,3,0,1.007276,10.326898
Scan: 8064 Run: DIA12_CV486075:20251228_A2_N1_Mueller_MS_TechHub_IMP_THIDDIAXL003_Cas9_PhoX_DIA12_CV486075_250ng_FAIMS_001 P1_YDENDKLIR P2_LESEFVYGDYKVYDVR 6 11,DIA12_CV486075:20251228_A2_N1_Mueller_MS_TechHub_IMP_THIDDIAXL003_Cas9_PhoX_DIA12_CV486075_250ng_FAIMS_001,8064,,,Q99ZW2,,,false,Q99ZW2,Q99ZW2,,false,LESEFVYGDYKVYDVR,YDENDKLIR,1004,943,11,6,1014,948,,-1,4,0,1.007276,10.325525
Scan: 1121917 Run: DIA12_CV486075:20251228_A2_N1_Mueller_MS_TechHub_IMP_THIDDIAXL003_Cas9_PhoX_DIA12_CV486075_250ng_FAIMS_002 P1_KLINGIR P2_ELGSQILKEHPVENTQLQNEK 1 8,DIA12_CV486075:20251228_A2_N1_Mueller_MS_TechHub_IMP_THIDDIAXL003_Cas9_PhoX_DIA12_CV486075_250ng_FAIMS_002,1121917,,,Q99ZW2,,,false,Q99ZW2,Q99ZW2,,false,ELGSQILKEHPVENTQLQNEK,KLINGIR,790,665,8,1,797,665,,-1,4,0,1.007276,10.323406
Scan: 1654540 Run: DIA12_CV486075:20251228_A2_N1_Mueller_MS_TechHub_IMP_THIDDIAXL003_Cas9_PhoX_DIA12_CV486075_250ng_FAIMS_003 P1_KLINGIR P2_EDIQKAQVSGQGDSLHEHIANLAGSPAIK 1 5,DIA12_CV486075:20251228_A2_N1_Mueller_MS_TechHub_IMP_THIDDIAXL003_Cas9_PhoX_DIA12_CV486075_250ng_FAIMS_003,1654540,,,Q99ZW2,,,false,Q99ZW2,Q99ZW2,,false,EDIQKAQVSGQGDSLHEHIANLAGSPAIK,KLINGIR,706,665,5,1,710,665,,-1,6,0,1.007276,10.321192
Scan: 761118 Run: DIA12_CV486075:20251228_A2_N1_Mueller_MS_TechHub_IMP_THIDDIAXL003_Cas9_PhoX_DIA12_CV486075_250ng_FAIMS_002 P1_LKGSPEDNEQK P2_ENQTTQKGQK 2 7,DIA12_CV486075:20251228_A2_N1_Mueller_MS_TechHub_IMP_THIDDIAXL003_Cas9_PhoX_DIA12_CV486075_250ng_FAIMS_002,761118,,,Q99ZW2,,,false,Q99ZW2,Q99ZW2,,false,ENQTTQKGQK,LKGSPEDNEQK,766,1245,7,2,772,1246,,-1,3,0,1.007276,10.318413
Scan: 1235457 Run: DIA12_CV486075:20251228_A2_N1_Mueller_MS_TechHub_IMP_THIDDIAXL003_Cas9_PhoX_DIA12_CV486075_250ng_FAIMS_003 P1_KTEVQTGGFSK P2_KGILQTVK 1 1,DIA12_CV486075:20251228_A2_N1_Mueller_MS_TechHub_IMP_THIDDIAXL003_Cas9_PhoX_DIA12_CV486075_250ng_FAIMS_003,1235457,,,Q99ZW2,,,false,Q99ZW2,Q99ZW2,,false,KGILQTVK,KTEVQTGGFSK,735,1097,1,1,735,1097,,-1,3,0,1.007276,10.315948
Scan: 586444 Run: DIA12_CV486075:20251228_A2_N1_Mueller_MS_TechHub_IMP_THIDDIAXL003_Cas9_PhoX_DIA12_CV486075_250ng_FAIMS_001 P1_YDENDKLIR P2_IEKILTFR 6 3,DIA12_CV486075:20251228_A2_N1_Mueller_MS_TechHub_IMP_THIDDIAXL003_Cas9_PhoX_DIA12_CV486075_250ng_FAIMS_001,586444,,,Q99ZW2,,,false,Q99ZW2,Q99ZW2,,false,IEKILTFR,YDENDKLIR,440,943,3,6,442,948,,-1,3,0,1.007276,10.315671
Scan: 1191735 Run: DIA12_CV486075:20251228_A2_N1_Mueller_MS_TechHub_IMP_THIDDIAXL003_Cas9_PhoX_DIA12_CV486075_250ng_FAIMS_002 P1_KLINGIR P2_KDFQFYK 1 1,DIA12_CV486075:20251228_A2_N1_Mueller_MS_TechHub_IMP_THIDDIAXL003_Cas9_PhoX_DIA12_CV486075_250ng_FAIMS_002,1191735,,,Q99ZW2,,,false,Q99ZW2,Q99ZW2,,false,KDFQFYK,KLINGIR,968,665,1,1,968,665,,-1,3,0,1.007276,10.315324
Scan: 300844 Run: DIA12_CV486075:20251228_A2_N1_Mueller_MS_TechHub_IMP_THIDDIAXL003_Cas9_PhoX_DIA12_CV486075_250ng_FAIMS_001 P1_NSDKLIAR P2_KSEETITPWNFEEVVDK 4 1,DIA12_CV486075:20251228_A2_N1_Mueller_MS_TechHub_IMP_THIDDIAXL003_Cas9_PhoX_DIA12_CV486075_250ng_FAIMS_001,300844,,,Q99ZW2,,,false,Q99ZW2,Q99ZW2,,false,KSEETITPWNFEEVVDK,NSDKLIAR,468,1115,1,4,468,1118,,-1,3,0,1.007276,10.313737
Scan: 660235 Run: DIA12_CV486075:20251228_A2_N1_Mueller_MS_TechHub_IMP_THIDDIAXL003_Cas9_PhoX_DIA12_CV486075_250ng_FAIMS_002 P1_TEVQTGGFSKESILPK P2_NSDKLIAR 10 4,DIA12_CV486075:20251228_A2_N1_Mueller_MS_TechHub_IMP_THIDDIAXL003_Cas9_PhoX_DIA12_CV486075_250ng_FAIMS_002,660235,,,Q99ZW2,,,false,Q99ZW2,Q99ZW2,,false,NSDKLIAR,TEVQTGGFSKESILPK,1115,1098,4,10,1118,1107,,-1,3,0,1.007276,10.312254
Scan: 975508 Run: DIA12_CV486075:20251228_A2_N1_Mueller_MS_TechHub_IMP_THIDDIAXL003_Cas9_PhoX_DIA12_CV486075_250ng_FAIMS_002 P1_NSDKLIAR P2_KPAFLSGEQK 4 1,DIA12_CV486075:20251228_A2_N1_Mueller_MS_TechHub_IMP_THIDDIAXL003_Cas9_PhoX_DIA12_CV486075_250ng_FAIMS_002,975508,,,Q99ZW2,,,false,Q99ZW2,Q99ZW2,,false,KPAFLSGEQK,NSDKLIAR,536,1115,1,4,536,1118,,-1,4,0,1.007276,10.311426
Scan: 257068 Run: DIA12_CV486075:20251228_A2_N1_Mueller_MS_TechHub_IMP_THIDDIAXL003_Cas9_PhoX_DIA12_CV486075_250ng_FAIMS_001 P1_YKEIFFDQSK P2_YDEHHQDLTLLKALVR 2 12,DIA12_CV486075:20251228_A2_N1_Mueller_MS_TechHub_IMP_THIDDIAXL003_Cas9_PhoX_DIA12_CV486075_250ng_FAIMS_001,257068,,,Q99ZW2,,,false,Q99ZW2,Q99ZW2,,false,YDEHHQDLTLLKALVR,YKEIFFDQSK,325,347,12,2,336,348,,-1,5,0,1.007276,10.309944
Scan: 1383406 Run: DIA12_CV486075:20251228_A2_N1_Mueller_MS_TechHub_IMP_THIDDIAXL003_Cas9_PhoX_DIA12_CV486075_250ng_FAIMS_003 P1_KLVDSTDK P2_HPIFGNIVDEVAYHEKYPTIYHLR 1 16,DIA12_CV486075:20251228_A2_N1_Mueller_MS_TechHub_IMP_THIDDIAXL003_Cas9_PhoX_DIA12_CV486075_250ng_FAIMS_003,1383406,,,Q99ZW2,,,false,Q99ZW2,Q99ZW2,,false,HPIFGNIVDEVAYHEKYPTIYHLR,KLVDSTDK,116,141,16,1,131,141,,-1,4,0,1.007276,10.308055
Scan: 907683 Run: DIA12_CV486075:20251228_A2_N1_Mueller_MS_TechHub_IMP_THIDDIAXL003_Cas9_PhoX_DIA12_CV486075_250ng_FAIMS_002 P1_KSEETITPWNFEEVVDK P2_KIECFDSVEISGVEDR 1 1,DIA12_CV486075:20251228_A2_N1_Mueller_MS_TechHub_IMP_THIDDIAXL003_Cas9_PhoX_DIA12_CV486075_250ng_FAIMS_002,907683,,,Q99ZW2,,,false,Q99ZW2,Q99ZW2,,false,KIECFDSVEISGVEDR,KSEETITPWNFEEVVDK,571,468,1,1,571,468,,-1,4,0,1.007276,10.307594
Scan: 1191802 Run: DIA12_CV486075:20251228_A2_N1_Mueller_MS_TechHub_IMP_THIDDIAXL003_Cas9_PhoX_DIA12_CV486075_250ng_FAIMS_002 P1_KGILQTVK P2_KDFQFYK 1 1,DIA12_CV486075:20251228_A2_N1_Mueller_MS_TechHub_IMP_THIDDIAXL003_Cas9_PhoX_DIA12_CV486075_250ng_FAIMS_002,1191802,,,Q99ZW2,,,false,Q99ZW2,Q99ZW2,,false,KDFQFYK,KGILQTVK,968,735,1,1,968,735,,-1,3,0,1.007276,10.307422
Scan: 679427 Run: DIA12_CV486075:20251228_A2_N1_Mueller_MS_TechHub_IMP_THIDDIAXL003_Cas9_PhoX_DIA12_CV486075_250ng_FAIMS_002 P1_TEVQTGGFSKESILPK P2_RNSDKLIAR 10 5,DIA12_CV486075:20251228_A2_N1_Mueller_MS_TechHub_IMP_THIDDIAXL003_Cas9_PhoX_DIA12_CV486075_250ng_FAIMS_002,679427,,,Q99ZW2,,,false,Q99ZW2,Q99ZW2,,false,RNSDKLIAR,TEVQTGGFSKESILPK,1114,1098,5,10,1118,1107,,-1,4,0,1.007276,10.306015
Scan: 1651692 Run: DIA12_CV486075:20251228_A2_N1_Mueller_MS_TechHub_IMP_THIDDIAXL003_Cas9_PhoX_DIA12_CV486075_250ng_FAIMS_003 P1_EKIEKILTFR P2_EDIQKAQVSGQGDSLHEHIANLAGSPAIK 2 5,DIA12_CV486075:20251228_A2_N1_Mueller_MS_TechHub_IMP_THIDDIAXL003_Cas9_PhoX_DIA12_CV486075_250ng_FAIMS_003,1651692,,,Q99ZW2,,,false,Q99ZW2,Q99ZW2,,false,EDIQKAQVSGQGDSLHEHIANLAGSPAIK,EKIEKILTFR,706,438,5,2,710,439,,-1,5,0,1.007276,10.302195
Scan: 951567 Run: DIA12_CV486075:20251228_A2_N1_Mueller_MS_TechHub_IMP_THIDDIAXL003_Cas9_PhoX_DIA12_CV486075_250ng_FAIMS_002 P1_MTNFDKNLPNEK P2_KDLIIK 6 1,DIA12_CV486075:20251228_A2_N1_Mueller_MS_TechHub_IMP_THIDDIAXL003_Cas9_PhoX_DIA12_CV486075_250ng_FAIMS_002,951567,,,Q99ZW2,,,false,Q99ZW2,Q99ZW2,,false,KDLIIK,MTNFDKNLPNEK,1192,495,1,6,1192,500,,-1,3,0,1.007276,10.300843
Scan: 1453954 Run: DIA12_CV486075:20251228_A2_N1_Mueller_MS_TechHub_IMP_THIDDIAXL003_Cas9_PhoX_DIA12_CV486075_250ng_FAIMS_003 P1_YKEIFFDQSK P2_VLPKHSLLYEYFTVYNELTK 2 4,DIA12_CV486075:20251228_A2_N1_Mueller_MS_TechHub_IMP_THIDDIAXL003_Cas9_PhoX_DIA12_CV486075_250ng_FAIMS_003,1453954,,,Q99ZW2,,,false,Q99ZW2,Q99ZW2,,false,VLPKHSLLYEYFTVYNELTK,YKEIFFDQSK,507,347,4,2,510,348,,-1,4,0,1.007276,10.300225
Scan: 560247 Run: DIA12_CV486075:20251228_A2_N1_Mueller_MS_TechHub_IMP_THIDDIAXL003_Cas9_PhoX_DIA12_CV486075_250ng_FAIMS_001 P1_QLLNAKLITQR P2_ENQTTQKGQK 6 7,DIA12_CV486075:20251228_A2_N1_Mueller_MS_TechHub_IMP_THIDDIAXL003_Cas9_PhoX_DIA12_CV486075_250ng_FAIMS_001,560247,,,Q99ZW2,,,false,Q99ZW2,Q99ZW2,,false,ENQTTQKGQK,QLLNAKLITQR,766,885,7,6,772,890,,-1,3,0,1.007276,10.291665
Scan: 946506 Run: DIA12_CV486075:20251228_A2_N1_Mueller_MS_TechHub_IMP_THIDDIAXL003_Cas9_PhoX_DIA12_CV486075_250ng_FAIMS_002 P1_KSEETITPWNFEEVVDKGASAQSFIER P2_KLINGIR 17 1,DIA12_CV486075:20251228_A2_N1_Mueller_MS_TechHub_IMP_THIDDIAXL003_Cas9_PhoX_DIA12_CV486075_250ng_FAIMS_002,946506,,,Q99ZW2,,,false,Q99ZW2,Q99ZW2,,false,KLINGIR,KSEETITPWNFEEVVDKGASAQSFIER,665,468,1,17,665,484,,-1,4,0,1.007276,10.289565
Scan: 743561 Run: DIA12_CV486075:20251228_A2_N1_Mueller_MS_TechHub_IMP_THIDDIAXL003_Cas9_PhoX_DIA12_CV486075_250ng_FAIMS_002 P1_SEETITPWNFEEVVDKGASAQSFIER P2_LPKYSLFELENGR 16 3,DIA12_CV486075:20251228_A2_N1_Mueller_MS_TechHub_IMP_THIDDIAXL003_Cas9_PhoX_DIA12_CV486075_250ng_FAIMS_002,743561,,,Q99ZW2,,,false,Q99ZW2,Q99ZW2,,false,LPKYSLFELENGR,SEETITPWNFEEVVDKGASAQSFIER,1198,469,3,16,1200,484,,-1,4,0,1.007276,10.278312
Scan: 73330 Run: DIA12_CV486075:20251228_A2_N1_Mueller_MS_TechHub_IMP_THIDDIAXL003_Cas9_PhoX_DIA12_CV486075_250ng_FAIMS_001 P1_KTEVQTGGFSKESILPK P2_EDIQKAQVSGQGDSLHEHIANLAGSPAIK 11 5,DIA12_CV486075:20251228_A2_N1_Mueller_MS_TechHub_IMP_THIDDIAXL003_Cas9_PhoX_DIA12_CV486075_250ng_FAIMS_001,73330,,,Q99ZW2,,,false,Q99ZW2,Q99ZW2,,false,EDIQKAQVSGQGDSLHEHIANLAGSPAIK,KTEVQTGGFSKESILPK,706,1097,5,11,710,1107,,-1,5,0,1.007276,10.273921
Scan: 1540821 Run: DIA12_CV486075:20251228_A2_N1_Mueller_MS_TechHub_IMP_THIDDIAXL003_Cas9_PhoX_DIA12_CV486075_250ng_FAIMS_003 P1_SEETITPWNFEEVVDKGASAQSFIER P2_MTNFDKNLPNEK 16 6,DIA12_CV486075:20251228_A2_N1_Mueller_MS_TechHub_IMP_THIDDIAXL003_Cas9_PhoX_DIA12_CV486075_250ng_FAIMS_003,1540821,,,Q99ZW2,,,false,Q99ZW2,Q99ZW2,,false,MTNFDKNLPNEK,SEETITPWNFEEVVDKGASAQSFIER,495,469,6,16,500,484,,-1,4,0,1.007276,10.267124
Scan: 1216070 Run: DIA12_CV486075:20251228_A2_N1_Mueller_MS_TechHub_IMP_THIDDIAXL003_Cas9_PhoX_DIA12_CV486075_250ng_FAIMS_003 P1_SSFEKNPIDFLEAK P2_KRPLIETNGETGEIVWDK 5 1,DIA12_CV486075:20251228_A2_N1_Mueller_MS_TechHub_IMP_THIDDIAXL003_Cas9_PhoX_DIA12_CV486075_250ng_FAIMS_003,1216070,,,Q99ZW2,,,false,Q99ZW2,Q99ZW2,,false,KRPLIETNGETGEIVWDK,SSFEKNPIDFLEAK,1059,1172,1,5,1059,1176,,-1,4,0,1.007276,10.25871
Scan: 987569 Run: DIA12_CV486075:20251228_A2_N1_Mueller_MS_TechHub_IMP_THIDDIAXL003_Cas9_PhoX_DIA12_CV486075_250ng_FAIMS_002 P1_YDENDKLIR P2_KPAFLSGEQK 6 1,DIA12_CV486075:20251228_A2_N1_Mueller_MS_TechHub_IMP_THIDDIAXL003_Cas9_PhoX_DIA12_CV486075_250ng_FAIMS_002,987569,,,Q99ZW2,,,false,Q99ZW2,Q99ZW2,,false,KPAFLSGEQK,YDENDKLIR,536,943,1,6,536,948,,-1,3,0,1.007276,10.257348
Scan: 489162 Run: DIA12_CV486075:20251228_A2_N1_Mueller_MS_TechHub_IMP_THIDDIAXL003_Cas9_PhoX_DIA12_CV486075_250ng_FAIMS_001 P1_TEVQTGGFSKESILPK P2_GILQTVKVVDELVK 10 7,DIA12_CV486075:20251228_A2_N1_Mueller_MS_TechHub_IMP_THIDDIAXL003_Cas9_PhoX_DIA12_CV486075_250ng_FAIMS_001,489162,,,Q99ZW2,,,false,Q99ZW2,Q99ZW2,,false,GILQTVKVVDELVK,TEVQTGGFSKESILPK,736,1098,7,10,742,1107,,-1,4,0,1.007276,10.256522
Scan: 841805 Run: DIA12_CV486075:20251228_A2_N1_Mueller_MS_TechHub_IMP_THIDDIAXL003_Cas9_PhoX_DIA12_CV486075_250ng_FAIMS_002 P1_KAIVDLLFK P2_FKVLGNTDR 1 2,DIA12_CV486075:20251228_A2_N1_Mueller_MS_TechHub_IMP_THIDDIAXL003_Cas9_PhoX_DIA12_CV486075_250ng_FAIMS_002,841805,,,Q99ZW2,,,false,Q99ZW2,Q99ZW2,,false,FKVLGNTDR,KAIVDLLFK,32,546,2,1,33,546,,-1,4,0,1.007276,10.256283
Scan: 941093 Run: DIA12_CV486075:20251228_A2_N1_Mueller_MS_TechHub_IMP_THIDDIAXL003_Cas9_PhoX_DIA12_CV486075_250ng_FAIMS_002 P1_SEETITPWNFEEVVDKGASAQSFIER P2_KFKVLGNTDR 16 1,DIA12_CV486075:20251228_A2_N1_Mueller_MS_TechHub_IMP_THIDDIAXL003_Cas9_PhoX_DIA12_CV486075_250ng_FAIMS_002,941093,,,Q99ZW2,,,false,Q99ZW2,Q99ZW2,,false,KFKVLGNTDR,SEETITPWNFEEVVDKGASAQSFIER,31,469,1,16,31,484,,-1,4,0,1.007276,10.254607
Scan: 1060152 Run: DIA12_CV486075:20251228_A2_N1_Mueller_MS_TechHub_IMP_THIDDIAXL003_Cas9_PhoX_DIA12_CV486075_250ng_FAIMS_002 P1_GILQTVKVVDELVK P2_EDIQKAQVSGQGDSLHEHIANLAGSPAIK 7 5,DIA12_CV486075:20251228_A2_N1_Mueller_MS_TechHub_IMP_THIDDIAXL003_Cas9_PhoX_DIA12_CV486075_250ng_FAIMS_002,1060152,,,Q99ZW2,,,false,Q99ZW2,Q99ZW2,,false,EDIQKAQVSGQGDSLHEHIANLAGSPAIK,GILQTVKVVDELVK,706,736,5,7,710,742,,-1,5,0,1.007276,10.249695
Scan: 1307230 Run: DIA12_CV486075:20251228_A2_N1_Mueller_MS_TechHub_IMP_THIDDIAXL003_Cas9_PhoX_DIA12_CV486075_250ng_FAIMS_003 P1_SSFEKNPIDFLEAK P2_KDWDPK 5 1,DIA12_CV486075:20251228_A2_N1_Mueller_MS_TechHub_IMP_THIDDIAXL003_Cas9_PhoX_DIA12_CV486075_250ng_FAIMS_003,1307230,,,Q99ZW2,,,false,Q99ZW2,Q99ZW2,,false,KDWDPK,SSFEKNPIDFLEAK,1124,1172,1,5,1124,1176,,-1,4,0,1.007276,10.248461
Scan: 585743 Run: DIA12_CV486075:20251228_A2_N1_Mueller_MS_TechHub_IMP_THIDDIAXL003_Cas9_PhoX_DIA12_CV486075_250ng_FAIMS_001 P1_YDENDKLIR P2_SEQEIGKATAK 6 7,DIA12_CV486075:20251228_A2_N1_Mueller_MS_TechHub_IMP_THIDDIAXL003_Cas9_PhoX_DIA12_CV486075_250ng_FAIMS_001,585743,,,Q99ZW2,,,false,Q99ZW2,Q99ZW2,,false,SEQEIGKATAK,YDENDKLIR,1025,943,7,6,1031,948,,-1,3,0,1.007276,10.246146
Scan: 982674 Run: DIA12_CV486075:20251228_A2_N1_Mueller_MS_TechHub_IMP_THIDDIAXL003_Cas9_PhoX_DIA12_CV486075_250ng_FAIMS_002 P1_KPAFLSGEQK P2_KPAFLSGEQK 1 1,DIA12_CV486075:20251228_A2_N1_Mueller_MS_TechHub_IMP_THIDDIAXL003_Cas9_PhoX_DIA12_CV486075_250ng_FAIMS_002,982674,,,Q99ZW2,,,false,Q99ZW2,Q99ZW2,,false,KPAFLSGEQK,KPAFLSGEQK,536,536,1,1,536,536,,-1,3,0,1.007276,10.244133
Scan: 594485 Run: DIA12_CV486075:20251228_A2_N1_Mueller_MS_TechHub_IMP_THIDDIAXL003_Cas9_PhoX_DIA12_CV486075_250ng_FAIMS_001 P1_KDFQFYK P2_GQKNSR 1 3,DIA12_CV486075:20251228_A2_N1_Mueller_MS_TechHub_IMP_THIDDIAXL003_Cas9_PhoX_DIA12_CV486075_250ng_FAIMS_001,594485,,,Q99ZW2,,,false,Q99ZW2,Q99ZW2,,false,GQKNSR,KDFQFYK,773,968,3,1,775,968,,-1,3,0,1.007276,10.243198
Scan: 1599253 Run: DIA12_CV486075:20251228_A2_N1_Mueller_MS_TechHub_IMP_THIDDIAXL003_Cas9_PhoX_DIA12_CV486075_250ng_FAIMS_003 P1_KDLIIK P2_KAIVDLLFK 1 1,DIA12_CV486075:20251228_A2_N1_Mueller_MS_TechHub_IMP_THIDDIAXL003_Cas9_PhoX_DIA12_CV486075_250ng_FAIMS_003,1599253,,,Q99ZW2,,,false,Q99ZW2,Q99ZW2,,false,KAIVDLLFK,KDLIIK,546,1192,1,1,546,1192,,-1,3,0,1.007276,10.237566
Scan: 680011 Run: DIA12_CV486075:20251228_A2_N1_Mueller_MS_TechHub_IMP_THIDDIAXL003_Cas9_PhoX_DIA12_CV486075_250ng_FAIMS_002 P1_NSDKLIAR P2_NSDKLIAR 4 4,DIA12_CV486075:20251228_A2_N1_Mueller_MS_TechHub_IMP_THIDDIAXL003_Cas9_PhoX_DIA12_CV486075_250ng_FAIMS_002,680011,,,Q99ZW2,,,false,Q99ZW2,Q99ZW2,,false,NSDKLIAR,NSDKLIAR,1115,1115,4,4,1118,1118,,-1,3,0,1.007276,10.237231
Scan: 1390976 Run: DIA12_CV486075:20251228_A2_N1_Mueller_MS_TechHub_IMP_THIDDIAXL003_Cas9_PhoX_DIA12_CV486075_250ng_FAIMS_003 P1_YTSTKEVLDATLIHQSITGLYETR P2_KRPLIETNGETGEIVWDK 5 1,DIA12_CV486075:20251228_A2_N1_Mueller_MS_TechHub_IMP_THIDDIAXL003_Cas9_PhoX_DIA12_CV486075_250ng_FAIMS_003,1390976,,,Q99ZW2,,,false,Q99ZW2,Q99ZW2,,false,KRPLIETNGETGEIVWDK,YTSTKEVLDATLIHQSITGLYETR,1059,1336,1,5,1059,1340,,-1,5,0,1.007276,10.23558
Scan: 293548 Run: DIA12_CV486075:20251228_A2_N1_Mueller_MS_TechHub_IMP_THIDDIAXL003_Cas9_PhoX_DIA12_CV486075_250ng_FAIMS_001 P1_KLINGIR P2_IEKILTFR 1 3,DIA12_CV486075:20251228_A2_N1_Mueller_MS_TechHub_IMP_THIDDIAXL003_Cas9_PhoX_DIA12_CV486075_250ng_FAIMS_001,293548,,,Q99ZW2,,,false,Q99ZW2,Q99ZW2,,false,IEKILTFR,KLINGIR,440,665,3,1,442,665,,-1,3,0,1.007276,10.232692
Scan: 1766786 Run: DIA12_CV486075:20251228_A2_N1_Mueller_MS_TechHub_IMP_THIDDIAXL003_Cas9_PhoX_DIA12_CV486075_250ng_FAIMS_003 P1_QITKHVAQILDSR P2_FKVLGNTDR 4 2,DIA12_CV486075:20251228_A2_N1_Mueller_MS_TechHub_IMP_THIDDIAXL003_Cas9_PhoX_DIA12_CV486075_250ng_FAIMS_003,1766786,,,Q99ZW2,,,false,Q99ZW2,Q99ZW2,,false,FKVLGNTDR,QITKHVAQILDSR,32,926,2,4,33,929,,-1,4,0,1.007276,10.231379
Scan: 1477784 Run: DIA12_CV486075:20251228_A2_N1_Mueller_MS_TechHub_IMP_THIDDIAXL003_Cas9_PhoX_DIA12_CV486075_250ng_FAIMS_003 P1_KLINGIR P2_FIKPILEKMDGTEELLVK 1 8,DIA12_CV486075:20251228_A2_N1_Mueller_MS_TechHub_IMP_THIDDIAXL003_Cas9_PhoX_DIA12_CV486075_250ng_FAIMS_003,1477784,,,Q99ZW2,,,false,Q99ZW2,Q99ZW2,,false,FIKPILEKMDGTEELLVK,KLINGIR,375,665,8,1,382,665,,-1,4,0,1.007276,10.227558
Scan: 1495853 Run: DIA12_CV486075:20251228_A2_N1_Mueller_MS_TechHub_IMP_THIDDIAXL003_Cas9_PhoX_DIA12_CV486075_250ng_FAIMS_003 P1_NSDKLIAR P2_KSEETITPWNFEEVVDK 4 1,DIA12_CV486075:20251228_A2_N1_Mueller_MS_TechHub_IMP_THIDDIAXL003_Cas9_PhoX_DIA12_CV486075_250ng_FAIMS_003,1495853,,,Q99ZW2,,,false,Q99ZW2,Q99ZW2,,false,KSEETITPWNFEEVVDK,NSDKLIAR,468,1115,1,4,468,1118,,-1,4,0,1.007276,10.227046
Scan: 1340371 Run: DIA12_CV486075:20251228_A2_N1_Mueller_MS_TechHub_IMP_THIDDIAXL003_Cas9_PhoX_DIA12_CV486075_250ng_FAIMS_003 P1_YKEIFFDQSK P2_LPKYSLFELENGR 2 3,DIA12_CV486075:20251228_A2_N1_Mueller_MS_TechHub_IMP_THIDDIAXL003_Cas9_PhoX_DIA12_CV486075_250ng_FAIMS_003,1340371,,,Q99ZW2,,,false,Q99ZW2,Q99ZW2,,false,LPKYSLFELENGR,YKEIFFDQSK,1198,347,3,2,1200,348,,-1,4,0,1.007276,10.22652
Scan: 85805 Run: DIA12_CV486075:20251228_A2_N1_Mueller_MS_TechHub_IMP_THIDDIAXL003_Cas9_PhoX_DIA12_CV486075_250ng_FAIMS_001 P1_NSDKLIAR P2_KDLIIK 4 1,DIA12_CV486075:20251228_A2_N1_Mueller_MS_TechHub_IMP_THIDDIAXL003_Cas9_PhoX_DIA12_CV486075_250ng_FAIMS_001,85805,,,Q99ZW2,,,false,Q99ZW2,Q99ZW2,,false,KDLIIK,NSDKLIAR,1192,1115,1,4,1192,1118,,-1,3,0,1.007276,10.225767
Scan: 1440746 Run: DIA12_CV486075:20251228_A2_N1_Mueller_MS_TechHub_IMP_THIDDIAXL003_Cas9_PhoX_DIA12_CV486075_250ng_FAIMS_003 P1_FKVLGNTDR P2_EVKVITLK 2 3,DIA12_CV486075:20251228_A2_N1_Mueller_MS_TechHub_IMP_THIDDIAXL003_Cas9_PhoX_DIA12_CV486075_250ng_FAIMS_003,1440746,,,Q99ZW2,,,false,Q99ZW2,Q99ZW2,,false,EVKVITLK,FKVLGNTDR,952,32,3,2,954,33,,-1,3,0,1.007276,10.223614
Scan: 6249 Run: DIA12_CV486075:20251228_A2_N1_Mueller_MS_TechHub_IMP_THIDDIAXL003_Cas9_PhoX_DIA12_CV486075_250ng_FAIMS_001 P1_MIAKSEQEIGK P2_LESEFVYGDYKVYDVR 4 11,DIA12_CV486075:20251228_A2_N1_Mueller_MS_TechHub_IMP_THIDDIAXL003_Cas9_PhoX_DIA12_CV486075_250ng_FAIMS_001,6249,,,Q99ZW2,,,false,Q99ZW2,Q99ZW2,,false,LESEFVYGDYKVYDVR,MIAKSEQEIGK,1004,1021,11,4,1014,1024,,-1,4,0,1.007276,10.220574
Scan: 573122 Run: DIA12_CV486075:20251228_A2_N1_Mueller_MS_TechHub_IMP_THIDDIAXL003_Cas9_PhoX_DIA12_CV486075_250ng_FAIMS_001 P1_QITKHVAQILDSR P2_KLINGIR 4 1,DIA12_CV486075:20251228_A2_N1_Mueller_MS_TechHub_IMP_THIDDIAXL003_Cas9_PhoX_DIA12_CV486075_250ng_FAIMS_001,573122,,,Q99ZW2,,,false,Q99ZW2,Q99ZW2,,false,KLINGIR,QITKHVAQILDSR,665,926,1,4,665,929,,-1,4,0,1.007276,10.218559
Scan: 633638 Run: DIA12_CV486075:20251228_A2_N1_Mueller_MS_TechHub_IMP_THIDDIAXL003_Cas9_PhoX_DIA12_CV486075_250ng_FAIMS_002 P1_NSDKLIAR P2_KTEVQTGGFSK 4 1,DIA12_CV486075:20251228_A2_N1_Mueller_MS_TechHub_IMP_THIDDIAXL003_Cas9_PhoX_DIA12_CV486075_250ng_FAIMS_002,633638,,,Q99ZW2,,,false,Q99ZW2,Q99ZW2,,false,KTEVQTGGFSK,NSDKLIAR,1097,1115,1,4,1097,1118,,-1,3,0,1.007276,10.218426
Scan: 404200 Run: DIA12_CV486075:20251228_A2_N1_Mueller_MS_TechHub_IMP_THIDDIAXL003_Cas9_PhoX_DIA12_CV486075_250ng_FAIMS_001 P1_NSDKLIAR P2_KAIVDLLFK 4 1,DIA12_CV486075:20251228_A2_N1_Mueller_MS_TechHub_IMP_THIDDIAXL003_Cas9_PhoX_DIA12_CV486075_250ng_FAIMS_001,404200,,,Q99ZW2,,,false,Q99ZW2,Q99ZW2,,false,KAIVDLLFK,NSDKLIAR,546,1115,1,4,546,1118,,-1,3,0,1.007276,10.218271
Scan: 942407 Run: DIA12_CV486075:20251228_A2_N1_Mueller_MS_TechHub_IMP_THIDDIAXL003_Cas9_PhoX_DIA12_CV486075_250ng_FAIMS_002 P1_KSEETITPWNFEEVVDKGASAQSFIER P2_IEKILTFR 17 3,DIA12_CV486075:20251228_A2_N1_Mueller_MS_TechHub_IMP_THIDDIAXL003_Cas9_PhoX_DIA12_CV486075_250ng_FAIMS_002,942407,,,Q99ZW2,,,false,Q99ZW2,Q99ZW2,,false,IEKILTFR,KSEETITPWNFEEVVDKGASAQSFIER,440,468,3,17,442,484,,-1,4,0,1.007276,10.217391
Scan: 429254 Run: DIA12_CV486075:20251228_A2_N1_Mueller_MS_TechHub_IMP_THIDDIAXL003_Cas9_PhoX_DIA12_CV486075_250ng_FAIMS_001 P1_KLINGIR P2_DLIIKLPK 1 5,DIA12_CV486075:20251228_A2_N1_Mueller_MS_TechHub_IMP_THIDDIAXL003_Cas9_PhoX_DIA12_CV486075_250ng_FAIMS_001,429254,,,Q99ZW2,,,false,Q99ZW2,Q99ZW2,,false,DLIIKLPK,KLINGIR,1193,665,5,1,1197,665,,-1,4,0,1.007276,10.216554
Scan: 1119540 Run: DIA12_CV486075:20251228_A2_N1_Mueller_MS_TechHub_IMP_THIDDIAXL003_Cas9_PhoX_DIA12_CV486075_250ng_FAIMS_002 P1_KNGLFGNLIALSLGLTPNFK P2_ELGSQILKEHPVENTQLQNEK 1 8,DIA12_CV486075:20251228_A2_N1_Mueller_MS_TechHub_IMP_THIDDIAXL003_Cas9_PhoX_DIA12_CV486075_250ng_FAIMS_002,1119540,,,Q99ZW2,,,false,Q99ZW2,Q99ZW2,,false,ELGSQILKEHPVENTQLQNEK,KNGLFGNLIALSLGLTPNFK,790,234,8,1,797,234,,-1,4,0,1.007276,10.215022
Scan: 1028028 Run: DIA12_CV486075:20251228_A2_N1_Mueller_MS_TechHub_IMP_THIDDIAXL003_Cas9_PhoX_DIA12_CV486075_250ng_FAIMS_002 P1_LKTYAHLFDDK P2_KLINGIR 2 1,DIA12_CV486075:20251228_A2_N1_Mueller_MS_TechHub_IMP_THIDDIAXL003_Cas9_PhoX_DIA12_CV486075_250ng_FAIMS_002,1028028,,,Q99ZW2,,,false,Q99ZW2,Q99ZW2,,false,KLINGIR,LKTYAHLFDDK,665,636,1,2,665,637,,-1,4,0,1.007276,10.214996
Scan: 303782 Run: DIA12_CV486075:20251228_A2_N1_Mueller_MS_TechHub_IMP_THIDDIAXL003_Cas9_PhoX_DIA12_CV486075_250ng_FAIMS_001 P1_VILADANLDKVLSAYNK P2_KSEETITPWNFEEVVDK 10 1,DIA12_CV486075:20251228_A2_N1_Mueller_MS_TechHub_IMP_THIDDIAXL003_Cas9_PhoX_DIA12_CV486075_250ng_FAIMS_001,303782,,,Q99ZW2,,,false,Q99ZW2,Q99ZW2,,false,KSEETITPWNFEEVVDK,VILADANLDKVLSAYNK,468,1280,1,10,468,1289,,-1,4,0,1.007276,10.212782
Scan: 1186415 Run: DIA12_CV486075:20251228_A2_N1_Mueller_MS_TechHub_IMP_THIDDIAXL003_Cas9_PhoX_DIA12_CV486075_250ng_FAIMS_002 P1_SKLVSDFR P2_QLKEDYFK 2 3,DIA12_CV486075:20251228_A2_N1_Mueller_MS_TechHub_IMP_THIDDIAXL003_Cas9_PhoX_DIA12_CV486075_250ng_FAIMS_002,1186415,,,Q99ZW2,,,false,Q99ZW2,Q99ZW2,,false,QLKEDYFK,SKLVSDFR,563,960,3,2,565,961,,-1,3,0,1.007276,10.211829
Scan: 1644786 Run: DIA12_CV486075:20251228_A2_N1_Mueller_MS_TechHub_IMP_THIDDIAXL003_Cas9_PhoX_DIA12_CV486075_250ng_FAIMS_003 P1_TILDFLKSDGFANR P2_KDFQFYK 7 1,DIA12_CV486075:20251228_A2_N1_Mueller_MS_TechHub_IMP_THIDDIAXL003_Cas9_PhoX_DIA12_CV486075_250ng_FAIMS_003,1644786,,,Q99ZW2,,,false,Q99ZW2,Q99ZW2,,false,KDFQFYK,TILDFLKSDGFANR,968,678,1,7,968,684,,-1,4,0,1.007276,10.211684
Scan: 1722151 Run: DIA12_CV486075:20251228_A2_N1_Mueller_MS_TechHub_IMP_THIDDIAXL003_Cas9_PhoX_DIA12_CV486075_250ng_FAIMS_003 P1_SKLVSDFR P2_ELGSQILKEHPVENTQLQNEK 2 8,DIA12_CV486075:20251228_A2_N1_Mueller_MS_TechHub_IMP_THIDDIAXL003_Cas9_PhoX_DIA12_CV486075_250ng_FAIMS_003,1722151,,,Q99ZW2,,,false,Q99ZW2,Q99ZW2,,false,ELGSQILKEHPVENTQLQNEK,SKLVSDFR,790,960,8,2,797,961,,-1,4,0,1.007276,10.211035
Scan: 1574116 Run: DIA12_CV486075:20251228_A2_N1_Mueller_MS_TechHub_IMP_THIDDIAXL003_Cas9_PhoX_DIA12_CV486075_250ng_FAIMS_003 P1_KPAFLSGEQK P2_EVKKDLIIK 1 3,DIA12_CV486075:20251228_A2_N1_Mueller_MS_TechHub_IMP_THIDDIAXL003_Cas9_PhoX_DIA12_CV486075_250ng_FAIMS_003,1574116,,,Q99ZW2,,,false,Q99ZW2,Q99ZW2,,false,EVKKDLIIK,KPAFLSGEQK,1189,536,3,1,1191,536,,-1,3,0,1.007276,10.208919
Scan: 680864 Run: DIA12_CV486075:20251228_A2_N1_Mueller_MS_TechHub_IMP_THIDDIAXL003_Cas9_PhoX_DIA12_CV486075_250ng_FAIMS_002 P1_NSDKLIAR P2_KDWDPKK 4 1,DIA12_CV486075:20251228_A2_N1_Mueller_MS_TechHub_IMP_THIDDIAXL003_Cas9_PhoX_DIA12_CV486075_250ng_FAIMS_002,680864,,,Q99ZW2,,,false,Q99ZW2,Q99ZW2,,false,KDWDPKK,NSDKLIAR,1124,1115,1,4,1124,1118,,-1,3,0,1.007276,10.207061
Scan: 1653655 Run: DIA12_CV486075:20251228_A2_N1_Mueller_MS_TechHub_IMP_THIDDIAXL003_Cas9_PhoX_DIA12_CV486075_250ng_FAIMS_003 P1_KPAFLSGEQK P2_EDIQKAQVSGQGDSLHEHIANLAGSPAIK 1 5,DIA12_CV486075:20251228_A2_N1_Mueller_MS_TechHub_IMP_THIDDIAXL003_Cas9_PhoX_DIA12_CV486075_250ng_FAIMS_003,1653655,,,Q99ZW2,,,false,Q99ZW2,Q99ZW2,,false,EDIQKAQVSGQGDSLHEHIANLAGSPAIK,KPAFLSGEQK,706,536,5,1,710,536,,-1,5,0,1.007276,10.206949
Scan: 117507 Run: DIA12_CV486075:20251228_A2_N1_Mueller_MS_TechHub_IMP_THIDDIAXL003_Cas9_PhoX_DIA12_CV486075_250ng_FAIMS_001 P1_SSFEKNPIDFLEAK P2_NLPNEKVLPK 5 6,DIA12_CV486075:20251228_A2_N1_Mueller_MS_TechHub_IMP_THIDDIAXL003_Cas9_PhoX_DIA12_CV486075_250ng_FAIMS_001,117507,,,Q99ZW2,,,false,Q99ZW2,Q99ZW2,,false,NLPNEKVLPK,SSFEKNPIDFLEAK,501,1172,6,5,506,1176,,-1,4,0,1.007276,10.206441
Scan: 1143043 Run: DIA12_CV486075:20251228_A2_N1_Mueller_MS_TechHub_IMP_THIDDIAXL003_Cas9_PhoX_DIA12_CV486075_250ng_FAIMS_002 P1_GKSDNVPSEEVVK P2_FKVLGNTDR 2 2,DIA12_CV486075:20251228_A2_N1_Mueller_MS_TechHub_IMP_THIDDIAXL003_Cas9_PhoX_DIA12_CV486075_250ng_FAIMS_002,1143043,,,Q99ZW2,,,false,Q99ZW2,Q99ZW2,,false,FKVLGNTDR,GKSDNVPSEEVVK,32,865,2,2,33,866,,-1,3,0,1.007276,10.203821
Scan: 854655 Run: DIA12_CV486075:20251228_A2_N1_Mueller_MS_TechHub_IMP_THIDDIAXL003_Cas9_PhoX_DIA12_CV486075_250ng_FAIMS_002 P1_YKEIFFDQSK P2_YKEIFFDQSK 2 2,DIA12_CV486075:20251228_A2_N1_Mueller_MS_TechHub_IMP_THIDDIAXL003_Cas9_PhoX_DIA12_CV486075_250ng_FAIMS_002,854655,,,Q99ZW2,,,false,Q99ZW2,Q99ZW2,,false,YKEIFFDQSK,YKEIFFDQSK,347,347,2,2,348,348,,-1,3,0,1.007276,10.199373
Scan: 145463 Run: DIA12_CV486075:20251228_A2_N1_Mueller_MS_TechHub_IMP_THIDDIAXL003_Cas9_PhoX_DIA12_CV486075_250ng_FAIMS_001 P1_LPKYSLFELENGR P2_FKVLGNTDR 3 2,DIA12_CV486075:20251228_A2_N1_Mueller_MS_TechHub_IMP_THIDDIAXL003_Cas9_PhoX_DIA12_CV486075_250ng_FAIMS_001,145463,,,Q99ZW2,,,false,Q99ZW2,Q99ZW2,,false,FKVLGNTDR,LPKYSLFELENGR,32,1198,2,3,33,1200,,-1,4,0,1.007276,10.198609
Scan: 1508298 Run: DIA12_CV486075:20251228_A2_N1_Mueller_MS_TechHub_IMP_THIDDIAXL003_Cas9_PhoX_DIA12_CV486075_250ng_FAIMS_003 P1_VVDELVKVMGR P2_KSEETITPWNFEEVVDK 7 1,DIA12_CV486075:20251228_A2_N1_Mueller_MS_TechHub_IMP_THIDDIAXL003_Cas9_PhoX_DIA12_CV486075_250ng_FAIMS_003,1508298,,,Q99ZW2,,,false,Q99ZW2,Q99ZW2,,false,KSEETITPWNFEEVVDK,VVDELVKVMGR,468,743,1,7,468,749,,-1,4,0,1.007276,10.195554
Scan: 1398526 Run: DIA12_CV486075:20251228_A2_N1_Mueller_MS_TechHub_IMP_THIDDIAXL003_Cas9_PhoX_DIA12_CV486075_250ng_FAIMS_003 P1_NSDKLIAR P2_KLVDSTDK 4 1,DIA12_CV486075:20251228_A2_N1_Mueller_MS_TechHub_IMP_THIDDIAXL003_Cas9_PhoX_DIA12_CV486075_250ng_FAIMS_003,1398526,,,Q99ZW2,,,false,Q99ZW2,Q99ZW2,,false,KLVDSTDK,NSDKLIAR,141,1115,1,4,141,1118,,-1,3,0,1.007276,10.191977
Scan: 353493 Run: DIA12_CV486075:20251228_A2_N1_Mueller_MS_TechHub_IMP_THIDDIAXL003_Cas9_PhoX_DIA12_CV486075_250ng_FAIMS_001 P1_SSFEKNPIDFLEAK P2_MTNFDKNLPNEK 5 6,DIA12_CV486075:20251228_A2_N1_Mueller_MS_TechHub_IMP_THIDDIAXL003_Cas9_PhoX_DIA12_CV486075_250ng_FAIMS_001,353493,,,Q99ZW2,,,false,Q99ZW2,Q99ZW2,,false,MTNFDKNLPNEK,SSFEKNPIDFLEAK,495,1172,6,5,500,1176,,-1,3,0,1.007276,10.191039
Scan: 1445401 Run: DIA12_CV486075:20251228_A2_N1_Mueller_MS_TechHub_IMP_THIDDIAXL003_Cas9_PhoX_DIA12_CV486075_250ng_FAIMS_003 P1_YDEHHQDLTLLKALVR P2_IEKILTFR 12 3,DIA12_CV486075:20251228_A2_N1_Mueller_MS_TechHub_IMP_THIDDIAXL003_Cas9_PhoX_DIA12_CV486075_250ng_FAIMS_003,1445401,,,Q99ZW2,,,false,Q99ZW2,Q99ZW2,,false,IEKILTFR,YDEHHQDLTLLKALVR,440,325,3,12,442,336,,-1,5,0,1.007276,10.189923
Scan: 709505 Run: DIA12_CV486075:20251228_A2_N1_Mueller_MS_TechHub_IMP_THIDDIAXL003_Cas9_PhoX_DIA12_CV486075_250ng_FAIMS_002 P1_SSFEKNPIDFLEAK P2_KKDWDPK 5 1,DIA12_CV486075:20251228_A2_N1_Mueller_MS_TechHub_IMP_THIDDIAXL003_Cas9_PhoX_DIA12_CV486075_250ng_FAIMS_002,709505,,,Q99ZW2,,,false,Q99ZW2,Q99ZW2,,false,KKDWDPK,SSFEKNPIDFLEAK,1123,1172,1,5,1123,1176,,-1,3,0,1.007276,10.185445
Scan: 571341 Run: DIA12_CV486075:20251228_A2_N1_Mueller_MS_TechHub_IMP_THIDDIAXL003_Cas9_PhoX_DIA12_CV486075_250ng_FAIMS_001 P1_QITKHVAQILDSR P2_LPKYSLFELENGR 4 3,DIA12_CV486075:20251228_A2_N1_Mueller_MS_TechHub_IMP_THIDDIAXL003_Cas9_PhoX_DIA12_CV486075_250ng_FAIMS_001,571341,,,Q99ZW2,,,false,Q99ZW2,Q99ZW2,,false,LPKYSLFELENGR,QITKHVAQILDSR,1198,926,3,4,1200,929,,-1,4,0,1.007276,10.183817
Scan: 1119880 Run: DIA12_CV486075:20251228_A2_N1_Mueller_MS_TechHub_IMP_THIDDIAXL003_Cas9_PhoX_DIA12_CV486075_250ng_FAIMS_002 P1_YKEIFFDQSK P2_ELGSQILKEHPVENTQLQNEK 2 8,DIA12_CV486075:20251228_A2_N1_Mueller_MS_TechHub_IMP_THIDDIAXL003_Cas9_PhoX_DIA12_CV486075_250ng_FAIMS_002,1119880,,,Q99ZW2,,,false,Q99ZW2,Q99ZW2,,false,ELGSQILKEHPVENTQLQNEK,YKEIFFDQSK,790,347,8,2,797,348,,-1,4,0,1.007276,10.183222
Scan: 1268408 Run: DIA12_CV486075:20251228_A2_N1_Mueller_MS_TechHub_IMP_THIDDIAXL003_Cas9_PhoX_DIA12_CV486075_250ng_FAIMS_003 P1_KTEVQTGGFSKESILPK P2_EDIQKAQVSGQGDSLHEHIANLAGSPAIK 11 5,DIA12_CV486075:20251228_A2_N1_Mueller_MS_TechHub_IMP_THIDDIAXL003_Cas9_PhoX_DIA12_CV486075_250ng_FAIMS_003,1268408,,,Q99ZW2,,,false,Q99ZW2,Q99ZW2,,false,EDIQKAQVSGQGDSLHEHIANLAGSPAIK,KTEVQTGGFSKESILPK,706,1097,5,11,710,1107,,-1,6,0,1.007276,10.182502
Scan: 1338375 Run: DIA12_CV486075:20251228_A2_N1_Mueller_MS_TechHub_IMP_THIDDIAXL003_Cas9_PhoX_DIA12_CV486075_250ng_FAIMS_003 P1_LPKYSLFELENGR P2_KDWDPK 3 1,DIA12_CV486075:20251228_A2_N1_Mueller_MS_TechHub_IMP_THIDDIAXL003_Cas9_PhoX_DIA12_CV486075_250ng_FAIMS_003,1338375,,,Q99ZW2,,,false,Q99ZW2,Q99ZW2,,false,KDWDPK,LPKYSLFELENGR,1124,1198,1,3,1124,1200,,-1,3,0,1.007276,10.181212
Scan: 1043085 Run: DIA12_CV486075:20251228_A2_N1_Mueller_MS_TechHub_IMP_THIDDIAXL003_Cas9_PhoX_DIA12_CV486075_250ng_FAIMS_002 P1_TILDFLKSDGFANR P2_SEETITPWNFEEVVDKGASAQSFIER 7 16,DIA12_CV486075:20251228_A2_N1_Mueller_MS_TechHub_IMP_THIDDIAXL003_Cas9_PhoX_DIA12_CV486075_250ng_FAIMS_002,1043085,,,Q99ZW2,,,false,Q99ZW2,Q99ZW2,,false,SEETITPWNFEEVVDKGASAQSFIER,TILDFLKSDGFANR,469,678,16,7,484,684,,-1,4,0,1.007276,10.176717
Scan: 1783630 Run: DIA12_CV486075:20251228_A2_N1_Mueller_MS_TechHub_IMP_THIDDIAXL003_Cas9_PhoX_DIA12_CV486075_250ng_FAIMS_003 P1_SKLVSDFR P2_IEKILTFR 2 3,DIA12_CV486075:20251228_A2_N1_Mueller_MS_TechHub_IMP_THIDDIAXL003_Cas9_PhoX_DIA12_CV486075_250ng_FAIMS_003,1783630,,,Q99ZW2,,,false,Q99ZW2,Q99ZW2,,false,IEKILTFR,SKLVSDFR,440,960,3,2,442,961,,-1,3,0,1.007276,10.176084
Scan: 1623136 Run: DIA12_CV486075:20251228_A2_N1_Mueller_MS_TechHub_IMP_THIDDIAXL003_Cas9_PhoX_DIA12_CV486075_250ng_FAIMS_003 P1_KLINGIR P2_KDWDPK 1 1,DIA12_CV486075:20251228_A2_N1_Mueller_MS_TechHub_IMP_THIDDIAXL003_Cas9_PhoX_DIA12_CV486075_250ng_FAIMS_003,1623136,,,Q99ZW2,,,false,Q99ZW2,Q99ZW2,,false,KDWDPK,KLINGIR,1124,665,1,1,1124,665,,-1,4,0,1.007276,10.175424
Scan: 667053 Run: DIA12_CV486075:20251228_A2_N1_Mueller_MS_TechHub_IMP_THIDDIAXL003_Cas9_PhoX_DIA12_CV486075_250ng_FAIMS_002 P1_KTEVQTGGFSKESILPK P2_FKVLGNTDR 11 2,DIA12_CV486075:20251228_A2_N1_Mueller_MS_TechHub_IMP_THIDDIAXL003_Cas9_PhoX_DIA12_CV486075_250ng_FAIMS_002,667053,,,Q99ZW2,,,false,Q99ZW2,Q99ZW2,,false,FKVLGNTDR,KTEVQTGGFSKESILPK,32,1097,2,11,33,1107,,-1,4,0,1.007276,10.175413
Scan: 83409 Run: DIA12_CV486075:20251228_A2_N1_Mueller_MS_TechHub_IMP_THIDDIAXL003_Cas9_PhoX_DIA12_CV486075_250ng_FAIMS_001 P1_RNSDKLIAR P2_KDWDPK 5 1,DIA12_CV486075:20251228_A2_N1_Mueller_MS_TechHub_IMP_THIDDIAXL003_Cas9_PhoX_DIA12_CV486075_250ng_FAIMS_001,83409,,,Q99ZW2,,,false,Q99ZW2,Q99ZW2,,false,KDWDPK,RNSDKLIAR,1124,1114,1,5,1124,1118,,-1,3,0,1.007276,10.174267
Scan: 1037359 Run: DIA12_CV486075:20251228_A2_N1_Mueller_MS_TechHub_IMP_THIDDIAXL003_Cas9_PhoX_DIA12_CV486075_250ng_FAIMS_002 P1_QSGKTILDFLK P2_KLINGIR 4 1,DIA12_CV486075:20251228_A2_N1_Mueller_MS_TechHub_IMP_THIDDIAXL003_Cas9_PhoX_DIA12_CV486075_250ng_FAIMS_002,1037359,,,Q99ZW2,,,false,Q99ZW2,Q99ZW2,,false,KLINGIR,QSGKTILDFLK,665,674,1,4,665,677,,-1,3,0,1.007276,10.173425
Scan: 1146969 Run: DIA12_CV486075:20251228_A2_N1_Mueller_MS_TechHub_IMP_THIDDIAXL003_Cas9_PhoX_DIA12_CV486075_250ng_FAIMS_002 P1_YDENDKLIR P2_GKSDNVPSEEVVK 6 2,DIA12_CV486075:20251228_A2_N1_Mueller_MS_TechHub_IMP_THIDDIAXL003_Cas9_PhoX_DIA12_CV486075_250ng_FAIMS_002,1146969,,,Q99ZW2,,,false,Q99ZW2,Q99ZW2,,false,GKSDNVPSEEVVK,YDENDKLIR,865,943,2,6,866,948,,-1,3,0,1.007276,10.171345
Scan: 1028265 Run: DIA12_CV486075:20251228_A2_N1_Mueller_MS_TechHub_IMP_THIDDIAXL003_Cas9_PhoX_DIA12_CV486075_250ng_FAIMS_002 P1_KLINGIR P2_KLINGIR 1 1,DIA12_CV486075:20251228_A2_N1_Mueller_MS_TechHub_IMP_THIDDIAXL003_Cas9_PhoX_DIA12_CV486075_250ng_FAIMS_002,1028265,,,Q99ZW2,,,false,Q99ZW2,Q99ZW2,,false,KLINGIR,KLINGIR,665,665,1,1,665,665,,-1,3,0,1.007276,10.171124
Scan: 164278 Run: DIA12_CV486075:20251228_A2_N1_Mueller_MS_TechHub_IMP_THIDDIAXL003_Cas9_PhoX_DIA12_CV486075_250ng_FAIMS_001 P1_LKGSPEDNEQK P2_DDSIDNKVLTR 2 7,DIA12_CV486075:20251228_A2_N1_Mueller_MS_TechHub_IMP_THIDDIAXL003_Cas9_PhoX_DIA12_CV486075_250ng_FAIMS_001,164278,,,Q99ZW2,,,false,Q99ZW2,Q99ZW2,,false,DDSIDNKVLTR,LKGSPEDNEQK,849,1245,7,2,855,1246,,-1,3,0,1.007276,10.167617
Scan: 1584780 Run: DIA12_CV486075:20251228_A2_N1_Mueller_MS_TechHub_IMP_THIDDIAXL003_Cas9_PhoX_DIA12_CV486075_250ng_FAIMS_003 P1_QITKHVAQILDSR P2_KPAFLSGEQK 4 1,DIA12_CV486075:20251228_A2_N1_Mueller_MS_TechHub_IMP_THIDDIAXL003_Cas9_PhoX_DIA12_CV486075_250ng_FAIMS_003,1584780,,,Q99ZW2,,,false,Q99ZW2,Q99ZW2,,false,KPAFLSGEQK,QITKHVAQILDSR,536,926,1,4,536,929,,-1,4,0,1.007276,10.167544
Scan: 784223 Run: DIA12_CV486075:20251228_A2_N1_Mueller_MS_TechHub_IMP_THIDDIAXL003_Cas9_PhoX_DIA12_CV486075_250ng_FAIMS_002 P1_VLSAYNKHR P2_NSDKLIAR 7 4,DIA12_CV486075:20251228_A2_N1_Mueller_MS_TechHub_IMP_THIDDIAXL003_Cas9_PhoX_DIA12_CV486075_250ng_FAIMS_002,784223,,,Q99ZW2,,,false,Q99ZW2,Q99ZW2,,false,NSDKLIAR,VLSAYNKHR,1115,1290,4,7,1118,1296,,-1,3,0,1.007276,10.164245
Scan: 1027132 Run: DIA12_CV486075:20251228_A2_N1_Mueller_MS_TechHub_IMP_THIDDIAXL003_Cas9_PhoX_DIA12_CV486075_250ng_FAIMS_002 P1_KLINGIR P2_IEKILTFR 1 3,DIA12_CV486075:20251228_A2_N1_Mueller_MS_TechHub_IMP_THIDDIAXL003_Cas9_PhoX_DIA12_CV486075_250ng_FAIMS_002,1027132,,,Q99ZW2,,,false,Q99ZW2,Q99ZW2,,false,IEKILTFR,KLINGIR,440,665,3,1,442,665,,-1,4,0,1.007276,10.163387
Scan: 1158226 Run: DIA12_CV486075:20251228_A2_N1_Mueller_MS_TechHub_IMP_THIDDIAXL003_Cas9_PhoX_DIA12_CV486075_250ng_FAIMS_002 P1_QLLNAKLITQR P2_KDFQFYK 6 1,DIA12_CV486075:20251228_A2_N1_Mueller_MS_TechHub_IMP_THIDDIAXL003_Cas9_PhoX_DIA12_CV486075_250ng_FAIMS_002,1158226,,,Q99ZW2,,,false,Q99ZW2,Q99ZW2,,false,KDFQFYK,QLLNAKLITQR,968,885,1,6,968,890,,-1,4,0,1.007276,10.163141
Scan: 1440559 Run: DIA12_CV486075:20251228_A2_N1_Mueller_MS_TechHub_IMP_THIDDIAXL003_Cas9_PhoX_DIA12_CV486075_250ng_FAIMS_003 P1_QLLNAKLITQR P2_FKVLGNTDR 6 2,DIA12_CV486075:20251228_A2_N1_Mueller_MS_TechHub_IMP_THIDDIAXL003_Cas9_PhoX_DIA12_CV486075_250ng_FAIMS_003,1440559,,,Q99ZW2,,,false,Q99ZW2,Q99ZW2,,false,FKVLGNTDR,QLLNAKLITQR,32,885,2,6,33,890,,-1,4,0,1.007276,10.163127
Scan: 593622 Run: DIA12_CV486075:20251228_A2_N1_Mueller_MS_TechHub_IMP_THIDDIAXL003_Cas9_PhoX_DIA12_CV486075_250ng_FAIMS_001 P1_LKGSPEDNEQK P2_KDFQFYK 2 1,DIA12_CV486075:20251228_A2_N1_Mueller_MS_TechHub_IMP_THIDDIAXL003_Cas9_PhoX_DIA12_CV486075_250ng_FAIMS_001,593622,,,Q99ZW2,,,false,Q99ZW2,Q99ZW2,,false,KDFQFYK,LKGSPEDNEQK,968,1245,1,2,968,1246,,-1,4,0,1.007276,10.162933
Scan: 1582689 Run: DIA12_CV486075:20251228_A2_N1_Mueller_MS_TechHub_IMP_THIDDIAXL003_Cas9_PhoX_DIA12_CV486075_250ng_FAIMS_003 P1_KPAFLSGEQK P2_GILQTVKVVDELVK 1 7,DIA12_CV486075:20251228_A2_N1_Mueller_MS_TechHub_IMP_THIDDIAXL003_Cas9_PhoX_DIA12_CV486075_250ng_FAIMS_003,1582689,,,Q99ZW2,,,false,Q99ZW2,Q99ZW2,,false,GILQTVKVVDELVK,KPAFLSGEQK,736,536,7,1,742,536,,-1,4,0,1.007276,10.159817
Scan: 1581768 Run: DIA12_CV486075:20251228_A2_N1_Mueller_MS_TechHub_IMP_THIDDIAXL003_Cas9_PhoX_DIA12_CV486075_250ng_FAIMS_003 P1_KPAFLSGEQK P2_KLINGIR 1 1,DIA12_CV486075:20251228_A2_N1_Mueller_MS_TechHub_IMP_THIDDIAXL003_Cas9_PhoX_DIA12_CV486075_250ng_FAIMS_003,1581768,,,Q99ZW2,,,false,Q99ZW2,Q99ZW2,,false,KLINGIR,KPAFLSGEQK,665,536,1,1,665,536,,-1,4,0,1.007276,10.159199
Scan: 1284944 Run: DIA12_CV486075:20251228_A2_N1_Mueller_MS_TechHub_IMP_THIDDIAXL003_Cas9_PhoX_DIA12_CV486075_250ng_FAIMS_003 P1_QLKEDYFK P2_NSDKLIAR 3 4,DIA12_CV486075:20251228_A2_N1_Mueller_MS_TechHub_IMP_THIDDIAXL003_Cas9_PhoX_DIA12_CV486075_250ng_FAIMS_003,1284944,,,Q99ZW2,,,false,Q99ZW2,Q99ZW2,,false,NSDKLIAR,QLKEDYFK,1115,563,4,3,1118,565,,-1,3,0,1.007276,10.158378
Scan: 1688272 Run: DIA12_CV486075:20251228_A2_N1_Mueller_MS_TechHub_IMP_THIDDIAXL003_Cas9_PhoX_DIA12_CV486075_250ng_FAIMS_003 P1_SEETITPWNFEEVVDKGASAQSFIER P2_GILQTVKVVDELVK 16 7,DIA12_CV486075:20251228_A2_N1_Mueller_MS_TechHub_IMP_THIDDIAXL003_Cas9_PhoX_DIA12_CV486075_250ng_FAIMS_003,1688272,,,Q99ZW2,,,false,Q99ZW2,Q99ZW2,,false,GILQTVKVVDELVK,SEETITPWNFEEVVDKGASAQSFIER,736,469,7,16,742,484,,-1,4,0,1.007276,10.157578
Scan: 344009 Run: DIA12_CV486075:20251228_A2_N1_Mueller_MS_TechHub_IMP_THIDDIAXL003_Cas9_PhoX_DIA12_CV486075_250ng_FAIMS_001 P1_YKEIFFDQSK P2_SEETITPWNFEEVVDKGASAQSFIER 2 16,DIA12_CV486075:20251228_A2_N1_Mueller_MS_TechHub_IMP_THIDDIAXL003_Cas9_PhoX_DIA12_CV486075_250ng_FAIMS_001,344009,,,Q99ZW2,,,false,Q99ZW2,Q99ZW2,,false,SEETITPWNFEEVVDKGASAQSFIER,YKEIFFDQSK,469,347,16,2,484,348,,-1,4,0,1.007276,10.147129
Scan: 695845 Run: DIA12_CV486075:20251228_A2_N1_Mueller_MS_TechHub_IMP_THIDDIAXL003_Cas9_PhoX_DIA12_CV486075_250ng_FAIMS_002 P1_KDWDPK P2_DKQSGK 1 2,DIA12_CV486075:20251228_A2_N1_Mueller_MS_TechHub_IMP_THIDDIAXL003_Cas9_PhoX_DIA12_CV486075_250ng_FAIMS_002,695845,,,Q99ZW2,,,false,Q99ZW2,Q99ZW2,,false,DKQSGK,KDWDPK,672,1124,2,1,673,1124,,-1,3,0,1.007276,10.142803
Scan: 37204 Run: DIA12_CV486075:20251228_A2_N1_Mueller_MS_TechHub_IMP_THIDDIAXL003_Cas9_PhoX_DIA12_CV486075_250ng_FAIMS_001 P1_LPKYSLFELENGR P2_KTEVQTGGFSK 3 1,DIA12_CV486075:20251228_A2_N1_Mueller_MS_TechHub_IMP_THIDDIAXL003_Cas9_PhoX_DIA12_CV486075_250ng_FAIMS_001,37204,,,Q99ZW2,,,false,Q99ZW2,Q99ZW2,,false,KTEVQTGGFSK,LPKYSLFELENGR,1097,1198,1,3,1097,1200,,-1,4,0,1.007276,10.141887
Scan: 733144 Run: DIA12_CV486075:20251228_A2_N1_Mueller_MS_TechHub_IMP_THIDDIAXL003_Cas9_PhoX_DIA12_CV486075_250ng_FAIMS_002 P1_KDLIIK P2_FKVLGNTDR 1 2,DIA12_CV486075:20251228_A2_N1_Mueller_MS_TechHub_IMP_THIDDIAXL003_Cas9_PhoX_DIA12_CV486075_250ng_FAIMS_002,733144,,,Q99ZW2,,,false,Q99ZW2,Q99ZW2,,false,FKVLGNTDR,KDLIIK,32,1192,2,1,33,1192,,-1,3,0,1.007276,10.141451
Scan: 344868 Run: DIA12_CV486075:20251228_A2_N1_Mueller_MS_TechHub_IMP_THIDDIAXL003_Cas9_PhoX_DIA12_CV486075_250ng_FAIMS_001 P1_SEETITPWNFEEVVDKGASAQSFIER P2_IEKILTFR 16 3,DIA12_CV486075:20251228_A2_N1_Mueller_MS_TechHub_IMP_THIDDIAXL003_Cas9_PhoX_DIA12_CV486075_250ng_FAIMS_001,344868,,,Q99ZW2,,,false,Q99ZW2,Q99ZW2,,false,IEKILTFR,SEETITPWNFEEVVDKGASAQSFIER,440,469,3,16,442,484,,-1,4,0,1.007276,10.140986
Scan: 638633 Run: DIA12_CV486075:20251228_A2_N1_Mueller_MS_TechHub_IMP_THIDDIAXL003_Cas9_PhoX_DIA12_CV486075_250ng_FAIMS_002 P1_KTEVQTGGFSK P2_ELGSQILKEHPVENTQLQNEK 1 8,DIA12_CV486075:20251228_A2_N1_Mueller_MS_TechHub_IMP_THIDDIAXL003_Cas9_PhoX_DIA12_CV486075_250ng_FAIMS_002,638633,,,Q99ZW2,,,false,Q99ZW2,Q99ZW2,,false,ELGSQILKEHPVENTQLQNEK,KTEVQTGGFSK,790,1097,8,1,797,1097,,-1,4,0,1.007276,10.140142
Scan: 1043755 Run: DIA12_CV486075:20251228_A2_N1_Mueller_MS_TechHub_IMP_THIDDIAXL003_Cas9_PhoX_DIA12_CV486075_250ng_FAIMS_002 P1_TILDFLKSDGFANR P2_KAIVDLLFK 7 1,DIA12_CV486075:20251228_A2_N1_Mueller_MS_TechHub_IMP_THIDDIAXL003_Cas9_PhoX_DIA12_CV486075_250ng_FAIMS_002,1043755,,,Q99ZW2,,,false,Q99ZW2,Q99ZW2,,false,KAIVDLLFK,TILDFLKSDGFANR,546,678,1,7,546,684,,-1,4,0,1.007276,10.139409
Scan: 1290862 Run: DIA12_CV486075:20251228_A2_N1_Mueller_MS_TechHub_IMP_THIDDIAXL003_Cas9_PhoX_DIA12_CV486075_250ng_FAIMS_003 P1_KKDWDPK P2_DKQSGK 1 2,DIA12_CV486075:20251228_A2_N1_Mueller_MS_TechHub_IMP_THIDDIAXL003_Cas9_PhoX_DIA12_CV486075_250ng_FAIMS_003,1290862,,,Q99ZW2,,,false,Q99ZW2,Q99ZW2,,false,DKQSGK,KKDWDPK,672,1123,2,1,673,1123,,-1,4,0,1.007276,10.139102
Scan: 633844 Run: DIA12_CV486075:20251228_A2_N1_Mueller_MS_TechHub_IMP_THIDDIAXL003_Cas9_PhoX_DIA12_CV486075_250ng_FAIMS_002 P1_KTEVQTGGFSK P2_KKDWDPK 1 1,DIA12_CV486075:20251228_A2_N1_Mueller_MS_TechHub_IMP_THIDDIAXL003_Cas9_PhoX_DIA12_CV486075_250ng_FAIMS_002,633844,,,Q99ZW2,,,false,Q99ZW2,Q99ZW2,,false,KKDWDPK,KTEVQTGGFSK,1123,1097,1,1,1123,1097,,-1,3,0,1.007276,10.138627
Scan: 88426 Run: DIA12_CV486075:20251228_A2_N1_Mueller_MS_TechHub_IMP_THIDDIAXL003_Cas9_PhoX_DIA12_CV486075_250ng_FAIMS_001 P1_NSDKLIAR P2_IEKILTFR 4 3,DIA12_CV486075:20251228_A2_N1_Mueller_MS_TechHub_IMP_THIDDIAXL003_Cas9_PhoX_DIA12_CV486075_250ng_FAIMS_001,88426,,,Q99ZW2,,,false,Q99ZW2,Q99ZW2,,false,IEKILTFR,NSDKLIAR,440,1115,3,4,442,1118,,-1,3,0,1.007276,10.138097
Scan: 1549593 Run: DIA12_CV486075:20251228_A2_N1_Mueller_MS_TechHub_IMP_THIDDIAXL003_Cas9_PhoX_DIA12_CV486075_250ng_FAIMS_003 P1_MTNFDKNLPNEK P2_DLIIKLPK 6 5,DIA12_CV486075:20251228_A2_N1_Mueller_MS_TechHub_IMP_THIDDIAXL003_Cas9_PhoX_DIA12_CV486075_250ng_FAIMS_003,1549593,,,Q99ZW2,,,false,Q99ZW2,Q99ZW2,,false,DLIIKLPK,MTNFDKNLPNEK,1193,495,5,6,1197,500,,-1,3,0,1.007276,10.135965
Scan: 855275 Run: DIA12_CV486075:20251228_A2_N1_Mueller_MS_TechHub_IMP_THIDDIAXL003_Cas9_PhoX_DIA12_CV486075_250ng_FAIMS_002 P1_YKEIFFDQSK P2_FIKPILEK 2 3,DIA12_CV486075:20251228_A2_N1_Mueller_MS_TechHub_IMP_THIDDIAXL003_Cas9_PhoX_DIA12_CV486075_250ng_FAIMS_002,855275,,,Q99ZW2,,,false,Q99ZW2,Q99ZW2,,false,FIKPILEK,YKEIFFDQSK,375,347,3,2,377,348,,-1,3,0,1.007276,10.135848
Scan: 1025494 Run: DIA12_CV486075:20251228_A2_N1_Mueller_MS_TechHub_IMP_THIDDIAXL003_Cas9_PhoX_DIA12_CV486075_250ng_FAIMS_002 P1_NSDKLIAR P2_KLINGIR 4 1,DIA12_CV486075:20251228_A2_N1_Mueller_MS_TechHub_IMP_THIDDIAXL003_Cas9_PhoX_DIA12_CV486075_250ng_FAIMS_002,1025494,,,Q99ZW2,,,false,Q99ZW2,Q99ZW2,,false,KLINGIR,NSDKLIAR,665,1115,1,4,665,1118,,-1,3,0,1.007276,10.135216
Scan: 1581303 Run: DIA12_CV486075:20251228_A2_N1_Mueller_MS_TechHub_IMP_THIDDIAXL003_Cas9_PhoX_DIA12_CV486075_250ng_FAIMS_003 P1_QLKEDYFK P2_KPAFLSGEQK 3 1,DIA12_CV486075:20251228_A2_N1_Mueller_MS_TechHub_IMP_THIDDIAXL003_Cas9_PhoX_DIA12_CV486075_250ng_FAIMS_003,1581303,,,Q99ZW2,,,false,Q99ZW2,Q99ZW2,,false,KPAFLSGEQK,QLKEDYFK,536,563,1,3,536,565,,-1,3,0,1.007276,10.132365
Scan: 1235788 Run: DIA12_CV486075:20251228_A2_N1_Mueller_MS_TechHub_IMP_THIDDIAXL003_Cas9_PhoX_DIA12_CV486075_250ng_FAIMS_003 P1_KTEVQTGGFSK P2_KGILQTVKVVDELVK 1 8,DIA12_CV486075:20251228_A2_N1_Mueller_MS_TechHub_IMP_THIDDIAXL003_Cas9_PhoX_DIA12_CV486075_250ng_FAIMS_003,1235788,,,Q99ZW2,,,false,Q99ZW2,Q99ZW2,,false,KGILQTVKVVDELVK,KTEVQTGGFSK,735,1097,8,1,742,1097,,-1,4,0,1.007276,10.131991
Scan: 347638 Run: DIA12_CV486075:20251228_A2_N1_Mueller_MS_TechHub_IMP_THIDDIAXL003_Cas9_PhoX_DIA12_CV486075_250ng_FAIMS_001 P1_SEETITPWNFEEVVDKGASAQSFIER P2_KPAFLSGEQK 16 1,DIA12_CV486075:20251228_A2_N1_Mueller_MS_TechHub_IMP_THIDDIAXL003_Cas9_PhoX_DIA12_CV486075_250ng_FAIMS_001,347638,,,Q99ZW2,,,false,Q99ZW2,Q99ZW2,,false,KPAFLSGEQK,SEETITPWNFEEVVDKGASAQSFIER,536,469,1,16,536,484,,-1,4,0,1.007276,10.130585
Scan: 1081275 Run: DIA12_CV486075:20251228_A2_N1_Mueller_MS_TechHub_IMP_THIDDIAXL003_Cas9_PhoX_DIA12_CV486075_250ng_FAIMS_002 P1_YKEIFFDQSK P2_KGILQTVK 2 1,DIA12_CV486075:20251228_A2_N1_Mueller_MS_TechHub_IMP_THIDDIAXL003_Cas9_PhoX_DIA12_CV486075_250ng_FAIMS_002,1081275,,,Q99ZW2,,,false,Q99ZW2,Q99ZW2,,false,KGILQTVK,YKEIFFDQSK,735,347,1,2,735,348,,-1,3,0,1.007276,10.1301
Scan: 948285 Run: DIA12_CV486075:20251228_A2_N1_Mueller_MS_TechHub_IMP_THIDDIAXL003_Cas9_PhoX_DIA12_CV486075_250ng_FAIMS_002 P1_VVDELVKVMGR P2_SEETITPWNFEEVVDKGASAQSFIER 7 16,DIA12_CV486075:20251228_A2_N1_Mueller_MS_TechHub_IMP_THIDDIAXL003_Cas9_PhoX_DIA12_CV486075_250ng_FAIMS_002,948285,,,Q99ZW2,,,false,Q99ZW2,Q99ZW2,,false,SEETITPWNFEEVVDKGASAQSFIER,VVDELVKVMGR,469,743,16,7,484,749,,-1,4,0,1.007276,10.128378
Scan: 1162621 Run: DIA12_CV486075:20251228_A2_N1_Mueller_MS_TechHub_IMP_THIDDIAXL003_Cas9_PhoX_DIA12_CV486075_250ng_FAIMS_002 P1_GKSDNVPSEEVVK P2_FDNLTKAER 2 6,DIA12_CV486075:20251228_A2_N1_Mueller_MS_TechHub_IMP_THIDDIAXL003_Cas9_PhoX_DIA12_CV486075_250ng_FAIMS_002,1162621,,,Q99ZW2,,,false,Q99ZW2,Q99ZW2,,false,FDNLTKAER,GKSDNVPSEEVVK,897,865,6,2,902,866,,-1,3,0,1.007276,10.126734
Scan: 1584688 Run: DIA12_CV486075:20251228_A2_N1_Mueller_MS_TechHub_IMP_THIDDIAXL003_Cas9_PhoX_DIA12_CV486075_250ng_FAIMS_003 P1_KPAFLSGEQK P2_ICYLQEIFSNEMAKVDDSFFHR 1 14,DIA12_CV486075:20251228_A2_N1_Mueller_MS_TechHub_IMP_THIDDIAXL003_Cas9_PhoX_DIA12_CV486075_250ng_FAIMS_003,1584688,,,Q99ZW2,,,false,Q99ZW2,Q99ZW2,,false,ICYLQEIFSNEMAKVDDSFFHR,KPAFLSGEQK,79,536,14,1,92,536,,-1,5,0,1.007276,10.126422
Scan: 444920 Run: DIA12_CV486075:20251228_A2_N1_Mueller_MS_TechHub_IMP_THIDDIAXL003_Cas9_PhoX_DIA12_CV486075_250ng_FAIMS_001 P1_TILDFLKSDGFANR P2_IEKILTFR 7 3,DIA12_CV486075:20251228_A2_N1_Mueller_MS_TechHub_IMP_THIDDIAXL003_Cas9_PhoX_DIA12_CV486075_250ng_FAIMS_001,444920,,,Q99ZW2,,,false,Q99ZW2,Q99ZW2,,false,IEKILTFR,TILDFLKSDGFANR,440,678,3,7,442,684,,-1,3,0,1.007276,10.125391
Scan: 1308424 Run: DIA12_CV486075:20251228_A2_N1_Mueller_MS_TechHub_IMP_THIDDIAXL003_Cas9_PhoX_DIA12_CV486075_250ng_FAIMS_003 P1_SSFEKNPIDFLEAK P2_KDLIIK 5 1,DIA12_CV486075:20251228_A2_N1_Mueller_MS_TechHub_IMP_THIDDIAXL003_Cas9_PhoX_DIA12_CV486075_250ng_FAIMS_003,1308424,,,Q99ZW2,,,false,Q99ZW2,Q99ZW2,,false,KDLIIK,SSFEKNPIDFLEAK,1192,1172,1,5,1192,1176,,-1,4,0,1.007276,10.124887
Scan: 1216344 Run: DIA12_CV486075:20251228_A2_N1_Mueller_MS_TechHub_IMP_THIDDIAXL003_Cas9_PhoX_DIA12_CV486075_250ng_FAIMS_003 P1_KRPLIETNGETGEIVWDK P2_GNELALPSKYVNFLYLASHYEK 1 9,DIA12_CV486075:20251228_A2_N1_Mueller_MS_TechHub_IMP_THIDDIAXL003_Cas9_PhoX_DIA12_CV486075_250ng_FAIMS_003,1216344,,,Q99ZW2,,,false,Q99ZW2,Q99ZW2,,false,GNELALPSKYVNFLYLASHYEK,KRPLIETNGETGEIVWDK,1223,1059,9,1,1231,1059,,-1,5,0,1.007276,10.124751
Scan: 1093050 Run: DIA12_CV486075:20251228_A2_N1_Mueller_MS_TechHub_IMP_THIDDIAXL003_Cas9_PhoX_DIA12_CV486075_250ng_FAIMS_002 P1_QSGKTILDFLK P2_GILQTVKVVDELVK 4 7,DIA12_CV486075:20251228_A2_N1_Mueller_MS_TechHub_IMP_THIDDIAXL003_Cas9_PhoX_DIA12_CV486075_250ng_FAIMS_002,1093050,,,Q99ZW2,,,false,Q99ZW2,Q99ZW2,,false,GILQTVKVVDELVK,QSGKTILDFLK,736,674,7,4,742,677,,-1,4,0,1.007276,10.124273
Scan: 1108546 Run: DIA12_CV486075:20251228_A2_N1_Mueller_MS_TechHub_IMP_THIDDIAXL003_Cas9_PhoX_DIA12_CV486075_250ng_FAIMS_002 P1_ENQTTQKGQK P2_DFQFYKVR 7 6,DIA12_CV486075:20251228_A2_N1_Mueller_MS_TechHub_IMP_THIDDIAXL003_Cas9_PhoX_DIA12_CV486075_250ng_FAIMS_002,1108546,,,Q99ZW2,,,false,Q99ZW2,Q99ZW2,,false,DFQFYKVR,ENQTTQKGQK,969,766,6,7,974,772,,-1,3,0,1.007276,10.123057
Scan: 430911 Run: DIA12_CV486075:20251228_A2_N1_Mueller_MS_TechHub_IMP_THIDDIAXL003_Cas9_PhoX_DIA12_CV486075_250ng_FAIMS_001 P1_KLINGIR P2_DKQSGK 1 2,DIA12_CV486075:20251228_A2_N1_Mueller_MS_TechHub_IMP_THIDDIAXL003_Cas9_PhoX_DIA12_CV486075_250ng_FAIMS_001,430911,,,Q99ZW2,,,false,Q99ZW2,Q99ZW2,,false,DKQSGK,KLINGIR,672,665,2,1,673,665,,-1,3,0,1.007276,10.122146
Scan: 190043 Run: DIA12_CV486075:20251228_A2_N1_Mueller_MS_TechHub_IMP_THIDDIAXL003_Cas9_PhoX_DIA12_CV486075_250ng_FAIMS_001 P1_YKEIFFDQSK P2_HPIFGNIVDEVAYHEKYPTIYHLR 2 16,DIA12_CV486075:20251228_A2_N1_Mueller_MS_TechHub_IMP_THIDDIAXL003_Cas9_PhoX_DIA12_CV486075_250ng_FAIMS_001,190043,,,Q99ZW2,,,false,Q99ZW2,Q99ZW2,,false,HPIFGNIVDEVAYHEKYPTIYHLR,YKEIFFDQSK,116,347,16,2,131,348,,-1,5,0,1.007276,10.12062
Scan: 1195434 Run: DIA12_CV486075:20251228_A2_N1_Mueller_MS_TechHub_IMP_THIDDIAXL003_Cas9_PhoX_DIA12_CV486075_250ng_FAIMS_003 P1_YPKLESEFVYGDYK P2_SEQEIGKATAK 3 7,DIA12_CV486075:20251228_A2_N1_Mueller_MS_TechHub_IMP_THIDDIAXL003_Cas9_PhoX_DIA12_CV486075_250ng_FAIMS_003,1195434,,,Q99ZW2,,,false,Q99ZW2,Q99ZW2,,false,SEQEIGKATAK,YPKLESEFVYGDYK,1025,1001,7,3,1031,1003,,-1,3,0,1.007276,10.119149
Scan: 780 Run: DIA12_CV486075:20251228_A2_N1_Mueller_MS_TechHub_IMP_THIDDIAXL003_Cas9_PhoX_DIA12_CV486075_250ng_FAIMS_001 P1_YPKLESEFVYGDYK P2_KRPLIETNGETGEIVWDK 3 1,DIA12_CV486075:20251228_A2_N1_Mueller_MS_TechHub_IMP_THIDDIAXL003_Cas9_PhoX_DIA12_CV486075_250ng_FAIMS_001,780,,,Q99ZW2,,,false,Q99ZW2,Q99ZW2,,false,KRPLIETNGETGEIVWDK,YPKLESEFVYGDYK,1059,1001,1,3,1059,1003,,-1,4,0,1.007276,10.1188
Scan: 890408 Run: DIA12_CV486075:20251228_A2_N1_Mueller_MS_TechHub_IMP_THIDDIAXL003_Cas9_PhoX_DIA12_CV486075_250ng_FAIMS_002 P1_NLPNEKVLPK P2_IEKILTFR 6 3,DIA12_CV486075:20251228_A2_N1_Mueller_MS_TechHub_IMP_THIDDIAXL003_Cas9_PhoX_DIA12_CV486075_250ng_FAIMS_002,890408,,,Q99ZW2,,,false,Q99ZW2,Q99ZW2,,false,IEKILTFR,NLPNEKVLPK,440,501,3,6,442,506,,-1,3,0,1.007276,10.117732
Scan: 594095 Run: DIA12_CV486075:20251228_A2_N1_Mueller_MS_TechHub_IMP_THIDDIAXL003_Cas9_PhoX_DIA12_CV486075_250ng_FAIMS_001 P1_KPAFLSGEQK P2_KDFQFYK 1 1,DIA12_CV486075:20251228_A2_N1_Mueller_MS_TechHub_IMP_THIDDIAXL003_Cas9_PhoX_DIA12_CV486075_250ng_FAIMS_001,594095,,,Q99ZW2,,,false,Q99ZW2,Q99ZW2,,false,KDFQFYK,KPAFLSGEQK,968,536,1,1,968,536,,-1,3,0,1.007276,10.116586
Scan: 1440869 Run: DIA12_CV486075:20251228_A2_N1_Mueller_MS_TechHub_IMP_THIDDIAXL003_Cas9_PhoX_DIA12_CV486075_250ng_FAIMS_003 P1_KDFQFYK P2_FKVLGNTDR 1 2,DIA12_CV486075:20251228_A2_N1_Mueller_MS_TechHub_IMP_THIDDIAXL003_Cas9_PhoX_DIA12_CV486075_250ng_FAIMS_003,1440869,,,Q99ZW2,,,false,Q99ZW2,Q99ZW2,,false,FKVLGNTDR,KDFQFYK,32,968,2,1,33,968,,-1,4,0,1.007276,10.115607
Scan: 1583442 Run: DIA12_CV486075:20251228_A2_N1_Mueller_MS_TechHub_IMP_THIDDIAXL003_Cas9_PhoX_DIA12_CV486075_250ng_FAIMS_003 P1_KPAFLSGEQK P2_EHPVENTQLQNEKLYLYYLQNGR 1 13,DIA12_CV486075:20251228_A2_N1_Mueller_MS_TechHub_IMP_THIDDIAXL003_Cas9_PhoX_DIA12_CV486075_250ng_FAIMS_003,1583442,,,Q99ZW2,,,false,Q99ZW2,Q99ZW2,,false,EHPVENTQLQNEKLYLYYLQNGR,KPAFLSGEQK,798,536,13,1,810,536,,-1,4,0,1.007276,10.11513
Scan: 1143518 Run: DIA12_CV486075:20251228_A2_N1_Mueller_MS_TechHub_IMP_THIDDIAXL003_Cas9_PhoX_DIA12_CV486075_250ng_FAIMS_002 P1_IEKILTFR P2_GKSDNVPSEEVVK 3 2,DIA12_CV486075:20251228_A2_N1_Mueller_MS_TechHub_IMP_THIDDIAXL003_Cas9_PhoX_DIA12_CV486075_250ng_FAIMS_002,1143518,,,Q99ZW2,,,false,Q99ZW2,Q99ZW2,,false,GKSDNVPSEEVVK,IEKILTFR,865,440,2,3,866,442,,-1,3,0,1.007276,10.114999
Scan: 1507517 Run: DIA12_CV486075:20251228_A2_N1_Mueller_MS_TechHub_IMP_THIDDIAXL003_Cas9_PhoX_DIA12_CV486075_250ng_FAIMS_003 P1_KSEETITPWNFEEVVDK P2_KGILQTVK 1 1,DIA12_CV486075:20251228_A2_N1_Mueller_MS_TechHub_IMP_THIDDIAXL003_Cas9_PhoX_DIA12_CV486075_250ng_FAIMS_003,1507517,,,Q99ZW2,,,false,Q99ZW2,Q99ZW2,,false,KGILQTVK,KSEETITPWNFEEVVDK,735,468,1,1,735,468,,-1,4,0,1.007276,10.114984
Scan: 889740 Run: DIA12_CV486075:20251228_A2_N1_Mueller_MS_TechHub_IMP_THIDDIAXL003_Cas9_PhoX_DIA12_CV486075_250ng_FAIMS_002 P1_SEETITPWNFEEVVDKGASAQSFIER P2_EKIEKILTFR 16 5,DIA12_CV486075:20251228_A2_N1_Mueller_MS_TechHub_IMP_THIDDIAXL003_Cas9_PhoX_DIA12_CV486075_250ng_FAIMS_002,889740,,,Q99ZW2,,,false,Q99ZW2,Q99ZW2,,false,EKIEKILTFR,SEETITPWNFEEVVDKGASAQSFIER,438,469,5,16,442,484,,-1,4,0,1.007276,10.113011
Scan: 1341423 Run: DIA12_CV486075:20251228_A2_N1_Mueller_MS_TechHub_IMP_THIDDIAXL003_Cas9_PhoX_DIA12_CV486075_250ng_FAIMS_003 P1_LPKYSLFELENGR P2_KLINGIR 3 1,DIA12_CV486075:20251228_A2_N1_Mueller_MS_TechHub_IMP_THIDDIAXL003_Cas9_PhoX_DIA12_CV486075_250ng_FAIMS_003,1341423,,,Q99ZW2,,,false,Q99ZW2,Q99ZW2,,false,KLINGIR,LPKYSLFELENGR,665,1198,1,3,665,1200,,-1,4,0,1.007276,10.111548
Scan: 1768511 Run: DIA12_CV486075:20251228_A2_N1_Mueller_MS_TechHub_IMP_THIDDIAXL003_Cas9_PhoX_DIA12_CV486075_250ng_FAIMS_003 P1_QITKHVAQILDSR P2_ELGSQILKEHPVENTQLQNEK 4 8,DIA12_CV486075:20251228_A2_N1_Mueller_MS_TechHub_IMP_THIDDIAXL003_Cas9_PhoX_DIA12_CV486075_250ng_FAIMS_003,1768511,,,Q99ZW2,,,false,Q99ZW2,Q99ZW2,,false,ELGSQILKEHPVENTQLQNEK,QITKHVAQILDSR,790,926,8,4,797,929,,-1,5,0,1.007276,10.109932
Scan: 1488586 Run: DIA12_CV486075:20251228_A2_N1_Mueller_MS_TechHub_IMP_THIDDIAXL003_Cas9_PhoX_DIA12_CV486075_250ng_FAIMS_003 P1_IEKILTFR P2_DKQSGK 3 2,DIA12_CV486075:20251228_A2_N1_Mueller_MS_TechHub_IMP_THIDDIAXL003_Cas9_PhoX_DIA12_CV486075_250ng_FAIMS_003,1488586,,,Q99ZW2,,,false,Q99ZW2,Q99ZW2,,false,DKQSGK,IEKILTFR,672,440,2,3,673,442,,-1,3,0,1.007276,10.109472
Scan: 1744553 Run: DIA12_CV486075:20251228_A2_N1_Mueller_MS_TechHub_IMP_THIDDIAXL003_Cas9_PhoX_DIA12_CV486075_250ng_FAIMS_003 P1_KDFQFYK P2_GKSDNVPSEEVVK 1 2,DIA12_CV486075:20251228_A2_N1_Mueller_MS_TechHub_IMP_THIDDIAXL003_Cas9_PhoX_DIA12_CV486075_250ng_FAIMS_003,1744553,,,Q99ZW2,,,false,Q99ZW2,Q99ZW2,,false,GKSDNVPSEEVVK,KDFQFYK,865,968,2,1,866,968,,-1,3,0,1.007276,10.107805
Scan: 1113715 Run: DIA12_CV486075:20251228_A2_N1_Mueller_MS_TechHub_IMP_THIDDIAXL003_Cas9_PhoX_DIA12_CV486075_250ng_FAIMS_002 P1_IEEGIKELGSQILK P2_EHPVENTQLQNEKLYLYYLQNGR 6 13,DIA12_CV486075:20251228_A2_N1_Mueller_MS_TechHub_IMP_THIDDIAXL003_Cas9_PhoX_DIA12_CV486075_250ng_FAIMS_002,1113715,,,Q99ZW2,,,false,Q99ZW2,Q99ZW2,,false,EHPVENTQLQNEKLYLYYLQNGR,IEEGIKELGSQILK,798,784,13,6,810,789,,-1,4,0,1.007276,10.107531
Scan: 21351 Run: DIA12_CV486075:20251228_A2_N1_Mueller_MS_TechHub_IMP_THIDDIAXL003_Cas9_PhoX_DIA12_CV486075_250ng_FAIMS_001 P1_LPKYSLFELENGR P2_KRPLIETNGETGEIVWDK 3 1,DIA12_CV486075:20251228_A2_N1_Mueller_MS_TechHub_IMP_THIDDIAXL003_Cas9_PhoX_DIA12_CV486075_250ng_FAIMS_001,21351,,,Q99ZW2,,,false,Q99ZW2,Q99ZW2,,false,KRPLIETNGETGEIVWDK,LPKYSLFELENGR,1059,1198,1,3,1059,1200,,-1,4,0,1.007276,10.107476
Scan: 1309666 Run: DIA12_CV486075:20251228_A2_N1_Mueller_MS_TechHub_IMP_THIDDIAXL003_Cas9_PhoX_DIA12_CV486075_250ng_FAIMS_003 P1_VILADANLDKVLSAYNK P2_SSFEKNPIDFLEAK 10 5,DIA12_CV486075:20251228_A2_N1_Mueller_MS_TechHub_IMP_THIDDIAXL003_Cas9_PhoX_DIA12_CV486075_250ng_FAIMS_003,1309666,,,Q99ZW2,,,false,Q99ZW2,Q99ZW2,,false,SSFEKNPIDFLEAK,VILADANLDKVLSAYNK,1172,1280,5,10,1176,1289,,-1,4,0,1.007276,10.106377
Scan: 1292272 Run: DIA12_CV486075:20251228_A2_N1_Mueller_MS_TechHub_IMP_THIDDIAXL003_Cas9_PhoX_DIA12_CV486075_250ng_FAIMS_003 P1_NSDKLIAR P2_KDWDPK 4 1,DIA12_CV486075:20251228_A2_N1_Mueller_MS_TechHub_IMP_THIDDIAXL003_Cas9_PhoX_DIA12_CV486075_250ng_FAIMS_003,1292272,,,Q99ZW2,,,false,Q99ZW2,Q99ZW2,,false,KDWDPK,NSDKLIAR,1124,1115,1,4,1124,1118,,-1,4,0,1.007276,10.105794
Scan: 1558886 Run: DIA12_CV486075:20251228_A2_N1_Mueller_MS_TechHub_IMP_THIDDIAXL003_Cas9_PhoX_DIA12_CV486075_250ng_FAIMS_003 P1_VLPKHSLLYEYFTVYNELTK P2_SEETITPWNFEEVVDKGASAQSFIER 4 16,DIA12_CV486075:20251228_A2_N1_Mueller_MS_TechHub_IMP_THIDDIAXL003_Cas9_PhoX_DIA12_CV486075_250ng_FAIMS_003,1558886,,,Q99ZW2,,,false,Q99ZW2,Q99ZW2,,false,SEETITPWNFEEVVDKGASAQSFIER,VLPKHSLLYEYFTVYNELTK,469,507,16,4,484,510,,-1,5,0,1.007276,10.104025
Scan: 30850 Run: DIA12_CV486075:20251228_A2_N1_Mueller_MS_TechHub_IMP_THIDDIAXL003_Cas9_PhoX_DIA12_CV486075_250ng_FAIMS_001 P1_KRPLIETNGETGEIVWDKGR P2_FKVLGNTDR 18 2,DIA12_CV486075:20251228_A2_N1_Mueller_MS_TechHub_IMP_THIDDIAXL003_Cas9_PhoX_DIA12_CV486075_250ng_FAIMS_001,30850,,,Q99ZW2,,,false,Q99ZW2,Q99ZW2,,false,FKVLGNTDR,KRPLIETNGETGEIVWDKGR,32,1059,2,18,33,1076,,-1,5,0,1.007276,10.102706
Scan: 839101 Run: DIA12_CV486075:20251228_A2_N1_Mueller_MS_TechHub_IMP_THIDDIAXL003_Cas9_PhoX_DIA12_CV486075_250ng_FAIMS_002 P1_NSDKLIAR P2_FKVLGNTDR 4 2,DIA12_CV486075:20251228_A2_N1_Mueller_MS_TechHub_IMP_THIDDIAXL003_Cas9_PhoX_DIA12_CV486075_250ng_FAIMS_002,839101,,,Q99ZW2,,,false,Q99ZW2,Q99ZW2,,false,FKVLGNTDR,NSDKLIAR,32,1115,2,4,33,1118,,-1,4,0,1.007276,10.102549
Scan: 1744220 Run: DIA12_CV486075:20251228_A2_N1_Mueller_MS_TechHub_IMP_THIDDIAXL003_Cas9_PhoX_DIA12_CV486075_250ng_FAIMS_003 P1_GKSDNVPSEEVVK P2_GGLSELDKAGFIK 2 8,DIA12_CV486075:20251228_A2_N1_Mueller_MS_TechHub_IMP_THIDDIAXL003_Cas9_PhoX_DIA12_CV486075_250ng_FAIMS_003,1744220,,,Q99ZW2,,,false,Q99ZW2,Q99ZW2,,false,GGLSELDKAGFIK,GKSDNVPSEEVVK,906,865,8,2,913,866,,-1,3,0,1.007276,10.102455
Scan: 614479 Run: DIA12_CV486075:20251228_A2_N1_Mueller_MS_TechHub_IMP_THIDDIAXL003_Cas9_PhoX_DIA12_CV486075_250ng_FAIMS_002 P1_MIAKSEQEIGK P2_ATAKYFFYSNIMNFFK 4 4,DIA12_CV486075:20251228_A2_N1_Mueller_MS_TechHub_IMP_THIDDIAXL003_Cas9_PhoX_DIA12_CV486075_250ng_FAIMS_002,614479,,,Q99ZW2,,,false,Q99ZW2,Q99ZW2,,false,ATAKYFFYSNIMNFFK,MIAKSEQEIGK,1032,1021,4,4,1035,1024,,-1,4,0,1.007276,10.102312
Scan: 1356491 Run: DIA12_CV486075:20251228_A2_N1_Mueller_MS_TechHub_IMP_THIDDIAXL003_Cas9_PhoX_DIA12_CV486075_250ng_FAIMS_003 P1_SSFEKNPIDFLEAK P2_LKGSPEDNEQK 5 2,DIA12_CV486075:20251228_A2_N1_Mueller_MS_TechHub_IMP_THIDDIAXL003_Cas9_PhoX_DIA12_CV486075_250ng_FAIMS_003,1356491,,,Q99ZW2,,,false,Q99ZW2,Q99ZW2,,false,LKGSPEDNEQK,SSFEKNPIDFLEAK,1245,1172,2,5,1246,1176,,-1,4,0,1.007276,10.102019
Scan: 690597 Run: DIA12_CV486075:20251228_A2_N1_Mueller_MS_TechHub_IMP_THIDDIAXL003_Cas9_PhoX_DIA12_CV486075_250ng_FAIMS_002 P1_NSDKLIAR P2_KFDNLTK 4 1,DIA12_CV486075:20251228_A2_N1_Mueller_MS_TechHub_IMP_THIDDIAXL003_Cas9_PhoX_DIA12_CV486075_250ng_FAIMS_002,690597,,,Q99ZW2,,,false,Q99ZW2,Q99ZW2,,false,KFDNLTK,NSDKLIAR,896,1115,1,4,896,1118,,-1,3,0,1.007276,10.101493
Scan: 1449642 Run: DIA12_CV486075:20251228_A2_N1_Mueller_MS_TechHub_IMP_THIDDIAXL003_Cas9_PhoX_DIA12_CV486075_250ng_FAIMS_003 P1_YKEIFFDQSK P2_KKDWDPK 2 1,DIA12_CV486075:20251228_A2_N1_Mueller_MS_TechHub_IMP_THIDDIAXL003_Cas9_PhoX_DIA12_CV486075_250ng_FAIMS_003,1449642,,,Q99ZW2,,,false,Q99ZW2,Q99ZW2,,false,KKDWDPK,YKEIFFDQSK,1123,347,1,2,1123,348,,-1,3,0,1.007276,10.10083
Scan: 428141 Run: DIA12_CV486075:20251228_A2_N1_Mueller_MS_TechHub_IMP_THIDDIAXL003_Cas9_PhoX_DIA12_CV486075_250ng_FAIMS_001 P1_KLINGIR P2_KKDWDPK 1 1,DIA12_CV486075:20251228_A2_N1_Mueller_MS_TechHub_IMP_THIDDIAXL003_Cas9_PhoX_DIA12_CV486075_250ng_FAIMS_001,428141,,,Q99ZW2,,,false,Q99ZW2,Q99ZW2,,false,KKDWDPK,KLINGIR,1123,665,1,1,1123,665,,-1,4,0,1.007276,10.099927
Scan: 1191563 Run: DIA12_CV486075:20251228_A2_N1_Mueller_MS_TechHub_IMP_THIDDIAXL003_Cas9_PhoX_DIA12_CV486075_250ng_FAIMS_002 P1_KPAFLSGEQK P2_KDFQFYK 1 1,DIA12_CV486075:20251228_A2_N1_Mueller_MS_TechHub_IMP_THIDDIAXL003_Cas9_PhoX_DIA12_CV486075_250ng_FAIMS_002,1191563,,,Q99ZW2,,,false,Q99ZW2,Q99ZW2,,false,KDFQFYK,KPAFLSGEQK,968,536,1,1,968,536,,-1,4,0,1.007276,10.097707
Scan: 1641228 Run: DIA12_CV486075:20251228_A2_N1_Mueller_MS_TechHub_IMP_THIDDIAXL003_Cas9_PhoX_DIA12_CV486075_250ng_FAIMS_003 P1_TILDFLKSDGFANR P2_KAIVDLLFK 7 1,DIA12_CV486075:20251228_A2_N1_Mueller_MS_TechHub_IMP_THIDDIAXL003_Cas9_PhoX_DIA12_CV486075_250ng_FAIMS_003,1641228,,,Q99ZW2,,,false,Q99ZW2,Q99ZW2,,false,KAIVDLLFK,TILDFLKSDGFANR,546,678,1,7,546,684,,-1,3,0,1.007276,10.096956
Scan: 1146012 Run: DIA12_CV486075:20251228_A2_N1_Mueller_MS_TechHub_IMP_THIDDIAXL003_Cas9_PhoX_DIA12_CV486075_250ng_FAIMS_002 P1_SDKNR P2_GKSDNVPSEEVVKK 3 2,DIA12_CV486075:20251228_A2_N1_Mueller_MS_TechHub_IMP_THIDDIAXL003_Cas9_PhoX_DIA12_CV486075_250ng_FAIMS_002,1146012,,,Q99ZW2,,,false,Q99ZW2,Q99ZW2,,false,GKSDNVPSEEVVKK,SDKNR,865,860,2,3,866,862,,-1,3,0,1.007276,10.096039
Scan: 430528 Run: DIA12_CV486075:20251228_A2_N1_Mueller_MS_TechHub_IMP_THIDDIAXL003_Cas9_PhoX_DIA12_CV486075_250ng_FAIMS_001 P1_QLKEDYFK P2_KLINGIR 3 1,DIA12_CV486075:20251228_A2_N1_Mueller_MS_TechHub_IMP_THIDDIAXL003_Cas9_PhoX_DIA12_CV486075_250ng_FAIMS_001,430528,,,Q99ZW2,,,false,Q99ZW2,Q99ZW2,,false,KLINGIR,QLKEDYFK,665,563,1,3,665,565,,-1,3,0,1.007276,10.093976
Scan: 1788665 Run: DIA12_CV486075:20251228_A2_N1_Mueller_MS_TechHub_IMP_THIDDIAXL003_Cas9_PhoX_DIA12_CV486075_250ng_FAIMS_003 P1_KDFQFYK P2_GSPEDNEQKQLFVEQHK 1 9,DIA12_CV486075:20251228_A2_N1_Mueller_MS_TechHub_IMP_THIDDIAXL003_Cas9_PhoX_DIA12_CV486075_250ng_FAIMS_003,1788665,,,Q99ZW2,,,false,Q99ZW2,Q99ZW2,,false,GSPEDNEQKQLFVEQHK,KDFQFYK,1247,968,9,1,1255,968,,-1,4,0,1.007276,10.093551
Scan: 1027841 Run: DIA12_CV486075:20251228_A2_N1_Mueller_MS_TechHub_IMP_THIDDIAXL003_Cas9_PhoX_DIA12_CV486075_250ng_FAIMS_002 P1_KLINGIR P2_KAIVDLLFK 1 1,DIA12_CV486075:20251228_A2_N1_Mueller_MS_TechHub_IMP_THIDDIAXL003_Cas9_PhoX_DIA12_CV486075_250ng_FAIMS_002,1027841,,,Q99ZW2,,,false,Q99ZW2,Q99ZW2,,false,KAIVDLLFK,KLINGIR,546,665,1,1,546,665,,-1,3,0,1.007276,10.091517
Scan: 680378 Run: DIA12_CV486075:20251228_A2_N1_Mueller_MS_TechHub_IMP_THIDDIAXL003_Cas9_PhoX_DIA12_CV486075_250ng_FAIMS_002 P1_NSDKLIAR P2_KKDWDPK 4 1,DIA12_CV486075:20251228_A2_N1_Mueller_MS_TechHub_IMP_THIDDIAXL003_Cas9_PhoX_DIA12_CV486075_250ng_FAIMS_002,680378,,,Q99ZW2,,,false,Q99ZW2,Q99ZW2,,false,KKDWDPK,NSDKLIAR,1123,1115,1,4,1123,1118,,-1,3,0,1.007276,10.09107
Scan: 1766577 Run: DIA12_CV486075:20251228_A2_N1_Mueller_MS_TechHub_IMP_THIDDIAXL003_Cas9_PhoX_DIA12_CV486075_250ng_FAIMS_003 P1_QITKHVAQILDSR P2_KLVDSTDK 4 1,DIA12_CV486075:20251228_A2_N1_Mueller_MS_TechHub_IMP_THIDDIAXL003_Cas9_PhoX_DIA12_CV486075_250ng_FAIMS_003,1766577,,,Q99ZW2,,,false,Q99ZW2,Q99ZW2,,false,KLVDSTDK,QITKHVAQILDSR,141,926,1,4,141,929,,-1,4,0,1.007276,10.090098
Scan: 260032 Run: DIA12_CV486075:20251228_A2_N1_Mueller_MS_TechHub_IMP_THIDDIAXL003_Cas9_PhoX_DIA12_CV486075_250ng_FAIMS_001 P1_YKEIFFDQSK P2_FNASLGTYHDLLKIIK 2 13,DIA12_CV486075:20251228_A2_N1_Mueller_MS_TechHub_IMP_THIDDIAXL003_Cas9_PhoX_DIA12_CV486075_250ng_FAIMS_001,260032,,,Q99ZW2,,,false,Q99ZW2,Q99ZW2,,false,FNASLGTYHDLLKIIK,YKEIFFDQSK,587,347,13,2,599,348,,-1,4,0,1.007276,10.090089
Scan: 1236416 Run: DIA12_CV486075:20251228_A2_N1_Mueller_MS_TechHub_IMP_THIDDIAXL003_Cas9_PhoX_DIA12_CV486075_250ng_FAIMS_003 P1_QLLNAKLITQR P2_KTEVQTGGFSK 6 1,DIA12_CV486075:20251228_A2_N1_Mueller_MS_TechHub_IMP_THIDDIAXL003_Cas9_PhoX_DIA12_CV486075_250ng_FAIMS_003,1236416,,,Q99ZW2,,,false,Q99ZW2,Q99ZW2,,false,KTEVQTGGFSK,QLLNAKLITQR,1097,885,1,6,1097,890,,-1,3,0,1.007276,10.089263
Scan: 92135 Run: DIA12_CV486075:20251228_A2_N1_Mueller_MS_TechHub_IMP_THIDDIAXL003_Cas9_PhoX_DIA12_CV486075_250ng_FAIMS_001 P1_NSDKLIAR P2_GILQTVKVVDELVK 4 7,DIA12_CV486075:20251228_A2_N1_Mueller_MS_TechHub_IMP_THIDDIAXL003_Cas9_PhoX_DIA12_CV486075_250ng_FAIMS_001,92135,,,Q99ZW2,,,false,Q99ZW2,Q99ZW2,,false,GILQTVKVVDELVK,NSDKLIAR,736,1115,7,4,742,1118,,-1,3,0,1.007276,10.08891
Scan: 1715466 Run: DIA12_CV486075:20251228_A2_N1_Mueller_MS_TechHub_IMP_THIDDIAXL003_Cas9_PhoX_DIA12_CV486075_250ng_FAIMS_003 P1_NSDKLIAR P2_ELGSQILKEHPVENTQLQNEK 4 8,DIA12_CV486075:20251228_A2_N1_Mueller_MS_TechHub_IMP_THIDDIAXL003_Cas9_PhoX_DIA12_CV486075_250ng_FAIMS_003,1715466,,,Q99ZW2,,,false,Q99ZW2,Q99ZW2,,false,ELGSQILKEHPVENTQLQNEK,NSDKLIAR,790,1115,8,4,797,1118,,-1,4,0,1.007276,10.08817
Scan: 1392627 Run: DIA12_CV486075:20251228_A2_N1_Mueller_MS_TechHub_IMP_THIDDIAXL003_Cas9_PhoX_DIA12_CV486075_250ng_FAIMS_003 P1_YTSTKEVLDATLIHQSITGLYETR P2_KYGGFDSPTVAYSVLVVAK 5 1,DIA12_CV486075:20251228_A2_N1_Mueller_MS_TechHub_IMP_THIDDIAXL003_Cas9_PhoX_DIA12_CV486075_250ng_FAIMS_003,1392627,,,Q99ZW2,,,false,Q99ZW2,Q99ZW2,,false,KYGGFDSPTVAYSVLVVAK,YTSTKEVLDATLIHQSITGLYETR,1130,1336,1,5,1130,1340,,-1,5,0,1.007276,10.087492
Scan: 314008 Run: DIA12_CV486075:20251228_A2_N1_Mueller_MS_TechHub_IMP_THIDDIAXL003_Cas9_PhoX_DIA12_CV486075_250ng_FAIMS_001 P1_MNTKYDENDK P2_KSEETITPWNFEEVVDK 4 1,DIA12_CV486075:20251228_A2_N1_Mueller_MS_TechHub_IMP_THIDDIAXL003_Cas9_PhoX_DIA12_CV486075_250ng_FAIMS_001,314008,,,Q99ZW2,,,false,Q99ZW2,Q99ZW2,,false,KSEETITPWNFEEVVDK,MNTKYDENDK,468,939,1,4,468,942,,-1,4,0,1.007276,10.086452
Scan: 247286 Run: DIA12_CV486075:20251228_A2_N1_Mueller_MS_TechHub_IMP_THIDDIAXL003_Cas9_PhoX_DIA12_CV486075_250ng_FAIMS_001 P1_YDEHHQDLTLLKALVR P2_NSDKLIAR 12 4,DIA12_CV486075:20251228_A2_N1_Mueller_MS_TechHub_IMP_THIDDIAXL003_Cas9_PhoX_DIA12_CV486075_250ng_FAIMS_001,247286,,,Q99ZW2,,,false,Q99ZW2,Q99ZW2,,false,NSDKLIAR,YDEHHQDLTLLKALVR,1115,325,4,12,1118,336,,-1,4,0,1.007276,10.085644
Scan: 701652 Run: DIA12_CV486075:20251228_A2_N1_Mueller_MS_TechHub_IMP_THIDDIAXL003_Cas9_PhoX_DIA12_CV486075_250ng_FAIMS_002 P1_KYGGFDSPTVAYSVLVVAK P2_KKDWDPK 1 1,DIA12_CV486075:20251228_A2_N1_Mueller_MS_TechHub_IMP_THIDDIAXL003_Cas9_PhoX_DIA12_CV486075_250ng_FAIMS_002,701652,,,Q99ZW2,,,false,Q99ZW2,Q99ZW2,,false,KKDWDPK,KYGGFDSPTVAYSVLVVAK,1123,1130,1,1,1123,1130,,-1,3,0,1.007276,10.083826
Scan: 984939 Run: DIA12_CV486075:20251228_A2_N1_Mueller_MS_TechHub_IMP_THIDDIAXL003_Cas9_PhoX_DIA12_CV486075_250ng_FAIMS_002 P1_KPAFLSGEQK P2_EDIQKAQVSGQGDSLHEHIANLAGSPAIK 1 5,DIA12_CV486075:20251228_A2_N1_Mueller_MS_TechHub_IMP_THIDDIAXL003_Cas9_PhoX_DIA12_CV486075_250ng_FAIMS_002,984939,,,Q99ZW2,,,false,Q99ZW2,Q99ZW2,,false,EDIQKAQVSGQGDSLHEHIANLAGSPAIK,KPAFLSGEQK,706,536,5,1,710,536,,-1,4,0,1.007276,10.083109
Scan: 1769157 Run: DIA12_CV486075:20251228_A2_N1_Mueller_MS_TechHub_IMP_THIDDIAXL003_Cas9_PhoX_DIA12_CV486075_250ng_FAIMS_003 P1_QLLNAKLITQR P2_QITKHVAQILDSR 6 4,DIA12_CV486075:20251228_A2_N1_Mueller_MS_TechHub_IMP_THIDDIAXL003_Cas9_PhoX_DIA12_CV486075_250ng_FAIMS_003,1769157,,,Q99ZW2,,,false,Q99ZW2,Q99ZW2,,false,QITKHVAQILDSR,QLLNAKLITQR,926,885,4,6,929,890,,-1,4,0,1.007276,10.08266
Scan: 1339467 Run: DIA12_CV486075:20251228_A2_N1_Mueller_MS_TechHub_IMP_THIDDIAXL003_Cas9_PhoX_DIA12_CV486075_250ng_FAIMS_003 P1_LPKYSLFELENGR P2_GNELALPSKYVNFLYLASHYEK 3 9,DIA12_CV486075:20251228_A2_N1_Mueller_MS_TechHub_IMP_THIDDIAXL003_Cas9_PhoX_DIA12_CV486075_250ng_FAIMS_003,1339467,,,Q99ZW2,,,false,Q99ZW2,Q99ZW2,,false,GNELALPSKYVNFLYLASHYEK,LPKYSLFELENGR,1223,1198,9,3,1231,1200,,-1,5,0,1.007276,10.081958
Scan: 843139 Run: DIA12_CV486075:20251228_A2_N1_Mueller_MS_TechHub_IMP_THIDDIAXL003_Cas9_PhoX_DIA12_CV486075_250ng_FAIMS_002 P1_KFDNLTK P2_FKVLGNTDR 1 2,DIA12_CV486075:20251228_A2_N1_Mueller_MS_TechHub_IMP_THIDDIAXL003_Cas9_PhoX_DIA12_CV486075_250ng_FAIMS_002,843139,,,Q99ZW2,,,false,Q99ZW2,Q99ZW2,,false,FKVLGNTDR,KFDNLTK,32,896,2,1,33,896,,-1,3,0,1.007276,10.081611
Scan: 1556899 Run: DIA12_CV486075:20251228_A2_N1_Mueller_MS_TechHub_IMP_THIDDIAXL003_Cas9_PhoX_DIA12_CV486075_250ng_FAIMS_003 P1_VLPKHSLLYEYFTVYNELTK P2_KDLIIK 4 1,DIA12_CV486075:20251228_A2_N1_Mueller_MS_TechHub_IMP_THIDDIAXL003_Cas9_PhoX_DIA12_CV486075_250ng_FAIMS_003,1556899,,,Q99ZW2,,,false,Q99ZW2,Q99ZW2,,false,KDLIIK,VLPKHSLLYEYFTVYNELTK,1192,507,1,4,1192,510,,-1,4,0,1.007276,10.081341
Scan: 733389 Run: DIA12_CV486075:20251228_A2_N1_Mueller_MS_TechHub_IMP_THIDDIAXL003_Cas9_PhoX_DIA12_CV486075_250ng_FAIMS_002 P1_SEETITPWNFEEVVDKGASAQSFIER P2_KDLIIK 16 1,DIA12_CV486075:20251228_A2_N1_Mueller_MS_TechHub_IMP_THIDDIAXL003_Cas9_PhoX_DIA12_CV486075_250ng_FAIMS_002,733389,,,Q99ZW2,,,false,Q99ZW2,Q99ZW2,,false,KDLIIK,SEETITPWNFEEVVDKGASAQSFIER,1192,469,1,16,1192,484,,-1,4,0,1.007276,10.080453
Scan: 1306075 Run: DIA12_CV486075:20251228_A2_N1_Mueller_MS_TechHub_IMP_THIDDIAXL003_Cas9_PhoX_DIA12_CV486075_250ng_FAIMS_003 P1_TEVQTGGFSKESILPK P2_SSFEKNPIDFLEAK 10 5,DIA12_CV486075:20251228_A2_N1_Mueller_MS_TechHub_IMP_THIDDIAXL003_Cas9_PhoX_DIA12_CV486075_250ng_FAIMS_003,1306075,,,Q99ZW2,,,false,Q99ZW2,Q99ZW2,,false,SSFEKNPIDFLEAK,TEVQTGGFSKESILPK,1172,1098,5,10,1176,1107,,-1,3,0,1.007276,10.07991
Scan: 1399462 Run: DIA12_CV486075:20251228_A2_N1_Mueller_MS_TechHub_IMP_THIDDIAXL003_Cas9_PhoX_DIA12_CV486075_250ng_FAIMS_003 P1_KLVDSTDK P2_KGILQTVK 1 1,DIA12_CV486075:20251228_A2_N1_Mueller_MS_TechHub_IMP_THIDDIAXL003_Cas9_PhoX_DIA12_CV486075_250ng_FAIMS_003,1399462,,,Q99ZW2,,,false,Q99ZW2,Q99ZW2,,false,KGILQTVK,KLVDSTDK,735,141,1,1,735,141,,-1,3,0,1.007276,10.078341
Scan: 452174 Run: DIA12_CV486075:20251228_A2_N1_Mueller_MS_TechHub_IMP_THIDDIAXL003_Cas9_PhoX_DIA12_CV486075_250ng_FAIMS_001 P1_TEVQTGGFSKESILPK P2_EDIQKAQVSGQGDSLHEHIANLAGSPAIKK 10 5,DIA12_CV486075:20251228_A2_N1_Mueller_MS_TechHub_IMP_THIDDIAXL003_Cas9_PhoX_DIA12_CV486075_250ng_FAIMS_001,452174,,,Q99ZW2,,,false,Q99ZW2,Q99ZW2,,false,EDIQKAQVSGQGDSLHEHIANLAGSPAIKK,TEVQTGGFSKESILPK,706,1098,5,10,710,1107,,-1,6,0,1.007276,10.07813
Scan: 1453401 Run: DIA12_CV486075:20251228_A2_N1_Mueller_MS_TechHub_IMP_THIDDIAXL003_Cas9_PhoX_DIA12_CV486075_250ng_FAIMS_003 P1_YKEIFFDQSK P2_IEKILTFR 2 3,DIA12_CV486075:20251228_A2_N1_Mueller_MS_TechHub_IMP_THIDDIAXL003_Cas9_PhoX_DIA12_CV486075_250ng_FAIMS_003,1453401,,,Q99ZW2,,,false,Q99ZW2,Q99ZW2,,false,IEKILTFR,YKEIFFDQSK,440,347,3,2,442,348,,-1,4,0,1.007276,10.07433
Scan: 1337425 Run: DIA12_CV486075:20251228_A2_N1_Mueller_MS_TechHub_IMP_THIDDIAXL003_Cas9_PhoX_DIA12_CV486075_250ng_FAIMS_003 P1_TEVQTGGFSKESILPK P2_LPKYSLFELENGR 10 3,DIA12_CV486075:20251228_A2_N1_Mueller_MS_TechHub_IMP_THIDDIAXL003_Cas9_PhoX_DIA12_CV486075_250ng_FAIMS_003,1337425,,,Q99ZW2,,,false,Q99ZW2,Q99ZW2,,false,LPKYSLFELENGR,TEVQTGGFSKESILPK,1198,1098,3,10,1200,1107,,-1,4,0,1.007276,10.074251
Scan: 589860 Run: DIA12_CV486075:20251228_A2_N1_Mueller_MS_TechHub_IMP_THIDDIAXL003_Cas9_PhoX_DIA12_CV486075_250ng_FAIMS_001 P1_SKLVSDFR P2_QLLNAKLITQR 2 6,DIA12_CV486075:20251228_A2_N1_Mueller_MS_TechHub_IMP_THIDDIAXL003_Cas9_PhoX_DIA12_CV486075_250ng_FAIMS_001,589860,,,Q99ZW2,,,false,Q99ZW2,Q99ZW2,,false,QLLNAKLITQR,SKLVSDFR,885,960,6,2,890,961,,-1,4,0,1.007276,10.073924
Scan: 941345 Run: DIA12_CV486075:20251228_A2_N1_Mueller_MS_TechHub_IMP_THIDDIAXL003_Cas9_PhoX_DIA12_CV486075_250ng_FAIMS_002 P1_SEETITPWNFEEVVDKGASAQSFIER P2_FKVLGNTDR 16 2,DIA12_CV486075:20251228_A2_N1_Mueller_MS_TechHub_IMP_THIDDIAXL003_Cas9_PhoX_DIA12_CV486075_250ng_FAIMS_002,941345,,,Q99ZW2,,,false,Q99ZW2,Q99ZW2,,false,FKVLGNTDR,SEETITPWNFEEVVDKGASAQSFIER,32,469,2,16,33,484,,-1,4,0,1.007276,10.073077
Scan: 1650928 Run: DIA12_CV486075:20251228_A2_N1_Mueller_MS_TechHub_IMP_THIDDIAXL003_Cas9_PhoX_DIA12_CV486075_250ng_FAIMS_003 P1_KNGLFGNLIALSLGLTPNFK P2_EDIQKAQVSGQGDSLHEHIANLAGSPAIK 1 5,DIA12_CV486075:20251228_A2_N1_Mueller_MS_TechHub_IMP_THIDDIAXL003_Cas9_PhoX_DIA12_CV486075_250ng_FAIMS_003,1650928,,,Q99ZW2,,,false,Q99ZW2,Q99ZW2,,false,EDIQKAQVSGQGDSLHEHIANLAGSPAIK,KNGLFGNLIALSLGLTPNFK,706,234,5,1,710,234,,-1,5,0,1.007276,10.072557
Scan: 634580 Run: DIA12_CV486075:20251228_A2_N1_Mueller_MS_TechHub_IMP_THIDDIAXL003_Cas9_PhoX_DIA12_CV486075_250ng_FAIMS_002 P1_LPKYSLFELENGR P2_KTEVQTGGFSK 3 1,DIA12_CV486075:20251228_A2_N1_Mueller_MS_TechHub_IMP_THIDDIAXL003_Cas9_PhoX_DIA12_CV486075_250ng_FAIMS_002,634580,,,Q99ZW2,,,false,Q99ZW2,Q99ZW2,,false,KTEVQTGGFSK,LPKYSLFELENGR,1097,1198,1,3,1097,1200,,-1,3,0,1.007276,10.072025
Scan: 40635 Run: DIA12_CV486075:20251228_A2_N1_Mueller_MS_TechHub_IMP_THIDDIAXL003_Cas9_PhoX_DIA12_CV486075_250ng_FAIMS_001 P1_KTEVQTGGFSK P2_KGILQTVK 1 1,DIA12_CV486075:20251228_A2_N1_Mueller_MS_TechHub_IMP_THIDDIAXL003_Cas9_PhoX_DIA12_CV486075_250ng_FAIMS_001,40635,,,Q99ZW2,,,false,Q99ZW2,Q99ZW2,,false,KGILQTVK,KTEVQTGGFSK,735,1097,1,1,735,1097,,-1,4,0,1.007276,10.071587
Scan: 838631 Run: DIA12_CV486075:20251228_A2_N1_Mueller_MS_TechHub_IMP_THIDDIAXL003_Cas9_PhoX_DIA12_CV486075_250ng_FAIMS_002 P1_SEQEIGKATAK P2_FKVLGNTDR 7 2,DIA12_CV486075:20251228_A2_N1_Mueller_MS_TechHub_IMP_THIDDIAXL003_Cas9_PhoX_DIA12_CV486075_250ng_FAIMS_002,838631,,,Q99ZW2,,,false,Q99ZW2,Q99ZW2,,false,FKVLGNTDR,SEQEIGKATAK,32,1025,2,7,33,1031,,-1,4,0,1.007276,10.071288
Scan: 38011 Run: DIA12_CV486075:20251228_A2_N1_Mueller_MS_TechHub_IMP_THIDDIAXL003_Cas9_PhoX_DIA12_CV486075_250ng_FAIMS_001 P1_KTEVQTGGFSK P2_KLVDSTDK 1 1,DIA12_CV486075:20251228_A2_N1_Mueller_MS_TechHub_IMP_THIDDIAXL003_Cas9_PhoX_DIA12_CV486075_250ng_FAIMS_001,38011,,,Q99ZW2,,,false,Q99ZW2,Q99ZW2,,false,KLVDSTDK,KTEVQTGGFSK,141,1097,1,1,141,1097,,-1,3,0,1.007276,10.070744
Scan: 1500001 Run: DIA12_CV486075:20251228_A2_N1_Mueller_MS_TechHub_IMP_THIDDIAXL003_Cas9_PhoX_DIA12_CV486075_250ng_FAIMS_003 P1_YDEHHQDLTLLKALVR P2_KSEETITPWNFEEVVDK 12 1,DIA12_CV486075:20251228_A2_N1_Mueller_MS_TechHub_IMP_THIDDIAXL003_Cas9_PhoX_DIA12_CV486075_250ng_FAIMS_003,1500001,,,Q99ZW2,,,false,Q99ZW2,Q99ZW2,,false,KSEETITPWNFEEVVDK,YDEHHQDLTLLKALVR,468,325,1,12,468,336,,-1,5,0,1.007276,10.070612
Scan: 1378040 Run: DIA12_CV486075:20251228_A2_N1_Mueller_MS_TechHub_IMP_THIDDIAXL003_Cas9_PhoX_DIA12_CV486075_250ng_FAIMS_003 P1_VILADANLDKVLSAYNK P2_KLVDSTDK 10 1,DIA12_CV486075:20251228_A2_N1_Mueller_MS_TechHub_IMP_THIDDIAXL003_Cas9_PhoX_DIA12_CV486075_250ng_FAIMS_003,1378040,,,Q99ZW2,,,false,Q99ZW2,Q99ZW2,,false,KLVDSTDK,VILADANLDKVLSAYNK,141,1280,1,10,141,1289,,-1,4,0,1.007276,10.067886
Scan: 1440027 Run: DIA12_CV486075:20251228_A2_N1_Mueller_MS_TechHub_IMP_THIDDIAXL003_Cas9_PhoX_DIA12_CV486075_250ng_FAIMS_003 P1_VVDELVKVMGR P2_FKVLGNTDR 7 2,DIA12_CV486075:20251228_A2_N1_Mueller_MS_TechHub_IMP_THIDDIAXL003_Cas9_PhoX_DIA12_CV486075_250ng_FAIMS_003,1440027,,,Q99ZW2,,,false,Q99ZW2,Q99ZW2,,false,FKVLGNTDR,VVDELVKVMGR,32,743,2,7,33,749,,-1,4,0,1.007276,10.067703
Scan: 1486198 Run: DIA12_CV486075:20251228_A2_N1_Mueller_MS_TechHub_IMP_THIDDIAXL003_Cas9_PhoX_DIA12_CV486075_250ng_FAIMS_003 P1_KLVDSTDK P2_IEKILTFR 1 3,DIA12_CV486075:20251228_A2_N1_Mueller_MS_TechHub_IMP_THIDDIAXL003_Cas9_PhoX_DIA12_CV486075_250ng_FAIMS_003,1486198,,,Q99ZW2,,,false,Q99ZW2,Q99ZW2,,false,IEKILTFR,KLVDSTDK,440,141,3,1,442,141,,-1,3,0,1.007276,10.067194
Scan: 958147 Run: DIA12_CV486075:20251228_A2_N1_Mueller_MS_TechHub_IMP_THIDDIAXL003_Cas9_PhoX_DIA12_CV486075_250ng_FAIMS_002 P1_NSDKLIAR P2_NLPNEKVLPK 4 6,DIA12_CV486075:20251228_A2_N1_Mueller_MS_TechHub_IMP_THIDDIAXL003_Cas9_PhoX_DIA12_CV486075_250ng_FAIMS_002,958147,,,Q99ZW2,,,false,Q99ZW2,Q99ZW2,,false,NLPNEKVLPK,NSDKLIAR,501,1115,6,4,506,1118,,-1,3,0,1.007276,10.066295
Scan: 1337897 Run: DIA12_CV486075:20251228_A2_N1_Mueller_MS_TechHub_IMP_THIDDIAXL003_Cas9_PhoX_DIA12_CV486075_250ng_FAIMS_003 P1_NSDKLIAR P2_LPKYSLFELENGR 4 3,DIA12_CV486075:20251228_A2_N1_Mueller_MS_TechHub_IMP_THIDDIAXL003_Cas9_PhoX_DIA12_CV486075_250ng_FAIMS_003,1337897,,,Q99ZW2,,,false,Q99ZW2,Q99ZW2,,false,LPKYSLFELENGR,NSDKLIAR,1198,1115,3,4,1200,1118,,-1,3,0,1.007276,10.063609
Scan: 492010 Run: DIA12_CV486075:20251228_A2_N1_Mueller_MS_TechHub_IMP_THIDDIAXL003_Cas9_PhoX_DIA12_CV486075_250ng_FAIMS_001 P1_YKEIFFDQSK P2_GILQTVKVVDELVK 2 7,DIA12_CV486075:20251228_A2_N1_Mueller_MS_TechHub_IMP_THIDDIAXL003_Cas9_PhoX_DIA12_CV486075_250ng_FAIMS_001,492010,,,Q99ZW2,,,false,Q99ZW2,Q99ZW2,,false,GILQTVKVVDELVK,YKEIFFDQSK,736,347,7,2,742,348,,-1,4,0,1.007276,10.062221
Scan: 1555529 Run: DIA12_CV486075:20251228_A2_N1_Mueller_MS_TechHub_IMP_THIDDIAXL003_Cas9_PhoX_DIA12_CV486075_250ng_FAIMS_003 P1_NLPNEKVLPK P2_KTEVQTGGFSKESILPK 6 11,DIA12_CV486075:20251228_A2_N1_Mueller_MS_TechHub_IMP_THIDDIAXL003_Cas9_PhoX_DIA12_CV486075_250ng_FAIMS_003,1555529,,,Q99ZW2,,,false,Q99ZW2,Q99ZW2,,false,KTEVQTGGFSKESILPK,NLPNEKVLPK,1097,501,11,6,1107,506,,-1,4,0,1.007276,10.06007
Scan: 711772 Run: DIA12_CV486075:20251228_A2_N1_Mueller_MS_TechHub_IMP_THIDDIAXL003_Cas9_PhoX_DIA12_CV486075_250ng_FAIMS_002 P1_SSFEKNPIDFLEAK P2_LPKYSLFELENGR 5 3,DIA12_CV486075:20251228_A2_N1_Mueller_MS_TechHub_IMP_THIDDIAXL003_Cas9_PhoX_DIA12_CV486075_250ng_FAIMS_002,711772,,,Q99ZW2,,,false,Q99ZW2,Q99ZW2,,false,LPKYSLFELENGR,SSFEKNPIDFLEAK,1198,1172,3,5,1200,1176,,-1,4,0,1.007276,10.058838
Scan: 703102 Run: DIA12_CV486075:20251228_A2_N1_Mueller_MS_TechHub_IMP_THIDDIAXL003_Cas9_PhoX_DIA12_CV486075_250ng_FAIMS_002 P1_KYGGFDSPTVAYSVLVVAK P2_EQAENIIHLFTLTNLGAPAAFKYFDTTIDR 1 22,DIA12_CV486075:20251228_A2_N1_Mueller_MS_TechHub_IMP_THIDDIAXL003_Cas9_PhoX_DIA12_CV486075_250ng_FAIMS_002,703102,,,Q99ZW2,,,false,Q99ZW2,Q99ZW2,,false,EQAENIIHLFTLTNLGAPAAFKYFDTTIDR,KYGGFDSPTVAYSVLVVAK,1304,1130,22,1,1325,1130,,-1,5,0,1.007276,10.057357
Scan: 670263 Run: DIA12_CV486075:20251228_A2_N1_Mueller_MS_TechHub_IMP_THIDDIAXL003_Cas9_PhoX_DIA12_CV486075_250ng_FAIMS_002 P1_KTEVQTGGFSKESILPK P2_DKQSGK 11 2,DIA12_CV486075:20251228_A2_N1_Mueller_MS_TechHub_IMP_THIDDIAXL003_Cas9_PhoX_DIA12_CV486075_250ng_FAIMS_002,670263,,,Q99ZW2,,,false,Q99ZW2,Q99ZW2,,false,DKQSGK,KTEVQTGGFSKESILPK,672,1097,2,11,673,1107,,-1,3,0,1.007276,10.057267
Scan: 261299 Run: DIA12_CV486075:20251228_A2_N1_Mueller_MS_TechHub_IMP_THIDDIAXL003_Cas9_PhoX_DIA12_CV486075_250ng_FAIMS_001 P1_YKEIFFDQSK P2_KFDNLTK 2 1,DIA12_CV486075:20251228_A2_N1_Mueller_MS_TechHub_IMP_THIDDIAXL003_Cas9_PhoX_DIA12_CV486075_250ng_FAIMS_001,261299,,,Q99ZW2,,,false,Q99ZW2,Q99ZW2,,false,KFDNLTK,YKEIFFDQSK,896,347,1,2,896,348,,-1,3,0,1.007276,10.05592
Scan: 575473 Run: DIA12_CV486075:20251228_A2_N1_Mueller_MS_TechHub_IMP_THIDDIAXL003_Cas9_PhoX_DIA12_CV486075_250ng_FAIMS_001 P1_QITKHVAQILDSR P2_KDFQFYK 4 1,DIA12_CV486075:20251228_A2_N1_Mueller_MS_TechHub_IMP_THIDDIAXL003_Cas9_PhoX_DIA12_CV486075_250ng_FAIMS_001,575473,,,Q99ZW2,,,false,Q99ZW2,Q99ZW2,,false,KDFQFYK,QITKHVAQILDSR,968,926,1,4,968,929,,-1,4,0,1.007276,10.055866
Scan: 1124773 Run: DIA12_CV486075:20251228_A2_N1_Mueller_MS_TechHub_IMP_THIDDIAXL003_Cas9_PhoX_DIA12_CV486075_250ng_FAIMS_002 P1_KDFQFYK P2_ELGSQILKEHPVENTQLQNEK 1 8,DIA12_CV486075:20251228_A2_N1_Mueller_MS_TechHub_IMP_THIDDIAXL003_Cas9_PhoX_DIA12_CV486075_250ng_FAIMS_002,1124773,,,Q99ZW2,,,false,Q99ZW2,Q99ZW2,,false,ELGSQILKEHPVENTQLQNEK,KDFQFYK,790,968,8,1,797,968,,-1,4,0,1.007276,10.055228
Scan: 1169906 Run: DIA12_CV486075:20251228_A2_N1_Mueller_MS_TechHub_IMP_THIDDIAXL003_Cas9_PhoX_DIA12_CV486075_250ng_FAIMS_002 P1_SEETITPWNFEEVVDKGASAQSFIER P2_QITKHVAQILDSR 16 4,DIA12_CV486075:20251228_A2_N1_Mueller_MS_TechHub_IMP_THIDDIAXL003_Cas9_PhoX_DIA12_CV486075_250ng_FAIMS_002,1169906,,,Q99ZW2,,,false,Q99ZW2,Q99ZW2,,false,QITKHVAQILDSR,SEETITPWNFEEVVDKGASAQSFIER,926,469,4,16,929,484,,-1,4,0,1.007276,10.054299
Scan: 976706 Run: DIA12_CV486075:20251228_A2_N1_Mueller_MS_TechHub_IMP_THIDDIAXL003_Cas9_PhoX_DIA12_CV486075_250ng_FAIMS_002 P1_KPAFLSGEQK P2_KDLIIK 1 1,DIA12_CV486075:20251228_A2_N1_Mueller_MS_TechHub_IMP_THIDDIAXL003_Cas9_PhoX_DIA12_CV486075_250ng_FAIMS_002,976706,,,Q99ZW2,,,false,Q99ZW2,Q99ZW2,,false,KDLIIK,KPAFLSGEQK,1192,536,1,1,1192,536,,-1,3,0,1.007276,10.053932
Scan: 136486 Run: DIA12_CV486075:20251228_A2_N1_Mueller_MS_TechHub_IMP_THIDDIAXL003_Cas9_PhoX_DIA12_CV486075_250ng_FAIMS_001 P1_KDLIIK P2_DKQSGK 1 2,DIA12_CV486075:20251228_A2_N1_Mueller_MS_TechHub_IMP_THIDDIAXL003_Cas9_PhoX_DIA12_CV486075_250ng_FAIMS_001,136486,,,Q99ZW2,,,false,Q99ZW2,Q99ZW2,,false,DKQSGK,KDLIIK,672,1192,2,1,673,1192,,-1,3,0,1.007276,10.052572
Scan: 1026707 Run: DIA12_CV486075:20251228_A2_N1_Mueller_MS_TechHub_IMP_THIDDIAXL003_Cas9_PhoX_DIA12_CV486075_250ng_FAIMS_002 P1_KLINGIR P2_DLIIKLPK 1 5,DIA12_CV486075:20251228_A2_N1_Mueller_MS_TechHub_IMP_THIDDIAXL003_Cas9_PhoX_DIA12_CV486075_250ng_FAIMS_002,1026707,,,Q99ZW2,,,false,Q99ZW2,Q99ZW2,,false,DLIIKLPK,KLINGIR,1193,665,5,1,1197,665,,-1,3,0,1.007276,10.051215
Scan: 1770393 Run: DIA12_CV486075:20251228_A2_N1_Mueller_MS_TechHub_IMP_THIDDIAXL003_Cas9_PhoX_DIA12_CV486075_250ng_FAIMS_003 P1_QITKHVAQILDSR P2_KDFQFYK 4 1,DIA12_CV486075:20251228_A2_N1_Mueller_MS_TechHub_IMP_THIDDIAXL003_Cas9_PhoX_DIA12_CV486075_250ng_FAIMS_003,1770393,,,Q99ZW2,,,false,Q99ZW2,Q99ZW2,,false,KDFQFYK,QITKHVAQILDSR,968,926,1,4,968,929,,-1,3,0,1.007276,10.049433
Scan: 444194 Run: DIA12_CV486075:20251228_A2_N1_Mueller_MS_TechHub_IMP_THIDDIAXL003_Cas9_PhoX_DIA12_CV486075_250ng_FAIMS_001 P1_TILDFLKSDGFANR P2_FKVLGNTDR 7 2,DIA12_CV486075:20251228_A2_N1_Mueller_MS_TechHub_IMP_THIDDIAXL003_Cas9_PhoX_DIA12_CV486075_250ng_FAIMS_001,444194,,,Q99ZW2,,,false,Q99ZW2,Q99ZW2,,false,FKVLGNTDR,TILDFLKSDGFANR,32,678,2,7,33,684,,-1,4,0,1.007276,10.047973
Scan: 872131 Run: DIA12_CV486075:20251228_A2_N1_Mueller_MS_TechHub_IMP_THIDDIAXL003_Cas9_PhoX_DIA12_CV486075_250ng_FAIMS_002 P1_NSDKLIAR P2_NGYAGYIDGGASQEEFYKFIKPILEK 4 18,DIA12_CV486075:20251228_A2_N1_Mueller_MS_TechHub_IMP_THIDDIAXL003_Cas9_PhoX_DIA12_CV486075_250ng_FAIMS_002,872131,,,Q99ZW2,,,false,Q99ZW2,Q99ZW2,,false,NGYAGYIDGGASQEEFYKFIKPILEK,NSDKLIAR,357,1115,18,4,374,1118,,-1,4,0,1.007276,10.047644
Scan: 1314855 Run: DIA12_CV486075:20251228_A2_N1_Mueller_MS_TechHub_IMP_THIDDIAXL003_Cas9_PhoX_DIA12_CV486075_250ng_FAIMS_003 P1_SSFEKNPIDFLEAK P2_EDIQKAQVSGQGDSLHEHIANLAGSPAIKK 5 5,DIA12_CV486075:20251228_A2_N1_Mueller_MS_TechHub_IMP_THIDDIAXL003_Cas9_PhoX_DIA12_CV486075_250ng_FAIMS_003,1314855,,,Q99ZW2,,,false,Q99ZW2,Q99ZW2,,false,EDIQKAQVSGQGDSLHEHIANLAGSPAIKK,SSFEKNPIDFLEAK,706,1172,5,5,710,1176,,-1,6,0,1.007276,10.046845
Scan: 353184 Run: DIA12_CV486075:20251228_A2_N1_Mueller_MS_TechHub_IMP_THIDDIAXL003_Cas9_PhoX_DIA12_CV486075_250ng_FAIMS_001 P1_NSDKLIAR P2_MTNFDKNLPNEK 4 6,DIA12_CV486075:20251228_A2_N1_Mueller_MS_TechHub_IMP_THIDDIAXL003_Cas9_PhoX_DIA12_CV486075_250ng_FAIMS_001,353184,,,Q99ZW2,,,false,Q99ZW2,Q99ZW2,,false,MTNFDKNLPNEK,NSDKLIAR,495,1115,6,4,500,1118,,-1,3,0,1.007276,10.043443
Scan: 1231524 Run: DIA12_CV486075:20251228_A2_N1_Mueller_MS_TechHub_IMP_THIDDIAXL003_Cas9_PhoX_DIA12_CV486075_250ng_FAIMS_003 P1_SSFEKNPIDFLEAK P2_KTEVQTGGFSK 5 1,DIA12_CV486075:20251228_A2_N1_Mueller_MS_TechHub_IMP_THIDDIAXL003_Cas9_PhoX_DIA12_CV486075_250ng_FAIMS_003,1231524,,,Q99ZW2,,,false,Q99ZW2,Q99ZW2,,false,KTEVQTGGFSK,SSFEKNPIDFLEAK,1097,1172,1,5,1097,1176,,-1,4,0,1.007276,10.04321
Scan: 801958 Run: DIA12_CV486075:20251228_A2_N1_Mueller_MS_TechHub_IMP_THIDDIAXL003_Cas9_PhoX_DIA12_CV486075_250ng_FAIMS_002 P1_TILDFLKSDGFANR P2_KLVDSTDK 7 1,DIA12_CV486075:20251228_A2_N1_Mueller_MS_TechHub_IMP_THIDDIAXL003_Cas9_PhoX_DIA12_CV486075_250ng_FAIMS_002,801958,,,Q99ZW2,,,false,Q99ZW2,Q99ZW2,,false,KLVDSTDK,TILDFLKSDGFANR,141,678,1,7,141,684,,-1,4,0,1.007276,10.042704
Scan: 1306994 Run: DIA12_CV486075:20251228_A2_N1_Mueller_MS_TechHub_IMP_THIDDIAXL003_Cas9_PhoX_DIA12_CV486075_250ng_FAIMS_003 P1_SSFEKNPIDFLEAK P2_KKDWDPK 5 1,DIA12_CV486075:20251228_A2_N1_Mueller_MS_TechHub_IMP_THIDDIAXL003_Cas9_PhoX_DIA12_CV486075_250ng_FAIMS_003,1306994,,,Q99ZW2,,,false,Q99ZW2,Q99ZW2,,false,KKDWDPK,SSFEKNPIDFLEAK,1123,1172,1,5,1123,1176,,-1,4,0,1.007276,10.04238
Scan: 1483129 Run: DIA12_CV486075:20251228_A2_N1_Mueller_MS_TechHub_IMP_THIDDIAXL003_Cas9_PhoX_DIA12_CV486075_250ng_FAIMS_003 P1_RQEDFYPFLKDNR P2_KLVDSTDK 10 1,DIA12_CV486075:20251228_A2_N1_Mueller_MS_TechHub_IMP_THIDDIAXL003_Cas9_PhoX_DIA12_CV486075_250ng_FAIMS_003,1483129,,,Q99ZW2,,,false,Q99ZW2,Q99ZW2,,false,KLVDSTDK,RQEDFYPFLKDNR,141,425,1,10,141,434,,-1,4,0,1.007276,10.041947
Scan: 1600346 Run: DIA12_CV486075:20251228_A2_N1_Mueller_MS_TechHub_IMP_THIDDIAXL003_Cas9_PhoX_DIA12_CV486075_250ng_FAIMS_003 P1_SKLVSDFR P2_KAIVDLLFK 2 1,DIA12_CV486075:20251228_A2_N1_Mueller_MS_TechHub_IMP_THIDDIAXL003_Cas9_PhoX_DIA12_CV486075_250ng_FAIMS_003,1600346,,,Q99ZW2,,,false,Q99ZW2,Q99ZW2,,false,KAIVDLLFK,SKLVSDFR,546,960,1,2,546,961,,-1,3,0,1.007276,10.041467
Scan: 242664 Run: DIA12_CV486075:20251228_A2_N1_Mueller_MS_TechHub_IMP_THIDDIAXL003_Cas9_PhoX_DIA12_CV486075_250ng_FAIMS_001 P1_FKVLGNTDR P2_FKVLGNTDR 2 2,DIA12_CV486075:20251228_A2_N1_Mueller_MS_TechHub_IMP_THIDDIAXL003_Cas9_PhoX_DIA12_CV486075_250ng_FAIMS_001,242664,,,Q99ZW2,,,false,Q99ZW2,Q99ZW2,,false,FKVLGNTDR,FKVLGNTDR,32,32,2,2,33,33,,-1,4,0,1.007276,10.040951
Scan: 1783290 Run: DIA12_CV486075:20251228_A2_N1_Mueller_MS_TechHub_IMP_THIDDIAXL003_Cas9_PhoX_DIA12_CV486075_250ng_FAIMS_003 P1_SKLVSDFR P2_KLVDSTDK 2 1,DIA12_CV486075:20251228_A2_N1_Mueller_MS_TechHub_IMP_THIDDIAXL003_Cas9_PhoX_DIA12_CV486075_250ng_FAIMS_003,1783290,,,Q99ZW2,,,false,Q99ZW2,Q99ZW2,,false,KLVDSTDK,SKLVSDFR,141,960,1,2,141,961,,-1,3,0,1.007276,10.040614
Scan: 537003 Run: DIA12_CV486075:20251228_A2_N1_Mueller_MS_TechHub_IMP_THIDDIAXL003_Cas9_PhoX_DIA12_CV486075_250ng_FAIMS_001 P1_KGILQTVK P2_EHPVENTQLQNEKLYLYYLQNGR 1 13,DIA12_CV486075:20251228_A2_N1_Mueller_MS_TechHub_IMP_THIDDIAXL003_Cas9_PhoX_DIA12_CV486075_250ng_FAIMS_001,537003,,,Q99ZW2,,,false,Q99ZW2,Q99ZW2,,false,EHPVENTQLQNEKLYLYYLQNGR,KGILQTVK,798,735,13,1,810,735,,-1,4,0,1.007276,10.040536
Scan: 1021777 Run: DIA12_CV486075:20251228_A2_N1_Mueller_MS_TechHub_IMP_THIDDIAXL003_Cas9_PhoX_DIA12_CV486075_250ng_FAIMS_002 P1_NSDKLIAR P2_LKTYAHLFDDK 4 2,DIA12_CV486075:20251228_A2_N1_Mueller_MS_TechHub_IMP_THIDDIAXL003_Cas9_PhoX_DIA12_CV486075_250ng_FAIMS_002,1021777,,,Q99ZW2,,,false,Q99ZW2,Q99ZW2,,false,LKTYAHLFDDK,NSDKLIAR,636,1115,2,4,637,1118,,-1,4,0,1.007276,10.040511
Scan: 845054 Run: DIA12_CV486075:20251228_A2_N1_Mueller_MS_TechHub_IMP_THIDDIAXL003_Cas9_PhoX_DIA12_CV486075_250ng_FAIMS_002 P1_YDEHHQDLTLLKALVR P2_SSFEKNPIDFLEAK 12 5,DIA12_CV486075:20251228_A2_N1_Mueller_MS_TechHub_IMP_THIDDIAXL003_Cas9_PhoX_DIA12_CV486075_250ng_FAIMS_002,845054,,,Q99ZW2,,,false,Q99ZW2,Q99ZW2,,false,SSFEKNPIDFLEAK,YDEHHQDLTLLKALVR,1172,325,5,12,1176,336,,-1,5,0,1.007276,10.039868
Scan: 675308 Run: DIA12_CV486075:20251228_A2_N1_Mueller_MS_TechHub_IMP_THIDDIAXL003_Cas9_PhoX_DIA12_CV486075_250ng_FAIMS_002 P1_VLPKHSLLYEYFTVYNELTK P2_LEESFLVEEDKK 4 11,DIA12_CV486075:20251228_A2_N1_Mueller_MS_TechHub_IMP_THIDDIAXL003_Cas9_PhoX_DIA12_CV486075_250ng_FAIMS_002,675308,,,Q99ZW2,,,false,Q99ZW2,Q99ZW2,,false,LEESFLVEEDKK,VLPKHSLLYEYFTVYNELTK,101,507,11,4,111,510,,-1,4,0,1.007276,10.037123
Scan: 92703 Run: DIA12_CV486075:20251228_A2_N1_Mueller_MS_TechHub_IMP_THIDDIAXL003_Cas9_PhoX_DIA12_CV486075_250ng_FAIMS_001 P1_NSDKLIAR P2_GQKNSR 4 3,DIA12_CV486075:20251228_A2_N1_Mueller_MS_TechHub_IMP_THIDDIAXL003_Cas9_PhoX_DIA12_CV486075_250ng_FAIMS_001,92703,,,Q99ZW2,,,false,Q99ZW2,Q99ZW2,,false,GQKNSR,NSDKLIAR,773,1115,3,4,775,1118,,-1,3,0,1.007276,10.03612
Scan: 1638409 Run: DIA12_CV486075:20251228_A2_N1_Mueller_MS_TechHub_IMP_THIDDIAXL003_Cas9_PhoX_DIA12_CV486075_250ng_FAIMS_003 P1_VILADANLDKVLSAYNK P2_TILDFLKSDGFANR 10 7,DIA12_CV486075:20251228_A2_N1_Mueller_MS_TechHub_IMP_THIDDIAXL003_Cas9_PhoX_DIA12_CV486075_250ng_FAIMS_003,1638409,,,Q99ZW2,,,false,Q99ZW2,Q99ZW2,,false,TILDFLKSDGFANR,VILADANLDKVLSAYNK,678,1280,7,10,684,1289,,-1,4,0,1.007276,10.036114
Scan: 752856 Run: DIA12_CV486075:20251228_A2_N1_Mueller_MS_TechHub_IMP_THIDDIAXL003_Cas9_PhoX_DIA12_CV486075_250ng_FAIMS_002 P1_KVLSMPQVNIVK P2_GNELALPSKYVNFLYLASHYEK 1 9,DIA12_CV486075:20251228_A2_N1_Mueller_MS_TechHub_IMP_THIDDIAXL003_Cas9_PhoX_DIA12_CV486075_250ng_FAIMS_002,752856,,,Q99ZW2,,,false,Q99ZW2,Q99ZW2,,false,GNELALPSKYVNFLYLASHYEK,KVLSMPQVNIVK,1223,1085,9,1,1231,1085,,-1,4,0,1.007276,10.035745
Scan: 1439462 Run: DIA12_CV486075:20251228_A2_N1_Mueller_MS_TechHub_IMP_THIDDIAXL003_Cas9_PhoX_DIA12_CV486075_250ng_FAIMS_003 P1_QLKEDYFK P2_FKVLGNTDR 3 2,DIA12_CV486075:20251228_A2_N1_Mueller_MS_TechHub_IMP_THIDDIAXL003_Cas9_PhoX_DIA12_CV486075_250ng_FAIMS_003,1439462,,,Q99ZW2,,,false,Q99ZW2,Q99ZW2,,false,FKVLGNTDR,QLKEDYFK,32,563,2,3,33,565,,-1,3,0,1.007276,10.034763
Scan: 1721782 Run: DIA12_CV486075:20251228_A2_N1_Mueller_MS_TechHub_IMP_THIDDIAXL003_Cas9_PhoX_DIA12_CV486075_250ng_FAIMS_003 P1_KFDNLTK P2_ELGSQILKEHPVENTQLQNEK 1 8,DIA12_CV486075:20251228_A2_N1_Mueller_MS_TechHub_IMP_THIDDIAXL003_Cas9_PhoX_DIA12_CV486075_250ng_FAIMS_003,1721782,,,Q99ZW2,,,false,Q99ZW2,Q99ZW2,,false,ELGSQILKEHPVENTQLQNEK,KFDNLTK,790,896,8,1,797,896,,-1,4,0,1.007276,10.033965
Scan: 87954 Run: DIA12_CV486075:20251228_A2_N1_Mueller_MS_TechHub_IMP_THIDDIAXL003_Cas9_PhoX_DIA12_CV486075_250ng_FAIMS_001 P1_YKEIFFDQSK P2_NSDKLIAR 2 4,DIA12_CV486075:20251228_A2_N1_Mueller_MS_TechHub_IMP_THIDDIAXL003_Cas9_PhoX_DIA12_CV486075_250ng_FAIMS_001,87954,,,Q99ZW2,,,false,Q99ZW2,Q99ZW2,,false,NSDKLIAR,YKEIFFDQSK,1115,347,4,2,1118,348,,-1,4,0,1.007276,10.033659
Scan: 449730 Run: DIA12_CV486075:20251228_A2_N1_Mueller_MS_TechHub_IMP_THIDDIAXL003_Cas9_PhoX_DIA12_CV486075_250ng_FAIMS_001 P1_TILDFLKSDGFANR P2_SKLVSDFR 7 2,DIA12_CV486075:20251228_A2_N1_Mueller_MS_TechHub_IMP_THIDDIAXL003_Cas9_PhoX_DIA12_CV486075_250ng_FAIMS_001,449730,,,Q99ZW2,,,false,Q99ZW2,Q99ZW2,,false,SKLVSDFR,TILDFLKSDGFANR,960,678,2,7,961,684,,-1,4,0,1.007276,10.03357
Scan: 83018 Run: DIA12_CV486075:20251228_A2_N1_Mueller_MS_TechHub_IMP_THIDDIAXL003_Cas9_PhoX_DIA12_CV486075_250ng_FAIMS_001 P1_RNSDKLIAR P2_KKDWDPK 5 1,DIA12_CV486075:20251228_A2_N1_Mueller_MS_TechHub_IMP_THIDDIAXL003_Cas9_PhoX_DIA12_CV486075_250ng_FAIMS_001,83018,,,Q99ZW2,,,false,Q99ZW2,Q99ZW2,,false,KKDWDPK,RNSDKLIAR,1123,1114,1,5,1123,1118,,-1,3,0,1.007276,10.033206
Scan: 1013765 Run: DIA12_CV486075:20251228_A2_N1_Mueller_MS_TechHub_IMP_THIDDIAXL003_Cas9_PhoX_DIA12_CV486075_250ng_FAIMS_002 P1_KLINGIR P2_KIECFDSVEISGVEDR 1 1,DIA12_CV486075:20251228_A2_N1_Mueller_MS_TechHub_IMP_THIDDIAXL003_Cas9_PhoX_DIA12_CV486075_250ng_FAIMS_002,1013765,,,Q99ZW2,,,false,Q99ZW2,Q99ZW2,,false,KIECFDSVEISGVEDR,KLINGIR,571,665,1,1,571,665,,-1,3,0,1.007276,10.032596
Scan: 1717816 Run: DIA12_CV486075:20251228_A2_N1_Mueller_MS_TechHub_IMP_THIDDIAXL003_Cas9_PhoX_DIA12_CV486075_250ng_FAIMS_003 P1_IEKILTFR P2_ELGSQILKEHPVENTQLQNEK 3 8,DIA12_CV486075:20251228_A2_N1_Mueller_MS_TechHub_IMP_THIDDIAXL003_Cas9_PhoX_DIA12_CV486075_250ng_FAIMS_003,1717816,,,Q99ZW2,,,false,Q99ZW2,Q99ZW2,,false,ELGSQILKEHPVENTQLQNEK,IEKILTFR,790,440,8,3,797,442,,-1,4,0,1.007276,10.030075
Scan: 514030 Run: DIA12_CV486075:20251228_A2_N1_Mueller_MS_TechHub_IMP_THIDDIAXL003_Cas9_PhoX_DIA12_CV486075_250ng_FAIMS_001 P1_TEVQTGGFSKESILPK P2_IEEGIKELGSQILK 10 6,DIA12_CV486075:20251228_A2_N1_Mueller_MS_TechHub_IMP_THIDDIAXL003_Cas9_PhoX_DIA12_CV486075_250ng_FAIMS_001,514030,,,Q99ZW2,,,false,Q99ZW2,Q99ZW2,,false,IEEGIKELGSQILK,TEVQTGGFSKESILPK,784,1098,6,10,789,1107,,-1,4,0,1.007276,10.030011
Scan: 1379639 Run: DIA12_CV486075:20251228_A2_N1_Mueller_MS_TechHub_IMP_THIDDIAXL003_Cas9_PhoX_DIA12_CV486075_250ng_FAIMS_003 P1_VILADANLDKVLSAYNK P2_GKSDNVPSEEVVK 10 2,DIA12_CV486075:20251228_A2_N1_Mueller_MS_TechHub_IMP_THIDDIAXL003_Cas9_PhoX_DIA12_CV486075_250ng_FAIMS_003,1379639,,,Q99ZW2,,,false,Q99ZW2,Q99ZW2,,false,GKSDNVPSEEVVK,VILADANLDKVLSAYNK,865,1280,2,10,866,1289,,-1,4,0,1.007276,10.029078
Scan: 1367175 Run: DIA12_CV486075:20251228_A2_N1_Mueller_MS_TechHub_IMP_THIDDIAXL003_Cas9_PhoX_DIA12_CV486075_250ng_FAIMS_003 P1_GSPEDNEQKQLFVEQHK P2_FKVLGNTDR 9 2,DIA12_CV486075:20251228_A2_N1_Mueller_MS_TechHub_IMP_THIDDIAXL003_Cas9_PhoX_DIA12_CV486075_250ng_FAIMS_003,1367175,,,Q99ZW2,,,false,Q99ZW2,Q99ZW2,,false,FKVLGNTDR,GSPEDNEQKQLFVEQHK,32,1247,2,9,33,1255,,-1,4,0,1.007276,10.029037
Scan: 1788911 Run: DIA12_CV486075:20251228_A2_N1_Mueller_MS_TechHub_IMP_THIDDIAXL003_Cas9_PhoX_DIA12_CV486075_250ng_FAIMS_003 P1_KDFQFYK P2_IEKILTFR 1 3,DIA12_CV486075:20251228_A2_N1_Mueller_MS_TechHub_IMP_THIDDIAXL003_Cas9_PhoX_DIA12_CV486075_250ng_FAIMS_003,1788911,,,Q99ZW2,,,false,Q99ZW2,Q99ZW2,,false,IEKILTFR,KDFQFYK,440,968,3,1,442,968,,-1,3,0,1.007276,10.027895
Scan: 41582 Run: DIA12_CV486075:20251228_A2_N1_Mueller_MS_TechHub_IMP_THIDDIAXL003_Cas9_PhoX_DIA12_CV486075_250ng_FAIMS_001 P1_KTEVQTGGFSK P2_KFDNLTK 1 1,DIA12_CV486075:20251228_A2_N1_Mueller_MS_TechHub_IMP_THIDDIAXL003_Cas9_PhoX_DIA12_CV486075_250ng_FAIMS_001,41582,,,Q99ZW2,,,false,Q99ZW2,Q99ZW2,,false,KFDNLTK,KTEVQTGGFSK,896,1097,1,1,896,1097,,-1,3,0,1.007276,10.026977
Scan: 1191380 Run: DIA12_CV486075:20251228_A2_N1_Mueller_MS_TechHub_IMP_THIDDIAXL003_Cas9_PhoX_DIA12_CV486075_250ng_FAIMS_002 P1_KDFQFYK P2_FKVLGNTDR 1 2,DIA12_CV486075:20251228_A2_N1_Mueller_MS_TechHub_IMP_THIDDIAXL003_Cas9_PhoX_DIA12_CV486075_250ng_FAIMS_002,1191380,,,Q99ZW2,,,false,Q99ZW2,Q99ZW2,,false,FKVLGNTDR,KDFQFYK,32,968,2,1,33,968,,-1,3,0,1.007276,10.026597
Scan: 794218 Run: DIA12_CV486075:20251228_A2_N1_Mueller_MS_TechHub_IMP_THIDDIAXL003_Cas9_PhoX_DIA12_CV486075_250ng_FAIMS_002 P1_YTSTKEVLDATLIHQSITGLYETR P2_NSDKLIAR 5 4,DIA12_CV486075:20251228_A2_N1_Mueller_MS_TechHub_IMP_THIDDIAXL003_Cas9_PhoX_DIA12_CV486075_250ng_FAIMS_002,794218,,,Q99ZW2,,,false,Q99ZW2,Q99ZW2,,false,NSDKLIAR,YTSTKEVLDATLIHQSITGLYETR,1115,1336,4,5,1118,1340,,-1,4,0,1.007276,10.026148
Scan: 145448 Run: DIA12_CV486075:20251228_A2_N1_Mueller_MS_TechHub_IMP_THIDDIAXL003_Cas9_PhoX_DIA12_CV486075_250ng_FAIMS_001 P1_LPKYSLFELENGR P2_FKVLGNTDR 3 2,DIA12_CV486075:20251228_A2_N1_Mueller_MS_TechHub_IMP_THIDDIAXL003_Cas9_PhoX_DIA12_CV486075_250ng_FAIMS_001,145448,,,Q99ZW2,,,false,Q99ZW2,Q99ZW2,,false,FKVLGNTDR,LPKYSLFELENGR,32,1198,2,3,33,1200,,-1,3,0,1.007276,10.025547
Scan: 1567672 Run: DIA12_CV486075:20251228_A2_N1_Mueller_MS_TechHub_IMP_THIDDIAXL003_Cas9_PhoX_DIA12_CV486075_250ng_FAIMS_003 P1_KPAFLSGEQK P2_HSLLYEYFTVYNELTKVK 1 16,DIA12_CV486075:20251228_A2_N1_Mueller_MS_TechHub_IMP_THIDDIAXL003_Cas9_PhoX_DIA12_CV486075_250ng_FAIMS_003,1567672,,,Q99ZW2,,,false,Q99ZW2,Q99ZW2,,false,HSLLYEYFTVYNELTKVK,KPAFLSGEQK,511,536,16,1,526,536,,-1,4,0,1.007276,10.024162
Scan: 1501263 Run: DIA12_CV486075:20251228_A2_N1_Mueller_MS_TechHub_IMP_THIDDIAXL003_Cas9_PhoX_DIA12_CV486075_250ng_FAIMS_003 P1_KSEETITPWNFEEVVDK P2_EKIEKILTFR 1 2,DIA12_CV486075:20251228_A2_N1_Mueller_MS_TechHub_IMP_THIDDIAXL003_Cas9_PhoX_DIA12_CV486075_250ng_FAIMS_003,1501263,,,Q99ZW2,,,false,Q99ZW2,Q99ZW2,,false,EKIEKILTFR,KSEETITPWNFEEVVDK,438,468,2,1,439,468,,-1,4,0,1.007276,10.023817
Scan: 1187830 Run: DIA12_CV486075:20251228_A2_N1_Mueller_MS_TechHub_IMP_THIDDIAXL003_Cas9_PhoX_DIA12_CV486075_250ng_FAIMS_002 P1_SKLVSDFR P2_DFQFYKVR 2 6,DIA12_CV486075:20251228_A2_N1_Mueller_MS_TechHub_IMP_THIDDIAXL003_Cas9_PhoX_DIA12_CV486075_250ng_FAIMS_002,1187830,,,Q99ZW2,,,false,Q99ZW2,Q99ZW2,,false,DFQFYKVR,SKLVSDFR,969,960,6,2,974,961,,-1,3,0,1.007276,10.021629
Scan: 944200 Run: DIA12_CV486075:20251228_A2_N1_Mueller_MS_TechHub_IMP_THIDDIAXL003_Cas9_PhoX_DIA12_CV486075_250ng_FAIMS_002 P1_NLPNEKVLPK P2_KSEETITPWNFEEVVDKGASAQSFIER 6 17,DIA12_CV486075:20251228_A2_N1_Mueller_MS_TechHub_IMP_THIDDIAXL003_Cas9_PhoX_DIA12_CV486075_250ng_FAIMS_002,944200,,,Q99ZW2,,,false,Q99ZW2,Q99ZW2,,false,KSEETITPWNFEEVVDKGASAQSFIER,NLPNEKVLPK,468,501,17,6,484,506,,-1,4,0,1.007276,10.021477
Scan: 446168 Run: DIA12_CV486075:20251228_A2_N1_Mueller_MS_TechHub_IMP_THIDDIAXL003_Cas9_PhoX_DIA12_CV486075_250ng_FAIMS_001 P1_TILDFLKSDGFANR P2_KPAFLSGEQK 7 1,DIA12_CV486075:20251228_A2_N1_Mueller_MS_TechHub_IMP_THIDDIAXL003_Cas9_PhoX_DIA12_CV486075_250ng_FAIMS_001,446168,,,Q99ZW2,,,false,Q99ZW2,Q99ZW2,,false,KPAFLSGEQK,TILDFLKSDGFANR,536,678,1,7,536,684,,-1,4,0,1.007276,10.020863
Scan: 147076 Run: DIA12_CV486075:20251228_A2_N1_Mueller_MS_TechHub_IMP_THIDDIAXL003_Cas9_PhoX_DIA12_CV486075_250ng_FAIMS_001 P1_SKLVSDFR P2_LPKYSLFELENGR 2 3,DIA12_CV486075:20251228_A2_N1_Mueller_MS_TechHub_IMP_THIDDIAXL003_Cas9_PhoX_DIA12_CV486075_250ng_FAIMS_001,147076,,,Q99ZW2,,,false,Q99ZW2,Q99ZW2,,false,LPKYSLFELENGR,SKLVSDFR,1198,960,3,2,1200,961,,-1,4,0,1.007276,10.020806
Scan: 888736 Run: DIA12_CV486075:20251228_A2_N1_Mueller_MS_TechHub_IMP_THIDDIAXL003_Cas9_PhoX_DIA12_CV486075_250ng_FAIMS_002 P1_IEKILTFR P2_DKPIR 3 2,DIA12_CV486075:20251228_A2_N1_Mueller_MS_TechHub_IMP_THIDDIAXL003_Cas9_PhoX_DIA12_CV486075_250ng_FAIMS_002,888736,,,Q99ZW2,,,false,Q99ZW2,Q99ZW2,,false,DKPIR,IEKILTFR,1299,440,2,3,1300,442,,-1,3,0,1.007276,10.019941
Scan: 291497 Run: DIA12_CV486075:20251228_A2_N1_Mueller_MS_TechHub_IMP_THIDDIAXL003_Cas9_PhoX_DIA12_CV486075_250ng_FAIMS_001 P1_FKVLGNTDR P2_EKIEKILTFR 2 5,DIA12_CV486075:20251228_A2_N1_Mueller_MS_TechHub_IMP_THIDDIAXL003_Cas9_PhoX_DIA12_CV486075_250ng_FAIMS_001,291497,,,Q99ZW2,,,false,Q99ZW2,Q99ZW2,,false,EKIEKILTFR,FKVLGNTDR,438,32,5,2,442,33,,-1,4,0,1.007276,10.019552
Scan: 1158483 Run: DIA12_CV486075:20251228_A2_N1_Mueller_MS_TechHub_IMP_THIDDIAXL003_Cas9_PhoX_DIA12_CV486075_250ng_FAIMS_002 P1_KFDNLTK P2_IEKILTFR 1 3,DIA12_CV486075:20251228_A2_N1_Mueller_MS_TechHub_IMP_THIDDIAXL003_Cas9_PhoX_DIA12_CV486075_250ng_FAIMS_002,1158483,,,Q99ZW2,,,false,Q99ZW2,Q99ZW2,,false,IEKILTFR,KFDNLTK,440,896,3,1,442,896,,-1,3,0,1.007276,10.018884
Scan: 839861 Run: DIA12_CV486075:20251228_A2_N1_Mueller_MS_TechHub_IMP_THIDDIAXL003_Cas9_PhoX_DIA12_CV486075_250ng_FAIMS_002 P1_KLVDSTDK P2_FKVLGNTDR 1 2,DIA12_CV486075:20251228_A2_N1_Mueller_MS_TechHub_IMP_THIDDIAXL003_Cas9_PhoX_DIA12_CV486075_250ng_FAIMS_002,839861,,,Q99ZW2,,,false,Q99ZW2,Q99ZW2,,false,FKVLGNTDR,KLVDSTDK,32,141,2,1,33,141,,-1,3,0,1.007276,10.01842
Scan: 1082277 Run: DIA12_CV486075:20251228_A2_N1_Mueller_MS_TechHub_IMP_THIDDIAXL003_Cas9_PhoX_DIA12_CV486075_250ng_FAIMS_002 P1_QITKHVAQILDSR P2_KGILQTVK 4 1,DIA12_CV486075:20251228_A2_N1_Mueller_MS_TechHub_IMP_THIDDIAXL003_Cas9_PhoX_DIA12_CV486075_250ng_FAIMS_002,1082277,,,Q99ZW2,,,false,Q99ZW2,Q99ZW2,,false,KGILQTVK,QITKHVAQILDSR,735,926,1,4,735,929,,-1,4,0,1.007276,10.018384
Scan: 94744 Run: DIA12_CV486075:20251228_A2_N1_Mueller_MS_TechHub_IMP_THIDDIAXL003_Cas9_PhoX_DIA12_CV486075_250ng_FAIMS_001 P1_KKDWDPK P2_ESILPKR 1 6,DIA12_CV486075:20251228_A2_N1_Mueller_MS_TechHub_IMP_THIDDIAXL003_Cas9_PhoX_DIA12_CV486075_250ng_FAIMS_001,94744,,,Q99ZW2,,,false,Q99ZW2,Q99ZW2,,false,ESILPKR,KKDWDPK,1108,1123,6,1,1113,1123,,-1,3,0,1.007276,10.018211
Scan: 781891 Run: DIA12_CV486075:20251228_A2_N1_Mueller_MS_TechHub_IMP_THIDDIAXL003_Cas9_PhoX_DIA12_CV486075_250ng_FAIMS_002 P1_VILADANLDKVLSAYNK P2_KGILQTVK 10 1,DIA12_CV486075:20251228_A2_N1_Mueller_MS_TechHub_IMP_THIDDIAXL003_Cas9_PhoX_DIA12_CV486075_250ng_FAIMS_002,781891,,,Q99ZW2,,,false,Q99ZW2,Q99ZW2,,false,KGILQTVK,VILADANLDKVLSAYNK,735,1280,1,10,735,1289,,-1,4,0,1.007276,10.016538
Scan: 1535743 Run: DIA12_CV486075:20251228_A2_N1_Mueller_MS_TechHub_IMP_THIDDIAXL003_Cas9_PhoX_DIA12_CV486075_250ng_FAIMS_003 P1_TEVQTGGFSKESILPK P2_SEETITPWNFEEVVDKGASAQSFIER 10 16,DIA12_CV486075:20251228_A2_N1_Mueller_MS_TechHub_IMP_THIDDIAXL003_Cas9_PhoX_DIA12_CV486075_250ng_FAIMS_003,1535743,,,Q99ZW2,,,false,Q99ZW2,Q99ZW2,,false,SEETITPWNFEEVVDKGASAQSFIER,TEVQTGGFSKESILPK,469,1098,16,10,484,1107,,-1,5,0,1.007276,10.015265
Scan: 1377147 Run: DIA12_CV486075:20251228_A2_N1_Mueller_MS_TechHub_IMP_THIDDIAXL003_Cas9_PhoX_DIA12_CV486075_250ng_FAIMS_003 P1_VILADANLDKVLSAYNK P2_KKDWDPK 10 1,DIA12_CV486075:20251228_A2_N1_Mueller_MS_TechHub_IMP_THIDDIAXL003_Cas9_PhoX_DIA12_CV486075_250ng_FAIMS_003,1377147,,,Q99ZW2,,,false,Q99ZW2,Q99ZW2,,false,KKDWDPK,VILADANLDKVLSAYNK,1123,1280,1,10,1123,1289,,-1,4,0,1.007276,10.011754
Scan: 111815 Run: DIA12_CV486075:20251228_A2_N1_Mueller_MS_TechHub_IMP_THIDDIAXL003_Cas9_PhoX_DIA12_CV486075_250ng_FAIMS_001 P1_SSFEKNPIDFLEAK P2_NSDKLIAR 5 4,DIA12_CV486075:20251228_A2_N1_Mueller_MS_TechHub_IMP_THIDDIAXL003_Cas9_PhoX_DIA12_CV486075_250ng_FAIMS_001,111815,,,Q99ZW2,,,false,Q99ZW2,Q99ZW2,,false,NSDKLIAR,SSFEKNPIDFLEAK,1115,1172,4,5,1118,1176,,-1,4,0,1.007276,10.010913
Scan: 613057 Run: DIA12_CV486075:20251228_A2_N1_Mueller_MS_TechHub_IMP_THIDDIAXL003_Cas9_PhoX_DIA12_CV486075_250ng_FAIMS_002 P1_YKEIFFDQSK P2_SEQEIGKATAK 2 7,DIA12_CV486075:20251228_A2_N1_Mueller_MS_TechHub_IMP_THIDDIAXL003_Cas9_PhoX_DIA12_CV486075_250ng_FAIMS_002,613057,,,Q99ZW2,,,false,Q99ZW2,Q99ZW2,,false,SEQEIGKATAK,YKEIFFDQSK,1025,347,7,2,1031,348,,-1,3,0,1.007276,10.010092
Scan: 1495181 Run: DIA12_CV486075:20251228_A2_N1_Mueller_MS_TechHub_IMP_THIDDIAXL003_Cas9_PhoX_DIA12_CV486075_250ng_FAIMS_003 P1_KTEVQTGGFSKESILPK P2_KSEETITPWNFEEVVDK 11 1,DIA12_CV486075:20251228_A2_N1_Mueller_MS_TechHub_IMP_THIDDIAXL003_Cas9_PhoX_DIA12_CV486075_250ng_FAIMS_003,1495181,,,Q99ZW2,,,false,Q99ZW2,Q99ZW2,,false,KSEETITPWNFEEVVDK,KTEVQTGGFSKESILPK,468,1097,1,11,468,1107,,-1,5,0,1.007276,10.009063
Scan: 1280664 Run: DIA12_CV486075:20251228_A2_N1_Mueller_MS_TechHub_IMP_THIDDIAXL003_Cas9_PhoX_DIA12_CV486075_250ng_FAIMS_003 P1_NSDKLIAR P2_KDLIIK 4 1,DIA12_CV486075:20251228_A2_N1_Mueller_MS_TechHub_IMP_THIDDIAXL003_Cas9_PhoX_DIA12_CV486075_250ng_FAIMS_003,1280664,,,Q99ZW2,,,false,Q99ZW2,Q99ZW2,,false,KDLIIK,NSDKLIAR,1192,1115,1,4,1192,1118,,-1,4,0,1.007276,10.007666
Scan: 781386 Run: DIA12_CV486075:20251228_A2_N1_Mueller_MS_TechHub_IMP_THIDDIAXL003_Cas9_PhoX_DIA12_CV486075_250ng_FAIMS_002 P1_VILADANLDKVLSAYNK P2_KAIVDLLFK 10 1,DIA12_CV486075:20251228_A2_N1_Mueller_MS_TechHub_IMP_THIDDIAXL003_Cas9_PhoX_DIA12_CV486075_250ng_FAIMS_002,781386,,,Q99ZW2,,,false,Q99ZW2,Q99ZW2,,false,KAIVDLLFK,VILADANLDKVLSAYNK,546,1280,1,10,546,1289,,-1,4,0,1.007276,10.006805
Scan: 1081913 Run: DIA12_CV486075:20251228_A2_N1_Mueller_MS_TechHub_IMP_THIDDIAXL003_Cas9_PhoX_DIA12_CV486075_250ng_FAIMS_002 P1_QSGKTILDFLK P2_KGILQTVK 4 1,DIA12_CV486075:20251228_A2_N1_Mueller_MS_TechHub_IMP_THIDDIAXL003_Cas9_PhoX_DIA12_CV486075_250ng_FAIMS_002,1081913,,,Q99ZW2,,,false,Q99ZW2,Q99ZW2,,false,KGILQTVK,QSGKTILDFLK,735,674,1,4,735,677,,-1,4,0,1.007276,10.00611
Scan: 383428 Run: DIA12_CV486075:20251228_A2_N1_Mueller_MS_TechHub_IMP_THIDDIAXL003_Cas9_PhoX_DIA12_CV486075_250ng_FAIMS_001 P1_MTNFDKNLPNEK P2_KPAFLSGEQK 6 1,DIA12_CV486075:20251228_A2_N1_Mueller_MS_TechHub_IMP_THIDDIAXL003_Cas9_PhoX_DIA12_CV486075_250ng_FAIMS_001,383428,,,Q99ZW2,,,false,Q99ZW2,Q99ZW2,,false,KPAFLSGEQK,MTNFDKNLPNEK,536,495,1,6,536,500,,-1,3,0,1.007276,10.005101
Scan: 586475 Run: DIA12_CV486075:20251228_A2_N1_Mueller_MS_TechHub_IMP_THIDDIAXL003_Cas9_PhoX_DIA12_CV486075_250ng_FAIMS_001 P1_YDENDKLIR P2_IEKILTFR 6 3,DIA12_CV486075:20251228_A2_N1_Mueller_MS_TechHub_IMP_THIDDIAXL003_Cas9_PhoX_DIA12_CV486075_250ng_FAIMS_001,586475,,,Q99ZW2,,,false,Q99ZW2,Q99ZW2,,false,IEKILTFR,YDENDKLIR,440,943,3,6,442,948,,-1,4,0,1.007276,10.005098
Scan: 1340837 Run: DIA12_CV486075:20251228_A2_N1_Mueller_MS_TechHub_IMP_THIDDIAXL003_Cas9_PhoX_DIA12_CV486075_250ng_FAIMS_003 P1_LPKYSLFELENGR P2_KSEETITPWNFEEVVDK 3 1,DIA12_CV486075:20251228_A2_N1_Mueller_MS_TechHub_IMP_THIDDIAXL003_Cas9_PhoX_DIA12_CV486075_250ng_FAIMS_003,1340837,,,Q99ZW2,,,false,Q99ZW2,Q99ZW2,,false,KSEETITPWNFEEVVDK,LPKYSLFELENGR,468,1198,1,3,468,1200,,-1,4,0,1.007276,10.002845
Scan: 300613 Run: DIA12_CV486075:20251228_A2_N1_Mueller_MS_TechHub_IMP_THIDDIAXL003_Cas9_PhoX_DIA12_CV486075_250ng_FAIMS_001 P1_KSEETITPWNFEEVVDK P2_ESILPKR 1 6,DIA12_CV486075:20251228_A2_N1_Mueller_MS_TechHub_IMP_THIDDIAXL003_Cas9_PhoX_DIA12_CV486075_250ng_FAIMS_001,300613,,,Q99ZW2,,,false,Q99ZW2,Q99ZW2,,false,ESILPKR,KSEETITPWNFEEVVDK,1108,468,6,1,1113,468,,-1,3,0,1.007276,10.000746
Scan: 1390282 Run: DIA12_CV486075:20251228_A2_N1_Mueller_MS_TechHub_IMP_THIDDIAXL003_Cas9_PhoX_DIA12_CV486075_250ng_FAIMS_003 P1_KPAFLSGEQK P2_EQAENIIHLFTLTNLGAPAAFKYFDTTIDR 1 22,DIA12_CV486075:20251228_A2_N1_Mueller_MS_TechHub_IMP_THIDDIAXL003_Cas9_PhoX_DIA12_CV486075_250ng_FAIMS_003,1390282,,,Q99ZW2,,,false,Q99ZW2,Q99ZW2,,false,EQAENIIHLFTLTNLGAPAAFKYFDTTIDR,KPAFLSGEQK,1304,536,22,1,1325,536,,-1,5,0,1.007276,9.998105
Scan: 115059 Run: DIA12_CV486075:20251228_A2_N1_Mueller_MS_TechHub_IMP_THIDDIAXL003_Cas9_PhoX_DIA12_CV486075_250ng_FAIMS_001 P1_SSFEKNPIDFLEAK P2_EQAENIIHLFTLTNLGAPAAFKYFDTTIDR 5 22,DIA12_CV486075:20251228_A2_N1_Mueller_MS_TechHub_IMP_THIDDIAXL003_Cas9_PhoX_DIA12_CV486075_250ng_FAIMS_001,115059,,,Q99ZW2,,,false,Q99ZW2,Q99ZW2,,false,EQAENIIHLFTLTNLGAPAAFKYFDTTIDR,SSFEKNPIDFLEAK,1304,1172,22,5,1325,1176,,-1,5,0,1.007276,9.997969
Scan: 801700 Run: DIA12_CV486075:20251228_A2_N1_Mueller_MS_TechHub_IMP_THIDDIAXL003_Cas9_PhoX_DIA12_CV486075_250ng_FAIMS_002 P1_LSKSR P2_KLVDSTDK 3 1,DIA12_CV486075:20251228_A2_N1_Mueller_MS_TechHub_IMP_THIDDIAXL003_Cas9_PhoX_DIA12_CV486075_250ng_FAIMS_002,801700,,,Q99ZW2,,,false,Q99ZW2,Q99ZW2,,false,KLVDSTDK,LSKSR,141,216,1,3,141,218,,-1,3,0,1.007276,9.996811
Scan: 983916 Run: DIA12_CV486075:20251228_A2_N1_Mueller_MS_TechHub_IMP_THIDDIAXL003_Cas9_PhoX_DIA12_CV486075_250ng_FAIMS_002 P1_QLKEDYFK P2_KPAFLSGEQK 3 1,DIA12_CV486075:20251228_A2_N1_Mueller_MS_TechHub_IMP_THIDDIAXL003_Cas9_PhoX_DIA12_CV486075_250ng_FAIMS_002,983916,,,Q99ZW2,,,false,Q99ZW2,Q99ZW2,,false,KPAFLSGEQK,QLKEDYFK,536,563,1,3,536,565,,-1,4,0,1.007276,9.996248
Scan: 598079 Run: DIA12_CV486075:20251228_A2_N1_Mueller_MS_TechHub_IMP_THIDDIAXL003_Cas9_PhoX_DIA12_CV486075_250ng_FAIMS_002 P1_KYPKLESEFVYGDYK P2_ATAKYFFYSNIMNFFK 4 4,DIA12_CV486075:20251228_A2_N1_Mueller_MS_TechHub_IMP_THIDDIAXL003_Cas9_PhoX_DIA12_CV486075_250ng_FAIMS_002,598079,,,Q99ZW2,,,false,Q99ZW2,Q99ZW2,,false,ATAKYFFYSNIMNFFK,KYPKLESEFVYGDYK,1032,1000,4,4,1035,1003,,-1,4,0,1.007276,9.995548
Scan: 1583722 Run: DIA12_CV486075:20251228_A2_N1_Mueller_MS_TechHub_IMP_THIDDIAXL003_Cas9_PhoX_DIA12_CV486075_250ng_FAIMS_003 P1_KPAFLSGEQK P2_GKSDNVPSEEVVK 1 2,DIA12_CV486075:20251228_A2_N1_Mueller_MS_TechHub_IMP_THIDDIAXL003_Cas9_PhoX_DIA12_CV486075_250ng_FAIMS_003,1583722,,,Q99ZW2,,,false,Q99ZW2,Q99ZW2,,false,GKSDNVPSEEVVK,KPAFLSGEQK,865,536,2,1,866,536,,-1,4,0,1.007276,9.99489
Scan: 1310373 Run: DIA12_CV486075:20251228_A2_N1_Mueller_MS_TechHub_IMP_THIDDIAXL003_Cas9_PhoX_DIA12_CV486075_250ng_FAIMS_003 P1_SSFEKNPIDFLEAK P2_FKVLGNTDR 5 2,DIA12_CV486075:20251228_A2_N1_Mueller_MS_TechHub_IMP_THIDDIAXL003_Cas9_PhoX_DIA12_CV486075_250ng_FAIMS_003,1310373,,,Q99ZW2,,,false,Q99ZW2,Q99ZW2,,false,FKVLGNTDR,SSFEKNPIDFLEAK,32,1172,2,5,33,1176,,-1,3,0,1.007276,9.994569
Scan: 1633823 Run: DIA12_CV486075:20251228_A2_N1_Mueller_MS_TechHub_IMP_THIDDIAXL003_Cas9_PhoX_DIA12_CV486075_250ng_FAIMS_003 P1_QSGKTILDFLK P2_KDWDPK 4 1,DIA12_CV486075:20251228_A2_N1_Mueller_MS_TechHub_IMP_THIDDIAXL003_Cas9_PhoX_DIA12_CV486075_250ng_FAIMS_003,1633823,,,Q99ZW2,,,false,Q99ZW2,Q99ZW2,,false,KDWDPK,QSGKTILDFLK,1124,674,1,4,1124,677,,-1,3,0,1.007276,9.994435
Scan: 1451441 Run: DIA12_CV486075:20251228_A2_N1_Mueller_MS_TechHub_IMP_THIDDIAXL003_Cas9_PhoX_DIA12_CV486075_250ng_FAIMS_003 P1_YKEIFFDQSK P2_SNFDLAEDAKLQLSK 2 10,DIA12_CV486075:20251228_A2_N1_Mueller_MS_TechHub_IMP_THIDDIAXL003_Cas9_PhoX_DIA12_CV486075_250ng_FAIMS_003,1451441,,,Q99ZW2,,,false,Q99ZW2,Q99ZW2,,false,SNFDLAEDAKLQLSK,YKEIFFDQSK,254,347,10,2,263,348,,-1,4,0,1.007276,9.990333
Scan: 1709160 Run: DIA12_CV486075:20251228_A2_N1_Mueller_MS_TechHub_IMP_THIDDIAXL003_Cas9_PhoX_DIA12_CV486075_250ng_FAIMS_003 P1_KLVDSTDK P2_IEEGIKELGSQILK 1 6,DIA12_CV486075:20251228_A2_N1_Mueller_MS_TechHub_IMP_THIDDIAXL003_Cas9_PhoX_DIA12_CV486075_250ng_FAIMS_003,1709160,,,Q99ZW2,,,false,Q99ZW2,Q99ZW2,,false,IEEGIKELGSQILK,KLVDSTDK,784,141,6,1,789,141,,-1,4,0,1.007276,9.989804
Scan: 244911 Run: DIA12_CV486075:20251228_A2_N1_Mueller_MS_TechHub_IMP_THIDDIAXL003_Cas9_PhoX_DIA12_CV486075_250ng_FAIMS_001 P1_KGILQTVK P2_FKVLGNTDR 1 2,DIA12_CV486075:20251228_A2_N1_Mueller_MS_TechHub_IMP_THIDDIAXL003_Cas9_PhoX_DIA12_CV486075_250ng_FAIMS_001,244911,,,Q99ZW2,,,false,Q99ZW2,Q99ZW2,,false,FKVLGNTDR,KGILQTVK,32,735,2,1,33,735,,-1,4,0,1.007276,9.988417
Scan: 1081429 Run: DIA12_CV486075:20251228_A2_N1_Mueller_MS_TechHub_IMP_THIDDIAXL003_Cas9_PhoX_DIA12_CV486075_250ng_FAIMS_002 P1_KGILQTVK P2_IEKILTFR 1 3,DIA12_CV486075:20251228_A2_N1_Mueller_MS_TechHub_IMP_THIDDIAXL003_Cas9_PhoX_DIA12_CV486075_250ng_FAIMS_002,1081429,,,Q99ZW2,,,false,Q99ZW2,Q99ZW2,,false,IEKILTFR,KGILQTVK,440,735,3,1,442,735,,-1,4,0,1.007276,9.987395
Scan: 1350332 Run: DIA12_CV486075:20251228_A2_N1_Mueller_MS_TechHub_IMP_THIDDIAXL003_Cas9_PhoX_DIA12_CV486075_250ng_FAIMS_003 P1_KVLSMPQVNIVK P2_GNELALPSKYVNFLYLASHYEK 1 9,DIA12_CV486075:20251228_A2_N1_Mueller_MS_TechHub_IMP_THIDDIAXL003_Cas9_PhoX_DIA12_CV486075_250ng_FAIMS_003,1350332,,,Q99ZW2,,,false,Q99ZW2,Q99ZW2,,false,GNELALPSKYVNFLYLASHYEK,KVLSMPQVNIVK,1223,1085,9,1,1231,1085,,-1,5,0,1.007276,9.987126
Scan: 905961 Run: DIA12_CV486075:20251228_A2_N1_Mueller_MS_TechHub_IMP_THIDDIAXL003_Cas9_PhoX_DIA12_CV486075_250ng_FAIMS_002 P1_NLPNEKVLPK P2_KSEETITPWNFEEVVDK 6 1,DIA12_CV486075:20251228_A2_N1_Mueller_MS_TechHub_IMP_THIDDIAXL003_Cas9_PhoX_DIA12_CV486075_250ng_FAIMS_002,905961,,,Q99ZW2,,,false,Q99ZW2,Q99ZW2,,false,KSEETITPWNFEEVVDK,NLPNEKVLPK,468,501,1,6,468,506,,-1,4,0,1.007276,9.985014
Scan: 135620 Run: DIA12_CV486075:20251228_A2_N1_Mueller_MS_TechHub_IMP_THIDDIAXL003_Cas9_PhoX_DIA12_CV486075_250ng_FAIMS_001 P1_LKGSPEDNEQK P2_KDLIIK 2 1,DIA12_CV486075:20251228_A2_N1_Mueller_MS_TechHub_IMP_THIDDIAXL003_Cas9_PhoX_DIA12_CV486075_250ng_FAIMS_001,135620,,,Q99ZW2,,,false,Q99ZW2,Q99ZW2,,false,KDLIIK,LKGSPEDNEQK,1192,1245,1,2,1192,1246,,-1,3,0,1.007276,9.983867
Scan: 1314453 Run: DIA12_CV486075:20251228_A2_N1_Mueller_MS_TechHub_IMP_THIDDIAXL003_Cas9_PhoX_DIA12_CV486075_250ng_FAIMS_003 P1_SSFEKNPIDFLEAK P2_QSGKTILDFLK 5 4,DIA12_CV486075:20251228_A2_N1_Mueller_MS_TechHub_IMP_THIDDIAXL003_Cas9_PhoX_DIA12_CV486075_250ng_FAIMS_003,1314453,,,Q99ZW2,,,false,Q99ZW2,Q99ZW2,,false,QSGKTILDFLK,SSFEKNPIDFLEAK,674,1172,4,5,677,1176,,-1,4,0,1.007276,9.979619
Scan: 708948 Run: DIA12_CV486075:20251228_A2_N1_Mueller_MS_TechHub_IMP_THIDDIAXL003_Cas9_PhoX_DIA12_CV486075_250ng_FAIMS_002 P1_SSFEKNPIDFLEAK P2_ESILPKR 5 6,DIA12_CV486075:20251228_A2_N1_Mueller_MS_TechHub_IMP_THIDDIAXL003_Cas9_PhoX_DIA12_CV486075_250ng_FAIMS_002,708948,,,Q99ZW2,,,false,Q99ZW2,Q99ZW2,,false,ESILPKR,SSFEKNPIDFLEAK,1108,1172,6,5,1113,1176,,-1,3,0,1.007276,9.979574
Scan: 984781 Run: DIA12_CV486075:20251228_A2_N1_Mueller_MS_TechHub_IMP_THIDDIAXL003_Cas9_PhoX_DIA12_CV486075_250ng_FAIMS_002 P1_QSGKTILDFLK P2_KPAFLSGEQK 4 1,DIA12_CV486075:20251228_A2_N1_Mueller_MS_TechHub_IMP_THIDDIAXL003_Cas9_PhoX_DIA12_CV486075_250ng_FAIMS_002,984781,,,Q99ZW2,,,false,Q99ZW2,Q99ZW2,,false,KPAFLSGEQK,QSGKTILDFLK,536,674,1,4,536,677,,-1,4,0,1.007276,9.979462
Scan: 68314 Run: DIA12_CV486075:20251228_A2_N1_Mueller_MS_TechHub_IMP_THIDDIAXL003_Cas9_PhoX_DIA12_CV486075_250ng_FAIMS_001 P1_KTEVQTGGFSKESILPK P2_DLIIKLPK 11 5,DIA12_CV486075:20251228_A2_N1_Mueller_MS_TechHub_IMP_THIDDIAXL003_Cas9_PhoX_DIA12_CV486075_250ng_FAIMS_001,68314,,,Q99ZW2,,,false,Q99ZW2,Q99ZW2,,false,DLIIKLPK,KTEVQTGGFSKESILPK,1193,1097,5,11,1197,1107,,-1,3,0,1.007276,9.978736
Scan: 1704687 Run: DIA12_CV486075:20251228_A2_N1_Mueller_MS_TechHub_IMP_THIDDIAXL003_Cas9_PhoX_DIA12_CV486075_250ng_FAIMS_003 P1_YKEIFFDQSK P2_ENQTTQKGQK 2 7,DIA12_CV486075:20251228_A2_N1_Mueller_MS_TechHub_IMP_THIDDIAXL003_Cas9_PhoX_DIA12_CV486075_250ng_FAIMS_003,1704687,,,Q99ZW2,,,false,Q99ZW2,Q99ZW2,,false,ENQTTQKGQK,YKEIFFDQSK,766,347,7,2,772,348,,-1,3,0,1.007276,9.977943
Scan: 1677642 Run: DIA12_CV486075:20251228_A2_N1_Mueller_MS_TechHub_IMP_THIDDIAXL003_Cas9_PhoX_DIA12_CV486075_250ng_FAIMS_003 P1_ELGSQILKEHPVENTQLQNEK P2_AQVSGQGDSLHEHIANLAGSPAIKK 8 24,DIA12_CV486075:20251228_A2_N1_Mueller_MS_TechHub_IMP_THIDDIAXL003_Cas9_PhoX_DIA12_CV486075_250ng_FAIMS_003,1677642,,,Q99ZW2,,,false,Q99ZW2,Q99ZW2,,false,AQVSGQGDSLHEHIANLAGSPAIKK,ELGSQILKEHPVENTQLQNEK,711,790,24,8,734,797,,-1,5,0,1.007276,9.977393
Scan: 258422 Run: DIA12_CV486075:20251228_A2_N1_Mueller_MS_TechHub_IMP_THIDDIAXL003_Cas9_PhoX_DIA12_CV486075_250ng_FAIMS_001 P1_YKEIFFDQSK P2_RQEDFYPFLKDNR 2 10,DIA12_CV486075:20251228_A2_N1_Mueller_MS_TechHub_IMP_THIDDIAXL003_Cas9_PhoX_DIA12_CV486075_250ng_FAIMS_001,258422,,,Q99ZW2,,,false,Q99ZW2,Q99ZW2,,false,RQEDFYPFLKDNR,YKEIFFDQSK,425,347,10,2,434,348,,-1,4,0,1.007276,9.976662
Scan: 1545198 Run: DIA12_CV486075:20251228_A2_N1_Mueller_MS_TechHub_IMP_THIDDIAXL003_Cas9_PhoX_DIA12_CV486075_250ng_FAIMS_003 P1_KSEETITPWNFEEVVDKGASAQSFIER P2_GILQTVKVVDELVK 17 7,DIA12_CV486075:20251228_A2_N1_Mueller_MS_TechHub_IMP_THIDDIAXL003_Cas9_PhoX_DIA12_CV486075_250ng_FAIMS_003,1545198,,,Q99ZW2,,,false,Q99ZW2,Q99ZW2,,false,GILQTVKVVDELVK,KSEETITPWNFEEVVDKGASAQSFIER,736,468,7,17,742,484,,-1,5,0,1.007276,9.976391
Scan: 1259111 Run: DIA12_CV486075:20251228_A2_N1_Mueller_MS_TechHub_IMP_THIDDIAXL003_Cas9_PhoX_DIA12_CV486075_250ng_FAIMS_003 P1_KTEVQTGGFSKESILPK P2_KKDWDPKK 11 1,DIA12_CV486075:20251228_A2_N1_Mueller_MS_TechHub_IMP_THIDDIAXL003_Cas9_PhoX_DIA12_CV486075_250ng_FAIMS_003,1259111,,,Q99ZW2,,,false,Q99ZW2,Q99ZW2,,false,KKDWDPKK,KTEVQTGGFSKESILPK,1123,1097,1,11,1123,1107,,-1,5,0,1.007276,9.97639
Scan: 1575352 Run: DIA12_CV486075:20251228_A2_N1_Mueller_MS_TechHub_IMP_THIDDIAXL003_Cas9_PhoX_DIA12_CV486075_250ng_FAIMS_003 P1_KPAFLSGEQK P2_KLVDSTDK 1 1,DIA12_CV486075:20251228_A2_N1_Mueller_MS_TechHub_IMP_THIDDIAXL003_Cas9_PhoX_DIA12_CV486075_250ng_FAIMS_003,1575352,,,Q99ZW2,,,false,Q99ZW2,Q99ZW2,,false,KLVDSTDK,KPAFLSGEQK,141,536,1,1,141,536,,-1,3,0,1.007276,9.976059
Scan: 1651126 Run: DIA12_CV486075:20251228_A2_N1_Mueller_MS_TechHub_IMP_THIDDIAXL003_Cas9_PhoX_DIA12_CV486075_250ng_FAIMS_003 P1_FKVLGNTDR P2_EDIQKAQVSGQGDSLHEHIANLAGSPAIK 2 5,DIA12_CV486075:20251228_A2_N1_Mueller_MS_TechHub_IMP_THIDDIAXL003_Cas9_PhoX_DIA12_CV486075_250ng_FAIMS_003,1651126,,,Q99ZW2,,,false,Q99ZW2,Q99ZW2,,false,EDIQKAQVSGQGDSLHEHIANLAGSPAIK,FKVLGNTDR,706,32,5,2,710,33,,-1,5,0,1.007276,9.975929
Scan: 84960 Run: DIA12_CV486075:20251228_A2_N1_Mueller_MS_TechHub_IMP_THIDDIAXL003_Cas9_PhoX_DIA12_CV486075_250ng_FAIMS_001 P1_NSDKLIAR P2_KYGGFDSPTVAYSVLVVAK 4 1,DIA12_CV486075:20251228_A2_N1_Mueller_MS_TechHub_IMP_THIDDIAXL003_Cas9_PhoX_DIA12_CV486075_250ng_FAIMS_001,84960,,,Q99ZW2,,,false,Q99ZW2,Q99ZW2,,false,KYGGFDSPTVAYSVLVVAK,NSDKLIAR,1130,1115,1,4,1130,1118,,-1,4,0,1.007276,9.975637
Scan: 299396 Run: DIA12_CV486075:20251228_A2_N1_Mueller_MS_TechHub_IMP_THIDDIAXL003_Cas9_PhoX_DIA12_CV486075_250ng_FAIMS_001 P1_KSEETITPWNFEEVVDK P2_KRPLIETNGETGEIVWDK 1 1,DIA12_CV486075:20251228_A2_N1_Mueller_MS_TechHub_IMP_THIDDIAXL003_Cas9_PhoX_DIA12_CV486075_250ng_FAIMS_001,299396,,,Q99ZW2,,,false,Q99ZW2,Q99ZW2,,false,KRPLIETNGETGEIVWDK,KSEETITPWNFEEVVDK,1059,468,1,1,1059,468,,-1,4,0,1.007276,9.974918
Scan: 1341654 Run: DIA12_CV486075:20251228_A2_N1_Mueller_MS_TechHub_IMP_THIDDIAXL003_Cas9_PhoX_DIA12_CV486075_250ng_FAIMS_003 P1_LPKYSLFELENGR P2_KGILQTVK 3 1,DIA12_CV486075:20251228_A2_N1_Mueller_MS_TechHub_IMP_THIDDIAXL003_Cas9_PhoX_DIA12_CV486075_250ng_FAIMS_003,1341654,,,Q99ZW2,,,false,Q99ZW2,Q99ZW2,,false,KGILQTVK,LPKYSLFELENGR,735,1198,1,3,735,1200,,-1,4,0,1.007276,9.97433
Scan: 1449757 Run: DIA12_CV486075:20251228_A2_N1_Mueller_MS_TechHub_IMP_THIDDIAXL003_Cas9_PhoX_DIA12_CV486075_250ng_FAIMS_003 P1_YKEIFFDQSK P2_KDWDPK 2 1,DIA12_CV486075:20251228_A2_N1_Mueller_MS_TechHub_IMP_THIDDIAXL003_Cas9_PhoX_DIA12_CV486075_250ng_FAIMS_003,1449757,,,Q99ZW2,,,false,Q99ZW2,Q99ZW2,,false,KDWDPK,YKEIFFDQSK,1124,347,1,2,1124,348,,-1,3,0,1.007276,9.974236
Scan: 1316065 Run: DIA12_CV486075:20251228_A2_N1_Mueller_MS_TechHub_IMP_THIDDIAXL003_Cas9_PhoX_DIA12_CV486075_250ng_FAIMS_003 P1_SSFEKNPIDFLEAK P2_GKSDNVPSEEVVK 5 2,DIA12_CV486075:20251228_A2_N1_Mueller_MS_TechHub_IMP_THIDDIAXL003_Cas9_PhoX_DIA12_CV486075_250ng_FAIMS_003,1316065,,,Q99ZW2,,,false,Q99ZW2,Q99ZW2,,false,GKSDNVPSEEVVK,SSFEKNPIDFLEAK,865,1172,2,5,866,1176,,-1,4,0,1.007276,9.974067
Scan: 1756564 Run: DIA12_CV486075:20251228_A2_N1_Mueller_MS_TechHub_IMP_THIDDIAXL003_Cas9_PhoX_DIA12_CV486075_250ng_FAIMS_003 P1_KFDNLTK P2_EVKVITLK 1 3,DIA12_CV486075:20251228_A2_N1_Mueller_MS_TechHub_IMP_THIDDIAXL003_Cas9_PhoX_DIA12_CV486075_250ng_FAIMS_003,1756564,,,Q99ZW2,,,false,Q99ZW2,Q99ZW2,,false,EVKVITLK,KFDNLTK,952,896,3,1,954,896,,-1,3,0,1.007276,9.973705
Scan: 1498870 Run: DIA12_CV486075:20251228_A2_N1_Mueller_MS_TechHub_IMP_THIDDIAXL003_Cas9_PhoX_DIA12_CV486075_250ng_FAIMS_003 P1_KSEETITPWNFEEVVDK P2_KLVDSTDK 1 1,DIA12_CV486075:20251228_A2_N1_Mueller_MS_TechHub_IMP_THIDDIAXL003_Cas9_PhoX_DIA12_CV486075_250ng_FAIMS_003,1498870,,,Q99ZW2,,,false,Q99ZW2,Q99ZW2,,false,KLVDSTDK,KSEETITPWNFEEVVDK,141,468,1,1,141,468,,-1,4,0,1.007276,9.973458
Scan: 254364 Run: DIA12_CV486075:20251228_A2_N1_Mueller_MS_TechHub_IMP_THIDDIAXL003_Cas9_PhoX_DIA12_CV486075_250ng_FAIMS_001 P1_YKEIFFDQSK P2_ESILPKR 2 6,DIA12_CV486075:20251228_A2_N1_Mueller_MS_TechHub_IMP_THIDDIAXL003_Cas9_PhoX_DIA12_CV486075_250ng_FAIMS_001,254364,,,Q99ZW2,,,false,Q99ZW2,Q99ZW2,,false,ESILPKR,YKEIFFDQSK,1108,347,6,2,1113,348,,-1,3,0,1.007276,9.973013
Scan: 603542 Run: DIA12_CV486075:20251228_A2_N1_Mueller_MS_TechHub_IMP_THIDDIAXL003_Cas9_PhoX_DIA12_CV486075_250ng_FAIMS_002 P1_LESEFVYGDYKVYDVR P2_KMIAK 11 1,DIA12_CV486075:20251228_A2_N1_Mueller_MS_TechHub_IMP_THIDDIAXL003_Cas9_PhoX_DIA12_CV486075_250ng_FAIMS_002,603542,,,Q99ZW2,,,false,Q99ZW2,Q99ZW2,,false,KMIAK,LESEFVYGDYKVYDVR,1020,1004,1,11,1020,1014,,-1,3,0,1.007276,9.97256
Scan: 523076 Run: DIA12_CV486075:20251228_A2_N1_Mueller_MS_TechHub_IMP_THIDDIAXL003_Cas9_PhoX_DIA12_CV486075_250ng_FAIMS_001 P1_KNLIGALLFDSGETAEATR P2_ELGSQILKEHPVENTQLQNEK 1 8,DIA12_CV486075:20251228_A2_N1_Mueller_MS_TechHub_IMP_THIDDIAXL003_Cas9_PhoX_DIA12_CV486075_250ng_FAIMS_001,523076,,,Q99ZW2,,,false,Q99ZW2,Q99ZW2,,false,ELGSQILKEHPVENTQLQNEK,KNLIGALLFDSGETAEATR,790,45,8,1,797,45,,-1,4,0,1.007276,9.972438
Scan: 1166508 Run: DIA12_CV486075:20251228_A2_N1_Mueller_MS_TechHub_IMP_THIDDIAXL003_Cas9_PhoX_DIA12_CV486075_250ng_FAIMS_002 P1_GGLSELDKAGFIK P2_FDNLTKAER 8 6,DIA12_CV486075:20251228_A2_N1_Mueller_MS_TechHub_IMP_THIDDIAXL003_Cas9_PhoX_DIA12_CV486075_250ng_FAIMS_002,1166508,,,Q99ZW2,,,false,Q99ZW2,Q99ZW2,,false,FDNLTKAER,GGLSELDKAGFIK,897,906,6,8,902,913,,-1,3,0,1.007276,9.971737
Scan: 1215677 Run: DIA12_CV486075:20251228_A2_N1_Mueller_MS_TechHub_IMP_THIDDIAXL003_Cas9_PhoX_DIA12_CV486075_250ng_FAIMS_003 P1_KVLSMPQVNIVK P2_KRPLIETNGETGEIVWDK 1 1,DIA12_CV486075:20251228_A2_N1_Mueller_MS_TechHub_IMP_THIDDIAXL003_Cas9_PhoX_DIA12_CV486075_250ng_FAIMS_003,1215677,,,Q99ZW2,,,false,Q99ZW2,Q99ZW2,,false,KRPLIETNGETGEIVWDK,KVLSMPQVNIVK,1059,1085,1,1,1059,1085,,-1,4,0,1.007276,9.97005
Scan: 1509280 Run: DIA12_CV486075:20251228_A2_N1_Mueller_MS_TechHub_IMP_THIDDIAXL003_Cas9_PhoX_DIA12_CV486075_250ng_FAIMS_003 P1_SKLVSDFR P2_KSEETITPWNFEEVVDK 2 1,DIA12_CV486075:20251228_A2_N1_Mueller_MS_TechHub_IMP_THIDDIAXL003_Cas9_PhoX_DIA12_CV486075_250ng_FAIMS_003,1509280,,,Q99ZW2,,,false,Q99ZW2,Q99ZW2,,false,KSEETITPWNFEEVVDK,SKLVSDFR,468,960,1,2,468,961,,-1,4,0,1.007276,9.969102
Scan: 732518 Run: DIA12_CV486075:20251228_A2_N1_Mueller_MS_TechHub_IMP_THIDDIAXL003_Cas9_PhoX_DIA12_CV486075_250ng_FAIMS_002 P1_KVTVK P2_GYKEVK 1 3,DIA12_CV486075:20251228_A2_N1_Mueller_MS_TechHub_IMP_THIDDIAXL003_Cas9_PhoX_DIA12_CV486075_250ng_FAIMS_002,732518,,,Q99ZW2,,,false,Q99ZW2,Q99ZW2,,false,GYKEVK,KVTVK,1186,558,3,1,1188,558,,-1,3,0,1.007276,9.968922
Scan: 873434 Run: DIA12_CV486075:20251228_A2_N1_Mueller_MS_TechHub_IMP_THIDDIAXL003_Cas9_PhoX_DIA12_CV486075_250ng_FAIMS_002 P1_KDLIIK P2_FIKPILEK 1 3,DIA12_CV486075:20251228_A2_N1_Mueller_MS_TechHub_IMP_THIDDIAXL003_Cas9_PhoX_DIA12_CV486075_250ng_FAIMS_002,873434,,,Q99ZW2,,,false,Q99ZW2,Q99ZW2,,false,FIKPILEK,KDLIIK,375,1192,3,1,377,1192,,-1,3,0,1.007276,9.967044
Scan: 1159105 Run: DIA12_CV486075:20251228_A2_N1_Mueller_MS_TechHub_IMP_THIDDIAXL003_Cas9_PhoX_DIA12_CV486075_250ng_FAIMS_002 P1_YDENDKLIR P2_KFDNLTK 6 1,DIA12_CV486075:20251228_A2_N1_Mueller_MS_TechHub_IMP_THIDDIAXL003_Cas9_PhoX_DIA12_CV486075_250ng_FAIMS_002,1159105,,,Q99ZW2,,,false,Q99ZW2,Q99ZW2,,false,KFDNLTK,YDENDKLIR,896,943,1,6,896,948,,-1,3,0,1.007276,9.966879
Scan: 16502 Run: DIA12_CV486075:20251228_A2_N1_Mueller_MS_TechHub_IMP_THIDDIAXL003_Cas9_PhoX_DIA12_CV486075_250ng_FAIMS_001 P1_SEQEIGKATAK P2_ELGSQILKEHPVENTQLQNEK 7 8,DIA12_CV486075:20251228_A2_N1_Mueller_MS_TechHub_IMP_THIDDIAXL003_Cas9_PhoX_DIA12_CV486075_250ng_FAIMS_001,16502,,,Q99ZW2,,,false,Q99ZW2,Q99ZW2,,false,ELGSQILKEHPVENTQLQNEK,SEQEIGKATAK,790,1025,8,7,797,1031,,-1,4,0,1.007276,9.964825
Scan: 810998 Run: DIA12_CV486075:20251228_A2_N1_Mueller_MS_TechHub_IMP_THIDDIAXL003_Cas9_PhoX_DIA12_CV486075_250ng_FAIMS_002 P1_NSDKLIAR P2_LENLIAQLPGEKK 4 12,DIA12_CV486075:20251228_A2_N1_Mueller_MS_TechHub_IMP_THIDDIAXL003_Cas9_PhoX_DIA12_CV486075_250ng_FAIMS_002,810998,,,Q99ZW2,,,false,Q99ZW2,Q99ZW2,,false,LENLIAQLPGEKK,NSDKLIAR,222,1115,12,4,233,1118,,-1,4,0,1.007276,9.964625
Scan: 207760 Run: DIA12_CV486075:20251228_A2_N1_Mueller_MS_TechHub_IMP_THIDDIAXL003_Cas9_PhoX_DIA12_CV486075_250ng_FAIMS_001 P1_LVDSTDKADLR P2_KPAFLSGEQK 7 1,DIA12_CV486075:20251228_A2_N1_Mueller_MS_TechHub_IMP_THIDDIAXL003_Cas9_PhoX_DIA12_CV486075_250ng_FAIMS_001,207760,,,Q99ZW2,,,false,Q99ZW2,Q99ZW2,,false,KPAFLSGEQK,LVDSTDKADLR,536,142,1,7,536,148,,-1,3,0,1.007276,9.964067
Scan: 230523 Run: DIA12_CV486075:20251228_A2_N1_Mueller_MS_TechHub_IMP_THIDDIAXL003_Cas9_PhoX_DIA12_CV486075_250ng_FAIMS_001 P1_VNTEITKAPLSASMIK P2_VNTEITKAPLSASMIK 7 7,DIA12_CV486075:20251228_A2_N1_Mueller_MS_TechHub_IMP_THIDDIAXL003_Cas9_PhoX_DIA12_CV486075_250ng_FAIMS_001,230523,,,Q99ZW2,,,false,Q99ZW2,Q99ZW2,,false,VNTEITKAPLSASMIK,VNTEITKAPLSASMIK,308,308,7,7,314,314,,-1,4,0,1.007276,9.962753
Scan: 826607 Run: DIA12_CV486075:20251228_A2_N1_Mueller_MS_TechHub_IMP_THIDDIAXL003_Cas9_PhoX_DIA12_CV486075_250ng_FAIMS_002 P1_SNFDLAEDAKLQLSK P2_SKLVSDFR 10 2,DIA12_CV486075:20251228_A2_N1_Mueller_MS_TechHub_IMP_THIDDIAXL003_Cas9_PhoX_DIA12_CV486075_250ng_FAIMS_002,826607,,,Q99ZW2,,,false,Q99ZW2,Q99ZW2,,false,SKLVSDFR,SNFDLAEDAKLQLSK,960,254,2,10,961,263,,-1,4,0,1.007276,9.961036
Scan: 620520 Run: DIA12_CV486075:20251228_A2_N1_Mueller_MS_TechHub_IMP_THIDDIAXL003_Cas9_PhoX_DIA12_CV486075_250ng_FAIMS_002 P1_QSGKTILDFLK P2_KRPLIETNGETGEIVWDK 4 1,DIA12_CV486075:20251228_A2_N1_Mueller_MS_TechHub_IMP_THIDDIAXL003_Cas9_PhoX_DIA12_CV486075_250ng_FAIMS_002,620520,,,Q99ZW2,,,false,Q99ZW2,Q99ZW2,,false,KRPLIETNGETGEIVWDK,QSGKTILDFLK,1059,674,1,4,1059,677,,-1,4,0,1.007276,9.960774
Scan: 1268089 Run: DIA12_CV486075:20251228_A2_N1_Mueller_MS_TechHub_IMP_THIDDIAXL003_Cas9_PhoX_DIA12_CV486075_250ng_FAIMS_003 P1_TEVQTGGFSKESILPK P2_QSGKTILDFLK 10 4,DIA12_CV486075:20251228_A2_N1_Mueller_MS_TechHub_IMP_THIDDIAXL003_Cas9_PhoX_DIA12_CV486075_250ng_FAIMS_003,1268089,,,Q99ZW2,,,false,Q99ZW2,Q99ZW2,,false,QSGKTILDFLK,TEVQTGGFSKESILPK,674,1098,4,10,677,1107,,-1,4,0,1.007276,9.960261
Scan: 1409869 Run: DIA12_CV486075:20251228_A2_N1_Mueller_MS_TechHub_IMP_THIDDIAXL003_Cas9_PhoX_DIA12_CV486075_250ng_FAIMS_003 P1_RLENLIAQLPGEKK P2_KPAFLSGEQK 13 1,DIA12_CV486075:20251228_A2_N1_Mueller_MS_TechHub_IMP_THIDDIAXL003_Cas9_PhoX_DIA12_CV486075_250ng_FAIMS_003,1409869,,,Q99ZW2,,,false,Q99ZW2,Q99ZW2,,false,KPAFLSGEQK,RLENLIAQLPGEKK,536,221,1,13,536,233,,-1,3,0,1.007276,9.957823
Scan: 1557331 Run: DIA12_CV486075:20251228_A2_N1_Mueller_MS_TechHub_IMP_THIDDIAXL003_Cas9_PhoX_DIA12_CV486075_250ng_FAIMS_003 P1_VLPKHSLLYEYFTVYNELTK P2_LPKYSLFELENGR 4 3,DIA12_CV486075:20251228_A2_N1_Mueller_MS_TechHub_IMP_THIDDIAXL003_Cas9_PhoX_DIA12_CV486075_250ng_FAIMS_003,1557331,,,Q99ZW2,,,false,Q99ZW2,Q99ZW2,,false,LPKYSLFELENGR,VLPKHSLLYEYFTVYNELTK,1198,507,3,4,1200,510,,-1,4,0,1.007276,9.957796
Scan: 1420787 Run: DIA12_CV486075:20251228_A2_N1_Mueller_MS_TechHub_IMP_THIDDIAXL003_Cas9_PhoX_DIA12_CV486075_250ng_FAIMS_003 P1_SSFEKNPIDFLEAK P2_SNFDLAEDAKLQLSK 5 10,DIA12_CV486075:20251228_A2_N1_Mueller_MS_TechHub_IMP_THIDDIAXL003_Cas9_PhoX_DIA12_CV486075_250ng_FAIMS_003,1420787,,,Q99ZW2,,,false,Q99ZW2,Q99ZW2,,false,SNFDLAEDAKLQLSK,SSFEKNPIDFLEAK,254,1172,10,5,263,1176,,-1,4,0,1.007276,9.957339
Scan: 639510 Run: DIA12_CV486075:20251228_A2_N1_Mueller_MS_TechHub_IMP_THIDDIAXL003_Cas9_PhoX_DIA12_CV486075_250ng_FAIMS_002 P1_SKLVSDFR P2_KTEVQTGGFSK 2 1,DIA12_CV486075:20251228_A2_N1_Mueller_MS_TechHub_IMP_THIDDIAXL003_Cas9_PhoX_DIA12_CV486075_250ng_FAIMS_002,639510,,,Q99ZW2,,,false,Q99ZW2,Q99ZW2,,false,KTEVQTGGFSK,SKLVSDFR,1097,960,1,2,1097,961,,-1,3,0,1.007276,9.956994
Scan: 1013522 Run: DIA12_CV486075:20251228_A2_N1_Mueller_MS_TechHub_IMP_THIDDIAXL003_Cas9_PhoX_DIA12_CV486075_250ng_FAIMS_002 P1_KVTVKQLK P2_KIECFDSVEISGVEDR 5 1,DIA12_CV486075:20251228_A2_N1_Mueller_MS_TechHub_IMP_THIDDIAXL003_Cas9_PhoX_DIA12_CV486075_250ng_FAIMS_002,1013522,,,Q99ZW2,,,false,Q99ZW2,Q99ZW2,,false,KIECFDSVEISGVEDR,KVTVKQLK,571,558,1,5,571,562,,-1,3,0,1.007276,9.956857
Scan: 1581531 Run: DIA12_CV486075:20251228_A2_N1_Mueller_MS_TechHub_IMP_THIDDIAXL003_Cas9_PhoX_DIA12_CV486075_250ng_FAIMS_003 P1_KPAFLSGEQK P2_KIECFDSVEISGVEDR 1 1,DIA12_CV486075:20251228_A2_N1_Mueller_MS_TechHub_IMP_THIDDIAXL003_Cas9_PhoX_DIA12_CV486075_250ng_FAIMS_003,1581531,,,Q99ZW2,,,false,Q99ZW2,Q99ZW2,,false,KIECFDSVEISGVEDR,KPAFLSGEQK,571,536,1,1,571,536,,-1,4,0,1.007276,9.956505
Scan: 660415 Run: DIA12_CV486075:20251228_A2_N1_Mueller_MS_TechHub_IMP_THIDDIAXL003_Cas9_PhoX_DIA12_CV486075_250ng_FAIMS_002 P1_NSDKLIAR P2_KTEVQTGGFSKESILPK 4 11,DIA12_CV486075:20251228_A2_N1_Mueller_MS_TechHub_IMP_THIDDIAXL003_Cas9_PhoX_DIA12_CV486075_250ng_FAIMS_002,660415,,,Q99ZW2,,,false,Q99ZW2,Q99ZW2,,false,KTEVQTGGFSKESILPK,NSDKLIAR,1097,1115,11,4,1107,1118,,-1,5,0,1.007276,9.955942
Scan: 162415 Run: DIA12_CV486075:20251228_A2_N1_Mueller_MS_TechHub_IMP_THIDDIAXL003_Cas9_PhoX_DIA12_CV486075_250ng_FAIMS_001 P1_VILADANLDKVLSAYNK P2_LKGSPEDNEQK 10 2,DIA12_CV486075:20251228_A2_N1_Mueller_MS_TechHub_IMP_THIDDIAXL003_Cas9_PhoX_DIA12_CV486075_250ng_FAIMS_001,162415,,,Q99ZW2,,,false,Q99ZW2,Q99ZW2,,false,LKGSPEDNEQK,VILADANLDKVLSAYNK,1245,1280,2,10,1246,1289,,-1,4,0,1.007276,9.955892
Scan: 974565 Run: DIA12_CV486075:20251228_A2_N1_Mueller_MS_TechHub_IMP_THIDDIAXL003_Cas9_PhoX_DIA12_CV486075_250ng_FAIMS_002 P1_SEQEIGKATAK P2_KPAFLSGEQK 7 1,DIA12_CV486075:20251228_A2_N1_Mueller_MS_TechHub_IMP_THIDDIAXL003_Cas9_PhoX_DIA12_CV486075_250ng_FAIMS_002,974565,,,Q99ZW2,,,false,Q99ZW2,Q99ZW2,,false,KPAFLSGEQK,SEQEIGKATAK,536,1025,1,7,536,1031,,-1,4,0,1.007276,9.955649
Scan: 97207 Run: DIA12_CV486075:20251228_A2_N1_Mueller_MS_TechHub_IMP_THIDDIAXL003_Cas9_PhoX_DIA12_CV486075_250ng_FAIMS_001 P1_KDWDPK P2_ESILPKR 1 6,DIA12_CV486075:20251228_A2_N1_Mueller_MS_TechHub_IMP_THIDDIAXL003_Cas9_PhoX_DIA12_CV486075_250ng_FAIMS_001,97207,,,Q99ZW2,,,false,Q99ZW2,Q99ZW2,,false,ESILPKR,KDWDPK,1108,1124,6,1,1113,1124,,-1,3,0,1.007276,9.955582
Scan: 293374 Run: DIA12_CV486075:20251228_A2_N1_Mueller_MS_TechHub_IMP_THIDDIAXL003_Cas9_PhoX_DIA12_CV486075_250ng_FAIMS_001 P1_KAIVDLLFK P2_IEKILTFR 1 3,DIA12_CV486075:20251228_A2_N1_Mueller_MS_TechHub_IMP_THIDDIAXL003_Cas9_PhoX_DIA12_CV486075_250ng_FAIMS_001,293374,,,Q99ZW2,,,false,Q99ZW2,Q99ZW2,,false,IEKILTFR,KAIVDLLFK,440,546,3,1,442,546,,-1,3,0,1.007276,9.955362
Scan: 1782923 Run: DIA12_CV486075:20251228_A2_N1_Mueller_MS_TechHub_IMP_THIDDIAXL003_Cas9_PhoX_DIA12_CV486075_250ng_FAIMS_003 P1_SKLVSDFR P2_NPIDFLEAKGYK 2 9,DIA12_CV486075:20251228_A2_N1_Mueller_MS_TechHub_IMP_THIDDIAXL003_Cas9_PhoX_DIA12_CV486075_250ng_FAIMS_003,1782923,,,Q99ZW2,,,false,Q99ZW2,Q99ZW2,,false,NPIDFLEAKGYK,SKLVSDFR,1177,960,9,2,1185,961,,-1,3,0,1.007276,9.954883
Scan: 162640 Run: DIA12_CV486075:20251228_A2_N1_Mueller_MS_TechHub_IMP_THIDDIAXL003_Cas9_PhoX_DIA12_CV486075_250ng_FAIMS_001 P1_LKGSPEDNEQK P2_FKVLGNTDR 2 2,DIA12_CV486075:20251228_A2_N1_Mueller_MS_TechHub_IMP_THIDDIAXL003_Cas9_PhoX_DIA12_CV486075_250ng_FAIMS_001,162640,,,Q99ZW2,,,false,Q99ZW2,Q99ZW2,,false,FKVLGNTDR,LKGSPEDNEQK,32,1245,2,2,33,1246,,-1,4,0,1.007276,9.954254
Scan: 1442858 Run: DIA12_CV486075:20251228_A2_N1_Mueller_MS_TechHub_IMP_THIDDIAXL003_Cas9_PhoX_DIA12_CV486075_250ng_FAIMS_003 P1_YDEHHQDLTLLKALVR P2_LPKYSLFELENGR 12 3,DIA12_CV486075:20251228_A2_N1_Mueller_MS_TechHub_IMP_THIDDIAXL003_Cas9_PhoX_DIA12_CV486075_250ng_FAIMS_003,1442858,,,Q99ZW2,,,false,Q99ZW2,Q99ZW2,,false,LPKYSLFELENGR,YDEHHQDLTLLKALVR,1198,325,3,12,1200,336,,-1,5,0,1.007276,9.953523
Scan: 405137 Run: DIA12_CV486075:20251228_A2_N1_Mueller_MS_TechHub_IMP_THIDDIAXL003_Cas9_PhoX_DIA12_CV486075_250ng_FAIMS_001 P1_QSGKTILDFLK P2_KAIVDLLFK 4 1,DIA12_CV486075:20251228_A2_N1_Mueller_MS_TechHub_IMP_THIDDIAXL003_Cas9_PhoX_DIA12_CV486075_250ng_FAIMS_001,405137,,,Q99ZW2,,,false,Q99ZW2,Q99ZW2,,false,KAIVDLLFK,QSGKTILDFLK,546,674,1,4,546,677,,-1,3,0,1.007276,9.953169
Scan: 1783024 Run: DIA12_CV486075:20251228_A2_N1_Mueller_MS_TechHub_IMP_THIDDIAXL003_Cas9_PhoX_DIA12_CV486075_250ng_FAIMS_003 P1_SKLVSDFRK P2_LKGSPEDNEQK 2 2,DIA12_CV486075:20251228_A2_N1_Mueller_MS_TechHub_IMP_THIDDIAXL003_Cas9_PhoX_DIA12_CV486075_250ng_FAIMS_003,1783024,,,Q99ZW2,,,false,Q99ZW2,Q99ZW2,,false,LKGSPEDNEQK,SKLVSDFRK,1245,960,2,2,1246,961,,-1,4,0,1.007276,9.953086
Scan: 508900 Run: DIA12_CV486075:20251228_A2_N1_Mueller_MS_TechHub_IMP_THIDDIAXL003_Cas9_PhoX_DIA12_CV486075_250ng_FAIMS_001 P1_ESILPKR P2_ENQTTQKGQK 6 7,DIA12_CV486075:20251228_A2_N1_Mueller_MS_TechHub_IMP_THIDDIAXL003_Cas9_PhoX_DIA12_CV486075_250ng_FAIMS_001,508900,,,Q99ZW2,,,false,Q99ZW2,Q99ZW2,,false,ENQTTQKGQK,ESILPKR,766,1108,7,6,772,1113,,-1,3,0,1.007276,9.948945
Scan: 1026445 Run: DIA12_CV486075:20251228_A2_N1_Mueller_MS_TechHub_IMP_THIDDIAXL003_Cas9_PhoX_DIA12_CV486075_250ng_FAIMS_002 P1_KLINGIR P2_KDLIIK 1 1,DIA12_CV486075:20251228_A2_N1_Mueller_MS_TechHub_IMP_THIDDIAXL003_Cas9_PhoX_DIA12_CV486075_250ng_FAIMS_002,1026445,,,Q99ZW2,,,false,Q99ZW2,Q99ZW2,,false,KDLIIK,KLINGIR,1192,665,1,1,1192,665,,-1,3,0,1.007276,9.947705
Scan: 703614 Run: DIA12_CV486075:20251228_A2_N1_Mueller_MS_TechHub_IMP_THIDDIAXL003_Cas9_PhoX_DIA12_CV486075_250ng_FAIMS_002 P1_KYGGFDSPTVAYSVLVVAK P2_DKQSGK 1 2,DIA12_CV486075:20251228_A2_N1_Mueller_MS_TechHub_IMP_THIDDIAXL003_Cas9_PhoX_DIA12_CV486075_250ng_FAIMS_002,703614,,,Q99ZW2,,,false,Q99ZW2,Q99ZW2,,false,DKQSGK,KYGGFDSPTVAYSVLVVAK,672,1130,2,1,673,1130,,-1,3,0,1.007276,9.947201
Scan: 1739797 Run: DIA12_CV486075:20251228_A2_N1_Mueller_MS_TechHub_IMP_THIDDIAXL003_Cas9_PhoX_DIA12_CV486075_250ng_FAIMS_003 P1_KKDWDPK P2_GKSDNVPSEEVVK 1 2,DIA12_CV486075:20251228_A2_N1_Mueller_MS_TechHub_IMP_THIDDIAXL003_Cas9_PhoX_DIA12_CV486075_250ng_FAIMS_003,1739797,,,Q99ZW2,,,false,Q99ZW2,Q99ZW2,,false,GKSDNVPSEEVVK,KKDWDPK,865,1123,2,1,866,1123,,-1,3,0,1.007276,9.946166
Scan: 1742750 Run: DIA12_CV486075:20251228_A2_N1_Mueller_MS_TechHub_IMP_THIDDIAXL003_Cas9_PhoX_DIA12_CV486075_250ng_FAIMS_003 P1_GQKNSR P2_GKSDNVPSEEVVK 3 2,DIA12_CV486075:20251228_A2_N1_Mueller_MS_TechHub_IMP_THIDDIAXL003_Cas9_PhoX_DIA12_CV486075_250ng_FAIMS_003,1742750,,,Q99ZW2,,,false,Q99ZW2,Q99ZW2,,false,GKSDNVPSEEVVK,GQKNSR,865,773,2,3,866,775,,-1,3,0,1.007276,9.945406
Scan: 1108752 Run: DIA12_CV486075:20251228_A2_N1_Mueller_MS_TechHub_IMP_THIDDIAXL003_Cas9_PhoX_DIA12_CV486075_250ng_FAIMS_002 P1_LKGSPEDNEQK P2_GQKNSR 2 3,DIA12_CV486075:20251228_A2_N1_Mueller_MS_TechHub_IMP_THIDDIAXL003_Cas9_PhoX_DIA12_CV486075_250ng_FAIMS_002,1108752,,,Q99ZW2,,,false,Q99ZW2,Q99ZW2,,false,GQKNSR,LKGSPEDNEQK,773,1245,3,2,775,1246,,-1,3,0,1.007276,9.944095
Scan: 545150 Run: DIA12_CV486075:20251228_A2_N1_Mueller_MS_TechHub_IMP_THIDDIAXL003_Cas9_PhoX_DIA12_CV486075_250ng_FAIMS_001 P1_LKGSPEDNEQK P2_GKSDNVPSEEVVK 2 2,DIA12_CV486075:20251228_A2_N1_Mueller_MS_TechHub_IMP_THIDDIAXL003_Cas9_PhoX_DIA12_CV486075_250ng_FAIMS_001,545150,,,Q99ZW2,,,false,Q99ZW2,Q99ZW2,,false,GKSDNVPSEEVVK,LKGSPEDNEQK,865,1245,2,2,866,1246,,-1,4,0,1.007276,9.943568
Scan: 1678926 Run: DIA12_CV486075:20251228_A2_N1_Mueller_MS_TechHub_IMP_THIDDIAXL003_Cas9_PhoX_DIA12_CV486075_250ng_FAIMS_003 P1_MTNFDKNLPNEK P2_KGILQTVK 6 1,DIA12_CV486075:20251228_A2_N1_Mueller_MS_TechHub_IMP_THIDDIAXL003_Cas9_PhoX_DIA12_CV486075_250ng_FAIMS_003,1678926,,,Q99ZW2,,,false,Q99ZW2,Q99ZW2,,false,KGILQTVK,MTNFDKNLPNEK,735,495,1,6,735,500,,-1,3,0,1.007276,9.943037
Scan: 260514 Run: DIA12_CV486075:20251228_A2_N1_Mueller_MS_TechHub_IMP_THIDDIAXL003_Cas9_PhoX_DIA12_CV486075_250ng_FAIMS_001 P1_YKEIFFDQSK P2_QSGKTILDFLK 2 4,DIA12_CV486075:20251228_A2_N1_Mueller_MS_TechHub_IMP_THIDDIAXL003_Cas9_PhoX_DIA12_CV486075_250ng_FAIMS_001,260514,,,Q99ZW2,,,false,Q99ZW2,Q99ZW2,,false,QSGKTILDFLK,YKEIFFDQSK,674,347,4,2,677,348,,-1,4,0,1.007276,9.941084
Scan: 1233608 Run: DIA12_CV486075:20251228_A2_N1_Mueller_MS_TechHub_IMP_THIDDIAXL003_Cas9_PhoX_DIA12_CV486075_250ng_FAIMS_003 P1_KTEVQTGGFSK P2_IEKILTFR 1 3,DIA12_CV486075:20251228_A2_N1_Mueller_MS_TechHub_IMP_THIDDIAXL003_Cas9_PhoX_DIA12_CV486075_250ng_FAIMS_003,1233608,,,Q99ZW2,,,false,Q99ZW2,Q99ZW2,,false,IEKILTFR,KTEVQTGGFSK,440,1097,3,1,442,1097,,-1,3,0,1.007276,9.940834
Scan: 1440296 Run: DIA12_CV486075:20251228_A2_N1_Mueller_MS_TechHub_IMP_THIDDIAXL003_Cas9_PhoX_DIA12_CV486075_250ng_FAIMS_003 P1_FKVLGNTDR P2_ELGSQILKEHPVENTQLQNEK 2 8,DIA12_CV486075:20251228_A2_N1_Mueller_MS_TechHub_IMP_THIDDIAXL003_Cas9_PhoX_DIA12_CV486075_250ng_FAIMS_003,1440296,,,Q99ZW2,,,false,Q99ZW2,Q99ZW2,,false,ELGSQILKEHPVENTQLQNEK,FKVLGNTDR,790,32,8,2,797,33,,-1,4,0,1.007276,9.940497
Scan: 701976 Run: DIA12_CV486075:20251228_A2_N1_Mueller_MS_TechHub_IMP_THIDDIAXL003_Cas9_PhoX_DIA12_CV486075_250ng_FAIMS_002 P1_KYGGFDSPTVAYSVLVVAK P2_KDWDPK 1 1,DIA12_CV486075:20251228_A2_N1_Mueller_MS_TechHub_IMP_THIDDIAXL003_Cas9_PhoX_DIA12_CV486075_250ng_FAIMS_002,701976,,,Q99ZW2,,,false,Q99ZW2,Q99ZW2,,false,KDWDPK,KYGGFDSPTVAYSVLVVAK,1124,1130,1,1,1124,1130,,-1,3,0,1.007276,9.9403
Scan: 1507978 Run: DIA12_CV486075:20251228_A2_N1_Mueller_MS_TechHub_IMP_THIDDIAXL003_Cas9_PhoX_DIA12_CV486075_250ng_FAIMS_003 P1_KSEETITPWNFEEVVDK P2_KGILQTVKVVDELVK 1 8,DIA12_CV486075:20251228_A2_N1_Mueller_MS_TechHub_IMP_THIDDIAXL003_Cas9_PhoX_DIA12_CV486075_250ng_FAIMS_003,1507978,,,Q99ZW2,,,false,Q99ZW2,Q99ZW2,,false,KGILQTVKVVDELVK,KSEETITPWNFEEVVDK,735,468,8,1,742,468,,-1,4,0,1.007276,9.939977
Scan: 546319 Run: DIA12_CV486075:20251228_A2_N1_Mueller_MS_TechHub_IMP_THIDDIAXL003_Cas9_PhoX_DIA12_CV486075_250ng_FAIMS_001 P1_VLPKHSLLYEYFTVYNELTK P2_GKSDNVPSEEVVK 4 2,DIA12_CV486075:20251228_A2_N1_Mueller_MS_TechHub_IMP_THIDDIAXL003_Cas9_PhoX_DIA12_CV486075_250ng_FAIMS_001,546319,,,Q99ZW2,,,false,Q99ZW2,Q99ZW2,,false,GKSDNVPSEEVVK,VLPKHSLLYEYFTVYNELTK,865,507,2,4,866,510,,-1,4,0,1.007276,9.939399
Scan: 1187353 Run: DIA12_CV486075:20251228_A2_N1_Mueller_MS_TechHub_IMP_THIDDIAXL003_Cas9_PhoX_DIA12_CV486075_250ng_FAIMS_002 P1_SKLVSDFR P2_QITKHVAQILDSR 2 4,DIA12_CV486075:20251228_A2_N1_Mueller_MS_TechHub_IMP_THIDDIAXL003_Cas9_PhoX_DIA12_CV486075_250ng_FAIMS_002,1187353,,,Q99ZW2,,,false,Q99ZW2,Q99ZW2,,false,QITKHVAQILDSR,SKLVSDFR,926,960,4,2,929,961,,-1,4,0,1.007276,9.938355
Scan: 1089914 Run: DIA12_CV486075:20251228_A2_N1_Mueller_MS_TechHub_IMP_THIDDIAXL003_Cas9_PhoX_DIA12_CV486075_250ng_FAIMS_002 P1_IEKILTFR P2_GILQTVKVVDELVK 3 7,DIA12_CV486075:20251228_A2_N1_Mueller_MS_TechHub_IMP_THIDDIAXL003_Cas9_PhoX_DIA12_CV486075_250ng_FAIMS_002,1089914,,,Q99ZW2,,,false,Q99ZW2,Q99ZW2,,false,GILQTVKVVDELVK,IEKILTFR,736,440,7,3,742,442,,-1,4,0,1.007276,9.93786
Scan: 484980 Run: DIA12_CV486075:20251228_A2_N1_Mueller_MS_TechHub_IMP_THIDDIAXL003_Cas9_PhoX_DIA12_CV486075_250ng_FAIMS_001 P1_KGILQTVK P2_EVKVITLK 1 3,DIA12_CV486075:20251228_A2_N1_Mueller_MS_TechHub_IMP_THIDDIAXL003_Cas9_PhoX_DIA12_CV486075_250ng_FAIMS_001,484980,,,Q99ZW2,,,false,Q99ZW2,Q99ZW2,,false,EVKVITLK,KGILQTVK,952,735,3,1,954,735,,-1,3,0,1.007276,9.936539
Scan: 412892 Run: DIA12_CV486075:20251228_A2_N1_Mueller_MS_TechHub_IMP_THIDDIAXL003_Cas9_PhoX_DIA12_CV486075_250ng_FAIMS_001 P1_YKEIFFDQSK P2_QLKEDYFK 2 3,DIA12_CV486075:20251228_A2_N1_Mueller_MS_TechHub_IMP_THIDDIAXL003_Cas9_PhoX_DIA12_CV486075_250ng_FAIMS_001,412892,,,Q99ZW2,,,false,Q99ZW2,Q99ZW2,,false,QLKEDYFK,YKEIFFDQSK,563,347,3,2,565,348,,-1,3,0,1.007276,9.935437
Scan: 1637517 Run: DIA12_CV486075:20251228_A2_N1_Mueller_MS_TechHub_IMP_THIDDIAXL003_Cas9_PhoX_DIA12_CV486075_250ng_FAIMS_003 P1_TILDFLKSDGFANR P2_TEVQTGGFSKESILPK 7 10,DIA12_CV486075:20251228_A2_N1_Mueller_MS_TechHub_IMP_THIDDIAXL003_Cas9_PhoX_DIA12_CV486075_250ng_FAIMS_003,1637517,,,Q99ZW2,,,false,Q99ZW2,Q99ZW2,,false,TEVQTGGFSKESILPK,TILDFLKSDGFANR,1098,678,10,7,1107,684,,-1,4,0,1.007276,9.933296
Scan: 635198 Run: DIA12_CV486075:20251228_A2_N1_Mueller_MS_TechHub_IMP_THIDDIAXL003_Cas9_PhoX_DIA12_CV486075_250ng_FAIMS_002 P1_KTEVQTGGFSK P2_GSPEDNEQKQLFVEQHK 1 9,DIA12_CV486075:20251228_A2_N1_Mueller_MS_TechHub_IMP_THIDDIAXL003_Cas9_PhoX_DIA12_CV486075_250ng_FAIMS_002,635198,,,Q99ZW2,,,false,Q99ZW2,Q99ZW2,,false,GSPEDNEQKQLFVEQHK,KTEVQTGGFSK,1247,1097,9,1,1255,1097,,-1,4,0,1.007276,9.933125
Scan: 1008101 Run: DIA12_CV486075:20251228_A2_N1_Mueller_MS_TechHub_IMP_THIDDIAXL003_Cas9_PhoX_DIA12_CV486075_250ng_FAIMS_002 P1_KVTVK P2_KAIVDLLFK 1 1,DIA12_CV486075:20251228_A2_N1_Mueller_MS_TechHub_IMP_THIDDIAXL003_Cas9_PhoX_DIA12_CV486075_250ng_FAIMS_002,1008101,,,Q99ZW2,,,false,Q99ZW2,Q99ZW2,,false,KAIVDLLFK,KVTVK,546,558,1,1,546,558,,-1,3,0,1.007276,9.932776
Scan: 633674 Run: DIA12_CV486075:20251228_A2_N1_Mueller_MS_TechHub_IMP_THIDDIAXL003_Cas9_PhoX_DIA12_CV486075_250ng_FAIMS_002 P1_NSDKLIAR P2_KTEVQTGGFSK 4 1,DIA12_CV486075:20251228_A2_N1_Mueller_MS_TechHub_IMP_THIDDIAXL003_Cas9_PhoX_DIA12_CV486075_250ng_FAIMS_002,633674,,,Q99ZW2,,,false,Q99ZW2,Q99ZW2,,false,KTEVQTGGFSK,NSDKLIAR,1097,1115,1,4,1097,1118,,-1,4,0,1.007276,9.931748
Scan: 1743073 Run: DIA12_CV486075:20251228_A2_N1_Mueller_MS_TechHub_IMP_THIDDIAXL003_Cas9_PhoX_DIA12_CV486075_250ng_FAIMS_003 P1_GKSDNVPSEEVVK P2_EHPVENTQLQNEKLYLYYLQNGR 2 13,DIA12_CV486075:20251228_A2_N1_Mueller_MS_TechHub_IMP_THIDDIAXL003_Cas9_PhoX_DIA12_CV486075_250ng_FAIMS_003,1743073,,,Q99ZW2,,,false,Q99ZW2,Q99ZW2,,false,EHPVENTQLQNEKLYLYYLQNGR,GKSDNVPSEEVVK,798,865,13,2,810,866,,-1,4,0,1.007276,9.931045
Scan: 1504968 Run: DIA12_CV486075:20251228_A2_N1_Mueller_MS_TechHub_IMP_THIDDIAXL003_Cas9_PhoX_DIA12_CV486075_250ng_FAIMS_003 P1_QLKEDYFK P2_KSEETITPWNFEEVVDK 3 1,DIA12_CV486075:20251228_A2_N1_Mueller_MS_TechHub_IMP_THIDDIAXL003_Cas9_PhoX_DIA12_CV486075_250ng_FAIMS_003,1504968,,,Q99ZW2,,,false,Q99ZW2,Q99ZW2,,false,KSEETITPWNFEEVVDK,QLKEDYFK,468,563,1,3,468,565,,-1,4,0,1.007276,9.93093
Scan: 142870 Run: DIA12_CV486075:20251228_A2_N1_Mueller_MS_TechHub_IMP_THIDDIAXL003_Cas9_PhoX_DIA12_CV486075_250ng_FAIMS_001 P1_LPKYSLFELENGR P2_ESILPKR 3 6,DIA12_CV486075:20251228_A2_N1_Mueller_MS_TechHub_IMP_THIDDIAXL003_Cas9_PhoX_DIA12_CV486075_250ng_FAIMS_001,142870,,,Q99ZW2,,,false,Q99ZW2,Q99ZW2,,false,ESILPKR,LPKYSLFELENGR,1108,1198,6,3,1113,1200,,-1,3,0,1.007276,9.930883
Scan: 1299214 Run: DIA12_CV486075:20251228_A2_N1_Mueller_MS_TechHub_IMP_THIDDIAXL003_Cas9_PhoX_DIA12_CV486075_250ng_FAIMS_003 P1_KYGGFDSPTVAYSVLVVAK P2_KKDWDPK 1 1,DIA12_CV486075:20251228_A2_N1_Mueller_MS_TechHub_IMP_THIDDIAXL003_Cas9_PhoX_DIA12_CV486075_250ng_FAIMS_003,1299214,,,Q99ZW2,,,false,Q99ZW2,Q99ZW2,,false,KKDWDPK,KYGGFDSPTVAYSVLVVAK,1123,1130,1,1,1123,1130,,-1,4,0,1.007276,9.93015
Scan: 1340747 Run: DIA12_CV486075:20251228_A2_N1_Mueller_MS_TechHub_IMP_THIDDIAXL003_Cas9_PhoX_DIA12_CV486075_250ng_FAIMS_003 P1_LPKYSLFELENGR P2_KNLIGALLFDSGETAEATR 3 1,DIA12_CV486075:20251228_A2_N1_Mueller_MS_TechHub_IMP_THIDDIAXL003_Cas9_PhoX_DIA12_CV486075_250ng_FAIMS_003,1340747,,,Q99ZW2,,,false,Q99ZW2,Q99ZW2,,false,KNLIGALLFDSGETAEATR,LPKYSLFELENGR,45,1198,1,3,45,1200,,-1,4,0,1.007276,9.928579
Scan: 1561265 Run: DIA12_CV486075:20251228_A2_N1_Mueller_MS_TechHub_IMP_THIDDIAXL003_Cas9_PhoX_DIA12_CV486075_250ng_FAIMS_003 P1_VLPKHSLLYEYFTVYNELTK P2_SKLVSDFR 4 2,DIA12_CV486075:20251228_A2_N1_Mueller_MS_TechHub_IMP_THIDDIAXL003_Cas9_PhoX_DIA12_CV486075_250ng_FAIMS_003,1561265,,,Q99ZW2,,,false,Q99ZW2,Q99ZW2,,false,SKLVSDFR,VLPKHSLLYEYFTVYNELTK,960,507,2,4,961,510,,-1,4,0,1.007276,9.928387
Scan: 1010403 Run: DIA12_CV486075:20251228_A2_N1_Mueller_MS_TechHub_IMP_THIDDIAXL003_Cas9_PhoX_DIA12_CV486075_250ng_FAIMS_002 P1_QLKEDYFK P2_IEKILTFR 3 3,DIA12_CV486075:20251228_A2_N1_Mueller_MS_TechHub_IMP_THIDDIAXL003_Cas9_PhoX_DIA12_CV486075_250ng_FAIMS_002,1010403,,,Q99ZW2,,,false,Q99ZW2,Q99ZW2,,false,IEKILTFR,QLKEDYFK,440,563,3,3,442,565,,-1,3,0,1.007276,9.927674
Scan: 1689740 Run: DIA12_CV486075:20251228_A2_N1_Mueller_MS_TechHub_IMP_THIDDIAXL003_Cas9_PhoX_DIA12_CV486075_250ng_FAIMS_003 P1_KLINGIR P2_GILQTVKVVDELVK 1 7,DIA12_CV486075:20251228_A2_N1_Mueller_MS_TechHub_IMP_THIDDIAXL003_Cas9_PhoX_DIA12_CV486075_250ng_FAIMS_003,1689740,,,Q99ZW2,,,false,Q99ZW2,Q99ZW2,,false,GILQTVKVVDELVK,KLINGIR,736,665,7,1,742,665,,-1,3,0,1.007276,9.92763
Scan: 846825 Run: DIA12_CV486075:20251228_A2_N1_Mueller_MS_TechHub_IMP_THIDDIAXL003_Cas9_PhoX_DIA12_CV486075_250ng_FAIMS_002 P1_YDEHHQDLTLLKALVR P2_FKVLGNTDR 12 2,DIA12_CV486075:20251228_A2_N1_Mueller_MS_TechHub_IMP_THIDDIAXL003_Cas9_PhoX_DIA12_CV486075_250ng_FAIMS_002,846825,,,Q99ZW2,,,false,Q99ZW2,Q99ZW2,,false,FKVLGNTDR,YDEHHQDLTLLKALVR,32,325,2,12,33,336,,-1,4,0,1.007276,9.927498
Scan: 244802 Run: DIA12_CV486075:20251228_A2_N1_Mueller_MS_TechHub_IMP_THIDDIAXL003_Cas9_PhoX_DIA12_CV486075_250ng_FAIMS_001 P1_FKVLGNTDR P2_EDIQKAQVSGQGDSLHEHIANLAGSPAIK 2 5,DIA12_CV486075:20251228_A2_N1_Mueller_MS_TechHub_IMP_THIDDIAXL003_Cas9_PhoX_DIA12_CV486075_250ng_FAIMS_001,244802,,,Q99ZW2,,,false,Q99ZW2,Q99ZW2,,false,EDIQKAQVSGQGDSLHEHIANLAGSPAIK,FKVLGNTDR,706,32,5,2,710,33,,-1,4,0,1.007276,9.92733
Scan: 69650 Run: DIA12_CV486075:20251228_A2_N1_Mueller_MS_TechHub_IMP_THIDDIAXL003_Cas9_PhoX_DIA12_CV486075_250ng_FAIMS_001 P1_TEVQTGGFSKESILPK P2_FKVLGNTDR 10 2,DIA12_CV486075:20251228_A2_N1_Mueller_MS_TechHub_IMP_THIDDIAXL003_Cas9_PhoX_DIA12_CV486075_250ng_FAIMS_001,69650,,,Q99ZW2,,,false,Q99ZW2,Q99ZW2,,false,FKVLGNTDR,TEVQTGGFSKESILPK,32,1098,2,10,33,1107,,-1,4,0,1.007276,9.925671
Scan: 1598571 Run: DIA12_CV486075:20251228_A2_N1_Mueller_MS_TechHub_IMP_THIDDIAXL003_Cas9_PhoX_DIA12_CV486075_250ng_FAIMS_003 P1_KPAFLSGEQKK P2_KLINGIR 10 1,DIA12_CV486075:20251228_A2_N1_Mueller_MS_TechHub_IMP_THIDDIAXL003_Cas9_PhoX_DIA12_CV486075_250ng_FAIMS_003,1598571,,,Q99ZW2,,,false,Q99ZW2,Q99ZW2,,false,KLINGIR,KPAFLSGEQKK,665,536,1,10,665,545,,-1,4,0,1.007276,9.925378
Scan: 1499893 Run: DIA12_CV486075:20251228_A2_N1_Mueller_MS_TechHub_IMP_THIDDIAXL003_Cas9_PhoX_DIA12_CV486075_250ng_FAIMS_003 P1_YDEHHQDLTLLKALVR P2_KSEETITPWNFEEVVDK 12 1,DIA12_CV486075:20251228_A2_N1_Mueller_MS_TechHub_IMP_THIDDIAXL003_Cas9_PhoX_DIA12_CV486075_250ng_FAIMS_003,1499893,,,Q99ZW2,,,false,Q99ZW2,Q99ZW2,,false,KSEETITPWNFEEVVDK,YDEHHQDLTLLKALVR,468,325,1,12,468,336,,-1,4,0,1.007276,9.92531
Scan: 985103 Run: DIA12_CV486075:20251228_A2_N1_Mueller_MS_TechHub_IMP_THIDDIAXL003_Cas9_PhoX_DIA12_CV486075_250ng_FAIMS_002 P1_KPAFLSGEQK P2_KGILQTVK 1 1,DIA12_CV486075:20251228_A2_N1_Mueller_MS_TechHub_IMP_THIDDIAXL003_Cas9_PhoX_DIA12_CV486075_250ng_FAIMS_002,985103,,,Q99ZW2,,,false,Q99ZW2,Q99ZW2,,false,KGILQTVK,KPAFLSGEQK,735,536,1,1,735,536,,-1,4,0,1.007276,9.924126
Scan: 1037020 Run: DIA12_CV486075:20251228_A2_N1_Mueller_MS_TechHub_IMP_THIDDIAXL003_Cas9_PhoX_DIA12_CV486075_250ng_FAIMS_002 P1_QSGKTILDFLK P2_FKVLGNTDR 4 2,DIA12_CV486075:20251228_A2_N1_Mueller_MS_TechHub_IMP_THIDDIAXL003_Cas9_PhoX_DIA12_CV486075_250ng_FAIMS_002,1037020,,,Q99ZW2,,,false,Q99ZW2,Q99ZW2,,false,FKVLGNTDR,QSGKTILDFLK,32,674,2,4,33,677,,-1,4,0,1.007276,9.923579
Scan: 715812 Run: DIA12_CV486075:20251228_A2_N1_Mueller_MS_TechHub_IMP_THIDDIAXL003_Cas9_PhoX_DIA12_CV486075_250ng_FAIMS_002 P1_SSFEKNPIDFLEAK P2_KVTVK 5 1,DIA12_CV486075:20251228_A2_N1_Mueller_MS_TechHub_IMP_THIDDIAXL003_Cas9_PhoX_DIA12_CV486075_250ng_FAIMS_002,715812,,,Q99ZW2,,,false,Q99ZW2,Q99ZW2,,false,KVTVK,SSFEKNPIDFLEAK,558,1172,1,5,558,1176,,-1,3,0,1.007276,9.923281
Scan: 14746 Run: DIA12_CV486075:20251228_A2_N1_Mueller_MS_TechHub_IMP_THIDDIAXL003_Cas9_PhoX_DIA12_CV486075_250ng_FAIMS_001 P1_SEQEIGKATAK P2_NSDKLIAR 7 4,DIA12_CV486075:20251228_A2_N1_Mueller_MS_TechHub_IMP_THIDDIAXL003_Cas9_PhoX_DIA12_CV486075_250ng_FAIMS_001,14746,,,Q99ZW2,,,false,Q99ZW2,Q99ZW2,,false,NSDKLIAR,SEQEIGKATAK,1115,1025,4,7,1118,1031,,-1,3,0,1.007276,9.920484
Scan: 1185967 Run: DIA12_CV486075:20251228_A2_N1_Mueller_MS_TechHub_IMP_THIDDIAXL003_Cas9_PhoX_DIA12_CV486075_250ng_FAIMS_002 P1_YKEIFFDQSK P2_SKLVSDFR 2 2,DIA12_CV486075:20251228_A2_N1_Mueller_MS_TechHub_IMP_THIDDIAXL003_Cas9_PhoX_DIA12_CV486075_250ng_FAIMS_002,1185967,,,Q99ZW2,,,false,Q99ZW2,Q99ZW2,,false,SKLVSDFR,YKEIFFDQSK,960,347,2,2,961,348,,-1,4,0,1.007276,9.919647
Scan: 1351959 Run: DIA12_CV486075:20251228_A2_N1_Mueller_MS_TechHub_IMP_THIDDIAXL003_Cas9_PhoX_DIA12_CV486075_250ng_FAIMS_003 P1_KFDNLTK P2_GNELALPSKYVNFLYLASHYEK 1 9,DIA12_CV486075:20251228_A2_N1_Mueller_MS_TechHub_IMP_THIDDIAXL003_Cas9_PhoX_DIA12_CV486075_250ng_FAIMS_003,1351959,,,Q99ZW2,,,false,Q99ZW2,Q99ZW2,,false,GNELALPSKYVNFLYLASHYEK,KFDNLTK,1223,896,9,1,1231,896,,-1,4,0,1.007276,9.919588
Scan: 971582 Run: DIA12_CV486075:20251228_A2_N1_Mueller_MS_TechHub_IMP_THIDDIAXL003_Cas9_PhoX_DIA12_CV486075_250ng_FAIMS_002 P1_VKYVTEGMR P2_IEKILTFR 2 3,DIA12_CV486075:20251228_A2_N1_Mueller_MS_TechHub_IMP_THIDDIAXL003_Cas9_PhoX_DIA12_CV486075_250ng_FAIMS_002,971582,,,Q99ZW2,,,false,Q99ZW2,Q99ZW2,,false,IEKILTFR,VKYVTEGMR,440,527,3,2,442,528,,-1,3,0,1.007276,9.919432
Scan: 1638949 Run: DIA12_CV486075:20251228_A2_N1_Mueller_MS_TechHub_IMP_THIDDIAXL003_Cas9_PhoX_DIA12_CV486075_250ng_FAIMS_003 P1_TILDFLKSDGFANR P2_SNFDLAEDAKLQLSK 7 10,DIA12_CV486075:20251228_A2_N1_Mueller_MS_TechHub_IMP_THIDDIAXL003_Cas9_PhoX_DIA12_CV486075_250ng_FAIMS_003,1638949,,,Q99ZW2,,,false,Q99ZW2,Q99ZW2,,false,SNFDLAEDAKLQLSK,TILDFLKSDGFANR,254,678,10,7,263,684,,-1,4,0,1.007276,9.918305
Scan: 586834 Run: DIA12_CV486075:20251228_A2_N1_Mueller_MS_TechHub_IMP_THIDDIAXL003_Cas9_PhoX_DIA12_CV486075_250ng_FAIMS_001 P1_YDENDKLIR P2_KPAFLSGEQK 6 1,DIA12_CV486075:20251228_A2_N1_Mueller_MS_TechHub_IMP_THIDDIAXL003_Cas9_PhoX_DIA12_CV486075_250ng_FAIMS_001,586834,,,Q99ZW2,,,false,Q99ZW2,Q99ZW2,,false,KPAFLSGEQK,YDENDKLIR,536,943,1,6,536,948,,-1,4,0,1.007276,9.918224
Scan: 794621 Run: DIA12_CV486075:20251228_A2_N1_Mueller_MS_TechHub_IMP_THIDDIAXL003_Cas9_PhoX_DIA12_CV486075_250ng_FAIMS_002 P1_YTSTKEVLDATLIHQSITGLYETR P2_KKDWDPK 5 1,DIA12_CV486075:20251228_A2_N1_Mueller_MS_TechHub_IMP_THIDDIAXL003_Cas9_PhoX_DIA12_CV486075_250ng_FAIMS_002,794621,,,Q99ZW2,,,false,Q99ZW2,Q99ZW2,,false,KKDWDPK,YTSTKEVLDATLIHQSITGLYETR,1123,1336,1,5,1123,1340,,-1,4,0,1.007276,9.918135
Scan: 424475 Run: DIA12_CV486075:20251228_A2_N1_Mueller_MS_TechHub_IMP_THIDDIAXL003_Cas9_PhoX_DIA12_CV486075_250ng_FAIMS_001 P1_YKEIFFDQSK P2_LKTYAHLFDDK 2 2,DIA12_CV486075:20251228_A2_N1_Mueller_MS_TechHub_IMP_THIDDIAXL003_Cas9_PhoX_DIA12_CV486075_250ng_FAIMS_001,424475,,,Q99ZW2,,,false,Q99ZW2,Q99ZW2,,false,LKTYAHLFDDK,YKEIFFDQSK,636,347,2,2,637,348,,-1,4,0,1.007276,9.917495
Scan: 1705636 Run: DIA12_CV486075:20251228_A2_N1_Mueller_MS_TechHub_IMP_THIDDIAXL003_Cas9_PhoX_DIA12_CV486075_250ng_FAIMS_003 P1_VITLKSK P2_ENQTTQKGQK 5 7,DIA12_CV486075:20251228_A2_N1_Mueller_MS_TechHub_IMP_THIDDIAXL003_Cas9_PhoX_DIA12_CV486075_250ng_FAIMS_003,1705636,,,Q99ZW2,,,false,Q99ZW2,Q99ZW2,,false,ENQTTQKGQK,VITLKSK,766,955,7,5,772,959,,-1,3,0,1.007276,9.915666
Scan: 521968 Run: DIA12_CV486075:20251228_A2_N1_Mueller_MS_TechHub_IMP_THIDDIAXL003_Cas9_PhoX_DIA12_CV486075_250ng_FAIMS_001 P1_KLVDSTDK P2_ELGSQILKEHPVENTQLQNEK 1 8,DIA12_CV486075:20251228_A2_N1_Mueller_MS_TechHub_IMP_THIDDIAXL003_Cas9_PhoX_DIA12_CV486075_250ng_FAIMS_001,521968,,,Q99ZW2,,,false,Q99ZW2,Q99ZW2,,false,ELGSQILKEHPVENTQLQNEK,KLVDSTDK,790,141,8,1,797,141,,-1,4,0,1.007276,9.9154
Scan: 21755 Run: DIA12_CV486075:20251228_A2_N1_Mueller_MS_TechHub_IMP_THIDDIAXL003_Cas9_PhoX_DIA12_CV486075_250ng_FAIMS_001 P1_VILADANLDKVLSAYNK P2_KRPLIETNGETGEIVWDK 10 1,DIA12_CV486075:20251228_A2_N1_Mueller_MS_TechHub_IMP_THIDDIAXL003_Cas9_PhoX_DIA12_CV486075_250ng_FAIMS_001,21755,,,Q99ZW2,,,false,Q99ZW2,Q99ZW2,,false,KRPLIETNGETGEIVWDK,VILADANLDKVLSAYNK,1059,1280,1,10,1059,1289,,-1,4,0,1.007276,9.915033
Scan: 309799 Run: DIA12_CV486075:20251228_A2_N1_Mueller_MS_TechHub_IMP_THIDDIAXL003_Cas9_PhoX_DIA12_CV486075_250ng_FAIMS_001 P1_KSEETITPWNFEEVVDK P2_KAIVDLLFK 1 1,DIA12_CV486075:20251228_A2_N1_Mueller_MS_TechHub_IMP_THIDDIAXL003_Cas9_PhoX_DIA12_CV486075_250ng_FAIMS_001,309799,,,Q99ZW2,,,false,Q99ZW2,Q99ZW2,,false,KAIVDLLFK,KSEETITPWNFEEVVDK,546,468,1,1,546,468,,-1,4,0,1.007276,9.914317
Scan: 1709869 Run: DIA12_CV486075:20251228_A2_N1_Mueller_MS_TechHub_IMP_THIDDIAXL003_Cas9_PhoX_DIA12_CV486075_250ng_FAIMS_003 P1_IEKILTFR P2_IEEGIKELGSQILK 3 6,DIA12_CV486075:20251228_A2_N1_Mueller_MS_TechHub_IMP_THIDDIAXL003_Cas9_PhoX_DIA12_CV486075_250ng_FAIMS_003,1709869,,,Q99ZW2,,,false,Q99ZW2,Q99ZW2,,false,IEEGIKELGSQILK,IEKILTFR,784,440,6,3,789,442,,-1,4,0,1.007276,9.913626
Scan: 1782869 Run: DIA12_CV486075:20251228_A2_N1_Mueller_MS_TechHub_IMP_THIDDIAXL003_Cas9_PhoX_DIA12_CV486075_250ng_FAIMS_003 P1_SKLVSDFR P2_KDWDPK 2 1,DIA12_CV486075:20251228_A2_N1_Mueller_MS_TechHub_IMP_THIDDIAXL003_Cas9_PhoX_DIA12_CV486075_250ng_FAIMS_003,1782869,,,Q99ZW2,,,false,Q99ZW2,Q99ZW2,,false,KDWDPK,SKLVSDFR,1124,960,1,2,1124,961,,-1,3,0,1.007276,9.91252
Scan: 1185518 Run: DIA12_CV486075:20251228_A2_N1_Mueller_MS_TechHub_IMP_THIDDIAXL003_Cas9_PhoX_DIA12_CV486075_250ng_FAIMS_002 P1_SKLVSDFR P2_KDLIIK 2 1,DIA12_CV486075:20251228_A2_N1_Mueller_MS_TechHub_IMP_THIDDIAXL003_Cas9_PhoX_DIA12_CV486075_250ng_FAIMS_002,1185518,,,Q99ZW2,,,false,Q99ZW2,Q99ZW2,,false,KDLIIK,SKLVSDFR,1192,960,1,2,1192,961,,-1,3,0,1.007276,9.912025
Scan: 1556153 Run: DIA12_CV486075:20251228_A2_N1_Mueller_MS_TechHub_IMP_THIDDIAXL003_Cas9_PhoX_DIA12_CV486075_250ng_FAIMS_003 P1_VLPKHSLLYEYFTVYNELTK P2_SEQEIGKATAK 4 7,DIA12_CV486075:20251228_A2_N1_Mueller_MS_TechHub_IMP_THIDDIAXL003_Cas9_PhoX_DIA12_CV486075_250ng_FAIMS_003,1556153,,,Q99ZW2,,,false,Q99ZW2,Q99ZW2,,false,SEQEIGKATAK,VLPKHSLLYEYFTVYNELTK,1025,507,7,4,1031,510,,-1,4,0,1.007276,9.911982
Scan: 1634826 Run: DIA12_CV486075:20251228_A2_N1_Mueller_MS_TechHub_IMP_THIDDIAXL003_Cas9_PhoX_DIA12_CV486075_250ng_FAIMS_003 P1_QSGKTILDFLK P2_KLINGIR 4 1,DIA12_CV486075:20251228_A2_N1_Mueller_MS_TechHub_IMP_THIDDIAXL003_Cas9_PhoX_DIA12_CV486075_250ng_FAIMS_003,1634826,,,Q99ZW2,,,false,Q99ZW2,Q99ZW2,,false,KLINGIR,QSGKTILDFLK,665,674,1,4,665,677,,-1,4,0,1.007276,9.911773
Scan: 509058 Run: DIA12_CV486075:20251228_A2_N1_Mueller_MS_TechHub_IMP_THIDDIAXL003_Cas9_PhoX_DIA12_CV486075_250ng_FAIMS_001 P1_KDWDPK P2_ENQTTQKGQK 1 7,DIA12_CV486075:20251228_A2_N1_Mueller_MS_TechHub_IMP_THIDDIAXL003_Cas9_PhoX_DIA12_CV486075_250ng_FAIMS_001,509058,,,Q99ZW2,,,false,Q99ZW2,Q99ZW2,,false,ENQTTQKGQK,KDWDPK,766,1124,7,1,772,1124,,-1,3,0,1.007276,9.911702
Scan: 1743163 Run: DIA12_CV486075:20251228_A2_N1_Mueller_MS_TechHub_IMP_THIDDIAXL003_Cas9_PhoX_DIA12_CV486075_250ng_FAIMS_003 P1_GKSDNVPSEEVVK P2_DDSIDNKVLTR 2 7,DIA12_CV486075:20251228_A2_N1_Mueller_MS_TechHub_IMP_THIDDIAXL003_Cas9_PhoX_DIA12_CV486075_250ng_FAIMS_003,1743163,,,Q99ZW2,,,false,Q99ZW2,Q99ZW2,,false,DDSIDNKVLTR,GKSDNVPSEEVVK,849,865,7,2,855,866,,-1,3,0,1.007276,9.910836
Scan: 977803 Run: DIA12_CV486075:20251228_A2_N1_Mueller_MS_TechHub_IMP_THIDDIAXL003_Cas9_PhoX_DIA12_CV486075_250ng_FAIMS_002 P1_KPAFLSGEQK P2_DKPIR 1 2,DIA12_CV486075:20251228_A2_N1_Mueller_MS_TechHub_IMP_THIDDIAXL003_Cas9_PhoX_DIA12_CV486075_250ng_FAIMS_002,977803,,,Q99ZW2,,,false,Q99ZW2,Q99ZW2,,false,DKPIR,KPAFLSGEQK,1299,536,2,1,1300,536,,-1,3,0,1.007276,9.909999
Scan: 1081662 Run: DIA12_CV486075:20251228_A2_N1_Mueller_MS_TechHub_IMP_THIDDIAXL003_Cas9_PhoX_DIA12_CV486075_250ng_FAIMS_002 P1_KGILQTVK P2_KAIVDLLFK 1 1,DIA12_CV486075:20251228_A2_N1_Mueller_MS_TechHub_IMP_THIDDIAXL003_Cas9_PhoX_DIA12_CV486075_250ng_FAIMS_002,1081662,,,Q99ZW2,,,false,Q99ZW2,Q99ZW2,,false,KAIVDLLFK,KGILQTVK,546,735,1,1,546,735,,-1,3,0,1.007276,9.909871
Scan: 291479 Run: DIA12_CV486075:20251228_A2_N1_Mueller_MS_TechHub_IMP_THIDDIAXL003_Cas9_PhoX_DIA12_CV486075_250ng_FAIMS_001 P1_IEKILTFR P2_FKVLGNTDR 3 2,DIA12_CV486075:20251228_A2_N1_Mueller_MS_TechHub_IMP_THIDDIAXL003_Cas9_PhoX_DIA12_CV486075_250ng_FAIMS_001,291479,,,Q99ZW2,,,false,Q99ZW2,Q99ZW2,,false,FKVLGNTDR,IEKILTFR,32,440,2,3,33,442,,-1,4,0,1.007276,9.909774
Scan: 1278249 Run: DIA12_CV486075:20251228_A2_N1_Mueller_MS_TechHub_IMP_THIDDIAXL003_Cas9_PhoX_DIA12_CV486075_250ng_FAIMS_003 P1_RNSDKLIAR P2_KDWDPK 5 1,DIA12_CV486075:20251228_A2_N1_Mueller_MS_TechHub_IMP_THIDDIAXL003_Cas9_PhoX_DIA12_CV486075_250ng_FAIMS_003,1278249,,,Q99ZW2,,,false,Q99ZW2,Q99ZW2,,false,KDWDPK,RNSDKLIAR,1124,1114,1,5,1124,1118,,-1,4,0,1.007276,9.908966
Scan: 385877 Run: DIA12_CV486075:20251228_A2_N1_Mueller_MS_TechHub_IMP_THIDDIAXL003_Cas9_PhoX_DIA12_CV486075_250ng_FAIMS_001 P1_KPAFLSGEQK P2_KAIVDLLFK 1 1,DIA12_CV486075:20251228_A2_N1_Mueller_MS_TechHub_IMP_THIDDIAXL003_Cas9_PhoX_DIA12_CV486075_250ng_FAIMS_001,385877,,,Q99ZW2,,,false,Q99ZW2,Q99ZW2,,false,KAIVDLLFK,KPAFLSGEQK,546,536,1,1,546,536,,-1,4,0,1.007276,9.908798
Scan: 813549 Run: DIA12_CV486075:20251228_A2_N1_Mueller_MS_TechHub_IMP_THIDDIAXL003_Cas9_PhoX_DIA12_CV486075_250ng_FAIMS_002 P1_LENLIAQLPGEKK P2_ENQTTQKGQK 12 7,DIA12_CV486075:20251228_A2_N1_Mueller_MS_TechHub_IMP_THIDDIAXL003_Cas9_PhoX_DIA12_CV486075_250ng_FAIMS_002,813549,,,Q99ZW2,,,false,Q99ZW2,Q99ZW2,,false,ENQTTQKGQK,LENLIAQLPGEKK,766,222,7,12,772,233,,-1,3,0,1.007276,9.908162
Scan: 1185124 Run: DIA12_CV486075:20251228_A2_N1_Mueller_MS_TechHub_IMP_THIDDIAXL003_Cas9_PhoX_DIA12_CV486075_250ng_FAIMS_002 P1_SKLVSDFR P2_SEQEIGKATAK 2 7,DIA12_CV486075:20251228_A2_N1_Mueller_MS_TechHub_IMP_THIDDIAXL003_Cas9_PhoX_DIA12_CV486075_250ng_FAIMS_002,1185124,,,Q99ZW2,,,false,Q99ZW2,Q99ZW2,,false,SEQEIGKATAK,SKLVSDFR,1025,960,7,2,1031,961,,-1,3,0,1.007276,9.907983
Scan: 690881 Run: DIA12_CV486075:20251228_A2_N1_Mueller_MS_TechHub_IMP_THIDDIAXL003_Cas9_PhoX_DIA12_CV486075_250ng_FAIMS_002 P1_NSDKLIAR P2_KDFQFYK 4 1,DIA12_CV486075:20251228_A2_N1_Mueller_MS_TechHub_IMP_THIDDIAXL003_Cas9_PhoX_DIA12_CV486075_250ng_FAIMS_002,690881,,,Q99ZW2,,,false,Q99ZW2,Q99ZW2,,false,KDFQFYK,NSDKLIAR,968,1115,1,4,968,1118,,-1,3,0,1.007276,9.905375
Scan: 439100 Run: DIA12_CV486075:20251228_A2_N1_Mueller_MS_TechHub_IMP_THIDDIAXL003_Cas9_PhoX_DIA12_CV486075_250ng_FAIMS_001 P1_QSGKTILDFLK P2_KDLIIK 4 1,DIA12_CV486075:20251228_A2_N1_Mueller_MS_TechHub_IMP_THIDDIAXL003_Cas9_PhoX_DIA12_CV486075_250ng_FAIMS_001,439100,,,Q99ZW2,,,false,Q99ZW2,Q99ZW2,,false,KDLIIK,QSGKTILDFLK,1192,674,1,4,1192,677,,-1,4,0,1.007276,9.905215
Scan: 1558327 Run: DIA12_CV486075:20251228_A2_N1_Mueller_MS_TechHub_IMP_THIDDIAXL003_Cas9_PhoX_DIA12_CV486075_250ng_FAIMS_003 P1_VLPKHSLLYEYFTVYNELTK P2_IEKILTFR 4 3,DIA12_CV486075:20251228_A2_N1_Mueller_MS_TechHub_IMP_THIDDIAXL003_Cas9_PhoX_DIA12_CV486075_250ng_FAIMS_003,1558327,,,Q99ZW2,,,false,Q99ZW2,Q99ZW2,,false,IEKILTFR,VLPKHSLLYEYFTVYNELTK,440,507,3,4,442,510,,-1,4,0,1.007276,9.904908
Scan: 1493283 Run: DIA12_CV486075:20251228_A2_N1_Mueller_MS_TechHub_IMP_THIDDIAXL003_Cas9_PhoX_DIA12_CV486075_250ng_FAIMS_003 P1_KVTVK P2_KNLIGALLFDSGETAEATR 1 1,DIA12_CV486075:20251228_A2_N1_Mueller_MS_TechHub_IMP_THIDDIAXL003_Cas9_PhoX_DIA12_CV486075_250ng_FAIMS_003,1493283,,,Q99ZW2,,,false,Q99ZW2,Q99ZW2,,false,KNLIGALLFDSGETAEATR,KVTVK,45,558,1,1,45,558,,-1,3,0,1.007276,9.903969
Scan: 945656 Run: DIA12_CV486075:20251228_A2_N1_Mueller_MS_TechHub_IMP_THIDDIAXL003_Cas9_PhoX_DIA12_CV486075_250ng_FAIMS_002 P1_SEETITPWNFEEVVDKGASAQSFIER P2_KAIVDLLFK 16 1,DIA12_CV486075:20251228_A2_N1_Mueller_MS_TechHub_IMP_THIDDIAXL003_Cas9_PhoX_DIA12_CV486075_250ng_FAIMS_002,945656,,,Q99ZW2,,,false,Q99ZW2,Q99ZW2,,false,KAIVDLLFK,SEETITPWNFEEVVDKGASAQSFIER,546,469,1,16,546,484,,-1,4,0,1.007276,9.903601
Scan: 1226574 Run: DIA12_CV486075:20251228_A2_N1_Mueller_MS_TechHub_IMP_THIDDIAXL003_Cas9_PhoX_DIA12_CV486075_250ng_FAIMS_003 P1_KVLSMPQVNIVK P2_KVLSMPQVNIVK 1 1,DIA12_CV486075:20251228_A2_N1_Mueller_MS_TechHub_IMP_THIDDIAXL003_Cas9_PhoX_DIA12_CV486075_250ng_FAIMS_003,1226574,,,Q99ZW2,,,false,Q99ZW2,Q99ZW2,,false,KVLSMPQVNIVK,KVLSMPQVNIVK,1085,1085,1,1,1085,1085,,-1,3,0,1.007276,9.902939
Scan: 94408 Run: DIA12_CV486075:20251228_A2_N1_Mueller_MS_TechHub_IMP_THIDDIAXL003_Cas9_PhoX_DIA12_CV486075_250ng_FAIMS_001 P1_KTEVQTGGFSKESILPK P2_KKDWDPK 11 1,DIA12_CV486075:20251228_A2_N1_Mueller_MS_TechHub_IMP_THIDDIAXL003_Cas9_PhoX_DIA12_CV486075_250ng_FAIMS_001,94408,,,Q99ZW2,,,false,Q99ZW2,Q99ZW2,,false,KKDWDPK,KTEVQTGGFSKESILPK,1123,1097,1,11,1123,1107,,-1,4,0,1.007276,9.901285
Scan: 1108384 Run: DIA12_CV486075:20251228_A2_N1_Mueller_MS_TechHub_IMP_THIDDIAXL003_Cas9_PhoX_DIA12_CV486075_250ng_FAIMS_002 P1_KDFQFYK P2_ENQTTQKGQK 1 7,DIA12_CV486075:20251228_A2_N1_Mueller_MS_TechHub_IMP_THIDDIAXL003_Cas9_PhoX_DIA12_CV486075_250ng_FAIMS_002,1108384,,,Q99ZW2,,,false,Q99ZW2,Q99ZW2,,false,ENQTTQKGQK,KDFQFYK,766,968,7,1,772,968,,-1,3,0,1.007276,9.9012
Scan: 484529 Run: DIA12_CV486075:20251228_A2_N1_Mueller_MS_TechHub_IMP_THIDDIAXL003_Cas9_PhoX_DIA12_CV486075_250ng_FAIMS_001 P1_TILDFLKSDGFANR P2_KGILQTVK 7 1,DIA12_CV486075:20251228_A2_N1_Mueller_MS_TechHub_IMP_THIDDIAXL003_Cas9_PhoX_DIA12_CV486075_250ng_FAIMS_001,484529,,,Q99ZW2,,,false,Q99ZW2,Q99ZW2,,false,KGILQTVK,TILDFLKSDGFANR,735,678,1,7,735,684,,-1,4,0,1.007276,9.90094
Scan: 1634728 Run: DIA12_CV486075:20251228_A2_N1_Mueller_MS_TechHub_IMP_THIDDIAXL003_Cas9_PhoX_DIA12_CV486075_250ng_FAIMS_003 P1_QSGKTILDFLK P2_QLKEDYFK 4 3,DIA12_CV486075:20251228_A2_N1_Mueller_MS_TechHub_IMP_THIDDIAXL003_Cas9_PhoX_DIA12_CV486075_250ng_FAIMS_003,1634728,,,Q99ZW2,,,false,Q99ZW2,Q99ZW2,,false,QLKEDYFK,QSGKTILDFLK,563,674,3,4,565,677,,-1,3,0,1.007276,9.900813
Scan: 1651887 Run: DIA12_CV486075:20251228_A2_N1_Mueller_MS_TechHub_IMP_THIDDIAXL003_Cas9_PhoX_DIA12_CV486075_250ng_FAIMS_003 P1_EKIEKILTFR P2_EDIQKAQVSGQGDSLHEHIANLAGSPAIK 5 5,DIA12_CV486075:20251228_A2_N1_Mueller_MS_TechHub_IMP_THIDDIAXL003_Cas9_PhoX_DIA12_CV486075_250ng_FAIMS_003,1651887,,,Q99ZW2,,,false,Q99ZW2,Q99ZW2,,false,EDIQKAQVSGQGDSLHEHIANLAGSPAIK,EKIEKILTFR,706,438,5,5,710,442,,-1,5,0,1.007276,9.900614
Scan: 31271 Run: DIA12_CV486075:20251228_A2_N1_Mueller_MS_TechHub_IMP_THIDDIAXL003_Cas9_PhoX_DIA12_CV486075_250ng_FAIMS_001 P1_RPLIETNGETGEIVWDKGR P2_KFDNLTK 17 1,DIA12_CV486075:20251228_A2_N1_Mueller_MS_TechHub_IMP_THIDDIAXL003_Cas9_PhoX_DIA12_CV486075_250ng_FAIMS_001,31271,,,Q99ZW2,,,false,Q99ZW2,Q99ZW2,,false,KFDNLTK,RPLIETNGETGEIVWDKGR,896,1060,1,17,896,1076,,-1,4,0,1.007276,9.900297
Scan: 250733 Run: DIA12_CV486075:20251228_A2_N1_Mueller_MS_TechHub_IMP_THIDDIAXL003_Cas9_PhoX_DIA12_CV486075_250ng_FAIMS_001 P1_YDEHHQDLTLLKALVR P2_SEETITPWNFEEVVDKGASAQSFIER 12 16,DIA12_CV486075:20251228_A2_N1_Mueller_MS_TechHub_IMP_THIDDIAXL003_Cas9_PhoX_DIA12_CV486075_250ng_FAIMS_001,250733,,,Q99ZW2,,,false,Q99ZW2,Q99ZW2,,false,SEETITPWNFEEVVDKGASAQSFIER,YDEHHQDLTLLKALVR,469,325,16,12,484,336,,-1,5,0,1.007276,9.900141
Scan: 136731 Run: DIA12_CV486075:20251228_A2_N1_Mueller_MS_TechHub_IMP_THIDDIAXL003_Cas9_PhoX_DIA12_CV486075_250ng_FAIMS_001 P1_KFDNLTK P2_KDLIIK 1 1,DIA12_CV486075:20251228_A2_N1_Mueller_MS_TechHub_IMP_THIDDIAXL003_Cas9_PhoX_DIA12_CV486075_250ng_FAIMS_001,136731,,,Q99ZW2,,,false,Q99ZW2,Q99ZW2,,false,KDLIIK,KFDNLTK,1192,896,1,1,1192,896,,-1,3,0,1.007276,9.899141
Scan: 1576987 Run: DIA12_CV486075:20251228_A2_N1_Mueller_MS_TechHub_IMP_THIDDIAXL003_Cas9_PhoX_DIA12_CV486075_250ng_FAIMS_003 P1_KPAFLSGEQK P2_FIKPILEK 1 3,DIA12_CV486075:20251228_A2_N1_Mueller_MS_TechHub_IMP_THIDDIAXL003_Cas9_PhoX_DIA12_CV486075_250ng_FAIMS_003,1576987,,,Q99ZW2,,,false,Q99ZW2,Q99ZW2,,false,FIKPILEK,KPAFLSGEQK,375,536,3,1,377,536,,-1,3,0,1.007276,9.898697
Scan: 1506552 Run: DIA12_CV486075:20251228_A2_N1_Mueller_MS_TechHub_IMP_THIDDIAXL003_Cas9_PhoX_DIA12_CV486075_250ng_FAIMS_003 P1_QSGKTILDFLK P2_KSEETITPWNFEEVVDK 4 1,DIA12_CV486075:20251228_A2_N1_Mueller_MS_TechHub_IMP_THIDDIAXL003_Cas9_PhoX_DIA12_CV486075_250ng_FAIMS_003,1506552,,,Q99ZW2,,,false,Q99ZW2,Q99ZW2,,false,KSEETITPWNFEEVVDK,QSGKTILDFLK,468,674,1,4,468,677,,-1,4,0,1.007276,9.89813
Scan: 91205 Run: DIA12_CV486075:20251228_A2_N1_Mueller_MS_TechHub_IMP_THIDDIAXL003_Cas9_PhoX_DIA12_CV486075_250ng_FAIMS_001 P1_NSDKLIAR P2_EDIQKAQVSGQGDSLHEHIANLAGSPAIK 4 5,DIA12_CV486075:20251228_A2_N1_Mueller_MS_TechHub_IMP_THIDDIAXL003_Cas9_PhoX_DIA12_CV486075_250ng_FAIMS_001,91205,,,Q99ZW2,,,false,Q99ZW2,Q99ZW2,,false,EDIQKAQVSGQGDSLHEHIANLAGSPAIK,NSDKLIAR,706,1115,5,4,710,1118,,-1,4,0,1.007276,9.897591
Scan: 1008174 Run: DIA12_CV486075:20251228_A2_N1_Mueller_MS_TechHub_IMP_THIDDIAXL003_Cas9_PhoX_DIA12_CV486075_250ng_FAIMS_002 P1_KVTVK P2_AIVDLLFKTNR 1 8,DIA12_CV486075:20251228_A2_N1_Mueller_MS_TechHub_IMP_THIDDIAXL003_Cas9_PhoX_DIA12_CV486075_250ng_FAIMS_002,1008174,,,Q99ZW2,,,false,Q99ZW2,Q99ZW2,,false,AIVDLLFKTNR,KVTVK,547,558,8,1,554,558,,-1,3,0,1.007276,9.895923
Scan: 1001525 Run: DIA12_CV486075:20251228_A2_N1_Mueller_MS_TechHub_IMP_THIDDIAXL003_Cas9_PhoX_DIA12_CV486075_250ng_FAIMS_002 P1_SEQEIGKATAK P2_KAIVDLLFK 7 1,DIA12_CV486075:20251228_A2_N1_Mueller_MS_TechHub_IMP_THIDDIAXL003_Cas9_PhoX_DIA12_CV486075_250ng_FAIMS_002,1001525,,,Q99ZW2,,,false,Q99ZW2,Q99ZW2,,false,KAIVDLLFK,SEQEIGKATAK,546,1025,1,7,546,1031,,-1,3,0,1.007276,9.895884
Scan: 636797 Run: DIA12_CV486075:20251228_A2_N1_Mueller_MS_TechHub_IMP_THIDDIAXL003_Cas9_PhoX_DIA12_CV486075_250ng_FAIMS_002 P1_KTEVQTGGFSK P2_KPAFLSGEQK 1 1,DIA12_CV486075:20251228_A2_N1_Mueller_MS_TechHub_IMP_THIDDIAXL003_Cas9_PhoX_DIA12_CV486075_250ng_FAIMS_002,636797,,,Q99ZW2,,,false,Q99ZW2,Q99ZW2,,false,KPAFLSGEQK,KTEVQTGGFSK,536,1097,1,1,536,1097,,-1,4,0,1.007276,9.895339
Scan: 1139496 Run: DIA12_CV486075:20251228_A2_N1_Mueller_MS_TechHub_IMP_THIDDIAXL003_Cas9_PhoX_DIA12_CV486075_250ng_FAIMS_002 P1_GQKNSR P2_DDSIDNKVLTR 3 7,DIA12_CV486075:20251228_A2_N1_Mueller_MS_TechHub_IMP_THIDDIAXL003_Cas9_PhoX_DIA12_CV486075_250ng_FAIMS_002,1139496,,,Q99ZW2,,,false,Q99ZW2,Q99ZW2,,false,DDSIDNKVLTR,GQKNSR,849,773,7,3,855,775,,-1,3,0,1.007276,9.894523
Scan: 1025835 Run: DIA12_CV486075:20251228_A2_N1_Mueller_MS_TechHub_IMP_THIDDIAXL003_Cas9_PhoX_DIA12_CV486075_250ng_FAIMS_002 P1_KLINGIR P2_KDWDPKK 1 1,DIA12_CV486075:20251228_A2_N1_Mueller_MS_TechHub_IMP_THIDDIAXL003_Cas9_PhoX_DIA12_CV486075_250ng_FAIMS_002,1025835,,,Q99ZW2,,,false,Q99ZW2,Q99ZW2,,false,KDWDPKK,KLINGIR,1124,665,1,1,1124,665,,-1,3,0,1.007276,9.893551
Scan: 93103 Run: DIA12_CV486075:20251228_A2_N1_Mueller_MS_TechHub_IMP_THIDDIAXL003_Cas9_PhoX_DIA12_CV486075_250ng_FAIMS_001 P1_NSDKLIAR P2_MKNYWR 4 2,DIA12_CV486075:20251228_A2_N1_Mueller_MS_TechHub_IMP_THIDDIAXL003_Cas9_PhoX_DIA12_CV486075_250ng_FAIMS_001,93103,,,Q99ZW2,,,false,Q99ZW2,Q99ZW2,,false,MKNYWR,NSDKLIAR,879,1115,2,4,880,1118,,-1,3,0,1.007276,9.893531
Scan: 611721 Run: DIA12_CV486075:20251228_A2_N1_Mueller_MS_TechHub_IMP_THIDDIAXL003_Cas9_PhoX_DIA12_CV486075_250ng_FAIMS_002 P1_SEQEIGKATAK P2_SEQEIGKATAK 7 7,DIA12_CV486075:20251228_A2_N1_Mueller_MS_TechHub_IMP_THIDDIAXL003_Cas9_PhoX_DIA12_CV486075_250ng_FAIMS_002,611721,,,Q99ZW2,,,false,Q99ZW2,Q99ZW2,,false,SEQEIGKATAK,SEQEIGKATAK,1025,1025,7,7,1031,1031,,-1,3,0,1.007276,9.893047
Scan: 1195967 Run: DIA12_CV486075:20251228_A2_N1_Mueller_MS_TechHub_IMP_THIDDIAXL003_Cas9_PhoX_DIA12_CV486075_250ng_FAIMS_003 P1_YPKLESEFVYGDYK P2_KPAFLSGEQK 3 1,DIA12_CV486075:20251228_A2_N1_Mueller_MS_TechHub_IMP_THIDDIAXL003_Cas9_PhoX_DIA12_CV486075_250ng_FAIMS_003,1195967,,,Q99ZW2,,,false,Q99ZW2,Q99ZW2,,false,KPAFLSGEQK,YPKLESEFVYGDYK,536,1001,1,3,536,1003,,-1,4,0,1.007276,9.892785
Scan: 1289968 Run: DIA12_CV486075:20251228_A2_N1_Mueller_MS_TechHub_IMP_THIDDIAXL003_Cas9_PhoX_DIA12_CV486075_250ng_FAIMS_003 P1_KKDWDPK P2_KKDWDPK 1 1,DIA12_CV486075:20251228_A2_N1_Mueller_MS_TechHub_IMP_THIDDIAXL003_Cas9_PhoX_DIA12_CV486075_250ng_FAIMS_003,1289968,,,Q99ZW2,,,false,Q99ZW2,Q99ZW2,,false,KKDWDPK,KKDWDPK,1123,1123,1,1,1123,1123,,-1,3,0,1.007276,9.892324
Scan: 291820 Run: DIA12_CV486075:20251228_A2_N1_Mueller_MS_TechHub_IMP_THIDDIAXL003_Cas9_PhoX_DIA12_CV486075_250ng_FAIMS_001 P1_IEKILTFR P2_IEKILTFR 3 3,DIA12_CV486075:20251228_A2_N1_Mueller_MS_TechHub_IMP_THIDDIAXL003_Cas9_PhoX_DIA12_CV486075_250ng_FAIMS_001,291820,,,Q99ZW2,,,false,Q99ZW2,Q99ZW2,,false,IEKILTFR,IEKILTFR,440,440,3,3,442,442,,-1,3,0,1.007276,9.89136
Scan: 1450657 Run: DIA12_CV486075:20251228_A2_N1_Mueller_MS_TechHub_IMP_THIDDIAXL003_Cas9_PhoX_DIA12_CV486075_250ng_FAIMS_003 P1_YKEIFFDQSK P2_VILADANLDKVLSAYNK 2 10,DIA12_CV486075:20251228_A2_N1_Mueller_MS_TechHub_IMP_THIDDIAXL003_Cas9_PhoX_DIA12_CV486075_250ng_FAIMS_003,1450657,,,Q99ZW2,,,false,Q99ZW2,Q99ZW2,,false,VILADANLDKVLSAYNK,YKEIFFDQSK,1280,347,10,2,1289,348,,-1,4,0,1.007276,9.889964
Scan: 690155 Run: DIA12_CV486075:20251228_A2_N1_Mueller_MS_TechHub_IMP_THIDDIAXL003_Cas9_PhoX_DIA12_CV486075_250ng_FAIMS_002 P1_NSDKLIAR P2_GQKNSR 4 3,DIA12_CV486075:20251228_A2_N1_Mueller_MS_TechHub_IMP_THIDDIAXL003_Cas9_PhoX_DIA12_CV486075_250ng_FAIMS_002,690155,,,Q99ZW2,,,false,Q99ZW2,Q99ZW2,,false,GQKNSR,NSDKLIAR,773,1115,3,4,775,1118,,-1,4,0,1.007276,9.889659
Scan: 1742422 Run: DIA12_CV486075:20251228_A2_N1_Mueller_MS_TechHub_IMP_THIDDIAXL003_Cas9_PhoX_DIA12_CV486075_250ng_FAIMS_003 P1_KGILQTVK P2_GKSDNVPSEEVVK 1 2,DIA12_CV486075:20251228_A2_N1_Mueller_MS_TechHub_IMP_THIDDIAXL003_Cas9_PhoX_DIA12_CV486075_250ng_FAIMS_003,1742422,,,Q99ZW2,,,false,Q99ZW2,Q99ZW2,,false,GKSDNVPSEEVVK,KGILQTVK,865,735,2,1,866,735,,-1,3,0,1.007276,9.889148
Scan: 1711442 Run: DIA12_CV486075:20251228_A2_N1_Mueller_MS_TechHub_IMP_THIDDIAXL003_Cas9_PhoX_DIA12_CV486075_250ng_FAIMS_003 P1_QLLNAKLITQR P2_IEEGIKELGSQILK 6 6,DIA12_CV486075:20251228_A2_N1_Mueller_MS_TechHub_IMP_THIDDIAXL003_Cas9_PhoX_DIA12_CV486075_250ng_FAIMS_003,1711442,,,Q99ZW2,,,false,Q99ZW2,Q99ZW2,,false,IEEGIKELGSQILK,QLLNAKLITQR,784,885,6,6,789,890,,-1,4,0,1.007276,9.885394
Scan: 1113149 Run: DIA12_CV486075:20251228_A2_N1_Mueller_MS_TechHub_IMP_THIDDIAXL003_Cas9_PhoX_DIA12_CV486075_250ng_FAIMS_002 P1_QSGKTILDFLK P2_IEEGIKELGSQILK 4 6,DIA12_CV486075:20251228_A2_N1_Mueller_MS_TechHub_IMP_THIDDIAXL003_Cas9_PhoX_DIA12_CV486075_250ng_FAIMS_002,1113149,,,Q99ZW2,,,false,Q99ZW2,Q99ZW2,,false,IEEGIKELGSQILK,QSGKTILDFLK,784,674,6,4,789,677,,-1,4,0,1.007276,9.884999
Scan: 1440822 Run: DIA12_CV486075:20251228_A2_N1_Mueller_MS_TechHub_IMP_THIDDIAXL003_Cas9_PhoX_DIA12_CV486075_250ng_FAIMS_003 P1_SKLVSDFR P2_FKVLGNTDR 2 2,DIA12_CV486075:20251228_A2_N1_Mueller_MS_TechHub_IMP_THIDDIAXL003_Cas9_PhoX_DIA12_CV486075_250ng_FAIMS_003,1440822,,,Q99ZW2,,,false,Q99ZW2,Q99ZW2,,false,FKVLGNTDR,SKLVSDFR,32,960,2,2,33,961,,-1,4,0,1.007276,9.884926
Scan: 1788228 Run: DIA12_CV486075:20251228_A2_N1_Mueller_MS_TechHub_IMP_THIDDIAXL003_Cas9_PhoX_DIA12_CV486075_250ng_FAIMS_003 P1_KDLIIK P2_KDFQFYK 1 1,DIA12_CV486075:20251228_A2_N1_Mueller_MS_TechHub_IMP_THIDDIAXL003_Cas9_PhoX_DIA12_CV486075_250ng_FAIMS_003,1788228,,,Q99ZW2,,,false,Q99ZW2,Q99ZW2,,false,KDFQFYK,KDLIIK,968,1192,1,1,968,1192,,-1,3,0,1.007276,9.884327
Scan: 1477808 Run: DIA12_CV486075:20251228_A2_N1_Mueller_MS_TechHub_IMP_THIDDIAXL003_Cas9_PhoX_DIA12_CV486075_250ng_FAIMS_003 P1_KLINGIR P2_FIKPILEKMDGTEELLVK 1 8,DIA12_CV486075:20251228_A2_N1_Mueller_MS_TechHub_IMP_THIDDIAXL003_Cas9_PhoX_DIA12_CV486075_250ng_FAIMS_003,1477808,,,Q99ZW2,,,false,Q99ZW2,Q99ZW2,,false,FIKPILEKMDGTEELLVK,KLINGIR,375,665,8,1,382,665,,-1,3,0,1.007276,9.882959
Scan: 462450 Run: DIA12_CV486075:20251228_A2_N1_Mueller_MS_TechHub_IMP_THIDDIAXL003_Cas9_PhoX_DIA12_CV486075_250ng_FAIMS_001 P1_KGILQTVK P2_EDIQKAQVSGQGDSLHEHIANLAGSPAIK 1 5,DIA12_CV486075:20251228_A2_N1_Mueller_MS_TechHub_IMP_THIDDIAXL003_Cas9_PhoX_DIA12_CV486075_250ng_FAIMS_001,462450,,,Q99ZW2,,,false,Q99ZW2,Q99ZW2,,false,EDIQKAQVSGQGDSLHEHIANLAGSPAIK,KGILQTVK,706,735,5,1,710,735,,-1,4,0,1.007276,9.882873
Scan: 1234537 Run: DIA12_CV486075:20251228_A2_N1_Mueller_MS_TechHub_IMP_THIDDIAXL003_Cas9_PhoX_DIA12_CV486075_250ng_FAIMS_003 P1_QLKEDYFK P2_KTEVQTGGFSK 3 1,DIA12_CV486075:20251228_A2_N1_Mueller_MS_TechHub_IMP_THIDDIAXL003_Cas9_PhoX_DIA12_CV486075_250ng_FAIMS_003,1234537,,,Q99ZW2,,,false,Q99ZW2,Q99ZW2,,false,KTEVQTGGFSK,QLKEDYFK,1097,563,1,3,1097,565,,-1,3,0,1.007276,9.882097
Scan: 546961 Run: DIA12_CV486075:20251228_A2_N1_Mueller_MS_TechHub_IMP_THIDDIAXL003_Cas9_PhoX_DIA12_CV486075_250ng_FAIMS_001 P1_KLINGIR P2_GKSDNVPSEEVVK 1 2,DIA12_CV486075:20251228_A2_N1_Mueller_MS_TechHub_IMP_THIDDIAXL003_Cas9_PhoX_DIA12_CV486075_250ng_FAIMS_001,546961,,,Q99ZW2,,,false,Q99ZW2,Q99ZW2,,false,GKSDNVPSEEVVK,KLINGIR,865,665,2,1,866,665,,-1,3,0,1.007276,9.881713
Scan: 1010708 Run: DIA12_CV486075:20251228_A2_N1_Mueller_MS_TechHub_IMP_THIDDIAXL003_Cas9_PhoX_DIA12_CV486075_250ng_FAIMS_002 P1_QLKEDYFK P2_DKQSGK 3 2,DIA12_CV486075:20251228_A2_N1_Mueller_MS_TechHub_IMP_THIDDIAXL003_Cas9_PhoX_DIA12_CV486075_250ng_FAIMS_002,1010708,,,Q99ZW2,,,false,Q99ZW2,Q99ZW2,,false,DKQSGK,QLKEDYFK,672,563,2,3,673,565,,-1,3,0,1.007276,9.88114
Scan: 1689558 Run: DIA12_CV486075:20251228_A2_N1_Mueller_MS_TechHub_IMP_THIDDIAXL003_Cas9_PhoX_DIA12_CV486075_250ng_FAIMS_003 P1_LKTYAHLFDDK P2_GILQTVKVVDELVK 2 7,DIA12_CV486075:20251228_A2_N1_Mueller_MS_TechHub_IMP_THIDDIAXL003_Cas9_PhoX_DIA12_CV486075_250ng_FAIMS_003,1689558,,,Q99ZW2,,,false,Q99ZW2,Q99ZW2,,false,GILQTVKVVDELVK,LKTYAHLFDDK,736,636,7,2,742,637,,-1,4,0,1.007276,9.878887
Scan: 683796 Run: DIA12_CV486075:20251228_A2_N1_Mueller_MS_TechHub_IMP_THIDDIAXL003_Cas9_PhoX_DIA12_CV486075_250ng_FAIMS_002 P1_NSDKLIAR P2_LPKYSLFELENGR 4 3,DIA12_CV486075:20251228_A2_N1_Mueller_MS_TechHub_IMP_THIDDIAXL003_Cas9_PhoX_DIA12_CV486075_250ng_FAIMS_002,683796,,,Q99ZW2,,,false,Q99ZW2,Q99ZW2,,false,LPKYSLFELENGR,NSDKLIAR,1198,1115,3,4,1200,1118,,-1,4,0,1.007276,9.878789
Scan: 1651778 Run: DIA12_CV486075:20251228_A2_N1_Mueller_MS_TechHub_IMP_THIDDIAXL003_Cas9_PhoX_DIA12_CV486075_250ng_FAIMS_003 P1_IEKILTFR P2_EDIQKAQVSGQGDSLHEHIANLAGSPAIK 3 5,DIA12_CV486075:20251228_A2_N1_Mueller_MS_TechHub_IMP_THIDDIAXL003_Cas9_PhoX_DIA12_CV486075_250ng_FAIMS_003,1651778,,,Q99ZW2,,,false,Q99ZW2,Q99ZW2,,false,EDIQKAQVSGQGDSLHEHIANLAGSPAIK,IEKILTFR,706,440,5,3,710,442,,-1,5,0,1.007276,9.87845
Scan: 1158732 Run: DIA12_CV486075:20251228_A2_N1_Mueller_MS_TechHub_IMP_THIDDIAXL003_Cas9_PhoX_DIA12_CV486075_250ng_FAIMS_002 P1_KFDNLTK P2_GILQTVKVVDELVK 1 7,DIA12_CV486075:20251228_A2_N1_Mueller_MS_TechHub_IMP_THIDDIAXL003_Cas9_PhoX_DIA12_CV486075_250ng_FAIMS_002,1158732,,,Q99ZW2,,,false,Q99ZW2,Q99ZW2,,false,GILQTVKVVDELVK,KFDNLTK,736,896,7,1,742,896,,-1,4,0,1.007276,9.876624
Scan: 895366 Run: DIA12_CV486075:20251228_A2_N1_Mueller_MS_TechHub_IMP_THIDDIAXL003_Cas9_PhoX_DIA12_CV486075_250ng_FAIMS_002 P1_RQEDFYPFLKDNR P2_KNLIGALLFDSGETAEATR 10 1,DIA12_CV486075:20251228_A2_N1_Mueller_MS_TechHub_IMP_THIDDIAXL003_Cas9_PhoX_DIA12_CV486075_250ng_FAIMS_002,895366,,,Q99ZW2,,,false,Q99ZW2,Q99ZW2,,false,KNLIGALLFDSGETAEATR,RQEDFYPFLKDNR,45,425,1,10,45,434,,-1,4,0,1.007276,9.875925
Scan: 633061 Run: DIA12_CV486075:20251228_A2_N1_Mueller_MS_TechHub_IMP_THIDDIAXL003_Cas9_PhoX_DIA12_CV486075_250ng_FAIMS_002 P1_KTEVQTGGFSK P2_KRPLIETNGETGEIVWDK 1 1,DIA12_CV486075:20251228_A2_N1_Mueller_MS_TechHub_IMP_THIDDIAXL003_Cas9_PhoX_DIA12_CV486075_250ng_FAIMS_002,633061,,,Q99ZW2,,,false,Q99ZW2,Q99ZW2,,false,KRPLIETNGETGEIVWDK,KTEVQTGGFSK,1059,1097,1,1,1059,1097,,-1,4,0,1.007276,9.875138
Scan: 297237 Run: DIA12_CV486075:20251228_A2_N1_Mueller_MS_TechHub_IMP_THIDDIAXL003_Cas9_PhoX_DIA12_CV486075_250ng_FAIMS_001 P1_KNLIGALLFDSGETAEATR P2_FKVLGNTDR 1 2,DIA12_CV486075:20251228_A2_N1_Mueller_MS_TechHub_IMP_THIDDIAXL003_Cas9_PhoX_DIA12_CV486075_250ng_FAIMS_001,297237,,,Q99ZW2,,,false,Q99ZW2,Q99ZW2,,false,FKVLGNTDR,KNLIGALLFDSGETAEATR,32,45,2,1,33,45,,-1,4,0,1.007276,9.874722
Scan: 1144665 Run: DIA12_CV486075:20251228_A2_N1_Mueller_MS_TechHub_IMP_THIDDIAXL003_Cas9_PhoX_DIA12_CV486075_250ng_FAIMS_002 P1_GKSDNVPSEEVVK P2_EDIQKAQVSGQGDSLHEHIANLAGSPAIK 2 5,DIA12_CV486075:20251228_A2_N1_Mueller_MS_TechHub_IMP_THIDDIAXL003_Cas9_PhoX_DIA12_CV486075_250ng_FAIMS_002,1144665,,,Q99ZW2,,,false,Q99ZW2,Q99ZW2,,false,EDIQKAQVSGQGDSLHEHIANLAGSPAIK,GKSDNVPSEEVVK,706,865,5,2,710,866,,-1,5,0,1.007276,9.87464
Scan: 1739650 Run: DIA12_CV486075:20251228_A2_N1_Mueller_MS_TechHub_IMP_THIDDIAXL003_Cas9_PhoX_DIA12_CV486075_250ng_FAIMS_003 P1_NSDKLIAR P2_GKSDNVPSEEVVK 4 2,DIA12_CV486075:20251228_A2_N1_Mueller_MS_TechHub_IMP_THIDDIAXL003_Cas9_PhoX_DIA12_CV486075_250ng_FAIMS_003,1739650,,,Q99ZW2,,,false,Q99ZW2,Q99ZW2,,false,GKSDNVPSEEVVK,NSDKLIAR,865,1115,2,4,866,1118,,-1,4,0,1.007276,9.873837
Scan: 589651 Run: DIA12_CV486075:20251228_A2_N1_Mueller_MS_TechHub_IMP_THIDDIAXL003_Cas9_PhoX_DIA12_CV486075_250ng_FAIMS_001 P1_SKLVSDFR P2_IEEGIKELGSQILK 2 6,DIA12_CV486075:20251228_A2_N1_Mueller_MS_TechHub_IMP_THIDDIAXL003_Cas9_PhoX_DIA12_CV486075_250ng_FAIMS_001,589651,,,Q99ZW2,,,false,Q99ZW2,Q99ZW2,,false,IEEGIKELGSQILK,SKLVSDFR,784,960,6,2,789,961,,-1,4,0,1.007276,9.873027
Scan: 1552957 Run: DIA12_CV486075:20251228_A2_N1_Mueller_MS_TechHub_IMP_THIDDIAXL003_Cas9_PhoX_DIA12_CV486075_250ng_FAIMS_003 P1_MTNFDKNLPNEK P2_KVTVK 6 1,DIA12_CV486075:20251228_A2_N1_Mueller_MS_TechHub_IMP_THIDDIAXL003_Cas9_PhoX_DIA12_CV486075_250ng_FAIMS_003,1552957,,,Q99ZW2,,,false,Q99ZW2,Q99ZW2,,false,KVTVK,MTNFDKNLPNEK,558,495,1,6,558,500,,-1,3,0,1.007276,9.872236
Scan: 1740832 Run: DIA12_CV486075:20251228_A2_N1_Mueller_MS_TechHub_IMP_THIDDIAXL003_Cas9_PhoX_DIA12_CV486075_250ng_FAIMS_003 P1_GKSDNVPSEEVVK P2_EIFFDQSKNGYAGYIDGGASQEEFYK 2 8,DIA12_CV486075:20251228_A2_N1_Mueller_MS_TechHub_IMP_THIDDIAXL003_Cas9_PhoX_DIA12_CV486075_250ng_FAIMS_003,1740832,,,Q99ZW2,,,false,Q99ZW2,Q99ZW2,,false,EIFFDQSKNGYAGYIDGGASQEEFYK,GKSDNVPSEEVVK,349,865,8,2,356,866,,-1,4,0,1.007276,9.871707
Scan: 586180 Run: DIA12_CV486075:20251228_A2_N1_Mueller_MS_TechHub_IMP_THIDDIAXL003_Cas9_PhoX_DIA12_CV486075_250ng_FAIMS_001 P1_YDENDKLIR P2_FKVLGNTDR 6 2,DIA12_CV486075:20251228_A2_N1_Mueller_MS_TechHub_IMP_THIDDIAXL003_Cas9_PhoX_DIA12_CV486075_250ng_FAIMS_001,586180,,,Q99ZW2,,,false,Q99ZW2,Q99ZW2,,false,FKVLGNTDR,YDENDKLIR,32,943,2,6,33,948,,-1,3,0,1.007276,9.871187
Scan: 1582974 Run: DIA12_CV486075:20251228_A2_N1_Mueller_MS_TechHub_IMP_THIDDIAXL003_Cas9_PhoX_DIA12_CV486075_250ng_FAIMS_003 P1_KPAFLSGEQK P2_ENQTTQKGQK 1 7,DIA12_CV486075:20251228_A2_N1_Mueller_MS_TechHub_IMP_THIDDIAXL003_Cas9_PhoX_DIA12_CV486075_250ng_FAIMS_003,1582974,,,Q99ZW2,,,false,Q99ZW2,Q99ZW2,,false,ENQTTQKGQK,KPAFLSGEQK,766,536,7,1,772,536,,-1,3,0,1.007276,9.870644
Scan: 587372 Run: DIA12_CV486075:20251228_A2_N1_Mueller_MS_TechHub_IMP_THIDDIAXL003_Cas9_PhoX_DIA12_CV486075_250ng_FAIMS_001 P1_YDENDKLIR P2_EVKVITLK 6 3,DIA12_CV486075:20251228_A2_N1_Mueller_MS_TechHub_IMP_THIDDIAXL003_Cas9_PhoX_DIA12_CV486075_250ng_FAIMS_001,587372,,,Q99ZW2,,,false,Q99ZW2,Q99ZW2,,false,EVKVITLK,YDENDKLIR,952,943,3,6,954,948,,-1,3,0,1.007276,9.868192
Scan: 313859 Run: DIA12_CV486075:20251228_A2_N1_Mueller_MS_TechHub_IMP_THIDDIAXL003_Cas9_PhoX_DIA12_CV486075_250ng_FAIMS_001 P1_QITKHVAQILDSR P2_KSEETITPWNFEEVVDK 4 1,DIA12_CV486075:20251228_A2_N1_Mueller_MS_TechHub_IMP_THIDDIAXL003_Cas9_PhoX_DIA12_CV486075_250ng_FAIMS_001,313859,,,Q99ZW2,,,false,Q99ZW2,Q99ZW2,,false,KSEETITPWNFEEVVDK,QITKHVAQILDSR,468,926,1,4,468,929,,-1,4,0,1.007276,9.868135
Scan: 1496354 Run: DIA12_CV486075:20251228_A2_N1_Mueller_MS_TechHub_IMP_THIDDIAXL003_Cas9_PhoX_DIA12_CV486075_250ng_FAIMS_003 P1_KYGGFDSPTVAYSVLVVAK P2_KSEETITPWNFEEVVDK 1 1,DIA12_CV486075:20251228_A2_N1_Mueller_MS_TechHub_IMP_THIDDIAXL003_Cas9_PhoX_DIA12_CV486075_250ng_FAIMS_003,1496354,,,Q99ZW2,,,false,Q99ZW2,Q99ZW2,,false,KSEETITPWNFEEVVDK,KYGGFDSPTVAYSVLVVAK,468,1130,1,1,468,1130,,-1,4,0,1.007276,9.867726
Scan: 685580 Run: DIA12_CV486075:20251228_A2_N1_Mueller_MS_TechHub_IMP_THIDDIAXL003_Cas9_PhoX_DIA12_CV486075_250ng_FAIMS_002 P1_NSDKLIAR P2_FIKPILEK 4 3,DIA12_CV486075:20251228_A2_N1_Mueller_MS_TechHub_IMP_THIDDIAXL003_Cas9_PhoX_DIA12_CV486075_250ng_FAIMS_002,685580,,,Q99ZW2,,,false,Q99ZW2,Q99ZW2,,false,FIKPILEK,NSDKLIAR,375,1115,3,4,377,1118,,-1,3,0,1.007276,9.867693
Scan: 1358899 Run: DIA12_CV486075:20251228_A2_N1_Mueller_MS_TechHub_IMP_THIDDIAXL003_Cas9_PhoX_DIA12_CV486075_250ng_FAIMS_003 P1_LKGSPEDNEQK P2_EHPVENTQLQNEKLYLYYLQNGR 2 13,DIA12_CV486075:20251228_A2_N1_Mueller_MS_TechHub_IMP_THIDDIAXL003_Cas9_PhoX_DIA12_CV486075_250ng_FAIMS_003,1358899,,,Q99ZW2,,,false,Q99ZW2,Q99ZW2,,false,EHPVENTQLQNEKLYLYYLQNGR,LKGSPEDNEQK,798,1245,13,2,810,1246,,-1,4,0,1.007276,9.867583
Scan: 96067 Run: DIA12_CV486075:20251228_A2_N1_Mueller_MS_TechHub_IMP_THIDDIAXL003_Cas9_PhoX_DIA12_CV486075_250ng_FAIMS_001 P1_KKDWDPK P2_EDIQKAQVSGQGDSLHEHIANLAGSPAIK 1 5,DIA12_CV486075:20251228_A2_N1_Mueller_MS_TechHub_IMP_THIDDIAXL003_Cas9_PhoX_DIA12_CV486075_250ng_FAIMS_001,96067,,,Q99ZW2,,,false,Q99ZW2,Q99ZW2,,false,EDIQKAQVSGQGDSLHEHIANLAGSPAIK,KKDWDPK,706,1123,5,1,710,1123,,-1,4,0,1.007276,9.86667
Scan: 162588 Run: DIA12_CV486075:20251228_A2_N1_Mueller_MS_TechHub_IMP_THIDDIAXL003_Cas9_PhoX_DIA12_CV486075_250ng_FAIMS_001 P1_LKGSPEDNEQK P2_FKVLGNTDR 2 2,DIA12_CV486075:20251228_A2_N1_Mueller_MS_TechHub_IMP_THIDDIAXL003_Cas9_PhoX_DIA12_CV486075_250ng_FAIMS_001,162588,,,Q99ZW2,,,false,Q99ZW2,Q99ZW2,,false,FKVLGNTDR,LKGSPEDNEQK,32,1245,2,2,33,1246,,-1,3,0,1.007276,9.866042
Scan: 1768852 Run: DIA12_CV486075:20251228_A2_N1_Mueller_MS_TechHub_IMP_THIDDIAXL003_Cas9_PhoX_DIA12_CV486075_250ng_FAIMS_003 P1_QITKHVAQILDSR P2_DDSIDNKVLTR 4 7,DIA12_CV486075:20251228_A2_N1_Mueller_MS_TechHub_IMP_THIDDIAXL003_Cas9_PhoX_DIA12_CV486075_250ng_FAIMS_003,1768852,,,Q99ZW2,,,false,Q99ZW2,Q99ZW2,,false,DDSIDNKVLTR,QITKHVAQILDSR,849,926,7,4,855,929,,-1,4,0,1.007276,9.865425
Scan: 487641 Run: DIA12_CV486075:20251228_A2_N1_Mueller_MS_TechHub_IMP_THIDDIAXL003_Cas9_PhoX_DIA12_CV486075_250ng_FAIMS_001 P1_KRPLIETNGETGEIVWDK P2_GILQTVKVVDELVK 1 7,DIA12_CV486075:20251228_A2_N1_Mueller_MS_TechHub_IMP_THIDDIAXL003_Cas9_PhoX_DIA12_CV486075_250ng_FAIMS_001,487641,,,Q99ZW2,,,false,Q99ZW2,Q99ZW2,,false,GILQTVKVVDELVK,KRPLIETNGETGEIVWDK,736,1059,7,1,742,1059,,-1,4,0,1.007276,9.865283
Scan: 1372362 Run: DIA12_CV486075:20251228_A2_N1_Mueller_MS_TechHub_IMP_THIDDIAXL003_Cas9_PhoX_DIA12_CV486075_250ng_FAIMS_003 P1_HYLDEIIEQISEFSKR P2_FKVLGNTDR 15 2,DIA12_CV486075:20251228_A2_N1_Mueller_MS_TechHub_IMP_THIDDIAXL003_Cas9_PhoX_DIA12_CV486075_250ng_FAIMS_003,1372362,,,Q99ZW2,,,false,Q99ZW2,Q99ZW2,,false,FKVLGNTDR,HYLDEIIEQISEFSKR,32,1264,2,15,33,1278,,-1,4,0,1.007276,9.865099
Scan: 1548265 Run: DIA12_CV486075:20251228_A2_N1_Mueller_MS_TechHub_IMP_THIDDIAXL003_Cas9_PhoX_DIA12_CV486075_250ng_FAIMS_003 P1_MTNFDKNLPNEK P2_KKDWDPK 6 1,DIA12_CV486075:20251228_A2_N1_Mueller_MS_TechHub_IMP_THIDDIAXL003_Cas9_PhoX_DIA12_CV486075_250ng_FAIMS_003,1548265,,,Q99ZW2,,,false,Q99ZW2,Q99ZW2,,false,KKDWDPK,MTNFDKNLPNEK,1123,495,1,6,1123,500,,-1,3,0,1.007276,9.865081
Scan: 415301 Run: DIA12_CV486075:20251228_A2_N1_Mueller_MS_TechHub_IMP_THIDDIAXL003_Cas9_PhoX_DIA12_CV486075_250ng_FAIMS_001 P1_KIECFDSVEISGVEDR P2_IEKILTFR 1 3,DIA12_CV486075:20251228_A2_N1_Mueller_MS_TechHub_IMP_THIDDIAXL003_Cas9_PhoX_DIA12_CV486075_250ng_FAIMS_001,415301,,,Q99ZW2,,,false,Q99ZW2,Q99ZW2,,false,IEKILTFR,KIECFDSVEISGVEDR,440,571,3,1,442,571,,-1,4,0,1.007276,9.864942
Scan: 404990 Run: DIA12_CV486075:20251228_A2_N1_Mueller_MS_TechHub_IMP_THIDDIAXL003_Cas9_PhoX_DIA12_CV486075_250ng_FAIMS_001 P1_KAIVDLLFK P2_KAIVDLLFK 1 1,DIA12_CV486075:20251228_A2_N1_Mueller_MS_TechHub_IMP_THIDDIAXL003_Cas9_PhoX_DIA12_CV486075_250ng_FAIMS_001,404990,,,Q99ZW2,,,false,Q99ZW2,Q99ZW2,,false,KAIVDLLFK,KAIVDLLFK,546,546,1,1,546,546,,-1,3,0,1.007276,9.864703
Scan: 226785 Run: DIA12_CV486075:20251228_A2_N1_Mueller_MS_TechHub_IMP_THIDDIAXL003_Cas9_PhoX_DIA12_CV486075_250ng_FAIMS_001 P1_SNFDLAEDAKLQLSK P2_FKVLGNTDR 10 2,DIA12_CV486075:20251228_A2_N1_Mueller_MS_TechHub_IMP_THIDDIAXL003_Cas9_PhoX_DIA12_CV486075_250ng_FAIMS_001,226785,,,Q99ZW2,,,false,Q99ZW2,Q99ZW2,,false,FKVLGNTDR,SNFDLAEDAKLQLSK,32,254,2,10,33,263,,-1,4,0,1.007276,9.864688
Scan: 91969 Run: DIA12_CV486075:20251228_A2_N1_Mueller_MS_TechHub_IMP_THIDDIAXL003_Cas9_PhoX_DIA12_CV486075_250ng_FAIMS_001 P1_NSDKLIAR P2_KGILQTVK 4 1,DIA12_CV486075:20251228_A2_N1_Mueller_MS_TechHub_IMP_THIDDIAXL003_Cas9_PhoX_DIA12_CV486075_250ng_FAIMS_001,91969,,,Q99ZW2,,,false,Q99ZW2,Q99ZW2,,false,KGILQTVK,NSDKLIAR,735,1115,1,4,735,1118,,-1,4,0,1.007276,9.864292
Scan: 1265017 Run: DIA12_CV486075:20251228_A2_N1_Mueller_MS_TechHub_IMP_THIDDIAXL003_Cas9_PhoX_DIA12_CV486075_250ng_FAIMS_003 P1_TEVQTGGFSKESILPK P2_KNLIGALLFDSGETAEATR 10 1,DIA12_CV486075:20251228_A2_N1_Mueller_MS_TechHub_IMP_THIDDIAXL003_Cas9_PhoX_DIA12_CV486075_250ng_FAIMS_003,1265017,,,Q99ZW2,,,false,Q99ZW2,Q99ZW2,,false,KNLIGALLFDSGETAEATR,TEVQTGGFSKESILPK,45,1098,1,10,45,1107,,-1,4,0,1.007276,9.86287
Scan: 560497 Run: DIA12_CV486075:20251228_A2_N1_Mueller_MS_TechHub_IMP_THIDDIAXL003_Cas9_PhoX_DIA12_CV486075_250ng_FAIMS_001 P1_QLLNAKLITQR P2_KFDNLTK 6 1,DIA12_CV486075:20251228_A2_N1_Mueller_MS_TechHub_IMP_THIDDIAXL003_Cas9_PhoX_DIA12_CV486075_250ng_FAIMS_001,560497,,,Q99ZW2,,,false,Q99ZW2,Q99ZW2,,false,KFDNLTK,QLLNAKLITQR,896,885,1,6,896,890,,-1,4,0,1.007276,9.86267
Scan: 1544708 Run: DIA12_CV486075:20251228_A2_N1_Mueller_MS_TechHub_IMP_THIDDIAXL003_Cas9_PhoX_DIA12_CV486075_250ng_FAIMS_003 P1_SEETITPWNFEEVVDKGASAQSFIER P2_QSGKTILDFLK 16 4,DIA12_CV486075:20251228_A2_N1_Mueller_MS_TechHub_IMP_THIDDIAXL003_Cas9_PhoX_DIA12_CV486075_250ng_FAIMS_003,1544708,,,Q99ZW2,,,false,Q99ZW2,Q99ZW2,,false,QSGKTILDFLK,SEETITPWNFEEVVDKGASAQSFIER,674,469,4,16,677,484,,-1,4,0,1.007276,9.862026
Scan: 1409392 Run: DIA12_CV486075:20251228_A2_N1_Mueller_MS_TechHub_IMP_THIDDIAXL003_Cas9_PhoX_DIA12_CV486075_250ng_FAIMS_003 P1_RLENLIAQLPGEKK P2_FKVLGNTDR 13 2,DIA12_CV486075:20251228_A2_N1_Mueller_MS_TechHub_IMP_THIDDIAXL003_Cas9_PhoX_DIA12_CV486075_250ng_FAIMS_003,1409392,,,Q99ZW2,,,false,Q99ZW2,Q99ZW2,,false,FKVLGNTDR,RLENLIAQLPGEKK,32,221,2,13,33,233,,-1,4,0,1.007276,9.860677
Scan: 1420361 Run: DIA12_CV486075:20251228_A2_N1_Mueller_MS_TechHub_IMP_THIDDIAXL003_Cas9_PhoX_DIA12_CV486075_250ng_FAIMS_003 P1_SNFDLAEDAKLQLSK P2_KKDWDPK 10 1,DIA12_CV486075:20251228_A2_N1_Mueller_MS_TechHub_IMP_THIDDIAXL003_Cas9_PhoX_DIA12_CV486075_250ng_FAIMS_003,1420361,,,Q99ZW2,,,false,Q99ZW2,Q99ZW2,,false,KKDWDPK,SNFDLAEDAKLQLSK,1123,254,1,10,1123,263,,-1,4,0,1.007276,9.85842
Scan: 1359554 Run: DIA12_CV486075:20251228_A2_N1_Mueller_MS_TechHub_IMP_THIDDIAXL003_Cas9_PhoX_DIA12_CV486075_250ng_FAIMS_003 P1_SKLVSDFR P2_LKGSPEDNEQK 2 2,DIA12_CV486075:20251228_A2_N1_Mueller_MS_TechHub_IMP_THIDDIAXL003_Cas9_PhoX_DIA12_CV486075_250ng_FAIMS_003,1359554,,,Q99ZW2,,,false,Q99ZW2,Q99ZW2,,false,LKGSPEDNEQK,SKLVSDFR,1245,960,2,2,1246,961,,-1,4,0,1.007276,9.85809
Scan: 96782 Run: DIA12_CV486075:20251228_A2_N1_Mueller_MS_TechHub_IMP_THIDDIAXL003_Cas9_PhoX_DIA12_CV486075_250ng_FAIMS_001 P1_KTEVQTGGFSKESILPK P2_KKDWDPK 11 2,DIA12_CV486075:20251228_A2_N1_Mueller_MS_TechHub_IMP_THIDDIAXL003_Cas9_PhoX_DIA12_CV486075_250ng_FAIMS_001,96782,,,Q99ZW2,,,false,Q99ZW2,Q99ZW2,,false,KKDWDPK,KTEVQTGGFSKESILPK,1123,1097,2,11,1124,1107,,-1,4,0,1.007276,9.857293
Scan: 13618 Run: DIA12_CV486075:20251228_A2_N1_Mueller_MS_TechHub_IMP_THIDDIAXL003_Cas9_PhoX_DIA12_CV486075_250ng_FAIMS_001 P1_SEQEIGKATAK P2_KYPKLESEFVYGDYK 7 4,DIA12_CV486075:20251228_A2_N1_Mueller_MS_TechHub_IMP_THIDDIAXL003_Cas9_PhoX_DIA12_CV486075_250ng_FAIMS_001,13618,,,Q99ZW2,,,false,Q99ZW2,Q99ZW2,,false,KYPKLESEFVYGDYK,SEQEIGKATAK,1000,1025,4,7,1003,1031,,-1,4,0,1.007276,9.856824
Scan: 760531 Run: DIA12_CV486075:20251228_A2_N1_Mueller_MS_TechHub_IMP_THIDDIAXL003_Cas9_PhoX_DIA12_CV486075_250ng_FAIMS_002 P1_LKGSPEDNEQK P2_KLINGIR 2 1,DIA12_CV486075:20251228_A2_N1_Mueller_MS_TechHub_IMP_THIDDIAXL003_Cas9_PhoX_DIA12_CV486075_250ng_FAIMS_002,760531,,,Q99ZW2,,,false,Q99ZW2,Q99ZW2,,false,KLINGIR,LKGSPEDNEQK,665,1245,1,2,665,1246,,-1,3,0,1.007276,9.856369
Scan: 430290 Run: DIA12_CV486075:20251228_A2_N1_Mueller_MS_TechHub_IMP_THIDDIAXL003_Cas9_PhoX_DIA12_CV486075_250ng_FAIMS_001 P1_NLPNEKVLPK P2_KLINGIR 6 1,DIA12_CV486075:20251228_A2_N1_Mueller_MS_TechHub_IMP_THIDDIAXL003_Cas9_PhoX_DIA12_CV486075_250ng_FAIMS_001,430290,,,Q99ZW2,,,false,Q99ZW2,Q99ZW2,,false,KLINGIR,NLPNEKVLPK,665,501,1,6,665,506,,-1,3,0,1.007276,9.856365
Scan: 1552343 Run: DIA12_CV486075:20251228_A2_N1_Mueller_MS_TechHub_IMP_THIDDIAXL003_Cas9_PhoX_DIA12_CV486075_250ng_FAIMS_003 P1_VLPKHSLLYEYFTVYNELTK P2_MTNFDKNLPNEK 4 6,DIA12_CV486075:20251228_A2_N1_Mueller_MS_TechHub_IMP_THIDDIAXL003_Cas9_PhoX_DIA12_CV486075_250ng_FAIMS_003,1552343,,,Q99ZW2,,,false,Q99ZW2,Q99ZW2,,false,MTNFDKNLPNEK,VLPKHSLLYEYFTVYNELTK,495,507,6,4,500,510,,-1,4,0,1.007276,9.855904
Scan: 1372847 Run: DIA12_CV486075:20251228_A2_N1_Mueller_MS_TechHub_IMP_THIDDIAXL003_Cas9_PhoX_DIA12_CV486075_250ng_FAIMS_003 P1_KFDNLTK P2_HYLDEIIEQISEFSKR 1 15,DIA12_CV486075:20251228_A2_N1_Mueller_MS_TechHub_IMP_THIDDIAXL003_Cas9_PhoX_DIA12_CV486075_250ng_FAIMS_003,1372847,,,Q99ZW2,,,false,Q99ZW2,Q99ZW2,,false,HYLDEIIEQISEFSKR,KFDNLTK,1264,896,15,1,1278,896,,-1,4,0,1.007276,9.855095
Scan: 857884 Run: DIA12_CV486075:20251228_A2_N1_Mueller_MS_TechHub_IMP_THIDDIAXL003_Cas9_PhoX_DIA12_CV486075_250ng_FAIMS_002 P1_YKEIFFDQSK P2_DKQSGK 2 2,DIA12_CV486075:20251228_A2_N1_Mueller_MS_TechHub_IMP_THIDDIAXL003_Cas9_PhoX_DIA12_CV486075_250ng_FAIMS_002,857884,,,Q99ZW2,,,false,Q99ZW2,Q99ZW2,,false,DKQSGK,YKEIFFDQSK,672,347,2,2,673,348,,-1,3,0,1.007276,9.85454
Scan: 1755564 Run: DIA12_CV486075:20251228_A2_N1_Mueller_MS_TechHub_IMP_THIDDIAXL003_Cas9_PhoX_DIA12_CV486075_250ng_FAIMS_003 P1_SKLVSDFR P2_QLLNAKLITQR 2 6,DIA12_CV486075:20251228_A2_N1_Mueller_MS_TechHub_IMP_THIDDIAXL003_Cas9_PhoX_DIA12_CV486075_250ng_FAIMS_003,1755564,,,Q99ZW2,,,false,Q99ZW2,Q99ZW2,,false,QLLNAKLITQR,SKLVSDFR,885,960,6,2,890,961,,-1,3,0,1.007276,9.854281
Scan: 1184391 Run: DIA12_CV486075:20251228_A2_N1_Mueller_MS_TechHub_IMP_THIDDIAXL003_Cas9_PhoX_DIA12_CV486075_250ng_FAIMS_002 P1_YDENDKLIR P2_KLINGIR 6 1,DIA12_CV486075:20251228_A2_N1_Mueller_MS_TechHub_IMP_THIDDIAXL003_Cas9_PhoX_DIA12_CV486075_250ng_FAIMS_002,1184391,,,Q99ZW2,,,false,Q99ZW2,Q99ZW2,,false,KLINGIR,YDENDKLIR,665,943,1,6,665,948,,-1,3,0,1.007276,9.85412
Scan: 713650 Run: DIA12_CV486075:20251228_A2_N1_Mueller_MS_TechHub_IMP_THIDDIAXL003_Cas9_PhoX_DIA12_CV486075_250ng_FAIMS_002 P1_SSFEKNPIDFLEAK P2_RQEDFYPFLKDNR 5 10,DIA12_CV486075:20251228_A2_N1_Mueller_MS_TechHub_IMP_THIDDIAXL003_Cas9_PhoX_DIA12_CV486075_250ng_FAIMS_002,713650,,,Q99ZW2,,,false,Q99ZW2,Q99ZW2,,false,RQEDFYPFLKDNR,SSFEKNPIDFLEAK,425,1172,10,5,434,1176,,-1,4,0,1.007276,9.853455
Scan: 986649 Run: DIA12_CV486075:20251228_A2_N1_Mueller_MS_TechHub_IMP_THIDDIAXL003_Cas9_PhoX_DIA12_CV486075_250ng_FAIMS_002 P1_SDNVPSEEVVKK P2_KPAFLSGEQK 11 1,DIA12_CV486075:20251228_A2_N1_Mueller_MS_TechHub_IMP_THIDDIAXL003_Cas9_PhoX_DIA12_CV486075_250ng_FAIMS_002,986649,,,Q99ZW2,,,false,Q99ZW2,Q99ZW2,,false,KPAFLSGEQK,SDNVPSEEVVKK,536,867,1,11,536,877,,-1,3,0,1.007276,9.852544
Scan: 731492 Run: DIA12_CV486075:20251228_A2_N1_Mueller_MS_TechHub_IMP_THIDDIAXL003_Cas9_PhoX_DIA12_CV486075_250ng_FAIMS_002 P1_NPIDFLEAKGYK P2_KDLIIK 9 1,DIA12_CV486075:20251228_A2_N1_Mueller_MS_TechHub_IMP_THIDDIAXL003_Cas9_PhoX_DIA12_CV486075_250ng_FAIMS_002,731492,,,Q99ZW2,,,false,Q99ZW2,Q99ZW2,,false,KDLIIK,NPIDFLEAKGYK,1192,1177,1,9,1192,1185,,-1,3,0,1.007276,9.852485
Scan: 1258988 Run: DIA12_CV486075:20251228_A2_N1_Mueller_MS_TechHub_IMP_THIDDIAXL003_Cas9_PhoX_DIA12_CV486075_250ng_FAIMS_003 P1_KTEVQTGGFSKESILPK P2_KKDWDPK 11 1,DIA12_CV486075:20251228_A2_N1_Mueller_MS_TechHub_IMP_THIDDIAXL003_Cas9_PhoX_DIA12_CV486075_250ng_FAIMS_003,1258988,,,Q99ZW2,,,false,Q99ZW2,Q99ZW2,,false,KKDWDPK,KTEVQTGGFSKESILPK,1123,1097,1,11,1123,1107,,-1,3,0,1.007276,9.852284
Scan: 1232469 Run: DIA12_CV486075:20251228_A2_N1_Mueller_MS_TechHub_IMP_THIDDIAXL003_Cas9_PhoX_DIA12_CV486075_250ng_FAIMS_003 P1_LKGSPEDNEQK P2_KTEVQTGGFSK 2 1,DIA12_CV486075:20251228_A2_N1_Mueller_MS_TechHub_IMP_THIDDIAXL003_Cas9_PhoX_DIA12_CV486075_250ng_FAIMS_003,1232469,,,Q99ZW2,,,false,Q99ZW2,Q99ZW2,,false,KTEVQTGGFSK,LKGSPEDNEQK,1097,1245,1,2,1097,1246,,-1,3,0,1.007276,9.85227
Scan: 92577 Run: DIA12_CV486075:20251228_A2_N1_Mueller_MS_TechHub_IMP_THIDDIAXL003_Cas9_PhoX_DIA12_CV486075_250ng_FAIMS_001 P1_NSDKLIAR P2_ENQTTQKGQK 4 7,DIA12_CV486075:20251228_A2_N1_Mueller_MS_TechHub_IMP_THIDDIAXL003_Cas9_PhoX_DIA12_CV486075_250ng_FAIMS_001,92577,,,Q99ZW2,,,false,Q99ZW2,Q99ZW2,,false,ENQTTQKGQK,NSDKLIAR,766,1115,7,4,772,1118,,-1,3,0,1.007276,9.850568
Scan: 1767089 Run: DIA12_CV486075:20251228_A2_N1_Mueller_MS_TechHub_IMP_THIDDIAXL003_Cas9_PhoX_DIA12_CV486075_250ng_FAIMS_003 P1_QITKHVAQILDSR P2_IEKILTFR 4 3,DIA12_CV486075:20251228_A2_N1_Mueller_MS_TechHub_IMP_THIDDIAXL003_Cas9_PhoX_DIA12_CV486075_250ng_FAIMS_003,1767089,,,Q99ZW2,,,false,Q99ZW2,Q99ZW2,,false,IEKILTFR,QITKHVAQILDSR,440,926,3,4,442,929,,-1,4,0,1.007276,9.850309
Scan: 243262 Run: DIA12_CV486075:20251228_A2_N1_Mueller_MS_TechHub_IMP_THIDDIAXL003_Cas9_PhoX_DIA12_CV486075_250ng_FAIMS_001 P1_FKVLGNTDR P2_EKIEKILTFR 2 2,DIA12_CV486075:20251228_A2_N1_Mueller_MS_TechHub_IMP_THIDDIAXL003_Cas9_PhoX_DIA12_CV486075_250ng_FAIMS_001,243262,,,Q99ZW2,,,false,Q99ZW2,Q99ZW2,,false,EKIEKILTFR,FKVLGNTDR,438,32,2,2,439,33,,-1,4,0,1.007276,9.850226
Scan: 405402 Run: DIA12_CV486075:20251228_A2_N1_Mueller_MS_TechHub_IMP_THIDDIAXL003_Cas9_PhoX_DIA12_CV486075_250ng_FAIMS_001 P1_KAIVDLLFK P2_EVKVITLK 1 3,DIA12_CV486075:20251228_A2_N1_Mueller_MS_TechHub_IMP_THIDDIAXL003_Cas9_PhoX_DIA12_CV486075_250ng_FAIMS_001,405402,,,Q99ZW2,,,false,Q99ZW2,Q99ZW2,,false,EVKVITLK,KAIVDLLFK,952,546,3,1,954,546,,-1,3,0,1.007276,9.84978
Scan: 621394 Run: DIA12_CV486075:20251228_A2_N1_Mueller_MS_TechHub_IMP_THIDDIAXL003_Cas9_PhoX_DIA12_CV486075_250ng_FAIMS_002 P1_SKLVSDFR P2_KRPLIETNGETGEIVWDK 2 1,DIA12_CV486075:20251228_A2_N1_Mueller_MS_TechHub_IMP_THIDDIAXL003_Cas9_PhoX_DIA12_CV486075_250ng_FAIMS_002,621394,,,Q99ZW2,,,false,Q99ZW2,Q99ZW2,,false,KRPLIETNGETGEIVWDK,SKLVSDFR,1059,960,1,2,1059,961,,-1,4,0,1.007276,9.849696
Scan: 709620 Run: DIA12_CV486075:20251228_A2_N1_Mueller_MS_TechHub_IMP_THIDDIAXL003_Cas9_PhoX_DIA12_CV486075_250ng_FAIMS_002 P1_SSFEKNPIDFLEAK P2_KKDWDPKK 5 1,DIA12_CV486075:20251228_A2_N1_Mueller_MS_TechHub_IMP_THIDDIAXL003_Cas9_PhoX_DIA12_CV486075_250ng_FAIMS_002,709620,,,Q99ZW2,,,false,Q99ZW2,Q99ZW2,,false,KKDWDPKK,SSFEKNPIDFLEAK,1123,1172,1,5,1123,1176,,-1,3,0,1.007276,9.848747
Scan: 719043 Run: DIA12_CV486075:20251228_A2_N1_Mueller_MS_TechHub_IMP_THIDDIAXL003_Cas9_PhoX_DIA12_CV486075_250ng_FAIMS_002 P1_SSFEKNPIDFLEAK P2_KDFQFYK 5 1,DIA12_CV486075:20251228_A2_N1_Mueller_MS_TechHub_IMP_THIDDIAXL003_Cas9_PhoX_DIA12_CV486075_250ng_FAIMS_002,719043,,,Q99ZW2,,,false,Q99ZW2,Q99ZW2,,false,KDFQFYK,SSFEKNPIDFLEAK,968,1172,1,5,968,1176,,-1,4,0,1.007276,9.848617
Scan: 1675845 Run: DIA12_CV486075:20251228_A2_N1_Mueller_MS_TechHub_IMP_THIDDIAXL003_Cas9_PhoX_DIA12_CV486075_250ng_FAIMS_003 P1_KNGLFGNLIALSLGLTPNFK P2_AQVSGQGDSLHEHIANLAGSPAIKK 1 24,DIA12_CV486075:20251228_A2_N1_Mueller_MS_TechHub_IMP_THIDDIAXL003_Cas9_PhoX_DIA12_CV486075_250ng_FAIMS_003,1675845,,,Q99ZW2,,,false,Q99ZW2,Q99ZW2,,false,AQVSGQGDSLHEHIANLAGSPAIKK,KNGLFGNLIALSLGLTPNFK,711,234,24,1,734,234,,-1,5,0,1.007276,9.848103
Scan: 1158628 Run: DIA12_CV486075:20251228_A2_N1_Mueller_MS_TechHub_IMP_THIDDIAXL003_Cas9_PhoX_DIA12_CV486075_250ng_FAIMS_002 P1_QSGKTILDFLK P2_KFDNLTK 4 1,DIA12_CV486075:20251228_A2_N1_Mueller_MS_TechHub_IMP_THIDDIAXL003_Cas9_PhoX_DIA12_CV486075_250ng_FAIMS_002,1158628,,,Q99ZW2,,,false,Q99ZW2,Q99ZW2,,false,KFDNLTK,QSGKTILDFLK,896,674,1,4,896,677,,-1,3,0,1.007276,9.847609
Scan: 1610341 Run: DIA12_CV486075:20251228_A2_N1_Mueller_MS_TechHub_IMP_THIDDIAXL003_Cas9_PhoX_DIA12_CV486075_250ng_FAIMS_003 P1_VLPKHSLLYEYFTVYNELTK P2_KIECFDSVEISGVEDR 4 1,DIA12_CV486075:20251228_A2_N1_Mueller_MS_TechHub_IMP_THIDDIAXL003_Cas9_PhoX_DIA12_CV486075_250ng_FAIMS_003,1610341,,,Q99ZW2,,,false,Q99ZW2,Q99ZW2,,false,KIECFDSVEISGVEDR,VLPKHSLLYEYFTVYNELTK,571,507,1,4,571,510,,-1,4,0,1.007276,9.847183
Scan: 525336 Run: DIA12_CV486075:20251228_A2_N1_Mueller_MS_TechHub_IMP_THIDDIAXL003_Cas9_PhoX_DIA12_CV486075_250ng_FAIMS_001 P1_KGILQTVK P2_ELGSQILKEHPVENTQLQNEK 1 8,DIA12_CV486075:20251228_A2_N1_Mueller_MS_TechHub_IMP_THIDDIAXL003_Cas9_PhoX_DIA12_CV486075_250ng_FAIMS_001,525336,,,Q99ZW2,,,false,Q99ZW2,Q99ZW2,,false,ELGSQILKEHPVENTQLQNEK,KGILQTVK,790,735,8,1,797,735,,-1,4,0,1.007276,9.846513
Scan: 1572986 Run: DIA12_CV486075:20251228_A2_N1_Mueller_MS_TechHub_IMP_THIDDIAXL003_Cas9_PhoX_DIA12_CV486075_250ng_FAIMS_003 P1_RNSDKLIAR P2_KPAFLSGEQK 5 1,DIA12_CV486075:20251228_A2_N1_Mueller_MS_TechHub_IMP_THIDDIAXL003_Cas9_PhoX_DIA12_CV486075_250ng_FAIMS_003,1572986,,,Q99ZW2,,,false,Q99ZW2,Q99ZW2,,false,KPAFLSGEQK,RNSDKLIAR,536,1114,1,5,536,1118,,-1,4,0,1.007276,9.84644
Scan: 1351841 Run: DIA12_CV486075:20251228_A2_N1_Mueller_MS_TechHub_IMP_THIDDIAXL003_Cas9_PhoX_DIA12_CV486075_250ng_FAIMS_003 P1_GNELALPSKYVNFLYLASHYEK P2_GKSDNVPSEEVVK 9 2,DIA12_CV486075:20251228_A2_N1_Mueller_MS_TechHub_IMP_THIDDIAXL003_Cas9_PhoX_DIA12_CV486075_250ng_FAIMS_003,1351841,,,Q99ZW2,,,false,Q99ZW2,Q99ZW2,,false,GKSDNVPSEEVVK,GNELALPSKYVNFLYLASHYEK,865,1223,2,9,866,1231,,-1,4,0,1.007276,9.845547
Scan: 1634592 Run: DIA12_CV486075:20251228_A2_N1_Mueller_MS_TechHub_IMP_THIDDIAXL003_Cas9_PhoX_DIA12_CV486075_250ng_FAIMS_003 P1_QSGKTILDFLK P2_IEKILTFR 4 3,DIA12_CV486075:20251228_A2_N1_Mueller_MS_TechHub_IMP_THIDDIAXL003_Cas9_PhoX_DIA12_CV486075_250ng_FAIMS_003,1634592,,,Q99ZW2,,,false,Q99ZW2,Q99ZW2,,false,IEKILTFR,QSGKTILDFLK,440,674,3,4,442,677,,-1,3,0,1.007276,9.845159
Scan: 1420522 Run: DIA12_CV486075:20251228_A2_N1_Mueller_MS_TechHub_IMP_THIDDIAXL003_Cas9_PhoX_DIA12_CV486075_250ng_FAIMS_003 P1_SNFDLAEDAKLQLSK P2_KDWDPK 10 1,DIA12_CV486075:20251228_A2_N1_Mueller_MS_TechHub_IMP_THIDDIAXL003_Cas9_PhoX_DIA12_CV486075_250ng_FAIMS_003,1420522,,,Q99ZW2,,,false,Q99ZW2,Q99ZW2,,false,KDWDPK,SNFDLAEDAKLQLSK,1124,254,1,10,1124,263,,-1,4,0,1.007276,9.845153
Scan: 733830 Run: DIA12_CV486075:20251228_A2_N1_Mueller_MS_TechHub_IMP_THIDDIAXL003_Cas9_PhoX_DIA12_CV486075_250ng_FAIMS_002 P1_QLKEDYFK P2_KDLIIK 3 1,DIA12_CV486075:20251228_A2_N1_Mueller_MS_TechHub_IMP_THIDDIAXL003_Cas9_PhoX_DIA12_CV486075_250ng_FAIMS_002,733830,,,Q99ZW2,,,false,Q99ZW2,Q99ZW2,,false,KDLIIK,QLKEDYFK,1192,563,1,3,1192,565,,-1,3,0,1.007276,9.845023
Scan: 1605199 Run: DIA12_CV486075:20251228_A2_N1_Mueller_MS_TechHub_IMP_THIDDIAXL003_Cas9_PhoX_DIA12_CV486075_250ng_FAIMS_003 P1_NSDKLIAR P2_KVTVK 4 1,DIA12_CV486075:20251228_A2_N1_Mueller_MS_TechHub_IMP_THIDDIAXL003_Cas9_PhoX_DIA12_CV486075_250ng_FAIMS_003,1605199,,,Q99ZW2,,,false,Q99ZW2,Q99ZW2,,false,KVTVK,NSDKLIAR,558,1115,1,4,558,1118,,-1,3,0,1.007276,9.844845
Scan: 1557496 Run: DIA12_CV486075:20251228_A2_N1_Mueller_MS_TechHub_IMP_THIDDIAXL003_Cas9_PhoX_DIA12_CV486075_250ng_FAIMS_003 P1_VLPKHSLLYEYFTVYNELTK P2_LKGSPEDNEQK 4 2,DIA12_CV486075:20251228_A2_N1_Mueller_MS_TechHub_IMP_THIDDIAXL003_Cas9_PhoX_DIA12_CV486075_250ng_FAIMS_003,1557496,,,Q99ZW2,,,false,Q99ZW2,Q99ZW2,,false,LKGSPEDNEQK,VLPKHSLLYEYFTVYNELTK,1245,507,2,4,1246,510,,-1,4,0,1.007276,9.843882
Scan: 959528 Run: DIA12_CV486075:20251228_A2_N1_Mueller_MS_TechHub_IMP_THIDDIAXL003_Cas9_PhoX_DIA12_CV486075_250ng_FAIMS_002 P1_VLPKHSLLYEYFTVYNELTK P2_KDLIIK 4 1,DIA12_CV486075:20251228_A2_N1_Mueller_MS_TechHub_IMP_THIDDIAXL003_Cas9_PhoX_DIA12_CV486075_250ng_FAIMS_002,959528,,,Q99ZW2,,,false,Q99ZW2,Q99ZW2,,false,KDLIIK,VLPKHSLLYEYFTVYNELTK,1192,507,1,4,1192,510,,-1,3,0,1.007276,9.842676
Scan: 1025746 Run: DIA12_CV486075:20251228_A2_N1_Mueller_MS_TechHub_IMP_THIDDIAXL003_Cas9_PhoX_DIA12_CV486075_250ng_FAIMS_002 P1_KLINGIR P2_KKDWDPK 1 2,DIA12_CV486075:20251228_A2_N1_Mueller_MS_TechHub_IMP_THIDDIAXL003_Cas9_PhoX_DIA12_CV486075_250ng_FAIMS_002,1025746,,,Q99ZW2,,,false,Q99ZW2,Q99ZW2,,false,KKDWDPK,KLINGIR,1123,665,2,1,1124,665,,-1,4,0,1.007276,9.842481
Scan: 14007 Run: DIA12_CV486075:20251228_A2_N1_Mueller_MS_TechHub_IMP_THIDDIAXL003_Cas9_PhoX_DIA12_CV486075_250ng_FAIMS_001 P1_SEQEIGKATAK P2_LESEFVYGDYKVYDVR 7 11,DIA12_CV486075:20251228_A2_N1_Mueller_MS_TechHub_IMP_THIDDIAXL003_Cas9_PhoX_DIA12_CV486075_250ng_FAIMS_001,14007,,,Q99ZW2,,,false,Q99ZW2,Q99ZW2,,false,LESEFVYGDYKVYDVR,SEQEIGKATAK,1004,1025,11,7,1014,1031,,-1,4,0,1.007276,9.842314
Scan: 1491291 Run: DIA12_CV486075:20251228_A2_N1_Mueller_MS_TechHub_IMP_THIDDIAXL003_Cas9_PhoX_DIA12_CV486075_250ng_FAIMS_003 P1_KRPLIETNGETGEIVWDK P2_KNLIGALLFDSGETAEATR 1 1,DIA12_CV486075:20251228_A2_N1_Mueller_MS_TechHub_IMP_THIDDIAXL003_Cas9_PhoX_DIA12_CV486075_250ng_FAIMS_003,1491291,,,Q99ZW2,,,false,Q99ZW2,Q99ZW2,,false,KNLIGALLFDSGETAEATR,KRPLIETNGETGEIVWDK,45,1059,1,1,45,1059,,-1,4,0,1.007276,9.841592
Scan: 163390 Run: DIA12_CV486075:20251228_A2_N1_Mueller_MS_TechHub_IMP_THIDDIAXL003_Cas9_PhoX_DIA12_CV486075_250ng_FAIMS_001 P1_LKGSPEDNEQK P2_KGILQTVK 2 1,DIA12_CV486075:20251228_A2_N1_Mueller_MS_TechHub_IMP_THIDDIAXL003_Cas9_PhoX_DIA12_CV486075_250ng_FAIMS_001,163390,,,Q99ZW2,,,false,Q99ZW2,Q99ZW2,,false,KGILQTVK,LKGSPEDNEQK,735,1245,1,2,735,1246,,-1,3,0,1.007276,9.84021
Scan: 247166 Run: DIA12_CV486075:20251228_A2_N1_Mueller_MS_TechHub_IMP_THIDDIAXL003_Cas9_PhoX_DIA12_CV486075_250ng_FAIMS_001 P1_YDEHHQDLTLLKALVR P2_LEESFLVEEDKKHER 12 11,DIA12_CV486075:20251228_A2_N1_Mueller_MS_TechHub_IMP_THIDDIAXL003_Cas9_PhoX_DIA12_CV486075_250ng_FAIMS_001,247166,,,Q99ZW2,,,false,Q99ZW2,Q99ZW2,,false,LEESFLVEEDKKHER,YDEHHQDLTLLKALVR,101,325,11,12,111,336,,-1,6,0,1.007276,9.839785
Scan: 405280 Run: DIA12_CV486075:20251228_A2_N1_Mueller_MS_TechHub_IMP_THIDDIAXL003_Cas9_PhoX_DIA12_CV486075_250ng_FAIMS_001 P1_KAIVDLLFK P2_GQKNSR 1 3,DIA12_CV486075:20251228_A2_N1_Mueller_MS_TechHub_IMP_THIDDIAXL003_Cas9_PhoX_DIA12_CV486075_250ng_FAIMS_001,405280,,,Q99ZW2,,,false,Q99ZW2,Q99ZW2,,false,GQKNSR,KAIVDLLFK,773,546,3,1,775,546,,-1,3,0,1.007276,9.839047
Scan: 413555 Run: DIA12_CV486075:20251228_A2_N1_Mueller_MS_TechHub_IMP_THIDDIAXL003_Cas9_PhoX_DIA12_CV486075_250ng_FAIMS_001 P1_QLKEDYFK P2_QITKHVAQILDSR 3 4,DIA12_CV486075:20251228_A2_N1_Mueller_MS_TechHub_IMP_THIDDIAXL003_Cas9_PhoX_DIA12_CV486075_250ng_FAIMS_001,413555,,,Q99ZW2,,,false,Q99ZW2,Q99ZW2,,false,QITKHVAQILDSR,QLKEDYFK,926,563,4,3,929,565,,-1,4,0,1.007276,9.838608
Scan: 38307 Run: DIA12_CV486075:20251228_A2_N1_Mueller_MS_TechHub_IMP_THIDDIAXL003_Cas9_PhoX_DIA12_CV486075_250ng_FAIMS_001 P1_KTEVQTGGFSK P2_FKVLGNTDR 1 2,DIA12_CV486075:20251228_A2_N1_Mueller_MS_TechHub_IMP_THIDDIAXL003_Cas9_PhoX_DIA12_CV486075_250ng_FAIMS_001,38307,,,Q99ZW2,,,false,Q99ZW2,Q99ZW2,,false,FKVLGNTDR,KTEVQTGGFSK,32,1097,2,1,33,1097,,-1,4,0,1.007276,9.838071
Scan: 1763581 Run: DIA12_CV486075:20251228_A2_N1_Mueller_MS_TechHub_IMP_THIDDIAXL003_Cas9_PhoX_DIA12_CV486075_250ng_FAIMS_003 P1_KFDNLTK P2_GGLSELDKAGFIK 1 8,DIA12_CV486075:20251228_A2_N1_Mueller_MS_TechHub_IMP_THIDDIAXL003_Cas9_PhoX_DIA12_CV486075_250ng_FAIMS_003,1763581,,,Q99ZW2,,,false,Q99ZW2,Q99ZW2,,false,GGLSELDKAGFIK,KFDNLTK,906,896,8,1,913,896,,-1,3,0,1.007276,9.838001
Scan: 1651222 Run: DIA12_CV486075:20251228_A2_N1_Mueller_MS_TechHub_IMP_THIDDIAXL003_Cas9_PhoX_DIA12_CV486075_250ng_FAIMS_003 P1_YKEIFFDQSK P2_EDIQKAQVSGQGDSLHEHIANLAGSPAIK 2 5,DIA12_CV486075:20251228_A2_N1_Mueller_MS_TechHub_IMP_THIDDIAXL003_Cas9_PhoX_DIA12_CV486075_250ng_FAIMS_003,1651222,,,Q99ZW2,,,false,Q99ZW2,Q99ZW2,,false,EDIQKAQVSGQGDSLHEHIANLAGSPAIK,YKEIFFDQSK,706,347,5,2,710,348,,-1,5,0,1.007276,9.837268
Scan: 1356819 Run: DIA12_CV486075:20251228_A2_N1_Mueller_MS_TechHub_IMP_THIDDIAXL003_Cas9_PhoX_DIA12_CV486075_250ng_FAIMS_003 P1_LPKYSLFELENGR P2_LKGSPEDNEQK 3 2,DIA12_CV486075:20251228_A2_N1_Mueller_MS_TechHub_IMP_THIDDIAXL003_Cas9_PhoX_DIA12_CV486075_250ng_FAIMS_003,1356819,,,Q99ZW2,,,false,Q99ZW2,Q99ZW2,,false,LKGSPEDNEQK,LPKYSLFELENGR,1245,1198,2,3,1246,1200,,-1,4,0,1.007276,9.836726
Scan: 661976 Run: DIA12_CV486075:20251228_A2_N1_Mueller_MS_TechHub_IMP_THIDDIAXL003_Cas9_PhoX_DIA12_CV486075_250ng_FAIMS_002 P1_KTEVQTGGFSKESILPK P2_KDWDPK 11 1,DIA12_CV486075:20251228_A2_N1_Mueller_MS_TechHub_IMP_THIDDIAXL003_Cas9_PhoX_DIA12_CV486075_250ng_FAIMS_002,661976,,,Q99ZW2,,,false,Q99ZW2,Q99ZW2,,false,KDWDPK,KTEVQTGGFSKESILPK,1124,1097,1,11,1124,1107,,-1,3,0,1.007276,9.836029
Scan: 604757 Run: DIA12_CV486075:20251228_A2_N1_Mueller_MS_TechHub_IMP_THIDDIAXL003_Cas9_PhoX_DIA12_CV486075_250ng_FAIMS_002 P1_LESEFVYGDYKVYDVR P2_KLINGIR 11 1,DIA12_CV486075:20251228_A2_N1_Mueller_MS_TechHub_IMP_THIDDIAXL003_Cas9_PhoX_DIA12_CV486075_250ng_FAIMS_002,604757,,,Q99ZW2,,,false,Q99ZW2,Q99ZW2,,false,KLINGIR,LESEFVYGDYKVYDVR,665,1004,1,11,665,1014,,-1,4,0,1.007276,9.835637
Scan: 1619755 Run: DIA12_CV486075:20251228_A2_N1_Mueller_MS_TechHub_IMP_THIDDIAXL003_Cas9_PhoX_DIA12_CV486075_250ng_FAIMS_003 P1_SKLVSDFR P2_LKTYAHLFDDK 2 2,DIA12_CV486075:20251228_A2_N1_Mueller_MS_TechHub_IMP_THIDDIAXL003_Cas9_PhoX_DIA12_CV486075_250ng_FAIMS_003,1619755,,,Q99ZW2,,,false,Q99ZW2,Q99ZW2,,false,LKTYAHLFDDK,SKLVSDFR,636,960,2,2,637,961,,-1,4,0,1.007276,9.835463
Scan: 971438 Run: DIA12_CV486075:20251228_A2_N1_Mueller_MS_TechHub_IMP_THIDDIAXL003_Cas9_PhoX_DIA12_CV486075_250ng_FAIMS_002 P1_VKYVTEGMR P2_FKVLGNTDR 2 2,DIA12_CV486075:20251228_A2_N1_Mueller_MS_TechHub_IMP_THIDDIAXL003_Cas9_PhoX_DIA12_CV486075_250ng_FAIMS_002,971438,,,Q99ZW2,,,false,Q99ZW2,Q99ZW2,,false,FKVLGNTDR,VKYVTEGMR,32,527,2,2,33,528,,-1,3,0,1.007276,9.835262
Scan: 894103 Run: DIA12_CV486075:20251228_A2_N1_Mueller_MS_TechHub_IMP_THIDDIAXL003_Cas9_PhoX_DIA12_CV486075_250ng_FAIMS_002 P1_KTEVQTGGFSK P2_KNLIGALLFDSGETAEATR 1 1,DIA12_CV486075:20251228_A2_N1_Mueller_MS_TechHub_IMP_THIDDIAXL003_Cas9_PhoX_DIA12_CV486075_250ng_FAIMS_002,894103,,,Q99ZW2,,,false,Q99ZW2,Q99ZW2,,false,KNLIGALLFDSGETAEATR,KTEVQTGGFSK,45,1097,1,1,45,1097,,-1,4,0,1.007276,9.834333
Scan: 302243 Run: DIA12_CV486075:20251228_A2_N1_Mueller_MS_TechHub_IMP_THIDDIAXL003_Cas9_PhoX_DIA12_CV486075_250ng_FAIMS_001 P1_KSEETITPWNFEEVVDK P2_KDLIIK 1 1,DIA12_CV486075:20251228_A2_N1_Mueller_MS_TechHub_IMP_THIDDIAXL003_Cas9_PhoX_DIA12_CV486075_250ng_FAIMS_001,302243,,,Q99ZW2,,,false,Q99ZW2,Q99ZW2,,false,KDLIIK,KSEETITPWNFEEVVDK,1192,468,1,1,1192,468,,-1,3,0,1.007276,9.833165
Scan: 226148 Run: DIA12_CV486075:20251228_A2_N1_Mueller_MS_TechHub_IMP_THIDDIAXL003_Cas9_PhoX_DIA12_CV486075_250ng_FAIMS_001 P1_SNFDLAEDAKLQLSK P2_KLVDSTDK 10 1,DIA12_CV486075:20251228_A2_N1_Mueller_MS_TechHub_IMP_THIDDIAXL003_Cas9_PhoX_DIA12_CV486075_250ng_FAIMS_001,226148,,,Q99ZW2,,,false,Q99ZW2,Q99ZW2,,false,KLVDSTDK,SNFDLAEDAKLQLSK,141,254,1,10,141,263,,-1,4,0,1.007276,9.832625
Scan: 1584371 Run: DIA12_CV486075:20251228_A2_N1_Mueller_MS_TechHub_IMP_THIDDIAXL003_Cas9_PhoX_DIA12_CV486075_250ng_FAIMS_003 P1_KPAFLSGEQK P2_KFDNLTK 1 1,DIA12_CV486075:20251228_A2_N1_Mueller_MS_TechHub_IMP_THIDDIAXL003_Cas9_PhoX_DIA12_CV486075_250ng_FAIMS_003,1584371,,,Q99ZW2,,,false,Q99ZW2,Q99ZW2,,false,KFDNLTK,KPAFLSGEQK,896,536,1,1,896,536,,-1,4,0,1.007276,9.831494
Scan: 985624 Run: DIA12_CV486075:20251228_A2_N1_Mueller_MS_TechHub_IMP_THIDDIAXL003_Cas9_PhoX_DIA12_CV486075_250ng_FAIMS_002 P1_KPAFLSGEQK P2_GQKNSR 1 3,DIA12_CV486075:20251228_A2_N1_Mueller_MS_TechHub_IMP_THIDDIAXL003_Cas9_PhoX_DIA12_CV486075_250ng_FAIMS_002,985624,,,Q99ZW2,,,false,Q99ZW2,Q99ZW2,,false,GQKNSR,KPAFLSGEQK,773,536,3,1,775,536,,-1,3,0,1.007276,9.83127
Scan: 483968 Run: DIA12_CV486075:20251228_A2_N1_Mueller_MS_TechHub_IMP_THIDDIAXL003_Cas9_PhoX_DIA12_CV486075_250ng_FAIMS_001 P1_KGILQTVK P2_IEKILTFR 1 3,DIA12_CV486075:20251228_A2_N1_Mueller_MS_TechHub_IMP_THIDDIAXL003_Cas9_PhoX_DIA12_CV486075_250ng_FAIMS_001,483968,,,Q99ZW2,,,false,Q99ZW2,Q99ZW2,,false,IEKILTFR,KGILQTVK,440,735,3,1,442,735,,-1,3,0,1.007276,9.831206
Scan: 103650 Run: DIA12_CV486075:20251228_A2_N1_Mueller_MS_TechHub_IMP_THIDDIAXL003_Cas9_PhoX_DIA12_CV486075_250ng_FAIMS_001 P1_KYGGFDSPTVAYSVLVVAK P2_ESILPKR 1 6,DIA12_CV486075:20251228_A2_N1_Mueller_MS_TechHub_IMP_THIDDIAXL003_Cas9_PhoX_DIA12_CV486075_250ng_FAIMS_001,103650,,,Q99ZW2,,,false,Q99ZW2,Q99ZW2,,false,ESILPKR,KYGGFDSPTVAYSVLVVAK,1108,1130,6,1,1113,1130,,-1,3,0,1.007276,9.830269
Scan: 1265091 Run: DIA12_CV486075:20251228_A2_N1_Mueller_MS_TechHub_IMP_THIDDIAXL003_Cas9_PhoX_DIA12_CV486075_250ng_FAIMS_003 P1_KTEVQTGGFSKESILPK P2_KNLIGALLFDSGETAEATR 11 1,DIA12_CV486075:20251228_A2_N1_Mueller_MS_TechHub_IMP_THIDDIAXL003_Cas9_PhoX_DIA12_CV486075_250ng_FAIMS_003,1265091,,,Q99ZW2,,,false,Q99ZW2,Q99ZW2,,false,KNLIGALLFDSGETAEATR,KTEVQTGGFSKESILPK,45,1097,1,11,45,1107,,-1,4,0,1.007276,9.829466
Scan: 859014 Run: DIA12_CV486075:20251228_A2_N1_Mueller_MS_TechHub_IMP_THIDDIAXL003_Cas9_PhoX_DIA12_CV486075_250ng_FAIMS_002 P1_YKEIFFDQSK P2_YDENDKLIR 2 6,DIA12_CV486075:20251228_A2_N1_Mueller_MS_TechHub_IMP_THIDDIAXL003_Cas9_PhoX_DIA12_CV486075_250ng_FAIMS_002,859014,,,Q99ZW2,,,false,Q99ZW2,Q99ZW2,,false,YDENDKLIR,YKEIFFDQSK,943,347,6,2,948,348,,-1,3,0,1.007276,9.829247
Scan: 389462 Run: DIA12_CV486075:20251228_A2_N1_Mueller_MS_TechHub_IMP_THIDDIAXL003_Cas9_PhoX_DIA12_CV486075_250ng_FAIMS_001 P1_KPAFLSGEQK P2_KFDNLTK 1 1,DIA12_CV486075:20251228_A2_N1_Mueller_MS_TechHub_IMP_THIDDIAXL003_Cas9_PhoX_DIA12_CV486075_250ng_FAIMS_001,389462,,,Q99ZW2,,,false,Q99ZW2,Q99ZW2,,false,KFDNLTK,KPAFLSGEQK,896,536,1,1,896,536,,-1,3,0,1.007276,9.829038
Scan: 1106241 Run: DIA12_CV486075:20251228_A2_N1_Mueller_MS_TechHub_IMP_THIDDIAXL003_Cas9_PhoX_DIA12_CV486075_250ng_FAIMS_002 P1_SEQEIGKATAK P2_ENQTTQKGQK 7 7,DIA12_CV486075:20251228_A2_N1_Mueller_MS_TechHub_IMP_THIDDIAXL003_Cas9_PhoX_DIA12_CV486075_250ng_FAIMS_002,1106241,,,Q99ZW2,,,false,Q99ZW2,Q99ZW2,,false,ENQTTQKGQK,SEQEIGKATAK,766,1025,7,7,772,1031,,-1,3,0,1.007276,9.828727
Scan: 541110 Run: DIA12_CV486075:20251228_A2_N1_Mueller_MS_TechHub_IMP_THIDDIAXL003_Cas9_PhoX_DIA12_CV486075_250ng_FAIMS_001 P1_YKEIFFDQSK P2_DDSIDNKVLTR 2 7,DIA12_CV486075:20251228_A2_N1_Mueller_MS_TechHub_IMP_THIDDIAXL003_Cas9_PhoX_DIA12_CV486075_250ng_FAIMS_001,541110,,,Q99ZW2,,,false,Q99ZW2,Q99ZW2,,false,DDSIDNKVLTR,YKEIFFDQSK,849,347,7,2,855,348,,-1,3,0,1.007276,9.828109
Scan: 605309 Run: DIA12_CV486075:20251228_A2_N1_Mueller_MS_TechHub_IMP_THIDDIAXL003_Cas9_PhoX_DIA12_CV486075_250ng_FAIMS_002 P1_QITKHVAQILDSR P2_LESEFVYGDYKVYDVR 4 11,DIA12_CV486075:20251228_A2_N1_Mueller_MS_TechHub_IMP_THIDDIAXL003_Cas9_PhoX_DIA12_CV486075_250ng_FAIMS_002,605309,,,Q99ZW2,,,false,Q99ZW2,Q99ZW2,,false,LESEFVYGDYKVYDVR,QITKHVAQILDSR,1004,926,11,4,1014,929,,-1,4,0,1.007276,9.827986
Scan: 483415 Run: DIA12_CV486075:20251228_A2_N1_Mueller_MS_TechHub_IMP_THIDDIAXL003_Cas9_PhoX_DIA12_CV486075_250ng_FAIMS_001 P1_KGILQTVK P2_KDLIIK 1 1,DIA12_CV486075:20251228_A2_N1_Mueller_MS_TechHub_IMP_THIDDIAXL003_Cas9_PhoX_DIA12_CV486075_250ng_FAIMS_001,483415,,,Q99ZW2,,,false,Q99ZW2,Q99ZW2,,false,KDLIIK,KGILQTVK,1192,735,1,1,1192,735,,-1,3,0,1.007276,9.827409
Scan: 859163 Run: DIA12_CV486075:20251228_A2_N1_Mueller_MS_TechHub_IMP_THIDDIAXL003_Cas9_PhoX_DIA12_CV486075_250ng_FAIMS_002 P1_YKEIFFDQSK P2_KDFQFYK 2 1,DIA12_CV486075:20251228_A2_N1_Mueller_MS_TechHub_IMP_THIDDIAXL003_Cas9_PhoX_DIA12_CV486075_250ng_FAIMS_002,859163,,,Q99ZW2,,,false,Q99ZW2,Q99ZW2,,false,KDFQFYK,YKEIFFDQSK,968,347,1,2,968,348,,-1,3,0,1.007276,9.826442
Scan: 948444 Run: DIA12_CV486075:20251228_A2_N1_Mueller_MS_TechHub_IMP_THIDDIAXL003_Cas9_PhoX_DIA12_CV486075_250ng_FAIMS_002 P1_SEETITPWNFEEVVDKGASAQSFIER P2_QLLNAKLITQR 16 6,DIA12_CV486075:20251228_A2_N1_Mueller_MS_TechHub_IMP_THIDDIAXL003_Cas9_PhoX_DIA12_CV486075_250ng_FAIMS_002,948444,,,Q99ZW2,,,false,Q99ZW2,Q99ZW2,,false,QLLNAKLITQR,SEETITPWNFEEVVDKGASAQSFIER,885,469,6,16,890,484,,-1,4,0,1.007276,9.825689
Scan: 1559964 Run: DIA12_CV486075:20251228_A2_N1_Mueller_MS_TechHub_IMP_THIDDIAXL003_Cas9_PhoX_DIA12_CV486075_250ng_FAIMS_003 P1_VLPKHSLLYEYFTVYNELTK P2_QSGKTILDFLK 4 4,DIA12_CV486075:20251228_A2_N1_Mueller_MS_TechHub_IMP_THIDDIAXL003_Cas9_PhoX_DIA12_CV486075_250ng_FAIMS_003,1559964,,,Q99ZW2,,,false,Q99ZW2,Q99ZW2,,false,QSGKTILDFLK,VLPKHSLLYEYFTVYNELTK,674,507,4,4,677,510,,-1,4,0,1.007276,9.825124
Scan: 690917 Run: DIA12_CV486075:20251228_A2_N1_Mueller_MS_TechHub_IMP_THIDDIAXL003_Cas9_PhoX_DIA12_CV486075_250ng_FAIMS_002 P1_NSDKLIAR P2_KDFQFYK 4 1,DIA12_CV486075:20251228_A2_N1_Mueller_MS_TechHub_IMP_THIDDIAXL003_Cas9_PhoX_DIA12_CV486075_250ng_FAIMS_002,690917,,,Q99ZW2,,,false,Q99ZW2,Q99ZW2,,false,KDFQFYK,NSDKLIAR,968,1115,1,4,968,1118,,-1,4,0,1.007276,9.825014
Scan: 960831 Run: DIA12_CV486075:20251228_A2_N1_Mueller_MS_TechHub_IMP_THIDDIAXL003_Cas9_PhoX_DIA12_CV486075_250ng_FAIMS_002 P1_VLPKHSLLYEYFTVYNELTK P2_EKIEKILTFR 4 2,DIA12_CV486075:20251228_A2_N1_Mueller_MS_TechHub_IMP_THIDDIAXL003_Cas9_PhoX_DIA12_CV486075_250ng_FAIMS_002,960831,,,Q99ZW2,,,false,Q99ZW2,Q99ZW2,,false,EKIEKILTFR,VLPKHSLLYEYFTVYNELTK,438,507,2,4,439,510,,-1,4,0,1.007276,9.824606
Scan: 1110284 Run: DIA12_CV486075:20251228_A2_N1_Mueller_MS_TechHub_IMP_THIDDIAXL003_Cas9_PhoX_DIA12_CV486075_250ng_FAIMS_002 P1_GQKNSR P2_DKQSGK 3 2,DIA12_CV486075:20251228_A2_N1_Mueller_MS_TechHub_IMP_THIDDIAXL003_Cas9_PhoX_DIA12_CV486075_250ng_FAIMS_002,1110284,,,Q99ZW2,,,false,Q99ZW2,Q99ZW2,,false,DKQSGK,GQKNSR,672,773,2,3,673,775,,-1,3,0,1.007276,9.824208
Scan: 569133 Run: DIA12_CV486075:20251228_A2_N1_Mueller_MS_TechHub_IMP_THIDDIAXL003_Cas9_PhoX_DIA12_CV486075_250ng_FAIMS_001 P1_KFDNLTKAER P2_GGLSELDKAGFIK 7 8,DIA12_CV486075:20251228_A2_N1_Mueller_MS_TechHub_IMP_THIDDIAXL003_Cas9_PhoX_DIA12_CV486075_250ng_FAIMS_001,569133,,,Q99ZW2,,,false,Q99ZW2,Q99ZW2,,false,GGLSELDKAGFIK,KFDNLTKAER,906,896,8,7,913,902,,-1,3,0,1.007276,9.823621
Scan: 1597141 Run: DIA12_CV486075:20251228_A2_N1_Mueller_MS_TechHub_IMP_THIDDIAXL003_Cas9_PhoX_DIA12_CV486075_250ng_FAIMS_003 P1_NSDKLIAR P2_KPAFLSGEQKK 4 10,DIA12_CV486075:20251228_A2_N1_Mueller_MS_TechHub_IMP_THIDDIAXL003_Cas9_PhoX_DIA12_CV486075_250ng_FAIMS_003,1597141,,,Q99ZW2,,,false,Q99ZW2,Q99ZW2,,false,KPAFLSGEQKK,NSDKLIAR,536,1115,10,4,545,1118,,-1,4,0,1.007276,9.823421
Scan: 1536507 Run: DIA12_CV486075:20251228_A2_N1_Mueller_MS_TechHub_IMP_THIDDIAXL003_Cas9_PhoX_DIA12_CV486075_250ng_FAIMS_003 P1_KSEETITPWNFEEVVDKGASAQSFIER P2_KDLIIK 17 1,DIA12_CV486075:20251228_A2_N1_Mueller_MS_TechHub_IMP_THIDDIAXL003_Cas9_PhoX_DIA12_CV486075_250ng_FAIMS_003,1536507,,,Q99ZW2,,,false,Q99ZW2,Q99ZW2,,false,KDLIIK,KSEETITPWNFEEVVDKGASAQSFIER,1192,468,1,17,1192,484,,-1,4,0,1.007276,9.823143
Scan: 351526 Run: DIA12_CV486075:20251228_A2_N1_Mueller_MS_TechHub_IMP_THIDDIAXL003_Cas9_PhoX_DIA12_CV486075_250ng_FAIMS_001 P1_SKLVSDFR P2_SEETITPWNFEEVVDKGASAQSFIER 2 16,DIA12_CV486075:20251228_A2_N1_Mueller_MS_TechHub_IMP_THIDDIAXL003_Cas9_PhoX_DIA12_CV486075_250ng_FAIMS_001,351526,,,Q99ZW2,,,false,Q99ZW2,Q99ZW2,,false,SEETITPWNFEEVVDKGASAQSFIER,SKLVSDFR,469,960,16,2,484,961,,-1,4,0,1.007276,9.823127
Scan: 597529 Run: DIA12_CV486075:20251228_A2_N1_Mueller_MS_TechHub_IMP_THIDDIAXL003_Cas9_PhoX_DIA12_CV486075_250ng_FAIMS_002 P1_YPKLESEFVYGDYK P2_KMIAK 3 1,DIA12_CV486075:20251228_A2_N1_Mueller_MS_TechHub_IMP_THIDDIAXL003_Cas9_PhoX_DIA12_CV486075_250ng_FAIMS_002,597529,,,Q99ZW2,,,false,Q99ZW2,Q99ZW2,,false,KMIAK,YPKLESEFVYGDYK,1020,1001,1,3,1020,1003,,-1,3,0,1.007276,9.820699
Scan: 1619340 Run: DIA12_CV486075:20251228_A2_N1_Mueller_MS_TechHub_IMP_THIDDIAXL003_Cas9_PhoX_DIA12_CV486075_250ng_FAIMS_003 P1_LKTYAHLFDDK P2_FKVLGNTDR 2 2,DIA12_CV486075:20251228_A2_N1_Mueller_MS_TechHub_IMP_THIDDIAXL003_Cas9_PhoX_DIA12_CV486075_250ng_FAIMS_003,1619340,,,Q99ZW2,,,false,Q99ZW2,Q99ZW2,,false,FKVLGNTDR,LKTYAHLFDDK,32,636,2,2,33,637,,-1,3,0,1.007276,9.820587
Scan: 588475 Run: DIA12_CV486075:20251228_A2_N1_Mueller_MS_TechHub_IMP_THIDDIAXL003_Cas9_PhoX_DIA12_CV486075_250ng_FAIMS_001 P1_SKLVSDFR P2_FKVLGNTDR 2 2,DIA12_CV486075:20251228_A2_N1_Mueller_MS_TechHub_IMP_THIDDIAXL003_Cas9_PhoX_DIA12_CV486075_250ng_FAIMS_001,588475,,,Q99ZW2,,,false,Q99ZW2,Q99ZW2,,false,FKVLGNTDR,SKLVSDFR,32,960,2,2,33,961,,-1,3,0,1.007276,9.818708
Scan: 1021974 Run: DIA12_CV486075:20251228_A2_N1_Mueller_MS_TechHub_IMP_THIDDIAXL003_Cas9_PhoX_DIA12_CV486075_250ng_FAIMS_002 P1_LKTYAHLFDDK P2_KAIVDLLFK 2 1,DIA12_CV486075:20251228_A2_N1_Mueller_MS_TechHub_IMP_THIDDIAXL003_Cas9_PhoX_DIA12_CV486075_250ng_FAIMS_002,1021974,,,Q99ZW2,,,false,Q99ZW2,Q99ZW2,,false,KAIVDLLFK,LKTYAHLFDDK,546,636,1,2,546,637,,-1,4,0,1.007276,9.818232
Scan: 733214 Run: DIA12_CV486075:20251228_A2_N1_Mueller_MS_TechHub_IMP_THIDDIAXL003_Cas9_PhoX_DIA12_CV486075_250ng_FAIMS_002 P1_YKEIFFDQSK P2_KDLIIK 2 1,DIA12_CV486075:20251228_A2_N1_Mueller_MS_TechHub_IMP_THIDDIAXL003_Cas9_PhoX_DIA12_CV486075_250ng_FAIMS_002,733214,,,Q99ZW2,,,false,Q99ZW2,Q99ZW2,,false,KDLIIK,YKEIFFDQSK,1192,347,1,2,1192,348,,-1,4,0,1.007276,9.817937
Scan: 900692 Run: DIA12_CV486075:20251228_A2_N1_Mueller_MS_TechHub_IMP_THIDDIAXL003_Cas9_PhoX_DIA12_CV486075_250ng_FAIMS_002 P1_KSEETITPWNFEEVVDK P2_KDLIIKLPK 1 6,DIA12_CV486075:20251228_A2_N1_Mueller_MS_TechHub_IMP_THIDDIAXL003_Cas9_PhoX_DIA12_CV486075_250ng_FAIMS_002,900692,,,Q99ZW2,,,false,Q99ZW2,Q99ZW2,,false,KDLIIKLPK,KSEETITPWNFEEVVDK,1192,468,6,1,1197,468,,-1,4,0,1.007276,9.817587
Scan: 1635369 Run: DIA12_CV486075:20251228_A2_N1_Mueller_MS_TechHub_IMP_THIDDIAXL003_Cas9_PhoX_DIA12_CV486075_250ng_FAIMS_003 P1_QSGKTILDFLK P2_KDFQFYK 4 1,DIA12_CV486075:20251228_A2_N1_Mueller_MS_TechHub_IMP_THIDDIAXL003_Cas9_PhoX_DIA12_CV486075_250ng_FAIMS_003,1635369,,,Q99ZW2,,,false,Q99ZW2,Q99ZW2,,false,KDFQFYK,QSGKTILDFLK,968,674,1,4,968,677,,-1,4,0,1.007276,9.815761
Scan: 635647 Run: DIA12_CV486075:20251228_A2_N1_Mueller_MS_TechHub_IMP_THIDDIAXL003_Cas9_PhoX_DIA12_CV486075_250ng_FAIMS_002 P1_SNFDLAEDAKLQLSK P2_KTEVQTGGFSK 10 1,DIA12_CV486075:20251228_A2_N1_Mueller_MS_TechHub_IMP_THIDDIAXL003_Cas9_PhoX_DIA12_CV486075_250ng_FAIMS_002,635647,,,Q99ZW2,,,false,Q99ZW2,Q99ZW2,,false,KTEVQTGGFSK,SNFDLAEDAKLQLSK,1097,254,1,10,1097,263,,-1,4,0,1.007276,9.815652
Scan: 1456569 Run: DIA12_CV486075:20251228_A2_N1_Mueller_MS_TechHub_IMP_THIDDIAXL003_Cas9_PhoX_DIA12_CV486075_250ng_FAIMS_003 P1_YKEIFFDQSK P2_SKLVSDFR 2 2,DIA12_CV486075:20251228_A2_N1_Mueller_MS_TechHub_IMP_THIDDIAXL003_Cas9_PhoX_DIA12_CV486075_250ng_FAIMS_003,1456569,,,Q99ZW2,,,false,Q99ZW2,Q99ZW2,,false,SKLVSDFR,YKEIFFDQSK,960,347,2,2,961,348,,-1,3,0,1.007276,9.814713
Scan: 1485930 Run: DIA12_CV486075:20251228_A2_N1_Mueller_MS_TechHub_IMP_THIDDIAXL003_Cas9_PhoX_DIA12_CV486075_250ng_FAIMS_003 P1_KTEVQTGGFSK P2_IEKILTFR 1 3,DIA12_CV486075:20251228_A2_N1_Mueller_MS_TechHub_IMP_THIDDIAXL003_Cas9_PhoX_DIA12_CV486075_250ng_FAIMS_003,1485930,,,Q99ZW2,,,false,Q99ZW2,Q99ZW2,,false,IEKILTFR,KTEVQTGGFSK,440,1097,3,1,442,1097,,-1,4,0,1.007276,9.814328
Scan: 544608 Run: DIA12_CV486075:20251228_A2_N1_Mueller_MS_TechHub_IMP_THIDDIAXL003_Cas9_PhoX_DIA12_CV486075_250ng_FAIMS_001 P1_KTEVQTGGFSK P2_GKSDNVPSEEVVK 1 2,DIA12_CV486075:20251228_A2_N1_Mueller_MS_TechHub_IMP_THIDDIAXL003_Cas9_PhoX_DIA12_CV486075_250ng_FAIMS_001,544608,,,Q99ZW2,,,false,Q99ZW2,Q99ZW2,,false,GKSDNVPSEEVVK,KTEVQTGGFSK,865,1097,2,1,866,1097,,-1,3,0,1.007276,9.813743
Scan: 437387 Run: DIA12_CV486075:20251228_A2_N1_Mueller_MS_TechHub_IMP_THIDDIAXL003_Cas9_PhoX_DIA12_CV486075_250ng_FAIMS_001 P1_SSFEKNPIDFLEAK P2_DKQSGK 5 2,DIA12_CV486075:20251228_A2_N1_Mueller_MS_TechHub_IMP_THIDDIAXL003_Cas9_PhoX_DIA12_CV486075_250ng_FAIMS_001,437387,,,Q99ZW2,,,false,Q99ZW2,Q99ZW2,,false,DKQSGK,SSFEKNPIDFLEAK,672,1172,2,5,673,1176,,-1,4,0,1.007276,9.813458
Scan: 1553327 Run: DIA12_CV486075:20251228_A2_N1_Mueller_MS_TechHub_IMP_THIDDIAXL003_Cas9_PhoX_DIA12_CV486075_250ng_FAIMS_003 P1_MTNFDKNLPNEK P2_DKQSGK 6 2,DIA12_CV486075:20251228_A2_N1_Mueller_MS_TechHub_IMP_THIDDIAXL003_Cas9_PhoX_DIA12_CV486075_250ng_FAIMS_003,1553327,,,Q99ZW2,,,false,Q99ZW2,Q99ZW2,,false,DKQSGK,MTNFDKNLPNEK,672,495,2,6,673,500,,-1,3,0,1.007276,9.81307
Scan: 75445 Run: DIA12_CV486075:20251228_A2_N1_Mueller_MS_TechHub_IMP_THIDDIAXL003_Cas9_PhoX_DIA12_CV486075_250ng_FAIMS_001 P1_TEVQTGGFSKESILPK P2_KDFQFYK 10 1,DIA12_CV486075:20251228_A2_N1_Mueller_MS_TechHub_IMP_THIDDIAXL003_Cas9_PhoX_DIA12_CV486075_250ng_FAIMS_001,75445,,,Q99ZW2,,,false,Q99ZW2,Q99ZW2,,false,KDFQFYK,TEVQTGGFSKESILPK,968,1098,1,10,968,1107,,-1,4,0,1.007276,9.812651
Scan: 1159216 Run: DIA12_CV486075:20251228_A2_N1_Mueller_MS_TechHub_IMP_THIDDIAXL003_Cas9_PhoX_DIA12_CV486075_250ng_FAIMS_002 P1_KFDNLTK P2_KDFQFYK 1 1,DIA12_CV486075:20251228_A2_N1_Mueller_MS_TechHub_IMP_THIDDIAXL003_Cas9_PhoX_DIA12_CV486075_250ng_FAIMS_002,1159216,,,Q99ZW2,,,false,Q99ZW2,Q99ZW2,,false,KDFQFYK,KFDNLTK,968,896,1,1,968,896,,-1,3,0,1.007276,9.810658
Scan: 1399744 Run: DIA12_CV486075:20251228_A2_N1_Mueller_MS_TechHub_IMP_THIDDIAXL003_Cas9_PhoX_DIA12_CV486075_250ng_FAIMS_003 P1_KLVDSTDK P2_KDFQFYK 1 1,DIA12_CV486075:20251228_A2_N1_Mueller_MS_TechHub_IMP_THIDDIAXL003_Cas9_PhoX_DIA12_CV486075_250ng_FAIMS_003,1399744,,,Q99ZW2,,,false,Q99ZW2,Q99ZW2,,false,KDFQFYK,KLVDSTDK,968,141,1,1,968,141,,-1,3,0,1.007276,9.810156
Scan: 858487 Run: DIA12_CV486075:20251228_A2_N1_Mueller_MS_TechHub_IMP_THIDDIAXL003_Cas9_PhoX_DIA12_CV486075_250ng_FAIMS_002 P1_YKEIFFDQSK P2_SDKNR 2 3,DIA12_CV486075:20251228_A2_N1_Mueller_MS_TechHub_IMP_THIDDIAXL003_Cas9_PhoX_DIA12_CV486075_250ng_FAIMS_002,858487,,,Q99ZW2,,,false,Q99ZW2,Q99ZW2,,false,SDKNR,YKEIFFDQSK,860,347,3,2,862,348,,-1,3,0,1.007276,9.809921
Scan: 1196241 Run: DIA12_CV486075:20251228_A2_N1_Mueller_MS_TechHub_IMP_THIDDIAXL003_Cas9_PhoX_DIA12_CV486075_250ng_FAIMS_003 P1_YPKLESEFVYGDYK P2_SKLVSDFR 3 2,DIA12_CV486075:20251228_A2_N1_Mueller_MS_TechHub_IMP_THIDDIAXL003_Cas9_PhoX_DIA12_CV486075_250ng_FAIMS_003,1196241,,,Q99ZW2,,,false,Q99ZW2,Q99ZW2,,false,SKLVSDFR,YPKLESEFVYGDYK,960,1001,2,3,961,1003,,-1,4,0,1.007276,9.809644
Scan: 791849 Run: DIA12_CV486075:20251228_A2_N1_Mueller_MS_TechHub_IMP_THIDDIAXL003_Cas9_PhoX_DIA12_CV486075_250ng_FAIMS_002 P1_RNSDKLIAR P2_EQAENIIHLFTLTNLGAPAAFKYFDTTIDR 5 22,DIA12_CV486075:20251228_A2_N1_Mueller_MS_TechHub_IMP_THIDDIAXL003_Cas9_PhoX_DIA12_CV486075_250ng_FAIMS_002,791849,,,Q99ZW2,,,false,Q99ZW2,Q99ZW2,,false,EQAENIIHLFTLTNLGAPAAFKYFDTTIDR,RNSDKLIAR,1304,1114,22,5,1325,1118,,-1,5,0,1.007276,9.808943
Scan: 802163 Run: DIA12_CV486075:20251228_A2_N1_Mueller_MS_TechHub_IMP_THIDDIAXL003_Cas9_PhoX_DIA12_CV486075_250ng_FAIMS_002 P1_KLVDSTDK P2_GKSDNVPSEEVVK 1 2,DIA12_CV486075:20251228_A2_N1_Mueller_MS_TechHub_IMP_THIDDIAXL003_Cas9_PhoX_DIA12_CV486075_250ng_FAIMS_002,802163,,,Q99ZW2,,,false,Q99ZW2,Q99ZW2,,false,GKSDNVPSEEVVK,KLVDSTDK,865,141,2,1,866,141,,-1,3,0,1.007276,9.808772
Scan: 293774 Run: DIA12_CV486075:20251228_A2_N1_Mueller_MS_TechHub_IMP_THIDDIAXL003_Cas9_PhoX_DIA12_CV486075_250ng_FAIMS_001 P1_TILDFLKSDGFANR P2_IEKILTFR 7 3,DIA12_CV486075:20251228_A2_N1_Mueller_MS_TechHub_IMP_THIDDIAXL003_Cas9_PhoX_DIA12_CV486075_250ng_FAIMS_001,293774,,,Q99ZW2,,,false,Q99ZW2,Q99ZW2,,false,IEKILTFR,TILDFLKSDGFANR,440,678,3,7,442,684,,-1,4,0,1.007276,9.808448
Scan: 1271886 Run: DIA12_CV486075:20251228_A2_N1_Mueller_MS_TechHub_IMP_THIDDIAXL003_Cas9_PhoX_DIA12_CV486075_250ng_FAIMS_003 P1_YDEHHQDLTLLKALVR P2_LEESFLVEEDKKHER 12 11,DIA12_CV486075:20251228_A2_N1_Mueller_MS_TechHub_IMP_THIDDIAXL003_Cas9_PhoX_DIA12_CV486075_250ng_FAIMS_003,1271886,,,Q99ZW2,,,false,Q99ZW2,Q99ZW2,,false,LEESFLVEEDKKHER,YDEHHQDLTLLKALVR,101,325,11,12,111,336,,-1,5,0,1.007276,9.808407
Scan: 1634476 Run: DIA12_CV486075:20251228_A2_N1_Mueller_MS_TechHub_IMP_THIDDIAXL003_Cas9_PhoX_DIA12_CV486075_250ng_FAIMS_003 P1_QSGKTILDFLK P2_FKVLGNTDR 4 2,DIA12_CV486075:20251228_A2_N1_Mueller_MS_TechHub_IMP_THIDDIAXL003_Cas9_PhoX_DIA12_CV486075_250ng_FAIMS_003,1634476,,,Q99ZW2,,,false,Q99ZW2,Q99ZW2,,false,FKVLGNTDR,QSGKTILDFLK,32,674,2,4,33,677,,-1,3,0,1.007276,9.807266
Scan: 6594 Run: DIA12_CV486075:20251228_A2_N1_Mueller_MS_TechHub_IMP_THIDDIAXL003_Cas9_PhoX_DIA12_CV486075_250ng_FAIMS_001 P1_LESEFVYGDYKVYDVR P2_FKVLGNTDR 11 2,DIA12_CV486075:20251228_A2_N1_Mueller_MS_TechHub_IMP_THIDDIAXL003_Cas9_PhoX_DIA12_CV486075_250ng_FAIMS_001,6594,,,Q99ZW2,,,false,Q99ZW2,Q99ZW2,,false,FKVLGNTDR,LESEFVYGDYKVYDVR,32,1004,2,11,33,1014,,-1,4,0,1.007276,9.805989
Scan: 514644 Run: DIA12_CV486075:20251228_A2_N1_Mueller_MS_TechHub_IMP_THIDDIAXL003_Cas9_PhoX_DIA12_CV486075_250ng_FAIMS_001 P1_IEEGIKELGSQILK P2_FKVLGNTDR 6 2,DIA12_CV486075:20251228_A2_N1_Mueller_MS_TechHub_IMP_THIDDIAXL003_Cas9_PhoX_DIA12_CV486075_250ng_FAIMS_001,514644,,,Q99ZW2,,,false,Q99ZW2,Q99ZW2,,false,FKVLGNTDR,IEEGIKELGSQILK,32,784,2,6,33,789,,-1,4,0,1.007276,9.805418
Scan: 1285943 Run: DIA12_CV486075:20251228_A2_N1_Mueller_MS_TechHub_IMP_THIDDIAXL003_Cas9_PhoX_DIA12_CV486075_250ng_FAIMS_003 P1_QSGKTILDFLK P2_NSDKLIAR 4 4,DIA12_CV486075:20251228_A2_N1_Mueller_MS_TechHub_IMP_THIDDIAXL003_Cas9_PhoX_DIA12_CV486075_250ng_FAIMS_003,1285943,,,Q99ZW2,,,false,Q99ZW2,Q99ZW2,,false,NSDKLIAR,QSGKTILDFLK,1115,674,4,4,1118,677,,-1,4,0,1.007276,9.804955
Scan: 1351528 Run: DIA12_CV486075:20251228_A2_N1_Mueller_MS_TechHub_IMP_THIDDIAXL003_Cas9_PhoX_DIA12_CV486075_250ng_FAIMS_003 P1_KLINGIR P2_GNELALPSKYVNFLYLASHYEK 1 9,DIA12_CV486075:20251228_A2_N1_Mueller_MS_TechHub_IMP_THIDDIAXL003_Cas9_PhoX_DIA12_CV486075_250ng_FAIMS_003,1351528,,,Q99ZW2,,,false,Q99ZW2,Q99ZW2,,false,GNELALPSKYVNFLYLASHYEK,KLINGIR,1223,665,9,1,1231,665,,-1,4,0,1.007276,9.804388
Scan: 1037564 Run: DIA12_CV486075:20251228_A2_N1_Mueller_MS_TechHub_IMP_THIDDIAXL003_Cas9_PhoX_DIA12_CV486075_250ng_FAIMS_002 P1_QSGKTILDFLK P2_KGILQTVK 4 1,DIA12_CV486075:20251228_A2_N1_Mueller_MS_TechHub_IMP_THIDDIAXL003_Cas9_PhoX_DIA12_CV486075_250ng_FAIMS_002,1037564,,,Q99ZW2,,,false,Q99ZW2,Q99ZW2,,false,KGILQTVK,QSGKTILDFLK,735,674,1,4,735,677,,-1,3,0,1.007276,9.804162
Scan: 696075 Run: DIA12_CV486075:20251228_A2_N1_Mueller_MS_TechHub_IMP_THIDDIAXL003_Cas9_PhoX_DIA12_CV486075_250ng_FAIMS_002 P1_KDWDPK P2_GQKNSR 1 3,DIA12_CV486075:20251228_A2_N1_Mueller_MS_TechHub_IMP_THIDDIAXL003_Cas9_PhoX_DIA12_CV486075_250ng_FAIMS_002,696075,,,Q99ZW2,,,false,Q99ZW2,Q99ZW2,,false,GQKNSR,KDWDPK,773,1124,3,1,775,1124,,-1,3,0,1.007276,9.803935
Scan: 230755 Run: DIA12_CV486075:20251228_A2_N1_Mueller_MS_TechHub_IMP_THIDDIAXL003_Cas9_PhoX_DIA12_CV486075_250ng_FAIMS_001 P1_VNTEITKAPLSASMIK P2_FKVLGNTDR 7 2,DIA12_CV486075:20251228_A2_N1_Mueller_MS_TechHub_IMP_THIDDIAXL003_Cas9_PhoX_DIA12_CV486075_250ng_FAIMS_001,230755,,,Q99ZW2,,,false,Q99ZW2,Q99ZW2,,false,FKVLGNTDR,VNTEITKAPLSASMIK,32,308,2,7,33,314,,-1,3,0,1.007276,9.803539
Scan: 1293046 Run: DIA12_CV486075:20251228_A2_N1_Mueller_MS_TechHub_IMP_THIDDIAXL003_Cas9_PhoX_DIA12_CV486075_250ng_FAIMS_003 P1_KDWDPK P2_IEKILTFR 1 3,DIA12_CV486075:20251228_A2_N1_Mueller_MS_TechHub_IMP_THIDDIAXL003_Cas9_PhoX_DIA12_CV486075_250ng_FAIMS_003,1293046,,,Q99ZW2,,,false,Q99ZW2,Q99ZW2,,false,IEKILTFR,KDWDPK,440,1124,3,1,442,1124,,-1,3,0,1.007276,9.803525
Scan: 82892 Run: DIA12_CV486075:20251228_A2_N1_Mueller_MS_TechHub_IMP_THIDDIAXL003_Cas9_PhoX_DIA12_CV486075_250ng_FAIMS_001 P1_NSDKLIAR P2_KKDWDPKK 4 1,DIA12_CV486075:20251228_A2_N1_Mueller_MS_TechHub_IMP_THIDDIAXL003_Cas9_PhoX_DIA12_CV486075_250ng_FAIMS_001,82892,,,Q99ZW2,,,false,Q99ZW2,Q99ZW2,,false,KKDWDPKK,NSDKLIAR,1123,1115,1,4,1123,1118,,-1,4,0,1.007276,9.803279
Scan: 1002946 Run: DIA12_CV486075:20251228_A2_N1_Mueller_MS_TechHub_IMP_THIDDIAXL003_Cas9_PhoX_DIA12_CV486075_250ng_FAIMS_002 P1_KDFQFYK P2_KAIVDLLFK 1 1,DIA12_CV486075:20251228_A2_N1_Mueller_MS_TechHub_IMP_THIDDIAXL003_Cas9_PhoX_DIA12_CV486075_250ng_FAIMS_002,1002946,,,Q99ZW2,,,false,Q99ZW2,Q99ZW2,,false,KAIVDLLFK,KDFQFYK,546,968,1,1,546,968,,-1,3,0,1.007276,9.802889
Scan: 1690189 Run: DIA12_CV486075:20251228_A2_N1_Mueller_MS_TechHub_IMP_THIDDIAXL003_Cas9_PhoX_DIA12_CV486075_250ng_FAIMS_003 P1_GILQTVKVVDELVK P2_DKQSGK 7 2,DIA12_CV486075:20251228_A2_N1_Mueller_MS_TechHub_IMP_THIDDIAXL003_Cas9_PhoX_DIA12_CV486075_250ng_FAIMS_003,1690189,,,Q99ZW2,,,false,Q99ZW2,Q99ZW2,,false,DKQSGK,GILQTVKVVDELVK,672,736,2,7,673,742,,-1,4,0,1.007276,9.802552
Scan: 1158523 Run: DIA12_CV486075:20251228_A2_N1_Mueller_MS_TechHub_IMP_THIDDIAXL003_Cas9_PhoX_DIA12_CV486075_250ng_FAIMS_002 P1_KFDNLTK P2_KAIVDLLFK 1 1,DIA12_CV486075:20251228_A2_N1_Mueller_MS_TechHub_IMP_THIDDIAXL003_Cas9_PhoX_DIA12_CV486075_250ng_FAIMS_002,1158523,,,Q99ZW2,,,false,Q99ZW2,Q99ZW2,,false,KAIVDLLFK,KFDNLTK,546,896,1,1,546,896,,-1,3,0,1.007276,9.801915
Scan: 1153897 Run: DIA12_CV486075:20251228_A2_N1_Mueller_MS_TechHub_IMP_THIDDIAXL003_Cas9_PhoX_DIA12_CV486075_250ng_FAIMS_002 P1_SDNVPSEEVVKK P2_KFDNLTK 11 1,DIA12_CV486075:20251228_A2_N1_Mueller_MS_TechHub_IMP_THIDDIAXL003_Cas9_PhoX_DIA12_CV486075_250ng_FAIMS_002,1153897,,,Q99ZW2,,,false,Q99ZW2,Q99ZW2,,false,KFDNLTK,SDNVPSEEVVKK,896,867,1,11,896,877,,-1,3,0,1.007276,9.801859
Scan: 1113867 Run: DIA12_CV486075:20251228_A2_N1_Mueller_MS_TechHub_IMP_THIDDIAXL003_Cas9_PhoX_DIA12_CV486075_250ng_FAIMS_002 P1_IEEGIKELGSQILK P2_GKSDNVPSEEVVK 6 2,DIA12_CV486075:20251228_A2_N1_Mueller_MS_TechHub_IMP_THIDDIAXL003_Cas9_PhoX_DIA12_CV486075_250ng_FAIMS_002,1113867,,,Q99ZW2,,,false,Q99ZW2,Q99ZW2,,false,GKSDNVPSEEVVK,IEEGIKELGSQILK,865,784,2,6,866,789,,-1,4,0,1.007276,9.801855
Scan: 1001549 Run: DIA12_CV486075:20251228_A2_N1_Mueller_MS_TechHub_IMP_THIDDIAXL003_Cas9_PhoX_DIA12_CV486075_250ng_FAIMS_002 P1_KTEVQTGGFSK P2_KAIVDLLFK 1 1,DIA12_CV486075:20251228_A2_N1_Mueller_MS_TechHub_IMP_THIDDIAXL003_Cas9_PhoX_DIA12_CV486075_250ng_FAIMS_002,1001549,,,Q99ZW2,,,false,Q99ZW2,Q99ZW2,,false,KAIVDLLFK,KTEVQTGGFSK,546,1097,1,1,546,1097,,-1,3,0,1.007276,9.800836
Scan: 389994 Run: DIA12_CV486075:20251228_A2_N1_Mueller_MS_TechHub_IMP_THIDDIAXL003_Cas9_PhoX_DIA12_CV486075_250ng_FAIMS_001 P1_MNTKYDENDK P2_KPAFLSGEQK 4 1,DIA12_CV486075:20251228_A2_N1_Mueller_MS_TechHub_IMP_THIDDIAXL003_Cas9_PhoX_DIA12_CV486075_250ng_FAIMS_001,389994,,,Q99ZW2,,,false,Q99ZW2,Q99ZW2,,false,KPAFLSGEQK,MNTKYDENDK,536,939,1,4,536,942,,-1,3,0,1.007276,9.800387
Scan: 1334855 Run: DIA12_CV486075:20251228_A2_N1_Mueller_MS_TechHub_IMP_THIDDIAXL003_Cas9_PhoX_DIA12_CV486075_250ng_FAIMS_003 P1_KTEVQTGGFSKESILPK P2_KDLIIKLPK 1 6,DIA12_CV486075:20251228_A2_N1_Mueller_MS_TechHub_IMP_THIDDIAXL003_Cas9_PhoX_DIA12_CV486075_250ng_FAIMS_003,1334855,,,Q99ZW2,,,false,Q99ZW2,Q99ZW2,,false,KDLIIKLPK,KTEVQTGGFSKESILPK,1192,1097,6,1,1197,1097,,-1,4,0,1.007276,9.798928
Scan: 1000133 Run: DIA12_CV486075:20251228_A2_N1_Mueller_MS_TechHub_IMP_THIDDIAXL003_Cas9_PhoX_DIA12_CV486075_250ng_FAIMS_002 P1_KPAFLSGEQKK P2_FKVLGNTDR 10 2,DIA12_CV486075:20251228_A2_N1_Mueller_MS_TechHub_IMP_THIDDIAXL003_Cas9_PhoX_DIA12_CV486075_250ng_FAIMS_002,1000133,,,Q99ZW2,,,false,Q99ZW2,Q99ZW2,,false,FKVLGNTDR,KPAFLSGEQKK,32,536,2,10,33,545,,-1,4,0,1.007276,9.798052
Scan: 40061 Run: DIA12_CV486075:20251228_A2_N1_Mueller_MS_TechHub_IMP_THIDDIAXL003_Cas9_PhoX_DIA12_CV486075_250ng_FAIMS_001 P1_TILDFLKSDGFANR P2_KTEVQTGGFSK 7 1,DIA12_CV486075:20251228_A2_N1_Mueller_MS_TechHub_IMP_THIDDIAXL003_Cas9_PhoX_DIA12_CV486075_250ng_FAIMS_001,40061,,,Q99ZW2,,,false,Q99ZW2,Q99ZW2,,false,KTEVQTGGFSK,TILDFLKSDGFANR,1097,678,1,7,1097,684,,-1,4,0,1.007276,9.797996
Scan: 215338 Run: DIA12_CV486075:20251228_A2_N1_Mueller_MS_TechHub_IMP_THIDDIAXL003_Cas9_PhoX_DIA12_CV486075_250ng_FAIMS_001 P1_TILDFLKSDGFANR P2_LENLIAQLPGEKK 7 12,DIA12_CV486075:20251228_A2_N1_Mueller_MS_TechHub_IMP_THIDDIAXL003_Cas9_PhoX_DIA12_CV486075_250ng_FAIMS_001,215338,,,Q99ZW2,,,false,Q99ZW2,Q99ZW2,,false,LENLIAQLPGEKK,TILDFLKSDGFANR,222,678,12,7,233,684,,-1,4,0,1.007276,9.79742
Scan: 588307 Run: DIA12_CV486075:20251228_A2_N1_Mueller_MS_TechHub_IMP_THIDDIAXL003_Cas9_PhoX_DIA12_CV486075_250ng_FAIMS_001 P1_VILADANLDKVLSAYNK P2_SKLVSDFR 10 2,DIA12_CV486075:20251228_A2_N1_Mueller_MS_TechHub_IMP_THIDDIAXL003_Cas9_PhoX_DIA12_CV486075_250ng_FAIMS_001,588307,,,Q99ZW2,,,false,Q99ZW2,Q99ZW2,,false,SKLVSDFR,VILADANLDKVLSAYNK,960,1280,2,10,961,1289,,-1,4,0,1.007276,9.796589
Scan: 1643824 Run: DIA12_CV486075:20251228_A2_N1_Mueller_MS_TechHub_IMP_THIDDIAXL003_Cas9_PhoX_DIA12_CV486075_250ng_FAIMS_003 P1_TILDFLKSDGFANR P2_EHPVENTQLQNEKLYLYYLQNGR 7 13,DIA12_CV486075:20251228_A2_N1_Mueller_MS_TechHub_IMP_THIDDIAXL003_Cas9_PhoX_DIA12_CV486075_250ng_FAIMS_003,1643824,,,Q99ZW2,,,false,Q99ZW2,Q99ZW2,,false,EHPVENTQLQNEKLYLYYLQNGR,TILDFLKSDGFANR,798,678,13,7,810,684,,-1,4,0,1.007276,9.796261
Scan: 589413 Run: DIA12_CV486075:20251228_A2_N1_Mueller_MS_TechHub_IMP_THIDDIAXL003_Cas9_PhoX_DIA12_CV486075_250ng_FAIMS_001 P1_SKLVSDFRK P2_KGILQTVK 2 1,DIA12_CV486075:20251228_A2_N1_Mueller_MS_TechHub_IMP_THIDDIAXL003_Cas9_PhoX_DIA12_CV486075_250ng_FAIMS_001,589413,,,Q99ZW2,,,false,Q99ZW2,Q99ZW2,,false,KGILQTVK,SKLVSDFRK,735,960,1,2,735,961,,-1,4,0,1.007276,9.796162
Scan: 514833 Run: DIA12_CV486075:20251228_A2_N1_Mueller_MS_TechHub_IMP_THIDDIAXL003_Cas9_PhoX_DIA12_CV486075_250ng_FAIMS_001 P1_YKEIFFDQSK P2_IEEGIKELGSQILK 2 6,DIA12_CV486075:20251228_A2_N1_Mueller_MS_TechHub_IMP_THIDDIAXL003_Cas9_PhoX_DIA12_CV486075_250ng_FAIMS_001,514833,,,Q99ZW2,,,false,Q99ZW2,Q99ZW2,,false,IEEGIKELGSQILK,YKEIFFDQSK,784,347,6,2,789,348,,-1,4,0,1.007276,9.794926
Scan: 1741720 Run: DIA12_CV486075:20251228_A2_N1_Mueller_MS_TechHub_IMP_THIDDIAXL003_Cas9_PhoX_DIA12_CV486075_250ng_FAIMS_003 P1_KVTVK P2_GKSDNVPSEEVVK 1 2,DIA12_CV486075:20251228_A2_N1_Mueller_MS_TechHub_IMP_THIDDIAXL003_Cas9_PhoX_DIA12_CV486075_250ng_FAIMS_003,1741720,,,Q99ZW2,,,false,Q99ZW2,Q99ZW2,,false,GKSDNVPSEEVVK,KVTVK,865,558,2,1,866,558,,-1,3,0,1.007276,9.793018
Scan: 1264900 Run: DIA12_CV486075:20251228_A2_N1_Mueller_MS_TechHub_IMP_THIDDIAXL003_Cas9_PhoX_DIA12_CV486075_250ng_FAIMS_003 P1_TEVQTGGFSKESILPK P2_IEKILTFR 10 3,DIA12_CV486075:20251228_A2_N1_Mueller_MS_TechHub_IMP_THIDDIAXL003_Cas9_PhoX_DIA12_CV486075_250ng_FAIMS_003,1264900,,,Q99ZW2,,,false,Q99ZW2,Q99ZW2,,false,IEKILTFR,TEVQTGGFSKESILPK,440,1098,3,10,442,1107,,-1,4,0,1.007276,9.792065
Scan: 85071 Run: DIA12_CV486075:20251228_A2_N1_Mueller_MS_TechHub_IMP_THIDDIAXL003_Cas9_PhoX_DIA12_CV486075_250ng_FAIMS_001 P1_RNSDKLIAR P2_KYGGFDSPTVAYSVLVVAK 5 1,DIA12_CV486075:20251228_A2_N1_Mueller_MS_TechHub_IMP_THIDDIAXL003_Cas9_PhoX_DIA12_CV486075_250ng_FAIMS_001,85071,,,Q99ZW2,,,false,Q99ZW2,Q99ZW2,,false,KYGGFDSPTVAYSVLVVAK,RNSDKLIAR,1130,1114,1,5,1130,1118,,-1,4,0,1.007276,9.79201
Scan: 1637728 Run: DIA12_CV486075:20251228_A2_N1_Mueller_MS_TechHub_IMP_THIDDIAXL003_Cas9_PhoX_DIA12_CV486075_250ng_FAIMS_003 P1_TILDFLKSDGFANR P2_NPIDFLEAKGYK 7 9,DIA12_CV486075:20251228_A2_N1_Mueller_MS_TechHub_IMP_THIDDIAXL003_Cas9_PhoX_DIA12_CV486075_250ng_FAIMS_003,1637728,,,Q99ZW2,,,false,Q99ZW2,Q99ZW2,,false,NPIDFLEAKGYK,TILDFLKSDGFANR,1177,678,9,7,1185,684,,-1,4,0,1.007276,9.791072
Scan: 1034718 Run: DIA12_CV486075:20251228_A2_N1_Mueller_MS_TechHub_IMP_THIDDIAXL003_Cas9_PhoX_DIA12_CV486075_250ng_FAIMS_002 P1_KKDWDPK P2_DKQSGK 1 2,DIA12_CV486075:20251228_A2_N1_Mueller_MS_TechHub_IMP_THIDDIAXL003_Cas9_PhoX_DIA12_CV486075_250ng_FAIMS_002,1034718,,,Q99ZW2,,,false,Q99ZW2,Q99ZW2,,false,DKQSGK,KKDWDPK,672,1123,2,1,673,1123,,-1,3,0,1.007276,9.790432
Scan: 1546534 Run: DIA12_CV486075:20251228_A2_N1_Mueller_MS_TechHub_IMP_THIDDIAXL003_Cas9_PhoX_DIA12_CV486075_250ng_FAIMS_003 P1_SEETITPWNFEEVVDKGASAQSFIER P2_KDFQFYK 16 1,DIA12_CV486075:20251228_A2_N1_Mueller_MS_TechHub_IMP_THIDDIAXL003_Cas9_PhoX_DIA12_CV486075_250ng_FAIMS_003,1546534,,,Q99ZW2,,,false,Q99ZW2,Q99ZW2,,false,KDFQFYK,SEETITPWNFEEVVDKGASAQSFIER,968,469,1,16,968,484,,-1,4,0,1.007276,9.790099
Scan: 850139 Run: DIA12_CV486075:20251228_A2_N1_Mueller_MS_TechHub_IMP_THIDDIAXL003_Cas9_PhoX_DIA12_CV486075_250ng_FAIMS_002 P1_QQLPEKYKEIFFDQSK P2_LEESFLVEEDKKHER 6 11,DIA12_CV486075:20251228_A2_N1_Mueller_MS_TechHub_IMP_THIDDIAXL003_Cas9_PhoX_DIA12_CV486075_250ng_FAIMS_002,850139,,,Q99ZW2,,,false,Q99ZW2,Q99ZW2,,false,LEESFLVEEDKKHER,QQLPEKYKEIFFDQSK,101,341,11,6,111,346,,-1,5,0,1.007276,9.790031
Scan: 1465529 Run: DIA12_CV486075:20251228_A2_N1_Mueller_MS_TechHub_IMP_THIDDIAXL003_Cas9_PhoX_DIA12_CV486075_250ng_FAIMS_003 P1_NSDKLIAR P2_EIFFDQSKNGYAGYIDGGASQEEFYK 4 8,DIA12_CV486075:20251228_A2_N1_Mueller_MS_TechHub_IMP_THIDDIAXL003_Cas9_PhoX_DIA12_CV486075_250ng_FAIMS_003,1465529,,,Q99ZW2,,,false,Q99ZW2,Q99ZW2,,false,EIFFDQSKNGYAGYIDGGASQEEFYK,NSDKLIAR,349,1115,8,4,356,1118,,-1,4,0,1.007276,9.78996
Scan: 1140686 Run: DIA12_CV486075:20251228_A2_N1_Mueller_MS_TechHub_IMP_THIDDIAXL003_Cas9_PhoX_DIA12_CV486075_250ng_FAIMS_002 P1_SKLVSDFR P2_DDSIDNKVLTR 2 7,DIA12_CV486075:20251228_A2_N1_Mueller_MS_TechHub_IMP_THIDDIAXL003_Cas9_PhoX_DIA12_CV486075_250ng_FAIMS_002,1140686,,,Q99ZW2,,,false,Q99ZW2,Q99ZW2,,false,DDSIDNKVLTR,SKLVSDFR,849,960,7,2,855,961,,-1,3,0,1.007276,9.789043
Scan: 1760156 Run: DIA12_CV486075:20251228_A2_N1_Mueller_MS_TechHub_IMP_THIDDIAXL003_Cas9_PhoX_DIA12_CV486075_250ng_FAIMS_003 P1_KFDNLTKAER P2_GKSDNVPSEEVVK 7 2,DIA12_CV486075:20251228_A2_N1_Mueller_MS_TechHub_IMP_THIDDIAXL003_Cas9_PhoX_DIA12_CV486075_250ng_FAIMS_003,1760156,,,Q99ZW2,,,false,Q99ZW2,Q99ZW2,,false,GKSDNVPSEEVVK,KFDNLTKAER,865,896,2,7,866,902,,-1,4,0,1.007276,9.788298
Scan: 1541573 Run: DIA12_CV486075:20251228_A2_N1_Mueller_MS_TechHub_IMP_THIDDIAXL003_Cas9_PhoX_DIA12_CV486075_250ng_FAIMS_003 P1_SEETITPWNFEEVVDKGASAQSFIER P2_NLPNEKVLPK 16 6,DIA12_CV486075:20251228_A2_N1_Mueller_MS_TechHub_IMP_THIDDIAXL003_Cas9_PhoX_DIA12_CV486075_250ng_FAIMS_003,1541573,,,Q99ZW2,,,false,Q99ZW2,Q99ZW2,,false,NLPNEKVLPK,SEETITPWNFEEVVDKGASAQSFIER,501,469,6,16,506,484,,-1,4,0,1.007276,9.788175
Scan: 1560963 Run: DIA12_CV486075:20251228_A2_N1_Mueller_MS_TechHub_IMP_THIDDIAXL003_Cas9_PhoX_DIA12_CV486075_250ng_FAIMS_003 P1_VLPKHSLLYEYFTVYNELTK P2_MNTKYDENDK 4 4,DIA12_CV486075:20251228_A2_N1_Mueller_MS_TechHub_IMP_THIDDIAXL003_Cas9_PhoX_DIA12_CV486075_250ng_FAIMS_003,1560963,,,Q99ZW2,,,false,Q99ZW2,Q99ZW2,,false,MNTKYDENDK,VLPKHSLLYEYFTVYNELTK,939,507,4,4,942,510,,-1,4,0,1.007276,9.788035
Scan: 1226510 Run: DIA12_CV486075:20251228_A2_N1_Mueller_MS_TechHub_IMP_THIDDIAXL003_Cas9_PhoX_DIA12_CV486075_250ng_FAIMS_003 P1_KVLSMPQVNIVK P2_KVLSMPQVNIVK 1 1,DIA12_CV486075:20251228_A2_N1_Mueller_MS_TechHub_IMP_THIDDIAXL003_Cas9_PhoX_DIA12_CV486075_250ng_FAIMS_003,1226510,,,Q99ZW2,,,false,Q99ZW2,Q99ZW2,,false,KVLSMPQVNIVK,KVLSMPQVNIVK,1085,1085,1,1,1085,1085,,-1,4,0,1.007276,9.787039
Scan: 245364 Run: DIA12_CV486075:20251228_A2_N1_Mueller_MS_TechHub_IMP_THIDDIAXL003_Cas9_PhoX_DIA12_CV486075_250ng_FAIMS_001 P1_GQKNSR P2_FKVLGNTDR 3 2,DIA12_CV486075:20251228_A2_N1_Mueller_MS_TechHub_IMP_THIDDIAXL003_Cas9_PhoX_DIA12_CV486075_250ng_FAIMS_001,245364,,,Q99ZW2,,,false,Q99ZW2,Q99ZW2,,false,FKVLGNTDR,GQKNSR,32,773,2,3,33,775,,-1,3,0,1.007276,9.786834
Scan: 1436055 Run: DIA12_CV486075:20251228_A2_N1_Mueller_MS_TechHub_IMP_THIDDIAXL003_Cas9_PhoX_DIA12_CV486075_250ng_FAIMS_003 P1_SEQEIGKATAK P2_FKVLGNTDR 7 2,DIA12_CV486075:20251228_A2_N1_Mueller_MS_TechHub_IMP_THIDDIAXL003_Cas9_PhoX_DIA12_CV486075_250ng_FAIMS_003,1436055,,,Q99ZW2,,,false,Q99ZW2,Q99ZW2,,false,FKVLGNTDR,SEQEIGKATAK,32,1025,2,7,33,1031,,-1,3,0,1.007276,9.786769
Scan: 1718183 Run: DIA12_CV486075:20251228_A2_N1_Mueller_MS_TechHub_IMP_THIDDIAXL003_Cas9_PhoX_DIA12_CV486075_250ng_FAIMS_003 P1_VLPKHSLLYEYFTVYNELTK P2_ELGSQILKEHPVENTQLQNEK 4 8,DIA12_CV486075:20251228_A2_N1_Mueller_MS_TechHub_IMP_THIDDIAXL003_Cas9_PhoX_DIA12_CV486075_250ng_FAIMS_003,1718183,,,Q99ZW2,,,false,Q99ZW2,Q99ZW2,,false,ELGSQILKEHPVENTQLQNEK,VLPKHSLLYEYFTVYNELTK,790,507,8,4,797,510,,-1,5,0,1.007276,9.786697
Scan: 1649292 Run: DIA12_CV486075:20251228_A2_N1_Mueller_MS_TechHub_IMP_THIDDIAXL003_Cas9_PhoX_DIA12_CV486075_250ng_FAIMS_003 P1_SSFEKNPIDFLEAK P2_EDIQKAQVSGQGDSLHEHIANLAGSPAIK 5 5,DIA12_CV486075:20251228_A2_N1_Mueller_MS_TechHub_IMP_THIDDIAXL003_Cas9_PhoX_DIA12_CV486075_250ng_FAIMS_003,1649292,,,Q99ZW2,,,false,Q99ZW2,Q99ZW2,,false,EDIQKAQVSGQGDSLHEHIANLAGSPAIK,SSFEKNPIDFLEAK,706,1172,5,5,710,1176,,-1,6,0,1.007276,9.78574
Scan: 134096 Run: DIA12_CV486075:20251228_A2_N1_Mueller_MS_TechHub_IMP_THIDDIAXL003_Cas9_PhoX_DIA12_CV486075_250ng_FAIMS_001 P1_NPIDFLEAKGYK P2_KDLIIK 9 1,DIA12_CV486075:20251228_A2_N1_Mueller_MS_TechHub_IMP_THIDDIAXL003_Cas9_PhoX_DIA12_CV486075_250ng_FAIMS_001,134096,,,Q99ZW2,,,false,Q99ZW2,Q99ZW2,,false,KDLIIK,NPIDFLEAKGYK,1192,1177,1,9,1192,1185,,-1,4,0,1.007276,9.785309
Scan: 1545945 Run: DIA12_CV486075:20251228_A2_N1_Mueller_MS_TechHub_IMP_THIDDIAXL003_Cas9_PhoX_DIA12_CV486075_250ng_FAIMS_003 P1_SEETITPWNFEEVVDKGASAQSFIER P2_KFDNLTK 16 1,DIA12_CV486075:20251228_A2_N1_Mueller_MS_TechHub_IMP_THIDDIAXL003_Cas9_PhoX_DIA12_CV486075_250ng_FAIMS_003,1545945,,,Q99ZW2,,,false,Q99ZW2,Q99ZW2,,false,KFDNLTK,SEETITPWNFEEVVDKGASAQSFIER,896,469,1,16,896,484,,-1,4,0,1.007276,9.783547
Scan: 775240 Run: DIA12_CV486075:20251228_A2_N1_Mueller_MS_TechHub_IMP_THIDDIAXL003_Cas9_PhoX_DIA12_CV486075_250ng_FAIMS_002 P1_KLINGIR P2_HYLDEIIEQISEFSKR 1 15,DIA12_CV486075:20251228_A2_N1_Mueller_MS_TechHub_IMP_THIDDIAXL003_Cas9_PhoX_DIA12_CV486075_250ng_FAIMS_002,775240,,,Q99ZW2,,,false,Q99ZW2,Q99ZW2,,false,HYLDEIIEQISEFSKR,KLINGIR,1264,665,15,1,1278,665,,-1,4,0,1.007276,9.783239
Scan: 1259458 Run: DIA12_CV486075:20251228_A2_N1_Mueller_MS_TechHub_IMP_THIDDIAXL003_Cas9_PhoX_DIA12_CV486075_250ng_FAIMS_003 P1_TEVQTGGFSKESILPK P2_KDWDPK 10 1,DIA12_CV486075:20251228_A2_N1_Mueller_MS_TechHub_IMP_THIDDIAXL003_Cas9_PhoX_DIA12_CV486075_250ng_FAIMS_003,1259458,,,Q99ZW2,,,false,Q99ZW2,Q99ZW2,,false,KDWDPK,TEVQTGGFSKESILPK,1124,1098,1,10,1124,1107,,-1,3,0,1.007276,9.783086
Scan: 1412489 Run: DIA12_CV486075:20251228_A2_N1_Mueller_MS_TechHub_IMP_THIDDIAXL003_Cas9_PhoX_DIA12_CV486075_250ng_FAIMS_003 P1_KPAFLSGEQK P2_KNGLFGNLIALSLGLTPNFK 1 1,DIA12_CV486075:20251228_A2_N1_Mueller_MS_TechHub_IMP_THIDDIAXL003_Cas9_PhoX_DIA12_CV486075_250ng_FAIMS_003,1412489,,,Q99ZW2,,,false,Q99ZW2,Q99ZW2,,false,KNGLFGNLIALSLGLTPNFK,KPAFLSGEQK,234,536,1,1,234,536,,-1,4,0,1.007276,9.78282
Scan: 1001943 Run: DIA12_CV486075:20251228_A2_N1_Mueller_MS_TechHub_IMP_THIDDIAXL003_Cas9_PhoX_DIA12_CV486075_250ng_FAIMS_002 P1_KAIVDLLFK P2_DKPIR 1 2,DIA12_CV486075:20251228_A2_N1_Mueller_MS_TechHub_IMP_THIDDIAXL003_Cas9_PhoX_DIA12_CV486075_250ng_FAIMS_002,1001943,,,Q99ZW2,,,false,Q99ZW2,Q99ZW2,,false,DKPIR,KAIVDLLFK,1299,546,2,1,1300,546,,-1,3,0,1.007276,9.782501
Scan: 855826 Run: DIA12_CV486075:20251228_A2_N1_Mueller_MS_TechHub_IMP_THIDDIAXL003_Cas9_PhoX_DIA12_CV486075_250ng_FAIMS_002 P1_YKEIFFDQSK P2_QEDFYPFLKDNR 2 9,DIA12_CV486075:20251228_A2_N1_Mueller_MS_TechHub_IMP_THIDDIAXL003_Cas9_PhoX_DIA12_CV486075_250ng_FAIMS_002,855826,,,Q99ZW2,,,false,Q99ZW2,Q99ZW2,,false,QEDFYPFLKDNR,YKEIFFDQSK,426,347,9,2,434,348,,-1,4,0,1.007276,9.781038
Scan: 1740209 Run: DIA12_CV486075:20251228_A2_N1_Mueller_MS_TechHub_IMP_THIDDIAXL003_Cas9_PhoX_DIA12_CV486075_250ng_FAIMS_003 P1_LVDSTDKADLR P2_GKSDNVPSEEVVK 7 2,DIA12_CV486075:20251228_A2_N1_Mueller_MS_TechHub_IMP_THIDDIAXL003_Cas9_PhoX_DIA12_CV486075_250ng_FAIMS_003,1740209,,,Q99ZW2,,,false,Q99ZW2,Q99ZW2,,false,GKSDNVPSEEVVK,LVDSTDKADLR,865,142,2,7,866,148,,-1,3,0,1.007276,9.780905
Scan: 36448 Run: DIA12_CV486075:20251228_A2_N1_Mueller_MS_TechHub_IMP_THIDDIAXL003_Cas9_PhoX_DIA12_CV486075_250ng_FAIMS_001 P1_KTEVQTGGFSKESILPK P2_KDWDPKK 1 1,DIA12_CV486075:20251228_A2_N1_Mueller_MS_TechHub_IMP_THIDDIAXL003_Cas9_PhoX_DIA12_CV486075_250ng_FAIMS_001,36448,,,Q99ZW2,,,false,Q99ZW2,Q99ZW2,,false,KDWDPKK,KTEVQTGGFSKESILPK,1124,1097,1,1,1124,1097,,-1,4,0,1.007276,9.7807
Scan: 162516 Run: DIA12_CV486075:20251228_A2_N1_Mueller_MS_TechHub_IMP_THIDDIAXL003_Cas9_PhoX_DIA12_CV486075_250ng_FAIMS_001 P1_LKGSPEDNEQK P2_DKPIR 2 2,DIA12_CV486075:20251228_A2_N1_Mueller_MS_TechHub_IMP_THIDDIAXL003_Cas9_PhoX_DIA12_CV486075_250ng_FAIMS_001,162516,,,Q99ZW2,,,false,Q99ZW2,Q99ZW2,,false,DKPIR,LKGSPEDNEQK,1299,1245,2,2,1300,1246,,-1,3,0,1.007276,9.7805
Scan: 840268 Run: DIA12_CV486075:20251228_A2_N1_Mueller_MS_TechHub_IMP_THIDDIAXL003_Cas9_PhoX_DIA12_CV486075_250ng_FAIMS_002 P1_FKVLGNTDR P2_EIFFDQSKNGYAGYIDGGASQEEFYK 2 8,DIA12_CV486075:20251228_A2_N1_Mueller_MS_TechHub_IMP_THIDDIAXL003_Cas9_PhoX_DIA12_CV486075_250ng_FAIMS_002,840268,,,Q99ZW2,,,false,Q99ZW2,Q99ZW2,,false,EIFFDQSKNGYAGYIDGGASQEEFYK,FKVLGNTDR,349,32,8,2,356,33,,-1,4,0,1.007276,9.779891
Scan: 1731628 Run: DIA12_CV486075:20251228_A2_N1_Mueller_MS_TechHub_IMP_THIDDIAXL003_Cas9_PhoX_DIA12_CV486075_250ng_FAIMS_003 P1_IEKILTFR P2_EHPVENTQLQNEKLYLYYLQNGR 3 13,DIA12_CV486075:20251228_A2_N1_Mueller_MS_TechHub_IMP_THIDDIAXL003_Cas9_PhoX_DIA12_CV486075_250ng_FAIMS_003,1731628,,,Q99ZW2,,,false,Q99ZW2,Q99ZW2,,false,EHPVENTQLQNEKLYLYYLQNGR,IEKILTFR,798,440,13,3,810,442,,-1,4,0,1.007276,9.77949
Scan: 1034673 Run: DIA12_CV486075:20251228_A2_N1_Mueller_MS_TechHub_IMP_THIDDIAXL003_Cas9_PhoX_DIA12_CV486075_250ng_FAIMS_002 P1_NSDKLIAR P2_DKQSGK 4 2,DIA12_CV486075:20251228_A2_N1_Mueller_MS_TechHub_IMP_THIDDIAXL003_Cas9_PhoX_DIA12_CV486075_250ng_FAIMS_002,1034673,,,Q99ZW2,,,false,Q99ZW2,Q99ZW2,,false,DKQSGK,NSDKLIAR,672,1115,2,4,673,1118,,-1,3,0,1.007276,9.777889
Scan: 1408051 Run: DIA12_CV486075:20251228_A2_N1_Mueller_MS_TechHub_IMP_THIDDIAXL003_Cas9_PhoX_DIA12_CV486075_250ng_FAIMS_003 P1_LENLIAQLPGEKK P2_KTEVQTGGFSK 12 1,DIA12_CV486075:20251228_A2_N1_Mueller_MS_TechHub_IMP_THIDDIAXL003_Cas9_PhoX_DIA12_CV486075_250ng_FAIMS_003,1408051,,,Q99ZW2,,,false,Q99ZW2,Q99ZW2,,false,KTEVQTGGFSK,LENLIAQLPGEKK,1097,222,1,12,1097,233,,-1,4,0,1.007276,9.776952
Scan: 1508621 Run: DIA12_CV486075:20251228_A2_N1_Mueller_MS_TechHub_IMP_THIDDIAXL003_Cas9_PhoX_DIA12_CV486075_250ng_FAIMS_003 P1_KSEETITPWNFEEVVDK P2_KFDNLTK 1 1,DIA12_CV486075:20251228_A2_N1_Mueller_MS_TechHub_IMP_THIDDIAXL003_Cas9_PhoX_DIA12_CV486075_250ng_FAIMS_003,1508621,,,Q99ZW2,,,false,Q99ZW2,Q99ZW2,,false,KFDNLTK,KSEETITPWNFEEVVDK,896,468,1,1,896,468,,-1,4,0,1.007276,9.776627
Scan: 846736 Run: DIA12_CV486075:20251228_A2_N1_Mueller_MS_TechHub_IMP_THIDDIAXL003_Cas9_PhoX_DIA12_CV486075_250ng_FAIMS_002 P1_YDEHHQDLTLLKALVR P2_APLSASMIKR 12 9,DIA12_CV486075:20251228_A2_N1_Mueller_MS_TechHub_IMP_THIDDIAXL003_Cas9_PhoX_DIA12_CV486075_250ng_FAIMS_002,846736,,,Q99ZW2,,,false,Q99ZW2,Q99ZW2,,false,APLSASMIKR,YDEHHQDLTLLKALVR,315,325,9,12,323,336,,-1,4,0,1.007276,9.775937
Scan: 1384849 Run: DIA12_CV486075:20251228_A2_N1_Mueller_MS_TechHub_IMP_THIDDIAXL003_Cas9_PhoX_DIA12_CV486075_250ng_FAIMS_003 P1_HPIFGNIVDEVAYHEKYPTIYHLR P2_FKVLGNTDR 16 2,DIA12_CV486075:20251228_A2_N1_Mueller_MS_TechHub_IMP_THIDDIAXL003_Cas9_PhoX_DIA12_CV486075_250ng_FAIMS_003,1384849,,,Q99ZW2,,,false,Q99ZW2,Q99ZW2,,false,FKVLGNTDR,HPIFGNIVDEVAYHEKYPTIYHLR,32,116,2,16,33,131,,-1,5,0,1.007276,9.775738
Scan: 1142441 Run: DIA12_CV486075:20251228_A2_N1_Mueller_MS_TechHub_IMP_THIDDIAXL003_Cas9_PhoX_DIA12_CV486075_250ng_FAIMS_002 P1_KDLIIK P2_GKSDNVPSEEVVK 1 2,DIA12_CV486075:20251228_A2_N1_Mueller_MS_TechHub_IMP_THIDDIAXL003_Cas9_PhoX_DIA12_CV486075_250ng_FAIMS_002,1142441,,,Q99ZW2,,,false,Q99ZW2,Q99ZW2,,false,GKSDNVPSEEVVK,KDLIIK,865,1192,2,1,866,1192,,-1,3,0,1.007276,9.77544
Scan: 690048 Run: DIA12_CV486075:20251228_A2_N1_Mueller_MS_TechHub_IMP_THIDDIAXL003_Cas9_PhoX_DIA12_CV486075_250ng_FAIMS_002 P1_NSDKLIAR P2_ENQTTQKGQK 4 7,DIA12_CV486075:20251228_A2_N1_Mueller_MS_TechHub_IMP_THIDDIAXL003_Cas9_PhoX_DIA12_CV486075_250ng_FAIMS_002,690048,,,Q99ZW2,,,false,Q99ZW2,Q99ZW2,,false,ENQTTQKGQK,NSDKLIAR,766,1115,7,4,772,1118,,-1,4,0,1.007276,9.774792
Scan: 163454 Run: DIA12_CV486075:20251228_A2_N1_Mueller_MS_TechHub_IMP_THIDDIAXL003_Cas9_PhoX_DIA12_CV486075_250ng_FAIMS_001 P1_LKGSPEDNEQK P2_GILQTVKVVDELVK 2 7,DIA12_CV486075:20251228_A2_N1_Mueller_MS_TechHub_IMP_THIDDIAXL003_Cas9_PhoX_DIA12_CV486075_250ng_FAIMS_001,163454,,,Q99ZW2,,,false,Q99ZW2,Q99ZW2,,false,GILQTVKVVDELVK,LKGSPEDNEQK,736,1245,7,2,742,1246,,-1,4,0,1.007276,9.774519
Scan: 1639154 Run: DIA12_CV486075:20251228_A2_N1_Mueller_MS_TechHub_IMP_THIDDIAXL003_Cas9_PhoX_DIA12_CV486075_250ng_FAIMS_003 P1_YKEIFFDQSK P2_TILDFLKSDGFANR 2 7,DIA12_CV486075:20251228_A2_N1_Mueller_MS_TechHub_IMP_THIDDIAXL003_Cas9_PhoX_DIA12_CV486075_250ng_FAIMS_003,1639154,,,Q99ZW2,,,false,Q99ZW2,Q99ZW2,,false,TILDFLKSDGFANR,YKEIFFDQSK,678,347,7,2,684,348,,-1,4,0,1.007276,9.774174
Scan: 1694324 Run: DIA12_CV486075:20251228_A2_N1_Mueller_MS_TechHub_IMP_THIDDIAXL003_Cas9_PhoX_DIA12_CV486075_250ng_FAIMS_003 P1_KDFQFYK P2_GILQTVKVVDELVK 1 7,DIA12_CV486075:20251228_A2_N1_Mueller_MS_TechHub_IMP_THIDDIAXL003_Cas9_PhoX_DIA12_CV486075_250ng_FAIMS_003,1694324,,,Q99ZW2,,,false,Q99ZW2,Q99ZW2,,false,GILQTVKVVDELVK,KDFQFYK,736,968,7,1,742,968,,-1,4,0,1.007276,9.773878
Scan: 1233956 Run: DIA12_CV486075:20251228_A2_N1_Mueller_MS_TechHub_IMP_THIDDIAXL003_Cas9_PhoX_DIA12_CV486075_250ng_FAIMS_003 P1_MTNFDKNLPNEK P2_KTEVQTGGFSK 6 1,DIA12_CV486075:20251228_A2_N1_Mueller_MS_TechHub_IMP_THIDDIAXL003_Cas9_PhoX_DIA12_CV486075_250ng_FAIMS_003,1233956,,,Q99ZW2,,,false,Q99ZW2,Q99ZW2,,false,KTEVQTGGFSK,MTNFDKNLPNEK,1097,495,1,6,1097,500,,-1,4,0,1.007276,9.773712
Scan: 1171432 Run: DIA12_CV486075:20251228_A2_N1_Mueller_MS_TechHub_IMP_THIDDIAXL003_Cas9_PhoX_DIA12_CV486075_250ng_FAIMS_002 P1_QITKHVAQILDSR P2_GKSDNVPSEEVVK 4 2,DIA12_CV486075:20251228_A2_N1_Mueller_MS_TechHub_IMP_THIDDIAXL003_Cas9_PhoX_DIA12_CV486075_250ng_FAIMS_002,1171432,,,Q99ZW2,,,false,Q99ZW2,Q99ZW2,,false,GKSDNVPSEEVVK,QITKHVAQILDSR,865,926,2,4,866,929,,-1,4,0,1.007276,9.773635
Scan: 858151 Run: DIA12_CV486075:20251228_A2_N1_Mueller_MS_TechHub_IMP_THIDDIAXL003_Cas9_PhoX_DIA12_CV486075_250ng_FAIMS_002 P1_YKEIFFDQSK P2_KGILQTVK 2 1,DIA12_CV486075:20251228_A2_N1_Mueller_MS_TechHub_IMP_THIDDIAXL003_Cas9_PhoX_DIA12_CV486075_250ng_FAIMS_002,858151,,,Q99ZW2,,,false,Q99ZW2,Q99ZW2,,false,KGILQTVK,YKEIFFDQSK,735,347,1,2,735,348,,-1,4,0,1.007276,9.773263
Scan: 894205 Run: DIA12_CV486075:20251228_A2_N1_Mueller_MS_TechHub_IMP_THIDDIAXL003_Cas9_PhoX_DIA12_CV486075_250ng_FAIMS_002 P1_SSFEKNPIDFLEAK P2_KNLIGALLFDSGETAEATR 5 1,DIA12_CV486075:20251228_A2_N1_Mueller_MS_TechHub_IMP_THIDDIAXL003_Cas9_PhoX_DIA12_CV486075_250ng_FAIMS_002,894205,,,Q99ZW2,,,false,Q99ZW2,Q99ZW2,,false,KNLIGALLFDSGETAEATR,SSFEKNPIDFLEAK,45,1172,1,5,45,1176,,-1,4,0,1.007276,9.77324
Scan: 355715 Run: DIA12_CV486075:20251228_A2_N1_Mueller_MS_TechHub_IMP_THIDDIAXL003_Cas9_PhoX_DIA12_CV486075_250ng_FAIMS_001 P1_MTNFDKNLPNEK P2_EKIEKILTFR 6 5,DIA12_CV486075:20251228_A2_N1_Mueller_MS_TechHub_IMP_THIDDIAXL003_Cas9_PhoX_DIA12_CV486075_250ng_FAIMS_001,355715,,,Q99ZW2,,,false,Q99ZW2,Q99ZW2,,false,EKIEKILTFR,MTNFDKNLPNEK,438,495,5,6,442,500,,-1,3,0,1.007276,9.773058
Scan: 410917 Run: DIA12_CV486075:20251228_A2_N1_Mueller_MS_TechHub_IMP_THIDDIAXL003_Cas9_PhoX_DIA12_CV486075_250ng_FAIMS_001 P1_KVTVK P2_DKQSGK 1 2,DIA12_CV486075:20251228_A2_N1_Mueller_MS_TechHub_IMP_THIDDIAXL003_Cas9_PhoX_DIA12_CV486075_250ng_FAIMS_001,410917,,,Q99ZW2,,,false,Q99ZW2,Q99ZW2,,false,DKQSGK,KVTVK,672,558,2,1,673,558,,-1,3,0,1.007276,9.772452
Scan: 1426842 Run: DIA12_CV486075:20251228_A2_N1_Mueller_MS_TechHub_IMP_THIDDIAXL003_Cas9_PhoX_DIA12_CV486075_250ng_FAIMS_003 P1_VNTEITKAPLSASMIK P2_ELGSQILKEHPVENTQLQNEK 7 8,DIA12_CV486075:20251228_A2_N1_Mueller_MS_TechHub_IMP_THIDDIAXL003_Cas9_PhoX_DIA12_CV486075_250ng_FAIMS_003,1426842,,,Q99ZW2,,,false,Q99ZW2,Q99ZW2,,false,ELGSQILKEHPVENTQLQNEK,VNTEITKAPLSASMIK,790,308,8,7,797,314,,-1,4,0,1.007276,9.771928
Scan: 618390 Run: DIA12_CV486075:20251228_A2_N1_Mueller_MS_TechHub_IMP_THIDDIAXL003_Cas9_PhoX_DIA12_CV486075_250ng_FAIMS_002 P1_NSDKLIAR P2_KRPLIETNGETGEIVWDK 4 1,DIA12_CV486075:20251228_A2_N1_Mueller_MS_TechHub_IMP_THIDDIAXL003_Cas9_PhoX_DIA12_CV486075_250ng_FAIMS_002,618390,,,Q99ZW2,,,false,Q99ZW2,Q99ZW2,,false,KRPLIETNGETGEIVWDK,NSDKLIAR,1059,1115,1,4,1059,1118,,-1,4,0,1.007276,9.771293
Scan: 703153 Run: DIA12_CV486075:20251228_A2_N1_Mueller_MS_TechHub_IMP_THIDDIAXL003_Cas9_PhoX_DIA12_CV486075_250ng_FAIMS_002 P1_YKEIFFDQSK P2_KYGGFDSPTVAYSVLVVAK 2 1,DIA12_CV486075:20251228_A2_N1_Mueller_MS_TechHub_IMP_THIDDIAXL003_Cas9_PhoX_DIA12_CV486075_250ng_FAIMS_002,703153,,,Q99ZW2,,,false,Q99ZW2,Q99ZW2,,false,KYGGFDSPTVAYSVLVVAK,YKEIFFDQSK,1130,347,1,2,1130,348,,-1,3,0,1.007276,9.771276
Scan: 16126 Run: DIA12_CV486075:20251228_A2_N1_Mueller_MS_TechHub_IMP_THIDDIAXL003_Cas9_PhoX_DIA12_CV486075_250ng_FAIMS_001 P1_SEQEIGKATAK P2_KVTVK 7 1,DIA12_CV486075:20251228_A2_N1_Mueller_MS_TechHub_IMP_THIDDIAXL003_Cas9_PhoX_DIA12_CV486075_250ng_FAIMS_001,16126,,,Q99ZW2,,,false,Q99ZW2,Q99ZW2,,false,KVTVK,SEQEIGKATAK,558,1025,1,7,558,1031,,-1,3,0,1.007276,9.771262
Scan: 571147 Run: DIA12_CV486075:20251228_A2_N1_Mueller_MS_TechHub_IMP_THIDDIAXL003_Cas9_PhoX_DIA12_CV486075_250ng_FAIMS_001 P1_QITKHVAQILDSR P2_KDLIIK 4 1,DIA12_CV486075:20251228_A2_N1_Mueller_MS_TechHub_IMP_THIDDIAXL003_Cas9_PhoX_DIA12_CV486075_250ng_FAIMS_001,571147,,,Q99ZW2,,,false,Q99ZW2,Q99ZW2,,false,KDLIIK,QITKHVAQILDSR,1192,926,1,4,1192,929,,-1,4,0,1.007276,9.771255
Scan: 244123 Run: DIA12_CV486075:20251228_A2_N1_Mueller_MS_TechHub_IMP_THIDDIAXL003_Cas9_PhoX_DIA12_CV486075_250ng_FAIMS_001 P1_KPAFLSGEQKK P2_FKVLGNTDR 1 2,DIA12_CV486075:20251228_A2_N1_Mueller_MS_TechHub_IMP_THIDDIAXL003_Cas9_PhoX_DIA12_CV486075_250ng_FAIMS_001,244123,,,Q99ZW2,,,false,Q99ZW2,Q99ZW2,,false,FKVLGNTDR,KPAFLSGEQKK,32,536,2,1,33,536,,-1,3,0,1.007276,9.770478
Scan: 1258127 Run: DIA12_CV486075:20251228_A2_N1_Mueller_MS_TechHub_IMP_THIDDIAXL003_Cas9_PhoX_DIA12_CV486075_250ng_FAIMS_003 P1_RNSDKLIAR P2_KTEVQTGGFSKESILPK 5 11,DIA12_CV486075:20251228_A2_N1_Mueller_MS_TechHub_IMP_THIDDIAXL003_Cas9_PhoX_DIA12_CV486075_250ng_FAIMS_003,1258127,,,Q99ZW2,,,false,Q99ZW2,Q99ZW2,,false,KTEVQTGGFSKESILPK,RNSDKLIAR,1097,1114,11,5,1107,1118,,-1,5,0,1.007276,9.770363
Scan: 1493819 Run: DIA12_CV486075:20251228_A2_N1_Mueller_MS_TechHub_IMP_THIDDIAXL003_Cas9_PhoX_DIA12_CV486075_250ng_FAIMS_003 P1_SKLVSDFR P2_KNLIGALLFDSGETAEATR 2 1,DIA12_CV486075:20251228_A2_N1_Mueller_MS_TechHub_IMP_THIDDIAXL003_Cas9_PhoX_DIA12_CV486075_250ng_FAIMS_003,1493819,,,Q99ZW2,,,false,Q99ZW2,Q99ZW2,,false,KNLIGALLFDSGETAEATR,SKLVSDFR,45,960,1,2,45,961,,-1,4,0,1.007276,9.769992
Scan: 1394570 Run: DIA12_CV486075:20251228_A2_N1_Mueller_MS_TechHub_IMP_THIDDIAXL003_Cas9_PhoX_DIA12_CV486075_250ng_FAIMS_003 P1_YTSTKEVLDATLIHQSITGLYETR P2_KDFQFYK 5 1,DIA12_CV486075:20251228_A2_N1_Mueller_MS_TechHub_IMP_THIDDIAXL003_Cas9_PhoX_DIA12_CV486075_250ng_FAIMS_003,1394570,,,Q99ZW2,,,false,Q99ZW2,Q99ZW2,,false,KDFQFYK,YTSTKEVLDATLIHQSITGLYETR,968,1336,1,5,968,1340,,-1,4,0,1.007276,9.768574
Scan: 891717 Run: DIA12_CV486075:20251228_A2_N1_Mueller_MS_TechHub_IMP_THIDDIAXL003_Cas9_PhoX_DIA12_CV486075_250ng_FAIMS_002 P1_KDFQFYK P2_IEKILTFR 1 3,DIA12_CV486075:20251228_A2_N1_Mueller_MS_TechHub_IMP_THIDDIAXL003_Cas9_PhoX_DIA12_CV486075_250ng_FAIMS_002,891717,,,Q99ZW2,,,false,Q99ZW2,Q99ZW2,,false,IEKILTFR,KDFQFYK,440,968,3,1,442,968,,-1,4,0,1.007276,9.76853
Scan: 495904 Run: DIA12_CV486075:20251228_A2_N1_Mueller_MS_TechHub_IMP_THIDDIAXL003_Cas9_PhoX_DIA12_CV486075_250ng_FAIMS_001 P1_TILDFLKSDGFANR P2_GILQTVKVVDELVK 7 7,DIA12_CV486075:20251228_A2_N1_Mueller_MS_TechHub_IMP_THIDDIAXL003_Cas9_PhoX_DIA12_CV486075_250ng_FAIMS_001,495904,,,Q99ZW2,,,false,Q99ZW2,Q99ZW2,,false,GILQTVKVVDELVK,TILDFLKSDGFANR,736,678,7,7,742,684,,-1,4,0,1.007276,9.768165
Scan: 1436658 Run: DIA12_CV486075:20251228_A2_N1_Mueller_MS_TechHub_IMP_THIDDIAXL003_Cas9_PhoX_DIA12_CV486075_250ng_FAIMS_003 P1_KKDWDPK P2_FKVLGNTDR 1 2,DIA12_CV486075:20251228_A2_N1_Mueller_MS_TechHub_IMP_THIDDIAXL003_Cas9_PhoX_DIA12_CV486075_250ng_FAIMS_003,1436658,,,Q99ZW2,,,false,Q99ZW2,Q99ZW2,,false,FKVLGNTDR,KKDWDPK,32,1123,2,1,33,1123,,-1,3,0,1.007276,9.767883
Scan: 512758 Run: DIA12_CV486075:20251228_A2_N1_Mueller_MS_TechHub_IMP_THIDDIAXL003_Cas9_PhoX_DIA12_CV486075_250ng_FAIMS_001 P1_QLKEDYFK P2_GQKNSR 3 3,DIA12_CV486075:20251228_A2_N1_Mueller_MS_TechHub_IMP_THIDDIAXL003_Cas9_PhoX_DIA12_CV486075_250ng_FAIMS_001,512758,,,Q99ZW2,,,false,Q99ZW2,Q99ZW2,,false,GQKNSR,QLKEDYFK,773,563,3,3,775,565,,-1,3,0,1.007276,9.767625
Scan: 342746 Run: DIA12_CV486075:20251228_A2_N1_Mueller_MS_TechHub_IMP_THIDDIAXL003_Cas9_PhoX_DIA12_CV486075_250ng_FAIMS_001 P1_KSEETITPWNFEEVVDKGASAQSFIER P2_DLIIKLPK 17 5,DIA12_CV486075:20251228_A2_N1_Mueller_MS_TechHub_IMP_THIDDIAXL003_Cas9_PhoX_DIA12_CV486075_250ng_FAIMS_001,342746,,,Q99ZW2,,,false,Q99ZW2,Q99ZW2,,false,DLIIKLPK,KSEETITPWNFEEVVDKGASAQSFIER,1193,468,5,17,1197,484,,-1,4,0,1.007276,9.766993
Scan: 1045848 Run: DIA12_CV486075:20251228_A2_N1_Mueller_MS_TechHub_IMP_THIDDIAXL003_Cas9_PhoX_DIA12_CV486075_250ng_FAIMS_002 P1_TILDFLKSDGFANR P2_IEEGIKELGSQILK 7 6,DIA12_CV486075:20251228_A2_N1_Mueller_MS_TechHub_IMP_THIDDIAXL003_Cas9_PhoX_DIA12_CV486075_250ng_FAIMS_002,1045848,,,Q99ZW2,,,false,Q99ZW2,Q99ZW2,,false,IEEGIKELGSQILK,TILDFLKSDGFANR,784,678,6,7,789,684,,-1,4,0,1.007276,9.766451
Scan: 289669 Run: DIA12_CV486075:20251228_A2_N1_Mueller_MS_TechHub_IMP_THIDDIAXL003_Cas9_PhoX_DIA12_CV486075_250ng_FAIMS_001 P1_QEDFYPFLKDNR P2_KLINGIR 9 1,DIA12_CV486075:20251228_A2_N1_Mueller_MS_TechHub_IMP_THIDDIAXL003_Cas9_PhoX_DIA12_CV486075_250ng_FAIMS_001,289669,,,Q99ZW2,,,false,Q99ZW2,Q99ZW2,,false,KLINGIR,QEDFYPFLKDNR,665,426,1,9,665,434,,-1,4,0,1.007276,9.766054
Scan: 301288 Run: DIA12_CV486075:20251228_A2_N1_Mueller_MS_TechHub_IMP_THIDDIAXL003_Cas9_PhoX_DIA12_CV486075_250ng_FAIMS_001 P1_KSEETITPWNFEEVVDK P2_KKDWDPK 1 1,DIA12_CV486075:20251228_A2_N1_Mueller_MS_TechHub_IMP_THIDDIAXL003_Cas9_PhoX_DIA12_CV486075_250ng_FAIMS_001,301288,,,Q99ZW2,,,false,Q99ZW2,Q99ZW2,,false,KKDWDPK,KSEETITPWNFEEVVDK,1123,468,1,1,1123,468,,-1,3,0,1.007276,9.765903
Scan: 1146422 Run: DIA12_CV486075:20251228_A2_N1_Mueller_MS_TechHub_IMP_THIDDIAXL003_Cas9_PhoX_DIA12_CV486075_250ng_FAIMS_002 P1_SDNVPSEEVVKK P2_GKSDNVPSEEVVK 11 2,DIA12_CV486075:20251228_A2_N1_Mueller_MS_TechHub_IMP_THIDDIAXL003_Cas9_PhoX_DIA12_CV486075_250ng_FAIMS_002,1146422,,,Q99ZW2,,,false,Q99ZW2,Q99ZW2,,false,GKSDNVPSEEVVK,SDNVPSEEVVKK,865,867,2,11,866,877,,-1,3,0,1.007276,9.765717
Scan: 254577 Run: DIA12_CV486075:20251228_A2_N1_Mueller_MS_TechHub_IMP_THIDDIAXL003_Cas9_PhoX_DIA12_CV486075_250ng_FAIMS_001 P1_YKEIFFDQSK P2_RNSDKLIAR 2 5,DIA12_CV486075:20251228_A2_N1_Mueller_MS_TechHub_IMP_THIDDIAXL003_Cas9_PhoX_DIA12_CV486075_250ng_FAIMS_001,254577,,,Q99ZW2,,,false,Q99ZW2,Q99ZW2,,false,RNSDKLIAR,YKEIFFDQSK,1114,347,5,2,1118,348,,-1,4,0,1.007276,9.765703
Scan: 1228040 Run: DIA12_CV486075:20251228_A2_N1_Mueller_MS_TechHub_IMP_THIDDIAXL003_Cas9_PhoX_DIA12_CV486075_250ng_FAIMS_003 P1_KVLSMPQVNIVK P2_ELGSQILKEHPVENTQLQNEK 1 8,DIA12_CV486075:20251228_A2_N1_Mueller_MS_TechHub_IMP_THIDDIAXL003_Cas9_PhoX_DIA12_CV486075_250ng_FAIMS_003,1228040,,,Q99ZW2,,,false,Q99ZW2,Q99ZW2,,false,ELGSQILKEHPVENTQLQNEK,KVLSMPQVNIVK,790,1085,8,1,797,1085,,-1,4,0,1.007276,9.764239
Scan: 852818 Run: DIA12_CV486075:20251228_A2_N1_Mueller_MS_TechHub_IMP_THIDDIAXL003_Cas9_PhoX_DIA12_CV486075_250ng_FAIMS_002 P1_YKEIFFDQSK P2_DLIIKLPK 2 5,DIA12_CV486075:20251228_A2_N1_Mueller_MS_TechHub_IMP_THIDDIAXL003_Cas9_PhoX_DIA12_CV486075_250ng_FAIMS_002,852818,,,Q99ZW2,,,false,Q99ZW2,Q99ZW2,,false,DLIIKLPK,YKEIFFDQSK,1193,347,5,2,1197,348,,-1,3,0,1.007276,9.764086
Scan: 62094 Run: DIA12_CV486075:20251228_A2_N1_Mueller_MS_TechHub_IMP_THIDDIAXL003_Cas9_PhoX_DIA12_CV486075_250ng_FAIMS_001 P1_TEVQTGGFSKESILPK P2_KRPLIETNGETGEIVWDK 10 1,DIA12_CV486075:20251228_A2_N1_Mueller_MS_TechHub_IMP_THIDDIAXL003_Cas9_PhoX_DIA12_CV486075_250ng_FAIMS_001,62094,,,Q99ZW2,,,false,Q99ZW2,Q99ZW2,,false,KRPLIETNGETGEIVWDK,TEVQTGGFSKESILPK,1059,1098,1,10,1059,1107,,-1,4,0,1.007276,9.763898
Scan: 732127 Run: DIA12_CV486075:20251228_A2_N1_Mueller_MS_TechHub_IMP_THIDDIAXL003_Cas9_PhoX_DIA12_CV486075_250ng_FAIMS_002 P1_SEETITPWNFEEVVDKGASAQSFIER P2_NPIDFLEAKGYK 16 9,DIA12_CV486075:20251228_A2_N1_Mueller_MS_TechHub_IMP_THIDDIAXL003_Cas9_PhoX_DIA12_CV486075_250ng_FAIMS_002,732127,,,Q99ZW2,,,false,Q99ZW2,Q99ZW2,,false,NPIDFLEAKGYK,SEETITPWNFEEVVDKGASAQSFIER,1177,469,9,16,1185,484,,-1,4,0,1.007276,9.763456
Scan: 1266355 Run: DIA12_CV486075:20251228_A2_N1_Mueller_MS_TechHub_IMP_THIDDIAXL003_Cas9_PhoX_DIA12_CV486075_250ng_FAIMS_003 P1_TEVQTGGFSKESILPK P2_KPAFLSGEQK 10 1,DIA12_CV486075:20251228_A2_N1_Mueller_MS_TechHub_IMP_THIDDIAXL003_Cas9_PhoX_DIA12_CV486075_250ng_FAIMS_003,1266355,,,Q99ZW2,,,false,Q99ZW2,Q99ZW2,,false,KPAFLSGEQK,TEVQTGGFSKESILPK,536,1098,1,10,536,1107,,-1,4,0,1.007276,9.762455
Scan: 1008367 Run: DIA12_CV486075:20251228_A2_N1_Mueller_MS_TechHub_IMP_THIDDIAXL003_Cas9_PhoX_DIA12_CV486075_250ng_FAIMS_002 P1_KVTVK P2_GQKNSR 1 3,DIA12_CV486075:20251228_A2_N1_Mueller_MS_TechHub_IMP_THIDDIAXL003_Cas9_PhoX_DIA12_CV486075_250ng_FAIMS_002,1008367,,,Q99ZW2,,,false,Q99ZW2,Q99ZW2,,false,GQKNSR,KVTVK,773,558,3,1,775,558,,-1,3,0,1.007276,9.762049
Scan: 1718921 Run: DIA12_CV486075:20251228_A2_N1_Mueller_MS_TechHub_IMP_THIDDIAXL003_Cas9_PhoX_DIA12_CV486075_250ng_FAIMS_003 P1_KAIVDLLFK P2_ELGSQILKEHPVENTQLQNEK 1 8,DIA12_CV486075:20251228_A2_N1_Mueller_MS_TechHub_IMP_THIDDIAXL003_Cas9_PhoX_DIA12_CV486075_250ng_FAIMS_003,1718921,,,Q99ZW2,,,false,Q99ZW2,Q99ZW2,,false,ELGSQILKEHPVENTQLQNEK,KAIVDLLFK,790,546,8,1,797,546,,-1,4,0,1.007276,9.759357
Scan: 87519 Run: DIA12_CV486075:20251228_A2_N1_Mueller_MS_TechHub_IMP_THIDDIAXL003_Cas9_PhoX_DIA12_CV486075_250ng_FAIMS_001 P1_SNFDLAEDAKLQLSK P2_NSDKLIAR 10 4,DIA12_CV486075:20251228_A2_N1_Mueller_MS_TechHub_IMP_THIDDIAXL003_Cas9_PhoX_DIA12_CV486075_250ng_FAIMS_001,87519,,,Q99ZW2,,,false,Q99ZW2,Q99ZW2,,false,NSDKLIAR,SNFDLAEDAKLQLSK,1115,254,4,10,1118,263,,-1,3,0,1.007276,9.758884
Scan: 1505412 Run: DIA12_CV486075:20251228_A2_N1_Mueller_MS_TechHub_IMP_THIDDIAXL003_Cas9_PhoX_DIA12_CV486075_250ng_FAIMS_003 P1_LKTYAHLFDDK P2_KSEETITPWNFEEVVDK 2 1,DIA12_CV486075:20251228_A2_N1_Mueller_MS_TechHub_IMP_THIDDIAXL003_Cas9_PhoX_DIA12_CV486075_250ng_FAIMS_003,1505412,,,Q99ZW2,,,false,Q99ZW2,Q99ZW2,,false,KSEETITPWNFEEVVDK,LKTYAHLFDDK,468,636,1,2,468,637,,-1,4,0,1.007276,9.757758
Scan: 1789696 Run: DIA12_CV486075:20251228_A2_N1_Mueller_MS_TechHub_IMP_THIDDIAXL003_Cas9_PhoX_DIA12_CV486075_250ng_FAIMS_003 P1_KDFQFYK P2_KDFQFYK 1 1,DIA12_CV486075:20251228_A2_N1_Mueller_MS_TechHub_IMP_THIDDIAXL003_Cas9_PhoX_DIA12_CV486075_250ng_FAIMS_003,1789696,,,Q99ZW2,,,false,Q99ZW2,Q99ZW2,,false,KDFQFYK,KDFQFYK,968,968,1,1,968,968,,-1,3,0,1.007276,9.757633
Scan: 1496199 Run: DIA12_CV486075:20251228_A2_N1_Mueller_MS_TechHub_IMP_THIDDIAXL003_Cas9_PhoX_DIA12_CV486075_250ng_FAIMS_003 P1_KSEETITPWNFEEVVDK P2_KKDWDPK 1 1,DIA12_CV486075:20251228_A2_N1_Mueller_MS_TechHub_IMP_THIDDIAXL003_Cas9_PhoX_DIA12_CV486075_250ng_FAIMS_003,1496199,,,Q99ZW2,,,false,Q99ZW2,Q99ZW2,,false,KKDWDPK,KSEETITPWNFEEVVDK,1123,468,1,1,1123,468,,-1,4,0,1.007276,9.756582
Scan: 955667 Run: DIA12_CV486075:20251228_A2_N1_Mueller_MS_TechHub_IMP_THIDDIAXL003_Cas9_PhoX_DIA12_CV486075_250ng_FAIMS_002 P1_MTNFDKNLPNEK P2_KLINGIR 6 1,DIA12_CV486075:20251228_A2_N1_Mueller_MS_TechHub_IMP_THIDDIAXL003_Cas9_PhoX_DIA12_CV486075_250ng_FAIMS_002,955667,,,Q99ZW2,,,false,Q99ZW2,Q99ZW2,,false,KLINGIR,MTNFDKNLPNEK,665,495,1,6,665,500,,-1,3,0,1.007276,9.756169
Scan: 1624971 Run: DIA12_CV486075:20251228_A2_N1_Mueller_MS_TechHub_IMP_THIDDIAXL003_Cas9_PhoX_DIA12_CV486075_250ng_FAIMS_003 P1_MTNFDKNLPNEK P2_KLINGIR 6 1,DIA12_CV486075:20251228_A2_N1_Mueller_MS_TechHub_IMP_THIDDIAXL003_Cas9_PhoX_DIA12_CV486075_250ng_FAIMS_003,1624971,,,Q99ZW2,,,false,Q99ZW2,Q99ZW2,,false,KLINGIR,MTNFDKNLPNEK,665,495,1,6,665,500,,-1,4,0,1.007276,9.755906
Scan: 570636 Run: DIA12_CV486075:20251228_A2_N1_Mueller_MS_TechHub_IMP_THIDDIAXL003_Cas9_PhoX_DIA12_CV486075_250ng_FAIMS_001 P1_YPKLESEFVYGDYK P2_QITKHVAQILDSR 3 4,DIA12_CV486075:20251228_A2_N1_Mueller_MS_TechHub_IMP_THIDDIAXL003_Cas9_PhoX_DIA12_CV486075_250ng_FAIMS_001,570636,,,Q99ZW2,,,false,Q99ZW2,Q99ZW2,,false,QITKHVAQILDSR,YPKLESEFVYGDYK,926,1001,4,3,929,1003,,-1,4,0,1.007276,9.755894
Scan: 1639932 Run: DIA12_CV486075:20251228_A2_N1_Mueller_MS_TechHub_IMP_THIDDIAXL003_Cas9_PhoX_DIA12_CV486075_250ng_FAIMS_003 P1_TILDFLKSDGFANR P2_KNLIGALLFDSGETAEATR 7 1,DIA12_CV486075:20251228_A2_N1_Mueller_MS_TechHub_IMP_THIDDIAXL003_Cas9_PhoX_DIA12_CV486075_250ng_FAIMS_003,1639932,,,Q99ZW2,,,false,Q99ZW2,Q99ZW2,,false,KNLIGALLFDSGETAEATR,TILDFLKSDGFANR,45,678,1,7,45,684,,-1,4,0,1.007276,9.753731
Scan: 585839 Run: DIA12_CV486075:20251228_A2_N1_Mueller_MS_TechHub_IMP_THIDDIAXL003_Cas9_PhoX_DIA12_CV486075_250ng_FAIMS_001 P1_YDENDKLIR P2_KDLIIK 6 1,DIA12_CV486075:20251228_A2_N1_Mueller_MS_TechHub_IMP_THIDDIAXL003_Cas9_PhoX_DIA12_CV486075_250ng_FAIMS_001,585839,,,Q99ZW2,,,false,Q99ZW2,Q99ZW2,,false,KDLIIK,YDENDKLIR,1192,943,1,6,1192,948,,-1,3,0,1.007276,9.753146
Scan: 811043 Run: DIA12_CV486075:20251228_A2_N1_Mueller_MS_TechHub_IMP_THIDDIAXL003_Cas9_PhoX_DIA12_CV486075_250ng_FAIMS_002 P1_RLENLIAQLPGEKK P2_NSDKLIAR 13 4,DIA12_CV486075:20251228_A2_N1_Mueller_MS_TechHub_IMP_THIDDIAXL003_Cas9_PhoX_DIA12_CV486075_250ng_FAIMS_002,811043,,,Q99ZW2,,,false,Q99ZW2,Q99ZW2,,false,NSDKLIAR,RLENLIAQLPGEKK,1115,221,4,13,1118,233,,-1,3,0,1.007276,9.75284
Scan: 1743989 Run: DIA12_CV486075:20251228_A2_N1_Mueller_MS_TechHub_IMP_THIDDIAXL003_Cas9_PhoX_DIA12_CV486075_250ng_FAIMS_003 P1_KFDNLTK P2_GKSDNVPSEEVVK 1 2,DIA12_CV486075:20251228_A2_N1_Mueller_MS_TechHub_IMP_THIDDIAXL003_Cas9_PhoX_DIA12_CV486075_250ng_FAIMS_003,1743989,,,Q99ZW2,,,false,Q99ZW2,Q99ZW2,,false,GKSDNVPSEEVVK,KFDNLTK,865,896,2,1,866,896,,-1,4,0,1.007276,9.752411
Scan: 1186555 Run: DIA12_CV486075:20251228_A2_N1_Mueller_MS_TechHub_IMP_THIDDIAXL003_Cas9_PhoX_DIA12_CV486075_250ng_FAIMS_002 P1_SKLVSDFR P2_QSGKTILDFLK 2 4,DIA12_CV486075:20251228_A2_N1_Mueller_MS_TechHub_IMP_THIDDIAXL003_Cas9_PhoX_DIA12_CV486075_250ng_FAIMS_002,1186555,,,Q99ZW2,,,false,Q99ZW2,Q99ZW2,,false,QSGKTILDFLK,SKLVSDFR,674,960,4,2,677,961,,-1,4,0,1.007276,9.752342
Scan: 661226 Run: DIA12_CV486075:20251228_A2_N1_Mueller_MS_TechHub_IMP_THIDDIAXL003_Cas9_PhoX_DIA12_CV486075_250ng_FAIMS_002 P1_TEVQTGGFSKESILPK P2_KKDWDPK 10 1,DIA12_CV486075:20251228_A2_N1_Mueller_MS_TechHub_IMP_THIDDIAXL003_Cas9_PhoX_DIA12_CV486075_250ng_FAIMS_002,661226,,,Q99ZW2,,,false,Q99ZW2,Q99ZW2,,false,KKDWDPK,TEVQTGGFSKESILPK,1123,1098,1,10,1123,1107,,-1,3,0,1.007276,9.751838
Scan: 589011 Run: DIA12_CV486075:20251228_A2_N1_Mueller_MS_TechHub_IMP_THIDDIAXL003_Cas9_PhoX_DIA12_CV486075_250ng_FAIMS_001 P1_SKLVSDFR P2_KLINGIR 2 1,DIA12_CV486075:20251228_A2_N1_Mueller_MS_TechHub_IMP_THIDDIAXL003_Cas9_PhoX_DIA12_CV486075_250ng_FAIMS_001,589011,,,Q99ZW2,,,false,Q99ZW2,Q99ZW2,,false,KLINGIR,SKLVSDFR,665,960,1,2,665,961,,-1,4,0,1.007276,9.750085
Scan: 489573 Run: DIA12_CV486075:20251228_A2_N1_Mueller_MS_TechHub_IMP_THIDDIAXL003_Cas9_PhoX_DIA12_CV486075_250ng_FAIMS_001 P1_GILQTVKVVDELVK P2_ESILPKR 7 6,DIA12_CV486075:20251228_A2_N1_Mueller_MS_TechHub_IMP_THIDDIAXL003_Cas9_PhoX_DIA12_CV486075_250ng_FAIMS_001,489573,,,Q99ZW2,,,false,Q99ZW2,Q99ZW2,,false,ESILPKR,GILQTVKVVDELVK,1108,736,6,7,1113,742,,-1,3,0,1.007276,9.748259
Scan: 1185199 Run: DIA12_CV486075:20251228_A2_N1_Mueller_MS_TechHub_IMP_THIDDIAXL003_Cas9_PhoX_DIA12_CV486075_250ng_FAIMS_002 P1_SKLVSDFR P2_RPLIETNGETGEIVWDKGR 2 17,DIA12_CV486075:20251228_A2_N1_Mueller_MS_TechHub_IMP_THIDDIAXL003_Cas9_PhoX_DIA12_CV486075_250ng_FAIMS_002,1185199,,,Q99ZW2,,,false,Q99ZW2,Q99ZW2,,false,RPLIETNGETGEIVWDKGR,SKLVSDFR,1060,960,17,2,1076,961,,-1,4,0,1.007276,9.748075
Scan: 1599413 Run: DIA12_CV486075:20251228_A2_N1_Mueller_MS_TechHub_IMP_THIDDIAXL003_Cas9_PhoX_DIA12_CV486075_250ng_FAIMS_003 P1_KLVDSTDK P2_KAIVDLLFK 1 1,DIA12_CV486075:20251228_A2_N1_Mueller_MS_TechHub_IMP_THIDDIAXL003_Cas9_PhoX_DIA12_CV486075_250ng_FAIMS_003,1599413,,,Q99ZW2,,,false,Q99ZW2,Q99ZW2,,false,KAIVDLLFK,KLVDSTDK,546,141,1,1,546,141,,-1,3,0,1.007276,9.747041
Scan: 1339930 Run: DIA12_CV486075:20251228_A2_N1_Mueller_MS_TechHub_IMP_THIDDIAXL003_Cas9_PhoX_DIA12_CV486075_250ng_FAIMS_003 P1_LPKYSLFELENGR P2_LKGSPEDNEQK 3 2,DIA12_CV486075:20251228_A2_N1_Mueller_MS_TechHub_IMP_THIDDIAXL003_Cas9_PhoX_DIA12_CV486075_250ng_FAIMS_003,1339930,,,Q99ZW2,,,false,Q99ZW2,Q99ZW2,,false,LKGSPEDNEQK,LPKYSLFELENGR,1245,1198,2,3,1246,1200,,-1,3,0,1.007276,9.746665
Scan: 447312 Run: DIA12_CV486075:20251228_A2_N1_Mueller_MS_TechHub_IMP_THIDDIAXL003_Cas9_PhoX_DIA12_CV486075_250ng_FAIMS_001 P1_TILDFLKSDGFANR P2_KLINGIR 7 1,DIA12_CV486075:20251228_A2_N1_Mueller_MS_TechHub_IMP_THIDDIAXL003_Cas9_PhoX_DIA12_CV486075_250ng_FAIMS_001,447312,,,Q99ZW2,,,false,Q99ZW2,Q99ZW2,,false,KLINGIR,TILDFLKSDGFANR,665,678,1,7,665,684,,-1,4,0,1.007276,9.746376
Scan: 36085 Run: DIA12_CV486075:20251228_A2_N1_Mueller_MS_TechHub_IMP_THIDDIAXL003_Cas9_PhoX_DIA12_CV486075_250ng_FAIMS_001 P1_KTEVQTGGFSK P2_ESILPKR 1 6,DIA12_CV486075:20251228_A2_N1_Mueller_MS_TechHub_IMP_THIDDIAXL003_Cas9_PhoX_DIA12_CV486075_250ng_FAIMS_001,36085,,,Q99ZW2,,,false,Q99ZW2,Q99ZW2,,false,ESILPKR,KTEVQTGGFSK,1108,1097,6,1,1113,1097,,-1,3,0,1.007276,9.74609
Scan: 428321 Run: DIA12_CV486075:20251228_A2_N1_Mueller_MS_TechHub_IMP_THIDDIAXL003_Cas9_PhoX_DIA12_CV486075_250ng_FAIMS_001 P1_KLINGIR P2_KKDWDPK 1 2,DIA12_CV486075:20251228_A2_N1_Mueller_MS_TechHub_IMP_THIDDIAXL003_Cas9_PhoX_DIA12_CV486075_250ng_FAIMS_001,428321,,,Q99ZW2,,,false,Q99ZW2,Q99ZW2,,false,KKDWDPK,KLINGIR,1123,665,2,1,1124,665,,-1,3,0,1.007276,9.746024
Scan: 1036778 Run: DIA12_CV486075:20251228_A2_N1_Mueller_MS_TechHub_IMP_THIDDIAXL003_Cas9_PhoX_DIA12_CV486075_250ng_FAIMS_002 P1_QSGKTILDFLK P2_DKPIR 4 2,DIA12_CV486075:20251228_A2_N1_Mueller_MS_TechHub_IMP_THIDDIAXL003_Cas9_PhoX_DIA12_CV486075_250ng_FAIMS_002,1036778,,,Q99ZW2,,,false,Q99ZW2,Q99ZW2,,false,DKPIR,QSGKTILDFLK,1299,674,2,4,1300,677,,-1,3,0,1.007276,9.744731
Scan: 1029436 Run: DIA12_CV486075:20251228_A2_N1_Mueller_MS_TechHub_IMP_THIDDIAXL003_Cas9_PhoX_DIA12_CV486075_250ng_FAIMS_002 P1_KLINGIR P2_GQKNSR 1 3,DIA12_CV486075:20251228_A2_N1_Mueller_MS_TechHub_IMP_THIDDIAXL003_Cas9_PhoX_DIA12_CV486075_250ng_FAIMS_002,1029436,,,Q99ZW2,,,false,Q99ZW2,Q99ZW2,,false,GQKNSR,KLINGIR,773,665,3,1,775,665,,-1,3,0,1.007276,9.744246
Scan: 415381 Run: DIA12_CV486075:20251228_A2_N1_Mueller_MS_TechHub_IMP_THIDDIAXL003_Cas9_PhoX_DIA12_CV486075_250ng_FAIMS_001 P1_MTNFDKNLPNEK P2_KIECFDSVEISGVEDR 6 1,DIA12_CV486075:20251228_A2_N1_Mueller_MS_TechHub_IMP_THIDDIAXL003_Cas9_PhoX_DIA12_CV486075_250ng_FAIMS_001,415381,,,Q99ZW2,,,false,Q99ZW2,Q99ZW2,,false,KIECFDSVEISGVEDR,MTNFDKNLPNEK,571,495,1,6,571,500,,-1,4,0,1.007276,9.742528
Scan: 1605269 Run: DIA12_CV486075:20251228_A2_N1_Mueller_MS_TechHub_IMP_THIDDIAXL003_Cas9_PhoX_DIA12_CV486075_250ng_FAIMS_003 P1_KVTVK P2_DKPIR 1 2,DIA12_CV486075:20251228_A2_N1_Mueller_MS_TechHub_IMP_THIDDIAXL003_Cas9_PhoX_DIA12_CV486075_250ng_FAIMS_003,1605269,,,Q99ZW2,,,false,Q99ZW2,Q99ZW2,,false,DKPIR,KVTVK,1299,558,2,1,1300,558,,-1,3,0,1.007276,9.742048
Scan: 1157727 Run: DIA12_CV486075:20251228_A2_N1_Mueller_MS_TechHub_IMP_THIDDIAXL003_Cas9_PhoX_DIA12_CV486075_250ng_FAIMS_002 P1_QLLNAKLITQR P2_GQKNSR 6 3,DIA12_CV486075:20251228_A2_N1_Mueller_MS_TechHub_IMP_THIDDIAXL003_Cas9_PhoX_DIA12_CV486075_250ng_FAIMS_002,1157727,,,Q99ZW2,,,false,Q99ZW2,Q99ZW2,,false,GQKNSR,QLLNAKLITQR,773,885,3,6,775,890,,-1,3,0,1.007276,9.739572
Scan: 1201499 Run: DIA12_CV486075:20251228_A2_N1_Mueller_MS_TechHub_IMP_THIDDIAXL003_Cas9_PhoX_DIA12_CV486075_250ng_FAIMS_003 P1_YKEIFFDQSK P2_LESEFVYGDYKVYDVR 2 11,DIA12_CV486075:20251228_A2_N1_Mueller_MS_TechHub_IMP_THIDDIAXL003_Cas9_PhoX_DIA12_CV486075_250ng_FAIMS_003,1201499,,,Q99ZW2,,,false,Q99ZW2,Q99ZW2,,false,LESEFVYGDYKVYDVR,YKEIFFDQSK,1004,347,11,2,1014,348,,-1,4,0,1.007276,9.739447
Scan: 1573313 Run: DIA12_CV486075:20251228_A2_N1_Mueller_MS_TechHub_IMP_THIDDIAXL003_Cas9_PhoX_DIA12_CV486075_250ng_FAIMS_003 P1_KPAFLSGEQK P2_KKDWDPK 1 2,DIA12_CV486075:20251228_A2_N1_Mueller_MS_TechHub_IMP_THIDDIAXL003_Cas9_PhoX_DIA12_CV486075_250ng_FAIMS_003,1573313,,,Q99ZW2,,,false,Q99ZW2,Q99ZW2,,false,KKDWDPK,KPAFLSGEQK,1123,536,2,1,1124,536,,-1,3,0,1.007276,9.739112
Scan: 430500 Run: DIA12_CV486075:20251228_A2_N1_Mueller_MS_TechHub_IMP_THIDDIAXL003_Cas9_PhoX_DIA12_CV486075_250ng_FAIMS_001 P1_VTVKQLK P2_KLINGIR 4 1,DIA12_CV486075:20251228_A2_N1_Mueller_MS_TechHub_IMP_THIDDIAXL003_Cas9_PhoX_DIA12_CV486075_250ng_FAIMS_001,430500,,,Q99ZW2,,,false,Q99ZW2,Q99ZW2,,false,KLINGIR,VTVKQLK,665,559,1,4,665,562,,-1,3,0,1.007276,9.737406
Scan: 938640 Run: DIA12_CV486075:20251228_A2_N1_Mueller_MS_TechHub_IMP_THIDDIAXL003_Cas9_PhoX_DIA12_CV486075_250ng_FAIMS_002 P1_KSEETITPWNFEEVVDKGASAQSFIER P2_ESILPKR 17 6,DIA12_CV486075:20251228_A2_N1_Mueller_MS_TechHub_IMP_THIDDIAXL003_Cas9_PhoX_DIA12_CV486075_250ng_FAIMS_002,938640,,,Q99ZW2,,,false,Q99ZW2,Q99ZW2,,false,ESILPKR,KSEETITPWNFEEVVDKGASAQSFIER,1108,468,6,17,1113,484,,-1,4,0,1.007276,9.736118
Scan: 1172717 Run: DIA12_CV486075:20251228_A2_N1_Mueller_MS_TechHub_IMP_THIDDIAXL003_Cas9_PhoX_DIA12_CV486075_250ng_FAIMS_002 P1_VITLKSK P2_QITKHVAQILDSR 5 4,DIA12_CV486075:20251228_A2_N1_Mueller_MS_TechHub_IMP_THIDDIAXL003_Cas9_PhoX_DIA12_CV486075_250ng_FAIMS_002,1172717,,,Q99ZW2,,,false,Q99ZW2,Q99ZW2,,false,QITKHVAQILDSR,VITLKSK,926,955,4,5,929,959,,-1,3,0,1.007276,9.735532
Scan: 587066 Run: DIA12_CV486075:20251228_A2_N1_Mueller_MS_TechHub_IMP_THIDDIAXL003_Cas9_PhoX_DIA12_CV486075_250ng_FAIMS_001 P1_YDENDKLIR P2_KGILQTVK 6 1,DIA12_CV486075:20251228_A2_N1_Mueller_MS_TechHub_IMP_THIDDIAXL003_Cas9_PhoX_DIA12_CV486075_250ng_FAIMS_001,587066,,,Q99ZW2,,,false,Q99ZW2,Q99ZW2,,false,KGILQTVK,YDENDKLIR,735,943,1,6,735,948,,-1,3,0,1.007276,9.734789
Scan: 1140288 Run: DIA12_CV486075:20251228_A2_N1_Mueller_MS_TechHub_IMP_THIDDIAXL003_Cas9_PhoX_DIA12_CV486075_250ng_FAIMS_002 P1_QLLNAKLITQR P2_DDSIDNKVLTR 6 7,DIA12_CV486075:20251228_A2_N1_Mueller_MS_TechHub_IMP_THIDDIAXL003_Cas9_PhoX_DIA12_CV486075_250ng_FAIMS_002,1140288,,,Q99ZW2,,,false,Q99ZW2,Q99ZW2,,false,DDSIDNKVLTR,QLLNAKLITQR,849,885,7,6,855,890,,-1,4,0,1.007276,9.734579
Scan: 68660 Run: DIA12_CV486075:20251228_A2_N1_Mueller_MS_TechHub_IMP_THIDDIAXL003_Cas9_PhoX_DIA12_CV486075_250ng_FAIMS_001 P1_TEVQTGGFSKESILPK P2_DLIIKLPK 10 5,DIA12_CV486075:20251228_A2_N1_Mueller_MS_TechHub_IMP_THIDDIAXL003_Cas9_PhoX_DIA12_CV486075_250ng_FAIMS_001,68660,,,Q99ZW2,,,false,Q99ZW2,Q99ZW2,,false,DLIIKLPK,TEVQTGGFSKESILPK,1193,1098,5,10,1197,1107,,-1,3,0,1.007276,9.733789
Scan: 1782692 Run: DIA12_CV486075:20251228_A2_N1_Mueller_MS_TechHub_IMP_THIDDIAXL003_Cas9_PhoX_DIA12_CV486075_250ng_FAIMS_003 P1_SKLVSDFR P2_KTEVQTGGFSK 2 1,DIA12_CV486075:20251228_A2_N1_Mueller_MS_TechHub_IMP_THIDDIAXL003_Cas9_PhoX_DIA12_CV486075_250ng_FAIMS_003,1782692,,,Q99ZW2,,,false,Q99ZW2,Q99ZW2,,false,KTEVQTGGFSK,SKLVSDFR,1097,960,1,2,1097,961,,-1,4,0,1.007276,9.733515
Scan: 839214 Run: DIA12_CV486075:20251228_A2_N1_Mueller_MS_TechHub_IMP_THIDDIAXL003_Cas9_PhoX_DIA12_CV486075_250ng_FAIMS_002 P1_KKDWDPK P2_FKVLGNTDR 1 2,DIA12_CV486075:20251228_A2_N1_Mueller_MS_TechHub_IMP_THIDDIAXL003_Cas9_PhoX_DIA12_CV486075_250ng_FAIMS_002,839214,,,Q99ZW2,,,false,Q99ZW2,Q99ZW2,,false,FKVLGNTDR,KKDWDPK,32,1123,2,1,33,1123,,-1,4,0,1.007276,9.733378
Scan: 1037912 Run: DIA12_CV486075:20251228_A2_N1_Mueller_MS_TechHub_IMP_THIDDIAXL003_Cas9_PhoX_DIA12_CV486075_250ng_FAIMS_002 P1_QSGKTILDFLK P2_KDFQFYK 4 1,DIA12_CV486075:20251228_A2_N1_Mueller_MS_TechHub_IMP_THIDDIAXL003_Cas9_PhoX_DIA12_CV486075_250ng_FAIMS_002,1037912,,,Q99ZW2,,,false,Q99ZW2,Q99ZW2,,false,KDFQFYK,QSGKTILDFLK,968,674,1,4,968,677,,-1,3,0,1.007276,9.733257
Scan: 1169761 Run: DIA12_CV486075:20251228_A2_N1_Mueller_MS_TechHub_IMP_THIDDIAXL003_Cas9_PhoX_DIA12_CV486075_250ng_FAIMS_002 P1_QITKHVAQILDSR P2_KNLIGALLFDSGETAEATR 4 1,DIA12_CV486075:20251228_A2_N1_Mueller_MS_TechHub_IMP_THIDDIAXL003_Cas9_PhoX_DIA12_CV486075_250ng_FAIMS_002,1169761,,,Q99ZW2,,,false,Q99ZW2,Q99ZW2,,false,KNLIGALLFDSGETAEATR,QITKHVAQILDSR,45,926,1,4,45,929,,-1,4,0,1.007276,9.733244
Scan: 1002072 Run: DIA12_CV486075:20251228_A2_N1_Mueller_MS_TechHub_IMP_THIDDIAXL003_Cas9_PhoX_DIA12_CV486075_250ng_FAIMS_002 P1_YKEIFFDQSK P2_KAIVDLLFK 2 1,DIA12_CV486075:20251228_A2_N1_Mueller_MS_TechHub_IMP_THIDDIAXL003_Cas9_PhoX_DIA12_CV486075_250ng_FAIMS_002,1002072,,,Q99ZW2,,,false,Q99ZW2,Q99ZW2,,false,KAIVDLLFK,YKEIFFDQSK,546,347,1,2,546,348,,-1,4,0,1.007276,9.73268
Scan: 1647247 Run: DIA12_CV486075:20251228_A2_N1_Mueller_MS_TechHub_IMP_THIDDIAXL003_Cas9_PhoX_DIA12_CV486075_250ng_FAIMS_003 P1_KTEVQTGGFSKESILPK P2_EDIQKAQVSGQGDSLHEHIANLAGSPAIKK 11 5,DIA12_CV486075:20251228_A2_N1_Mueller_MS_TechHub_IMP_THIDDIAXL003_Cas9_PhoX_DIA12_CV486075_250ng_FAIMS_003,1647247,,,Q99ZW2,,,false,Q99ZW2,Q99ZW2,,false,EDIQKAQVSGQGDSLHEHIANLAGSPAIKK,KTEVQTGGFSKESILPK,706,1097,5,11,710,1107,,-1,6,0,1.007276,9.732165
Scan: 692693 Run: DIA12_CV486075:20251228_A2_N1_Mueller_MS_TechHub_IMP_THIDDIAXL003_Cas9_PhoX_DIA12_CV486075_250ng_FAIMS_002 P1_SSFEKNPIDFLEAK P2_KKDWDPKK 5 1,DIA12_CV486075:20251228_A2_N1_Mueller_MS_TechHub_IMP_THIDDIAXL003_Cas9_PhoX_DIA12_CV486075_250ng_FAIMS_002,692693,,,Q99ZW2,,,false,Q99ZW2,Q99ZW2,,false,KKDWDPKK,SSFEKNPIDFLEAK,1123,1172,1,5,1123,1176,,-1,4,0,1.007276,9.731936
Scan: 37893 Run: DIA12_CV486075:20251228_A2_N1_Mueller_MS_TechHub_IMP_THIDDIAXL003_Cas9_PhoX_DIA12_CV486075_250ng_FAIMS_001 P1_KTEVQTGGFSK P2_DKPIR 1 2,DIA12_CV486075:20251228_A2_N1_Mueller_MS_TechHub_IMP_THIDDIAXL003_Cas9_PhoX_DIA12_CV486075_250ng_FAIMS_001,37893,,,Q99ZW2,,,false,Q99ZW2,Q99ZW2,,false,DKPIR,KTEVQTGGFSK,1299,1097,2,1,1300,1097,,-1,3,0,1.007276,9.731424
Scan: 1194317 Run: DIA12_CV486075:20251228_A2_N1_Mueller_MS_TechHub_IMP_THIDDIAXL003_Cas9_PhoX_DIA12_CV486075_250ng_FAIMS_002 P1_SKLVSDFR P2_DFQFYKVR 2 6,DIA12_CV486075:20251228_A2_N1_Mueller_MS_TechHub_IMP_THIDDIAXL003_Cas9_PhoX_DIA12_CV486075_250ng_FAIMS_002,1194317,,,Q99ZW2,,,false,Q99ZW2,Q99ZW2,,false,DFQFYKVR,SKLVSDFR,969,960,6,2,974,961,,-1,4,0,1.007276,9.731191
Scan: 1539874 Run: DIA12_CV486075:20251228_A2_N1_Mueller_MS_TechHub_IMP_THIDDIAXL003_Cas9_PhoX_DIA12_CV486075_250ng_FAIMS_003 P1_KSEETITPWNFEEVVDKGASAQSFIER P2_IEKILTFR 17 3,DIA12_CV486075:20251228_A2_N1_Mueller_MS_TechHub_IMP_THIDDIAXL003_Cas9_PhoX_DIA12_CV486075_250ng_FAIMS_003,1539874,,,Q99ZW2,,,false,Q99ZW2,Q99ZW2,,false,IEKILTFR,KSEETITPWNFEEVVDKGASAQSFIER,440,468,3,17,442,484,,-1,5,0,1.007276,9.730464
Scan: 587031 Run: DIA12_CV486075:20251228_A2_N1_Mueller_MS_TechHub_IMP_THIDDIAXL003_Cas9_PhoX_DIA12_CV486075_250ng_FAIMS_001 P1_YDENDKLIR P2_DKQSGK 6 2,DIA12_CV486075:20251228_A2_N1_Mueller_MS_TechHub_IMP_THIDDIAXL003_Cas9_PhoX_DIA12_CV486075_250ng_FAIMS_001,587031,,,Q99ZW2,,,false,Q99ZW2,Q99ZW2,,false,DKQSGK,YDENDKLIR,672,943,2,6,673,948,,-1,3,0,1.007276,9.729851
Scan: 204353 Run: DIA12_CV486075:20251228_A2_N1_Mueller_MS_TechHub_IMP_THIDDIAXL003_Cas9_PhoX_DIA12_CV486075_250ng_FAIMS_001 P1_KLVDSTDK P2_FKVLGNTDR 1 2,DIA12_CV486075:20251228_A2_N1_Mueller_MS_TechHub_IMP_THIDDIAXL003_Cas9_PhoX_DIA12_CV486075_250ng_FAIMS_001,204353,,,Q99ZW2,,,false,Q99ZW2,Q99ZW2,,false,FKVLGNTDR,KLVDSTDK,32,141,2,1,33,141,,-1,4,0,1.007276,9.729841
Scan: 196514 Run: DIA12_CV486075:20251228_A2_N1_Mueller_MS_TechHub_IMP_THIDDIAXL003_Cas9_PhoX_DIA12_CV486075_250ng_FAIMS_001 P1_YTSTKEVLDATLIHQSITGLYETR P2_ESILPKR 5 6,DIA12_CV486075:20251228_A2_N1_Mueller_MS_TechHub_IMP_THIDDIAXL003_Cas9_PhoX_DIA12_CV486075_250ng_FAIMS_001,196514,,,Q99ZW2,,,false,Q99ZW2,Q99ZW2,,false,ESILPKR,YTSTKEVLDATLIHQSITGLYETR,1108,1336,6,5,1113,1340,,-1,4,0,1.007276,9.727848
Scan: 1139642 Run: DIA12_CV486075:20251228_A2_N1_Mueller_MS_TechHub_IMP_THIDDIAXL003_Cas9_PhoX_DIA12_CV486075_250ng_FAIMS_002 P1_ELGSQILKEHPVENTQLQNEK P2_DDSIDNKVLTR 8 7,DIA12_CV486075:20251228_A2_N1_Mueller_MS_TechHub_IMP_THIDDIAXL003_Cas9_PhoX_DIA12_CV486075_250ng_FAIMS_002,1139642,,,Q99ZW2,,,false,Q99ZW2,Q99ZW2,,false,DDSIDNKVLTR,ELGSQILKEHPVENTQLQNEK,849,790,7,8,855,797,,-1,4,0,1.007276,9.727306
Scan: 1341112 Run: DIA12_CV486075:20251228_A2_N1_Mueller_MS_TechHub_IMP_THIDDIAXL003_Cas9_PhoX_DIA12_CV486075_250ng_FAIMS_003 P1_LPKYSLFELENGR P2_KPAFLSGEQK 3 1,DIA12_CV486075:20251228_A2_N1_Mueller_MS_TechHub_IMP_THIDDIAXL003_Cas9_PhoX_DIA12_CV486075_250ng_FAIMS_003,1341112,,,Q99ZW2,,,false,Q99ZW2,Q99ZW2,,false,KPAFLSGEQK,LPKYSLFELENGR,536,1198,1,3,536,1200,,-1,3,0,1.007276,9.726608
Scan: 1078598 Run: DIA12_CV486075:20251228_A2_N1_Mueller_MS_TechHub_IMP_THIDDIAXL003_Cas9_PhoX_DIA12_CV486075_250ng_FAIMS_002 P1_FKVLGNTDR P2_AQVSGQGDSLHEHIANLAGSPAIKK 2 24,DIA12_CV486075:20251228_A2_N1_Mueller_MS_TechHub_IMP_THIDDIAXL003_Cas9_PhoX_DIA12_CV486075_250ng_FAIMS_002,1078598,,,Q99ZW2,,,false,Q99ZW2,Q99ZW2,,false,AQVSGQGDSLHEHIANLAGSPAIKK,FKVLGNTDR,711,32,24,2,734,33,,-1,5,0,1.007276,9.726553
Scan: 1716018 Run: DIA12_CV486075:20251228_A2_N1_Mueller_MS_TechHub_IMP_THIDDIAXL003_Cas9_PhoX_DIA12_CV486075_250ng_FAIMS_003 P1_GNELALPSKYVNFLYLASHYEK P2_ELGSQILKEHPVENTQLQNEK 9 8,DIA12_CV486075:20251228_A2_N1_Mueller_MS_TechHub_IMP_THIDDIAXL003_Cas9_PhoX_DIA12_CV486075_250ng_FAIMS_003,1716018,,,Q99ZW2,,,false,Q99ZW2,Q99ZW2,,false,ELGSQILKEHPVENTQLQNEK,GNELALPSKYVNFLYLASHYEK,790,1223,8,9,797,1231,,-1,5,0,1.007276,9.725878
Scan: 1634155 Run: DIA12_CV486075:20251228_A2_N1_Mueller_MS_TechHub_IMP_THIDDIAXL003_Cas9_PhoX_DIA12_CV486075_250ng_FAIMS_003 P1_QSGKTILDFLK P2_LPKYSLFELENGR 4 3,DIA12_CV486075:20251228_A2_N1_Mueller_MS_TechHub_IMP_THIDDIAXL003_Cas9_PhoX_DIA12_CV486075_250ng_FAIMS_003,1634155,,,Q99ZW2,,,false,Q99ZW2,Q99ZW2,,false,LPKYSLFELENGR,QSGKTILDFLK,1198,674,3,4,1200,677,,-1,4,0,1.007276,9.725601
Scan: 1484795 Run: DIA12_CV486075:20251228_A2_N1_Mueller_MS_TechHub_IMP_THIDDIAXL003_Cas9_PhoX_DIA12_CV486075_250ng_FAIMS_003 P1_QEDFYPFLKDNR P2_KGILQTVK 9 1,DIA12_CV486075:20251228_A2_N1_Mueller_MS_TechHub_IMP_THIDDIAXL003_Cas9_PhoX_DIA12_CV486075_250ng_FAIMS_003,1484795,,,Q99ZW2,,,false,Q99ZW2,Q99ZW2,,false,KGILQTVK,QEDFYPFLKDNR,735,426,1,9,735,434,,-1,4,0,1.007276,9.725455
Scan: 1447852 Run: DIA12_CV486075:20251228_A2_N1_Mueller_MS_TechHub_IMP_THIDDIAXL003_Cas9_PhoX_DIA12_CV486075_250ng_FAIMS_003 P1_VNTEITKAPLSASMIK P2_QQLPEKYKEIFFDQSK 7 6,DIA12_CV486075:20251228_A2_N1_Mueller_MS_TechHub_IMP_THIDDIAXL003_Cas9_PhoX_DIA12_CV486075_250ng_FAIMS_003,1447852,,,Q99ZW2,,,false,Q99ZW2,Q99ZW2,,false,QQLPEKYKEIFFDQSK,VNTEITKAPLSASMIK,341,308,6,7,346,314,,-1,4,0,1.007276,9.725252
Scan: 259830 Run: DIA12_CV486075:20251228_A2_N1_Mueller_MS_TechHub_IMP_THIDDIAXL003_Cas9_PhoX_DIA12_CV486075_250ng_FAIMS_001 P1_YKEIFFDQSK P2_VTVKQLK 2 4,DIA12_CV486075:20251228_A2_N1_Mueller_MS_TechHub_IMP_THIDDIAXL003_Cas9_PhoX_DIA12_CV486075_250ng_FAIMS_001,259830,,,Q99ZW2,,,false,Q99ZW2,Q99ZW2,,false,VTVKQLK,YKEIFFDQSK,559,347,4,2,562,348,,-1,3,0,1.007276,9.72502
Scan: 1308953 Run: DIA12_CV486075:20251228_A2_N1_Mueller_MS_TechHub_IMP_THIDDIAXL003_Cas9_PhoX_DIA12_CV486075_250ng_FAIMS_003 P1_SSFEKNPIDFLEAK P2_DLIIKLPK 5 5,DIA12_CV486075:20251228_A2_N1_Mueller_MS_TechHub_IMP_THIDDIAXL003_Cas9_PhoX_DIA12_CV486075_250ng_FAIMS_003,1308953,,,Q99ZW2,,,false,Q99ZW2,Q99ZW2,,false,DLIIKLPK,SSFEKNPIDFLEAK,1193,1172,5,5,1197,1176,,-1,3,0,1.007276,9.725014
Scan: 1393498 Run: DIA12_CV486075:20251228_A2_N1_Mueller_MS_TechHub_IMP_THIDDIAXL003_Cas9_PhoX_DIA12_CV486075_250ng_FAIMS_003 P1_YTSTKEVLDATLIHQSITGLYETR P2_FKVLGNTDR 5 2,DIA12_CV486075:20251228_A2_N1_Mueller_MS_TechHub_IMP_THIDDIAXL003_Cas9_PhoX_DIA12_CV486075_250ng_FAIMS_003,1393498,,,Q99ZW2,,,false,Q99ZW2,Q99ZW2,,false,FKVLGNTDR,YTSTKEVLDATLIHQSITGLYETR,32,1336,2,5,33,1340,,-1,4,0,1.007276,9.724924
Scan: 628517 Run: DIA12_CV486075:20251228_A2_N1_Mueller_MS_TechHub_IMP_THIDDIAXL003_Cas9_PhoX_DIA12_CV486075_250ng_FAIMS_002 P1_RPLIETNGETGEIVWDKGR P2_KAIVDLLFK 17 1,DIA12_CV486075:20251228_A2_N1_Mueller_MS_TechHub_IMP_THIDDIAXL003_Cas9_PhoX_DIA12_CV486075_250ng_FAIMS_002,628517,,,Q99ZW2,,,false,Q99ZW2,Q99ZW2,,false,KAIVDLLFK,RPLIETNGETGEIVWDKGR,546,1060,1,17,546,1076,,-1,4,0,1.007276,9.724804
Scan: 1092321 Run: DIA12_CV486075:20251228_A2_N1_Mueller_MS_TechHub_IMP_THIDDIAXL003_Cas9_PhoX_DIA12_CV486075_250ng_FAIMS_002 P1_KLINGIR P2_GILQTVKVVDELVK 1 7,DIA12_CV486075:20251228_A2_N1_Mueller_MS_TechHub_IMP_THIDDIAXL003_Cas9_PhoX_DIA12_CV486075_250ng_FAIMS_002,1092321,,,Q99ZW2,,,false,Q99ZW2,Q99ZW2,,false,GILQTVKVVDELVK,KLINGIR,736,665,7,1,742,665,,-1,4,0,1.007276,9.724802
Scan: 288753 Run: DIA12_CV486075:20251228_A2_N1_Mueller_MS_TechHub_IMP_THIDDIAXL003_Cas9_PhoX_DIA12_CV486075_250ng_FAIMS_001 P1_QEDFYPFLKDNR P2_IEKILTFR 9 3,DIA12_CV486075:20251228_A2_N1_Mueller_MS_TechHub_IMP_THIDDIAXL003_Cas9_PhoX_DIA12_CV486075_250ng_FAIMS_001,288753,,,Q99ZW2,,,false,Q99ZW2,Q99ZW2,,false,IEKILTFR,QEDFYPFLKDNR,440,426,3,9,442,434,,-1,4,0,1.007276,9.724713
Scan: 1573858 Run: DIA12_CV486075:20251228_A2_N1_Mueller_MS_TechHub_IMP_THIDDIAXL003_Cas9_PhoX_DIA12_CV486075_250ng_FAIMS_003 P1_SSFEKNPIDFLEAK P2_KPAFLSGEQK 5 1,DIA12_CV486075:20251228_A2_N1_Mueller_MS_TechHub_IMP_THIDDIAXL003_Cas9_PhoX_DIA12_CV486075_250ng_FAIMS_003,1573858,,,Q99ZW2,,,false,Q99ZW2,Q99ZW2,,false,KPAFLSGEQK,SSFEKNPIDFLEAK,536,1172,1,5,536,1176,,-1,4,0,1.007276,9.723989
Scan: 838795 Run: DIA12_CV486075:20251228_A2_N1_Mueller_MS_TechHub_IMP_THIDDIAXL003_Cas9_PhoX_DIA12_CV486075_250ng_FAIMS_002 P1_RPLIETNGETGEIVWDKGR P2_FKVLGNTDR 17 2,DIA12_CV486075:20251228_A2_N1_Mueller_MS_TechHub_IMP_THIDDIAXL003_Cas9_PhoX_DIA12_CV486075_250ng_FAIMS_002,838795,,,Q99ZW2,,,false,Q99ZW2,Q99ZW2,,false,FKVLGNTDR,RPLIETNGETGEIVWDKGR,32,1060,2,17,33,1076,,-1,4,0,1.007276,9.723338
Scan: 512224 Run: DIA12_CV486075:20251228_A2_N1_Mueller_MS_TechHub_IMP_THIDDIAXL003_Cas9_PhoX_DIA12_CV486075_250ng_FAIMS_001 P1_YKEIFFDQSK P2_GQKNSR 2 3,DIA12_CV486075:20251228_A2_N1_Mueller_MS_TechHub_IMP_THIDDIAXL003_Cas9_PhoX_DIA12_CV486075_250ng_FAIMS_001,512224,,,Q99ZW2,,,false,Q99ZW2,Q99ZW2,,false,GQKNSR,YKEIFFDQSK,773,347,3,2,775,348,,-1,3,0,1.007276,9.722948
Scan: 886446 Run: DIA12_CV486075:20251228_A2_N1_Mueller_MS_TechHub_IMP_THIDDIAXL003_Cas9_PhoX_DIA12_CV486075_250ng_FAIMS_002 P1_SEETITPWNFEEVVDKGASAQSFIER P2_QEDFYPFLKDNR 16 9,DIA12_CV486075:20251228_A2_N1_Mueller_MS_TechHub_IMP_THIDDIAXL003_Cas9_PhoX_DIA12_CV486075_250ng_FAIMS_002,886446,,,Q99ZW2,,,false,Q99ZW2,Q99ZW2,,false,QEDFYPFLKDNR,SEETITPWNFEEVVDKGASAQSFIER,426,469,9,16,434,484,,-1,4,0,1.007276,9.722014
Scan: 1692172 Run: DIA12_CV486075:20251228_A2_N1_Mueller_MS_TechHub_IMP_THIDDIAXL003_Cas9_PhoX_DIA12_CV486075_250ng_FAIMS_003 P1_KGILQTVK P2_GILQTVKVVDELVK 1 7,DIA12_CV486075:20251228_A2_N1_Mueller_MS_TechHub_IMP_THIDDIAXL003_Cas9_PhoX_DIA12_CV486075_250ng_FAIMS_003,1692172,,,Q99ZW2,,,false,Q99ZW2,Q99ZW2,,false,GILQTVKVVDELVK,KGILQTVK,736,735,7,1,742,735,,-1,4,0,1.007276,9.721984
Scan: 559671 Run: DIA12_CV486075:20251228_A2_N1_Mueller_MS_TechHub_IMP_THIDDIAXL003_Cas9_PhoX_DIA12_CV486075_250ng_FAIMS_001 P1_TILDFLKSDGFANR P2_QLLNAKLITQR 7 6,DIA12_CV486075:20251228_A2_N1_Mueller_MS_TechHub_IMP_THIDDIAXL003_Cas9_PhoX_DIA12_CV486075_250ng_FAIMS_001,559671,,,Q99ZW2,,,false,Q99ZW2,Q99ZW2,,false,QLLNAKLITQR,TILDFLKSDGFANR,885,678,6,7,890,684,,-1,4,0,1.007276,9.720736
Scan: 1394197 Run: DIA12_CV486075:20251228_A2_N1_Mueller_MS_TechHub_IMP_THIDDIAXL003_Cas9_PhoX_DIA12_CV486075_250ng_FAIMS_003 P1_YTSTKEVLDATLIHQSITGLYETR P2_QSGKTILDFLK 5 4,DIA12_CV486075:20251228_A2_N1_Mueller_MS_TechHub_IMP_THIDDIAXL003_Cas9_PhoX_DIA12_CV486075_250ng_FAIMS_003,1394197,,,Q99ZW2,,,false,Q99ZW2,Q99ZW2,,false,QSGKTILDFLK,YTSTKEVLDATLIHQSITGLYETR,674,1336,4,5,677,1340,,-1,4,0,1.007276,9.719681
Scan: 1335986 Run: DIA12_CV486075:20251228_A2_N1_Mueller_MS_TechHub_IMP_THIDDIAXL003_Cas9_PhoX_DIA12_CV486075_250ng_FAIMS_003 P1_KDLIIKLPK P2_DKQSGK 6 2,DIA12_CV486075:20251228_A2_N1_Mueller_MS_TechHub_IMP_THIDDIAXL003_Cas9_PhoX_DIA12_CV486075_250ng_FAIMS_003,1335986,,,Q99ZW2,,,false,Q99ZW2,Q99ZW2,,false,DKQSGK,KDLIIKLPK,672,1192,2,6,673,1197,,-1,3,0,1.007276,9.719368
Scan: 386823 Run: DIA12_CV486075:20251228_A2_N1_Mueller_MS_TechHub_IMP_THIDDIAXL003_Cas9_PhoX_DIA12_CV486075_250ng_FAIMS_001 P1_KPAFLSGEQK P2_FNASLGTYHDLLKIIK 1 13,DIA12_CV486075:20251228_A2_N1_Mueller_MS_TechHub_IMP_THIDDIAXL003_Cas9_PhoX_DIA12_CV486075_250ng_FAIMS_001,386823,,,Q99ZW2,,,false,Q99ZW2,Q99ZW2,,false,FNASLGTYHDLLKIIK,KPAFLSGEQK,587,536,13,1,599,536,,-1,4,0,1.007276,9.716974
Scan: 1341271 Run: DIA12_CV486075:20251228_A2_N1_Mueller_MS_TechHub_IMP_THIDDIAXL003_Cas9_PhoX_DIA12_CV486075_250ng_FAIMS_003 P1_LPKYSLFELENGR P2_KAIVDLLFK 3 1,DIA12_CV486075:20251228_A2_N1_Mueller_MS_TechHub_IMP_THIDDIAXL003_Cas9_PhoX_DIA12_CV486075_250ng_FAIMS_003,1341271,,,Q99ZW2,,,false,Q99ZW2,Q99ZW2,,false,KAIVDLLFK,LPKYSLFELENGR,546,1198,1,3,546,1200,,-1,4,0,1.007276,9.716236
Scan: 1044920 Run: DIA12_CV486075:20251228_A2_N1_Mueller_MS_TechHub_IMP_THIDDIAXL003_Cas9_PhoX_DIA12_CV486075_250ng_FAIMS_002 P1_TILDFLKSDGFANR P2_QSGKTILDFLK 7 4,DIA12_CV486075:20251228_A2_N1_Mueller_MS_TechHub_IMP_THIDDIAXL003_Cas9_PhoX_DIA12_CV486075_250ng_FAIMS_002,1044920,,,Q99ZW2,,,false,Q99ZW2,Q99ZW2,,false,QSGKTILDFLK,TILDFLKSDGFANR,674,678,4,7,677,684,,-1,4,0,1.007276,9.716129
Scan: 823062 Run: DIA12_CV486075:20251228_A2_N1_Mueller_MS_TechHub_IMP_THIDDIAXL003_Cas9_PhoX_DIA12_CV486075_250ng_FAIMS_002 P1_SNFDLAEDAKLQLSK P2_KDWDPK 10 1,DIA12_CV486075:20251228_A2_N1_Mueller_MS_TechHub_IMP_THIDDIAXL003_Cas9_PhoX_DIA12_CV486075_250ng_FAIMS_002,823062,,,Q99ZW2,,,false,Q99ZW2,Q99ZW2,,false,KDWDPK,SNFDLAEDAKLQLSK,1124,254,1,10,1124,263,,-1,3,0,1.007276,9.714719
Scan: 213531 Run: DIA12_CV486075:20251228_A2_N1_Mueller_MS_TechHub_IMP_THIDDIAXL003_Cas9_PhoX_DIA12_CV486075_250ng_FAIMS_001 P1_NSDKLIAR P2_LENLIAQLPGEKK 4 12,DIA12_CV486075:20251228_A2_N1_Mueller_MS_TechHub_IMP_THIDDIAXL003_Cas9_PhoX_DIA12_CV486075_250ng_FAIMS_001,213531,,,Q99ZW2,,,false,Q99ZW2,Q99ZW2,,false,LENLIAQLPGEKK,NSDKLIAR,222,1115,12,4,233,1118,,-1,3,0,1.007276,9.714591
Scan: 1492891 Run: DIA12_CV486075:20251228_A2_N1_Mueller_MS_TechHub_IMP_THIDDIAXL003_Cas9_PhoX_DIA12_CV486075_250ng_FAIMS_003 P1_KNLIGALLFDSGETAEATR P2_IEKILTFR 1 3,DIA12_CV486075:20251228_A2_N1_Mueller_MS_TechHub_IMP_THIDDIAXL003_Cas9_PhoX_DIA12_CV486075_250ng_FAIMS_003,1492891,,,Q99ZW2,,,false,Q99ZW2,Q99ZW2,,false,IEKILTFR,KNLIGALLFDSGETAEATR,440,45,3,1,442,45,,-1,4,0,1.007276,9.714588
Scan: 182067 Run: DIA12_CV486075:20251228_A2_N1_Mueller_MS_TechHub_IMP_THIDDIAXL003_Cas9_PhoX_DIA12_CV486075_250ng_FAIMS_001 P1_VILADANLDKVLSAYNK P2_NSDKLIAR 10 4,DIA12_CV486075:20251228_A2_N1_Mueller_MS_TechHub_IMP_THIDDIAXL003_Cas9_PhoX_DIA12_CV486075_250ng_FAIMS_001,182067,,,Q99ZW2,,,false,Q99ZW2,Q99ZW2,,false,NSDKLIAR,VILADANLDKVLSAYNK,1115,1280,4,10,1118,1289,,-1,3,0,1.007276,9.714449
Scan: 452835 Run: DIA12_CV486075:20251228_A2_N1_Mueller_MS_TechHub_IMP_THIDDIAXL003_Cas9_PhoX_DIA12_CV486075_250ng_FAIMS_001 P1_ESILPKR P2_EDIQKAQVSGQGDSLHEHIANLAGSPAIK 6 5,DIA12_CV486075:20251228_A2_N1_Mueller_MS_TechHub_IMP_THIDDIAXL003_Cas9_PhoX_DIA12_CV486075_250ng_FAIMS_001,452835,,,Q99ZW2,,,false,Q99ZW2,Q99ZW2,,false,EDIQKAQVSGQGDSLHEHIANLAGSPAIK,ESILPKR,706,1108,5,6,710,1113,,-1,4,0,1.007276,9.714436
Scan: 1393569 Run: DIA12_CV486075:20251228_A2_N1_Mueller_MS_TechHub_IMP_THIDDIAXL003_Cas9_PhoX_DIA12_CV486075_250ng_FAIMS_003 P1_YTSTKEVLDATLIHQSITGLYETR P2_FKVLGNTDR 5 2,DIA12_CV486075:20251228_A2_N1_Mueller_MS_TechHub_IMP_THIDDIAXL003_Cas9_PhoX_DIA12_CV486075_250ng_FAIMS_003,1393569,,,Q99ZW2,,,false,Q99ZW2,Q99ZW2,,false,FKVLGNTDR,YTSTKEVLDATLIHQSITGLYETR,32,1336,2,5,33,1340,,-1,5,0,1.007276,9.713966
Scan: 587250 Run: DIA12_CV486075:20251228_A2_N1_Mueller_MS_TechHub_IMP_THIDDIAXL003_Cas9_PhoX_DIA12_CV486075_250ng_FAIMS_001 P1_KDLIIK P2_EVKVITLK 1 3,DIA12_CV486075:20251228_A2_N1_Mueller_MS_TechHub_IMP_THIDDIAXL003_Cas9_PhoX_DIA12_CV486075_250ng_FAIMS_001,587250,,,Q99ZW2,,,false,Q99ZW2,Q99ZW2,,false,EVKVITLK,KDLIIK,952,1192,3,1,954,1192,,-1,3,0,1.007276,9.713874
Scan: 1765878 Run: DIA12_CV486075:20251228_A2_N1_Mueller_MS_TechHub_IMP_THIDDIAXL003_Cas9_PhoX_DIA12_CV486075_250ng_FAIMS_003 P1_SSFEKNPIDFLEAK P2_QITKHVAQILDSR 5 4,DIA12_CV486075:20251228_A2_N1_Mueller_MS_TechHub_IMP_THIDDIAXL003_Cas9_PhoX_DIA12_CV486075_250ng_FAIMS_003,1765878,,,Q99ZW2,,,false,Q99ZW2,Q99ZW2,,false,QITKHVAQILDSR,SSFEKNPIDFLEAK,926,1172,4,5,929,1176,,-1,4,0,1.007276,9.713441
Scan: 1264129 Run: DIA12_CV486075:20251228_A2_N1_Mueller_MS_TechHub_IMP_THIDDIAXL003_Cas9_PhoX_DIA12_CV486075_250ng_FAIMS_003 P1_TEVQTGGFSKESILPK P2_GNELALPSKYVNFLYLASHYEK 10 9,DIA12_CV486075:20251228_A2_N1_Mueller_MS_TechHub_IMP_THIDDIAXL003_Cas9_PhoX_DIA12_CV486075_250ng_FAIMS_003,1264129,,,Q99ZW2,,,false,Q99ZW2,Q99ZW2,,false,GNELALPSKYVNFLYLASHYEK,TEVQTGGFSKESILPK,1223,1098,9,10,1231,1107,,-1,5,0,1.007276,9.712747
Scan: 35585 Run: DIA12_CV486075:20251228_A2_N1_Mueller_MS_TechHub_IMP_THIDDIAXL003_Cas9_PhoX_DIA12_CV486075_250ng_FAIMS_001 P1_SEQEIGKATAK P2_KTEVQTGGFSK 7 1,DIA12_CV486075:20251228_A2_N1_Mueller_MS_TechHub_IMP_THIDDIAXL003_Cas9_PhoX_DIA12_CV486075_250ng_FAIMS_001,35585,,,Q99ZW2,,,false,Q99ZW2,Q99ZW2,,false,KTEVQTGGFSK,SEQEIGKATAK,1097,1025,1,7,1097,1031,,-1,4,0,1.007276,9.712543
Scan: 7794 Run: DIA12_CV486075:20251228_A2_N1_Mueller_MS_TechHub_IMP_THIDDIAXL003_Cas9_PhoX_DIA12_CV486075_250ng_FAIMS_001 P1_LESEFVYGDYKVYDVR P2_AGFIKR 11 5,DIA12_CV486075:20251228_A2_N1_Mueller_MS_TechHub_IMP_THIDDIAXL003_Cas9_PhoX_DIA12_CV486075_250ng_FAIMS_001,7794,,,Q99ZW2,,,false,Q99ZW2,Q99ZW2,,false,AGFIKR,LESEFVYGDYKVYDVR,914,1004,5,11,918,1014,,-1,4,0,1.007276,9.709475
Scan: 1422582 Run: DIA12_CV486075:20251228_A2_N1_Mueller_MS_TechHub_IMP_THIDDIAXL003_Cas9_PhoX_DIA12_CV486075_250ng_FAIMS_003 P1_VLPKHSLLYEYFTVYNELTK P2_SNFDLAEDAKLQLSK 4 10,DIA12_CV486075:20251228_A2_N1_Mueller_MS_TechHub_IMP_THIDDIAXL003_Cas9_PhoX_DIA12_CV486075_250ng_FAIMS_003,1422582,,,Q99ZW2,,,false,Q99ZW2,Q99ZW2,,false,SNFDLAEDAKLQLSK,VLPKHSLLYEYFTVYNELTK,254,507,10,4,263,510,,-1,4,0,1.007276,9.709331
Scan: 437519 Run: DIA12_CV486075:20251228_A2_N1_Mueller_MS_TechHub_IMP_THIDDIAXL003_Cas9_PhoX_DIA12_CV486075_250ng_FAIMS_001 P1_DKQSGK P2_DKPIR 2 2,DIA12_CV486075:20251228_A2_N1_Mueller_MS_TechHub_IMP_THIDDIAXL003_Cas9_PhoX_DIA12_CV486075_250ng_FAIMS_001,437519,,,Q99ZW2,,,false,Q99ZW2,Q99ZW2,,false,DKPIR,DKQSGK,1299,672,2,2,1300,673,,-1,3,0,1.007276,9.709274
Scan: 1450414 Run: DIA12_CV486075:20251228_A2_N1_Mueller_MS_TechHub_IMP_THIDDIAXL003_Cas9_PhoX_DIA12_CV486075_250ng_FAIMS_003 P1_YKEIFFDQSK P2_LKGSPEDNEQK 2 2,DIA12_CV486075:20251228_A2_N1_Mueller_MS_TechHub_IMP_THIDDIAXL003_Cas9_PhoX_DIA12_CV486075_250ng_FAIMS_003,1450414,,,Q99ZW2,,,false,Q99ZW2,Q99ZW2,,false,LKGSPEDNEQK,YKEIFFDQSK,1245,347,2,2,1246,348,,-1,3,0,1.007276,9.709138
Scan: 1235371 Run: DIA12_CV486075:20251228_A2_N1_Mueller_MS_TechHub_IMP_THIDDIAXL003_Cas9_PhoX_DIA12_CV486075_250ng_FAIMS_003 P1_KTEVQTGGFSK P2_AQVSGQGDSLHEHIANLAGSPAIKK 1 24,DIA12_CV486075:20251228_A2_N1_Mueller_MS_TechHub_IMP_THIDDIAXL003_Cas9_PhoX_DIA12_CV486075_250ng_FAIMS_003,1235371,,,Q99ZW2,,,false,Q99ZW2,Q99ZW2,,false,AQVSGQGDSLHEHIANLAGSPAIKK,KTEVQTGGFSK,711,1097,24,1,734,1097,,-1,5,0,1.007276,9.709057
Scan: 87968 Run: DIA12_CV486075:20251228_A2_N1_Mueller_MS_TechHub_IMP_THIDDIAXL003_Cas9_PhoX_DIA12_CV486075_250ng_FAIMS_001 P1_YKEIFFDQSK P2_RNSDKLIAR 2 5,DIA12_CV486075:20251228_A2_N1_Mueller_MS_TechHub_IMP_THIDDIAXL003_Cas9_PhoX_DIA12_CV486075_250ng_FAIMS_001,87968,,,Q99ZW2,,,false,Q99ZW2,Q99ZW2,,false,RNSDKLIAR,YKEIFFDQSK,1114,347,5,2,1118,348,,-1,3,0,1.007276,9.707905
Scan: 1643458 Run: DIA12_CV486075:20251228_A2_N1_Mueller_MS_TechHub_IMP_THIDDIAXL003_Cas9_PhoX_DIA12_CV486075_250ng_FAIMS_003 P1_TILDFLKSDGFANR P2_ELGSQILKEHPVENTQLQNEK 7 8,DIA12_CV486075:20251228_A2_N1_Mueller_MS_TechHub_IMP_THIDDIAXL003_Cas9_PhoX_DIA12_CV486075_250ng_FAIMS_003,1643458,,,Q99ZW2,,,false,Q99ZW2,Q99ZW2,,false,ELGSQILKEHPVENTQLQNEK,TILDFLKSDGFANR,790,678,8,7,797,684,,-1,4,0,1.007276,9.707765
Scan: 1556571 Run: DIA12_CV486075:20251228_A2_N1_Mueller_MS_TechHub_IMP_THIDDIAXL003_Cas9_PhoX_DIA12_CV486075_250ng_FAIMS_003 P1_VLPKHSLLYEYFTVYNELTK P2_NSDKLIAR 4 4,DIA12_CV486075:20251228_A2_N1_Mueller_MS_TechHub_IMP_THIDDIAXL003_Cas9_PhoX_DIA12_CV486075_250ng_FAIMS_003,1556571,,,Q99ZW2,,,false,Q99ZW2,Q99ZW2,,false,NSDKLIAR,VLPKHSLLYEYFTVYNELTK,1115,507,4,4,1118,510,,-1,4,0,1.007276,9.707609
Scan: 1269472 Run: DIA12_CV486075:20251228_A2_N1_Mueller_MS_TechHub_IMP_THIDDIAXL003_Cas9_PhoX_DIA12_CV486075_250ng_FAIMS_003 P1_TEVQTGGFSKESILPK P2_KGILQTVK 10 1,DIA12_CV486075:20251228_A2_N1_Mueller_MS_TechHub_IMP_THIDDIAXL003_Cas9_PhoX_DIA12_CV486075_250ng_FAIMS_003,1269472,,,Q99ZW2,,,false,Q99ZW2,Q99ZW2,,false,KGILQTVK,TEVQTGGFSKESILPK,735,1098,1,10,735,1107,,-1,4,0,1.007276,9.706199
Scan: 665725 Run: DIA12_CV486075:20251228_A2_N1_Mueller_MS_TechHub_IMP_THIDDIAXL003_Cas9_PhoX_DIA12_CV486075_250ng_FAIMS_002 P1_KTEVQTGGFSKESILPK P2_DLIIKLPK 11 5,DIA12_CV486075:20251228_A2_N1_Mueller_MS_TechHub_IMP_THIDDIAXL003_Cas9_PhoX_DIA12_CV486075_250ng_FAIMS_002,665725,,,Q99ZW2,,,false,Q99ZW2,Q99ZW2,,false,DLIIKLPK,KTEVQTGGFSKESILPK,1193,1097,5,11,1197,1107,,-1,4,0,1.007276,9.705833
Scan: 1624336 Run: DIA12_CV486075:20251228_A2_N1_Mueller_MS_TechHub_IMP_THIDDIAXL003_Cas9_PhoX_DIA12_CV486075_250ng_FAIMS_003 P1_KLVDSTDK P2_KLINGIR 1 1,DIA12_CV486075:20251228_A2_N1_Mueller_MS_TechHub_IMP_THIDDIAXL003_Cas9_PhoX_DIA12_CV486075_250ng_FAIMS_003,1624336,,,Q99ZW2,,,false,Q99ZW2,Q99ZW2,,false,KLINGIR,KLVDSTDK,665,141,1,1,665,141,,-1,3,0,1.007276,9.705738
Scan: 1372500 Run: DIA12_CV486075:20251228_A2_N1_Mueller_MS_TechHub_IMP_THIDDIAXL003_Cas9_PhoX_DIA12_CV486075_250ng_FAIMS_003 P1_KPAFLSGEQK P2_HYLDEIIEQISEFSKR 1 15,DIA12_CV486075:20251228_A2_N1_Mueller_MS_TechHub_IMP_THIDDIAXL003_Cas9_PhoX_DIA12_CV486075_250ng_FAIMS_003,1372500,,,Q99ZW2,,,false,Q99ZW2,Q99ZW2,,false,HYLDEIIEQISEFSKR,KPAFLSGEQK,1264,536,15,1,1278,536,,-1,5,0,1.007276,9.705219
Scan: 593316 Run: DIA12_CV486075:20251228_A2_N1_Mueller_MS_TechHub_IMP_THIDDIAXL003_Cas9_PhoX_DIA12_CV486075_250ng_FAIMS_001 P1_SEQEIGKATAK P2_KDFQFYK 7 1,DIA12_CV486075:20251228_A2_N1_Mueller_MS_TechHub_IMP_THIDDIAXL003_Cas9_PhoX_DIA12_CV486075_250ng_FAIMS_001,593316,,,Q99ZW2,,,false,Q99ZW2,Q99ZW2,,false,KDFQFYK,SEQEIGKATAK,968,1025,1,7,968,1031,,-1,3,0,1.007276,9.705041
Scan: 1423502 Run: DIA12_CV486075:20251228_A2_N1_Mueller_MS_TechHub_IMP_THIDDIAXL003_Cas9_PhoX_DIA12_CV486075_250ng_FAIMS_003 P1_SNFDLAEDAKLQLSK P2_ELGSQILKEHPVENTQLQNEK 10 8,DIA12_CV486075:20251228_A2_N1_Mueller_MS_TechHub_IMP_THIDDIAXL003_Cas9_PhoX_DIA12_CV486075_250ng_FAIMS_003,1423502,,,Q99ZW2,,,false,Q99ZW2,Q99ZW2,,false,ELGSQILKEHPVENTQLQNEK,SNFDLAEDAKLQLSK,790,254,8,10,797,263,,-1,4,0,1.007276,9.705007
Scan: 95721 Run: DIA12_CV486075:20251228_A2_N1_Mueller_MS_TechHub_IMP_THIDDIAXL003_Cas9_PhoX_DIA12_CV486075_250ng_FAIMS_001 P1_KPAFLSGEQK P2_KKDWDPK 1 1,DIA12_CV486075:20251228_A2_N1_Mueller_MS_TechHub_IMP_THIDDIAXL003_Cas9_PhoX_DIA12_CV486075_250ng_FAIMS_001,95721,,,Q99ZW2,,,false,Q99ZW2,Q99ZW2,,false,KKDWDPK,KPAFLSGEQK,1123,536,1,1,1123,536,,-1,4,0,1.007276,9.704215
Scan: 1356672 Run: DIA12_CV486075:20251228_A2_N1_Mueller_MS_TechHub_IMP_THIDDIAXL003_Cas9_PhoX_DIA12_CV486075_250ng_FAIMS_003 P1_LKGSPEDNEQK P2_GYKEVK 2 3,DIA12_CV486075:20251228_A2_N1_Mueller_MS_TechHub_IMP_THIDDIAXL003_Cas9_PhoX_DIA12_CV486075_250ng_FAIMS_003,1356672,,,Q99ZW2,,,false,Q99ZW2,Q99ZW2,,false,GYKEVK,LKGSPEDNEQK,1186,1245,3,2,1188,1246,,-1,3,0,1.007276,9.702693
Scan: 679919 Run: DIA12_CV486075:20251228_A2_N1_Mueller_MS_TechHub_IMP_THIDDIAXL003_Cas9_PhoX_DIA12_CV486075_250ng_FAIMS_002 P1_NSDKLIAR P2_ESILPKR 4 6,DIA12_CV486075:20251228_A2_N1_Mueller_MS_TechHub_IMP_THIDDIAXL003_Cas9_PhoX_DIA12_CV486075_250ng_FAIMS_002,679919,,,Q99ZW2,,,false,Q99ZW2,Q99ZW2,,false,ESILPKR,NSDKLIAR,1108,1115,6,4,1113,1118,,-1,3,0,1.007276,9.702232
Scan: 1315570 Run: DIA12_CV486075:20251228_A2_N1_Mueller_MS_TechHub_IMP_THIDDIAXL003_Cas9_PhoX_DIA12_CV486075_250ng_FAIMS_003 P1_SSFEKNPIDFLEAK P2_GILQTVKVVDELVK 5 7,DIA12_CV486075:20251228_A2_N1_Mueller_MS_TechHub_IMP_THIDDIAXL003_Cas9_PhoX_DIA12_CV486075_250ng_FAIMS_003,1315570,,,Q99ZW2,,,false,Q99ZW2,Q99ZW2,,false,GILQTVKVVDELVK,SSFEKNPIDFLEAK,736,1172,7,5,742,1176,,-1,4,0,1.007276,9.70189
Scan: 684440 Run: DIA12_CV486075:20251228_A2_N1_Mueller_MS_TechHub_IMP_THIDDIAXL003_Cas9_PhoX_DIA12_CV486075_250ng_FAIMS_002 P1_NSDKLIAR P2_DKPIR 4 2,DIA12_CV486075:20251228_A2_N1_Mueller_MS_TechHub_IMP_THIDDIAXL003_Cas9_PhoX_DIA12_CV486075_250ng_FAIMS_002,684440,,,Q99ZW2,,,false,Q99ZW2,Q99ZW2,,false,DKPIR,NSDKLIAR,1299,1115,2,4,1300,1118,,-1,3,0,1.007276,9.70172
Scan: 1409018 Run: DIA12_CV486075:20251228_A2_N1_Mueller_MS_TechHub_IMP_THIDDIAXL003_Cas9_PhoX_DIA12_CV486075_250ng_FAIMS_003 P1_LENLIAQLPGEKK P2_KLVDSTDK 12 1,DIA12_CV486075:20251228_A2_N1_Mueller_MS_TechHub_IMP_THIDDIAXL003_Cas9_PhoX_DIA12_CV486075_250ng_FAIMS_003,1409018,,,Q99ZW2,,,false,Q99ZW2,Q99ZW2,,false,KLVDSTDK,LENLIAQLPGEKK,141,222,1,12,141,233,,-1,4,0,1.007276,9.701576
Scan: 495281 Run: DIA12_CV486075:20251228_A2_N1_Mueller_MS_TechHub_IMP_THIDDIAXL003_Cas9_PhoX_DIA12_CV486075_250ng_FAIMS_001 P1_GILQTVKVVDELVK P2_DKQSGK 7 2,DIA12_CV486075:20251228_A2_N1_Mueller_MS_TechHub_IMP_THIDDIAXL003_Cas9_PhoX_DIA12_CV486075_250ng_FAIMS_001,495281,,,Q99ZW2,,,false,Q99ZW2,Q99ZW2,,false,DKQSGK,GILQTVKVVDELVK,672,736,2,7,673,742,,-1,3,0,1.007276,9.701474
Scan: 194108 Run: DIA12_CV486075:20251228_A2_N1_Mueller_MS_TechHub_IMP_THIDDIAXL003_Cas9_PhoX_DIA12_CV486075_250ng_FAIMS_001 P1_NSDKLIAR P2_EQAENIIHLFTLTNLGAPAAFKYFDTTIDR 4 22,DIA12_CV486075:20251228_A2_N1_Mueller_MS_TechHub_IMP_THIDDIAXL003_Cas9_PhoX_DIA12_CV486075_250ng_FAIMS_001,194108,,,Q99ZW2,,,false,Q99ZW2,Q99ZW2,,false,EQAENIIHLFTLTNLGAPAAFKYFDTTIDR,NSDKLIAR,1304,1115,22,4,1325,1118,,-1,5,0,1.007276,9.701171
Scan: 1575521 Run: DIA12_CV486075:20251228_A2_N1_Mueller_MS_TechHub_IMP_THIDDIAXL003_Cas9_PhoX_DIA12_CV486075_250ng_FAIMS_003 P1_LVDSTDKADLR P2_KPAFLSGEQK 7 1,DIA12_CV486075:20251228_A2_N1_Mueller_MS_TechHub_IMP_THIDDIAXL003_Cas9_PhoX_DIA12_CV486075_250ng_FAIMS_003,1575521,,,Q99ZW2,,,false,Q99ZW2,Q99ZW2,,false,KPAFLSGEQK,LVDSTDKADLR,536,142,1,7,536,148,,-1,4,0,1.007276,9.700849
Scan: 1402458 Run: DIA12_CV486075:20251228_A2_N1_Mueller_MS_TechHub_IMP_THIDDIAXL003_Cas9_PhoX_DIA12_CV486075_250ng_FAIMS_003 P1_YKEIFFDQSK P2_LVDSTDKADLR 2 7,DIA12_CV486075:20251228_A2_N1_Mueller_MS_TechHub_IMP_THIDDIAXL003_Cas9_PhoX_DIA12_CV486075_250ng_FAIMS_003,1402458,,,Q99ZW2,,,false,Q99ZW2,Q99ZW2,,false,LVDSTDKADLR,YKEIFFDQSK,142,347,7,2,148,348,,-1,3,0,1.007276,9.700804
Scan: 1598887 Run: DIA12_CV486075:20251228_A2_N1_Mueller_MS_TechHub_IMP_THIDDIAXL003_Cas9_PhoX_DIA12_CV486075_250ng_FAIMS_003 P1_SKLVSDFR P2_KPAFLSGEQKK 2 10,DIA12_CV486075:20251228_A2_N1_Mueller_MS_TechHub_IMP_THIDDIAXL003_Cas9_PhoX_DIA12_CV486075_250ng_FAIMS_003,1598887,,,Q99ZW2,,,false,Q99ZW2,Q99ZW2,,false,KPAFLSGEQKK,SKLVSDFR,536,960,10,2,545,961,,-1,4,0,1.007276,9.699056
Scan: 1187439 Run: DIA12_CV486075:20251228_A2_N1_Mueller_MS_TechHub_IMP_THIDDIAXL003_Cas9_PhoX_DIA12_CV486075_250ng_FAIMS_002 P1_SKLVSDFRK P2_EVKVITLK 2 3,DIA12_CV486075:20251228_A2_N1_Mueller_MS_TechHub_IMP_THIDDIAXL003_Cas9_PhoX_DIA12_CV486075_250ng_FAIMS_002,1187439,,,Q99ZW2,,,false,Q99ZW2,Q99ZW2,,false,EVKVITLK,SKLVSDFRK,952,960,3,2,954,961,,-1,3,0,1.007276,9.699051
Scan: 1735911 Run: DIA12_CV486075:20251228_A2_N1_Mueller_MS_TechHub_IMP_THIDDIAXL003_Cas9_PhoX_DIA12_CV486075_250ng_FAIMS_003 P1_SNFDLAEDAKLQLSK P2_DDSIDNKVLTR 10 7,DIA12_CV486075:20251228_A2_N1_Mueller_MS_TechHub_IMP_THIDDIAXL003_Cas9_PhoX_DIA12_CV486075_250ng_FAIMS_003,1735911,,,Q99ZW2,,,false,Q99ZW2,Q99ZW2,,false,DDSIDNKVLTR,SNFDLAEDAKLQLSK,849,254,7,10,855,263,,-1,4,0,1.007276,9.699003
Scan: 1368839 Run: DIA12_CV486075:20251228_A2_N1_Mueller_MS_TechHub_IMP_THIDDIAXL003_Cas9_PhoX_DIA12_CV486075_250ng_FAIMS_003 P1_QLFVEQHKHYLDEIIEQISEFSK P2_KNLIGALLFDSGETAEATR 8 1,DIA12_CV486075:20251228_A2_N1_Mueller_MS_TechHub_IMP_THIDDIAXL003_Cas9_PhoX_DIA12_CV486075_250ng_FAIMS_003,1368839,,,Q99ZW2,,,false,Q99ZW2,Q99ZW2,,false,KNLIGALLFDSGETAEATR,QLFVEQHKHYLDEIIEQISEFSK,45,1256,1,8,45,1263,,-1,5,0,1.007276,9.697052
Scan: 613618 Run: DIA12_CV486075:20251228_A2_N1_Mueller_MS_TechHub_IMP_THIDDIAXL003_Cas9_PhoX_DIA12_CV486075_250ng_FAIMS_002 P1_SEQEIGKATAK P2_KLINGIR 7 1,DIA12_CV486075:20251228_A2_N1_Mueller_MS_TechHub_IMP_THIDDIAXL003_Cas9_PhoX_DIA12_CV486075_250ng_FAIMS_002,613618,,,Q99ZW2,,,false,Q99ZW2,Q99ZW2,,false,KLINGIR,SEQEIGKATAK,665,1025,1,7,665,1031,,-1,3,0,1.007276,9.696888
Scan: 250974 Run: DIA12_CV486075:20251228_A2_N1_Mueller_MS_TechHub_IMP_THIDDIAXL003_Cas9_PhoX_DIA12_CV486075_250ng_FAIMS_001 P1_YDEHHQDLTLLKALVR P2_KPAFLSGEQK 12 1,DIA12_CV486075:20251228_A2_N1_Mueller_MS_TechHub_IMP_THIDDIAXL003_Cas9_PhoX_DIA12_CV486075_250ng_FAIMS_001,250974,,,Q99ZW2,,,false,Q99ZW2,Q99ZW2,,false,KPAFLSGEQK,YDEHHQDLTLLKALVR,536,325,1,12,536,336,,-1,5,0,1.007276,9.696434
Scan: 1506181 Run: DIA12_CV486075:20251228_A2_N1_Mueller_MS_TechHub_IMP_THIDDIAXL003_Cas9_PhoX_DIA12_CV486075_250ng_FAIMS_003 P1_KSEETITPWNFEEVVDK P2_DKQSGK 1 2,DIA12_CV486075:20251228_A2_N1_Mueller_MS_TechHub_IMP_THIDDIAXL003_Cas9_PhoX_DIA12_CV486075_250ng_FAIMS_003,1506181,,,Q99ZW2,,,false,Q99ZW2,Q99ZW2,,false,DKQSGK,KSEETITPWNFEEVVDK,672,468,2,1,673,468,,-1,3,0,1.007276,9.696076
Scan: 1709743 Run: DIA12_CV486075:20251228_A2_N1_Mueller_MS_TechHub_IMP_THIDDIAXL003_Cas9_PhoX_DIA12_CV486075_250ng_FAIMS_003 P1_YKEIFFDQSK P2_IEEGIKELGSQILK 2 6,DIA12_CV486075:20251228_A2_N1_Mueller_MS_TechHub_IMP_THIDDIAXL003_Cas9_PhoX_DIA12_CV486075_250ng_FAIMS_003,1709743,,,Q99ZW2,,,false,Q99ZW2,Q99ZW2,,false,IEEGIKELGSQILK,YKEIFFDQSK,784,347,6,2,789,348,,-1,3,0,1.007276,9.695961
Scan: 1380168 Run: DIA12_CV486075:20251228_A2_N1_Mueller_MS_TechHub_IMP_THIDDIAXL003_Cas9_PhoX_DIA12_CV486075_250ng_FAIMS_003 P1_VILADANLDKVLSAYNK P2_KDFQFYK 10 1,DIA12_CV486075:20251228_A2_N1_Mueller_MS_TechHub_IMP_THIDDIAXL003_Cas9_PhoX_DIA12_CV486075_250ng_FAIMS_003,1380168,,,Q99ZW2,,,false,Q99ZW2,Q99ZW2,,false,KDFQFYK,VILADANLDKVLSAYNK,968,1280,1,10,968,1289,,-1,4,0,1.007276,9.695959
Scan: 886934 Run: DIA12_CV486075:20251228_A2_N1_Mueller_MS_TechHub_IMP_THIDDIAXL003_Cas9_PhoX_DIA12_CV486075_250ng_FAIMS_002 P1_QEDFYPFLKDNR P2_KAIVDLLFK 9 1,DIA12_CV486075:20251228_A2_N1_Mueller_MS_TechHub_IMP_THIDDIAXL003_Cas9_PhoX_DIA12_CV486075_250ng_FAIMS_002,886934,,,Q99ZW2,,,false,Q99ZW2,Q99ZW2,,false,KAIVDLLFK,QEDFYPFLKDNR,546,426,1,9,546,434,,-1,4,0,1.007276,9.695143
Scan: 1423657 Run: DIA12_CV486075:20251228_A2_N1_Mueller_MS_TechHub_IMP_THIDDIAXL003_Cas9_PhoX_DIA12_CV486075_250ng_FAIMS_003 P1_SNFDLAEDAKLQLSK P2_GKSDNVPSEEVVK 10 2,DIA12_CV486075:20251228_A2_N1_Mueller_MS_TechHub_IMP_THIDDIAXL003_Cas9_PhoX_DIA12_CV486075_250ng_FAIMS_003,1423657,,,Q99ZW2,,,false,Q99ZW2,Q99ZW2,,false,GKSDNVPSEEVVK,SNFDLAEDAKLQLSK,865,254,2,10,866,263,,-1,4,0,1.007276,9.694893
Scan: 347489 Run: DIA12_CV486075:20251228_A2_N1_Mueller_MS_TechHub_IMP_THIDDIAXL003_Cas9_PhoX_DIA12_CV486075_250ng_FAIMS_001 P1_VKYVTEGMR P2_KSEETITPWNFEEVVDKGASAQSFIER 2 17,DIA12_CV486075:20251228_A2_N1_Mueller_MS_TechHub_IMP_THIDDIAXL003_Cas9_PhoX_DIA12_CV486075_250ng_FAIMS_001,347489,,,Q99ZW2,,,false,Q99ZW2,Q99ZW2,,false,KSEETITPWNFEEVVDKGASAQSFIER,VKYVTEGMR,468,527,17,2,484,528,,-1,4,0,1.007276,9.694671
Scan: 1224943 Run: DIA12_CV486075:20251228_A2_N1_Mueller_MS_TechHub_IMP_THIDDIAXL003_Cas9_PhoX_DIA12_CV486075_250ng_FAIMS_003 P1_RPLIETNGETGEIVWDKGR P2_KTEVQTGGFSK 17 1,DIA12_CV486075:20251228_A2_N1_Mueller_MS_TechHub_IMP_THIDDIAXL003_Cas9_PhoX_DIA12_CV486075_250ng_FAIMS_003,1224943,,,Q99ZW2,,,false,Q99ZW2,Q99ZW2,,false,KTEVQTGGFSK,RPLIETNGETGEIVWDKGR,1097,1060,1,17,1097,1076,,-1,4,0,1.007276,9.694594
Scan: 8081 Run: DIA12_CV486075:20251228_A2_N1_Mueller_MS_TechHub_IMP_THIDDIAXL003_Cas9_PhoX_DIA12_CV486075_250ng_FAIMS_001 P1_YDENDKLIR P2_LESEFVYGDYKVYDVR 6 11,DIA12_CV486075:20251228_A2_N1_Mueller_MS_TechHub_IMP_THIDDIAXL003_Cas9_PhoX_DIA12_CV486075_250ng_FAIMS_001,8081,,,Q99ZW2,,,false,Q99ZW2,Q99ZW2,,false,LESEFVYGDYKVYDVR,YDENDKLIR,1004,943,11,6,1014,948,,-1,3,0,1.007276,9.69253
Scan: 1599362 Run: DIA12_CV486075:20251228_A2_N1_Mueller_MS_TechHub_IMP_THIDDIAXL003_Cas9_PhoX_DIA12_CV486075_250ng_FAIMS_003 P1_KAIVDLLFK P2_DLIIKLPK 1 5,DIA12_CV486075:20251228_A2_N1_Mueller_MS_TechHub_IMP_THIDDIAXL003_Cas9_PhoX_DIA12_CV486075_250ng_FAIMS_003,1599362,,,Q99ZW2,,,false,Q99ZW2,Q99ZW2,,false,DLIIKLPK,KAIVDLLFK,1193,546,5,1,1197,546,,-1,3,0,1.007276,9.692348
Scan: 604172 Run: DIA12_CV486075:20251228_A2_N1_Mueller_MS_TechHub_IMP_THIDDIAXL003_Cas9_PhoX_DIA12_CV486075_250ng_FAIMS_002 P1_LESEFVYGDYKVYDVR P2_IEKILTFR 11 3,DIA12_CV486075:20251228_A2_N1_Mueller_MS_TechHub_IMP_THIDDIAXL003_Cas9_PhoX_DIA12_CV486075_250ng_FAIMS_002,604172,,,Q99ZW2,,,false,Q99ZW2,Q99ZW2,,false,IEKILTFR,LESEFVYGDYKVYDVR,440,1004,3,11,442,1014,,-1,4,0,1.007276,9.692084
Scan: 1684860 Run: DIA12_CV486075:20251228_A2_N1_Mueller_MS_TechHub_IMP_THIDDIAXL003_Cas9_PhoX_DIA12_CV486075_250ng_FAIMS_003 P1_KDLIIK P2_GILQTVKVVDELVK 1 7,DIA12_CV486075:20251228_A2_N1_Mueller_MS_TechHub_IMP_THIDDIAXL003_Cas9_PhoX_DIA12_CV486075_250ng_FAIMS_003,1684860,,,Q99ZW2,,,false,Q99ZW2,Q99ZW2,,false,GILQTVKVVDELVK,KDLIIK,736,1192,7,1,742,1192,,-1,3,0,1.007276,9.691519
Scan: 738735 Run: DIA12_CV486075:20251228_A2_N1_Mueller_MS_TechHub_IMP_THIDDIAXL003_Cas9_PhoX_DIA12_CV486075_250ng_FAIMS_002 P1_EDIQKAQVSGQGDSLHEHIANLAGSPAIK P2_DLIIKLPK 5 5,DIA12_CV486075:20251228_A2_N1_Mueller_MS_TechHub_IMP_THIDDIAXL003_Cas9_PhoX_DIA12_CV486075_250ng_FAIMS_002,738735,,,Q99ZW2,,,false,Q99ZW2,Q99ZW2,,false,DLIIKLPK,EDIQKAQVSGQGDSLHEHIANLAGSPAIK,1193,706,5,5,1197,710,,-1,5,0,1.007276,9.69099
Scan: 589589 Run: DIA12_CV486075:20251228_A2_N1_Mueller_MS_TechHub_IMP_THIDDIAXL003_Cas9_PhoX_DIA12_CV486075_250ng_FAIMS_001 P1_SKLVSDFR P2_GQKNSR 2 3,DIA12_CV486075:20251228_A2_N1_Mueller_MS_TechHub_IMP_THIDDIAXL003_Cas9_PhoX_DIA12_CV486075_250ng_FAIMS_001,589589,,,Q99ZW2,,,false,Q99ZW2,Q99ZW2,,false,GQKNSR,SKLVSDFR,773,960,3,2,775,961,,-1,3,0,1.007276,9.690951
Scan: 814034 Run: DIA12_CV486075:20251228_A2_N1_Mueller_MS_TechHub_IMP_THIDDIAXL003_Cas9_PhoX_DIA12_CV486075_250ng_FAIMS_002 P1_RLENLIAQLPGEKK P2_IEEGIKELGSQILK 13 6,DIA12_CV486075:20251228_A2_N1_Mueller_MS_TechHub_IMP_THIDDIAXL003_Cas9_PhoX_DIA12_CV486075_250ng_FAIMS_002,814034,,,Q99ZW2,,,false,Q99ZW2,Q99ZW2,,false,IEEGIKELGSQILK,RLENLIAQLPGEKK,784,221,6,13,789,233,,-1,4,0,1.007276,9.690848
Scan: 1281072 Run: DIA12_CV486075:20251228_A2_N1_Mueller_MS_TechHub_IMP_THIDDIAXL003_Cas9_PhoX_DIA12_CV486075_250ng_FAIMS_003 P1_NSDKLIAR P2_DLIIKLPK 4 5,DIA12_CV486075:20251228_A2_N1_Mueller_MS_TechHub_IMP_THIDDIAXL003_Cas9_PhoX_DIA12_CV486075_250ng_FAIMS_003,1281072,,,Q99ZW2,,,false,Q99ZW2,Q99ZW2,,false,DLIIKLPK,NSDKLIAR,1193,1115,5,4,1197,1118,,-1,3,0,1.007276,9.690738
Scan: 1697568 Run: DIA12_CV486075:20251228_A2_N1_Mueller_MS_TechHub_IMP_THIDDIAXL003_Cas9_PhoX_DIA12_CV486075_250ng_FAIMS_003 P1_YKEIFFDQSK P2_VVDELVKVMGR 2 7,DIA12_CV486075:20251228_A2_N1_Mueller_MS_TechHub_IMP_THIDDIAXL003_Cas9_PhoX_DIA12_CV486075_250ng_FAIMS_003,1697568,,,Q99ZW2,,,false,Q99ZW2,Q99ZW2,,false,VVDELVKVMGR,YKEIFFDQSK,743,347,7,2,749,348,,-1,3,0,1.007276,9.690232
Scan: 805126 Run: DIA12_CV486075:20251228_A2_N1_Mueller_MS_TechHub_IMP_THIDDIAXL003_Cas9_PhoX_DIA12_CV486075_250ng_FAIMS_002 P1_LVDSTDKADLR P2_IEKILTFR 7 3,DIA12_CV486075:20251228_A2_N1_Mueller_MS_TechHub_IMP_THIDDIAXL003_Cas9_PhoX_DIA12_CV486075_250ng_FAIMS_002,805126,,,Q99ZW2,,,false,Q99ZW2,Q99ZW2,,false,IEKILTFR,LVDSTDKADLR,440,142,3,7,442,148,,-1,3,0,1.007276,9.68983
Scan: 97178 Run: DIA12_CV486075:20251228_A2_N1_Mueller_MS_TechHub_IMP_THIDDIAXL003_Cas9_PhoX_DIA12_CV486075_250ng_FAIMS_001 P1_KKDWDPK P2_ESILPKR 2 6,DIA12_CV486075:20251228_A2_N1_Mueller_MS_TechHub_IMP_THIDDIAXL003_Cas9_PhoX_DIA12_CV486075_250ng_FAIMS_001,97178,,,Q99ZW2,,,false,Q99ZW2,Q99ZW2,,false,ESILPKR,KKDWDPK,1108,1123,6,2,1113,1124,,-1,3,0,1.007276,9.689489
Scan: 1573360 Run: DIA12_CV486075:20251228_A2_N1_Mueller_MS_TechHub_IMP_THIDDIAXL003_Cas9_PhoX_DIA12_CV486075_250ng_FAIMS_003 P1_KPAFLSGEQK P2_KDWDPK 1 1,DIA12_CV486075:20251228_A2_N1_Mueller_MS_TechHub_IMP_THIDDIAXL003_Cas9_PhoX_DIA12_CV486075_250ng_FAIMS_003,1573360,,,Q99ZW2,,,false,Q99ZW2,Q99ZW2,,false,KDWDPK,KPAFLSGEQK,1124,536,1,1,1124,536,,-1,4,0,1.007276,9.688914
Scan: 1599966 Run: DIA12_CV486075:20251228_A2_N1_Mueller_MS_TechHub_IMP_THIDDIAXL003_Cas9_PhoX_DIA12_CV486075_250ng_FAIMS_003 P1_VMKQLK P2_KAIVDLLFK 3 1,DIA12_CV486075:20251228_A2_N1_Mueller_MS_TechHub_IMP_THIDDIAXL003_Cas9_PhoX_DIA12_CV486075_250ng_FAIMS_003,1599966,,,Q99ZW2,,,false,Q99ZW2,Q99ZW2,,false,KAIVDLLFK,VMKQLK,546,647,1,3,546,649,,-1,3,0,1.007276,9.68823
Scan: 1598312 Run: DIA12_CV486075:20251228_A2_N1_Mueller_MS_TechHub_IMP_THIDDIAXL003_Cas9_PhoX_DIA12_CV486075_250ng_FAIMS_003 P1_KVTVK P2_KPAFLSGEQKK 1 10,DIA12_CV486075:20251228_A2_N1_Mueller_MS_TechHub_IMP_THIDDIAXL003_Cas9_PhoX_DIA12_CV486075_250ng_FAIMS_003,1598312,,,Q99ZW2,,,false,Q99ZW2,Q99ZW2,,false,KPAFLSGEQKK,KVTVK,536,558,10,1,545,558,,-1,3,0,1.007276,9.687819
Scan: 1185344 Run: DIA12_CV486075:20251228_A2_N1_Mueller_MS_TechHub_IMP_THIDDIAXL003_Cas9_PhoX_DIA12_CV486075_250ng_FAIMS_002 P1_TEVQTGGFSKESILPK P2_SKLVSDFR 10 2,DIA12_CV486075:20251228_A2_N1_Mueller_MS_TechHub_IMP_THIDDIAXL003_Cas9_PhoX_DIA12_CV486075_250ng_FAIMS_002,1185344,,,Q99ZW2,,,false,Q99ZW2,Q99ZW2,,false,SKLVSDFR,TEVQTGGFSKESILPK,960,1098,2,10,961,1107,,-1,4,0,1.007276,9.687262
Scan: 1140839 Run: DIA12_CV486075:20251228_A2_N1_Mueller_MS_TechHub_IMP_THIDDIAXL003_Cas9_PhoX_DIA12_CV486075_250ng_FAIMS_002 P1_KDFQFYK P2_DDSIDNKVLTR 1 7,DIA12_CV486075:20251228_A2_N1_Mueller_MS_TechHub_IMP_THIDDIAXL003_Cas9_PhoX_DIA12_CV486075_250ng_FAIMS_002,1140839,,,Q99ZW2,,,false,Q99ZW2,Q99ZW2,,false,DDSIDNKVLTR,KDFQFYK,849,968,7,1,855,968,,-1,4,0,1.007276,9.686844
Scan: 1740604 Run: DIA12_CV486075:20251228_A2_N1_Mueller_MS_TechHub_IMP_THIDDIAXL003_Cas9_PhoX_DIA12_CV486075_250ng_FAIMS_003 P1_YKEIFFDQSK P2_GKSDNVPSEEVVK 2 2,DIA12_CV486075:20251228_A2_N1_Mueller_MS_TechHub_IMP_THIDDIAXL003_Cas9_PhoX_DIA12_CV486075_250ng_FAIMS_003,1740604,,,Q99ZW2,,,false,Q99ZW2,Q99ZW2,,false,GKSDNVPSEEVVK,YKEIFFDQSK,865,347,2,2,866,348,,-1,4,0,1.007276,9.686455
Scan: 1623031 Run: DIA12_CV486075:20251228_A2_N1_Mueller_MS_TechHub_IMP_THIDDIAXL003_Cas9_PhoX_DIA12_CV486075_250ng_FAIMS_003 P1_KLINGIR P2_KKDWDPK 1 1,DIA12_CV486075:20251228_A2_N1_Mueller_MS_TechHub_IMP_THIDDIAXL003_Cas9_PhoX_DIA12_CV486075_250ng_FAIMS_003,1623031,,,Q99ZW2,,,false,Q99ZW2,Q99ZW2,,false,KKDWDPK,KLINGIR,1123,665,1,1,1123,665,,-1,3,0,1.007276,9.686344
Scan: 1422493 Run: DIA12_CV486075:20251228_A2_N1_Mueller_MS_TechHub_IMP_THIDDIAXL003_Cas9_PhoX_DIA12_CV486075_250ng_FAIMS_003 P1_SNFDLAEDAKLQLSK P2_KNLIGALLFDSGETAEATR 10 1,DIA12_CV486075:20251228_A2_N1_Mueller_MS_TechHub_IMP_THIDDIAXL003_Cas9_PhoX_DIA12_CV486075_250ng_FAIMS_003,1422493,,,Q99ZW2,,,false,Q99ZW2,Q99ZW2,,false,KNLIGALLFDSGETAEATR,SNFDLAEDAKLQLSK,45,254,1,10,45,263,,-1,4,0,1.007276,9.685863
Scan: 843510 Run: DIA12_CV486075:20251228_A2_N1_Mueller_MS_TechHub_IMP_THIDDIAXL003_Cas9_PhoX_DIA12_CV486075_250ng_FAIMS_002 P1_FKVLGNTDR P2_DFQFYKVR 2 6,DIA12_CV486075:20251228_A2_N1_Mueller_MS_TechHub_IMP_THIDDIAXL003_Cas9_PhoX_DIA12_CV486075_250ng_FAIMS_002,843510,,,Q99ZW2,,,false,Q99ZW2,Q99ZW2,,false,DFQFYKVR,FKVLGNTDR,969,32,6,2,974,33,,-1,3,0,1.007276,9.684844
Scan: 1186009 Run: DIA12_CV486075:20251228_A2_N1_Mueller_MS_TechHub_IMP_THIDDIAXL003_Cas9_PhoX_DIA12_CV486075_250ng_FAIMS_002 P1_SKLVSDFR P2_EIFFDQSKNGYAGYIDGGASQEEFYK 2 8,DIA12_CV486075:20251228_A2_N1_Mueller_MS_TechHub_IMP_THIDDIAXL003_Cas9_PhoX_DIA12_CV486075_250ng_FAIMS_002,1186009,,,Q99ZW2,,,false,Q99ZW2,Q99ZW2,,false,EIFFDQSKNGYAGYIDGGASQEEFYK,SKLVSDFR,349,960,8,2,356,961,,-1,4,0,1.007276,9.684779
Scan: 1446366 Run: DIA12_CV486075:20251228_A2_N1_Mueller_MS_TechHub_IMP_THIDDIAXL003_Cas9_PhoX_DIA12_CV486075_250ng_FAIMS_003 P1_YDEHHQDLTLLKALVR P2_QSGKTILDFLK 12 4,DIA12_CV486075:20251228_A2_N1_Mueller_MS_TechHub_IMP_THIDDIAXL003_Cas9_PhoX_DIA12_CV486075_250ng_FAIMS_003,1446366,,,Q99ZW2,,,false,Q99ZW2,Q99ZW2,,false,QSGKTILDFLK,YDEHHQDLTLLKALVR,674,325,4,12,677,336,,-1,5,0,1.007276,9.684242
Scan: 1583549 Run: DIA12_CV486075:20251228_A2_N1_Mueller_MS_TechHub_IMP_THIDDIAXL003_Cas9_PhoX_DIA12_CV486075_250ng_FAIMS_003 P1_KPAFLSGEQK P2_DDSIDNKVLTR 1 7,DIA12_CV486075:20251228_A2_N1_Mueller_MS_TechHub_IMP_THIDDIAXL003_Cas9_PhoX_DIA12_CV486075_250ng_FAIMS_003,1583549,,,Q99ZW2,,,false,Q99ZW2,Q99ZW2,,false,DDSIDNKVLTR,KPAFLSGEQK,849,536,7,1,855,536,,-1,3,0,1.007276,9.683971
Scan: 887734 Run: DIA12_CV486075:20251228_A2_N1_Mueller_MS_TechHub_IMP_THIDDIAXL003_Cas9_PhoX_DIA12_CV486075_250ng_FAIMS_002 P1_FKVLGNTDR P2_EKIEKILTFR 2 2,DIA12_CV486075:20251228_A2_N1_Mueller_MS_TechHub_IMP_THIDDIAXL003_Cas9_PhoX_DIA12_CV486075_250ng_FAIMS_002,887734,,,Q99ZW2,,,false,Q99ZW2,Q99ZW2,,false,EKIEKILTFR,FKVLGNTDR,438,32,2,2,439,33,,-1,3,0,1.007276,9.683489
Scan: 960870 Run: DIA12_CV486075:20251228_A2_N1_Mueller_MS_TechHub_IMP_THIDDIAXL003_Cas9_PhoX_DIA12_CV486075_250ng_FAIMS_002 P1_VLPKHSLLYEYFTVYNELTK P2_EKIEKILTFR 4 5,DIA12_CV486075:20251228_A2_N1_Mueller_MS_TechHub_IMP_THIDDIAXL003_Cas9_PhoX_DIA12_CV486075_250ng_FAIMS_002,960870,,,Q99ZW2,,,false,Q99ZW2,Q99ZW2,,false,EKIEKILTFR,VLPKHSLLYEYFTVYNELTK,438,507,5,4,442,510,,-1,4,0,1.007276,9.683401
Scan: 363606 Run: DIA12_CV486075:20251228_A2_N1_Mueller_MS_TechHub_IMP_THIDDIAXL003_Cas9_PhoX_DIA12_CV486075_250ng_FAIMS_001 P1_VLPKHSLLYEYFTVYNELTK P2_KNLIGALLFDSGETAEATR 4 1,DIA12_CV486075:20251228_A2_N1_Mueller_MS_TechHub_IMP_THIDDIAXL003_Cas9_PhoX_DIA12_CV486075_250ng_FAIMS_001,363606,,,Q99ZW2,,,false,Q99ZW2,Q99ZW2,,false,KNLIGALLFDSGETAEATR,VLPKHSLLYEYFTVYNELTK,45,507,1,4,45,510,,-1,4,0,1.007276,9.68317
Scan: 560967 Run: DIA12_CV486075:20251228_A2_N1_Mueller_MS_TechHub_IMP_THIDDIAXL003_Cas9_PhoX_DIA12_CV486075_250ng_FAIMS_001 P1_LKGSPEDNEQK P2_KFDNLTK 2 1,DIA12_CV486075:20251228_A2_N1_Mueller_MS_TechHub_IMP_THIDDIAXL003_Cas9_PhoX_DIA12_CV486075_250ng_FAIMS_001,560967,,,Q99ZW2,,,false,Q99ZW2,Q99ZW2,,false,KFDNLTK,LKGSPEDNEQK,896,1245,1,2,896,1246,,-1,3,0,1.007276,9.682924
Scan: 1352114 Run: DIA12_CV486075:20251228_A2_N1_Mueller_MS_TechHub_IMP_THIDDIAXL003_Cas9_PhoX_DIA12_CV486075_250ng_FAIMS_003 P1_SKLVSDFR P2_GNELALPSKYVNFLYLASHYEK 2 9,DIA12_CV486075:20251228_A2_N1_Mueller_MS_TechHub_IMP_THIDDIAXL003_Cas9_PhoX_DIA12_CV486075_250ng_FAIMS_003,1352114,,,Q99ZW2,,,false,Q99ZW2,Q99ZW2,,false,GNELALPSKYVNFLYLASHYEK,SKLVSDFR,1223,960,9,2,1231,961,,-1,4,0,1.007276,9.681704
Scan: 1447728 Run: DIA12_CV486075:20251228_A2_N1_Mueller_MS_TechHub_IMP_THIDDIAXL003_Cas9_PhoX_DIA12_CV486075_250ng_FAIMS_003 P1_QQLPEKYKEIFFDQSK P2_NSDKLIAR 6 4,DIA12_CV486075:20251228_A2_N1_Mueller_MS_TechHub_IMP_THIDDIAXL003_Cas9_PhoX_DIA12_CV486075_250ng_FAIMS_003,1447728,,,Q99ZW2,,,false,Q99ZW2,Q99ZW2,,false,NSDKLIAR,QQLPEKYKEIFFDQSK,1115,341,4,6,1118,346,,-1,4,0,1.007276,9.681573
Scan: 513922 Run: DIA12_CV486075:20251228_A2_N1_Mueller_MS_TechHub_IMP_THIDDIAXL003_Cas9_PhoX_DIA12_CV486075_250ng_FAIMS_001 P1_KTEVQTGGFSK P2_IEEGIKELGSQILK 1 6,DIA12_CV486075:20251228_A2_N1_Mueller_MS_TechHub_IMP_THIDDIAXL003_Cas9_PhoX_DIA12_CV486075_250ng_FAIMS_001,513922,,,Q99ZW2,,,false,Q99ZW2,Q99ZW2,,false,IEEGIKELGSQILK,KTEVQTGGFSK,784,1097,6,1,789,1097,,-1,4,0,1.007276,9.681476
Scan: 1769798 Run: DIA12_CV486075:20251228_A2_N1_Mueller_MS_TechHub_IMP_THIDDIAXL003_Cas9_PhoX_DIA12_CV486075_250ng_FAIMS_003 P1_QITKHVAQILDSR P2_EVKVITLK 4 3,DIA12_CV486075:20251228_A2_N1_Mueller_MS_TechHub_IMP_THIDDIAXL003_Cas9_PhoX_DIA12_CV486075_250ng_FAIMS_003,1769798,,,Q99ZW2,,,false,Q99ZW2,Q99ZW2,,false,EVKVITLK,QITKHVAQILDSR,952,926,3,4,954,929,,-1,4,0,1.007276,9.680317
Scan: 1316354 Run: DIA12_CV486075:20251228_A2_N1_Mueller_MS_TechHub_IMP_THIDDIAXL003_Cas9_PhoX_DIA12_CV486075_250ng_FAIMS_003 P1_SSFEKNPIDFLEAK P2_SKLVSDFR 5 2,DIA12_CV486075:20251228_A2_N1_Mueller_MS_TechHub_IMP_THIDDIAXL003_Cas9_PhoX_DIA12_CV486075_250ng_FAIMS_003,1316354,,,Q99ZW2,,,false,Q99ZW2,Q99ZW2,,false,SKLVSDFR,SSFEKNPIDFLEAK,960,1172,2,5,961,1176,,-1,3,0,1.007276,9.680118
Scan: 694889 Run: DIA12_CV486075:20251228_A2_N1_Mueller_MS_TechHub_IMP_THIDDIAXL003_Cas9_PhoX_DIA12_CV486075_250ng_FAIMS_002 P1_NSDKLIAR P2_KKDWDPK 4 2,DIA12_CV486075:20251228_A2_N1_Mueller_MS_TechHub_IMP_THIDDIAXL003_Cas9_PhoX_DIA12_CV486075_250ng_FAIMS_002,694889,,,Q99ZW2,,,false,Q99ZW2,Q99ZW2,,false,KKDWDPK,NSDKLIAR,1123,1115,2,4,1124,1118,,-1,4,0,1.007276,9.679935
Scan: 1398596 Run: DIA12_CV486075:20251228_A2_N1_Mueller_MS_TechHub_IMP_THIDDIAXL003_Cas9_PhoX_DIA12_CV486075_250ng_FAIMS_003 P1_KLVDSTDK P2_KDLIIK 1 1,DIA12_CV486075:20251228_A2_N1_Mueller_MS_TechHub_IMP_THIDDIAXL003_Cas9_PhoX_DIA12_CV486075_250ng_FAIMS_003,1398596,,,Q99ZW2,,,false,Q99ZW2,Q99ZW2,,false,KDLIIK,KLVDSTDK,1192,141,1,1,1192,141,,-1,3,0,1.007276,9.678934
Scan: 1310863 Run: DIA12_CV486075:20251228_A2_N1_Mueller_MS_TechHub_IMP_THIDDIAXL003_Cas9_PhoX_DIA12_CV486075_250ng_FAIMS_003 P1_SSFEKNPIDFLEAK P2_EIFFDQSKNGYAGYIDGGASQEEFYK 5 8,DIA12_CV486075:20251228_A2_N1_Mueller_MS_TechHub_IMP_THIDDIAXL003_Cas9_PhoX_DIA12_CV486075_250ng_FAIMS_003,1310863,,,Q99ZW2,,,false,Q99ZW2,Q99ZW2,,false,EIFFDQSKNGYAGYIDGGASQEEFYK,SSFEKNPIDFLEAK,349,1172,8,5,356,1176,,-1,4,0,1.007276,9.677822
Scan: 1456616 Run: DIA12_CV486075:20251228_A2_N1_Mueller_MS_TechHub_IMP_THIDDIAXL003_Cas9_PhoX_DIA12_CV486075_250ng_FAIMS_003 P1_YKEIFFDQSK P2_KDFQFYK 2 1,DIA12_CV486075:20251228_A2_N1_Mueller_MS_TechHub_IMP_THIDDIAXL003_Cas9_PhoX_DIA12_CV486075_250ng_FAIMS_003,1456616,,,Q99ZW2,,,false,Q99ZW2,Q99ZW2,,false,KDFQFYK,YKEIFFDQSK,968,347,1,2,968,348,,-1,4,0,1.007276,9.677401
Scan: 382798 Run: DIA12_CV486075:20251228_A2_N1_Mueller_MS_TechHub_IMP_THIDDIAXL003_Cas9_PhoX_DIA12_CV486075_250ng_FAIMS_001 P1_KPAFLSGEQK P2_EKIEKILTFR 1 5,DIA12_CV486075:20251228_A2_N1_Mueller_MS_TechHub_IMP_THIDDIAXL003_Cas9_PhoX_DIA12_CV486075_250ng_FAIMS_001,382798,,,Q99ZW2,,,false,Q99ZW2,Q99ZW2,,false,EKIEKILTFR,KPAFLSGEQK,438,536,5,1,442,536,,-1,4,0,1.007276,9.67702
Scan: 1685947 Run: DIA12_CV486075:20251228_A2_N1_Mueller_MS_TechHub_IMP_THIDDIAXL003_Cas9_PhoX_DIA12_CV486075_250ng_FAIMS_003 P1_VILADANLDKVLSAYNK P2_GILQTVKVVDELVK 10 7,DIA12_CV486075:20251228_A2_N1_Mueller_MS_TechHub_IMP_THIDDIAXL003_Cas9_PhoX_DIA12_CV486075_250ng_FAIMS_003,1685947,,,Q99ZW2,,,false,Q99ZW2,Q99ZW2,,false,GILQTVKVVDELVK,VILADANLDKVLSAYNK,736,1280,7,10,742,1289,,-1,4,0,1.007276,9.67606
Scan: 1108274 Run: DIA12_CV486075:20251228_A2_N1_Mueller_MS_TechHub_IMP_THIDDIAXL003_Cas9_PhoX_DIA12_CV486075_250ng_FAIMS_002 P1_SKLVSDFR P2_ENQTTQKGQK 2 7,DIA12_CV486075:20251228_A2_N1_Mueller_MS_TechHub_IMP_THIDDIAXL003_Cas9_PhoX_DIA12_CV486075_250ng_FAIMS_002,1108274,,,Q99ZW2,,,false,Q99ZW2,Q99ZW2,,false,ENQTTQKGQK,SKLVSDFR,766,960,7,2,772,961,,-1,3,0,1.007276,9.675929
Scan: 543851 Run: DIA12_CV486075:20251228_A2_N1_Mueller_MS_TechHub_IMP_THIDDIAXL003_Cas9_PhoX_DIA12_CV486075_250ng_FAIMS_001 P1_SDKNR P2_GKSDNVPSEEVVK 3 2,DIA12_CV486075:20251228_A2_N1_Mueller_MS_TechHub_IMP_THIDDIAXL003_Cas9_PhoX_DIA12_CV486075_250ng_FAIMS_001,543851,,,Q99ZW2,,,false,Q99ZW2,Q99ZW2,,false,GKSDNVPSEEVVK,SDKNR,865,860,2,3,866,862,,-1,3,0,1.007276,9.675729
Scan: 1263701 Run: DIA12_CV486075:20251228_A2_N1_Mueller_MS_TechHub_IMP_THIDDIAXL003_Cas9_PhoX_DIA12_CV486075_250ng_FAIMS_003 P1_TEVQTGGFSKESILPK P2_KDLIIKLPK 10 6,DIA12_CV486075:20251228_A2_N1_Mueller_MS_TechHub_IMP_THIDDIAXL003_Cas9_PhoX_DIA12_CV486075_250ng_FAIMS_003,1263701,,,Q99ZW2,,,false,Q99ZW2,Q99ZW2,,false,KDLIIKLPK,TEVQTGGFSKESILPK,1192,1098,6,10,1197,1107,,-1,4,0,1.007276,9.675214
Scan: 1393863 Run: DIA12_CV486075:20251228_A2_N1_Mueller_MS_TechHub_IMP_THIDDIAXL003_Cas9_PhoX_DIA12_CV486075_250ng_FAIMS_003 P1_YTSTKEVLDATLIHQSITGLYETR P2_KPAFLSGEQK 5 1,DIA12_CV486075:20251228_A2_N1_Mueller_MS_TechHub_IMP_THIDDIAXL003_Cas9_PhoX_DIA12_CV486075_250ng_FAIMS_003,1393863,,,Q99ZW2,,,false,Q99ZW2,Q99ZW2,,false,KPAFLSGEQK,YTSTKEVLDATLIHQSITGLYETR,536,1336,1,5,536,1340,,-1,5,0,1.007276,9.674674
Scan: 1776347 Run: DIA12_CV486075:20251228_A2_N1_Mueller_MS_TechHub_IMP_THIDDIAXL003_Cas9_PhoX_DIA12_CV486075_250ng_FAIMS_003 P1_MNTKYDENDK P2_KLINGIR 4 1,DIA12_CV486075:20251228_A2_N1_Mueller_MS_TechHub_IMP_THIDDIAXL003_Cas9_PhoX_DIA12_CV486075_250ng_FAIMS_003,1776347,,,Q99ZW2,,,false,Q99ZW2,Q99ZW2,,false,KLINGIR,MNTKYDENDK,665,939,1,4,665,942,,-1,4,0,1.007276,9.674121
Scan: 1441841 Run: DIA12_CV486075:20251228_A2_N1_Mueller_MS_TechHub_IMP_THIDDIAXL003_Cas9_PhoX_DIA12_CV486075_250ng_FAIMS_003 P1_YDEHHQDLTLLKALVR P2_TEVQTGGFSKESILPK 12 10,DIA12_CV486075:20251228_A2_N1_Mueller_MS_TechHub_IMP_THIDDIAXL003_Cas9_PhoX_DIA12_CV486075_250ng_FAIMS_003,1441841,,,Q99ZW2,,,false,Q99ZW2,Q99ZW2,,false,TEVQTGGFSKESILPK,YDEHHQDLTLLKALVR,1098,325,10,12,1107,336,,-1,5,0,1.007276,9.674063
Scan: 182637 Run: DIA12_CV486075:20251228_A2_N1_Mueller_MS_TechHub_IMP_THIDDIAXL003_Cas9_PhoX_DIA12_CV486075_250ng_FAIMS_001 P1_VILADANLDKVLSAYNK P2_KDLIIK 10 1,DIA12_CV486075:20251228_A2_N1_Mueller_MS_TechHub_IMP_THIDDIAXL003_Cas9_PhoX_DIA12_CV486075_250ng_FAIMS_001,182637,,,Q99ZW2,,,false,Q99ZW2,Q99ZW2,,false,KDLIIK,VILADANLDKVLSAYNK,1192,1280,1,10,1192,1289,,-1,4,0,1.007276,9.673727
Scan: 1106577 Run: DIA12_CV486075:20251228_A2_N1_Mueller_MS_TechHub_IMP_THIDDIAXL003_Cas9_PhoX_DIA12_CV486075_250ng_FAIMS_002 P1_KYGGFDSPTVAYSVLVVAK P2_ENQTTQKGQK 1 7,DIA12_CV486075:20251228_A2_N1_Mueller_MS_TechHub_IMP_THIDDIAXL003_Cas9_PhoX_DIA12_CV486075_250ng_FAIMS_002,1106577,,,Q99ZW2,,,false,Q99ZW2,Q99ZW2,,false,ENQTTQKGQK,KYGGFDSPTVAYSVLVVAK,766,1130,7,1,772,1130,,-1,3,0,1.007276,9.673543
Scan: 208880 Run: DIA12_CV486075:20251228_A2_N1_Mueller_MS_TechHub_IMP_THIDDIAXL003_Cas9_PhoX_DIA12_CV486075_250ng_FAIMS_001 P1_LSKSR P2_IEKILTFR 3 3,DIA12_CV486075:20251228_A2_N1_Mueller_MS_TechHub_IMP_THIDDIAXL003_Cas9_PhoX_DIA12_CV486075_250ng_FAIMS_001,208880,,,Q99ZW2,,,false,Q99ZW2,Q99ZW2,,false,IEKILTFR,LSKSR,440,216,3,3,442,218,,-1,3,0,1.007276,9.673182
Scan: 410385 Run: DIA12_CV486075:20251228_A2_N1_Mueller_MS_TechHub_IMP_THIDDIAXL003_Cas9_PhoX_DIA12_CV486075_250ng_FAIMS_001 P1_VLSAYNKHR P2_KVTVK 7 1,DIA12_CV486075:20251228_A2_N1_Mueller_MS_TechHub_IMP_THIDDIAXL003_Cas9_PhoX_DIA12_CV486075_250ng_FAIMS_001,410385,,,Q99ZW2,,,false,Q99ZW2,Q99ZW2,,false,KVTVK,VLSAYNKHR,558,1290,1,7,558,1296,,-1,3,0,1.007276,9.672982
Scan: 491872 Run: DIA12_CV486075:20251228_A2_N1_Mueller_MS_TechHub_IMP_THIDDIAXL003_Cas9_PhoX_DIA12_CV486075_250ng_FAIMS_001 P1_GILQTVKVVDELVK P2_FKVLGNTDR 7 2,DIA12_CV486075:20251228_A2_N1_Mueller_MS_TechHub_IMP_THIDDIAXL003_Cas9_PhoX_DIA12_CV486075_250ng_FAIMS_001,491872,,,Q99ZW2,,,false,Q99ZW2,Q99ZW2,,false,FKVLGNTDR,GILQTVKVVDELVK,32,736,2,7,33,742,,-1,4,0,1.007276,9.672619
Scan: 1412423 Run: DIA12_CV486075:20251228_A2_N1_Mueller_MS_TechHub_IMP_THIDDIAXL003_Cas9_PhoX_DIA12_CV486075_250ng_FAIMS_003 P1_KNGLFGNLIALSLGLTPNFK P2_FKVLGNTDR 1 2,DIA12_CV486075:20251228_A2_N1_Mueller_MS_TechHub_IMP_THIDDIAXL003_Cas9_PhoX_DIA12_CV486075_250ng_FAIMS_003,1412423,,,Q99ZW2,,,false,Q99ZW2,Q99ZW2,,false,FKVLGNTDR,KNGLFGNLIALSLGLTPNFK,32,234,2,1,33,234,,-1,4,0,1.007276,9.672374
Scan: 1050829 Run: DIA12_CV486075:20251228_A2_N1_Mueller_MS_TechHub_IMP_THIDDIAXL003_Cas9_PhoX_DIA12_CV486075_250ng_FAIMS_002 P1_RNSDKLIAR P2_EDIQKAQVSGQGDSLHEHIANLAGSPAIK 5 5,DIA12_CV486075:20251228_A2_N1_Mueller_MS_TechHub_IMP_THIDDIAXL003_Cas9_PhoX_DIA12_CV486075_250ng_FAIMS_002,1050829,,,Q99ZW2,,,false,Q99ZW2,Q99ZW2,,false,EDIQKAQVSGQGDSLHEHIANLAGSPAIK,RNSDKLIAR,706,1114,5,5,710,1118,,-1,5,0,1.007276,9.672186
Scan: 680988 Run: DIA12_CV486075:20251228_A2_N1_Mueller_MS_TechHub_IMP_THIDDIAXL003_Cas9_PhoX_DIA12_CV486075_250ng_FAIMS_002 P1_RNSDKLIAR P2_KDWDPKK 5 1,DIA12_CV486075:20251228_A2_N1_Mueller_MS_TechHub_IMP_THIDDIAXL003_Cas9_PhoX_DIA12_CV486075_250ng_FAIMS_002,680988,,,Q99ZW2,,,false,Q99ZW2,Q99ZW2,,false,KDWDPKK,RNSDKLIAR,1124,1114,1,5,1124,1118,,-1,4,0,1.007276,9.671002
Scan: 630362 Run: DIA12_CV486075:20251228_A2_N1_Mueller_MS_TechHub_IMP_THIDDIAXL003_Cas9_PhoX_DIA12_CV486075_250ng_FAIMS_002 P1_KVLSMPQVNIVK P2_KPAFLSGEQK 1 1,DIA12_CV486075:20251228_A2_N1_Mueller_MS_TechHub_IMP_THIDDIAXL003_Cas9_PhoX_DIA12_CV486075_250ng_FAIMS_002,630362,,,Q99ZW2,,,false,Q99ZW2,Q99ZW2,,false,KPAFLSGEQK,KVLSMPQVNIVK,536,1085,1,1,536,1085,,-1,4,0,1.007276,9.670887
Scan: 670219 Run: DIA12_CV486075:20251228_A2_N1_Mueller_MS_TechHub_IMP_THIDDIAXL003_Cas9_PhoX_DIA12_CV486075_250ng_FAIMS_002 P1_TEVQTGGFSKESILPK P2_DKQSGK 10 2,DIA12_CV486075:20251228_A2_N1_Mueller_MS_TechHub_IMP_THIDDIAXL003_Cas9_PhoX_DIA12_CV486075_250ng_FAIMS_002,670219,,,Q99ZW2,,,false,Q99ZW2,Q99ZW2,,false,DKQSGK,TEVQTGGFSKESILPK,672,1098,2,10,673,1107,,-1,3,0,1.007276,9.670725
Scan: 373844 Run: DIA12_CV486075:20251228_A2_N1_Mueller_MS_TechHub_IMP_THIDDIAXL003_Cas9_PhoX_DIA12_CV486075_250ng_FAIMS_001 P1_VKYVTEGMR P2_KDLIIK 2 1,DIA12_CV486075:20251228_A2_N1_Mueller_MS_TechHub_IMP_THIDDIAXL003_Cas9_PhoX_DIA12_CV486075_250ng_FAIMS_001,373844,,,Q99ZW2,,,false,Q99ZW2,Q99ZW2,,false,KDLIIK,VKYVTEGMR,1192,527,1,2,1192,528,,-1,3,0,1.007276,9.670662
Scan: 637020 Run: DIA12_CV486075:20251228_A2_N1_Mueller_MS_TechHub_IMP_THIDDIAXL003_Cas9_PhoX_DIA12_CV486075_250ng_FAIMS_002 P1_KVTVK P2_KTEVQTGGFSK 1 1,DIA12_CV486075:20251228_A2_N1_Mueller_MS_TechHub_IMP_THIDDIAXL003_Cas9_PhoX_DIA12_CV486075_250ng_FAIMS_002,637020,,,Q99ZW2,,,false,Q99ZW2,Q99ZW2,,false,KTEVQTGGFSK,KVTVK,1097,558,1,1,1097,558,,-1,3,0,1.007276,9.670311
Scan: 1741931 Run: DIA12_CV486075:20251228_A2_N1_Mueller_MS_TechHub_IMP_THIDDIAXL003_Cas9_PhoX_DIA12_CV486075_250ng_FAIMS_003 P1_GKSDNVPSEEVVK P2_DKQSGK 2 2,DIA12_CV486075:20251228_A2_N1_Mueller_MS_TechHub_IMP_THIDDIAXL003_Cas9_PhoX_DIA12_CV486075_250ng_FAIMS_003,1741931,,,Q99ZW2,,,false,Q99ZW2,Q99ZW2,,false,DKQSGK,GKSDNVPSEEVVK,672,865,2,2,673,866,,-1,3,0,1.007276,9.669973
Scan: 289797 Run: DIA12_CV486075:20251228_A2_N1_Mueller_MS_TechHub_IMP_THIDDIAXL003_Cas9_PhoX_DIA12_CV486075_250ng_FAIMS_001 P1_QSGKTILDFLK P2_QEDFYPFLKDNR 4 9,DIA12_CV486075:20251228_A2_N1_Mueller_MS_TechHub_IMP_THIDDIAXL003_Cas9_PhoX_DIA12_CV486075_250ng_FAIMS_001,289797,,,Q99ZW2,,,false,Q99ZW2,Q99ZW2,,false,QEDFYPFLKDNR,QSGKTILDFLK,426,674,9,4,434,677,,-1,4,0,1.007276,9.669675
Scan: 1412617 Run: DIA12_CV486075:20251228_A2_N1_Mueller_MS_TechHub_IMP_THIDDIAXL003_Cas9_PhoX_DIA12_CV486075_250ng_FAIMS_003 P1_LKTYAHLFDDK P2_KNGLFGNLIALSLGLTPNFK 2 1,DIA12_CV486075:20251228_A2_N1_Mueller_MS_TechHub_IMP_THIDDIAXL003_Cas9_PhoX_DIA12_CV486075_250ng_FAIMS_003,1412617,,,Q99ZW2,,,false,Q99ZW2,Q99ZW2,,false,KNGLFGNLIALSLGLTPNFK,LKTYAHLFDDK,234,636,1,2,234,637,,-1,4,0,1.007276,9.66932
Scan: 112275 Run: DIA12_CV486075:20251228_A2_N1_Mueller_MS_TechHub_IMP_THIDDIAXL003_Cas9_PhoX_DIA12_CV486075_250ng_FAIMS_001 P1_SSFEKNPIDFLEAK P2_KKDWDPK 5 2,DIA12_CV486075:20251228_A2_N1_Mueller_MS_TechHub_IMP_THIDDIAXL003_Cas9_PhoX_DIA12_CV486075_250ng_FAIMS_001,112275,,,Q99ZW2,,,false,Q99ZW2,Q99ZW2,,false,KKDWDPK,SSFEKNPIDFLEAK,1123,1172,2,5,1124,1176,,-1,3,0,1.007276,9.668558
Scan: 1027873 Run: DIA12_CV486075:20251228_A2_N1_Mueller_MS_TechHub_IMP_THIDDIAXL003_Cas9_PhoX_DIA12_CV486075_250ng_FAIMS_002 P1_KVTVK P2_KLINGIR 1 1,DIA12_CV486075:20251228_A2_N1_Mueller_MS_TechHub_IMP_THIDDIAXL003_Cas9_PhoX_DIA12_CV486075_250ng_FAIMS_002,1027873,,,Q99ZW2,,,false,Q99ZW2,Q99ZW2,,false,KLINGIR,KVTVK,665,558,1,1,665,558,,-1,3,0,1.007276,9.668417
Scan: 402447 Run: DIA12_CV486075:20251228_A2_N1_Mueller_MS_TechHub_IMP_THIDDIAXL003_Cas9_PhoX_DIA12_CV486075_250ng_FAIMS_001 P1_LKGSPEDNEQK P2_KPAFLSGEQKK 2 10,DIA12_CV486075:20251228_A2_N1_Mueller_MS_TechHub_IMP_THIDDIAXL003_Cas9_PhoX_DIA12_CV486075_250ng_FAIMS_001,402447,,,Q99ZW2,,,false,Q99ZW2,Q99ZW2,,false,KPAFLSGEQKK,LKGSPEDNEQK,536,1245,10,2,545,1246,,-1,4,0,1.007276,9.668183
Scan: 1377914 Run: DIA12_CV486075:20251228_A2_N1_Mueller_MS_TechHub_IMP_THIDDIAXL003_Cas9_PhoX_DIA12_CV486075_250ng_FAIMS_003 P1_VILADANLDKVLSAYNK P2_DKPIREQAENIIHLFTLTNLGAPAAFK 10 2,DIA12_CV486075:20251228_A2_N1_Mueller_MS_TechHub_IMP_THIDDIAXL003_Cas9_PhoX_DIA12_CV486075_250ng_FAIMS_003,1377914,,,Q99ZW2,,,false,Q99ZW2,Q99ZW2,,false,DKPIREQAENIIHLFTLTNLGAPAAFK,VILADANLDKVLSAYNK,1299,1280,2,10,1300,1289,,-1,5,0,1.007276,9.667155
Scan: 1550569 Run: DIA12_CV486075:20251228_A2_N1_Mueller_MS_TechHub_IMP_THIDDIAXL003_Cas9_PhoX_DIA12_CV486075_250ng_FAIMS_003 P1_MTNFDKNLPNEK P2_IEKILTFR 6 3,DIA12_CV486075:20251228_A2_N1_Mueller_MS_TechHub_IMP_THIDDIAXL003_Cas9_PhoX_DIA12_CV486075_250ng_FAIMS_003,1550569,,,Q99ZW2,,,false,Q99ZW2,Q99ZW2,,false,IEKILTFR,MTNFDKNLPNEK,440,495,3,6,442,500,,-1,4,0,1.007276,9.666066
Scan: 1754817 Run: DIA12_CV486075:20251228_A2_N1_Mueller_MS_TechHub_IMP_THIDDIAXL003_Cas9_PhoX_DIA12_CV486075_250ng_FAIMS_003 P1_QLLNAKLITQR P2_KGILQTVK 6 1,DIA12_CV486075:20251228_A2_N1_Mueller_MS_TechHub_IMP_THIDDIAXL003_Cas9_PhoX_DIA12_CV486075_250ng_FAIMS_003,1754817,,,Q99ZW2,,,false,Q99ZW2,Q99ZW2,,false,KGILQTVK,QLLNAKLITQR,735,885,1,6,735,890,,-1,3,0,1.007276,9.666015
Scan: 853421 Run: DIA12_CV486075:20251228_A2_N1_Mueller_MS_TechHub_IMP_THIDDIAXL003_Cas9_PhoX_DIA12_CV486075_250ng_FAIMS_002 P1_YKEIFFDQSK P2_DKPIR 2 2,DIA12_CV486075:20251228_A2_N1_Mueller_MS_TechHub_IMP_THIDDIAXL003_Cas9_PhoX_DIA12_CV486075_250ng_FAIMS_002,853421,,,Q99ZW2,,,false,Q99ZW2,Q99ZW2,,false,DKPIR,YKEIFFDQSK,1299,347,2,2,1300,348,,-1,3,0,1.007276,9.665902
Scan: 784580 Run: DIA12_CV486075:20251228_A2_N1_Mueller_MS_TechHub_IMP_THIDDIAXL003_Cas9_PhoX_DIA12_CV486075_250ng_FAIMS_002 P1_VLSAYNKHR P2_DKPIR 7 2,DIA12_CV486075:20251228_A2_N1_Mueller_MS_TechHub_IMP_THIDDIAXL003_Cas9_PhoX_DIA12_CV486075_250ng_FAIMS_002,784580,,,Q99ZW2,,,false,Q99ZW2,Q99ZW2,,false,DKPIR,VLSAYNKHR,1299,1290,2,7,1300,1296,,-1,4,0,1.007276,9.665857
Scan: 1379837 Run: DIA12_CV486075:20251228_A2_N1_Mueller_MS_TechHub_IMP_THIDDIAXL003_Cas9_PhoX_DIA12_CV486075_250ng_FAIMS_003 P1_VILADANLDKVLSAYNK P2_QITKHVAQILDSR 10 4,DIA12_CV486075:20251228_A2_N1_Mueller_MS_TechHub_IMP_THIDDIAXL003_Cas9_PhoX_DIA12_CV486075_250ng_FAIMS_003,1379837,,,Q99ZW2,,,false,Q99ZW2,Q99ZW2,,false,QITKHVAQILDSR,VILADANLDKVLSAYNK,926,1280,4,10,929,1289,,-1,4,0,1.007276,9.665002
Scan: 1567752 Run: DIA12_CV486075:20251228_A2_N1_Mueller_MS_TechHub_IMP_THIDDIAXL003_Cas9_PhoX_DIA12_CV486075_250ng_FAIMS_003 P1_KPAFLSGEQK P2_HSLLYEYFTVYNELTKVKYVTEGMR 1 16,DIA12_CV486075:20251228_A2_N1_Mueller_MS_TechHub_IMP_THIDDIAXL003_Cas9_PhoX_DIA12_CV486075_250ng_FAIMS_003,1567752,,,Q99ZW2,,,false,Q99ZW2,Q99ZW2,,false,HSLLYEYFTVYNELTKVKYVTEGMR,KPAFLSGEQK,511,536,16,1,526,536,,-1,5,0,1.007276,9.66449
Scan: 1782815 Run: DIA12_CV486075:20251228_A2_N1_Mueller_MS_TechHub_IMP_THIDDIAXL003_Cas9_PhoX_DIA12_CV486075_250ng_FAIMS_003 P1_SKLVSDFR P2_NSDKLIAR 2 4,DIA12_CV486075:20251228_A2_N1_Mueller_MS_TechHub_IMP_THIDDIAXL003_Cas9_PhoX_DIA12_CV486075_250ng_FAIMS_003,1782815,,,Q99ZW2,,,false,Q99ZW2,Q99ZW2,,false,NSDKLIAR,SKLVSDFR,1115,960,4,2,1118,961,,-1,3,0,1.007276,9.663584
Scan: 701122 Run: DIA12_CV486075:20251228_A2_N1_Mueller_MS_TechHub_IMP_THIDDIAXL003_Cas9_PhoX_DIA12_CV486075_250ng_FAIMS_002 P1_KYGGFDSPTVAYSVLVVAK P2_ESILPKR 1 6,DIA12_CV486075:20251228_A2_N1_Mueller_MS_TechHub_IMP_THIDDIAXL003_Cas9_PhoX_DIA12_CV486075_250ng_FAIMS_002,701122,,,Q99ZW2,,,false,Q99ZW2,Q99ZW2,,false,ESILPKR,KYGGFDSPTVAYSVLVVAK,1108,1130,6,1,1113,1130,,-1,4,0,1.007276,9.663138
Scan: 227985 Run: DIA12_CV486075:20251228_A2_N1_Mueller_MS_TechHub_IMP_THIDDIAXL003_Cas9_PhoX_DIA12_CV486075_250ng_FAIMS_001 P1_SNFDLAEDAKLQLSK P2_KVTVK 10 1,DIA12_CV486075:20251228_A2_N1_Mueller_MS_TechHub_IMP_THIDDIAXL003_Cas9_PhoX_DIA12_CV486075_250ng_FAIMS_001,227985,,,Q99ZW2,,,false,Q99ZW2,Q99ZW2,,false,KVTVK,SNFDLAEDAKLQLSK,558,254,1,10,558,263,,-1,3,0,1.007276,9.66266
Scan: 1399539 Run: DIA12_CV486075:20251228_A2_N1_Mueller_MS_TechHub_IMP_THIDDIAXL003_Cas9_PhoX_DIA12_CV486075_250ng_FAIMS_003 P1_KLVDSTDK P2_DDSIDNKVLTR 1 7,DIA12_CV486075:20251228_A2_N1_Mueller_MS_TechHub_IMP_THIDDIAXL003_Cas9_PhoX_DIA12_CV486075_250ng_FAIMS_003,1399539,,,Q99ZW2,,,false,Q99ZW2,Q99ZW2,,false,DDSIDNKVLTR,KLVDSTDK,849,141,7,1,855,141,,-1,3,0,1.007276,9.662235
Scan: 510316 Run: DIA12_CV486075:20251228_A2_N1_Mueller_MS_TechHub_IMP_THIDDIAXL003_Cas9_PhoX_DIA12_CV486075_250ng_FAIMS_001 P1_KGILQTVK P2_ENQTTQKGQK 1 7,DIA12_CV486075:20251228_A2_N1_Mueller_MS_TechHub_IMP_THIDDIAXL003_Cas9_PhoX_DIA12_CV486075_250ng_FAIMS_001,510316,,,Q99ZW2,,,false,Q99ZW2,Q99ZW2,,false,ENQTTQKGQK,KGILQTVK,766,735,7,1,772,735,,-1,3,0,1.007276,9.661727
Scan: 377437 Run: DIA12_CV486075:20251228_A2_N1_Mueller_MS_TechHub_IMP_THIDDIAXL003_Cas9_PhoX_DIA12_CV486075_250ng_FAIMS_001 P1_RPLIETNGETGEIVWDKGR P2_KPAFLSGEQK 17 1,DIA12_CV486075:20251228_A2_N1_Mueller_MS_TechHub_IMP_THIDDIAXL003_Cas9_PhoX_DIA12_CV486075_250ng_FAIMS_001,377437,,,Q99ZW2,,,false,Q99ZW2,Q99ZW2,,false,KPAFLSGEQK,RPLIETNGETGEIVWDKGR,536,1060,1,17,536,1076,,-1,4,0,1.007276,9.661442
Scan: 1409435 Run: DIA12_CV486075:20251228_A2_N1_Mueller_MS_TechHub_IMP_THIDDIAXL003_Cas9_PhoX_DIA12_CV486075_250ng_FAIMS_003 P1_YKEIFFDQSK P2_LENLIAQLPGEKK 2 12,DIA12_CV486075:20251228_A2_N1_Mueller_MS_TechHub_IMP_THIDDIAXL003_Cas9_PhoX_DIA12_CV486075_250ng_FAIMS_003,1409435,,,Q99ZW2,,,false,Q99ZW2,Q99ZW2,,false,LENLIAQLPGEKK,YKEIFFDQSK,222,347,12,2,233,348,,-1,4,0,1.007276,9.661255
Scan: 1231828 Run: DIA12_CV486075:20251228_A2_N1_Mueller_MS_TechHub_IMP_THIDDIAXL003_Cas9_PhoX_DIA12_CV486075_250ng_FAIMS_003 P1_KTEVQTGGFSK P2_KDLIIK 1 1,DIA12_CV486075:20251228_A2_N1_Mueller_MS_TechHub_IMP_THIDDIAXL003_Cas9_PhoX_DIA12_CV486075_250ng_FAIMS_003,1231828,,,Q99ZW2,,,false,Q99ZW2,Q99ZW2,,false,KDLIIK,KTEVQTGGFSK,1192,1097,1,1,1192,1097,,-1,3,0,1.007276,9.66057
Scan: 594574 Run: DIA12_CV486075:20251228_A2_N1_Mueller_MS_TechHub_IMP_THIDDIAXL003_Cas9_PhoX_DIA12_CV486075_250ng_FAIMS_001 P1_KDFQFYK P2_IEEGIKELGSQILK 1 6,DIA12_CV486075:20251228_A2_N1_Mueller_MS_TechHub_IMP_THIDDIAXL003_Cas9_PhoX_DIA12_CV486075_250ng_FAIMS_001,594574,,,Q99ZW2,,,false,Q99ZW2,Q99ZW2,,false,IEEGIKELGSQILK,KDFQFYK,784,968,6,1,789,968,,-1,4,0,1.007276,9.660491
Scan: 303085 Run: DIA12_CV486075:20251228_A2_N1_Mueller_MS_TechHub_IMP_THIDDIAXL003_Cas9_PhoX_DIA12_CV486075_250ng_FAIMS_001 P1_KSEETITPWNFEEVVDK P2_DLIIKLPK 1 5,DIA12_CV486075:20251228_A2_N1_Mueller_MS_TechHub_IMP_THIDDIAXL003_Cas9_PhoX_DIA12_CV486075_250ng_FAIMS_001,303085,,,Q99ZW2,,,false,Q99ZW2,Q99ZW2,,false,DLIIKLPK,KSEETITPWNFEEVVDK,1193,468,5,1,1197,468,,-1,4,0,1.007276,9.659747
Scan: 1677200 Run: DIA12_CV486075:20251228_A2_N1_Mueller_MS_TechHub_IMP_THIDDIAXL003_Cas9_PhoX_DIA12_CV486075_250ng_FAIMS_003 P1_GILQTVKVVDELVK P2_AQVSGQGDSLHEHIANLAGSPAIKK 7 24,DIA12_CV486075:20251228_A2_N1_Mueller_MS_TechHub_IMP_THIDDIAXL003_Cas9_PhoX_DIA12_CV486075_250ng_FAIMS_003,1677200,,,Q99ZW2,,,false,Q99ZW2,Q99ZW2,,false,AQVSGQGDSLHEHIANLAGSPAIKK,GILQTVKVVDELVK,711,736,24,7,734,742,,-1,5,0,1.007276,9.65955
Scan: 88463 Run: DIA12_CV486075:20251228_A2_N1_Mueller_MS_TechHub_IMP_THIDDIAXL003_Cas9_PhoX_DIA12_CV486075_250ng_FAIMS_001 P1_NSDKLIAR P2_EKIEKILTFR 4 5,DIA12_CV486075:20251228_A2_N1_Mueller_MS_TechHub_IMP_THIDDIAXL003_Cas9_PhoX_DIA12_CV486075_250ng_FAIMS_001,88463,,,Q99ZW2,,,false,Q99ZW2,Q99ZW2,,false,EKIEKILTFR,NSDKLIAR,438,1115,5,4,442,1118,,-1,3,0,1.007276,9.659037
Scan: 549641 Run: DIA12_CV486075:20251228_A2_N1_Mueller_MS_TechHub_IMP_THIDDIAXL003_Cas9_PhoX_DIA12_CV486075_250ng_FAIMS_001 P1_SKLVSDFR P2_GKSDNVPSEEVVK 2 2,DIA12_CV486075:20251228_A2_N1_Mueller_MS_TechHub_IMP_THIDDIAXL003_Cas9_PhoX_DIA12_CV486075_250ng_FAIMS_001,549641,,,Q99ZW2,,,false,Q99ZW2,Q99ZW2,,false,GKSDNVPSEEVVK,SKLVSDFR,865,960,2,2,866,961,,-1,3,0,1.007276,9.658894
Scan: 1782500 Run: DIA12_CV486075:20251228_A2_N1_Mueller_MS_TechHub_IMP_THIDDIAXL003_Cas9_PhoX_DIA12_CV486075_250ng_FAIMS_003 P1_SKLVSDFR P2_KYPKLESEFVYGDYK 2 4,DIA12_CV486075:20251228_A2_N1_Mueller_MS_TechHub_IMP_THIDDIAXL003_Cas9_PhoX_DIA12_CV486075_250ng_FAIMS_003,1782500,,,Q99ZW2,,,false,Q99ZW2,Q99ZW2,,false,KYPKLESEFVYGDYK,SKLVSDFR,1000,960,4,2,1003,961,,-1,4,0,1.007276,9.658478
Scan: 559325 Run: DIA12_CV486075:20251228_A2_N1_Mueller_MS_TechHub_IMP_THIDDIAXL003_Cas9_PhoX_DIA12_CV486075_250ng_FAIMS_001 P1_YKEIFFDQSK P2_QLLNAKLITQR 2 6,DIA12_CV486075:20251228_A2_N1_Mueller_MS_TechHub_IMP_THIDDIAXL003_Cas9_PhoX_DIA12_CV486075_250ng_FAIMS_001,559325,,,Q99ZW2,,,false,Q99ZW2,Q99ZW2,,false,QLLNAKLITQR,YKEIFFDQSK,885,347,6,2,890,348,,-1,3,0,1.007276,9.658261
Scan: 1449654 Run: DIA12_CV486075:20251228_A2_N1_Mueller_MS_TechHub_IMP_THIDDIAXL003_Cas9_PhoX_DIA12_CV486075_250ng_FAIMS_003 P1_YKEIFFDQSK P2_KKDWDPK 2 1,DIA12_CV486075:20251228_A2_N1_Mueller_MS_TechHub_IMP_THIDDIAXL003_Cas9_PhoX_DIA12_CV486075_250ng_FAIMS_003,1449654,,,Q99ZW2,,,false,Q99ZW2,Q99ZW2,,false,KKDWDPK,YKEIFFDQSK,1123,347,1,2,1123,348,,-1,4,0,1.007276,9.657777
Scan: 851035 Run: DIA12_CV486075:20251228_A2_N1_Mueller_MS_TechHub_IMP_THIDDIAXL003_Cas9_PhoX_DIA12_CV486075_250ng_FAIMS_002 P1_YKEIFFDQSK P2_KMIAK 2 1,DIA12_CV486075:20251228_A2_N1_Mueller_MS_TechHub_IMP_THIDDIAXL003_Cas9_PhoX_DIA12_CV486075_250ng_FAIMS_002,851035,,,Q99ZW2,,,false,Q99ZW2,Q99ZW2,,false,KMIAK,YKEIFFDQSK,1020,347,1,2,1020,348,,-1,3,0,1.007276,9.657626
Scan: 1575389 Run: DIA12_CV486075:20251228_A2_N1_Mueller_MS_TechHub_IMP_THIDDIAXL003_Cas9_PhoX_DIA12_CV486075_250ng_FAIMS_003 P1_KPAFLSGEQK P2_KLVDSTDK 1 1,DIA12_CV486075:20251228_A2_N1_Mueller_MS_TechHub_IMP_THIDDIAXL003_Cas9_PhoX_DIA12_CV486075_250ng_FAIMS_003,1575389,,,Q99ZW2,,,false,Q99ZW2,Q99ZW2,,false,KLVDSTDK,KPAFLSGEQK,141,536,1,1,141,536,,-1,4,0,1.007276,9.657597
Scan: 1739423 Run: DIA12_CV486075:20251228_A2_N1_Mueller_MS_TechHub_IMP_THIDDIAXL003_Cas9_PhoX_DIA12_CV486075_250ng_FAIMS_003 P1_RPLIETNGETGEIVWDKGR P2_GKSDNVPSEEVVK 17 2,DIA12_CV486075:20251228_A2_N1_Mueller_MS_TechHub_IMP_THIDDIAXL003_Cas9_PhoX_DIA12_CV486075_250ng_FAIMS_003,1739423,,,Q99ZW2,,,false,Q99ZW2,Q99ZW2,,false,GKSDNVPSEEVVK,RPLIETNGETGEIVWDKGR,865,1060,2,17,866,1076,,-1,4,0,1.007276,9.657534
Scan: 1657105 Run: DIA12_CV486075:20251228_A2_N1_Mueller_MS_TechHub_IMP_THIDDIAXL003_Cas9_PhoX_DIA12_CV486075_250ng_FAIMS_003 P1_TILDFLKSDGFANR P2_EDIQKAQVSGQGDSLHEHIANLAGSPAIK 7 5,DIA12_CV486075:20251228_A2_N1_Mueller_MS_TechHub_IMP_THIDDIAXL003_Cas9_PhoX_DIA12_CV486075_250ng_FAIMS_003,1657105,,,Q99ZW2,,,false,Q99ZW2,Q99ZW2,,false,EDIQKAQVSGQGDSLHEHIANLAGSPAIK,TILDFLKSDGFANR,706,678,5,7,710,684,,-1,5,0,1.007276,9.656742
Scan: 639316 Run: DIA12_CV486075:20251228_A2_N1_Mueller_MS_TechHub_IMP_THIDDIAXL003_Cas9_PhoX_DIA12_CV486075_250ng_FAIMS_002 P1_YDENDKLIR P2_KTEVQTGGFSK 6 1,DIA12_CV486075:20251228_A2_N1_Mueller_MS_TechHub_IMP_THIDDIAXL003_Cas9_PhoX_DIA12_CV486075_250ng_FAIMS_002,639316,,,Q99ZW2,,,false,Q99ZW2,Q99ZW2,,false,KTEVQTGGFSK,YDENDKLIR,1097,943,1,6,1097,948,,-1,3,0,1.007276,9.656532
Scan: 1291137 Run: DIA12_CV486075:20251228_A2_N1_Mueller_MS_TechHub_IMP_THIDDIAXL003_Cas9_PhoX_DIA12_CV486075_250ng_FAIMS_003 P1_KKDWDPK P2_ENQTTQKGQK 1 7,DIA12_CV486075:20251228_A2_N1_Mueller_MS_TechHub_IMP_THIDDIAXL003_Cas9_PhoX_DIA12_CV486075_250ng_FAIMS_003,1291137,,,Q99ZW2,,,false,Q99ZW2,Q99ZW2,,false,ENQTTQKGQK,KKDWDPK,766,1123,7,1,772,1123,,-1,3,0,1.007276,9.656163
Scan: 290177 Run: DIA12_CV486075:20251228_A2_N1_Mueller_MS_TechHub_IMP_THIDDIAXL003_Cas9_PhoX_DIA12_CV486075_250ng_FAIMS_001 P1_QEDFYPFLKDNR P2_KDFQFYK 9 1,DIA12_CV486075:20251228_A2_N1_Mueller_MS_TechHub_IMP_THIDDIAXL003_Cas9_PhoX_DIA12_CV486075_250ng_FAIMS_001,290177,,,Q99ZW2,,,false,Q99ZW2,Q99ZW2,,false,KDFQFYK,QEDFYPFLKDNR,968,426,1,9,968,434,,-1,4,0,1.007276,9.655912
Scan: 1754048 Run: DIA12_CV486075:20251228_A2_N1_Mueller_MS_TechHub_IMP_THIDDIAXL003_Cas9_PhoX_DIA12_CV486075_250ng_FAIMS_003 P1_SSFEKNPIDFLEAK P2_QLLNAKLITQR 5 6,DIA12_CV486075:20251228_A2_N1_Mueller_MS_TechHub_IMP_THIDDIAXL003_Cas9_PhoX_DIA12_CV486075_250ng_FAIMS_003,1754048,,,Q99ZW2,,,false,Q99ZW2,Q99ZW2,,false,QLLNAKLITQR,SSFEKNPIDFLEAK,885,1172,6,5,890,1176,,-1,4,0,1.007276,9.654709
Scan: 1393056 Run: DIA12_CV486075:20251228_A2_N1_Mueller_MS_TechHub_IMP_THIDDIAXL003_Cas9_PhoX_DIA12_CV486075_250ng_FAIMS_003 P1_YTSTKEVLDATLIHQSITGLYETR P2_GSPEDNEQKQLFVEQHK 5 9,DIA12_CV486075:20251228_A2_N1_Mueller_MS_TechHub_IMP_THIDDIAXL003_Cas9_PhoX_DIA12_CV486075_250ng_FAIMS_003,1393056,,,Q99ZW2,,,false,Q99ZW2,Q99ZW2,,false,GSPEDNEQKQLFVEQHK,YTSTKEVLDATLIHQSITGLYETR,1247,1336,9,5,1255,1340,,-1,5,0,1.007276,9.65415
Scan: 1544962 Run: DIA12_CV486075:20251228_A2_N1_Mueller_MS_TechHub_IMP_THIDDIAXL003_Cas9_PhoX_DIA12_CV486075_250ng_FAIMS_003 P1_SEETITPWNFEEVVDKGASAQSFIER P2_KGILQTVK 16 1,DIA12_CV486075:20251228_A2_N1_Mueller_MS_TechHub_IMP_THIDDIAXL003_Cas9_PhoX_DIA12_CV486075_250ng_FAIMS_003,1544962,,,Q99ZW2,,,false,Q99ZW2,Q99ZW2,,false,KGILQTVK,SEETITPWNFEEVVDKGASAQSFIER,735,469,1,16,735,484,,-1,4,0,1.007276,9.653547
Scan: 1741018 Run: DIA12_CV486075:20251228_A2_N1_Mueller_MS_TechHub_IMP_THIDDIAXL003_Cas9_PhoX_DIA12_CV486075_250ng_FAIMS_003 P1_KSEETITPWNFEEVVDK P2_GKSDNVPSEEVVK 1 2,DIA12_CV486075:20251228_A2_N1_Mueller_MS_TechHub_IMP_THIDDIAXL003_Cas9_PhoX_DIA12_CV486075_250ng_FAIMS_003,1741018,,,Q99ZW2,,,false,Q99ZW2,Q99ZW2,,false,GKSDNVPSEEVVK,KSEETITPWNFEEVVDK,865,468,2,1,866,468,,-1,4,0,1.007276,9.652983
Scan: 546443 Run: DIA12_CV486075:20251228_A2_N1_Mueller_MS_TechHub_IMP_THIDDIAXL003_Cas9_PhoX_DIA12_CV486075_250ng_FAIMS_001 P1_VKYVTEGMR P2_GKSDNVPSEEVVK 2 2,DIA12_CV486075:20251228_A2_N1_Mueller_MS_TechHub_IMP_THIDDIAXL003_Cas9_PhoX_DIA12_CV486075_250ng_FAIMS_001,546443,,,Q99ZW2,,,false,Q99ZW2,Q99ZW2,,false,GKSDNVPSEEVVK,VKYVTEGMR,865,527,2,2,866,528,,-1,3,0,1.007276,9.652887
Scan: 85465 Run: DIA12_CV486075:20251228_A2_N1_Mueller_MS_TechHub_IMP_THIDDIAXL003_Cas9_PhoX_DIA12_CV486075_250ng_FAIMS_001 P1_SSFEKNPIDFLEAK P2_RNSDKLIAR 5 5,DIA12_CV486075:20251228_A2_N1_Mueller_MS_TechHub_IMP_THIDDIAXL003_Cas9_PhoX_DIA12_CV486075_250ng_FAIMS_001,85465,,,Q99ZW2,,,false,Q99ZW2,Q99ZW2,,false,RNSDKLIAR,SSFEKNPIDFLEAK,1114,1172,5,5,1118,1176,,-1,3,0,1.007276,9.65214
Scan: 1718598 Run: DIA12_CV486075:20251228_A2_N1_Mueller_MS_TechHub_IMP_THIDDIAXL003_Cas9_PhoX_DIA12_CV486075_250ng_FAIMS_003 P1_KPAFLSGEQK P2_ELGSQILKEHPVENTQLQNEK 1 8,DIA12_CV486075:20251228_A2_N1_Mueller_MS_TechHub_IMP_THIDDIAXL003_Cas9_PhoX_DIA12_CV486075_250ng_FAIMS_003,1718598,,,Q99ZW2,,,false,Q99ZW2,Q99ZW2,,false,ELGSQILKEHPVENTQLQNEK,KPAFLSGEQK,790,536,8,1,797,536,,-1,5,0,1.007276,9.651713
Scan: 879455 Run: DIA12_CV486075:20251228_A2_N1_Mueller_MS_TechHub_IMP_THIDDIAXL003_Cas9_PhoX_DIA12_CV486075_250ng_FAIMS_002 P1_QQLPEKYK P2_FIKPILEKMDGTEELLVK 6 8,DIA12_CV486075:20251228_A2_N1_Mueller_MS_TechHub_IMP_THIDDIAXL003_Cas9_PhoX_DIA12_CV486075_250ng_FAIMS_002,879455,,,Q99ZW2,,,false,Q99ZW2,Q99ZW2,,false,FIKPILEKMDGTEELLVK,QQLPEKYK,375,341,8,6,382,346,,-1,4,0,1.007276,9.651702
Scan: 898452 Run: DIA12_CV486075:20251228_A2_N1_Mueller_MS_TechHub_IMP_THIDDIAXL003_Cas9_PhoX_DIA12_CV486075_250ng_FAIMS_002 P1_RNSDKLIAR P2_KSEETITPWNFEEVVDK 5 1,DIA12_CV486075:20251228_A2_N1_Mueller_MS_TechHub_IMP_THIDDIAXL003_Cas9_PhoX_DIA12_CV486075_250ng_FAIMS_002,898452,,,Q99ZW2,,,false,Q99ZW2,Q99ZW2,,false,KSEETITPWNFEEVVDK,RNSDKLIAR,468,1114,1,5,468,1118,,-1,4,0,1.007276,9.651274
Scan: 194857 Run: DIA12_CV486075:20251228_A2_N1_Mueller_MS_TechHub_IMP_THIDDIAXL003_Cas9_PhoX_DIA12_CV486075_250ng_FAIMS_001 P1_KKDWDPK P2_EQAENIIHLFTLTNLGAPAAFKYFDTTIDR 1 22,DIA12_CV486075:20251228_A2_N1_Mueller_MS_TechHub_IMP_THIDDIAXL003_Cas9_PhoX_DIA12_CV486075_250ng_FAIMS_001,194857,,,Q99ZW2,,,false,Q99ZW2,Q99ZW2,,false,EQAENIIHLFTLTNLGAPAAFKYFDTTIDR,KKDWDPK,1304,1123,22,1,1325,1123,,-1,5,0,1.007276,9.650701
Scan: 617987 Run: DIA12_CV486075:20251228_A2_N1_Mueller_MS_TechHub_IMP_THIDDIAXL003_Cas9_PhoX_DIA12_CV486075_250ng_FAIMS_002 P1_KRPLIETNGETGEIVWDK P2_KRPLIETNGETGEIVWDK 1 1,DIA12_CV486075:20251228_A2_N1_Mueller_MS_TechHub_IMP_THIDDIAXL003_Cas9_PhoX_DIA12_CV486075_250ng_FAIMS_002,617987,,,Q99ZW2,,,false,Q99ZW2,Q99ZW2,,false,KRPLIETNGETGEIVWDK,KRPLIETNGETGEIVWDK,1059,1059,1,1,1059,1059,,-1,5,0,1.007276,9.650617
Scan: 548732 Run: DIA12_CV486075:20251228_A2_N1_Mueller_MS_TechHub_IMP_THIDDIAXL003_Cas9_PhoX_DIA12_CV486075_250ng_FAIMS_001 P1_GKSDNVPSEEVVK P2_GKSDNVPSEEVVK 2 2,DIA12_CV486075:20251228_A2_N1_Mueller_MS_TechHub_IMP_THIDDIAXL003_Cas9_PhoX_DIA12_CV486075_250ng_FAIMS_001,548732,,,Q99ZW2,,,false,Q99ZW2,Q99ZW2,,false,GKSDNVPSEEVVK,GKSDNVPSEEVVK,865,865,2,2,866,866,,-1,3,0,1.007276,9.650593
Scan: 1719575 Run: DIA12_CV486075:20251228_A2_N1_Mueller_MS_TechHub_IMP_THIDDIAXL003_Cas9_PhoX_DIA12_CV486075_250ng_FAIMS_003 P1_QSGKTILDFLK P2_ELGSQILKEHPVENTQLQNEK 4 8,DIA12_CV486075:20251228_A2_N1_Mueller_MS_TechHub_IMP_THIDDIAXL003_Cas9_PhoX_DIA12_CV486075_250ng_FAIMS_003,1719575,,,Q99ZW2,,,false,Q99ZW2,Q99ZW2,,false,ELGSQILKEHPVENTQLQNEK,QSGKTILDFLK,790,674,8,4,797,677,,-1,4,0,1.007276,9.649231
Scan: 259692 Run: DIA12_CV486075:20251228_A2_N1_Mueller_MS_TechHub_IMP_THIDDIAXL003_Cas9_PhoX_DIA12_CV486075_250ng_FAIMS_001 P1_YKEIFFDQSK P2_KVTVK 2 1,DIA12_CV486075:20251228_A2_N1_Mueller_MS_TechHub_IMP_THIDDIAXL003_Cas9_PhoX_DIA12_CV486075_250ng_FAIMS_001,259692,,,Q99ZW2,,,false,Q99ZW2,Q99ZW2,,false,KVTVK,YKEIFFDQSK,558,347,1,2,558,348,,-1,4,0,1.007276,9.649193
Scan: 546917 Run: DIA12_CV486075:20251228_A2_N1_Mueller_MS_TechHub_IMP_THIDDIAXL003_Cas9_PhoX_DIA12_CV486075_250ng_FAIMS_001 P1_QLKEDYFK P2_GKSDNVPSEEVVK 3 2,DIA12_CV486075:20251228_A2_N1_Mueller_MS_TechHub_IMP_THIDDIAXL003_Cas9_PhoX_DIA12_CV486075_250ng_FAIMS_001,546917,,,Q99ZW2,,,false,Q99ZW2,Q99ZW2,,false,GKSDNVPSEEVVK,QLKEDYFK,865,563,2,3,866,565,,-1,3,0,1.007276,9.64711
Scan: 541672 Run: DIA12_CV486075:20251228_A2_N1_Mueller_MS_TechHub_IMP_THIDDIAXL003_Cas9_PhoX_DIA12_CV486075_250ng_FAIMS_001 P1_KLINGIR P2_DDSIDNKVLTR 1 7,DIA12_CV486075:20251228_A2_N1_Mueller_MS_TechHub_IMP_THIDDIAXL003_Cas9_PhoX_DIA12_CV486075_250ng_FAIMS_001,541672,,,Q99ZW2,,,false,Q99ZW2,Q99ZW2,,false,DDSIDNKVLTR,KLINGIR,849,665,7,1,855,665,,-1,3,0,1.007276,9.646836
Scan: 1330370 Run: DIA12_CV486075:20251228_A2_N1_Mueller_MS_TechHub_IMP_THIDDIAXL003_Cas9_PhoX_DIA12_CV486075_250ng_FAIMS_003 P1_KDLIIK P2_EVKKDLIIK 1 3,DIA12_CV486075:20251228_A2_N1_Mueller_MS_TechHub_IMP_THIDDIAXL003_Cas9_PhoX_DIA12_CV486075_250ng_FAIMS_003,1330370,,,Q99ZW2,,,false,Q99ZW2,Q99ZW2,,false,EVKKDLIIK,KDLIIK,1189,1192,3,1,1191,1192,,-1,3,0,1.007276,9.645374
Scan: 1700177 Run: DIA12_CV486075:20251228_A2_N1_Mueller_MS_TechHub_IMP_THIDDIAXL003_Cas9_PhoX_DIA12_CV486075_250ng_FAIMS_003 P1_MNTKYDENDK P2_HKPENIVIEMAR 4 2,DIA12_CV486075:20251228_A2_N1_Mueller_MS_TechHub_IMP_THIDDIAXL003_Cas9_PhoX_DIA12_CV486075_250ng_FAIMS_003,1700177,,,Q99ZW2,,,false,Q99ZW2,Q99ZW2,,false,HKPENIVIEMAR,MNTKYDENDK,754,939,2,4,755,942,,-1,3,0,1.007276,9.6445
Scan: 254910 Run: DIA12_CV486075:20251228_A2_N1_Mueller_MS_TechHub_IMP_THIDDIAXL003_Cas9_PhoX_DIA12_CV486075_250ng_FAIMS_001 P1_YKEIFFDQSK P2_KKDWDPK 2 2,DIA12_CV486075:20251228_A2_N1_Mueller_MS_TechHub_IMP_THIDDIAXL003_Cas9_PhoX_DIA12_CV486075_250ng_FAIMS_001,254910,,,Q99ZW2,,,false,Q99ZW2,Q99ZW2,,false,KKDWDPK,YKEIFFDQSK,1123,347,2,2,1124,348,,-1,3,0,1.007276,9.643988
Scan: 1224762 Run: DIA12_CV486075:20251228_A2_N1_Mueller_MS_TechHub_IMP_THIDDIAXL003_Cas9_PhoX_DIA12_CV486075_250ng_FAIMS_003 P1_SEQEIGKATAK P2_RPLIETNGETGEIVWDKGR 7 17,DIA12_CV486075:20251228_A2_N1_Mueller_MS_TechHub_IMP_THIDDIAXL003_Cas9_PhoX_DIA12_CV486075_250ng_FAIMS_003,1224762,,,Q99ZW2,,,false,Q99ZW2,Q99ZW2,,false,RPLIETNGETGEIVWDKGR,SEQEIGKATAK,1060,1025,17,7,1076,1031,,-1,4,0,1.007276,9.643829
Scan: 163146 Run: DIA12_CV486075:20251228_A2_N1_Mueller_MS_TechHub_IMP_THIDDIAXL003_Cas9_PhoX_DIA12_CV486075_250ng_FAIMS_001 P1_LKGSPEDNEQK P2_DKQSGK 2 2,DIA12_CV486075:20251228_A2_N1_Mueller_MS_TechHub_IMP_THIDDIAXL003_Cas9_PhoX_DIA12_CV486075_250ng_FAIMS_001,163146,,,Q99ZW2,,,false,Q99ZW2,Q99ZW2,,false,DKQSGK,LKGSPEDNEQK,672,1245,2,2,673,1246,,-1,3,0,1.007276,9.643715
Scan: 1455346 Run: DIA12_CV486075:20251228_A2_N1_Mueller_MS_TechHub_IMP_THIDDIAXL003_Cas9_PhoX_DIA12_CV486075_250ng_FAIMS_003 P1_YKEIFFDQSK P2_DKQSGK 2 2,DIA12_CV486075:20251228_A2_N1_Mueller_MS_TechHub_IMP_THIDDIAXL003_Cas9_PhoX_DIA12_CV486075_250ng_FAIMS_003,1455346,,,Q99ZW2,,,false,Q99ZW2,Q99ZW2,,false,DKQSGK,YKEIFFDQSK,672,347,2,2,673,348,,-1,4,0,1.007276,9.64368
Scan: 594210 Run: DIA12_CV486075:20251228_A2_N1_Mueller_MS_TechHub_IMP_THIDDIAXL003_Cas9_PhoX_DIA12_CV486075_250ng_FAIMS_001 P1_KVTVK P2_KDFQFYK 1 1,DIA12_CV486075:20251228_A2_N1_Mueller_MS_TechHub_IMP_THIDDIAXL003_Cas9_PhoX_DIA12_CV486075_250ng_FAIMS_001,594210,,,Q99ZW2,,,false,Q99ZW2,Q99ZW2,,false,KDFQFYK,KVTVK,968,558,1,1,968,558,,-1,3,0,1.007276,9.642625
Scan: 1709571 Run: DIA12_CV486075:20251228_A2_N1_Mueller_MS_TechHub_IMP_THIDDIAXL003_Cas9_PhoX_DIA12_CV486075_250ng_FAIMS_003 P1_YDEHHQDLTLLKALVR P2_IEEGIKELGSQILK 12 6,DIA12_CV486075:20251228_A2_N1_Mueller_MS_TechHub_IMP_THIDDIAXL003_Cas9_PhoX_DIA12_CV486075_250ng_FAIMS_003,1709571,,,Q99ZW2,,,false,Q99ZW2,Q99ZW2,,false,IEEGIKELGSQILK,YDEHHQDLTLLKALVR,784,325,6,12,789,336,,-1,5,0,1.007276,9.641678
Scan: 1717438 Run: DIA12_CV486075:20251228_A2_N1_Mueller_MS_TechHub_IMP_THIDDIAXL003_Cas9_PhoX_DIA12_CV486075_250ng_FAIMS_003 P1_YKEIFFDQSK P2_ELGSQILKEHPVENTQLQNEK 2 8,DIA12_CV486075:20251228_A2_N1_Mueller_MS_TechHub_IMP_THIDDIAXL003_Cas9_PhoX_DIA12_CV486075_250ng_FAIMS_003,1717438,,,Q99ZW2,,,false,Q99ZW2,Q99ZW2,,false,ELGSQILKEHPVENTQLQNEK,YKEIFFDQSK,790,347,8,2,797,348,,-1,5,0,1.007276,9.641376
Scan: 718877 Run: DIA12_CV486075:20251228_A2_N1_Mueller_MS_TechHub_IMP_THIDDIAXL003_Cas9_PhoX_DIA12_CV486075_250ng_FAIMS_002 P1_YDENDKLIR P2_SSFEKNPIDFLEAK 6 5,DIA12_CV486075:20251228_A2_N1_Mueller_MS_TechHub_IMP_THIDDIAXL003_Cas9_PhoX_DIA12_CV486075_250ng_FAIMS_002,718877,,,Q99ZW2,,,false,Q99ZW2,Q99ZW2,,false,SSFEKNPIDFLEAK,YDENDKLIR,1172,943,5,6,1176,948,,-1,4,0,1.007276,9.640627
Scan: 847253 Run: DIA12_CV486075:20251228_A2_N1_Mueller_MS_TechHub_IMP_THIDDIAXL003_Cas9_PhoX_DIA12_CV486075_250ng_FAIMS_002 P1_YDEHHQDLTLLKALVR P2_EIFFDQSKNGYAGYIDGGASQEEFYK 12 8,DIA12_CV486075:20251228_A2_N1_Mueller_MS_TechHub_IMP_THIDDIAXL003_Cas9_PhoX_DIA12_CV486075_250ng_FAIMS_002,847253,,,Q99ZW2,,,false,Q99ZW2,Q99ZW2,,false,EIFFDQSKNGYAGYIDGGASQEEFYK,YDEHHQDLTLLKALVR,349,325,8,12,356,336,,-1,5,0,1.007276,9.639206
Scan: 1477181 Run: DIA12_CV486075:20251228_A2_N1_Mueller_MS_TechHub_IMP_THIDDIAXL003_Cas9_PhoX_DIA12_CV486075_250ng_FAIMS_003 P1_QQLPEKYKEIFFDQSK P2_FIKPILEKMDGTEELLVK 6 8,DIA12_CV486075:20251228_A2_N1_Mueller_MS_TechHub_IMP_THIDDIAXL003_Cas9_PhoX_DIA12_CV486075_250ng_FAIMS_003,1477181,,,Q99ZW2,,,false,Q99ZW2,Q99ZW2,,false,FIKPILEKMDGTEELLVK,QQLPEKYKEIFFDQSK,375,341,8,6,382,346,,-1,4,0,1.007276,9.638245
Scan: 1082622 Run: DIA12_CV486075:20251228_A2_N1_Mueller_MS_TechHub_IMP_THIDDIAXL003_Cas9_PhoX_DIA12_CV486075_250ng_FAIMS_002 P1_KGILQTVK P2_DFQFYKVR 1 6,DIA12_CV486075:20251228_A2_N1_Mueller_MS_TechHub_IMP_THIDDIAXL003_Cas9_PhoX_DIA12_CV486075_250ng_FAIMS_002,1082622,,,Q99ZW2,,,false,Q99ZW2,Q99ZW2,,false,DFQFYKVR,KGILQTVK,969,735,6,1,974,735,,-1,3,0,1.007276,9.638009
Scan: 549466 Run: DIA12_CV486075:20251228_A2_N1_Mueller_MS_TechHub_IMP_THIDDIAXL003_Cas9_PhoX_DIA12_CV486075_250ng_FAIMS_001 P1_GKSDNVPSEEVVK P2_AGFIKR 2 5,DIA12_CV486075:20251228_A2_N1_Mueller_MS_TechHub_IMP_THIDDIAXL003_Cas9_PhoX_DIA12_CV486075_250ng_FAIMS_001,549466,,,Q99ZW2,,,false,Q99ZW2,Q99ZW2,,false,AGFIKR,GKSDNVPSEEVVK,914,865,5,2,918,866,,-1,3,0,1.007276,9.637208
Scan: 605588 Run: DIA12_CV486075:20251228_A2_N1_Mueller_MS_TechHub_IMP_THIDDIAXL003_Cas9_PhoX_DIA12_CV486075_250ng_FAIMS_002 P1_LESEFVYGDYKVYDVR P2_EVKVITLK 11 3,DIA12_CV486075:20251228_A2_N1_Mueller_MS_TechHub_IMP_THIDDIAXL003_Cas9_PhoX_DIA12_CV486075_250ng_FAIMS_002,605588,,,Q99ZW2,,,false,Q99ZW2,Q99ZW2,,false,EVKVITLK,LESEFVYGDYKVYDVR,952,1004,3,11,954,1014,,-1,4,0,1.007276,9.636699
Scan: 1392757 Run: DIA12_CV486075:20251228_A2_N1_Mueller_MS_TechHub_IMP_THIDDIAXL003_Cas9_PhoX_DIA12_CV486075_250ng_FAIMS_003 P1_YTSTKEVLDATLIHQSITGLYETR P2_SSFEKNPIDFLEAK 5 5,DIA12_CV486075:20251228_A2_N1_Mueller_MS_TechHub_IMP_THIDDIAXL003_Cas9_PhoX_DIA12_CV486075_250ng_FAIMS_003,1392757,,,Q99ZW2,,,false,Q99ZW2,Q99ZW2,,false,SSFEKNPIDFLEAK,YTSTKEVLDATLIHQSITGLYETR,1172,1336,5,5,1176,1340,,-1,5,0,1.007276,9.636379
Scan: 738703 Run: DIA12_CV486075:20251228_A2_N1_Mueller_MS_TechHub_IMP_THIDDIAXL003_Cas9_PhoX_DIA12_CV486075_250ng_FAIMS_002 P1_EDIQKAQVSGQGDSLHEHIANLAGSPAIK P2_DLIIKLPK 5 5,DIA12_CV486075:20251228_A2_N1_Mueller_MS_TechHub_IMP_THIDDIAXL003_Cas9_PhoX_DIA12_CV486075_250ng_FAIMS_002,738703,,,Q99ZW2,,,false,Q99ZW2,Q99ZW2,,false,DLIIKLPK,EDIQKAQVSGQGDSLHEHIANLAGSPAIK,1193,706,5,5,1197,710,,-1,4,0,1.007276,9.636051
Scan: 548544 Run: DIA12_CV486075:20251228_A2_N1_Mueller_MS_TechHub_IMP_THIDDIAXL003_Cas9_PhoX_DIA12_CV486075_250ng_FAIMS_001 P1_SDKNR P2_GKSDNVPSEEVVK 3 2,DIA12_CV486075:20251228_A2_N1_Mueller_MS_TechHub_IMP_THIDDIAXL003_Cas9_PhoX_DIA12_CV486075_250ng_FAIMS_001,548544,,,Q99ZW2,,,false,Q99ZW2,Q99ZW2,,false,GKSDNVPSEEVVK,SDKNR,865,860,2,3,866,862,,-1,4,0,1.007276,9.635966
Scan: 1686409 Run: DIA12_CV486075:20251228_A2_N1_Mueller_MS_TechHub_IMP_THIDDIAXL003_Cas9_PhoX_DIA12_CV486075_250ng_FAIMS_003 P1_LVDSTDKADLR P2_GILQTVKVVDELVK 7 7,DIA12_CV486075:20251228_A2_N1_Mueller_MS_TechHub_IMP_THIDDIAXL003_Cas9_PhoX_DIA12_CV486075_250ng_FAIMS_003,1686409,,,Q99ZW2,,,false,Q99ZW2,Q99ZW2,,false,GILQTVKVVDELVK,LVDSTDKADLR,736,142,7,7,742,148,,-1,4,0,1.007276,9.635686
Scan: 1358945 Run: DIA12_CV486075:20251228_A2_N1_Mueller_MS_TechHub_IMP_THIDDIAXL003_Cas9_PhoX_DIA12_CV486075_250ng_FAIMS_003 P1_LKGSPEDNEQK P2_EHPVENTQLQNEKLYLYYLQNGR 2 13,DIA12_CV486075:20251228_A2_N1_Mueller_MS_TechHub_IMP_THIDDIAXL003_Cas9_PhoX_DIA12_CV486075_250ng_FAIMS_003,1358945,,,Q99ZW2,,,false,Q99ZW2,Q99ZW2,,false,EHPVENTQLQNEKLYLYYLQNGR,LKGSPEDNEQK,798,1245,13,2,810,1246,,-1,5,0,1.007276,9.63568
Scan: 1784266 Run: DIA12_CV486075:20251228_A2_N1_Mueller_MS_TechHub_IMP_THIDDIAXL003_Cas9_PhoX_DIA12_CV486075_250ng_FAIMS_003 P1_SKLVSDFR P2_KGILQTVK 2 1,DIA12_CV486075:20251228_A2_N1_Mueller_MS_TechHub_IMP_THIDDIAXL003_Cas9_PhoX_DIA12_CV486075_250ng_FAIMS_003,1784266,,,Q99ZW2,,,false,Q99ZW2,Q99ZW2,,false,KGILQTVK,SKLVSDFR,735,960,1,2,735,961,,-1,3,0,1.007276,9.635337
Scan: 1611256 Run: DIA12_CV486075:20251228_A2_N1_Mueller_MS_TechHub_IMP_THIDDIAXL003_Cas9_PhoX_DIA12_CV486075_250ng_FAIMS_003 P1_KLINGIR P2_KIECFDSVEISGVEDR 1 1,DIA12_CV486075:20251228_A2_N1_Mueller_MS_TechHub_IMP_THIDDIAXL003_Cas9_PhoX_DIA12_CV486075_250ng_FAIMS_003,1611256,,,Q99ZW2,,,false,Q99ZW2,Q99ZW2,,false,KIECFDSVEISGVEDR,KLINGIR,571,665,1,1,571,665,,-1,4,0,1.007276,9.635165
Scan: 1119043 Run: DIA12_CV486075:20251228_A2_N1_Mueller_MS_TechHub_IMP_THIDDIAXL003_Cas9_PhoX_DIA12_CV486075_250ng_FAIMS_002 P1_VLSAYNKHR P2_ELGSQILKEHPVENTQLQNEK 7 8,DIA12_CV486075:20251228_A2_N1_Mueller_MS_TechHub_IMP_THIDDIAXL003_Cas9_PhoX_DIA12_CV486075_250ng_FAIMS_002,1119043,,,Q99ZW2,,,false,Q99ZW2,Q99ZW2,,false,ELGSQILKEHPVENTQLQNEK,VLSAYNKHR,790,1290,8,7,797,1296,,-1,4,0,1.007276,9.634708
Scan: 692842 Run: DIA12_CV486075:20251228_A2_N1_Mueller_MS_TechHub_IMP_THIDDIAXL003_Cas9_PhoX_DIA12_CV486075_250ng_FAIMS_002 P1_LPKYSLFELENGR P2_KKDWDPK 3 1,DIA12_CV486075:20251228_A2_N1_Mueller_MS_TechHub_IMP_THIDDIAXL003_Cas9_PhoX_DIA12_CV486075_250ng_FAIMS_002,692842,,,Q99ZW2,,,false,Q99ZW2,Q99ZW2,,false,KKDWDPK,LPKYSLFELENGR,1123,1198,1,3,1123,1200,,-1,4,0,1.007276,9.633746
Scan: 1557964 Run: DIA12_CV486075:20251228_A2_N1_Mueller_MS_TechHub_IMP_THIDDIAXL003_Cas9_PhoX_DIA12_CV486075_250ng_FAIMS_003 P1_VLPKHSLLYEYFTVYNELTK P2_FKVLGNTDR 4 2,DIA12_CV486075:20251228_A2_N1_Mueller_MS_TechHub_IMP_THIDDIAXL003_Cas9_PhoX_DIA12_CV486075_250ng_FAIMS_003,1557964,,,Q99ZW2,,,false,Q99ZW2,Q99ZW2,,false,FKVLGNTDR,VLPKHSLLYEYFTVYNELTK,32,507,2,4,33,510,,-1,5,0,1.007276,9.633436
Scan: 632997 Run: DIA12_CV486075:20251228_A2_N1_Mueller_MS_TechHub_IMP_THIDDIAXL003_Cas9_PhoX_DIA12_CV486075_250ng_FAIMS_002 P1_SEQEIGKATAK P2_KTEVQTGGFSK 7 1,DIA12_CV486075:20251228_A2_N1_Mueller_MS_TechHub_IMP_THIDDIAXL003_Cas9_PhoX_DIA12_CV486075_250ng_FAIMS_002,632997,,,Q99ZW2,,,false,Q99ZW2,Q99ZW2,,false,KTEVQTGGFSK,SEQEIGKATAK,1097,1025,1,7,1097,1031,,-1,3,0,1.007276,9.633217
Scan: 604950 Run: DIA12_CV486075:20251228_A2_N1_Mueller_MS_TechHub_IMP_THIDDIAXL003_Cas9_PhoX_DIA12_CV486075_250ng_FAIMS_002 P1_LESEFVYGDYKVYDVR P2_ELGSQILKEHPVENTQLQNEK 11 8,DIA12_CV486075:20251228_A2_N1_Mueller_MS_TechHub_IMP_THIDDIAXL003_Cas9_PhoX_DIA12_CV486075_250ng_FAIMS_002,604950,,,Q99ZW2,,,false,Q99ZW2,Q99ZW2,,false,ELGSQILKEHPVENTQLQNEK,LESEFVYGDYKVYDVR,790,1004,8,11,797,1014,,-1,4,0,1.007276,9.633022
Scan: 1575831 Run: DIA12_CV486075:20251228_A2_N1_Mueller_MS_TechHub_IMP_THIDDIAXL003_Cas9_PhoX_DIA12_CV486075_250ng_FAIMS_003 P1_SNFDLAEDAKLQLSK P2_KPAFLSGEQK 10 1,DIA12_CV486075:20251228_A2_N1_Mueller_MS_TechHub_IMP_THIDDIAXL003_Cas9_PhoX_DIA12_CV486075_250ng_FAIMS_003,1575831,,,Q99ZW2,,,false,Q99ZW2,Q99ZW2,,false,KPAFLSGEQK,SNFDLAEDAKLQLSK,536,254,1,10,536,263,,-1,4,0,1.007276,9.632428
Scan: 224865 Run: DIA12_CV486075:20251228_A2_N1_Mueller_MS_TechHub_IMP_THIDDIAXL003_Cas9_PhoX_DIA12_CV486075_250ng_FAIMS_001 P1_SNFDLAEDAKLQLSK P2_ESILPKR 10 6,DIA12_CV486075:20251228_A2_N1_Mueller_MS_TechHub_IMP_THIDDIAXL003_Cas9_PhoX_DIA12_CV486075_250ng_FAIMS_001,224865,,,Q99ZW2,,,false,Q99ZW2,Q99ZW2,,false,ESILPKR,SNFDLAEDAKLQLSK,1108,254,6,10,1113,263,,-1,3,0,1.007276,9.631424
Scan: 1763519 Run: DIA12_CV486075:20251228_A2_N1_Mueller_MS_TechHub_IMP_THIDDIAXL003_Cas9_PhoX_DIA12_CV486075_250ng_FAIMS_003 P1_QLLNAKLITQR P2_GGLSELDKAGFIK 6 8,DIA12_CV486075:20251228_A2_N1_Mueller_MS_TechHub_IMP_THIDDIAXL003_Cas9_PhoX_DIA12_CV486075_250ng_FAIMS_003,1763519,,,Q99ZW2,,,false,Q99ZW2,Q99ZW2,,false,GGLSELDKAGFIK,QLLNAKLITQR,906,885,8,6,913,890,,-1,4,0,1.007276,9.630898
Scan: 64461 Run: DIA12_CV486075:20251228_A2_N1_Mueller_MS_TechHub_IMP_THIDDIAXL003_Cas9_PhoX_DIA12_CV486075_250ng_FAIMS_001 P1_KTEVQTGGFSKESILPK P2_KDWDPK 11 1,DIA12_CV486075:20251228_A2_N1_Mueller_MS_TechHub_IMP_THIDDIAXL003_Cas9_PhoX_DIA12_CV486075_250ng_FAIMS_001,64461,,,Q99ZW2,,,false,Q99ZW2,Q99ZW2,,false,KDWDPK,KTEVQTGGFSKESILPK,1124,1097,1,11,1124,1107,,-1,4,0,1.007276,9.630619
Scan: 38086 Run: DIA12_CV486075:20251228_A2_N1_Mueller_MS_TechHub_IMP_THIDDIAXL003_Cas9_PhoX_DIA12_CV486075_250ng_FAIMS_001 P1_LVDSTDKADLR P2_KTEVQTGGFSK 7 1,DIA12_CV486075:20251228_A2_N1_Mueller_MS_TechHub_IMP_THIDDIAXL003_Cas9_PhoX_DIA12_CV486075_250ng_FAIMS_001,38086,,,Q99ZW2,,,false,Q99ZW2,Q99ZW2,,false,KTEVQTGGFSK,LVDSTDKADLR,1097,142,1,7,1097,148,,-1,4,0,1.007276,9.630553
Scan: 588626 Run: DIA12_CV486075:20251228_A2_N1_Mueller_MS_TechHub_IMP_THIDDIAXL003_Cas9_PhoX_DIA12_CV486075_250ng_FAIMS_001 P1_SKLVSDFR P2_FIKPILEK 2 3,DIA12_CV486075:20251228_A2_N1_Mueller_MS_TechHub_IMP_THIDDIAXL003_Cas9_PhoX_DIA12_CV486075_250ng_FAIMS_001,588626,,,Q99ZW2,,,false,Q99ZW2,Q99ZW2,,false,FIKPILEK,SKLVSDFR,375,960,3,2,377,961,,-1,3,0,1.007276,9.630476
Scan: 1196023 Run: DIA12_CV486075:20251228_A2_N1_Mueller_MS_TechHub_IMP_THIDDIAXL003_Cas9_PhoX_DIA12_CV486075_250ng_FAIMS_003 P1_YPKLESEFVYGDYK P2_KVTVK 3 1,DIA12_CV486075:20251228_A2_N1_Mueller_MS_TechHub_IMP_THIDDIAXL003_Cas9_PhoX_DIA12_CV486075_250ng_FAIMS_003,1196023,,,Q99ZW2,,,false,Q99ZW2,Q99ZW2,,false,KVTVK,YPKLESEFVYGDYK,558,1001,1,3,558,1003,,-1,3,0,1.007276,9.630403
Scan: 1493139 Run: DIA12_CV486075:20251228_A2_N1_Mueller_MS_TechHub_IMP_THIDDIAXL003_Cas9_PhoX_DIA12_CV486075_250ng_FAIMS_003 P1_KNLIGALLFDSGETAEATR P2_KAIVDLLFK 1 1,DIA12_CV486075:20251228_A2_N1_Mueller_MS_TechHub_IMP_THIDDIAXL003_Cas9_PhoX_DIA12_CV486075_250ng_FAIMS_003,1493139,,,Q99ZW2,,,false,Q99ZW2,Q99ZW2,,false,KAIVDLLFK,KNLIGALLFDSGETAEATR,546,45,1,1,546,45,,-1,4,0,1.007276,9.630266
Scan: 784599 Run: DIA12_CV486075:20251228_A2_N1_Mueller_MS_TechHub_IMP_THIDDIAXL003_Cas9_PhoX_DIA12_CV486075_250ng_FAIMS_002 P1_VLSAYNKHR P2_DKPIR 7 2,DIA12_CV486075:20251228_A2_N1_Mueller_MS_TechHub_IMP_THIDDIAXL003_Cas9_PhoX_DIA12_CV486075_250ng_FAIMS_002,784599,,,Q99ZW2,,,false,Q99ZW2,Q99ZW2,,false,DKPIR,VLSAYNKHR,1299,1290,2,7,1300,1296,,-1,3,0,1.007276,9.630264
Scan: 1109016 Run: DIA12_CV486075:20251228_A2_N1_Mueller_MS_TechHub_IMP_THIDDIAXL003_Cas9_PhoX_DIA12_CV486075_250ng_FAIMS_002 P1_KLVDSTDK P2_GQKNSR 1 3,DIA12_CV486075:20251228_A2_N1_Mueller_MS_TechHub_IMP_THIDDIAXL003_Cas9_PhoX_DIA12_CV486075_250ng_FAIMS_002,1109016,,,Q99ZW2,,,false,Q99ZW2,Q99ZW2,,false,GQKNSR,KLVDSTDK,773,141,3,1,775,141,,-1,3,0,1.007276,9.629688
Scan: 288144 Run: DIA12_CV486075:20251228_A2_N1_Mueller_MS_TechHub_IMP_THIDDIAXL003_Cas9_PhoX_DIA12_CV486075_250ng_FAIMS_001 P1_SSFEKNPIDFLEAK P2_QEDFYPFLKDNR 5 9,DIA12_CV486075:20251228_A2_N1_Mueller_MS_TechHub_IMP_THIDDIAXL003_Cas9_PhoX_DIA12_CV486075_250ng_FAIMS_001,288144,,,Q99ZW2,,,false,Q99ZW2,Q99ZW2,,false,QEDFYPFLKDNR,SSFEKNPIDFLEAK,426,1172,9,5,434,1176,,-1,4,0,1.007276,9.629625
Scan: 716993 Run: DIA12_CV486075:20251228_A2_N1_Mueller_MS_TechHub_IMP_THIDDIAXL003_Cas9_PhoX_DIA12_CV486075_250ng_FAIMS_002 P1_SSFEKNPIDFLEAK P2_QSGKTILDFLK 5 4,DIA12_CV486075:20251228_A2_N1_Mueller_MS_TechHub_IMP_THIDDIAXL003_Cas9_PhoX_DIA12_CV486075_250ng_FAIMS_002,716993,,,Q99ZW2,,,false,Q99ZW2,Q99ZW2,,false,QSGKTILDFLK,SSFEKNPIDFLEAK,674,1172,4,5,677,1176,,-1,3,0,1.007276,9.629395
Scan: 731345 Run: DIA12_CV486075:20251228_A2_N1_Mueller_MS_TechHub_IMP_THIDDIAXL003_Cas9_PhoX_DIA12_CV486075_250ng_FAIMS_002 P1_TEVQTGGFSKESILPK P2_NPIDFLEAKGYK 10 9,DIA12_CV486075:20251228_A2_N1_Mueller_MS_TechHub_IMP_THIDDIAXL003_Cas9_PhoX_DIA12_CV486075_250ng_FAIMS_002,731345,,,Q99ZW2,,,false,Q99ZW2,Q99ZW2,,false,NPIDFLEAKGYK,TEVQTGGFSKESILPK,1177,1098,9,10,1185,1107,,-1,4,0,1.007276,9.629387
Scan: 1736318 Run: DIA12_CV486075:20251228_A2_N1_Mueller_MS_TechHub_IMP_THIDDIAXL003_Cas9_PhoX_DIA12_CV486075_250ng_FAIMS_003 P1_KPAFLSGEQK P2_DDSIDNKVLTR 1 7,DIA12_CV486075:20251228_A2_N1_Mueller_MS_TechHub_IMP_THIDDIAXL003_Cas9_PhoX_DIA12_CV486075_250ng_FAIMS_003,1736318,,,Q99ZW2,,,false,Q99ZW2,Q99ZW2,,false,DDSIDNKVLTR,KPAFLSGEQK,849,536,7,1,855,536,,-1,4,0,1.007276,9.628125
Scan: 1605215 Run: DIA12_CV486075:20251228_A2_N1_Mueller_MS_TechHub_IMP_THIDDIAXL003_Cas9_PhoX_DIA12_CV486075_250ng_FAIMS_003 P1_KVTVK P2_KDLIIK 1 1,DIA12_CV486075:20251228_A2_N1_Mueller_MS_TechHub_IMP_THIDDIAXL003_Cas9_PhoX_DIA12_CV486075_250ng_FAIMS_003,1605215,,,Q99ZW2,,,false,Q99ZW2,Q99ZW2,,false,KDLIIK,KVTVK,1192,558,1,1,1192,558,,-1,3,0,1.007276,9.627082
Scan: 1499044 Run: DIA12_CV486075:20251228_A2_N1_Mueller_MS_TechHub_IMP_THIDDIAXL003_Cas9_PhoX_DIA12_CV486075_250ng_FAIMS_003 P1_LVDSTDKADLR P2_KSEETITPWNFEEVVDK 7 1,DIA12_CV486075:20251228_A2_N1_Mueller_MS_TechHub_IMP_THIDDIAXL003_Cas9_PhoX_DIA12_CV486075_250ng_FAIMS_003,1499044,,,Q99ZW2,,,false,Q99ZW2,Q99ZW2,,false,KSEETITPWNFEEVVDK,LVDSTDKADLR,468,142,1,7,468,148,,-1,4,0,1.007276,9.626962
Scan: 1265938 Run: DIA12_CV486075:20251228_A2_N1_Mueller_MS_TechHub_IMP_THIDDIAXL003_Cas9_PhoX_DIA12_CV486075_250ng_FAIMS_003 P1_VLPKHSLLYEYFTVYNELTK P2_TEVQTGGFSKESILPK 4 10,DIA12_CV486075:20251228_A2_N1_Mueller_MS_TechHub_IMP_THIDDIAXL003_Cas9_PhoX_DIA12_CV486075_250ng_FAIMS_003,1265938,,,Q99ZW2,,,false,Q99ZW2,Q99ZW2,,false,TEVQTGGFSKESILPK,VLPKHSLLYEYFTVYNELTK,1098,507,10,4,1107,510,,-1,4,0,1.007276,9.626211
Scan: 1766829 Run: DIA12_CV486075:20251228_A2_N1_Mueller_MS_TechHub_IMP_THIDDIAXL003_Cas9_PhoX_DIA12_CV486075_250ng_FAIMS_003 P1_YKEIFFDQSK P2_QITKHVAQILDSR 2 4,DIA12_CV486075:20251228_A2_N1_Mueller_MS_TechHub_IMP_THIDDIAXL003_Cas9_PhoX_DIA12_CV486075_250ng_FAIMS_003,1766829,,,Q99ZW2,,,false,Q99ZW2,Q99ZW2,,false,QITKHVAQILDSR,YKEIFFDQSK,926,347,4,2,929,348,,-1,4,0,1.007276,9.625728
Scan: 1608257 Run: DIA12_CV486075:20251228_A2_N1_Mueller_MS_TechHub_IMP_THIDDIAXL003_Cas9_PhoX_DIA12_CV486075_250ng_FAIMS_003 P1_QLKEDYFK P2_IEEGIKELGSQILK 3 6,DIA12_CV486075:20251228_A2_N1_Mueller_MS_TechHub_IMP_THIDDIAXL003_Cas9_PhoX_DIA12_CV486075_250ng_FAIMS_003,1608257,,,Q99ZW2,,,false,Q99ZW2,Q99ZW2,,false,IEEGIKELGSQILK,QLKEDYFK,784,563,6,3,789,565,,-1,4,0,1.007276,9.624948
Scan: 1278221 Run: DIA12_CV486075:20251228_A2_N1_Mueller_MS_TechHub_IMP_THIDDIAXL003_Cas9_PhoX_DIA12_CV486075_250ng_FAIMS_003 P1_NSDKLIAR P2_KKDWDPKK 4 2,DIA12_CV486075:20251228_A2_N1_Mueller_MS_TechHub_IMP_THIDDIAXL003_Cas9_PhoX_DIA12_CV486075_250ng_FAIMS_003,1278221,,,Q99ZW2,,,false,Q99ZW2,Q99ZW2,,false,KKDWDPKK,NSDKLIAR,1123,1115,2,4,1124,1118,,-1,3,0,1.007276,9.624726
Scan: 1234903 Run: DIA12_CV486075:20251228_A2_N1_Mueller_MS_TechHub_IMP_THIDDIAXL003_Cas9_PhoX_DIA12_CV486075_250ng_FAIMS_003 P1_KTEVQTGGFSK P2_DKQSGK 1 2,DIA12_CV486075:20251228_A2_N1_Mueller_MS_TechHub_IMP_THIDDIAXL003_Cas9_PhoX_DIA12_CV486075_250ng_FAIMS_003,1234903,,,Q99ZW2,,,false,Q99ZW2,Q99ZW2,,false,DKQSGK,KTEVQTGGFSK,672,1097,2,1,673,1097,,-1,3,0,1.007276,9.623515
Scan: 78935 Run: DIA12_CV486075:20251228_A2_N1_Mueller_MS_TechHub_IMP_THIDDIAXL003_Cas9_PhoX_DIA12_CV486075_250ng_FAIMS_001 P1_SSFEKNPIDFLEAK P2_ESILPKR 5 6,DIA12_CV486075:20251228_A2_N1_Mueller_MS_TechHub_IMP_THIDDIAXL003_Cas9_PhoX_DIA12_CV486075_250ng_FAIMS_001,78935,,,Q99ZW2,,,false,Q99ZW2,Q99ZW2,,false,ESILPKR,SSFEKNPIDFLEAK,1108,1172,6,5,1113,1176,,-1,4,0,1.007276,9.623139
Scan: 121001 Run: DIA12_CV486075:20251228_A2_N1_Mueller_MS_TechHub_IMP_THIDDIAXL003_Cas9_PhoX_DIA12_CV486075_250ng_FAIMS_001 P1_SSFEKNPIDFLEAK P2_IEEGIKELGSQILK 5 6,DIA12_CV486075:20251228_A2_N1_Mueller_MS_TechHub_IMP_THIDDIAXL003_Cas9_PhoX_DIA12_CV486075_250ng_FAIMS_001,121001,,,Q99ZW2,,,false,Q99ZW2,Q99ZW2,,false,IEEGIKELGSQILK,SSFEKNPIDFLEAK,784,1172,6,5,789,1176,,-1,4,0,1.007276,9.622163
Scan: 31165 Run: DIA12_CV486075:20251228_A2_N1_Mueller_MS_TechHub_IMP_THIDDIAXL003_Cas9_PhoX_DIA12_CV486075_250ng_FAIMS_001 P1_RPLIETNGETGEIVWDKGR P2_KLINGIR 17 1,DIA12_CV486075:20251228_A2_N1_Mueller_MS_TechHub_IMP_THIDDIAXL003_Cas9_PhoX_DIA12_CV486075_250ng_FAIMS_001,31165,,,Q99ZW2,,,false,Q99ZW2,Q99ZW2,,false,KLINGIR,RPLIETNGETGEIVWDKGR,665,1060,1,17,665,1076,,-1,4,0,1.007276,9.621309
Scan: 840414 Run: DIA12_CV486075:20251228_A2_N1_Mueller_MS_TechHub_IMP_THIDDIAXL003_Cas9_PhoX_DIA12_CV486075_250ng_FAIMS_002 P1_FKVLGNTDR P2_FIKPILEK 2 3,DIA12_CV486075:20251228_A2_N1_Mueller_MS_TechHub_IMP_THIDDIAXL003_Cas9_PhoX_DIA12_CV486075_250ng_FAIMS_002,840414,,,Q99ZW2,,,false,Q99ZW2,Q99ZW2,,false,FIKPILEK,FKVLGNTDR,375,32,3,2,377,33,,-1,3,0,1.007276,9.62087
Scan: 758992 Run: DIA12_CV486075:20251228_A2_N1_Mueller_MS_TechHub_IMP_THIDDIAXL003_Cas9_PhoX_DIA12_CV486075_250ng_FAIMS_002 P1_LKGSPEDNEQK P2_KDWDPK 2 1,DIA12_CV486075:20251228_A2_N1_Mueller_MS_TechHub_IMP_THIDDIAXL003_Cas9_PhoX_DIA12_CV486075_250ng_FAIMS_002,758992,,,Q99ZW2,,,false,Q99ZW2,Q99ZW2,,false,KDWDPK,LKGSPEDNEQK,1124,1245,1,2,1124,1246,,-1,3,0,1.007276,9.62037
Scan: 1185903 Run: DIA12_CV486075:20251228_A2_N1_Mueller_MS_TechHub_IMP_THIDDIAXL003_Cas9_PhoX_DIA12_CV486075_250ng_FAIMS_002 P1_SKLVSDFR P2_LSKSR 2 3,DIA12_CV486075:20251228_A2_N1_Mueller_MS_TechHub_IMP_THIDDIAXL003_Cas9_PhoX_DIA12_CV486075_250ng_FAIMS_002,1185903,,,Q99ZW2,,,false,Q99ZW2,Q99ZW2,,false,LSKSR,SKLVSDFR,216,960,3,2,218,961,,-1,3,0,1.007276,9.620118
Scan: 1372416 Run: DIA12_CV486075:20251228_A2_N1_Mueller_MS_TechHub_IMP_THIDDIAXL003_Cas9_PhoX_DIA12_CV486075_250ng_FAIMS_003 P1_IEKILTFR P2_HYLDEIIEQISEFSKR 3 15,DIA12_CV486075:20251228_A2_N1_Mueller_MS_TechHub_IMP_THIDDIAXL003_Cas9_PhoX_DIA12_CV486075_250ng_FAIMS_003,1372416,,,Q99ZW2,,,false,Q99ZW2,Q99ZW2,,false,HYLDEIIEQISEFSKR,IEKILTFR,1264,440,15,3,1278,442,,-1,4,0,1.007276,9.62005
Scan: 1186469 Run: DIA12_CV486075:20251228_A2_N1_Mueller_MS_TechHub_IMP_THIDDIAXL003_Cas9_PhoX_DIA12_CV486075_250ng_FAIMS_002 P1_SKLVSDFR P2_KLINGIR 2 1,DIA12_CV486075:20251228_A2_N1_Mueller_MS_TechHub_IMP_THIDDIAXL003_Cas9_PhoX_DIA12_CV486075_250ng_FAIMS_002,1186469,,,Q99ZW2,,,false,Q99ZW2,Q99ZW2,,false,KLINGIR,SKLVSDFR,665,960,1,2,665,961,,-1,3,0,1.007276,9.620023
Scan: 413191 Run: DIA12_CV486075:20251228_A2_N1_Mueller_MS_TechHub_IMP_THIDDIAXL003_Cas9_PhoX_DIA12_CV486075_250ng_FAIMS_001 P1_QLKEDYFK P2_KIECFDSVEISGVEDR 3 1,DIA12_CV486075:20251228_A2_N1_Mueller_MS_TechHub_IMP_THIDDIAXL003_Cas9_PhoX_DIA12_CV486075_250ng_FAIMS_001,413191,,,Q99ZW2,,,false,Q99ZW2,Q99ZW2,,false,KIECFDSVEISGVEDR,QLKEDYFK,571,563,1,3,571,565,,-1,4,0,1.007276,9.619914
Scan: 94781 Run: DIA12_CV486075:20251228_A2_N1_Mueller_MS_TechHub_IMP_THIDDIAXL003_Cas9_PhoX_DIA12_CV486075_250ng_FAIMS_001 P1_KKDWDPKK P2_ESILPKR 1 6,DIA12_CV486075:20251228_A2_N1_Mueller_MS_TechHub_IMP_THIDDIAXL003_Cas9_PhoX_DIA12_CV486075_250ng_FAIMS_001,94781,,,Q99ZW2,,,false,Q99ZW2,Q99ZW2,,false,ESILPKR,KKDWDPKK,1108,1123,6,1,1113,1123,,-1,3,0,1.007276,9.61975
Scan: 510464 Run: DIA12_CV486075:20251228_A2_N1_Mueller_MS_TechHub_IMP_THIDDIAXL003_Cas9_PhoX_DIA12_CV486075_250ng_FAIMS_001 P1_GQKNSR P2_ENQTTQKGQK 3 7,DIA12_CV486075:20251228_A2_N1_Mueller_MS_TechHub_IMP_THIDDIAXL003_Cas9_PhoX_DIA12_CV486075_250ng_FAIMS_001,510464,,,Q99ZW2,,,false,Q99ZW2,Q99ZW2,,false,ENQTTQKGQK,GQKNSR,766,773,7,3,772,775,,-1,3,0,1.007276,9.619668
Scan: 1264598 Run: DIA12_CV486075:20251228_A2_N1_Mueller_MS_TechHub_IMP_THIDDIAXL003_Cas9_PhoX_DIA12_CV486075_250ng_FAIMS_003 P1_YKEIFFDQSK P2_TEVQTGGFSKESILPK 2 10,DIA12_CV486075:20251228_A2_N1_Mueller_MS_TechHub_IMP_THIDDIAXL003_Cas9_PhoX_DIA12_CV486075_250ng_FAIMS_003,1264598,,,Q99ZW2,,,false,Q99ZW2,Q99ZW2,,false,TEVQTGGFSKESILPK,YKEIFFDQSK,1098,347,10,2,1107,348,,-1,4,0,1.007276,9.619148
Scan: 611787 Run: DIA12_CV486075:20251228_A2_N1_Mueller_MS_TechHub_IMP_THIDDIAXL003_Cas9_PhoX_DIA12_CV486075_250ng_FAIMS_002 P1_SEQEIGKATAK P2_KRPLIETNGETGEIVWDK 7 1,DIA12_CV486075:20251228_A2_N1_Mueller_MS_TechHub_IMP_THIDDIAXL003_Cas9_PhoX_DIA12_CV486075_250ng_FAIMS_002,611787,,,Q99ZW2,,,false,Q99ZW2,Q99ZW2,,false,KRPLIETNGETGEIVWDK,SEQEIGKATAK,1059,1025,1,7,1059,1031,,-1,3,0,1.007276,9.619033
Scan: 1501750 Run: DIA12_CV486075:20251228_A2_N1_Mueller_MS_TechHub_IMP_THIDDIAXL003_Cas9_PhoX_DIA12_CV486075_250ng_FAIMS_003 P1_KSEETITPWNFEEVVDK P2_EKIEKILTFR 1 5,DIA12_CV486075:20251228_A2_N1_Mueller_MS_TechHub_IMP_THIDDIAXL003_Cas9_PhoX_DIA12_CV486075_250ng_FAIMS_003,1501750,,,Q99ZW2,,,false,Q99ZW2,Q99ZW2,,false,EKIEKILTFR,KSEETITPWNFEEVVDK,438,468,5,1,442,468,,-1,3,0,1.007276,9.618352
Scan: 36472 Run: DIA12_CV486075:20251228_A2_N1_Mueller_MS_TechHub_IMP_THIDDIAXL003_Cas9_PhoX_DIA12_CV486075_250ng_FAIMS_001 P1_KTEVQTGGFSK P2_KDWDPK 1 1,DIA12_CV486075:20251228_A2_N1_Mueller_MS_TechHub_IMP_THIDDIAXL003_Cas9_PhoX_DIA12_CV486075_250ng_FAIMS_001,36472,,,Q99ZW2,,,false,Q99ZW2,Q99ZW2,,false,KDWDPK,KTEVQTGGFSK,1124,1097,1,1,1124,1097,,-1,3,0,1.007276,9.616699
Scan: 1584711 Run: DIA12_CV486075:20251228_A2_N1_Mueller_MS_TechHub_IMP_THIDDIAXL003_Cas9_PhoX_DIA12_CV486075_250ng_FAIMS_003 P1_KPAFLSGEQK P2_ICYLQEIFSNEMAKVDDSFFHR 1 14,DIA12_CV486075:20251228_A2_N1_Mueller_MS_TechHub_IMP_THIDDIAXL003_Cas9_PhoX_DIA12_CV486075_250ng_FAIMS_003,1584711,,,Q99ZW2,,,false,Q99ZW2,Q99ZW2,,false,ICYLQEIFSNEMAKVDDSFFHR,KPAFLSGEQK,79,536,14,1,92,536,,-1,4,0,1.007276,9.61638
Scan: 243217 Run: DIA12_CV486075:20251228_A2_N1_Mueller_MS_TechHub_IMP_THIDDIAXL003_Cas9_PhoX_DIA12_CV486075_250ng_FAIMS_001 P1_RQEDFYPFLKDNR P2_FKVLGNTDR 10 2,DIA12_CV486075:20251228_A2_N1_Mueller_MS_TechHub_IMP_THIDDIAXL003_Cas9_PhoX_DIA12_CV486075_250ng_FAIMS_001,243217,,,Q99ZW2,,,false,Q99ZW2,Q99ZW2,,false,FKVLGNTDR,RQEDFYPFLKDNR,32,425,2,10,33,434,,-1,4,0,1.007276,9.615928
Scan: 895587 Run: DIA12_CV486075:20251228_A2_N1_Mueller_MS_TechHub_IMP_THIDDIAXL003_Cas9_PhoX_DIA12_CV486075_250ng_FAIMS_002 P1_KNLIGALLFDSGETAEATR P2_KNLIGALLFDSGETAEATR 1 1,DIA12_CV486075:20251228_A2_N1_Mueller_MS_TechHub_IMP_THIDDIAXL003_Cas9_PhoX_DIA12_CV486075_250ng_FAIMS_002,895587,,,Q99ZW2,,,false,Q99ZW2,Q99ZW2,,false,KNLIGALLFDSGETAEATR,KNLIGALLFDSGETAEATR,45,45,1,1,45,45,,-1,4,0,1.007276,9.615586
Scan: 1783748 Run: DIA12_CV486075:20251228_A2_N1_Mueller_MS_TechHub_IMP_THIDDIAXL003_Cas9_PhoX_DIA12_CV486075_250ng_FAIMS_003 P1_SKLVSDFR P2_KPAFLSGEQK 2 1,DIA12_CV486075:20251228_A2_N1_Mueller_MS_TechHub_IMP_THIDDIAXL003_Cas9_PhoX_DIA12_CV486075_250ng_FAIMS_003,1783748,,,Q99ZW2,,,false,Q99ZW2,Q99ZW2,,false,KPAFLSGEQK,SKLVSDFR,536,960,1,2,536,961,,-1,4,0,1.007276,9.615479
Scan: 744014 Run: DIA12_CV486075:20251228_A2_N1_Mueller_MS_TechHub_IMP_THIDDIAXL003_Cas9_PhoX_DIA12_CV486075_250ng_FAIMS_002 P1_LPKYSLFELENGR P2_KLINGIR 3 1,DIA12_CV486075:20251228_A2_N1_Mueller_MS_TechHub_IMP_THIDDIAXL003_Cas9_PhoX_DIA12_CV486075_250ng_FAIMS_002,744014,,,Q99ZW2,,,false,Q99ZW2,Q99ZW2,,false,KLINGIR,LPKYSLFELENGR,665,1198,1,3,665,1200,,-1,3,0,1.007276,9.615346
Scan: 1578031 Run: DIA12_CV486075:20251228_A2_N1_Mueller_MS_TechHub_IMP_THIDDIAXL003_Cas9_PhoX_DIA12_CV486075_250ng_FAIMS_003 P1_KSEETITPWNFEEVVDK P2_KPAFLSGEQK 1 1,DIA12_CV486075:20251228_A2_N1_Mueller_MS_TechHub_IMP_THIDDIAXL003_Cas9_PhoX_DIA12_CV486075_250ng_FAIMS_003,1578031,,,Q99ZW2,,,false,Q99ZW2,Q99ZW2,,false,KPAFLSGEQK,KSEETITPWNFEEVVDK,536,468,1,1,536,468,,-1,3,0,1.007276,9.614271
Scan: 839956 Run: DIA12_CV486075:20251228_A2_N1_Mueller_MS_TechHub_IMP_THIDDIAXL003_Cas9_PhoX_DIA12_CV486075_250ng_FAIMS_002 P1_LSKSR P2_FKVLGNTDR 3 2,DIA12_CV486075:20251228_A2_N1_Mueller_MS_TechHub_IMP_THIDDIAXL003_Cas9_PhoX_DIA12_CV486075_250ng_FAIMS_002,839956,,,Q99ZW2,,,false,Q99ZW2,Q99ZW2,,false,FKVLGNTDR,LSKSR,32,216,2,3,33,218,,-1,3,0,1.007276,9.613517
Scan: 1305075 Run: DIA12_CV486075:20251228_A2_N1_Mueller_MS_TechHub_IMP_THIDDIAXL003_Cas9_PhoX_DIA12_CV486075_250ng_FAIMS_003 P1_SVKELLGITIMER P2_IEKILTFR 3 3,DIA12_CV486075:20251228_A2_N1_Mueller_MS_TechHub_IMP_THIDDIAXL003_Cas9_PhoX_DIA12_CV486075_250ng_FAIMS_003,1305075,,,Q99ZW2,,,false,Q99ZW2,Q99ZW2,,false,IEKILTFR,SVKELLGITIMER,440,1159,3,3,442,1161,,-1,4,0,1.007276,9.613447
Scan: 1783706 Run: DIA12_CV486075:20251228_A2_N1_Mueller_MS_TechHub_IMP_THIDDIAXL003_Cas9_PhoX_DIA12_CV486075_250ng_FAIMS_003 P1_SKLVSDFR P2_KPAFLSGEQK 2 1,DIA12_CV486075:20251228_A2_N1_Mueller_MS_TechHub_IMP_THIDDIAXL003_Cas9_PhoX_DIA12_CV486075_250ng_FAIMS_003,1783706,,,Q99ZW2,,,false,Q99ZW2,Q99ZW2,,false,KPAFLSGEQK,SKLVSDFR,536,960,1,2,536,961,,-1,3,0,1.007276,9.613146
Scan: 1359283 Run: DIA12_CV486075:20251228_A2_N1_Mueller_MS_TechHub_IMP_THIDDIAXL003_Cas9_PhoX_DIA12_CV486075_250ng_FAIMS_003 P1_LKGSPEDNEQK P2_GKSDNVPSEEVVK 2 2,DIA12_CV486075:20251228_A2_N1_Mueller_MS_TechHub_IMP_THIDDIAXL003_Cas9_PhoX_DIA12_CV486075_250ng_FAIMS_003,1359283,,,Q99ZW2,,,false,Q99ZW2,Q99ZW2,,false,GKSDNVPSEEVVK,LKGSPEDNEQK,865,1245,2,2,866,1246,,-1,3,0,1.007276,9.612948
Scan: 382779 Run: DIA12_CV486075:20251228_A2_N1_Mueller_MS_TechHub_IMP_THIDDIAXL003_Cas9_PhoX_DIA12_CV486075_250ng_FAIMS_001 P1_KPAFLSGEQK P2_EKIEKILTFR 1 5,DIA12_CV486075:20251228_A2_N1_Mueller_MS_TechHub_IMP_THIDDIAXL003_Cas9_PhoX_DIA12_CV486075_250ng_FAIMS_001,382779,,,Q99ZW2,,,false,Q99ZW2,Q99ZW2,,false,EKIEKILTFR,KPAFLSGEQK,438,536,5,1,442,536,,-1,3,0,1.007276,9.612924
Scan: 1202311 Run: DIA12_CV486075:20251228_A2_N1_Mueller_MS_TechHub_IMP_THIDDIAXL003_Cas9_PhoX_DIA12_CV486075_250ng_FAIMS_003 P1_QSGKTILDFLK P2_LESEFVYGDYKVYDVR 4 11,DIA12_CV486075:20251228_A2_N1_Mueller_MS_TechHub_IMP_THIDDIAXL003_Cas9_PhoX_DIA12_CV486075_250ng_FAIMS_003,1202311,,,Q99ZW2,,,false,Q99ZW2,Q99ZW2,,false,LESEFVYGDYKVYDVR,QSGKTILDFLK,1004,674,11,4,1014,677,,-1,4,0,1.007276,9.611646
Scan: 1283317 Run: DIA12_CV486075:20251228_A2_N1_Mueller_MS_TechHub_IMP_THIDDIAXL003_Cas9_PhoX_DIA12_CV486075_250ng_FAIMS_003 P1_NSDKLIAR P2_IEKILTFR 4 3,DIA12_CV486075:20251228_A2_N1_Mueller_MS_TechHub_IMP_THIDDIAXL003_Cas9_PhoX_DIA12_CV486075_250ng_FAIMS_003,1283317,,,Q99ZW2,,,false,Q99ZW2,Q99ZW2,,false,IEKILTFR,NSDKLIAR,440,1115,3,4,442,1118,,-1,4,0,1.007276,9.61158
Scan: 1599161 Run: DIA12_CV486075:20251228_A2_N1_Mueller_MS_TechHub_IMP_THIDDIAXL003_Cas9_PhoX_DIA12_CV486075_250ng_FAIMS_003 P1_SSFEKNPIDFLEAK P2_KAIVDLLFK 5 1,DIA12_CV486075:20251228_A2_N1_Mueller_MS_TechHub_IMP_THIDDIAXL003_Cas9_PhoX_DIA12_CV486075_250ng_FAIMS_003,1599161,,,Q99ZW2,,,false,Q99ZW2,Q99ZW2,,false,KAIVDLLFK,SSFEKNPIDFLEAK,546,1172,1,5,546,1176,,-1,3,0,1.007276,9.611332
Scan: 1366333 Run: DIA12_CV486075:20251228_A2_N1_Mueller_MS_TechHub_IMP_THIDDIAXL003_Cas9_PhoX_DIA12_CV486075_250ng_FAIMS_003 P1_KDLIIK P2_GSPEDNEQKQLFVEQHK 1 9,DIA12_CV486075:20251228_A2_N1_Mueller_MS_TechHub_IMP_THIDDIAXL003_Cas9_PhoX_DIA12_CV486075_250ng_FAIMS_003,1366333,,,Q99ZW2,,,false,Q99ZW2,Q99ZW2,,false,GSPEDNEQKQLFVEQHK,KDLIIK,1247,1192,9,1,1255,1192,,-1,4,0,1.007276,9.610411
Scan: 1685222 Run: DIA12_CV486075:20251228_A2_N1_Mueller_MS_TechHub_IMP_THIDDIAXL003_Cas9_PhoX_DIA12_CV486075_250ng_FAIMS_003 P1_GILQTVKVVDELVK P2_DLIIKLPK 7 5,DIA12_CV486075:20251228_A2_N1_Mueller_MS_TechHub_IMP_THIDDIAXL003_Cas9_PhoX_DIA12_CV486075_250ng_FAIMS_003,1685222,,,Q99ZW2,,,false,Q99ZW2,Q99ZW2,,false,DLIIKLPK,GILQTVKVVDELVK,1193,736,5,7,1197,742,,-1,4,0,1.007276,9.608637
Scan: 573519 Run: DIA12_CV486075:20251228_A2_N1_Mueller_MS_TechHub_IMP_THIDDIAXL003_Cas9_PhoX_DIA12_CV486075_250ng_FAIMS_001 P1_QITKHVAQILDSR P2_GQKNSR 4 3,DIA12_CV486075:20251228_A2_N1_Mueller_MS_TechHub_IMP_THIDDIAXL003_Cas9_PhoX_DIA12_CV486075_250ng_FAIMS_001,573519,,,Q99ZW2,,,false,Q99ZW2,Q99ZW2,,false,GQKNSR,QITKHVAQILDSR,773,926,3,4,775,929,,-1,3,0,1.007276,9.608314
Scan: 515418 Run: DIA12_CV486075:20251228_A2_N1_Mueller_MS_TechHub_IMP_THIDDIAXL003_Cas9_PhoX_DIA12_CV486075_250ng_FAIMS_001 P1_LKTYAHLFDDK P2_IEEGIKELGSQILK 2 6,DIA12_CV486075:20251228_A2_N1_Mueller_MS_TechHub_IMP_THIDDIAXL003_Cas9_PhoX_DIA12_CV486075_250ng_FAIMS_001,515418,,,Q99ZW2,,,false,Q99ZW2,Q99ZW2,,false,IEEGIKELGSQILK,LKTYAHLFDDK,784,636,6,2,789,637,,-1,4,0,1.007276,9.606775
Scan: 1739609 Run: DIA12_CV486075:20251228_A2_N1_Mueller_MS_TechHub_IMP_THIDDIAXL003_Cas9_PhoX_DIA12_CV486075_250ng_FAIMS_003 P1_NSDKLIAR P2_GKSDNVPSEEVVK 4 2,DIA12_CV486075:20251228_A2_N1_Mueller_MS_TechHub_IMP_THIDDIAXL003_Cas9_PhoX_DIA12_CV486075_250ng_FAIMS_003,1739609,,,Q99ZW2,,,false,Q99ZW2,Q99ZW2,,false,GKSDNVPSEEVVK,NSDKLIAR,865,1115,2,4,866,1118,,-1,3,0,1.007276,9.606506
Scan: 688337 Run: DIA12_CV486075:20251228_A2_N1_Mueller_MS_TechHub_IMP_THIDDIAXL003_Cas9_PhoX_DIA12_CV486075_250ng_FAIMS_002 P1_RNSDKLIAR P2_DKQSGK 5 2,DIA12_CV486075:20251228_A2_N1_Mueller_MS_TechHub_IMP_THIDDIAXL003_Cas9_PhoX_DIA12_CV486075_250ng_FAIMS_002,688337,,,Q99ZW2,,,false,Q99ZW2,Q99ZW2,,false,DKQSGK,RNSDKLIAR,672,1114,2,5,673,1118,,-1,4,0,1.007276,9.605779
Scan: 1311705 Run: DIA12_CV486075:20251228_A2_N1_Mueller_MS_TechHub_IMP_THIDDIAXL003_Cas9_PhoX_DIA12_CV486075_250ng_FAIMS_003 P1_SSFEKNPIDFLEAK P2_SEETITPWNFEEVVDKGASAQSFIER 5 16,DIA12_CV486075:20251228_A2_N1_Mueller_MS_TechHub_IMP_THIDDIAXL003_Cas9_PhoX_DIA12_CV486075_250ng_FAIMS_003,1311705,,,Q99ZW2,,,false,Q99ZW2,Q99ZW2,,false,SEETITPWNFEEVVDKGASAQSFIER,SSFEKNPIDFLEAK,469,1172,16,5,484,1176,,-1,5,0,1.007276,9.604869
Scan: 98265 Run: DIA12_CV486075:20251228_A2_N1_Mueller_MS_TechHub_IMP_THIDDIAXL003_Cas9_PhoX_DIA12_CV486075_250ng_FAIMS_001 P1_KLINGIR P2_KDWDPKK 1 1,DIA12_CV486075:20251228_A2_N1_Mueller_MS_TechHub_IMP_THIDDIAXL003_Cas9_PhoX_DIA12_CV486075_250ng_FAIMS_001,98265,,,Q99ZW2,,,false,Q99ZW2,Q99ZW2,,false,KDWDPKK,KLINGIR,1124,665,1,1,1124,665,,-1,4,0,1.007276,9.604732
Scan: 1101732 Run: DIA12_CV486075:20251228_A2_N1_Mueller_MS_TechHub_IMP_THIDDIAXL003_Cas9_PhoX_DIA12_CV486075_250ng_FAIMS_002 P1_VVDELVKVMGR P2_KLINGIR 7 1,DIA12_CV486075:20251228_A2_N1_Mueller_MS_TechHub_IMP_THIDDIAXL003_Cas9_PhoX_DIA12_CV486075_250ng_FAIMS_002,1101732,,,Q99ZW2,,,false,Q99ZW2,Q99ZW2,,false,KLINGIR,VVDELVKVMGR,665,743,1,7,665,749,,-1,4,0,1.007276,9.604668
Scan: 1194626 Run: DIA12_CV486075:20251228_A2_N1_Mueller_MS_TechHub_IMP_THIDDIAXL003_Cas9_PhoX_DIA12_CV486075_250ng_FAIMS_002 P1_SKLVSDFR P2_EINNYHHAHDAYLNAVVGTALIKK 2 23,DIA12_CV486075:20251228_A2_N1_Mueller_MS_TechHub_IMP_THIDDIAXL003_Cas9_PhoX_DIA12_CV486075_250ng_FAIMS_002,1194626,,,Q99ZW2,,,false,Q99ZW2,Q99ZW2,,false,EINNYHHAHDAYLNAVVGTALIKK,SKLVSDFR,977,960,23,2,999,961,,-1,5,0,1.007276,9.604068
Scan: 1699234 Run: DIA12_CV486075:20251228_A2_N1_Mueller_MS_TechHub_IMP_THIDDIAXL003_Cas9_PhoX_DIA12_CV486075_250ng_FAIMS_003 P1_VVDELVKVMGR P2_KLINGIR 7 1,DIA12_CV486075:20251228_A2_N1_Mueller_MS_TechHub_IMP_THIDDIAXL003_Cas9_PhoX_DIA12_CV486075_250ng_FAIMS_003,1699234,,,Q99ZW2,,,false,Q99ZW2,Q99ZW2,,false,KLINGIR,VVDELVKVMGR,665,743,1,7,665,749,,-1,3,0,1.007276,9.603527
Scan: 112462 Run: DIA12_CV486075:20251228_A2_N1_Mueller_MS_TechHub_IMP_THIDDIAXL003_Cas9_PhoX_DIA12_CV486075_250ng_FAIMS_001 P1_SSFEKNPIDFLEAK P2_KKDWDPKK 5 2,DIA12_CV486075:20251228_A2_N1_Mueller_MS_TechHub_IMP_THIDDIAXL003_Cas9_PhoX_DIA12_CV486075_250ng_FAIMS_001,112462,,,Q99ZW2,,,false,Q99ZW2,Q99ZW2,,false,KKDWDPKK,SSFEKNPIDFLEAK,1123,1172,2,5,1124,1176,,-1,3,0,1.007276,9.603144
Scan: 588807 Run: DIA12_CV486075:20251228_A2_N1_Mueller_MS_TechHub_IMP_THIDDIAXL003_Cas9_PhoX_DIA12_CV486075_250ng_FAIMS_001 P1_SKLVSDFR P2_NLPNEKVLPK 2 6,DIA12_CV486075:20251228_A2_N1_Mueller_MS_TechHub_IMP_THIDDIAXL003_Cas9_PhoX_DIA12_CV486075_250ng_FAIMS_001,588807,,,Q99ZW2,,,false,Q99ZW2,Q99ZW2,,false,NLPNEKVLPK,SKLVSDFR,501,960,6,2,506,961,,-1,3,0,1.007276,9.603032
Scan: 1425193 Run: DIA12_CV486075:20251228_A2_N1_Mueller_MS_TechHub_IMP_THIDDIAXL003_Cas9_PhoX_DIA12_CV486075_250ng_FAIMS_003 P1_VNTEITKAPLSASMIK P2_KDLIIK 7 1,DIA12_CV486075:20251228_A2_N1_Mueller_MS_TechHub_IMP_THIDDIAXL003_Cas9_PhoX_DIA12_CV486075_250ng_FAIMS_003,1425193,,,Q99ZW2,,,false,Q99ZW2,Q99ZW2,,false,KDLIIK,VNTEITKAPLSASMIK,1192,308,1,7,1192,314,,-1,3,0,1.007276,9.602656
Scan: 1142700 Run: DIA12_CV486075:20251228_A2_N1_Mueller_MS_TechHub_IMP_THIDDIAXL003_Cas9_PhoX_DIA12_CV486075_250ng_FAIMS_002 P1_GKSDNVPSEEVVK P2_DKPIR 2 2,DIA12_CV486075:20251228_A2_N1_Mueller_MS_TechHub_IMP_THIDDIAXL003_Cas9_PhoX_DIA12_CV486075_250ng_FAIMS_002,1142700,,,Q99ZW2,,,false,Q99ZW2,Q99ZW2,,false,DKPIR,GKSDNVPSEEVVK,1299,865,2,2,1300,866,,-1,3,0,1.007276,9.601329
Scan: 134546 Run: DIA12_CV486075:20251228_A2_N1_Mueller_MS_TechHub_IMP_THIDDIAXL003_Cas9_PhoX_DIA12_CV486075_250ng_FAIMS_001 P1_NPIDFLEAKGYK P2_IEKILTFR 9 3,DIA12_CV486075:20251228_A2_N1_Mueller_MS_TechHub_IMP_THIDDIAXL003_Cas9_PhoX_DIA12_CV486075_250ng_FAIMS_001,134546,,,Q99ZW2,,,false,Q99ZW2,Q99ZW2,,false,IEKILTFR,NPIDFLEAKGYK,440,1177,3,9,442,1185,,-1,3,0,1.007276,9.600884
Scan: 1190955 Run: DIA12_CV486075:20251228_A2_N1_Mueller_MS_TechHub_IMP_THIDDIAXL003_Cas9_PhoX_DIA12_CV486075_250ng_FAIMS_002 P1_LVSDFRKDFQFYK P2_GNELALPSKYVNFLYLASHYEK 7 9,DIA12_CV486075:20251228_A2_N1_Mueller_MS_TechHub_IMP_THIDDIAXL003_Cas9_PhoX_DIA12_CV486075_250ng_FAIMS_002,1190955,,,Q99ZW2,,,false,Q99ZW2,Q99ZW2,,false,GNELALPSKYVNFLYLASHYEK,LVSDFRKDFQFYK,1223,962,9,7,1231,968,,-1,5,0,1.007276,9.600108
Scan: 483628 Run: DIA12_CV486075:20251228_A2_N1_Mueller_MS_TechHub_IMP_THIDDIAXL003_Cas9_PhoX_DIA12_CV486075_250ng_FAIMS_001 P1_LSKSR P2_KGILQTVK 3 1,DIA12_CV486075:20251228_A2_N1_Mueller_MS_TechHub_IMP_THIDDIAXL003_Cas9_PhoX_DIA12_CV486075_250ng_FAIMS_001,483628,,,Q99ZW2,,,false,Q99ZW2,Q99ZW2,,false,KGILQTVK,LSKSR,735,216,1,3,735,218,,-1,3,0,1.007276,9.599998
Scan: 841920 Run: DIA12_CV486075:20251228_A2_N1_Mueller_MS_TechHub_IMP_THIDDIAXL003_Cas9_PhoX_DIA12_CV486075_250ng_FAIMS_002 P1_KVTVK P2_FKVLGNTDR 1 2,DIA12_CV486075:20251228_A2_N1_Mueller_MS_TechHub_IMP_THIDDIAXL003_Cas9_PhoX_DIA12_CV486075_250ng_FAIMS_002,841920,,,Q99ZW2,,,false,Q99ZW2,Q99ZW2,,false,FKVLGNTDR,KVTVK,32,558,2,1,33,558,,-1,3,0,1.007276,9.599876
Scan: 509553 Run: DIA12_CV486075:20251228_A2_N1_Mueller_MS_TechHub_IMP_THIDDIAXL003_Cas9_PhoX_DIA12_CV486075_250ng_FAIMS_001 P1_LVDSTDKADLR P2_ENQTTQKGQK 7 7,DIA12_CV486075:20251228_A2_N1_Mueller_MS_TechHub_IMP_THIDDIAXL003_Cas9_PhoX_DIA12_CV486075_250ng_FAIMS_001,509553,,,Q99ZW2,,,false,Q99ZW2,Q99ZW2,,false,ENQTTQKGQK,LVDSTDKADLR,766,142,7,7,772,148,,-1,3,0,1.007276,9.599585
Scan: 839119 Run: DIA12_CV486075:20251228_A2_N1_Mueller_MS_TechHub_IMP_THIDDIAXL003_Cas9_PhoX_DIA12_CV486075_250ng_FAIMS_002 P1_RNSDKLIAR P2_FKVLGNTDR 5 2,DIA12_CV486075:20251228_A2_N1_Mueller_MS_TechHub_IMP_THIDDIAXL003_Cas9_PhoX_DIA12_CV486075_250ng_FAIMS_002,839119,,,Q99ZW2,,,false,Q99ZW2,Q99ZW2,,false,FKVLGNTDR,RNSDKLIAR,32,1114,2,5,33,1118,,-1,4,0,1.007276,9.599545
Scan: 1784580 Run: DIA12_CV486075:20251228_A2_N1_Mueller_MS_TechHub_IMP_THIDDIAXL003_Cas9_PhoX_DIA12_CV486075_250ng_FAIMS_003 P1_SKLVSDFR P2_GKSDNVPSEEVVK 2 2,DIA12_CV486075:20251228_A2_N1_Mueller_MS_TechHub_IMP_THIDDIAXL003_Cas9_PhoX_DIA12_CV486075_250ng_FAIMS_003,1784580,,,Q99ZW2,,,false,Q99ZW2,Q99ZW2,,false,GKSDNVPSEEVVK,SKLVSDFR,865,960,2,2,866,961,,-1,4,0,1.007276,9.599065
Scan: 1291804 Run: DIA12_CV486075:20251228_A2_N1_Mueller_MS_TechHub_IMP_THIDDIAXL003_Cas9_PhoX_DIA12_CV486075_250ng_FAIMS_003 P1_TEVQTGGFSKESILPK P2_KKDWDPK 10 2,DIA12_CV486075:20251228_A2_N1_Mueller_MS_TechHub_IMP_THIDDIAXL003_Cas9_PhoX_DIA12_CV486075_250ng_FAIMS_003,1291804,,,Q99ZW2,,,false,Q99ZW2,Q99ZW2,,false,KKDWDPK,TEVQTGGFSKESILPK,1123,1098,2,10,1124,1107,,-1,4,0,1.007276,9.599051
Scan: 839917 Run: DIA12_CV486075:20251228_A2_N1_Mueller_MS_TechHub_IMP_THIDDIAXL003_Cas9_PhoX_DIA12_CV486075_250ng_FAIMS_002 P1_LVDSTDKADLR P2_FKVLGNTDR 7 2,DIA12_CV486075:20251228_A2_N1_Mueller_MS_TechHub_IMP_THIDDIAXL003_Cas9_PhoX_DIA12_CV486075_250ng_FAIMS_002,839917,,,Q99ZW2,,,false,Q99ZW2,Q99ZW2,,false,FKVLGNTDR,LVDSTDKADLR,32,142,2,7,33,148,,-1,3,0,1.007276,9.598343
Scan: 1422981 Run: DIA12_CV486075:20251228_A2_N1_Mueller_MS_TechHub_IMP_THIDDIAXL003_Cas9_PhoX_DIA12_CV486075_250ng_FAIMS_003 P1_SNFDLAEDAKLQLSK P2_KLINGIR 10 1,DIA12_CV486075:20251228_A2_N1_Mueller_MS_TechHub_IMP_THIDDIAXL003_Cas9_PhoX_DIA12_CV486075_250ng_FAIMS_003,1422981,,,Q99ZW2,,,false,Q99ZW2,Q99ZW2,,false,KLINGIR,SNFDLAEDAKLQLSK,665,254,1,10,665,263,,-1,4,0,1.007276,9.597641
Scan: 1678173 Run: DIA12_CV486075:20251228_A2_N1_Mueller_MS_TechHub_IMP_THIDDIAXL003_Cas9_PhoX_DIA12_CV486075_250ng_FAIMS_003 P1_KKDWDPK P2_KGILQTVK 1 1,DIA12_CV486075:20251228_A2_N1_Mueller_MS_TechHub_IMP_THIDDIAXL003_Cas9_PhoX_DIA12_CV486075_250ng_FAIMS_003,1678173,,,Q99ZW2,,,false,Q99ZW2,Q99ZW2,,false,KGILQTVK,KKDWDPK,735,1123,1,1,735,1123,,-1,4,0,1.007276,9.597087
Scan: 1270057 Run: DIA12_CV486075:20251228_A2_N1_Mueller_MS_TechHub_IMP_THIDDIAXL003_Cas9_PhoX_DIA12_CV486075_250ng_FAIMS_003 P1_TEVQTGGFSKESILPK P2_ELGSQILKEHPVENTQLQNEK 10 8,DIA12_CV486075:20251228_A2_N1_Mueller_MS_TechHub_IMP_THIDDIAXL003_Cas9_PhoX_DIA12_CV486075_250ng_FAIMS_003,1270057,,,Q99ZW2,,,false,Q99ZW2,Q99ZW2,,false,ELGSQILKEHPVENTQLQNEK,TEVQTGGFSKESILPK,790,1098,8,10,797,1107,,-1,4,0,1.007276,9.596719
Scan: 452947 Run: DIA12_CV486075:20251228_A2_N1_Mueller_MS_TechHub_IMP_THIDDIAXL003_Cas9_PhoX_DIA12_CV486075_250ng_FAIMS_001 P1_ESILPKR P2_EDIQKAQVSGQGDSLHEHIANLAGSPAIK 6 5,DIA12_CV486075:20251228_A2_N1_Mueller_MS_TechHub_IMP_THIDDIAXL003_Cas9_PhoX_DIA12_CV486075_250ng_FAIMS_001,452947,,,Q99ZW2,,,false,Q99ZW2,Q99ZW2,,false,EDIQKAQVSGQGDSLHEHIANLAGSPAIK,ESILPKR,706,1108,5,6,710,1113,,-1,5,0,1.007276,9.596616
Scan: 341355 Run: DIA12_CV486075:20251228_A2_N1_Mueller_MS_TechHub_IMP_THIDDIAXL003_Cas9_PhoX_DIA12_CV486075_250ng_FAIMS_001 P1_KSEETITPWNFEEVVDKGASAQSFIER P2_KKDWDPK 17 1,DIA12_CV486075:20251228_A2_N1_Mueller_MS_TechHub_IMP_THIDDIAXL003_Cas9_PhoX_DIA12_CV486075_250ng_FAIMS_001,341355,,,Q99ZW2,,,false,Q99ZW2,Q99ZW2,,false,KKDWDPK,KSEETITPWNFEEVVDKGASAQSFIER,1123,468,1,17,1123,484,,-1,4,0,1.007276,9.596464
Scan: 1452879 Run: DIA12_CV486075:20251228_A2_N1_Mueller_MS_TechHub_IMP_THIDDIAXL003_Cas9_PhoX_DIA12_CV486075_250ng_FAIMS_003 P1_YKEIFFDQSK P2_FIKPILEKMDGTEELLVK 2 8,DIA12_CV486075:20251228_A2_N1_Mueller_MS_TechHub_IMP_THIDDIAXL003_Cas9_PhoX_DIA12_CV486075_250ng_FAIMS_003,1452879,,,Q99ZW2,,,false,Q99ZW2,Q99ZW2,,false,FIKPILEKMDGTEELLVK,YKEIFFDQSK,375,347,8,2,382,348,,-1,4,0,1.007276,9.595877
Scan: 93031 Run: DIA12_CV486075:20251228_A2_N1_Mueller_MS_TechHub_IMP_THIDDIAXL003_Cas9_PhoX_DIA12_CV486075_250ng_FAIMS_001 P1_SDKNR P2_NSDKLIAR 3 4,DIA12_CV486075:20251228_A2_N1_Mueller_MS_TechHub_IMP_THIDDIAXL003_Cas9_PhoX_DIA12_CV486075_250ng_FAIMS_001,93031,,,Q99ZW2,,,false,Q99ZW2,Q99ZW2,,false,NSDKLIAR,SDKNR,1115,860,4,3,1118,862,,-1,3,0,1.007276,9.595129
Scan: 1202527 Run: DIA12_CV486075:20251228_A2_N1_Mueller_MS_TechHub_IMP_THIDDIAXL003_Cas9_PhoX_DIA12_CV486075_250ng_FAIMS_003 P1_LESEFVYGDYKVYDVR P2_GKSDNVPSEEVVK 11 2,DIA12_CV486075:20251228_A2_N1_Mueller_MS_TechHub_IMP_THIDDIAXL003_Cas9_PhoX_DIA12_CV486075_250ng_FAIMS_003,1202527,,,Q99ZW2,,,false,Q99ZW2,Q99ZW2,,false,GKSDNVPSEEVVK,LESEFVYGDYKVYDVR,865,1004,2,11,866,1014,,-1,4,0,1.007276,9.595045
Scan: 1549696 Run: DIA12_CV486075:20251228_A2_N1_Mueller_MS_TechHub_IMP_THIDDIAXL003_Cas9_PhoX_DIA12_CV486075_250ng_FAIMS_003 P1_MTNFDKNLPNEK P2_KDLIIKLPK 6 6,DIA12_CV486075:20251228_A2_N1_Mueller_MS_TechHub_IMP_THIDDIAXL003_Cas9_PhoX_DIA12_CV486075_250ng_FAIMS_003,1549696,,,Q99ZW2,,,false,Q99ZW2,Q99ZW2,,false,KDLIIKLPK,MTNFDKNLPNEK,1192,495,6,6,1197,500,,-1,4,0,1.007276,9.593937
Scan: 1679957 Run: DIA12_CV486075:20251228_A2_N1_Mueller_MS_TechHub_IMP_THIDDIAXL003_Cas9_PhoX_DIA12_CV486075_250ng_FAIMS_003 P1_SKLVSDFR P2_KGILQTVK 2 1,DIA12_CV486075:20251228_A2_N1_Mueller_MS_TechHub_IMP_THIDDIAXL003_Cas9_PhoX_DIA12_CV486075_250ng_FAIMS_003,1679957,,,Q99ZW2,,,false,Q99ZW2,Q99ZW2,,false,KGILQTVK,SKLVSDFR,735,960,1,2,735,961,,-1,4,0,1.007276,9.59303
Scan: 1200843 Run: DIA12_CV486075:20251228_A2_N1_Mueller_MS_TechHub_IMP_THIDDIAXL003_Cas9_PhoX_DIA12_CV486075_250ng_FAIMS_003 P1_LESEFVYGDYKVYDVR P2_LESEFVYGDYKVYDVR 11 11,DIA12_CV486075:20251228_A2_N1_Mueller_MS_TechHub_IMP_THIDDIAXL003_Cas9_PhoX_DIA12_CV486075_250ng_FAIMS_003,1200843,,,Q99ZW2,,,false,Q99ZW2,Q99ZW2,,false,LESEFVYGDYKVYDVR,LESEFVYGDYKVYDVR,1004,1004,11,11,1014,1014,,-1,4,0,1.007276,9.592929
Scan: 1211835 Run: DIA12_CV486075:20251228_A2_N1_Mueller_MS_TechHub_IMP_THIDDIAXL003_Cas9_PhoX_DIA12_CV486075_250ng_FAIMS_003 P1_KMIAK P2_ATAKYFFYSNIMNFFK 1 4,DIA12_CV486075:20251228_A2_N1_Mueller_MS_TechHub_IMP_THIDDIAXL003_Cas9_PhoX_DIA12_CV486075_250ng_FAIMS_003,1211835,,,Q99ZW2,,,false,Q99ZW2,Q99ZW2,,false,ATAKYFFYSNIMNFFK,KMIAK,1032,1020,4,1,1035,1020,,-1,4,0,1.007276,9.592895
Scan: 813275 Run: DIA12_CV486075:20251228_A2_N1_Mueller_MS_TechHub_IMP_THIDDIAXL003_Cas9_PhoX_DIA12_CV486075_250ng_FAIMS_002 P1_LENLIAQLPGEKK P2_KGILQTVK 12 1,DIA12_CV486075:20251228_A2_N1_Mueller_MS_TechHub_IMP_THIDDIAXL003_Cas9_PhoX_DIA12_CV486075_250ng_FAIMS_002,813275,,,Q99ZW2,,,false,Q99ZW2,Q99ZW2,,false,KGILQTVK,LENLIAQLPGEKK,735,222,1,12,735,233,,-1,4,0,1.007276,9.592628
Scan: 781055 Run: DIA12_CV486075:20251228_A2_N1_Mueller_MS_TechHub_IMP_THIDDIAXL003_Cas9_PhoX_DIA12_CV486075_250ng_FAIMS_002 P1_VILADANLDKVLSAYNK P2_FKVLGNTDR 10 2,DIA12_CV486075:20251228_A2_N1_Mueller_MS_TechHub_IMP_THIDDIAXL003_Cas9_PhoX_DIA12_CV486075_250ng_FAIMS_002,781055,,,Q99ZW2,,,false,Q99ZW2,Q99ZW2,,false,FKVLGNTDR,VILADANLDKVLSAYNK,32,1280,2,10,33,1289,,-1,4,0,1.007276,9.592252
Scan: 1058031 Run: DIA12_CV486075:20251228_A2_N1_Mueller_MS_TechHub_IMP_THIDDIAXL003_Cas9_PhoX_DIA12_CV486075_250ng_FAIMS_002 P1_EDIQKAQVSGQGDSLHEHIANLAGSPAIK P2_DKQSGK 5 2,DIA12_CV486075:20251228_A2_N1_Mueller_MS_TechHub_IMP_THIDDIAXL003_Cas9_PhoX_DIA12_CV486075_250ng_FAIMS_002,1058031,,,Q99ZW2,,,false,Q99ZW2,Q99ZW2,,false,DKQSGK,EDIQKAQVSGQGDSLHEHIANLAGSPAIK,672,706,2,5,673,710,,-1,4,0,1.007276,9.590718
Scan: 513108 Run: DIA12_CV486075:20251228_A2_N1_Mueller_MS_TechHub_IMP_THIDDIAXL003_Cas9_PhoX_DIA12_CV486075_250ng_FAIMS_001 P1_GQKNSR P2_DDSIDNKVLTR 3 7,DIA12_CV486075:20251228_A2_N1_Mueller_MS_TechHub_IMP_THIDDIAXL003_Cas9_PhoX_DIA12_CV486075_250ng_FAIMS_001,513108,,,Q99ZW2,,,false,Q99ZW2,Q99ZW2,,false,DDSIDNKVLTR,GQKNSR,849,773,7,3,855,775,,-1,4,0,1.007276,9.590682
Scan: 1466397 Run: DIA12_CV486075:20251228_A2_N1_Mueller_MS_TechHub_IMP_THIDDIAXL003_Cas9_PhoX_DIA12_CV486075_250ng_FAIMS_003 P1_KAIVDLLFK P2_EIFFDQSKNGYAGYIDGGASQEEFYK 1 8,DIA12_CV486075:20251228_A2_N1_Mueller_MS_TechHub_IMP_THIDDIAXL003_Cas9_PhoX_DIA12_CV486075_250ng_FAIMS_003,1466397,,,Q99ZW2,,,false,Q99ZW2,Q99ZW2,,false,EIFFDQSKNGYAGYIDGGASQEEFYK,KAIVDLLFK,349,546,8,1,356,546,,-1,4,0,1.007276,9.590278
Scan: 1340651 Run: DIA12_CV486075:20251228_A2_N1_Mueller_MS_TechHub_IMP_THIDDIAXL003_Cas9_PhoX_DIA12_CV486075_250ng_FAIMS_003 P1_LPKYSLFELENGR P2_IEKILTFR 3 3,DIA12_CV486075:20251228_A2_N1_Mueller_MS_TechHub_IMP_THIDDIAXL003_Cas9_PhoX_DIA12_CV486075_250ng_FAIMS_003,1340651,,,Q99ZW2,,,false,Q99ZW2,Q99ZW2,,false,IEKILTFR,LPKYSLFELENGR,440,1198,3,3,442,1200,,-1,4,0,1.007276,9.590203
Scan: 1398655 Run: DIA12_CV486075:20251228_A2_N1_Mueller_MS_TechHub_IMP_THIDDIAXL003_Cas9_PhoX_DIA12_CV486075_250ng_FAIMS_003 P1_KLVDSTDK P2_DLIIKLPK 1 5,DIA12_CV486075:20251228_A2_N1_Mueller_MS_TechHub_IMP_THIDDIAXL003_Cas9_PhoX_DIA12_CV486075_250ng_FAIMS_003,1398655,,,Q99ZW2,,,false,Q99ZW2,Q99ZW2,,false,DLIIKLPK,KLVDSTDK,1193,141,5,1,1197,141,,-1,3,0,1.007276,9.589953
Scan: 314140 Run: DIA12_CV486075:20251228_A2_N1_Mueller_MS_TechHub_IMP_THIDDIAXL003_Cas9_PhoX_DIA12_CV486075_250ng_FAIMS_001 P1_YDENDKLIR P2_KSEETITPWNFEEVVDK 6 1,DIA12_CV486075:20251228_A2_N1_Mueller_MS_TechHub_IMP_THIDDIAXL003_Cas9_PhoX_DIA12_CV486075_250ng_FAIMS_001,314140,,,Q99ZW2,,,false,Q99ZW2,Q99ZW2,,false,KSEETITPWNFEEVVDK,YDENDKLIR,468,943,1,6,468,948,,-1,4,0,1.007276,9.589748
Scan: 1268687 Run: DIA12_CV486075:20251228_A2_N1_Mueller_MS_TechHub_IMP_THIDDIAXL003_Cas9_PhoX_DIA12_CV486075_250ng_FAIMS_003 P1_TEVQTGGFSKESILPK P2_EDIQKAQVSGQGDSLHEHIANLAGSPAIK 10 5,DIA12_CV486075:20251228_A2_N1_Mueller_MS_TechHub_IMP_THIDDIAXL003_Cas9_PhoX_DIA12_CV486075_250ng_FAIMS_003,1268687,,,Q99ZW2,,,false,Q99ZW2,Q99ZW2,,false,EDIQKAQVSGQGDSLHEHIANLAGSPAIK,TEVQTGGFSKESILPK,706,1098,5,10,710,1107,,-1,6,0,1.007276,9.589695
Scan: 1721687 Run: DIA12_CV486075:20251228_A2_N1_Mueller_MS_TechHub_IMP_THIDDIAXL003_Cas9_PhoX_DIA12_CV486075_250ng_FAIMS_003 P1_QLLNAKLITQR P2_ELGSQILKEHPVENTQLQNEK 6 8,DIA12_CV486075:20251228_A2_N1_Mueller_MS_TechHub_IMP_THIDDIAXL003_Cas9_PhoX_DIA12_CV486075_250ng_FAIMS_003,1721687,,,Q99ZW2,,,false,Q99ZW2,Q99ZW2,,false,ELGSQILKEHPVENTQLQNEK,QLLNAKLITQR,790,885,8,6,797,890,,-1,4,0,1.007276,9.58863
Scan: 357812 Run: DIA12_CV486075:20251228_A2_N1_Mueller_MS_TechHub_IMP_THIDDIAXL003_Cas9_PhoX_DIA12_CV486075_250ng_FAIMS_001 P1_VKYVTEGMR P2_MTNFDKNLPNEK 2 6,DIA12_CV486075:20251228_A2_N1_Mueller_MS_TechHub_IMP_THIDDIAXL003_Cas9_PhoX_DIA12_CV486075_250ng_FAIMS_001,357812,,,Q99ZW2,,,false,Q99ZW2,Q99ZW2,,false,MTNFDKNLPNEK,VKYVTEGMR,495,527,6,2,500,528,,-1,3,0,1.007276,9.588569
Scan: 1331404 Run: DIA12_CV486075:20251228_A2_N1_Mueller_MS_TechHub_IMP_THIDDIAXL003_Cas9_PhoX_DIA12_CV486075_250ng_FAIMS_003 P1_KDLIIKLPK P2_DKQSGK 1 2,DIA12_CV486075:20251228_A2_N1_Mueller_MS_TechHub_IMP_THIDDIAXL003_Cas9_PhoX_DIA12_CV486075_250ng_FAIMS_003,1331404,,,Q99ZW2,,,false,Q99ZW2,Q99ZW2,,false,DKQSGK,KDLIIKLPK,672,1192,2,1,673,1192,,-1,3,0,1.007276,9.587921
Scan: 589100 Run: DIA12_CV486075:20251228_A2_N1_Mueller_MS_TechHub_IMP_THIDDIAXL003_Cas9_PhoX_DIA12_CV486075_250ng_FAIMS_001 P1_SKLVSDFR P2_QSGKTILDFLK 2 4,DIA12_CV486075:20251228_A2_N1_Mueller_MS_TechHub_IMP_THIDDIAXL003_Cas9_PhoX_DIA12_CV486075_250ng_FAIMS_001,589100,,,Q99ZW2,,,false,Q99ZW2,Q99ZW2,,false,QSGKTILDFLK,SKLVSDFR,674,960,4,2,677,961,,-1,3,0,1.007276,9.587796
Scan: 1201766 Run: DIA12_CV486075:20251228_A2_N1_Mueller_MS_TechHub_IMP_THIDDIAXL003_Cas9_PhoX_DIA12_CV486075_250ng_FAIMS_003 P1_LESEFVYGDYKVYDVR P2_KSEETITPWNFEEVVDK 11 1,DIA12_CV486075:20251228_A2_N1_Mueller_MS_TechHub_IMP_THIDDIAXL003_Cas9_PhoX_DIA12_CV486075_250ng_FAIMS_003,1201766,,,Q99ZW2,,,false,Q99ZW2,Q99ZW2,,false,KSEETITPWNFEEVVDK,LESEFVYGDYKVYDVR,468,1004,1,11,468,1014,,-1,4,0,1.007276,9.586533
Scan: 1313480 Run: DIA12_CV486075:20251228_A2_N1_Mueller_MS_TechHub_IMP_THIDDIAXL003_Cas9_PhoX_DIA12_CV486075_250ng_FAIMS_003 P1_SSFEKNPIDFLEAK P2_QLKEDYFK 5 3,DIA12_CV486075:20251228_A2_N1_Mueller_MS_TechHub_IMP_THIDDIAXL003_Cas9_PhoX_DIA12_CV486075_250ng_FAIMS_003,1313480,,,Q99ZW2,,,false,Q99ZW2,Q99ZW2,,false,QLKEDYFK,SSFEKNPIDFLEAK,563,1172,3,5,565,1176,,-1,4,0,1.007276,9.586236
Scan: 1609689 Run: DIA12_CV486075:20251228_A2_N1_Mueller_MS_TechHub_IMP_THIDDIAXL003_Cas9_PhoX_DIA12_CV486075_250ng_FAIMS_003 P1_VNTEITKAPLSASMIK P2_KIECFDSVEISGVEDR 7 1,DIA12_CV486075:20251228_A2_N1_Mueller_MS_TechHub_IMP_THIDDIAXL003_Cas9_PhoX_DIA12_CV486075_250ng_FAIMS_003,1609689,,,Q99ZW2,,,false,Q99ZW2,Q99ZW2,,false,KIECFDSVEISGVEDR,VNTEITKAPLSASMIK,571,308,1,7,571,314,,-1,4,0,1.007276,9.585711
Scan: 1379103 Run: DIA12_CV486075:20251228_A2_N1_Mueller_MS_TechHub_IMP_THIDDIAXL003_Cas9_PhoX_DIA12_CV486075_250ng_FAIMS_003 P1_VILADANLDKVLSAYNK P2_QLKEDYFK 10 3,DIA12_CV486075:20251228_A2_N1_Mueller_MS_TechHub_IMP_THIDDIAXL003_Cas9_PhoX_DIA12_CV486075_250ng_FAIMS_003,1379103,,,Q99ZW2,,,false,Q99ZW2,Q99ZW2,,false,QLKEDYFK,VILADANLDKVLSAYNK,563,1280,3,10,565,1289,,-1,4,0,1.007276,9.58545
Scan: 1366869 Run: DIA12_CV486075:20251228_A2_N1_Mueller_MS_TechHub_IMP_THIDDIAXL003_Cas9_PhoX_DIA12_CV486075_250ng_FAIMS_003 P1_YVNFLYLASHYEKLK P2_GSPEDNEQKQLFVEQHK 13 9,DIA12_CV486075:20251228_A2_N1_Mueller_MS_TechHub_IMP_THIDDIAXL003_Cas9_PhoX_DIA12_CV486075_250ng_FAIMS_003,1366869,,,Q99ZW2,,,false,Q99ZW2,Q99ZW2,,false,GSPEDNEQKQLFVEQHK,YVNFLYLASHYEKLK,1247,1232,9,13,1255,1244,,-1,5,0,1.007276,9.585446
Scan: 605743 Run: DIA12_CV486075:20251228_A2_N1_Mueller_MS_TechHub_IMP_THIDDIAXL003_Cas9_PhoX_DIA12_CV486075_250ng_FAIMS_002 P1_SKLVSDFR P2_LESEFVYGDYKVYDVR 2 11,DIA12_CV486075:20251228_A2_N1_Mueller_MS_TechHub_IMP_THIDDIAXL003_Cas9_PhoX_DIA12_CV486075_250ng_FAIMS_002,605743,,,Q99ZW2,,,false,Q99ZW2,Q99ZW2,,false,LESEFVYGDYKVYDVR,SKLVSDFR,1004,960,11,2,1014,961,,-1,4,0,1.007276,9.585186
Scan: 1367363 Run: DIA12_CV486075:20251228_A2_N1_Mueller_MS_TechHub_IMP_THIDDIAXL003_Cas9_PhoX_DIA12_CV486075_250ng_FAIMS_003 P1_KLINGIR P2_GSPEDNEQKQLFVEQHK 1 9,DIA12_CV486075:20251228_A2_N1_Mueller_MS_TechHub_IMP_THIDDIAXL003_Cas9_PhoX_DIA12_CV486075_250ng_FAIMS_003,1367363,,,Q99ZW2,,,false,Q99ZW2,Q99ZW2,,false,GSPEDNEQKQLFVEQHK,KLINGIR,1247,665,9,1,1255,665,,-1,4,0,1.007276,9.584507
Scan: 410099 Run: DIA12_CV486075:20251228_A2_N1_Mueller_MS_TechHub_IMP_THIDDIAXL003_Cas9_PhoX_DIA12_CV486075_250ng_FAIMS_001 P1_SKLVSDFR P2_AIVDLLFKTNR 2 8,DIA12_CV486075:20251228_A2_N1_Mueller_MS_TechHub_IMP_THIDDIAXL003_Cas9_PhoX_DIA12_CV486075_250ng_FAIMS_001,410099,,,Q99ZW2,,,false,Q99ZW2,Q99ZW2,,false,AIVDLLFKTNR,SKLVSDFR,547,960,8,2,554,961,,-1,4,0,1.007276,9.58426
Scan: 1504789 Run: DIA12_CV486075:20251228_A2_N1_Mueller_MS_TechHub_IMP_THIDDIAXL003_Cas9_PhoX_DIA12_CV486075_250ng_FAIMS_003 P1_KVTVK P2_KSEETITPWNFEEVVDK 1 1,DIA12_CV486075:20251228_A2_N1_Mueller_MS_TechHub_IMP_THIDDIAXL003_Cas9_PhoX_DIA12_CV486075_250ng_FAIMS_003,1504789,,,Q99ZW2,,,false,Q99ZW2,Q99ZW2,,false,KSEETITPWNFEEVVDK,KVTVK,468,558,1,1,468,558,,-1,3,0,1.007276,9.584003
Scan: 140251 Run: DIA12_CV486075:20251228_A2_N1_Mueller_MS_TechHub_IMP_THIDDIAXL003_Cas9_PhoX_DIA12_CV486075_250ng_FAIMS_001 P1_TEVQTGGFSKESILPK P2_DLIIKLPK 10 5,DIA12_CV486075:20251228_A2_N1_Mueller_MS_TechHub_IMP_THIDDIAXL003_Cas9_PhoX_DIA12_CV486075_250ng_FAIMS_001,140251,,,Q99ZW2,,,false,Q99ZW2,Q99ZW2,,false,DLIIKLPK,TEVQTGGFSKESILPK,1193,1098,5,10,1197,1107,,-1,4,0,1.007276,9.582699
Scan: 804744 Run: DIA12_CV486075:20251228_A2_N1_Mueller_MS_TechHub_IMP_THIDDIAXL003_Cas9_PhoX_DIA12_CV486075_250ng_FAIMS_002 P1_NSDKLIAR P2_LVDSTDKADLR 4 7,DIA12_CV486075:20251228_A2_N1_Mueller_MS_TechHub_IMP_THIDDIAXL003_Cas9_PhoX_DIA12_CV486075_250ng_FAIMS_002,804744,,,Q99ZW2,,,false,Q99ZW2,Q99ZW2,,false,LVDSTDKADLR,NSDKLIAR,142,1115,7,4,148,1118,,-1,3,0,1.007276,9.582566
Scan: 72950 Run: DIA12_CV486075:20251228_A2_N1_Mueller_MS_TechHub_IMP_THIDDIAXL003_Cas9_PhoX_DIA12_CV486075_250ng_FAIMS_001 P1_KTEVQTGGFSKESILPK P2_DKQSGK 11 2,DIA12_CV486075:20251228_A2_N1_Mueller_MS_TechHub_IMP_THIDDIAXL003_Cas9_PhoX_DIA12_CV486075_250ng_FAIMS_001,72950,,,Q99ZW2,,,false,Q99ZW2,Q99ZW2,,false,DKQSGK,KTEVQTGGFSKESILPK,672,1097,2,11,673,1107,,-1,4,0,1.007276,9.582373
Scan: 1619593 Run: DIA12_CV486075:20251228_A2_N1_Mueller_MS_TechHub_IMP_THIDDIAXL003_Cas9_PhoX_DIA12_CV486075_250ng_FAIMS_003 P1_QSGKTILDFLK P2_LKTYAHLFDDK 4 2,DIA12_CV486075:20251228_A2_N1_Mueller_MS_TechHub_IMP_THIDDIAXL003_Cas9_PhoX_DIA12_CV486075_250ng_FAIMS_003,1619593,,,Q99ZW2,,,false,Q99ZW2,Q99ZW2,,false,LKTYAHLFDDK,QSGKTILDFLK,636,674,2,4,637,677,,-1,4,0,1.007276,9.582306
Scan: 515291 Run: DIA12_CV486075:20251228_A2_N1_Mueller_MS_TechHub_IMP_THIDDIAXL003_Cas9_PhoX_DIA12_CV486075_250ng_FAIMS_001 P1_KPAFLSGEQK P2_IEEGIKELGSQILK 1 6,DIA12_CV486075:20251228_A2_N1_Mueller_MS_TechHub_IMP_THIDDIAXL003_Cas9_PhoX_DIA12_CV486075_250ng_FAIMS_001,515291,,,Q99ZW2,,,false,Q99ZW2,Q99ZW2,,false,IEEGIKELGSQILK,KPAFLSGEQK,784,536,6,1,789,536,,-1,3,0,1.007276,9.582259
Scan: 83503 Run: DIA12_CV486075:20251228_A2_N1_Mueller_MS_TechHub_IMP_THIDDIAXL003_Cas9_PhoX_DIA12_CV486075_250ng_FAIMS_001 P1_NSDKLIAR P2_KKDWDPK 4 2,DIA12_CV486075:20251228_A2_N1_Mueller_MS_TechHub_IMP_THIDDIAXL003_Cas9_PhoX_DIA12_CV486075_250ng_FAIMS_001,83503,,,Q99ZW2,,,false,Q99ZW2,Q99ZW2,,false,KKDWDPK,NSDKLIAR,1123,1115,2,4,1124,1118,,-1,3,0,1.007276,9.582114
Scan: 1054419 Run: DIA12_CV486075:20251228_A2_N1_Mueller_MS_TechHub_IMP_THIDDIAXL003_Cas9_PhoX_DIA12_CV486075_250ng_FAIMS_002 P1_EKIEKILTFR P2_EDIQKAQVSGQGDSLHEHIANLAGSPAIK 5 5,DIA12_CV486075:20251228_A2_N1_Mueller_MS_TechHub_IMP_THIDDIAXL003_Cas9_PhoX_DIA12_CV486075_250ng_FAIMS_002,1054419,,,Q99ZW2,,,false,Q99ZW2,Q99ZW2,,false,EDIQKAQVSGQGDSLHEHIANLAGSPAIK,EKIEKILTFR,706,438,5,5,710,442,,-1,4,0,1.007276,9.581034
Scan: 1184853 Run: DIA12_CV486075:20251228_A2_N1_Mueller_MS_TechHub_IMP_THIDDIAXL003_Cas9_PhoX_DIA12_CV486075_250ng_FAIMS_002 P1_EVKVITLK P2_DFQFYKVR 3 6,DIA12_CV486075:20251228_A2_N1_Mueller_MS_TechHub_IMP_THIDDIAXL003_Cas9_PhoX_DIA12_CV486075_250ng_FAIMS_002,1184853,,,Q99ZW2,,,false,Q99ZW2,Q99ZW2,,false,DFQFYKVR,EVKVITLK,969,952,6,3,974,954,,-1,3,0,1.007276,9.581004
Scan: 409054 Run: DIA12_CV486075:20251228_A2_N1_Mueller_MS_TechHub_IMP_THIDDIAXL003_Cas9_PhoX_DIA12_CV486075_250ng_FAIMS_001 P1_IEKILTFR P2_AIVDLLFKTNR 3 8,DIA12_CV486075:20251228_A2_N1_Mueller_MS_TechHub_IMP_THIDDIAXL003_Cas9_PhoX_DIA12_CV486075_250ng_FAIMS_001,409054,,,Q99ZW2,,,false,Q99ZW2,Q99ZW2,,false,AIVDLLFKTNR,IEKILTFR,547,440,8,3,554,442,,-1,3,0,1.007276,9.58097
Scan: 1087116 Run: DIA12_CV486075:20251228_A2_N1_Mueller_MS_TechHub_IMP_THIDDIAXL003_Cas9_PhoX_DIA12_CV486075_250ng_FAIMS_002 P1_NSDKLIAR P2_GILQTVKVVDELVK 4 7,DIA12_CV486075:20251228_A2_N1_Mueller_MS_TechHub_IMP_THIDDIAXL003_Cas9_PhoX_DIA12_CV486075_250ng_FAIMS_002,1087116,,,Q99ZW2,,,false,Q99ZW2,Q99ZW2,,false,GILQTVKVVDELVK,NSDKLIAR,736,1115,7,4,742,1118,,-1,4,0,1.007276,9.580967
Scan: 911011 Run: DIA12_CV486075:20251228_A2_N1_Mueller_MS_TechHub_IMP_THIDDIAXL003_Cas9_PhoX_DIA12_CV486075_250ng_FAIMS_002 P1_KSEETITPWNFEEVVDK P2_GQKNSR 1 3,DIA12_CV486075:20251228_A2_N1_Mueller_MS_TechHub_IMP_THIDDIAXL003_Cas9_PhoX_DIA12_CV486075_250ng_FAIMS_002,911011,,,Q99ZW2,,,false,Q99ZW2,Q99ZW2,,false,GQKNSR,KSEETITPWNFEEVVDK,773,468,3,1,775,468,,-1,3,0,1.007276,9.580865
Scan: 414601 Run: DIA12_CV486075:20251228_A2_N1_Mueller_MS_TechHub_IMP_THIDDIAXL003_Cas9_PhoX_DIA12_CV486075_250ng_FAIMS_001 P1_QITKHVAQILDSR P2_FYDEKLQK 4 5,DIA12_CV486075:20251228_A2_N1_Mueller_MS_TechHub_IMP_THIDDIAXL003_Cas9_PhoX_DIA12_CV486075_250ng_FAIMS_001,414601,,,decoy:Q99ZW2,decoy,decoy,true,Q99ZW2,Q99ZW2,,false,FYDEKLQK,QITKHVAQILDSR,563,926,5,4,567,929,,-1,4,0,1.007276,9.580384
Scan: 753771 Run: DIA12_CV486075:20251228_A2_N1_Mueller_MS_TechHub_IMP_THIDDIAXL003_Cas9_PhoX_DIA12_CV486075_250ng_FAIMS_002 P1_YKEIFFDQSK P2_GNELALPSKYVNFLYLASHYEK 2 9,DIA12_CV486075:20251228_A2_N1_Mueller_MS_TechHub_IMP_THIDDIAXL003_Cas9_PhoX_DIA12_CV486075_250ng_FAIMS_002,753771,,,Q99ZW2,,,false,Q99ZW2,Q99ZW2,,false,GNELALPSKYVNFLYLASHYEK,YKEIFFDQSK,1223,347,9,2,1231,348,,-1,4,0,1.007276,9.579604
Scan: 412470 Run: DIA12_CV486075:20251228_A2_N1_Mueller_MS_TechHub_IMP_THIDDIAXL003_Cas9_PhoX_DIA12_CV486075_250ng_FAIMS_001 P1_KVTVKQLK P2_KIECFDSVEISGVEDR 5 1,DIA12_CV486075:20251228_A2_N1_Mueller_MS_TechHub_IMP_THIDDIAXL003_Cas9_PhoX_DIA12_CV486075_250ng_FAIMS_001,412470,,,Q99ZW2,,,false,Q99ZW2,Q99ZW2,,false,KIECFDSVEISGVEDR,KVTVKQLK,571,558,1,5,571,562,,-1,4,0,1.007276,9.579058
Scan: 1743371 Run: DIA12_CV486075:20251228_A2_N1_Mueller_MS_TechHub_IMP_THIDDIAXL003_Cas9_PhoX_DIA12_CV486075_250ng_FAIMS_003 P1_NKDSR P2_GKSDNVPSEEVVK 2 2,DIA12_CV486075:20251228_A2_N1_Mueller_MS_TechHub_IMP_THIDDIAXL003_Cas9_PhoX_DIA12_CV486075_250ng_FAIMS_003,1743371,,,Q99ZW2,,,false,decoy:Q99ZW2,decoy,decoy,true,GKSDNVPSEEVVK,NKDSR,865,860,2,2,866,861,,-1,4,0,1.007276,9.57803
Scan: 1402782 Run: DIA12_CV486075:20251228_A2_N1_Mueller_MS_TechHub_IMP_THIDDIAXL003_Cas9_PhoX_DIA12_CV486075_250ng_FAIMS_003 P1_LVDSTDKADLR P2_KVTVK 7 1,DIA12_CV486075:20251228_A2_N1_Mueller_MS_TechHub_IMP_THIDDIAXL003_Cas9_PhoX_DIA12_CV486075_250ng_FAIMS_003,1402782,,,Q99ZW2,,,false,Q99ZW2,Q99ZW2,,false,KVTVK,LVDSTDKADLR,558,142,1,7,558,148,,-1,3,0,1.007276,9.577514
Scan: 196870 Run: DIA12_CV486075:20251228_A2_N1_Mueller_MS_TechHub_IMP_THIDDIAXL003_Cas9_PhoX_DIA12_CV486075_250ng_FAIMS_001 P1_YTSTKEVLDATLIHQSITGLYETR P2_NSDKLIAR 5 4,DIA12_CV486075:20251228_A2_N1_Mueller_MS_TechHub_IMP_THIDDIAXL003_Cas9_PhoX_DIA12_CV486075_250ng_FAIMS_001,196870,,,Q99ZW2,,,false,Q99ZW2,Q99ZW2,,false,NSDKLIAR,YTSTKEVLDATLIHQSITGLYETR,1115,1336,4,5,1118,1340,,-1,5,0,1.007276,9.576779
Scan: 1716622 Run: DIA12_CV486075:20251228_A2_N1_Mueller_MS_TechHub_IMP_THIDDIAXL003_Cas9_PhoX_DIA12_CV486075_250ng_FAIMS_003 P1_YTSTKEVLDATLIHQSITGLYETR P2_ELGSQILKEHPVENTQLQNEK 5 8,DIA12_CV486075:20251228_A2_N1_Mueller_MS_TechHub_IMP_THIDDIAXL003_Cas9_PhoX_DIA12_CV486075_250ng_FAIMS_003,1716622,,,Q99ZW2,,,false,Q99ZW2,Q99ZW2,,false,ELGSQILKEHPVENTQLQNEK,YTSTKEVLDATLIHQSITGLYETR,790,1336,8,5,797,1340,,-1,5,0,1.007276,9.576399
Scan: 135682 Run: DIA12_CV486075:20251228_A2_N1_Mueller_MS_TechHub_IMP_THIDDIAXL003_Cas9_PhoX_DIA12_CV486075_250ng_FAIMS_001 P1_KDLIIK P2_DKPIR 1 2,DIA12_CV486075:20251228_A2_N1_Mueller_MS_TechHub_IMP_THIDDIAXL003_Cas9_PhoX_DIA12_CV486075_250ng_FAIMS_001,135682,,,Q99ZW2,,,false,Q99ZW2,Q99ZW2,,false,DKPIR,KDLIIK,1299,1192,2,1,1300,1192,,-1,3,0,1.007276,9.575978
Scan: 1194217 Run: DIA12_CV486075:20251228_A2_N1_Mueller_MS_TechHub_IMP_THIDDIAXL003_Cas9_PhoX_DIA12_CV486075_250ng_FAIMS_002 P1_KLINGIR P2_DFQFYKVR 1 6,DIA12_CV486075:20251228_A2_N1_Mueller_MS_TechHub_IMP_THIDDIAXL003_Cas9_PhoX_DIA12_CV486075_250ng_FAIMS_002,1194217,,,Q99ZW2,,,false,Q99ZW2,Q99ZW2,,false,DFQFYKVR,KLINGIR,969,665,6,1,974,665,,-1,3,0,1.007276,9.575702
Scan: 1265820 Run: DIA12_CV486075:20251228_A2_N1_Mueller_MS_TechHub_IMP_THIDDIAXL003_Cas9_PhoX_DIA12_CV486075_250ng_FAIMS_003 P1_TEVQTGGFSKESILPK P2_NLPNEKVLPK 10 6,DIA12_CV486075:20251228_A2_N1_Mueller_MS_TechHub_IMP_THIDDIAXL003_Cas9_PhoX_DIA12_CV486075_250ng_FAIMS_003,1265820,,,Q99ZW2,,,false,Q99ZW2,Q99ZW2,,false,NLPNEKVLPK,TEVQTGGFSKESILPK,501,1098,6,10,506,1107,,-1,4,0,1.007276,9.575648
Scan: 541584 Run: DIA12_CV486075:20251228_A2_N1_Mueller_MS_TechHub_IMP_THIDDIAXL003_Cas9_PhoX_DIA12_CV486075_250ng_FAIMS_001 P1_KVTVK P2_DDSIDNKVLTR 1 7,DIA12_CV486075:20251228_A2_N1_Mueller_MS_TechHub_IMP_THIDDIAXL003_Cas9_PhoX_DIA12_CV486075_250ng_FAIMS_001,541584,,,Q99ZW2,,,false,Q99ZW2,Q99ZW2,,false,DDSIDNKVLTR,KVTVK,849,558,7,1,855,558,,-1,3,0,1.007276,9.574365
Scan: 1312576 Run: DIA12_CV486075:20251228_A2_N1_Mueller_MS_TechHub_IMP_THIDDIAXL003_Cas9_PhoX_DIA12_CV486075_250ng_FAIMS_003 P1_VLPKHSLLYEYFTVYNELTK P2_SSFEKNPIDFLEAK 4 5,DIA12_CV486075:20251228_A2_N1_Mueller_MS_TechHub_IMP_THIDDIAXL003_Cas9_PhoX_DIA12_CV486075_250ng_FAIMS_003,1312576,,,Q99ZW2,,,false,Q99ZW2,Q99ZW2,,false,SSFEKNPIDFLEAK,VLPKHSLLYEYFTVYNELTK,1172,507,5,4,1176,510,,-1,5,0,1.007276,9.573536
Scan: 1265488 Run: DIA12_CV486075:20251228_A2_N1_Mueller_MS_TechHub_IMP_THIDDIAXL003_Cas9_PhoX_DIA12_CV486075_250ng_FAIMS_003 P1_MTNFDKNLPNEK P2_KTEVQTGGFSKESILPK 6 11,DIA12_CV486075:20251228_A2_N1_Mueller_MS_TechHub_IMP_THIDDIAXL003_Cas9_PhoX_DIA12_CV486075_250ng_FAIMS_003,1265488,,,Q99ZW2,,,false,Q99ZW2,Q99ZW2,,false,KTEVQTGGFSKESILPK,MTNFDKNLPNEK,1097,495,11,6,1107,500,,-1,4,0,1.007276,9.573162
Scan: 1753748 Run: DIA12_CV486075:20251228_A2_N1_Mueller_MS_TechHub_IMP_THIDDIAXL003_Cas9_PhoX_DIA12_CV486075_250ng_FAIMS_003 P1_QLLNAKLITQR P2_KTEVQTGGFSK 6 1,DIA12_CV486075:20251228_A2_N1_Mueller_MS_TechHub_IMP_THIDDIAXL003_Cas9_PhoX_DIA12_CV486075_250ng_FAIMS_003,1753748,,,Q99ZW2,,,false,Q99ZW2,Q99ZW2,,false,KTEVQTGGFSK,QLLNAKLITQR,1097,885,1,6,1097,890,,-1,4,0,1.007276,9.572646
Scan: 1500254 Run: DIA12_CV486075:20251228_A2_N1_Mueller_MS_TechHub_IMP_THIDDIAXL003_Cas9_PhoX_DIA12_CV486075_250ng_FAIMS_003 P1_YKEIFFDQSK P2_KSEETITPWNFEEVVDK 2 1,DIA12_CV486075:20251228_A2_N1_Mueller_MS_TechHub_IMP_THIDDIAXL003_Cas9_PhoX_DIA12_CV486075_250ng_FAIMS_003,1500254,,,Q99ZW2,,,false,Q99ZW2,Q99ZW2,,false,KSEETITPWNFEEVVDK,YKEIFFDQSK,468,347,1,2,468,348,,-1,3,0,1.007276,9.571265
Scan: 1751437 Run: DIA12_CV486075:20251228_A2_N1_Mueller_MS_TechHub_IMP_THIDDIAXL003_Cas9_PhoX_DIA12_CV486075_250ng_FAIMS_003 P1_YKEIFFDQSK P2_MKNYWR 2 2,DIA12_CV486075:20251228_A2_N1_Mueller_MS_TechHub_IMP_THIDDIAXL003_Cas9_PhoX_DIA12_CV486075_250ng_FAIMS_003,1751437,,,Q99ZW2,,,false,Q99ZW2,Q99ZW2,,false,MKNYWR,YKEIFFDQSK,879,347,2,2,880,348,,-1,3,0,1.007276,9.570025
Scan: 1306756 Run: DIA12_CV486075:20251228_A2_N1_Mueller_MS_TechHub_IMP_THIDDIAXL003_Cas9_PhoX_DIA12_CV486075_250ng_FAIMS_003 P1_SSFEKNPIDFLEAK P2_RNSDKLIAR 5 5,DIA12_CV486075:20251228_A2_N1_Mueller_MS_TechHub_IMP_THIDDIAXL003_Cas9_PhoX_DIA12_CV486075_250ng_FAIMS_003,1306756,,,Q99ZW2,,,false,Q99ZW2,Q99ZW2,,false,RNSDKLIAR,SSFEKNPIDFLEAK,1114,1172,5,5,1118,1176,,-1,4,0,1.007276,9.570021
Scan: 1470812 Run: DIA12_CV486075:20251228_A2_N1_Mueller_MS_TechHub_IMP_THIDDIAXL003_Cas9_PhoX_DIA12_CV486075_250ng_FAIMS_003 P1_NGYAGYIDGGASQEEFYKFIKPILEK P2_KPAFLSGEQK 18 1,DIA12_CV486075:20251228_A2_N1_Mueller_MS_TechHub_IMP_THIDDIAXL003_Cas9_PhoX_DIA12_CV486075_250ng_FAIMS_003,1470812,,,Q99ZW2,,,false,Q99ZW2,Q99ZW2,,false,KPAFLSGEQK,NGYAGYIDGGASQEEFYKFIKPILEK,536,357,1,18,536,374,,-1,4,0,1.007276,9.569739
Scan: 561011 Run: DIA12_CV486075:20251228_A2_N1_Mueller_MS_TechHub_IMP_THIDDIAXL003_Cas9_PhoX_DIA12_CV486075_250ng_FAIMS_001 P1_KFDNLTK P2_DKPIR 1 2,DIA12_CV486075:20251228_A2_N1_Mueller_MS_TechHub_IMP_THIDDIAXL003_Cas9_PhoX_DIA12_CV486075_250ng_FAIMS_001,561011,,,Q99ZW2,,,false,Q99ZW2,Q99ZW2,,false,DKPIR,KFDNLTK,1299,896,2,1,1300,896,,-1,3,0,1.007276,9.569229
Scan: 1466052 Run: DIA12_CV486075:20251228_A2_N1_Mueller_MS_TechHub_IMP_THIDDIAXL003_Cas9_PhoX_DIA12_CV486075_250ng_FAIMS_003 P1_FIKPILEK P2_EIFFDQSKNGYAGYIDGGASQEEFYK 3 8,DIA12_CV486075:20251228_A2_N1_Mueller_MS_TechHub_IMP_THIDDIAXL003_Cas9_PhoX_DIA12_CV486075_250ng_FAIMS_003,1466052,,,Q99ZW2,,,false,Q99ZW2,Q99ZW2,,false,EIFFDQSKNGYAGYIDGGASQEEFYK,FIKPILEK,349,375,8,3,356,377,,-1,4,0,1.007276,9.569183
Scan: 1263417 Run: DIA12_CV486075:20251228_A2_N1_Mueller_MS_TechHub_IMP_THIDDIAXL003_Cas9_PhoX_DIA12_CV486075_250ng_FAIMS_003 P1_KTEVQTGGFSKESILPK P2_KDLIIKLPK 11 6,DIA12_CV486075:20251228_A2_N1_Mueller_MS_TechHub_IMP_THIDDIAXL003_Cas9_PhoX_DIA12_CV486075_250ng_FAIMS_003,1263417,,,Q99ZW2,,,false,Q99ZW2,Q99ZW2,,false,KDLIIKLPK,KTEVQTGGFSKESILPK,1192,1097,6,11,1197,1107,,-1,4,0,1.007276,9.569088
Scan: 596737 Run: DIA12_CV486075:20251228_A2_N1_Mueller_MS_TechHub_IMP_THIDDIAXL003_Cas9_PhoX_DIA12_CV486075_250ng_FAIMS_001 P1_IEKILTFR P2_DFQFYKVR 3 6,DIA12_CV486075:20251228_A2_N1_Mueller_MS_TechHub_IMP_THIDDIAXL003_Cas9_PhoX_DIA12_CV486075_250ng_FAIMS_001,596737,,,Q99ZW2,,,false,Q99ZW2,Q99ZW2,,false,DFQFYKVR,IEKILTFR,969,440,6,3,974,442,,-1,3,0,1.007276,9.568872
Scan: 255907 Run: DIA12_CV486075:20251228_A2_N1_Mueller_MS_TechHub_IMP_THIDDIAXL003_Cas9_PhoX_DIA12_CV486075_250ng_FAIMS_001 P1_YKEIFFDQSK P2_VLSAYNKHR 2 7,DIA12_CV486075:20251228_A2_N1_Mueller_MS_TechHub_IMP_THIDDIAXL003_Cas9_PhoX_DIA12_CV486075_250ng_FAIMS_001,255907,,,Q99ZW2,,,false,Q99ZW2,Q99ZW2,,false,VLSAYNKHR,YKEIFFDQSK,1290,347,7,2,1296,348,,-1,3,0,1.007276,9.567733
Scan: 1604883 Run: DIA12_CV486075:20251228_A2_N1_Mueller_MS_TechHub_IMP_THIDDIAXL003_Cas9_PhoX_DIA12_CV486075_250ng_FAIMS_003 P1_GILQTVKVVDELVK P2_AIVDLLFKTNR 7 8,DIA12_CV486075:20251228_A2_N1_Mueller_MS_TechHub_IMP_THIDDIAXL003_Cas9_PhoX_DIA12_CV486075_250ng_FAIMS_003,1604883,,,Q99ZW2,,,false,Q99ZW2,Q99ZW2,,false,AIVDLLFKTNR,GILQTVKVVDELVK,547,736,8,7,554,742,,-1,4,0,1.007276,9.567679
Scan: 587217 Run: DIA12_CV486075:20251228_A2_N1_Mueller_MS_TechHub_IMP_THIDDIAXL003_Cas9_PhoX_DIA12_CV486075_250ng_FAIMS_001 P1_YDENDKLIR P2_SKLVSDFR 6 2,DIA12_CV486075:20251228_A2_N1_Mueller_MS_TechHub_IMP_THIDDIAXL003_Cas9_PhoX_DIA12_CV486075_250ng_FAIMS_001,587217,,,Q99ZW2,,,false,Q99ZW2,Q99ZW2,,false,SKLVSDFR,YDENDKLIR,960,943,2,6,961,948,,-1,3,0,1.007276,9.566305
Scan: 1509036 Run: DIA12_CV486075:20251228_A2_N1_Mueller_MS_TechHub_IMP_THIDDIAXL003_Cas9_PhoX_DIA12_CV486075_250ng_FAIMS_003 P1_KSEETITPWNFEEVVDK P2_EVKVITLK 1 3,DIA12_CV486075:20251228_A2_N1_Mueller_MS_TechHub_IMP_THIDDIAXL003_Cas9_PhoX_DIA12_CV486075_250ng_FAIMS_003,1509036,,,Q99ZW2,,,false,Q99ZW2,Q99ZW2,,false,EVKVITLK,KSEETITPWNFEEVVDK,952,468,3,1,954,468,,-1,4,0,1.007276,9.566067
Scan: 1352310 Run: DIA12_CV486075:20251228_A2_N1_Mueller_MS_TechHub_IMP_THIDDIAXL003_Cas9_PhoX_DIA12_CV486075_250ng_FAIMS_003 P1_KDFQFYK P2_GNELALPSKYVNFLYLASHYEK 1 9,DIA12_CV486075:20251228_A2_N1_Mueller_MS_TechHub_IMP_THIDDIAXL003_Cas9_PhoX_DIA12_CV486075_250ng_FAIMS_003,1352310,,,Q99ZW2,,,false,Q99ZW2,Q99ZW2,,false,GNELALPSKYVNFLYLASHYEK,KDFQFYK,1223,968,9,1,1231,968,,-1,4,0,1.007276,9.566017
Scan: 1580941 Run: DIA12_CV486075:20251228_A2_N1_Mueller_MS_TechHub_IMP_THIDDIAXL003_Cas9_PhoX_DIA12_CV486075_250ng_FAIMS_003 P1_KVTVK P2_KPAFLSGEQK 1 1,DIA12_CV486075:20251228_A2_N1_Mueller_MS_TechHub_IMP_THIDDIAXL003_Cas9_PhoX_DIA12_CV486075_250ng_FAIMS_003,1580941,,,Q99ZW2,,,false,Q99ZW2,Q99ZW2,,false,KPAFLSGEQK,KVTVK,536,558,1,1,536,558,,-1,3,0,1.007276,9.565508
Scan: 547903 Run: DIA12_CV486075:20251228_A2_N1_Mueller_MS_TechHub_IMP_THIDDIAXL003_Cas9_PhoX_DIA12_CV486075_250ng_FAIMS_001 P1_GQKNSR P2_GKSDNVPSEEVVK 3 2,DIA12_CV486075:20251228_A2_N1_Mueller_MS_TechHub_IMP_THIDDIAXL003_Cas9_PhoX_DIA12_CV486075_250ng_FAIMS_001,547903,,,Q99ZW2,,,false,Q99ZW2,Q99ZW2,,false,GKSDNVPSEEVVK,GQKNSR,865,773,2,3,866,775,,-1,4,0,1.007276,9.564872
Scan: 1114439 Run: DIA12_CV486075:20251228_A2_N1_Mueller_MS_TechHub_IMP_THIDDIAXL003_Cas9_PhoX_DIA12_CV486075_250ng_FAIMS_002 P1_SKLVSDFR P2_IEEGIKELGSQILK 2 6,DIA12_CV486075:20251228_A2_N1_Mueller_MS_TechHub_IMP_THIDDIAXL003_Cas9_PhoX_DIA12_CV486075_250ng_FAIMS_002,1114439,,,Q99ZW2,,,false,Q99ZW2,Q99ZW2,,false,IEEGIKELGSQILK,SKLVSDFR,784,960,6,2,789,961,,-1,3,0,1.007276,9.562479
Scan: 95747 Run: DIA12_CV486075:20251228_A2_N1_Mueller_MS_TechHub_IMP_THIDDIAXL003_Cas9_PhoX_DIA12_CV486075_250ng_FAIMS_001 P1_KPAFLSGEQK P2_KKDWDPKK 1 1,DIA12_CV486075:20251228_A2_N1_Mueller_MS_TechHub_IMP_THIDDIAXL003_Cas9_PhoX_DIA12_CV486075_250ng_FAIMS_001,95747,,,Q99ZW2,,,false,Q99ZW2,Q99ZW2,,false,KKDWDPKK,KPAFLSGEQK,1123,536,1,1,1123,536,,-1,3,0,1.007276,9.562093
Scan: 603461 Run: DIA12_CV486075:20251228_A2_N1_Mueller_MS_TechHub_IMP_THIDDIAXL003_Cas9_PhoX_DIA12_CV486075_250ng_FAIMS_002 P1_LESEFVYGDYKVYDVR P2_KMIAK 11 1,DIA12_CV486075:20251228_A2_N1_Mueller_MS_TechHub_IMP_THIDDIAXL003_Cas9_PhoX_DIA12_CV486075_250ng_FAIMS_002,603461,,,Q99ZW2,,,false,Q99ZW2,Q99ZW2,,false,KMIAK,LESEFVYGDYKVYDVR,1020,1004,1,11,1020,1014,,-1,4,0,1.007276,9.561407
Scan: 1008185 Run: DIA12_CV486075:20251228_A2_N1_Mueller_MS_TechHub_IMP_THIDDIAXL003_Cas9_PhoX_DIA12_CV486075_250ng_FAIMS_002 P1_KVTVK P2_KVTVK 1 1,DIA12_CV486075:20251228_A2_N1_Mueller_MS_TechHub_IMP_THIDDIAXL003_Cas9_PhoX_DIA12_CV486075_250ng_FAIMS_002,1008185,,,Q99ZW2,,,false,Q99ZW2,Q99ZW2,,false,KVTVK,KVTVK,558,558,1,1,558,558,,-1,2,0,1.007276,9.561219
Scan: 1340082 Run: DIA12_CV486075:20251228_A2_N1_Mueller_MS_TechHub_IMP_THIDDIAXL003_Cas9_PhoX_DIA12_CV486075_250ng_FAIMS_003 P1_LPKYSLFELENGR P2_GSPEDNEQKQLFVEQHK 3 9,DIA12_CV486075:20251228_A2_N1_Mueller_MS_TechHub_IMP_THIDDIAXL003_Cas9_PhoX_DIA12_CV486075_250ng_FAIMS_003,1340082,,,Q99ZW2,,,false,Q99ZW2,Q99ZW2,,false,GSPEDNEQKQLFVEQHK,LPKYSLFELENGR,1247,1198,9,3,1255,1200,,-1,4,0,1.007276,9.561105
Scan: 380784 Run: DIA12_CV486075:20251228_A2_N1_Mueller_MS_TechHub_IMP_THIDDIAXL003_Cas9_PhoX_DIA12_CV486075_250ng_FAIMS_001 P1_LENLIAQLPGEKK P2_KPAFLSGEQK 12 1,DIA12_CV486075:20251228_A2_N1_Mueller_MS_TechHub_IMP_THIDDIAXL003_Cas9_PhoX_DIA12_CV486075_250ng_FAIMS_001,380784,,,Q99ZW2,,,false,Q99ZW2,Q99ZW2,,false,KPAFLSGEQK,LENLIAQLPGEKK,536,222,1,12,536,233,,-1,3,0,1.007276,9.559731
Scan: 1330278 Run: DIA12_CV486075:20251228_A2_N1_Mueller_MS_TechHub_IMP_THIDDIAXL003_Cas9_PhoX_DIA12_CV486075_250ng_FAIMS_003 P1_KDWDPK P2_KDLIIK 1 1,DIA12_CV486075:20251228_A2_N1_Mueller_MS_TechHub_IMP_THIDDIAXL003_Cas9_PhoX_DIA12_CV486075_250ng_FAIMS_003,1330278,,,Q99ZW2,,,false,Q99ZW2,Q99ZW2,,false,KDLIIK,KDWDPK,1192,1124,1,1,1192,1124,,-1,3,0,1.007276,9.559082
Scan: 1716223 Run: DIA12_CV486075:20251228_A2_N1_Mueller_MS_TechHub_IMP_THIDDIAXL003_Cas9_PhoX_DIA12_CV486075_250ng_FAIMS_003 P1_LKGSPEDNEQK P2_ELGSQILKEHPVENTQLQNEK 2 8,DIA12_CV486075:20251228_A2_N1_Mueller_MS_TechHub_IMP_THIDDIAXL003_Cas9_PhoX_DIA12_CV486075_250ng_FAIMS_003,1716223,,,Q99ZW2,,,false,Q99ZW2,Q99ZW2,,false,ELGSQILKEHPVENTQLQNEK,LKGSPEDNEQK,790,1245,8,2,797,1246,,-1,4,0,1.007276,9.558985
Scan: 483935 Run: DIA12_CV486075:20251228_A2_N1_Mueller_MS_TechHub_IMP_THIDDIAXL003_Cas9_PhoX_DIA12_CV486075_250ng_FAIMS_001 P1_RQEDFYPFLKDNR P2_KGILQTVK 10 1,DIA12_CV486075:20251228_A2_N1_Mueller_MS_TechHub_IMP_THIDDIAXL003_Cas9_PhoX_DIA12_CV486075_250ng_FAIMS_001,483935,,,Q99ZW2,,,false,Q99ZW2,Q99ZW2,,false,KGILQTVK,RQEDFYPFLKDNR,735,425,1,10,735,434,,-1,4,0,1.007276,9.558899
Scan: 1350758 Run: DIA12_CV486075:20251228_A2_N1_Mueller_MS_TechHub_IMP_THIDDIAXL003_Cas9_PhoX_DIA12_CV486075_250ng_FAIMS_003 P1_NSDKLIAR P2_GNELALPSKYVNFLYLASHYEK 4 9,DIA12_CV486075:20251228_A2_N1_Mueller_MS_TechHub_IMP_THIDDIAXL003_Cas9_PhoX_DIA12_CV486075_250ng_FAIMS_003,1350758,,,Q99ZW2,,,false,Q99ZW2,Q99ZW2,,false,GNELALPSKYVNFLYLASHYEK,NSDKLIAR,1223,1115,9,4,1231,1118,,-1,4,0,1.007276,9.558807
Scan: 1258708 Run: DIA12_CV486075:20251228_A2_N1_Mueller_MS_TechHub_IMP_THIDDIAXL003_Cas9_PhoX_DIA12_CV486075_250ng_FAIMS_003 P1_TEVQTGGFSKESILPK P2_KKDWDPK 10 1,DIA12_CV486075:20251228_A2_N1_Mueller_MS_TechHub_IMP_THIDDIAXL003_Cas9_PhoX_DIA12_CV486075_250ng_FAIMS_003,1258708,,,Q99ZW2,,,false,Q99ZW2,Q99ZW2,,false,KKDWDPK,TEVQTGGFSKESILPK,1123,1098,1,10,1123,1107,,-1,4,0,1.007276,9.558644
Scan: 83602 Run: DIA12_CV486075:20251228_A2_N1_Mueller_MS_TechHub_IMP_THIDDIAXL003_Cas9_PhoX_DIA12_CV486075_250ng_FAIMS_001 P1_RNSDKLIAR P2_KDWDPKK 5 1,DIA12_CV486075:20251228_A2_N1_Mueller_MS_TechHub_IMP_THIDDIAXL003_Cas9_PhoX_DIA12_CV486075_250ng_FAIMS_001,83602,,,Q99ZW2,,,false,Q99ZW2,Q99ZW2,,false,KDWDPKK,RNSDKLIAR,1124,1114,1,5,1124,1118,,-1,3,0,1.007276,9.55833
Scan: 1230651 Run: DIA12_CV486075:20251228_A2_N1_Mueller_MS_TechHub_IMP_THIDDIAXL003_Cas9_PhoX_DIA12_CV486075_250ng_FAIMS_003 P1_KTEVQTGGFSK P2_KTEVQTGGFSK 1 1,DIA12_CV486075:20251228_A2_N1_Mueller_MS_TechHub_IMP_THIDDIAXL003_Cas9_PhoX_DIA12_CV486075_250ng_FAIMS_003,1230651,,,Q99ZW2,,,false,Q99ZW2,Q99ZW2,,false,KTEVQTGGFSK,KTEVQTGGFSK,1097,1097,1,1,1097,1097,,-1,3,0,1.007276,9.557755
Scan: 1079195 Run: DIA12_CV486075:20251228_A2_N1_Mueller_MS_TechHub_IMP_THIDDIAXL003_Cas9_PhoX_DIA12_CV486075_250ng_FAIMS_002 P1_KPAFLSGEQK P2_AQVSGQGDSLHEHIANLAGSPAIKK 1 24,DIA12_CV486075:20251228_A2_N1_Mueller_MS_TechHub_IMP_THIDDIAXL003_Cas9_PhoX_DIA12_CV486075_250ng_FAIMS_002,1079195,,,Q99ZW2,,,false,Q99ZW2,Q99ZW2,,false,AQVSGQGDSLHEHIANLAGSPAIKK,KPAFLSGEQK,711,536,24,1,734,536,,-1,5,0,1.007276,9.557376
Scan: 781284 Run: DIA12_CV486075:20251228_A2_N1_Mueller_MS_TechHub_IMP_THIDDIAXL003_Cas9_PhoX_DIA12_CV486075_250ng_FAIMS_002 P1_VILADANLDKVLSAYNK P2_IEKILTFR 10 3,DIA12_CV486075:20251228_A2_N1_Mueller_MS_TechHub_IMP_THIDDIAXL003_Cas9_PhoX_DIA12_CV486075_250ng_FAIMS_002,781284,,,Q99ZW2,,,false,Q99ZW2,Q99ZW2,,false,IEKILTFR,VILADANLDKVLSAYNK,440,1280,3,10,442,1289,,-1,4,0,1.007276,9.557038
Scan: 1699355 Run: DIA12_CV486075:20251228_A2_N1_Mueller_MS_TechHub_IMP_THIDDIAXL003_Cas9_PhoX_DIA12_CV486075_250ng_FAIMS_003 P1_VVDELVKVMGR P2_EDIQKAQVSGQGDSLHEHIANLAGSPAIK 7 5,DIA12_CV486075:20251228_A2_N1_Mueller_MS_TechHub_IMP_THIDDIAXL003_Cas9_PhoX_DIA12_CV486075_250ng_FAIMS_003,1699355,,,Q99ZW2,,,false,Q99ZW2,Q99ZW2,,false,EDIQKAQVSGQGDSLHEHIANLAGSPAIK,VVDELVKVMGR,706,743,5,7,710,749,,-1,5,0,1.007276,9.557036
Scan: 1610885 Run: DIA12_CV486075:20251228_A2_N1_Mueller_MS_TechHub_IMP_THIDDIAXL003_Cas9_PhoX_DIA12_CV486075_250ng_FAIMS_003 P1_VTVKQLK P2_KIECFDSVEISGVEDR 4 1,DIA12_CV486075:20251228_A2_N1_Mueller_MS_TechHub_IMP_THIDDIAXL003_Cas9_PhoX_DIA12_CV486075_250ng_FAIMS_003,1610885,,,Q99ZW2,,,false,Q99ZW2,Q99ZW2,,false,KIECFDSVEISGVEDR,VTVKQLK,571,559,1,4,571,562,,-1,3,0,1.007276,9.556748
Scan: 702062 Run: DIA12_CV486075:20251228_A2_N1_Mueller_MS_TechHub_IMP_THIDDIAXL003_Cas9_PhoX_DIA12_CV486075_250ng_FAIMS_002 P1_KYGGFDSPTVAYSVLVVAK P2_KDWDPK 1 1,DIA12_CV486075:20251228_A2_N1_Mueller_MS_TechHub_IMP_THIDDIAXL003_Cas9_PhoX_DIA12_CV486075_250ng_FAIMS_002,702062,,,Q99ZW2,,,false,Q99ZW2,Q99ZW2,,false,KDWDPK,KYGGFDSPTVAYSVLVVAK,1124,1130,1,1,1124,1130,,-1,4,0,1.007276,9.556111
Scan: 1769851 Run: DIA12_CV486075:20251228_A2_N1_Mueller_MS_TechHub_IMP_THIDDIAXL003_Cas9_PhoX_DIA12_CV486075_250ng_FAIMS_003 P1_QITKHVAQILDSR P2_EVKVITLK 4 3,DIA12_CV486075:20251228_A2_N1_Mueller_MS_TechHub_IMP_THIDDIAXL003_Cas9_PhoX_DIA12_CV486075_250ng_FAIMS_003,1769851,,,Q99ZW2,,,false,Q99ZW2,Q99ZW2,,false,EVKVITLK,QITKHVAQILDSR,952,926,3,4,954,929,,-1,3,0,1.007276,9.554513
Scan: 1406585 Run: DIA12_CV486075:20251228_A2_N1_Mueller_MS_TechHub_IMP_THIDDIAXL003_Cas9_PhoX_DIA12_CV486075_250ng_FAIMS_003 P1_KEGPLQAILNELK P2_EDIQKAQVSGQGDSLHEHIANLAGSPAIK 1 5,DIA12_CV486075:20251228_A2_N1_Mueller_MS_TechHub_IMP_THIDDIAXL003_Cas9_PhoX_DIA12_CV486075_250ng_FAIMS_003,1406585,,,Q99ZW2,,,false,decoy:Q99ZW2,decoy,decoy,true,EDIQKAQVSGQGDSLHEHIANLAGSPAIK,KEGPLQAILNELK,706,222,5,1,710,222,,-1,5,0,1.007276,9.554126
Scan: 1377671 Run: DIA12_CV486075:20251228_A2_N1_Mueller_MS_TechHub_IMP_THIDDIAXL003_Cas9_PhoX_DIA12_CV486075_250ng_FAIMS_003 P1_VILADANLDKVLSAYNK P2_DLIIKLPK 10 5,DIA12_CV486075:20251228_A2_N1_Mueller_MS_TechHub_IMP_THIDDIAXL003_Cas9_PhoX_DIA12_CV486075_250ng_FAIMS_003,1377671,,,Q99ZW2,,,false,Q99ZW2,Q99ZW2,,false,DLIIKLPK,VILADANLDKVLSAYNK,1193,1280,5,10,1197,1289,,-1,4,0,1.007276,9.554019
Scan: 1649574 Run: DIA12_CV486075:20251228_A2_N1_Mueller_MS_TechHub_IMP_THIDDIAXL003_Cas9_PhoX_DIA12_CV486075_250ng_FAIMS_003 P1_KDLIIK P2_EDIQKAQVSGQGDSLHEHIANLAGSPAIK 1 5,DIA12_CV486075:20251228_A2_N1_Mueller_MS_TechHub_IMP_THIDDIAXL003_Cas9_PhoX_DIA12_CV486075_250ng_FAIMS_003,1649574,,,Q99ZW2,,,false,Q99ZW2,Q99ZW2,,false,EDIQKAQVSGQGDSLHEHIANLAGSPAIK,KDLIIK,706,1192,5,1,710,1192,,-1,4,0,1.007276,9.552067
Scan: 970993 Run: DIA12_CV486075:20251228_A2_N1_Mueller_MS_TechHub_IMP_THIDDIAXL003_Cas9_PhoX_DIA12_CV486075_250ng_FAIMS_002 P1_VKYVTEGMR P2_KVLSMPQVNIVK 2 1,DIA12_CV486075:20251228_A2_N1_Mueller_MS_TechHub_IMP_THIDDIAXL003_Cas9_PhoX_DIA12_CV486075_250ng_FAIMS_002,970993,,,Q99ZW2,,,false,Q99ZW2,Q99ZW2,,false,KVLSMPQVNIVK,VKYVTEGMR,1085,527,1,2,1085,528,,-1,3,0,1.007276,9.551305
Scan: 1010757 Run: DIA12_CV486075:20251228_A2_N1_Mueller_MS_TechHub_IMP_THIDDIAXL003_Cas9_PhoX_DIA12_CV486075_250ng_FAIMS_002 P1_QLKEDYFK P2_KGILQTVK 3 1,DIA12_CV486075:20251228_A2_N1_Mueller_MS_TechHub_IMP_THIDDIAXL003_Cas9_PhoX_DIA12_CV486075_250ng_FAIMS_002,1010757,,,Q99ZW2,,,false,Q99ZW2,Q99ZW2,,false,KGILQTVK,QLKEDYFK,735,563,1,3,735,565,,-1,3,0,1.007276,9.551204
Scan: 1330326 Run: DIA12_CV486075:20251228_A2_N1_Mueller_MS_TechHub_IMP_THIDDIAXL003_Cas9_PhoX_DIA12_CV486075_250ng_FAIMS_003 P1_KDLIIK P2_GYKEVK 1 3,DIA12_CV486075:20251228_A2_N1_Mueller_MS_TechHub_IMP_THIDDIAXL003_Cas9_PhoX_DIA12_CV486075_250ng_FAIMS_003,1330326,,,Q99ZW2,,,false,Q99ZW2,Q99ZW2,,false,GYKEVK,KDLIIK,1186,1192,3,1,1188,1192,,-1,3,0,1.007276,9.550926
Scan: 590035 Run: DIA12_CV486075:20251228_A2_N1_Mueller_MS_TechHub_IMP_THIDDIAXL003_Cas9_PhoX_DIA12_CV486075_250ng_FAIMS_001 P1_SKLVSDFR P2_EVKVITLK 2 3,DIA12_CV486075:20251228_A2_N1_Mueller_MS_TechHub_IMP_THIDDIAXL003_Cas9_PhoX_DIA12_CV486075_250ng_FAIMS_001,590035,,,Q99ZW2,,,false,Q99ZW2,Q99ZW2,,false,EVKVITLK,SKLVSDFR,952,960,3,2,954,961,,-1,4,0,1.007276,9.54984
Scan: 571449 Run: DIA12_CV486075:20251228_A2_N1_Mueller_MS_TechHub_IMP_THIDDIAXL003_Cas9_PhoX_DIA12_CV486075_250ng_FAIMS_001 P1_QITKHVAQILDSR P2_LKGSPEDNEQK 4 2,DIA12_CV486075:20251228_A2_N1_Mueller_MS_TechHub_IMP_THIDDIAXL003_Cas9_PhoX_DIA12_CV486075_250ng_FAIMS_001,571449,,,Q99ZW2,,,false,Q99ZW2,Q99ZW2,,false,LKGSPEDNEQK,QITKHVAQILDSR,1245,926,2,4,1246,929,,-1,4,0,1.007276,9.549487
Scan: 1756288 Run: DIA12_CV486075:20251228_A2_N1_Mueller_MS_TechHub_IMP_THIDDIAXL003_Cas9_PhoX_DIA12_CV486075_250ng_FAIMS_003 P1_KFDNLTK P2_GKSDNVPSEEVVK 1 2,DIA12_CV486075:20251228_A2_N1_Mueller_MS_TechHub_IMP_THIDDIAXL003_Cas9_PhoX_DIA12_CV486075_250ng_FAIMS_003,1756288,,,Q99ZW2,,,false,Q99ZW2,Q99ZW2,,false,GKSDNVPSEEVVK,KFDNLTK,865,896,2,1,866,896,,-1,3,0,1.007276,9.549298
Scan: 204149 Run: DIA12_CV486075:20251228_A2_N1_Mueller_MS_TechHub_IMP_THIDDIAXL003_Cas9_PhoX_DIA12_CV486075_250ng_FAIMS_001 P1_KLVDSTDK P2_KLVDSTDK 1 1,DIA12_CV486075:20251228_A2_N1_Mueller_MS_TechHub_IMP_THIDDIAXL003_Cas9_PhoX_DIA12_CV486075_250ng_FAIMS_001,204149,,,Q99ZW2,,,false,Q99ZW2,Q99ZW2,,false,KLVDSTDK,KLVDSTDK,141,141,1,1,141,141,,-1,3,0,1.007276,9.549135
Scan: 1081897 Run: DIA12_CV486075:20251228_A2_N1_Mueller_MS_TechHub_IMP_THIDDIAXL003_Cas9_PhoX_DIA12_CV486075_250ng_FAIMS_002 P1_KGILQTVK P2_DKQSGK 1 2,DIA12_CV486075:20251228_A2_N1_Mueller_MS_TechHub_IMP_THIDDIAXL003_Cas9_PhoX_DIA12_CV486075_250ng_FAIMS_002,1081897,,,Q99ZW2,,,false,Q99ZW2,Q99ZW2,,false,DKQSGK,KGILQTVK,672,735,2,1,673,735,,-1,3,0,1.007276,9.548339
Scan: 851727 Run: DIA12_CV486075:20251228_A2_N1_Mueller_MS_TechHub_IMP_THIDDIAXL003_Cas9_PhoX_DIA12_CV486075_250ng_FAIMS_002 P1_YKEIFFDQSK P2_LEESFLVEEDKK 2 11,DIA12_CV486075:20251228_A2_N1_Mueller_MS_TechHub_IMP_THIDDIAXL003_Cas9_PhoX_DIA12_CV486075_250ng_FAIMS_002,851727,,,Q99ZW2,,,false,Q99ZW2,Q99ZW2,,false,LEESFLVEEDKK,YKEIFFDQSK,101,347,11,2,111,348,,-1,4,0,1.007276,9.548139
Scan: 30717 Run: DIA12_CV486075:20251228_A2_N1_Mueller_MS_TechHub_IMP_THIDDIAXL003_Cas9_PhoX_DIA12_CV486075_250ng_FAIMS_001 P1_RPLIETNGETGEIVWDKGR P2_LKGSPEDNEQK 17 2,DIA12_CV486075:20251228_A2_N1_Mueller_MS_TechHub_IMP_THIDDIAXL003_Cas9_PhoX_DIA12_CV486075_250ng_FAIMS_001,30717,,,Q99ZW2,,,false,Q99ZW2,Q99ZW2,,false,LKGSPEDNEQK,RPLIETNGETGEIVWDKGR,1245,1060,2,17,1246,1076,,-1,4,0,1.007276,9.548093
Scan: 86698 Run: DIA12_CV486075:20251228_A2_N1_Mueller_MS_TechHub_IMP_THIDDIAXL003_Cas9_PhoX_DIA12_CV486075_250ng_FAIMS_001 P1_NSDKLIAR P2_LKGSPEDNEQK 4 2,DIA12_CV486075:20251228_A2_N1_Mueller_MS_TechHub_IMP_THIDDIAXL003_Cas9_PhoX_DIA12_CV486075_250ng_FAIMS_001,86698,,,Q99ZW2,,,false,Q99ZW2,Q99ZW2,,false,LKGSPEDNEQK,NSDKLIAR,1245,1115,2,4,1246,1118,,-1,4,0,1.007276,9.547638
Scan: 1422189 Run: DIA12_CV486075:20251228_A2_N1_Mueller_MS_TechHub_IMP_THIDDIAXL003_Cas9_PhoX_DIA12_CV486075_250ng_FAIMS_003 P1_SNFDLAEDAKLQLSK P2_NGYAGYIDGGASQEEFYKFIKPILEK 10 18,DIA12_CV486075:20251228_A2_N1_Mueller_MS_TechHub_IMP_THIDDIAXL003_Cas9_PhoX_DIA12_CV486075_250ng_FAIMS_003,1422189,,,Q99ZW2,,,false,Q99ZW2,Q99ZW2,,false,NGYAGYIDGGASQEEFYKFIKPILEK,SNFDLAEDAKLQLSK,357,254,18,10,374,263,,-1,5,0,1.007276,9.547079
Scan: 1236822 Run: DIA12_CV486075:20251228_A2_N1_Mueller_MS_TechHub_IMP_THIDDIAXL003_Cas9_PhoX_DIA12_CV486075_250ng_FAIMS_003 P1_KTEVQTGGFSK P2_EVKVITLK 1 3,DIA12_CV486075:20251228_A2_N1_Mueller_MS_TechHub_IMP_THIDDIAXL003_Cas9_PhoX_DIA12_CV486075_250ng_FAIMS_003,1236822,,,Q99ZW2,,,false,Q99ZW2,Q99ZW2,,false,EVKVITLK,KTEVQTGGFSK,952,1097,3,1,954,1097,,-1,3,0,1.007276,9.546694
Scan: 1377728 Run: DIA12_CV486075:20251228_A2_N1_Mueller_MS_TechHub_IMP_THIDDIAXL003_Cas9_PhoX_DIA12_CV486075_250ng_FAIMS_003 P1_VILADANLDKVLSAYNK P2_GNELALPSKYVNFLYLASHYEK 10 9,DIA12_CV486075:20251228_A2_N1_Mueller_MS_TechHub_IMP_THIDDIAXL003_Cas9_PhoX_DIA12_CV486075_250ng_FAIMS_003,1377728,,,Q99ZW2,,,false,Q99ZW2,Q99ZW2,,false,GNELALPSKYVNFLYLASHYEK,VILADANLDKVLSAYNK,1223,1280,9,10,1231,1289,,-1,5,0,1.007276,9.546623
Scan: 590147 Run: DIA12_CV486075:20251228_A2_N1_Mueller_MS_TechHub_IMP_THIDDIAXL003_Cas9_PhoX_DIA12_CV486075_250ng_FAIMS_001 P1_SKLVSDFR P2_SKLVSDFR 2 2,DIA12_CV486075:20251228_A2_N1_Mueller_MS_TechHub_IMP_THIDDIAXL003_Cas9_PhoX_DIA12_CV486075_250ng_FAIMS_001,590147,,,Q99ZW2,,,false,Q99ZW2,Q99ZW2,,false,SKLVSDFR,SKLVSDFR,960,960,2,2,961,961,,-1,3,0,1.007276,9.545785
Scan: 36428 Run: DIA12_CV486075:20251228_A2_N1_Mueller_MS_TechHub_IMP_THIDDIAXL003_Cas9_PhoX_DIA12_CV486075_250ng_FAIMS_001 P1_KTEVQTGGFSK P2_KKDWDPK 1 1,DIA12_CV486075:20251228_A2_N1_Mueller_MS_TechHub_IMP_THIDDIAXL003_Cas9_PhoX_DIA12_CV486075_250ng_FAIMS_001,36428,,,Q99ZW2,,,false,Q99ZW2,Q99ZW2,,false,KKDWDPK,KTEVQTGGFSK,1123,1097,1,1,1123,1097,,-1,4,0,1.007276,9.545687
Scan: 1158329 Run: DIA12_CV486075:20251228_A2_N1_Mueller_MS_TechHub_IMP_THIDDIAXL003_Cas9_PhoX_DIA12_CV486075_250ng_FAIMS_002 P1_KTEVQTGGFSK P2_KFDNLTKAER 1 1,DIA12_CV486075:20251228_A2_N1_Mueller_MS_TechHub_IMP_THIDDIAXL003_Cas9_PhoX_DIA12_CV486075_250ng_FAIMS_002,1158329,,,Q99ZW2,,,false,Q99ZW2,Q99ZW2,,false,KFDNLTKAER,KTEVQTGGFSK,896,1097,1,1,896,1097,,-1,4,0,1.007276,9.545357
Scan: 1140193 Run: DIA12_CV486075:20251228_A2_N1_Mueller_MS_TechHub_IMP_THIDDIAXL003_Cas9_PhoX_DIA12_CV486075_250ng_FAIMS_002 P1_MKNYWR P2_DDSIDNKVLTR 2 7,DIA12_CV486075:20251228_A2_N1_Mueller_MS_TechHub_IMP_THIDDIAXL003_Cas9_PhoX_DIA12_CV486075_250ng_FAIMS_002,1140193,,,Q99ZW2,,,false,Q99ZW2,Q99ZW2,,false,DDSIDNKVLTR,MKNYWR,849,879,7,2,855,880,,-1,3,0,1.007276,9.545354
Scan: 1537476 Run: DIA12_CV486075:20251228_A2_N1_Mueller_MS_TechHub_IMP_THIDDIAXL003_Cas9_PhoX_DIA12_CV486075_250ng_FAIMS_003 P1_SEETITPWNFEEVVDKGASAQSFIER P2_DLIIKLPK 16 5,DIA12_CV486075:20251228_A2_N1_Mueller_MS_TechHub_IMP_THIDDIAXL003_Cas9_PhoX_DIA12_CV486075_250ng_FAIMS_003,1537476,,,Q99ZW2,,,false,Q99ZW2,Q99ZW2,,false,DLIIKLPK,SEETITPWNFEEVVDKGASAQSFIER,1193,469,5,16,1197,484,,-1,4,0,1.007276,9.544941
Scan: 384569 Run: DIA12_CV486075:20251228_A2_N1_Mueller_MS_TechHub_IMP_THIDDIAXL003_Cas9_PhoX_DIA12_CV486075_250ng_FAIMS_001 P1_VKYVTEGMR P2_KPAFLSGEQKK 2 1,DIA12_CV486075:20251228_A2_N1_Mueller_MS_TechHub_IMP_THIDDIAXL003_Cas9_PhoX_DIA12_CV486075_250ng_FAIMS_001,384569,,,Q99ZW2,,,false,Q99ZW2,Q99ZW2,,false,KPAFLSGEQKK,VKYVTEGMR,536,527,1,2,536,528,,-1,3,0,1.007276,9.544492
Scan: 1153728 Run: DIA12_CV486075:20251228_A2_N1_Mueller_MS_TechHub_IMP_THIDDIAXL003_Cas9_PhoX_DIA12_CV486075_250ng_FAIMS_002 P1_SDNVPSEEVVKK P2_MKNYWR 11 2,DIA12_CV486075:20251228_A2_N1_Mueller_MS_TechHub_IMP_THIDDIAXL003_Cas9_PhoX_DIA12_CV486075_250ng_FAIMS_002,1153728,,,Q99ZW2,,,false,Q99ZW2,Q99ZW2,,false,MKNYWR,SDNVPSEEVVKK,879,867,2,11,880,877,,-1,4,0,1.007276,9.544467
Scan: 1185568 Run: DIA12_CV486075:20251228_A2_N1_Mueller_MS_TechHub_IMP_THIDDIAXL003_Cas9_PhoX_DIA12_CV486075_250ng_FAIMS_002 P1_SKLVSDFR P2_DLIIKLPK 2 5,DIA12_CV486075:20251228_A2_N1_Mueller_MS_TechHub_IMP_THIDDIAXL003_Cas9_PhoX_DIA12_CV486075_250ng_FAIMS_002,1185568,,,Q99ZW2,,,false,Q99ZW2,Q99ZW2,,false,DLIIKLPK,SKLVSDFR,1193,960,5,2,1197,961,,-1,3,0,1.007276,9.54413
Scan: 1082089 Run: DIA12_CV486075:20251228_A2_N1_Mueller_MS_TechHub_IMP_THIDDIAXL003_Cas9_PhoX_DIA12_CV486075_250ng_FAIMS_002 P1_KGILQTVK P2_KGILQTVK 1 1,DIA12_CV486075:20251228_A2_N1_Mueller_MS_TechHub_IMP_THIDDIAXL003_Cas9_PhoX_DIA12_CV486075_250ng_FAIMS_002,1082089,,,Q99ZW2,,,false,Q99ZW2,Q99ZW2,,false,KGILQTVK,KGILQTVK,735,735,1,1,735,735,,-1,3,0,1.007276,9.544119
Scan: 97660 Run: DIA12_CV486075:20251228_A2_N1_Mueller_MS_TechHub_IMP_THIDDIAXL003_Cas9_PhoX_DIA12_CV486075_250ng_FAIMS_001 P1_RNSDKLIAR P2_KKDWDPK 5 2,DIA12_CV486075:20251228_A2_N1_Mueller_MS_TechHub_IMP_THIDDIAXL003_Cas9_PhoX_DIA12_CV486075_250ng_FAIMS_001,97660,,,Q99ZW2,,,false,Q99ZW2,Q99ZW2,,false,KKDWDPK,RNSDKLIAR,1123,1114,2,5,1124,1118,,-1,3,0,1.007276,9.54396
Scan: 274929 Run: DIA12_CV486075:20251228_A2_N1_Mueller_MS_TechHub_IMP_THIDDIAXL003_Cas9_PhoX_DIA12_CV486075_250ng_FAIMS_001 P1_NSDKLIAR P2_NGYAGYIDGGASQEEFYKFIKPILEK 4 18,DIA12_CV486075:20251228_A2_N1_Mueller_MS_TechHub_IMP_THIDDIAXL003_Cas9_PhoX_DIA12_CV486075_250ng_FAIMS_001,274929,,,Q99ZW2,,,false,Q99ZW2,Q99ZW2,,false,NGYAGYIDGGASQEEFYKFIKPILEK,NSDKLIAR,357,1115,18,4,374,1118,,-1,5,0,1.007276,9.543347
Scan: 694284 Run: DIA12_CV486075:20251228_A2_N1_Mueller_MS_TechHub_IMP_THIDDIAXL003_Cas9_PhoX_DIA12_CV486075_250ng_FAIMS_002 P1_KTEVQTGGFSKESILPK P2_KKDWDPK 11 2,DIA12_CV486075:20251228_A2_N1_Mueller_MS_TechHub_IMP_THIDDIAXL003_Cas9_PhoX_DIA12_CV486075_250ng_FAIMS_002,694284,,,Q99ZW2,,,false,Q99ZW2,Q99ZW2,,false,KKDWDPK,KTEVQTGGFSKESILPK,1123,1097,2,11,1124,1107,,-1,3,0,1.007276,9.543162
Scan: 1711684 Run: DIA12_CV486075:20251228_A2_N1_Mueller_MS_TechHub_IMP_THIDDIAXL003_Cas9_PhoX_DIA12_CV486075_250ng_FAIMS_003 P1_QITKHVAQILDSR P2_IEEGIKELGSQILK 4 6,DIA12_CV486075:20251228_A2_N1_Mueller_MS_TechHub_IMP_THIDDIAXL003_Cas9_PhoX_DIA12_CV486075_250ng_FAIMS_003,1711684,,,Q99ZW2,,,false,Q99ZW2,Q99ZW2,,false,IEEGIKELGSQILK,QITKHVAQILDSR,784,926,6,4,789,929,,-1,4,0,1.007276,9.543116
Scan: 943479 Run: DIA12_CV486075:20251228_A2_N1_Mueller_MS_TechHub_IMP_THIDDIAXL003_Cas9_PhoX_DIA12_CV486075_250ng_FAIMS_002 P1_MTNFDKNLPNEK P2_KSEETITPWNFEEVVDKGASAQSFIER 6 17,DIA12_CV486075:20251228_A2_N1_Mueller_MS_TechHub_IMP_THIDDIAXL003_Cas9_PhoX_DIA12_CV486075_250ng_FAIMS_002,943479,,,Q99ZW2,,,false,Q99ZW2,Q99ZW2,,false,KSEETITPWNFEEVVDKGASAQSFIER,MTNFDKNLPNEK,468,495,17,6,484,500,,-1,5,0,1.007276,9.542621
Scan: 509666 Run: DIA12_CV486075:20251228_A2_N1_Mueller_MS_TechHub_IMP_THIDDIAXL003_Cas9_PhoX_DIA12_CV486075_250ng_FAIMS_001 P1_RLENLIAQLPGEKK P2_ENQTTQKGQK 13 7,DIA12_CV486075:20251228_A2_N1_Mueller_MS_TechHub_IMP_THIDDIAXL003_Cas9_PhoX_DIA12_CV486075_250ng_FAIMS_001,509666,,,Q99ZW2,,,false,Q99ZW2,Q99ZW2,,false,ENQTTQKGQK,RLENLIAQLPGEKK,766,221,7,13,772,233,,-1,4,0,1.007276,9.541
Scan: 1007087 Run: DIA12_CV486075:20251228_A2_N1_Mueller_MS_TechHub_IMP_THIDDIAXL003_Cas9_PhoX_DIA12_CV486075_250ng_FAIMS_002 P1_QLKEDYFK P2_AIVDLLFKTNR 3 8,DIA12_CV486075:20251228_A2_N1_Mueller_MS_TechHub_IMP_THIDDIAXL003_Cas9_PhoX_DIA12_CV486075_250ng_FAIMS_002,1007087,,,Q99ZW2,,,false,Q99ZW2,Q99ZW2,,false,AIVDLLFKTNR,QLKEDYFK,547,563,8,3,554,565,,-1,4,0,1.007276,9.540935
Scan: 565853 Run: DIA12_CV486075:20251228_A2_N1_Mueller_MS_TechHub_IMP_THIDDIAXL003_Cas9_PhoX_DIA12_CV486075_250ng_FAIMS_001 P1_SKLVSDFR P2_FDNLTKAER 2 6,DIA12_CV486075:20251228_A2_N1_Mueller_MS_TechHub_IMP_THIDDIAXL003_Cas9_PhoX_DIA12_CV486075_250ng_FAIMS_001,565853,,,Q99ZW2,,,false,Q99ZW2,Q99ZW2,,false,FDNLTKAER,SKLVSDFR,897,960,6,2,902,961,,-1,3,0,1.007276,9.540927
Scan: 758347 Run: DIA12_CV486075:20251228_A2_N1_Mueller_MS_TechHub_IMP_THIDDIAXL003_Cas9_PhoX_DIA12_CV486075_250ng_FAIMS_002 P1_YVNFLYLASHYEKLK P2_KDFQFYK 13 1,DIA12_CV486075:20251228_A2_N1_Mueller_MS_TechHub_IMP_THIDDIAXL003_Cas9_PhoX_DIA12_CV486075_250ng_FAIMS_002,758347,,,Q99ZW2,,,false,Q99ZW2,Q99ZW2,,false,KDFQFYK,YVNFLYLASHYEKLK,968,1232,1,13,968,1244,,-1,3,0,1.007276,9.540755
Scan: 217363 Run: DIA12_CV486075:20251228_A2_N1_Mueller_MS_TechHub_IMP_THIDDIAXL003_Cas9_PhoX_DIA12_CV486075_250ng_FAIMS_001 P1_LENLIAQLPGEKK P2_KDFQFYK 12 1,DIA12_CV486075:20251228_A2_N1_Mueller_MS_TechHub_IMP_THIDDIAXL003_Cas9_PhoX_DIA12_CV486075_250ng_FAIMS_001,217363,,,Q99ZW2,,,false,Q99ZW2,Q99ZW2,,false,KDFQFYK,LENLIAQLPGEKK,968,222,1,12,968,233,,-1,4,0,1.007276,9.54063
Scan: 457923 Run: DIA12_CV486075:20251228_A2_N1_Mueller_MS_TechHub_IMP_THIDDIAXL003_Cas9_PhoX_DIA12_CV486075_250ng_FAIMS_001 P1_KSEETITPWNFEEVVDK P2_EDIQKAQVSGQGDSLHEHIANLAGSPAIKK 1 5,DIA12_CV486075:20251228_A2_N1_Mueller_MS_TechHub_IMP_THIDDIAXL003_Cas9_PhoX_DIA12_CV486075_250ng_FAIMS_001,457923,,,Q99ZW2,,,false,Q99ZW2,Q99ZW2,,false,EDIQKAQVSGQGDSLHEHIANLAGSPAIKK,KSEETITPWNFEEVVDK,706,468,5,1,710,468,,-1,6,0,1.007276,9.539832
Scan: 1278340 Run: DIA12_CV486075:20251228_A2_N1_Mueller_MS_TechHub_IMP_THIDDIAXL003_Cas9_PhoX_DIA12_CV486075_250ng_FAIMS_003 P1_NSDKLIARK P2_KDWDPK 4 1,DIA12_CV486075:20251228_A2_N1_Mueller_MS_TechHub_IMP_THIDDIAXL003_Cas9_PhoX_DIA12_CV486075_250ng_FAIMS_003,1278340,,,Q99ZW2,,,false,Q99ZW2,Q99ZW2,,false,KDWDPK,NSDKLIARK,1124,1115,1,4,1124,1118,,-1,4,0,1.007276,9.53948
Scan: 1715695 Run: DIA12_CV486075:20251228_A2_N1_Mueller_MS_TechHub_IMP_THIDDIAXL003_Cas9_PhoX_DIA12_CV486075_250ng_FAIMS_003 P1_SSFEKNPIDFLEAK P2_ELGSQILKEHPVENTQLQNEK 5 8,DIA12_CV486075:20251228_A2_N1_Mueller_MS_TechHub_IMP_THIDDIAXL003_Cas9_PhoX_DIA12_CV486075_250ng_FAIMS_003,1715695,,,Q99ZW2,,,false,Q99ZW2,Q99ZW2,,false,ELGSQILKEHPVENTQLQNEK,SSFEKNPIDFLEAK,790,1172,8,5,797,1176,,-1,4,0,1.007276,9.538549
Scan: 984641 Run: DIA12_CV486075:20251228_A2_N1_Mueller_MS_TechHub_IMP_THIDDIAXL003_Cas9_PhoX_DIA12_CV486075_250ng_FAIMS_002 P1_KPAFLSGEQK P2_DKQSGK 1 2,DIA12_CV486075:20251228_A2_N1_Mueller_MS_TechHub_IMP_THIDDIAXL003_Cas9_PhoX_DIA12_CV486075_250ng_FAIMS_002,984641,,,Q99ZW2,,,false,Q99ZW2,Q99ZW2,,false,DKQSGK,KPAFLSGEQK,672,536,2,1,673,536,,-1,3,0,1.007276,9.538519
Scan: 1455099 Run: DIA12_CV486075:20251228_A2_N1_Mueller_MS_TechHub_IMP_THIDDIAXL003_Cas9_PhoX_DIA12_CV486075_250ng_FAIMS_003 P1_YKEIFFDQSK P2_TYAHLFDDKVMK 2 9,DIA12_CV486075:20251228_A2_N1_Mueller_MS_TechHub_IMP_THIDDIAXL003_Cas9_PhoX_DIA12_CV486075_250ng_FAIMS_003,1455099,,,Q99ZW2,,,false,Q99ZW2,Q99ZW2,,false,TYAHLFDDKVMK,YKEIFFDQSK,638,347,9,2,646,348,,-1,3,0,1.007276,9.538437
Scan: 1719677 Run: DIA12_CV486075:20251228_A2_N1_Mueller_MS_TechHub_IMP_THIDDIAXL003_Cas9_PhoX_DIA12_CV486075_250ng_FAIMS_003 P1_ELGSQILKEHPVENTQLQNEK P2_EDIQKAQVSGQGDSLHEHIANLAGSPAIK 8 5,DIA12_CV486075:20251228_A2_N1_Mueller_MS_TechHub_IMP_THIDDIAXL003_Cas9_PhoX_DIA12_CV486075_250ng_FAIMS_003,1719677,,,Q99ZW2,,,false,Q99ZW2,Q99ZW2,,false,EDIQKAQVSGQGDSLHEHIANLAGSPAIK,ELGSQILKEHPVENTQLQNEK,706,790,5,8,710,797,,-1,6,0,1.007276,9.537606
Scan: 1732121 Run: DIA12_CV486075:20251228_A2_N1_Mueller_MS_TechHub_IMP_THIDDIAXL003_Cas9_PhoX_DIA12_CV486075_250ng_FAIMS_003 P1_ENQTTQKGQK P2_EHPVENTQLQNEKLYLYYLQNGR 7 13,DIA12_CV486075:20251228_A2_N1_Mueller_MS_TechHub_IMP_THIDDIAXL003_Cas9_PhoX_DIA12_CV486075_250ng_FAIMS_003,1732121,,,Q99ZW2,,,false,Q99ZW2,Q99ZW2,,false,EHPVENTQLQNEKLYLYYLQNGR,ENQTTQKGQK,798,766,13,7,810,772,,-1,4,0,1.007276,9.537374
Scan: 1090062 Run: DIA12_CV486075:20251228_A2_N1_Mueller_MS_TechHub_IMP_THIDDIAXL003_Cas9_PhoX_DIA12_CV486075_250ng_FAIMS_002 P1_KNLIGALLFDSGETAEATR P2_GILQTVKVVDELVK 1 7,DIA12_CV486075:20251228_A2_N1_Mueller_MS_TechHub_IMP_THIDDIAXL003_Cas9_PhoX_DIA12_CV486075_250ng_FAIMS_002,1090062,,,Q99ZW2,,,false,Q99ZW2,Q99ZW2,,false,GILQTVKVVDELVK,KNLIGALLFDSGETAEATR,736,45,7,1,742,45,,-1,4,0,1.007276,9.537254
Scan: 1356329 Run: DIA12_CV486075:20251228_A2_N1_Mueller_MS_TechHub_IMP_THIDDIAXL003_Cas9_PhoX_DIA12_CV486075_250ng_FAIMS_003 P1_NSDKLIAR P2_LKGSPEDNEQK 4 2,DIA12_CV486075:20251228_A2_N1_Mueller_MS_TechHub_IMP_THIDDIAXL003_Cas9_PhoX_DIA12_CV486075_250ng_FAIMS_003,1356329,,,Q99ZW2,,,false,Q99ZW2,Q99ZW2,,false,LKGSPEDNEQK,NSDKLIAR,1245,1115,2,4,1246,1118,,-1,3,0,1.007276,9.536878
Scan: 761155 Run: DIA12_CV486075:20251228_A2_N1_Mueller_MS_TechHub_IMP_THIDDIAXL003_Cas9_PhoX_DIA12_CV486075_250ng_FAIMS_002 P1_LKGSPEDNEQK P2_ENQTTQKGQK 2 7,DIA12_CV486075:20251228_A2_N1_Mueller_MS_TechHub_IMP_THIDDIAXL003_Cas9_PhoX_DIA12_CV486075_250ng_FAIMS_002,761155,,,Q99ZW2,,,false,Q99ZW2,Q99ZW2,,false,ENQTTQKGQK,LKGSPEDNEQK,766,1245,7,2,772,1246,,-1,4,0,1.007276,9.536472
Scan: 555975 Run: DIA12_CV486075:20251228_A2_N1_Mueller_MS_TechHub_IMP_THIDDIAXL003_Cas9_PhoX_DIA12_CV486075_250ng_FAIMS_001 P1_SDNVPSEEVVKK P2_NSDKLIAR 11 4,DIA12_CV486075:20251228_A2_N1_Mueller_MS_TechHub_IMP_THIDDIAXL003_Cas9_PhoX_DIA12_CV486075_250ng_FAIMS_001,555975,,,Q99ZW2,,,false,Q99ZW2,Q99ZW2,,false,NSDKLIAR,SDNVPSEEVVKK,1115,867,4,11,1118,877,,-1,3,0,1.007276,9.536397
Scan: 526133 Run: DIA12_CV486075:20251228_A2_N1_Mueller_MS_TechHub_IMP_THIDDIAXL003_Cas9_PhoX_DIA12_CV486075_250ng_FAIMS_001 P1_GKSDNVPSEEVVKK P2_ELGSQILKEHPVENTQLQNEK 2 8,DIA12_CV486075:20251228_A2_N1_Mueller_MS_TechHub_IMP_THIDDIAXL003_Cas9_PhoX_DIA12_CV486075_250ng_FAIMS_001,526133,,,Q99ZW2,,,false,Q99ZW2,Q99ZW2,,false,ELGSQILKEHPVENTQLQNEK,GKSDNVPSEEVVKK,790,865,8,2,797,866,,-1,5,0,1.007276,9.534676
Scan: 975162 Run: DIA12_CV486075:20251228_A2_N1_Mueller_MS_TechHub_IMP_THIDDIAXL003_Cas9_PhoX_DIA12_CV486075_250ng_FAIMS_002 P1_TEVQTGGFSKESILPK P2_KPAFLSGEQK 10 1,DIA12_CV486075:20251228_A2_N1_Mueller_MS_TechHub_IMP_THIDDIAXL003_Cas9_PhoX_DIA12_CV486075_250ng_FAIMS_002,975162,,,Q99ZW2,,,false,Q99ZW2,Q99ZW2,,false,KPAFLSGEQK,TEVQTGGFSKESILPK,536,1098,1,10,536,1107,,-1,3,0,1.007276,9.534609
Scan: 1782260 Run: DIA12_CV486075:20251228_A2_N1_Mueller_MS_TechHub_IMP_THIDDIAXL003_Cas9_PhoX_DIA12_CV486075_250ng_FAIMS_003 P1_KDFQFYK P2_EVKVITLK 1 3,DIA12_CV486075:20251228_A2_N1_Mueller_MS_TechHub_IMP_THIDDIAXL003_Cas9_PhoX_DIA12_CV486075_250ng_FAIMS_003,1782260,,,Q99ZW2,,,false,Q99ZW2,Q99ZW2,,false,EVKVITLK,KDFQFYK,952,968,3,1,954,968,,-1,3,0,1.007276,9.534114
Scan: 1621636 Run: DIA12_CV486075:20251228_A2_N1_Mueller_MS_TechHub_IMP_THIDDIAXL003_Cas9_PhoX_DIA12_CV486075_250ng_FAIMS_003 P1_TYAHLFDDKVMK P2_KVTVK 9 1,DIA12_CV486075:20251228_A2_N1_Mueller_MS_TechHub_IMP_THIDDIAXL003_Cas9_PhoX_DIA12_CV486075_250ng_FAIMS_003,1621636,,,Q99ZW2,,,false,Q99ZW2,Q99ZW2,,false,KVTVK,TYAHLFDDKVMK,558,638,1,9,558,646,,-1,3,0,1.007276,9.53264
Scan: 289982 Run: DIA12_CV486075:20251228_A2_N1_Mueller_MS_TechHub_IMP_THIDDIAXL003_Cas9_PhoX_DIA12_CV486075_250ng_FAIMS_001 P1_QEDFYPFLKDNR P2_GILQTVKVVDELVK 9 7,DIA12_CV486075:20251228_A2_N1_Mueller_MS_TechHub_IMP_THIDDIAXL003_Cas9_PhoX_DIA12_CV486075_250ng_FAIMS_001,289982,,,Q99ZW2,,,false,Q99ZW2,Q99ZW2,,false,GILQTVKVVDELVK,QEDFYPFLKDNR,736,426,7,9,742,434,,-1,4,0,1.007276,9.53212
Scan: 1704632 Run: DIA12_CV486075:20251228_A2_N1_Mueller_MS_TechHub_IMP_THIDDIAXL003_Cas9_PhoX_DIA12_CV486075_250ng_FAIMS_003 P1_FKVLGNTDR P2_ENQTTQKGQK 2 7,DIA12_CV486075:20251228_A2_N1_Mueller_MS_TechHub_IMP_THIDDIAXL003_Cas9_PhoX_DIA12_CV486075_250ng_FAIMS_003,1704632,,,Q99ZW2,,,false,Q99ZW2,Q99ZW2,,false,ENQTTQKGQK,FKVLGNTDR,766,32,7,2,772,33,,-1,3,0,1.007276,9.532106
Scan: 594257 Run: DIA12_CV486075:20251228_A2_N1_Mueller_MS_TechHub_IMP_THIDDIAXL003_Cas9_PhoX_DIA12_CV486075_250ng_FAIMS_001 P1_QLKEDYFK P2_KDFQFYK 3 1,DIA12_CV486075:20251228_A2_N1_Mueller_MS_TechHub_IMP_THIDDIAXL003_Cas9_PhoX_DIA12_CV486075_250ng_FAIMS_001,594257,,,Q99ZW2,,,false,Q99ZW2,Q99ZW2,,false,KDFQFYK,QLKEDYFK,968,563,1,3,968,565,,-1,3,0,1.007276,9.53141
Scan: 1110326 Run: DIA12_CV486075:20251228_A2_N1_Mueller_MS_TechHub_IMP_THIDDIAXL003_Cas9_PhoX_DIA12_CV486075_250ng_FAIMS_002 P1_SNKQGR P2_KGILQTVK 3 1,DIA12_CV486075:20251228_A2_N1_Mueller_MS_TechHub_IMP_THIDDIAXL003_Cas9_PhoX_DIA12_CV486075_250ng_FAIMS_002,1110326,,,Q99ZW2,,,false,decoy:Q99ZW2,decoy,decoy,true,KGILQTVK,SNKQGR,735,773,1,3,735,775,,-1,3,0,1.007276,9.531156
Scan: 1760646 Run: DIA12_CV486075:20251228_A2_N1_Mueller_MS_TechHub_IMP_THIDDIAXL003_Cas9_PhoX_DIA12_CV486075_250ng_FAIMS_003 P1_GGLSELDKAGFIK P2_FDNLTKAER 8 6,DIA12_CV486075:20251228_A2_N1_Mueller_MS_TechHub_IMP_THIDDIAXL003_Cas9_PhoX_DIA12_CV486075_250ng_FAIMS_003,1760646,,,Q99ZW2,,,false,Q99ZW2,Q99ZW2,,false,FDNLTKAER,GGLSELDKAGFIK,897,906,6,8,902,913,,-1,4,0,1.007276,9.530942
Scan: 1167198 Run: DIA12_CV486075:20251228_A2_N1_Mueller_MS_TechHub_IMP_THIDDIAXL003_Cas9_PhoX_DIA12_CV486075_250ng_FAIMS_002 P1_KDFQFYK P2_GGLSELDKAGFIK 1 8,DIA12_CV486075:20251228_A2_N1_Mueller_MS_TechHub_IMP_THIDDIAXL003_Cas9_PhoX_DIA12_CV486075_250ng_FAIMS_002,1167198,,,Q99ZW2,,,false,Q99ZW2,Q99ZW2,,false,GGLSELDKAGFIK,KDFQFYK,906,968,8,1,913,968,,-1,3,0,1.007276,9.530022
Scan: 1739816 Run: DIA12_CV486075:20251228_A2_N1_Mueller_MS_TechHub_IMP_THIDDIAXL003_Cas9_PhoX_DIA12_CV486075_250ng_FAIMS_003 P1_KDWDPK P2_GKSDNVPSEEVVK 1 2,DIA12_CV486075:20251228_A2_N1_Mueller_MS_TechHub_IMP_THIDDIAXL003_Cas9_PhoX_DIA12_CV486075_250ng_FAIMS_003,1739816,,,Q99ZW2,,,false,Q99ZW2,Q99ZW2,,false,GKSDNVPSEEVVK,KDWDPK,865,1124,2,1,866,1124,,-1,3,0,1.007276,9.529904
Scan: 1453564 Run: DIA12_CV486075:20251228_A2_N1_Mueller_MS_TechHub_IMP_THIDDIAXL003_Cas9_PhoX_DIA12_CV486075_250ng_FAIMS_003 P1_YKEIFFDQSK P2_KNLIGALLFDSGETAEATR 2 1,DIA12_CV486075:20251228_A2_N1_Mueller_MS_TechHub_IMP_THIDDIAXL003_Cas9_PhoX_DIA12_CV486075_250ng_FAIMS_003,1453564,,,Q99ZW2,,,false,Q99ZW2,Q99ZW2,,false,KNLIGALLFDSGETAEATR,YKEIFFDQSK,45,347,1,2,45,348,,-1,4,0,1.007276,9.529841
Scan: 1624232 Run: DIA12_CV486075:20251228_A2_N1_Mueller_MS_TechHub_IMP_THIDDIAXL003_Cas9_PhoX_DIA12_CV486075_250ng_FAIMS_003 P1_KLINGIR P2_KDLIIKLPK 1 6,DIA12_CV486075:20251228_A2_N1_Mueller_MS_TechHub_IMP_THIDDIAXL003_Cas9_PhoX_DIA12_CV486075_250ng_FAIMS_003,1624232,,,Q99ZW2,,,false,Q99ZW2,Q99ZW2,,false,KDLIIKLPK,KLINGIR,1192,665,6,1,1197,665,,-1,4,0,1.007276,9.529646
Scan: 676845 Run: DIA12_CV486075:20251228_A2_N1_Mueller_MS_TechHub_IMP_THIDDIAXL003_Cas9_PhoX_DIA12_CV486075_250ng_FAIMS_002 P1_KLINGIR P2_ESILPKR 1 6,DIA12_CV486075:20251228_A2_N1_Mueller_MS_TechHub_IMP_THIDDIAXL003_Cas9_PhoX_DIA12_CV486075_250ng_FAIMS_002,676845,,,Q99ZW2,,,false,Q99ZW2,Q99ZW2,,false,ESILPKR,KLINGIR,1108,665,6,1,1113,665,,-1,4,0,1.007276,9.529307
Scan: 872797 Run: DIA12_CV486075:20251228_A2_N1_Mueller_MS_TechHub_IMP_THIDDIAXL003_Cas9_PhoX_DIA12_CV486075_250ng_FAIMS_002 P1_NGYAGYIDGGASQEEFYKFIKPILEK P2_KKDWDPK 18 1,DIA12_CV486075:20251228_A2_N1_Mueller_MS_TechHub_IMP_THIDDIAXL003_Cas9_PhoX_DIA12_CV486075_250ng_FAIMS_002,872797,,,Q99ZW2,,,false,Q99ZW2,Q99ZW2,,false,KKDWDPK,NGYAGYIDGGASQEEFYKFIKPILEK,1123,357,1,18,1123,374,,-1,4,0,1.007276,9.529263
Scan: 842999 Run: DIA12_CV486075:20251228_A2_N1_Mueller_MS_TechHub_IMP_THIDDIAXL003_Cas9_PhoX_DIA12_CV486075_250ng_FAIMS_002 P1_GKSDNVPSEEVVK P2_FKVLGNTDR 2 2,DIA12_CV486075:20251228_A2_N1_Mueller_MS_TechHub_IMP_THIDDIAXL003_Cas9_PhoX_DIA12_CV486075_250ng_FAIMS_002,842999,,,Q99ZW2,,,false,Q99ZW2,Q99ZW2,,false,FKVLGNTDR,GKSDNVPSEEVVK,32,865,2,2,33,866,,-1,4,0,1.007276,9.52889
Scan: 1289980 Run: DIA12_CV486075:20251228_A2_N1_Mueller_MS_TechHub_IMP_THIDDIAXL003_Cas9_PhoX_DIA12_CV486075_250ng_FAIMS_003 P1_KKDWDPK P2_KDWDPK 1 1,DIA12_CV486075:20251228_A2_N1_Mueller_MS_TechHub_IMP_THIDDIAXL003_Cas9_PhoX_DIA12_CV486075_250ng_FAIMS_003,1289980,,,Q99ZW2,,,false,Q99ZW2,Q99ZW2,,false,KDWDPK,KKDWDPK,1124,1123,1,1,1124,1123,,-1,3,0,1.007276,9.527931
Scan: 1008528 Run: DIA12_CV486075:20251228_A2_N1_Mueller_MS_TechHub_IMP_THIDDIAXL003_Cas9_PhoX_DIA12_CV486075_250ng_FAIMS_002 P1_YDENDKLIR P2_KVTVK 6 1,DIA12_CV486075:20251228_A2_N1_Mueller_MS_TechHub_IMP_THIDDIAXL003_Cas9_PhoX_DIA12_CV486075_250ng_FAIMS_002,1008528,,,Q99ZW2,,,false,Q99ZW2,Q99ZW2,,false,KVTVK,YDENDKLIR,558,943,1,6,558,948,,-1,3,0,1.007276,9.527376
Scan: 1650548 Run: DIA12_CV486075:20251228_A2_N1_Mueller_MS_TechHub_IMP_THIDDIAXL003_Cas9_PhoX_DIA12_CV486075_250ng_FAIMS_003 P1_KDLIIKLPK P2_EDIQKAQVSGQGDSLHEHIANLAGSPAIK 6 5,DIA12_CV486075:20251228_A2_N1_Mueller_MS_TechHub_IMP_THIDDIAXL003_Cas9_PhoX_DIA12_CV486075_250ng_FAIMS_003,1650548,,,Q99ZW2,,,false,Q99ZW2,Q99ZW2,,false,EDIQKAQVSGQGDSLHEHIANLAGSPAIK,KDLIIKLPK,706,1192,5,6,710,1197,,-1,5,0,1.007276,9.527242
Scan: 307197 Run: DIA12_CV486075:20251228_A2_N1_Mueller_MS_TechHub_IMP_THIDDIAXL003_Cas9_PhoX_DIA12_CV486075_250ng_FAIMS_001 P1_KSEETITPWNFEEVVDK P2_FTLIKEIKER 1 5,DIA12_CV486075:20251228_A2_N1_Mueller_MS_TechHub_IMP_THIDDIAXL003_Cas9_PhoX_DIA12_CV486075_250ng_FAIMS_001,307197,,,decoy:Q99ZW2,decoy,decoy,true,Q99ZW2,Q99ZW2,,false,FTLIKEIKER,KSEETITPWNFEEVVDK,438,468,5,1,442,468,,-1,3,0,1.007276,9.527008
Scan: 1609970 Run: DIA12_CV486075:20251228_A2_N1_Mueller_MS_TechHub_IMP_THIDDIAXL003_Cas9_PhoX_DIA12_CV486075_250ng_FAIMS_003 P1_KIECFDSVEISGVEDR P2_FKVLGNTDR 1 2,DIA12_CV486075:20251228_A2_N1_Mueller_MS_TechHub_IMP_THIDDIAXL003_Cas9_PhoX_DIA12_CV486075_250ng_FAIMS_003,1609970,,,Q99ZW2,,,false,Q99ZW2,Q99ZW2,,false,FKVLGNTDR,KIECFDSVEISGVEDR,32,571,2,1,33,571,,-1,4,0,1.007276,9.526677
Scan: 1736727 Run: DIA12_CV486075:20251228_A2_N1_Mueller_MS_TechHub_IMP_THIDDIAXL003_Cas9_PhoX_DIA12_CV486075_250ng_FAIMS_003 P1_KGILQTVK P2_DDSIDNKVLTR 1 7,DIA12_CV486075:20251228_A2_N1_Mueller_MS_TechHub_IMP_THIDDIAXL003_Cas9_PhoX_DIA12_CV486075_250ng_FAIMS_003,1736727,,,Q99ZW2,,,false,Q99ZW2,Q99ZW2,,false,DDSIDNKVLTR,KGILQTVK,849,735,7,1,855,735,,-1,3,0,1.007276,9.526459
Scan: 1575326 Run: DIA12_CV486075:20251228_A2_N1_Mueller_MS_TechHub_IMP_THIDDIAXL003_Cas9_PhoX_DIA12_CV486075_250ng_FAIMS_003 P1_KPAFLSGEQK P2_HPIFGNIVDEVAYHEKYPTIYHLR 1 16,DIA12_CV486075:20251228_A2_N1_Mueller_MS_TechHub_IMP_THIDDIAXL003_Cas9_PhoX_DIA12_CV486075_250ng_FAIMS_003,1575326,,,Q99ZW2,,,false,Q99ZW2,Q99ZW2,,false,HPIFGNIVDEVAYHEKYPTIYHLR,KPAFLSGEQK,116,536,16,1,131,536,,-1,4,0,1.007276,9.526333
Scan: 1336760 Run: DIA12_CV486075:20251228_A2_N1_Mueller_MS_TechHub_IMP_THIDDIAXL003_Cas9_PhoX_DIA12_CV486075_250ng_FAIMS_003 P1_SEQEIGKATAK P2_LPKYSLFELENGR 7 3,DIA12_CV486075:20251228_A2_N1_Mueller_MS_TechHub_IMP_THIDDIAXL003_Cas9_PhoX_DIA12_CV486075_250ng_FAIMS_003,1336760,,,Q99ZW2,,,false,Q99ZW2,Q99ZW2,,false,LPKYSLFELENGR,SEQEIGKATAK,1198,1025,3,7,1200,1031,,-1,3,0,1.007276,9.525822
Scan: 826782 Run: DIA12_CV486075:20251228_A2_N1_Mueller_MS_TechHub_IMP_THIDDIAXL003_Cas9_PhoX_DIA12_CV486075_250ng_FAIMS_002 P1_KFKVLGNTDR P2_KFKVLGNTDR 1 1,DIA12_CV486075:20251228_A2_N1_Mueller_MS_TechHub_IMP_THIDDIAXL003_Cas9_PhoX_DIA12_CV486075_250ng_FAIMS_002,826782,,,Q99ZW2,,,false,Q99ZW2,Q99ZW2,,false,KFKVLGNTDR,KFKVLGNTDR,31,31,1,1,31,31,,-1,3,0,1.007276,9.525566
Scan: 70881 Run: DIA12_CV486075:20251228_A2_N1_Mueller_MS_TechHub_IMP_THIDDIAXL003_Cas9_PhoX_DIA12_CV486075_250ng_FAIMS_001 P1_NLPNEKVLPK P2_KTEVQTGGFSKESILPK 6 11,DIA12_CV486075:20251228_A2_N1_Mueller_MS_TechHub_IMP_THIDDIAXL003_Cas9_PhoX_DIA12_CV486075_250ng_FAIMS_001,70881,,,Q99ZW2,,,false,Q99ZW2,Q99ZW2,,false,KTEVQTGGFSKESILPK,NLPNEKVLPK,1097,501,11,6,1107,506,,-1,3,0,1.007276,9.524525
Scan: 513146 Run: DIA12_CV486075:20251228_A2_N1_Mueller_MS_TechHub_IMP_THIDDIAXL003_Cas9_PhoX_DIA12_CV486075_250ng_FAIMS_001 P1_SDKNR P2_GQKNSR 3 3,DIA12_CV486075:20251228_A2_N1_Mueller_MS_TechHub_IMP_THIDDIAXL003_Cas9_PhoX_DIA12_CV486075_250ng_FAIMS_001,513146,,,Q99ZW2,,,false,Q99ZW2,Q99ZW2,,false,GQKNSR,SDKNR,773,860,3,3,775,862,,-1,3,0,1.007276,9.524278
Scan: 377909 Run: DIA12_CV486075:20251228_A2_N1_Mueller_MS_TechHub_IMP_THIDDIAXL003_Cas9_PhoX_DIA12_CV486075_250ng_FAIMS_001 P1_KPAFLSGEQK P2_ESILPKR 1 6,DIA12_CV486075:20251228_A2_N1_Mueller_MS_TechHub_IMP_THIDDIAXL003_Cas9_PhoX_DIA12_CV486075_250ng_FAIMS_001,377909,,,Q99ZW2,,,false,Q99ZW2,Q99ZW2,,false,ESILPKR,KPAFLSGEQK,1108,536,6,1,1113,536,,-1,3,0,1.007276,9.524276
Scan: 695372 Run: DIA12_CV486075:20251228_A2_N1_Mueller_MS_TechHub_IMP_THIDDIAXL003_Cas9_PhoX_DIA12_CV486075_250ng_FAIMS_002 P1_KYGGFDSPTVAYSVLVVAK P2_KKDWDPK 1 2,DIA12_CV486075:20251228_A2_N1_Mueller_MS_TechHub_IMP_THIDDIAXL003_Cas9_PhoX_DIA12_CV486075_250ng_FAIMS_002,695372,,,Q99ZW2,,,false,Q99ZW2,Q99ZW2,,false,KKDWDPK,KYGGFDSPTVAYSVLVVAK,1123,1130,2,1,1124,1130,,-1,4,0,1.007276,9.523857
Scan: 1447102 Run: DIA12_CV486075:20251228_A2_N1_Mueller_MS_TechHub_IMP_THIDDIAXL003_Cas9_PhoX_DIA12_CV486075_250ng_FAIMS_003 P1_YDEHHQDLTLLKALVR P2_KFDNLTK 12 1,DIA12_CV486075:20251228_A2_N1_Mueller_MS_TechHub_IMP_THIDDIAXL003_Cas9_PhoX_DIA12_CV486075_250ng_FAIMS_003,1447102,,,Q99ZW2,,,false,Q99ZW2,Q99ZW2,,false,KFDNLTK,YDEHHQDLTLLKALVR,896,325,1,12,896,336,,-1,5,0,1.007276,9.523659
Scan: 1211182 Run: DIA12_CV486075:20251228_A2_N1_Mueller_MS_TechHub_IMP_THIDDIAXL003_Cas9_PhoX_DIA12_CV486075_250ng_FAIMS_003 P1_SEQEIGKATAK P2_KGILQTVK 7 1,DIA12_CV486075:20251228_A2_N1_Mueller_MS_TechHub_IMP_THIDDIAXL003_Cas9_PhoX_DIA12_CV486075_250ng_FAIMS_003,1211182,,,Q99ZW2,,,false,Q99ZW2,Q99ZW2,,false,KGILQTVK,SEQEIGKATAK,735,1025,1,7,735,1031,,-1,3,0,1.007276,9.523194
Scan: 1468102 Run: DIA12_CV486075:20251228_A2_N1_Mueller_MS_TechHub_IMP_THIDDIAXL003_Cas9_PhoX_DIA12_CV486075_250ng_FAIMS_003 P1_KPAFLSGEQK P2_ELIPKIFKYFEEQSAGGDIYGAYGNK 1 8,DIA12_CV486075:20251228_A2_N1_Mueller_MS_TechHub_IMP_THIDDIAXL003_Cas9_PhoX_DIA12_CV486075_250ng_FAIMS_003,1468102,,,decoy:Q99ZW2,decoy,decoy,true,Q99ZW2,Q99ZW2,,false,ELIPKIFKYFEEQSAGGDIYGAYGNK,KPAFLSGEQK,357,536,8,1,364,536,,-1,4,0,1.007276,9.52183
Scan: 1578581 Run: DIA12_CV486075:20251228_A2_N1_Mueller_MS_TechHub_IMP_THIDDIAXL003_Cas9_PhoX_DIA12_CV486075_250ng_FAIMS_003 P1_NLPNEKVLPK P2_KPAFLSGEQK 6 1,DIA12_CV486075:20251228_A2_N1_Mueller_MS_TechHub_IMP_THIDDIAXL003_Cas9_PhoX_DIA12_CV486075_250ng_FAIMS_003,1578581,,,Q99ZW2,,,false,Q99ZW2,Q99ZW2,,false,KPAFLSGEQK,NLPNEKVLPK,536,501,1,6,536,506,,-1,3,0,1.007276,9.521368
Scan: 1742659 Run: DIA12_CV486075:20251228_A2_N1_Mueller_MS_TechHub_IMP_THIDDIAXL003_Cas9_PhoX_DIA12_CV486075_250ng_FAIMS_003 P1_GKSDNVPSEEVVK P2_ENQTTQKGQK 2 7,DIA12_CV486075:20251228_A2_N1_Mueller_MS_TechHub_IMP_THIDDIAXL003_Cas9_PhoX_DIA12_CV486075_250ng_FAIMS_003,1742659,,,Q99ZW2,,,false,Q99ZW2,Q99ZW2,,false,ENQTTQKGQK,GKSDNVPSEEVVK,766,865,7,2,772,866,,-1,3,0,1.007276,9.520442
Scan: 1583010 Run: DIA12_CV486075:20251228_A2_N1_Mueller_MS_TechHub_IMP_THIDDIAXL003_Cas9_PhoX_DIA12_CV486075_250ng_FAIMS_003 P1_KPAFLSGEQK P2_ENQTTQKGQK 1 7,DIA12_CV486075:20251228_A2_N1_Mueller_MS_TechHub_IMP_THIDDIAXL003_Cas9_PhoX_DIA12_CV486075_250ng_FAIMS_003,1583010,,,Q99ZW2,,,false,Q99ZW2,Q99ZW2,,false,ENQTTQKGQK,KPAFLSGEQK,766,536,7,1,772,536,,-1,4,0,1.007276,9.520278
Scan: 1215895 Run: DIA12_CV486075:20251228_A2_N1_Mueller_MS_TechHub_IMP_THIDDIAXL003_Cas9_PhoX_DIA12_CV486075_250ng_FAIMS_003 P1_KRPLIETNGETGEIVWDK P2_AILKDSNR 1 4,DIA12_CV486075:20251228_A2_N1_Mueller_MS_TechHub_IMP_THIDDIAXL003_Cas9_PhoX_DIA12_CV486075_250ng_FAIMS_003,1215895,,,decoy:Q99ZW2,decoy,decoy,true,Q99ZW2,Q99ZW2,,false,AILKDSNR,KRPLIETNGETGEIVWDK,1115,1059,4,1,1118,1059,,-1,4,0,1.007276,9.520202
Scan: 596610 Run: DIA12_CV486075:20251228_A2_N1_Mueller_MS_TechHub_IMP_THIDDIAXL003_Cas9_PhoX_DIA12_CV486075_250ng_FAIMS_001 P1_NSDKLIAR P2_DFQFYKVR 4 6,DIA12_CV486075:20251228_A2_N1_Mueller_MS_TechHub_IMP_THIDDIAXL003_Cas9_PhoX_DIA12_CV486075_250ng_FAIMS_001,596610,,,Q99ZW2,,,false,Q99ZW2,Q99ZW2,,false,DFQFYKVR,NSDKLIAR,969,1115,6,4,974,1118,,-1,3,0,1.007276,9.520025
Scan: 953779 Run: DIA12_CV486075:20251228_A2_N1_Mueller_MS_TechHub_IMP_THIDDIAXL003_Cas9_PhoX_DIA12_CV486075_250ng_FAIMS_002 P1_MTNFDKNLPNEK P2_KSEETITPWNFEEVVDKGASAQSFIER 6 1,DIA12_CV486075:20251228_A2_N1_Mueller_MS_TechHub_IMP_THIDDIAXL003_Cas9_PhoX_DIA12_CV486075_250ng_FAIMS_002,953779,,,Q99ZW2,,,false,Q99ZW2,Q99ZW2,,false,KSEETITPWNFEEVVDKGASAQSFIER,MTNFDKNLPNEK,468,495,1,6,468,500,,-1,4,0,1.007276,9.519851
Scan: 906724 Run: DIA12_CV486075:20251228_A2_N1_Mueller_MS_TechHub_IMP_THIDDIAXL003_Cas9_PhoX_DIA12_CV486075_250ng_FAIMS_002 P1_VKYVTEGMR P2_KSEETITPWNFEEVVDK 2 1,DIA12_CV486075:20251228_A2_N1_Mueller_MS_TechHub_IMP_THIDDIAXL003_Cas9_PhoX_DIA12_CV486075_250ng_FAIMS_002,906724,,,Q99ZW2,,,false,Q99ZW2,Q99ZW2,,false,KSEETITPWNFEEVVDK,VKYVTEGMR,468,527,1,2,468,528,,-1,3,0,1.007276,9.519346
Scan: 711684 Run: DIA12_CV486075:20251228_A2_N1_Mueller_MS_TechHub_IMP_THIDDIAXL003_Cas9_PhoX_DIA12_CV486075_250ng_FAIMS_002 P1_SSFEKNPIDFLEAK P2_KDLIIKLPK 5 6,DIA12_CV486075:20251228_A2_N1_Mueller_MS_TechHub_IMP_THIDDIAXL003_Cas9_PhoX_DIA12_CV486075_250ng_FAIMS_002,711684,,,Q99ZW2,,,false,Q99ZW2,Q99ZW2,,false,KDLIIKLPK,SSFEKNPIDFLEAK,1192,1172,6,5,1197,1176,,-1,4,0,1.007276,9.518862
Scan: 1598812 Run: DIA12_CV486075:20251228_A2_N1_Mueller_MS_TechHub_IMP_THIDDIAXL003_Cas9_PhoX_DIA12_CV486075_250ng_FAIMS_003 P1_KPAFLSGEQKK P2_GKSDNVPSEEVVK 10 2,DIA12_CV486075:20251228_A2_N1_Mueller_MS_TechHub_IMP_THIDDIAXL003_Cas9_PhoX_DIA12_CV486075_250ng_FAIMS_003,1598812,,,Q99ZW2,,,false,Q99ZW2,Q99ZW2,,false,GKSDNVPSEEVVK,KPAFLSGEQKK,865,536,2,10,866,545,,-1,4,0,1.007276,9.518738
Scan: 261603 Run: DIA12_CV486075:20251228_A2_N1_Mueller_MS_TechHub_IMP_THIDDIAXL003_Cas9_PhoX_DIA12_CV486075_250ng_FAIMS_001 P1_YKEIFFDQSK P2_EVKVITLK 2 3,DIA12_CV486075:20251228_A2_N1_Mueller_MS_TechHub_IMP_THIDDIAXL003_Cas9_PhoX_DIA12_CV486075_250ng_FAIMS_001,261603,,,Q99ZW2,,,false,Q99ZW2,Q99ZW2,,false,EVKVITLK,YKEIFFDQSK,952,347,3,2,954,348,,-1,3,0,1.007276,9.51793
Scan: 844492 Run: DIA12_CV486075:20251228_A2_N1_Mueller_MS_TechHub_IMP_THIDDIAXL003_Cas9_PhoX_DIA12_CV486075_250ng_FAIMS_002 P1_YDEHHQDLTLLKALVR P2_LEESFLVEEDKK 12 11,DIA12_CV486075:20251228_A2_N1_Mueller_MS_TechHub_IMP_THIDDIAXL003_Cas9_PhoX_DIA12_CV486075_250ng_FAIMS_002,844492,,,Q99ZW2,,,false,Q99ZW2,Q99ZW2,,false,LEESFLVEEDKK,YDEHHQDLTLLKALVR,101,325,11,12,111,336,,-1,4,0,1.007276,9.517928
Scan: 1162496 Run: DIA12_CV486075:20251228_A2_N1_Mueller_MS_TechHub_IMP_THIDDIAXL003_Cas9_PhoX_DIA12_CV486075_250ng_FAIMS_002 P1_KFDNLTKAER P2_ELGSQILKEHPVENTQLQNEK 7 8,DIA12_CV486075:20251228_A2_N1_Mueller_MS_TechHub_IMP_THIDDIAXL003_Cas9_PhoX_DIA12_CV486075_250ng_FAIMS_002,1162496,,,Q99ZW2,,,false,Q99ZW2,Q99ZW2,,false,ELGSQILKEHPVENTQLQNEK,KFDNLTKAER,790,896,8,7,797,902,,-1,4,0,1.007276,9.5163
Scan: 887950 Run: DIA12_CV486075:20251228_A2_N1_Mueller_MS_TechHub_IMP_THIDDIAXL003_Cas9_PhoX_DIA12_CV486075_250ng_FAIMS_002 P1_SEETITPWNFEEVVDKGASAQSFIER P2_EKIEKILTFR 16 2,DIA12_CV486075:20251228_A2_N1_Mueller_MS_TechHub_IMP_THIDDIAXL003_Cas9_PhoX_DIA12_CV486075_250ng_FAIMS_002,887950,,,Q99ZW2,,,false,Q99ZW2,Q99ZW2,,false,EKIEKILTFR,SEETITPWNFEEVVDKGASAQSFIER,438,469,2,16,439,484,,-1,4,0,1.007276,9.516097
Scan: 94135 Run: DIA12_CV486075:20251228_A2_N1_Mueller_MS_TechHub_IMP_THIDDIAXL003_Cas9_PhoX_DIA12_CV486075_250ng_FAIMS_001 P1_SEQEIGKATAK P2_KKDWDPK 7 1,DIA12_CV486075:20251228_A2_N1_Mueller_MS_TechHub_IMP_THIDDIAXL003_Cas9_PhoX_DIA12_CV486075_250ng_FAIMS_001,94135,,,Q99ZW2,,,false,Q99ZW2,Q99ZW2,,false,KKDWDPK,SEQEIGKATAK,1123,1025,1,7,1123,1031,,-1,3,0,1.007276,9.515074
Scan: 868517 Run: DIA12_CV486075:20251228_A2_N1_Mueller_MS_TechHub_IMP_THIDDIAXL003_Cas9_PhoX_DIA12_CV486075_250ng_FAIMS_002 P1_QQLPEKYK P2_EIFFDQSKNGYAGYIDGGASQEEFYK 6 8,DIA12_CV486075:20251228_A2_N1_Mueller_MS_TechHub_IMP_THIDDIAXL003_Cas9_PhoX_DIA12_CV486075_250ng_FAIMS_002,868517,,,Q99ZW2,,,false,Q99ZW2,Q99ZW2,,false,EIFFDQSKNGYAGYIDGGASQEEFYK,QQLPEKYK,349,341,8,6,356,346,,-1,4,0,1.007276,9.514887
Scan: 525859 Run: DIA12_CV486075:20251228_A2_N1_Mueller_MS_TechHub_IMP_THIDDIAXL003_Cas9_PhoX_DIA12_CV486075_250ng_FAIMS_001 P1_ELGSQILKEHPVENTQLQNEK P2_ELGSQILKEHPVENTQLQNEK 8 8,DIA12_CV486075:20251228_A2_N1_Mueller_MS_TechHub_IMP_THIDDIAXL003_Cas9_PhoX_DIA12_CV486075_250ng_FAIMS_001,525859,,,Q99ZW2,,,false,Q99ZW2,Q99ZW2,,false,ELGSQILKEHPVENTQLQNEK,ELGSQILKEHPVENTQLQNEK,790,790,8,8,797,797,,-1,5,0,1.007276,9.514801
Scan: 1158306 Run: DIA12_CV486075:20251228_A2_N1_Mueller_MS_TechHub_IMP_THIDDIAXL003_Cas9_PhoX_DIA12_CV486075_250ng_FAIMS_002 P1_SEQEIGKATAK P2_KFDNLTK 7 1,DIA12_CV486075:20251228_A2_N1_Mueller_MS_TechHub_IMP_THIDDIAXL003_Cas9_PhoX_DIA12_CV486075_250ng_FAIMS_002,1158306,,,Q99ZW2,,,false,Q99ZW2,Q99ZW2,,false,KFDNLTK,SEQEIGKATAK,896,1025,1,7,896,1031,,-1,3,0,1.007276,9.51458
Scan: 513010 Run: DIA12_CV486075:20251228_A2_N1_Mueller_MS_TechHub_IMP_THIDDIAXL003_Cas9_PhoX_DIA12_CV486075_250ng_FAIMS_001 P1_IEEGIKELGSQILK P2_GQKNSR 6 3,DIA12_CV486075:20251228_A2_N1_Mueller_MS_TechHub_IMP_THIDDIAXL003_Cas9_PhoX_DIA12_CV486075_250ng_FAIMS_001,513010,,,Q99ZW2,,,false,Q99ZW2,Q99ZW2,,false,GQKNSR,IEEGIKELGSQILK,773,784,3,6,775,789,,-1,3,0,1.007276,9.514105
Scan: 256115 Run: DIA12_CV486075:20251228_A2_N1_Mueller_MS_TechHub_IMP_THIDDIAXL003_Cas9_PhoX_DIA12_CV486075_250ng_FAIMS_001 P1_YKEIFFDQSK P2_LDAKDTSDVLR 2 4,DIA12_CV486075:20251228_A2_N1_Mueller_MS_TechHub_IMP_THIDDIAXL003_Cas9_PhoX_DIA12_CV486075_250ng_FAIMS_001,256115,,,decoy:Q99ZW2,decoy,decoy,true,Q99ZW2,Q99ZW2,,false,LDAKDTSDVLR,YKEIFFDQSK,142,347,4,2,145,348,,-1,3,0,1.007276,9.513685
Scan: 1643874 Run: DIA12_CV486075:20251228_A2_N1_Mueller_MS_TechHub_IMP_THIDDIAXL003_Cas9_PhoX_DIA12_CV486075_250ng_FAIMS_003 P1_NAFGDSKLFDLITR P2_EHPVENTQLQNEKLYLYYLQNGR 7 13,DIA12_CV486075:20251228_A2_N1_Mueller_MS_TechHub_IMP_THIDDIAXL003_Cas9_PhoX_DIA12_CV486075_250ng_FAIMS_003,1643874,,,Q99ZW2,,,false,decoy:Q99ZW2,decoy,decoy,true,EHPVENTQLQNEKLYLYYLQNGR,NAFGDSKLFDLITR,798,678,13,7,810,684,,-1,4,0,1.007276,9.513663
Scan: 1093571 Run: DIA12_CV486075:20251228_A2_N1_Mueller_MS_TechHub_IMP_THIDDIAXL003_Cas9_PhoX_DIA12_CV486075_250ng_FAIMS_002 P1_GILQTVKVVDELVK P2_EDIQKAQVSGQGDSLHEHIANLAGSPAIK 7 5,DIA12_CV486075:20251228_A2_N1_Mueller_MS_TechHub_IMP_THIDDIAXL003_Cas9_PhoX_DIA12_CV486075_250ng_FAIMS_002,1093571,,,Q99ZW2,,,false,Q99ZW2,Q99ZW2,,false,EDIQKAQVSGQGDSLHEHIANLAGSPAIK,GILQTVKVVDELVK,706,736,5,7,710,742,,-1,4,0,1.007276,9.513093
Scan: 769664 Run: DIA12_CV486075:20251228_A2_N1_Mueller_MS_TechHub_IMP_THIDDIAXL003_Cas9_PhoX_DIA12_CV486075_250ng_FAIMS_002 P1_VLSAYNKHR P2_GSPEDNEQKQLFVEQHK 7 9,DIA12_CV486075:20251228_A2_N1_Mueller_MS_TechHub_IMP_THIDDIAXL003_Cas9_PhoX_DIA12_CV486075_250ng_FAIMS_002,769664,,,Q99ZW2,,,false,Q99ZW2,Q99ZW2,,false,GSPEDNEQKQLFVEQHK,VLSAYNKHR,1247,1290,9,7,1255,1296,,-1,4,0,1.007276,9.512523
Scan: 381720 Run: DIA12_CV486075:20251228_A2_N1_Mueller_MS_TechHub_IMP_THIDDIAXL003_Cas9_PhoX_DIA12_CV486075_250ng_FAIMS_001 P1_KPAFLSGEQK P2_KFKVLGNTDR 1 3,DIA12_CV486075:20251228_A2_N1_Mueller_MS_TechHub_IMP_THIDDIAXL003_Cas9_PhoX_DIA12_CV486075_250ng_FAIMS_001,381720,,,Q99ZW2,,,false,Q99ZW2,Q99ZW2,,false,KFKVLGNTDR,KPAFLSGEQK,31,536,3,1,33,536,,-1,3,0,1.007276,9.511641
Scan: 738081 Run: DIA12_CV486075:20251228_A2_N1_Mueller_MS_TechHub_IMP_THIDDIAXL003_Cas9_PhoX_DIA12_CV486075_250ng_FAIMS_002 P1_KSEETITPWNFEEVVDK P2_DLIIKLPK 1 5,DIA12_CV486075:20251228_A2_N1_Mueller_MS_TechHub_IMP_THIDDIAXL003_Cas9_PhoX_DIA12_CV486075_250ng_FAIMS_002,738081,,,Q99ZW2,,,false,Q99ZW2,Q99ZW2,,false,DLIIKLPK,KSEETITPWNFEEVVDK,1193,468,5,1,1197,468,,-1,3,0,1.007276,9.510753
Scan: 1610622 Run: DIA12_CV486075:20251228_A2_N1_Mueller_MS_TechHub_IMP_THIDDIAXL003_Cas9_PhoX_DIA12_CV486075_250ng_FAIMS_003 P1_KVTVK P2_KIECFDSVEISGVEDR 1 1,DIA12_CV486075:20251228_A2_N1_Mueller_MS_TechHub_IMP_THIDDIAXL003_Cas9_PhoX_DIA12_CV486075_250ng_FAIMS_003,1610622,,,Q99ZW2,,,false,Q99ZW2,Q99ZW2,,false,KIECFDSVEISGVEDR,KVTVK,571,558,1,1,571,558,,-1,3,0,1.007276,9.510318
Scan: 759493 Run: DIA12_CV486075:20251228_A2_N1_Mueller_MS_TechHub_IMP_THIDDIAXL003_Cas9_PhoX_DIA12_CV486075_250ng_FAIMS_002 P1_LKGSPEDNEQK P2_GNELALPSKYVNFLYLASHYEK 2 9,DIA12_CV486075:20251228_A2_N1_Mueller_MS_TechHub_IMP_THIDDIAXL003_Cas9_PhoX_DIA12_CV486075_250ng_FAIMS_002,759493,,,Q99ZW2,,,false,Q99ZW2,Q99ZW2,,false,GNELALPSKYVNFLYLASHYEK,LKGSPEDNEQK,1223,1245,9,2,1231,1246,,-1,4,0,1.007276,9.510162
Scan: 802117 Run: DIA12_CV486075:20251228_A2_N1_Mueller_MS_TechHub_IMP_THIDDIAXL003_Cas9_PhoX_DIA12_CV486075_250ng_FAIMS_002 P1_NKDSR P2_KLVDSTDK 2 1,DIA12_CV486075:20251228_A2_N1_Mueller_MS_TechHub_IMP_THIDDIAXL003_Cas9_PhoX_DIA12_CV486075_250ng_FAIMS_002,802117,,,Q99ZW2,,,false,decoy:Q99ZW2,decoy,decoy,true,KLVDSTDK,NKDSR,141,860,1,2,141,861,,-1,3,0,1.007276,9.50925
Scan: 0 Run: DIA12_CV486075:20251228_A2_N1_Mueller_MS_TechHub_IMP_THIDDIAXL003_Cas9_PhoX_DIA12_CV486075_250ng_FAIMS_001 P1_KYPKLESEFVYGDYK P2_KDWDPK 1 1,DIA12_CV486075:20251228_A2_N1_Mueller_MS_TechHub_IMP_THIDDIAXL003_Cas9_PhoX_DIA12_CV486075_250ng_FAIMS_001,0,,,Q99ZW2,,,false,Q99ZW2,Q99ZW2,,false,KDWDPK,KYPKLESEFVYGDYK,1124,1000,1,1,1124,1000,,-1,4,0,1.007276,9.508578
Scan: 695478 Run: DIA12_CV486075:20251228_A2_N1_Mueller_MS_TechHub_IMP_THIDDIAXL003_Cas9_PhoX_DIA12_CV486075_250ng_FAIMS_002 P1_SSFEKNPIDFLEAK P2_KKDWDPK 5 2,DIA12_CV486075:20251228_A2_N1_Mueller_MS_TechHub_IMP_THIDDIAXL003_Cas9_PhoX_DIA12_CV486075_250ng_FAIMS_002,695478,,,Q99ZW2,,,false,Q99ZW2,Q99ZW2,,false,KKDWDPK,SSFEKNPIDFLEAK,1123,1172,2,5,1124,1176,,-1,4,0,1.007276,9.507913
Scan: 1209340 Run: DIA12_CV486075:20251228_A2_N1_Mueller_MS_TechHub_IMP_THIDDIAXL003_Cas9_PhoX_DIA12_CV486075_250ng_FAIMS_003 P1_SEQEIGKATAK P2_KRPLIETNGETGEIVWDK 7 1,DIA12_CV486075:20251228_A2_N1_Mueller_MS_TechHub_IMP_THIDDIAXL003_Cas9_PhoX_DIA12_CV486075_250ng_FAIMS_003,1209340,,,Q99ZW2,,,false,Q99ZW2,Q99ZW2,,false,KRPLIETNGETGEIVWDK,SEQEIGKATAK,1059,1025,1,7,1059,1031,,-1,5,0,1.007276,9.507844
Scan: 825674 Run: DIA12_CV486075:20251228_A2_N1_Mueller_MS_TechHub_IMP_THIDDIAXL003_Cas9_PhoX_DIA12_CV486075_250ng_FAIMS_002 P1_SNFDLAEDAKLQLSK P2_KGILQTVK 10 1,DIA12_CV486075:20251228_A2_N1_Mueller_MS_TechHub_IMP_THIDDIAXL003_Cas9_PhoX_DIA12_CV486075_250ng_FAIMS_002,825674,,,Q99ZW2,,,false,Q99ZW2,Q99ZW2,,false,KGILQTVK,SNFDLAEDAKLQLSK,735,254,1,10,735,263,,-1,4,0,1.007276,9.5077
Scan: 373750 Run: DIA12_CV486075:20251228_A2_N1_Mueller_MS_TechHub_IMP_THIDDIAXL003_Cas9_PhoX_DIA12_CV486075_250ng_FAIMS_001 P1_VKYVTEGMR P2_KDWDPK 2 1,DIA12_CV486075:20251228_A2_N1_Mueller_MS_TechHub_IMP_THIDDIAXL003_Cas9_PhoX_DIA12_CV486075_250ng_FAIMS_001,373750,,,Q99ZW2,,,false,Q99ZW2,Q99ZW2,,false,KDWDPK,VKYVTEGMR,1124,527,1,2,1124,528,,-1,3,0,1.007276,9.507391
Scan: 255155 Run: DIA12_CV486075:20251228_A2_N1_Mueller_MS_TechHub_IMP_THIDDIAXL003_Cas9_PhoX_DIA12_CV486075_250ng_FAIMS_001 P1_YKEIFFDQSK P2_NPIDFLEAKGYK 2 9,DIA12_CV486075:20251228_A2_N1_Mueller_MS_TechHub_IMP_THIDDIAXL003_Cas9_PhoX_DIA12_CV486075_250ng_FAIMS_001,255155,,,Q99ZW2,,,false,Q99ZW2,Q99ZW2,,false,NPIDFLEAKGYK,YKEIFFDQSK,1177,347,9,2,1185,348,,-1,4,0,1.007276,9.507165
Scan: 583223 Run: DIA12_CV486075:20251228_A2_N1_Mueller_MS_TechHub_IMP_THIDDIAXL003_Cas9_PhoX_DIA12_CV486075_250ng_FAIMS_001 P1_LESEFVYGDYKVYDVR P2_ILKDNEDYR 11 3,DIA12_CV486075:20251228_A2_N1_Mueller_MS_TechHub_IMP_THIDDIAXL003_Cas9_PhoX_DIA12_CV486075_250ng_FAIMS_001,583223,,,decoy:Q99ZW2,decoy,decoy,true,Q99ZW2,Q99ZW2,,false,ILKDNEDYR,LESEFVYGDYKVYDVR,943,1004,3,11,945,1014,,-1,4,0,1.007276,9.506332
Scan: 712744 Run: DIA12_CV486075:20251228_A2_N1_Mueller_MS_TechHub_IMP_THIDDIAXL003_Cas9_PhoX_DIA12_CV486075_250ng_FAIMS_002 P1_SSFEKNPIDFLEAK P2_KNGLFGNLIALSLGLTPNFK 5 1,DIA12_CV486075:20251228_A2_N1_Mueller_MS_TechHub_IMP_THIDDIAXL003_Cas9_PhoX_DIA12_CV486075_250ng_FAIMS_002,712744,,,Q99ZW2,,,false,Q99ZW2,Q99ZW2,,false,KNGLFGNLIALSLGLTPNFK,SSFEKNPIDFLEAK,234,1172,1,5,234,1176,,-1,4,0,1.007276,9.506039
Scan: 1392253 Run: DIA12_CV486075:20251228_A2_N1_Mueller_MS_TechHub_IMP_THIDDIAXL003_Cas9_PhoX_DIA12_CV486075_250ng_FAIMS_003 P1_YTSTKEVLDATLIHQSITGLYETR P2_KDWDPK 5 1,DIA12_CV486075:20251228_A2_N1_Mueller_MS_TechHub_IMP_THIDDIAXL003_Cas9_PhoX_DIA12_CV486075_250ng_FAIMS_003,1392253,,,Q99ZW2,,,false,Q99ZW2,Q99ZW2,,false,KDWDPK,YTSTKEVLDATLIHQSITGLYETR,1124,1336,1,5,1124,1340,,-1,4,0,1.007276,9.505563
Scan: 1309056 Run: DIA12_CV486075:20251228_A2_N1_Mueller_MS_TechHub_IMP_THIDDIAXL003_Cas9_PhoX_DIA12_CV486075_250ng_FAIMS_003 P1_SSFEKNPIDFLEAK P2_DLIIKLPK 5 5,DIA12_CV486075:20251228_A2_N1_Mueller_MS_TechHub_IMP_THIDDIAXL003_Cas9_PhoX_DIA12_CV486075_250ng_FAIMS_003,1309056,,,Q99ZW2,,,false,Q99ZW2,Q99ZW2,,false,DLIIKLPK,SSFEKNPIDFLEAK,1193,1172,5,5,1197,1176,,-1,4,0,1.007276,9.505461
Scan: 1597644 Run: DIA12_CV486075:20251228_A2_N1_Mueller_MS_TechHub_IMP_THIDDIAXL003_Cas9_PhoX_DIA12_CV486075_250ng_FAIMS_003 P1_KPAFLSGEQKK P2_IEKILTFR 10 3,DIA12_CV486075:20251228_A2_N1_Mueller_MS_TechHub_IMP_THIDDIAXL003_Cas9_PhoX_DIA12_CV486075_250ng_FAIMS_003,1597644,,,Q99ZW2,,,false,Q99ZW2,Q99ZW2,,false,IEKILTFR,KPAFLSGEQKK,440,536,3,10,442,545,,-1,4,0,1.007276,9.505252
Scan: 561150 Run: DIA12_CV486075:20251228_A2_N1_Mueller_MS_TechHub_IMP_THIDDIAXL003_Cas9_PhoX_DIA12_CV486075_250ng_FAIMS_001 P1_KLINGIR P2_KFDNLTK 1 1,DIA12_CV486075:20251228_A2_N1_Mueller_MS_TechHub_IMP_THIDDIAXL003_Cas9_PhoX_DIA12_CV486075_250ng_FAIMS_001,561150,,,Q99ZW2,,,false,Q99ZW2,Q99ZW2,,false,KFDNLTK,KLINGIR,896,665,1,1,896,665,,-1,3,0,1.007276,9.504427
Scan: 1046846 Run: DIA12_CV486075:20251228_A2_N1_Mueller_MS_TechHub_IMP_THIDDIAXL003_Cas9_PhoX_DIA12_CV486075_250ng_FAIMS_002 P1_TILDFLKSDGFANR P2_EVKVITLK 7 3,DIA12_CV486075:20251228_A2_N1_Mueller_MS_TechHub_IMP_THIDDIAXL003_Cas9_PhoX_DIA12_CV486075_250ng_FAIMS_002,1046846,,,Q99ZW2,,,false,Q99ZW2,Q99ZW2,,false,EVKVITLK,TILDFLKSDGFANR,952,678,3,7,954,684,,-1,4,0,1.007276,9.504282
Scan: 242371 Run: DIA12_CV486075:20251228_A2_N1_Mueller_MS_TechHub_IMP_THIDDIAXL003_Cas9_PhoX_DIA12_CV486075_250ng_FAIMS_001 P1_FKVLGNTDR P2_DKPIR 2 2,DIA12_CV486075:20251228_A2_N1_Mueller_MS_TechHub_IMP_THIDDIAXL003_Cas9_PhoX_DIA12_CV486075_250ng_FAIMS_001,242371,,,Q99ZW2,,,false,Q99ZW2,Q99ZW2,,false,DKPIR,FKVLGNTDR,1299,32,2,2,1300,33,,-1,3,0,1.007276,9.504028
Scan: 594461 Run: DIA12_CV486075:20251228_A2_N1_Mueller_MS_TechHub_IMP_THIDDIAXL003_Cas9_PhoX_DIA12_CV486075_250ng_FAIMS_001 P1_KDFQFYK P2_ENQTTQKGQK 1 7,DIA12_CV486075:20251228_A2_N1_Mueller_MS_TechHub_IMP_THIDDIAXL003_Cas9_PhoX_DIA12_CV486075_250ng_FAIMS_001,594461,,,Q99ZW2,,,false,Q99ZW2,Q99ZW2,,false,ENQTTQKGQK,KDFQFYK,766,968,7,1,772,968,,-1,4,0,1.007276,9.503791
Scan: 1610051 Run: DIA12_CV486075:20251228_A2_N1_Mueller_MS_TechHub_IMP_THIDDIAXL003_Cas9_PhoX_DIA12_CV486075_250ng_FAIMS_003 P1_YKEIFFDQSK P2_KIECFDSVEISGVEDR 2 1,DIA12_CV486075:20251228_A2_N1_Mueller_MS_TechHub_IMP_THIDDIAXL003_Cas9_PhoX_DIA12_CV486075_250ng_FAIMS_003,1610051,,,Q99ZW2,,,false,Q99ZW2,Q99ZW2,,false,KIECFDSVEISGVEDR,YKEIFFDQSK,571,347,1,2,571,348,,-1,4,0,1.007276,9.50379
Scan: 1450891 Run: DIA12_CV486075:20251228_A2_N1_Mueller_MS_TechHub_IMP_THIDDIAXL003_Cas9_PhoX_DIA12_CV486075_250ng_FAIMS_003 P1_YKEIFFDQSK P2_HPIFGNIVDEVAYHEKYPTIYHLR 2 16,DIA12_CV486075:20251228_A2_N1_Mueller_MS_TechHub_IMP_THIDDIAXL003_Cas9_PhoX_DIA12_CV486075_250ng_FAIMS_003,1450891,,,Q99ZW2,,,false,Q99ZW2,Q99ZW2,,false,HPIFGNIVDEVAYHEKYPTIYHLR,YKEIFFDQSK,116,347,16,2,131,348,,-1,4,0,1.007276,9.503679
Scan: 732777 Run: DIA12_CV486075:20251228_A2_N1_Mueller_MS_TechHub_IMP_THIDDIAXL003_Cas9_PhoX_DIA12_CV486075_250ng_FAIMS_002 P1_TEVQTGGFSKESILPK P2_KDLIIK 10 1,DIA12_CV486075:20251228_A2_N1_Mueller_MS_TechHub_IMP_THIDDIAXL003_Cas9_PhoX_DIA12_CV486075_250ng_FAIMS_002,732777,,,Q99ZW2,,,false,Q99ZW2,Q99ZW2,,false,KDLIIK,TEVQTGGFSKESILPK,1192,1098,1,10,1192,1107,,-1,3,0,1.007276,9.503363
Scan: 887490 Run: DIA12_CV486075:20251228_A2_N1_Mueller_MS_TechHub_IMP_THIDDIAXL003_Cas9_PhoX_DIA12_CV486075_250ng_FAIMS_002 P1_QEDFYPFLKDNR P2_KFDNLTK 9 1,DIA12_CV486075:20251228_A2_N1_Mueller_MS_TechHub_IMP_THIDDIAXL003_Cas9_PhoX_DIA12_CV486075_250ng_FAIMS_002,887490,,,Q99ZW2,,,false,Q99ZW2,Q99ZW2,,false,KFDNLTK,QEDFYPFLKDNR,896,426,1,9,896,434,,-1,4,0,1.007276,9.503221
Scan: 187179 Run: DIA12_CV486075:20251228_A2_N1_Mueller_MS_TechHub_IMP_THIDDIAXL003_Cas9_PhoX_DIA12_CV486075_250ng_FAIMS_001 P1_VLSAYNKHR P2_DKPIR 7 2,DIA12_CV486075:20251228_A2_N1_Mueller_MS_TechHub_IMP_THIDDIAXL003_Cas9_PhoX_DIA12_CV486075_250ng_FAIMS_001,187179,,,Q99ZW2,,,false,Q99ZW2,Q99ZW2,,false,DKPIR,VLSAYNKHR,1299,1290,2,7,1300,1296,,-1,5,0,1.007276,9.503114
Scan: 1494449 Run: DIA12_CV486075:20251228_A2_N1_Mueller_MS_TechHub_IMP_THIDDIAXL003_Cas9_PhoX_DIA12_CV486075_250ng_FAIMS_003 P1_KVLSMPQVNIVK P2_KSEETITPWNFEEVVDK 1 1,DIA12_CV486075:20251228_A2_N1_Mueller_MS_TechHub_IMP_THIDDIAXL003_Cas9_PhoX_DIA12_CV486075_250ng_FAIMS_003,1494449,,,Q99ZW2,,,false,Q99ZW2,Q99ZW2,,false,KSEETITPWNFEEVVDK,KVLSMPQVNIVK,468,1085,1,1,468,1085,,-1,3,0,1.007276,9.502785
Scan: 1329132 Run: DIA12_CV486075:20251228_A2_N1_Mueller_MS_TechHub_IMP_THIDDIAXL003_Cas9_PhoX_DIA12_CV486075_250ng_FAIMS_003 P1_NPIDFLEAKGYK P2_DLIIKLPK 9 5,DIA12_CV486075:20251228_A2_N1_Mueller_MS_TechHub_IMP_THIDDIAXL003_Cas9_PhoX_DIA12_CV486075_250ng_FAIMS_003,1329132,,,Q99ZW2,,,false,Q99ZW2,Q99ZW2,,false,DLIIKLPK,NPIDFLEAKGYK,1193,1177,5,9,1197,1185,,-1,4,0,1.007276,9.502685
Scan: 1310118 Run: DIA12_CV486075:20251228_A2_N1_Mueller_MS_TechHub_IMP_THIDDIAXL003_Cas9_PhoX_DIA12_CV486075_250ng_FAIMS_003 P1_SSFEKNPIDFLEAK P2_LENLIAQLPGEKK 5 12,DIA12_CV486075:20251228_A2_N1_Mueller_MS_TechHub_IMP_THIDDIAXL003_Cas9_PhoX_DIA12_CV486075_250ng_FAIMS_003,1310118,,,Q99ZW2,,,false,Q99ZW2,Q99ZW2,,false,LENLIAQLPGEKK,SSFEKNPIDFLEAK,222,1172,12,5,233,1176,,-1,4,0,1.007276,9.502397
Scan: 542896 Run: DIA12_CV486075:20251228_A2_N1_Mueller_MS_TechHub_IMP_THIDDIAXL003_Cas9_PhoX_DIA12_CV486075_250ng_FAIMS_001 P1_KFDNLTK P2_DDSIDNKVLTR 1 7,DIA12_CV486075:20251228_A2_N1_Mueller_MS_TechHub_IMP_THIDDIAXL003_Cas9_PhoX_DIA12_CV486075_250ng_FAIMS_001,542896,,,Q99ZW2,,,false,Q99ZW2,Q99ZW2,,false,DDSIDNKVLTR,KFDNLTK,849,896,7,1,855,896,,-1,3,0,1.007276,9.502039
Scan: 1575701 Run: DIA12_CV486075:20251228_A2_N1_Mueller_MS_TechHub_IMP_THIDDIAXL003_Cas9_PhoX_DIA12_CV486075_250ng_FAIMS_003 P1_SLQLKADEALDFNSK P2_KPAFLSGEQK 5 1,DIA12_CV486075:20251228_A2_N1_Mueller_MS_TechHub_IMP_THIDDIAXL003_Cas9_PhoX_DIA12_CV486075_250ng_FAIMS_003,1575701,,,Q99ZW2,,,false,decoy:Q99ZW2,decoy,decoy,true,KPAFLSGEQK,SLQLKADEALDFNSK,536,254,1,5,536,258,,-1,4,0,1.007276,9.501018
Scan: 511253 Run: DIA12_CV486075:20251228_A2_N1_Mueller_MS_TechHub_IMP_THIDDIAXL003_Cas9_PhoX_DIA12_CV486075_250ng_FAIMS_001 P1_KKDWDPK P2_GQKNSR 1 3,DIA12_CV486075:20251228_A2_N1_Mueller_MS_TechHub_IMP_THIDDIAXL003_Cas9_PhoX_DIA12_CV486075_250ng_FAIMS_001,511253,,,Q99ZW2,,,false,Q99ZW2,Q99ZW2,,false,GQKNSR,KKDWDPK,773,1123,3,1,775,1123,,-1,3,0,1.007276,9.500962
Scan: 1560738 Run: DIA12_CV486075:20251228_A2_N1_Mueller_MS_TechHub_IMP_THIDDIAXL003_Cas9_PhoX_DIA12_CV486075_250ng_FAIMS_003 P1_VLPKHSLLYEYFTVYNELTK P2_KFDNLTK 4 1,DIA12_CV486075:20251228_A2_N1_Mueller_MS_TechHub_IMP_THIDDIAXL003_Cas9_PhoX_DIA12_CV486075_250ng_FAIMS_003,1560738,,,Q99ZW2,,,false,Q99ZW2,Q99ZW2,,false,KFDNLTK,VLPKHSLLYEYFTVYNELTK,896,507,1,4,896,510,,-1,4,0,1.007276,9.500876
Scan: 565028 Run: DIA12_CV486075:20251228_A2_N1_Mueller_MS_TechHub_IMP_THIDDIAXL003_Cas9_PhoX_DIA12_CV486075_250ng_FAIMS_001 P1_GQKNSR P2_FDNLTKAER 3 6,DIA12_CV486075:20251228_A2_N1_Mueller_MS_TechHub_IMP_THIDDIAXL003_Cas9_PhoX_DIA12_CV486075_250ng_FAIMS_001,565028,,,Q99ZW2,,,false,Q99ZW2,Q99ZW2,,false,FDNLTKAER,GQKNSR,897,773,6,3,902,775,,-1,3,0,1.007276,9.50076
Scan: 839882 Run: DIA12_CV486075:20251228_A2_N1_Mueller_MS_TechHub_IMP_THIDDIAXL003_Cas9_PhoX_DIA12_CV486075_250ng_FAIMS_002 P1_LDAKDTSDVLR P2_FKVLGNTDR 4 2,DIA12_CV486075:20251228_A2_N1_Mueller_MS_TechHub_IMP_THIDDIAXL003_Cas9_PhoX_DIA12_CV486075_250ng_FAIMS_002,839882,,,Q99ZW2,,,false,decoy:Q99ZW2,decoy,decoy,true,FKVLGNTDR,LDAKDTSDVLR,32,142,2,4,33,145,,-1,3,0,1.007276,9.50017
Scan: 1759560 Run: DIA12_CV486075:20251228_A2_N1_Mueller_MS_TechHub_IMP_THIDDIAXL003_Cas9_PhoX_DIA12_CV486075_250ng_FAIMS_003 P1_VLPKHSLLYEYFTVYNELTK P2_FDNLTKAER 4 6,DIA12_CV486075:20251228_A2_N1_Mueller_MS_TechHub_IMP_THIDDIAXL003_Cas9_PhoX_DIA12_CV486075_250ng_FAIMS_003,1759560,,,Q99ZW2,,,false,Q99ZW2,Q99ZW2,,false,FDNLTKAER,VLPKHSLLYEYFTVYNELTK,897,507,6,4,902,510,,-1,4,0,1.007276,9.500069
Scan: 816717 Run: DIA12_CV486075:20251228_A2_N1_Mueller_MS_TechHub_IMP_THIDDIAXL003_Cas9_PhoX_DIA12_CV486075_250ng_FAIMS_002 P1_NSDKLIAR P2_NGLFGNLIALSLGLTPNFKSNFDLAEDAK 4 19,DIA12_CV486075:20251228_A2_N1_Mueller_MS_TechHub_IMP_THIDDIAXL003_Cas9_PhoX_DIA12_CV486075_250ng_FAIMS_002,816717,,,Q99ZW2,,,false,Q99ZW2,Q99ZW2,,false,NGLFGNLIALSLGLTPNFKSNFDLAEDAK,NSDKLIAR,235,1115,19,4,253,1118,,-1,5,0,1.007276,9.498976
Scan: 1599941 Run: DIA12_CV486075:20251228_A2_N1_Mueller_MS_TechHub_IMP_THIDDIAXL003_Cas9_PhoX_DIA12_CV486075_250ng_FAIMS_003 P1_VTVKQLK P2_KAIVDLLFK 4 1,DIA12_CV486075:20251228_A2_N1_Mueller_MS_TechHub_IMP_THIDDIAXL003_Cas9_PhoX_DIA12_CV486075_250ng_FAIMS_003,1599941,,,Q99ZW2,,,false,Q99ZW2,Q99ZW2,,false,KAIVDLLFK,VTVKQLK,546,559,1,4,546,562,,-1,3,0,1.007276,9.498549
Scan: 1635294 Run: DIA12_CV486075:20251228_A2_N1_Mueller_MS_TechHub_IMP_THIDDIAXL003_Cas9_PhoX_DIA12_CV486075_250ng_FAIMS_003 P1_QSGKTILDFLK P2_EVKVITLK 4 3,DIA12_CV486075:20251228_A2_N1_Mueller_MS_TechHub_IMP_THIDDIAXL003_Cas9_PhoX_DIA12_CV486075_250ng_FAIMS_003,1635294,,,Q99ZW2,,,false,Q99ZW2,Q99ZW2,,false,EVKVITLK,QSGKTILDFLK,952,674,3,4,954,677,,-1,3,0,1.007276,9.498292
Scan: 1230816 Run: DIA12_CV486075:20251228_A2_N1_Mueller_MS_TechHub_IMP_THIDDIAXL003_Cas9_PhoX_DIA12_CV486075_250ng_FAIMS_003 P1_TEVQTGGFSKESILPK P2_KTEVQTGGFSK 10 1,DIA12_CV486075:20251228_A2_N1_Mueller_MS_TechHub_IMP_THIDDIAXL003_Cas9_PhoX_DIA12_CV486075_250ng_FAIMS_003,1230816,,,Q99ZW2,,,false,Q99ZW2,Q99ZW2,,false,KTEVQTGGFSK,TEVQTGGFSKESILPK,1097,1098,1,10,1097,1107,,-1,4,0,1.007276,9.498137
Scan: 587144 Run: DIA12_CV486075:20251228_A2_N1_Mueller_MS_TechHub_IMP_THIDDIAXL003_Cas9_PhoX_DIA12_CV486075_250ng_FAIMS_001 P1_YDENDKLIR P2_GQKNSR 6 3,DIA12_CV486075:20251228_A2_N1_Mueller_MS_TechHub_IMP_THIDDIAXL003_Cas9_PhoX_DIA12_CV486075_250ng_FAIMS_001,587144,,,Q99ZW2,,,false,Q99ZW2,Q99ZW2,,false,GQKNSR,YDENDKLIR,773,943,3,6,775,948,,-1,3,0,1.007276,9.497999
Scan: 39178 Run: DIA12_CV486075:20251228_A2_N1_Mueller_MS_TechHub_IMP_THIDDIAXL003_Cas9_PhoX_DIA12_CV486075_250ng_FAIMS_001 P1_VLPKHSLLYEYFTVYNELTK P2_KTEVQTGGFSK 4 1,DIA12_CV486075:20251228_A2_N1_Mueller_MS_TechHub_IMP_THIDDIAXL003_Cas9_PhoX_DIA12_CV486075_250ng_FAIMS_001,39178,,,Q99ZW2,,,false,Q99ZW2,Q99ZW2,,false,KTEVQTGGFSK,VLPKHSLLYEYFTVYNELTK,1097,507,1,4,1097,510,,-1,4,0,1.007276,9.497659
Scan: 908371 Run: DIA12_CV486075:20251228_A2_N1_Mueller_MS_TechHub_IMP_THIDDIAXL003_Cas9_PhoX_DIA12_CV486075_250ng_FAIMS_002 P1_KSEETITPWNFEEVVDKGASAQSFIER P2_KLINGIR 1 1,DIA12_CV486075:20251228_A2_N1_Mueller_MS_TechHub_IMP_THIDDIAXL003_Cas9_PhoX_DIA12_CV486075_250ng_FAIMS_002,908371,,,Q99ZW2,,,false,Q99ZW2,Q99ZW2,,false,KLINGIR,KSEETITPWNFEEVVDKGASAQSFIER,665,468,1,1,665,468,,-1,4,0,1.007276,9.497232
Scan: 1651990 Run: DIA12_CV486075:20251228_A2_N1_Mueller_MS_TechHub_IMP_THIDDIAXL003_Cas9_PhoX_DIA12_CV486075_250ng_FAIMS_003 P1_EKIEKILTFR P2_EDIQKAQVSGQGDSLHEHIANLAGSPAIK 5 5,DIA12_CV486075:20251228_A2_N1_Mueller_MS_TechHub_IMP_THIDDIAXL003_Cas9_PhoX_DIA12_CV486075_250ng_FAIMS_003,1651990,,,Q99ZW2,,,false,Q99ZW2,Q99ZW2,,false,EDIQKAQVSGQGDSLHEHIANLAGSPAIK,EKIEKILTFR,706,438,5,5,710,442,,-1,6,0,1.007276,9.497026
Scan: 1025556 Run: DIA12_CV486075:20251228_A2_N1_Mueller_MS_TechHub_IMP_THIDDIAXL003_Cas9_PhoX_DIA12_CV486075_250ng_FAIMS_002 P1_KLINGIR P2_AILKDSNR 1 4,DIA12_CV486075:20251228_A2_N1_Mueller_MS_TechHub_IMP_THIDDIAXL003_Cas9_PhoX_DIA12_CV486075_250ng_FAIMS_002,1025556,,,decoy:Q99ZW2,decoy,decoy,true,Q99ZW2,Q99ZW2,,false,AILKDSNR,KLINGIR,1115,665,4,1,1118,665,,-1,3,0,1.007276,9.496843
Scan: 1264396 Run: DIA12_CV486075:20251228_A2_N1_Mueller_MS_TechHub_IMP_THIDDIAXL003_Cas9_PhoX_DIA12_CV486075_250ng_FAIMS_003 P1_VILADANLDKVLSAYNK P2_TEVQTGGFSKESILPK 10 10,DIA12_CV486075:20251228_A2_N1_Mueller_MS_TechHub_IMP_THIDDIAXL003_Cas9_PhoX_DIA12_CV486075_250ng_FAIMS_003,1264396,,,Q99ZW2,,,false,Q99ZW2,Q99ZW2,,false,TEVQTGGFSKESILPK,VILADANLDKVLSAYNK,1098,1280,10,10,1107,1289,,-1,4,0,1.007276,9.496804
Scan: 97621 Run: DIA12_CV486075:20251228_A2_N1_Mueller_MS_TechHub_IMP_THIDDIAXL003_Cas9_PhoX_DIA12_CV486075_250ng_FAIMS_001 P1_RNSDKLIAR P2_KKDWDPK 5 2,DIA12_CV486075:20251228_A2_N1_Mueller_MS_TechHub_IMP_THIDDIAXL003_Cas9_PhoX_DIA12_CV486075_250ng_FAIMS_001,97621,,,Q99ZW2,,,false,Q99ZW2,Q99ZW2,,false,KKDWDPK,RNSDKLIAR,1123,1114,2,5,1124,1118,,-1,5,0,1.007276,9.495825
Scan: 216383 Run: DIA12_CV486075:20251228_A2_N1_Mueller_MS_TechHub_IMP_THIDDIAXL003_Cas9_PhoX_DIA12_CV486075_250ng_FAIMS_001 P1_RLENLIAQLPGEKK P2_GQKNSR 13 3,DIA12_CV486075:20251228_A2_N1_Mueller_MS_TechHub_IMP_THIDDIAXL003_Cas9_PhoX_DIA12_CV486075_250ng_FAIMS_001,216383,,,Q99ZW2,,,false,Q99ZW2,Q99ZW2,,false,GQKNSR,RLENLIAQLPGEKK,773,221,3,13,775,233,,-1,4,0,1.007276,9.495075
Scan: 1010521 Run: DIA12_CV486075:20251228_A2_N1_Mueller_MS_TechHub_IMP_THIDDIAXL003_Cas9_PhoX_DIA12_CV486075_250ng_FAIMS_002 P1_QLKEDYFK P2_KAIVDLLFK 3 1,DIA12_CV486075:20251228_A2_N1_Mueller_MS_TechHub_IMP_THIDDIAXL003_Cas9_PhoX_DIA12_CV486075_250ng_FAIMS_002,1010521,,,Q99ZW2,,,false,Q99ZW2,Q99ZW2,,false,KAIVDLLFK,QLKEDYFK,546,563,1,3,546,565,,-1,3,0,1.007276,9.49421
Scan: 1108066 Run: DIA12_CV486075:20251228_A2_N1_Mueller_MS_TechHub_IMP_THIDDIAXL003_Cas9_PhoX_DIA12_CV486075_250ng_FAIMS_002 P1_KFDNLTK P2_ENQTTQKGQK 1 7,DIA12_CV486075:20251228_A2_N1_Mueller_MS_TechHub_IMP_THIDDIAXL003_Cas9_PhoX_DIA12_CV486075_250ng_FAIMS_002,1108066,,,Q99ZW2,,,false,Q99ZW2,Q99ZW2,,false,ENQTTQKGQK,KFDNLTK,766,896,7,1,772,896,,-1,3,0,1.007276,9.491899
Scan: 1453448 Run: DIA12_CV486075:20251228_A2_N1_Mueller_MS_TechHub_IMP_THIDDIAXL003_Cas9_PhoX_DIA12_CV486075_250ng_FAIMS_003 P1_YKEIFFDQSK P2_EKIEKILTFR 2 5,DIA12_CV486075:20251228_A2_N1_Mueller_MS_TechHub_IMP_THIDDIAXL003_Cas9_PhoX_DIA12_CV486075_250ng_FAIMS_003,1453448,,,Q99ZW2,,,false,Q99ZW2,Q99ZW2,,false,EKIEKILTFR,YKEIFFDQSK,438,347,5,2,442,348,,-1,3,0,1.007276,9.491788
Scan: 1389789 Run: DIA12_CV486075:20251228_A2_N1_Mueller_MS_TechHub_IMP_THIDDIAXL003_Cas9_PhoX_DIA12_CV486075_250ng_FAIMS_003 P1_KDWDPK P2_EQAENIIHLFTLTNLGAPAAFKYFDTTIDR 1 22,DIA12_CV486075:20251228_A2_N1_Mueller_MS_TechHub_IMP_THIDDIAXL003_Cas9_PhoX_DIA12_CV486075_250ng_FAIMS_003,1389789,,,Q99ZW2,,,false,Q99ZW2,Q99ZW2,,false,EQAENIIHLFTLTNLGAPAAFKYFDTTIDR,KDWDPK,1304,1124,22,1,1325,1124,,-1,5,0,1.007276,9.491328
Scan: 242615 Run: DIA12_CV486075:20251228_A2_N1_Mueller_MS_TechHub_IMP_THIDDIAXL003_Cas9_PhoX_DIA12_CV486075_250ng_FAIMS_001 P1_KFKVLGNTDR P2_FKVLGNTDR 1 2,DIA12_CV486075:20251228_A2_N1_Mueller_MS_TechHub_IMP_THIDDIAXL003_Cas9_PhoX_DIA12_CV486075_250ng_FAIMS_001,242615,,,Q99ZW2,,,false,Q99ZW2,Q99ZW2,,false,FKVLGNTDR,KFKVLGNTDR,32,31,2,1,33,31,,-1,3,0,1.007276,9.490907
Scan: 1356362 Run: DIA12_CV486075:20251228_A2_N1_Mueller_MS_TechHub_IMP_THIDDIAXL003_Cas9_PhoX_DIA12_CV486075_250ng_FAIMS_003 P1_RNSDKLIAR P2_LKGSPEDNEQK 5 2,DIA12_CV486075:20251228_A2_N1_Mueller_MS_TechHub_IMP_THIDDIAXL003_Cas9_PhoX_DIA12_CV486075_250ng_FAIMS_003,1356362,,,Q99ZW2,,,false,Q99ZW2,Q99ZW2,,false,LKGSPEDNEQK,RNSDKLIAR,1245,1114,2,5,1246,1118,,-1,4,0,1.007276,9.489768
Scan: 1686352 Run: DIA12_CV486075:20251228_A2_N1_Mueller_MS_TechHub_IMP_THIDDIAXL003_Cas9_PhoX_DIA12_CV486075_250ng_FAIMS_003 P1_LDAKDTSDVLR P2_GILQTVKVVDELVK 4 7,DIA12_CV486075:20251228_A2_N1_Mueller_MS_TechHub_IMP_THIDDIAXL003_Cas9_PhoX_DIA12_CV486075_250ng_FAIMS_003,1686352,,,Q99ZW2,,,false,decoy:Q99ZW2,decoy,decoy,true,GILQTVKVVDELVK,LDAKDTSDVLR,736,142,7,4,742,145,,-1,4,0,1.007276,9.489746
Scan: 986853 Run: DIA12_CV486075:20251228_A2_N1_Mueller_MS_TechHub_IMP_THIDDIAXL003_Cas9_PhoX_DIA12_CV486075_250ng_FAIMS_002 P1_QLLNAKLITQR P2_KPAFLSGEQK 6 1,DIA12_CV486075:20251228_A2_N1_Mueller_MS_TechHub_IMP_THIDDIAXL003_Cas9_PhoX_DIA12_CV486075_250ng_FAIMS_002,986853,,,Q99ZW2,,,false,Q99ZW2,Q99ZW2,,false,KPAFLSGEQK,QLLNAKLITQR,536,885,1,6,536,890,,-1,4,0,1.007276,9.489258
Scan: 1582258 Run: DIA12_CV486075:20251228_A2_N1_Mueller_MS_TechHub_IMP_THIDDIAXL003_Cas9_PhoX_DIA12_CV486075_250ng_FAIMS_003 P1_QSGKTILDFLK P2_KPAFLSGEQK 4 1,DIA12_CV486075:20251228_A2_N1_Mueller_MS_TechHub_IMP_THIDDIAXL003_Cas9_PhoX_DIA12_CV486075_250ng_FAIMS_003,1582258,,,Q99ZW2,,,false,Q99ZW2,Q99ZW2,,false,KPAFLSGEQK,QSGKTILDFLK,536,674,1,4,536,677,,-1,3,0,1.007276,9.489087
Scan: 1539153 Run: DIA12_CV486075:20251228_A2_N1_Mueller_MS_TechHub_IMP_THIDDIAXL003_Cas9_PhoX_DIA12_CV486075_250ng_FAIMS_003 P1_SEETITPWNFEEVVDKGASAQSFIER P2_FIKPILEK 16 3,DIA12_CV486075:20251228_A2_N1_Mueller_MS_TechHub_IMP_THIDDIAXL003_Cas9_PhoX_DIA12_CV486075_250ng_FAIMS_003,1539153,,,Q99ZW2,,,false,Q99ZW2,Q99ZW2,,false,FIKPILEK,SEETITPWNFEEVVDKGASAQSFIER,375,469,3,16,377,484,,-1,4,0,1.007276,9.488767
Scan: 613898 Run: DIA12_CV486075:20251228_A2_N1_Mueller_MS_TechHub_IMP_THIDDIAXL003_Cas9_PhoX_DIA12_CV486075_250ng_FAIMS_002 P1_SEQEIGKATAK P2_GQKNSR 7 3,DIA12_CV486075:20251228_A2_N1_Mueller_MS_TechHub_IMP_THIDDIAXL003_Cas9_PhoX_DIA12_CV486075_250ng_FAIMS_002,613898,,,Q99ZW2,,,false,Q99ZW2,Q99ZW2,,false,GQKNSR,SEQEIGKATAK,773,1025,3,7,775,1031,,-1,3,0,1.007276,9.487878
Scan: 1635162 Run: DIA12_CV486075:20251228_A2_N1_Mueller_MS_TechHub_IMP_THIDDIAXL003_Cas9_PhoX_DIA12_CV486075_250ng_FAIMS_003 P1_QSGKTILDFLK P2_GKSDNVPSEEVVK 4 2,DIA12_CV486075:20251228_A2_N1_Mueller_MS_TechHub_IMP_THIDDIAXL003_Cas9_PhoX_DIA12_CV486075_250ng_FAIMS_003,1635162,,,Q99ZW2,,,false,Q99ZW2,Q99ZW2,,false,GKSDNVPSEEVVK,QSGKTILDFLK,865,674,2,4,866,677,,-1,4,0,1.007276,9.487471
Scan: 1367667 Run: DIA12_CV486075:20251228_A2_N1_Mueller_MS_TechHub_IMP_THIDDIAXL003_Cas9_PhoX_DIA12_CV486075_250ng_FAIMS_003 P1_KFDNLTK P2_GSPEDNEQKQLFVEQHK 1 9,DIA12_CV486075:20251228_A2_N1_Mueller_MS_TechHub_IMP_THIDDIAXL003_Cas9_PhoX_DIA12_CV486075_250ng_FAIMS_003,1367667,,,Q99ZW2,,,false,Q99ZW2,Q99ZW2,,false,GSPEDNEQKQLFVEQHK,KFDNLTK,1247,896,9,1,1255,896,,-1,4,0,1.007276,9.487167
Scan: 1436687 Run: DIA12_CV486075:20251228_A2_N1_Mueller_MS_TechHub_IMP_THIDDIAXL003_Cas9_PhoX_DIA12_CV486075_250ng_FAIMS_003 P1_KDWDPK P2_FKVLGNTDR 1 2,DIA12_CV486075:20251228_A2_N1_Mueller_MS_TechHub_IMP_THIDDIAXL003_Cas9_PhoX_DIA12_CV486075_250ng_FAIMS_003,1436687,,,Q99ZW2,,,false,Q99ZW2,Q99ZW2,,false,FKVLGNTDR,KDWDPK,32,1124,2,1,33,1124,,-1,3,0,1.007276,9.486845
Scan: 1162685 Run: DIA12_CV486075:20251228_A2_N1_Mueller_MS_TechHub_IMP_THIDDIAXL003_Cas9_PhoX_DIA12_CV486075_250ng_FAIMS_002 P1_KFDNLTKAER P2_GKSDNVPSEEVVK 7 2,DIA12_CV486075:20251228_A2_N1_Mueller_MS_TechHub_IMP_THIDDIAXL003_Cas9_PhoX_DIA12_CV486075_250ng_FAIMS_002,1162685,,,Q99ZW2,,,false,Q99ZW2,Q99ZW2,,false,GKSDNVPSEEVVK,KFDNLTKAER,865,896,2,7,866,902,,-1,3,0,1.007276,9.486825
Scan: 361071 Run: DIA12_CV486075:20251228_A2_N1_Mueller_MS_TechHub_IMP_THIDDIAXL003_Cas9_PhoX_DIA12_CV486075_250ng_FAIMS_001 P1_NLPNEKVLPK P2_KLINGIR 6 1,DIA12_CV486075:20251228_A2_N1_Mueller_MS_TechHub_IMP_THIDDIAXL003_Cas9_PhoX_DIA12_CV486075_250ng_FAIMS_001,361071,,,Q99ZW2,,,false,Q99ZW2,Q99ZW2,,false,KLINGIR,NLPNEKVLPK,665,501,1,6,665,506,,-1,4,0,1.007276,9.486725
Scan: 1768589 Run: DIA12_CV486075:20251228_A2_N1_Mueller_MS_TechHub_IMP_THIDDIAXL003_Cas9_PhoX_DIA12_CV486075_250ng_FAIMS_003 P1_QITKHVAQILDSR P2_ELGSQILKEHPVENTQLQNEK 4 8,DIA12_CV486075:20251228_A2_N1_Mueller_MS_TechHub_IMP_THIDDIAXL003_Cas9_PhoX_DIA12_CV486075_250ng_FAIMS_003,1768589,,,Q99ZW2,,,false,Q99ZW2,Q99ZW2,,false,ELGSQILKEHPVENTQLQNEK,QITKHVAQILDSR,790,926,8,4,797,929,,-1,4,0,1.007276,9.486564
Scan: 1263467 Run: DIA12_CV486075:20251228_A2_N1_Mueller_MS_TechHub_IMP_THIDDIAXL003_Cas9_PhoX_DIA12_CV486075_250ng_FAIMS_003 P1_KTEVQTGGFSKESILPK P2_KDLIIKLPK 11 6,DIA12_CV486075:20251228_A2_N1_Mueller_MS_TechHub_IMP_THIDDIAXL003_Cas9_PhoX_DIA12_CV486075_250ng_FAIMS_003,1263467,,,Q99ZW2,,,false,Q99ZW2,Q99ZW2,,false,KDLIIKLPK,KTEVQTGGFSKESILPK,1192,1097,6,11,1197,1107,,-1,3,0,1.007276,9.486525
Scan: 135584 Run: DIA12_CV486075:20251228_A2_N1_Mueller_MS_TechHub_IMP_THIDDIAXL003_Cas9_PhoX_DIA12_CV486075_250ng_FAIMS_001 P1_LPKYSLFELENGR P2_KDLIIK 3 1,DIA12_CV486075:20251228_A2_N1_Mueller_MS_TechHub_IMP_THIDDIAXL003_Cas9_PhoX_DIA12_CV486075_250ng_FAIMS_001,135584,,,Q99ZW2,,,false,Q99ZW2,Q99ZW2,,false,KDLIIK,LPKYSLFELENGR,1192,1198,1,3,1192,1200,,-1,3,0,1.007276,9.48631
Scan: 1700417 Run: DIA12_CV486075:20251228_A2_N1_Mueller_MS_TechHub_IMP_THIDDIAXL003_Cas9_PhoX_DIA12_CV486075_250ng_FAIMS_003 P1_SKLVSDFR P2_HKPENIVIEMAR 2 2,DIA12_CV486075:20251228_A2_N1_Mueller_MS_TechHub_IMP_THIDDIAXL003_Cas9_PhoX_DIA12_CV486075_250ng_FAIMS_003,1700417,,,Q99ZW2,,,false,Q99ZW2,Q99ZW2,,false,HKPENIVIEMAR,SKLVSDFR,754,960,2,2,755,961,,-1,4,0,1.007276,9.48512
Scan: 162757 Run: DIA12_CV486075:20251228_A2_N1_Mueller_MS_TechHub_IMP_THIDDIAXL003_Cas9_PhoX_DIA12_CV486075_250ng_FAIMS_001 P1_LKGSPEDNEQK P2_IEKILTFR 2 3,DIA12_CV486075:20251228_A2_N1_Mueller_MS_TechHub_IMP_THIDDIAXL003_Cas9_PhoX_DIA12_CV486075_250ng_FAIMS_001,162757,,,Q99ZW2,,,false,Q99ZW2,Q99ZW2,,false,IEKILTFR,LKGSPEDNEQK,440,1245,3,2,442,1246,,-1,3,0,1.007276,9.484987
Scan: 1159028 Run: DIA12_CV486075:20251228_A2_N1_Mueller_MS_TechHub_IMP_THIDDIAXL003_Cas9_PhoX_DIA12_CV486075_250ng_FAIMS_002 P1_KFDNLTK P2_AGFIKR 1 5,DIA12_CV486075:20251228_A2_N1_Mueller_MS_TechHub_IMP_THIDDIAXL003_Cas9_PhoX_DIA12_CV486075_250ng_FAIMS_002,1159028,,,Q99ZW2,,,false,Q99ZW2,Q99ZW2,,false,AGFIKR,KFDNLTK,914,896,5,1,918,896,,-1,3,0,1.007276,9.484618
Scan: 564944 Run: DIA12_CV486075:20251228_A2_N1_Mueller_MS_TechHub_IMP_THIDDIAXL003_Cas9_PhoX_DIA12_CV486075_250ng_FAIMS_001 P1_KLINGIR P2_FDNLTKAER 1 6,DIA12_CV486075:20251228_A2_N1_Mueller_MS_TechHub_IMP_THIDDIAXL003_Cas9_PhoX_DIA12_CV486075_250ng_FAIMS_001,564944,,,Q99ZW2,,,false,Q99ZW2,Q99ZW2,,false,FDNLTKAER,KLINGIR,897,665,6,1,902,665,,-1,3,0,1.007276,9.484432
Scan: 1742459 Run: DIA12_CV486075:20251228_A2_N1_Mueller_MS_TechHub_IMP_THIDDIAXL003_Cas9_PhoX_DIA12_CV486075_250ng_FAIMS_003 P1_KGILQTVK P2_GKSDNVPSEEVVK 1 2,DIA12_CV486075:20251228_A2_N1_Mueller_MS_TechHub_IMP_THIDDIAXL003_Cas9_PhoX_DIA12_CV486075_250ng_FAIMS_003,1742459,,,Q99ZW2,,,false,Q99ZW2,Q99ZW2,,false,GKSDNVPSEEVVK,KGILQTVK,865,735,2,1,866,735,,-1,4,0,1.007276,9.483839
Scan: 31590 Run: DIA12_CV486075:20251228_A2_N1_Mueller_MS_TechHub_IMP_THIDDIAXL003_Cas9_PhoX_DIA12_CV486075_250ng_FAIMS_001 P1_SEQEIGKATAK P2_KVLSMPQVNIVK 7 1,DIA12_CV486075:20251228_A2_N1_Mueller_MS_TechHub_IMP_THIDDIAXL003_Cas9_PhoX_DIA12_CV486075_250ng_FAIMS_001,31590,,,Q99ZW2,,,false,Q99ZW2,Q99ZW2,,false,KVLSMPQVNIVK,SEQEIGKATAK,1085,1025,1,7,1085,1031,,-1,3,0,1.007276,9.483807
Scan: 1710352 Run: DIA12_CV486075:20251228_A2_N1_Mueller_MS_TechHub_IMP_THIDDIAXL003_Cas9_PhoX_DIA12_CV486075_250ng_FAIMS_003 P1_KLINGIR P2_IEEGIKELGSQILK 1 6,DIA12_CV486075:20251228_A2_N1_Mueller_MS_TechHub_IMP_THIDDIAXL003_Cas9_PhoX_DIA12_CV486075_250ng_FAIMS_003,1710352,,,Q99ZW2,,,false,Q99ZW2,Q99ZW2,,false,IEEGIKELGSQILK,KLINGIR,784,665,6,1,789,665,,-1,4,0,1.007276,9.48087
Scan: 1376737 Run: DIA12_CV486075:20251228_A2_N1_Mueller_MS_TechHub_IMP_THIDDIAXL003_Cas9_PhoX_DIA12_CV486075_250ng_FAIMS_003 P1_VILADANLDKVLSAYNK P2_KTEVQTGGFSK 10 1,DIA12_CV486075:20251228_A2_N1_Mueller_MS_TechHub_IMP_THIDDIAXL003_Cas9_PhoX_DIA12_CV486075_250ng_FAIMS_003,1376737,,,Q99ZW2,,,false,Q99ZW2,Q99ZW2,,false,KTEVQTGGFSK,VILADANLDKVLSAYNK,1097,1280,1,10,1097,1289,,-1,4,0,1.007276,9.480304
Scan: 241557 Run: DIA12_CV486075:20251228_A2_N1_Mueller_MS_TechHub_IMP_THIDDIAXL003_Cas9_PhoX_DIA12_CV486075_250ng_FAIMS_001 P1_FKVLGNTDR P2_ESILPKR 2 6,DIA12_CV486075:20251228_A2_N1_Mueller_MS_TechHub_IMP_THIDDIAXL003_Cas9_PhoX_DIA12_CV486075_250ng_FAIMS_001,241557,,,Q99ZW2,,,false,Q99ZW2,Q99ZW2,,false,ESILPKR,FKVLGNTDR,1108,32,6,2,1113,33,,-1,3,0,1.007276,9.479246
Scan: 1162236 Run: DIA12_CV486075:20251228_A2_N1_Mueller_MS_TechHub_IMP_THIDDIAXL003_Cas9_PhoX_DIA12_CV486075_250ng_FAIMS_002 P1_KPAFLSGEQK P2_KFDNLTKAER 1 7,DIA12_CV486075:20251228_A2_N1_Mueller_MS_TechHub_IMP_THIDDIAXL003_Cas9_PhoX_DIA12_CV486075_250ng_FAIMS_002,1162236,,,Q99ZW2,,,false,Q99ZW2,Q99ZW2,,false,KFDNLTKAER,KPAFLSGEQK,896,536,7,1,902,536,,-1,4,0,1.007276,9.479093
Scan: 1282576 Run: DIA12_CV486075:20251228_A2_N1_Mueller_MS_TechHub_IMP_THIDDIAXL003_Cas9_PhoX_DIA12_CV486075_250ng_FAIMS_003 P1_VNTEITKAPLSASMIK P2_NSDKLIAR 7 4,DIA12_CV486075:20251228_A2_N1_Mueller_MS_TechHub_IMP_THIDDIAXL003_Cas9_PhoX_DIA12_CV486075_250ng_FAIMS_003,1282576,,,Q99ZW2,,,false,Q99ZW2,Q99ZW2,,false,NSDKLIAR,VNTEITKAPLSASMIK,1115,308,4,7,1118,314,,-1,4,0,1.007276,9.478903
Scan: 1123215 Run: DIA12_CV486075:20251228_A2_N1_Mueller_MS_TechHub_IMP_THIDDIAXL003_Cas9_PhoX_DIA12_CV486075_250ng_FAIMS_002 P1_GQKNSR P2_ELGSQILKEHPVENTQLQNEK 3 8,DIA12_CV486075:20251228_A2_N1_Mueller_MS_TechHub_IMP_THIDDIAXL003_Cas9_PhoX_DIA12_CV486075_250ng_FAIMS_002,1123215,,,Q99ZW2,,,false,Q99ZW2,Q99ZW2,,false,ELGSQILKEHPVENTQLQNEK,GQKNSR,790,773,8,3,797,775,,-1,4,0,1.007276,9.478394
Scan: 1226255 Run: DIA12_CV486075:20251228_A2_N1_Mueller_MS_TechHub_IMP_THIDDIAXL003_Cas9_PhoX_DIA12_CV486075_250ng_FAIMS_003 P1_RPLIETNGETGEIVWDKGR P2_KDFQFYK 17 1,DIA12_CV486075:20251228_A2_N1_Mueller_MS_TechHub_IMP_THIDDIAXL003_Cas9_PhoX_DIA12_CV486075_250ng_FAIMS_003,1226255,,,Q99ZW2,,,false,Q99ZW2,Q99ZW2,,false,KDFQFYK,RPLIETNGETGEIVWDKGR,968,1060,1,17,968,1076,,-1,4,0,1.007276,9.47813
Scan: 6794 Run: DIA12_CV486075:20251228_A2_N1_Mueller_MS_TechHub_IMP_THIDDIAXL003_Cas9_PhoX_DIA12_CV486075_250ng_FAIMS_001 P1_LESEFVYGDYKVYDVR P2_KNLIGALLFDSGETAEATR 11 1,DIA12_CV486075:20251228_A2_N1_Mueller_MS_TechHub_IMP_THIDDIAXL003_Cas9_PhoX_DIA12_CV486075_250ng_FAIMS_001,6794,,,Q99ZW2,,,false,Q99ZW2,Q99ZW2,,false,KNLIGALLFDSGETAEATR,LESEFVYGDYKVYDVR,45,1004,1,11,45,1014,,-1,5,0,1.007276,9.477854
Scan: 1183099 Run: DIA12_CV486075:20251228_A2_N1_Mueller_MS_TechHub_IMP_THIDDIAXL003_Cas9_PhoX_DIA12_CV486075_250ng_FAIMS_002 P1_YDENDKLIR P2_KMIAK 6 1,DIA12_CV486075:20251228_A2_N1_Mueller_MS_TechHub_IMP_THIDDIAXL003_Cas9_PhoX_DIA12_CV486075_250ng_FAIMS_002,1183099,,,Q99ZW2,,,false,Q99ZW2,Q99ZW2,,false,KMIAK,YDENDKLIR,1020,943,1,6,1020,948,,-1,3,0,1.007276,9.477586
Scan: 77144 Run: DIA12_CV486075:20251228_A2_N1_Mueller_MS_TechHub_IMP_THIDDIAXL003_Cas9_PhoX_DIA12_CV486075_250ng_FAIMS_001 P1_RYDEHHQDLTLLKALVR P2_LEESFLVEEDKKHER 13 11,DIA12_CV486075:20251228_A2_N1_Mueller_MS_TechHub_IMP_THIDDIAXL003_Cas9_PhoX_DIA12_CV486075_250ng_FAIMS_001,77144,,,Q99ZW2,,,false,Q99ZW2,Q99ZW2,,false,LEESFLVEEDKKHER,RYDEHHQDLTLLKALVR,101,324,11,13,111,336,,-1,5,0,1.007276,9.477296
Scan: 1447332 Run: DIA12_CV486075:20251228_A2_N1_Mueller_MS_TechHub_IMP_THIDDIAXL003_Cas9_PhoX_DIA12_CV486075_250ng_FAIMS_003 P1_YDEHHQDLTLLKALVR P2_KDFQFYK 12 1,DIA12_CV486075:20251228_A2_N1_Mueller_MS_TechHub_IMP_THIDDIAXL003_Cas9_PhoX_DIA12_CV486075_250ng_FAIMS_003,1447332,,,Q99ZW2,,,false,Q99ZW2,Q99ZW2,,false,KDFQFYK,YDEHHQDLTLLKALVR,968,325,1,12,968,336,,-1,5,0,1.007276,9.477083
Scan: 381089 Run: DIA12_CV486075:20251228_A2_N1_Mueller_MS_TechHub_IMP_THIDDIAXL003_Cas9_PhoX_DIA12_CV486075_250ng_FAIMS_001 P1_KPAFLSGEQK P2_KFKVLGNTDR 1 1,DIA12_CV486075:20251228_A2_N1_Mueller_MS_TechHub_IMP_THIDDIAXL003_Cas9_PhoX_DIA12_CV486075_250ng_FAIMS_001,381089,,,Q99ZW2,,,false,Q99ZW2,Q99ZW2,,false,KFKVLGNTDR,KPAFLSGEQK,31,536,1,1,31,536,,-1,3,0,1.007276,9.476916
Scan: 774744 Run: DIA12_CV486075:20251228_A2_N1_Mueller_MS_TechHub_IMP_THIDDIAXL003_Cas9_PhoX_DIA12_CV486075_250ng_FAIMS_002 P1_NSDKLIAR P2_HYLDEIIEQISEFSKR 4 15,DIA12_CV486075:20251228_A2_N1_Mueller_MS_TechHub_IMP_THIDDIAXL003_Cas9_PhoX_DIA12_CV486075_250ng_FAIMS_002,774744,,,Q99ZW2,,,false,Q99ZW2,Q99ZW2,,false,HYLDEIIEQISEFSKR,NSDKLIAR,1264,1115,15,4,1278,1118,,-1,4,0,1.007276,9.476839
Scan: 1546287 Run: DIA12_CV486075:20251228_A2_N1_Mueller_MS_TechHub_IMP_THIDDIAXL003_Cas9_PhoX_DIA12_CV486075_250ng_FAIMS_003 P1_SEETITPWNFEEVVDKGASAQSFIER P2_EVKVITLK 16 3,DIA12_CV486075:20251228_A2_N1_Mueller_MS_TechHub_IMP_THIDDIAXL003_Cas9_PhoX_DIA12_CV486075_250ng_FAIMS_003,1546287,,,Q99ZW2,,,false,Q99ZW2,Q99ZW2,,false,EVKVITLK,SEETITPWNFEEVVDKGASAQSFIER,952,469,3,16,954,484,,-1,4,0,1.007276,9.476781
Scan: 1171057 Run: DIA12_CV486075:20251228_A2_N1_Mueller_MS_TechHub_IMP_THIDDIAXL003_Cas9_PhoX_DIA12_CV486075_250ng_FAIMS_002 P1_SNKQGR P2_QITKHVAQILDSR 3 4,DIA12_CV486075:20251228_A2_N1_Mueller_MS_TechHub_IMP_THIDDIAXL003_Cas9_PhoX_DIA12_CV486075_250ng_FAIMS_002,1171057,,,Q99ZW2,,,false,decoy:Q99ZW2,decoy,decoy,true,QITKHVAQILDSR,SNKQGR,926,773,4,3,929,775,,-1,3,0,1.007276,9.476532
Scan: 35803 Run: DIA12_CV486075:20251228_A2_N1_Mueller_MS_TechHub_IMP_THIDDIAXL003_Cas9_PhoX_DIA12_CV486075_250ng_FAIMS_001 P1_KTEVQTGGFSK P2_KTEVQTGGFSK 1 1,DIA12_CV486075:20251228_A2_N1_Mueller_MS_TechHub_IMP_THIDDIAXL003_Cas9_PhoX_DIA12_CV486075_250ng_FAIMS_001,35803,,,Q99ZW2,,,false,Q99ZW2,Q99ZW2,,false,KTEVQTGGFSK,KTEVQTGGFSK,1097,1097,1,1,1097,1097,,-1,4,0,1.007276,9.476406
Scan: 802140 Run: DIA12_CV486075:20251228_A2_N1_Mueller_MS_TechHub_IMP_THIDDIAXL003_Cas9_PhoX_DIA12_CV486075_250ng_FAIMS_002 P1_SDKNR P2_KLVDSTDK 3 1,DIA12_CV486075:20251228_A2_N1_Mueller_MS_TechHub_IMP_THIDDIAXL003_Cas9_PhoX_DIA12_CV486075_250ng_FAIMS_002,802140,,,Q99ZW2,,,false,Q99ZW2,Q99ZW2,,false,KLVDSTDK,SDKNR,141,860,1,3,141,862,,-1,3,0,1.007276,9.476243
Scan: 1291860 Run: DIA12_CV486075:20251228_A2_N1_Mueller_MS_TechHub_IMP_THIDDIAXL003_Cas9_PhoX_DIA12_CV486075_250ng_FAIMS_003 P1_KTEVQTGGFSKESILPK P2_KDWDPKK 11 1,DIA12_CV486075:20251228_A2_N1_Mueller_MS_TechHub_IMP_THIDDIAXL003_Cas9_PhoX_DIA12_CV486075_250ng_FAIMS_003,1291860,,,Q99ZW2,,,false,Q99ZW2,Q99ZW2,,false,KDWDPKK,KTEVQTGGFSKESILPK,1124,1097,1,11,1124,1107,,-1,4,0,1.007276,9.474848
Scan: 1027158 Run: DIA12_CV486075:20251228_A2_N1_Mueller_MS_TechHub_IMP_THIDDIAXL003_Cas9_PhoX_DIA12_CV486075_250ng_FAIMS_002 P1_KLINGIR P2_EKIEKILTFR 1 5,DIA12_CV486075:20251228_A2_N1_Mueller_MS_TechHub_IMP_THIDDIAXL003_Cas9_PhoX_DIA12_CV486075_250ng_FAIMS_002,1027158,,,Q99ZW2,,,false,Q99ZW2,Q99ZW2,,false,EKIEKILTFR,KLINGIR,438,665,5,1,442,665,,-1,3,0,1.007276,9.47381
Scan: 1341736 Run: DIA12_CV486075:20251228_A2_N1_Mueller_MS_TechHub_IMP_THIDDIAXL003_Cas9_PhoX_DIA12_CV486075_250ng_FAIMS_003 P1_LPKYSLFELENGR P2_GILQTVKVVDELVK 3 7,DIA12_CV486075:20251228_A2_N1_Mueller_MS_TechHub_IMP_THIDDIAXL003_Cas9_PhoX_DIA12_CV486075_250ng_FAIMS_003,1341736,,,Q99ZW2,,,false,Q99ZW2,Q99ZW2,,false,GILQTVKVVDELVK,LPKYSLFELENGR,736,1198,7,3,742,1200,,-1,4,0,1.007276,9.473156
Scan: 171315 Run: DIA12_CV486075:20251228_A2_N1_Mueller_MS_TechHub_IMP_THIDDIAXL003_Cas9_PhoX_DIA12_CV486075_250ng_FAIMS_001 P1_SEQEIGKATAK P2_GSPEDNEQKQLFVEQHK 7 9,DIA12_CV486075:20251228_A2_N1_Mueller_MS_TechHub_IMP_THIDDIAXL003_Cas9_PhoX_DIA12_CV486075_250ng_FAIMS_001,171315,,,Q99ZW2,,,false,Q99ZW2,Q99ZW2,,false,GSPEDNEQKQLFVEQHK,SEQEIGKATAK,1247,1025,9,7,1255,1031,,-1,4,0,1.007276,9.471608
Scan: 42118 Run: DIA12_CV486075:20251228_A2_N1_Mueller_MS_TechHub_IMP_THIDDIAXL003_Cas9_PhoX_DIA12_CV486075_250ng_FAIMS_001 P1_KTEVQTGGFSK P2_KDFQFYK 1 1,DIA12_CV486075:20251228_A2_N1_Mueller_MS_TechHub_IMP_THIDDIAXL003_Cas9_PhoX_DIA12_CV486075_250ng_FAIMS_001,42118,,,Q99ZW2,,,false,Q99ZW2,Q99ZW2,,false,KDFQFYK,KTEVQTGGFSK,968,1097,1,1,968,1097,,-1,3,0,1.007276,9.471525
Scan: 1298 Run: DIA12_CV486075:20251228_A2_N1_Mueller_MS_TechHub_IMP_THIDDIAXL003_Cas9_PhoX_DIA12_CV486075_250ng_FAIMS_001 P1_YPKLESEFVYGDYK P2_QSGKTILDFLK 3 4,DIA12_CV486075:20251228_A2_N1_Mueller_MS_TechHub_IMP_THIDDIAXL003_Cas9_PhoX_DIA12_CV486075_250ng_FAIMS_001,1298,,,Q99ZW2,,,false,Q99ZW2,Q99ZW2,,false,QSGKTILDFLK,YPKLESEFVYGDYK,674,1001,4,3,677,1003,,-1,4,0,1.007276,9.471339
Scan: 760012 Run: DIA12_CV486075:20251228_A2_N1_Mueller_MS_TechHub_IMP_THIDDIAXL003_Cas9_PhoX_DIA12_CV486075_250ng_FAIMS_002 P1_LSKSR P2_LKGSPEDNEQK 3 2,DIA12_CV486075:20251228_A2_N1_Mueller_MS_TechHub_IMP_THIDDIAXL003_Cas9_PhoX_DIA12_CV486075_250ng_FAIMS_002,760012,,,Q99ZW2,,,false,Q99ZW2,Q99ZW2,,false,LKGSPEDNEQK,LSKSR,1245,216,2,3,1246,218,,-1,3,0,1.007276,9.470092
Scan: 1377187 Run: DIA12_CV486075:20251228_A2_N1_Mueller_MS_TechHub_IMP_THIDDIAXL003_Cas9_PhoX_DIA12_CV486075_250ng_FAIMS_003 P1_VILADANLDKVLSAYNK P2_KDWDPK 10 1,DIA12_CV486075:20251228_A2_N1_Mueller_MS_TechHub_IMP_THIDDIAXL003_Cas9_PhoX_DIA12_CV486075_250ng_FAIMS_003,1377187,,,Q99ZW2,,,false,Q99ZW2,Q99ZW2,,false,KDWDPK,VILADANLDKVLSAYNK,1124,1280,1,10,1124,1289,,-1,4,0,1.007276,9.469484
Scan: 260343 Run: DIA12_CV486075:20251228_A2_N1_Mueller_MS_TechHub_IMP_THIDDIAXL003_Cas9_PhoX_DIA12_CV486075_250ng_FAIMS_001 P1_YKEIFFDQSK P2_KLINGIR 2 1,DIA12_CV486075:20251228_A2_N1_Mueller_MS_TechHub_IMP_THIDDIAXL003_Cas9_PhoX_DIA12_CV486075_250ng_FAIMS_001,260343,,,Q99ZW2,,,false,Q99ZW2,Q99ZW2,,false,KLINGIR,YKEIFFDQSK,665,347,1,2,665,348,,-1,4,0,1.007276,9.469258
Scan: 1293111 Run: DIA12_CV486075:20251228_A2_N1_Mueller_MS_TechHub_IMP_THIDDIAXL003_Cas9_PhoX_DIA12_CV486075_250ng_FAIMS_003 P1_KLINGIR P2_KDWDPK 1 1,DIA12_CV486075:20251228_A2_N1_Mueller_MS_TechHub_IMP_THIDDIAXL003_Cas9_PhoX_DIA12_CV486075_250ng_FAIMS_003,1293111,,,Q99ZW2,,,false,Q99ZW2,Q99ZW2,,false,KDWDPK,KLINGIR,1124,665,1,1,1124,665,,-1,3,0,1.007276,9.469076
Scan: 801808 Run: DIA12_CV486075:20251228_A2_N1_Mueller_MS_TechHub_IMP_THIDDIAXL003_Cas9_PhoX_DIA12_CV486075_250ng_FAIMS_002 P1_YKEIFFDQSK P2_KLVDSTDK 2 1,DIA12_CV486075:20251228_A2_N1_Mueller_MS_TechHub_IMP_THIDDIAXL003_Cas9_PhoX_DIA12_CV486075_250ng_FAIMS_002,801808,,,Q99ZW2,,,false,Q99ZW2,Q99ZW2,,false,KLVDSTDK,YKEIFFDQSK,141,347,1,2,141,348,,-1,4,0,1.007276,9.469067
Scan: 226387 Run: DIA12_CV486075:20251228_A2_N1_Mueller_MS_TechHub_IMP_THIDDIAXL003_Cas9_PhoX_DIA12_CV486075_250ng_FAIMS_001 P1_SNFDLAEDAKLQLSK P2_KNGLFGNLIALSLGLTPNFK 10 1,DIA12_CV486075:20251228_A2_N1_Mueller_MS_TechHub_IMP_THIDDIAXL003_Cas9_PhoX_DIA12_CV486075_250ng_FAIMS_001,226387,,,Q99ZW2,,,false,Q99ZW2,Q99ZW2,,false,KNGLFGNLIALSLGLTPNFK,SNFDLAEDAKLQLSK,234,254,1,10,234,263,,-1,4,0,1.007276,9.468601
Scan: 612939 Run: DIA12_CV486075:20251228_A2_N1_Mueller_MS_TechHub_IMP_THIDDIAXL003_Cas9_PhoX_DIA12_CV486075_250ng_FAIMS_002 P1_SEQEIGKATAK P2_DKPIR 7 2,DIA12_CV486075:20251228_A2_N1_Mueller_MS_TechHub_IMP_THIDDIAXL003_Cas9_PhoX_DIA12_CV486075_250ng_FAIMS_002,612939,,,Q99ZW2,,,false,Q99ZW2,Q99ZW2,,false,DKPIR,SEQEIGKATAK,1299,1025,2,7,1300,1031,,-1,3,0,1.007276,9.46817
Scan: 1109266 Run: DIA12_CV486075:20251228_A2_N1_Mueller_MS_TechHub_IMP_THIDDIAXL003_Cas9_PhoX_DIA12_CV486075_250ng_FAIMS_002 P1_LENLIAQLPGEKK P2_GQKNSR 12 3,DIA12_CV486075:20251228_A2_N1_Mueller_MS_TechHub_IMP_THIDDIAXL003_Cas9_PhoX_DIA12_CV486075_250ng_FAIMS_002,1109266,,,Q99ZW2,,,false,Q99ZW2,Q99ZW2,,false,GQKNSR,LENLIAQLPGEKK,773,222,3,12,775,233,,-1,4,0,1.007276,9.467723
Scan: 621170 Run: DIA12_CV486075:20251228_A2_N1_Mueller_MS_TechHub_IMP_THIDDIAXL003_Cas9_PhoX_DIA12_CV486075_250ng_FAIMS_002 P1_QITKHVAQILDSR P2_KRPLIETNGETGEIVWDK 4 1,DIA12_CV486075:20251228_A2_N1_Mueller_MS_TechHub_IMP_THIDDIAXL003_Cas9_PhoX_DIA12_CV486075_250ng_FAIMS_002,621170,,,Q99ZW2,,,false,Q99ZW2,Q99ZW2,,false,KRPLIETNGETGEIVWDK,QITKHVAQILDSR,1059,926,1,4,1059,929,,-1,4,0,1.007276,9.467236
Scan: 41369 Run: DIA12_CV486075:20251228_A2_N1_Mueller_MS_TechHub_IMP_THIDDIAXL003_Cas9_PhoX_DIA12_CV486075_250ng_FAIMS_001 P1_KTEVQTGGFSK P2_GKSDNVPSEEVVK 1 2,DIA12_CV486075:20251228_A2_N1_Mueller_MS_TechHub_IMP_THIDDIAXL003_Cas9_PhoX_DIA12_CV486075_250ng_FAIMS_001,41369,,,Q99ZW2,,,false,Q99ZW2,Q99ZW2,,false,GKSDNVPSEEVVK,KTEVQTGGFSK,865,1097,2,1,866,1097,,-1,4,0,1.007276,9.466901
Scan: 1610906 Run: DIA12_CV486075:20251228_A2_N1_Mueller_MS_TechHub_IMP_THIDDIAXL003_Cas9_PhoX_DIA12_CV486075_250ng_FAIMS_003 P1_VTVKQLK P2_KIECFDSVEISGVEDR 4 1,DIA12_CV486075:20251228_A2_N1_Mueller_MS_TechHub_IMP_THIDDIAXL003_Cas9_PhoX_DIA12_CV486075_250ng_FAIMS_003,1610906,,,Q99ZW2,,,false,Q99ZW2,Q99ZW2,,false,KIECFDSVEISGVEDR,VTVKQLK,571,559,1,4,571,562,,-1,4,0,1.007276,9.466038
Scan: 1453361 Run: DIA12_CV486075:20251228_A2_N1_Mueller_MS_TechHub_IMP_THIDDIAXL003_Cas9_PhoX_DIA12_CV486075_250ng_FAIMS_003 P1_YKEIFFDQSK P2_EKIEKILTFR 2 2,DIA12_CV486075:20251228_A2_N1_Mueller_MS_TechHub_IMP_THIDDIAXL003_Cas9_PhoX_DIA12_CV486075_250ng_FAIMS_003,1453361,,,Q99ZW2,,,false,Q99ZW2,Q99ZW2,,false,EKIEKILTFR,YKEIFFDQSK,438,347,2,2,439,348,,-1,3,0,1.007276,9.465388
Scan: 1274236 Run: DIA12_CV486075:20251228_A2_N1_Mueller_MS_TechHub_IMP_THIDDIAXL003_Cas9_PhoX_DIA12_CV486075_250ng_FAIMS_003 P1_NLPNEKVLPK P2_ESILPKR 6 6,DIA12_CV486075:20251228_A2_N1_Mueller_MS_TechHub_IMP_THIDDIAXL003_Cas9_PhoX_DIA12_CV486075_250ng_FAIMS_003,1274236,,,Q99ZW2,,,false,Q99ZW2,Q99ZW2,,false,ESILPKR,NLPNEKVLPK,1108,501,6,6,1113,506,,-1,3,0,1.007276,9.464351
Scan: 208971 Run: DIA12_CV486075:20251228_A2_N1_Mueller_MS_TechHub_IMP_THIDDIAXL003_Cas9_PhoX_DIA12_CV486075_250ng_FAIMS_001 P1_LSKSR P2_DDSIDNKVLTR 3 7,DIA12_CV486075:20251228_A2_N1_Mueller_MS_TechHub_IMP_THIDDIAXL003_Cas9_PhoX_DIA12_CV486075_250ng_FAIMS_001,208971,,,Q99ZW2,,,false,Q99ZW2,Q99ZW2,,false,DDSIDNKVLTR,LSKSR,849,216,7,3,855,218,,-1,3,0,1.007276,9.463948
Scan: 1236568 Run: DIA12_CV486075:20251228_A2_N1_Mueller_MS_TechHub_IMP_THIDDIAXL003_Cas9_PhoX_DIA12_CV486075_250ng_FAIMS_003 P1_QITKHVAQILDSR P2_KTEVQTGGFSK 4 1,DIA12_CV486075:20251228_A2_N1_Mueller_MS_TechHub_IMP_THIDDIAXL003_Cas9_PhoX_DIA12_CV486075_250ng_FAIMS_003,1236568,,,Q99ZW2,,,false,Q99ZW2,Q99ZW2,,false,KTEVQTGGFSK,QITKHVAQILDSR,1097,926,1,4,1097,929,,-1,4,0,1.007276,9.463796
Scan: 1573008 Run: DIA12_CV486075:20251228_A2_N1_Mueller_MS_TechHub_IMP_THIDDIAXL003_Cas9_PhoX_DIA12_CV486075_250ng_FAIMS_003 P1_NSDKLIAR P2_KPAFLSGEQKK 4 1,DIA12_CV486075:20251228_A2_N1_Mueller_MS_TechHub_IMP_THIDDIAXL003_Cas9_PhoX_DIA12_CV486075_250ng_FAIMS_003,1573008,,,Q99ZW2,,,false,Q99ZW2,Q99ZW2,,false,KPAFLSGEQKK,NSDKLIAR,536,1115,1,4,536,1118,,-1,3,0,1.007276,9.463317
Scan: 1146071 Run: DIA12_CV486075:20251228_A2_N1_Mueller_MS_TechHub_IMP_THIDDIAXL003_Cas9_PhoX_DIA12_CV486075_250ng_FAIMS_002 P1_SDKNR P2_GKSDNVPSEEVVKK 3 2,DIA12_CV486075:20251228_A2_N1_Mueller_MS_TechHub_IMP_THIDDIAXL003_Cas9_PhoX_DIA12_CV486075_250ng_FAIMS_002,1146071,,,Q99ZW2,,,false,Q99ZW2,Q99ZW2,,false,GKSDNVPSEEVVKK,SDKNR,865,860,2,3,866,862,,-1,4,0,1.007276,9.463052
Scan: 1655694 Run: DIA12_CV486075:20251228_A2_N1_Mueller_MS_TechHub_IMP_THIDDIAXL003_Cas9_PhoX_DIA12_CV486075_250ng_FAIMS_003 P1_EDIQKAQVSGQGDSLHEHIANLAGSPAIK P2_DKQSGK 5 2,DIA12_CV486075:20251228_A2_N1_Mueller_MS_TechHub_IMP_THIDDIAXL003_Cas9_PhoX_DIA12_CV486075_250ng_FAIMS_003,1655694,,,Q99ZW2,,,false,Q99ZW2,Q99ZW2,,false,DKQSGK,EDIQKAQVSGQGDSLHEHIANLAGSPAIK,672,706,2,5,673,710,,-1,5,0,1.007276,9.462507
Scan: 1470435 Run: DIA12_CV486075:20251228_A2_N1_Mueller_MS_TechHub_IMP_THIDDIAXL003_Cas9_PhoX_DIA12_CV486075_250ng_FAIMS_003 P1_YKEIFFDQSK P2_NGYAGYIDGGASQEEFYKFIKPILEK 2 18,DIA12_CV486075:20251228_A2_N1_Mueller_MS_TechHub_IMP_THIDDIAXL003_Cas9_PhoX_DIA12_CV486075_250ng_FAIMS_003,1470435,,,Q99ZW2,,,false,Q99ZW2,Q99ZW2,,false,NGYAGYIDGGASQEEFYKFIKPILEK,YKEIFFDQSK,357,347,18,2,374,348,,-1,5,0,1.007276,9.462501
Scan: 513134 Run: DIA12_CV486075:20251228_A2_N1_Mueller_MS_TechHub_IMP_THIDDIAXL003_Cas9_PhoX_DIA12_CV486075_250ng_FAIMS_001 P1_NKDSR P2_GQKNSR 2 3,DIA12_CV486075:20251228_A2_N1_Mueller_MS_TechHub_IMP_THIDDIAXL003_Cas9_PhoX_DIA12_CV486075_250ng_FAIMS_001,513134,,,Q99ZW2,,,false,decoy:Q99ZW2,decoy,decoy,true,GQKNSR,NKDSR,773,860,3,2,775,861,,-1,3,0,1.007276,9.462255
Scan: 291592 Run: DIA12_CV486075:20251228_A2_N1_Mueller_MS_TechHub_IMP_THIDDIAXL003_Cas9_PhoX_DIA12_CV486075_250ng_FAIMS_001 P1_YDEHHQDLTLLKALVR P2_IEKILTFR 12 3,DIA12_CV486075:20251228_A2_N1_Mueller_MS_TechHub_IMP_THIDDIAXL003_Cas9_PhoX_DIA12_CV486075_250ng_FAIMS_001,291592,,,Q99ZW2,,,false,Q99ZW2,Q99ZW2,,false,IEKILTFR,YDEHHQDLTLLKALVR,440,325,3,12,442,336,,-1,4,0,1.007276,9.461915
Scan: 694388 Run: DIA12_CV486075:20251228_A2_N1_Mueller_MS_TechHub_IMP_THIDDIAXL003_Cas9_PhoX_DIA12_CV486075_250ng_FAIMS_002 P1_TEVQTGGFSKESILPK P2_KDWDPK 10 1,DIA12_CV486075:20251228_A2_N1_Mueller_MS_TechHub_IMP_THIDDIAXL003_Cas9_PhoX_DIA12_CV486075_250ng_FAIMS_002,694388,,,Q99ZW2,,,false,Q99ZW2,Q99ZW2,,false,KDWDPK,TEVQTGGFSKESILPK,1124,1098,1,10,1124,1107,,-1,4,0,1.007276,9.461848
Scan: 1330930 Run: DIA12_CV486075:20251228_A2_N1_Mueller_MS_TechHub_IMP_THIDDIAXL003_Cas9_PhoX_DIA12_CV486075_250ng_FAIMS_003 P1_MTNFDKNLPNEK P2_KDLIIK 6 1,DIA12_CV486075:20251228_A2_N1_Mueller_MS_TechHub_IMP_THIDDIAXL003_Cas9_PhoX_DIA12_CV486075_250ng_FAIMS_003,1330930,,,Q99ZW2,,,false,Q99ZW2,Q99ZW2,,false,KDLIIK,MTNFDKNLPNEK,1192,495,1,6,1192,500,,-1,4,0,1.007276,9.461831
Scan: 1759710 Run: DIA12_CV486075:20251228_A2_N1_Mueller_MS_TechHub_IMP_THIDDIAXL003_Cas9_PhoX_DIA12_CV486075_250ng_FAIMS_003 P1_KPAFLSGEQK P2_FDNLTKAER 1 6,DIA12_CV486075:20251228_A2_N1_Mueller_MS_TechHub_IMP_THIDDIAXL003_Cas9_PhoX_DIA12_CV486075_250ng_FAIMS_003,1759710,,,Q99ZW2,,,false,Q99ZW2,Q99ZW2,,false,FDNLTKAER,KPAFLSGEQK,897,536,6,1,902,536,,-1,3,0,1.007276,9.461342
Scan: 1419232 Run: DIA12_CV486075:20251228_A2_N1_Mueller_MS_TechHub_IMP_THIDDIAXL003_Cas9_PhoX_DIA12_CV486075_250ng_FAIMS_003 P1_SLQLKADEALDFNSK P2_SKLVSDFR 5 2,DIA12_CV486075:20251228_A2_N1_Mueller_MS_TechHub_IMP_THIDDIAXL003_Cas9_PhoX_DIA12_CV486075_250ng_FAIMS_003,1419232,,,Q99ZW2,,,false,decoy:Q99ZW2,decoy,decoy,true,SKLVSDFR,SLQLKADEALDFNSK,960,254,2,5,961,258,,-1,4,0,1.007276,9.461099
Scan: 1291067 Run: DIA12_CV486075:20251228_A2_N1_Mueller_MS_TechHub_IMP_THIDDIAXL003_Cas9_PhoX_DIA12_CV486075_250ng_FAIMS_003 P1_KKDWDPK P2_GILQTVKVVDELVK 1 7,DIA12_CV486075:20251228_A2_N1_Mueller_MS_TechHub_IMP_THIDDIAXL003_Cas9_PhoX_DIA12_CV486075_250ng_FAIMS_003,1291067,,,Q99ZW2,,,false,Q99ZW2,Q99ZW2,,false,GILQTVKVVDELVK,KKDWDPK,736,1123,7,1,742,1123,,-1,3,0,1.007276,9.461074
Scan: 36494 Run: DIA12_CV486075:20251228_A2_N1_Mueller_MS_TechHub_IMP_THIDDIAXL003_Cas9_PhoX_DIA12_CV486075_250ng_FAIMS_001 P1_KTEVQTGGFSK P2_KDWDPK 1 1,DIA12_CV486075:20251228_A2_N1_Mueller_MS_TechHub_IMP_THIDDIAXL003_Cas9_PhoX_DIA12_CV486075_250ng_FAIMS_001,36494,,,Q99ZW2,,,false,Q99ZW2,Q99ZW2,,false,KDWDPK,KTEVQTGGFSK,1124,1097,1,1,1124,1097,,-1,4,0,1.007276,9.461071
Scan: 1560096 Run: DIA12_CV486075:20251228_A2_N1_Mueller_MS_TechHub_IMP_THIDDIAXL003_Cas9_PhoX_DIA12_CV486075_250ng_FAIMS_003 P1_VLPKHSLLYEYFTVYNELTK P2_KGILQTVK 4 1,DIA12_CV486075:20251228_A2_N1_Mueller_MS_TechHub_IMP_THIDDIAXL003_Cas9_PhoX_DIA12_CV486075_250ng_FAIMS_003,1560096,,,Q99ZW2,,,false,Q99ZW2,Q99ZW2,,false,KGILQTVK,VLPKHSLLYEYFTVYNELTK,735,507,1,4,735,510,,-1,4,0,1.007276,9.460779
Scan: 1165578 Run: DIA12_CV486075:20251228_A2_N1_Mueller_MS_TechHub_IMP_THIDDIAXL003_Cas9_PhoX_DIA12_CV486075_250ng_FAIMS_002 P1_GQKNSR P2_GGLSELDKAGFIK 3 8,DIA12_CV486075:20251228_A2_N1_Mueller_MS_TechHub_IMP_THIDDIAXL003_Cas9_PhoX_DIA12_CV486075_250ng_FAIMS_002,1165578,,,Q99ZW2,,,false,Q99ZW2,Q99ZW2,,false,GGLSELDKAGFIK,GQKNSR,906,773,8,3,913,775,,-1,3,0,1.007276,9.46044
Scan: 483313 Run: DIA12_CV486075:20251228_A2_N1_Mueller_MS_TechHub_IMP_THIDDIAXL003_Cas9_PhoX_DIA12_CV486075_250ng_FAIMS_001 P1_KGILQTVK P2_KDWDPK 1 1,DIA12_CV486075:20251228_A2_N1_Mueller_MS_TechHub_IMP_THIDDIAXL003_Cas9_PhoX_DIA12_CV486075_250ng_FAIMS_001,483313,,,Q99ZW2,,,false,Q99ZW2,Q99ZW2,,false,KDWDPK,KGILQTVK,1124,735,1,1,1124,735,,-1,3,0,1.007276,9.459334
Scan: 630187 Run: DIA12_CV486075:20251228_A2_N1_Mueller_MS_TechHub_IMP_THIDDIAXL003_Cas9_PhoX_DIA12_CV486075_250ng_FAIMS_002 P1_KVLSMPQVNIVK P2_KSEETITPWNFEEVVDK 1 1,DIA12_CV486075:20251228_A2_N1_Mueller_MS_TechHub_IMP_THIDDIAXL003_Cas9_PhoX_DIA12_CV486075_250ng_FAIMS_002,630187,,,Q99ZW2,,,false,Q99ZW2,Q99ZW2,,false,KSEETITPWNFEEVVDK,KVLSMPQVNIVK,468,1085,1,1,468,1085,,-1,4,0,1.007276,9.459208
Scan: 1002193 Run: DIA12_CV486075:20251228_A2_N1_Mueller_MS_TechHub_IMP_THIDDIAXL003_Cas9_PhoX_DIA12_CV486075_250ng_FAIMS_002 P1_NLPNEKVLPK P2_KAIVDLLFK 6 1,DIA12_CV486075:20251228_A2_N1_Mueller_MS_TechHub_IMP_THIDDIAXL003_Cas9_PhoX_DIA12_CV486075_250ng_FAIMS_002,1002193,,,Q99ZW2,,,false,Q99ZW2,Q99ZW2,,false,KAIVDLLFK,NLPNEKVLPK,546,501,1,6,546,506,,-1,3,0,1.007276,9.458166
Scan: 379192 Run: DIA12_CV486075:20251228_A2_N1_Mueller_MS_TechHub_IMP_THIDDIAXL003_Cas9_PhoX_DIA12_CV486075_250ng_FAIMS_001 P1_KPAFLSGEQK P2_EVKKDLIIK 1 3,DIA12_CV486075:20251228_A2_N1_Mueller_MS_TechHub_IMP_THIDDIAXL003_Cas9_PhoX_DIA12_CV486075_250ng_FAIMS_001,379192,,,Q99ZW2,,,false,Q99ZW2,Q99ZW2,,false,EVKKDLIIK,KPAFLSGEQK,1189,536,3,1,1191,536,,-1,4,0,1.007276,9.457011
Scan: 573535 Run: DIA12_CV486075:20251228_A2_N1_Mueller_MS_TechHub_IMP_THIDDIAXL003_Cas9_PhoX_DIA12_CV486075_250ng_FAIMS_001 P1_QITKHVAQILDSR P2_GQKNSR 4 3,DIA12_CV486075:20251228_A2_N1_Mueller_MS_TechHub_IMP_THIDDIAXL003_Cas9_PhoX_DIA12_CV486075_250ng_FAIMS_001,573535,,,Q99ZW2,,,false,Q99ZW2,Q99ZW2,,false,GQKNSR,QITKHVAQILDSR,773,926,3,4,775,929,,-1,4,0,1.007276,9.455882
Scan: 1101497 Run: DIA12_CV486075:20251228_A2_N1_Mueller_MS_TechHub_IMP_THIDDIAXL003_Cas9_PhoX_DIA12_CV486075_250ng_FAIMS_002 P1_VVDELVKVMGR P2_VKYVTEGMR 7 2,DIA12_CV486075:20251228_A2_N1_Mueller_MS_TechHub_IMP_THIDDIAXL003_Cas9_PhoX_DIA12_CV486075_250ng_FAIMS_002,1101497,,,Q99ZW2,,,false,Q99ZW2,Q99ZW2,,false,VKYVTEGMR,VVDELVKVMGR,527,743,2,7,528,749,,-1,3,0,1.007276,9.453911
Scan: 502468 Run: DIA12_CV486075:20251228_A2_N1_Mueller_MS_TechHub_IMP_THIDDIAXL003_Cas9_PhoX_DIA12_CV486075_250ng_FAIMS_001 P1_VVDELVKVMGR P2_KFKVLGNTDR 7 1,DIA12_CV486075:20251228_A2_N1_Mueller_MS_TechHub_IMP_THIDDIAXL003_Cas9_PhoX_DIA12_CV486075_250ng_FAIMS_001,502468,,,Q99ZW2,,,false,Q99ZW2,Q99ZW2,,false,KFKVLGNTDR,VVDELVKVMGR,31,743,1,7,31,749,,-1,3,0,1.007276,9.452272
Scan: 245529 Run: DIA12_CV486075:20251228_A2_N1_Mueller_MS_TechHub_IMP_THIDDIAXL003_Cas9_PhoX_DIA12_CV486075_250ng_FAIMS_001 P1_SDKNR P2_FKVLGNTDR 3 2,DIA12_CV486075:20251228_A2_N1_Mueller_MS_TechHub_IMP_THIDDIAXL003_Cas9_PhoX_DIA12_CV486075_250ng_FAIMS_001,245529,,,Q99ZW2,,,false,Q99ZW2,Q99ZW2,,false,FKVLGNTDR,SDKNR,32,860,2,3,33,862,,-1,3,0,1.007276,9.451907
Scan: 1110245 Run: DIA12_CV486075:20251228_A2_N1_Mueller_MS_TechHub_IMP_THIDDIAXL003_Cas9_PhoX_DIA12_CV486075_250ng_FAIMS_002 P1_SNKQGR P2_KLINGIR 3 1,DIA12_CV486075:20251228_A2_N1_Mueller_MS_TechHub_IMP_THIDDIAXL003_Cas9_PhoX_DIA12_CV486075_250ng_FAIMS_002,1110245,,,Q99ZW2,,,false,decoy:Q99ZW2,decoy,decoy,true,KLINGIR,SNKQGR,665,773,1,3,665,775,,-1,3,0,1.007276,9.450984
Scan: 1598327 Run: DIA12_CV486075:20251228_A2_N1_Mueller_MS_TechHub_IMP_THIDDIAXL003_Cas9_PhoX_DIA12_CV486075_250ng_FAIMS_003 P1_KVTVK P2_KPAFLSGEQKK 1 10,DIA12_CV486075:20251228_A2_N1_Mueller_MS_TechHub_IMP_THIDDIAXL003_Cas9_PhoX_DIA12_CV486075_250ng_FAIMS_003,1598327,,,Q99ZW2,,,false,Q99ZW2,Q99ZW2,,false,KPAFLSGEQKK,KVTVK,536,558,10,1,545,558,,-1,4,0,1.007276,9.45001
Scan: 971142 Run: DIA12_CV486075:20251228_A2_N1_Mueller_MS_TechHub_IMP_THIDDIAXL003_Cas9_PhoX_DIA12_CV486075_250ng_FAIMS_002 P1_VKYVTEGMR P2_NSDKLIAR 2 4,DIA12_CV486075:20251228_A2_N1_Mueller_MS_TechHub_IMP_THIDDIAXL003_Cas9_PhoX_DIA12_CV486075_250ng_FAIMS_002,971142,,,Q99ZW2,,,false,Q99ZW2,Q99ZW2,,false,NSDKLIAR,VKYVTEGMR,1115,527,4,2,1118,528,,-1,3,0,1.007276,9.449885
Scan: 1390487 Run: DIA12_CV486075:20251228_A2_N1_Mueller_MS_TechHub_IMP_THIDDIAXL003_Cas9_PhoX_DIA12_CV486075_250ng_FAIMS_003 P1_KGILQTVK P2_EQAENIIHLFTLTNLGAPAAFKYFDTTIDR 1 22,DIA12_CV486075:20251228_A2_N1_Mueller_MS_TechHub_IMP_THIDDIAXL003_Cas9_PhoX_DIA12_CV486075_250ng_FAIMS_003,1390487,,,Q99ZW2,,,false,Q99ZW2,Q99ZW2,,false,EQAENIIHLFTLTNLGAPAAFKYFDTTIDR,KGILQTVK,1304,735,22,1,1325,735,,-1,5,0,1.007276,9.449608
Scan: 1577265 Run: DIA12_CV486075:20251228_A2_N1_Mueller_MS_TechHub_IMP_THIDDIAXL003_Cas9_PhoX_DIA12_CV486075_250ng_FAIMS_003 P1_KPAFLSGEQK P2_FIKPILEKMDGTEELLVK 1 8,DIA12_CV486075:20251228_A2_N1_Mueller_MS_TechHub_IMP_THIDDIAXL003_Cas9_PhoX_DIA12_CV486075_250ng_FAIMS_003,1577265,,,Q99ZW2,,,false,Q99ZW2,Q99ZW2,,false,FIKPILEKMDGTEELLVK,KPAFLSGEQK,375,536,8,1,382,536,,-1,4,0,1.007276,9.447548
Scan: 1640793 Run: DIA12_CV486075:20251228_A2_N1_Mueller_MS_TechHub_IMP_THIDDIAXL003_Cas9_PhoX_DIA12_CV486075_250ng_FAIMS_003 P1_TILDFLKSDGFANR P2_NLPNEKVLPK 7 6,DIA12_CV486075:20251228_A2_N1_Mueller_MS_TechHub_IMP_THIDDIAXL003_Cas9_PhoX_DIA12_CV486075_250ng_FAIMS_003,1640793,,,Q99ZW2,,,false,Q99ZW2,Q99ZW2,,false,NLPNEKVLPK,TILDFLKSDGFANR,501,678,6,7,506,684,,-1,4,0,1.007276,9.447425
Scan: 1658700 Run: DIA12_CV486075:20251228_A2_N1_Mueller_MS_TechHub_IMP_THIDDIAXL003_Cas9_PhoX_DIA12_CV486075_250ng_FAIMS_003 P1_EDIQKAQVSGQGDSLHEHIANLAGSPAIK P2_DDSIDNKVLTR 5 7,DIA12_CV486075:20251228_A2_N1_Mueller_MS_TechHub_IMP_THIDDIAXL003_Cas9_PhoX_DIA12_CV486075_250ng_FAIMS_003,1658700,,,Q99ZW2,,,false,Q99ZW2,Q99ZW2,,false,DDSIDNKVLTR,EDIQKAQVSGQGDSLHEHIANLAGSPAIK,849,706,7,5,855,710,,-1,5,0,1.007276,9.447161
Scan: 1717717 Run: DIA12_CV486075:20251228_A2_N1_Mueller_MS_TechHub_IMP_THIDDIAXL003_Cas9_PhoX_DIA12_CV486075_250ng_FAIMS_003 P1_FIKPILEK P2_ELGSQILKEHPVENTQLQNEK 3 8,DIA12_CV486075:20251228_A2_N1_Mueller_MS_TechHub_IMP_THIDDIAXL003_Cas9_PhoX_DIA12_CV486075_250ng_FAIMS_003,1717717,,,Q99ZW2,,,false,Q99ZW2,Q99ZW2,,false,ELGSQILKEHPVENTQLQNEK,FIKPILEK,790,375,8,3,797,377,,-1,4,0,1.007276,9.446413
Scan: 485127 Run: DIA12_CV486075:20251228_A2_N1_Mueller_MS_TechHub_IMP_THIDDIAXL003_Cas9_PhoX_DIA12_CV486075_250ng_FAIMS_001 P1_KGILQTVK P2_KDFQFYK 1 1,DIA12_CV486075:20251228_A2_N1_Mueller_MS_TechHub_IMP_THIDDIAXL003_Cas9_PhoX_DIA12_CV486075_250ng_FAIMS_001,485127,,,Q99ZW2,,,false,Q99ZW2,Q99ZW2,,false,KDFQFYK,KGILQTVK,968,735,1,1,968,735,,-1,4,0,1.007276,9.446333
Scan: 1147208 Run: DIA12_CV486075:20251228_A2_N1_Mueller_MS_TechHub_IMP_THIDDIAXL003_Cas9_PhoX_DIA12_CV486075_250ng_FAIMS_002 P1_GKSDNVPSEEVVK P2_DFQFYKVR 2 6,DIA12_CV486075:20251228_A2_N1_Mueller_MS_TechHub_IMP_THIDDIAXL003_Cas9_PhoX_DIA12_CV486075_250ng_FAIMS_002,1147208,,,Q99ZW2,,,false,Q99ZW2,Q99ZW2,,false,DFQFYKVR,GKSDNVPSEEVVK,969,865,6,2,974,866,,-1,3,0,1.007276,9.446251
Scan: 361600 Run: DIA12_CV486075:20251228_A2_N1_Mueller_MS_TechHub_IMP_THIDDIAXL003_Cas9_PhoX_DIA12_CV486075_250ng_FAIMS_001 P1_VLPKHSLLYEYFTVYNELTK P2_KPLISER 4 1,DIA12_CV486075:20251228_A2_N1_Mueller_MS_TechHub_IMP_THIDDIAXL003_Cas9_PhoX_DIA12_CV486075_250ng_FAIMS_001,361600,,,decoy:Q99ZW2,decoy,decoy,true,Q99ZW2,Q99ZW2,,false,KPLISER,VLPKHSLLYEYFTVYNELTK,1108,507,1,4,1108,510,,-1,4,0,1.007276,9.446042
Scan: 164318 Run: DIA12_CV486075:20251228_A2_N1_Mueller_MS_TechHub_IMP_THIDDIAXL003_Cas9_PhoX_DIA12_CV486075_250ng_FAIMS_001 P1_LKGSPEDNEQK P2_DDSIDNKVLTR 2 7,DIA12_CV486075:20251228_A2_N1_Mueller_MS_TechHub_IMP_THIDDIAXL003_Cas9_PhoX_DIA12_CV486075_250ng_FAIMS_001,164318,,,Q99ZW2,,,false,Q99ZW2,Q99ZW2,,false,DDSIDNKVLTR,LKGSPEDNEQK,849,1245,7,2,855,1246,,-1,4,0,1.007276,9.44539
Scan: 1422312 Run: DIA12_CV486075:20251228_A2_N1_Mueller_MS_TechHub_IMP_THIDDIAXL003_Cas9_PhoX_DIA12_CV486075_250ng_FAIMS_003 P1_SNFDLAEDAKLQLSK P2_FIKPILEK 10 3,DIA12_CV486075:20251228_A2_N1_Mueller_MS_TechHub_IMP_THIDDIAXL003_Cas9_PhoX_DIA12_CV486075_250ng_FAIMS_003,1422312,,,Q99ZW2,,,false,Q99ZW2,Q99ZW2,,false,FIKPILEK,SNFDLAEDAKLQLSK,375,254,3,10,377,263,,-1,3,0,1.007276,9.445286
Scan: 1402256 Run: DIA12_CV486075:20251228_A2_N1_Mueller_MS_TechHub_IMP_THIDDIAXL003_Cas9_PhoX_DIA12_CV486075_250ng_FAIMS_003 P1_LVDSTDKADLR P2_KDLIIK 7 1,DIA12_CV486075:20251228_A2_N1_Mueller_MS_TechHub_IMP_THIDDIAXL003_Cas9_PhoX_DIA12_CV486075_250ng_FAIMS_003,1402256,,,Q99ZW2,,,false,Q99ZW2,Q99ZW2,,false,KDLIIK,LVDSTDKADLR,1192,142,1,7,1192,148,,-1,3,0,1.007276,9.445278
Scan: 1634958 Run: DIA12_CV486075:20251228_A2_N1_Mueller_MS_TechHub_IMP_THIDDIAXL003_Cas9_PhoX_DIA12_CV486075_250ng_FAIMS_003 P1_QSGKTILDFLK P2_DKQSGK 4 2,DIA12_CV486075:20251228_A2_N1_Mueller_MS_TechHub_IMP_THIDDIAXL003_Cas9_PhoX_DIA12_CV486075_250ng_FAIMS_003,1634958,,,Q99ZW2,,,false,Q99ZW2,Q99ZW2,,false,DKQSGK,QSGKTILDFLK,672,674,2,4,673,677,,-1,3,0,1.007276,9.44522
Scan: 1111304 Run: DIA12_CV486075:20251228_A2_N1_Mueller_MS_TechHub_IMP_THIDDIAXL003_Cas9_PhoX_DIA12_CV486075_250ng_FAIMS_002 P1_KRPLIETNGETGEIVWDK P2_IEEGIKELGSQILK 1 6,DIA12_CV486075:20251228_A2_N1_Mueller_MS_TechHub_IMP_THIDDIAXL003_Cas9_PhoX_DIA12_CV486075_250ng_FAIMS_002,1111304,,,Q99ZW2,,,false,Q99ZW2,Q99ZW2,,false,IEEGIKELGSQILK,KRPLIETNGETGEIVWDK,784,1059,6,1,789,1059,,-1,4,0,1.007276,9.444332
Scan: 503747 Run: DIA12_CV486075:20251228_A2_N1_Mueller_MS_TechHub_IMP_THIDDIAXL003_Cas9_PhoX_DIA12_CV486075_250ng_FAIMS_001 P1_VVDELVKVMGR P2_MTNFDKNLPNEK 7 6,DIA12_CV486075:20251228_A2_N1_Mueller_MS_TechHub_IMP_THIDDIAXL003_Cas9_PhoX_DIA12_CV486075_250ng_FAIMS_001,503747,,,Q99ZW2,,,false,Q99ZW2,Q99ZW2,,false,MTNFDKNLPNEK,VVDELVKVMGR,495,743,6,7,500,749,,-1,3,0,1.007276,9.44432
Scan: 1138825 Run: DIA12_CV486075:20251228_A2_N1_Mueller_MS_TechHub_IMP_THIDDIAXL003_Cas9_PhoX_DIA12_CV486075_250ng_FAIMS_002 P1_SEETITPWNFEEVVDKGASAQSFIER P2_DDSIDNKVLTR 16 7,DIA12_CV486075:20251228_A2_N1_Mueller_MS_TechHub_IMP_THIDDIAXL003_Cas9_PhoX_DIA12_CV486075_250ng_FAIMS_002,1138825,,,Q99ZW2,,,false,Q99ZW2,Q99ZW2,,false,DDSIDNKVLTR,SEETITPWNFEEVVDKGASAQSFIER,849,469,7,16,855,484,,-1,4,0,1.007276,9.44334
Scan: 843970 Run: DIA12_CV486075:20251228_A2_N1_Mueller_MS_TechHub_IMP_THIDDIAXL003_Cas9_PhoX_DIA12_CV486075_250ng_FAIMS_002 P1_YDEHHQDLTLLKALVR P2_KRPLIETNGETGEIVWDK 12 1,DIA12_CV486075:20251228_A2_N1_Mueller_MS_TechHub_IMP_THIDDIAXL003_Cas9_PhoX_DIA12_CV486075_250ng_FAIMS_002,843970,,,Q99ZW2,,,false,Q99ZW2,Q99ZW2,,false,KRPLIETNGETGEIVWDK,YDEHHQDLTLLKALVR,1059,325,1,12,1059,336,,-1,5,0,1.007276,9.443003
Scan: 1110416 Run: DIA12_CV486075:20251228_A2_N1_Mueller_MS_TechHub_IMP_THIDDIAXL003_Cas9_PhoX_DIA12_CV486075_250ng_FAIMS_002 P1_GQKNSR P2_GQKNSR 3 3,DIA12_CV486075:20251228_A2_N1_Mueller_MS_TechHub_IMP_THIDDIAXL003_Cas9_PhoX_DIA12_CV486075_250ng_FAIMS_002,1110416,,,Q99ZW2,,,false,Q99ZW2,Q99ZW2,,false,GQKNSR,GQKNSR,773,773,3,3,775,775,,-1,3,0,1.007276,9.442991
Scan: 1538213 Run: DIA12_CV486075:20251228_A2_N1_Mueller_MS_TechHub_IMP_THIDDIAXL003_Cas9_PhoX_DIA12_CV486075_250ng_FAIMS_003 P1_SEETITPWNFEEVVDKGASAQSFIER P2_KLVDSTDK 16 1,DIA12_CV486075:20251228_A2_N1_Mueller_MS_TechHub_IMP_THIDDIAXL003_Cas9_PhoX_DIA12_CV486075_250ng_FAIMS_003,1538213,,,Q99ZW2,,,false,Q99ZW2,Q99ZW2,,false,KLVDSTDK,SEETITPWNFEEVVDKGASAQSFIER,141,469,1,16,141,484,,-1,4,0,1.007276,9.442894
Scan: 695149 Run: DIA12_CV486075:20251228_A2_N1_Mueller_MS_TechHub_IMP_THIDDIAXL003_Cas9_PhoX_DIA12_CV486075_250ng_FAIMS_002 P1_NSDKLIARK P2_KDWDPK 4 1,DIA12_CV486075:20251228_A2_N1_Mueller_MS_TechHub_IMP_THIDDIAXL003_Cas9_PhoX_DIA12_CV486075_250ng_FAIMS_002,695149,,,Q99ZW2,,,false,Q99ZW2,Q99ZW2,,false,KDWDPK,NSDKLIARK,1124,1115,1,4,1124,1118,,-1,3,0,1.007276,9.442292
Scan: 340821 Run: DIA12_CV486075:20251228_A2_N1_Mueller_MS_TechHub_IMP_THIDDIAXL003_Cas9_PhoX_DIA12_CV486075_250ng_FAIMS_001 P1_TEVQTGGFSKESILPK P2_KSEETITPWNFEEVVDKGASAQSFIER 10 17,DIA12_CV486075:20251228_A2_N1_Mueller_MS_TechHub_IMP_THIDDIAXL003_Cas9_PhoX_DIA12_CV486075_250ng_FAIMS_001,340821,,,Q99ZW2,,,false,Q99ZW2,Q99ZW2,,false,KSEETITPWNFEEVVDKGASAQSFIER,TEVQTGGFSKESILPK,468,1098,17,10,484,1107,,-1,5,0,1.007276,9.442048
Scan: 37088 Run: DIA12_CV486075:20251228_A2_N1_Mueller_MS_TechHub_IMP_THIDDIAXL003_Cas9_PhoX_DIA12_CV486075_250ng_FAIMS_001 P1_KTEVQTGGFSK P2_DLIIKLPK 1 5,DIA12_CV486075:20251228_A2_N1_Mueller_MS_TechHub_IMP_THIDDIAXL003_Cas9_PhoX_DIA12_CV486075_250ng_FAIMS_001,37088,,,Q99ZW2,,,false,Q99ZW2,Q99ZW2,,false,DLIIKLPK,KTEVQTGGFSK,1193,1097,5,1,1197,1097,,-1,3,0,1.007276,9.442046
Scan: 1708575 Run: DIA12_CV486075:20251228_A2_N1_Mueller_MS_TechHub_IMP_THIDDIAXL003_Cas9_PhoX_DIA12_CV486075_250ng_FAIMS_003 P1_SKLVSDFRK P2_GQKNSR 2 3,DIA12_CV486075:20251228_A2_N1_Mueller_MS_TechHub_IMP_THIDDIAXL003_Cas9_PhoX_DIA12_CV486075_250ng_FAIMS_003,1708575,,,Q99ZW2,,,false,Q99ZW2,Q99ZW2,,false,GQKNSR,SKLVSDFRK,773,960,3,2,775,961,,-1,3,0,1.007276,9.441323
Scan: 582034 Run: DIA12_CV486075:20251228_A2_N1_Mueller_MS_TechHub_IMP_THIDDIAXL003_Cas9_PhoX_DIA12_CV486075_250ng_FAIMS_001 P1_QITKHVAQILDSR P2_MNTKYDENDK 4 4,DIA12_CV486075:20251228_A2_N1_Mueller_MS_TechHub_IMP_THIDDIAXL003_Cas9_PhoX_DIA12_CV486075_250ng_FAIMS_001,582034,,,Q99ZW2,,,false,Q99ZW2,Q99ZW2,,false,MNTKYDENDK,QITKHVAQILDSR,939,926,4,4,942,929,,-1,4,0,1.007276,9.441195
Scan: 428000 Run: DIA12_CV486075:20251228_A2_N1_Mueller_MS_TechHub_IMP_THIDDIAXL003_Cas9_PhoX_DIA12_CV486075_250ng_FAIMS_001 P1_KLINGIR P2_ESILPKR 1 6,DIA12_CV486075:20251228_A2_N1_Mueller_MS_TechHub_IMP_THIDDIAXL003_Cas9_PhoX_DIA12_CV486075_250ng_FAIMS_001,428000,,,Q99ZW2,,,false,Q99ZW2,Q99ZW2,,false,ESILPKR,KLINGIR,1108,665,6,1,1113,665,,-1,3,0,1.007276,9.440567
Scan: 1035391 Run: DIA12_CV486075:20251228_A2_N1_Mueller_MS_TechHub_IMP_THIDDIAXL003_Cas9_PhoX_DIA12_CV486075_250ng_FAIMS_002 P1_MNTKYDENDK P2_DKQSGK 4 2,DIA12_CV486075:20251228_A2_N1_Mueller_MS_TechHub_IMP_THIDDIAXL003_Cas9_PhoX_DIA12_CV486075_250ng_FAIMS_002,1035391,,,Q99ZW2,,,false,Q99ZW2,Q99ZW2,,false,DKQSGK,MNTKYDENDK,672,939,2,4,673,942,,-1,3,0,1.007276,9.440413
Scan: 245187 Run: DIA12_CV486075:20251228_A2_N1_Mueller_MS_TechHub_IMP_THIDDIAXL003_Cas9_PhoX_DIA12_CV486075_250ng_FAIMS_001 P1_HKPENIVIEMAR P2_FKVLGNTDR 2 2,DIA12_CV486075:20251228_A2_N1_Mueller_MS_TechHub_IMP_THIDDIAXL003_Cas9_PhoX_DIA12_CV486075_250ng_FAIMS_001,245187,,,Q99ZW2,,,false,Q99ZW2,Q99ZW2,,false,FKVLGNTDR,HKPENIVIEMAR,32,754,2,2,33,755,,-1,4,0,1.007276,9.440067
Scan: 1350829 Run: DIA12_CV486075:20251228_A2_N1_Mueller_MS_TechHub_IMP_THIDDIAXL003_Cas9_PhoX_DIA12_CV486075_250ng_FAIMS_003 P1_GNELALPSKYVNFLYLASHYEK P2_AILKDSNR 9 4,DIA12_CV486075:20251228_A2_N1_Mueller_MS_TechHub_IMP_THIDDIAXL003_Cas9_PhoX_DIA12_CV486075_250ng_FAIMS_003,1350829,,,decoy:Q99ZW2,decoy,decoy,true,Q99ZW2,Q99ZW2,,false,AILKDSNR,GNELALPSKYVNFLYLASHYEK,1115,1223,4,9,1118,1231,,-1,4,0,1.007276,9.439876
Scan: 88378 Run: DIA12_CV486075:20251228_A2_N1_Mueller_MS_TechHub_IMP_THIDDIAXL003_Cas9_PhoX_DIA12_CV486075_250ng_FAIMS_001 P1_NSDKLIAR P2_EKIEKILTFR 4 2,DIA12_CV486075:20251228_A2_N1_Mueller_MS_TechHub_IMP_THIDDIAXL003_Cas9_PhoX_DIA12_CV486075_250ng_FAIMS_001,88378,,,Q99ZW2,,,false,Q99ZW2,Q99ZW2,,false,EKIEKILTFR,NSDKLIAR,438,1115,2,4,439,1118,,-1,3,0,1.007276,9.439695
Scan: 351871 Run: DIA12_CV486075:20251228_A2_N1_Mueller_MS_TechHub_IMP_THIDDIAXL003_Cas9_PhoX_DIA12_CV486075_250ng_FAIMS_001 P1_SEETITPWNFEEVVDKGASAQSFIER P2_DFQFYKVR 16 6,DIA12_CV486075:20251228_A2_N1_Mueller_MS_TechHub_IMP_THIDDIAXL003_Cas9_PhoX_DIA12_CV486075_250ng_FAIMS_001,351871,,,Q99ZW2,,,false,Q99ZW2,Q99ZW2,,false,DFQFYKVR,SEETITPWNFEEVVDKGASAQSFIER,969,469,6,16,974,484,,-1,4,0,1.007276,9.4391
Scan: 1367769 Run: DIA12_CV486075:20251228_A2_N1_Mueller_MS_TechHub_IMP_THIDDIAXL003_Cas9_PhoX_DIA12_CV486075_250ng_FAIMS_003 P1_SKLVSDFR P2_GSPEDNEQKQLFVEQHK 2 9,DIA12_CV486075:20251228_A2_N1_Mueller_MS_TechHub_IMP_THIDDIAXL003_Cas9_PhoX_DIA12_CV486075_250ng_FAIMS_003,1367769,,,Q99ZW2,,,false,Q99ZW2,Q99ZW2,,false,GSPEDNEQKQLFVEQHK,SKLVSDFR,1247,960,9,2,1255,961,,-1,4,0,1.007276,9.437656
Scan: 1552475 Run: DIA12_CV486075:20251228_A2_N1_Mueller_MS_TechHub_IMP_THIDDIAXL003_Cas9_PhoX_DIA12_CV486075_250ng_FAIMS_003 P1_VLPKHSLLYEYFTVYNELTK P2_ENPLNKDFNTMK 4 6,DIA12_CV486075:20251228_A2_N1_Mueller_MS_TechHub_IMP_THIDDIAXL003_Cas9_PhoX_DIA12_CV486075_250ng_FAIMS_003,1552475,,,decoy:Q99ZW2,decoy,decoy,true,Q99ZW2,Q99ZW2,,false,ENPLNKDFNTMK,VLPKHSLLYEYFTVYNELTK,495,507,6,4,500,510,,-1,4,0,1.007276,9.437519
Scan: 97571 Run: DIA12_CV486075:20251228_A2_N1_Mueller_MS_TechHub_IMP_THIDDIAXL003_Cas9_PhoX_DIA12_CV486075_250ng_FAIMS_001 P1_RNSDKLIAR P2_KDWDPKK 5 1,DIA12_CV486075:20251228_A2_N1_Mueller_MS_TechHub_IMP_THIDDIAXL003_Cas9_PhoX_DIA12_CV486075_250ng_FAIMS_001,97571,,,Q99ZW2,,,false,Q99ZW2,Q99ZW2,,false,KDWDPKK,RNSDKLIAR,1124,1114,1,5,1124,1118,,-1,5,0,1.007276,9.437444
Scan: 1227384 Run: DIA12_CV486075:20251228_A2_N1_Mueller_MS_TechHub_IMP_THIDDIAXL003_Cas9_PhoX_DIA12_CV486075_250ng_FAIMS_003 P1_KVLSMPQVNIVK P2_FKVLGNTDR 1 2,DIA12_CV486075:20251228_A2_N1_Mueller_MS_TechHub_IMP_THIDDIAXL003_Cas9_PhoX_DIA12_CV486075_250ng_FAIMS_003,1227384,,,Q99ZW2,,,false,Q99ZW2,Q99ZW2,,false,FKVLGNTDR,KVLSMPQVNIVK,32,1085,2,1,33,1085,,-1,4,0,1.007276,9.437065
Scan: 1604787 Run: DIA12_CV486075:20251228_A2_N1_Mueller_MS_TechHub_IMP_THIDDIAXL003_Cas9_PhoX_DIA12_CV486075_250ng_FAIMS_003 P1_TILDFLKSDGFANR P2_AIVDLLFKTNR 7 8,DIA12_CV486075:20251228_A2_N1_Mueller_MS_TechHub_IMP_THIDDIAXL003_Cas9_PhoX_DIA12_CV486075_250ng_FAIMS_003,1604787,,,Q99ZW2,,,false,Q99ZW2,Q99ZW2,,false,AIVDLLFKTNR,TILDFLKSDGFANR,547,678,8,7,554,684,,-1,4,0,1.007276,9.435831
Scan: 1194910 Run: DIA12_CV486075:20251228_A2_N1_Mueller_MS_TechHub_IMP_THIDDIAXL003_Cas9_PhoX_DIA12_CV486075_250ng_FAIMS_003 P1_SKLVSDFR P2_KYPKLESEFVYGDYK 2 1,DIA12_CV486075:20251228_A2_N1_Mueller_MS_TechHub_IMP_THIDDIAXL003_Cas9_PhoX_DIA12_CV486075_250ng_FAIMS_003,1194910,,,Q99ZW2,,,false,Q99ZW2,Q99ZW2,,false,KYPKLESEFVYGDYK,SKLVSDFR,1000,960,1,2,1000,961,,-1,4,0,1.007276,9.434834
Scan: 589534 Run: DIA12_CV486075:20251228_A2_N1_Mueller_MS_TechHub_IMP_THIDDIAXL003_Cas9_PhoX_DIA12_CV486075_250ng_FAIMS_001 P1_SKLVSDFRK P2_ENQTTQKGQK 2 7,DIA12_CV486075:20251228_A2_N1_Mueller_MS_TechHub_IMP_THIDDIAXL003_Cas9_PhoX_DIA12_CV486075_250ng_FAIMS_001,589534,,,Q99ZW2,,,false,Q99ZW2,Q99ZW2,,false,ENQTTQKGQK,SKLVSDFRK,766,960,7,2,772,961,,-1,3,0,1.007276,9.434701
Scan: 1299351 Run: DIA12_CV486075:20251228_A2_N1_Mueller_MS_TechHub_IMP_THIDDIAXL003_Cas9_PhoX_DIA12_CV486075_250ng_FAIMS_003 P1_KYGGFDSPTVAYSVLVVAK P2_KKDWDPK 1 1,DIA12_CV486075:20251228_A2_N1_Mueller_MS_TechHub_IMP_THIDDIAXL003_Cas9_PhoX_DIA12_CV486075_250ng_FAIMS_003,1299351,,,Q99ZW2,,,false,Q99ZW2,Q99ZW2,,false,KKDWDPK,KYGGFDSPTVAYSVLVVAK,1123,1130,1,1,1123,1130,,-1,5,0,1.007276,9.434461
Scan: 1226764 Run: DIA12_CV486075:20251228_A2_N1_Mueller_MS_TechHub_IMP_THIDDIAXL003_Cas9_PhoX_DIA12_CV486075_250ng_FAIMS_003 P1_KVLSMPQVNIVK P2_KTEVQTGGFSK 1 1,DIA12_CV486075:20251228_A2_N1_Mueller_MS_TechHub_IMP_THIDDIAXL003_Cas9_PhoX_DIA12_CV486075_250ng_FAIMS_003,1226764,,,Q99ZW2,,,false,Q99ZW2,Q99ZW2,,false,KTEVQTGGFSK,KVLSMPQVNIVK,1097,1085,1,1,1097,1085,,-1,3,0,1.007276,9.434153
Scan: 1110432 Run: DIA12_CV486075:20251228_A2_N1_Mueller_MS_TechHub_IMP_THIDDIAXL003_Cas9_PhoX_DIA12_CV486075_250ng_FAIMS_002 P1_SNKQGR P2_GQKNSR 3 3,DIA12_CV486075:20251228_A2_N1_Mueller_MS_TechHub_IMP_THIDDIAXL003_Cas9_PhoX_DIA12_CV486075_250ng_FAIMS_002,1110432,,,Q99ZW2,,,false,decoy:Q99ZW2,decoy,decoy,true,GQKNSR,SNKQGR,773,773,3,3,775,775,,-1,3,0,1.007276,9.434131
Scan: 1780760 Run: DIA12_CV486075:20251228_A2_N1_Mueller_MS_TechHub_IMP_THIDDIAXL003_Cas9_PhoX_DIA12_CV486075_250ng_FAIMS_003 P1_YDENDKLIR P2_LKGSPEDNEQK 6 2,DIA12_CV486075:20251228_A2_N1_Mueller_MS_TechHub_IMP_THIDDIAXL003_Cas9_PhoX_DIA12_CV486075_250ng_FAIMS_003,1780760,,,Q99ZW2,,,false,Q99ZW2,Q99ZW2,,false,LKGSPEDNEQK,YDENDKLIR,1245,943,2,6,1246,948,,-1,3,0,1.007276,9.433877
Scan: 457981 Run: DIA12_CV486075:20251228_A2_N1_Mueller_MS_TechHub_IMP_THIDDIAXL003_Cas9_PhoX_DIA12_CV486075_250ng_FAIMS_001 P1_EIFSQASAGKDVVEEFNWPTITEESKR P2_EDIQKAQVSGQGDSLHEHIANLAGSPAIK 10 5,DIA12_CV486075:20251228_A2_N1_Mueller_MS_TechHub_IMP_THIDDIAXL003_Cas9_PhoX_DIA12_CV486075_250ng_FAIMS_001,457981,,,Q99ZW2,,,false,decoy:Q99ZW2,decoy,decoy,true,EDIQKAQVSGQGDSLHEHIANLAGSPAIK,EIFSQASAGKDVVEEFNWPTITEESKR,706,468,5,10,710,477,,-1,6,0,1.007276,9.433465
Scan: 805408 Run: DIA12_CV486075:20251228_A2_N1_Mueller_MS_TechHub_IMP_THIDDIAXL003_Cas9_PhoX_DIA12_CV486075_250ng_FAIMS_002 P1_LVDSTDKADLR P2_ELGSQILKEHPVENTQLQNEK 7 8,DIA12_CV486075:20251228_A2_N1_Mueller_MS_TechHub_IMP_THIDDIAXL003_Cas9_PhoX_DIA12_CV486075_250ng_FAIMS_002,805408,,,Q99ZW2,,,false,Q99ZW2,Q99ZW2,,false,ELGSQILKEHPVENTQLQNEK,LVDSTDKADLR,790,142,8,7,797,148,,-1,4,0,1.007276,9.433336
Scan: 1557681 Run: DIA12_CV486075:20251228_A2_N1_Mueller_MS_TechHub_IMP_THIDDIAXL003_Cas9_PhoX_DIA12_CV486075_250ng_FAIMS_003 P1_VLPKHSLLYEYFTVYNELTK P2_LVDSTDKADLR 4 7,DIA12_CV486075:20251228_A2_N1_Mueller_MS_TechHub_IMP_THIDDIAXL003_Cas9_PhoX_DIA12_CV486075_250ng_FAIMS_003,1557681,,,Q99ZW2,,,false,Q99ZW2,Q99ZW2,,false,LVDSTDKADLR,VLPKHSLLYEYFTVYNELTK,142,507,7,4,148,510,,-1,4,0,1.007276,9.433264
Scan: 559985 Run: DIA12_CV486075:20251228_A2_N1_Mueller_MS_TechHub_IMP_THIDDIAXL003_Cas9_PhoX_DIA12_CV486075_250ng_FAIMS_001 P1_QLLNAKLITQR P2_KGILQTVK 6 1,DIA12_CV486075:20251228_A2_N1_Mueller_MS_TechHub_IMP_THIDDIAXL003_Cas9_PhoX_DIA12_CV486075_250ng_FAIMS_001,559985,,,Q99ZW2,,,false,Q99ZW2,Q99ZW2,,false,KGILQTVK,QLLNAKLITQR,735,885,1,6,735,890,,-1,4,0,1.007276,9.43321
Scan: 1484087 Run: DIA12_CV486075:20251228_A2_N1_Mueller_MS_TechHub_IMP_THIDDIAXL003_Cas9_PhoX_DIA12_CV486075_250ng_FAIMS_003 P1_VLPKHSLLYEYFTVYNELTK P2_RQEDFYPFLKDNR 4 10,DIA12_CV486075:20251228_A2_N1_Mueller_MS_TechHub_IMP_THIDDIAXL003_Cas9_PhoX_DIA12_CV486075_250ng_FAIMS_003,1484087,,,Q99ZW2,,,false,Q99ZW2,Q99ZW2,,false,RQEDFYPFLKDNR,VLPKHSLLYEYFTVYNELTK,425,507,10,4,434,510,,-1,5,0,1.007276,9.432885
Scan: 1026890 Run: DIA12_CV486075:20251228_A2_N1_Mueller_MS_TechHub_IMP_THIDDIAXL003_Cas9_PhoX_DIA12_CV486075_250ng_FAIMS_002 P1_VLSAYNKHR P2_KLINGIR 7 1,DIA12_CV486075:20251228_A2_N1_Mueller_MS_TechHub_IMP_THIDDIAXL003_Cas9_PhoX_DIA12_CV486075_250ng_FAIMS_002,1026890,,,Q99ZW2,,,false,Q99ZW2,Q99ZW2,,false,KLINGIR,VLSAYNKHR,665,1290,1,7,665,1296,,-1,3,0,1.007276,9.431784
Scan: 1568860 Run: DIA12_CV486075:20251228_A2_N1_Mueller_MS_TechHub_IMP_THIDDIAXL003_Cas9_PhoX_DIA12_CV486075_250ng_FAIMS_003 P1_VKYVTEGMR P2_FKVLGNTDR 2 2,DIA12_CV486075:20251228_A2_N1_Mueller_MS_TechHub_IMP_THIDDIAXL003_Cas9_PhoX_DIA12_CV486075_250ng_FAIMS_003,1568860,,,Q99ZW2,,,false,Q99ZW2,Q99ZW2,,false,FKVLGNTDR,VKYVTEGMR,32,527,2,2,33,528,,-1,4,0,1.007276,9.431505
Scan: 775572 Run: DIA12_CV486075:20251228_A2_N1_Mueller_MS_TechHub_IMP_THIDDIAXL003_Cas9_PhoX_DIA12_CV486075_250ng_FAIMS_002 P1_SKLVSDFR P2_HYLDEIIEQISEFSKR 2 15,DIA12_CV486075:20251228_A2_N1_Mueller_MS_TechHub_IMP_THIDDIAXL003_Cas9_PhoX_DIA12_CV486075_250ng_FAIMS_002,775572,,,Q99ZW2,,,false,Q99ZW2,Q99ZW2,,false,HYLDEIIEQISEFSKR,SKLVSDFR,1264,960,15,2,1278,961,,-1,4,0,1.007276,9.431374
Scan: 1501325 Run: DIA12_CV486075:20251228_A2_N1_Mueller_MS_TechHub_IMP_THIDDIAXL003_Cas9_PhoX_DIA12_CV486075_250ng_FAIMS_003 P1_KSEETITPWNFEEVVDK P2_EKIEKILTFR 1 2,DIA12_CV486075:20251228_A2_N1_Mueller_MS_TechHub_IMP_THIDDIAXL003_Cas9_PhoX_DIA12_CV486075_250ng_FAIMS_003,1501325,,,Q99ZW2,,,false,Q99ZW2,Q99ZW2,,false,EKIEKILTFR,KSEETITPWNFEEVVDK,438,468,2,1,439,468,,-1,3,0,1.007276,9.4307
Scan: 1422763 Run: DIA12_CV486075:20251228_A2_N1_Mueller_MS_TechHub_IMP_THIDDIAXL003_Cas9_PhoX_DIA12_CV486075_250ng_FAIMS_003 P1_SNFDLAEDAKLQLSK P2_KAIVDLLFK 10 1,DIA12_CV486075:20251228_A2_N1_Mueller_MS_TechHub_IMP_THIDDIAXL003_Cas9_PhoX_DIA12_CV486075_250ng_FAIMS_003,1422763,,,Q99ZW2,,,false,Q99ZW2,Q99ZW2,,false,KAIVDLLFK,SNFDLAEDAKLQLSK,546,254,1,10,546,263,,-1,4,0,1.007276,9.430369
Scan: 1784052 Run: DIA12_CV486075:20251228_A2_N1_Mueller_MS_TechHub_IMP_THIDDIAXL003_Cas9_PhoX_DIA12_CV486075_250ng_FAIMS_003 P1_SKLVSDFR P2_EDIQKAQVSGQGDSLHEHIANLAGSPAIK 2 5,DIA12_CV486075:20251228_A2_N1_Mueller_MS_TechHub_IMP_THIDDIAXL003_Cas9_PhoX_DIA12_CV486075_250ng_FAIMS_003,1784052,,,Q99ZW2,,,false,Q99ZW2,Q99ZW2,,false,EDIQKAQVSGQGDSLHEHIANLAGSPAIK,SKLVSDFR,706,960,5,2,710,961,,-1,5,0,1.007276,9.430312
Scan: 1711011 Run: DIA12_CV486075:20251228_A2_N1_Mueller_MS_TechHub_IMP_THIDDIAXL003_Cas9_PhoX_DIA12_CV486075_250ng_FAIMS_003 P1_IEEGIKELGSQILK P2_IEEGIKELGSQILK 6 6,DIA12_CV486075:20251228_A2_N1_Mueller_MS_TechHub_IMP_THIDDIAXL003_Cas9_PhoX_DIA12_CV486075_250ng_FAIMS_003,1711011,,,Q99ZW2,,,false,Q99ZW2,Q99ZW2,,false,IEEGIKELGSQILK,IEEGIKELGSQILK,784,784,6,6,789,789,,-1,4,0,1.007276,9.430265
Scan: 1496675 Run: DIA12_CV486075:20251228_A2_N1_Mueller_MS_TechHub_IMP_THIDDIAXL003_Cas9_PhoX_DIA12_CV486075_250ng_FAIMS_003 P1_SSFEKNPIDFLEAK P2_KSEETITPWNFEEVVDKGASAQSFIER 5 1,DIA12_CV486075:20251228_A2_N1_Mueller_MS_TechHub_IMP_THIDDIAXL003_Cas9_PhoX_DIA12_CV486075_250ng_FAIMS_003,1496675,,,Q99ZW2,,,false,Q99ZW2,Q99ZW2,,false,KSEETITPWNFEEVVDKGASAQSFIER,SSFEKNPIDFLEAK,468,1172,1,5,468,1176,,-1,5,0,1.007276,9.429792
Scan: 1133416 Run: DIA12_CV486075:20251228_A2_N1_Mueller_MS_TechHub_IMP_THIDDIAXL003_Cas9_PhoX_DIA12_CV486075_250ng_FAIMS_002 P1_QITKHVAQILDSR P2_GNQLYYLYLKENQLQTNEVPHER 4 10,DIA12_CV486075:20251228_A2_N1_Mueller_MS_TechHub_IMP_THIDDIAXL003_Cas9_PhoX_DIA12_CV486075_250ng_FAIMS_002,1133416,,,decoy:Q99ZW2,decoy,decoy,true,Q99ZW2,Q99ZW2,,false,GNQLYYLYLKENQLQTNEVPHER,QITKHVAQILDSR,798,926,10,4,807,929,,-1,5,0,1.007276,9.429457
Scan: 805631 Run: DIA12_CV486075:20251228_A2_N1_Mueller_MS_TechHub_IMP_THIDDIAXL003_Cas9_PhoX_DIA12_CV486075_250ng_FAIMS_002 P1_LVDSTDKADLR P2_ICYLQEIFSNEMAKVDDSFFHR 7 14,DIA12_CV486075:20251228_A2_N1_Mueller_MS_TechHub_IMP_THIDDIAXL003_Cas9_PhoX_DIA12_CV486075_250ng_FAIMS_002,805631,,,Q99ZW2,,,false,Q99ZW2,Q99ZW2,,false,ICYLQEIFSNEMAKVDDSFFHR,LVDSTDKADLR,79,142,14,7,92,148,,-1,5,0,1.007276,9.429219
Scan: 574349 Run: DIA12_CV486075:20251228_A2_N1_Mueller_MS_TechHub_IMP_THIDDIAXL003_Cas9_PhoX_DIA12_CV486075_250ng_FAIMS_001 P1_QITKHVAQILDSR P2_KFDNLTK 4 1,DIA12_CV486075:20251228_A2_N1_Mueller_MS_TechHub_IMP_THIDDIAXL003_Cas9_PhoX_DIA12_CV486075_250ng_FAIMS_001,574349,,,Q99ZW2,,,false,Q99ZW2,Q99ZW2,,false,KFDNLTK,QITKHVAQILDSR,896,926,1,4,896,929,,-1,4,0,1.007276,9.429155
Scan: 1682944 Run: DIA12_CV486075:20251228_A2_N1_Mueller_MS_TechHub_IMP_THIDDIAXL003_Cas9_PhoX_DIA12_CV486075_250ng_FAIMS_003 P1_KTEVQTGGFSK P2_KGILQTVKVVDELVK 1 8,DIA12_CV486075:20251228_A2_N1_Mueller_MS_TechHub_IMP_THIDDIAXL003_Cas9_PhoX_DIA12_CV486075_250ng_FAIMS_003,1682944,,,Q99ZW2,,,false,Q99ZW2,Q99ZW2,,false,KGILQTVKVVDELVK,KTEVQTGGFSK,735,1097,8,1,742,1097,,-1,3,0,1.007276,9.428674
Scan: 1368422 Run: DIA12_CV486075:20251228_A2_N1_Mueller_MS_TechHub_IMP_THIDDIAXL003_Cas9_PhoX_DIA12_CV486075_250ng_FAIMS_003 P1_SSFEKNPIDFLEAK P2_QLFVEQHKHYLDEIIEQISEFSK 5 8,DIA12_CV486075:20251228_A2_N1_Mueller_MS_TechHub_IMP_THIDDIAXL003_Cas9_PhoX_DIA12_CV486075_250ng_FAIMS_003,1368422,,,Q99ZW2,,,false,Q99ZW2,Q99ZW2,,false,QLFVEQHKHYLDEIIEQISEFSK,SSFEKNPIDFLEAK,1256,1172,8,5,1263,1176,,-1,5,0,1.007276,9.428652
Scan: 1203054 Run: DIA12_CV486075:20251228_A2_N1_Mueller_MS_TechHub_IMP_THIDDIAXL003_Cas9_PhoX_DIA12_CV486075_250ng_FAIMS_003 P1_LESEFVYGDYKVYDVR P2_EVKVITLK 11 3,DIA12_CV486075:20251228_A2_N1_Mueller_MS_TechHub_IMP_THIDDIAXL003_Cas9_PhoX_DIA12_CV486075_250ng_FAIMS_003,1203054,,,Q99ZW2,,,false,Q99ZW2,Q99ZW2,,false,EVKVITLK,LESEFVYGDYKVYDVR,952,1004,3,11,954,1014,,-1,3,0,1.007276,9.428635
Scan: 141215 Run: DIA12_CV486075:20251228_A2_N1_Mueller_MS_TechHub_IMP_THIDDIAXL003_Cas9_PhoX_DIA12_CV486075_250ng_FAIMS_001 P1_TILDFLKSDGFANR P2_DLIIKLPK 7 5,DIA12_CV486075:20251228_A2_N1_Mueller_MS_TechHub_IMP_THIDDIAXL003_Cas9_PhoX_DIA12_CV486075_250ng_FAIMS_001,141215,,,Q99ZW2,,,false,Q99ZW2,Q99ZW2,,false,DLIIKLPK,TILDFLKSDGFANR,1193,678,5,7,1197,684,,-1,4,0,1.007276,9.428517
Scan: 1225816 Run: DIA12_CV486075:20251228_A2_N1_Mueller_MS_TechHub_IMP_THIDDIAXL003_Cas9_PhoX_DIA12_CV486075_250ng_FAIMS_003 P1_RPLIETNGETGEIVWDKGR P2_IEKILTFR 17 3,DIA12_CV486075:20251228_A2_N1_Mueller_MS_TechHub_IMP_THIDDIAXL003_Cas9_PhoX_DIA12_CV486075_250ng_FAIMS_003,1225816,,,Q99ZW2,,,false,Q99ZW2,Q99ZW2,,false,IEKILTFR,RPLIETNGETGEIVWDKGR,440,1060,3,17,442,1076,,-1,4,0,1.007276,9.428357
Scan: 1627122 Run: DIA12_CV486075:20251228_A2_N1_Mueller_MS_TechHub_IMP_THIDDIAXL003_Cas9_PhoX_DIA12_CV486075_250ng_FAIMS_003 P1_KLINGIR P2_EVKVITLK 1 3,DIA12_CV486075:20251228_A2_N1_Mueller_MS_TechHub_IMP_THIDDIAXL003_Cas9_PhoX_DIA12_CV486075_250ng_FAIMS_003,1627122,,,Q99ZW2,,,false,Q99ZW2,Q99ZW2,,false,EVKVITLK,KLINGIR,952,665,3,1,954,665,,-1,3,0,1.007276,9.428274
Scan: 593432 Run: DIA12_CV486075:20251228_A2_N1_Mueller_MS_TechHub_IMP_THIDDIAXL003_Cas9_PhoX_DIA12_CV486075_250ng_FAIMS_001 P1_KDFQFYK P2_DLIIKLPK 1 5,DIA12_CV486075:20251228_A2_N1_Mueller_MS_TechHub_IMP_THIDDIAXL003_Cas9_PhoX_DIA12_CV486075_250ng_FAIMS_001,593432,,,Q99ZW2,,,false,Q99ZW2,Q99ZW2,,false,DLIIKLPK,KDFQFYK,1193,968,5,1,1197,968,,-1,3,0,1.007276,9.428267
Scan: 1622955 Run: DIA12_CV486075:20251228_A2_N1_Mueller_MS_TechHub_IMP_THIDDIAXL003_Cas9_PhoX_DIA12_CV486075_250ng_FAIMS_003 P1_RNSDKLIAR P2_KLINGIR 5 1,DIA12_CV486075:20251228_A2_N1_Mueller_MS_TechHub_IMP_THIDDIAXL003_Cas9_PhoX_DIA12_CV486075_250ng_FAIMS_003,1622955,,,Q99ZW2,,,false,Q99ZW2,Q99ZW2,,false,KLINGIR,RNSDKLIAR,665,1114,1,5,665,1118,,-1,4,0,1.007276,9.428023
Scan: 438889 Run: DIA12_CV486075:20251228_A2_N1_Mueller_MS_TechHub_IMP_THIDDIAXL003_Cas9_PhoX_DIA12_CV486075_250ng_FAIMS_001 P1_QSGKTILDFLK P2_NSDKLIAR 4 4,DIA12_CV486075:20251228_A2_N1_Mueller_MS_TechHub_IMP_THIDDIAXL003_Cas9_PhoX_DIA12_CV486075_250ng_FAIMS_001,438889,,,Q99ZW2,,,false,Q99ZW2,Q99ZW2,,false,NSDKLIAR,QSGKTILDFLK,1115,674,4,4,1118,677,,-1,3,0,1.007276,9.427488
Scan: 1453851 Run: DIA12_CV486075:20251228_A2_N1_Mueller_MS_TechHub_IMP_THIDDIAXL003_Cas9_PhoX_DIA12_CV486075_250ng_FAIMS_003 P1_YKEIFFDQSK P2_NLPNEKVLPK 2 6,DIA12_CV486075:20251228_A2_N1_Mueller_MS_TechHub_IMP_THIDDIAXL003_Cas9_PhoX_DIA12_CV486075_250ng_FAIMS_003,1453851,,,Q99ZW2,,,false,Q99ZW2,Q99ZW2,,false,NLPNEKVLPK,YKEIFFDQSK,501,347,6,2,506,348,,-1,3,0,1.007276,9.427311
Scan: 781340 Run: DIA12_CV486075:20251228_A2_N1_Mueller_MS_TechHub_IMP_THIDDIAXL003_Cas9_PhoX_DIA12_CV486075_250ng_FAIMS_002 P1_VILADANLDKVLSAYNK P2_KPAFLSGEQK 10 1,DIA12_CV486075:20251228_A2_N1_Mueller_MS_TechHub_IMP_THIDDIAXL003_Cas9_PhoX_DIA12_CV486075_250ng_FAIMS_002,781340,,,Q99ZW2,,,false,Q99ZW2,Q99ZW2,,false,KPAFLSGEQK,VILADANLDKVLSAYNK,536,1280,1,10,536,1289,,-1,4,0,1.007276,9.427199
Scan: 1740381 Run: DIA12_CV486075:20251228_A2_N1_Mueller_MS_TechHub_IMP_THIDDIAXL003_Cas9_PhoX_DIA12_CV486075_250ng_FAIMS_003 P1_LENLIAQLPGEKK P2_GKSDNVPSEEVVK 12 2,DIA12_CV486075:20251228_A2_N1_Mueller_MS_TechHub_IMP_THIDDIAXL003_Cas9_PhoX_DIA12_CV486075_250ng_FAIMS_003,1740381,,,Q99ZW2,,,false,Q99ZW2,Q99ZW2,,false,GKSDNVPSEEVVK,LENLIAQLPGEKK,865,222,2,12,866,233,,-1,4,0,1.007276,9.426673
Scan: 1543425 Run: DIA12_CV486075:20251228_A2_N1_Mueller_MS_TechHub_IMP_THIDDIAXL003_Cas9_PhoX_DIA12_CV486075_250ng_FAIMS_003 P1_SEETITPWNFEEVVDKGASAQSFIER P2_QLKEDYFK 16 3,DIA12_CV486075:20251228_A2_N1_Mueller_MS_TechHub_IMP_THIDDIAXL003_Cas9_PhoX_DIA12_CV486075_250ng_FAIMS_003,1543425,,,Q99ZW2,,,false,Q99ZW2,Q99ZW2,,false,QLKEDYFK,SEETITPWNFEEVVDKGASAQSFIER,563,469,3,16,565,484,,-1,4,0,1.007276,9.426614
Scan: 1438226 Run: DIA12_CV486075:20251228_A2_N1_Mueller_MS_TechHub_IMP_THIDDIAXL003_Cas9_PhoX_DIA12_CV486075_250ng_FAIMS_003 P1_FKVLGNTDR P2_EKIEKILTFR 2 5,DIA12_CV486075:20251228_A2_N1_Mueller_MS_TechHub_IMP_THIDDIAXL003_Cas9_PhoX_DIA12_CV486075_250ng_FAIMS_003,1438226,,,Q99ZW2,,,false,Q99ZW2,Q99ZW2,,false,EKIEKILTFR,FKVLGNTDR,438,32,5,2,442,33,,-1,3,0,1.007276,9.425941
Scan: 1788798 Run: DIA12_CV486075:20251228_A2_N1_Mueller_MS_TechHub_IMP_THIDDIAXL003_Cas9_PhoX_DIA12_CV486075_250ng_FAIMS_003 P1_LSKSR P2_KDFQFYK 3 1,DIA12_CV486075:20251228_A2_N1_Mueller_MS_TechHub_IMP_THIDDIAXL003_Cas9_PhoX_DIA12_CV486075_250ng_FAIMS_003,1788798,,,Q99ZW2,,,false,Q99ZW2,Q99ZW2,,false,KDFQFYK,LSKSR,968,216,1,3,968,218,,-1,3,0,1.007276,9.425374
Scan: 67465 Run: DIA12_CV486075:20251228_A2_N1_Mueller_MS_TechHub_IMP_THIDDIAXL003_Cas9_PhoX_DIA12_CV486075_250ng_FAIMS_001 P1_TEVQTGGFSKESILPK P2_KDLIIK 10 1,DIA12_CV486075:20251228_A2_N1_Mueller_MS_TechHub_IMP_THIDDIAXL003_Cas9_PhoX_DIA12_CV486075_250ng_FAIMS_001,67465,,,Q99ZW2,,,false,Q99ZW2,Q99ZW2,,false,KDLIIK,TEVQTGGFSKESILPK,1192,1098,1,10,1192,1107,,-1,4,0,1.007276,9.425366
Scan: 733275 Run: DIA12_CV486075:20251228_A2_N1_Mueller_MS_TechHub_IMP_THIDDIAXL003_Cas9_PhoX_DIA12_CV486075_250ng_FAIMS_002 P1_KDLIIK P2_EKIEK 1 2,DIA12_CV486075:20251228_A2_N1_Mueller_MS_TechHub_IMP_THIDDIAXL003_Cas9_PhoX_DIA12_CV486075_250ng_FAIMS_002,733275,,,Q99ZW2,,,false,Q99ZW2,Q99ZW2,,false,EKIEK,KDLIIK,438,1192,2,1,439,1192,,-1,3,0,1.007276,9.425325
Scan: 163170 Run: DIA12_CV486075:20251228_A2_N1_Mueller_MS_TechHub_IMP_THIDDIAXL003_Cas9_PhoX_DIA12_CV486075_250ng_FAIMS_001 P1_LKGSPEDNEQK P2_EDIQKAQVSGQGDSLHEHIANLAGSPAIK 2 5,DIA12_CV486075:20251228_A2_N1_Mueller_MS_TechHub_IMP_THIDDIAXL003_Cas9_PhoX_DIA12_CV486075_250ng_FAIMS_001,163170,,,Q99ZW2,,,false,Q99ZW2,Q99ZW2,,false,EDIQKAQVSGQGDSLHEHIANLAGSPAIK,LKGSPEDNEQK,706,1245,5,2,710,1246,,-1,5,0,1.007276,9.425167
Scan: 1453676 Run: DIA12_CV486075:20251228_A2_N1_Mueller_MS_TechHub_IMP_THIDDIAXL003_Cas9_PhoX_DIA12_CV486075_250ng_FAIMS_003 P1_YKEIFFDQSK P2_MTNFDKNLPNEK 2 6,DIA12_CV486075:20251228_A2_N1_Mueller_MS_TechHub_IMP_THIDDIAXL003_Cas9_PhoX_DIA12_CV486075_250ng_FAIMS_003,1453676,,,Q99ZW2,,,false,Q99ZW2,Q99ZW2,,false,MTNFDKNLPNEK,YKEIFFDQSK,495,347,6,2,500,348,,-1,3,0,1.007276,9.423535
Scan: 242122 Run: DIA12_CV486075:20251228_A2_N1_Mueller_MS_TechHub_IMP_THIDDIAXL003_Cas9_PhoX_DIA12_CV486075_250ng_FAIMS_001 P1_FKVLGNTDR P2_DLIIKLPK 2 5,DIA12_CV486075:20251228_A2_N1_Mueller_MS_TechHub_IMP_THIDDIAXL003_Cas9_PhoX_DIA12_CV486075_250ng_FAIMS_001,242122,,,Q99ZW2,,,false,Q99ZW2,Q99ZW2,,false,DLIIKLPK,FKVLGNTDR,1193,32,5,2,1197,33,,-1,3,0,1.007276,9.423394
Scan: 503012 Run: DIA12_CV486075:20251228_A2_N1_Mueller_MS_TechHub_IMP_THIDDIAXL003_Cas9_PhoX_DIA12_CV486075_250ng_FAIMS_001 P1_VVDELVKVMGR P2_KSEETITPWNFEEVVDK 7 1,DIA12_CV486075:20251228_A2_N1_Mueller_MS_TechHub_IMP_THIDDIAXL003_Cas9_PhoX_DIA12_CV486075_250ng_FAIMS_001,503012,,,Q99ZW2,,,false,Q99ZW2,Q99ZW2,,false,KSEETITPWNFEEVVDK,VVDELVKVMGR,468,743,1,7,468,749,,-1,3,0,1.007276,9.423158
Scan: 1211152 Run: DIA12_CV486075:20251228_A2_N1_Mueller_MS_TechHub_IMP_THIDDIAXL003_Cas9_PhoX_DIA12_CV486075_250ng_FAIMS_003 P1_SEQEIGKATAK P2_DKQSGK 7 2,DIA12_CV486075:20251228_A2_N1_Mueller_MS_TechHub_IMP_THIDDIAXL003_Cas9_PhoX_DIA12_CV486075_250ng_FAIMS_003,1211152,,,Q99ZW2,,,false,Q99ZW2,Q99ZW2,,false,DKQSGK,SEQEIGKATAK,672,1025,2,7,673,1031,,-1,3,0,1.007276,9.423049
Scan: 1484997 Run: DIA12_CV486075:20251228_A2_N1_Mueller_MS_TechHub_IMP_THIDDIAXL003_Cas9_PhoX_DIA12_CV486075_250ng_FAIMS_003 P1_SKLVSDFR P2_RQEDFYPFLKDNR 2 10,DIA12_CV486075:20251228_A2_N1_Mueller_MS_TechHub_IMP_THIDDIAXL003_Cas9_PhoX_DIA12_CV486075_250ng_FAIMS_003,1484997,,,Q99ZW2,,,false,Q99ZW2,Q99ZW2,,false,RQEDFYPFLKDNR,SKLVSDFR,425,960,10,2,434,961,,-1,4,0,1.007276,9.422342
Scan: 483502 Run: DIA12_CV486075:20251228_A2_N1_Mueller_MS_TechHub_IMP_THIDDIAXL003_Cas9_PhoX_DIA12_CV486075_250ng_FAIMS_001 P1_KGILQTVK P2_DLIIKLPK 1 5,DIA12_CV486075:20251228_A2_N1_Mueller_MS_TechHub_IMP_THIDDIAXL003_Cas9_PhoX_DIA12_CV486075_250ng_FAIMS_001,483502,,,Q99ZW2,,,false,Q99ZW2,Q99ZW2,,false,DLIIKLPK,KGILQTVK,1193,735,5,1,1197,735,,-1,3,0,1.007276,9.422012
Scan: 1446593 Run: DIA12_CV486075:20251228_A2_N1_Mueller_MS_TechHub_IMP_THIDDIAXL003_Cas9_PhoX_DIA12_CV486075_250ng_FAIMS_003 P1_YDEHHQDLTLLKALVR P2_KGILQTVK 12 1,DIA12_CV486075:20251228_A2_N1_Mueller_MS_TechHub_IMP_THIDDIAXL003_Cas9_PhoX_DIA12_CV486075_250ng_FAIMS_003,1446593,,,Q99ZW2,,,false,Q99ZW2,Q99ZW2,,false,KGILQTVK,YDEHHQDLTLLKALVR,735,325,1,12,735,336,,-1,4,0,1.007276,9.421707
Scan: 1123509 Run: DIA12_CV486075:20251228_A2_N1_Mueller_MS_TechHub_IMP_THIDDIAXL003_Cas9_PhoX_DIA12_CV486075_250ng_FAIMS_002 P1_GKSDNVPSEEVVK P2_ELGSQILKEHPVENTQLQNEK 2 8,DIA12_CV486075:20251228_A2_N1_Mueller_MS_TechHub_IMP_THIDDIAXL003_Cas9_PhoX_DIA12_CV486075_250ng_FAIMS_002,1123509,,,Q99ZW2,,,false,Q99ZW2,Q99ZW2,,false,ELGSQILKEHPVENTQLQNEK,GKSDNVPSEEVVK,790,865,8,2,797,866,,-1,5,0,1.007276,9.421425
Scan: 1780687 Run: DIA12_CV486075:20251228_A2_N1_Mueller_MS_TechHub_IMP_THIDDIAXL003_Cas9_PhoX_DIA12_CV486075_250ng_FAIMS_003 P1_YDENDKLIR P2_KDWDPK 6 1,DIA12_CV486075:20251228_A2_N1_Mueller_MS_TechHub_IMP_THIDDIAXL003_Cas9_PhoX_DIA12_CV486075_250ng_FAIMS_003,1780687,,,Q99ZW2,,,false,Q99ZW2,Q99ZW2,,false,KDWDPK,YDENDKLIR,1124,943,1,6,1124,948,,-1,3,0,1.007276,9.420861
Scan: 1118183 Run: DIA12_CV486075:20251228_A2_N1_Mueller_MS_TechHub_IMP_THIDDIAXL003_Cas9_PhoX_DIA12_CV486075_250ng_FAIMS_002 P1_KKDWDPK P2_ELGSQILKEHPVENTQLQNEK 1 8,DIA12_CV486075:20251228_A2_N1_Mueller_MS_TechHub_IMP_THIDDIAXL003_Cas9_PhoX_DIA12_CV486075_250ng_FAIMS_002,1118183,,,Q99ZW2,,,false,Q99ZW2,Q99ZW2,,false,ELGSQILKEHPVENTQLQNEK,KKDWDPK,790,1123,8,1,797,1123,,-1,4,0,1.007276,9.420853
Scan: 405570 Run: DIA12_CV486075:20251228_A2_N1_Mueller_MS_TechHub_IMP_THIDDIAXL003_Cas9_PhoX_DIA12_CV486075_250ng_FAIMS_001 P1_KAIVDLLFK P2_DFQFYKVR 1 6,DIA12_CV486075:20251228_A2_N1_Mueller_MS_TechHub_IMP_THIDDIAXL003_Cas9_PhoX_DIA12_CV486075_250ng_FAIMS_001,405570,,,Q99ZW2,,,false,Q99ZW2,Q99ZW2,,false,DFQFYKVR,KAIVDLLFK,969,546,6,1,974,546,,-1,3,0,1.007276,9.420627
Scan: 1391199 Run: DIA12_CV486075:20251228_A2_N1_Mueller_MS_TechHub_IMP_THIDDIAXL003_Cas9_PhoX_DIA12_CV486075_250ng_FAIMS_003 P1_YTSTKEVLDATLIHQSITGLYETR P2_KPLISER 5 1,DIA12_CV486075:20251228_A2_N1_Mueller_MS_TechHub_IMP_THIDDIAXL003_Cas9_PhoX_DIA12_CV486075_250ng_FAIMS_003,1391199,,,decoy:Q99ZW2,decoy,decoy,true,Q99ZW2,Q99ZW2,,false,KPLISER,YTSTKEVLDATLIHQSITGLYETR,1108,1336,1,5,1108,1340,,-1,5,0,1.007276,9.420594
Scan: 260244 Run: DIA12_CV486075:20251228_A2_N1_Mueller_MS_TechHub_IMP_THIDDIAXL003_Cas9_PhoX_DIA12_CV486075_250ng_FAIMS_001 P1_YKEIFFDQSK P2_VMKQLK 2 3,DIA12_CV486075:20251228_A2_N1_Mueller_MS_TechHub_IMP_THIDDIAXL003_Cas9_PhoX_DIA12_CV486075_250ng_FAIMS_001,260244,,,Q99ZW2,,,false,Q99ZW2,Q99ZW2,,false,VMKQLK,YKEIFFDQSK,647,347,3,2,649,348,,-1,3,0,1.007276,9.42024
Scan: 1211245 Run: DIA12_CV486075:20251228_A2_N1_Mueller_MS_TechHub_IMP_THIDDIAXL003_Cas9_PhoX_DIA12_CV486075_250ng_FAIMS_003 P1_SEQEIGKATAK P2_GILQTVKVVDELVK 7 7,DIA12_CV486075:20251228_A2_N1_Mueller_MS_TechHub_IMP_THIDDIAXL003_Cas9_PhoX_DIA12_CV486075_250ng_FAIMS_003,1211245,,,Q99ZW2,,,false,Q99ZW2,Q99ZW2,,false,GILQTVKVVDELVK,SEQEIGKATAK,736,1025,7,7,742,1031,,-1,4,0,1.007276,9.420092
Scan: 1446417 Run: DIA12_CV486075:20251228_A2_N1_Mueller_MS_TechHub_IMP_THIDDIAXL003_Cas9_PhoX_DIA12_CV486075_250ng_FAIMS_003 P1_YDEHHQDLTLLKALVR P2_QSGKTILDFLK 12 4,DIA12_CV486075:20251228_A2_N1_Mueller_MS_TechHub_IMP_THIDDIAXL003_Cas9_PhoX_DIA12_CV486075_250ng_FAIMS_003,1446417,,,Q99ZW2,,,false,Q99ZW2,Q99ZW2,,false,QSGKTILDFLK,YDEHHQDLTLLKALVR,674,325,4,12,677,336,,-1,4,0,1.007276,9.42007
Scan: 1394007 Run: DIA12_CV486075:20251228_A2_N1_Mueller_MS_TechHub_IMP_THIDDIAXL003_Cas9_PhoX_DIA12_CV486075_250ng_FAIMS_003 P1_YTSTKEVLDATLIHQSITGLYETR P2_KLINGIR 5 1,DIA12_CV486075:20251228_A2_N1_Mueller_MS_TechHub_IMP_THIDDIAXL003_Cas9_PhoX_DIA12_CV486075_250ng_FAIMS_003,1394007,,,Q99ZW2,,,false,Q99ZW2,Q99ZW2,,false,KLINGIR,YTSTKEVLDATLIHQSITGLYETR,665,1336,1,5,665,1340,,-1,4,0,1.007276,9.419687
Scan: 1411953 Run: DIA12_CV486075:20251228_A2_N1_Mueller_MS_TechHub_IMP_THIDDIAXL003_Cas9_PhoX_DIA12_CV486075_250ng_FAIMS_003 P1_RLENLIAQLPGEKK P2_QLLNAKLITQR 13 6,DIA12_CV486075:20251228_A2_N1_Mueller_MS_TechHub_IMP_THIDDIAXL003_Cas9_PhoX_DIA12_CV486075_250ng_FAIMS_003,1411953,,,Q99ZW2,,,false,Q99ZW2,Q99ZW2,,false,QLLNAKLITQR,RLENLIAQLPGEKK,885,221,6,13,890,233,,-1,4,0,1.007276,9.419612
Scan: 894704 Run: DIA12_CV486075:20251228_A2_N1_Mueller_MS_TechHub_IMP_THIDDIAXL003_Cas9_PhoX_DIA12_CV486075_250ng_FAIMS_002 P1_KNLIGALLFDSGETAEATR P2_FKVLGNTDR 1 2,DIA12_CV486075:20251228_A2_N1_Mueller_MS_TechHub_IMP_THIDDIAXL003_Cas9_PhoX_DIA12_CV486075_250ng_FAIMS_002,894704,,,Q99ZW2,,,false,Q99ZW2,Q99ZW2,,false,FKVLGNTDR,KNLIGALLFDSGETAEATR,32,45,2,1,33,45,,-1,3,0,1.007276,9.419573
Scan: 1412302 Run: DIA12_CV486075:20251228_A2_N1_Mueller_MS_TechHub_IMP_THIDDIAXL003_Cas9_PhoX_DIA12_CV486075_250ng_FAIMS_003 P1_NSDKLIAR P2_KNGLFGNLIALSLGLTPNFK 4 1,DIA12_CV486075:20251228_A2_N1_Mueller_MS_TechHub_IMP_THIDDIAXL003_Cas9_PhoX_DIA12_CV486075_250ng_FAIMS_003,1412302,,,Q99ZW2,,,false,Q99ZW2,Q99ZW2,,false,KNGLFGNLIALSLGLTPNFK,NSDKLIAR,234,1115,1,4,234,1118,,-1,4,0,1.007276,9.419552
Scan: 1704367 Run: DIA12_CV486075:20251228_A2_N1_Mueller_MS_TechHub_IMP_THIDDIAXL003_Cas9_PhoX_DIA12_CV486075_250ng_FAIMS_003 P1_KLVDSTDK P2_ENQTTQKGQK 1 7,DIA12_CV486075:20251228_A2_N1_Mueller_MS_TechHub_IMP_THIDDIAXL003_Cas9_PhoX_DIA12_CV486075_250ng_FAIMS_003,1704367,,,Q99ZW2,,,false,Q99ZW2,Q99ZW2,,false,ENQTTQKGQK,KLVDSTDK,766,141,7,1,772,141,,-1,3,0,1.007276,9.419272
Scan: 1210807 Run: DIA12_CV486075:20251228_A2_N1_Mueller_MS_TechHub_IMP_THIDDIAXL003_Cas9_PhoX_DIA12_CV486075_250ng_FAIMS_003 P1_SEQEIGKATAK P2_SEETITPWNFEEVVDKGASAQSFIER 7 16,DIA12_CV486075:20251228_A2_N1_Mueller_MS_TechHub_IMP_THIDDIAXL003_Cas9_PhoX_DIA12_CV486075_250ng_FAIMS_003,1210807,,,Q99ZW2,,,false,Q99ZW2,Q99ZW2,,false,SEETITPWNFEEVVDKGASAQSFIER,SEQEIGKATAK,469,1025,16,7,484,1031,,-1,4,0,1.007276,9.418934
Scan: 586721 Run: DIA12_CV486075:20251228_A2_N1_Mueller_MS_TechHub_IMP_THIDDIAXL003_Cas9_PhoX_DIA12_CV486075_250ng_FAIMS_001 P1_YDENDKLIR P2_KSEETITPWNFEEVVDK 6 1,DIA12_CV486075:20251228_A2_N1_Mueller_MS_TechHub_IMP_THIDDIAXL003_Cas9_PhoX_DIA12_CV486075_250ng_FAIMS_001,586721,,,Q99ZW2,,,false,Q99ZW2,Q99ZW2,,false,KSEETITPWNFEEVVDK,YDENDKLIR,468,943,1,6,468,948,,-1,3,0,1.007276,9.418234
Scan: 826022 Run: DIA12_CV486075:20251228_A2_N1_Mueller_MS_TechHub_IMP_THIDDIAXL003_Cas9_PhoX_DIA12_CV486075_250ng_FAIMS_002 P1_SNFDLAEDAKLQLSK P2_GQKNSR 10 3,DIA12_CV486075:20251228_A2_N1_Mueller_MS_TechHub_IMP_THIDDIAXL003_Cas9_PhoX_DIA12_CV486075_250ng_FAIMS_002,826022,,,Q99ZW2,,,false,Q99ZW2,Q99ZW2,,false,GQKNSR,SNFDLAEDAKLQLSK,773,254,3,10,775,263,,-1,3,0,1.007276,9.417527
Scan: 679702 Run: DIA12_CV486075:20251228_A2_N1_Mueller_MS_TechHub_IMP_THIDDIAXL003_Cas9_PhoX_DIA12_CV486075_250ng_FAIMS_002 P1_NSDKLIAR P2_LEESFLVEEDKK 4 11,DIA12_CV486075:20251228_A2_N1_Mueller_MS_TechHub_IMP_THIDDIAXL003_Cas9_PhoX_DIA12_CV486075_250ng_FAIMS_002,679702,,,Q99ZW2,,,false,Q99ZW2,Q99ZW2,,false,LEESFLVEEDKK,NSDKLIAR,101,1115,11,4,111,1118,,-1,4,0,1.007276,9.417207
Scan: 560953 Run: DIA12_CV486075:20251228_A2_N1_Mueller_MS_TechHub_IMP_THIDDIAXL003_Cas9_PhoX_DIA12_CV486075_250ng_FAIMS_001 P1_KFDNLTK P2_DLIIKLPK 1 5,DIA12_CV486075:20251228_A2_N1_Mueller_MS_TechHub_IMP_THIDDIAXL003_Cas9_PhoX_DIA12_CV486075_250ng_FAIMS_001,560953,,,Q99ZW2,,,false,Q99ZW2,Q99ZW2,,false,DLIIKLPK,KFDNLTK,1193,896,5,1,1197,896,,-1,3,0,1.007276,9.416813
Scan: 1008301 Run: DIA12_CV486075:20251228_A2_N1_Mueller_MS_TechHub_IMP_THIDDIAXL003_Cas9_PhoX_DIA12_CV486075_250ng_FAIMS_002 P1_LKTYAHLFDDK P2_KVTVK 2 1,DIA12_CV486075:20251228_A2_N1_Mueller_MS_TechHub_IMP_THIDDIAXL003_Cas9_PhoX_DIA12_CV486075_250ng_FAIMS_002,1008301,,,Q99ZW2,,,false,Q99ZW2,Q99ZW2,,false,KVTVK,LKTYAHLFDDK,558,636,1,2,558,637,,-1,3,0,1.007276,9.416509
Scan: 692329 Run: DIA12_CV486075:20251228_A2_N1_Mueller_MS_TechHub_IMP_THIDDIAXL003_Cas9_PhoX_DIA12_CV486075_250ng_FAIMS_002 P1_NSDKLIAR P2_KKDWDPK 4 1,DIA12_CV486075:20251228_A2_N1_Mueller_MS_TechHub_IMP_THIDDIAXL003_Cas9_PhoX_DIA12_CV486075_250ng_FAIMS_002,692329,,,Q99ZW2,,,false,Q99ZW2,Q99ZW2,,false,KKDWDPK,NSDKLIAR,1123,1115,1,4,1123,1118,,-1,4,0,1.007276,9.415957
Scan: 1225298 Run: DIA12_CV486075:20251228_A2_N1_Mueller_MS_TechHub_IMP_THIDDIAXL003_Cas9_PhoX_DIA12_CV486075_250ng_FAIMS_003 P1_TEVQTGGFSKESILPK P2_KRPLIETNGETGEIVWDKGR 10 18,DIA12_CV486075:20251228_A2_N1_Mueller_MS_TechHub_IMP_THIDDIAXL003_Cas9_PhoX_DIA12_CV486075_250ng_FAIMS_003,1225298,,,Q99ZW2,,,false,Q99ZW2,Q99ZW2,,false,KRPLIETNGETGEIVWDKGR,TEVQTGGFSKESILPK,1059,1098,18,10,1076,1107,,-1,5,0,1.007276,9.415625
Scan: 811650 Run: DIA12_CV486075:20251228_A2_N1_Mueller_MS_TechHub_IMP_THIDDIAXL003_Cas9_PhoX_DIA12_CV486075_250ng_FAIMS_002 P1_LENLIAQLPGEKK P2_KNGLFGNLIALSLGLTPNFK 12 1,DIA12_CV486075:20251228_A2_N1_Mueller_MS_TechHub_IMP_THIDDIAXL003_Cas9_PhoX_DIA12_CV486075_250ng_FAIMS_002,811650,,,Q99ZW2,,,false,Q99ZW2,Q99ZW2,,false,KNGLFGNLIALSLGLTPNFK,LENLIAQLPGEKK,234,222,1,12,234,233,,-1,4,0,1.007276,9.414811
Scan: 1011449 Run: DIA12_CV486075:20251228_A2_N1_Mueller_MS_TechHub_IMP_THIDDIAXL003_Cas9_PhoX_DIA12_CV486075_250ng_FAIMS_002 P1_IEKILTFR P2_FYDEKLQK 3 5,DIA12_CV486075:20251228_A2_N1_Mueller_MS_TechHub_IMP_THIDDIAXL003_Cas9_PhoX_DIA12_CV486075_250ng_FAIMS_002,1011449,,,decoy:Q99ZW2,decoy,decoy,true,Q99ZW2,Q99ZW2,,false,FYDEKLQK,IEKILTFR,563,440,5,3,567,442,,-1,3,0,1.007276,9.414378
Scan: 372722 Run: DIA12_CV486075:20251228_A2_N1_Mueller_MS_TechHub_IMP_THIDDIAXL003_Cas9_PhoX_DIA12_CV486075_250ng_FAIMS_001 P1_HSLLYEYFTVYNELTKVK P2_FKVLGNTDR 16 2,DIA12_CV486075:20251228_A2_N1_Mueller_MS_TechHub_IMP_THIDDIAXL003_Cas9_PhoX_DIA12_CV486075_250ng_FAIMS_001,372722,,,Q99ZW2,,,false,Q99ZW2,Q99ZW2,,false,FKVLGNTDR,HSLLYEYFTVYNELTKVK,32,511,2,16,33,526,,-1,4,0,1.007276,9.41402
Scan: 1792178 Run: DIA12_CV486075:20251228_A2_N1_Mueller_MS_TechHub_IMP_THIDDIAXL003_Cas9_PhoX_DIA12_CV486075_250ng_FAIMS_003 P1_KDFQFYK P2_EINNYHHAHDAYLNAVVGTALIKK 1 23,DIA12_CV486075:20251228_A2_N1_Mueller_MS_TechHub_IMP_THIDDIAXL003_Cas9_PhoX_DIA12_CV486075_250ng_FAIMS_003,1792178,,,Q99ZW2,,,false,Q99ZW2,Q99ZW2,,false,EINNYHHAHDAYLNAVVGTALIKK,KDFQFYK,977,968,23,1,999,968,,-1,5,0,1.007276,9.413912
Scan: 1203378 Run: DIA12_CV486075:20251228_A2_N1_Mueller_MS_TechHub_IMP_THIDDIAXL003_Cas9_PhoX_DIA12_CV486075_250ng_FAIMS_003 P1_SEQEIGKATAK P2_KMIAK 7 1,DIA12_CV486075:20251228_A2_N1_Mueller_MS_TechHub_IMP_THIDDIAXL003_Cas9_PhoX_DIA12_CV486075_250ng_FAIMS_003,1203378,,,Q99ZW2,,,false,Q99ZW2,Q99ZW2,,false,KMIAK,SEQEIGKATAK,1020,1025,1,7,1020,1031,,-1,3,0,1.007276,9.413608
Scan: 1123256 Run: DIA12_CV486075:20251228_A2_N1_Mueller_MS_TechHub_IMP_THIDDIAXL003_Cas9_PhoX_DIA12_CV486075_250ng_FAIMS_002 P1_SNKQGR P2_ELGSQILKEHPVENTQLQNEK 3 8,DIA12_CV486075:20251228_A2_N1_Mueller_MS_TechHub_IMP_THIDDIAXL003_Cas9_PhoX_DIA12_CV486075_250ng_FAIMS_002,1123256,,,Q99ZW2,,,false,decoy:Q99ZW2,decoy,decoy,true,ELGSQILKEHPVENTQLQNEK,SNKQGR,790,773,8,3,797,775,,-1,4,0,1.007276,9.413238
Scan: 561226 Run: DIA12_CV486075:20251228_A2_N1_Mueller_MS_TechHub_IMP_THIDDIAXL003_Cas9_PhoX_DIA12_CV486075_250ng_FAIMS_001 P1_KGILQTVK P2_KFDNLTK 1 1,DIA12_CV486075:20251228_A2_N1_Mueller_MS_TechHub_IMP_THIDDIAXL003_Cas9_PhoX_DIA12_CV486075_250ng_FAIMS_001,561226,,,Q99ZW2,,,false,Q99ZW2,Q99ZW2,,false,KFDNLTK,KGILQTVK,896,735,1,1,896,735,,-1,3,0,1.007276,9.413163
Scan: 1508491 Run: DIA12_CV486075:20251228_A2_N1_Mueller_MS_TechHub_IMP_THIDDIAXL003_Cas9_PhoX_DIA12_CV486075_250ng_FAIMS_003 P1_KSEETITPWNFEEVVDK P2_ELGSQILKEHPVENTQLQNEK 1 8,DIA12_CV486075:20251228_A2_N1_Mueller_MS_TechHub_IMP_THIDDIAXL003_Cas9_PhoX_DIA12_CV486075_250ng_FAIMS_003,1508491,,,Q99ZW2,,,false,Q99ZW2,Q99ZW2,,false,ELGSQILKEHPVENTQLQNEK,KSEETITPWNFEEVVDK,790,468,8,1,797,468,,-1,4,0,1.007276,9.412965
Scan: 198873 Run: DIA12_CV486075:20251228_A2_N1_Mueller_MS_TechHub_IMP_THIDDIAXL003_Cas9_PhoX_DIA12_CV486075_250ng_FAIMS_001 P1_YTSTKEVLDATLIHQSITGLYETR P2_IEKILTFR 5 3,DIA12_CV486075:20251228_A2_N1_Mueller_MS_TechHub_IMP_THIDDIAXL003_Cas9_PhoX_DIA12_CV486075_250ng_FAIMS_001,198873,,,Q99ZW2,,,false,Q99ZW2,Q99ZW2,,false,IEKILTFR,YTSTKEVLDATLIHQSITGLYETR,440,1336,3,5,442,1340,,-1,4,0,1.007276,9.412639
Scan: 908806 Run: DIA12_CV486075:20251228_A2_N1_Mueller_MS_TechHub_IMP_THIDDIAXL003_Cas9_PhoX_DIA12_CV486075_250ng_FAIMS_002 P1_KSEETITPWNFEEVVDK P2_DKQSGK 1 2,DIA12_CV486075:20251228_A2_N1_Mueller_MS_TechHub_IMP_THIDDIAXL003_Cas9_PhoX_DIA12_CV486075_250ng_FAIMS_002,908806,,,Q99ZW2,,,false,Q99ZW2,Q99ZW2,,false,DKQSGK,KSEETITPWNFEEVVDK,672,468,2,1,673,468,,-1,4,0,1.007276,9.41211
Scan: 612365 Run: DIA12_CV486075:20251228_A2_N1_Mueller_MS_TechHub_IMP_THIDDIAXL003_Cas9_PhoX_DIA12_CV486075_250ng_FAIMS_002 P1_SEQEIGKATAK P2_KDWDPK 7 1,DIA12_CV486075:20251228_A2_N1_Mueller_MS_TechHub_IMP_THIDDIAXL003_Cas9_PhoX_DIA12_CV486075_250ng_FAIMS_002,612365,,,Q99ZW2,,,false,Q99ZW2,Q99ZW2,,false,KDWDPK,SEQEIGKATAK,1124,1025,1,7,1124,1031,,-1,3,0,1.007276,9.410637
Scan: 513121 Run: DIA12_CV486075:20251228_A2_N1_Mueller_MS_TechHub_IMP_THIDDIAXL003_Cas9_PhoX_DIA12_CV486075_250ng_FAIMS_001 P1_SNKQGR P2_DDSIDNKVLTR 3 7,DIA12_CV486075:20251228_A2_N1_Mueller_MS_TechHub_IMP_THIDDIAXL003_Cas9_PhoX_DIA12_CV486075_250ng_FAIMS_001,513121,,,Q99ZW2,,,false,decoy:Q99ZW2,decoy,decoy,true,DDSIDNKVLTR,SNKQGR,849,773,7,3,855,775,,-1,4,0,1.007276,9.410014
Scan: 1293374 Run: DIA12_CV486075:20251228_A2_N1_Mueller_MS_TechHub_IMP_THIDDIAXL003_Cas9_PhoX_DIA12_CV486075_250ng_FAIMS_003 P1_KDWDPK P2_EDIQKAQVSGQGDSLHEHIANLAGSPAIK 1 5,DIA12_CV486075:20251228_A2_N1_Mueller_MS_TechHub_IMP_THIDDIAXL003_Cas9_PhoX_DIA12_CV486075_250ng_FAIMS_003,1293374,,,Q99ZW2,,,false,Q99ZW2,Q99ZW2,,false,EDIQKAQVSGQGDSLHEHIANLAGSPAIK,KDWDPK,706,1124,5,1,710,1124,,-1,4,0,1.007276,9.409278
Scan: 1561343 Run: DIA12_CV486075:20251228_A2_N1_Mueller_MS_TechHub_IMP_THIDDIAXL003_Cas9_PhoX_DIA12_CV486075_250ng_FAIMS_003 P1_VLPKHSLLYEYFTVYNELTK P2_KDFQFYK 4 1,DIA12_CV486075:20251228_A2_N1_Mueller_MS_TechHub_IMP_THIDDIAXL003_Cas9_PhoX_DIA12_CV486075_250ng_FAIMS_003,1561343,,,Q99ZW2,,,false,Q99ZW2,Q99ZW2,,false,KDFQFYK,VLPKHSLLYEYFTVYNELTK,968,507,1,4,968,510,,-1,4,0,1.007276,9.408243
Scan: 1719507 Run: DIA12_CV486075:20251228_A2_N1_Mueller_MS_TechHub_IMP_THIDDIAXL003_Cas9_PhoX_DIA12_CV486075_250ng_FAIMS_003 P1_ELGSQILKEHPVENTQLQNEK P2_DKQSGK 8 2,DIA12_CV486075:20251228_A2_N1_Mueller_MS_TechHub_IMP_THIDDIAXL003_Cas9_PhoX_DIA12_CV486075_250ng_FAIMS_003,1719507,,,Q99ZW2,,,false,Q99ZW2,Q99ZW2,,false,DKQSGK,ELGSQILKEHPVENTQLQNEK,672,790,2,8,673,797,,-1,4,0,1.007276,9.407993
Scan: 1486852 Run: DIA12_CV486075:20251228_A2_N1_Mueller_MS_TechHub_IMP_THIDDIAXL003_Cas9_PhoX_DIA12_CV486075_250ng_FAIMS_003 P1_KSEETITPWNFEEVVDKGASAQSFIER P2_IEKILTFR 1 3,DIA12_CV486075:20251228_A2_N1_Mueller_MS_TechHub_IMP_THIDDIAXL003_Cas9_PhoX_DIA12_CV486075_250ng_FAIMS_003,1486852,,,Q99ZW2,,,false,Q99ZW2,Q99ZW2,,false,IEKILTFR,KSEETITPWNFEEVVDKGASAQSFIER,440,468,3,1,442,468,,-1,4,0,1.007276,9.407647
Scan: 1330610 Run: DIA12_CV486075:20251228_A2_N1_Mueller_MS_TechHub_IMP_THIDDIAXL003_Cas9_PhoX_DIA12_CV486075_250ng_FAIMS_003 P1_YKEPLQQK P2_KDLIIK 2 1,DIA12_CV486075:20251228_A2_N1_Mueller_MS_TechHub_IMP_THIDDIAXL003_Cas9_PhoX_DIA12_CV486075_250ng_FAIMS_003,1330610,,,Q99ZW2,,,false,decoy:Q99ZW2,decoy,decoy,true,KDLIIK,YKEPLQQK,1192,341,1,2,1192,342,,-1,3,0,1.007276,9.407106
Scan: 510428 Run: DIA12_CV486075:20251228_A2_N1_Mueller_MS_TechHub_IMP_THIDDIAXL003_Cas9_PhoX_DIA12_CV486075_250ng_FAIMS_001 P1_ENQTTQKGQK P2_ENQTTQKGQK 7 7,DIA12_CV486075:20251228_A2_N1_Mueller_MS_TechHub_IMP_THIDDIAXL003_Cas9_PhoX_DIA12_CV486075_250ng_FAIMS_001,510428,,,Q99ZW2,,,false,Q99ZW2,Q99ZW2,,false,ENQTTQKGQK,ENQTTQKGQK,766,766,7,7,772,772,,-1,3,0,1.007276,9.406987
Scan: 873566 Run: DIA12_CV486075:20251228_A2_N1_Mueller_MS_TechHub_IMP_THIDDIAXL003_Cas9_PhoX_DIA12_CV486075_250ng_FAIMS_002 P1_QQLPEKYK P2_FIKPILEKMDGTEELLVK 6 3,DIA12_CV486075:20251228_A2_N1_Mueller_MS_TechHub_IMP_THIDDIAXL003_Cas9_PhoX_DIA12_CV486075_250ng_FAIMS_002,873566,,,Q99ZW2,,,false,Q99ZW2,Q99ZW2,,false,FIKPILEKMDGTEELLVK,QQLPEKYK,375,341,3,6,377,346,,-1,4,0,1.007276,9.406453
Scan: 785916 Run: DIA12_CV486075:20251228_A2_N1_Mueller_MS_TechHub_IMP_THIDDIAXL003_Cas9_PhoX_DIA12_CV486075_250ng_FAIMS_002 P1_KKLVDSTDK P2_HPIFGNIVDEVAYHEKYPTIYHLR 1 16,DIA12_CV486075:20251228_A2_N1_Mueller_MS_TechHub_IMP_THIDDIAXL003_Cas9_PhoX_DIA12_CV486075_250ng_FAIMS_002,785916,,,Q99ZW2,,,false,Q99ZW2,Q99ZW2,,false,HPIFGNIVDEVAYHEKYPTIYHLR,KKLVDSTDK,116,140,16,1,131,140,,-1,4,0,1.007276,9.406336
Scan: 556644 Run: DIA12_CV486075:20251228_A2_N1_Mueller_MS_TechHub_IMP_THIDDIAXL003_Cas9_PhoX_DIA12_CV486075_250ng_FAIMS_001 P1_SDKNR P2_MKNYWR 3 2,DIA12_CV486075:20251228_A2_N1_Mueller_MS_TechHub_IMP_THIDDIAXL003_Cas9_PhoX_DIA12_CV486075_250ng_FAIMS_001,556644,,,Q99ZW2,,,false,Q99ZW2,Q99ZW2,,false,MKNYWR,SDKNR,879,860,2,3,880,862,,-1,3,0,1.007276,9.406194
Scan: 82599 Run: DIA12_CV486075:20251228_A2_N1_Mueller_MS_TechHub_IMP_THIDDIAXL003_Cas9_PhoX_DIA12_CV486075_250ng_FAIMS_001 P1_NSDKLIAR P2_NSDKLIAR 4 4,DIA12_CV486075:20251228_A2_N1_Mueller_MS_TechHub_IMP_THIDDIAXL003_Cas9_PhoX_DIA12_CV486075_250ng_FAIMS_001,82599,,,Q99ZW2,,,false,Q99ZW2,Q99ZW2,,false,NSDKLIAR,NSDKLIAR,1115,1115,4,4,1118,1118,,-1,4,0,1.007276,9.405774
Scan: 761326 Run: DIA12_CV486075:20251228_A2_N1_Mueller_MS_TechHub_IMP_THIDDIAXL003_Cas9_PhoX_DIA12_CV486075_250ng_FAIMS_002 P1_LKGSPEDNEQK P2_GNQLYYLYLKENQLQTNEVPHER 2 10,DIA12_CV486075:20251228_A2_N1_Mueller_MS_TechHub_IMP_THIDDIAXL003_Cas9_PhoX_DIA12_CV486075_250ng_FAIMS_002,761326,,,decoy:Q99ZW2,decoy,decoy,true,Q99ZW2,Q99ZW2,,false,GNQLYYLYLKENQLQTNEVPHER,LKGSPEDNEQK,798,1245,10,2,807,1246,,-1,5,0,1.007276,9.40544
Scan: 1411142 Run: DIA12_CV486075:20251228_A2_N1_Mueller_MS_TechHub_IMP_THIDDIAXL003_Cas9_PhoX_DIA12_CV486075_250ng_FAIMS_003 P1_RLENLIAQLPGEKK P2_ENQTTQKGQK 13 7,DIA12_CV486075:20251228_A2_N1_Mueller_MS_TechHub_IMP_THIDDIAXL003_Cas9_PhoX_DIA12_CV486075_250ng_FAIMS_003,1411142,,,Q99ZW2,,,false,Q99ZW2,Q99ZW2,,false,ENQTTQKGQK,RLENLIAQLPGEKK,766,221,7,13,772,233,,-1,3,0,1.007276,9.404919
Scan: 801371 Run: DIA12_CV486075:20251228_A2_N1_Mueller_MS_TechHub_IMP_THIDDIAXL003_Cas9_PhoX_DIA12_CV486075_250ng_FAIMS_002 P1_LKGSPEDNEQK P2_KLVDSTDK 2 1,DIA12_CV486075:20251228_A2_N1_Mueller_MS_TechHub_IMP_THIDDIAXL003_Cas9_PhoX_DIA12_CV486075_250ng_FAIMS_002,801371,,,Q99ZW2,,,false,Q99ZW2,Q99ZW2,,false,KLVDSTDK,LKGSPEDNEQK,141,1245,1,2,141,1246,,-1,3,0,1.007276,9.404539
Scan: 76137 Run: DIA12_CV486075:20251228_A2_N1_Mueller_MS_TechHub_IMP_THIDDIAXL003_Cas9_PhoX_DIA12_CV486075_250ng_FAIMS_001 P1_KPLISER P2_KLINGIR 1 1,DIA12_CV486075:20251228_A2_N1_Mueller_MS_TechHub_IMP_THIDDIAXL003_Cas9_PhoX_DIA12_CV486075_250ng_FAIMS_001,76137,,,Q99ZW2,,,false,decoy:Q99ZW2,decoy,decoy,true,KLINGIR,KPLISER,665,1108,1,1,665,1108,,-1,4,0,1.007276,9.403043
Scan: 804916 Run: DIA12_CV486075:20251228_A2_N1_Mueller_MS_TechHub_IMP_THIDDIAXL003_Cas9_PhoX_DIA12_CV486075_250ng_FAIMS_002 P1_LVDSTDKADLR P2_LSKSR 7 3,DIA12_CV486075:20251228_A2_N1_Mueller_MS_TechHub_IMP_THIDDIAXL003_Cas9_PhoX_DIA12_CV486075_250ng_FAIMS_002,804916,,,Q99ZW2,,,false,Q99ZW2,Q99ZW2,,false,LSKSR,LVDSTDKADLR,216,142,3,7,218,148,,-1,3,0,1.007276,9.402883
Scan: 1233452 Run: DIA12_CV486075:20251228_A2_N1_Mueller_MS_TechHub_IMP_THIDDIAXL003_Cas9_PhoX_DIA12_CV486075_250ng_FAIMS_003 P1_KTEVQTGGFSK P2_FIKPILEK 1 3,DIA12_CV486075:20251228_A2_N1_Mueller_MS_TechHub_IMP_THIDDIAXL003_Cas9_PhoX_DIA12_CV486075_250ng_FAIMS_003,1233452,,,Q99ZW2,,,false,Q99ZW2,Q99ZW2,,false,FIKPILEK,KTEVQTGGFSK,375,1097,3,1,377,1097,,-1,3,0,1.007276,9.402509
Scan: 1448986 Run: DIA12_CV486075:20251228_A2_N1_Mueller_MS_TechHub_IMP_THIDDIAXL003_Cas9_PhoX_DIA12_CV486075_250ng_FAIMS_003 P1_YKEIFFDQSK P2_KTEVQTGGFSKESILPK 2 11,DIA12_CV486075:20251228_A2_N1_Mueller_MS_TechHub_IMP_THIDDIAXL003_Cas9_PhoX_DIA12_CV486075_250ng_FAIMS_003,1448986,,,Q99ZW2,,,false,Q99ZW2,Q99ZW2,,false,KTEVQTGGFSKESILPK,YKEIFFDQSK,1097,347,11,2,1107,348,,-1,4,0,1.007276,9.40192
Scan: 1203434 Run: DIA12_CV486075:20251228_A2_N1_Mueller_MS_TechHub_IMP_THIDDIAXL003_Cas9_PhoX_DIA12_CV486075_250ng_FAIMS_003 P1_NSDKLIAR P2_KMIAK 4 1,DIA12_CV486075:20251228_A2_N1_Mueller_MS_TechHub_IMP_THIDDIAXL003_Cas9_PhoX_DIA12_CV486075_250ng_FAIMS_003,1203434,,,Q99ZW2,,,false,Q99ZW2,Q99ZW2,,false,KMIAK,NSDKLIAR,1020,1115,1,4,1020,1118,,-1,3,0,1.007276,9.401332
Scan: 504172 Run: DIA12_CV486075:20251228_A2_N1_Mueller_MS_TechHub_IMP_THIDDIAXL003_Cas9_PhoX_DIA12_CV486075_250ng_FAIMS_001 P1_VVDELVKVMGR P2_KPAFLSGEQK 7 1,DIA12_CV486075:20251228_A2_N1_Mueller_MS_TechHub_IMP_THIDDIAXL003_Cas9_PhoX_DIA12_CV486075_250ng_FAIMS_001,504172,,,Q99ZW2,,,false,Q99ZW2,Q99ZW2,,false,KPAFLSGEQK,VVDELVKVMGR,536,743,1,7,536,749,,-1,4,0,1.007276,9.401293
Scan: 1598666 Run: DIA12_CV486075:20251228_A2_N1_Mueller_MS_TechHub_IMP_THIDDIAXL003_Cas9_PhoX_DIA12_CV486075_250ng_FAIMS_003 P1_KPAFLSGEQKK P2_DKQSGK 10 2,DIA12_CV486075:20251228_A2_N1_Mueller_MS_TechHub_IMP_THIDDIAXL003_Cas9_PhoX_DIA12_CV486075_250ng_FAIMS_003,1598666,,,Q99ZW2,,,false,Q99ZW2,Q99ZW2,,false,DKQSGK,KPAFLSGEQKK,672,536,2,10,673,545,,-1,3,0,1.007276,9.400092
Scan: 944904 Run: DIA12_CV486075:20251228_A2_N1_Mueller_MS_TechHub_IMP_THIDDIAXL003_Cas9_PhoX_DIA12_CV486075_250ng_FAIMS_002 P1_VKYVTEGMR P2_SEETITPWNFEEVVDKGASAQSFIER 2 16,DIA12_CV486075:20251228_A2_N1_Mueller_MS_TechHub_IMP_THIDDIAXL003_Cas9_PhoX_DIA12_CV486075_250ng_FAIMS_002,944904,,,Q99ZW2,,,false,Q99ZW2,Q99ZW2,,false,SEETITPWNFEEVVDKGASAQSFIER,VKYVTEGMR,469,527,16,2,484,528,,-1,4,0,1.007276,9.39931
Scan: 1764456 Run: DIA12_CV486075:20251228_A2_N1_Mueller_MS_TechHub_IMP_THIDDIAXL003_Cas9_PhoX_DIA12_CV486075_250ng_FAIMS_003 P1_GGLSELDKAGFIK P2_EVKVITLK 8 3,DIA12_CV486075:20251228_A2_N1_Mueller_MS_TechHub_IMP_THIDDIAXL003_Cas9_PhoX_DIA12_CV486075_250ng_FAIMS_003,1764456,,,Q99ZW2,,,false,Q99ZW2,Q99ZW2,,false,EVKVITLK,GGLSELDKAGFIK,952,906,3,8,954,913,,-1,3,0,1.007276,9.399165
Scan: 1272177 Run: DIA12_CV486075:20251228_A2_N1_Mueller_MS_TechHub_IMP_THIDDIAXL003_Cas9_PhoX_DIA12_CV486075_250ng_FAIMS_003 P1_YKEIFFDQSK P2_LEESFLVEEDKKHER 2 11,DIA12_CV486075:20251228_A2_N1_Mueller_MS_TechHub_IMP_THIDDIAXL003_Cas9_PhoX_DIA12_CV486075_250ng_FAIMS_003,1272177,,,Q99ZW2,,,false,Q99ZW2,Q99ZW2,,false,LEESFLVEEDKKHER,YKEIFFDQSK,101,347,11,2,111,348,,-1,4,0,1.007276,9.398887
Scan: 1452217 Run: DIA12_CV486075:20251228_A2_N1_Mueller_MS_TechHub_IMP_THIDDIAXL003_Cas9_PhoX_DIA12_CV486075_250ng_FAIMS_003 P1_YKEIFFDQSK P2_QQLPEKYKEIFFDQSK 2 8,DIA12_CV486075:20251228_A2_N1_Mueller_MS_TechHub_IMP_THIDDIAXL003_Cas9_PhoX_DIA12_CV486075_250ng_FAIMS_003,1452217,,,Q99ZW2,,,false,Q99ZW2,Q99ZW2,,false,QQLPEKYKEIFFDQSK,YKEIFFDQSK,341,347,8,2,348,348,,-1,4,0,1.007276,9.398582
Scan: 1553809 Run: DIA12_CV486075:20251228_A2_N1_Mueller_MS_TechHub_IMP_THIDDIAXL003_Cas9_PhoX_DIA12_CV486075_250ng_FAIMS_003 P1_ENPLNKDFNTMK P2_EDIQKAQVSGQGDSLHEHIANLAGSPAIK 6 5,DIA12_CV486075:20251228_A2_N1_Mueller_MS_TechHub_IMP_THIDDIAXL003_Cas9_PhoX_DIA12_CV486075_250ng_FAIMS_003,1553809,,,Q99ZW2,,,false,decoy:Q99ZW2,decoy,decoy,true,EDIQKAQVSGQGDSLHEHIANLAGSPAIK,ENPLNKDFNTMK,706,495,5,6,710,500,,-1,5,0,1.007276,9.398479
Scan: 603730 Run: DIA12_CV486075:20251228_A2_N1_Mueller_MS_TechHub_IMP_THIDDIAXL003_Cas9_PhoX_DIA12_CV486075_250ng_FAIMS_002 P1_MIAKSEQEIGK P2_LESEFVYGDYKVYDVR 4 11,DIA12_CV486075:20251228_A2_N1_Mueller_MS_TechHub_IMP_THIDDIAXL003_Cas9_PhoX_DIA12_CV486075_250ng_FAIMS_002,603730,,,Q99ZW2,,,false,Q99ZW2,Q99ZW2,,false,LESEFVYGDYKVYDVR,MIAKSEQEIGK,1004,1021,11,4,1014,1024,,-1,3,0,1.007276,9.397944
Scan: 1172010 Run: DIA12_CV486075:20251228_A2_N1_Mueller_MS_TechHub_IMP_THIDDIAXL003_Cas9_PhoX_DIA12_CV486075_250ng_FAIMS_002 P1_TEVLQRKIFGAKDLESLGGR P2_QITKHVAQILDSR 7 4,DIA12_CV486075:20251228_A2_N1_Mueller_MS_TechHub_IMP_THIDDIAXL003_Cas9_PhoX_DIA12_CV486075_250ng_FAIMS_002,1172010,,,Q99ZW2,,,false,decoy:Q99ZW2,decoy,decoy,true,QITKHVAQILDSR,TEVLQRKIFGAKDLESLGGR,926,906,4,7,929,912,,-1,5,0,1.007276,9.397056
Scan: 946392 Run: DIA12_CV486075:20251228_A2_N1_Mueller_MS_TechHub_IMP_THIDDIAXL003_Cas9_PhoX_DIA12_CV486075_250ng_FAIMS_002 P1_SEETITPWNFEEVVDKGASAQSFIER P2_KLINGIR 16 1,DIA12_CV486075:20251228_A2_N1_Mueller_MS_TechHub_IMP_THIDDIAXL003_Cas9_PhoX_DIA12_CV486075_250ng_FAIMS_002,946392,,,Q99ZW2,,,false,Q99ZW2,Q99ZW2,,false,KLINGIR,SEETITPWNFEEVVDKGASAQSFIER,665,469,1,16,665,484,,-1,5,0,1.007276,9.396725
Scan: 1451504 Run: DIA12_CV486075:20251228_A2_N1_Mueller_MS_TechHub_IMP_THIDDIAXL003_Cas9_PhoX_DIA12_CV486075_250ng_FAIMS_003 P1_YKEIFFDQSK P2_VNTEITKAPLSASMIK 2 7,DIA12_CV486075:20251228_A2_N1_Mueller_MS_TechHub_IMP_THIDDIAXL003_Cas9_PhoX_DIA12_CV486075_250ng_FAIMS_003,1451504,,,Q99ZW2,,,false,Q99ZW2,Q99ZW2,,false,VNTEITKAPLSASMIK,YKEIFFDQSK,308,347,7,2,314,348,,-1,4,0,1.007276,9.396699
Scan: 1608749 Run: DIA12_CV486075:20251228_A2_N1_Mueller_MS_TechHub_IMP_THIDDIAXL003_Cas9_PhoX_DIA12_CV486075_250ng_FAIMS_003 P1_LKGSPEDNEQK P2_FYDEKLQK 2 5,DIA12_CV486075:20251228_A2_N1_Mueller_MS_TechHub_IMP_THIDDIAXL003_Cas9_PhoX_DIA12_CV486075_250ng_FAIMS_003,1608749,,,decoy:Q99ZW2,decoy,decoy,true,Q99ZW2,Q99ZW2,,false,FYDEKLQK,LKGSPEDNEQK,563,1245,5,2,567,1246,,-1,3,0,1.007276,9.396324
Scan: 540605 Run: DIA12_CV486075:20251228_A2_N1_Mueller_MS_TechHub_IMP_THIDDIAXL003_Cas9_PhoX_DIA12_CV486075_250ng_FAIMS_001 P1_KRPLIETNGETGEIVWDK P2_DDSIDNKVLTR 1 7,DIA12_CV486075:20251228_A2_N1_Mueller_MS_TechHub_IMP_THIDDIAXL003_Cas9_PhoX_DIA12_CV486075_250ng_FAIMS_001,540605,,,Q99ZW2,,,false,Q99ZW2,Q99ZW2,,false,DDSIDNKVLTR,KRPLIETNGETGEIVWDK,849,1059,7,1,855,1059,,-1,4,0,1.007276,9.396089
Scan: 759567 Run: DIA12_CV486075:20251228_A2_N1_Mueller_MS_TechHub_IMP_THIDDIAXL003_Cas9_PhoX_DIA12_CV486075_250ng_FAIMS_002 P1_LKGSPEDNEQK P2_LKGSPEDNEQK 2 2,DIA12_CV486075:20251228_A2_N1_Mueller_MS_TechHub_IMP_THIDDIAXL003_Cas9_PhoX_DIA12_CV486075_250ng_FAIMS_002,759567,,,Q99ZW2,,,false,Q99ZW2,Q99ZW2,,false,LKGSPEDNEQK,LKGSPEDNEQK,1245,1245,2,2,1246,1246,,-1,3,0,1.007276,9.395622
Scan: 353785 Run: DIA12_CV486075:20251228_A2_N1_Mueller_MS_TechHub_IMP_THIDDIAXL003_Cas9_PhoX_DIA12_CV486075_250ng_FAIMS_001 P1_SSFEKNPIDFLEAK P2_ENPLNKDFNTMK 5 6,DIA12_CV486075:20251228_A2_N1_Mueller_MS_TechHub_IMP_THIDDIAXL003_Cas9_PhoX_DIA12_CV486075_250ng_FAIMS_001,353785,,,decoy:Q99ZW2,decoy,decoy,true,Q99ZW2,Q99ZW2,,false,ENPLNKDFNTMK,SSFEKNPIDFLEAK,495,1172,6,5,500,1176,,-1,3,0,1.007276,9.39558
Scan: 1330064 Run: DIA12_CV486075:20251228_A2_N1_Mueller_MS_TechHub_IMP_THIDDIAXL003_Cas9_PhoX_DIA12_CV486075_250ng_FAIMS_003 P1_GYKEVK P2_DKQSGK 3 2,DIA12_CV486075:20251228_A2_N1_Mueller_MS_TechHub_IMP_THIDDIAXL003_Cas9_PhoX_DIA12_CV486075_250ng_FAIMS_003,1330064,,,Q99ZW2,,,false,Q99ZW2,Q99ZW2,,false,DKQSGK,GYKEVK,672,1186,2,3,673,1188,,-1,3,0,1.007276,9.395265
Scan: 1492712 Run: DIA12_CV486075:20251228_A2_N1_Mueller_MS_TechHub_IMP_THIDDIAXL003_Cas9_PhoX_DIA12_CV486075_250ng_FAIMS_003 P1_QEDFYPFLKDNR P2_KNLIGALLFDSGETAEATR 9 1,DIA12_CV486075:20251228_A2_N1_Mueller_MS_TechHub_IMP_THIDDIAXL003_Cas9_PhoX_DIA12_CV486075_250ng_FAIMS_003,1492712,,,Q99ZW2,,,false,Q99ZW2,Q99ZW2,,false,KNLIGALLFDSGETAEATR,QEDFYPFLKDNR,45,426,1,9,45,434,,-1,4,0,1.007276,9.394962
Scan: 1158956 Run: DIA12_CV486075:20251228_A2_N1_Mueller_MS_TechHub_IMP_THIDDIAXL003_Cas9_PhoX_DIA12_CV486075_250ng_FAIMS_002 P1_KFDNLTK P2_KFDNLTK 1 1,DIA12_CV486075:20251228_A2_N1_Mueller_MS_TechHub_IMP_THIDDIAXL003_Cas9_PhoX_DIA12_CV486075_250ng_FAIMS_002,1158956,,,Q99ZW2,,,false,Q99ZW2,Q99ZW2,,false,KFDNLTK,KFDNLTK,896,896,1,1,896,896,,-1,3,0,1.007276,9.394496
Scan: 1692812 Run: DIA12_CV486075:20251228_A2_N1_Mueller_MS_TechHub_IMP_THIDDIAXL003_Cas9_PhoX_DIA12_CV486075_250ng_FAIMS_003 P1_GILQTVKVVDELVK P2_EHPVENTQLQNEKLYLYYLQNGR 7 13,DIA12_CV486075:20251228_A2_N1_Mueller_MS_TechHub_IMP_THIDDIAXL003_Cas9_PhoX_DIA12_CV486075_250ng_FAIMS_003,1692812,,,Q99ZW2,,,false,Q99ZW2,Q99ZW2,,false,EHPVENTQLQNEKLYLYYLQNGR,GILQTVKVVDELVK,798,736,13,7,810,742,,-1,5,0,1.007276,9.394248
Scan: 1178990 Run: DIA12_CV486075:20251228_A2_N1_Mueller_MS_TechHub_IMP_THIDDIAXL003_Cas9_PhoX_DIA12_CV486075_250ng_FAIMS_002 P1_MNTKYDENDKLIR P2_KLINGIR 4 1,DIA12_CV486075:20251228_A2_N1_Mueller_MS_TechHub_IMP_THIDDIAXL003_Cas9_PhoX_DIA12_CV486075_250ng_FAIMS_002,1178990,,,Q99ZW2,,,false,Q99ZW2,Q99ZW2,,false,KLINGIR,MNTKYDENDKLIR,665,939,1,4,665,942,,-1,3,0,1.007276,9.39419
Scan: 684397 Run: DIA12_CV486075:20251228_A2_N1_Mueller_MS_TechHub_IMP_THIDDIAXL003_Cas9_PhoX_DIA12_CV486075_250ng_FAIMS_002 P1_VLSAYNKHR P2_NSDKLIAR 7 4,DIA12_CV486075:20251228_A2_N1_Mueller_MS_TechHub_IMP_THIDDIAXL003_Cas9_PhoX_DIA12_CV486075_250ng_FAIMS_002,684397,,,Q99ZW2,,,false,Q99ZW2,Q99ZW2,,false,NSDKLIAR,VLSAYNKHR,1115,1290,4,7,1118,1296,,-1,4,0,1.007276,9.392442
Scan: 695398 Run: DIA12_CV486075:20251228_A2_N1_Mueller_MS_TechHub_IMP_THIDDIAXL003_Cas9_PhoX_DIA12_CV486075_250ng_FAIMS_002 P1_KYGGFDSPTVAYSVLVVAK P2_KKDWDPK 1 2,DIA12_CV486075:20251228_A2_N1_Mueller_MS_TechHub_IMP_THIDDIAXL003_Cas9_PhoX_DIA12_CV486075_250ng_FAIMS_002,695398,,,Q99ZW2,,,false,Q99ZW2,Q99ZW2,,false,KKDWDPK,KYGGFDSPTVAYSVLVVAK,1123,1130,2,1,1124,1130,,-1,5,0,1.007276,9.392434
Scan: 588392 Run: DIA12_CV486075:20251228_A2_N1_Mueller_MS_TechHub_IMP_THIDDIAXL003_Cas9_PhoX_DIA12_CV486075_250ng_FAIMS_001 P1_SKLVSDFR P2_DKPIR 2 2,DIA12_CV486075:20251228_A2_N1_Mueller_MS_TechHub_IMP_THIDDIAXL003_Cas9_PhoX_DIA12_CV486075_250ng_FAIMS_001,588392,,,Q99ZW2,,,false,Q99ZW2,Q99ZW2,,false,DKPIR,SKLVSDFR,1299,960,2,2,1300,961,,-1,3,0,1.007276,9.391901
Scan: 1194276 Run: DIA12_CV486075:20251228_A2_N1_Mueller_MS_TechHub_IMP_THIDDIAXL003_Cas9_PhoX_DIA12_CV486075_250ng_FAIMS_002 P1_GQKNSR P2_DFQFYKVR 3 6,DIA12_CV486075:20251228_A2_N1_Mueller_MS_TechHub_IMP_THIDDIAXL003_Cas9_PhoX_DIA12_CV486075_250ng_FAIMS_002,1194276,,,Q99ZW2,,,false,Q99ZW2,Q99ZW2,,false,DFQFYKVR,GQKNSR,969,773,6,3,974,775,,-1,4,0,1.007276,9.391476
Scan: 1499634 Run: DIA12_CV486075:20251228_A2_N1_Mueller_MS_TechHub_IMP_THIDDIAXL003_Cas9_PhoX_DIA12_CV486075_250ng_FAIMS_003 P1_VLAKLLTLDQHHEDYR P2_KSEETITPWNFEEVVDK 4 1,DIA12_CV486075:20251228_A2_N1_Mueller_MS_TechHub_IMP_THIDDIAXL003_Cas9_PhoX_DIA12_CV486075_250ng_FAIMS_003,1499634,,,Q99ZW2,,,false,decoy:Q99ZW2,decoy,decoy,true,KSEETITPWNFEEVVDK,VLAKLLTLDQHHEDYR,468,325,1,4,468,328,,-1,4,0,1.007276,9.391223
Scan: 1610000 Run: DIA12_CV486075:20251228_A2_N1_Mueller_MS_TechHub_IMP_THIDDIAXL003_Cas9_PhoX_DIA12_CV486075_250ng_FAIMS_003 P1_YDEHHQDLTLLKALVR P2_KIECFDSVEISGVEDR 12 1,DIA12_CV486075:20251228_A2_N1_Mueller_MS_TechHub_IMP_THIDDIAXL003_Cas9_PhoX_DIA12_CV486075_250ng_FAIMS_003,1610000,,,Q99ZW2,,,false,Q99ZW2,Q99ZW2,,false,KIECFDSVEISGVEDR,YDEHHQDLTLLKALVR,571,325,1,12,571,336,,-1,4,0,1.007276,9.389885
Scan: 142644 Run: DIA12_CV486075:20251228_A2_N1_Mueller_MS_TechHub_IMP_THIDDIAXL003_Cas9_PhoX_DIA12_CV486075_250ng_FAIMS_001 P1_TEVQTGGFSKESILPK P2_LPKYSLFELENGRK 10 3,DIA12_CV486075:20251228_A2_N1_Mueller_MS_TechHub_IMP_THIDDIAXL003_Cas9_PhoX_DIA12_CV486075_250ng_FAIMS_001,142644,,,Q99ZW2,,,false,Q99ZW2,Q99ZW2,,false,LPKYSLFELENGRK,TEVQTGGFSKESILPK,1198,1098,3,10,1200,1107,,-1,4,0,1.007276,9.389403
Scan: 1704153 Run: DIA12_CV486075:20251228_A2_N1_Mueller_MS_TechHub_IMP_THIDDIAXL003_Cas9_PhoX_DIA12_CV486075_250ng_FAIMS_003 P1_KDLIIK P2_ENQTTQKGQK 1 7,DIA12_CV486075:20251228_A2_N1_Mueller_MS_TechHub_IMP_THIDDIAXL003_Cas9_PhoX_DIA12_CV486075_250ng_FAIMS_003,1704153,,,Q99ZW2,,,false,Q99ZW2,Q99ZW2,,false,ENQTTQKGQK,KDLIIK,766,1192,7,1,772,1192,,-1,3,0,1.007276,9.388706
Scan: 1675768 Run: DIA12_CV486075:20251228_A2_N1_Mueller_MS_TechHub_IMP_THIDDIAXL003_Cas9_PhoX_DIA12_CV486075_250ng_FAIMS_003 P1_TEVQTGGFSKESILPK P2_AQVSGQGDSLHEHIANLAGSPAIKK 10 24,DIA12_CV486075:20251228_A2_N1_Mueller_MS_TechHub_IMP_THIDDIAXL003_Cas9_PhoX_DIA12_CV486075_250ng_FAIMS_003,1675768,,,Q99ZW2,,,false,Q99ZW2,Q99ZW2,,false,AQVSGQGDSLHEHIANLAGSPAIKK,TEVQTGGFSKESILPK,711,1098,24,10,734,1107,,-1,5,0,1.007276,9.388513
Scan: 811248 Run: DIA12_CV486075:20251228_A2_N1_Mueller_MS_TechHub_IMP_THIDDIAXL003_Cas9_PhoX_DIA12_CV486075_250ng_FAIMS_002 P1_LENLIAQLPGEKK P2_KKDWDPK 12 1,DIA12_CV486075:20251228_A2_N1_Mueller_MS_TechHub_IMP_THIDDIAXL003_Cas9_PhoX_DIA12_CV486075_250ng_FAIMS_002,811248,,,Q99ZW2,,,false,Q99ZW2,Q99ZW2,,false,KKDWDPK,LENLIAQLPGEKK,1123,222,1,12,1123,233,,-1,4,0,1.007276,9.387945
Scan: 1648731 Run: DIA12_CV486075:20251228_A2_N1_Mueller_MS_TechHub_IMP_THIDDIAXL003_Cas9_PhoX_DIA12_CV486075_250ng_FAIMS_003 P1_KKDWDPK P2_EDIQKAQVSGQGDSLHEHIANLAGSPAIK 1 5,DIA12_CV486075:20251228_A2_N1_Mueller_MS_TechHub_IMP_THIDDIAXL003_Cas9_PhoX_DIA12_CV486075_250ng_FAIMS_003,1648731,,,Q99ZW2,,,false,Q99ZW2,Q99ZW2,,false,EDIQKAQVSGQGDSLHEHIANLAGSPAIK,KKDWDPK,706,1123,5,1,710,1123,,-1,5,0,1.007276,9.387918
Scan: 617975 Run: DIA12_CV486075:20251228_A2_N1_Mueller_MS_TechHub_IMP_THIDDIAXL003_Cas9_PhoX_DIA12_CV486075_250ng_FAIMS_002 P1_KRPLIETNGETGEIVWDK P2_KRPLIETNGETGEIVWDK 1 1,DIA12_CV486075:20251228_A2_N1_Mueller_MS_TechHub_IMP_THIDDIAXL003_Cas9_PhoX_DIA12_CV486075_250ng_FAIMS_002,617975,,,Q99ZW2,,,false,Q99ZW2,Q99ZW2,,false,KRPLIETNGETGEIVWDK,KRPLIETNGETGEIVWDK,1059,1059,1,1,1059,1059,,-1,4,0,1.007276,9.38692
Scan: 1350616 Run: DIA12_CV486075:20251228_A2_N1_Mueller_MS_TechHub_IMP_THIDDIAXL003_Cas9_PhoX_DIA12_CV486075_250ng_FAIMS_003 P1_KPLISER P2_GNELALPSKYVNFLYLASHYEK 1 9,DIA12_CV486075:20251228_A2_N1_Mueller_MS_TechHub_IMP_THIDDIAXL003_Cas9_PhoX_DIA12_CV486075_250ng_FAIMS_003,1350616,,,Q99ZW2,,,false,decoy:Q99ZW2,decoy,decoy,true,GNELALPSKYVNFLYLASHYEK,KPLISER,1223,1108,9,1,1231,1108,,-1,4,0,1.007276,9.386626
Scan: 1392962 Run: DIA12_CV486075:20251228_A2_N1_Mueller_MS_TechHub_IMP_THIDDIAXL003_Cas9_PhoX_DIA12_CV486075_250ng_FAIMS_003 P1_YTSTKEVLDATLIHQSITGLYETR P2_HQEVFLQKQENDEPSGK 5 8,DIA12_CV486075:20251228_A2_N1_Mueller_MS_TechHub_IMP_THIDDIAXL003_Cas9_PhoX_DIA12_CV486075_250ng_FAIMS_003,1392962,,,decoy:Q99ZW2,decoy,decoy,true,Q99ZW2,Q99ZW2,,false,HQEVFLQKQENDEPSGK,YTSTKEVLDATLIHQSITGLYETR,1247,1336,8,5,1254,1340,,-1,5,0,1.007276,9.386491
Scan: 741774 Run: DIA12_CV486075:20251228_A2_N1_Mueller_MS_TechHub_IMP_THIDDIAXL003_Cas9_PhoX_DIA12_CV486075_250ng_FAIMS_002 P1_LPKYSLFELENGR P2_GYKEVK 3 3,DIA12_CV486075:20251228_A2_N1_Mueller_MS_TechHub_IMP_THIDDIAXL003_Cas9_PhoX_DIA12_CV486075_250ng_FAIMS_002,741774,,,Q99ZW2,,,false,Q99ZW2,Q99ZW2,,false,GYKEVK,LPKYSLFELENGR,1186,1198,3,3,1188,1200,,-1,3,0,1.007276,9.386208
Scan: 1768063 Run: DIA12_CV486075:20251228_A2_N1_Mueller_MS_TechHub_IMP_THIDDIAXL003_Cas9_PhoX_DIA12_CV486075_250ng_FAIMS_003 P1_QITKHVAQILDSR P2_DKQSGK 4 2,DIA12_CV486075:20251228_A2_N1_Mueller_MS_TechHub_IMP_THIDDIAXL003_Cas9_PhoX_DIA12_CV486075_250ng_FAIMS_003,1768063,,,Q99ZW2,,,false,Q99ZW2,Q99ZW2,,false,DKQSGK,QITKHVAQILDSR,672,926,2,4,673,929,,-1,4,0,1.007276,9.386078
Scan: 1486532 Run: DIA12_CV486075:20251228_A2_N1_Mueller_MS_TechHub_IMP_THIDDIAXL003_Cas9_PhoX_DIA12_CV486075_250ng_FAIMS_003 P1_QQLPEKYK P2_IEKILTFR 6 3,DIA12_CV486075:20251228_A2_N1_Mueller_MS_TechHub_IMP_THIDDIAXL003_Cas9_PhoX_DIA12_CV486075_250ng_FAIMS_003,1486532,,,Q99ZW2,,,false,Q99ZW2,Q99ZW2,,false,IEKILTFR,QQLPEKYK,440,341,3,6,442,346,,-1,3,0,1.007276,9.385289
Scan: 1676325 Run: DIA12_CV486075:20251228_A2_N1_Mueller_MS_TechHub_IMP_THIDDIAXL003_Cas9_PhoX_DIA12_CV486075_250ng_FAIMS_003 P1_SEETITPWNFEEVVDKGASAQSFIER P2_AQVSGQGDSLHEHIANLAGSPAIKK 16 24,DIA12_CV486075:20251228_A2_N1_Mueller_MS_TechHub_IMP_THIDDIAXL003_Cas9_PhoX_DIA12_CV486075_250ng_FAIMS_003,1676325,,,Q99ZW2,,,false,Q99ZW2,Q99ZW2,,false,AQVSGQGDSLHEHIANLAGSPAIKK,SEETITPWNFEEVVDKGASAQSFIER,711,469,24,16,734,484,,-1,5,0,1.007276,9.384653
Scan: 30138 Run: DIA12_CV486075:20251228_A2_N1_Mueller_MS_TechHub_IMP_THIDDIAXL003_Cas9_PhoX_DIA12_CV486075_250ng_FAIMS_001 P1_KTEVQTGGFSK P2_KRPLIETNGETGEIVWDKGR 1 18,DIA12_CV486075:20251228_A2_N1_Mueller_MS_TechHub_IMP_THIDDIAXL003_Cas9_PhoX_DIA12_CV486075_250ng_FAIMS_001,30138,,,Q99ZW2,,,false,Q99ZW2,Q99ZW2,,false,KRPLIETNGETGEIVWDKGR,KTEVQTGGFSK,1059,1097,18,1,1076,1097,,-1,5,0,1.007276,9.384476
Scan: 1448770 Run: DIA12_CV486075:20251228_A2_N1_Mueller_MS_TechHub_IMP_THIDDIAXL003_Cas9_PhoX_DIA12_CV486075_250ng_FAIMS_003 P1_YKEIFFDQSK P2_KVLSMPQVNIVK 2 1,DIA12_CV486075:20251228_A2_N1_Mueller_MS_TechHub_IMP_THIDDIAXL003_Cas9_PhoX_DIA12_CV486075_250ng_FAIMS_003,1448770,,,Q99ZW2,,,false,Q99ZW2,Q99ZW2,,false,KVLSMPQVNIVK,YKEIFFDQSK,1085,347,1,2,1085,348,,-1,3,0,1.007276,9.384247
Scan: 216692 Run: DIA12_CV486075:20251228_A2_N1_Mueller_MS_TechHub_IMP_THIDDIAXL003_Cas9_PhoX_DIA12_CV486075_250ng_FAIMS_001 P1_LENLIAQLPGEKK P2_ELGSQILKEHPVENTQLQNEK 12 8,DIA12_CV486075:20251228_A2_N1_Mueller_MS_TechHub_IMP_THIDDIAXL003_Cas9_PhoX_DIA12_CV486075_250ng_FAIMS_001,216692,,,Q99ZW2,,,false,Q99ZW2,Q99ZW2,,false,ELGSQILKEHPVENTQLQNEK,LENLIAQLPGEKK,790,222,8,12,797,233,,-1,4,0,1.007276,9.38375
Scan: 1737266 Run: DIA12_CV486075:20251228_A2_N1_Mueller_MS_TechHub_IMP_THIDDIAXL003_Cas9_PhoX_DIA12_CV486075_250ng_FAIMS_003 P1_GKSDNVPSEEVVK P2_DDSIDNKVLTR 2 7,DIA12_CV486075:20251228_A2_N1_Mueller_MS_TechHub_IMP_THIDDIAXL003_Cas9_PhoX_DIA12_CV486075_250ng_FAIMS_003,1737266,,,Q99ZW2,,,false,Q99ZW2,Q99ZW2,,false,DDSIDNKVLTR,GKSDNVPSEEVVK,849,865,7,2,855,866,,-1,4,0,1.007276,9.382759
Scan: 536266 Run: DIA12_CV486075:20251228_A2_N1_Mueller_MS_TechHub_IMP_THIDDIAXL003_Cas9_PhoX_DIA12_CV486075_250ng_FAIMS_001 P1_YVNFLYLASHYEKLK P2_EHPVENTQLQNEKLYLYYLQNGR 13 13,DIA12_CV486075:20251228_A2_N1_Mueller_MS_TechHub_IMP_THIDDIAXL003_Cas9_PhoX_DIA12_CV486075_250ng_FAIMS_001,536266,,,Q99ZW2,,,false,Q99ZW2,Q99ZW2,,false,EHPVENTQLQNEKLYLYYLQNGR,YVNFLYLASHYEKLK,798,1232,13,13,810,1244,,-1,5,0,1.007276,9.382701
Scan: 1002818 Run: DIA12_CV486075:20251228_A2_N1_Mueller_MS_TechHub_IMP_THIDDIAXL003_Cas9_PhoX_DIA12_CV486075_250ng_FAIMS_002 P1_MKNYWR P2_KAIVDLLFK 2 1,DIA12_CV486075:20251228_A2_N1_Mueller_MS_TechHub_IMP_THIDDIAXL003_Cas9_PhoX_DIA12_CV486075_250ng_FAIMS_002,1002818,,,Q99ZW2,,,false,Q99ZW2,Q99ZW2,,false,KAIVDLLFK,MKNYWR,546,879,1,2,546,880,,-1,3,0,1.007276,9.382033
Scan: 242634 Run: DIA12_CV486075:20251228_A2_N1_Mueller_MS_TechHub_IMP_THIDDIAXL003_Cas9_PhoX_DIA12_CV486075_250ng_FAIMS_001 P1_KFKVLGNTDR P2_FKVLGNTDR 3 2,DIA12_CV486075:20251228_A2_N1_Mueller_MS_TechHub_IMP_THIDDIAXL003_Cas9_PhoX_DIA12_CV486075_250ng_FAIMS_001,242634,,,Q99ZW2,,,false,Q99ZW2,Q99ZW2,,false,FKVLGNTDR,KFKVLGNTDR,32,31,2,3,33,33,,-1,4,0,1.007276,9.381886
Scan: 1213598 Run: DIA12_CV486075:20251228_A2_N1_Mueller_MS_TechHub_IMP_THIDDIAXL003_Cas9_PhoX_DIA12_CV486075_250ng_FAIMS_003 P1_VLPKHSLLYEYFTVYNELTK P2_EHKKDEEVLFSEELR 4 4,DIA12_CV486075:20251228_A2_N1_Mueller_MS_TechHub_IMP_THIDDIAXL003_Cas9_PhoX_DIA12_CV486075_250ng_FAIMS_003,1213598,,,decoy:Q99ZW2,decoy,decoy,true,Q99ZW2,Q99ZW2,,false,EHKKDEEVLFSEELR,VLPKHSLLYEYFTVYNELTK,101,507,4,4,104,510,,-1,4,0,1.007276,9.381804
Scan: 1005353 Run: DIA12_CV486075:20251228_A2_N1_Mueller_MS_TechHub_IMP_THIDDIAXL003_Cas9_PhoX_DIA12_CV486075_250ng_FAIMS_002 P1_KPAFLSGEQK P2_FLLDVIAKK 1 8,DIA12_CV486075:20251228_A2_N1_Mueller_MS_TechHub_IMP_THIDDIAXL003_Cas9_PhoX_DIA12_CV486075_250ng_FAIMS_002,1005353,,,decoy:Q99ZW2,decoy,decoy,true,Q99ZW2,Q99ZW2,,false,FLLDVIAKK,KPAFLSGEQK,546,536,8,1,553,536,,-1,3,0,1.007276,9.381219
Scan: 85662 Run: DIA12_CV486075:20251228_A2_N1_Mueller_MS_TechHub_IMP_THIDDIAXL003_Cas9_PhoX_DIA12_CV486075_250ng_FAIMS_001 P1_NSDKLIAR P2_GYKEVK 4 3,DIA12_CV486075:20251228_A2_N1_Mueller_MS_TechHub_IMP_THIDDIAXL003_Cas9_PhoX_DIA12_CV486075_250ng_FAIMS_001,85662,,,Q99ZW2,,,false,Q99ZW2,Q99ZW2,,false,GYKEVK,NSDKLIAR,1186,1115,3,4,1188,1118,,-1,3,0,1.007276,9.380996
Scan: 1552012 Run: DIA12_CV486075:20251228_A2_N1_Mueller_MS_TechHub_IMP_THIDDIAXL003_Cas9_PhoX_DIA12_CV486075_250ng_FAIMS_003 P1_SEETITPWNFEEVVDKGASAQSFIER P2_ENPLNKDFNTMK 16 6,DIA12_CV486075:20251228_A2_N1_Mueller_MS_TechHub_IMP_THIDDIAXL003_Cas9_PhoX_DIA12_CV486075_250ng_FAIMS_003,1552012,,,decoy:Q99ZW2,decoy,decoy,true,Q99ZW2,Q99ZW2,,false,ENPLNKDFNTMK,SEETITPWNFEEVVDKGASAQSFIER,495,469,6,16,500,484,,-1,4,0,1.007276,9.380602
Scan: 1722045 Run: DIA12_CV486075:20251228_A2_N1_Mueller_MS_TechHub_IMP_THIDDIAXL003_Cas9_PhoX_DIA12_CV486075_250ng_FAIMS_003 P1_EVKVITLK P2_ELGSQILKEHPVENTQLQNEK 3 8,DIA12_CV486075:20251228_A2_N1_Mueller_MS_TechHub_IMP_THIDDIAXL003_Cas9_PhoX_DIA12_CV486075_250ng_FAIMS_003,1722045,,,Q99ZW2,,,false,Q99ZW2,Q99ZW2,,false,ELGSQILKEHPVENTQLQNEK,EVKVITLK,790,952,8,3,797,954,,-1,4,0,1.007276,9.3805
Scan: 960765 Run: DIA12_CV486075:20251228_A2_N1_Mueller_MS_TechHub_IMP_THIDDIAXL003_Cas9_PhoX_DIA12_CV486075_250ng_FAIMS_002 P1_VLPKHSLLYEYFTVYNELTK P2_QEDFYPFLKDNR 4 9,DIA12_CV486075:20251228_A2_N1_Mueller_MS_TechHub_IMP_THIDDIAXL003_Cas9_PhoX_DIA12_CV486075_250ng_FAIMS_002,960765,,,Q99ZW2,,,false,Q99ZW2,Q99ZW2,,false,QEDFYPFLKDNR,VLPKHSLLYEYFTVYNELTK,426,507,9,4,434,510,,-1,4,0,1.007276,9.38043
Scan: 526658 Run: DIA12_CV486075:20251228_A2_N1_Mueller_MS_TechHub_IMP_THIDDIAXL003_Cas9_PhoX_DIA12_CV486075_250ng_FAIMS_001 P1_MKNYWR P2_ELGSQILKEHPVENTQLQNEK 2 8,DIA12_CV486075:20251228_A2_N1_Mueller_MS_TechHub_IMP_THIDDIAXL003_Cas9_PhoX_DIA12_CV486075_250ng_FAIMS_001,526658,,,Q99ZW2,,,false,Q99ZW2,Q99ZW2,,false,ELGSQILKEHPVENTQLQNEK,MKNYWR,790,879,8,2,797,880,,-1,4,0,1.007276,9.380175
Scan: 873878 Run: DIA12_CV486075:20251228_A2_N1_Mueller_MS_TechHub_IMP_THIDDIAXL003_Cas9_PhoX_DIA12_CV486075_250ng_FAIMS_002 P1_KLINGIR P2_FIKPILEKMDGTEELLVK 1 3,DIA12_CV486075:20251228_A2_N1_Mueller_MS_TechHub_IMP_THIDDIAXL003_Cas9_PhoX_DIA12_CV486075_250ng_FAIMS_002,873878,,,Q99ZW2,,,false,Q99ZW2,Q99ZW2,,false,FIKPILEKMDGTEELLVK,KLINGIR,375,665,3,1,377,665,,-1,4,0,1.007276,9.379446
Scan: 1357895 Run: DIA12_CV486075:20251228_A2_N1_Mueller_MS_TechHub_IMP_THIDDIAXL003_Cas9_PhoX_DIA12_CV486075_250ng_FAIMS_003 P1_LKGSPEDNEQK P2_KVTVK 2 1,DIA12_CV486075:20251228_A2_N1_Mueller_MS_TechHub_IMP_THIDDIAXL003_Cas9_PhoX_DIA12_CV486075_250ng_FAIMS_003,1357895,,,Q99ZW2,,,false,Q99ZW2,Q99ZW2,,false,KVTVK,LKGSPEDNEQK,558,1245,1,2,558,1246,,-1,3,0,1.007276,9.378631
Scan: 1316009 Run: DIA12_CV486075:20251228_A2_N1_Mueller_MS_TechHub_IMP_THIDDIAXL003_Cas9_PhoX_DIA12_CV486075_250ng_FAIMS_003 P1_SSFEKNPIDFLEAK P2_EHPVENTQLQNEKLYLYYLQNGR 5 13,DIA12_CV486075:20251228_A2_N1_Mueller_MS_TechHub_IMP_THIDDIAXL003_Cas9_PhoX_DIA12_CV486075_250ng_FAIMS_003,1316009,,,Q99ZW2,,,false,Q99ZW2,Q99ZW2,,false,EHPVENTQLQNEKLYLYYLQNGR,SSFEKNPIDFLEAK,798,1172,13,5,810,1176,,-1,4,0,1.007276,9.378247
Scan: 1765570 Run: DIA12_CV486075:20251228_A2_N1_Mueller_MS_TechHub_IMP_THIDDIAXL003_Cas9_PhoX_DIA12_CV486075_250ng_FAIMS_003 P1_QITKHVAQILDSR P2_ATAKGIEQESK 4 4,DIA12_CV486075:20251228_A2_N1_Mueller_MS_TechHub_IMP_THIDDIAXL003_Cas9_PhoX_DIA12_CV486075_250ng_FAIMS_003,1765570,,,decoy:Q99ZW2,decoy,decoy,true,Q99ZW2,Q99ZW2,,false,ATAKGIEQESK,QITKHVAQILDSR,1025,926,4,4,1028,929,,-1,4,0,1.007276,9.375763
Scan: 586215 Run: DIA12_CV486075:20251228_A2_N1_Mueller_MS_TechHub_IMP_THIDDIAXL003_Cas9_PhoX_DIA12_CV486075_250ng_FAIMS_001 P1_YDENDKLIR P2_FKVLGNTDR 6 2,DIA12_CV486075:20251228_A2_N1_Mueller_MS_TechHub_IMP_THIDDIAXL003_Cas9_PhoX_DIA12_CV486075_250ng_FAIMS_001,586215,,,Q99ZW2,,,false,Q99ZW2,Q99ZW2,,false,FKVLGNTDR,YDENDKLIR,32,943,2,6,33,948,,-1,4,0,1.007276,9.375427
Scan: 445989 Run: DIA12_CV486075:20251228_A2_N1_Mueller_MS_TechHub_IMP_THIDDIAXL003_Cas9_PhoX_DIA12_CV486075_250ng_FAIMS_001 P1_VLPKHSLLYEYFTVYNELTK P2_TILDFLKSDGFANR 4 7,DIA12_CV486075:20251228_A2_N1_Mueller_MS_TechHub_IMP_THIDDIAXL003_Cas9_PhoX_DIA12_CV486075_250ng_FAIMS_001,445989,,,Q99ZW2,,,false,Q99ZW2,Q99ZW2,,false,TILDFLKSDGFANR,VLPKHSLLYEYFTVYNELTK,678,507,7,4,684,510,,-1,4,0,1.007276,9.374907
Scan: 1288243 Run: DIA12_CV486075:20251228_A2_N1_Mueller_MS_TechHub_IMP_THIDDIAXL003_Cas9_PhoX_DIA12_CV486075_250ng_FAIMS_003 P1_NSDKLIAR P2_EVKVITLK 4 3,DIA12_CV486075:20251228_A2_N1_Mueller_MS_TechHub_IMP_THIDDIAXL003_Cas9_PhoX_DIA12_CV486075_250ng_FAIMS_003,1288243,,,Q99ZW2,,,false,Q99ZW2,Q99ZW2,,false,EVKVITLK,NSDKLIAR,952,1115,3,4,954,1118,,-1,3,0,1.007276,9.373942
Scan: 827324 Run: DIA12_CV486075:20251228_A2_N1_Mueller_MS_TechHub_IMP_THIDDIAXL003_Cas9_PhoX_DIA12_CV486075_250ng_FAIMS_002 P1_VNTEITKAPLSASMIK P2_KRPLIETNGETGEIVWDK 7 1,DIA12_CV486075:20251228_A2_N1_Mueller_MS_TechHub_IMP_THIDDIAXL003_Cas9_PhoX_DIA12_CV486075_250ng_FAIMS_002,827324,,,Q99ZW2,,,false,Q99ZW2,Q99ZW2,,false,KRPLIETNGETGEIVWDK,VNTEITKAPLSASMIK,1059,308,1,7,1059,314,,-1,4,0,1.007276,9.372856
Scan: 510693 Run: DIA12_CV486075:20251228_A2_N1_Mueller_MS_TechHub_IMP_THIDDIAXL003_Cas9_PhoX_DIA12_CV486075_250ng_FAIMS_001 P1_YDENDKLIR P2_ENQTTQKGQK 6 7,DIA12_CV486075:20251228_A2_N1_Mueller_MS_TechHub_IMP_THIDDIAXL003_Cas9_PhoX_DIA12_CV486075_250ng_FAIMS_001,510693,,,Q99ZW2,,,false,Q99ZW2,Q99ZW2,,false,ENQTTQKGQK,YDENDKLIR,766,943,7,6,772,948,,-1,3,0,1.007276,9.371292
Scan: 737922 Run: DIA12_CV486075:20251228_A2_N1_Mueller_MS_TechHub_IMP_THIDDIAXL003_Cas9_PhoX_DIA12_CV486075_250ng_FAIMS_002 P1_KKDWDPK P2_KDLIIKLPK 1 6,DIA12_CV486075:20251228_A2_N1_Mueller_MS_TechHub_IMP_THIDDIAXL003_Cas9_PhoX_DIA12_CV486075_250ng_FAIMS_002,737922,,,Q99ZW2,,,false,Q99ZW2,Q99ZW2,,false,KDLIIKLPK,KKDWDPK,1192,1123,6,1,1197,1123,,-1,3,0,1.007276,9.370926
Scan: 1693953 Run: DIA12_CV486075:20251228_A2_N1_Mueller_MS_TechHub_IMP_THIDDIAXL003_Cas9_PhoX_DIA12_CV486075_250ng_FAIMS_003 P1_GILQTVKVVDELVK P2_EVKVITLK 7 3,DIA12_CV486075:20251228_A2_N1_Mueller_MS_TechHub_IMP_THIDDIAXL003_Cas9_PhoX_DIA12_CV486075_250ng_FAIMS_003,1693953,,,Q99ZW2,,,false,Q99ZW2,Q99ZW2,,false,EVKVITLK,GILQTVKVVDELVK,952,736,3,7,954,742,,-1,4,0,1.007276,9.370421
Scan: 1399353 Run: DIA12_CV486075:20251228_A2_N1_Mueller_MS_TechHub_IMP_THIDDIAXL003_Cas9_PhoX_DIA12_CV486075_250ng_FAIMS_003 P1_VTVKQLK P2_KLVDSTDK 4 1,DIA12_CV486075:20251228_A2_N1_Mueller_MS_TechHub_IMP_THIDDIAXL003_Cas9_PhoX_DIA12_CV486075_250ng_FAIMS_003,1399353,,,Q99ZW2,,,false,Q99ZW2,Q99ZW2,,false,KLVDSTDK,VTVKQLK,141,559,1,4,141,562,,-1,3,0,1.007276,9.370376
Scan: 194335 Run: DIA12_CV486075:20251228_A2_N1_Mueller_MS_TechHub_IMP_THIDDIAXL003_Cas9_PhoX_DIA12_CV486075_250ng_FAIMS_001 P1_NSDKLIAR P2_EQAENIIHLFTLTNLGAPAAFKYFDTTIDR 4 22,DIA12_CV486075:20251228_A2_N1_Mueller_MS_TechHub_IMP_THIDDIAXL003_Cas9_PhoX_DIA12_CV486075_250ng_FAIMS_001,194335,,,Q99ZW2,,,false,Q99ZW2,Q99ZW2,,false,EQAENIIHLFTLTNLGAPAAFKYFDTTIDR,NSDKLIAR,1304,1115,22,4,1325,1118,,-1,6,0,1.007276,9.370006
Scan: 257149 Run: DIA12_CV486075:20251228_A2_N1_Mueller_MS_TechHub_IMP_THIDDIAXL003_Cas9_PhoX_DIA12_CV486075_250ng_FAIMS_001 P1_YKEIFFDQSK P2_YDEHHQDLTLLKALVR 2 12,DIA12_CV486075:20251228_A2_N1_Mueller_MS_TechHub_IMP_THIDDIAXL003_Cas9_PhoX_DIA12_CV486075_250ng_FAIMS_001,257149,,,Q99ZW2,,,false,Q99ZW2,Q99ZW2,,false,YDEHHQDLTLLKALVR,YKEIFFDQSK,325,347,12,2,336,348,,-1,3,0,1.007276,9.369733
Scan: 513571 Run: DIA12_CV486075:20251228_A2_N1_Mueller_MS_TechHub_IMP_THIDDIAXL003_Cas9_PhoX_DIA12_CV486075_250ng_FAIMS_001 P1_SNKQGR P2_QLLNAKLITQR 3 6,DIA12_CV486075:20251228_A2_N1_Mueller_MS_TechHub_IMP_THIDDIAXL003_Cas9_PhoX_DIA12_CV486075_250ng_FAIMS_001,513571,,,Q99ZW2,,,false,decoy:Q99ZW2,decoy,decoy,true,QLLNAKLITQR,SNKQGR,885,773,6,3,890,775,,-1,4,0,1.007276,9.369005
Scan: 1224691 Run: DIA12_CV486075:20251228_A2_N1_Mueller_MS_TechHub_IMP_THIDDIAXL003_Cas9_PhoX_DIA12_CV486075_250ng_FAIMS_003 P1_RPLIETNGETGEIVWDKGR P2_ATAKGIEQESK 17 4,DIA12_CV486075:20251228_A2_N1_Mueller_MS_TechHub_IMP_THIDDIAXL003_Cas9_PhoX_DIA12_CV486075_250ng_FAIMS_003,1224691,,,decoy:Q99ZW2,decoy,decoy,true,Q99ZW2,Q99ZW2,,false,ATAKGIEQESK,RPLIETNGETGEIVWDKGR,1025,1060,4,17,1028,1076,,-1,4,0,1.007276,9.368583
Scan: 512167 Run: DIA12_CV486075:20251228_A2_N1_Mueller_MS_TechHub_IMP_THIDDIAXL003_Cas9_PhoX_DIA12_CV486075_250ng_FAIMS_001 P1_SNKQGR P2_FKVLGNTDR 3 2,DIA12_CV486075:20251228_A2_N1_Mueller_MS_TechHub_IMP_THIDDIAXL003_Cas9_PhoX_DIA12_CV486075_250ng_FAIMS_001,512167,,,Q99ZW2,,,false,decoy:Q99ZW2,decoy,decoy,true,FKVLGNTDR,SNKQGR,32,773,2,3,33,775,,-1,3,0,1.007276,9.368369
Scan: 1110466 Run: DIA12_CV486075:20251228_A2_N1_Mueller_MS_TechHub_IMP_THIDDIAXL003_Cas9_PhoX_DIA12_CV486075_250ng_FAIMS_002 P1_SNKQGR P2_IEEGIKELGSQILK 3 6,DIA12_CV486075:20251228_A2_N1_Mueller_MS_TechHub_IMP_THIDDIAXL003_Cas9_PhoX_DIA12_CV486075_250ng_FAIMS_002,1110466,,,Q99ZW2,,,false,decoy:Q99ZW2,decoy,decoy,true,IEEGIKELGSQILK,SNKQGR,784,773,6,3,789,775,,-1,3,0,1.007276,9.368254
Scan: 1560894 Run: DIA12_CV486075:20251228_A2_N1_Mueller_MS_TechHub_IMP_THIDDIAXL003_Cas9_PhoX_DIA12_CV486075_250ng_FAIMS_003 P1_VLPKHSLLYEYFTVYNELTK P2_GGLSELDKAGFIK 4 8,DIA12_CV486075:20251228_A2_N1_Mueller_MS_TechHub_IMP_THIDDIAXL003_Cas9_PhoX_DIA12_CV486075_250ng_FAIMS_003,1560894,,,Q99ZW2,,,false,Q99ZW2,Q99ZW2,,false,GGLSELDKAGFIK,VLPKHSLLYEYFTVYNELTK,906,507,8,4,913,510,,-1,4,0,1.007276,9.367629
Scan: 245328 Run: DIA12_CV486075:20251228_A2_N1_Mueller_MS_TechHub_IMP_THIDDIAXL003_Cas9_PhoX_DIA12_CV486075_250ng_FAIMS_001 P1_FKVLGNTDR P2_ENQTTQKGQK 2 7,DIA12_CV486075:20251228_A2_N1_Mueller_MS_TechHub_IMP_THIDDIAXL003_Cas9_PhoX_DIA12_CV486075_250ng_FAIMS_001,245328,,,Q99ZW2,,,false,Q99ZW2,Q99ZW2,,false,ENQTTQKGQK,FKVLGNTDR,766,32,7,2,772,33,,-1,4,0,1.007276,9.36753
Scan: 564561 Run: DIA12_CV486075:20251228_A2_N1_Mueller_MS_TechHub_IMP_THIDDIAXL003_Cas9_PhoX_DIA12_CV486075_250ng_FAIMS_001 P1_KSEETITPWNFEEVVDK P2_KFDNLTKAER 1 7,DIA12_CV486075:20251228_A2_N1_Mueller_MS_TechHub_IMP_THIDDIAXL003_Cas9_PhoX_DIA12_CV486075_250ng_FAIMS_001,564561,,,Q99ZW2,,,false,Q99ZW2,Q99ZW2,,false,KFDNLTKAER,KSEETITPWNFEEVVDK,896,468,7,1,902,468,,-1,4,0,1.007276,9.367321
Scan: 1605768 Run: DIA12_CV486075:20251228_A2_N1_Mueller_MS_TechHub_IMP_THIDDIAXL003_Cas9_PhoX_DIA12_CV486075_250ng_FAIMS_003 P1_LQKMVK P2_KVTVK 3 1,DIA12_CV486075:20251228_A2_N1_Mueller_MS_TechHub_IMP_THIDDIAXL003_Cas9_PhoX_DIA12_CV486075_250ng_FAIMS_003,1605768,,,Q99ZW2,,,false,decoy:Q99ZW2,decoy,decoy,true,KVTVK,LQKMVK,558,647,1,3,558,649,,-1,3,0,1.007276,9.366546
Scan: 938469 Run: DIA12_CV486075:20251228_A2_N1_Mueller_MS_TechHub_IMP_THIDDIAXL003_Cas9_PhoX_DIA12_CV486075_250ng_FAIMS_002 P1_KSEETITPWNFEEVVDKGASAQSFIER P2_KPLISER 17 1,DIA12_CV486075:20251228_A2_N1_Mueller_MS_TechHub_IMP_THIDDIAXL003_Cas9_PhoX_DIA12_CV486075_250ng_FAIMS_002,938469,,,decoy:Q99ZW2,decoy,decoy,true,Q99ZW2,Q99ZW2,,false,KPLISER,KSEETITPWNFEEVVDKGASAQSFIER,1108,468,1,17,1108,484,,-1,4,0,1.007276,9.366476
Scan: 1424131 Run: DIA12_CV486075:20251228_A2_N1_Mueller_MS_TechHub_IMP_THIDDIAXL003_Cas9_PhoX_DIA12_CV486075_250ng_FAIMS_003 P1_SNFDLAEDAKLQLSK P2_KDFQFYK 10 1,DIA12_CV486075:20251228_A2_N1_Mueller_MS_TechHub_IMP_THIDDIAXL003_Cas9_PhoX_DIA12_CV486075_250ng_FAIMS_003,1424131,,,Q99ZW2,,,false,Q99ZW2,Q99ZW2,,false,KDFQFYK,SNFDLAEDAKLQLSK,968,254,1,10,968,263,,-1,4,0,1.007276,9.36645
Scan: 63336 Run: DIA12_CV486075:20251228_A2_N1_Mueller_MS_TechHub_IMP_THIDDIAXL003_Cas9_PhoX_DIA12_CV486075_250ng_FAIMS_001 P1_KTEVQTGGFSKESILPK P2_AILKDSNR 11 4,DIA12_CV486075:20251228_A2_N1_Mueller_MS_TechHub_IMP_THIDDIAXL003_Cas9_PhoX_DIA12_CV486075_250ng_FAIMS_001,63336,,,decoy:Q99ZW2,decoy,decoy,true,Q99ZW2,Q99ZW2,,false,AILKDSNR,KTEVQTGGFSKESILPK,1115,1097,4,11,1118,1107,,-1,5,0,1.007276,9.365812
Scan: 1293349 Run: DIA12_CV486075:20251228_A2_N1_Mueller_MS_TechHub_IMP_THIDDIAXL003_Cas9_PhoX_DIA12_CV486075_250ng_FAIMS_003 P1_KKDWDPK P2_EDIQKAQVSGQGDSLHEHIANLAGSPAIK 2 5,DIA12_CV486075:20251228_A2_N1_Mueller_MS_TechHub_IMP_THIDDIAXL003_Cas9_PhoX_DIA12_CV486075_250ng_FAIMS_003,1293349,,,Q99ZW2,,,false,Q99ZW2,Q99ZW2,,false,EDIQKAQVSGQGDSLHEHIANLAGSPAIK,KKDWDPK,706,1123,5,2,710,1124,,-1,4,0,1.007276,9.365706
Scan: 1335796 Run: DIA12_CV486075:20251228_A2_N1_Mueller_MS_TechHub_IMP_THIDDIAXL003_Cas9_PhoX_DIA12_CV486075_250ng_FAIMS_003 P1_KSEETITPWNFEEVVDKGASAQSFIER P2_KDLIIKLPK 17 6,DIA12_CV486075:20251228_A2_N1_Mueller_MS_TechHub_IMP_THIDDIAXL003_Cas9_PhoX_DIA12_CV486075_250ng_FAIMS_003,1335796,,,Q99ZW2,,,false,Q99ZW2,Q99ZW2,,false,KDLIIKLPK,KSEETITPWNFEEVVDKGASAQSFIER,1192,468,6,17,1197,484,,-1,4,0,1.007276,9.364991
Scan: 1655787 Run: DIA12_CV486075:20251228_A2_N1_Mueller_MS_TechHub_IMP_THIDDIAXL003_Cas9_PhoX_DIA12_CV486075_250ng_FAIMS_003 P1_EDIQKAQVSGQGDSLHEHIANLAGSPAIK P2_DKQSGK 5 2,DIA12_CV486075:20251228_A2_N1_Mueller_MS_TechHub_IMP_THIDDIAXL003_Cas9_PhoX_DIA12_CV486075_250ng_FAIMS_003,1655787,,,Q99ZW2,,,false,Q99ZW2,Q99ZW2,,false,DKQSGK,EDIQKAQVSGQGDSLHEHIANLAGSPAIK,672,706,2,5,673,710,,-1,6,0,1.007276,9.364916
Scan: 1172778 Run: DIA12_CV486075:20251228_A2_N1_Mueller_MS_TechHub_IMP_THIDDIAXL003_Cas9_PhoX_DIA12_CV486075_250ng_FAIMS_002 P1_VITLKSK P2_QITKHVAQILDSR 5 4,DIA12_CV486075:20251228_A2_N1_Mueller_MS_TechHub_IMP_THIDDIAXL003_Cas9_PhoX_DIA12_CV486075_250ng_FAIMS_002,1172778,,,Q99ZW2,,,false,Q99ZW2,Q99ZW2,,false,QITKHVAQILDSR,VITLKSK,926,955,4,5,929,959,,-1,4,0,1.007276,9.364885
Scan: 1158780 Run: DIA12_CV486075:20251228_A2_N1_Mueller_MS_TechHub_IMP_THIDDIAXL003_Cas9_PhoX_DIA12_CV486075_250ng_FAIMS_002 P1_KFDNLTK P2_GQKNSR 1 3,DIA12_CV486075:20251228_A2_N1_Mueller_MS_TechHub_IMP_THIDDIAXL003_Cas9_PhoX_DIA12_CV486075_250ng_FAIMS_002,1158780,,,Q99ZW2,,,false,Q99ZW2,Q99ZW2,,false,GQKNSR,KFDNLTK,773,896,3,1,775,896,,-1,3,0,1.007276,9.364837
Scan: 638580 Run: DIA12_CV486075:20251228_A2_N1_Mueller_MS_TechHub_IMP_THIDDIAXL003_Cas9_PhoX_DIA12_CV486075_250ng_FAIMS_002 P1_KTEVQTGGFSK P2_GQKNSR 1 3,DIA12_CV486075:20251228_A2_N1_Mueller_MS_TechHub_IMP_THIDDIAXL003_Cas9_PhoX_DIA12_CV486075_250ng_FAIMS_002,638580,,,Q99ZW2,,,false,Q99ZW2,Q99ZW2,,false,GQKNSR,KTEVQTGGFSK,773,1097,3,1,775,1097,,-1,3,0,1.007276,9.364435
Scan: 209006 Run: DIA12_CV486075:20251228_A2_N1_Mueller_MS_TechHub_IMP_THIDDIAXL003_Cas9_PhoX_DIA12_CV486075_250ng_FAIMS_001 P1_LSKSR P2_KFDNLTK 3 1,DIA12_CV486075:20251228_A2_N1_Mueller_MS_TechHub_IMP_THIDDIAXL003_Cas9_PhoX_DIA12_CV486075_250ng_FAIMS_001,209006,,,Q99ZW2,,,false,Q99ZW2,Q99ZW2,,false,KFDNLTK,LSKSR,896,216,1,3,896,218,,-1,3,0,1.007276,9.36376
Scan: 378451 Run: DIA12_CV486075:20251228_A2_N1_Mueller_MS_TechHub_IMP_THIDDIAXL003_Cas9_PhoX_DIA12_CV486075_250ng_FAIMS_001 P1_KPAFLSGEQK P2_KKDWDPK 1 2,DIA12_CV486075:20251228_A2_N1_Mueller_MS_TechHub_IMP_THIDDIAXL003_Cas9_PhoX_DIA12_CV486075_250ng_FAIMS_001,378451,,,Q99ZW2,,,false,Q99ZW2,Q99ZW2,,false,KKDWDPK,KPAFLSGEQK,1123,536,2,1,1124,536,,-1,4,0,1.007276,9.363671
Scan: 290544 Run: DIA12_CV486075:20251228_A2_N1_Mueller_MS_TechHub_IMP_THIDDIAXL003_Cas9_PhoX_DIA12_CV486075_250ng_FAIMS_001 P1_SEETITPWNFEEVVDKGASAQSFIER P2_EKIEKILTFR 16 2,DIA12_CV486075:20251228_A2_N1_Mueller_MS_TechHub_IMP_THIDDIAXL003_Cas9_PhoX_DIA12_CV486075_250ng_FAIMS_001,290544,,,Q99ZW2,,,false,Q99ZW2,Q99ZW2,,false,EKIEKILTFR,SEETITPWNFEEVVDKGASAQSFIER,438,469,2,16,439,484,,-1,5,0,1.007276,9.363628
Scan: 1323971 Run: DIA12_CV486075:20251228_A2_N1_Mueller_MS_TechHub_IMP_THIDDIAXL003_Cas9_PhoX_DIA12_CV486075_250ng_FAIMS_003 P1_KSEETITPWNFEEVVDKGASAQSFIER P2_AELFDIPNKEFSSK 17 9,DIA12_CV486075:20251228_A2_N1_Mueller_MS_TechHub_IMP_THIDDIAXL003_Cas9_PhoX_DIA12_CV486075_250ng_FAIMS_003,1323971,,,decoy:Q99ZW2,decoy,decoy,true,Q99ZW2,Q99ZW2,,false,AELFDIPNKEFSSK,KSEETITPWNFEEVVDKGASAQSFIER,1172,468,9,17,1180,484,,-1,5,0,1.007276,9.363113
Scan: 140886 Run: DIA12_CV486075:20251228_A2_N1_Mueller_MS_TechHub_IMP_THIDDIAXL003_Cas9_PhoX_DIA12_CV486075_250ng_FAIMS_001 P1_SEETITPWNFEEVVDKGASAQSFIER P2_KDLIIKLPK 16 6,DIA12_CV486075:20251228_A2_N1_Mueller_MS_TechHub_IMP_THIDDIAXL003_Cas9_PhoX_DIA12_CV486075_250ng_FAIMS_001,140886,,,Q99ZW2,,,false,Q99ZW2,Q99ZW2,,false,KDLIIKLPK,SEETITPWNFEEVVDKGASAQSFIER,1192,469,6,16,1197,484,,-1,4,0,1.007276,9.363083
Scan: 1452609 Run: DIA12_CV486075:20251228_A2_N1_Mueller_MS_TechHub_IMP_THIDDIAXL003_Cas9_PhoX_DIA12_CV486075_250ng_FAIMS_003 P1_YKEIFFDQSK P2_EIFFDQSKNGYAGYIDGGASQEEFYK 2 8,DIA12_CV486075:20251228_A2_N1_Mueller_MS_TechHub_IMP_THIDDIAXL003_Cas9_PhoX_DIA12_CV486075_250ng_FAIMS_003,1452609,,,Q99ZW2,,,false,Q99ZW2,Q99ZW2,,false,EIFFDQSKNGYAGYIDGGASQEEFYK,YKEIFFDQSK,349,347,8,2,356,348,,-1,4,0,1.007276,9.362888
Scan: 1367265 Run: DIA12_CV486075:20251228_A2_N1_Mueller_MS_TechHub_IMP_THIDDIAXL003_Cas9_PhoX_DIA12_CV486075_250ng_FAIMS_003 P1_IEKILTFR P2_GSPEDNEQKQLFVEQHK 3 9,DIA12_CV486075:20251228_A2_N1_Mueller_MS_TechHub_IMP_THIDDIAXL003_Cas9_PhoX_DIA12_CV486075_250ng_FAIMS_003,1367265,,,Q99ZW2,,,false,Q99ZW2,Q99ZW2,,false,GSPEDNEQKQLFVEQHK,IEKILTFR,1247,440,9,3,1255,442,,-1,4,0,1.007276,9.36184
Scan: 945869 Run: DIA12_CV486075:20251228_A2_N1_Mueller_MS_TechHub_IMP_THIDDIAXL003_Cas9_PhoX_DIA12_CV486075_250ng_FAIMS_002 P1_KVTVK P2_KSEETITPWNFEEVVDKGASAQSFIER 1 17,DIA12_CV486075:20251228_A2_N1_Mueller_MS_TechHub_IMP_THIDDIAXL003_Cas9_PhoX_DIA12_CV486075_250ng_FAIMS_002,945869,,,Q99ZW2,,,false,Q99ZW2,Q99ZW2,,false,KSEETITPWNFEEVVDKGASAQSFIER,KVTVK,468,558,17,1,484,558,,-1,5,0,1.007276,9.361478
Scan: 1611430 Run: DIA12_CV486075:20251228_A2_N1_Mueller_MS_TechHub_IMP_THIDDIAXL003_Cas9_PhoX_DIA12_CV486075_250ng_FAIMS_003 P1_KIECFDSVEISGVEDR P2_KGILQTVK 1 1,DIA12_CV486075:20251228_A2_N1_Mueller_MS_TechHub_IMP_THIDDIAXL003_Cas9_PhoX_DIA12_CV486075_250ng_FAIMS_003,1611430,,,Q99ZW2,,,false,Q99ZW2,Q99ZW2,,false,KGILQTVK,KIECFDSVEISGVEDR,735,571,1,1,735,571,,-1,4,0,1.007276,9.361393
Scan: 259288 Run: DIA12_CV486075:20251228_A2_N1_Mueller_MS_TechHub_IMP_THIDDIAXL003_Cas9_PhoX_DIA12_CV486075_250ng_FAIMS_001 P1_YKEIFFDQSK P2_VKYVTEGMR 2 2,DIA12_CV486075:20251228_A2_N1_Mueller_MS_TechHub_IMP_THIDDIAXL003_Cas9_PhoX_DIA12_CV486075_250ng_FAIMS_001,259288,,,Q99ZW2,,,false,Q99ZW2,Q99ZW2,,false,VKYVTEGMR,YKEIFFDQSK,527,347,2,2,528,348,,-1,3,0,1.007276,9.36127
Scan: 1009727 Run: DIA12_CV486075:20251228_A2_N1_Mueller_MS_TechHub_IMP_THIDDIAXL003_Cas9_PhoX_DIA12_CV486075_250ng_FAIMS_002 P1_VTVKQLK P2_FKVLGNTDR 4 2,DIA12_CV486075:20251228_A2_N1_Mueller_MS_TechHub_IMP_THIDDIAXL003_Cas9_PhoX_DIA12_CV486075_250ng_FAIMS_002,1009727,,,Q99ZW2,,,false,Q99ZW2,Q99ZW2,,false,FKVLGNTDR,VTVKQLK,32,559,2,4,33,562,,-1,3,0,1.007276,9.361196
Scan: 1082141 Run: DIA12_CV486075:20251228_A2_N1_Mueller_MS_TechHub_IMP_THIDDIAXL003_Cas9_PhoX_DIA12_CV486075_250ng_FAIMS_002 P1_KGILQTVK P2_GQKNSR 1 3,DIA12_CV486075:20251228_A2_N1_Mueller_MS_TechHub_IMP_THIDDIAXL003_Cas9_PhoX_DIA12_CV486075_250ng_FAIMS_002,1082141,,,Q99ZW2,,,false,Q99ZW2,Q99ZW2,,false,GQKNSR,KGILQTVK,773,735,3,1,775,735,,-1,3,0,1.007276,9.361027
Scan: 1580316 Run: DIA12_CV486075:20251228_A2_N1_Mueller_MS_TechHub_IMP_THIDDIAXL003_Cas9_PhoX_DIA12_CV486075_250ng_FAIMS_003 P1_KPAFLSGEQKK P2_KPAFLSGEQK 1 1,DIA12_CV486075:20251228_A2_N1_Mueller_MS_TechHub_IMP_THIDDIAXL003_Cas9_PhoX_DIA12_CV486075_250ng_FAIMS_003,1580316,,,Q99ZW2,,,false,Q99ZW2,Q99ZW2,,false,KPAFLSGEQK,KPAFLSGEQKK,536,536,1,1,536,536,,-1,3,0,1.007276,9.360912
Scan: 1409475 Run: DIA12_CV486075:20251228_A2_N1_Mueller_MS_TechHub_IMP_THIDDIAXL003_Cas9_PhoX_DIA12_CV486075_250ng_FAIMS_003 P1_YKEIFFDQSK P2_RLENLIAQLPGEKK 2 13,DIA12_CV486075:20251228_A2_N1_Mueller_MS_TechHub_IMP_THIDDIAXL003_Cas9_PhoX_DIA12_CV486075_250ng_FAIMS_003,1409475,,,Q99ZW2,,,false,Q99ZW2,Q99ZW2,,false,RLENLIAQLPGEKK,YKEIFFDQSK,221,347,13,2,233,348,,-1,4,0,1.007276,9.360258
Scan: 1038087 Run: DIA12_CV486075:20251228_A2_N1_Mueller_MS_TechHub_IMP_THIDDIAXL003_Cas9_PhoX_DIA12_CV486075_250ng_FAIMS_002 P1_NSDKLIAR P2_LFDLITKGSQKDK 4 7,DIA12_CV486075:20251228_A2_N1_Mueller_MS_TechHub_IMP_THIDDIAXL003_Cas9_PhoX_DIA12_CV486075_250ng_FAIMS_002,1038087,,,decoy:Q99ZW2,decoy,decoy,true,Q99ZW2,Q99ZW2,,false,LFDLITKGSQKDK,NSDKLIAR,672,1115,7,4,678,1118,,-1,3,0,1.007276,9.359769
Scan: 453252 Run: DIA12_CV486075:20251228_A2_N1_Mueller_MS_TechHub_IMP_THIDDIAXL003_Cas9_PhoX_DIA12_CV486075_250ng_FAIMS_001 P1_NSDKLIAR P2_EDIQKAQVSGQGDSLHEHIANLAGSPAIK 4 5,DIA12_CV486075:20251228_A2_N1_Mueller_MS_TechHub_IMP_THIDDIAXL003_Cas9_PhoX_DIA12_CV486075_250ng_FAIMS_001,453252,,,Q99ZW2,,,false,Q99ZW2,Q99ZW2,,false,EDIQKAQVSGQGDSLHEHIANLAGSPAIK,NSDKLIAR,706,1115,5,4,710,1118,,-1,5,0,1.007276,9.359763
Scan: 1195809 Run: DIA12_CV486075:20251228_A2_N1_Mueller_MS_TechHub_IMP_THIDDIAXL003_Cas9_PhoX_DIA12_CV486075_250ng_FAIMS_003 P1_YPKLESEFVYGDYK P2_NSDKLIAR 3 4,DIA12_CV486075:20251228_A2_N1_Mueller_MS_TechHub_IMP_THIDDIAXL003_Cas9_PhoX_DIA12_CV486075_250ng_FAIMS_003,1195809,,,Q99ZW2,,,false,Q99ZW2,Q99ZW2,,false,NSDKLIAR,YPKLESEFVYGDYK,1115,1001,4,3,1118,1003,,-1,4,0,1.007276,9.359498
Scan: 1227397 Run: DIA12_CV486075:20251228_A2_N1_Mueller_MS_TechHub_IMP_THIDDIAXL003_Cas9_PhoX_DIA12_CV486075_250ng_FAIMS_003 P1_KVLSMPQVNIVK P2_FKVLGNTDR 1 2,DIA12_CV486075:20251228_A2_N1_Mueller_MS_TechHub_IMP_THIDDIAXL003_Cas9_PhoX_DIA12_CV486075_250ng_FAIMS_003,1227397,,,Q99ZW2,,,false,Q99ZW2,Q99ZW2,,false,FKVLGNTDR,KVLSMPQVNIVK,32,1085,2,1,33,1085,,-1,3,0,1.007276,9.359428
Scan: 1605304 Run: DIA12_CV486075:20251228_A2_N1_Mueller_MS_TechHub_IMP_THIDDIAXL003_Cas9_PhoX_DIA12_CV486075_250ng_FAIMS_003 P1_QQLPEKYKEIFFDQSK P2_KVTVK 6 1,DIA12_CV486075:20251228_A2_N1_Mueller_MS_TechHub_IMP_THIDDIAXL003_Cas9_PhoX_DIA12_CV486075_250ng_FAIMS_003,1605304,,,Q99ZW2,,,false,Q99ZW2,Q99ZW2,,false,KVTVK,QQLPEKYKEIFFDQSK,558,341,1,6,558,346,,-1,3,0,1.007276,9.358854
Scan: 445185 Run: DIA12_CV486075:20251228_A2_N1_Mueller_MS_TechHub_IMP_THIDDIAXL003_Cas9_PhoX_DIA12_CV486075_250ng_FAIMS_001 P1_TILDFLKSDGFANR P2_KSEETITPWNFEEVVDK 7 1,DIA12_CV486075:20251228_A2_N1_Mueller_MS_TechHub_IMP_THIDDIAXL003_Cas9_PhoX_DIA12_CV486075_250ng_FAIMS_001,445185,,,Q99ZW2,,,false,Q99ZW2,Q99ZW2,,false,KSEETITPWNFEEVVDK,TILDFLKSDGFANR,468,678,1,7,468,684,,-1,4,0,1.007276,9.358629
Scan: 1615659 Run: DIA12_CV486075:20251228_A2_N1_Mueller_MS_TechHub_IMP_THIDDIAXL003_Cas9_PhoX_DIA12_CV486075_250ng_FAIMS_003 P1_SEETITPWNFEEVVDKGASAQSFIER P2_FNASLGTYHDLLKIIK 16 13,DIA12_CV486075:20251228_A2_N1_Mueller_MS_TechHub_IMP_THIDDIAXL003_Cas9_PhoX_DIA12_CV486075_250ng_FAIMS_003,1615659,,,Q99ZW2,,,false,Q99ZW2,Q99ZW2,,false,FNASLGTYHDLLKIIK,SEETITPWNFEEVVDKGASAQSFIER,587,469,13,16,599,484,,-1,5,0,1.007276,9.358597
Scan: 806334 Run: DIA12_CV486075:20251228_A2_N1_Mueller_MS_TechHub_IMP_THIDDIAXL003_Cas9_PhoX_DIA12_CV486075_250ng_FAIMS_002 P1_LSKSR P2_KLINGIR 3 1,DIA12_CV486075:20251228_A2_N1_Mueller_MS_TechHub_IMP_THIDDIAXL003_Cas9_PhoX_DIA12_CV486075_250ng_FAIMS_002,806334,,,Q99ZW2,,,false,Q99ZW2,Q99ZW2,,false,KLINGIR,LSKSR,665,216,1,3,665,218,,-1,3,0,1.007276,9.358583
Scan: 244652 Run: DIA12_CV486075:20251228_A2_N1_Mueller_MS_TechHub_IMP_THIDDIAXL003_Cas9_PhoX_DIA12_CV486075_250ng_FAIMS_001 P1_LKTYAHLFDDK P2_FKVLGNTDR 2 2,DIA12_CV486075:20251228_A2_N1_Mueller_MS_TechHub_IMP_THIDDIAXL003_Cas9_PhoX_DIA12_CV486075_250ng_FAIMS_001,244652,,,Q99ZW2,,,false,Q99ZW2,Q99ZW2,,false,FKVLGNTDR,LKTYAHLFDDK,32,636,2,2,33,637,,-1,4,0,1.007276,9.358334
Scan: 37871 Run: DIA12_CV486075:20251228_A2_N1_Mueller_MS_TechHub_IMP_THIDDIAXL003_Cas9_PhoX_DIA12_CV486075_250ng_FAIMS_001 P1_VLSAYNKHR P2_KTEVQTGGFSK 7 1,DIA12_CV486075:20251228_A2_N1_Mueller_MS_TechHub_IMP_THIDDIAXL003_Cas9_PhoX_DIA12_CV486075_250ng_FAIMS_001,37871,,,Q99ZW2,,,false,Q99ZW2,Q99ZW2,,false,KTEVQTGGFSK,VLSAYNKHR,1097,1290,1,7,1097,1296,,-1,4,0,1.007276,9.357816
Scan: 558970 Run: DIA12_CV486075:20251228_A2_N1_Mueller_MS_TechHub_IMP_THIDDIAXL003_Cas9_PhoX_DIA12_CV486075_250ng_FAIMS_001 P1_QLLNAKLITQR P2_NSDKLIAR 6 4,DIA12_CV486075:20251228_A2_N1_Mueller_MS_TechHub_IMP_THIDDIAXL003_Cas9_PhoX_DIA12_CV486075_250ng_FAIMS_001,558970,,,Q99ZW2,,,false,Q99ZW2,Q99ZW2,,false,NSDKLIAR,QLLNAKLITQR,1115,885,4,6,1118,890,,-1,3,0,1.007276,9.357787
Scan: 545385 Run: DIA12_CV486075:20251228_A2_N1_Mueller_MS_TechHub_IMP_THIDDIAXL003_Cas9_PhoX_DIA12_CV486075_250ng_FAIMS_001 P1_LSKSR P2_GKSDNVPSEEVVK 3 2,DIA12_CV486075:20251228_A2_N1_Mueller_MS_TechHub_IMP_THIDDIAXL003_Cas9_PhoX_DIA12_CV486075_250ng_FAIMS_001,545385,,,Q99ZW2,,,false,Q99ZW2,Q99ZW2,,false,GKSDNVPSEEVVK,LSKSR,865,216,2,3,866,218,,-1,3,0,1.007276,9.357202
Scan: 1290785 Run: DIA12_CV486075:20251228_A2_N1_Mueller_MS_TechHub_IMP_THIDDIAXL003_Cas9_PhoX_DIA12_CV486075_250ng_FAIMS_003 P1_KLINGIR P2_KKDWDPKK 1 1,DIA12_CV486075:20251228_A2_N1_Mueller_MS_TechHub_IMP_THIDDIAXL003_Cas9_PhoX_DIA12_CV486075_250ng_FAIMS_003,1290785,,,Q99ZW2,,,false,Q99ZW2,Q99ZW2,,false,KKDWDPKK,KLINGIR,1123,665,1,1,1123,665,,-1,3,0,1.007276,9.357142
Scan: 1488152 Run: DIA12_CV486075:20251228_A2_N1_Mueller_MS_TechHub_IMP_THIDDIAXL003_Cas9_PhoX_DIA12_CV486075_250ng_FAIMS_003 P1_KPAFLSGEQK P2_FTLIKEIKER 1 5,DIA12_CV486075:20251228_A2_N1_Mueller_MS_TechHub_IMP_THIDDIAXL003_Cas9_PhoX_DIA12_CV486075_250ng_FAIMS_003,1488152,,,decoy:Q99ZW2,decoy,decoy,true,Q99ZW2,Q99ZW2,,false,FTLIKEIKER,KPAFLSGEQK,438,536,5,1,442,536,,-1,3,0,1.007276,9.357088
Scan: 1139187 Run: DIA12_CV486075:20251228_A2_N1_Mueller_MS_TechHub_IMP_THIDDIAXL003_Cas9_PhoX_DIA12_CV486075_250ng_FAIMS_002 P1_DKQSGK P2_DDSIDNKVLTR 2 7,DIA12_CV486075:20251228_A2_N1_Mueller_MS_TechHub_IMP_THIDDIAXL003_Cas9_PhoX_DIA12_CV486075_250ng_FAIMS_002,1139187,,,Q99ZW2,,,false,Q99ZW2,Q99ZW2,,false,DDSIDNKVLTR,DKQSGK,849,672,7,2,855,673,,-1,3,0,1.007276,9.356869
Scan: 1376683 Run: DIA12_CV486075:20251228_A2_N1_Mueller_MS_TechHub_IMP_THIDDIAXL003_Cas9_PhoX_DIA12_CV486075_250ng_FAIMS_003 P1_VILADANLDKVLSAYNK P2_SEQEIGKATAK 10 7,DIA12_CV486075:20251228_A2_N1_Mueller_MS_TechHub_IMP_THIDDIAXL003_Cas9_PhoX_DIA12_CV486075_250ng_FAIMS_003,1376683,,,Q99ZW2,,,false,Q99ZW2,Q99ZW2,,false,SEQEIGKATAK,VILADANLDKVLSAYNK,1025,1280,7,10,1031,1289,,-1,4,0,1.007276,9.356246
Scan: 1082219 Run: DIA12_CV486075:20251228_A2_N1_Mueller_MS_TechHub_IMP_THIDDIAXL003_Cas9_PhoX_DIA12_CV486075_250ng_FAIMS_002 P1_SDKNR P2_KGILQTVK 3 1,DIA12_CV486075:20251228_A2_N1_Mueller_MS_TechHub_IMP_THIDDIAXL003_Cas9_PhoX_DIA12_CV486075_250ng_FAIMS_002,1082219,,,Q99ZW2,,,false,Q99ZW2,Q99ZW2,,false,KGILQTVK,SDKNR,735,860,1,3,735,862,,-1,3,0,1.007276,9.356149
Scan: 1351015 Run: DIA12_CV486075:20251228_A2_N1_Mueller_MS_TechHub_IMP_THIDDIAXL003_Cas9_PhoX_DIA12_CV486075_250ng_FAIMS_003 P1_LKGSPEDNEQK P2_GNELALPSKYVNFLYLASHYEK 2 9,DIA12_CV486075:20251228_A2_N1_Mueller_MS_TechHub_IMP_THIDDIAXL003_Cas9_PhoX_DIA12_CV486075_250ng_FAIMS_003,1351015,,,Q99ZW2,,,false,Q99ZW2,Q99ZW2,,false,GNELALPSKYVNFLYLASHYEK,LKGSPEDNEQK,1223,1245,9,2,1231,1246,,-1,5,0,1.007276,9.355975
Scan: 1547642 Run: DIA12_CV486075:20251228_A2_N1_Mueller_MS_TechHub_IMP_THIDDIAXL003_Cas9_PhoX_DIA12_CV486075_250ng_FAIMS_003 P1_TEVQTGGFSKESILPK P2_MTNFDKNLPNEK 10 6,DIA12_CV486075:20251228_A2_N1_Mueller_MS_TechHub_IMP_THIDDIAXL003_Cas9_PhoX_DIA12_CV486075_250ng_FAIMS_003,1547642,,,Q99ZW2,,,false,Q99ZW2,Q99ZW2,,false,MTNFDKNLPNEK,TEVQTGGFSKESILPK,495,1098,6,10,500,1107,,-1,4,0,1.007276,9.355694
Scan: 32358 Run: DIA12_CV486075:20251228_A2_N1_Mueller_MS_TechHub_IMP_THIDDIAXL003_Cas9_PhoX_DIA12_CV486075_250ng_FAIMS_001 P1_VNTEITKAPLSASMIK P2_KVLSMPQVNIVK 7 1,DIA12_CV486075:20251228_A2_N1_Mueller_MS_TechHub_IMP_THIDDIAXL003_Cas9_PhoX_DIA12_CV486075_250ng_FAIMS_001,32358,,,Q99ZW2,,,false,Q99ZW2,Q99ZW2,,false,KVLSMPQVNIVK,VNTEITKAPLSASMIK,1085,308,1,7,1085,314,,-1,4,0,1.007276,9.355535
Scan: 858296 Run: DIA12_CV486075:20251228_A2_N1_Mueller_MS_TechHub_IMP_THIDDIAXL003_Cas9_PhoX_DIA12_CV486075_250ng_FAIMS_002 P1_YKEIFFDQSK P2_GQKNSR 2 3,DIA12_CV486075:20251228_A2_N1_Mueller_MS_TechHub_IMP_THIDDIAXL003_Cas9_PhoX_DIA12_CV486075_250ng_FAIMS_002,858296,,,Q99ZW2,,,false,Q99ZW2,Q99ZW2,,false,GQKNSR,YKEIFFDQSK,773,347,3,2,775,348,,-1,4,0,1.007276,9.355254
Scan: 839931 Run: DIA12_CV486075:20251228_A2_N1_Mueller_MS_TechHub_IMP_THIDDIAXL003_Cas9_PhoX_DIA12_CV486075_250ng_FAIMS_002 P1_SKSLR P2_FKVLGNTDR 2 2,DIA12_CV486075:20251228_A2_N1_Mueller_MS_TechHub_IMP_THIDDIAXL003_Cas9_PhoX_DIA12_CV486075_250ng_FAIMS_002,839931,,,Q99ZW2,,,false,decoy:Q99ZW2,decoy,decoy,true,FKVLGNTDR,SKSLR,32,216,2,2,33,217,,-1,3,0,1.007276,9.355233
Scan: 1367965 Run: DIA12_CV486075:20251228_A2_N1_Mueller_MS_TechHub_IMP_THIDDIAXL003_Cas9_PhoX_DIA12_CV486075_250ng_FAIMS_003 P1_KDFQFYK P2_GSPEDNEQKQLFVEQHK 1 9,DIA12_CV486075:20251228_A2_N1_Mueller_MS_TechHub_IMP_THIDDIAXL003_Cas9_PhoX_DIA12_CV486075_250ng_FAIMS_003,1367965,,,Q99ZW2,,,false,Q99ZW2,Q99ZW2,,false,GSPEDNEQKQLFVEQHK,KDFQFYK,1247,968,9,1,1255,968,,-1,5,0,1.007276,9.354957
Scan: 1209901 Run: DIA12_CV486075:20251228_A2_N1_Mueller_MS_TechHub_IMP_THIDDIAXL003_Cas9_PhoX_DIA12_CV486075_250ng_FAIMS_003 P1_SEQEIGKATAK P2_KDLIIK 7 1,DIA12_CV486075:20251228_A2_N1_Mueller_MS_TechHub_IMP_THIDDIAXL003_Cas9_PhoX_DIA12_CV486075_250ng_FAIMS_003,1209901,,,Q99ZW2,,,false,Q99ZW2,Q99ZW2,,false,KDLIIK,SEQEIGKATAK,1192,1025,1,7,1192,1031,,-1,3,0,1.007276,9.354889
Scan: 1232002 Run: DIA12_CV486075:20251228_A2_N1_Mueller_MS_TechHub_IMP_THIDDIAXL003_Cas9_PhoX_DIA12_CV486075_250ng_FAIMS_003 P1_KTEVQTGGFSKESILPK P2_KDLIIKLPK 1 6,DIA12_CV486075:20251228_A2_N1_Mueller_MS_TechHub_IMP_THIDDIAXL003_Cas9_PhoX_DIA12_CV486075_250ng_FAIMS_003,1232002,,,Q99ZW2,,,false,Q99ZW2,Q99ZW2,,false,KDLIIKLPK,KTEVQTGGFSKESILPK,1192,1097,6,1,1197,1097,,-1,3,0,1.007276,9.354851
Scan: 1274042 Run: DIA12_CV486075:20251228_A2_N1_Mueller_MS_TechHub_IMP_THIDDIAXL003_Cas9_PhoX_DIA12_CV486075_250ng_FAIMS_003 P1_ESILPKR P2_EKIEKILTFR 6 5,DIA12_CV486075:20251228_A2_N1_Mueller_MS_TechHub_IMP_THIDDIAXL003_Cas9_PhoX_DIA12_CV486075_250ng_FAIMS_003,1274042,,,Q99ZW2,,,false,Q99ZW2,Q99ZW2,,false,EKIEKILTFR,ESILPKR,438,1108,5,6,442,1113,,-1,3,0,1.007276,9.354834
Scan: 1315500 Run: DIA12_CV486075:20251228_A2_N1_Mueller_MS_TechHub_IMP_THIDDIAXL003_Cas9_PhoX_DIA12_CV486075_250ng_FAIMS_003 P1_SSFEKNPIDFLEAK P2_KGILQTVK 5 1,DIA12_CV486075:20251228_A2_N1_Mueller_MS_TechHub_IMP_THIDDIAXL003_Cas9_PhoX_DIA12_CV486075_250ng_FAIMS_003,1315500,,,Q99ZW2,,,false,Q99ZW2,Q99ZW2,,false,KGILQTVK,SSFEKNPIDFLEAK,735,1172,1,5,735,1176,,-1,4,0,1.007276,9.354203
Scan: 9326 Run: DIA12_CV486075:20251228_A2_N1_Mueller_MS_TechHub_IMP_THIDDIAXL003_Cas9_PhoX_DIA12_CV486075_250ng_FAIMS_001 P1_MIAKSEQEIGK P2_KPAFLSGEQK 4 1,DIA12_CV486075:20251228_A2_N1_Mueller_MS_TechHub_IMP_THIDDIAXL003_Cas9_PhoX_DIA12_CV486075_250ng_FAIMS_001,9326,,,Q99ZW2,,,false,Q99ZW2,Q99ZW2,,false,KPAFLSGEQK,MIAKSEQEIGK,536,1021,1,4,536,1024,,-1,3,0,1.007276,9.353909
Scan: 568748 Run: DIA12_CV486075:20251228_A2_N1_Mueller_MS_TechHub_IMP_THIDDIAXL003_Cas9_PhoX_DIA12_CV486075_250ng_FAIMS_001 P1_KFDNLTKAER P2_GGLSELDKAGFIK 1 8,DIA12_CV486075:20251228_A2_N1_Mueller_MS_TechHub_IMP_THIDDIAXL003_Cas9_PhoX_DIA12_CV486075_250ng_FAIMS_001,568748,,,Q99ZW2,,,false,Q99ZW2,Q99ZW2,,false,GGLSELDKAGFIK,KFDNLTKAER,906,896,8,1,913,896,,-1,3,0,1.007276,9.353473
Scan: 1642442 Run: DIA12_CV486075:20251228_A2_N1_Mueller_MS_TechHub_IMP_THIDDIAXL003_Cas9_PhoX_DIA12_CV486075_250ng_FAIMS_003 P1_TILDFLKSDGFANR P2_TILDFLKSDGFANR 7 7,DIA12_CV486075:20251228_A2_N1_Mueller_MS_TechHub_IMP_THIDDIAXL003_Cas9_PhoX_DIA12_CV486075_250ng_FAIMS_003,1642442,,,Q99ZW2,,,false,Q99ZW2,Q99ZW2,,false,TILDFLKSDGFANR,TILDFLKSDGFANR,678,678,7,7,684,684,,-1,4,0,1.007276,9.3529
Scan: 1111172 Run: DIA12_CV486075:20251228_A2_N1_Mueller_MS_TechHub_IMP_THIDDIAXL003_Cas9_PhoX_DIA12_CV486075_250ng_FAIMS_002 P1_SNKQGR P2_SKLVSDFR 3 2,DIA12_CV486075:20251228_A2_N1_Mueller_MS_TechHub_IMP_THIDDIAXL003_Cas9_PhoX_DIA12_CV486075_250ng_FAIMS_002,1111172,,,Q99ZW2,,,false,decoy:Q99ZW2,decoy,decoy,true,SKLVSDFR,SNKQGR,960,773,2,3,961,775,,-1,3,0,1.007276,9.35093
Scan: 1600330 Run: DIA12_CV486075:20251228_A2_N1_Mueller_MS_TechHub_IMP_THIDDIAXL003_Cas9_PhoX_DIA12_CV486075_250ng_FAIMS_003 P1_VITLKSK P2_KAIVDLLFK 5 1,DIA12_CV486075:20251228_A2_N1_Mueller_MS_TechHub_IMP_THIDDIAXL003_Cas9_PhoX_DIA12_CV486075_250ng_FAIMS_003,1600330,,,Q99ZW2,,,false,Q99ZW2,Q99ZW2,,false,KAIVDLLFK,VITLKSK,546,955,1,5,546,959,,-1,3,0,1.007276,9.350688
Scan: 1172188 Run: DIA12_CV486075:20251228_A2_N1_Mueller_MS_TechHub_IMP_THIDDIAXL003_Cas9_PhoX_DIA12_CV486075_250ng_FAIMS_002 P1_QITKHVAQILDSR P2_QITKHVAQILDSR 4 4,DIA12_CV486075:20251228_A2_N1_Mueller_MS_TechHub_IMP_THIDDIAXL003_Cas9_PhoX_DIA12_CV486075_250ng_FAIMS_002,1172188,,,Q99ZW2,,,false,Q99ZW2,Q99ZW2,,false,QITKHVAQILDSR,QITKHVAQILDSR,926,926,4,4,929,929,,-1,4,0,1.007276,9.350079
Scan: 1770268 Run: DIA12_CV486075:20251228_A2_N1_Mueller_MS_TechHub_IMP_THIDDIAXL003_Cas9_PhoX_DIA12_CV486075_250ng_FAIMS_003 P1_SKLVSDFR P2_QITKHVAQILDSR 2 4,DIA12_CV486075:20251228_A2_N1_Mueller_MS_TechHub_IMP_THIDDIAXL003_Cas9_PhoX_DIA12_CV486075_250ng_FAIMS_003,1770268,,,Q99ZW2,,,false,Q99ZW2,Q99ZW2,,false,QITKHVAQILDSR,SKLVSDFR,926,960,4,2,929,961,,-1,3,0,1.007276,9.349686
Scan: 358283 Run: DIA12_CV486075:20251228_A2_N1_Mueller_MS_TechHub_IMP_THIDDIAXL003_Cas9_PhoX_DIA12_CV486075_250ng_FAIMS_001 P1_KLINGIR P2_ENPLNKDFNTMK 1 6,DIA12_CV486075:20251228_A2_N1_Mueller_MS_TechHub_IMP_THIDDIAXL003_Cas9_PhoX_DIA12_CV486075_250ng_FAIMS_001,358283,,,decoy:Q99ZW2,decoy,decoy,true,Q99ZW2,Q99ZW2,,false,ENPLNKDFNTMK,KLINGIR,495,665,6,1,500,665,,-1,4,0,1.007276,9.349557
Scan: 569171 Run: DIA12_CV486075:20251228_A2_N1_Mueller_MS_TechHub_IMP_THIDDIAXL003_Cas9_PhoX_DIA12_CV486075_250ng_FAIMS_001 P1_KFDNLTKAER P2_GGLSELDKAGFIK 7 8,DIA12_CV486075:20251228_A2_N1_Mueller_MS_TechHub_IMP_THIDDIAXL003_Cas9_PhoX_DIA12_CV486075_250ng_FAIMS_001,569171,,,Q99ZW2,,,false,Q99ZW2,Q99ZW2,,false,GGLSELDKAGFIK,KFDNLTKAER,906,896,8,7,913,902,,-1,4,0,1.007276,9.348531
Scan: 977731 Run: DIA12_CV486075:20251228_A2_N1_Mueller_MS_TechHub_IMP_THIDDIAXL003_Cas9_PhoX_DIA12_CV486075_250ng_FAIMS_002 P1_VLSAYNKHR P2_KPAFLSGEQK 7 1,DIA12_CV486075:20251228_A2_N1_Mueller_MS_TechHub_IMP_THIDDIAXL003_Cas9_PhoX_DIA12_CV486075_250ng_FAIMS_002,977731,,,Q99ZW2,,,false,Q99ZW2,Q99ZW2,,false,KPAFLSGEQK,VLSAYNKHR,536,1290,1,7,536,1296,,-1,4,0,1.007276,9.348172
Scan: 1637328 Run: DIA12_CV486075:20251228_A2_N1_Mueller_MS_TechHub_IMP_THIDDIAXL003_Cas9_PhoX_DIA12_CV486075_250ng_FAIMS_003 P1_TILDFLKSDGFANR P2_SEQEIGKATAK 7 7,DIA12_CV486075:20251228_A2_N1_Mueller_MS_TechHub_IMP_THIDDIAXL003_Cas9_PhoX_DIA12_CV486075_250ng_FAIMS_003,1637328,,,Q99ZW2,,,false,Q99ZW2,Q99ZW2,,false,SEQEIGKATAK,TILDFLKSDGFANR,1025,678,7,7,1031,684,,-1,4,0,1.007276,9.348009
Scan: 707368 Run: DIA12_CV486075:20251228_A2_N1_Mueller_MS_TechHub_IMP_THIDDIAXL003_Cas9_PhoX_DIA12_CV486075_250ng_FAIMS_002 P1_LKSVK P2_KDWDPK 2 1,DIA12_CV486075:20251228_A2_N1_Mueller_MS_TechHub_IMP_THIDDIAXL003_Cas9_PhoX_DIA12_CV486075_250ng_FAIMS_002,707368,,,Q99ZW2,,,false,Q99ZW2,Q99ZW2,,false,KDWDPK,LKSVK,1124,1157,1,2,1124,1158,,-1,3,0,1.007276,9.347569
Scan: 1649615 Run: DIA12_CV486075:20251228_A2_N1_Mueller_MS_TechHub_IMP_THIDDIAXL003_Cas9_PhoX_DIA12_CV486075_250ng_FAIMS_003 P1_KDLIIK P2_EDIQKAQVSGQGDSLHEHIANLAGSPAIK 1 5,DIA12_CV486075:20251228_A2_N1_Mueller_MS_TechHub_IMP_THIDDIAXL003_Cas9_PhoX_DIA12_CV486075_250ng_FAIMS_003,1649615,,,Q99ZW2,,,false,Q99ZW2,Q99ZW2,,false,EDIQKAQVSGQGDSLHEHIANLAGSPAIK,KDLIIK,706,1192,5,1,710,1192,,-1,5,0,1.007276,9.347524
Scan: 754261 Run: DIA12_CV486075:20251228_A2_N1_Mueller_MS_TechHub_IMP_THIDDIAXL003_Cas9_PhoX_DIA12_CV486075_250ng_FAIMS_002 P1_KGILQTVK P2_GNELALPSKYVNFLYLASHYEK 1 9,DIA12_CV486075:20251228_A2_N1_Mueller_MS_TechHub_IMP_THIDDIAXL003_Cas9_PhoX_DIA12_CV486075_250ng_FAIMS_002,754261,,,Q99ZW2,,,false,Q99ZW2,Q99ZW2,,false,GNELALPSKYVNFLYLASHYEK,KGILQTVK,1223,735,9,1,1231,735,,-1,4,0,1.007276,9.347265
Scan: 1446213 Run: DIA12_CV486075:20251228_A2_N1_Mueller_MS_TechHub_IMP_THIDDIAXL003_Cas9_PhoX_DIA12_CV486075_250ng_FAIMS_003 P1_YDEHHQDLTLLKALVR P2_KLINGIR 12 1,DIA12_CV486075:20251228_A2_N1_Mueller_MS_TechHub_IMP_THIDDIAXL003_Cas9_PhoX_DIA12_CV486075_250ng_FAIMS_003,1446213,,,Q99ZW2,,,false,Q99ZW2,Q99ZW2,,false,KLINGIR,YDEHHQDLTLLKALVR,665,325,1,12,665,336,,-1,5,0,1.007276,9.346056
Scan: 841062 Run: DIA12_CV486075:20251228_A2_N1_Mueller_MS_TechHub_IMP_THIDDIAXL003_Cas9_PhoX_DIA12_CV486075_250ng_FAIMS_002 P1_MTNFDKNLPNEK P2_FKVLGNTDR 6 2,DIA12_CV486075:20251228_A2_N1_Mueller_MS_TechHub_IMP_THIDDIAXL003_Cas9_PhoX_DIA12_CV486075_250ng_FAIMS_002,841062,,,Q99ZW2,,,false,Q99ZW2,Q99ZW2,,false,FKVLGNTDR,MTNFDKNLPNEK,32,495,2,6,33,500,,-1,3,0,1.007276,9.34551
Scan: 216644 Run: DIA12_CV486075:20251228_A2_N1_Mueller_MS_TechHub_IMP_THIDDIAXL003_Cas9_PhoX_DIA12_CV486075_250ng_FAIMS_001 P1_RLENLIAQLPGEKK P2_LIQSGLEKIGEEIK 13 8,DIA12_CV486075:20251228_A2_N1_Mueller_MS_TechHub_IMP_THIDDIAXL003_Cas9_PhoX_DIA12_CV486075_250ng_FAIMS_001,216644,,,decoy:Q99ZW2,decoy,decoy,true,Q99ZW2,Q99ZW2,,false,LIQSGLEKIGEEIK,RLENLIAQLPGEKK,784,221,8,13,791,233,,-1,4,0,1.007276,9.345348
Scan: 817130 Run: DIA12_CV486075:20251228_A2_N1_Mueller_MS_TechHub_IMP_THIDDIAXL003_Cas9_PhoX_DIA12_CV486075_250ng_FAIMS_002 P1_KNGLFGNLIALSLGLTPNFKSNFDLAEDAK P2_KDWDPK 20 1,DIA12_CV486075:20251228_A2_N1_Mueller_MS_TechHub_IMP_THIDDIAXL003_Cas9_PhoX_DIA12_CV486075_250ng_FAIMS_002,817130,,,Q99ZW2,,,false,Q99ZW2,Q99ZW2,,false,KDWDPK,KNGLFGNLIALSLGLTPNFKSNFDLAEDAK,1124,234,1,20,1124,253,,-1,5,0,1.007276,9.344975
Scan: 1691071 Run: DIA12_CV486075:20251228_A2_N1_Mueller_MS_TechHub_IMP_THIDDIAXL003_Cas9_PhoX_DIA12_CV486075_250ng_FAIMS_003 P1_VLEDVVKVTQLIGK P2_EDIQKAQVSGQGDSLHEHIANLAGSPAIK 7 5,DIA12_CV486075:20251228_A2_N1_Mueller_MS_TechHub_IMP_THIDDIAXL003_Cas9_PhoX_DIA12_CV486075_250ng_FAIMS_003,1691071,,,Q99ZW2,,,false,decoy:Q99ZW2,decoy,decoy,true,EDIQKAQVSGQGDSLHEHIANLAGSPAIK,VLEDVVKVTQLIGK,706,736,5,7,710,742,,-1,5,0,1.007276,9.344768
Scan: 1426241 Run: DIA12_CV486075:20251228_A2_N1_Mueller_MS_TechHub_IMP_THIDDIAXL003_Cas9_PhoX_DIA12_CV486075_250ng_FAIMS_003 P1_VNTEITKAPLSASMIK P2_KPAFLSGEQK 7 1,DIA12_CV486075:20251228_A2_N1_Mueller_MS_TechHub_IMP_THIDDIAXL003_Cas9_PhoX_DIA12_CV486075_250ng_FAIMS_003,1426241,,,Q99ZW2,,,false,Q99ZW2,Q99ZW2,,false,KPAFLSGEQK,VNTEITKAPLSASMIK,536,308,1,7,536,314,,-1,3,0,1.007276,9.344733
Scan: 1605005 Run: DIA12_CV486075:20251228_A2_N1_Mueller_MS_TechHub_IMP_THIDDIAXL003_Cas9_PhoX_DIA12_CV486075_250ng_FAIMS_003 P1_SKLVSDFR P2_AIVDLLFKTNR 2 8,DIA12_CV486075:20251228_A2_N1_Mueller_MS_TechHub_IMP_THIDDIAXL003_Cas9_PhoX_DIA12_CV486075_250ng_FAIMS_003,1605005,,,Q99ZW2,,,false,Q99ZW2,Q99ZW2,,false,AIVDLLFKTNR,SKLVSDFR,547,960,8,2,554,961,,-1,3,0,1.007276,9.344467
Scan: 1693252 Run: DIA12_CV486075:20251228_A2_N1_Mueller_MS_TechHub_IMP_THIDDIAXL003_Cas9_PhoX_DIA12_CV486075_250ng_FAIMS_003 P1_QLLNAKLITQR P2_GILQTVKVVDELVK 6 7,DIA12_CV486075:20251228_A2_N1_Mueller_MS_TechHub_IMP_THIDDIAXL003_Cas9_PhoX_DIA12_CV486075_250ng_FAIMS_003,1693252,,,Q99ZW2,,,false,Q99ZW2,Q99ZW2,,false,GILQTVKVVDELVK,QLLNAKLITQR,736,885,7,6,742,890,,-1,4,0,1.007276,9.34439
Scan: 894479 Run: DIA12_CV486075:20251228_A2_N1_Mueller_MS_TechHub_IMP_THIDDIAXL003_Cas9_PhoX_DIA12_CV486075_250ng_FAIMS_002 P1_KNLIGALLFDSGETAEATR P2_KFKVLGNTDR 1 1,DIA12_CV486075:20251228_A2_N1_Mueller_MS_TechHub_IMP_THIDDIAXL003_Cas9_PhoX_DIA12_CV486075_250ng_FAIMS_002,894479,,,Q99ZW2,,,false,Q99ZW2,Q99ZW2,,false,KFKVLGNTDR,KNLIGALLFDSGETAEATR,31,45,1,1,31,45,,-1,4,0,1.007276,9.344356
Scan: 546625 Run: DIA12_CV486075:20251228_A2_N1_Mueller_MS_TechHub_IMP_THIDDIAXL003_Cas9_PhoX_DIA12_CV486075_250ng_FAIMS_001 P1_KPAFLSGEQK P2_GKSDNVPSEEVVKK 1 2,DIA12_CV486075:20251228_A2_N1_Mueller_MS_TechHub_IMP_THIDDIAXL003_Cas9_PhoX_DIA12_CV486075_250ng_FAIMS_001,546625,,,Q99ZW2,,,false,Q99ZW2,Q99ZW2,,false,GKSDNVPSEEVVKK,KPAFLSGEQK,865,536,2,1,866,536,,-1,4,0,1.007276,9.344342
Scan: 254742 Run: DIA12_CV486075:20251228_A2_N1_Mueller_MS_TechHub_IMP_THIDDIAXL003_Cas9_PhoX_DIA12_CV486075_250ng_FAIMS_001 P1_YKEIFFDQSK P2_LEESFLVEEDKKHER 2 12,DIA12_CV486075:20251228_A2_N1_Mueller_MS_TechHub_IMP_THIDDIAXL003_Cas9_PhoX_DIA12_CV486075_250ng_FAIMS_001,254742,,,Q99ZW2,,,false,Q99ZW2,Q99ZW2,,false,LEESFLVEEDKKHER,YKEIFFDQSK,101,347,12,2,112,348,,-1,4,0,1.007276,9.343944
Scan: 1690919 Run: DIA12_CV486075:20251228_A2_N1_Mueller_MS_TechHub_IMP_THIDDIAXL003_Cas9_PhoX_DIA12_CV486075_250ng_FAIMS_003 P1_VLEDVVKVTQLIGK P2_TILDFLKSDGFANR 7 7,DIA12_CV486075:20251228_A2_N1_Mueller_MS_TechHub_IMP_THIDDIAXL003_Cas9_PhoX_DIA12_CV486075_250ng_FAIMS_003,1690919,,,Q99ZW2,,,false,decoy:Q99ZW2,decoy,decoy,true,TILDFLKSDGFANR,VLEDVVKVTQLIGK,678,736,7,7,684,742,,-1,4,0,1.007276,9.343436
Scan: 1767839 Run: DIA12_CV486075:20251228_A2_N1_Mueller_MS_TechHub_IMP_THIDDIAXL003_Cas9_PhoX_DIA12_CV486075_250ng_FAIMS_003 P1_QITKHVAQILDSR P2_KIECFDSVEISGVEDR 4 1,DIA12_CV486075:20251228_A2_N1_Mueller_MS_TechHub_IMP_THIDDIAXL003_Cas9_PhoX_DIA12_CV486075_250ng_FAIMS_003,1767839,,,Q99ZW2,,,false,Q99ZW2,Q99ZW2,,false,KIECFDSVEISGVEDR,QITKHVAQILDSR,571,926,1,4,571,929,,-1,4,0,1.007276,9.343408
Scan: 1604224 Run: DIA12_CV486075:20251228_A2_N1_Mueller_MS_TechHub_IMP_THIDDIAXL003_Cas9_PhoX_DIA12_CV486075_250ng_FAIMS_003 P1_VLPKHSLLYEYFTVYNELTK P2_AIVDLLFKTNR 4 8,DIA12_CV486075:20251228_A2_N1_Mueller_MS_TechHub_IMP_THIDDIAXL003_Cas9_PhoX_DIA12_CV486075_250ng_FAIMS_003,1604224,,,Q99ZW2,,,false,Q99ZW2,Q99ZW2,,false,AIVDLLFKTNR,VLPKHSLLYEYFTVYNELTK,547,507,8,4,554,510,,-1,4,0,1.007276,9.343213
Scan: 85516 Run: DIA12_CV486075:20251228_A2_N1_Mueller_MS_TechHub_IMP_THIDDIAXL003_Cas9_PhoX_DIA12_CV486075_250ng_FAIMS_001 P1_SSFEKNPIDFLEAK P2_AILKDSNR 5 4,DIA12_CV486075:20251228_A2_N1_Mueller_MS_TechHub_IMP_THIDDIAXL003_Cas9_PhoX_DIA12_CV486075_250ng_FAIMS_001,85516,,,decoy:Q99ZW2,decoy,decoy,true,Q99ZW2,Q99ZW2,,false,AILKDSNR,SSFEKNPIDFLEAK,1115,1172,4,5,1118,1176,,-1,4,0,1.007276,9.342507
Scan: 685914 Run: DIA12_CV486075:20251228_A2_N1_Mueller_MS_TechHub_IMP_THIDDIAXL003_Cas9_PhoX_DIA12_CV486075_250ng_FAIMS_002 P1_NSDKLIAR P2_EKIEKILTFR 4 5,DIA12_CV486075:20251228_A2_N1_Mueller_MS_TechHub_IMP_THIDDIAXL003_Cas9_PhoX_DIA12_CV486075_250ng_FAIMS_002,685914,,,Q99ZW2,,,false,Q99ZW2,Q99ZW2,,false,EKIEKILTFR,NSDKLIAR,438,1115,5,4,442,1118,,-1,4,0,1.007276,9.340768
Scan: 293938 Run: DIA12_CV486075:20251228_A2_N1_Mueller_MS_TechHub_IMP_THIDDIAXL003_Cas9_PhoX_DIA12_CV486075_250ng_FAIMS_001 P1_IEKILTFR P2_GQKNSR 3 3,DIA12_CV486075:20251228_A2_N1_Mueller_MS_TechHub_IMP_THIDDIAXL003_Cas9_PhoX_DIA12_CV486075_250ng_FAIMS_001,293938,,,Q99ZW2,,,false,Q99ZW2,Q99ZW2,,false,GQKNSR,IEKILTFR,773,440,3,3,775,442,,-1,3,0,1.007276,9.340639
Scan: 1162650 Run: DIA12_CV486075:20251228_A2_N1_Mueller_MS_TechHub_IMP_THIDDIAXL003_Cas9_PhoX_DIA12_CV486075_250ng_FAIMS_002 P1_GKSDNVPSEEVVK P2_FDNLTKAER 2 6,DIA12_CV486075:20251228_A2_N1_Mueller_MS_TechHub_IMP_THIDDIAXL003_Cas9_PhoX_DIA12_CV486075_250ng_FAIMS_002,1162650,,,Q99ZW2,,,false,Q99ZW2,Q99ZW2,,false,FDNLTKAER,GKSDNVPSEEVVK,897,865,6,2,902,866,,-1,4,0,1.007276,9.340301
Scan: 1108676 Run: DIA12_CV486075:20251228_A2_N1_Mueller_MS_TechHub_IMP_THIDDIAXL003_Cas9_PhoX_DIA12_CV486075_250ng_FAIMS_002 P1_SNKQGR P2_NSDKLIAR 3 4,DIA12_CV486075:20251228_A2_N1_Mueller_MS_TechHub_IMP_THIDDIAXL003_Cas9_PhoX_DIA12_CV486075_250ng_FAIMS_002,1108676,,,Q99ZW2,,,false,decoy:Q99ZW2,decoy,decoy,true,NSDKLIAR,SNKQGR,1115,773,4,3,1118,775,,-1,4,0,1.007276,9.340261
Scan: 1272541 Run: DIA12_CV486075:20251228_A2_N1_Mueller_MS_TechHub_IMP_THIDDIAXL003_Cas9_PhoX_DIA12_CV486075_250ng_FAIMS_003 P1_SEETITPWNFEEVVDKGASAQSFIER P2_LEESFLVEEDKK 16 11,DIA12_CV486075:20251228_A2_N1_Mueller_MS_TechHub_IMP_THIDDIAXL003_Cas9_PhoX_DIA12_CV486075_250ng_FAIMS_003,1272541,,,Q99ZW2,,,false,Q99ZW2,Q99ZW2,,false,LEESFLVEEDKK,SEETITPWNFEEVVDKGASAQSFIER,101,469,11,16,111,484,,-1,4,0,1.007276,9.339776
Scan: 1642944 Run: DIA12_CV486075:20251228_A2_N1_Mueller_MS_TechHub_IMP_THIDDIAXL003_Cas9_PhoX_DIA12_CV486075_250ng_FAIMS_003 P1_TILDFLKSDGFANR P2_KGILQTVK 7 1,DIA12_CV486075:20251228_A2_N1_Mueller_MS_TechHub_IMP_THIDDIAXL003_Cas9_PhoX_DIA12_CV486075_250ng_FAIMS_003,1642944,,,Q99ZW2,,,false,Q99ZW2,Q99ZW2,,false,KGILQTVK,TILDFLKSDGFANR,735,678,1,7,735,684,,-1,3,0,1.007276,9.339547
Scan: 1108047 Run: DIA12_CV486075:20251228_A2_N1_Mueller_MS_TechHub_IMP_THIDDIAXL003_Cas9_PhoX_DIA12_CV486075_250ng_FAIMS_002 P1_SDNVPSEEVVKK P2_ENQTTQKGQK 11 7,DIA12_CV486075:20251228_A2_N1_Mueller_MS_TechHub_IMP_THIDDIAXL003_Cas9_PhoX_DIA12_CV486075_250ng_FAIMS_002,1108047,,,Q99ZW2,,,false,Q99ZW2,Q99ZW2,,false,ENQTTQKGQK,SDNVPSEEVVKK,766,867,7,11,772,877,,-1,4,0,1.007276,9.338362
Scan: 504930 Run: DIA12_CV486075:20251228_A2_N1_Mueller_MS_TechHub_IMP_THIDDIAXL003_Cas9_PhoX_DIA12_CV486075_250ng_FAIMS_001 P1_KPAFLSGEQK P2_HKPENIVIEMAR 1 2,DIA12_CV486075:20251228_A2_N1_Mueller_MS_TechHub_IMP_THIDDIAXL003_Cas9_PhoX_DIA12_CV486075_250ng_FAIMS_001,504930,,,Q99ZW2,,,false,Q99ZW2,Q99ZW2,,false,HKPENIVIEMAR,KPAFLSGEQK,754,536,2,1,755,536,,-1,4,0,1.007276,9.338273
Scan: 1156975 Run: DIA12_CV486075:20251228_A2_N1_Mueller_MS_TechHub_IMP_THIDDIAXL003_Cas9_PhoX_DIA12_CV486075_250ng_FAIMS_002 P1_QLLNAKLITQR P2_KLINGIR 6 1,DIA12_CV486075:20251228_A2_N1_Mueller_MS_TechHub_IMP_THIDDIAXL003_Cas9_PhoX_DIA12_CV486075_250ng_FAIMS_002,1156975,,,Q99ZW2,,,false,Q99ZW2,Q99ZW2,,false,KLINGIR,QLLNAKLITQR,665,885,1,6,665,890,,-1,3,0,1.007276,9.337212
Scan: 211667 Run: DIA12_CV486075:20251228_A2_N1_Mueller_MS_TechHub_IMP_THIDDIAXL003_Cas9_PhoX_DIA12_CV486075_250ng_FAIMS_001 P1_TILDFLKSDGFANR P2_KEGPLQAILNELK 7 1,DIA12_CV486075:20251228_A2_N1_Mueller_MS_TechHub_IMP_THIDDIAXL003_Cas9_PhoX_DIA12_CV486075_250ng_FAIMS_001,211667,,,decoy:Q99ZW2,decoy,decoy,true,Q99ZW2,Q99ZW2,,false,KEGPLQAILNELK,TILDFLKSDGFANR,222,678,1,7,222,684,,-1,4,0,1.007276,9.33686
Scan: 234859 Run: DIA12_CV486075:20251228_A2_N1_Mueller_MS_TechHub_IMP_THIDDIAXL003_Cas9_PhoX_DIA12_CV486075_250ng_FAIMS_001 P1_KLVDSTDK P2_APLSASMIKR 1 9,DIA12_CV486075:20251228_A2_N1_Mueller_MS_TechHub_IMP_THIDDIAXL003_Cas9_PhoX_DIA12_CV486075_250ng_FAIMS_001,234859,,,Q99ZW2,,,false,Q99ZW2,Q99ZW2,,false,APLSASMIKR,KLVDSTDK,315,141,9,1,323,141,,-1,3,0,1.007276,9.336854
Scan: 985646 Run: DIA12_CV486075:20251228_A2_N1_Mueller_MS_TechHub_IMP_THIDDIAXL003_Cas9_PhoX_DIA12_CV486075_250ng_FAIMS_002 P1_KPAFLSGEQK P2_GQKNSR 1 3,DIA12_CV486075:20251228_A2_N1_Mueller_MS_TechHub_IMP_THIDDIAXL003_Cas9_PhoX_DIA12_CV486075_250ng_FAIMS_002,985646,,,Q99ZW2,,,false,Q99ZW2,Q99ZW2,,false,GQKNSR,KPAFLSGEQK,773,536,3,1,775,536,,-1,4,0,1.007276,9.335964
Scan: 255920 Run: DIA12_CV486075:20251228_A2_N1_Mueller_MS_TechHub_IMP_THIDDIAXL003_Cas9_PhoX_DIA12_CV486075_250ng_FAIMS_001 P1_YKEIFFDQSK P2_VLSAYNKHR 2 7,DIA12_CV486075:20251228_A2_N1_Mueller_MS_TechHub_IMP_THIDDIAXL003_Cas9_PhoX_DIA12_CV486075_250ng_FAIMS_001,255920,,,Q99ZW2,,,false,Q99ZW2,Q99ZW2,,false,VLSAYNKHR,YKEIFFDQSK,1290,347,7,2,1296,348,,-1,4,0,1.007276,9.335838
Scan: 1455134 Run: DIA12_CV486075:20251228_A2_N1_Mueller_MS_TechHub_IMP_THIDDIAXL003_Cas9_PhoX_DIA12_CV486075_250ng_FAIMS_003 P1_YKEIFFDQSK P2_LQKMVK 2 3,DIA12_CV486075:20251228_A2_N1_Mueller_MS_TechHub_IMP_THIDDIAXL003_Cas9_PhoX_DIA12_CV486075_250ng_FAIMS_003,1455134,,,decoy:Q99ZW2,decoy,decoy,true,Q99ZW2,Q99ZW2,,false,LQKMVK,YKEIFFDQSK,647,347,3,2,649,348,,-1,3,0,1.007276,9.335098
Scan: 1556675 Run: DIA12_CV486075:20251228_A2_N1_Mueller_MS_TechHub_IMP_THIDDIAXL003_Cas9_PhoX_DIA12_CV486075_250ng_FAIMS_003 P1_VLPKHSLLYEYFTVYNELTK P2_KKDWDPK 4 1,DIA12_CV486075:20251228_A2_N1_Mueller_MS_TechHub_IMP_THIDDIAXL003_Cas9_PhoX_DIA12_CV486075_250ng_FAIMS_003,1556675,,,Q99ZW2,,,false,Q99ZW2,Q99ZW2,,false,KKDWDPK,VLPKHSLLYEYFTVYNELTK,1123,507,1,4,1123,510,,-1,4,0,1.007276,9.334868
Scan: 429664 Run: DIA12_CV486075:20251228_A2_N1_Mueller_MS_TechHub_IMP_THIDDIAXL003_Cas9_PhoX_DIA12_CV486075_250ng_FAIMS_001 P1_KLINGIR P2_EKIEK 1 2,DIA12_CV486075:20251228_A2_N1_Mueller_MS_TechHub_IMP_THIDDIAXL003_Cas9_PhoX_DIA12_CV486075_250ng_FAIMS_001,429664,,,Q99ZW2,,,false,Q99ZW2,Q99ZW2,,false,EKIEK,KLINGIR,438,665,2,1,439,665,,-1,3,0,1.007276,9.333846
Scan: 1550279 Run: DIA12_CV486075:20251228_A2_N1_Mueller_MS_TechHub_IMP_THIDDIAXL003_Cas9_PhoX_DIA12_CV486075_250ng_FAIMS_003 P1_QQLPEKYKEIFFDQSK P2_MTNFDKNLPNEK 6 6,DIA12_CV486075:20251228_A2_N1_Mueller_MS_TechHub_IMP_THIDDIAXL003_Cas9_PhoX_DIA12_CV486075_250ng_FAIMS_003,1550279,,,Q99ZW2,,,false,Q99ZW2,Q99ZW2,,false,MTNFDKNLPNEK,QQLPEKYKEIFFDQSK,495,341,6,6,500,346,,-1,4,0,1.007276,9.333814
Scan: 1714332 Run: DIA12_CV486075:20251228_A2_N1_Mueller_MS_TechHub_IMP_THIDDIAXL003_Cas9_PhoX_DIA12_CV486075_250ng_FAIMS_003 P1_LIQSGLEKIGEEIK P2_EHPVENTQLQNEKLYLYYLQNGR 8 13,DIA12_CV486075:20251228_A2_N1_Mueller_MS_TechHub_IMP_THIDDIAXL003_Cas9_PhoX_DIA12_CV486075_250ng_FAIMS_003,1714332,,,Q99ZW2,,,false,decoy:Q99ZW2,decoy,decoy,true,EHPVENTQLQNEKLYLYYLQNGR,LIQSGLEKIGEEIK,798,784,13,8,810,791,,-1,4,0,1.007276,9.333037
Scan: 1142102 Run: DIA12_CV486075:20251228_A2_N1_Mueller_MS_TechHub_IMP_THIDDIAXL003_Cas9_PhoX_DIA12_CV486075_250ng_FAIMS_002 P1_KPLISER P2_GKSDNVPSEEVVK 1 2,DIA12_CV486075:20251228_A2_N1_Mueller_MS_TechHub_IMP_THIDDIAXL003_Cas9_PhoX_DIA12_CV486075_250ng_FAIMS_002,1142102,,,Q99ZW2,,,false,decoy:Q99ZW2,decoy,decoy,true,GKSDNVPSEEVVK,KPLISER,865,1108,2,1,866,1108,,-1,3,0,1.007276,9.33287
Scan: 1081594 Run: DIA12_CV486075:20251228_A2_N1_Mueller_MS_TechHub_IMP_THIDDIAXL003_Cas9_PhoX_DIA12_CV486075_250ng_FAIMS_002 P1_VKYVTEGMR P2_KGILQTVK 2 1,DIA12_CV486075:20251228_A2_N1_Mueller_MS_TechHub_IMP_THIDDIAXL003_Cas9_PhoX_DIA12_CV486075_250ng_FAIMS_002,1081594,,,Q99ZW2,,,false,Q99ZW2,Q99ZW2,,false,KGILQTVK,VKYVTEGMR,735,527,1,2,735,528,,-1,3,0,1.007276,9.332402
Scan: 1081523 Run: DIA12_CV486075:20251228_A2_N1_Mueller_MS_TechHub_IMP_THIDDIAXL003_Cas9_PhoX_DIA12_CV486075_250ng_FAIMS_002 P1_MTNFDKNLPNEK P2_KGILQTVK 6 1,DIA12_CV486075:20251228_A2_N1_Mueller_MS_TechHub_IMP_THIDDIAXL003_Cas9_PhoX_DIA12_CV486075_250ng_FAIMS_002,1081523,,,Q99ZW2,,,false,Q99ZW2,Q99ZW2,,false,KGILQTVK,MTNFDKNLPNEK,735,495,1,6,735,500,,-1,4,0,1.007276,9.332393
Scan: 1764593 Run: DIA12_CV486075:20251228_A2_N1_Mueller_MS_TechHub_IMP_THIDDIAXL003_Cas9_PhoX_DIA12_CV486075_250ng_FAIMS_003 P1_VITLKSK P2_GGLSELDKAGFIK 5 8,DIA12_CV486075:20251228_A2_N1_Mueller_MS_TechHub_IMP_THIDDIAXL003_Cas9_PhoX_DIA12_CV486075_250ng_FAIMS_003,1764593,,,Q99ZW2,,,false,Q99ZW2,Q99ZW2,,false,GGLSELDKAGFIK,VITLKSK,906,955,8,5,913,959,,-1,3,0,1.007276,9.332003
Scan: 1420439 Run: DIA12_CV486075:20251228_A2_N1_Mueller_MS_TechHub_IMP_THIDDIAXL003_Cas9_PhoX_DIA12_CV486075_250ng_FAIMS_003 P1_SNFDLAEDAKLQLSK P2_KKDWDPK 10 1,DIA12_CV486075:20251228_A2_N1_Mueller_MS_TechHub_IMP_THIDDIAXL003_Cas9_PhoX_DIA12_CV486075_250ng_FAIMS_003,1420439,,,Q99ZW2,,,false,Q99ZW2,Q99ZW2,,false,KKDWDPK,SNFDLAEDAKLQLSK,1123,254,1,10,1123,263,,-1,3,0,1.007276,9.331752
Scan: 761231 Run: DIA12_CV486075:20251228_A2_N1_Mueller_MS_TechHub_IMP_THIDDIAXL003_Cas9_PhoX_DIA12_CV486075_250ng_FAIMS_002 P1_LKGSPEDNEQK P2_GQKNSR 2 3,DIA12_CV486075:20251228_A2_N1_Mueller_MS_TechHub_IMP_THIDDIAXL003_Cas9_PhoX_DIA12_CV486075_250ng_FAIMS_002,761231,,,Q99ZW2,,,false,Q99ZW2,Q99ZW2,,false,GQKNSR,LKGSPEDNEQK,773,1245,3,2,775,1246,,-1,4,0,1.007276,9.331148
Scan: 104036 Run: DIA12_CV486075:20251228_A2_N1_Mueller_MS_TechHub_IMP_THIDDIAXL003_Cas9_PhoX_DIA12_CV486075_250ng_FAIMS_001 P1_RNSDKLIAR P2_KYGGFDSPTVAYSVLVVAK 5 1,DIA12_CV486075:20251228_A2_N1_Mueller_MS_TechHub_IMP_THIDDIAXL003_Cas9_PhoX_DIA12_CV486075_250ng_FAIMS_001,104036,,,Q99ZW2,,,false,Q99ZW2,Q99ZW2,,false,KYGGFDSPTVAYSVLVVAK,RNSDKLIAR,1130,1114,1,5,1130,1118,,-1,3,0,1.007276,9.330984
Scan: 1284005 Run: DIA12_CV486075:20251228_A2_N1_Mueller_MS_TechHub_IMP_THIDDIAXL003_Cas9_PhoX_DIA12_CV486075_250ng_FAIMS_003 P1_NSDKLIAR P2_KSEETITPWNFEEVVDKGASAQSFIER 4 17,DIA12_CV486075:20251228_A2_N1_Mueller_MS_TechHub_IMP_THIDDIAXL003_Cas9_PhoX_DIA12_CV486075_250ng_FAIMS_003,1284005,,,Q99ZW2,,,false,Q99ZW2,Q99ZW2,,false,KSEETITPWNFEEVVDKGASAQSFIER,NSDKLIAR,468,1115,17,4,484,1118,,-1,4,0,1.007276,9.330534
Scan: 1558376 Run: DIA12_CV486075:20251228_A2_N1_Mueller_MS_TechHub_IMP_THIDDIAXL003_Cas9_PhoX_DIA12_CV486075_250ng_FAIMS_003 P1_VLPKHSLLYEYFTVYNELTK P2_FTLIKEIKER 4 5,DIA12_CV486075:20251228_A2_N1_Mueller_MS_TechHub_IMP_THIDDIAXL003_Cas9_PhoX_DIA12_CV486075_250ng_FAIMS_003,1558376,,,decoy:Q99ZW2,decoy,decoy,true,Q99ZW2,Q99ZW2,,false,FTLIKEIKER,VLPKHSLLYEYFTVYNELTK,438,507,5,4,442,510,,-1,4,0,1.007276,9.330496
Scan: 142678 Run: DIA12_CV486075:20251228_A2_N1_Mueller_MS_TechHub_IMP_THIDDIAXL003_Cas9_PhoX_DIA12_CV486075_250ng_FAIMS_001 P1_LPKYSLFELENGR P2_KPLISER 3 1,DIA12_CV486075:20251228_A2_N1_Mueller_MS_TechHub_IMP_THIDDIAXL003_Cas9_PhoX_DIA12_CV486075_250ng_FAIMS_001,142678,,,decoy:Q99ZW2,decoy,decoy,true,Q99ZW2,Q99ZW2,,false,KPLISER,LPKYSLFELENGR,1108,1198,1,3,1108,1200,,-1,4,0,1.007276,9.330341
Scan: 1258941 Run: DIA12_CV486075:20251228_A2_N1_Mueller_MS_TechHub_IMP_THIDDIAXL003_Cas9_PhoX_DIA12_CV486075_250ng_FAIMS_003 P1_KTEVQTGGFSKESILPK P2_KKDWDPK 11 1,DIA12_CV486075:20251228_A2_N1_Mueller_MS_TechHub_IMP_THIDDIAXL003_Cas9_PhoX_DIA12_CV486075_250ng_FAIMS_003,1258941,,,Q99ZW2,,,false,Q99ZW2,Q99ZW2,,false,KKDWDPK,KTEVQTGGFSKESILPK,1123,1097,1,11,1123,1107,,-1,5,0,1.007276,9.329777
Scan: 1231786 Run: DIA12_CV486075:20251228_A2_N1_Mueller_MS_TechHub_IMP_THIDDIAXL003_Cas9_PhoX_DIA12_CV486075_250ng_FAIMS_003 P1_KTEVQTGGFSK P2_GYKEVK 1 3,DIA12_CV486075:20251228_A2_N1_Mueller_MS_TechHub_IMP_THIDDIAXL003_Cas9_PhoX_DIA12_CV486075_250ng_FAIMS_003,1231786,,,Q99ZW2,,,false,Q99ZW2,Q99ZW2,,false,GYKEVK,KTEVQTGGFSK,1186,1097,3,1,1188,1097,,-1,3,0,1.007276,9.328607
Scan: 1687390 Run: DIA12_CV486075:20251228_A2_N1_Mueller_MS_TechHub_IMP_THIDDIAXL003_Cas9_PhoX_DIA12_CV486075_250ng_FAIMS_003 P1_VLEDVVKVTQLIGK P2_IEKILTFR 7 3,DIA12_CV486075:20251228_A2_N1_Mueller_MS_TechHub_IMP_THIDDIAXL003_Cas9_PhoX_DIA12_CV486075_250ng_FAIMS_003,1687390,,,Q99ZW2,,,false,decoy:Q99ZW2,decoy,decoy,true,IEKILTFR,VLEDVVKVTQLIGK,440,736,3,7,442,742,,-1,4,0,1.007276,9.32841
Scan: 245750 Run: DIA12_CV486075:20251228_A2_N1_Mueller_MS_TechHub_IMP_THIDDIAXL003_Cas9_PhoX_DIA12_CV486075_250ng_FAIMS_001 P1_KFDNLTKAER P2_FKVLGNTDR 7 2,DIA12_CV486075:20251228_A2_N1_Mueller_MS_TechHub_IMP_THIDDIAXL003_Cas9_PhoX_DIA12_CV486075_250ng_FAIMS_001,245750,,,Q99ZW2,,,false,Q99ZW2,Q99ZW2,,false,FKVLGNTDR,KFDNLTKAER,32,896,2,7,33,902,,-1,4,0,1.007276,9.32825
Scan: 1551899 Run: DIA12_CV486075:20251228_A2_N1_Mueller_MS_TechHub_IMP_THIDDIAXL003_Cas9_PhoX_DIA12_CV486075_250ng_FAIMS_003 P1_MTNFDKNLPNEK P2_KSEETITPWNFEEVVDKGASAQSFIER 6 17,DIA12_CV486075:20251228_A2_N1_Mueller_MS_TechHub_IMP_THIDDIAXL003_Cas9_PhoX_DIA12_CV486075_250ng_FAIMS_003,1551899,,,Q99ZW2,,,false,Q99ZW2,Q99ZW2,,false,KSEETITPWNFEEVVDKGASAQSFIER,MTNFDKNLPNEK,468,495,17,6,484,500,,-1,4,0,1.007276,9.328173
Scan: 190778 Run: DIA12_CV486075:20251228_A2_N1_Mueller_MS_TechHub_IMP_THIDDIAXL003_Cas9_PhoX_DIA12_CV486075_250ng_FAIMS_001 P1_KLINGIR P2_HPIFGNIVDEVAYHEKYPTIYHLR 1 16,DIA12_CV486075:20251228_A2_N1_Mueller_MS_TechHub_IMP_THIDDIAXL003_Cas9_PhoX_DIA12_CV486075_250ng_FAIMS_001,190778,,,Q99ZW2,,,false,Q99ZW2,Q99ZW2,,false,HPIFGNIVDEVAYHEKYPTIYHLR,KLINGIR,116,665,16,1,131,665,,-1,5,0,1.007276,9.327949
Scan: 986259 Run: DIA12_CV486075:20251228_A2_N1_Mueller_MS_TechHub_IMP_THIDDIAXL003_Cas9_PhoX_DIA12_CV486075_250ng_FAIMS_002 P1_SDKNR P2_KPAFLSGEQK 3 1,DIA12_CV486075:20251228_A2_N1_Mueller_MS_TechHub_IMP_THIDDIAXL003_Cas9_PhoX_DIA12_CV486075_250ng_FAIMS_002,986259,,,Q99ZW2,,,false,Q99ZW2,Q99ZW2,,false,KPAFLSGEQK,SDKNR,536,860,1,3,536,862,,-1,3,0,1.007276,9.32773
Scan: 1789527 Run: DIA12_CV486075:20251228_A2_N1_Mueller_MS_TechHub_IMP_THIDDIAXL003_Cas9_PhoX_DIA12_CV486075_250ng_FAIMS_003 P1_SDKNR P2_KDFQFYK 3 1,DIA12_CV486075:20251228_A2_N1_Mueller_MS_TechHub_IMP_THIDDIAXL003_Cas9_PhoX_DIA12_CV486075_250ng_FAIMS_003,1789527,,,Q99ZW2,,,false,Q99ZW2,Q99ZW2,,false,KDFQFYK,SDKNR,968,860,1,3,968,862,,-1,3,0,1.007276,9.327633
Scan: 1622086 Run: DIA12_CV486075:20251228_A2_N1_Mueller_MS_TechHub_IMP_THIDDIAXL003_Cas9_PhoX_DIA12_CV486075_250ng_FAIMS_003 P1_NSDKLIAR P2_LQKMVK 4 3,DIA12_CV486075:20251228_A2_N1_Mueller_MS_TechHub_IMP_THIDDIAXL003_Cas9_PhoX_DIA12_CV486075_250ng_FAIMS_003,1622086,,,decoy:Q99ZW2,decoy,decoy,true,Q99ZW2,Q99ZW2,,false,LQKMVK,NSDKLIAR,647,1115,3,4,649,1118,,-1,3,0,1.007276,9.327599
Scan: 581126 Run: DIA12_CV486075:20251228_A2_N1_Mueller_MS_TechHub_IMP_THIDDIAXL003_Cas9_PhoX_DIA12_CV486075_250ng_FAIMS_001 P1_MTNFDKNLPNEK P2_MNTKYDENDK 6 4,DIA12_CV486075:20251228_A2_N1_Mueller_MS_TechHub_IMP_THIDDIAXL003_Cas9_PhoX_DIA12_CV486075_250ng_FAIMS_001,581126,,,Q99ZW2,,,false,Q99ZW2,Q99ZW2,,false,MNTKYDENDK,MTNFDKNLPNEK,939,495,4,6,942,500,,-1,3,0,1.007276,9.327536
Scan: 670253 Run: DIA12_CV486075:20251228_A2_N1_Mueller_MS_TechHub_IMP_THIDDIAXL003_Cas9_PhoX_DIA12_CV486075_250ng_FAIMS_002 P1_TEVQTGGFSKESILPK P2_DKQSGK 10 2,DIA12_CV486075:20251228_A2_N1_Mueller_MS_TechHub_IMP_THIDDIAXL003_Cas9_PhoX_DIA12_CV486075_250ng_FAIMS_002,670253,,,Q99ZW2,,,false,Q99ZW2,Q99ZW2,,false,DKQSGK,TEVQTGGFSKESILPK,672,1098,2,10,673,1107,,-1,4,0,1.007276,9.327084
Scan: 385463 Run: DIA12_CV486075:20251228_A2_N1_Mueller_MS_TechHub_IMP_THIDDIAXL003_Cas9_PhoX_DIA12_CV486075_250ng_FAIMS_001 P1_KPAFLSGEQKK P2_KPAFLSGEQK 1 1,DIA12_CV486075:20251228_A2_N1_Mueller_MS_TechHub_IMP_THIDDIAXL003_Cas9_PhoX_DIA12_CV486075_250ng_FAIMS_001,385463,,,Q99ZW2,,,false,Q99ZW2,Q99ZW2,,false,KPAFLSGEQK,KPAFLSGEQKK,536,536,1,1,536,536,,-1,4,0,1.007276,9.327027
Scan: 1686929 Run: DIA12_CV486075:20251228_A2_N1_Mueller_MS_TechHub_IMP_THIDDIAXL003_Cas9_PhoX_DIA12_CV486075_250ng_FAIMS_003 P1_YKEIFFDQSK P2_VLEDVVKVTQLIGK 2 7,DIA12_CV486075:20251228_A2_N1_Mueller_MS_TechHub_IMP_THIDDIAXL003_Cas9_PhoX_DIA12_CV486075_250ng_FAIMS_003,1686929,,,decoy:Q99ZW2,decoy,decoy,true,Q99ZW2,Q99ZW2,,false,VLEDVVKVTQLIGK,YKEIFFDQSK,736,347,7,2,742,348,,-1,4,0,1.007276,9.326528
Scan: 1417170 Run: DIA12_CV486075:20251228_A2_N1_Mueller_MS_TechHub_IMP_THIDDIAXL003_Cas9_PhoX_DIA12_CV486075_250ng_FAIMS_003 P1_YKEIFFDQSK P2_SLQLKADEALDFNSK 2 5,DIA12_CV486075:20251228_A2_N1_Mueller_MS_TechHub_IMP_THIDDIAXL003_Cas9_PhoX_DIA12_CV486075_250ng_FAIMS_003,1417170,,,decoy:Q99ZW2,decoy,decoy,true,Q99ZW2,Q99ZW2,,false,SLQLKADEALDFNSK,YKEIFFDQSK,254,347,5,2,258,348,,-1,4,0,1.007276,9.326526
Scan: 1331076 Run: DIA12_CV486075:20251228_A2_N1_Mueller_MS_TechHub_IMP_THIDDIAXL003_Cas9_PhoX_DIA12_CV486075_250ng_FAIMS_003 P1_KPAFLSGEQK P2_EVKKDLIIK 1 4,DIA12_CV486075:20251228_A2_N1_Mueller_MS_TechHub_IMP_THIDDIAXL003_Cas9_PhoX_DIA12_CV486075_250ng_FAIMS_003,1331076,,,Q99ZW2,,,false,Q99ZW2,Q99ZW2,,false,EVKKDLIIK,KPAFLSGEQK,1189,536,4,1,1192,536,,-1,3,0,1.007276,9.326365
Scan: 1607489 Run: DIA12_CV486075:20251228_A2_N1_Mueller_MS_TechHub_IMP_THIDDIAXL003_Cas9_PhoX_DIA12_CV486075_250ng_FAIMS_003 P1_KVTVKQLK P2_DKQSGK 5 2,DIA12_CV486075:20251228_A2_N1_Mueller_MS_TechHub_IMP_THIDDIAXL003_Cas9_PhoX_DIA12_CV486075_250ng_FAIMS_003,1607489,,,Q99ZW2,,,false,Q99ZW2,Q99ZW2,,false,DKQSGK,KVTVKQLK,672,558,2,5,673,562,,-1,3,0,1.007276,9.326209
Scan: 224531 Run: DIA12_CV486075:20251228_A2_N1_Mueller_MS_TechHub_IMP_THIDDIAXL003_Cas9_PhoX_DIA12_CV486075_250ng_FAIMS_001 P1_SNFDLAEDAKLQLSK P2_KRPLIETNGETGEIVWDK 10 1,DIA12_CV486075:20251228_A2_N1_Mueller_MS_TechHub_IMP_THIDDIAXL003_Cas9_PhoX_DIA12_CV486075_250ng_FAIMS_001,224531,,,Q99ZW2,,,false,Q99ZW2,Q99ZW2,,false,KRPLIETNGETGEIVWDK,SNFDLAEDAKLQLSK,1059,254,1,10,1059,263,,-1,4,0,1.007276,9.326183
Scan: 801407 Run: DIA12_CV486075:20251228_A2_N1_Mueller_MS_TechHub_IMP_THIDDIAXL003_Cas9_PhoX_DIA12_CV486075_250ng_FAIMS_002 P1_KLVDSTDK P2_DKPIR 1 2,DIA12_CV486075:20251228_A2_N1_Mueller_MS_TechHub_IMP_THIDDIAXL003_Cas9_PhoX_DIA12_CV486075_250ng_FAIMS_002,801407,,,Q99ZW2,,,false,Q99ZW2,Q99ZW2,,false,DKPIR,KLVDSTDK,1299,141,2,1,1300,141,,-1,3,0,1.007276,9.325467
Scan: 41357 Run: DIA12_CV486075:20251228_A2_N1_Mueller_MS_TechHub_IMP_THIDDIAXL003_Cas9_PhoX_DIA12_CV486075_250ng_FAIMS_001 P1_SDKNR P2_KTEVQTGGFSK 3 1,DIA12_CV486075:20251228_A2_N1_Mueller_MS_TechHub_IMP_THIDDIAXL003_Cas9_PhoX_DIA12_CV486075_250ng_FAIMS_001,41357,,,Q99ZW2,,,false,Q99ZW2,Q99ZW2,,false,KTEVQTGGFSK,SDKNR,1097,860,1,3,1097,862,,-1,3,0,1.007276,9.325029
Scan: 1445284 Run: DIA12_CV486075:20251228_A2_N1_Mueller_MS_TechHub_IMP_THIDDIAXL003_Cas9_PhoX_DIA12_CV486075_250ng_FAIMS_003 P1_YDEHHQDLTLLKALVR P2_QEDFYPFLKDNR 12 9,DIA12_CV486075:20251228_A2_N1_Mueller_MS_TechHub_IMP_THIDDIAXL003_Cas9_PhoX_DIA12_CV486075_250ng_FAIMS_003,1445284,,,Q99ZW2,,,false,Q99ZW2,Q99ZW2,,false,QEDFYPFLKDNR,YDEHHQDLTLLKALVR,426,325,9,12,434,336,,-1,5,0,1.007276,9.324957
Scan: 163873 Run: DIA12_CV486075:20251228_A2_N1_Mueller_MS_TechHub_IMP_THIDDIAXL003_Cas9_PhoX_DIA12_CV486075_250ng_FAIMS_001 P1_SNKQGR P2_LKGSPEDNEQK 3 2,DIA12_CV486075:20251228_A2_N1_Mueller_MS_TechHub_IMP_THIDDIAXL003_Cas9_PhoX_DIA12_CV486075_250ng_FAIMS_001,163873,,,Q99ZW2,,,false,decoy:Q99ZW2,decoy,decoy,true,LKGSPEDNEQK,SNKQGR,1245,773,2,3,1246,775,,-1,3,0,1.007276,9.3244
Scan: 750018 Run: DIA12_CV486075:20251228_A2_N1_Mueller_MS_TechHub_IMP_THIDDIAXL003_Cas9_PhoX_DIA12_CV486075_250ng_FAIMS_002 P1_MLASAGELQKGNELALPSK P2_KLINGIR 10 1,DIA12_CV486075:20251228_A2_N1_Mueller_MS_TechHub_IMP_THIDDIAXL003_Cas9_PhoX_DIA12_CV486075_250ng_FAIMS_002,750018,,,Q99ZW2,,,false,Q99ZW2,Q99ZW2,,false,KLINGIR,MLASAGELQKGNELALPSK,665,1213,1,10,665,1222,,-1,4,0,1.007276,9.323671
Scan: 549030 Run: DIA12_CV486075:20251228_A2_N1_Mueller_MS_TechHub_IMP_THIDDIAXL003_Cas9_PhoX_DIA12_CV486075_250ng_FAIMS_001 P1_MKNYWR P2_GKSDNVPSEEVVK 2 2,DIA12_CV486075:20251228_A2_N1_Mueller_MS_TechHub_IMP_THIDDIAXL003_Cas9_PhoX_DIA12_CV486075_250ng_FAIMS_001,549030,,,Q99ZW2,,,false,Q99ZW2,Q99ZW2,,false,GKSDNVPSEEVVK,MKNYWR,865,879,2,2,866,880,,-1,3,0,1.007276,9.322599
Scan: 1191292 Run: DIA12_CV486075:20251228_A2_N1_Mueller_MS_TechHub_IMP_THIDDIAXL003_Cas9_PhoX_DIA12_CV486075_250ng_FAIMS_002 P1_KDFQFYK P2_DKPIR 1 2,DIA12_CV486075:20251228_A2_N1_Mueller_MS_TechHub_IMP_THIDDIAXL003_Cas9_PhoX_DIA12_CV486075_250ng_FAIMS_002,1191292,,,Q99ZW2,,,false,Q99ZW2,Q99ZW2,,false,DKPIR,KDFQFYK,1299,968,2,1,1300,968,,-1,3,0,1.007276,9.322584
Scan: 464397 Run: DIA12_CV486075:20251228_A2_N1_Mueller_MS_TechHub_IMP_THIDDIAXL003_Cas9_PhoX_DIA12_CV486075_250ng_FAIMS_001 P1_YDENDKLIR P2_EDIQKAQVSGQGDSLHEHIANLAGSPAIK 6 5,DIA12_CV486075:20251228_A2_N1_Mueller_MS_TechHub_IMP_THIDDIAXL003_Cas9_PhoX_DIA12_CV486075_250ng_FAIMS_001,464397,,,Q99ZW2,,,false,Q99ZW2,Q99ZW2,,false,EDIQKAQVSGQGDSLHEHIANLAGSPAIK,YDENDKLIR,706,943,5,6,710,948,,-1,5,0,1.007276,9.322117
Scan: 1089332 Run: DIA12_CV486075:20251228_A2_N1_Mueller_MS_TechHub_IMP_THIDDIAXL003_Cas9_PhoX_DIA12_CV486075_250ng_FAIMS_002 P1_VLEDVVKVTQLIGK P2_FKVLGNTDR 7 2,DIA12_CV486075:20251228_A2_N1_Mueller_MS_TechHub_IMP_THIDDIAXL003_Cas9_PhoX_DIA12_CV486075_250ng_FAIMS_002,1089332,,,Q99ZW2,,,false,decoy:Q99ZW2,decoy,decoy,true,FKVLGNTDR,VLEDVVKVTQLIGK,32,736,2,7,33,742,,-1,4,0,1.007276,9.321751
Scan: 1687225 Run: DIA12_CV486075:20251228_A2_N1_Mueller_MS_TechHub_IMP_THIDDIAXL003_Cas9_PhoX_DIA12_CV486075_250ng_FAIMS_003 P1_RQEDFYPFLKDNR P2_GILQTVKVVDELVK 10 7,DIA12_CV486075:20251228_A2_N1_Mueller_MS_TechHub_IMP_THIDDIAXL003_Cas9_PhoX_DIA12_CV486075_250ng_FAIMS_003,1687225,,,Q99ZW2,,,false,Q99ZW2,Q99ZW2,,false,GILQTVKVVDELVK,RQEDFYPFLKDNR,736,425,7,10,742,434,,-1,4,0,1.007276,9.320891
Scan: 199226 Run: DIA12_CV486075:20251228_A2_N1_Mueller_MS_TechHub_IMP_THIDDIAXL003_Cas9_PhoX_DIA12_CV486075_250ng_FAIMS_001 P1_YTSTKEVLDATLIHQSITGLYETR P2_IGNILKR 5 6,DIA12_CV486075:20251228_A2_N1_Mueller_MS_TechHub_IMP_THIDDIAXL003_Cas9_PhoX_DIA12_CV486075_250ng_FAIMS_001,199226,,,decoy:Q99ZW2,decoy,decoy,true,Q99ZW2,Q99ZW2,,false,IGNILKR,YTSTKEVLDATLIHQSITGLYETR,665,1336,6,5,670,1340,,-1,4,0,1.007276,9.320686
Scan: 1634400 Run: DIA12_CV486075:20251228_A2_N1_Mueller_MS_TechHub_IMP_THIDDIAXL003_Cas9_PhoX_DIA12_CV486075_250ng_FAIMS_003 P1_SNFDLAEDAKLQLSK P2_QSGKTILDFLK 10 4,DIA12_CV486075:20251228_A2_N1_Mueller_MS_TechHub_IMP_THIDDIAXL003_Cas9_PhoX_DIA12_CV486075_250ng_FAIMS_003,1634400,,,Q99ZW2,,,false,Q99ZW2,Q99ZW2,,false,QSGKTILDFLK,SNFDLAEDAKLQLSK,674,254,4,10,677,263,,-1,4,0,1.007276,9.320114
Scan: 1178646 Run: DIA12_CV486075:20251228_A2_N1_Mueller_MS_TechHub_IMP_THIDDIAXL003_Cas9_PhoX_DIA12_CV486075_250ng_FAIMS_002 P1_MTNFDKNLPNEK P2_MNTKYDENDKLIR 6 4,DIA12_CV486075:20251228_A2_N1_Mueller_MS_TechHub_IMP_THIDDIAXL003_Cas9_PhoX_DIA12_CV486075_250ng_FAIMS_002,1178646,,,Q99ZW2,,,false,Q99ZW2,Q99ZW2,,false,MNTKYDENDKLIR,MTNFDKNLPNEK,939,495,4,6,942,500,,-1,4,0,1.007276,9.319729
Scan: 981618 Run: DIA12_CV486075:20251228_A2_N1_Mueller_MS_TechHub_IMP_THIDDIAXL003_Cas9_PhoX_DIA12_CV486075_250ng_FAIMS_002 P1_VLPKHSLLYEYFTVYNELTKVKYVTEGMR P2_KPAFLSGEQK 20 1,DIA12_CV486075:20251228_A2_N1_Mueller_MS_TechHub_IMP_THIDDIAXL003_Cas9_PhoX_DIA12_CV486075_250ng_FAIMS_002,981618,,,Q99ZW2,,,false,Q99ZW2,Q99ZW2,,false,KPAFLSGEQK,VLPKHSLLYEYFTVYNELTKVKYVTEGMR,536,507,1,20,536,526,,-1,6,0,1.007276,9.319641
Scan: 700900 Run: DIA12_CV486075:20251228_A2_N1_Mueller_MS_TechHub_IMP_THIDDIAXL003_Cas9_PhoX_DIA12_CV486075_250ng_FAIMS_002 P1_KYGGFDSPTVAYSVLVVAK P2_KPLISER 1 1,DIA12_CV486075:20251228_A2_N1_Mueller_MS_TechHub_IMP_THIDDIAXL003_Cas9_PhoX_DIA12_CV486075_250ng_FAIMS_002,700900,,,decoy:Q99ZW2,decoy,decoy,true,Q99ZW2,Q99ZW2,,false,KPLISER,KYGGFDSPTVAYSVLVVAK,1108,1130,1,1,1108,1130,,-1,4,0,1.007276,9.319319
Scan: 1605937 Run: DIA12_CV486075:20251228_A2_N1_Mueller_MS_TechHub_IMP_THIDDIAXL003_Cas9_PhoX_DIA12_CV486075_250ng_FAIMS_003 P1_MNTKYDENDK P2_KVTVK 4 1,DIA12_CV486075:20251228_A2_N1_Mueller_MS_TechHub_IMP_THIDDIAXL003_Cas9_PhoX_DIA12_CV486075_250ng_FAIMS_003,1605937,,,Q99ZW2,,,false,Q99ZW2,Q99ZW2,,false,KVTVK,MNTKYDENDK,558,939,1,4,558,942,,-1,3,0,1.007276,9.318542
Scan: 1477480 Run: DIA12_CV486075:20251228_A2_N1_Mueller_MS_TechHub_IMP_THIDDIAXL003_Cas9_PhoX_DIA12_CV486075_250ng_FAIMS_003 P1_IEKILTFR P2_FIKPILEKMDGTEELLVK 3 8,DIA12_CV486075:20251228_A2_N1_Mueller_MS_TechHub_IMP_THIDDIAXL003_Cas9_PhoX_DIA12_CV486075_250ng_FAIMS_003,1477480,,,Q99ZW2,,,false,Q99ZW2,Q99ZW2,,false,FIKPILEKMDGTEELLVK,IEKILTFR,375,440,8,3,382,442,,-1,4,0,1.007276,9.318252
Scan: 1494185 Run: DIA12_CV486075:20251228_A2_N1_Mueller_MS_TechHub_IMP_THIDDIAXL003_Cas9_PhoX_DIA12_CV486075_250ng_FAIMS_003 P1_SEQEIGKATAK P2_KSEETITPWNFEEVVDK 7 1,DIA12_CV486075:20251228_A2_N1_Mueller_MS_TechHub_IMP_THIDDIAXL003_Cas9_PhoX_DIA12_CV486075_250ng_FAIMS_003,1494185,,,Q99ZW2,,,false,Q99ZW2,Q99ZW2,,false,KSEETITPWNFEEVVDK,SEQEIGKATAK,468,1025,1,7,468,1031,,-1,4,0,1.007276,9.31814
Scan: 261510 Run: DIA12_CV486075:20251228_A2_N1_Mueller_MS_TechHub_IMP_THIDDIAXL003_Cas9_PhoX_DIA12_CV486075_250ng_FAIMS_001 P1_YKEIFFDQSK P2_AGFIKR 2 5,DIA12_CV486075:20251228_A2_N1_Mueller_MS_TechHub_IMP_THIDDIAXL003_Cas9_PhoX_DIA12_CV486075_250ng_FAIMS_001,261510,,,Q99ZW2,,,false,Q99ZW2,Q99ZW2,,false,AGFIKR,YKEIFFDQSK,914,347,5,2,918,348,,-1,3,0,1.007276,9.31749
Scan: 651608 Run: DIA12_CV486075:20251228_A2_N1_Mueller_MS_TechHub_IMP_THIDDIAXL003_Cas9_PhoX_DIA12_CV486075_250ng_FAIMS_002 P1_PLISEKSFGGTQVETK P2_EDIQKAQVSGQGDSLHEHIANLAGSPAIK 6 5,DIA12_CV486075:20251228_A2_N1_Mueller_MS_TechHub_IMP_THIDDIAXL003_Cas9_PhoX_DIA12_CV486075_250ng_FAIMS_002,651608,,,Q99ZW2,,,false,decoy:Q99ZW2,decoy,decoy,true,EDIQKAQVSGQGDSLHEHIANLAGSPAIK,PLISEKSFGGTQVETK,706,1098,5,6,710,1103,,-1,6,0,1.007276,9.317132
Scan: 376840 Run: DIA12_CV486075:20251228_A2_N1_Mueller_MS_TechHub_IMP_THIDDIAXL003_Cas9_PhoX_DIA12_CV486075_250ng_FAIMS_001 P1_KPAFLSGEQK P2_KMIAK 1 1,DIA12_CV486075:20251228_A2_N1_Mueller_MS_TechHub_IMP_THIDDIAXL003_Cas9_PhoX_DIA12_CV486075_250ng_FAIMS_001,376840,,,Q99ZW2,,,false,Q99ZW2,Q99ZW2,,false,KMIAK,KPAFLSGEQK,1020,536,1,1,1020,536,,-1,3,0,1.007276,9.316905
Scan: 1693902 Run: DIA12_CV486075:20251228_A2_N1_Mueller_MS_TechHub_IMP_THIDDIAXL003_Cas9_PhoX_DIA12_CV486075_250ng_FAIMS_003 P1_GILQTVKVVDELVK P2_EVKVITLK 7 3,DIA12_CV486075:20251228_A2_N1_Mueller_MS_TechHub_IMP_THIDDIAXL003_Cas9_PhoX_DIA12_CV486075_250ng_FAIMS_003,1693902,,,Q99ZW2,,,false,Q99ZW2,Q99ZW2,,false,EVKVITLK,GILQTVKVVDELVK,952,736,3,7,954,742,,-1,3,0,1.007276,9.315908
Scan: 980058 Run: DIA12_CV486075:20251228_A2_N1_Mueller_MS_TechHub_IMP_THIDDIAXL003_Cas9_PhoX_DIA12_CV486075_250ng_FAIMS_002 P1_RQEDFYPFLKDNR P2_KPAFLSGEQK 10 1,DIA12_CV486075:20251228_A2_N1_Mueller_MS_TechHub_IMP_THIDDIAXL003_Cas9_PhoX_DIA12_CV486075_250ng_FAIMS_002,980058,,,Q99ZW2,,,false,Q99ZW2,Q99ZW2,,false,KPAFLSGEQK,RQEDFYPFLKDNR,536,425,1,10,536,434,,-1,3,0,1.007276,9.315883
Scan: 1080971 Run: DIA12_CV486075:20251228_A2_N1_Mueller_MS_TechHub_IMP_THIDDIAXL003_Cas9_PhoX_DIA12_CV486075_250ng_FAIMS_002 P1_LKGSPEDNEQK P2_KGILQTVK 2 1,DIA12_CV486075:20251228_A2_N1_Mueller_MS_TechHub_IMP_THIDDIAXL003_Cas9_PhoX_DIA12_CV486075_250ng_FAIMS_002,1080971,,,Q99ZW2,,,false,Q99ZW2,Q99ZW2,,false,KGILQTVK,LKGSPEDNEQK,735,1245,1,2,735,1246,,-1,4,0,1.007276,9.315641
Scan: 274533 Run: DIA12_CV486075:20251228_A2_N1_Mueller_MS_TechHub_IMP_THIDDIAXL003_Cas9_PhoX_DIA12_CV486075_250ng_FAIMS_001 P1_NGYAGYIDGGASQEEFYKFIKPILEK P2_ESILPKR 18 6,DIA12_CV486075:20251228_A2_N1_Mueller_MS_TechHub_IMP_THIDDIAXL003_Cas9_PhoX_DIA12_CV486075_250ng_FAIMS_001,274533,,,Q99ZW2,,,false,Q99ZW2,Q99ZW2,,false,ESILPKR,NGYAGYIDGGASQEEFYKFIKPILEK,1108,357,6,18,1113,374,,-1,4,0,1.007276,9.315582
Scan: 1493996 Run: DIA12_CV486075:20251228_A2_N1_Mueller_MS_TechHub_IMP_THIDDIAXL003_Cas9_PhoX_DIA12_CV486075_250ng_FAIMS_003 P1_KNLIGALLFDSGETAEATR P2_DFQFYKVR 1 6,DIA12_CV486075:20251228_A2_N1_Mueller_MS_TechHub_IMP_THIDDIAXL003_Cas9_PhoX_DIA12_CV486075_250ng_FAIMS_003,1493996,,,Q99ZW2,,,false,Q99ZW2,Q99ZW2,,false,DFQFYKVR,KNLIGALLFDSGETAEATR,969,45,6,1,974,45,,-1,4,0,1.007276,9.315175
Scan: 938574 Run: DIA12_CV486075:20251228_A2_N1_Mueller_MS_TechHub_IMP_THIDDIAXL003_Cas9_PhoX_DIA12_CV486075_250ng_FAIMS_002 P1_SEETITPWNFEEVVDKGASAQSFIER P2_ESILPKR 16 6,DIA12_CV486075:20251228_A2_N1_Mueller_MS_TechHub_IMP_THIDDIAXL003_Cas9_PhoX_DIA12_CV486075_250ng_FAIMS_002,938574,,,Q99ZW2,,,false,Q99ZW2,Q99ZW2,,false,ESILPKR,SEETITPWNFEEVVDKGASAQSFIER,1108,469,6,16,1113,484,,-1,4,0,1.007276,9.315128
Scan: 115143 Run: DIA12_CV486075:20251228_A2_N1_Mueller_MS_TechHub_IMP_THIDDIAXL003_Cas9_PhoX_DIA12_CV486075_250ng_FAIMS_001 P1_SSFEKNPIDFLEAK P2_SKSLR 5 2,DIA12_CV486075:20251228_A2_N1_Mueller_MS_TechHub_IMP_THIDDIAXL003_Cas9_PhoX_DIA12_CV486075_250ng_FAIMS_001,115143,,,decoy:Q99ZW2,decoy,decoy,true,Q99ZW2,Q99ZW2,,false,SKSLR,SSFEKNPIDFLEAK,216,1172,2,5,217,1176,,-1,3,0,1.007276,9.314393
Scan: 1341590 Run: DIA12_CV486075:20251228_A2_N1_Mueller_MS_TechHub_IMP_THIDDIAXL003_Cas9_PhoX_DIA12_CV486075_250ng_FAIMS_003 P1_LPKYSLFELENGR P2_DKQSGK 3 2,DIA12_CV486075:20251228_A2_N1_Mueller_MS_TechHub_IMP_THIDDIAXL003_Cas9_PhoX_DIA12_CV486075_250ng_FAIMS_003,1341590,,,Q99ZW2,,,false,Q99ZW2,Q99ZW2,,false,DKQSGK,LPKYSLFELENGR,672,1198,2,3,673,1200,,-1,3,0,1.007276,9.314353
Scan: 1284406 Run: DIA12_CV486075:20251228_A2_N1_Mueller_MS_TechHub_IMP_THIDDIAXL003_Cas9_PhoX_DIA12_CV486075_250ng_FAIMS_003 P1_NSDKLIAR P2_NLPNEKVLPK 4 6,DIA12_CV486075:20251228_A2_N1_Mueller_MS_TechHub_IMP_THIDDIAXL003_Cas9_PhoX_DIA12_CV486075_250ng_FAIMS_003,1284406,,,Q99ZW2,,,false,Q99ZW2,Q99ZW2,,false,NLPNEKVLPK,NSDKLIAR,501,1115,6,4,506,1118,,-1,4,0,1.007276,9.313296
Scan: 1232497 Run: DIA12_CV486075:20251228_A2_N1_Mueller_MS_TechHub_IMP_THIDDIAXL003_Cas9_PhoX_DIA12_CV486075_250ng_FAIMS_003 P1_LKGSPEDNEQK P2_KTEVQTGGFSK 2 1,DIA12_CV486075:20251228_A2_N1_Mueller_MS_TechHub_IMP_THIDDIAXL003_Cas9_PhoX_DIA12_CV486075_250ng_FAIMS_003,1232497,,,Q99ZW2,,,false,Q99ZW2,Q99ZW2,,false,KTEVQTGGFSK,LKGSPEDNEQK,1097,1245,1,2,1097,1246,,-1,4,0,1.007276,9.312911
Scan: 1560666 Run: DIA12_CV486075:20251228_A2_N1_Mueller_MS_TechHub_IMP_THIDDIAXL003_Cas9_PhoX_DIA12_CV486075_250ng_FAIMS_003 P1_VLPKHSLLYEYFTVYNELTK P2_SDNVPSEEVVKK 4 11,DIA12_CV486075:20251228_A2_N1_Mueller_MS_TechHub_IMP_THIDDIAXL003_Cas9_PhoX_DIA12_CV486075_250ng_FAIMS_003,1560666,,,Q99ZW2,,,false,Q99ZW2,Q99ZW2,,false,SDNVPSEEVVKK,VLPKHSLLYEYFTVYNELTK,867,507,11,4,877,510,,-1,4,0,1.007276,9.312772
Scan: 1037610 Run: DIA12_CV486075:20251228_A2_N1_Mueller_MS_TechHub_IMP_THIDDIAXL003_Cas9_PhoX_DIA12_CV486075_250ng_FAIMS_002 P1_QSGKTILDFLK P2_GQKNSR 4 3,DIA12_CV486075:20251228_A2_N1_Mueller_MS_TechHub_IMP_THIDDIAXL003_Cas9_PhoX_DIA12_CV486075_250ng_FAIMS_002,1037610,,,Q99ZW2,,,false,Q99ZW2,Q99ZW2,,false,GQKNSR,QSGKTILDFLK,773,674,3,4,775,677,,-1,3,0,1.007276,9.3123
Scan: 1788864 Run: DIA12_CV486075:20251228_A2_N1_Mueller_MS_TechHub_IMP_THIDDIAXL003_Cas9_PhoX_DIA12_CV486075_250ng_FAIMS_003 P1_QQLPEKYK P2_KDFQFYK 6 1,DIA12_CV486075:20251228_A2_N1_Mueller_MS_TechHub_IMP_THIDDIAXL003_Cas9_PhoX_DIA12_CV486075_250ng_FAIMS_003,1788864,,,Q99ZW2,,,false,Q99ZW2,Q99ZW2,,false,KDFQFYK,QQLPEKYK,968,341,1,6,968,346,,-1,3,0,1.007276,9.312168
Scan: 1257223 Run: DIA12_CV486075:20251228_A2_N1_Mueller_MS_TechHub_IMP_THIDDIAXL003_Cas9_PhoX_DIA12_CV486075_250ng_FAIMS_003 P1_TEVQTGGFSKESILPK P2_RPLIETNGETGEIVWDKGR 10 17,DIA12_CV486075:20251228_A2_N1_Mueller_MS_TechHub_IMP_THIDDIAXL003_Cas9_PhoX_DIA12_CV486075_250ng_FAIMS_003,1257223,,,Q99ZW2,,,false,Q99ZW2,Q99ZW2,,false,RPLIETNGETGEIVWDKGR,TEVQTGGFSKESILPK,1060,1098,17,10,1076,1107,,-1,4,0,1.007276,9.312024
Scan: 1134722 Run: DIA12_CV486075:20251228_A2_N1_Mueller_MS_TechHub_IMP_THIDDIAXL003_Cas9_PhoX_DIA12_CV486075_250ng_FAIMS_002 P1_GQKNSR P2_EHPVENTQLQNEKLYLYYLQNGR 3 13,DIA12_CV486075:20251228_A2_N1_Mueller_MS_TechHub_IMP_THIDDIAXL003_Cas9_PhoX_DIA12_CV486075_250ng_FAIMS_002,1134722,,,Q99ZW2,,,false,Q99ZW2,Q99ZW2,,false,EHPVENTQLQNEKLYLYYLQNGR,GQKNSR,798,773,13,3,810,775,,-1,4,0,1.007276,9.311924
Scan: 859296 Run: DIA12_CV486075:20251228_A2_N1_Mueller_MS_TechHub_IMP_THIDDIAXL003_Cas9_PhoX_DIA12_CV486075_250ng_FAIMS_002 P1_YKEIFFDQSK P2_DFQFYKVR 2 6,DIA12_CV486075:20251228_A2_N1_Mueller_MS_TechHub_IMP_THIDDIAXL003_Cas9_PhoX_DIA12_CV486075_250ng_FAIMS_002,859296,,,Q99ZW2,,,false,Q99ZW2,Q99ZW2,,false,DFQFYKVR,YKEIFFDQSK,969,347,6,2,974,348,,-1,3,0,1.007276,9.311903
Scan: 853606 Run: DIA12_CV486075:20251228_A2_N1_Mueller_MS_TechHub_IMP_THIDDIAXL003_Cas9_PhoX_DIA12_CV486075_250ng_FAIMS_002 P1_YKEIFFDQSK P2_LVDSTDKADLR 2 7,DIA12_CV486075:20251228_A2_N1_Mueller_MS_TechHub_IMP_THIDDIAXL003_Cas9_PhoX_DIA12_CV486075_250ng_FAIMS_002,853606,,,Q99ZW2,,,false,Q99ZW2,Q99ZW2,,false,LVDSTDKADLR,YKEIFFDQSK,142,347,7,2,148,348,,-1,4,0,1.007276,9.311095
Scan: 439630 Run: DIA12_CV486075:20251228_A2_N1_Mueller_MS_TechHub_IMP_THIDDIAXL003_Cas9_PhoX_DIA12_CV486075_250ng_FAIMS_001 P1_YKEIFFDQSK P2_QSGKTILDFLK 2 4,DIA12_CV486075:20251228_A2_N1_Mueller_MS_TechHub_IMP_THIDDIAXL003_Cas9_PhoX_DIA12_CV486075_250ng_FAIMS_001,439630,,,Q99ZW2,,,false,Q99ZW2,Q99ZW2,,false,QSGKTILDFLK,YKEIFFDQSK,674,347,4,2,677,348,,-1,3,0,1.007276,9.310884
Scan: 828153 Run: DIA12_CV486075:20251228_A2_N1_Mueller_MS_TechHub_IMP_THIDDIAXL003_Cas9_PhoX_DIA12_CV486075_250ng_FAIMS_002 P1_VNTEITKAPLSASMIK P2_FKVLGNTDR 7 2,DIA12_CV486075:20251228_A2_N1_Mueller_MS_TechHub_IMP_THIDDIAXL003_Cas9_PhoX_DIA12_CV486075_250ng_FAIMS_002,828153,,,Q99ZW2,,,false,Q99ZW2,Q99ZW2,,false,FKVLGNTDR,VNTEITKAPLSASMIK,32,308,2,7,33,314,,-1,4,0,1.007276,9.310095
Scan: 1623240 Run: DIA12_CV486075:20251228_A2_N1_Mueller_MS_TechHub_IMP_THIDDIAXL003_Cas9_PhoX_DIA12_CV486075_250ng_FAIMS_003 P1_KLINGIR P2_KKDWDPKK 1 2,DIA12_CV486075:20251228_A2_N1_Mueller_MS_TechHub_IMP_THIDDIAXL003_Cas9_PhoX_DIA12_CV486075_250ng_FAIMS_003,1623240,,,Q99ZW2,,,false,Q99ZW2,Q99ZW2,,false,KKDWDPKK,KLINGIR,1123,665,2,1,1124,665,,-1,4,0,1.007276,9.30992
Scan: 16056 Run: DIA12_CV486075:20251228_A2_N1_Mueller_MS_TechHub_IMP_THIDDIAXL003_Cas9_PhoX_DIA12_CV486075_250ng_FAIMS_001 P1_SEQEIGKATAK P2_KPAFLSGEQKK 7 1,DIA12_CV486075:20251228_A2_N1_Mueller_MS_TechHub_IMP_THIDDIAXL003_Cas9_PhoX_DIA12_CV486075_250ng_FAIMS_001,16056,,,Q99ZW2,,,false,Q99ZW2,Q99ZW2,,false,KPAFLSGEQKK,SEQEIGKATAK,536,1025,1,7,536,1031,,-1,3,0,1.007276,9.309706
Scan: 1377903 Run: DIA12_CV486075:20251228_A2_N1_Mueller_MS_TechHub_IMP_THIDDIAXL003_Cas9_PhoX_DIA12_CV486075_250ng_FAIMS_003 P1_VILADANLDKVLSAYNK P2_RVILADANLDKVLSAYNK 10 11,DIA12_CV486075:20251228_A2_N1_Mueller_MS_TechHub_IMP_THIDDIAXL003_Cas9_PhoX_DIA12_CV486075_250ng_FAIMS_003,1377903,,,Q99ZW2,,,false,Q99ZW2,Q99ZW2,,false,RVILADANLDKVLSAYNK,VILADANLDKVLSAYNK,1279,1280,11,10,1289,1289,,-1,6,0,1.007276,9.309463
Scan: 1448141 Run: DIA12_CV486075:20251228_A2_N1_Mueller_MS_TechHub_IMP_THIDDIAXL003_Cas9_PhoX_DIA12_CV486075_250ng_FAIMS_003 P1_YKEIFFDQSK P2_QQLPEKYKEIFFDQSK 2 6,DIA12_CV486075:20251228_A2_N1_Mueller_MS_TechHub_IMP_THIDDIAXL003_Cas9_PhoX_DIA12_CV486075_250ng_FAIMS_003,1448141,,,Q99ZW2,,,false,Q99ZW2,Q99ZW2,,false,QQLPEKYKEIFFDQSK,YKEIFFDQSK,341,347,6,2,346,348,,-1,4,0,1.007276,9.309017
Scan: 1782490 Run: DIA12_CV486075:20251228_A2_N1_Mueller_MS_TechHub_IMP_THIDDIAXL003_Cas9_PhoX_DIA12_CV486075_250ng_FAIMS_003 P1_YKEIFFDQSK P2_VITLKSK 2 5,DIA12_CV486075:20251228_A2_N1_Mueller_MS_TechHub_IMP_THIDDIAXL003_Cas9_PhoX_DIA12_CV486075_250ng_FAIMS_003,1782490,,,Q99ZW2,,,false,Q99ZW2,Q99ZW2,,false,VITLKSK,YKEIFFDQSK,955,347,5,2,959,348,,-1,3,0,1.007276,9.308575
Scan: 1634116 Run: DIA12_CV486075:20251228_A2_N1_Mueller_MS_TechHub_IMP_THIDDIAXL003_Cas9_PhoX_DIA12_CV486075_250ng_FAIMS_003 P1_QSGKTILDFLK P2_DLIIKLPK 4 5,DIA12_CV486075:20251228_A2_N1_Mueller_MS_TechHub_IMP_THIDDIAXL003_Cas9_PhoX_DIA12_CV486075_250ng_FAIMS_003,1634116,,,Q99ZW2,,,false,Q99ZW2,Q99ZW2,,false,DLIIKLPK,QSGKTILDFLK,1193,674,5,4,1197,677,,-1,3,0,1.007276,9.308491
Scan: 694449 Run: DIA12_CV486075:20251228_A2_N1_Mueller_MS_TechHub_IMP_THIDDIAXL003_Cas9_PhoX_DIA12_CV486075_250ng_FAIMS_002 P1_KTEVQTGGFSKESILPK P2_KKDWDPKK 11 2,DIA12_CV486075:20251228_A2_N1_Mueller_MS_TechHub_IMP_THIDDIAXL003_Cas9_PhoX_DIA12_CV486075_250ng_FAIMS_002,694449,,,Q99ZW2,,,false,Q99ZW2,Q99ZW2,,false,KKDWDPKK,KTEVQTGGFSKESILPK,1123,1097,2,11,1124,1107,,-1,4,0,1.007276,9.308023
Scan: 1283437 Run: DIA12_CV486075:20251228_A2_N1_Mueller_MS_TechHub_IMP_THIDDIAXL003_Cas9_PhoX_DIA12_CV486075_250ng_FAIMS_003 P1_EKIEKILTFR P2_AILKDSNR 5 4,DIA12_CV486075:20251228_A2_N1_Mueller_MS_TechHub_IMP_THIDDIAXL003_Cas9_PhoX_DIA12_CV486075_250ng_FAIMS_003,1283437,,,decoy:Q99ZW2,decoy,decoy,true,Q99ZW2,Q99ZW2,,false,AILKDSNR,EKIEKILTFR,1115,438,4,5,1118,442,,-1,3,0,1.007276,9.307597
Scan: 1707493 Run: DIA12_CV486075:20251228_A2_N1_Mueller_MS_TechHub_IMP_THIDDIAXL003_Cas9_PhoX_DIA12_CV486075_250ng_FAIMS_003 P1_SNKQGR P2_KPAFLSGEQK 3 1,DIA12_CV486075:20251228_A2_N1_Mueller_MS_TechHub_IMP_THIDDIAXL003_Cas9_PhoX_DIA12_CV486075_250ng_FAIMS_003,1707493,,,Q99ZW2,,,false,decoy:Q99ZW2,decoy,decoy,true,KPAFLSGEQK,SNKQGR,536,773,1,3,536,775,,-1,3,0,1.007276,9.306833
Scan: 1466455 Run: DIA12_CV486075:20251228_A2_N1_Mueller_MS_TechHub_IMP_THIDDIAXL003_Cas9_PhoX_DIA12_CV486075_250ng_FAIMS_003 P1_KLINGIR P2_EIFFDQSKNGYAGYIDGGASQEEFYK 1 8,DIA12_CV486075:20251228_A2_N1_Mueller_MS_TechHub_IMP_THIDDIAXL003_Cas9_PhoX_DIA12_CV486075_250ng_FAIMS_003,1466455,,,Q99ZW2,,,false,Q99ZW2,Q99ZW2,,false,EIFFDQSKNGYAGYIDGGASQEEFYK,KLINGIR,349,665,8,1,356,665,,-1,4,0,1.007276,9.306541
Scan: 605775 Run: DIA12_CV486075:20251228_A2_N1_Mueller_MS_TechHub_IMP_THIDDIAXL003_Cas9_PhoX_DIA12_CV486075_250ng_FAIMS_002 P1_LESEFVYGDYKVYDVR P2_KDFQFYK 11 1,DIA12_CV486075:20251228_A2_N1_Mueller_MS_TechHub_IMP_THIDDIAXL003_Cas9_PhoX_DIA12_CV486075_250ng_FAIMS_002,605775,,,Q99ZW2,,,false,Q99ZW2,Q99ZW2,,false,KDFQFYK,LESEFVYGDYKVYDVR,968,1004,1,11,968,1014,,-1,4,0,1.007276,9.306244
Scan: 1635273 Run: DIA12_CV486075:20251228_A2_N1_Mueller_MS_TechHub_IMP_THIDDIAXL003_Cas9_PhoX_DIA12_CV486075_250ng_FAIMS_003 P1_YDENDKLIR P2_QSGKTILDFLK 6 4,DIA12_CV486075:20251228_A2_N1_Mueller_MS_TechHub_IMP_THIDDIAXL003_Cas9_PhoX_DIA12_CV486075_250ng_FAIMS_003,1635273,,,Q99ZW2,,,false,Q99ZW2,Q99ZW2,,false,QSGKTILDFLK,YDENDKLIR,674,943,4,6,677,948,,-1,4,0,1.007276,9.306062
Scan: 188197 Run: DIA12_CV486075:20251228_A2_N1_Mueller_MS_TechHub_IMP_THIDDIAXL003_Cas9_PhoX_DIA12_CV486075_250ng_FAIMS_001 P1_VLSAYNKHR P2_DKPIREQAENIIHLFTLTNLGAPAAFK 7 2,DIA12_CV486075:20251228_A2_N1_Mueller_MS_TechHub_IMP_THIDDIAXL003_Cas9_PhoX_DIA12_CV486075_250ng_FAIMS_001,188197,,,Q99ZW2,,,false,Q99ZW2,Q99ZW2,,false,DKPIREQAENIIHLFTLTNLGAPAAFK,VLSAYNKHR,1299,1290,2,7,1300,1296,,-1,5,0,1.007276,9.306053
Scan: 1383328 Run: DIA12_CV486075:20251228_A2_N1_Mueller_MS_TechHub_IMP_THIDDIAXL003_Cas9_PhoX_DIA12_CV486075_250ng_FAIMS_003 P1_KKDWDPK P2_HPIFGNIVDEVAYHEKYPTIYHLR 1 16,DIA12_CV486075:20251228_A2_N1_Mueller_MS_TechHub_IMP_THIDDIAXL003_Cas9_PhoX_DIA12_CV486075_250ng_FAIMS_003,1383328,,,Q99ZW2,,,false,Q99ZW2,Q99ZW2,,false,HPIFGNIVDEVAYHEKYPTIYHLR,KKDWDPK,116,1123,16,1,131,1123,,-1,4,0,1.007276,9.305833
Scan: 276676 Run: DIA12_CV486075:20251228_A2_N1_Mueller_MS_TechHub_IMP_THIDDIAXL003_Cas9_PhoX_DIA12_CV486075_250ng_FAIMS_001 P1_SKLVSDFR P2_FIKPILEKMDGTEELLVK 2 3,DIA12_CV486075:20251228_A2_N1_Mueller_MS_TechHub_IMP_THIDDIAXL003_Cas9_PhoX_DIA12_CV486075_250ng_FAIMS_001,276676,,,Q99ZW2,,,false,Q99ZW2,Q99ZW2,,false,FIKPILEKMDGTEELLVK,SKLVSDFR,375,960,3,2,377,961,,-1,4,0,1.007276,9.305209
Scan: 886917 Run: DIA12_CV486075:20251228_A2_N1_Mueller_MS_TechHub_IMP_THIDDIAXL003_Cas9_PhoX_DIA12_CV486075_250ng_FAIMS_002 P1_RQEDFYPFLKDNR P2_KAIVDLLFK 10 1,DIA12_CV486075:20251228_A2_N1_Mueller_MS_TechHub_IMP_THIDDIAXL003_Cas9_PhoX_DIA12_CV486075_250ng_FAIMS_002,886917,,,Q99ZW2,,,false,Q99ZW2,Q99ZW2,,false,KAIVDLLFK,RQEDFYPFLKDNR,546,425,1,10,546,434,,-1,4,0,1.007276,9.30498
Scan: 890095 Run: DIA12_CV486075:20251228_A2_N1_Mueller_MS_TechHub_IMP_THIDDIAXL003_Cas9_PhoX_DIA12_CV486075_250ng_FAIMS_002 P1_MTNFDKNLPNEK P2_EKIEKILTFR 6 5,DIA12_CV486075:20251228_A2_N1_Mueller_MS_TechHub_IMP_THIDDIAXL003_Cas9_PhoX_DIA12_CV486075_250ng_FAIMS_002,890095,,,Q99ZW2,,,false,Q99ZW2,Q99ZW2,,false,EKIEKILTFR,MTNFDKNLPNEK,438,495,5,6,442,500,,-1,4,0,1.007276,9.304033
Scan: 1304816 Run: DIA12_CV486075:20251228_A2_N1_Mueller_MS_TechHub_IMP_THIDDIAXL003_Cas9_PhoX_DIA12_CV486075_250ng_FAIMS_003 P1_QLKEDYFK P2_LKSVK 3 2,DIA12_CV486075:20251228_A2_N1_Mueller_MS_TechHub_IMP_THIDDIAXL003_Cas9_PhoX_DIA12_CV486075_250ng_FAIMS_003,1304816,,,Q99ZW2,,,false,Q99ZW2,Q99ZW2,,false,LKSVK,QLKEDYFK,1157,563,2,3,1158,565,,-1,3,0,1.007276,9.303882
Scan: 1309797 Run: DIA12_CV486075:20251228_A2_N1_Mueller_MS_TechHub_IMP_THIDDIAXL003_Cas9_PhoX_DIA12_CV486075_250ng_FAIMS_003 P1_VLSAYNKHR P2_SSFEKNPIDFLEAK 7 5,DIA12_CV486075:20251228_A2_N1_Mueller_MS_TechHub_IMP_THIDDIAXL003_Cas9_PhoX_DIA12_CV486075_250ng_FAIMS_003,1309797,,,Q99ZW2,,,false,Q99ZW2,Q99ZW2,,false,SSFEKNPIDFLEAK,VLSAYNKHR,1172,1290,5,7,1176,1296,,-1,4,0,1.007276,9.303549
Scan: 1688383 Run: DIA12_CV486075:20251228_A2_N1_Mueller_MS_TechHub_IMP_THIDDIAXL003_Cas9_PhoX_DIA12_CV486075_250ng_FAIMS_003 P1_SEETITPWNFEEVVDKGASAQSFIER P2_GILQTVKVVDELVK 16 7,DIA12_CV486075:20251228_A2_N1_Mueller_MS_TechHub_IMP_THIDDIAXL003_Cas9_PhoX_DIA12_CV486075_250ng_FAIMS_003,1688383,,,Q99ZW2,,,false,Q99ZW2,Q99ZW2,,false,GILQTVKVVDELVK,SEETITPWNFEEVVDKGASAQSFIER,736,469,7,16,742,484,,-1,5,0,1.007276,9.303513
Scan: 373802 Run: DIA12_CV486075:20251228_A2_N1_Mueller_MS_TechHub_IMP_THIDDIAXL003_Cas9_PhoX_DIA12_CV486075_250ng_FAIMS_001 P1_VKYVTEGMR P2_SSFEKNPIDFLEAK 2 5,DIA12_CV486075:20251228_A2_N1_Mueller_MS_TechHub_IMP_THIDDIAXL003_Cas9_PhoX_DIA12_CV486075_250ng_FAIMS_001,373802,,,Q99ZW2,,,false,Q99ZW2,Q99ZW2,,false,SSFEKNPIDFLEAK,VKYVTEGMR,1172,527,5,2,1176,528,,-1,4,0,1.007276,9.303187
Scan: 98114 Run: DIA12_CV486075:20251228_A2_N1_Mueller_MS_TechHub_IMP_THIDDIAXL003_Cas9_PhoX_DIA12_CV486075_250ng_FAIMS_001 P1_KKDWDPK P2_DLIIKLPK 2 5,DIA12_CV486075:20251228_A2_N1_Mueller_MS_TechHub_IMP_THIDDIAXL003_Cas9_PhoX_DIA12_CV486075_250ng_FAIMS_001,98114,,,Q99ZW2,,,false,Q99ZW2,Q99ZW2,,false,DLIIKLPK,KKDWDPK,1193,1123,5,2,1197,1124,,-1,3,0,1.007276,9.303114
Scan: 1548189 Run: DIA12_CV486075:20251228_A2_N1_Mueller_MS_TechHub_IMP_THIDDIAXL003_Cas9_PhoX_DIA12_CV486075_250ng_FAIMS_003 P1_MTNFDKNLPNEK P2_AILKDSNR 6 4,DIA12_CV486075:20251228_A2_N1_Mueller_MS_TechHub_IMP_THIDDIAXL003_Cas9_PhoX_DIA12_CV486075_250ng_FAIMS_003,1548189,,,decoy:Q99ZW2,decoy,decoy,true,Q99ZW2,Q99ZW2,,false,AILKDSNR,MTNFDKNLPNEK,1115,495,4,6,1118,500,,-1,4,0,1.007276,9.302822
Scan: 374908 Run: DIA12_CV486075:20251228_A2_N1_Mueller_MS_TechHub_IMP_THIDDIAXL003_Cas9_PhoX_DIA12_CV486075_250ng_FAIMS_001 P1_VKYVTEGMR P2_GQKNSR 2 3,DIA12_CV486075:20251228_A2_N1_Mueller_MS_TechHub_IMP_THIDDIAXL003_Cas9_PhoX_DIA12_CV486075_250ng_FAIMS_001,374908,,,Q99ZW2,,,false,Q99ZW2,Q99ZW2,,false,GQKNSR,VKYVTEGMR,773,527,3,2,775,528,,-1,3,0,1.007276,9.302758
Scan: 208704 Run: DIA12_CV486075:20251228_A2_N1_Mueller_MS_TechHub_IMP_THIDDIAXL003_Cas9_PhoX_DIA12_CV486075_250ng_FAIMS_001 P1_SKSLR P2_IEKILTFR 2 3,DIA12_CV486075:20251228_A2_N1_Mueller_MS_TechHub_IMP_THIDDIAXL003_Cas9_PhoX_DIA12_CV486075_250ng_FAIMS_001,208704,,,Q99ZW2,,,false,decoy:Q99ZW2,decoy,decoy,true,IEKILTFR,SKSLR,440,216,3,2,442,217,,-1,3,0,1.007276,9.302213
Scan: 146011 Run: DIA12_CV486075:20251228_A2_N1_Mueller_MS_TechHub_IMP_THIDDIAXL003_Cas9_PhoX_DIA12_CV486075_250ng_FAIMS_001 P1_LPKYSLFELENGR P2_EIFSQASAGKDVVEEFNWPTITEESR 3 10,DIA12_CV486075:20251228_A2_N1_Mueller_MS_TechHub_IMP_THIDDIAXL003_Cas9_PhoX_DIA12_CV486075_250ng_FAIMS_001,146011,,,decoy:Q99ZW2,decoy,decoy,true,Q99ZW2,Q99ZW2,,false,EIFSQASAGKDVVEEFNWPTITEESR,LPKYSLFELENGR,469,1198,10,3,478,1200,,-1,4,0,1.007276,9.301469
Scan: 261414 Run: DIA12_CV486075:20251228_A2_N1_Mueller_MS_TechHub_IMP_THIDDIAXL003_Cas9_PhoX_DIA12_CV486075_250ng_FAIMS_001 P1_YKEIFFDQSK P2_KFDNLTKAER 2 7,DIA12_CV486075:20251228_A2_N1_Mueller_MS_TechHub_IMP_THIDDIAXL003_Cas9_PhoX_DIA12_CV486075_250ng_FAIMS_001,261414,,,Q99ZW2,,,false,Q99ZW2,Q99ZW2,,false,KFDNLTKAER,YKEIFFDQSK,896,347,7,2,902,348,,-1,4,0,1.007276,9.300744
Scan: 1006646 Run: DIA12_CV486075:20251228_A2_N1_Mueller_MS_TechHub_IMP_THIDDIAXL003_Cas9_PhoX_DIA12_CV486075_250ng_FAIMS_002 P1_KSEETITPWNFEEVVDK P2_AIVDLLFKTNR 1 8,DIA12_CV486075:20251228_A2_N1_Mueller_MS_TechHub_IMP_THIDDIAXL003_Cas9_PhoX_DIA12_CV486075_250ng_FAIMS_002,1006646,,,Q99ZW2,,,false,Q99ZW2,Q99ZW2,,false,AIVDLLFKTNR,KSEETITPWNFEEVVDK,547,468,8,1,554,468,,-1,4,0,1.007276,9.300581
Scan: 561397 Run: DIA12_CV486075:20251228_A2_N1_Mueller_MS_TechHub_IMP_THIDDIAXL003_Cas9_PhoX_DIA12_CV486075_250ng_FAIMS_001 P1_SDKNR P2_KFDNLTK 3 1,DIA12_CV486075:20251228_A2_N1_Mueller_MS_TechHub_IMP_THIDDIAXL003_Cas9_PhoX_DIA12_CV486075_250ng_FAIMS_001,561397,,,Q99ZW2,,,false,Q99ZW2,Q99ZW2,,false,KFDNLTK,SDKNR,896,860,1,3,896,862,,-1,3,0,1.007276,9.300543
Scan: 1417076 Run: DIA12_CV486075:20251228_A2_N1_Mueller_MS_TechHub_IMP_THIDDIAXL003_Cas9_PhoX_DIA12_CV486075_250ng_FAIMS_003 P1_YDEHHQDLTLLKALVR P2_SLQLKADEALDFNSK 12 5,DIA12_CV486075:20251228_A2_N1_Mueller_MS_TechHub_IMP_THIDDIAXL003_Cas9_PhoX_DIA12_CV486075_250ng_FAIMS_003,1417076,,,decoy:Q99ZW2,decoy,decoy,true,Q99ZW2,Q99ZW2,,false,SLQLKADEALDFNSK,YDEHHQDLTLLKALVR,254,325,5,12,258,336,,-1,4,0,1.007276,9.299883
Scan: 712599 Run: DIA12_CV486075:20251228_A2_N1_Mueller_MS_TechHub_IMP_THIDDIAXL003_Cas9_PhoX_DIA12_CV486075_250ng_FAIMS_002 P1_SSFEKNPIDFLEAK P2_LSKSR 5 3,DIA12_CV486075:20251228_A2_N1_Mueller_MS_TechHub_IMP_THIDDIAXL003_Cas9_PhoX_DIA12_CV486075_250ng_FAIMS_002,712599,,,Q99ZW2,,,false,Q99ZW2,Q99ZW2,,false,LSKSR,SSFEKNPIDFLEAK,216,1172,3,5,218,1176,,-1,3,0,1.007276,9.299735
Scan: 537349 Run: DIA12_CV486075:20251228_A2_N1_Mueller_MS_TechHub_IMP_THIDDIAXL003_Cas9_PhoX_DIA12_CV486075_250ng_FAIMS_001 P1_SNKQGR P2_EHPVENTQLQNEKLYLYYLQNGR 3 13,DIA12_CV486075:20251228_A2_N1_Mueller_MS_TechHub_IMP_THIDDIAXL003_Cas9_PhoX_DIA12_CV486075_250ng_FAIMS_001,537349,,,Q99ZW2,,,false,decoy:Q99ZW2,decoy,decoy,true,EHPVENTQLQNEKLYLYYLQNGR,SNKQGR,798,773,13,3,810,775,,-1,4,0,1.007276,9.299437
Scan: 547813 Run: DIA12_CV486075:20251228_A2_N1_Mueller_MS_TechHub_IMP_THIDDIAXL003_Cas9_PhoX_DIA12_CV486075_250ng_FAIMS_001 P1_GKSDNVPSEEVVK P2_ENQTTQKGQK 2 7,DIA12_CV486075:20251228_A2_N1_Mueller_MS_TechHub_IMP_THIDDIAXL003_Cas9_PhoX_DIA12_CV486075_250ng_FAIMS_001,547813,,,Q99ZW2,,,false,Q99ZW2,Q99ZW2,,false,ENQTTQKGQK,GKSDNVPSEEVVK,766,865,7,2,772,866,,-1,4,0,1.007276,9.299316
Scan: 1689095 Run: DIA12_CV486075:20251228_A2_N1_Mueller_MS_TechHub_IMP_THIDDIAXL003_Cas9_PhoX_DIA12_CV486075_250ng_FAIMS_003 P1_NLPNEKVLPK P2_GILQTVKVVDELVK 6 7,DIA12_CV486075:20251228_A2_N1_Mueller_MS_TechHub_IMP_THIDDIAXL003_Cas9_PhoX_DIA12_CV486075_250ng_FAIMS_003,1689095,,,Q99ZW2,,,false,Q99ZW2,Q99ZW2,,false,GILQTVKVVDELVK,NLPNEKVLPK,736,501,7,6,742,506,,-1,4,0,1.007276,9.298262
Scan: 1008956 Run: DIA12_CV486075:20251228_A2_N1_Mueller_MS_TechHub_IMP_THIDDIAXL003_Cas9_PhoX_DIA12_CV486075_250ng_FAIMS_002 P1_LQKVTVK P2_FKVLGNTDR 3 2,DIA12_CV486075:20251228_A2_N1_Mueller_MS_TechHub_IMP_THIDDIAXL003_Cas9_PhoX_DIA12_CV486075_250ng_FAIMS_002,1008956,,,Q99ZW2,,,false,decoy:Q99ZW2,decoy,decoy,true,FKVLGNTDR,LQKVTVK,32,559,2,3,33,561,,-1,3,0,1.007276,9.297977
Scan: 1382076 Run: DIA12_CV486075:20251228_A2_N1_Mueller_MS_TechHub_IMP_THIDDIAXL003_Cas9_PhoX_DIA12_CV486075_250ng_FAIMS_003 P1_VLSAYNKHR P2_DKPIREQAENIIHLFTLTNLGAPAAFK 7 2,DIA12_CV486075:20251228_A2_N1_Mueller_MS_TechHub_IMP_THIDDIAXL003_Cas9_PhoX_DIA12_CV486075_250ng_FAIMS_003,1382076,,,Q99ZW2,,,false,Q99ZW2,Q99ZW2,,false,DKPIREQAENIIHLFTLTNLGAPAAFK,VLSAYNKHR,1299,1290,2,7,1300,1296,,-1,6,0,1.007276,9.297791
Scan: 190680 Run: DIA12_CV486075:20251228_A2_N1_Mueller_MS_TechHub_IMP_THIDDIAXL003_Cas9_PhoX_DIA12_CV486075_250ng_FAIMS_001 P1_KAIVDLLFK P2_HPIFGNIVDEVAYHEKYPTIYHLR 1 16,DIA12_CV486075:20251228_A2_N1_Mueller_MS_TechHub_IMP_THIDDIAXL003_Cas9_PhoX_DIA12_CV486075_250ng_FAIMS_001,190680,,,Q99ZW2,,,false,Q99ZW2,Q99ZW2,,false,HPIFGNIVDEVAYHEKYPTIYHLR,KAIVDLLFK,116,546,16,1,131,546,,-1,5,0,1.007276,9.297727
Scan: 404610 Run: DIA12_CV486075:20251228_A2_N1_Mueller_MS_TechHub_IMP_THIDDIAXL003_Cas9_PhoX_DIA12_CV486075_250ng_FAIMS_001 P1_LSKSR P2_KAIVDLLFK 3 1,DIA12_CV486075:20251228_A2_N1_Mueller_MS_TechHub_IMP_THIDDIAXL003_Cas9_PhoX_DIA12_CV486075_250ng_FAIMS_001,404610,,,Q99ZW2,,,false,Q99ZW2,Q99ZW2,,false,KAIVDLLFK,LSKSR,546,216,1,3,546,218,,-1,3,0,1.007276,9.29763
Scan: 636590 Run: DIA12_CV486075:20251228_A2_N1_Mueller_MS_TechHub_IMP_THIDDIAXL003_Cas9_PhoX_DIA12_CV486075_250ng_FAIMS_002 P1_NLPNEKVLPK P2_KTEVQTGGFSK 6 1,DIA12_CV486075:20251228_A2_N1_Mueller_MS_TechHub_IMP_THIDDIAXL003_Cas9_PhoX_DIA12_CV486075_250ng_FAIMS_002,636590,,,Q99ZW2,,,false,Q99ZW2,Q99ZW2,,false,KTEVQTGGFSK,NLPNEKVLPK,1097,501,1,6,1097,506,,-1,3,0,1.007276,9.296643
Scan: 1110986 Run: DIA12_CV486075:20251228_A2_N1_Mueller_MS_TechHub_IMP_THIDDIAXL003_Cas9_PhoX_DIA12_CV486075_250ng_FAIMS_002 P1_QLLNAKLITQR P2_GQKNSR 6 3,DIA12_CV486075:20251228_A2_N1_Mueller_MS_TechHub_IMP_THIDDIAXL003_Cas9_PhoX_DIA12_CV486075_250ng_FAIMS_002,1110986,,,Q99ZW2,,,false,Q99ZW2,Q99ZW2,,false,GQKNSR,QLLNAKLITQR,773,885,3,6,775,890,,-1,4,0,1.007276,9.295959
Scan: 293488 Run: DIA12_CV486075:20251228_A2_N1_Mueller_MS_TechHub_IMP_THIDDIAXL003_Cas9_PhoX_DIA12_CV486075_250ng_FAIMS_001 P1_VTVKQLK P2_IEKILTFR 4 3,DIA12_CV486075:20251228_A2_N1_Mueller_MS_TechHub_IMP_THIDDIAXL003_Cas9_PhoX_DIA12_CV486075_250ng_FAIMS_001,293488,,,Q99ZW2,,,false,Q99ZW2,Q99ZW2,,false,IEKILTFR,VTVKQLK,440,559,3,4,442,562,,-1,3,0,1.007276,9.295293
Scan: 1621968 Run: DIA12_CV486075:20251228_A2_N1_Mueller_MS_TechHub_IMP_THIDDIAXL003_Cas9_PhoX_DIA12_CV486075_250ng_FAIMS_003 P1_TYAHLFDDKVMK P2_DKQSGK 9 2,DIA12_CV486075:20251228_A2_N1_Mueller_MS_TechHub_IMP_THIDDIAXL003_Cas9_PhoX_DIA12_CV486075_250ng_FAIMS_003,1621968,,,Q99ZW2,,,false,Q99ZW2,Q99ZW2,,false,DKQSGK,TYAHLFDDKVMK,672,638,2,9,673,646,,-1,3,0,1.007276,9.294888
Scan: 891655 Run: DIA12_CV486075:20251228_A2_N1_Mueller_MS_TechHub_IMP_THIDDIAXL003_Cas9_PhoX_DIA12_CV486075_250ng_FAIMS_002 P1_IEKILTFR P2_EVKVITLK 3 3,DIA12_CV486075:20251228_A2_N1_Mueller_MS_TechHub_IMP_THIDDIAXL003_Cas9_PhoX_DIA12_CV486075_250ng_FAIMS_002,891655,,,Q99ZW2,,,false,Q99ZW2,Q99ZW2,,false,EVKVITLK,IEKILTFR,952,440,3,3,954,442,,-1,3,0,1.007276,9.29392
Scan: 453369 Run: DIA12_CV486075:20251228_A2_N1_Mueller_MS_TechHub_IMP_THIDDIAXL003_Cas9_PhoX_DIA12_CV486075_250ng_FAIMS_001 P1_RNSDKLIAR P2_EDIQKAQVSGQGDSLHEHIANLAGSPAIK 5 5,DIA12_CV486075:20251228_A2_N1_Mueller_MS_TechHub_IMP_THIDDIAXL003_Cas9_PhoX_DIA12_CV486075_250ng_FAIMS_001,453369,,,Q99ZW2,,,false,Q99ZW2,Q99ZW2,,false,EDIQKAQVSGQGDSLHEHIANLAGSPAIK,RNSDKLIAR,706,1114,5,5,710,1118,,-1,4,0,1.007276,9.293526
Scan: 430332 Run: DIA12_CV486075:20251228_A2_N1_Mueller_MS_TechHub_IMP_THIDDIAXL003_Cas9_PhoX_DIA12_CV486075_250ng_FAIMS_001 P1_VKYVTEGMR P2_KLINGIR 2 1,DIA12_CV486075:20251228_A2_N1_Mueller_MS_TechHub_IMP_THIDDIAXL003_Cas9_PhoX_DIA12_CV486075_250ng_FAIMS_001,430332,,,Q99ZW2,,,false,Q99ZW2,Q99ZW2,,false,KLINGIR,VKYVTEGMR,665,527,1,2,665,528,,-1,3,0,1.007276,9.293513
Scan: 15160 Run: DIA12_CV486075:20251228_A2_N1_Mueller_MS_TechHub_IMP_THIDDIAXL003_Cas9_PhoX_DIA12_CV486075_250ng_FAIMS_001 P1_SEQEIGKATAK P2_LKGSPEDNEQK 7 2,DIA12_CV486075:20251228_A2_N1_Mueller_MS_TechHub_IMP_THIDDIAXL003_Cas9_PhoX_DIA12_CV486075_250ng_FAIMS_001,15160,,,Q99ZW2,,,false,Q99ZW2,Q99ZW2,,false,LKGSPEDNEQK,SEQEIGKATAK,1245,1025,2,7,1246,1031,,-1,3,0,1.007276,9.293408
Scan: 1632545 Run: DIA12_CV486075:20251228_A2_N1_Mueller_MS_TechHub_IMP_THIDDIAXL003_Cas9_PhoX_DIA12_CV486075_250ng_FAIMS_003 P1_KSEETITPWNFEEVVDKGASAQSFIER P2_DKQSGK 17 2,DIA12_CV486075:20251228_A2_N1_Mueller_MS_TechHub_IMP_THIDDIAXL003_Cas9_PhoX_DIA12_CV486075_250ng_FAIMS_003,1632545,,,Q99ZW2,,,false,Q99ZW2,Q99ZW2,,false,DKQSGK,KSEETITPWNFEEVVDKGASAQSFIER,672,468,2,17,673,484,,-1,4,0,1.007276,9.293067
Scan: 1272590 Run: DIA12_CV486075:20251228_A2_N1_Mueller_MS_TechHub_IMP_THIDDIAXL003_Cas9_PhoX_DIA12_CV486075_250ng_FAIMS_003 P1_MTNFDKNLPNEK P2_LEESFLVEEDKKHER 6 11,DIA12_CV486075:20251228_A2_N1_Mueller_MS_TechHub_IMP_THIDDIAXL003_Cas9_PhoX_DIA12_CV486075_250ng_FAIMS_003,1272590,,,Q99ZW2,,,false,Q99ZW2,Q99ZW2,,false,LEESFLVEEDKKHER,MTNFDKNLPNEK,101,495,11,6,111,500,,-1,5,0,1.007276,9.293023
Scan: 1317385 Run: DIA12_CV486075:20251228_A2_N1_Mueller_MS_TechHub_IMP_THIDDIAXL003_Cas9_PhoX_DIA12_CV486075_250ng_FAIMS_003 P1_YGKAELFDIPNK P2_IEKILTFR 3 3,DIA12_CV486075:20251228_A2_N1_Mueller_MS_TechHub_IMP_THIDDIAXL003_Cas9_PhoX_DIA12_CV486075_250ng_FAIMS_003,1317385,,,Q99ZW2,,,false,decoy:Q99ZW2,decoy,decoy,true,IEKILTFR,YGKAELFDIPNK,440,1177,3,3,442,1179,,-1,3,0,1.007276,9.292956
Scan: 1558676 Run: DIA12_CV486075:20251228_A2_N1_Mueller_MS_TechHub_IMP_THIDDIAXL003_Cas9_PhoX_DIA12_CV486075_250ng_FAIMS_003 P1_VLPKHSLLYEYFTVYNELTK P2_EIFSQASAGKDVVEEFNWPTITEESR 4 10,DIA12_CV486075:20251228_A2_N1_Mueller_MS_TechHub_IMP_THIDDIAXL003_Cas9_PhoX_DIA12_CV486075_250ng_FAIMS_003,1558676,,,decoy:Q99ZW2,decoy,decoy,true,Q99ZW2,Q99ZW2,,false,EIFSQASAGKDVVEEFNWPTITEESR,VLPKHSLLYEYFTVYNELTK,469,507,10,4,478,510,,-1,5,0,1.007276,9.292588
Scan: 1767519 Run: DIA12_CV486075:20251228_A2_N1_Mueller_MS_TechHub_IMP_THIDDIAXL003_Cas9_PhoX_DIA12_CV486075_250ng_FAIMS_003 P1_QITKHVAQILDSR P2_NLPNEKVLPK 4 6,DIA12_CV486075:20251228_A2_N1_Mueller_MS_TechHub_IMP_THIDDIAXL003_Cas9_PhoX_DIA12_CV486075_250ng_FAIMS_003,1767519,,,Q99ZW2,,,false,Q99ZW2,Q99ZW2,,false,NLPNEKVLPK,QITKHVAQILDSR,501,926,6,4,506,929,,-1,4,0,1.007276,9.292512
Scan: 79157 Run: DIA12_CV486075:20251228_A2_N1_Mueller_MS_TechHub_IMP_THIDDIAXL003_Cas9_PhoX_DIA12_CV486075_250ng_FAIMS_001 P1_IEKILTFR P2_ESILPKR 3 6,DIA12_CV486075:20251228_A2_N1_Mueller_MS_TechHub_IMP_THIDDIAXL003_Cas9_PhoX_DIA12_CV486075_250ng_FAIMS_001,79157,,,Q99ZW2,,,false,Q99ZW2,Q99ZW2,,false,ESILPKR,IEKILTFR,1108,440,6,3,1113,442,,-1,3,0,1.007276,9.292088
Scan: 1711500 Run: DIA12_CV486075:20251228_A2_N1_Mueller_MS_TechHub_IMP_THIDDIAXL003_Cas9_PhoX_DIA12_CV486075_250ng_FAIMS_003 P1_KFDNLTK P2_IEEGIKELGSQILK 1 6,DIA12_CV486075:20251228_A2_N1_Mueller_MS_TechHub_IMP_THIDDIAXL003_Cas9_PhoX_DIA12_CV486075_250ng_FAIMS_003,1711500,,,Q99ZW2,,,false,Q99ZW2,Q99ZW2,,false,IEEGIKELGSQILK,KFDNLTK,784,896,6,1,789,896,,-1,4,0,1.007276,9.291647
Scan: 568016 Run: DIA12_CV486075:20251228_A2_N1_Mueller_MS_TechHub_IMP_THIDDIAXL003_Cas9_PhoX_DIA12_CV486075_250ng_FAIMS_001 P1_SEETITPWNFEEVVDKGASAQSFIER P2_GGLSELDKAGFIK 16 8,DIA12_CV486075:20251228_A2_N1_Mueller_MS_TechHub_IMP_THIDDIAXL003_Cas9_PhoX_DIA12_CV486075_250ng_FAIMS_001,568016,,,Q99ZW2,,,false,Q99ZW2,Q99ZW2,,false,GGLSELDKAGFIK,SEETITPWNFEEVVDKGASAQSFIER,906,469,8,16,913,484,,-1,4,0,1.007276,9.29159
Scan: 854031 Run: DIA12_CV486075:20251228_A2_N1_Mueller_MS_TechHub_IMP_THIDDIAXL003_Cas9_PhoX_DIA12_CV486075_250ng_FAIMS_002 P1_YKEIFFDQSK P2_KFKVLGNTDR 2 1,DIA12_CV486075:20251228_A2_N1_Mueller_MS_TechHub_IMP_THIDDIAXL003_Cas9_PhoX_DIA12_CV486075_250ng_FAIMS_002,854031,,,Q99ZW2,,,false,Q99ZW2,Q99ZW2,,false,KFKVLGNTDR,YKEIFFDQSK,31,347,1,2,31,348,,-1,3,0,1.007276,9.291467
Scan: 685061 Run: DIA12_CV486075:20251228_A2_N1_Mueller_MS_TechHub_IMP_THIDDIAXL003_Cas9_PhoX_DIA12_CV486075_250ng_FAIMS_002 P1_SNFDLAEDAKLQLSK P2_AILKDSNR 10 4,DIA12_CV486075:20251228_A2_N1_Mueller_MS_TechHub_IMP_THIDDIAXL003_Cas9_PhoX_DIA12_CV486075_250ng_FAIMS_002,685061,,,decoy:Q99ZW2,decoy,decoy,true,Q99ZW2,Q99ZW2,,false,AILKDSNR,SNFDLAEDAKLQLSK,1115,254,4,10,1118,263,,-1,3,0,1.007276,9.291099
Scan: 515883 Run: DIA12_CV486075:20251228_A2_N1_Mueller_MS_TechHub_IMP_THIDDIAXL003_Cas9_PhoX_DIA12_CV486075_250ng_FAIMS_001 P1_KGILQTVK P2_IEEGIKELGSQILK 1 6,DIA12_CV486075:20251228_A2_N1_Mueller_MS_TechHub_IMP_THIDDIAXL003_Cas9_PhoX_DIA12_CV486075_250ng_FAIMS_001,515883,,,Q99ZW2,,,false,Q99ZW2,Q99ZW2,,false,IEEGIKELGSQILK,KGILQTVK,784,735,6,1,789,735,,-1,4,0,1.007276,9.29051
Scan: 510133 Run: DIA12_CV486075:20251228_A2_N1_Mueller_MS_TechHub_IMP_THIDDIAXL003_Cas9_PhoX_DIA12_CV486075_250ng_FAIMS_001 P1_VTVKQLK P2_ENQTTQKGQK 4 7,DIA12_CV486075:20251228_A2_N1_Mueller_MS_TechHub_IMP_THIDDIAXL003_Cas9_PhoX_DIA12_CV486075_250ng_FAIMS_001,510133,,,Q99ZW2,,,false,Q99ZW2,Q99ZW2,,false,ENQTTQKGQK,VTVKQLK,766,559,7,4,772,562,,-1,3,0,1.007276,9.289694
Scan: 1572390 Run: DIA12_CV486075:20251228_A2_N1_Mueller_MS_TechHub_IMP_THIDDIAXL003_Cas9_PhoX_DIA12_CV486075_250ng_FAIMS_003 P1_KVLSMPQVNIVK P2_KPAFLSGEQK 1 1,DIA12_CV486075:20251228_A2_N1_Mueller_MS_TechHub_IMP_THIDDIAXL003_Cas9_PhoX_DIA12_CV486075_250ng_FAIMS_003,1572390,,,Q99ZW2,,,false,Q99ZW2,Q99ZW2,,false,KPAFLSGEQK,KVLSMPQVNIVK,536,1085,1,1,536,1085,,-1,3,0,1.007276,9.289681
Scan: 116604 Run: DIA12_CV486075:20251228_A2_N1_Mueller_MS_TechHub_IMP_THIDDIAXL003_Cas9_PhoX_DIA12_CV486075_250ng_FAIMS_001 P1_SSFEKNPIDFLEAK P2_EIFSQASAGKDVVEEFNWPTITEESR 5 10,DIA12_CV486075:20251228_A2_N1_Mueller_MS_TechHub_IMP_THIDDIAXL003_Cas9_PhoX_DIA12_CV486075_250ng_FAIMS_001,116604,,,decoy:Q99ZW2,decoy,decoy,true,Q99ZW2,Q99ZW2,,false,EIFSQASAGKDVVEEFNWPTITEESR,SSFEKNPIDFLEAK,469,1172,10,5,478,1176,,-1,4,0,1.007276,9.289586
Scan: 231333 Run: DIA12_CV486075:20251228_A2_N1_Mueller_MS_TechHub_IMP_THIDDIAXL003_Cas9_PhoX_DIA12_CV486075_250ng_FAIMS_001 P1_VNTEITKAPLSASMIK P2_VKYVTEGMR 7 2,DIA12_CV486075:20251228_A2_N1_Mueller_MS_TechHub_IMP_THIDDIAXL003_Cas9_PhoX_DIA12_CV486075_250ng_FAIMS_001,231333,,,Q99ZW2,,,false,Q99ZW2,Q99ZW2,,false,VKYVTEGMR,VNTEITKAPLSASMIK,527,308,2,7,528,314,,-1,3,0,1.007276,9.289422
Scan: 885451 Run: DIA12_CV486075:20251228_A2_N1_Mueller_MS_TechHub_IMP_THIDDIAXL003_Cas9_PhoX_DIA12_CV486075_250ng_FAIMS_002 P1_QEDFYPFLKDNR P2_KTEVQTGGFSK 9 1,DIA12_CV486075:20251228_A2_N1_Mueller_MS_TechHub_IMP_THIDDIAXL003_Cas9_PhoX_DIA12_CV486075_250ng_FAIMS_002,885451,,,Q99ZW2,,,false,Q99ZW2,Q99ZW2,,false,KTEVQTGGFSK,QEDFYPFLKDNR,1097,426,1,9,1097,434,,-1,4,0,1.007276,9.289363
Scan: 801126 Run: DIA12_CV486075:20251228_A2_N1_Mueller_MS_TechHub_IMP_THIDDIAXL003_Cas9_PhoX_DIA12_CV486075_250ng_FAIMS_002 P1_KLVDSTDK P2_GYKEVK 1 3,DIA12_CV486075:20251228_A2_N1_Mueller_MS_TechHub_IMP_THIDDIAXL003_Cas9_PhoX_DIA12_CV486075_250ng_FAIMS_002,801126,,,Q99ZW2,,,false,Q99ZW2,Q99ZW2,,false,GYKEVK,KLVDSTDK,1186,141,3,1,1188,141,,-1,3,0,1.007276,9.289115
Scan: 946117 Run: DIA12_CV486075:20251228_A2_N1_Mueller_MS_TechHub_IMP_THIDDIAXL003_Cas9_PhoX_DIA12_CV486075_250ng_FAIMS_002 P1_SEETITPWNFEEVVDKGASAQSFIER P2_LKTYAHLFDDK 16 2,DIA12_CV486075:20251228_A2_N1_Mueller_MS_TechHub_IMP_THIDDIAXL003_Cas9_PhoX_DIA12_CV486075_250ng_FAIMS_002,946117,,,Q99ZW2,,,false,Q99ZW2,Q99ZW2,,false,LKTYAHLFDDK,SEETITPWNFEEVVDKGASAQSFIER,636,469,2,16,637,484,,-1,4,0,1.007276,9.288979
Scan: 437248 Run: DIA12_CV486075:20251228_A2_N1_Mueller_MS_TechHub_IMP_THIDDIAXL003_Cas9_PhoX_DIA12_CV486075_250ng_FAIMS_001 P1_RNSDKLIAR P2_DKQSGK 5 2,DIA12_CV486075:20251228_A2_N1_Mueller_MS_TechHub_IMP_THIDDIAXL003_Cas9_PhoX_DIA12_CV486075_250ng_FAIMS_001,437248,,,Q99ZW2,,,false,Q99ZW2,Q99ZW2,,false,DKQSGK,RNSDKLIAR,672,1114,2,5,673,1118,,-1,3,0,1.007276,9.288906
Scan: 89817 Run: DIA12_CV486075:20251228_A2_N1_Mueller_MS_TechHub_IMP_THIDDIAXL003_Cas9_PhoX_DIA12_CV486075_250ng_FAIMS_001 P1_KPAFLSGEQK P2_AILKDSNR 1 4,DIA12_CV486075:20251228_A2_N1_Mueller_MS_TechHub_IMP_THIDDIAXL003_Cas9_PhoX_DIA12_CV486075_250ng_FAIMS_001,89817,,,decoy:Q99ZW2,decoy,decoy,true,Q99ZW2,Q99ZW2,,false,AILKDSNR,KPAFLSGEQK,1115,536,4,1,1118,536,,-1,3,0,1.007276,9.288735
Scan: 1573384 Run: DIA12_CV486075:20251228_A2_N1_Mueller_MS_TechHub_IMP_THIDDIAXL003_Cas9_PhoX_DIA12_CV486075_250ng_FAIMS_003 P1_KPAFLSGEQK P2_KDWDPK 1 1,DIA12_CV486075:20251228_A2_N1_Mueller_MS_TechHub_IMP_THIDDIAXL003_Cas9_PhoX_DIA12_CV486075_250ng_FAIMS_003,1573384,,,Q99ZW2,,,false,Q99ZW2,Q99ZW2,,false,KDWDPK,KPAFLSGEQK,1124,536,1,1,1124,536,,-1,3,0,1.007276,9.288187
Scan: 1330036 Run: DIA12_CV486075:20251228_A2_N1_Mueller_MS_TechHub_IMP_THIDDIAXL003_Cas9_PhoX_DIA12_CV486075_250ng_FAIMS_003 P1_KLINGIR P2_GYKEVK 1 3,DIA12_CV486075:20251228_A2_N1_Mueller_MS_TechHub_IMP_THIDDIAXL003_Cas9_PhoX_DIA12_CV486075_250ng_FAIMS_003,1330036,,,Q99ZW2,,,false,Q99ZW2,Q99ZW2,,false,GYKEVK,KLINGIR,1186,665,3,1,1188,665,,-1,3,0,1.007276,9.287957
Scan: 1692896 Run: DIA12_CV486075:20251228_A2_N1_Mueller_MS_TechHub_IMP_THIDDIAXL003_Cas9_PhoX_DIA12_CV486075_250ng_FAIMS_003 P1_VLEDVVKVTQLIGK P2_EHPVENTQLQNEKLYLYYLQNGR 7 13,DIA12_CV486075:20251228_A2_N1_Mueller_MS_TechHub_IMP_THIDDIAXL003_Cas9_PhoX_DIA12_CV486075_250ng_FAIMS_003,1692896,,,Q99ZW2,,,false,decoy:Q99ZW2,decoy,decoy,true,EHPVENTQLQNEKLYLYYLQNGR,VLEDVVKVTQLIGK,798,736,13,7,810,742,,-1,5,0,1.007276,9.287374
Scan: 733813 Run: DIA12_CV486075:20251228_A2_N1_Mueller_MS_TechHub_IMP_THIDDIAXL003_Cas9_PhoX_DIA12_CV486075_250ng_FAIMS_002 P1_VTVKQLK P2_KDLIIK 4 1,DIA12_CV486075:20251228_A2_N1_Mueller_MS_TechHub_IMP_THIDDIAXL003_Cas9_PhoX_DIA12_CV486075_250ng_FAIMS_002,733813,,,Q99ZW2,,,false,Q99ZW2,Q99ZW2,,false,KDLIIK,VTVKQLK,1192,559,1,4,1192,562,,-1,3,0,1.007276,9.287279
Scan: 345216 Run: DIA12_CV486075:20251228_A2_N1_Mueller_MS_TechHub_IMP_THIDDIAXL003_Cas9_PhoX_DIA12_CV486075_250ng_FAIMS_001 P1_SEETITPWNFEEVVDKGASAQSFIER P2_EKIEKILTFR 16 5,DIA12_CV486075:20251228_A2_N1_Mueller_MS_TechHub_IMP_THIDDIAXL003_Cas9_PhoX_DIA12_CV486075_250ng_FAIMS_001,345216,,,Q99ZW2,,,false,Q99ZW2,Q99ZW2,,false,EKIEKILTFR,SEETITPWNFEEVVDKGASAQSFIER,438,469,5,16,442,484,,-1,5,0,1.007276,9.287046
Scan: 491916 Run: DIA12_CV486075:20251228_A2_N1_Mueller_MS_TechHub_IMP_THIDDIAXL003_Cas9_PhoX_DIA12_CV486075_250ng_FAIMS_001 P1_YDEHHQDLTLLKALVR P2_GILQTVKVVDELVK 12 7,DIA12_CV486075:20251228_A2_N1_Mueller_MS_TechHub_IMP_THIDDIAXL003_Cas9_PhoX_DIA12_CV486075_250ng_FAIMS_001,491916,,,Q99ZW2,,,false,Q99ZW2,Q99ZW2,,false,GILQTVKVVDELVK,YDEHHQDLTLLKALVR,736,325,7,12,742,336,,-1,5,0,1.007276,9.28698
