PSMID,run,scan,PeakListFileName,ScanId,exp charge,exp m/z,exp mass,exp fractionalmass,match charge,match mass,match fractionalmass,Protein1,Name1,Description1,Decoy1,Protein2,Name2,Description2,Decoy2,PepSeq1,PepSeq2,PepPos1,PepPos2,PeptideLength1,PeptideLength2,LinkPos1,LinkPos2,ProteinLinkPos1,ProteinLinkPos2,Charge,Crosslinker,CrosslinkerModMass,peptide1 score,peptide2 score,Score,isDecoy,isTT,isTD,isDD,fdrGroup,fdr,ifdr,PEP,,PeptidePairFDR,Protein1FDR,Protein2FDR,LinkFDR,PPIFDR,peptide pair id,link id,ppi id,info
Scan: 1451060 Run: DIA12_CV48:20251228_A2_N1_Mueller_MS_TechHub_IMP_THIDDIAXL003_Cas9_PhoX_DIA12_CV48_250ng_FAIMS_003 P1_YKEIFFDQSK P2_FKVLGNTDR 2 2,DIA12_CV48:20251228_A2_N1_Mueller_MS_TechHub_IMP_THIDDIAXL003_Cas9_PhoX_DIA12_CV48_250ng_FAIMS_003,1451060,,,0,0,-0,0,3,0,0,Q99ZW2,,,false,Q99ZW2,Q99ZW2,,false,FKVLGNTDR,YKEIFFDQSK,32,347,9,10,2,2,33,348,3,,-1,23.701093,23.701093,112.012039,false,true,false,false,Self ,0,0,0.979864,,0,0,0,0,0,230,203,0,
Scan: 105967 Run: DIA12_CV48:20251228_A2_N1_Mueller_MS_TechHub_IMP_THIDDIAXL003_Cas9_PhoX_DIA12_CV48_250ng_FAIMS_001 P1_KYGGFDSPTVAYSVLVVAK P2_KLINGIR 1 1,DIA12_CV48:20251228_A2_N1_Mueller_MS_TechHub_IMP_THIDDIAXL003_Cas9_PhoX_DIA12_CV48_250ng_FAIMS_001,105967,,,0,0,-0,0,3,0,0,Q99ZW2,,,false,Q99ZW2,Q99ZW2,,false,KLINGIR,KYGGFDSPTVAYSVLVVAK,665,1130,7,19,1,1,665,1130,3,,-1,23.701093,23.701093,112.012039,false,true,false,false,Self ,0,0,0.979864,,0,0,0,0,0,231,200,0,
Scan: 1743497 Run: DIA12_CV48:20251228_A2_N1_Mueller_MS_TechHub_IMP_THIDDIAXL003_Cas9_PhoX_DIA12_CV48_250ng_FAIMS_003 P1_SKLVSDFR P2_GKSDNVPSEEVVK 2 2,DIA12_CV48:20251228_A2_N1_Mueller_MS_TechHub_IMP_THIDDIAXL003_Cas9_PhoX_DIA12_CV48_250ng_FAIMS_003,1743497,,,0,0,-0,0,3,0,0,Q99ZW2,,,false,Q99ZW2,Q99ZW2,,false,GKSDNVPSEEVVK,SKLVSDFR,865,960,13,8,2,2,866,961,3,,-1,23.701093,23.701093,112.012039,false,true,false,false,Self ,0,0,0.979864,,0,0,0,0,0,232,202,0,
Scan: 633725 Run: DIA12_CV48:20251228_A2_N1_Mueller_MS_TechHub_IMP_THIDDIAXL003_Cas9_PhoX_DIA12_CV48_250ng_FAIMS_002 P1_SSFEKNPIDFLEAK P2_KTEVQTGGFSK 5 1,DIA12_CV48:20251228_A2_N1_Mueller_MS_TechHub_IMP_THIDDIAXL003_Cas9_PhoX_DIA12_CV48_250ng_FAIMS_002,633725,,,0,0,-0,0,3,0,0,Q99ZW2,,,false,Q99ZW2,Q99ZW2,,false,KTEVQTGGFSK,SSFEKNPIDFLEAK,1097,1172,11,14,1,5,1097,1176,3,,-1,23.701093,23.701093,112.012039,false,true,false,false,Self ,0,0,0.979864,,0,0,0,0,0,233,201,0,
Scan: 873167 Run: DIA12_CV48:20251228_A2_N1_Mueller_MS_TechHub_IMP_THIDDIAXL003_Cas9_PhoX_DIA12_CV48_250ng_FAIMS_002 P1_YKEIFFDQSK P2_FIKPILEK 2 3,DIA12_CV48:20251228_A2_N1_Mueller_MS_TechHub_IMP_THIDDIAXL003_Cas9_PhoX_DIA12_CV48_250ng_FAIMS_002,873167,,,0,0,-0,0,3,0,0,Q99ZW2,,,false,Q99ZW2,Q99ZW2,,false,FIKPILEK,YKEIFFDQSK,375,347,8,10,3,2,377,348,3,,-1,23.701093,23.701093,112.012039,false,true,false,false,Self ,0,0,0.979864,,0,0,0,0,0,234,205,0,
Scan: 62961 Run: DIA12_CV48:20251228_A2_N1_Mueller_MS_TechHub_IMP_THIDDIAXL003_Cas9_PhoX_DIA12_CV48_250ng_FAIMS_001 P1_NSDKLIAR P2_KTEVQTGGFSKESILPK 4 11,DIA12_CV48:20251228_A2_N1_Mueller_MS_TechHub_IMP_THIDDIAXL003_Cas9_PhoX_DIA12_CV48_250ng_FAIMS_001,62961,,,0,0,-0,0,3,0,0,Q99ZW2,,,false,Q99ZW2,Q99ZW2,,false,KTEVQTGGFSKESILPK,NSDKLIAR,1097,1115,17,8,11,4,1107,1118,3,,-1,23.701093,23.701093,112.012039,false,true,false,false,Self ,0,0,0.979864,,0,0,0,0,0,235,138,0,
Scan: 118140 Run: DIA12_CV48:20251228_A2_N1_Mueller_MS_TechHub_IMP_THIDDIAXL003_Cas9_PhoX_DIA12_CV48_250ng_FAIMS_001 P1_SSFEKNPIDFLEAK P2_KPAFLSGEQK 5 1,DIA12_CV48:20251228_A2_N1_Mueller_MS_TechHub_IMP_THIDDIAXL003_Cas9_PhoX_DIA12_CV48_250ng_FAIMS_001,118140,,,0,0,-0,0,3,0,0,Q99ZW2,,,false,Q99ZW2,Q99ZW2,,false,KPAFLSGEQK,SSFEKNPIDFLEAK,536,1172,10,14,1,5,536,1176,3,,-1,23.691621,23.691621,111.988361,false,true,false,false,Self ,0,0.000037,0.979864,,0,0,0,0,0,229,199,0,
Scan: 1330147 Run: DIA12_CV48:20251228_A2_N1_Mueller_MS_TechHub_IMP_THIDDIAXL003_Cas9_PhoX_DIA12_CV48_250ng_FAIMS_003 P1_SEETITPWNFEEVVDKGASAQSFIER P2_KDLIIK 16 1,DIA12_CV48:20251228_A2_N1_Mueller_MS_TechHub_IMP_THIDDIAXL003_Cas9_PhoX_DIA12_CV48_250ng_FAIMS_003,1330147,,,0,0,-0,0,4,0,0,Q99ZW2,,,false,Q99ZW2,Q99ZW2,,false,KDLIIK,SEETITPWNFEEVVDKGASAQSFIER,1192,469,6,26,1,16,1192,484,4,,-1,23.664127,23.664127,111.919624,false,true,false,false,Self ,0,0.000143,0.979864,,0,0,0,0,0,228,198,0,
Scan: 1739461 Run: DIA12_CV48:20251228_A2_N1_Mueller_MS_TechHub_IMP_THIDDIAXL003_Cas9_PhoX_DIA12_CV48_250ng_FAIMS_003 P1_GKSDNVPSEEVVK P2_FKVLGNTDR 2 2,DIA12_CV48:20251228_A2_N1_Mueller_MS_TechHub_IMP_THIDDIAXL003_Cas9_PhoX_DIA12_CV48_250ng_FAIMS_003,1739461,,,0,0,-0,0,3,0,0,Q99ZW2,,,false,Q99ZW2,Q99ZW2,,false,FKVLGNTDR,GKSDNVPSEEVVK,32,865,9,13,2,2,33,866,3,,-1,23.661942,23.661942,111.914162,false,true,false,false,Self ,0,0.000152,0.979864,,0,0,0,0,0,227,197,0,
Scan: 142351 Run: DIA12_CV48:20251228_A2_N1_Mueller_MS_TechHub_IMP_THIDDIAXL003_Cas9_PhoX_DIA12_CV48_250ng_FAIMS_001 P1_LPKYSLFELENGR P2_KTEVQTGGFSKESILPK 3 11,DIA12_CV48:20251228_A2_N1_Mueller_MS_TechHub_IMP_THIDDIAXL003_Cas9_PhoX_DIA12_CV48_250ng_FAIMS_001,142351,,,0,0,-0,0,4,0,0,Q99ZW2,,,false,Q99ZW2,Q99ZW2,,false,KTEVQTGGFSKESILPK,LPKYSLFELENGR,1097,1198,17,13,11,3,1107,1200,4,,-1,23.654091,23.654091,111.894535,false,true,false,false,Self ,0,0.000182,0.979864,,0,0,0,0,0,226,9,0,
Scan: 62797 Run: DIA12_CV48:20251228_A2_N1_Mueller_MS_TechHub_IMP_THIDDIAXL003_Cas9_PhoX_DIA12_CV48_250ng_FAIMS_001 P1_TEVQTGGFSKESILPK P2_NSDKLIAR 10 4,DIA12_CV48:20251228_A2_N1_Mueller_MS_TechHub_IMP_THIDDIAXL003_Cas9_PhoX_DIA12_CV48_250ng_FAIMS_001,62797,,,0,0,-0,0,3,0,0,Q99ZW2,,,false,Q99ZW2,Q99ZW2,,false,NSDKLIAR,TEVQTGGFSKESILPK,1115,1098,8,16,4,10,1118,1107,3,,-1,23.625195,23.625195,111.822296,false,true,false,false,Self ,0,0.000294,0.979864,,0,0,0,0,0,225,138,0,
Scan: 974764 Run: DIA12_CV48:20251228_A2_N1_Mueller_MS_TechHub_IMP_THIDDIAXL003_Cas9_PhoX_DIA12_CV48_250ng_FAIMS_002 P1_NSDKLIAR P2_KPAFLSGEQK 4 1,DIA12_CV48:20251228_A2_N1_Mueller_MS_TechHub_IMP_THIDDIAXL003_Cas9_PhoX_DIA12_CV48_250ng_FAIMS_002,974764,,,0,0,-0,0,3,0,0,Q99ZW2,,,false,Q99ZW2,Q99ZW2,,false,KPAFLSGEQK,NSDKLIAR,536,1115,10,8,1,4,536,1118,3,,-1,23.620264,23.620264,111.809967,false,true,false,false,Self ,0,0.000313,0.979864,,0,0,0,0,0,224,194,0,
Scan: 543911 Run: DIA12_CV48:20251228_A2_N1_Mueller_MS_TechHub_IMP_THIDDIAXL003_Cas9_PhoX_DIA12_CV48_250ng_FAIMS_001 P1_SEQEIGKATAK P2_GKSDNVPSEEVVK 7 2,DIA12_CV48:20251228_A2_N1_Mueller_MS_TechHub_IMP_THIDDIAXL003_Cas9_PhoX_DIA12_CV48_250ng_FAIMS_001,543911,,,0,0,-0,0,3,0,0,Q99ZW2,,,false,Q99ZW2,Q99ZW2,,false,GKSDNVPSEEVVK,SEQEIGKATAK,865,1025,13,11,2,7,866,1031,3,,-1,23.617088,23.617088,111.802029,false,true,false,false,Self ,0,0.000326,0.979864,,0,0,0,0,0,223,193,0,
Scan: 1754060 Run: DIA12_CV48:20251228_A2_N1_Mueller_MS_TechHub_IMP_THIDDIAXL003_Cas9_PhoX_DIA12_CV48_250ng_FAIMS_003 P1_QLLNAKLITQR P2_ENQTTQKGQK 6 7,DIA12_CV48:20251228_A2_N1_Mueller_MS_TechHub_IMP_THIDDIAXL003_Cas9_PhoX_DIA12_CV48_250ng_FAIMS_003,1754060,,,0,0,-0,0,3,0,0,Q99ZW2,,,false,Q99ZW2,Q99ZW2,,false,ENQTTQKGQK,QLLNAKLITQR,766,885,10,11,7,6,772,890,3,,-1,23.583766,23.583766,111.718723,false,true,false,false,Self ,0,0.000455,0.979864,,0,0,0,0,0,222,192,0,
Scan: 1702659 Run: DIA12_CV48:20251228_A2_N1_Mueller_MS_TechHub_IMP_THIDDIAXL003_Cas9_PhoX_DIA12_CV48_250ng_FAIMS_003 P1_SEQEIGKATAK P2_ENQTTQKGQK 7 7,DIA12_CV48:20251228_A2_N1_Mueller_MS_TechHub_IMP_THIDDIAXL003_Cas9_PhoX_DIA12_CV48_250ng_FAIMS_003,1702659,,,0,0,-0,0,3,0,0,Q99ZW2,,,false,Q99ZW2,Q99ZW2,,false,ENQTTQKGQK,SEQEIGKATAK,766,1025,10,11,7,7,772,1031,3,,-1,23.574301,23.574301,111.695061,false,true,false,false,Self ,0,0.000491,0.979864,,0,0,0,0,0,221,191,0,
Scan: 783870 Run: DIA12_CV48:20251228_A2_N1_Mueller_MS_TechHub_IMP_THIDDIAXL003_Cas9_PhoX_DIA12_CV48_250ng_FAIMS_002 P1_VLSAYNKHR P2_NSDKLIAR 7 4,DIA12_CV48:20251228_A2_N1_Mueller_MS_TechHub_IMP_THIDDIAXL003_Cas9_PhoX_DIA12_CV48_250ng_FAIMS_002,783870,,,0,0,-0,0,3,0,0,Q99ZW2,,,false,Q99ZW2,Q99ZW2,,false,NSDKLIAR,VLSAYNKHR,1115,1290,8,9,4,7,1118,1296,3,,-1,23.51033,23.51033,111.535133,false,true,false,false,Self ,0,0.000739,0.979864,,0,0,0,0,0,220,190,0,
Scan: 1300372 Run: DIA12_CV48:20251228_A2_N1_Mueller_MS_TechHub_IMP_THIDDIAXL003_Cas9_PhoX_DIA12_CV48_250ng_FAIMS_003 P1_KYGGFDSPTVAYSVLVVAK P2_DKQSGK 1 2,DIA12_CV48:20251228_A2_N1_Mueller_MS_TechHub_IMP_THIDDIAXL003_Cas9_PhoX_DIA12_CV48_250ng_FAIMS_003,1300372,,,0,0,-0,0,3,0,0,Q99ZW2,,,false,Q99ZW2,Q99ZW2,,false,DKQSGK,KYGGFDSPTVAYSVLVVAK,672,1130,6,19,2,1,673,1130,3,,-1,23.382597,23.382597,111.215801,false,true,false,false,Self ,0,0.001234,0.979864,,0,0,0,0,0,219,189,0,
Scan: 1309856 Run: DIA12_CV48:20251228_A2_N1_Mueller_MS_TechHub_IMP_THIDDIAXL003_Cas9_PhoX_DIA12_CV48_250ng_FAIMS_003 P1_YKEIFFDQSK P2_SSFEKNPIDFLEAK 2 5,DIA12_CV48:20251228_A2_N1_Mueller_MS_TechHub_IMP_THIDDIAXL003_Cas9_PhoX_DIA12_CV48_250ng_FAIMS_003,1309856,,,0,0,-0,0,3,0,0,Q99ZW2,,,false,Q99ZW2,Q99ZW2,,false,SSFEKNPIDFLEAK,YKEIFFDQSK,1172,347,14,10,5,2,1176,348,3,,-1,23.377821,23.377821,111.203861,false,true,false,false,Self ,0,0.001253,0.979864,,0,0,0,0,0,218,188,0,
Scan: 1682886 Run: DIA12_CV48:20251228_A2_N1_Mueller_MS_TechHub_IMP_THIDDIAXL003_Cas9_PhoX_DIA12_CV48_250ng_FAIMS_003 P1_KTEVQTGGFSKESILPK P2_GILQTVKVVDELVK 11 7,DIA12_CV48:20251228_A2_N1_Mueller_MS_TechHub_IMP_THIDDIAXL003_Cas9_PhoX_DIA12_CV48_250ng_FAIMS_003,1682886,,,0,0,-0,0,4,0,0,Q99ZW2,,,false,Q99ZW2,Q99ZW2,,false,GILQTVKVVDELVK,KTEVQTGGFSKESILPK,736,1097,14,17,7,11,742,1107,4,,-1,23.373909,23.373909,111.19408,false,true,false,false,Self ,0,0.001268,0.979864,,0,0,0,0,0,217,3,0,
Scan: 1494048 Run: DIA12_CV48:20251228_A2_N1_Mueller_MS_TechHub_IMP_THIDDIAXL003_Cas9_PhoX_DIA12_CV48_250ng_FAIMS_003 P1_TEVQTGGFSKESILPK P2_KSEETITPWNFEEVVDK 10 1,DIA12_CV48:20251228_A2_N1_Mueller_MS_TechHub_IMP_THIDDIAXL003_Cas9_PhoX_DIA12_CV48_250ng_FAIMS_003,1494048,,,0,0,-0,0,4,0,0,Q99ZW2,,,false,Q99ZW2,Q99ZW2,,false,KSEETITPWNFEEVVDK,TEVQTGGFSKESILPK,468,1098,17,16,1,10,468,1107,4,,-1,23.258824,23.258824,110.906368,false,true,false,false,Self ,0,0.001714,0.979864,,0,0,0,0,0,216,173,0,
Scan: 113505 Run: DIA12_CV48:20251228_A2_N1_Mueller_MS_TechHub_IMP_THIDDIAXL003_Cas9_PhoX_DIA12_CV48_250ng_FAIMS_001 P1_SSFEKNPIDFLEAK P2_KDLIIK 5 1,DIA12_CV48:20251228_A2_N1_Mueller_MS_TechHub_IMP_THIDDIAXL003_Cas9_PhoX_DIA12_CV48_250ng_FAIMS_001,113505,,,0,0,-0,0,3,0,0,Q99ZW2,,,false,Q99ZW2,Q99ZW2,,false,KDLIIK,SSFEKNPIDFLEAK,1192,1172,6,14,1,5,1192,1176,3,,-1,23.25486,23.25486,110.896458,false,true,false,false,Self ,0,0.001729,0.979864,,0,0,0,0,0,12,215,0,
Scan: 1081447 Run: DIA12_CV48:20251228_A2_N1_Mueller_MS_TechHub_IMP_THIDDIAXL003_Cas9_PhoX_DIA12_CV48_250ng_FAIMS_002 P1_KGILQTVK P2_ENQTTQKGQK 1 7,DIA12_CV48:20251228_A2_N1_Mueller_MS_TechHub_IMP_THIDDIAXL003_Cas9_PhoX_DIA12_CV48_250ng_FAIMS_002,1081447,,,0,0,-0,0,3,0,0,Q99ZW2,,,false,Q99ZW2,Q99ZW2,,false,ENQTTQKGQK,KGILQTVK,766,735,10,8,7,1,772,735,3,,-1,23.20005,23.20005,110.759434,false,true,false,false,Self ,0,0.001942,0.979864,,0,0,0,0,0,214,185,0,
Scan: 1359037 Run: DIA12_CV48:20251228_A2_N1_Mueller_MS_TechHub_IMP_THIDDIAXL003_Cas9_PhoX_DIA12_CV48_250ng_FAIMS_003 P1_LKGSPEDNEQK P2_KDFQFYK 2 1,DIA12_CV48:20251228_A2_N1_Mueller_MS_TechHub_IMP_THIDDIAXL003_Cas9_PhoX_DIA12_CV48_250ng_FAIMS_003,1359037,,,0,0,-0,0,3,0,0,Q99ZW2,,,false,Q99ZW2,Q99ZW2,,false,KDFQFYK,LKGSPEDNEQK,968,1245,7,11,1,2,968,1246,3,,-1,23.158611,23.158611,110.655834,false,true,false,false,Self ,0,0.002102,0.979864,,0,0,0,0,0,213,184,0,
Scan: 1267021 Run: DIA12_CV48:20251228_A2_N1_Mueller_MS_TechHub_IMP_THIDDIAXL003_Cas9_PhoX_DIA12_CV48_250ng_FAIMS_003 P1_KTEVQTGGFSKESILPK P2_DKQSGK 11 2,DIA12_CV48:20251228_A2_N1_Mueller_MS_TechHub_IMP_THIDDIAXL003_Cas9_PhoX_DIA12_CV48_250ng_FAIMS_003,1267021,,,0,0,-0,0,3,0,0,Q99ZW2,,,false,Q99ZW2,Q99ZW2,,false,DKQSGK,KTEVQTGGFSKESILPK,672,1097,6,17,2,11,673,1107,3,,-1,23.140196,23.140196,110.609798,false,true,false,false,Self ,0,0.002174,0.979864,,0,0,0,0,0,212,183,0,
Scan: 1740349 Run: DIA12_CV48:20251228_A2_N1_Mueller_MS_TechHub_IMP_THIDDIAXL003_Cas9_PhoX_DIA12_CV48_250ng_FAIMS_003 P1_KPAFLSGEQK P2_GKSDNVPSEEVVK 1 2,DIA12_CV48:20251228_A2_N1_Mueller_MS_TechHub_IMP_THIDDIAXL003_Cas9_PhoX_DIA12_CV48_250ng_FAIMS_003,1740349,,,0,0,-0,0,3,0,0,Q99ZW2,,,false,Q99ZW2,Q99ZW2,,false,GKSDNVPSEEVVK,KPAFLSGEQK,865,536,13,10,2,1,866,536,3,,-1,23.115948,23.115948,110.549179,false,true,false,false,Self ,0,0.002268,0.979864,,0,0,0,0,0,211,182,0,
Scan: 983185 Run: DIA12_CV48:20251228_A2_N1_Mueller_MS_TechHub_IMP_THIDDIAXL003_Cas9_PhoX_DIA12_CV48_250ng_FAIMS_002 P1_QLKEDYFK P2_KPAFLSGEQK 3 1,DIA12_CV48:20251228_A2_N1_Mueller_MS_TechHub_IMP_THIDDIAXL003_Cas9_PhoX_DIA12_CV48_250ng_FAIMS_002,983185,,,0,0,-0,0,3,0,0,Q99ZW2,,,false,Q99ZW2,Q99ZW2,,false,KPAFLSGEQK,QLKEDYFK,536,563,10,8,1,3,536,565,3,,-1,23.098524,23.098524,110.505619,false,true,false,false,Self ,0,0.002335,0.979864,,0,0,0,0,0,210,181,0,
Scan: 1298749 Run: DIA12_CV48:20251228_A2_N1_Mueller_MS_TechHub_IMP_THIDDIAXL003_Cas9_PhoX_DIA12_CV48_250ng_FAIMS_003 P1_KYGGFDSPTVAYSVLVVAK P2_KDWDPK 1 1,DIA12_CV48:20251228_A2_N1_Mueller_MS_TechHub_IMP_THIDDIAXL003_Cas9_PhoX_DIA12_CV48_250ng_FAIMS_003,1298749,,,0,0,-0,0,3,0,0,Q99ZW2,,,false,Q99ZW2,Q99ZW2,,false,KDWDPK,KYGGFDSPTVAYSVLVVAK,1124,1130,6,19,1,1,1124,1130,3,,-1,23.06736,23.06736,110.427708,false,true,false,false,Self ,0,0.002456,0.979864,,0,0,0,0,0,209,46,0,
Scan: 1653060 Run: DIA12_CV48:20251228_A2_N1_Mueller_MS_TechHub_IMP_THIDDIAXL003_Cas9_PhoX_DIA12_CV48_250ng_FAIMS_003 P1_KLINGIR P2_EDIQKAQVSGQGDSLHEHIANLAGSPAIK 1 5,DIA12_CV48:20251228_A2_N1_Mueller_MS_TechHub_IMP_THIDDIAXL003_Cas9_PhoX_DIA12_CV48_250ng_FAIMS_003,1653060,,,0,0,-0,0,4,0,0,Q99ZW2,,,false,Q99ZW2,Q99ZW2,,false,EDIQKAQVSGQGDSLHEHIANLAGSPAIK,KLINGIR,706,665,29,7,5,1,710,665,4,,-1,23.057724,23.057724,110.403618,false,true,false,false,Self ,0,0.002493,0.979864,,0,0,0,0,0,208,10,0,
Scan: 889327 Run: DIA12_CV48:20251228_A2_N1_Mueller_MS_TechHub_IMP_THIDDIAXL003_Cas9_PhoX_DIA12_CV48_250ng_FAIMS_002 P1_SEETITPWNFEEVVDKGASAQSFIER P2_IEKILTFR 16 3,DIA12_CV48:20251228_A2_N1_Mueller_MS_TechHub_IMP_THIDDIAXL003_Cas9_PhoX_DIA12_CV48_250ng_FAIMS_002,889327,,,0,0,-0,0,4,0,0,Q99ZW2,,,false,Q99ZW2,Q99ZW2,,false,IEKILTFR,SEETITPWNFEEVVDKGASAQSFIER,440,469,8,26,3,16,442,484,4,,-1,23.053865,23.053865,110.39397,false,true,false,false,Self ,0,0.002508,0.979864,,0,0,0,0,0,206,178,0,
Scan: 663741 Run: DIA12_CV48:20251228_A2_N1_Mueller_MS_TechHub_IMP_THIDDIAXL003_Cas9_PhoX_DIA12_CV48_250ng_FAIMS_002 P1_SSFEKNPIDFLEAK P2_KTEVQTGGFSKESILPK 5 11,DIA12_CV48:20251228_A2_N1_Mueller_MS_TechHub_IMP_THIDDIAXL003_Cas9_PhoX_DIA12_CV48_250ng_FAIMS_002,663741,,,0,0,-0,0,4,0,0,Q99ZW2,,,false,Q99ZW2,Q99ZW2,,false,KTEVQTGGFSKESILPK,SSFEKNPIDFLEAK,1097,1172,17,14,11,5,1107,1176,4,,-1,23.053865,23.053865,110.39397,false,true,false,false,Self ,0,0.002508,0.979864,,0,0,0,0,0,82,218,0,
Scan: 853128 Run: DIA12_CV48:20251228_A2_N1_Mueller_MS_TechHub_IMP_THIDDIAXL003_Cas9_PhoX_DIA12_CV48_250ng_FAIMS_002 P1_YKEIFFDQSK P2_LVDSTDKADLR 2 7,DIA12_CV48:20251228_A2_N1_Mueller_MS_TechHub_IMP_THIDDIAXL003_Cas9_PhoX_DIA12_CV48_250ng_FAIMS_002,853128,,,0,0,-0,0,3,0,0,Q99ZW2,,,false,Q99ZW2,Q99ZW2,,false,LVDSTDKADLR,YKEIFFDQSK,142,347,11,10,7,2,148,348,3,,-1,23.051193,23.051193,110.387291,false,true,false,false,Self ,0,0.002519,0.979864,,0,0,0,0,0,205,177,0,
Scan: 227436 Run: DIA12_CV48:20251228_A2_N1_Mueller_MS_TechHub_IMP_THIDDIAXL003_Cas9_PhoX_DIA12_CV48_250ng_FAIMS_001 P1_SNFDLAEDAKLQLSK P2_FIKPILEK 10 3,DIA12_CV48:20251228_A2_N1_Mueller_MS_TechHub_IMP_THIDDIAXL003_Cas9_PhoX_DIA12_CV48_250ng_FAIMS_001,227436,,,0,0,-0,0,3,0,0,Q99ZW2,,,false,Q99ZW2,Q99ZW2,,false,FIKPILEK,SNFDLAEDAKLQLSK,375,254,8,15,3,10,377,263,3,,-1,23.013068,23.013068,110.291977,false,true,false,false,Self ,0,0.002666,0.979864,,0,0,0,0,0,204,176,0,
Scan: 213512 Run: DIA12_CV48:20251228_A2_N1_Mueller_MS_TechHub_IMP_THIDDIAXL003_Cas9_PhoX_DIA12_CV48_250ng_FAIMS_001 P1_NSDKLIAR P2_LENLIAQLPGEKK 4 12,DIA12_CV48:20251228_A2_N1_Mueller_MS_TechHub_IMP_THIDDIAXL003_Cas9_PhoX_DIA12_CV48_250ng_FAIMS_001,213512,,,0,0,-0,0,3,0,0,Q99ZW2,,,false,Q99ZW2,Q99ZW2,,false,LENLIAQLPGEKK,NSDKLIAR,222,1115,13,8,12,4,233,1118,3,,-1,22.927246,22.927246,110.077423,false,true,false,false,Self ,0,0.002999,0.979864,,0,0,0,0,0,203,175,0,
Scan: 1137543 Run: DIA12_CV48:20251228_A2_N1_Mueller_MS_TechHub_IMP_THIDDIAXL003_Cas9_PhoX_DIA12_CV48_250ng_FAIMS_002 P1_LKGSPEDNEQK P2_DDSIDNKVLTR 2 7,DIA12_CV48:20251228_A2_N1_Mueller_MS_TechHub_IMP_THIDDIAXL003_Cas9_PhoX_DIA12_CV48_250ng_FAIMS_002,1137543,,,0,0,-0,0,3,0,0,Q99ZW2,,,false,Q99ZW2,Q99ZW2,,false,DDSIDNKVLTR,LKGSPEDNEQK,849,1245,11,11,7,2,855,1246,3,,-1,22.912148,22.912148,110.039677,false,true,false,false,Self ,0,0.003057,0.979864,,0,0,0,0,0,202,174,0,
Scan: 1494193 Run: DIA12_CV48:20251228_A2_N1_Mueller_MS_TechHub_IMP_THIDDIAXL003_Cas9_PhoX_DIA12_CV48_250ng_FAIMS_003 P1_KTEVQTGGFSKESILPK P2_KSEETITPWNFEEVVDK 11 1,DIA12_CV48:20251228_A2_N1_Mueller_MS_TechHub_IMP_THIDDIAXL003_Cas9_PhoX_DIA12_CV48_250ng_FAIMS_003,1494193,,,0,0,-0,0,4,0,0,Q99ZW2,,,false,Q99ZW2,Q99ZW2,,false,KSEETITPWNFEEVVDK,KTEVQTGGFSKESILPK,468,1097,17,17,1,11,468,1107,4,,-1,22.899812,22.899812,110.008839,false,true,false,false,Self ,0,0.003105,0.979864,,0,0,0,0,0,201,173,0,
Scan: 695236 Run: DIA12_CV48:20251228_A2_N1_Mueller_MS_TechHub_IMP_THIDDIAXL003_Cas9_PhoX_DIA12_CV48_250ng_FAIMS_002 P1_SNFDLAEDAKLQLSK P2_KDWDPK 10 1,DIA12_CV48:20251228_A2_N1_Mueller_MS_TechHub_IMP_THIDDIAXL003_Cas9_PhoX_DIA12_CV48_250ng_FAIMS_002,695236,,,0,0,-0,0,3,0,0,Q99ZW2,,,false,Q99ZW2,Q99ZW2,,false,KDWDPK,SNFDLAEDAKLQLSK,1124,254,6,15,1,10,1124,263,3,,-1,22.880908,22.880908,109.961578,false,true,false,false,Self ,0,0.003179,0.979864,,0,0,0,0,0,200,172,0,
Scan: 68314 Run: DIA12_CV48:20251228_A2_N1_Mueller_MS_TechHub_IMP_THIDDIAXL003_Cas9_PhoX_DIA12_CV48_250ng_FAIMS_001 P1_KTEVQTGGFSKESILPK P2_DLIIKLPK 11 5,DIA12_CV48:20251228_A2_N1_Mueller_MS_TechHub_IMP_THIDDIAXL003_Cas9_PhoX_DIA12_CV48_250ng_FAIMS_001,68314,,,0,0,-0,0,3,0,0,Q99ZW2,,,false,Q99ZW2,Q99ZW2,,false,DLIIKLPK,KTEVQTGGFSKESILPK,1193,1097,8,17,5,11,1197,1107,3,,-1,22.842012,22.842012,109.864338,false,true,false,false,Self ,0,0.003329,0.979864,,0,0,0,0,0,36,154,0,
Scan: 254344 Run: DIA12_CV48:20251228_A2_N1_Mueller_MS_TechHub_IMP_THIDDIAXL003_Cas9_PhoX_DIA12_CV48_250ng_FAIMS_001 P1_YKEIFFDQSK P2_NSDKLIAR 2 4,DIA12_CV48:20251228_A2_N1_Mueller_MS_TechHub_IMP_THIDDIAXL003_Cas9_PhoX_DIA12_CV48_250ng_FAIMS_001,254344,,,0,0,-0,0,3,0,0,Q99ZW2,,,false,Q99ZW2,Q99ZW2,,false,NSDKLIAR,YKEIFFDQSK,1115,347,8,10,4,2,1118,348,3,,-1,22.760725,22.760725,109.661121,false,true,false,false,Self ,0,0.003644,0.983056,,0,0,0,0,0,198,171,0,
Scan: 1739514 Run: DIA12_CV48:20251228_A2_N1_Mueller_MS_TechHub_IMP_THIDDIAXL003_Cas9_PhoX_DIA12_CV48_250ng_FAIMS_003 P1_YKEIFFDQSK P2_GKSDNVPSEEVVK 2 2,DIA12_CV48:20251228_A2_N1_Mueller_MS_TechHub_IMP_THIDDIAXL003_Cas9_PhoX_DIA12_CV48_250ng_FAIMS_003,1739514,,,0,0,-0,0,3,0,0,Q99ZW2,,,false,Q99ZW2,Q99ZW2,,false,GKSDNVPSEEVVK,YKEIFFDQSK,865,347,13,10,2,2,866,348,3,,-1,22.727565,22.727565,109.57822,false,true,false,false,Self ,0,0.003773,0.984018,,0,0,0,0,0,197,170,0,
Scan: 1539857 Run: DIA12_CV48:20251228_A2_N1_Mueller_MS_TechHub_IMP_THIDDIAXL003_Cas9_PhoX_DIA12_CV48_250ng_FAIMS_003 P1_SEETITPWNFEEVVDKGASAQSFIER P2_MTNFDKNLPNEK 16 6,DIA12_CV48:20251228_A2_N1_Mueller_MS_TechHub_IMP_THIDDIAXL003_Cas9_PhoX_DIA12_CV48_250ng_FAIMS_003,1539857,,,0,0,-0,0,4,0,0,Q99ZW2,,,false,Q99ZW2,Q99ZW2,,false,MTNFDKNLPNEK,SEETITPWNFEEVVDKGASAQSFIER,495,469,12,26,6,16,500,484,4,,-1,22.714343,22.714343,109.545166,false,true,false,false,Self ,0,0.003824,0.984018,,0,0,0,0,0,196,169,0,
Scan: 1556979 Run: DIA12_CV48:20251228_A2_N1_Mueller_MS_TechHub_IMP_THIDDIAXL003_Cas9_PhoX_DIA12_CV48_250ng_FAIMS_003 P1_YKEIFFDQSK P2_VLPKHSLLYEYFTVYNELTK 2 4,DIA12_CV48:20251228_A2_N1_Mueller_MS_TechHub_IMP_THIDDIAXL003_Cas9_PhoX_DIA12_CV48_250ng_FAIMS_003,1556979,,,0,0,-0,0,4,0,0,Q99ZW2,,,false,Q99ZW2,Q99ZW2,,false,VLPKHSLLYEYFTVYNELTK,YKEIFFDQSK,507,347,20,10,4,2,510,348,4,,-1,22.707375,22.707375,109.527744,false,true,false,false,Self ,0,0.003851,0.984018,,0,0,0,0,0,195,168,0,
Scan: 381529 Run: DIA12_CV48:20251228_A2_N1_Mueller_MS_TechHub_IMP_THIDDIAXL003_Cas9_PhoX_DIA12_CV48_250ng_FAIMS_001 P1_YKEIFFDQSK P2_KPAFLSGEQK 2 1,DIA12_CV48:20251228_A2_N1_Mueller_MS_TechHub_IMP_THIDDIAXL003_Cas9_PhoX_DIA12_CV48_250ng_FAIMS_001,381529,,,0,0,-0,0,3,0,0,Q99ZW2,,,false,Q99ZW2,Q99ZW2,,false,KPAFLSGEQK,YKEIFFDQSK,536,347,10,10,1,2,536,348,3,,-1,22.704977,22.704977,109.521751,false,true,false,false,Self ,0,0.00386,0.984018,,0,0,0,0,0,194,167,0,
Scan: 147061 Run: DIA12_CV48:20251228_A2_N1_Mueller_MS_TechHub_IMP_THIDDIAXL003_Cas9_PhoX_DIA12_CV48_250ng_FAIMS_001 P1_SKLVSDFR P2_LPKYSLFELENGR 2 3,DIA12_CV48:20251228_A2_N1_Mueller_MS_TechHub_IMP_THIDDIAXL003_Cas9_PhoX_DIA12_CV48_250ng_FAIMS_001,147061,,,0,0,-0,0,3,0,0,Q99ZW2,,,false,Q99ZW2,Q99ZW2,,false,LPKYSLFELENGR,SKLVSDFR,1198,960,13,8,3,2,1200,961,3,,-1,22.614755,22.614755,109.296196,false,true,false,false,Self ,0,0.00421,0.984982,,0,0,0,0,0,193,166,0,
Scan: 1731085 Run: DIA12_CV48:20251228_A2_N1_Mueller_MS_TechHub_IMP_THIDDIAXL003_Cas9_PhoX_DIA12_CV48_250ng_FAIMS_003 P1_ENQTTQKGQK P2_EHPVENTQLQNEKLYLYYLQNGR 7 13,DIA12_CV48:20251228_A2_N1_Mueller_MS_TechHub_IMP_THIDDIAXL003_Cas9_PhoX_DIA12_CV48_250ng_FAIMS_003,1731085,,,0,0,-0,0,4,0,0,Q99ZW2,,,false,Q99ZW2,Q99ZW2,,false,EHPVENTQLQNEKLYLYYLQNGR,ENQTTQKGQK,798,766,23,10,13,7,810,772,4,,-1,22.578891,22.578891,109.206535,false,true,false,false,Self ,0,0.004349,0.984982,,0,0,0,0,0,192,165,0,
Scan: 1506611 Run: DIA12_CV48:20251228_A2_N1_Mueller_MS_TechHub_IMP_THIDDIAXL003_Cas9_PhoX_DIA12_CV48_250ng_FAIMS_003 P1_KSEETITPWNFEEVVDK P2_KGILQTVK 1 1,DIA12_CV48:20251228_A2_N1_Mueller_MS_TechHub_IMP_THIDDIAXL003_Cas9_PhoX_DIA12_CV48_250ng_FAIMS_003,1506611,,,0,0,-0,0,3,0,0,Q99ZW2,,,false,Q99ZW2,Q99ZW2,,false,KGILQTVK,KSEETITPWNFEEVVDK,735,468,8,17,1,1,735,468,3,,-1,22.57036,22.57036,109.185207,false,true,false,false,Self ,0,0.004382,0.984982,,0,0,0,0,0,191,164,0,
Scan: 1497103 Run: DIA12_CV48:20251228_A2_N1_Mueller_MS_TechHub_IMP_THIDDIAXL003_Cas9_PhoX_DIA12_CV48_250ng_FAIMS_003 P1_KSEETITPWNFEEVVDK P2_DLIIKLPK 1 5,DIA12_CV48:20251228_A2_N1_Mueller_MS_TechHub_IMP_THIDDIAXL003_Cas9_PhoX_DIA12_CV48_250ng_FAIMS_003,1497103,,,0,0,-0,0,4,0,0,Q99ZW2,,,false,Q99ZW2,Q99ZW2,,false,DLIIKLPK,KSEETITPWNFEEVVDK,1193,468,8,17,5,1,1197,468,4,,-1,22.550769,22.550769,109.13623,false,true,false,false,Self ,0,0.004458,0.984982,,0,0,0,0,0,172,220,0,
Scan: 661698 Run: DIA12_CV48:20251228_A2_N1_Mueller_MS_TechHub_IMP_THIDDIAXL003_Cas9_PhoX_DIA12_CV48_250ng_FAIMS_002 P1_TEVQTGGFSKESILPK P2_KDWDPK 10 1,DIA12_CV48:20251228_A2_N1_Mueller_MS_TechHub_IMP_THIDDIAXL003_Cas9_PhoX_DIA12_CV48_250ng_FAIMS_002,661698,,,0,0,-0,0,3,0,0,Q99ZW2,,,false,Q99ZW2,Q99ZW2,,false,KDWDPK,TEVQTGGFSKESILPK,1124,1098,6,16,1,10,1124,1107,3,,-1,22.549727,22.549727,109.133625,false,true,false,false,Self ,0,0.004462,0.984982,,0,0,0,0,0,189,72,0,
Scan: 156594 Run: DIA12_CV48:20251228_A2_N1_Mueller_MS_TechHub_IMP_THIDDIAXL003_Cas9_PhoX_DIA12_CV48_250ng_FAIMS_001 P1_KPAFLSGEQK P2_GNELALPSKYVNFLYLASHYEK 1 9,DIA12_CV48:20251228_A2_N1_Mueller_MS_TechHub_IMP_THIDDIAXL003_Cas9_PhoX_DIA12_CV48_250ng_FAIMS_001,156594,,,0,0,-0,0,4,0,0,Q99ZW2,,,false,Q99ZW2,Q99ZW2,,false,GNELALPSKYVNFLYLASHYEK,KPAFLSGEQK,1223,536,22,10,9,1,1231,536,4,,-1,22.527887,22.527887,109.079025,false,true,false,false,Self ,0,0.004547,0.984982,,0,0,0,0,0,188,162,0,
Scan: 1230375 Run: DIA12_CV48:20251228_A2_N1_Mueller_MS_TechHub_IMP_THIDDIAXL003_Cas9_PhoX_DIA12_CV48_250ng_FAIMS_003 P1_NSDKLIAR P2_KTEVQTGGFSK 4 1,DIA12_CV48:20251228_A2_N1_Mueller_MS_TechHub_IMP_THIDDIAXL003_Cas9_PhoX_DIA12_CV48_250ng_FAIMS_003,1230375,,,0,0,-0,0,3,0,0,Q99ZW2,,,false,Q99ZW2,Q99ZW2,,false,KTEVQTGGFSK,NSDKLIAR,1097,1115,11,8,1,4,1097,1118,3,,-1,22.510173,22.510173,109.03474,false,true,false,false,Self ,0,0.004615,0.984982,,0,0,0,0,0,187,161,0,
Scan: 1118363 Run: DIA12_CV48:20251228_A2_N1_Mueller_MS_TechHub_IMP_THIDDIAXL003_Cas9_PhoX_DIA12_CV48_250ng_FAIMS_002 P1_VLSAYNKHR P2_ELGSQILKEHPVENTQLQNEK 7 8,DIA12_CV48:20251228_A2_N1_Mueller_MS_TechHub_IMP_THIDDIAXL003_Cas9_PhoX_DIA12_CV48_250ng_FAIMS_002,1118363,,,0,0,-0,0,4,0,0,Q99ZW2,,,false,Q99ZW2,Q99ZW2,,false,ELGSQILKEHPVENTQLQNEK,VLSAYNKHR,790,1290,21,9,8,7,797,1296,4,,-1,22.493002,22.493002,108.991814,false,true,false,false,Self ,0,0.004682,0.985948,,0,0,0,0,0,186,160,0,
Scan: 1306527 Run: DIA12_CV48:20251228_A2_N1_Mueller_MS_TechHub_IMP_THIDDIAXL003_Cas9_PhoX_DIA12_CV48_250ng_FAIMS_003 P1_SSFEKNPIDFLEAK P2_KDWDPK 5 1,DIA12_CV48:20251228_A2_N1_Mueller_MS_TechHub_IMP_THIDDIAXL003_Cas9_PhoX_DIA12_CV48_250ng_FAIMS_003,1306527,,,0,0,-0,0,3,0,0,Q99ZW2,,,false,Q99ZW2,Q99ZW2,,false,KDWDPK,SSFEKNPIDFLEAK,1124,1172,6,14,1,5,1124,1176,3,,-1,22.468207,22.468207,108.929825,false,true,false,false,Self ,0,0.004778,0.985948,,0,0,0,0,0,86,2,0,
Scan: 1329646 Run: DIA12_CV48:20251228_A2_N1_Mueller_MS_TechHub_IMP_THIDDIAXL003_Cas9_PhoX_DIA12_CV48_250ng_FAIMS_003 P1_KDLIIK P2_GYKEVK 1 3,DIA12_CV48:20251228_A2_N1_Mueller_MS_TechHub_IMP_THIDDIAXL003_Cas9_PhoX_DIA12_CV48_250ng_FAIMS_003,1329646,,,0,0,-0,0,3,0,0,Q99ZW2,,,false,Q99ZW2,Q99ZW2,,false,GYKEVK,KDLIIK,1186,1192,6,6,3,1,1188,1192,3,,-1,22.395389,22.395389,108.74778,false,true,false,false,Self ,0,0.00506,0.985948,,0,0,0,0,0,184,159,0,
Scan: 1536512 Run: DIA12_CV48:20251228_A2_N1_Mueller_MS_TechHub_IMP_THIDDIAXL003_Cas9_PhoX_DIA12_CV48_250ng_FAIMS_003 P1_SEETITPWNFEEVVDKGASAQSFIER P2_DLIIKLPK 16 5,DIA12_CV48:20251228_A2_N1_Mueller_MS_TechHub_IMP_THIDDIAXL003_Cas9_PhoX_DIA12_CV48_250ng_FAIMS_003,1536512,,,0,0,-0,0,4,0,0,Q99ZW2,,,false,Q99ZW2,Q99ZW2,,false,DLIIKLPK,SEETITPWNFEEVVDKGASAQSFIER,1193,469,8,26,5,16,1197,484,4,,-1,22.391235,22.391235,108.737396,false,true,false,false,Self ,0,0.005076,0.985948,,0,0,0,0,0,183,158,0,
Scan: 1024587 Run: DIA12_CV48:20251228_A2_N1_Mueller_MS_TechHub_IMP_THIDDIAXL003_Cas9_PhoX_DIA12_CV48_250ng_FAIMS_002 P1_TEVQTGGFSKESILPK P2_KLINGIR 10 1,DIA12_CV48:20251228_A2_N1_Mueller_MS_TechHub_IMP_THIDDIAXL003_Cas9_PhoX_DIA12_CV48_250ng_FAIMS_002,1024587,,,0,0,-0,0,4,0,0,Q99ZW2,,,false,Q99ZW2,Q99ZW2,,false,KLINGIR,TEVQTGGFSKESILPK,665,1098,7,16,1,10,665,1107,4,,-1,22.359418,22.359418,108.657852,false,true,false,false,Self ,0,0.0052,0.986593,,0,0,0,0,0,150,219,0,
Scan: 103626 Run: DIA12_CV48:20251228_A2_N1_Mueller_MS_TechHub_IMP_THIDDIAXL003_Cas9_PhoX_DIA12_CV48_250ng_FAIMS_001 P1_KYGGFDSPTVAYSVLVVAK P2_ESILPKR 1 6,DIA12_CV48:20251228_A2_N1_Mueller_MS_TechHub_IMP_THIDDIAXL003_Cas9_PhoX_DIA12_CV48_250ng_FAIMS_001,103626,,,0,0,-0,0,3,0,0,Q99ZW2,,,false,Q99ZW2,Q99ZW2,,false,ESILPKR,KYGGFDSPTVAYSVLVVAK,1108,1130,7,19,6,1,1113,1130,3,,-1,22.350032,22.350032,108.634388,false,true,false,false,Self ,0,0.005236,0.986593,,0,0,0,0,0,181,157,0,
Scan: 1194728 Run: DIA12_CV48:20251228_A2_N1_Mueller_MS_TechHub_IMP_THIDDIAXL003_Cas9_PhoX_DIA12_CV48_250ng_FAIMS_003 P1_YPKLESEFVYGDYK P2_SEQEIGKATAK 3 7,DIA12_CV48:20251228_A2_N1_Mueller_MS_TechHub_IMP_THIDDIAXL003_Cas9_PhoX_DIA12_CV48_250ng_FAIMS_003,1194728,,,0,0,-0,0,3,0,0,Q99ZW2,,,false,Q99ZW2,Q99ZW2,,false,SEQEIGKATAK,YPKLESEFVYGDYK,1025,1001,11,14,7,3,1031,1003,3,,-1,22.338478,22.338478,108.605503,false,true,false,false,Self ,0,0.005281,0.986593,,0,0,0,0,0,180,156,0,
Scan: 1140096 Run: DIA12_CV48:20251228_A2_N1_Mueller_MS_TechHub_IMP_THIDDIAXL003_Cas9_PhoX_DIA12_CV48_250ng_FAIMS_002 P1_KDFQFYK P2_DDSIDNKVLTR 1 7,DIA12_CV48:20251228_A2_N1_Mueller_MS_TechHub_IMP_THIDDIAXL003_Cas9_PhoX_DIA12_CV48_250ng_FAIMS_002,1140096,,,0,0,-0,0,3,0,0,Q99ZW2,,,false,Q99ZW2,Q99ZW2,,false,DDSIDNKVLTR,KDFQFYK,849,968,11,7,7,1,855,968,3,,-1,22.286371,22.286371,108.475235,false,true,false,false,Self ,0,0.005483,0.986915,,0,0,0,0,0,179,155,0,
Scan: 737327 Run: DIA12_CV48:20251228_A2_N1_Mueller_MS_TechHub_IMP_THIDDIAXL003_Cas9_PhoX_DIA12_CV48_250ng_FAIMS_002 P1_TEVQTGGFSKESILPK P2_DLIIKLPK 10 5,DIA12_CV48:20251228_A2_N1_Mueller_MS_TechHub_IMP_THIDDIAXL003_Cas9_PhoX_DIA12_CV48_250ng_FAIMS_002,737327,,,0,0,-0,0,3,0,0,Q99ZW2,,,false,Q99ZW2,Q99ZW2,,false,DLIIKLPK,TEVQTGGFSKESILPK,1193,1098,8,16,5,10,1197,1107,3,,-1,22.273759,22.273759,108.443707,false,true,false,false,Self ,0,0.005532,0.987238,,0,0,0,0,0,178,154,0,
Scan: 1537567 Run: DIA12_CV48:20251228_A2_N1_Mueller_MS_TechHub_IMP_THIDDIAXL003_Cas9_PhoX_DIA12_CV48_250ng_FAIMS_003 P1_SEETITPWNFEEVVDKGASAQSFIER P2_KFKVLGNTDR 16 1,DIA12_CV48:20251228_A2_N1_Mueller_MS_TechHub_IMP_THIDDIAXL003_Cas9_PhoX_DIA12_CV48_250ng_FAIMS_003,1537567,,,0,0,-0,0,4,0,0,Q99ZW2,,,false,Q99ZW2,Q99ZW2,,false,KFKVLGNTDR,SEETITPWNFEEVVDKGASAQSFIER,31,469,10,26,1,16,31,484,4,,-1,22.271124,22.271124,108.437119,false,true,false,false,Self ,0,0.005542,0.987238,,0,0,0,0,0,177,153,0,
Scan: 376712 Run: DIA12_CV48:20251228_A2_N1_Mueller_MS_TechHub_IMP_THIDDIAXL003_Cas9_PhoX_DIA12_CV48_250ng_FAIMS_001 P1_SEQEIGKATAK P2_KPAFLSGEQK 7 1,DIA12_CV48:20251228_A2_N1_Mueller_MS_TechHub_IMP_THIDDIAXL003_Cas9_PhoX_DIA12_CV48_250ng_FAIMS_001,376712,,,0,0,-0,0,3,0,0,Q99ZW2,,,false,Q99ZW2,Q99ZW2,,false,KPAFLSGEQK,SEQEIGKATAK,536,1025,10,11,1,7,536,1031,3,,-1,22.237852,22.237852,108.353939,false,true,false,false,Self ,0,0.005671,0.987561,,0,0,0,0,0,176,152,0,
Scan: 112948 Run: DIA12_CV48:20251228_A2_N1_Mueller_MS_TechHub_IMP_THIDDIAXL003_Cas9_PhoX_DIA12_CV48_250ng_FAIMS_001 P1_SSFEKNPIDFLEAK P2_DWDPKK 5 5,DIA12_CV48:20251228_A2_N1_Mueller_MS_TechHub_IMP_THIDDIAXL003_Cas9_PhoX_DIA12_CV48_250ng_FAIMS_001,112948,,,0,0,-0,0,3,0,0,Q99ZW2,,,false,Q99ZW2,Q99ZW2,,false,DWDPKK,SSFEKNPIDFLEAK,1125,1172,6,14,5,5,1129,1176,3,,-1,22.234225,22.234225,108.344872,false,true,false,false,Self ,0,0.005685,0.987885,,0,0,0,0,0,44,213,0,
Scan: 83373 Run: DIA12_CV48:20251228_A2_N1_Mueller_MS_TechHub_IMP_THIDDIAXL003_Cas9_PhoX_DIA12_CV48_250ng_FAIMS_001 P1_RNSDKLIAR P2_KDWDPK 5 1,DIA12_CV48:20251228_A2_N1_Mueller_MS_TechHub_IMP_THIDDIAXL003_Cas9_PhoX_DIA12_CV48_250ng_FAIMS_001,83373,,,0,0,-0,0,4,0,0,Q99ZW2,,,false,Q99ZW2,Q99ZW2,,false,KDWDPK,RNSDKLIAR,1124,1114,6,9,1,5,1124,1118,4,,-1,22.227574,22.227574,108.328243,false,true,false,false,Self ,0,0.00571,0.987885,,0,0,0,0,0,174,151,0,
Scan: 536042 Run: DIA12_CV48:20251228_A2_N1_Mueller_MS_TechHub_IMP_THIDDIAXL003_Cas9_PhoX_DIA12_CV48_250ng_FAIMS_001 P1_LKGSPEDNEQK P2_EHPVENTQLQNEKLYLYYLQNGR 2 13,DIA12_CV48:20251228_A2_N1_Mueller_MS_TechHub_IMP_THIDDIAXL003_Cas9_PhoX_DIA12_CV48_250ng_FAIMS_001,536042,,,0,0,-0,0,4,0,0,Q99ZW2,,,false,Q99ZW2,Q99ZW2,,false,EHPVENTQLQNEKLYLYYLQNGR,LKGSPEDNEQK,798,1245,23,11,13,2,810,1246,4,,-1,22.197243,22.197243,108.252415,false,true,false,false,Self ,0,0.005828,0.988208,,0,0,0,0,0,173,150,0,
Scan: 1334850 Run: DIA12_CV48:20251228_A2_N1_Mueller_MS_TechHub_IMP_THIDDIAXL003_Cas9_PhoX_DIA12_CV48_250ng_FAIMS_003 P1_KSEETITPWNFEEVVDK P2_DLIIKLPK 1 5,DIA12_CV48:20251228_A2_N1_Mueller_MS_TechHub_IMP_THIDDIAXL003_Cas9_PhoX_DIA12_CV48_250ng_FAIMS_003,1334850,,,0,0,-0,0,3,0,0,Q99ZW2,,,false,Q99ZW2,Q99ZW2,,false,DLIIKLPK,KSEETITPWNFEEVVDK,1193,468,8,17,5,1,1197,468,3,,-1,22.186931,22.186931,108.226635,false,true,false,false,Self ,0,0.005868,0.988532,,0,0,0,0,0,172,220,0,
Scan: 689665 Run: DIA12_CV48:20251228_A2_N1_Mueller_MS_TechHub_IMP_THIDDIAXL003_Cas9_PhoX_DIA12_CV48_250ng_FAIMS_002 P1_NSDKLIAR P2_ENQTTQKGQK 4 7,DIA12_CV48:20251228_A2_N1_Mueller_MS_TechHub_IMP_THIDDIAXL003_Cas9_PhoX_DIA12_CV48_250ng_FAIMS_002,689665,,,0,0,-0,0,3,0,0,Q99ZW2,,,false,Q99ZW2,Q99ZW2,,false,ENQTTQKGQK,NSDKLIAR,766,1115,10,8,7,4,772,1118,3,,-1,22.181848,22.181848,108.213928,false,true,false,false,Self ,0,0.005888,0.988532,,0,0,0,0,0,171,149,0,
Scan: 549004 Run: DIA12_CV48:20251228_A2_N1_Mueller_MS_TechHub_IMP_THIDDIAXL003_Cas9_PhoX_DIA12_CV48_250ng_FAIMS_001 P1_GKSDNVPSEEVVK P2_GGLSELDKAGFIK 2 8,DIA12_CV48:20251228_A2_N1_Mueller_MS_TechHub_IMP_THIDDIAXL003_Cas9_PhoX_DIA12_CV48_250ng_FAIMS_001,549004,,,0,0,-0,0,3,0,0,Q99ZW2,,,false,Q99ZW2,Q99ZW2,,false,GGLSELDKAGFIK,GKSDNVPSEEVVK,906,865,13,13,8,2,913,866,3,,-1,22.180327,22.180327,108.210125,false,true,false,false,Self ,0,0.005894,0.988532,,0,0,0,0,0,170,148,0,
Scan: 415262 Run: DIA12_CV48:20251228_A2_N1_Mueller_MS_TechHub_IMP_THIDDIAXL003_Cas9_PhoX_DIA12_CV48_250ng_FAIMS_001 P1_KPAFLSGEQK P2_KIECFDSVEISGVEDR 1 1,DIA12_CV48:20251228_A2_N1_Mueller_MS_TechHub_IMP_THIDDIAXL003_Cas9_PhoX_DIA12_CV48_250ng_FAIMS_001,415262,,,0,0,-0,0,3,0,0,Q99ZW2,,,false,Q99ZW2,Q99ZW2,,false,KIECFDSVEISGVEDR,KPAFLSGEQK,571,536,16,10,1,1,571,536,3,,-1,22.176556,22.176556,108.200699,false,true,false,false,Self ,0,0.005908,0.988856,,0,0,0,0,0,169,147,0,
Scan: 260869 Run: DIA12_CV48:20251228_A2_N1_Mueller_MS_TechHub_IMP_THIDDIAXL003_Cas9_PhoX_DIA12_CV48_250ng_FAIMS_001 P1_YKEIFFDQSK P2_DDSIDNKVLTR 2 7,DIA12_CV48:20251228_A2_N1_Mueller_MS_TechHub_IMP_THIDDIAXL003_Cas9_PhoX_DIA12_CV48_250ng_FAIMS_001,260869,,,0,0,-0,0,3,0,0,Q99ZW2,,,false,Q99ZW2,Q99ZW2,,false,DDSIDNKVLTR,YKEIFFDQSK,849,347,11,10,7,2,855,348,3,,-1,22.163412,22.163412,108.167839,false,true,false,false,Self ,0,0.005959,0.989829,,0,0,0,0,0,168,146,0,
Scan: 1107186 Run: DIA12_CV48:20251228_A2_N1_Mueller_MS_TechHub_IMP_THIDDIAXL003_Cas9_PhoX_DIA12_CV48_250ng_FAIMS_002 P1_ENQTTQKGQK P2_ENQTTQKGQK 7 7,DIA12_CV48:20251228_A2_N1_Mueller_MS_TechHub_IMP_THIDDIAXL003_Cas9_PhoX_DIA12_CV48_250ng_FAIMS_002,1107186,,,0,0,-0,0,3,0,0,Q99ZW2,,,false,Q99ZW2,Q99ZW2,,false,ENQTTQKGQK,ENQTTQKGQK,766,766,10,10,7,7,772,772,3,,-1,22.133676,22.133676,108.093498,false,true,false,false,Self ,0,0.006074,0.989829,,0,0,0,0,0,167,145,0,
Scan: 365326 Run: DIA12_CV48:20251228_A2_N1_Mueller_MS_TechHub_IMP_THIDDIAXL003_Cas9_PhoX_DIA12_CV48_250ng_FAIMS_001 P1_VLPKHSLLYEYFTVYNELTK P2_GKSDNVPSEEVVK 4 2,DIA12_CV48:20251228_A2_N1_Mueller_MS_TechHub_IMP_THIDDIAXL003_Cas9_PhoX_DIA12_CV48_250ng_FAIMS_001,365326,,,0,0,-0,0,4,0,0,Q99ZW2,,,false,Q99ZW2,Q99ZW2,,false,GKSDNVPSEEVVK,VLPKHSLLYEYFTVYNELTK,865,507,13,20,2,4,866,510,4,,-1,22.109233,22.109233,108.032391,false,true,false,false,Self ,0,0.006169,0.990154,,0,0,0,0,0,166,144,0,
Scan: 1542776 Run: DIA12_CV48:20251228_A2_N1_Mueller_MS_TechHub_IMP_THIDDIAXL003_Cas9_PhoX_DIA12_CV48_250ng_FAIMS_003 P1_SEETITPWNFEEVVDKGASAQSFIER P2_KLINGIR 16 1,DIA12_CV48:20251228_A2_N1_Mueller_MS_TechHub_IMP_THIDDIAXL003_Cas9_PhoX_DIA12_CV48_250ng_FAIMS_003,1542776,,,0,0,-0,0,4,0,0,Q99ZW2,,,false,Q99ZW2,Q99ZW2,,false,KLINGIR,SEETITPWNFEEVVDKGASAQSFIER,665,469,7,26,1,16,665,484,4,,-1,22.103146,22.103146,108.017174,false,true,false,false,Self ,0,0.006193,0.990154,,0,0,0,0,0,165,54,0,
Scan: 547443 Run: DIA12_CV48:20251228_A2_N1_Mueller_MS_TechHub_IMP_THIDDIAXL003_Cas9_PhoX_DIA12_CV48_250ng_FAIMS_001 P1_GKSDNVPSEEVVK P2_ENQTTQKGQK 2 7,DIA12_CV48:20251228_A2_N1_Mueller_MS_TechHub_IMP_THIDDIAXL003_Cas9_PhoX_DIA12_CV48_250ng_FAIMS_001,547443,,,0,0,-0,0,3,0,0,Q99ZW2,,,false,Q99ZW2,Q99ZW2,,false,ENQTTQKGQK,GKSDNVPSEEVVK,766,865,10,13,7,2,772,866,3,,-1,22.086308,22.086308,107.975079,false,true,false,false,Self ,0,0.006258,0.990154,,0,0,0,0,0,164,142,0,
Scan: 256940 Run: DIA12_CV48:20251228_A2_N1_Mueller_MS_TechHub_IMP_THIDDIAXL003_Cas9_PhoX_DIA12_CV48_250ng_FAIMS_001 P1_YKEIFFDQSK P2_YDEHHQDLTLLKALVR 2 12,DIA12_CV48:20251228_A2_N1_Mueller_MS_TechHub_IMP_THIDDIAXL003_Cas9_PhoX_DIA12_CV48_250ng_FAIMS_001,256940,,,0,0,-0,0,5,0,0,Q99ZW2,,,false,Q99ZW2,Q99ZW2,,false,YDEHHQDLTLLKALVR,YKEIFFDQSK,325,347,16,10,12,2,336,348,5,,-1,22.086162,22.086162,107.974712,false,true,false,false,Self ,0,0.006259,0.990154,,0,0,0,0,0,163,141,0,
Scan: 387758 Run: DIA12_CV48:20251228_A2_N1_Mueller_MS_TechHub_IMP_THIDDIAXL003_Cas9_PhoX_DIA12_CV48_250ng_FAIMS_001 P1_KPAFLSGEQK P2_ENQTTQKGQK 1 7,DIA12_CV48:20251228_A2_N1_Mueller_MS_TechHub_IMP_THIDDIAXL003_Cas9_PhoX_DIA12_CV48_250ng_FAIMS_001,387758,,,0,0,-0,0,3,0,0,Q99ZW2,,,false,Q99ZW2,Q99ZW2,,false,ENQTTQKGQK,KPAFLSGEQK,766,536,10,10,7,1,772,536,3,,-1,22.084164,22.084164,107.969719,false,true,false,false,Self ,0,0.006266,0.990154,,0,0,0,0,0,162,140,0,
Scan: 288880 Run: DIA12_CV48:20251228_A2_N1_Mueller_MS_TechHub_IMP_THIDDIAXL003_Cas9_PhoX_DIA12_CV48_250ng_FAIMS_001 P1_SEETITPWNFEEVVDKGASAQSFIER P2_QEDFYPFLKDNR 16 9,DIA12_CV48:20251228_A2_N1_Mueller_MS_TechHub_IMP_THIDDIAXL003_Cas9_PhoX_DIA12_CV48_250ng_FAIMS_001,288880,,,0,0,-0,0,4,0,0,Q99ZW2,,,false,Q99ZW2,Q99ZW2,,false,QEDFYPFLKDNR,SEETITPWNFEEVVDKGASAQSFIER,426,469,12,26,9,16,434,484,4,,-1,22.077095,22.077095,107.952045,false,true,false,false,Self ,0,0.006294,0.990154,,0,0,0,0,0,161,139,0,
Scan: 62759 Run: DIA12_CV48:20251228_A2_N1_Mueller_MS_TechHub_IMP_THIDDIAXL003_Cas9_PhoX_DIA12_CV48_250ng_FAIMS_001 P1_TEVQTGGFSKESILPK P2_RNSDKLIAR 10 5,DIA12_CV48:20251228_A2_N1_Mueller_MS_TechHub_IMP_THIDDIAXL003_Cas9_PhoX_DIA12_CV48_250ng_FAIMS_001,62759,,,0,0,-0,0,4,0,0,Q99ZW2,,,false,Q99ZW2,Q99ZW2,,false,RNSDKLIAR,TEVQTGGFSKESILPK,1114,1098,9,16,5,10,1118,1107,4,,-1,22.033028,22.033028,107.841877,false,true,false,false,Self ,0,0.006464,0.990479,,0,0,0,0,0,160,138,0,
Scan: 427920 Run: DIA12_CV48:20251228_A2_N1_Mueller_MS_TechHub_IMP_THIDDIAXL003_Cas9_PhoX_DIA12_CV48_250ng_FAIMS_001 P1_KLINGIR P2_KDWDPK 1 1,DIA12_CV48:20251228_A2_N1_Mueller_MS_TechHub_IMP_THIDDIAXL003_Cas9_PhoX_DIA12_CV48_250ng_FAIMS_001,427920,,,0,0,-0,0,4,0,0,Q99ZW2,,,false,Q99ZW2,Q99ZW2,,false,KDWDPK,KLINGIR,1124,665,6,7,1,1,1124,665,4,,-1,22.009084,22.009084,107.782017,false,true,false,false,Self ,0,0.006557,0.99113,,0,0,0,0,0,159,137,0,
Scan: 376379 Run: DIA12_CV48:20251228_A2_N1_Mueller_MS_TechHub_IMP_THIDDIAXL003_Cas9_PhoX_DIA12_CV48_250ng_FAIMS_001 P1_LESEFVYGDYKVYDVR P2_KPAFLSGEQK 11 1,DIA12_CV48:20251228_A2_N1_Mueller_MS_TechHub_IMP_THIDDIAXL003_Cas9_PhoX_DIA12_CV48_250ng_FAIMS_001,376379,,,0,0,-0,0,4,0,0,Q99ZW2,,,false,Q99ZW2,Q99ZW2,,false,KPAFLSGEQK,LESEFVYGDYKVYDVR,536,1004,10,16,1,11,536,1014,4,,-1,21.979019,21.979019,107.706856,false,true,false,false,Self ,0,0.006674,0.991456,,0,0,0,0,0,158,136,0,
Scan: 1308299 Run: DIA12_CV48:20251228_A2_N1_Mueller_MS_TechHub_IMP_THIDDIAXL003_Cas9_PhoX_DIA12_CV48_250ng_FAIMS_003 P1_SSFEKNPIDFLEAK P2_DLIIKLPK 5 5,DIA12_CV48:20251228_A2_N1_Mueller_MS_TechHub_IMP_THIDDIAXL003_Cas9_PhoX_DIA12_CV48_250ng_FAIMS_003,1308299,,,0,0,-0,0,3,0,0,Q99ZW2,,,false,Q99ZW2,Q99ZW2,,false,DLIIKLPK,SSFEKNPIDFLEAK,1193,1172,8,14,5,5,1197,1176,3,,-1,21.964983,21.964983,107.671764,false,true,false,false,Self ,0,0.006728,0.991456,,0,0,0,0,0,157,135,0,
Scan: 227985 Run: DIA12_CV48:20251228_A2_N1_Mueller_MS_TechHub_IMP_THIDDIAXL003_Cas9_PhoX_DIA12_CV48_250ng_FAIMS_001 P1_SNFDLAEDAKLQLSK P2_KVTVK 10 1,DIA12_CV48:20251228_A2_N1_Mueller_MS_TechHub_IMP_THIDDIAXL003_Cas9_PhoX_DIA12_CV48_250ng_FAIMS_001,227985,,,0,0,-0,0,3,0,0,Q99ZW2,,,false,Q99ZW2,Q99ZW2,,false,KVTVK,SNFDLAEDAKLQLSK,558,254,5,15,1,10,558,263,3,,-1,21.901707,21.901707,107.513577,false,true,false,false,Self ,0,0.006973,0.991782,,0,0,0,0,0,156,134,0,
Scan: 430571 Run: DIA12_CV48:20251228_A2_N1_Mueller_MS_TechHub_IMP_THIDDIAXL003_Cas9_PhoX_DIA12_CV48_250ng_FAIMS_001 P1_KLINGIR P2_DKQSGK 1 2,DIA12_CV48:20251228_A2_N1_Mueller_MS_TechHub_IMP_THIDDIAXL003_Cas9_PhoX_DIA12_CV48_250ng_FAIMS_001,430571,,,0,0,-0,0,3,0,0,Q99ZW2,,,false,Q99ZW2,Q99ZW2,,false,DKQSGK,KLINGIR,672,665,6,7,2,1,673,665,3,,-1,21.886858,21.886858,107.476452,false,true,false,false,Self ,0,0.007031,0.991782,,0,0,0,0,0,155,133,0,
Scan: 1051456 Run: DIA12_CV48:20251228_A2_N1_Mueller_MS_TechHub_IMP_THIDDIAXL003_Cas9_PhoX_DIA12_CV48_250ng_FAIMS_002 P1_KDLIIK P2_EDIQKAQVSGQGDSLHEHIANLAGSPAIK 1 5,DIA12_CV48:20251228_A2_N1_Mueller_MS_TechHub_IMP_THIDDIAXL003_Cas9_PhoX_DIA12_CV48_250ng_FAIMS_002,1051456,,,0,0,-0,0,4,0,0,Q99ZW2,,,false,Q99ZW2,Q99ZW2,,false,EDIQKAQVSGQGDSLHEHIANLAGSPAIK,KDLIIK,706,1192,29,6,5,1,710,1192,4,,-1,21.849876,21.849876,107.383999,false,true,false,false,Self ,0,0.007174,0.992108,,0,0,0,0,0,154,132,0,
Scan: 1305940 Run: DIA12_CV48:20251228_A2_N1_Mueller_MS_TechHub_IMP_THIDDIAXL003_Cas9_PhoX_DIA12_CV48_250ng_FAIMS_003 P1_SSFEKNPIDFLEAK P2_NSDKLIAR 5 4,DIA12_CV48:20251228_A2_N1_Mueller_MS_TechHub_IMP_THIDDIAXL003_Cas9_PhoX_DIA12_CV48_250ng_FAIMS_003,1305940,,,0,0,-0,0,3,0,0,Q99ZW2,,,false,Q99ZW2,Q99ZW2,,false,NSDKLIAR,SSFEKNPIDFLEAK,1115,1172,8,14,4,5,1118,1176,3,,-1,21.82666,21.82666,107.325958,false,true,false,false,Self ,0,0.007264,0.993088,,0,0,0,0,0,153,131,0,
Scan: 1143602 Run: DIA12_CV48:20251228_A2_N1_Mueller_MS_TechHub_IMP_THIDDIAXL003_Cas9_PhoX_DIA12_CV48_250ng_FAIMS_002 P1_KVTVK P2_GKSDNVPSEEVVK 1 2,DIA12_CV48:20251228_A2_N1_Mueller_MS_TechHub_IMP_THIDDIAXL003_Cas9_PhoX_DIA12_CV48_250ng_FAIMS_002,1143602,,,0,0,-0,0,3,0,0,Q99ZW2,,,false,Q99ZW2,Q99ZW2,,false,GKSDNVPSEEVVK,KVTVK,865,558,13,5,2,1,866,558,3,,-1,21.719218,21.719218,107.057354,false,true,false,false,Self ,0,0.007681,0.993742,,0,0,0,0,0,152,130,0,
Scan: 300666 Run: DIA12_CV48:20251228_A2_N1_Mueller_MS_TechHub_IMP_THIDDIAXL003_Cas9_PhoX_DIA12_CV48_250ng_FAIMS_001 P1_NSDKLIAR P2_KSEETITPWNFEEVVDK 4 1,DIA12_CV48:20251228_A2_N1_Mueller_MS_TechHub_IMP_THIDDIAXL003_Cas9_PhoX_DIA12_CV48_250ng_FAIMS_001,300666,,,0,0,-0,0,3,0,0,Q99ZW2,,,false,Q99ZW2,Q99ZW2,,false,KSEETITPWNFEEVVDK,NSDKLIAR,468,1115,17,8,1,4,468,1118,3,,-1,21.704428,21.704428,107.020378,false,true,false,false,Self ,0,0.007738,0.993742,,0,0,0,0,0,151,129,0,
Scan: 669104 Run: DIA12_CV48:20251228_A2_N1_Mueller_MS_TechHub_IMP_THIDDIAXL003_Cas9_PhoX_DIA12_CV48_250ng_FAIMS_002 P1_TEVQTGGFSKESILPK P2_KLINGIR 10 1,DIA12_CV48:20251228_A2_N1_Mueller_MS_TechHub_IMP_THIDDIAXL003_Cas9_PhoX_DIA12_CV48_250ng_FAIMS_002,669104,,,0,0,-0,0,3,0,0,Q99ZW2,,,false,Q99ZW2,Q99ZW2,,false,KLINGIR,TEVQTGGFSKESILPK,665,1098,7,16,1,10,665,1107,3,,-1,21.695947,21.695947,106.999176,false,true,false,false,Self ,0,0.007771,0.994069,,0,0,0,0,0,150,219,0,
Scan: 428947 Run: DIA12_CV48:20251228_A2_N1_Mueller_MS_TechHub_IMP_THIDDIAXL003_Cas9_PhoX_DIA12_CV48_250ng_FAIMS_001 P1_KLINGIR P2_DLIIKLPK 1 5,DIA12_CV48:20251228_A2_N1_Mueller_MS_TechHub_IMP_THIDDIAXL003_Cas9_PhoX_DIA12_CV48_250ng_FAIMS_001,428947,,,0,0,-0,0,3,0,0,Q99ZW2,,,false,Q99ZW2,Q99ZW2,,false,DLIIKLPK,KLINGIR,1193,665,8,7,5,1,1197,665,3,,-1,21.676111,21.676111,106.949585,false,true,false,false,Self ,0,0.007848,0.994397,,0,0,0,0,0,46,211,0,
Scan: 1311703 Run: DIA12_CV48:20251228_A2_N1_Mueller_MS_TechHub_IMP_THIDDIAXL003_Cas9_PhoX_DIA12_CV48_250ng_FAIMS_003 P1_SSFEKNPIDFLEAK P2_NLPNEKVLPK 5 6,DIA12_CV48:20251228_A2_N1_Mueller_MS_TechHub_IMP_THIDDIAXL003_Cas9_PhoX_DIA12_CV48_250ng_FAIMS_003,1311703,,,0,0,-0,0,4,0,0,Q99ZW2,,,false,Q99ZW2,Q99ZW2,,false,NLPNEKVLPK,SSFEKNPIDFLEAK,501,1172,10,14,6,5,506,1176,4,,-1,21.616452,21.616452,106.800438,false,true,false,false,Self ,0,0.008079,0.99571,,0,0,0,0,0,148,128,0,
Scan: 96782 Run: DIA12_CV48:20251228_A2_N1_Mueller_MS_TechHub_IMP_THIDDIAXL003_Cas9_PhoX_DIA12_CV48_250ng_FAIMS_001 P1_KTEVQTGGFSKESILPK P2_KKDWDPK 11 2,DIA12_CV48:20251228_A2_N1_Mueller_MS_TechHub_IMP_THIDDIAXL003_Cas9_PhoX_DIA12_CV48_250ng_FAIMS_001,96782,,,0,0,-0,0,4,0,0,Q99ZW2,,,false,Q99ZW2,Q99ZW2,,false,KKDWDPK,KTEVQTGGFSKESILPK,1123,1097,7,17,2,11,1124,1107,4,,-1,21.613875,21.613875,106.793995,false,true,false,false,Self ,0,0.008089,0.99571,,0,0,0,0,0,147,72,0,
Scan: 760876 Run: DIA12_CV48:20251228_A2_N1_Mueller_MS_TechHub_IMP_THIDDIAXL003_Cas9_PhoX_DIA12_CV48_250ng_FAIMS_002 P1_LKGSPEDNEQK P2_GQKNSR 2 3,DIA12_CV48:20251228_A2_N1_Mueller_MS_TechHub_IMP_THIDDIAXL003_Cas9_PhoX_DIA12_CV48_250ng_FAIMS_002,760876,,,0,0,-0,0,3,0,0,Q99ZW2,,,false,Q99ZW2,Q99ZW2,,false,GQKNSR,LKGSPEDNEQK,773,1245,6,11,3,2,775,1246,3,,-1,21.584483,21.584483,106.720516,false,true,false,false,Self ,0,0.008203,0.996367,,0,0,0,0,0,146,126,0,
Scan: 512688 Run: DIA12_CV48:20251228_A2_N1_Mueller_MS_TechHub_IMP_THIDDIAXL003_Cas9_PhoX_DIA12_CV48_250ng_FAIMS_001 P1_SNKQGR P2_IEEGIKELGSQILK 3 6,DIA12_CV48:20251228_A2_N1_Mueller_MS_TechHub_IMP_THIDDIAXL003_Cas9_PhoX_DIA12_CV48_250ng_FAIMS_001,512688,,,0,0,-0,0,3,0,0,Q99ZW2,,,false,decoy:Q99ZW2,decoy:Q99ZW2,decoy,true,IEEGIKELGSQILK,SNKQGR,784,773,14,6,6,3,789,775,3,,-1,21.568555,21.568555,106.680695,true,false,true,false,Self ,0.008264,0.011929,0.996367,,0.008197,0,1,0.008547,1,145,125,11,
Scan: 438641 Run: DIA12_CV48:20251228_A2_N1_Mueller_MS_TechHub_IMP_THIDDIAXL003_Cas9_PhoX_DIA12_CV48_250ng_FAIMS_001 P1_SSFEKNPIDFLEAK P2_QSGKTILDFLK 5 4,DIA12_CV48:20251228_A2_N1_Mueller_MS_TechHub_IMP_THIDDIAXL003_Cas9_PhoX_DIA12_CV48_250ng_FAIMS_001,438641,,,0,0,-0,0,3,0,0,Q99ZW2,,,false,Q99ZW2,Q99ZW2,,false,QSGKTILDFLK,SSFEKNPIDFLEAK,674,1172,11,14,4,5,677,1176,3,,-1,21.53539,21.53539,106.597782,false,true,false,false,Self ,0.008264,0.008628,0.996367,,0.008197,0,0,0.008547,0,144,124,0,
Scan: 142887 Run: DIA12_CV48:20251228_A2_N1_Mueller_MS_TechHub_IMP_THIDDIAXL003_Cas9_PhoX_DIA12_CV48_250ng_FAIMS_001 P1_LPKYSLFELENGR P2_ESILPKR 3 6,DIA12_CV48:20251228_A2_N1_Mueller_MS_TechHub_IMP_THIDDIAXL003_Cas9_PhoX_DIA12_CV48_250ng_FAIMS_001,142887,,,0,0,-0,0,3,0,0,Q99ZW2,,,false,Q99ZW2,Q99ZW2,,false,ESILPKR,LPKYSLFELENGR,1108,1198,7,13,6,3,1113,1200,3,,-1,21.472124,21.472124,106.439617,false,true,false,false,Self ,0.008264,0.009321,0.997355,,0.008197,0,0,0.008547,0,143,123,0,
Scan: 509448 Run: DIA12_CV48:20251228_A2_N1_Mueller_MS_TechHub_IMP_THIDDIAXL003_Cas9_PhoX_DIA12_CV48_250ng_FAIMS_001 P1_YKEIFFDQSK P2_ENQTTQKGQK 2 7,DIA12_CV48:20251228_A2_N1_Mueller_MS_TechHub_IMP_THIDDIAXL003_Cas9_PhoX_DIA12_CV48_250ng_FAIMS_001,509448,,,0,0,-0,0,3,0,0,Q99ZW2,,,false,Q99ZW2,Q99ZW2,,false,ENQTTQKGQK,YKEIFFDQSK,766,347,10,10,7,2,772,348,3,,-1,21.456999,21.456999,106.401806,false,true,false,false,Self ,0.008264,0.009487,0.998015,,0.008197,0,0,0.008547,0,142,122,0,
Scan: 377244 Run: DIA12_CV48:20251228_A2_N1_Mueller_MS_TechHub_IMP_THIDDIAXL003_Cas9_PhoX_DIA12_CV48_250ng_FAIMS_001 P1_KTEVQTGGFSK P2_KPAFLSGEQK 1 1,DIA12_CV48:20251228_A2_N1_Mueller_MS_TechHub_IMP_THIDDIAXL003_Cas9_PhoX_DIA12_CV48_250ng_FAIMS_001,377244,,,0,0,-0,0,3,0,0,Q99ZW2,,,false,Q99ZW2,Q99ZW2,,false,KPAFLSGEQK,KTEVQTGGFSK,536,1097,10,11,1,1,536,1097,3,,-1,21.44234,21.44234,106.365158,false,true,false,false,Self ,0.008264,0.009648,0.998015,,0.008197,0,0,0.008547,0,141,121,0,
Scan: 983099 Run: DIA12_CV48:20251228_A2_N1_Mueller_MS_TechHub_IMP_THIDDIAXL003_Cas9_PhoX_DIA12_CV48_250ng_FAIMS_002 P1_VTVKQLK P2_KPAFLSGEQK 4 1,DIA12_CV48:20251228_A2_N1_Mueller_MS_TechHub_IMP_THIDDIAXL003_Cas9_PhoX_DIA12_CV48_250ng_FAIMS_002,983099,,,0,0,-0,0,3,0,0,Q99ZW2,,,false,Q99ZW2,Q99ZW2,,false,KPAFLSGEQK,VTVKQLK,536,559,10,7,1,4,536,562,3,,-1,21.405893,21.405893,106.27404,false,true,false,false,Self ,0.008264,0.010047,0.998345,,0.008197,0,0,0.008547,0,140,120,0,
Scan: 143264 Run: DIA12_CV48:20251228_A2_N1_Mueller_MS_TechHub_IMP_THIDDIAXL003_Cas9_PhoX_DIA12_CV48_250ng_FAIMS_001 P1_LPKYSLFELENGR P2_KKDWDPK 3 1,DIA12_CV48:20251228_A2_N1_Mueller_MS_TechHub_IMP_THIDDIAXL003_Cas9_PhoX_DIA12_CV48_250ng_FAIMS_001,143264,,,0,0,-0,0,3,0,0,Q99ZW2,,,false,Q99ZW2,Q99ZW2,,false,KKDWDPK,LPKYSLFELENGR,1123,1198,7,13,1,3,1123,1200,3,,-1,21.389676,21.389676,106.233498,false,true,false,false,Self ,0.008264,0.010225,0.999007,,0.008197,0,0,0.008547,0,139,119,0,
Scan: 1276692 Run: DIA12_CV48:20251228_A2_N1_Mueller_MS_TechHub_IMP_THIDDIAXL003_Cas9_PhoX_DIA12_CV48_250ng_FAIMS_003 P1_NSDKLIAR P2_ESILPKR 4 6,DIA12_CV48:20251228_A2_N1_Mueller_MS_TechHub_IMP_THIDDIAXL003_Cas9_PhoX_DIA12_CV48_250ng_FAIMS_003,1276692,,,0,0,-0,0,3,0,0,Q99ZW2,,,false,Q99ZW2,Q99ZW2,,false,ESILPKR,NSDKLIAR,1108,1115,7,8,6,4,1113,1118,3,,-1,21.378754,21.378754,106.206192,false,true,false,false,Self ,0.008264,0.010345,0.999007,,0.008197,0,0,0.008547,0,138,118,0,
Scan: 360731 Run: DIA12_CV48:20251228_A2_N1_Mueller_MS_TechHub_IMP_THIDDIAXL003_Cas9_PhoX_DIA12_CV48_250ng_FAIMS_001 P1_NLPNEKVLPK P2_KLINGIR 6 1,DIA12_CV48:20251228_A2_N1_Mueller_MS_TechHub_IMP_THIDDIAXL003_Cas9_PhoX_DIA12_CV48_250ng_FAIMS_001,360731,,,0,0,-0,0,4,0,0,Q99ZW2,,,false,Q99ZW2,Q99ZW2,,false,KLINGIR,NLPNEKVLPK,665,501,7,10,1,6,665,506,4,,-1,21.361432,21.361432,106.162888,false,true,false,false,Self ,0.008264,0.010535,0.999007,,0.008197,0,0,0.008547,0,137,117,0,
Scan: 424124 Run: DIA12_CV48:20251228_A2_N1_Mueller_MS_TechHub_IMP_THIDDIAXL003_Cas9_PhoX_DIA12_CV48_250ng_FAIMS_001 P1_LKTYAHLFDDK P2_FKVLGNTDR 2 2,DIA12_CV48:20251228_A2_N1_Mueller_MS_TechHub_IMP_THIDDIAXL003_Cas9_PhoX_DIA12_CV48_250ng_FAIMS_001,424124,,,0,0,-0,0,3,0,0,Q99ZW2,,,false,Q99ZW2,Q99ZW2,,false,FKVLGNTDR,LKTYAHLFDDK,32,636,9,11,2,2,33,637,3,,-1,21.360513,21.360513,106.160591,false,true,false,false,Self ,0.008264,0.010545,0.999007,,0.008197,0,0,0.008547,0,136,116,0,
Scan: 1540674 Run: DIA12_CV48:20251228_A2_N1_Mueller_MS_TechHub_IMP_THIDDIAXL003_Cas9_PhoX_DIA12_CV48_250ng_FAIMS_003 P1_NLPNEKVLPK P2_KSEETITPWNFEEVVDKGASAQSFIER 6 17,DIA12_CV48:20251228_A2_N1_Mueller_MS_TechHub_IMP_THIDDIAXL003_Cas9_PhoX_DIA12_CV48_250ng_FAIMS_003,1540674,,,0,0,-0,0,4,0,0,Q99ZW2,,,false,Q99ZW2,Q99ZW2,,false,KSEETITPWNFEEVVDKGASAQSFIER,NLPNEKVLPK,468,501,27,10,17,6,484,506,4,,-1,21.344275,21.344275,106.119995,false,true,false,false,Self ,0.008264,0.010723,1,,0.008197,0,0,0.008547,0,135,115,0,
Scan: 376891 Run: DIA12_CV48:20251228_A2_N1_Mueller_MS_TechHub_IMP_THIDDIAXL003_Cas9_PhoX_DIA12_CV48_250ng_FAIMS_001 P1_KRPLIETNGETGEIVWDK P2_KPAFLSGEQK 1 1,DIA12_CV48:20251228_A2_N1_Mueller_MS_TechHub_IMP_THIDDIAXL003_Cas9_PhoX_DIA12_CV48_250ng_FAIMS_001,376891,,,0,0,-0,0,4,0,0,Q99ZW2,,,false,Q99ZW2,Q99ZW2,,false,KPAFLSGEQK,KRPLIETNGETGEIVWDK,536,1059,10,18,1,1,536,1059,4,,-1,21.340485,21.340485,106.110519,false,true,false,false,Self ,0.008264,0.010764,1,,0.008197,0,0,0.008547,0,134,114,0,
Scan: 1704682 Run: DIA12_CV48:20251228_A2_N1_Mueller_MS_TechHub_IMP_THIDDIAXL003_Cas9_PhoX_DIA12_CV48_250ng_FAIMS_003 P1_SKLVSDFR P2_ENQTTQKGQK 2 7,DIA12_CV48:20251228_A2_N1_Mueller_MS_TechHub_IMP_THIDDIAXL003_Cas9_PhoX_DIA12_CV48_250ng_FAIMS_003,1704682,,,0,0,-0,0,3,0,0,Q99ZW2,,,false,Q99ZW2,Q99ZW2,,false,ENQTTQKGQK,SKLVSDFR,766,960,10,8,7,2,772,961,3,,-1,21.325957,21.325957,106.0742,false,true,false,false,Self ,0.008264,0.010924,1,,0.008197,0,0,0.008547,0,133,113,0,
Scan: 35559 Run: DIA12_CV48:20251228_A2_N1_Mueller_MS_TechHub_IMP_THIDDIAXL003_Cas9_PhoX_DIA12_CV48_250ng_FAIMS_001 P1_SEQEIGKATAK P2_KTEVQTGGFSK 7 1,DIA12_CV48:20251228_A2_N1_Mueller_MS_TechHub_IMP_THIDDIAXL003_Cas9_PhoX_DIA12_CV48_250ng_FAIMS_001,35559,,,0,0,-0,0,3,0,0,Q99ZW2,,,false,Q99ZW2,Q99ZW2,,false,KTEVQTGGFSK,SEQEIGKATAK,1097,1025,11,11,1,7,1097,1031,3,,-1,21.285234,21.285234,105.972393,false,true,false,false,Self ,0.008264,0.01137,1.00166,,0.008197,0,0,0.008547,0,132,112,0,
Scan: 957809 Run: DIA12_CV48:20251228_A2_N1_Mueller_MS_TechHub_IMP_THIDDIAXL003_Cas9_PhoX_DIA12_CV48_250ng_FAIMS_002 P1_NLPNEKVLPK P2_KPAFLSGEQK 6 1,DIA12_CV48:20251228_A2_N1_Mueller_MS_TechHub_IMP_THIDDIAXL003_Cas9_PhoX_DIA12_CV48_250ng_FAIMS_002,957809,,,0,0,-0,0,3,0,0,Q99ZW2,,,false,Q99ZW2,Q99ZW2,,false,KPAFLSGEQK,NLPNEKVLPK,536,501,10,10,1,6,536,506,3,,-1,21.248912,21.248912,105.881588,false,true,false,false,Self ,0.008264,0.011768,1.002326,,0.008197,0,0,0.008547,0,131,111,0,
Scan: 259892 Run: DIA12_CV48:20251228_A2_N1_Mueller_MS_TechHub_IMP_THIDDIAXL003_Cas9_PhoX_DIA12_CV48_250ng_FAIMS_001 P1_YKEIFFDQSK P2_FNASLGTYHDLLKIIK 2 13,DIA12_CV48:20251228_A2_N1_Mueller_MS_TechHub_IMP_THIDDIAXL003_Cas9_PhoX_DIA12_CV48_250ng_FAIMS_001,259892,,,0,0,-0,0,4,0,0,Q99ZW2,,,false,Q99ZW2,Q99ZW2,,false,FNASLGTYHDLLKIIK,YKEIFFDQSK,587,347,16,10,13,2,599,348,4,,-1,21.245988,21.245988,105.874279,false,true,false,false,Self ,0.008264,0.0118,1.002326,,0.008197,0,0,0.008547,0,130,110,0,
Scan: 1537668 Run: DIA12_CV48:20251228_A2_N1_Mueller_MS_TechHub_IMP_THIDDIAXL003_Cas9_PhoX_DIA12_CV48_250ng_FAIMS_003 P1_KSEETITPWNFEEVVDKGASAQSFIER P2_FKVLGNTDR 17 2,DIA12_CV48:20251228_A2_N1_Mueller_MS_TechHub_IMP_THIDDIAXL003_Cas9_PhoX_DIA12_CV48_250ng_FAIMS_003,1537668,,,0,0,-0,0,4,0,0,Q99ZW2,,,false,Q99ZW2,Q99ZW2,,false,FKVLGNTDR,KSEETITPWNFEEVVDKGASAQSFIER,32,468,9,27,2,17,33,484,4,,-1,21.213411,21.213411,105.792835,false,true,false,false,Self ,0.008264,0.012157,1.002992,,0.008197,0,0,0.008547,0,129,109,0,
Scan: 1260216 Run: DIA12_CV48:20251228_A2_N1_Mueller_MS_TechHub_IMP_THIDDIAXL003_Cas9_PhoX_DIA12_CV48_250ng_FAIMS_003 P1_TEVQTGGFSKESILPK P2_KYGGFDSPTVAYSVLVVAK 10 1,DIA12_CV48:20251228_A2_N1_Mueller_MS_TechHub_IMP_THIDDIAXL003_Cas9_PhoX_DIA12_CV48_250ng_FAIMS_003,1260216,,,0,0,-0,0,4,0,0,Q99ZW2,,,false,Q99ZW2,Q99ZW2,,false,KYGGFDSPTVAYSVLVVAK,TEVQTGGFSKESILPK,1130,1098,19,16,1,10,1130,1107,4,,-1,21.194279,21.194279,105.745007,false,true,false,false,Self ,0.008264,0.012367,1.004328,,0.008197,0,0,0.008547,0,128,108,0,
Scan: 385705 Run: DIA12_CV48:20251228_A2_N1_Mueller_MS_TechHub_IMP_THIDDIAXL003_Cas9_PhoX_DIA12_CV48_250ng_FAIMS_001 P1_KPAFLSGEQK P2_AIVDLLFKTNR 1 8,DIA12_CV48:20251228_A2_N1_Mueller_MS_TechHub_IMP_THIDDIAXL003_Cas9_PhoX_DIA12_CV48_250ng_FAIMS_001,385705,,,0,0,-0,0,3,0,0,Q99ZW2,,,false,Q99ZW2,Q99ZW2,,false,AIVDLLFKTNR,KPAFLSGEQK,547,536,11,10,8,1,554,536,3,,-1,21.192426,21.192426,105.740372,false,true,false,false,Self ,0.008264,0.012387,1.004328,,0.008197,0,0,0.008547,0,127,107,0,
Scan: 1141366 Run: DIA12_CV48:20251228_A2_N1_Mueller_MS_TechHub_IMP_THIDDIAXL003_Cas9_PhoX_DIA12_CV48_250ng_FAIMS_002 P1_KTEVQTGGFSK P2_GKSDNVPSEEVVK 1 2,DIA12_CV48:20251228_A2_N1_Mueller_MS_TechHub_IMP_THIDDIAXL003_Cas9_PhoX_DIA12_CV48_250ng_FAIMS_002,1141366,,,0,0,-0,0,3,0,0,Q99ZW2,,,false,Q99ZW2,Q99ZW2,,false,GKSDNVPSEEVVK,KTEVQTGGFSK,865,1097,13,11,2,1,866,1097,3,,-1,21.178773,21.178773,105.706242,false,true,false,false,Self ,0.008264,0.012537,1.004328,,0.008197,0,0,0.008547,0,126,106,0,
Scan: 1286926 Run: DIA12_CV48:20251228_A2_N1_Mueller_MS_TechHub_IMP_THIDDIAXL003_Cas9_PhoX_DIA12_CV48_250ng_FAIMS_003 P1_NSDKLIAR P2_GQKNSR 4 3,DIA12_CV48:20251228_A2_N1_Mueller_MS_TechHub_IMP_THIDDIAXL003_Cas9_PhoX_DIA12_CV48_250ng_FAIMS_003,1286926,,,0,0,-0,0,4,0,0,Q99ZW2,,,false,Q99ZW2,Q99ZW2,,false,GQKNSR,NSDKLIAR,773,1115,6,8,3,4,775,1118,4,,-1,21.173375,21.173375,105.692745,false,true,false,false,Self ,0.008264,0.012596,1.004328,,0.008197,0,0,0.008547,0,125,105,0,
Scan: 1652610 Run: DIA12_CV48:20251228_A2_N1_Mueller_MS_TechHub_IMP_THIDDIAXL003_Cas9_PhoX_DIA12_CV48_250ng_FAIMS_003 P1_KPAFLSGEQK P2_EDIQKAQVSGQGDSLHEHIANLAGSPAIK 1 5,DIA12_CV48:20251228_A2_N1_Mueller_MS_TechHub_IMP_THIDDIAXL003_Cas9_PhoX_DIA12_CV48_250ng_FAIMS_003,1652610,,,0,0,-0,0,4,0,0,Q99ZW2,,,false,Q99ZW2,Q99ZW2,,false,EDIQKAQVSGQGDSLHEHIANLAGSPAIK,KPAFLSGEQK,706,536,29,10,5,1,710,536,4,,-1,21.171918,21.171918,105.689102,false,true,false,false,Self ,0.008264,0.012612,1.004328,,0.008197,0,0,0.008547,0,124,104,0,
Scan: 586104 Run: DIA12_CV48:20251228_A2_N1_Mueller_MS_TechHub_IMP_THIDDIAXL003_Cas9_PhoX_DIA12_CV48_250ng_FAIMS_001 P1_YDENDKLIR P2_IEKILTFR 6 3,DIA12_CV48:20251228_A2_N1_Mueller_MS_TechHub_IMP_THIDDIAXL003_Cas9_PhoX_DIA12_CV48_250ng_FAIMS_001,586104,,,0,0,-0,0,3,0,0,Q99ZW2,,,false,Q99ZW2,Q99ZW2,,false,IEKILTFR,YDENDKLIR,440,943,8,9,3,6,442,948,3,,-1,21.12879,21.12879,105.581284,false,true,false,false,Self ,0.008264,0.013085,1.004997,,0,0,0,0,0,73,212,0,
Scan: 1202260 Run: DIA12_CV48:20251228_A2_N1_Mueller_MS_TechHub_IMP_THIDDIAXL003_Cas9_PhoX_DIA12_CV48_250ng_FAIMS_003 P1_YDENDKLIR P2_LESEFVYGDYKVYDVR 6 11,DIA12_CV48:20251228_A2_N1_Mueller_MS_TechHub_IMP_THIDDIAXL003_Cas9_PhoX_DIA12_CV48_250ng_FAIMS_003,1202260,,,0,0,-0,0,4,0,0,Q99ZW2,,,false,Q99ZW2,Q99ZW2,,false,LESEFVYGDYKVYDVR,YDENDKLIR,1004,943,16,9,11,6,1014,948,4,,-1,21.073393,21.073393,105.442791,false,true,false,false,Self ,0.008264,0.013692,1.005667,,0,0,0,0,0,118,214,0,
Scan: 412103 Run: DIA12_CV48:20251228_A2_N1_Mueller_MS_TechHub_IMP_THIDDIAXL003_Cas9_PhoX_DIA12_CV48_250ng_FAIMS_001 P1_KVTVKQLK P2_KIECFDSVEISGVEDR 5 1,DIA12_CV48:20251228_A2_N1_Mueller_MS_TechHub_IMP_THIDDIAXL003_Cas9_PhoX_DIA12_CV48_250ng_FAIMS_001,412103,,,0,0,-0,0,3,0,0,Q99ZW2,,,false,Q99ZW2,Q99ZW2,,false,KIECFDSVEISGVEDR,KVTVKQLK,571,558,16,8,1,5,571,562,3,,-1,21.066194,21.066194,105.424793,false,true,false,false,Self ,0.008264,0.013771,1.005667,,0.008197,0,0,0,0,121,88,0,
Scan: 95979 Run: DIA12_CV48:20251228_A2_N1_Mueller_MS_TechHub_IMP_THIDDIAXL003_Cas9_PhoX_DIA12_CV48_250ng_FAIMS_001 P1_KKDWDPK P2_DKQSGK 1 2,DIA12_CV48:20251228_A2_N1_Mueller_MS_TechHub_IMP_THIDDIAXL003_Cas9_PhoX_DIA12_CV48_250ng_FAIMS_001,95979,,,0,0,-0,0,4,0,0,Q99ZW2,,,false,Q99ZW2,Q99ZW2,,false,DKQSGK,KKDWDPK,672,1123,6,7,2,1,673,1123,4,,-1,21.04328,21.04328,105.367508,false,true,false,false,Self ,0.008264,0.014022,1.005667,,0.008197,0,0,0.008547,0,120,102,0,
Scan: 1190526 Run: DIA12_CV48:20251228_A2_N1_Mueller_MS_TechHub_IMP_THIDDIAXL003_Cas9_PhoX_DIA12_CV48_250ng_FAIMS_002 P1_KDFQFYK P2_GSPEDNEQKQLFVEQHK 1 9,DIA12_CV48:20251228_A2_N1_Mueller_MS_TechHub_IMP_THIDDIAXL003_Cas9_PhoX_DIA12_CV48_250ng_FAIMS_002,1190526,,,0,0,-0,0,3,0,0,Q99ZW2,,,false,Q99ZW2,Q99ZW2,,false,GSPEDNEQKQLFVEQHK,KDFQFYK,1247,968,17,7,9,1,1255,968,3,,-1,21.034009,21.034009,105.34433,false,true,false,false,Self ,0.008264,0.014124,1.005667,,0.008197,0,0,0.008547,0,119,101,0,
Scan: 1779437 Run: DIA12_CV48:20251228_A2_N1_Mueller_MS_TechHub_IMP_THIDDIAXL003_Cas9_PhoX_DIA12_CV48_250ng_FAIMS_003 P1_YDENDKLIR P2_LESEFVYGDYKVYDVR 6 11,DIA12_CV48:20251228_A2_N1_Mueller_MS_TechHub_IMP_THIDDIAXL003_Cas9_PhoX_DIA12_CV48_250ng_FAIMS_003,1779437,,,0,0,-0,0,3,0,0,Q99ZW2,,,false,Q99ZW2,Q99ZW2,,false,LESEFVYGDYKVYDVR,YDENDKLIR,1004,943,16,9,11,6,1014,948,3,,-1,21.019585,21.019585,105.30827,false,true,false,false,Self ,0.008264,0.014282,1.006002,,0,0,0,0,0,118,214,0,
Scan: 1381357 Run: DIA12_CV48:20251228_A2_N1_Mueller_MS_TechHub_IMP_THIDDIAXL003_Cas9_PhoX_DIA12_CV48_250ng_FAIMS_003 P1_VLSAYNKHR P2_DKPIR 7 2,DIA12_CV48:20251228_A2_N1_Mueller_MS_TechHub_IMP_THIDDIAXL003_Cas9_PhoX_DIA12_CV48_250ng_FAIMS_003,1381357,,,0,0,-0,0,3,0,0,Q99ZW2,,,false,Q99ZW2,Q99ZW2,,false,DKPIR,VLSAYNKHR,1299,1290,5,9,2,7,1300,1296,3,,-1,21.01339,21.01339,105.292782,false,true,false,false,Self ,0.008264,0.01435,1.006002,,0.008197,0,0,0.008547,0,117,100,0,
Scan: 1026568 Run: DIA12_CV48:20251228_A2_N1_Mueller_MS_TechHub_IMP_THIDDIAXL003_Cas9_PhoX_DIA12_CV48_250ng_FAIMS_002 P1_KSEETITPWNFEEVVDK P2_KLINGIR 1 1,DIA12_CV48:20251228_A2_N1_Mueller_MS_TechHub_IMP_THIDDIAXL003_Cas9_PhoX_DIA12_CV48_250ng_FAIMS_002,1026568,,,0,0,-0,0,3,0,0,Q99ZW2,,,false,Q99ZW2,Q99ZW2,,false,KLINGIR,KSEETITPWNFEEVVDK,665,468,7,17,1,1,665,468,3,,-1,20.998495,20.998495,105.255547,false,true,false,false,Self ,0.008264,0.014513,1.006338,,0.008197,0,0,0.008547,0,116,99,0,
Scan: 1298039 Run: DIA12_CV48:20251228_A2_N1_Mueller_MS_TechHub_IMP_THIDDIAXL003_Cas9_PhoX_DIA12_CV48_250ng_FAIMS_003 P1_NSDKLIAR P2_KYGGFDSPTVAYSVLVVAK 4 1,DIA12_CV48:20251228_A2_N1_Mueller_MS_TechHub_IMP_THIDDIAXL003_Cas9_PhoX_DIA12_CV48_250ng_FAIMS_003,1298039,,,0,0,-0,0,3,0,0,Q99ZW2,,,false,Q99ZW2,Q99ZW2,,false,KYGGFDSPTVAYSVLVVAK,NSDKLIAR,1130,1115,19,8,1,4,1130,1118,3,,-1,20.98513,20.98513,105.222134,false,true,false,false,Self ,0.008264,0.014659,1.006338,,0,0,0,0,0,45,209,0,
Scan: 104286 Run: DIA12_CV48:20251228_A2_N1_Mueller_MS_TechHub_IMP_THIDDIAXL003_Cas9_PhoX_DIA12_CV48_250ng_FAIMS_001 P1_KYGGFDSPTVAYSVLVVAK P2_KKDWDPK 1 1,DIA12_CV48:20251228_A2_N1_Mueller_MS_TechHub_IMP_THIDDIAXL003_Cas9_PhoX_DIA12_CV48_250ng_FAIMS_001,104286,,,0,0,-0,0,3,0,0,Q99ZW2,,,false,Q99ZW2,Q99ZW2,,false,KKDWDPK,KYGGFDSPTVAYSVLVVAK,1123,1130,7,19,1,1,1123,1130,3,,-1,20.926077,20.926077,105.074501,false,true,false,false,Self ,0.008264,0.015307,1.007009,,0.008197,0,0,0.008547,0,114,98,0,
Scan: 615820 Run: DIA12_CV48:20251228_A2_N1_Mueller_MS_TechHub_IMP_THIDDIAXL003_Cas9_PhoX_DIA12_CV48_250ng_FAIMS_002 P1_VLPKHSLLYEYFTVYNELTK P2_EHKKDEEVLFSEELR 4 4,DIA12_CV48:20251228_A2_N1_Mueller_MS_TechHub_IMP_THIDDIAXL003_Cas9_PhoX_DIA12_CV48_250ng_FAIMS_002,615820,,,0,0,-0,0,4,0,0,decoy:Q99ZW2,decoy:,decoy,true,Q99ZW2,Q99ZW2,,false,EHKKDEEVLFSEELR,VLPKHSLLYEYFTVYNELTK,101,507,15,20,4,4,104,510,4,,-1,20.8858,20.8858,104.973808,true,false,true,false,Self ,0.015748,0.021548,1.007009,,0.015625,1,0,0.01626,1,113,97,11,
Scan: 1749831 Run: DIA12_CV48:20251228_A2_N1_Mueller_MS_TechHub_IMP_THIDDIAXL003_Cas9_PhoX_DIA12_CV48_250ng_FAIMS_003 P1_SDNVPSEEVVKK P2_NSDKLIAR 11 4,DIA12_CV48:20251228_A2_N1_Mueller_MS_TechHub_IMP_THIDDIAXL003_Cas9_PhoX_DIA12_CV48_250ng_FAIMS_003,1749831,,,0,0,-0,0,3,0,0,Q99ZW2,,,false,Q99ZW2,Q99ZW2,,false,NSDKLIAR,SDNVPSEEVVKK,1115,867,8,12,4,11,1118,877,3,,-1,20.876138,20.876138,104.949654,false,true,false,false,Self ,0.015748,0.016649,1.007009,,0.015625,0,0,0.01626,0,112,96,0,
Scan: 1380950 Run: DIA12_CV48:20251228_A2_N1_Mueller_MS_TechHub_IMP_THIDDIAXL003_Cas9_PhoX_DIA12_CV48_250ng_FAIMS_003 P1_VLSAYNKHR P2_KRPLIETNGETGEIVWDK 7 1,DIA12_CV48:20251228_A2_N1_Mueller_MS_TechHub_IMP_THIDDIAXL003_Cas9_PhoX_DIA12_CV48_250ng_FAIMS_003,1380950,,,0,0,-0,0,4,0,0,Q99ZW2,,,false,Q99ZW2,Q99ZW2,,false,KRPLIETNGETGEIVWDK,VLSAYNKHR,1059,1290,18,9,1,7,1059,1296,4,,-1,20.869987,20.869987,104.934277,false,true,false,false,Self ,0.015748,0.017222,1.007009,,0.015625,0,0,0.01626,0,111,95,0,
Scan: 676033 Run: DIA12_CV48:20251228_A2_N1_Mueller_MS_TechHub_IMP_THIDDIAXL003_Cas9_PhoX_DIA12_CV48_250ng_FAIMS_002 P1_SSFEKNPIDFLEAK P2_ESILPKR 5 6,DIA12_CV48:20251228_A2_N1_Mueller_MS_TechHub_IMP_THIDDIAXL003_Cas9_PhoX_DIA12_CV48_250ng_FAIMS_002,676033,,,0,0,-0,0,4,0,0,Q99ZW2,,,false,Q99ZW2,Q99ZW2,,false,ESILPKR,SSFEKNPIDFLEAK,1108,1172,7,14,6,5,1113,1176,4,,-1,20.856174,20.856174,104.899742,false,true,false,false,Self ,0.015748,0.018511,1.007009,,0.015625,0,0,0.01626,0,110,94,0,
Scan: 1495625 Run: DIA12_CV48:20251228_A2_N1_Mueller_MS_TechHub_IMP_THIDDIAXL003_Cas9_PhoX_DIA12_CV48_250ng_FAIMS_003 P1_SSFEKNPIDFLEAK P2_KSEETITPWNFEEVVDK 5 1,DIA12_CV48:20251228_A2_N1_Mueller_MS_TechHub_IMP_THIDDIAXL003_Cas9_PhoX_DIA12_CV48_250ng_FAIMS_003,1495625,,,0,0,-0,0,4,0,0,Q99ZW2,,,false,Q99ZW2,Q99ZW2,,false,KSEETITPWNFEEVVDK,SSFEKNPIDFLEAK,468,1172,17,14,1,5,468,1176,4,,-1,20.839995,20.839995,104.859295,false,true,false,false,Self ,0.015748,0.020019,1.007009,,0.015625,0,0,0.01626,0,109,93,0,
Scan: 243332 Run: DIA12_CV48:20251228_A2_N1_Mueller_MS_TechHub_IMP_THIDDIAXL003_Cas9_PhoX_DIA12_CV48_250ng_FAIMS_001 P1_KSEETITPWNFEEVVDK P2_FKVLGNTDR 1 2,DIA12_CV48:20251228_A2_N1_Mueller_MS_TechHub_IMP_THIDDIAXL003_Cas9_PhoX_DIA12_CV48_250ng_FAIMS_001,243332,,,0,0,-0,0,3,0,0,Q99ZW2,,,false,Q99ZW2,Q99ZW2,,false,FKVLGNTDR,KSEETITPWNFEEVVDK,32,468,9,17,2,1,33,468,3,,-1,20.834605,20.834605,104.845821,false,true,false,false,Self ,0.015748,0.020522,1.007346,,0.015625,0,0,0.01626,0,108,92,0,
Scan: 741111 Run: DIA12_CV48:20251228_A2_N1_Mueller_MS_TechHub_IMP_THIDDIAXL003_Cas9_PhoX_DIA12_CV48_250ng_FAIMS_002 P1_LPKYSLFELENGR P2_KYGGFDSPTVAYSVLVVAK 3 1,DIA12_CV48:20251228_A2_N1_Mueller_MS_TechHub_IMP_THIDDIAXL003_Cas9_PhoX_DIA12_CV48_250ng_FAIMS_002,741111,,,0,0,-0,0,4,0,0,Q99ZW2,,,false,Q99ZW2,Q99ZW2,,false,KYGGFDSPTVAYSVLVVAK,LPKYSLFELENGR,1130,1198,19,13,1,3,1130,1200,4,,-1,20.807275,20.807275,104.777496,false,true,false,false,Self ,0.015748,0.02307,1.008019,,0.015625,0,0,0.01626,0,107,91,0,
Scan: 1731069 Run: DIA12_CV48:20251228_A2_N1_Mueller_MS_TechHub_IMP_THIDDIAXL003_Cas9_PhoX_DIA12_CV48_250ng_FAIMS_003 P1_QGKQTTQNEK P2_EHPVENTQLQNEKLYLYYLQNGR 3 13,DIA12_CV48:20251228_A2_N1_Mueller_MS_TechHub_IMP_THIDDIAXL003_Cas9_PhoX_DIA12_CV48_250ng_FAIMS_003,1731069,,,0,0,-0,0,4,0,0,Q99ZW2,,,false,decoy:Q99ZW2,decoy:Q99ZW2,decoy,true,EHPVENTQLQNEKLYLYYLQNGR,QGKQTTQNEK,798,766,23,10,13,3,810,768,4,,-1,20.807201,20.807201,104.777309,true,false,true,false,Self ,0.023077,0.023594,1.008019,,0.023077,0,1,0.024194,1,106,90,11,
Scan: 510323 Run: DIA12_CV48:20251228_A2_N1_Mueller_MS_TechHub_IMP_THIDDIAXL003_Cas9_PhoX_DIA12_CV48_250ng_FAIMS_001 P1_ENQTTQKGQK P2_AGFIKR 7 5,DIA12_CV48:20251228_A2_N1_Mueller_MS_TechHub_IMP_THIDDIAXL003_Cas9_PhoX_DIA12_CV48_250ng_FAIMS_001,510323,,,0,0,-0,0,3,0,0,Q99ZW2,,,false,Q99ZW2,Q99ZW2,,false,AGFIKR,ENQTTQKGQK,914,766,6,10,5,7,918,772,3,,-1,20.781219,20.781219,104.712357,false,true,false,false,Self ,0.023077,0.025919,1.008356,,0.023077,0,0,0.024194,0,105,89,0,
Scan: 1012819 Run: DIA12_CV48:20251228_A2_N1_Mueller_MS_TechHub_IMP_THIDDIAXL003_Cas9_PhoX_DIA12_CV48_250ng_FAIMS_002 P1_VTVKQLK P2_KIECFDSVEISGVEDR 4 1,DIA12_CV48:20251228_A2_N1_Mueller_MS_TechHub_IMP_THIDDIAXL003_Cas9_PhoX_DIA12_CV48_250ng_FAIMS_002,1012819,,,0,0,-0,0,4,0,0,Q99ZW2,,,false,Q99ZW2,Q99ZW2,,false,KIECFDSVEISGVEDR,VTVKQLK,571,559,16,7,1,4,571,562,4,,-1,20.762947,20.762947,104.666676,false,true,false,false,Self ,0.023077,0.027918,1.008356,,0.023077,0,0,0,0,104,88,0,
Scan: 452912 Run: DIA12_CV48:20251228_A2_N1_Mueller_MS_TechHub_IMP_THIDDIAXL003_Cas9_PhoX_DIA12_CV48_250ng_FAIMS_001 P1_NSDKLIAR P2_EDIQKAQVSGQGDSLHEHIANLAGSPAIK 4 5,DIA12_CV48:20251228_A2_N1_Mueller_MS_TechHub_IMP_THIDDIAXL003_Cas9_PhoX_DIA12_CV48_250ng_FAIMS_001,452912,,,0,0,-0,0,5,0,0,Q99ZW2,,,false,Q99ZW2,Q99ZW2,,false,EDIQKAQVSGQGDSLHEHIANLAGSPAIK,NSDKLIAR,706,1115,29,8,5,4,710,1118,5,,-1,20.762039,20.762039,104.664406,false,true,false,false,Self ,0.023077,0.028017,1.008356,,0,0,0,0,0,37,50,0,
Scan: 1333982 Run: DIA12_CV48:20251228_A2_N1_Mueller_MS_TechHub_IMP_THIDDIAXL003_Cas9_PhoX_DIA12_CV48_250ng_FAIMS_003 P1_IILDKK P2_EDIQKAQVSGQGDSLHEHIANLAGSPAIK 5 5,DIA12_CV48:20251228_A2_N1_Mueller_MS_TechHub_IMP_THIDDIAXL003_Cas9_PhoX_DIA12_CV48_250ng_FAIMS_003,1333982,,,0,0,-0,0,4,0,0,Q99ZW2,,,false,decoy:Q99ZW2,decoy:Q99ZW2,decoy,true,EDIQKAQVSGQGDSLHEHIANLAGSPAIK,IILDKK,706,1192,29,6,5,5,710,1196,4,,-1,20.753188,20.753188,104.642277,true,false,true,false,Self ,0.028986,0.02477,1.008356,,0.028986,0,1,0.030534,1,102,87,11,
Scan: 1737746 Run: DIA12_CV48:20251228_A2_N1_Mueller_MS_TechHub_IMP_THIDDIAXL003_Cas9_PhoX_DIA12_CV48_250ng_FAIMS_003 P1_SDKNR P2_GKSDNVPSEEVVKK 3 2,DIA12_CV48:20251228_A2_N1_Mueller_MS_TechHub_IMP_THIDDIAXL003_Cas9_PhoX_DIA12_CV48_250ng_FAIMS_003,1737746,,,0,0,-0,0,4,0,0,Q99ZW2,,,false,Q99ZW2,Q99ZW2,,false,GKSDNVPSEEVVKK,SDKNR,865,860,14,5,2,3,866,862,4,,-1,20.736958,20.736958,104.601704,false,true,false,false,Self ,0.028986,0.029014,1.008356,,0.028986,0,0,0,0,101,86,0,
Scan: 1609602 Run: DIA12_CV48:20251228_A2_N1_Mueller_MS_TechHub_IMP_THIDDIAXL003_Cas9_PhoX_DIA12_CV48_250ng_FAIMS_003 P1_KVTVK P2_KIECFDSVEISGVEDR 1 1,DIA12_CV48:20251228_A2_N1_Mueller_MS_TechHub_IMP_THIDDIAXL003_Cas9_PhoX_DIA12_CV48_250ng_FAIMS_003,1609602,,,0,0,-0,0,3,0,0,Q99ZW2,,,false,Q99ZW2,Q99ZW2,,false,KIECFDSVEISGVEDR,KVTVK,571,558,16,5,1,1,571,558,3,,-1,20.711729,20.711729,104.538631,false,true,false,false,Self ,0.028986,0.029059,1.00903,,0.028986,0,0,0.030534,0,100,85,0,
Scan: 1273603 Run: DIA12_CV48:20251228_A2_N1_Mueller_MS_TechHub_IMP_THIDDIAXL003_Cas9_PhoX_DIA12_CV48_250ng_FAIMS_003 P1_KLINGIR P2_ESILPKR 1 6,DIA12_CV48:20251228_A2_N1_Mueller_MS_TechHub_IMP_THIDDIAXL003_Cas9_PhoX_DIA12_CV48_250ng_FAIMS_003,1273603,,,0,0,-0,0,4,0,0,Q99ZW2,,,false,Q99ZW2,Q99ZW2,,false,ESILPKR,KLINGIR,1108,665,7,7,6,1,1113,665,4,,-1,20.700633,20.700633,104.510891,false,true,false,false,Self ,0.028986,0.029079,1.009368,,0.028986,0,0,0.030534,0,99,84,0,
Scan: 1165807 Run: DIA12_CV48:20251228_A2_N1_Mueller_MS_TechHub_IMP_THIDDIAXL003_Cas9_PhoX_DIA12_CV48_250ng_FAIMS_002 P1_GGLSELDKAGFIK P2_FDNLTKAER 8 6,DIA12_CV48:20251228_A2_N1_Mueller_MS_TechHub_IMP_THIDDIAXL003_Cas9_PhoX_DIA12_CV48_250ng_FAIMS_002,1165807,,,0,0,-0,0,3,0,0,Q99ZW2,,,false,Q99ZW2,Q99ZW2,,false,FDNLTKAER,GGLSELDKAGFIK,897,906,9,13,6,8,902,913,3,,-1,20.67576,20.67576,104.448708,false,true,false,false,Self ,0.028986,0.029124,1.009033,,0.028986,0,0,0.030534,0,98,83,0,
Scan: 958018 Run: DIA12_CV48:20251228_A2_N1_Mueller_MS_TechHub_IMP_THIDDIAXL003_Cas9_PhoX_DIA12_CV48_250ng_FAIMS_002 P1_VLPKHSLLYEYFTVYNELTK P2_SEQEIGKATAK 4 7,DIA12_CV48:20251228_A2_N1_Mueller_MS_TechHub_IMP_THIDDIAXL003_Cas9_PhoX_DIA12_CV48_250ng_FAIMS_002,958018,,,0,0,-0,0,4,0,0,Q99ZW2,,,false,Q99ZW2,Q99ZW2,,false,SEQEIGKATAK,VLPKHSLLYEYFTVYNELTK,1025,507,11,20,7,4,1031,510,4,,-1,20.674933,20.674933,104.44664,false,true,false,false,Self ,0.028986,0.029125,1.009033,,0.028986,0,0,0.030534,0,97,82,0,
Scan: 309719 Run: DIA12_CV48:20251228_A2_N1_Mueller_MS_TechHub_IMP_THIDDIAXL003_Cas9_PhoX_DIA12_CV48_250ng_FAIMS_001 P1_KVTVK P2_KSEETITPWNFEEVVDK 1 1,DIA12_CV48:20251228_A2_N1_Mueller_MS_TechHub_IMP_THIDDIAXL003_Cas9_PhoX_DIA12_CV48_250ng_FAIMS_001,309719,,,0,0,-0,0,3,0,0,Q99ZW2,,,false,Q99ZW2,Q99ZW2,,false,KSEETITPWNFEEVVDK,KVTVK,468,558,17,5,1,1,468,558,3,,-1,20.655606,20.655606,104.398323,false,true,false,false,Self ,0.028986,0.02916,1.009371,,0.028986,0,0,0.030534,0,96,81,0,
Scan: 1145045 Run: DIA12_CV48:20251228_A2_N1_Mueller_MS_TechHub_IMP_THIDDIAXL003_Cas9_PhoX_DIA12_CV48_250ng_FAIMS_002 P1_GKSDNVPSEEVVK P2_DDSIDNKVLTR 2 7,DIA12_CV48:20251228_A2_N1_Mueller_MS_TechHub_IMP_THIDDIAXL003_Cas9_PhoX_DIA12_CV48_250ng_FAIMS_002,1145045,,,0,0,-0,0,3,0,0,Q99ZW2,,,false,Q99ZW2,Q99ZW2,,false,DDSIDNKVLTR,GKSDNVPSEEVVK,849,865,11,13,7,2,855,866,3,,-1,20.648723,20.648723,104.381115,false,true,false,false,Self ,0.028986,0.029172,1.009371,,0.028986,0,0,0.030534,0,95,80,0,
Scan: 903460 Run: DIA12_CV48:20251228_A2_N1_Mueller_MS_TechHub_IMP_THIDDIAXL003_Cas9_PhoX_DIA12_CV48_250ng_FAIMS_002 P1_KSEETITPWNFEEVVDK P2_IEKILTFR 1 3,DIA12_CV48:20251228_A2_N1_Mueller_MS_TechHub_IMP_THIDDIAXL003_Cas9_PhoX_DIA12_CV48_250ng_FAIMS_002,903460,,,0,0,-0,0,4,0,0,Q99ZW2,,,false,Q99ZW2,Q99ZW2,,false,IEKILTFR,KSEETITPWNFEEVVDK,440,468,8,17,3,1,442,468,4,,-1,20.641138,20.641138,104.362152,false,true,false,false,Self ,0.028986,0.029185,1.009371,,0.028986,0,0,0.030534,0,94,79,0,
Scan: 672765 Run: DIA12_CV48:20251228_A2_N1_Mueller_MS_TechHub_IMP_THIDDIAXL003_Cas9_PhoX_DIA12_CV48_250ng_FAIMS_002 P1_SSFEKNPIDFLEAK P2_KPLISER 5 1,DIA12_CV48:20251228_A2_N1_Mueller_MS_TechHub_IMP_THIDDIAXL003_Cas9_PhoX_DIA12_CV48_250ng_FAIMS_002,672765,,,0,0,-0,0,4,0,0,decoy:Q99ZW2,decoy:,decoy,true,Q99ZW2,Q99ZW2,,false,KPLISER,SSFEKNPIDFLEAK,1108,1172,7,14,1,5,1108,1176,4,,-1,20.610608,20.610608,104.285828,true,false,true,false,Self ,0.02924,0.029615,1.009371,,0.030488,1,0,0.032468,1,93,78,11,
Scan: 361355 Run: DIA12_CV48:20251228_A2_N1_Mueller_MS_TechHub_IMP_THIDDIAXL003_Cas9_PhoX_DIA12_CV48_250ng_FAIMS_001 P1_VLPKHSLLYEYFTVYNELTK P2_NSDKLIAR 4 4,DIA12_CV48:20251228_A2_N1_Mueller_MS_TechHub_IMP_THIDDIAXL003_Cas9_PhoX_DIA12_CV48_250ng_FAIMS_001,361355,,,0,0,-0,0,4,0,0,Q99ZW2,,,false,Q99ZW2,Q99ZW2,,false,NSDKLIAR,VLPKHSLLYEYFTVYNELTK,1115,507,8,20,4,4,1118,510,4,,-1,20.576172,20.576172,104.199738,false,true,false,false,Self ,0.02924,0.029407,1.010047,,0.030488,0,0,0.032468,0,92,77,0,
Scan: 347934 Run: DIA12_CV48:20251228_A2_N1_Mueller_MS_TechHub_IMP_THIDDIAXL003_Cas9_PhoX_DIA12_CV48_250ng_FAIMS_001 P1_SEETITPWNFEEVVDKGASAQSFIER P2_KAIVDLLFK 16 1,DIA12_CV48:20251228_A2_N1_Mueller_MS_TechHub_IMP_THIDDIAXL003_Cas9_PhoX_DIA12_CV48_250ng_FAIMS_001,347934,,,0,0,-0,0,4,0,0,Q99ZW2,,,false,Q99ZW2,Q99ZW2,,false,KAIVDLLFK,SEETITPWNFEEVVDKGASAQSFIER,546,469,9,26,1,16,546,484,4,,-1,20.568317,20.568317,104.180099,false,true,false,false,Self ,0.02924,0.029445,1.010047,,0.030488,0,0,0.032468,0,91,76,0,
Scan: 1631211 Run: DIA12_CV48:20251228_A2_N1_Mueller_MS_TechHub_IMP_THIDDIAXL003_Cas9_PhoX_DIA12_CV48_250ng_FAIMS_003 P1_SSFEKNPIDFLEAK P2_DKQSGK 5 2,DIA12_CV48:20251228_A2_N1_Mueller_MS_TechHub_IMP_THIDDIAXL003_Cas9_PhoX_DIA12_CV48_250ng_FAIMS_003,1631211,,,0,0,-0,0,3,0,0,Q99ZW2,,,false,Q99ZW2,Q99ZW2,,false,DKQSGK,SSFEKNPIDFLEAK,672,1172,6,14,2,5,673,1176,3,,-1,20.557655,20.557655,104.153446,false,true,false,false,Self ,0.02924,0.029497,1.010385,,0.030488,0,0,0.032468,0,90,75,0,
Scan: 1335461 Run: DIA12_CV48:20251228_A2_N1_Mueller_MS_TechHub_IMP_THIDDIAXL003_Cas9_PhoX_DIA12_CV48_250ng_FAIMS_003 P1_EDIQKAQVSGQGDSLHEHIANLAGSPAIK P2_DLIIKLPK 5 5,DIA12_CV48:20251228_A2_N1_Mueller_MS_TechHub_IMP_THIDDIAXL003_Cas9_PhoX_DIA12_CV48_250ng_FAIMS_003,1335461,,,0,0,-0,0,4,0,0,Q99ZW2,,,false,Q99ZW2,Q99ZW2,,false,DLIIKLPK,EDIQKAQVSGQGDSLHEHIANLAGSPAIK,1193,706,8,29,5,5,1197,710,4,,-1,20.546976,20.546976,104.126747,false,true,false,false,Self ,0.02924,0.029549,1.010385,,0.030488,0,0,0.032468,0,89,74,0,
Scan: 1687252 Run: DIA12_CV48:20251228_A2_N1_Mueller_MS_TechHub_IMP_THIDDIAXL003_Cas9_PhoX_DIA12_CV48_250ng_FAIMS_003 P1_SEETITPWNFEEVVDKGASAQSFIER P2_GILQTVKVVDELVK 16 7,DIA12_CV48:20251228_A2_N1_Mueller_MS_TechHub_IMP_THIDDIAXL003_Cas9_PhoX_DIA12_CV48_250ng_FAIMS_003,1687252,,,0,0,-0,0,4,0,0,Q99ZW2,,,false,Q99ZW2,Q99ZW2,,false,GILQTVKVVDELVK,SEETITPWNFEEVVDKGASAQSFIER,736,469,14,26,7,16,742,484,4,,-1,20.517473,20.517473,104.05299,false,true,false,false,Self ,0.02924,0.029693,1.010724,,0.030488,0,0,0,0,88,17,0,
Scan: 96734 Run: DIA12_CV48:20251228_A2_N1_Mueller_MS_TechHub_IMP_THIDDIAXL003_Cas9_PhoX_DIA12_CV48_250ng_FAIMS_001 P1_KTEVQTGGFSKESILPK P2_KDWDPK 11 1,DIA12_CV48:20251228_A2_N1_Mueller_MS_TechHub_IMP_THIDDIAXL003_Cas9_PhoX_DIA12_CV48_250ng_FAIMS_001,96734,,,0,0,-0,0,3,0,0,Q99ZW2,,,false,Q99ZW2,Q99ZW2,,false,KDWDPK,KTEVQTGGFSKESILPK,1124,1097,6,17,1,11,1124,1107,3,,-1,20.507216,20.507216,104.027348,false,true,false,false,Self ,0.02924,0.029743,1.011063,,0.030488,0,0,0,0,87,72,0,
Scan: 112354 Run: DIA12_CV48:20251228_A2_N1_Mueller_MS_TechHub_IMP_THIDDIAXL003_Cas9_PhoX_DIA12_CV48_250ng_FAIMS_001 P1_SSFEKNPIDFLEAK P2_KDWDPK 5 1,DIA12_CV48:20251228_A2_N1_Mueller_MS_TechHub_IMP_THIDDIAXL003_Cas9_PhoX_DIA12_CV48_250ng_FAIMS_001,112354,,,0,0,-0,0,4,0,0,Q99ZW2,,,false,Q99ZW2,Q99ZW2,,false,KDWDPK,SSFEKNPIDFLEAK,1124,1172,6,14,1,5,1124,1176,4,,-1,20.498534,20.498534,104.005642,false,true,false,false,Self ,0.02924,0.029785,1.011402,,0,0,0,0,0,86,2,0,
Scan: 1182501 Run: DIA12_CV48:20251228_A2_N1_Mueller_MS_TechHub_IMP_THIDDIAXL003_Cas9_PhoX_DIA12_CV48_250ng_FAIMS_002 P1_YDENDKLIR P2_SEQEIGKATAK 6 7,DIA12_CV48:20251228_A2_N1_Mueller_MS_TechHub_IMP_THIDDIAXL003_Cas9_PhoX_DIA12_CV48_250ng_FAIMS_002,1182501,,,0,0,-0,0,3,0,0,Q99ZW2,,,false,Q99ZW2,Q99ZW2,,false,SEQEIGKATAK,YDENDKLIR,1025,943,11,9,7,6,1031,948,3,,-1,20.464233,20.464233,103.919891,false,true,false,false,Self ,0.02924,0.029952,1.01242,,0.030488,0,0,0.032468,0,85,71,0,
Scan: 1329535 Run: DIA12_CV48:20251228_A2_N1_Mueller_MS_TechHub_IMP_THIDDIAXL003_Cas9_PhoX_DIA12_CV48_250ng_FAIMS_003 P1_TEVQTGGFSKESILPK P2_KDLIIK 10 1,DIA12_CV48:20251228_A2_N1_Mueller_MS_TechHub_IMP_THIDDIAXL003_Cas9_PhoX_DIA12_CV48_250ng_FAIMS_003,1329535,,,0,0,-0,0,3,0,0,Q99ZW2,,,false,Q99ZW2,Q99ZW2,,false,KDLIIK,TEVQTGGFSKESILPK,1192,1098,6,16,1,10,1192,1107,3,,-1,20.441876,20.441876,103.863998,false,true,false,false,Self ,0.02924,0.030061,1.0131,,0.030488,0,0,0.032468,0,84,70,0,
Scan: 1291606 Run: DIA12_CV48:20251228_A2_N1_Mueller_MS_TechHub_IMP_THIDDIAXL003_Cas9_PhoX_DIA12_CV48_250ng_FAIMS_003 P1_NSDKLIAR P2_KDWDPK 4 1,DIA12_CV48:20251228_A2_N1_Mueller_MS_TechHub_IMP_THIDDIAXL003_Cas9_PhoX_DIA12_CV48_250ng_FAIMS_003,1291606,,,0,0,-0,0,4,0,0,Q99ZW2,,,false,Q99ZW2,Q99ZW2,,false,KDWDPK,NSDKLIAR,1124,1115,6,8,1,4,1124,1118,4,,-1,20.426498,20.426498,103.825554,false,true,false,false,Self ,0.02924,0.030135,1.0131,,0,0,0,0,0,72,151,0,
Scan: 66749 Run: DIA12_CV48:20251228_A2_N1_Mueller_MS_TechHub_IMP_THIDDIAXL003_Cas9_PhoX_DIA12_CV48_250ng_FAIMS_001 P1_SSFEKNPIDFLEAK P2_KTEVQTGGFSKESILPK 5 11,DIA12_CV48:20251228_A2_N1_Mueller_MS_TechHub_IMP_THIDDIAXL003_Cas9_PhoX_DIA12_CV48_250ng_FAIMS_001,66749,,,0,0,-0,0,5,0,0,Q99ZW2,,,false,Q99ZW2,Q99ZW2,,false,KTEVQTGGFSKESILPK,SSFEKNPIDFLEAK,1097,1172,17,14,11,5,1107,1176,5,,-1,20.426439,20.426439,103.825405,false,true,false,false,Self ,0.02924,0.030136,1.0131,,0,0,0,0,0,82,218,0,
Scan: 136486 Run: DIA12_CV48:20251228_A2_N1_Mueller_MS_TechHub_IMP_THIDDIAXL003_Cas9_PhoX_DIA12_CV48_250ng_FAIMS_001 P1_KDLIIK P2_DKQSGK 1 2,DIA12_CV48:20251228_A2_N1_Mueller_MS_TechHub_IMP_THIDDIAXL003_Cas9_PhoX_DIA12_CV48_250ng_FAIMS_001,136486,,,0,0,-0,0,3,0,0,Q99ZW2,,,false,Q99ZW2,Q99ZW2,,false,DKQSGK,KDLIIK,672,1192,6,6,2,1,673,1192,3,,-1,20.411066,20.411066,103.786972,false,true,false,false,Self ,0.02924,0.03021,1.0131,,0.030488,0,0,0.032468,0,81,69,0,
Scan: 86692 Run: DIA12_CV48:20251228_A2_N1_Mueller_MS_TechHub_IMP_THIDDIAXL003_Cas9_PhoX_DIA12_CV48_250ng_FAIMS_001 P1_NSDKLIAR P2_LKGSPEDNEQK 4 2,DIA12_CV48:20251228_A2_N1_Mueller_MS_TechHub_IMP_THIDDIAXL003_Cas9_PhoX_DIA12_CV48_250ng_FAIMS_001,86692,,,0,0,-0,0,3,0,0,Q99ZW2,,,false,Q99ZW2,Q99ZW2,,false,LKGSPEDNEQK,NSDKLIAR,1245,1115,11,8,2,4,1246,1118,3,,-1,20.409401,20.409401,103.78281,false,true,false,false,Self ,0.02924,0.030219,1.0131,,0.030488,0,0,0.032468,0,80,68,0,
Scan: 1235280 Run: DIA12_CV48:20251228_A2_N1_Mueller_MS_TechHub_IMP_THIDDIAXL003_Cas9_PhoX_DIA12_CV48_250ng_FAIMS_003 P1_KTEVQTGGFSK P2_ENQTTQKGQK 1 7,DIA12_CV48:20251228_A2_N1_Mueller_MS_TechHub_IMP_THIDDIAXL003_Cas9_PhoX_DIA12_CV48_250ng_FAIMS_003,1235280,,,0,0,-0,0,3,0,0,Q99ZW2,,,false,Q99ZW2,Q99ZW2,,false,ENQTTQKGQK,KTEVQTGGFSK,766,1097,10,11,7,1,772,1097,3,,-1,20.403671,20.403671,103.768486,false,true,false,false,Self ,0.02924,0.030246,1.013441,,0.030488,0,0,0.032468,0,79,67,0,
Scan: 1371998 Run: DIA12_CV48:20251228_A2_N1_Mueller_MS_TechHub_IMP_THIDDIAXL003_Cas9_PhoX_DIA12_CV48_250ng_FAIMS_003 P1_KLINGIR P2_HYLDEIIEQISEFSKR 1 15,DIA12_CV48:20251228_A2_N1_Mueller_MS_TechHub_IMP_THIDDIAXL003_Cas9_PhoX_DIA12_CV48_250ng_FAIMS_003,1371998,,,0,0,-0,0,4,0,0,Q99ZW2,,,false,Q99ZW2,Q99ZW2,,false,HYLDEIIEQISEFSKR,KLINGIR,1264,665,16,7,15,1,1278,665,4,,-1,20.394131,20.394131,103.744637,false,true,false,false,Self ,0.02924,0.030293,1.013441,,0.030488,0,0,0.032468,0,78,66,0,
Scan: 443836 Run: DIA12_CV48:20251228_A2_N1_Mueller_MS_TechHub_IMP_THIDDIAXL003_Cas9_PhoX_DIA12_CV48_250ng_FAIMS_001 P1_TILDFLKSDGFANR P2_FKVLGNTDR 7 2,DIA12_CV48:20251228_A2_N1_Mueller_MS_TechHub_IMP_THIDDIAXL003_Cas9_PhoX_DIA12_CV48_250ng_FAIMS_001,443836,,,0,0,-0,0,3,0,0,Q99ZW2,,,false,Q99ZW2,Q99ZW2,,false,FKVLGNTDR,TILDFLKSDGFANR,32,678,9,14,2,7,33,684,3,,-1,20.392206,20.392206,103.739822,false,true,false,false,Self ,0.02924,0.030302,1.013441,,0.030488,0,0,0.032468,0,77,65,0,
Scan: 1449448 Run: DIA12_CV48:20251228_A2_N1_Mueller_MS_TechHub_IMP_THIDDIAXL003_Cas9_PhoX_DIA12_CV48_250ng_FAIMS_003 P1_YKEIFFDQSK P2_DLIIKLPK 2 5,DIA12_CV48:20251228_A2_N1_Mueller_MS_TechHub_IMP_THIDDIAXL003_Cas9_PhoX_DIA12_CV48_250ng_FAIMS_003,1449448,,,0,0,-0,0,3,0,0,Q99ZW2,,,false,Q99ZW2,Q99ZW2,,false,DLIIKLPK,YKEIFFDQSK,1193,347,8,10,5,2,1197,348,3,,-1,20.389903,20.389903,103.734066,false,true,false,false,Self ,0.02924,0.030313,1.013441,,0.030488,0,0,0.032468,0,76,64,0,
Scan: 852877 Run: DIA12_CV48:20251228_A2_N1_Mueller_MS_TechHub_IMP_THIDDIAXL003_Cas9_PhoX_DIA12_CV48_250ng_FAIMS_002 P1_YKEIFFDQSK P2_VLSAYNKHR 2 7,DIA12_CV48:20251228_A2_N1_Mueller_MS_TechHub_IMP_THIDDIAXL003_Cas9_PhoX_DIA12_CV48_250ng_FAIMS_002,852877,,,0,0,-0,0,3,0,0,Q99ZW2,,,false,Q99ZW2,Q99ZW2,,false,VLSAYNKHR,YKEIFFDQSK,1290,347,9,10,7,2,1296,348,3,,-1,20.381425,20.381425,103.712872,false,true,false,false,Self ,0.02924,0.030355,1.013441,,0.030488,0,0,0.032468,0,75,63,0,
Scan: 1107888 Run: DIA12_CV48:20251228_A2_N1_Mueller_MS_TechHub_IMP_THIDDIAXL003_Cas9_PhoX_DIA12_CV48_250ng_FAIMS_002 P1_ENQTTQKGQK P2_DFQFYKVR 7 6,DIA12_CV48:20251228_A2_N1_Mueller_MS_TechHub_IMP_THIDDIAXL003_Cas9_PhoX_DIA12_CV48_250ng_FAIMS_002,1107888,,,0,0,-0,0,3,0,0,Q99ZW2,,,false,Q99ZW2,Q99ZW2,,false,DFQFYKVR,ENQTTQKGQK,969,766,8,10,6,7,974,772,3,,-1,20.38028,20.38028,103.710007,false,true,false,false,Self ,0.02924,0.03036,1.013441,,0.030488,0,0,0.032468,0,74,62,0,
Scan: 1780311 Run: DIA12_CV48:20251228_A2_N1_Mueller_MS_TechHub_IMP_THIDDIAXL003_Cas9_PhoX_DIA12_CV48_250ng_FAIMS_003 P1_YDENDKLIR P2_IEKILTFR 6 3,DIA12_CV48:20251228_A2_N1_Mueller_MS_TechHub_IMP_THIDDIAXL003_Cas9_PhoX_DIA12_CV48_250ng_FAIMS_003,1780311,,,0,0,-0,0,4,0,0,Q99ZW2,,,false,Q99ZW2,Q99ZW2,,false,IEKILTFR,YDENDKLIR,440,943,8,9,3,6,442,948,4,,-1,20.377728,20.377728,103.703629,false,true,false,false,Self ,0.02924,0.030373,1.013441,,0,0,0,0,0,73,212,0,
Scan: 1277436 Run: DIA12_CV48:20251228_A2_N1_Mueller_MS_TechHub_IMP_THIDDIAXL003_Cas9_PhoX_DIA12_CV48_250ng_FAIMS_003 P1_NSDKLIAR P2_KDWDPK 4 1,DIA12_CV48:20251228_A2_N1_Mueller_MS_TechHub_IMP_THIDDIAXL003_Cas9_PhoX_DIA12_CV48_250ng_FAIMS_003,1277436,,,0,0,-0,0,3,0,0,Q99ZW2,,,false,Q99ZW2,Q99ZW2,,false,KDWDPK,NSDKLIAR,1124,1115,6,8,1,4,1124,1118,3,,-1,20.322514,20.322514,103.565594,false,true,false,false,Self ,0.02924,0.030641,1.014464,,0,0,0,0,0,72,151,0,
Scan: 813333 Run: DIA12_CV48:20251228_A2_N1_Mueller_MS_TechHub_IMP_THIDDIAXL003_Cas9_PhoX_DIA12_CV48_250ng_FAIMS_002 P1_RLENLIAQLPGEKK P2_ENQTTQKGQK 13 7,DIA12_CV48:20251228_A2_N1_Mueller_MS_TechHub_IMP_THIDDIAXL003_Cas9_PhoX_DIA12_CV48_250ng_FAIMS_002,813333,,,0,0,-0,0,3,0,0,Q99ZW2,,,false,Q99ZW2,Q99ZW2,,false,ENQTTQKGQK,RLENLIAQLPGEKK,766,221,10,14,7,13,772,233,3,,-1,20.310364,20.310364,103.535217,false,true,false,false,Self ,0.02924,0.0307,1.015146,,0,0,0,0,0,61,207,0,
Scan: 374026 Run: DIA12_CV48:20251228_A2_N1_Mueller_MS_TechHub_IMP_THIDDIAXL003_Cas9_PhoX_DIA12_CV48_250ng_FAIMS_001 P1_VKYVTEGMR P2_KPAFLSGEQK 2 1,DIA12_CV48:20251228_A2_N1_Mueller_MS_TechHub_IMP_THIDDIAXL003_Cas9_PhoX_DIA12_CV48_250ng_FAIMS_001,374026,,,0,0,-0,0,3,0,0,Q99ZW2,,,false,Q99ZW2,Q99ZW2,,false,KPAFLSGEQK,VKYVTEGMR,536,527,10,9,1,2,536,528,3,,-1,20.283035,20.283035,103.466896,false,true,false,false,Self ,0.02924,0.030833,1.016173,,0.030488,0,0,0.032468,0,70,61,0,
Scan: 1172037 Run: DIA12_CV48:20251228_A2_N1_Mueller_MS_TechHub_IMP_THIDDIAXL003_Cas9_PhoX_DIA12_CV48_250ng_FAIMS_002 P1_VITLKSK P2_QITKHVAQILDSR 5 4,DIA12_CV48:20251228_A2_N1_Mueller_MS_TechHub_IMP_THIDDIAXL003_Cas9_PhoX_DIA12_CV48_250ng_FAIMS_002,1172037,,,0,0,-0,0,3,0,0,Q99ZW2,,,false,Q99ZW2,Q99ZW2,,false,QITKHVAQILDSR,VITLKSK,926,955,13,7,4,5,929,959,3,,-1,20.276036,20.276036,103.449398,false,true,false,false,Self ,0.02924,0.030867,1.016173,,0.030488,0,0,0.032468,0,69,60,0,
Scan: 635493 Run: DIA12_CV48:20251228_A2_N1_Mueller_MS_TechHub_IMP_THIDDIAXL003_Cas9_PhoX_DIA12_CV48_250ng_FAIMS_002 P1_YKEIFFDQSK P2_KTEVQTGGFSK 2 1,DIA12_CV48:20251228_A2_N1_Mueller_MS_TechHub_IMP_THIDDIAXL003_Cas9_PhoX_DIA12_CV48_250ng_FAIMS_002,635493,,,0,0,-0,0,3,0,0,Q99ZW2,,,false,Q99ZW2,Q99ZW2,,false,KTEVQTGGFSK,YKEIFFDQSK,1097,347,11,10,1,2,1097,348,3,,-1,20.24149,20.24149,103.363033,false,true,false,false,Self ,0.02924,0.031035,1.016515,,0.030488,0,0,0.032468,0,68,59,0,
Scan: 144336 Run: DIA12_CV48:20251228_A2_N1_Mueller_MS_TechHub_IMP_THIDDIAXL003_Cas9_PhoX_DIA12_CV48_250ng_FAIMS_001 P1_LPKYSLFELENGR P2_GYKEVK 3 3,DIA12_CV48:20251228_A2_N1_Mueller_MS_TechHub_IMP_THIDDIAXL003_Cas9_PhoX_DIA12_CV48_250ng_FAIMS_001,144336,,,0,0,-0,0,3,0,0,Q99ZW2,,,false,Q99ZW2,Q99ZW2,,false,GYKEVK,LPKYSLFELENGR,1186,1198,6,13,3,3,1188,1200,3,,-1,20.209073,20.209073,103.28199,false,true,false,false,Self ,0.02924,0.031193,1.016515,,0.030488,0,0,0.032468,0,67,58,0,
Scan: 1200300 Run: DIA12_CV48:20251228_A2_N1_Mueller_MS_TechHub_IMP_THIDDIAXL003_Cas9_PhoX_DIA12_CV48_250ng_FAIMS_003 P1_LESEFVYGDYKVYDVR P2_KMIAK 11 1,DIA12_CV48:20251228_A2_N1_Mueller_MS_TechHub_IMP_THIDDIAXL003_Cas9_PhoX_DIA12_CV48_250ng_FAIMS_003,1200300,,,0,0,-0,0,3,0,0,Q99ZW2,,,false,Q99ZW2,Q99ZW2,,false,KMIAK,LESEFVYGDYKVYDVR,1020,1004,5,16,1,11,1020,1014,3,,-1,20.131656,20.131656,103.088448,false,true,false,false,Self ,0.02924,0.03157,1.018575,,0.030488,0,0,0.032468,0,66,57,0,
Scan: 940908 Run: DIA12_CV48:20251228_A2_N1_Mueller_MS_TechHub_IMP_THIDDIAXL003_Cas9_PhoX_DIA12_CV48_250ng_FAIMS_002 P1_YKEIFFDQSK P2_SEETITPWNFEEVVDKGASAQSFIER 2 16,DIA12_CV48:20251228_A2_N1_Mueller_MS_TechHub_IMP_THIDDIAXL003_Cas9_PhoX_DIA12_CV48_250ng_FAIMS_002,940908,,,0,0,-0,0,4,0,0,Q99ZW2,,,false,Q99ZW2,Q99ZW2,,false,SEETITPWNFEEVVDKGASAQSFIER,YKEIFFDQSK,469,347,26,10,16,2,484,348,4,,-1,20.037593,20.037593,102.853291,false,true,false,false,Self ,0.02924,0.032027,1.019608,,0.030488,0,0,0.032468,0,65,56,0,
Scan: 1706866 Run: DIA12_CV48:20251228_A2_N1_Mueller_MS_TechHub_IMP_THIDDIAXL003_Cas9_PhoX_DIA12_CV48_250ng_FAIMS_003 P1_IEEGIKELGSQILK P2_GQKNSR 6 3,DIA12_CV48:20251228_A2_N1_Mueller_MS_TechHub_IMP_THIDDIAXL003_Cas9_PhoX_DIA12_CV48_250ng_FAIMS_003,1706866,,,0,0,-0,0,3,0,0,Q99ZW2,,,false,Q99ZW2,Q99ZW2,,false,GQKNSR,IEEGIKELGSQILK,773,784,6,14,3,6,775,789,3,,-1,20.025568,20.025568,102.823227,false,true,false,false,Self ,0.02924,0.032086,1.019608,,0.030488,0,0,0.032468,0,64,55,0,
Scan: 429663 Run: DIA12_CV48:20251228_A2_N1_Mueller_MS_TechHub_IMP_THIDDIAXL003_Cas9_PhoX_DIA12_CV48_250ng_FAIMS_001 P1_KSEETITPWNFEEVVDKGASAQSFIER P2_KLINGIR 17 1,DIA12_CV48:20251228_A2_N1_Mueller_MS_TechHub_IMP_THIDDIAXL003_Cas9_PhoX_DIA12_CV48_250ng_FAIMS_001,429663,,,0,0,-0,0,5,0,0,Q99ZW2,,,false,Q99ZW2,Q99ZW2,,false,KLINGIR,KSEETITPWNFEEVVDKGASAQSFIER,665,468,7,27,1,17,665,484,5,,-1,19.990239,19.990239,102.734905,false,true,false,false,Self ,0.02924,0.032258,1.019959,,0.030488,0,0,0,0,63,54,0,
Scan: 1358603 Run: DIA12_CV48:20251228_A2_N1_Mueller_MS_TechHub_IMP_THIDDIAXL003_Cas9_PhoX_DIA12_CV48_250ng_FAIMS_003 P1_LKGSPEDNEQK P2_GKSDNVPSEEVVK 2 2,DIA12_CV48:20251228_A2_N1_Mueller_MS_TechHub_IMP_THIDDIAXL003_Cas9_PhoX_DIA12_CV48_250ng_FAIMS_003,1358603,,,0,0,-0,0,3,0,0,Q99ZW2,,,false,Q99ZW2,Q99ZW2,,false,GKSDNVPSEEVVK,LKGSPEDNEQK,865,1245,13,11,2,2,866,1246,3,,-1,19.789944,19.789944,102.234169,false,true,false,false,Self ,0.02924,0.033232,1.023438,,0.030488,0,0,0.032468,0,62,53,0,
Scan: 1703522 Run: DIA12_CV48:20251228_A2_N1_Mueller_MS_TechHub_IMP_THIDDIAXL003_Cas9_PhoX_DIA12_CV48_250ng_FAIMS_003 P1_RLENLIAQLPGEKK P2_ENQTTQKGQK 13 7,DIA12_CV48:20251228_A2_N1_Mueller_MS_TechHub_IMP_THIDDIAXL003_Cas9_PhoX_DIA12_CV48_250ng_FAIMS_003,1703522,,,0,0,-0,0,4,0,0,Q99ZW2,,,false,Q99ZW2,Q99ZW2,,false,ENQTTQKGQK,RLENLIAQLPGEKK,766,221,10,14,7,13,772,233,4,,-1,19.773872,19.773872,102.193989,false,true,false,false,Self ,0.02924,0.03331,1.023785,,0,0,0,0,0,61,207,0,
Scan: 404566 Run: DIA12_CV48:20251228_A2_N1_Mueller_MS_TechHub_IMP_THIDDIAXL003_Cas9_PhoX_DIA12_CV48_250ng_FAIMS_001 P1_KPAFLSGEQK P2_KAIVDLLFK 1 1,DIA12_CV48:20251228_A2_N1_Mueller_MS_TechHub_IMP_THIDDIAXL003_Cas9_PhoX_DIA12_CV48_250ng_FAIMS_001,404566,,,0,0,-0,0,3,0,0,Q99ZW2,,,false,Q99ZW2,Q99ZW2,,false,KAIVDLLFK,KPAFLSGEQK,546,536,9,10,1,1,546,536,3,,-1,19.772365,19.772365,102.19022,false,true,false,false,Self ,0.02924,0.033317,1.023785,,0.030488,0,0,0.032468,0,60,52,0,
Scan: 1049399 Run: DIA12_CV48:20251228_A2_N1_Mueller_MS_TechHub_IMP_THIDDIAXL003_Cas9_PhoX_DIA12_CV48_250ng_FAIMS_002 P1_KPLISER P2_EDIQKAQVSGQGDSLHEHIANLAGSPAIK 1 5,DIA12_CV48:20251228_A2_N1_Mueller_MS_TechHub_IMP_THIDDIAXL003_Cas9_PhoX_DIA12_CV48_250ng_FAIMS_002,1049399,,,0,0,-0,0,5,0,0,Q99ZW2,,,false,decoy:Q99ZW2,decoy:Q99ZW2,decoy,true,EDIQKAQVSGQGDSLHEHIANLAGSPAIK,KPLISER,706,1108,29,7,5,1,710,1108,5,,-1,19.769104,19.769104,102.182068,true,false,true,false,Self ,0.033333,0.034099,1.024133,,0.034884,0,1,0.0375,1,59,51,11,
Scan: 1285504 Run: DIA12_CV48:20251228_A2_N1_Mueller_MS_TechHub_IMP_THIDDIAXL003_Cas9_PhoX_DIA12_CV48_250ng_FAIMS_003 P1_RNSDKLIAR P2_EDIQKAQVSGQGDSLHEHIANLAGSPAIK 5 5,DIA12_CV48:20251228_A2_N1_Mueller_MS_TechHub_IMP_THIDDIAXL003_Cas9_PhoX_DIA12_CV48_250ng_FAIMS_003,1285504,,,0,0,-0,0,4,0,0,Q99ZW2,,,false,Q99ZW2,Q99ZW2,,false,EDIQKAQVSGQGDSLHEHIANLAGSPAIK,RNSDKLIAR,706,1114,29,9,5,5,710,1118,4,,-1,19.741487,19.741487,102.113026,false,true,false,false,Self ,0.033333,0.033661,1.024481,,0.034884,0,0,0,0,58,50,0,
Scan: 1742400 Run: DIA12_CV48:20251228_A2_N1_Mueller_MS_TechHub_IMP_THIDDIAXL003_Cas9_PhoX_DIA12_CV48_250ng_FAIMS_003 P1_SDKNR P2_GKSDNVPSEEVVK 3 2,DIA12_CV48:20251228_A2_N1_Mueller_MS_TechHub_IMP_THIDDIAXL003_Cas9_PhoX_DIA12_CV48_250ng_FAIMS_003,1742400,,,0,0,-0,0,4,0,0,Q99ZW2,,,false,Q99ZW2,Q99ZW2,,false,GKSDNVPSEEVVK,SDKNR,865,860,13,5,2,3,866,862,4,,-1,19.735832,19.735832,102.098888,false,true,false,false,Self ,0.033333,0.033728,1.024481,,0,0,0,0,0,3,86,0,
Scan: 1007494 Run: DIA12_CV48:20251228_A2_N1_Mueller_MS_TechHub_IMP_THIDDIAXL003_Cas9_PhoX_DIA12_CV48_250ng_FAIMS_002 P1_KVTVK P2_AIVDLLFKTNR 1 8,DIA12_CV48:20251228_A2_N1_Mueller_MS_TechHub_IMP_THIDDIAXL003_Cas9_PhoX_DIA12_CV48_250ng_FAIMS_002,1007494,,,0,0,-0,0,3,0,0,Q99ZW2,,,false,Q99ZW2,Q99ZW2,,false,AIVDLLFKTNR,KVTVK,547,558,11,5,8,1,554,558,3,,-1,19.732109,19.732109,102.089581,false,true,false,false,Self ,0.033333,0.033772,1.024481,,0.034884,0,0,0.0375,0,56,49,0,
Scan: 143479 Run: DIA12_CV48:20251228_A2_N1_Mueller_MS_TechHub_IMP_THIDDIAXL003_Cas9_PhoX_DIA12_CV48_250ng_FAIMS_001 P1_LPKYSLFELENGR P2_KDWDPK 3 1,DIA12_CV48:20251228_A2_N1_Mueller_MS_TechHub_IMP_THIDDIAXL003_Cas9_PhoX_DIA12_CV48_250ng_FAIMS_001,143479,,,0,0,-0,0,3,0,0,Q99ZW2,,,false,Q99ZW2,Q99ZW2,,false,KDWDPK,LPKYSLFELENGR,1124,1198,6,13,1,3,1124,1200,3,,-1,19.728622,19.728622,102.080864,false,true,false,false,Self ,0.033333,0.033813,1.024141,,0.034884,0,0,0.0375,0,55,48,0,
Scan: 1210678 Run: DIA12_CV48:20251228_A2_N1_Mueller_MS_TechHub_IMP_THIDDIAXL003_Cas9_PhoX_DIA12_CV48_250ng_FAIMS_003 P1_SEQEIGKATAK P2_ELGSQILKEHPVENTQLQNEK 7 8,DIA12_CV48:20251228_A2_N1_Mueller_MS_TechHub_IMP_THIDDIAXL003_Cas9_PhoX_DIA12_CV48_250ng_FAIMS_003,1210678,,,0,0,-0,0,4,0,0,Q99ZW2,,,false,Q99ZW2,Q99ZW2,,false,ELGSQILKEHPVENTQLQNEK,SEQEIGKATAK,790,1025,21,11,8,7,797,1031,4,,-1,19.70168,19.70168,102.013508,false,true,false,false,Self ,0.033333,0.034133,1.024141,,0.034884,0,0,0.0375,0,54,47,0,
Scan: 1292130 Run: DIA12_CV48:20251228_A2_N1_Mueller_MS_TechHub_IMP_THIDDIAXL003_Cas9_PhoX_DIA12_CV48_250ng_FAIMS_003 P1_KYGGFDSPTVAYSVLVVAK P2_KKDWDPK 1 2,DIA12_CV48:20251228_A2_N1_Mueller_MS_TechHub_IMP_THIDDIAXL003_Cas9_PhoX_DIA12_CV48_250ng_FAIMS_003,1292130,,,0,0,-0,0,4,0,0,Q99ZW2,,,false,Q99ZW2,Q99ZW2,,false,KKDWDPK,KYGGFDSPTVAYSVLVVAK,1123,1130,7,19,2,1,1124,1130,4,,-1,19.698315,19.698315,102.005096,false,true,false,false,Self ,0.033333,0.034173,1.024141,,0.034884,0,0,0,0,53,46,0,
Scan: 293704 Run: DIA12_CV48:20251228_A2_N1_Mueller_MS_TechHub_IMP_THIDDIAXL003_Cas9_PhoX_DIA12_CV48_250ng_FAIMS_001 P1_IEKILTFR P2_EDIQKAQVSGQGDSLHEHIANLAGSPAIK 3 5,DIA12_CV48:20251228_A2_N1_Mueller_MS_TechHub_IMP_THIDDIAXL003_Cas9_PhoX_DIA12_CV48_250ng_FAIMS_001,293704,,,0,0,-0,0,4,0,0,Q99ZW2,,,false,Q99ZW2,Q99ZW2,,false,EDIQKAQVSGQGDSLHEHIANLAGSPAIK,IEKILTFR,706,440,29,8,5,3,710,442,4,,-1,19.688445,19.688445,101.980419,false,true,false,false,Self ,0.033333,0.03429,1.024838,,0.034884,0,0,0.0375,0,52,45,0,
Scan: 1541550 Run: DIA12_CV48:20251228_A2_N1_Mueller_MS_TechHub_IMP_THIDDIAXL003_Cas9_PhoX_DIA12_CV48_250ng_FAIMS_003 P1_SEETITPWNFEEVVDKGASAQSFIER P2_KPAFLSGEQK 16 1,DIA12_CV48:20251228_A2_N1_Mueller_MS_TechHub_IMP_THIDDIAXL003_Cas9_PhoX_DIA12_CV48_250ng_FAIMS_003,1541550,,,0,0,-0,0,4,0,0,Q99ZW2,,,false,Q99ZW2,Q99ZW2,,false,KPAFLSGEQK,SEETITPWNFEEVVDKGASAQSFIER,536,469,10,26,1,16,536,484,4,,-1,19.67157,19.67157,101.938232,false,true,false,false,Self ,0.033333,0.03449,1.025187,,0.034884,0,0,0.0375,0,51,44,0,
Scan: 1290263 Run: DIA12_CV48:20251228_A2_N1_Mueller_MS_TechHub_IMP_THIDDIAXL003_Cas9_PhoX_DIA12_CV48_250ng_FAIMS_003 P1_KKDWDPK P2_EDIQKAQVSGQGDSLHEHIANLAGSPAIK 1 5,DIA12_CV48:20251228_A2_N1_Mueller_MS_TechHub_IMP_THIDDIAXL003_Cas9_PhoX_DIA12_CV48_250ng_FAIMS_003,1290263,,,0,0,-0,0,4,0,0,Q99ZW2,,,false,Q99ZW2,Q99ZW2,,false,EDIQKAQVSGQGDSLHEHIANLAGSPAIK,KKDWDPK,706,1123,29,7,5,1,710,1123,4,,-1,19.668507,19.668507,101.930576,false,true,false,false,Self ,0.033333,0.034526,1.025187,,0.034884,0,0,0.0375,0,50,43,0,
Scan: 506565 Run: DIA12_CV48:20251228_A2_N1_Mueller_MS_TechHub_IMP_THIDDIAXL003_Cas9_PhoX_DIA12_CV48_250ng_FAIMS_001 P1_QGKQTTQNEK P2_LPKYSLFELENGR 3 3,DIA12_CV48:20251228_A2_N1_Mueller_MS_TechHub_IMP_THIDDIAXL003_Cas9_PhoX_DIA12_CV48_250ng_FAIMS_001,506565,,,0,0,-0,0,3,0,0,Q99ZW2,,,false,decoy:Q99ZW2,decoy:Q99ZW2,decoy,true,LPKYSLFELENGR,QGKQTTQNEK,1198,766,13,10,3,3,1200,768,3,,-1,19.643233,19.643233,101.86739,true,false,true,false,Self ,0.034826,0.034705,1.025536,,0.037234,0,1,0.039773,1,49,42,11,
Scan: 897533 Run: DIA12_CV48:20251228_A2_N1_Mueller_MS_TechHub_IMP_THIDDIAXL003_Cas9_PhoX_DIA12_CV48_250ng_FAIMS_002 P1_KSEETITPWNFEEVVDK P2_ESILPKR 1 6,DIA12_CV48:20251228_A2_N1_Mueller_MS_TechHub_IMP_THIDDIAXL003_Cas9_PhoX_DIA12_CV48_250ng_FAIMS_002,897533,,,0,0,-0,0,3,0,0,Q99ZW2,,,false,Q99ZW2,Q99ZW2,,false,ESILPKR,KSEETITPWNFEEVVDK,1108,468,7,17,6,1,1113,468,3,,-1,19.620238,19.620238,101.809902,false,true,false,false,Self ,0.034826,0.03507,1.026235,,0.037234,0,0,0.039773,0,48,41,0,
Scan: 785628 Run: DIA12_CV48:20251228_A2_N1_Mueller_MS_TechHub_IMP_THIDDIAXL003_Cas9_PhoX_DIA12_CV48_250ng_FAIMS_002 P1_KLVDSTDK P2_HPIFGNIVDEVAYHEKYPTIYHLR 1 16,DIA12_CV48:20251228_A2_N1_Mueller_MS_TechHub_IMP_THIDDIAXL003_Cas9_PhoX_DIA12_CV48_250ng_FAIMS_002,785628,,,0,0,-0,0,4,0,0,Q99ZW2,,,false,Q99ZW2,Q99ZW2,,false,HPIFGNIVDEVAYHEKYPTIYHLR,KLVDSTDK,116,141,24,8,16,1,131,141,4,,-1,19.601082,19.601082,101.762012,false,true,false,false,Self ,0.034826,0.035274,1.026585,,0.037234,0,0,0.039773,0,47,40,0,
Scan: 1623110 Run: DIA12_CV48:20251228_A2_N1_Mueller_MS_TechHub_IMP_THIDDIAXL003_Cas9_PhoX_DIA12_CV48_250ng_FAIMS_003 P1_KLINGIR P2_DLIIKLPK 1 5,DIA12_CV48:20251228_A2_N1_Mueller_MS_TechHub_IMP_THIDDIAXL003_Cas9_PhoX_DIA12_CV48_250ng_FAIMS_003,1623110,,,0,0,-0,0,4,0,0,Q99ZW2,,,false,Q99ZW2,Q99ZW2,,false,DLIIKLPK,KLINGIR,1193,665,8,7,5,1,1197,665,4,,-1,19.599063,19.599063,101.756966,false,true,false,false,Self ,0.034826,0.035296,1.026585,,0,0,0,0,0,46,211,0,
Scan: 1279156 Run: DIA12_CV48:20251228_A2_N1_Mueller_MS_TechHub_IMP_THIDDIAXL003_Cas9_PhoX_DIA12_CV48_250ng_FAIMS_003 P1_NSDKLIAR P2_KYGGFDSPTVAYSVLVVAK 4 1,DIA12_CV48:20251228_A2_N1_Mueller_MS_TechHub_IMP_THIDDIAXL003_Cas9_PhoX_DIA12_CV48_250ng_FAIMS_003,1279156,,,0,0,-0,0,4,0,0,Q99ZW2,,,false,Q99ZW2,Q99ZW2,,false,KYGGFDSPTVAYSVLVVAK,NSDKLIAR,1130,1115,19,8,1,4,1130,1118,4,,-1,19.587328,19.587328,101.727627,false,true,false,false,Self ,0.034826,0.035421,1.026585,,0,0,0,0,0,45,209,0,
Scan: 1307161 Run: DIA12_CV48:20251228_A2_N1_Mueller_MS_TechHub_IMP_THIDDIAXL003_Cas9_PhoX_DIA12_CV48_250ng_FAIMS_003 P1_SSFEKNPIDFLEAK P2_DWDPKK 5 5,DIA12_CV48:20251228_A2_N1_Mueller_MS_TechHub_IMP_THIDDIAXL003_Cas9_PhoX_DIA12_CV48_250ng_FAIMS_003,1307161,,,0,0,-0,0,4,0,0,Q99ZW2,,,false,Q99ZW2,Q99ZW2,,false,DWDPKK,SSFEKNPIDFLEAK,1125,1172,6,14,5,5,1129,1176,4,,-1,19.575958,19.575958,101.699203,false,true,false,false,Self ,0.034826,0.035542,1.026935,,0,0,0,0,0,44,213,0,
Scan: 963049 Run: DIA12_CV48:20251228_A2_N1_Mueller_MS_TechHub_IMP_THIDDIAXL003_Cas9_PhoX_DIA12_CV48_250ng_FAIMS_002 P1_YDENDKLIR P2_VLPKHSLLYEYFTVYNELTK 6 4,DIA12_CV48:20251228_A2_N1_Mueller_MS_TechHub_IMP_THIDDIAXL003_Cas9_PhoX_DIA12_CV48_250ng_FAIMS_002,963049,,,0,0,-0,0,4,0,0,Q99ZW2,,,false,Q99ZW2,Q99ZW2,,false,VLPKHSLLYEYFTVYNELTK,YDENDKLIR,507,943,20,9,4,6,510,948,4,,-1,19.563022,19.563022,101.666862,false,true,false,false,Self ,0.034826,0.035679,1.026935,,0.037234,0,0,0.039773,0,43,39,0,
Scan: 684617 Run: DIA12_CV48:20251228_A2_N1_Mueller_MS_TechHub_IMP_THIDDIAXL003_Cas9_PhoX_DIA12_CV48_250ng_FAIMS_002 P1_SNFDLAEDAKLQLSK P2_NSDKLIAR 10 4,DIA12_CV48:20251228_A2_N1_Mueller_MS_TechHub_IMP_THIDDIAXL003_Cas9_PhoX_DIA12_CV48_250ng_FAIMS_002,684617,,,0,0,-0,0,3,0,0,Q99ZW2,,,false,Q99ZW2,Q99ZW2,,false,NSDKLIAR,SNFDLAEDAKLQLSK,1115,254,8,15,4,10,1118,263,3,,-1,19.561674,19.561674,101.663494,false,true,false,false,Self ,0.034826,0.035693,1.027285,,0.037234,0,0,0.039773,0,42,38,0,
Scan: 986889 Run: DIA12_CV48:20251228_A2_N1_Mueller_MS_TechHub_IMP_THIDDIAXL003_Cas9_PhoX_DIA12_CV48_250ng_FAIMS_002 P1_YDENDKLIR P2_KPAFLSGEQK 6 1,DIA12_CV48:20251228_A2_N1_Mueller_MS_TechHub_IMP_THIDDIAXL003_Cas9_PhoX_DIA12_CV48_250ng_FAIMS_002,986889,,,0,0,-0,0,3,0,0,Q99ZW2,,,false,Q99ZW2,Q99ZW2,,false,KPAFLSGEQK,YDENDKLIR,536,943,10,9,1,6,536,948,3,,-1,19.538118,19.538118,101.604603,false,true,false,false,Self ,0.034826,0.035944,1.027986,,0.037234,0,0,0.039773,0,41,37,0,
Scan: 94744 Run: DIA12_CV48:20251228_A2_N1_Mueller_MS_TechHub_IMP_THIDDIAXL003_Cas9_PhoX_DIA12_CV48_250ng_FAIMS_001 P1_KKDWDPK P2_ESILPKR 1 6,DIA12_CV48:20251228_A2_N1_Mueller_MS_TechHub_IMP_THIDDIAXL003_Cas9_PhoX_DIA12_CV48_250ng_FAIMS_001,94744,,,0,0,-0,0,3,0,0,Q99ZW2,,,false,Q99ZW2,Q99ZW2,,false,ESILPKR,KKDWDPK,1108,1123,7,7,6,1,1113,1123,3,,-1,19.532678,19.532678,101.591003,false,true,false,false,Self ,0.034826,0.036002,1.027986,,0.037234,0,0,0.039773,0,40,36,0,
Scan: 1390941 Run: DIA12_CV48:20251228_A2_N1_Mueller_MS_TechHub_IMP_THIDDIAXL003_Cas9_PhoX_DIA12_CV48_250ng_FAIMS_003 P1_YTSTKEVLDATLIHQSITGLYETR P2_NSDKLIAR 5 4,DIA12_CV48:20251228_A2_N1_Mueller_MS_TechHub_IMP_THIDDIAXL003_Cas9_PhoX_DIA12_CV48_250ng_FAIMS_003,1390941,,,0,0,-0,0,4,0,0,Q99ZW2,,,false,Q99ZW2,Q99ZW2,,false,NSDKLIAR,YTSTKEVLDATLIHQSITGLYETR,1115,1336,8,24,4,5,1118,1340,4,,-1,19.499266,19.499266,101.507473,false,true,false,false,Self ,0.034826,0.036357,1.030801,,0.037234,0,0,0.039773,0,39,35,0,
Scan: 1710857 Run: DIA12_CV48:20251228_A2_N1_Mueller_MS_TechHub_IMP_THIDDIAXL003_Cas9_PhoX_DIA12_CV48_250ng_FAIMS_003 P1_SKLVSDFR P2_IEEGIKELGSQILK 2 6,DIA12_CV48:20251228_A2_N1_Mueller_MS_TechHub_IMP_THIDDIAXL003_Cas9_PhoX_DIA12_CV48_250ng_FAIMS_003,1710857,,,0,0,-0,0,3,0,0,Q99ZW2,,,false,Q99ZW2,Q99ZW2,,false,IEEGIKELGSQILK,SKLVSDFR,784,960,14,8,6,2,789,961,3,,-1,19.467464,19.467464,101.427967,false,true,false,false,Self ,0.034826,0.036696,1.031154,,0.037234,0,0,0.039773,0,38,34,0,
Scan: 688303 Run: DIA12_CV48:20251228_A2_N1_Mueller_MS_TechHub_IMP_THIDDIAXL003_Cas9_PhoX_DIA12_CV48_250ng_FAIMS_002 P1_NSDKLIAR P2_EDIQKAQVSGQGDSLHEHIANLAGSPAIK 4 5,DIA12_CV48:20251228_A2_N1_Mueller_MS_TechHub_IMP_THIDDIAXL003_Cas9_PhoX_DIA12_CV48_250ng_FAIMS_002,688303,,,0,0,-0,0,4,0,0,Q99ZW2,,,false,Q99ZW2,Q99ZW2,,false,EDIQKAQVSGQGDSLHEHIANLAGSPAIK,NSDKLIAR,706,1115,29,8,5,4,710,1118,4,,-1,19.463657,19.463657,101.418449,false,true,false,false,Self ,0.034826,0.036736,1.031154,,0,0,0,0,0,37,50,0,
Scan: 737291 Run: DIA12_CV48:20251228_A2_N1_Mueller_MS_TechHub_IMP_THIDDIAXL003_Cas9_PhoX_DIA12_CV48_250ng_FAIMS_002 P1_KTEVQTGGFSKESILPK P2_DLIIKLPK 11 5,DIA12_CV48:20251228_A2_N1_Mueller_MS_TechHub_IMP_THIDDIAXL003_Cas9_PhoX_DIA12_CV48_250ng_FAIMS_002,737291,,,0,0,-0,0,4,0,0,Q99ZW2,,,false,Q99ZW2,Q99ZW2,,false,DLIIKLPK,KTEVQTGGFSKESILPK,1193,1097,8,17,5,11,1197,1107,4,,-1,19.432867,19.432867,101.341476,false,true,false,false,Self ,0.034826,0.037064,1.031507,,0,0,0,0,0,36,154,0,
Scan: 110556 Run: DIA12_CV48:20251228_A2_N1_Mueller_MS_TechHub_IMP_THIDDIAXL003_Cas9_PhoX_DIA12_CV48_250ng_FAIMS_001 P1_SSFEKNPIDFLEAK P2_KMIAK 5 1,DIA12_CV48:20251228_A2_N1_Mueller_MS_TechHub_IMP_THIDDIAXL003_Cas9_PhoX_DIA12_CV48_250ng_FAIMS_001,110556,,,0,0,-0,0,3,0,0,Q99ZW2,,,false,Q99ZW2,Q99ZW2,,false,KMIAK,SSFEKNPIDFLEAK,1020,1172,5,14,1,5,1020,1176,3,,-1,19.416231,19.416231,101.299885,false,true,false,false,Self ,0.034826,0.037241,1.03186,,0.037234,0,0,0.039773,0,35,33,0,
Scan: 840751 Run: DIA12_CV48:20251228_A2_N1_Mueller_MS_TechHub_IMP_THIDDIAXL003_Cas9_PhoX_DIA12_CV48_250ng_FAIMS_002 P1_NLPNEKVLPK P2_FKVLGNTDR 6 2,DIA12_CV48:20251228_A2_N1_Mueller_MS_TechHub_IMP_THIDDIAXL003_Cas9_PhoX_DIA12_CV48_250ng_FAIMS_002,840751,,,0,0,-0,0,3,0,0,Q99ZW2,,,false,Q99ZW2,Q99ZW2,,false,FKVLGNTDR,NLPNEKVLPK,32,501,9,10,2,6,33,506,3,,-1,19.377293,19.377293,101.202541,false,true,false,false,Self ,0.034826,0.037655,1.032568,,0.037234,0,0,0.039773,0,34,32,0,
Scan: 898995 Run: DIA12_CV48:20251228_A2_N1_Mueller_MS_TechHub_IMP_THIDDIAXL003_Cas9_PhoX_DIA12_CV48_250ng_FAIMS_002 P1_KSEETITPWNFEEVVDK P2_KDLIIK 1 1,DIA12_CV48:20251228_A2_N1_Mueller_MS_TechHub_IMP_THIDDIAXL003_Cas9_PhoX_DIA12_CV48_250ng_FAIMS_002,898995,,,0,0,-0,0,3,0,0,Q99ZW2,,,false,Q99ZW2,Q99ZW2,,false,KDLIIK,KSEETITPWNFEEVVDK,1192,468,6,17,1,1,1192,468,3,,-1,19.363446,19.363446,101.167923,false,true,false,false,Self ,0.034826,0.037802,1.032568,,0.037234,0,0,0.039773,0,33,31,0,
Scan: 207760 Run: DIA12_CV48:20251228_A2_N1_Mueller_MS_TechHub_IMP_THIDDIAXL003_Cas9_PhoX_DIA12_CV48_250ng_FAIMS_001 P1_LVDSTDKADLR P2_KPAFLSGEQK 7 1,DIA12_CV48:20251228_A2_N1_Mueller_MS_TechHub_IMP_THIDDIAXL003_Cas9_PhoX_DIA12_CV48_250ng_FAIMS_001,207760,,,0,0,-0,0,3,0,0,Q99ZW2,,,false,Q99ZW2,Q99ZW2,,false,KPAFLSGEQK,LVDSTDKADLR,536,142,10,11,1,7,536,148,3,,-1,19.355319,19.355319,101.147606,false,true,false,false,Self ,0.034826,0.037889,1.032922,,0.037234,0,0,0.039773,0,32,30,0,
Scan: 760778 Run: DIA12_CV48:20251228_A2_N1_Mueller_MS_TechHub_IMP_THIDDIAXL003_Cas9_PhoX_DIA12_CV48_250ng_FAIMS_002 P1_LKGSPEDNEQK P2_ENQTTQKGQK 2 7,DIA12_CV48:20251228_A2_N1_Mueller_MS_TechHub_IMP_THIDDIAXL003_Cas9_PhoX_DIA12_CV48_250ng_FAIMS_002,760778,,,0,0,-0,0,3,0,0,Q99ZW2,,,false,Q99ZW2,Q99ZW2,,false,ENQTTQKGQK,LKGSPEDNEQK,766,1245,10,11,7,2,772,1246,3,,-1,19.352266,19.352266,101.139973,false,true,false,false,Self ,0.034826,0.037921,1.032922,,0.037234,0,0,0.039773,0,31,29,0,
Scan: 1081339 Run: DIA12_CV48:20251228_A2_N1_Mueller_MS_TechHub_IMP_THIDDIAXL003_Cas9_PhoX_DIA12_CV48_250ng_FAIMS_002 P1_KGILQTVK P2_EDIQKAQVSGQGDSLHEHIANLAGSPAIK 1 5,DIA12_CV48:20251228_A2_N1_Mueller_MS_TechHub_IMP_THIDDIAXL003_Cas9_PhoX_DIA12_CV48_250ng_FAIMS_002,1081339,,,0,0,-0,0,4,0,0,Q99ZW2,,,false,Q99ZW2,Q99ZW2,,false,EDIQKAQVSGQGDSLHEHIANLAGSPAIK,KGILQTVK,706,735,29,8,5,1,710,735,4,,-1,19.315529,19.315529,101.04813,false,true,false,false,Self ,0.034826,0.038312,1.033276,,0.037234,0,0,0.039773,0,30,28,0,
Scan: 298069 Run: DIA12_CV48:20251228_A2_N1_Mueller_MS_TechHub_IMP_THIDDIAXL003_Cas9_PhoX_DIA12_CV48_250ng_FAIMS_001 P1_KSEETITPWNFEEVVDK P2_KNLIGALLFDSGETAEATR 1 1,DIA12_CV48:20251228_A2_N1_Mueller_MS_TechHub_IMP_THIDDIAXL003_Cas9_PhoX_DIA12_CV48_250ng_FAIMS_001,298069,,,0,0,-0,0,4,0,0,Q99ZW2,,,false,Q99ZW2,Q99ZW2,,false,KNLIGALLFDSGETAEATR,KSEETITPWNFEEVVDK,45,468,19,17,1,1,45,468,4,,-1,19.264407,19.264407,100.920326,false,true,false,false,Self ,0.034826,0.038856,1.033276,,0.037234,0,0,0.039773,0,29,27,0,
Scan: 194108 Run: DIA12_CV48:20251228_A2_N1_Mueller_MS_TechHub_IMP_THIDDIAXL003_Cas9_PhoX_DIA12_CV48_250ng_FAIMS_001 P1_NSDKLIAR P2_EQAENIIHLFTLTNLGAPAAFKYFDTTIDR 4 22,DIA12_CV48:20251228_A2_N1_Mueller_MS_TechHub_IMP_THIDDIAXL003_Cas9_PhoX_DIA12_CV48_250ng_FAIMS_001,194108,,,0,0,-0,0,5,0,0,Q99ZW2,,,false,Q99ZW2,Q99ZW2,,false,EQAENIIHLFTLTNLGAPAAFKYFDTTIDR,NSDKLIAR,1304,1115,30,8,22,4,1325,1118,5,,-1,19.180461,19.180461,100.710461,false,true,false,false,Self ,0.034826,0.039749,1.033631,,0.037234,0,0,0.039773,0,28,26,0,
Scan: 415618 Run: DIA12_CV48:20251228_A2_N1_Mueller_MS_TechHub_IMP_THIDDIAXL003_Cas9_PhoX_DIA12_CV48_250ng_FAIMS_001 P1_LQKVTVK P2_KIECFDSVEISGVEDR 3 1,DIA12_CV48:20251228_A2_N1_Mueller_MS_TechHub_IMP_THIDDIAXL003_Cas9_PhoX_DIA12_CV48_250ng_FAIMS_001,415618,,,0,0,-0,0,3,0,0,Q99ZW2,,,false,decoy:Q99ZW2,decoy:Q99ZW2,decoy,true,KIECFDSVEISGVEDR,LQKVTVK,571,559,16,7,1,3,571,561,3,,-1,19.175565,19.175565,100.698219,true,false,true,false,Self ,0.039801,0.043036,1.033631,,0.042553,0,1,0.045455,1,27,25,11,
Scan: 1007963 Run: DIA12_CV48:20251228_A2_N1_Mueller_MS_TechHub_IMP_THIDDIAXL003_Cas9_PhoX_DIA12_CV48_250ng_FAIMS_002 P1_LQKVTVKK P2_KIECFDSVEISGVEDR 3 1,DIA12_CV48:20251228_A2_N1_Mueller_MS_TechHub_IMP_THIDDIAXL003_Cas9_PhoX_DIA12_CV48_250ng_FAIMS_002,1007963,,,0,0,-0,0,3,0,0,Q99ZW2,,,false,decoy:Q99ZW2,decoy:Q99ZW2,decoy,true,KIECFDSVEISGVEDR,LQKVTVKK,571,558,16,8,1,3,571,560,3,,-1,19.162296,19.162296,100.665047,true,false,true,false,Self ,0.043269,0.040332,1.033631,,0.046154,0,1,0.049451,1,26,24,11,
Scan: 1464704 Run: DIA12_CV48:20251228_A2_N1_Mueller_MS_TechHub_IMP_THIDDIAXL003_Cas9_PhoX_DIA12_CV48_250ng_FAIMS_003 P1_NSDKLIAR P2_EIFFDQSKNGYAGYIDGGASQEEFYK 4 8,DIA12_CV48:20251228_A2_N1_Mueller_MS_TechHub_IMP_THIDDIAXL003_Cas9_PhoX_DIA12_CV48_250ng_FAIMS_003,1464704,,,0,0,-0,0,4,0,0,Q99ZW2,,,false,Q99ZW2,Q99ZW2,,false,EIFFDQSKNGYAGYIDGGASQEEFYK,NSDKLIAR,349,1115,26,8,8,4,356,1118,4,,-1,19.101611,19.101611,100.513336,false,true,false,false,Self ,0.043269,0.044777,1.034696,,0.046154,0,0,0.049451,0,25,23,0,
Scan: 761700 Run: DIA12_CV48:20251228_A2_N1_Mueller_MS_TechHub_IMP_THIDDIAXL003_Cas9_PhoX_DIA12_CV48_250ng_FAIMS_002 P1_SKLVSDFR P2_LKGSPEDNEQK 2 2,DIA12_CV48:20251228_A2_N1_Mueller_MS_TechHub_IMP_THIDDIAXL003_Cas9_PhoX_DIA12_CV48_250ng_FAIMS_002,761700,,,0,0,-0,0,3,0,0,Q99ZW2,,,false,Q99ZW2,Q99ZW2,,false,LKGSPEDNEQK,SKLVSDFR,1245,960,11,8,2,2,1246,961,3,,-1,19.074867,19.074867,100.446476,false,true,false,false,Self ,0.043269,0.045441,1.034696,,0.046154,0,0,0.049451,0,24,22,0,
Scan: 1555817 Run: DIA12_CV48:20251228_A2_N1_Mueller_MS_TechHub_IMP_THIDDIAXL003_Cas9_PhoX_DIA12_CV48_250ng_FAIMS_003 P1_VLPKHSLLYEYFTVYNELTK P2_SSFEKNPIDFLEAK 4 5,DIA12_CV48:20251228_A2_N1_Mueller_MS_TechHub_IMP_THIDDIAXL003_Cas9_PhoX_DIA12_CV48_250ng_FAIMS_003,1555817,,,0,0,-0,0,4,0,0,Q99ZW2,,,false,Q99ZW2,Q99ZW2,,false,SSFEKNPIDFLEAK,VLPKHSLLYEYFTVYNELTK,1172,507,14,20,5,4,1176,510,4,,-1,19.067804,19.067804,100.428818,false,true,false,false,Self ,0.043269,0.045617,1.034696,,0.046154,0,0,0.049451,0,23,21,0,
Scan: 937950 Run: DIA12_CV48:20251228_A2_N1_Mueller_MS_TechHub_IMP_THIDDIAXL003_Cas9_PhoX_DIA12_CV48_250ng_FAIMS_002 P1_SEETITPWNFEEVVDKGASAQSFIER P2_ESILPKR 16 6,DIA12_CV48:20251228_A2_N1_Mueller_MS_TechHub_IMP_THIDDIAXL003_Cas9_PhoX_DIA12_CV48_250ng_FAIMS_002,937950,,,0,0,-0,0,4,0,0,Q99ZW2,,,false,Q99ZW2,Q99ZW2,,false,ESILPKR,SEETITPWNFEEVVDKGASAQSFIER,1108,469,7,26,6,16,1113,484,4,,-1,19.06447,19.06447,100.420483,false,true,false,false,Self ,0.043269,0.0457,1.034696,,0.046154,0,0,0.049451,0,22,20,0,
Scan: 1145850 Run: DIA12_CV48:20251228_A2_N1_Mueller_MS_TechHub_IMP_THIDDIAXL003_Cas9_PhoX_DIA12_CV48_250ng_FAIMS_002 P1_KFDNLTKAER P2_GKSDNVPSEEVVK 1 2,DIA12_CV48:20251228_A2_N1_Mueller_MS_TechHub_IMP_THIDDIAXL003_Cas9_PhoX_DIA12_CV48_250ng_FAIMS_002,1145850,,,0,0,-0,0,3,0,0,Q99ZW2,,,false,Q99ZW2,Q99ZW2,,false,GKSDNVPSEEVVK,KFDNLTKAER,865,896,13,10,2,1,866,896,3,,-1,19.002777,19.002777,100.266251,false,true,false,false,Self ,0.043269,0.047232,1.034696,,0.046154,0,0,0.049451,0,21,19,0,
Scan: 443920 Run: DIA12_CV48:20251228_A2_N1_Mueller_MS_TechHub_IMP_THIDDIAXL003_Cas9_PhoX_DIA12_CV48_250ng_FAIMS_001 P1_YKEIFFDQSK P2_TILDFLKSDGFANR 2 7,DIA12_CV48:20251228_A2_N1_Mueller_MS_TechHub_IMP_THIDDIAXL003_Cas9_PhoX_DIA12_CV48_250ng_FAIMS_001,443920,,,0,0,-0,0,3,0,0,Q99ZW2,,,false,Q99ZW2,Q99ZW2,,false,TILDFLKSDGFANR,YKEIFFDQSK,678,347,14,10,7,2,684,348,3,,-1,18.983258,18.983258,100.217453,false,true,false,false,Self ,0.043269,0.047717,1.034696,,0.046154,0,0,0.049451,0,20,18,0,
Scan: 947254 Run: DIA12_CV48:20251228_A2_N1_Mueller_MS_TechHub_IMP_THIDDIAXL003_Cas9_PhoX_DIA12_CV48_250ng_FAIMS_002 P1_KSEETITPWNFEEVVDKGASAQSFIER P2_GILQTVKVVDELVK 17 7,DIA12_CV48:20251228_A2_N1_Mueller_MS_TechHub_IMP_THIDDIAXL003_Cas9_PhoX_DIA12_CV48_250ng_FAIMS_002,947254,,,0,0,-0,0,5,0,0,Q99ZW2,,,false,Q99ZW2,Q99ZW2,,false,GILQTVKVVDELVK,KSEETITPWNFEEVVDKGASAQSFIER,736,468,14,27,7,17,742,484,5,,-1,18.981871,18.981871,100.213985,false,true,false,false,Self ,0.043269,0.047752,1.034696,,0.046154,0,0,0,0,19,17,0,
Scan: 605786 Run: DIA12_CV48:20251228_A2_N1_Mueller_MS_TechHub_IMP_THIDDIAXL003_Cas9_PhoX_DIA12_CV48_250ng_FAIMS_002 P1_LESEFVYGDYKVYDVR P2_AIMKK 11 4,DIA12_CV48:20251228_A2_N1_Mueller_MS_TechHub_IMP_THIDDIAXL003_Cas9_PhoX_DIA12_CV48_250ng_FAIMS_002,605786,,,0,0,-0,0,3,0,0,decoy:Q99ZW2,decoy:,decoy,true,Q99ZW2,Q99ZW2,,false,AIMKK,LESEFVYGDYKVYDVR,1020,1004,5,16,4,11,1023,1014,3,,-1,18.968785,18.968785,100.181271,true,false,true,false,Self ,0.048077,0.048235,1.034696,,0.051282,1,0,0.054945,1,18,16,11,
Scan: 686389 Run: DIA12_CV48:20251228_A2_N1_Mueller_MS_TechHub_IMP_THIDDIAXL003_Cas9_PhoX_DIA12_CV48_250ng_FAIMS_002 P1_SEETITPWNFEEVVDKGASAQSFIER P2_AILKDSNR 16 4,DIA12_CV48:20251228_A2_N1_Mueller_MS_TechHub_IMP_THIDDIAXL003_Cas9_PhoX_DIA12_CV48_250ng_FAIMS_002,686389,,,0,0,-0,0,4,0,0,decoy:Q99ZW2,decoy:,decoy,true,Q99ZW2,Q99ZW2,,false,AILKDSNR,SEETITPWNFEEVVDKGASAQSFIER,1115,469,8,26,4,16,1118,484,4,,-1,18.943312,18.943312,100.117588,true,false,true,false,Self ,0.048889,0.048077,1.034696,,0.052381,1,0,0.056995,1,17,15,11,
Scan: 1329780 Run: DIA12_CV48:20251228_A2_N1_Mueller_MS_TechHub_IMP_THIDDIAXL003_Cas9_PhoX_DIA12_CV48_250ng_FAIMS_003 P1_LPKYSLFELENGR P2_KDLIIK 3 1,DIA12_CV48:20251228_A2_N1_Mueller_MS_TechHub_IMP_THIDDIAXL003_Cas9_PhoX_DIA12_CV48_250ng_FAIMS_003,1329780,,,0,0,-0,0,3,0,0,Q99ZW2,,,false,Q99ZW2,Q99ZW2,,false,KDLIIK,LPKYSLFELENGR,1192,1198,6,13,1,3,1192,1200,3,,-1,18.939876,18.939876,100.108997,false,true,false,false,Self ,0.048889,0.048889,1.034696,,0.052381,0,0,0.056995,0,16,14,0,
Scan: 412564 Run: DIA12_CV48:20251228_A2_N1_Mueller_MS_TechHub_IMP_THIDDIAXL003_Cas9_PhoX_DIA12_CV48_250ng_FAIMS_001 P1_YKEIFFDQSK P2_QLKEDYFK 2 3,DIA12_CV48:20251228_A2_N1_Mueller_MS_TechHub_IMP_THIDDIAXL003_Cas9_PhoX_DIA12_CV48_250ng_FAIMS_001,412564,,,0,0,-0,0,3,0,0,Q99ZW2,,,false,Q99ZW2,Q99ZW2,,false,QLKEDYFK,YKEIFFDQSK,563,347,8,10,3,2,565,348,3,,-1,18.934441,18.934441,100.095409,false,true,false,false,Self ,0.048889,0.048889,1.034696,,0.052381,0,0,0.056995,0,15,13,0,
Scan: 1216661 Run: DIA12_CV48:20251228_A2_N1_Mueller_MS_TechHub_IMP_THIDDIAXL003_Cas9_PhoX_DIA12_CV48_250ng_FAIMS_003 P1_KSEETITPWNFEEVVDK P2_KRPLIETNGETGEIVWDK 1 1,DIA12_CV48:20251228_A2_N1_Mueller_MS_TechHub_IMP_THIDDIAXL003_Cas9_PhoX_DIA12_CV48_250ng_FAIMS_003,1216661,,,0,0,-0,0,4,0,0,Q99ZW2,,,false,Q99ZW2,Q99ZW2,,false,KRPLIETNGETGEIVWDK,KSEETITPWNFEEVVDK,1059,468,18,17,1,1,1059,468,4,,-1,18.934238,18.934238,100.094902,false,true,false,false,Self ,0.048889,0.048889,1.034696,,0.052381,0,0,0.056995,0,14,12,0,
Scan: 1209831 Run: DIA12_CV48:20251228_A2_N1_Mueller_MS_TechHub_IMP_THIDDIAXL003_Cas9_PhoX_DIA12_CV48_250ng_FAIMS_003 P1_YKEIFFDQSK P2_SEQEIGKATAK 2 7,DIA12_CV48:20251228_A2_N1_Mueller_MS_TechHub_IMP_THIDDIAXL003_Cas9_PhoX_DIA12_CV48_250ng_FAIMS_003,1209831,,,0,0,-0,0,3,0,0,Q99ZW2,,,false,Q99ZW2,Q99ZW2,,false,SEQEIGKATAK,YKEIFFDQSK,1025,347,11,10,7,2,1031,348,3,,-1,18.909233,18.909233,100.032391,false,true,false,false,Self ,0.048889,0.048889,1.035052,,0.052381,0,0,0.056995,0,13,11,0,
Scan: 113548 Run: DIA12_CV48:20251228_A2_N1_Mueller_MS_TechHub_IMP_THIDDIAXL003_Cas9_PhoX_DIA12_CV48_250ng_FAIMS_001 P1_SSFEKNPIDFLEAK P2_KDLIIK 5 1,DIA12_CV48:20251228_A2_N1_Mueller_MS_TechHub_IMP_THIDDIAXL003_Cas9_PhoX_DIA12_CV48_250ng_FAIMS_001,113548,,,0,0,-0,0,4,0,0,Q99ZW2,,,false,Q99ZW2,Q99ZW2,,false,KDLIIK,SSFEKNPIDFLEAK,1192,1172,6,14,1,5,1192,1176,4,,-1,18.892744,18.892744,99.991169,false,true,false,false,Self ,0.048889,0.048889,1.035763,,0,0,0,0,0,12,215,0,
Scan: 1055916 Run: DIA12_CV48:20251228_A2_N1_Mueller_MS_TechHub_IMP_THIDDIAXL003_Cas9_PhoX_DIA12_CV48_250ng_FAIMS_002 P1_KLINGIR P2_EDIQKAQVSGQGDSLHEHIANLAGSPAIKK 1 5,DIA12_CV48:20251228_A2_N1_Mueller_MS_TechHub_IMP_THIDDIAXL003_Cas9_PhoX_DIA12_CV48_250ng_FAIMS_002,1055916,,,0,0,-0,0,5,0,0,Q99ZW2,,,false,Q99ZW2,Q99ZW2,,false,EDIQKAQVSGQGDSLHEHIANLAGSPAIKK,KLINGIR,706,665,30,7,5,1,710,665,5,,-1,18.843779,18.843779,99.868755,false,true,false,false,Self ,0.048889,0.048889,1.036846,,0.052381,0,0,0,0,11,10,0,
Scan: 739647 Run: DIA12_CV48:20251228_A2_N1_Mueller_MS_TechHub_IMP_THIDDIAXL003_Cas9_PhoX_DIA12_CV48_250ng_FAIMS_002 P1_TEVQTGGFSKESILPK P2_LPKYSLFELENGR 10 3,DIA12_CV48:20251228_A2_N1_Mueller_MS_TechHub_IMP_THIDDIAXL003_Cas9_PhoX_DIA12_CV48_250ng_FAIMS_002,739647,,,0,0,-0,0,4,0,0,Q99ZW2,,,false,Q99ZW2,Q99ZW2,,false,LPKYSLFELENGR,TEVQTGGFSKESILPK,1198,1098,13,16,3,10,1200,1107,4,,-1,18.836452,18.836452,99.850437,false,true,false,false,Self ,0.048889,0.048889,1.036846,,0.052381,0,0,0,0,10,9,0,
Scan: 840869 Run: DIA12_CV48:20251228_A2_N1_Mueller_MS_TechHub_IMP_THIDDIAXL003_Cas9_PhoX_DIA12_CV48_250ng_FAIMS_002 P1_VLPKHSLLYEYFTVYNELTK P2_FKVLGNTDR 4 2,DIA12_CV48:20251228_A2_N1_Mueller_MS_TechHub_IMP_THIDDIAXL003_Cas9_PhoX_DIA12_CV48_250ng_FAIMS_002,840869,,,0,0,-0,0,4,0,0,Q99ZW2,,,false,Q99ZW2,Q99ZW2,,false,FKVLGNTDR,VLPKHSLLYEYFTVYNELTK,32,507,9,20,2,4,33,510,4,,-1,18.7868,18.7868,99.726307,false,true,false,false,Self ,0.048889,0.048889,1.038634,,0.052381,0,0,0.056995,0,9,8,0,
Scan: 450545 Run: DIA12_CV48:20251228_A2_N1_Mueller_MS_TechHub_IMP_THIDDIAXL003_Cas9_PhoX_DIA12_CV48_250ng_FAIMS_001 P1_KTEVQTGGFSK P2_EDIQKAQVSGQGDSLHEHIANLAGSPAIK 1 5,DIA12_CV48:20251228_A2_N1_Mueller_MS_TechHub_IMP_THIDDIAXL003_Cas9_PhoX_DIA12_CV48_250ng_FAIMS_001,450545,,,0,0,-0,0,5,0,0,Q99ZW2,,,false,Q99ZW2,Q99ZW2,,false,EDIQKAQVSGQGDSLHEHIANLAGSPAIK,KTEVQTGGFSK,706,1097,29,11,5,1,710,1097,5,,-1,18.784802,18.784802,99.721313,false,true,false,false,Self ,0.048889,0.048889,1.038634,,0.052381,0,0,0.056995,0,8,7,0,
Scan: 97178 Run: DIA12_CV48:20251228_A2_N1_Mueller_MS_TechHub_IMP_THIDDIAXL003_Cas9_PhoX_DIA12_CV48_250ng_FAIMS_001 P1_KKDWDPK P2_ESILPKR 2 6,DIA12_CV48:20251228_A2_N1_Mueller_MS_TechHub_IMP_THIDDIAXL003_Cas9_PhoX_DIA12_CV48_250ng_FAIMS_001,97178,,,0,0,-0,0,3,0,0,Q99ZW2,,,false,Q99ZW2,Q99ZW2,,false,ESILPKR,KKDWDPK,1108,1123,7,7,6,2,1113,1124,3,,-1,18.744484,18.744484,99.620518,false,true,false,false,Self ,0.048889,0.048889,1.038289,,0.052381,0,0,0.056995,0,7,6,0,
Scan: 145426 Run: DIA12_CV48:20251228_A2_N1_Mueller_MS_TechHub_IMP_THIDDIAXL003_Cas9_PhoX_DIA12_CV48_250ng_FAIMS_001 P1_LPKYSLFELENGR P2_FKVLGNTDR 3 2,DIA12_CV48:20251228_A2_N1_Mueller_MS_TechHub_IMP_THIDDIAXL003_Cas9_PhoX_DIA12_CV48_250ng_FAIMS_001,145426,,,0,0,-0,0,3,0,0,Q99ZW2,,,false,Q99ZW2,Q99ZW2,,false,FKVLGNTDR,LPKYSLFELENGR,32,1198,9,13,2,3,33,1200,3,,-1,18.741234,18.741234,99.612392,false,true,false,false,Self ,0.048889,0.048889,1.038289,,0.052381,0,0,0.056995,0,6,5,0,
Scan: 1455761 Run: DIA12_CV48:20251228_A2_N1_Mueller_MS_TechHub_IMP_THIDDIAXL003_Cas9_PhoX_DIA12_CV48_250ng_FAIMS_003 P1_YKEIFFDQSK P2_SKLVSDFR 2 2,DIA12_CV48:20251228_A2_N1_Mueller_MS_TechHub_IMP_THIDDIAXL003_Cas9_PhoX_DIA12_CV48_250ng_FAIMS_003,1455761,,,0,0,-0,0,3,0,0,Q99ZW2,,,false,Q99ZW2,Q99ZW2,,false,SKLVSDFR,YKEIFFDQSK,960,347,8,10,2,2,961,348,3,,-1,18.73873,18.73873,99.606133,false,true,false,false,Self ,0.048889,0.048889,1.038647,,0.052381,0,0,0.056995,0,5,4,0,
Scan: 1683018 Run: DIA12_CV48:20251228_A2_N1_Mueller_MS_TechHub_IMP_THIDDIAXL003_Cas9_PhoX_DIA12_CV48_250ng_FAIMS_003 P1_TEVQTGGFSKESILPK P2_GILQTVKVVDELVK 10 7,DIA12_CV48:20251228_A2_N1_Mueller_MS_TechHub_IMP_THIDDIAXL003_Cas9_PhoX_DIA12_CV48_250ng_FAIMS_003,1683018,,,0,0,-0,0,4,0,0,Q99ZW2,,,false,Q99ZW2,Q99ZW2,,false,GILQTVKVVDELVK,TEVQTGGFSKESILPK,736,1098,14,16,7,10,742,1107,4,,-1,18.698117,18.698117,99.504601,false,true,false,false,Self ,0.048889,0.048889,1.039724,,0.052381,0,0,0,0,4,3,0,
Scan: 543511 Run: DIA12_CV48:20251228_A2_N1_Mueller_MS_TechHub_IMP_THIDDIAXL003_Cas9_PhoX_DIA12_CV48_250ng_FAIMS_001 P1_SDKNR P2_GKSDNVPSEEVVK 3 2,DIA12_CV48:20251228_A2_N1_Mueller_MS_TechHub_IMP_THIDDIAXL003_Cas9_PhoX_DIA12_CV48_250ng_FAIMS_001,543511,,,0,0,-0,0,3,0,0,Q99ZW2,,,false,Q99ZW2,Q99ZW2,,false,GKSDNVPSEEVVK,SDKNR,865,860,13,5,2,3,866,862,3,,-1,18.693767,18.693767,99.493725,false,true,false,false,Self ,0.048889,0.048889,1.040083,,0,0,0,0,0,3,86,0,
Scan: 709353 Run: DIA12_CV48:20251228_A2_N1_Mueller_MS_TechHub_IMP_THIDDIAXL003_Cas9_PhoX_DIA12_CV48_250ng_FAIMS_002 P1_SSFEKNPIDFLEAK P2_KKDWDPK 5 2,DIA12_CV48:20251228_A2_N1_Mueller_MS_TechHub_IMP_THIDDIAXL003_Cas9_PhoX_DIA12_CV48_250ng_FAIMS_002,709353,,,0,0,-0,0,3,0,0,Q99ZW2,,,false,Q99ZW2,Q99ZW2,,false,KKDWDPK,SSFEKNPIDFLEAK,1123,1172,7,14,2,5,1124,1176,3,,-1,18.657361,18.657361,99.40271,false,true,false,false,Self ,0.048889,0.048889,1.041162,,0.052381,0,0,0,0,2,2,0,
Scan: 361683 Run: DIA12_CV48:20251228_A2_N1_Mueller_MS_TechHub_IMP_THIDDIAXL003_Cas9_PhoX_DIA12_CV48_250ng_FAIMS_001 P1_VLPKHSLLYEYFTVYNELTK P2_KDLIIK 4 1,DIA12_CV48:20251228_A2_N1_Mueller_MS_TechHub_IMP_THIDDIAXL003_Cas9_PhoX_DIA12_CV48_250ng_FAIMS_001,361683,,,0,0,-0,0,4,0,0,Q99ZW2,,,false,Q99ZW2,Q99ZW2,,false,KDLIIK,VLPKHSLLYEYFTVYNELTK,1192,507,6,20,1,4,1192,510,4,,-1,18.563556,18.563556,99.168198,false,true,false,false,Self ,0.048889,0.048889,1.042605,,0.052381,0,0,0.056995,0,1,1,0,
Scan: 311060 Run: DIA12_CV48:20251228_A2_N1_Mueller_MS_TechHub_IMP_THIDDIAXL003_Cas9_PhoX_DIA12_CV48_250ng_FAIMS_001 P1_KSEETITPWNFEEVVDK P2_DKQSGK 1 2,DIA12_CV48:20251228_A2_N1_Mueller_MS_TechHub_IMP_THIDDIAXL003_Cas9_PhoX_DIA12_CV48_250ng_FAIMS_001,311060,,,0,0,-0,0,3,0,0,Q99ZW2,,,false,Q99ZW2,Q99ZW2,,false,DKQSGK,KSEETITPWNFEEVVDK,672,468,6,17,2,1,673,468,3,,-1,18.536078,18.536078,99.099503,false,true,false,false,Self ,0.048889,0.048889,1.043328,,0.052381,0,0,0.056995,0,0,0,0,
